rms_voltage,peak_voltage,crest_factor,thd,duration,dominant_freq,system_freq,snr,label
0.7105,1.516,2.134,0.99,5.0,50,50.021,36.34,Transient
0.6902,0.9804,1.42,0.033,0.0,50,50.018,51.72,Normal
0.6444,1.0095,1.566,3.148,36.4,50,50.046,43.99,Sag
0.7083,1.059,1.495,5.706,0.0,50,50.005,52.6,Harmonics
0.7088,1.1992,1.692,1.025,5.0,50,49.998,51.05,Transient
0.713,2.1007,2.946,0.408,5.0,50,50.038,41.82,Transient
0.7115,1.0217,1.436,0.163,0.0,50,49.988,39.72,Normal
0.7024,0.9965,1.419,0.033,0.0,50,49.987,52.43,Normal
0.7187,1.0292,1.432,0.09,0.0,50,50.009,43.33,Normal
0.7128,1.0592,1.486,0.155,0.0,50,49.979,38.87,Flicker
0.7095,1.1342,1.599,8.765,0.0,50,50.02,36.46,Harmonics
0.6498,1.0073,1.55,1.586,40.1,50,50.024,42.96,Sag
0.6263,1.0034,1.602,0.141,155.7,50,50.004,49.61,Sag
0.7077,1.3825,1.953,0.218,5.0,50,50.005,45.03,Transient
0.4402,1.0031,2.279,5.759,128.3,50,49.997,49.54,Sag
0.6614,1.0018,1.515,0.589,96.9,50,49.989,53.42,Sag
0.7065,1.0279,1.455,0.225,0.0,50,50.037,36.26,Normal
0.7082,1.0777,1.522,0.178,0.0,50,49.99,39.28,Flicker
0.7079,1.0033,1.417,0.834,0.0,50,50.031,54.13,Notch
0.8478,1.8184,2.145,1.533,39.1,50,49.999,35.11,Swell
0.708,1.0098,1.426,1.873,0.0,50,49.978,44.73,Notch
0.7173,1.0222,1.425,0.052,0.0,50,49.984,46.98,Normal
0.8213,1.7462,2.126,3.151,35.9,50,49.972,37.85,Swell
0.7093,1.0649,1.502,0.029,0.0,50,50.042,54.35,Flicker
0.7086,1.0051,1.418,0.033,0.0,50,50.001,52.63,Normal
0.6531,1.0049,1.539,3.591,28.3,50,49.979,48.13,Interruption
0.6043,1.0164,1.682,0.909,114.5,50,49.993,36.78,Sag
0.7094,1.0057,1.418,0.036,0.0,50,50.019,53.01,Normal
0.7945,1.6595,2.089,3.307,30.3,50,50.028,45.54,Swell
0.5955,1.0091,1.695,1.959,82.4,50,49.988,45.78,Sag
0.7091,1.035,1.46,0.041,0.0,50,50.019,49.93,Flicker
0.7014,1.0331,1.473,0.239,0.0,50,50.024,35.7,Normal
0.8959,1.6648,1.858,1.675,73.2,50,49.993,35.81,Swell
0.7088,1.0043,1.417,1.854,0.0,50,49.983,52.06,Notch
0.7039,0.9999,1.421,0.055,0.0,50,50.001,49.86,Normal
0.7007,0.9996,1.427,0.062,0.0,50,50.009,47.23,Normal
0.709,1.0133,1.429,0.09,0.0,50,49.983,44.15,Normal
0.7356,1.2428,1.69,1.113,30.2,50,49.97,52.63,Swell
0.7763,1.2105,1.559,0.88,99.8,50,49.977,36.36,Swell
0.7081,1.031,1.456,0.169,0.0,50,50.01,37.6,Normal
0.7083,1.0282,1.452,0.115,0.0,50,50.006,42.68,Flicker
0.7027,1.0115,1.44,0.168,0.0,50,49.98,38.04,Normal
0.7128,1.0105,1.418,0.022,0.0,50,49.996,54.52,Normal
0.7138,1.0115,1.417,0.03,0.0,50,49.98,54.83,Normal
0.6435,1.0037,1.56,2.663,33.8,50,49.98,49.43,Sag
1.1262,1.7498,1.554,0.631,151.4,50,50.014,44.46,Swell
0.7128,1.0201,1.431,0.09,0.0,50,50.03,44.51,Normal
0.7074,1.0244,1.448,0.123,0.0,50,50.016,41.28,Flicker
0.6225,1.0039,1.613,6.615,46.1,50,49.998,50.57,Sag
0.5302,1.0123,1.909,0.789,155.7,50,49.99,40.39,Sag
0.7041,1.0155,1.442,0.147,0.0,50,50.001,41.25,Normal
0.7101,1.1117,1.565,9.389,0.0,50,50.018,51.47,Harmonics
0.7182,1.0195,1.42,0.035,0.0,50,50.008,53.63,Normal
0.8976,1.701,1.895,2.337,64.5,50,49.995,40.7,Swell
0.5542,1.0029,1.81,1.812,98.4,50,49.999,50.81,Sag
0.7026,1.0018,1.426,0.094,0.0,50,49.991,44.07,Normal
0.7084,1.0578,1.493,0.037,0.0,50,49.995,52.84,Flicker
0.7076,1.5158,2.142,0.396,5.0,50,50.029,47.45,Transient
0.592,1.0018,1.692,4.327,59.3,50,49.99,54.35,Interruption
0.7089,1.7099,2.412,0.792,5.0,50,49.976,35.71,Transient
0.8631,1.7412,2.017,1.776,47.4,50,49.998,52.86,Swell
0.7138,1.0175,1.426,0.052,0.0,50,50.021,44.92,Normal
0.7096,1.0492,1.479,8.816,0.0,50,50.033,46.75,Harmonics
1.1234,1.7585,1.565,0.935,150.8,50,49.964,42.51,Swell
0.4987,1.0058,2.017,2.435,100.0,50,49.994,51.18,Interruption
0.7863,1.2761,1.623,1.019,73.6,50,50.01,54.97,Swell
0.6995,1.0059,1.438,0.152,0.0,50,50.04,40.07,Normal
0.709,1.1911,1.68,2.766,5.0,50,50.013,52.36,Transient
0.7082,1.0568,1.492,5.362,0.0,50,49.992,48.1,Harmonics
0.4877,1.0066,2.064,1.266,135.6,50,49.962,39.57,Sag
0.8833,1.6836,1.906,2.038,63.4,50,49.973,47.96,Swell
0.6433,1.0041,1.561,0.665,125.9,50,50.01,49.79,Sag
0.6121,1.0033,1.639,2.019,83.4,50,49.975,51.56,Sag
0.7077,1.0245,1.448,0.03,0.0,50,50.007,53.39,Flicker
0.709,1.5353,2.166,0.352,5.0,50,49.954,47.78,Transient
0.7094,1.0322,1.455,0.142,0.0,50,49.971,39.08,Flicker
0.7087,1.0277,1.45,2.33,5.0,50,49.992,37.01,Transient
0.7339,1.2372,1.686,0.587,30.6,50,50.011,43.68,Swell
0.7011,0.9998,1.426,0.086,0.0,50,49.97,44.97,Normal
0.7134,1.0258,1.438,0.136,0.0,50,50.035,39.35,Normal
0.7059,1.0017,1.419,0.037,0.0,50,50.028,51.85,Normal
0.9377,1.789,1.908,2.207,71.2,50,49.991,38.73,Swell
0.7098,1.015,1.43,0.141,0.0,50,50.023,42.14,Normal
0.6958,0.9865,1.418,0.033,0.0,50,49.967,53.07,Normal
0.7339,1.0586,1.443,0.039,0.0,50,49.959,51.67,Flicker
0.7067,1.0241,1.449,0.167,0.0,50,50.003,36.2,Normal
0.7829,1.1929,1.524,0.674,108.6,50,49.958,54.33,Swell
0.7107,1.0106,1.422,0.059,0.0,50,50.004,47.8,Normal
0.7116,1.0213,1.435,0.131,0.0,50,50.019,41.75,Normal
0.7081,1.2376,1.748,2.133,5.0,50,50.0,53.89,Transient
0.7147,1.0194,1.426,0.083,0.0,50,50.015,43.95,Normal
0.7095,1.1164,1.573,8.461,0.0,50,50.017,51.12,Harmonics
0.7051,1.0095,1.432,0.131,0.0,50,50.018,42.07,Normal
0.7095,1.0082,1.421,5.361,0.0,50,49.971,44.07,Notch
0.5791,1.0028,1.732,5.067,65.7,50,50.011,51.33,Interruption
0.2737,1.0014,3.659,8.282,170.2,50,49.99,41.22,Interruption
1.0103,1.7635,1.745,1.821,104.3,50,50.002,38.84,Swell
0.7746,1.5277,1.972,2.822,30.4,50,49.99,45.44,Swell
0.5939,1.0205,1.718,5.535,58.6,50,49.982,35.21,Interruption
0.7084,1.0041,1.417,1.248,0.0,50,49.997,51.42,Notch
0.412,1.0022,2.433,5.35,137.1,50,50.011,50.43,Sag
0.7007,1.0069,1.437,0.149,0.0,50,50.007,39.64,Normal
0.7083,1.03,1.454,0.082,0.0,50,50.003,42.85,Flicker
0.7855,1.1483,1.462,0.261,151.6,50,49.955,49.7,Swell
0.7068,1.196,1.692,1.109,5.0,50,50.025,35.56,Transient
0.7579,1.3527,1.785,0.933,37.6,50,50.014,54.96,Swell
0.7106,1.9458,2.738,0.628,5.0,50,50.028,40.77,Transient
0.705,1.0048,1.425,0.062,0.0,50,50.023,47.17,Normal
0.7232,1.0481,1.449,0.15,0.0,50,50.027,39.84,Normal
0.7093,1.2245,1.726,0.765,5.0,50,49.993,54.91,Transient
0.9687,1.7203,1.776,1.367,92.1,50,50.011,53.57,Swell
0.7095,1.0514,1.482,0.073,0.0,50,50.011,47.7,Flicker
0.7683,1.3413,1.746,1.039,45.1,50,49.982,54.76,Swell
0.7083,1.0289,1.453,0.205,0.0,50,49.99,35.25,Normal
0.7112,1.0385,1.46,0.176,0.0,50,50.019,36.15,Normal
0.7103,1.0365,1.459,0.237,0.0,50,49.997,35.87,Normal
0.9144,1.6653,1.821,1.638,76.0,50,50.057,41.23,Swell
0.7284,1.1879,1.631,0.745,31.1,50,49.953,45.18,Swell
0.704,1.0037,1.426,0.079,0.0,50,49.997,44.73,Normal
0.7027,0.9982,1.42,0.058,0.0,50,49.995,48.35,Normal
0.8047,1.7191,2.136,3.865,31.0,50,50.023,36.31,Swell
0.7165,1.0363,1.446,0.188,0.0,50,50.004,37.67,Normal
0.7077,1.015,1.434,0.608,5.0,50,50.036,39.09,Transient
0.7098,1.054,1.485,8.775,0.0,50,50.01,38.78,Harmonics
0.7064,1.0049,1.422,0.058,0.0,50,50.001,47.65,Normal
0.7198,1.0365,1.44,0.147,0.0,50,49.994,39.44,Normal
0.7108,1.0164,1.43,0.094,0.0,50,50.008,43.64,Normal
0.7108,1.0087,1.419,0.041,0.0,50,50.023,51.05,Normal
0.7058,1.0043,1.423,0.057,0.0,50,49.985,49.68,Normal
0.6661,1.0162,1.526,4.621,25.3,50,49.994,38.71,Sag
0.7143,2.6853,3.759,1.024,5.0,50,50.019,35.14,Transient
0.7075,1.1489,1.624,0.228,5.0,50,49.976,48.15,Transient
0.792,1.8043,2.278,2.292,23.4,50,49.993,36.72,Swell
0.7031,0.9987,1.42,0.035,0.0,50,50.023,50.75,Normal
0.7023,0.9984,1.422,0.063,0.0,50,49.998,48.25,Normal
0.7087,1.0051,1.418,0.036,0.0,50,49.998,53.0,Normal
0.7075,1.0025,1.417,0.326,0.0,50,50.029,53.14,Notch
0.7147,1.013,1.417,0.029,0.0,50,49.982,53.87,Normal
0.7047,1.0032,1.424,0.075,0.0,50,49.995,47.09,Normal
0.7139,1.0227,1.432,0.066,0.0,50,49.995,44.13,Normal
0.7091,1.105,1.558,7.486,0.0,50,49.995,48.26,Harmonics
0.6477,1.0194,1.574,3.409,36.4,50,49.99,38.5,Sag
0.7088,1.0097,1.424,0.039,0.0,50,50.029,49.97,Normal
0.7163,1.0217,1.426,0.064,0.0,50,49.993,46.05,Normal
0.7085,1.3649,1.926,1.113,5.0,50,49.988,47.7,Transient
0.7079,1.0039,1.418,0.043,0.0,50,49.989,51.45,Normal
0.6883,1.0089,1.466,1.06,26.5,50,49.982,44.16,Sag
0.5155,1.0025,1.945,4.259,104.9,50,50.008,50.93,Sag
0.7097,1.0099,1.423,0.058,0.0,50,49.976,48.57,Normal
0.9088,1.6882,1.858,2.327,71.2,50,49.995,48.33,Swell
0.7075,1.3234,1.87,0.392,5.0,50,49.979,47.53,Transient
0.7085,1.0247,1.446,0.213,0.0,50,49.995,38.49,Normal
0.6028,1.0131,1.681,1.573,80.8,50,49.988,39.27,Sag
1.0108,1.7173,1.699,1.659,108.5,50,49.993,52.12,Swell
0.6977,0.9982,1.431,0.095,0.0,50,50.019,42.0,Normal
0.714,1.006,1.409,9.312,0.0,50,50.023,52.84,Notch
0.7117,1.0089,1.418,0.025,0.0,50,49.996,54.94,Normal
0.7081,1.0291,1.453,0.261,0.0,50,50.037,36.0,Normal
0.7094,1.1162,1.573,7.923,0.0,50,49.986,48.33,Harmonics
0.7103,1.0993,1.548,9.459,0.0,50,49.997,50.43,Harmonics
0.7126,1.01,1.417,0.033,0.0,50,50.013,53.35,Normal
0.7239,1.132,1.564,0.506,34.9,50,50.009,45.83,Swell
0.6982,0.9914,1.42,0.041,0.0,50,50.001,50.92,Normal
0.7077,1.0041,1.419,1.597,0.0,50,50.006,48.44,Notch
0.7082,1.0447,1.475,0.254,0.0,50,49.944,36.22,Normal
0.7101,0.9912,1.396,9.147,0.0,50,49.987,46.11,Harmonics
0.3588,1.0128,2.823,13.027,147.0,50,50.019,35.7,Interruption
0.8275,1.4073,1.701,0.837,76.0,50,50.018,44.86,Swell
0.7095,1.0036,1.414,8.068,0.0,50,49.985,50.24,Harmonics
0.6071,1.0021,1.651,2.834,64.8,50,49.999,54.93,Sag
0.6885,0.9928,1.442,0.134,0.0,50,49.999,38.79,Normal
0.7045,1.0072,1.43,0.067,0.0,50,50.04,45.19,Normal
0.7162,1.0546,1.472,0.191,0.0,50,49.992,35.1,Normal
0.9237,1.4449,1.564,0.881,132.1,50,49.991,44.74,Swell
0.4325,1.0079,2.33,8.835,126.4,50,49.971,38.0,Interruption
0.7099,1.6135,2.273,1.063,5.0,50,49.977,35.3,Transient
0.7076,1.0089,1.426,2.283,0.0,50,50.01,44.95,Notch
0.4307,1.0053,2.334,8.037,124.4,50,49.994,45.41,Interruption
0.6062,1.0056,1.659,3.481,62.3,50,49.975,50.38,Sag
0.372,1.0009,2.691,16.355,146.6,50,49.994,51.73,Interruption
0.5526,1.0178,1.842,1.152,133.7,50,49.99,37.11,Sag
0.7057,1.0124,1.435,0.126,0.0,50,50.024,41.11,Normal
0.7014,1.0049,1.433,0.138,0.0,50,49.976,41.04,Normal
0.7087,1.0105,1.426,0.085,0.0,50,50.04,45.73,Normal
0.6711,1.0027,1.494,1.178,47.7,50,50.002,53.1,Sag
0.7547,1.2186,1.615,0.62,59.6,50,49.987,43.89,Swell
0.7077,1.0369,1.465,1.18,5.0,50,50.006,41.2,Transient
0.7057,1.0284,1.457,0.272,0.0,50,50.01,35.21,Normal
0.7113,1.0347,1.455,10.652,0.0,50,49.982,47.39,Harmonics
0.7177,1.0204,1.422,0.063,0.0,50,49.985,48.96,Normal
0.7864,1.3653,1.736,1.06,57.3,50,50.007,36.26,Swell
0.7196,1.04,1.445,0.155,0.0,50,49.995,39.08,Normal
0.5556,1.0085,1.815,1.691,115.0,50,49.993,40.69,Sag
0.7094,1.0605,1.495,8.204,0.0,50,50.013,38.8,Harmonics
1.0443,1.7146,1.642,0.753,129.6,50,50.031,37.57,Swell
0.6585,1.0119,1.537,4.033,31.1,50,50.008,42.0,Sag
0.701,1.019,1.454,0.298,0.0,50,50.037,35.17,Normal
0.6193,1.0235,1.653,2.351,58.5,50,50.006,36.16,Sag
0.7079,1.0325,1.459,0.025,0.0,50,49.995,54.99,Flicker
0.8562,1.3603,1.589,0.784,114.1,50,49.997,38.47,Swell
0.6317,1.0059,1.592,0.463,100.4,50,50.009,47.31,Sag
0.7103,1.0158,1.43,0.088,0.0,50,49.984,44.38,Normal
0.7074,1.3521,1.911,0.496,5.0,50,50.015,47.96,Transient
0.7161,1.0342,1.444,0.104,0.0,50,49.988,40.77,Normal
0.7118,1.0207,1.434,0.13,0.0,50,50.005,42.11,Flicker
0.7082,1.0248,1.447,4.738,0.0,50,49.96,38.36,Harmonics
0.7119,1.45,2.037,1.849,5.0,50,49.998,53.48,Transient
0.7103,1.0113,1.424,0.051,0.0,50,49.987,48.78,Normal
0.7093,2.2433,3.163,0.632,5.0,50,50.021,45.02,Transient
0.7088,1.0426,1.471,6.636,0.0,50,50.006,36.58,Harmonics
0.7088,1.0045,1.417,1.861,0.0,50,49.988,51.12,Notch
0.7132,1.0137,1.421,0.047,0.0,50,50.024,49.76,Normal
0.7079,1.0577,1.494,5.097,0.0,50,50.023,43.49,Harmonics
0.7137,2.4352,3.412,2.588,5.0,50,49.999,39.51,Transient
0.7854,1.5951,2.031,2.24,31.4,50,50.018,51.45,Swell
0.7141,1.0343,1.448,0.17,0.0,50,50.003,37.6,Normal
0.8292,1.7732,2.138,3.371,37.5,50,50.013,46.57,Swell
0.7023,1.0016,1.426,0.084,0.0,50,50.02,45.99,Normal
0.6711,1.027,1.53,0.425,31.4,50,49.982,37.17,Sag
0.7107,1.0159,1.43,0.079,0.0,50,50.035,45.25,Flicker
0.7096,2.2764,3.208,0.639,5.0,50,50.023,51.85,Transient
0.6818,1.015,1.489,0.489,62.1,50,49.972,41.16,Sag
0.7261,1.1309,1.557,0.109,40.2,50,49.983,49.76,Swell
0.7077,1.0235,1.446,0.06,0.0,50,50.011,46.84,Flicker
0.6388,1.0247,1.604,0.26,134.7,50,49.986,39.45,Sag
0.7359,1.0834,1.472,0.175,0.0,50,49.993,37.16,Flicker
0.7023,1.0031,1.428,0.097,0.0,50,50.021,43.28,Normal
0.7108,1.077,1.515,10.049,0.0,50,49.975,51.9,Harmonics
0.6049,1.0057,1.663,1.35,105.7,50,49.992,46.37,Sag
0.7085,1.1031,1.557,6.213,0.0,50,49.994,46.86,Harmonics
0.7145,1.0615,1.486,0.06,0.0,50,50.005,49.27,Flicker
0.6967,0.9896,1.42,0.032,0.0,50,50.041,51.41,Normal
0.2909,1.0008,3.44,9.279,164.1,50,49.994,47.95,Interruption
0.7084,1.0087,1.424,0.079,0.0,50,50.017,47.16,Normal
0.709,1.0616,1.497,7.665,0.0,50,50.015,35.57,Harmonics
0.7001,0.9979,1.425,0.06,0.0,50,50.009,46.77,Normal
0.7111,1.0237,1.44,0.036,0.0,50,50.026,53.89,Flicker
0.718,1.0194,1.42,0.061,0.0,50,49.93,48.25,Normal
0.7112,1.0128,1.424,0.063,0.0,50,49.969,45.0,Normal
0.53,1.0169,1.919,4.481,101.1,50,49.986,36.06,Sag
0.706,1.1776,1.668,4.283,5.0,50,49.996,43.07,Transient
0.7161,1.0711,1.496,0.068,0.0,50,49.998,44.78,Flicker
0.2754,1.0038,3.645,22.295,169.2,50,49.999,39.6,Interruption
0.7549,1.2596,1.668,0.742,45.1,50,49.968,48.3,Swell
0.7048,1.0007,1.42,0.037,0.0,50,49.977,53.02,Normal
0.7081,1.003,1.416,3.476,0.0,50,50.009,52.23,Notch
0.8343,1.2405,1.487,0.14,158.9,50,49.982,39.74,Swell
0.5437,1.0035,1.846,1.155,125.9,50,50.005,51.86,Sag
0.7878,1.2487,1.585,0.62,89.5,50,49.981,44.15,Swell
0.6127,1.0032,1.638,7.299,48.9,50,49.995,49.92,Interruption
0.6588,1.0075,1.529,2.601,34.9,50,50.006,44.53,Sag
0.7097,1.7086,2.407,0.744,5.0,50,50.002,37.69,Transient
0.7041,1.0238,1.454,0.224,0.0,50,49.991,36.3,Normal
0.244,1.0039,4.115,7.115,173.9,50,49.973,41.98,Interruption
0.7101,1.0355,1.458,0.076,0.0,50,49.978,44.34,Flicker
0.7095,1.6392,2.31,1.158,5.0,50,50.011,45.97,Transient
0.7087,1.0203,1.44,7.676,0.0,50,50.052,42.05,Harmonics
0.7176,2.5096,3.497,4.604,5.0,50,50.035,38.15,Transient
0.7188,1.0254,1.427,0.073,0.0,50,50.048,45.42,Normal
0.7083,1.0057,1.42,0.028,0.0,50,50.0,54.09,Normal
0.7894,1.55,1.964,2.762,33.7,50,49.984,51.39,Swell
0.4604,1.0031,2.179,16.54,116.8,50,49.99,51.51,Interruption
0.7055,1.0027,1.421,0.039,0.0,50,49.988,51.27,Normal
0.7071,1.0252,1.45,0.077,0.0,50,50.036,45.81,Flicker
0.7088,1.0131,1.429,6.733,0.0,50,50.006,38.13,Harmonics
0.6031,1.0114,1.677,5.775,54.8,50,50.027,39.99,Sag
0.6612,1.0079,1.524,0.329,109.3,50,50.009,43.98,Sag
0.7087,1.1103,1.567,7.094,0.0,50,50.022,47.71,Harmonics
0.7074,1.4369,2.031,0.502,5.0,50,49.971,37.2,Transient
0.7127,1.0124,1.421,0.047,0.0,50,49.998,50.63,Normal
0.7026,1.0099,1.437,0.187,0.0,50,49.99,38.77,Normal
0.6973,1.0035,1.439,0.574,22.1,50,50.014,48.93,Sag
0.7015,1.029,1.467,0.179,0.0,50,50.006,37.12,Normal
1.0502,1.6352,1.557,0.788,144.0,50,49.993,51.83,Swell
0.7151,2.63,3.678,1.734,5.0,50,50.008,51.0,Transient
0.7062,1.0062,1.425,0.1,0.0,50,49.994,45.0,Normal
0.7161,1.0152,1.418,0.021,0.0,50,49.985,55.0,Normal
0.7105,1.0122,1.425,3.546,0.0,50,49.98,40.71,Notch
0.7069,1.01,1.429,0.094,0.0,50,50.014,42.72,Normal
0.8787,1.3814,1.572,0.53,125.1,50,50.005,47.39,Swell
0.5379,1.0034,1.865,9.329,82.5,50,49.983,51.24,Sag
0.6586,1.0025,1.522,1.04,70.9,50,50.025,51.15,Sag
0.7565,1.5446,2.042,1.123,22.0,50,49.979,49.34,Swell
0.716,1.0175,1.421,0.056,0.0,50,50.007,48.8,Normal
0.6457,1.012,1.567,1.683,39.4,50,49.936,41.97,Sag
0.4838,1.0042,2.076,2.137,119.0,50,50.041,48.35,Sag
0.7124,1.0095,1.417,0.02,0.0,50,49.979,54.21,Normal
0.7158,1.0198,1.425,0.053,0.0,50,49.98,46.81,Normal
0.8741,1.3557,1.551,0.516,141.3,50,49.98,37.59,Swell
0.7202,1.0278,1.427,0.081,0.0,50,50.012,45.54,Normal
0.4446,1.0015,2.252,7.764,127.7,50,50.02,54.6,Sag
0.7096,1.6279,2.294,0.436,5.0,50,50.022,45.1,Transient
0.6017,1.0061,1.672,1.985,60.2,50,50.005,47.68,Sag
0.4433,1.0008,2.258,1.165,150.4,50,49.982,53.48,Sag
0.7104,1.0541,1.484,0.043,0.0,50,49.973,51.7,Flicker
0.7581,1.2971,1.711,0.644,47.0,50,49.994,50.1,Swell
0.7096,1.0186,1.435,8.293,0.0,50,49.996,47.94,Harmonics
0.707,1.0331,1.461,0.402,5.0,50,50.027,35.89,Transient
0.6963,0.9926,1.426,0.097,0.0,50,49.99,44.48,Normal
0.7095,1.0354,1.459,0.197,0.0,50,49.996,36.36,Normal
0.608,1.004,1.651,0.26,136.7,50,49.998,47.29,Sag
0.6471,1.0108,1.562,6.736,34.6,50,49.982,41.9,Sag
0.7097,1.0308,1.452,0.265,0.0,50,50.003,35.0,Normal
0.7082,1.1412,1.611,0.155,5.0,50,49.986,47.54,Transient
0.6997,1.0163,1.453,0.198,0.0,50,50.027,37.54,Normal
0.5616,1.0021,1.784,0.187,143.3,50,49.993,53.62,Sag
0.6183,1.0151,1.642,5.589,47.6,50,50.018,40.77,Interruption
0.7856,1.3143,1.673,0.872,68.7,50,50.001,38.29,Swell
0.6512,1.0285,1.579,5.321,36.1,50,50.004,37.39,Sag
0.7065,1.4109,1.997,4.245,5.0,50,49.984,42.25,Transient
0.4938,1.0104,2.046,10.11,100.8,50,49.984,38.43,Interruption
0.7077,1.622,2.292,0.978,5.0,50,49.975,41.06,Transient
0.6959,0.9965,1.432,0.132,0.0,50,50.028,40.97,Normal
0.6616,1.0116,1.529,0.964,23.7,50,49.972,41.88,Interruption
0.7025,1.0085,1.435,0.174,0.0,50,50.028,40.9,Normal
0.6157,1.019,1.655,11.294,48.8,50,49.999,37.17,Interruption
0.7021,1.0026,1.428,0.071,0.0,50,50.021,45.57,Normal
0.7081,1.0362,1.463,5.541,0.0,50,50.026,44.63,Harmonics
0.5961,1.0142,1.701,2.126,91.8,50,50.01,38.59,Sag
0.9933,1.5386,1.549,0.726,142.5,50,49.991,54.23,Swell
0.7098,0.9956,1.403,8.987,0.0,50,50.021,42.91,Harmonics
0.7079,1.0127,1.43,0.076,0.0,50,50.017,45.52,Normal
0.7105,1.0133,1.426,0.108,0.0,50,49.985,43.39,Normal
0.7071,1.0162,1.437,0.044,0.0,50,50.014,49.41,Flicker
0.7119,1.1443,1.607,11.68,0.0,50,50.008,54.22,Harmonics
0.5992,1.0134,1.691,2.457,64.8,50,49.994,42.98,Sag
0.7964,1.1758,1.476,0.186,150.5,50,50.007,45.64,Swell
1.0295,1.6017,1.556,0.562,151.1,50,49.989,38.21,Swell
0.7096,1.0298,1.451,0.215,0.0,50,49.985,35.79,Normal
0.3436,1.0048,2.924,5.516,156.0,50,50.015,40.23,Sag
0.7066,1.0125,1.433,0.843,5.0,50,50.024,42.39,Transient
0.7007,0.9942,1.419,0.031,0.0,50,50.035,53.86,Normal
0.708,1.0052,1.42,0.654,0.0,50,49.981,49.6,Notch
0.6476,1.0189,1.573,7.264,34.0,50,50.01,39.63,Interruption
0.7061,1.0047,1.423,0.054,0.0,50,50.004,48.72,Normal
0.7097,2.0585,2.9,1.03,5.0,50,49.977,43.74,Transient
0.5956,1.0248,1.721,1.375,78.2,50,50.015,37.55,Sag
0.7077,1.0521,1.487,4.261,0.0,50,49.99,44.95,Harmonics
0.7087,1.0352,1.461,0.095,0.0,50,50.029,43.86,Flicker
0.708,1.0083,1.424,0.058,0.0,50,49.977,46.65,Normal
0.381,1.0034,2.634,7.79,143.7,50,50.009,38.96,Sag
0.6126,1.0157,1.658,1.15,84.4,50,50.015,39.69,Sag
0.7135,1.0189,1.428,0.085,0.0,50,50.012,43.47,Normal
0.5953,1.0123,1.701,2.656,55.8,50,49.976,42.14,Interruption
0.7076,1.2497,1.766,0.125,5.0,50,50.029,49.71,Transient
0.3894,1.0036,2.577,8.0,138.4,50,50.024,45.27,Interruption
0.395,1.0041,2.542,7.609,143.3,50,49.993,45.25,Sag
0.716,1.0221,1.428,0.072,0.0,50,50.018,45.62,Normal
0.7132,2.0154,2.826,3.744,5.0,50,49.994,43.64,Transient
0.706,1.0004,1.417,0.03,0.0,50,49.994,53.75,Normal
0.7099,1.0088,1.421,8.892,0.0,50,50.001,46.06,Harmonics
0.6278,1.0119,1.612,3.186,41.7,50,50.038,40.38,Interruption
0.6395,1.0072,1.575,1.417,35.0,50,49.981,44.14,Interruption
0.7093,0.949,1.338,8.378,0.0,50,50.035,43.85,Harmonics
0.717,1.0173,1.419,0.025,0.0,50,49.973,53.52,Normal
0.6966,1.0206,1.465,0.276,0.0,50,49.995,35.46,Normal
0.7922,1.7901,2.26,2.625,22.1,50,49.984,43.98,Swell
0.7095,1.0341,1.457,0.213,0.0,50,50.008,36.45,Normal
0.7087,1.0652,1.503,5.339,0.0,50,49.976,37.81,Harmonics
0.3664,1.0015,2.734,11.318,146.0,50,49.983,53.95,Interruption
0.665,1.0109,1.52,1.064,24.6,50,50.034,47.52,Sag
0.7085,1.0301,1.454,0.071,0.0,50,49.999,45.44,Flicker
0.7232,1.2049,1.666,0.592,20.9,50,50.003,36.05,Swell
0.7079,1.0155,1.434,0.113,0.0,50,49.999,40.71,Normal
0.8555,1.7161,2.006,2.359,52.1,50,49.951,35.03,Swell
0.9526,1.6274,1.708,0.454,100.5,50,49.979,47.47,Swell
0.7692,1.1491,1.494,0.279,128.5,50,50.024,42.19,Swell
0.5123,1.0146,1.981,0.551,142.8,50,50.035,38.89,Sag
0.715,1.033,1.445,0.174,0.0,50,49.99,40.82,Normal
0.7102,1.0667,1.502,9.018,0.0,50,49.98,45.47,Harmonics
0.5612,1.005,1.791,1.541,127.9,50,49.973,45.64,Sag
0.8906,1.4126,1.586,0.847,125.7,50,50.013,39.9,Swell
0.5733,1.0106,1.763,2.701,98.7,50,50.002,42.44,Sag
0.6529,1.0196,1.562,2.874,27.1,50,50.028,38.41,Interruption
0.7098,0.9788,1.379,8.843,0.0,50,50.008,49.37,Harmonics
0.5382,1.0009,1.86,1.681,133.7,50,49.976,53.29,Sag
0.6602,1.0037,1.52,3.742,30.7,50,50.05,54.42,Sag
0.714,1.0124,1.418,0.039,0.0,50,50.017,52.61,Normal
0.7185,2.0214,2.813,1.876,5.0,50,49.996,37.71,Transient
0.7698,1.398,1.816,0.799,37.2,50,49.989,46.68,Swell
0.6773,1.0098,1.491,0.554,56.1,50,49.993,42.68,Sag
0.7687,1.195,1.555,0.595,95.8,50,49.994,36.47,Swell
0.7113,1.0168,1.429,0.085,0.0,50,49.997,44.41,Normal
0.7135,2.6063,3.653,1.073,5.0,50,49.984,36.53,Transient
0.6419,1.0042,1.564,2.464,52.5,50,49.989,48.22,Sag
0.6995,0.9928,1.419,0.04,0.0,50,50.024,52.73,Normal
0.7095,1.5663,2.208,1.26,5.0,50,49.99,51.27,Transient
0.7122,1.0093,1.417,0.031,0.0,50,50.002,53.83,Normal
0.7178,1.1295,1.574,0.422,21.8,50,50.02,46.58,Swell
0.7115,1.021,1.435,0.089,0.0,50,50.0,41.91,Normal
0.709,1.0173,1.435,0.173,0.0,50,49.992,38.67,Normal
0.7085,1.0273,1.45,4.96,0.0,50,49.999,37.77,Notch
0.7125,1.044,1.465,0.193,0.0,50,49.97,35.34,Normal
0.713,1.8749,2.629,1.174,5.0,50,50.003,38.95,Transient
0.807,1.4881,1.844,1.897,56.1,50,49.978,38.6,Swell
0.7084,1.0125,1.429,0.031,0.0,50,50.0,52.86,Flicker
0.3548,1.0023,2.825,8.955,151.2,50,49.959,50.64,Interruption
0.2535,1.002,3.954,8.788,172.4,50,50.046,47.63,Interruption
0.7098,1.0192,1.436,8.875,0.0,50,50.004,43.57,Harmonics
0.8773,1.7397,1.983,2.74,53.5,50,50.008,49.47,Swell
0.7168,1.0241,1.429,0.034,0.0,50,50.01,53.93,Flicker
0.7156,2.3392,3.269,1.502,5.0,50,49.985,36.18,Transient
0.9878,1.5768,1.596,0.829,128.0,50,49.977,53.48,Swell
0.4181,1.0019,2.396,9.25,132.5,50,50.002,47.69,Interruption
0.7108,1.0405,1.464,0.033,0.0,50,50.015,51.22,Flicker
0.709,1.0796,1.523,7.599,0.0,50,49.999,43.82,Harmonics
0.7073,1.0352,1.464,0.339,5.0,50,50.016,40.76,Transient
0.4931,1.0068,2.042,1.517,149.1,50,50.037,39.38,Sag
0.6501,1.0117,1.556,2.06,36.2,50,50.008,42.7,Sag
0.7216,1.0636,1.474,0.045,0.0,50,50.025,47.18,Flicker
0.6979,0.9932,1.423,0.054,0.0,50,49.989,47.18,Normal
0.5944,1.009,1.698,1.206,123.0,50,49.992,42.62,Sag
0.6977,0.9968,1.429,0.113,0.0,50,50.005,42.53,Normal
0.7145,1.014,1.419,0.049,0.0,50,49.998,51.63,Normal
0.7121,1.0144,1.424,0.059,0.0,50,50.02,46.61,Normal
0.6391,1.0035,1.57,0.901,43.2,50,50.0,50.46,Sag
0.6274,1.0073,1.606,4.189,49.7,50,50.005,48.87,Sag
0.6546,1.0128,1.547,1.146,37.1,50,50.011,42.34,Sag
0.7015,1.0212,1.456,0.198,0.0,50,50.016,37.28,Normal
0.7095,1.0156,1.432,4.59,0.0,50,49.977,40.76,Notch
0.7079,1.6727,2.363,0.449,5.0,50,50.01,39.27,Transient
0.7096,1.0072,1.419,0.04,0.0,50,50.033,51.73,Normal
0.7036,1.0027,1.425,0.046,0.0,50,50.011,48.79,Normal
0.7042,1.0164,1.443,0.154,0.0,50,49.99,37.88,Normal
0.7082,1.0634,1.502,1.61,5.0,50,49.999,50.89,Transient
0.7117,1.3073,1.837,5.136,5.0,50,49.977,39.34,Transient
0.8695,1.6448,1.892,1.671,61.2,50,49.997,50.75,Swell
0.72,1.036,1.439,0.136,0.0,50,50.005,41.75,Normal
0.5831,1.0188,1.747,8.837,66.2,50,50.004,35.17,Interruption
0.66,1.0021,1.518,0.757,95.4,50,49.975,54.13,Sag
0.7124,1.0106,1.419,0.024,0.0,50,49.996,54.18,Normal
0.4952,1.0014,2.022,4.351,108.3,50,49.971,52.56,Sag
0.4472,1.0028,2.242,12.042,119.4,50,50.014,49.02,Interruption
0.7128,1.0392,1.458,0.187,0.0,50,49.993,35.65,Normal
0.7111,1.0154,1.428,0.113,0.0,50,49.997,42.69,Normal
0.7108,1.0684,1.503,10.209,0.0,50,50.02,37.76,Harmonics
0.7003,0.9975,1.424,0.058,0.0,50,50.015,48.5,Normal
0.7112,1.0115,1.422,0.067,0.0,50,50.006,49.18,Normal
0.6738,1.01,1.499,0.965,41.5,50,49.985,43.34,Sag
0.4058,1.0089,2.486,14.203,136.0,50,50.002,39.48,Interruption
0.7097,1.1177,1.575,8.904,0.0,50,50.034,46.23,Harmonics
0.7081,1.1453,1.617,0.36,5.0,50,50.019,38.91,Transient
0.7131,1.0201,1.431,0.069,0.0,50,50.012,45.94,Normal
0.7107,0.9607,1.352,9.944,0.0,50,49.991,46.6,Harmonics
0.5772,1.0024,1.737,3.766,64.8,50,50.003,54.62,Sag
0.7073,1.0181,1.439,0.103,0.0,50,49.995,41.23,Normal
0.7088,1.0055,1.419,6.914,0.0,50,49.99,46.01,Harmonics
0.7318,1.0702,1.462,0.165,0.0,50,49.998,38.35,Flicker
0.7184,1.0462,1.456,0.263,0.0,50,50.003,35.58,Normal
0.7152,2.6978,3.772,1.066,5.0,50,50.043,42.23,Transient
0.7079,1.009,1.425,1.48,0.0,50,50.046,46.31,Notch
0.5036,1.0089,2.003,7.832,99.7,50,49.984,40.98,Sag
0.7157,1.0163,1.42,0.03,0.0,50,50.009,54.67,Normal
0.8136,1.7699,2.176,2.301,31.3,50,50.0,43.97,Swell
0.7081,1.0606,1.498,0.167,0.0,50,49.977,37.0,Flicker
0.8341,1.7096,2.05,1.326,40.9,50,50.017,53.6,Swell
0.7095,1.0186,1.436,0.153,0.0,50,49.991,38.77,Normal
0.7088,1.0089,1.423,0.071,0.0,50,49.978,47.88,Normal
0.5735,1.015,1.77,8.107,70.9,50,49.991,39.58,Sag
0.6323,1.0079,1.594,0.473,133.1,50,49.992,44.19,Sag
0.7029,0.9971,1.418,0.028,0.0,50,49.979,53.01,Normal
0.5895,1.0114,1.716,2.874,67.5,50,50.027,40.31,Sag
0.695,1.004,1.445,0.126,0.0,50,49.998,39.57,Normal
0.7081,1.4383,2.031,1.481,5.0,50,50.064,53.2,Transient
0.5819,1.0077,1.732,2.349,70.8,50,49.999,42.78,Sag
0.702,1.0019,1.427,0.088,0.0,50,50.004,43.72,Normal
0.2825,1.0039,3.553,20.097,166.9,50,49.982,43.57,Interruption
0.7089,1.0192,1.438,2.415,0.0,50,50.019,38.8,Notch
0.7113,1.027,1.444,0.194,0.0,50,50.031,38.15,Normal
0.7116,1.0076,1.416,0.025,0.0,50,49.98,54.82,Normal
0.9034,1.69,1.871,1.394,67.9,50,50.033,50.67,Swell
0.7,0.9942,1.42,0.044,0.0,50,50.018,50.43,Normal
0.7157,1.9516,2.727,1.376,5.0,50,49.996,51.66,Transient
0.42,1.0015,2.385,4.647,137.7,50,49.998,51.39,Sag
0.6971,0.995,1.427,0.054,0.0,50,50.017,47.69,Normal
0.7085,1.0592,1.495,0.101,0.0,50,50.035,42.73,Flicker
0.3703,1.007,2.719,13.759,145.0,50,49.975,38.52,Interruption
0.5717,1.0259,1.794,3.396,67.0,50,49.993,35.82,Interruption
0.7668,1.131,1.475,0.204,136.0,50,49.999,43.22,Swell
0.7085,1.0065,1.421,0.043,0.0,50,49.978,48.78,Normal
0.7076,1.0911,1.542,1.314,5.0,50,49.965,53.85,Transient
0.7073,1.388,1.963,0.583,5.0,50,49.971,54.63,Transient
0.7078,1.1445,1.617,0.172,5.0,50,50.028,50.17,Transient
0.8015,1.3256,1.654,0.804,77.6,50,50.013,47.91,Swell
1.0471,1.7175,1.64,0.895,126.7,50,50.026,45.68,Swell
0.4414,1.0027,2.272,8.062,125.8,50,49.983,44.26,Sag
0.7078,1.1504,1.625,0.39,5.0,50,50.03,45.91,Transient
0.4078,1.0025,2.459,8.296,136.7,50,49.984,44.61,Sag
0.7096,1.035,1.459,8.134,0.0,50,49.981,44.53,Harmonics
0.8271,1.3318,1.61,1.048,102.5,50,49.986,36.18,Swell
0.9374,1.7314,1.847,1.625,78.1,50,50.029,42.11,Swell
0.3742,1.0011,2.675,10.898,142.4,50,50.019,52.34,Interruption
0.7127,2.4446,3.43,1.03,5.0,50,49.995,37.07,Transient
0.504,1.0036,1.991,7.123,100.4,50,49.987,47.43,Sag
0.5117,1.0132,1.98,1.742,115.9,50,50.013,35.31,Sag
0.7012,1.0117,1.443,0.169,0.0,50,50.017,38.74,Normal
0.2901,1.002,3.454,10.933,164.8,50,49.97,47.58,Interruption
0.7105,1.0793,1.519,0.17,0.0,50,49.974,38.41,Flicker
0.6574,1.005,1.529,2.36,42.4,50,49.985,48.16,Sag
0.698,0.9958,1.427,0.083,0.0,50,50.004,44.57,Normal
0.3326,1.0095,3.035,11.056,153.2,50,50.0,36.57,Interruption
0.5055,1.0016,1.981,0.307,159.7,50,50.034,50.53,Sag
0.7025,1.0027,1.427,0.082,0.0,50,49.988,46.6,Normal
0.8252,1.411,1.71,1.607,72.7,50,49.988,46.65,Swell
0.6982,1.0017,1.435,0.139,0.0,50,49.976,39.89,Normal
0.682,1.005,1.474,0.697,69.4,50,49.996,46.96,Sag
0.7148,1.0154,1.42,0.033,0.0,50,50.032,52.29,Normal
1.1341,1.7804,1.57,0.421,149.7,50,50.031,42.77,Swell
0.708,1.0046,1.419,0.039,0.0,50,49.962,52.5,Normal
0.7106,1.0915,1.536,9.992,0.0,50,49.993,39.97,Harmonics
0.7001,0.9953,1.422,0.042,0.0,50,49.989,48.44,Normal
0.7047,1.0021,1.422,0.072,0.0,50,49.986,47.41,Normal
0.6598,1.0096,1.53,0.902,48.1,50,49.998,44.81,Sag
0.608,1.0024,1.649,0.665,131.1,50,50.043,50.56,Sag
0.6123,1.0018,1.636,4.519,50.1,50,50.045,52.49,Interruption
0.7118,1.0099,1.419,0.033,0.0,50,50.007,52.81,Normal
0.709,0.9974,1.407,7.026,0.0,50,49.989,46.54,Harmonics
0.6911,1.0076,1.458,0.211,38.5,50,49.978,47.73,Sag
0.5535,1.0129,1.83,2.27,81.3,50,49.992,40.72,Sag
0.7069,1.0113,1.431,0.09,0.0,50,49.982,44.79,Normal
0.692,0.9846,1.423,0.058,0.0,50,50.014,49.31,Normal
0.7173,1.0264,1.431,0.105,0.0,50,49.988,42.61,Normal
0.7178,1.0376,1.446,0.264,0.0,50,50.001,35.31,Normal
0.7077,1.0825,1.53,4.294,0.0,50,50.02,36.19,Harmonics
0.7097,1.1329,1.596,8.771,0.0,50,50.025,40.36,Harmonics
0.7875,1.1885,1.509,0.234,141.2,50,49.995,36.37,Swell
0.7108,1.0159,1.429,0.128,0.0,50,50.001,42.24,Normal
0.7021,1.0015,1.426,0.081,0.0,50,49.997,45.08,Normal
0.3679,1.001,2.721,28.839,147.1,50,50.015,54.26,Interruption
0.7086,1.0058,1.419,2.389,0.0,50,49.984,48.11,Notch
0.6704,1.0032,1.496,0.451,20.3,50,49.981,54.15,Interruption
0.675,1.0197,1.511,1.284,23.2,50,50.008,39.44,Sag
0.7062,1.0033,1.421,0.039,0.0,50,50.017,51.45,Normal
0.7064,1.0109,1.431,0.088,0.0,50,50.0,44.17,Normal
0.7086,1.0507,1.483,6.585,0.0,50,49.999,54.85,Harmonics
0.7106,1.0118,1.424,0.074,0.0,50,49.973,45.61,Normal
0.7108,1.0107,1.422,0.05,0.0,50,50.002,47.31,Normal
0.7087,1.0282,1.451,7.026,0.0,50,50.022,51.63,Harmonics
0.7074,1.536,2.171,0.25,5.0,50,50.033,48.3,Transient
0.3796,1.0068,2.652,3.217,146.6,50,49.986,39.16,Sag
0.485,1.003,2.068,7.036,110.7,50,50.03,47.13,Sag
0.719,1.0352,1.44,0.171,0.0,50,50.012,39.58,Normal
0.7127,1.0176,1.428,0.086,0.0,50,50.01,46.67,Normal
0.7082,1.0066,1.421,0.054,0.0,50,49.999,51.34,Normal
0.7103,1.0042,1.414,4.222,0.0,50,49.974,52.84,Notch
0.7104,1.0315,1.452,9.942,0.0,50,50.019,49.49,Harmonics
0.6027,1.0069,1.671,1.793,88.2,50,50.004,45.92,Sag
0.7498,1.4475,1.93,1.108,23.5,50,50.015,45.47,Swell
1.1435,1.8313,1.601,1.254,143.5,50,49.984,38.41,Swell
0.7114,1.0176,1.43,0.122,0.0,50,50.007,42.53,Normal
0.7103,2.3221,3.269,1.161,5.0,50,50.011,54.41,Transient
0.7245,1.0473,1.446,0.166,0.0,50,50.0,37.2,Normal
0.7077,1.0619,1.5,4.914,0.0,50,50.039,49.95,Harmonics
0.8242,1.3044,1.583,0.566,113.7,50,50.017,36.18,Swell
0.7099,1.0361,1.459,0.074,0.0,50,50.025,46.49,Flicker
0.6941,1.0075,1.451,0.162,0.0,50,50.041,37.77,Normal
0.7945,1.258,1.583,0.466,101.5,50,49.968,36.24,Swell
0.7758,1.1312,1.458,0.119,157.3,50,50.004,45.52,Swell
0.7063,1.0306,1.459,0.231,0.0,50,49.989,35.82,Normal
0.7085,1.0552,1.489,5.9,0.0,50,49.996,47.27,Harmonics
0.7089,1.0464,1.476,7.115,0.0,50,50.017,43.64,Harmonics
0.4695,1.0114,2.154,14.33,112.8,50,50.021,35.75,Interruption
0.6961,0.9926,1.426,0.066,0.0,50,49.988,45.91,Normal
0.7108,1.6757,2.358,0.806,5.0,50,50.028,47.65,Transient
0.7037,1.0064,1.43,0.105,0.0,50,50.001,43.47,Normal
0.782,1.1452,1.464,0.163,149.2,50,49.997,49.62,Swell
0.4994,1.0141,2.031,6.902,100.2,50,50.007,36.75,Interruption
0.7107,1.0969,1.543,10.269,0.0,50,50.009,42.11,Harmonics
0.7087,1.0579,1.493,0.072,0.0,50,49.99,44.08,Flicker
0.7121,1.0093,1.417,0.033,0.0,50,49.98,53.29,Normal
0.4491,1.0003,2.228,11.296,117.2,50,49.981,53.58,Interruption
0.5151,1.0069,1.955,1.076,131.3,50,50.016,42.49,Sag
0.7087,1.035,1.46,6.746,0.0,50,50.006,54.52,Harmonics
0.7095,1.6519,2.328,0.64,5.0,50,50.026,40.76,Transient
0.7103,1.8132,2.553,3.376,5.0,50,49.998,44.69,Transient
0.7055,1.0003,1.418,0.027,0.0,50,49.975,52.95,Normal
0.7116,2.5186,3.539,0.863,5.0,50,50.015,54.44,Transient
0.7089,1.0912,1.539,6.964,0.0,50,50.012,38.11,Harmonics
0.7012,1.0102,1.441,0.179,0.0,50,49.986,39.37,Normal
0.9083,1.6387,1.804,2.18,76.9,50,50.016,48.24,Swell
0.546,1.0025,1.836,6.586,85.4,50,50.027,54.1,Sag
0.7091,1.0139,1.43,0.086,0.0,50,50.012,43.23,Normal
0.7117,1.0094,1.418,0.027,0.0,50,49.986,54.95,Normal
0.5019,1.0036,1.999,11.371,98.5,50,50.02,51.78,Interruption
0.7107,1.0421,1.466,0.052,0.0,50,50.009,47.78,Flicker
0.3139,1.002,3.192,3.178,161.4,50,49.996,46.4,Interruption
0.7093,1.0493,1.479,8.261,0.0,50,50.011,41.95,Harmonics
0.7091,1.019,1.437,0.201,0.0,50,50.023,36.72,Normal
0.7113,1.0509,1.477,11.002,0.0,50,50.021,42.27,Harmonics
0.7098,1.1124,1.567,8.633,0.0,50,49.987,45.48,Harmonics
0.7181,1.0192,1.419,0.035,0.0,50,50.031,52.0,Normal
0.7098,2.3841,3.359,0.396,5.0,50,50.026,48.92,Transient
0.843,1.5346,1.82,1.949,65.4,50,50.01,49.41,Swell
0.7104,1.0649,1.499,0.155,0.0,50,50.001,40.99,Flicker
0.9958,1.5001,1.506,0.351,157.7,50,50.007,48.69,Swell
0.7089,1.0057,1.419,3.551,0.0,50,49.986,49.3,Notch
0.7071,1.0296,1.456,3.184,0.0,50,50.021,36.04,Harmonics
0.7843,1.2345,1.574,0.517,88.9,50,49.992,48.63,Swell
0.2342,1.0017,4.278,27.192,174.7,50,49.994,39.35,Interruption
0.7073,1.0358,1.464,0.034,0.0,50,50.009,53.26,Flicker
0.8231,1.8132,2.203,3.054,35.8,50,49.991,35.67,Swell
0.7112,1.0074,1.416,4.192,0.0,50,49.982,47.32,Notch
0.6887,0.9862,1.432,0.128,0.0,50,50.011,40.83,Normal
0.6919,0.9833,1.421,0.06,0.0,50,49.957,48.04,Normal
0.7535,1.1951,1.586,0.854,68.2,50,50.0,41.2,Swell
0.624,1.0124,1.622,2.378,46.9,50,50.02,39.9,Sag
0.6873,1.007,1.465,0.99,34.1,50,49.998,50.79,Sag
0.8538,1.4304,1.675,0.995,97.5,50,49.986,35.77,Swell
0.704,1.0035,1.426,0.049,0.0,50,50.001,46.65,Normal
0.6268,1.0027,1.6,1.764,70.7,50,50.007,53.73,Sag
0.71,1.0292,1.45,8.941,0.0,50,50.004,47.91,Harmonics
0.538,1.0053,1.869,9.595,82.9,50,49.965,45.37,Interruption
0.7077,1.0261,1.45,0.786,5.0,50,50.003,35.49,Transient
0.7067,1.0095,1.428,0.09,0.0,50,50.002,44.15,Normal
0.7228,1.0306,1.426,0.102,0.0,50,49.98,43.44,Normal
0.7491,1.3572,1.812,1.968,29.7,50,50.001,49.06,Swell
0.5219,1.0102,1.935,2.982,108.6,50,49.983,42.11,Sag
0.5332,1.0078,1.89,11.915,84.1,50,49.98,44.3,Interruption
0.7072,1.0283,1.454,0.196,0.0,50,49.979,35.84,Normal
0.7086,1.0263,1.448,5.581,0.0,50,49.951,51.4,Harmonics
0.7098,1.0429,1.469,8.632,0.0,50,49.986,54.35,Harmonics
0.7077,1.0072,1.423,0.04,0.0,50,50.033,51.18,Normal
0.9287,1.6613,1.789,2.139,86.0,50,50.036,54.03,Swell
0.7111,1.0645,1.497,0.113,0.0,50,50.008,44.67,Flicker
0.7094,1.0235,1.443,3.944,0.0,50,49.987,40.3,Notch
0.9055,1.4154,1.563,0.491,129.7,50,50.003,50.05,Swell
0.7198,1.0206,1.418,0.023,0.0,50,49.998,54.99,Normal
0.7072,1.053,1.489,0.038,0.0,50,50.038,51.93,Flicker
0.8042,1.2639,1.572,0.771,116.6,50,49.991,36.01,Swell
0.4331,1.01,2.332,4.77,133.6,50,50.004,36.55,Sag
0.7077,1.0068,1.423,0.719,0.0,50,50.004,45.55,Notch
0.7095,1.0127,1.427,0.086,0.0,50,50.014,45.46,Normal
0.67,1.0033,1.498,0.513,26.6,50,49.997,50.98,Sag
0.7132,1.0632,1.491,0.081,0.0,50,49.993,43.89,Flicker
0.7075,1.0339,1.461,0.196,5.0,50,50.011,47.26,Transient
0.7081,1.0236,1.446,6.632,0.0,50,50.036,35.59,Harmonics
0.6996,1.0066,1.439,0.085,0.0,50,50.009,42.28,Normal
0.7107,1.0228,1.439,0.137,0.0,50,49.992,41.68,Normal
0.7263,1.034,1.424,0.043,0.0,50,50.011,50.35,Normal
0.3285,1.0009,3.047,17.988,157.4,50,49.997,50.9,Interruption
0.6093,1.0049,1.649,1.407,59.5,50,50.018,48.89,Sag
0.6897,1.0033,1.455,0.261,39.9,50,49.985,52.89,Sag
0.7103,1.0027,1.412,4.892,0.0,50,50.012,53.31,Notch
0.7122,1.0037,1.409,4.086,0.0,50,50.006,52.9,Notch
0.7097,1.0233,1.442,0.121,0.0,50,49.963,40.67,Normal
0.7067,1.0065,1.424,0.048,0.0,50,49.991,46.87,Normal
0.9825,1.5177,1.545,0.544,157.6,50,50.024,37.23,Swell
0.7162,1.0259,1.432,0.092,0.0,50,50.007,41.56,Normal
0.3568,1.001,2.805,13.545,146.3,50,49.997,52.83,Interruption
0.7076,1.2851,1.816,3.896,5.0,50,49.983,35.86,Transient
0.491,1.0034,2.044,0.943,152.9,50,49.969,50.16,Sag
0.9076,1.5838,1.745,1.276,90.0,50,50.003,39.65,Swell
0.6993,1.0065,1.439,0.148,0.0,50,50.003,39.16,Normal
0.6795,1.0061,1.481,1.298,29.7,50,50.022,46.72,Sag
0.7065,1.0174,1.44,0.111,0.0,50,50.014,39.98,Normal
0.7036,1.0011,1.423,0.041,0.0,50,49.99,49.53,Normal
0.7117,1.009,1.418,0.033,0.0,50,49.99,54.14,Normal
0.7079,1.0245,1.447,0.048,0.0,50,50.013,50.25,Flicker
0.711,1.0659,1.499,0.131,0.0,50,50.036,40.91,Flicker
0.7023,1.003,1.428,0.094,0.0,50,49.985,42.98,Normal
0.7039,0.9984,1.418,0.034,0.0,50,50.013,52.66,Normal
0.8855,1.6561,1.87,2.405,64.1,50,50.037,51.3,Swell
0.7091,1.0073,1.42,7.603,0.0,50,50.008,46.79,Harmonics
0.7083,1.0783,1.522,5.474,0.0,50,49.979,48.81,Harmonics
0.5586,1.0047,1.798,2.484,82.2,50,50.003,47.44,Sag
0.5856,1.0031,1.713,2.7,93.5,50,50.006,52.0,Sag
0.6889,0.9831,1.427,0.087,0.0,50,50.046,44.41,Normal
0.71,1.0443,1.471,0.163,0.0,50,49.989,38.83,Flicker
0.6653,1.004,1.509,0.633,79.7,50,49.99,46.14,Sag
0.709,1.0351,1.46,7.493,0.0,50,50.002,43.35,Harmonics
0.709,1.121,1.581,7.472,0.0,50,50.018,48.5,Harmonics
0.7114,1.0484,1.474,0.035,0.0,50,50.033,54.32,Flicker
0.7117,1.0057,1.413,11.301,0.0,50,49.985,41.65,Harmonics
0.6074,1.0031,1.651,2.67,61.8,50,49.981,51.71,Sag
0.6956,1.0044,1.444,0.243,0.0,50,50.005,36.36,Normal
0.7027,0.998,1.42,0.039,0.0,50,50.015,51.14,Normal
0.6646,1.0073,1.516,0.829,24.5,50,50.0,44.16,Interruption
0.5941,1.0155,1.709,3.688,58.3,50,49.991,40.13,Interruption
0.7153,1.0154,1.419,0.028,0.0,50,50.019,54.08,Normal
0.7091,1.0261,1.447,0.125,0.0,50,49.968,40.22,Normal
0.7074,1.6295,2.303,0.336,5.0,50,50.037,44.25,Transient
0.7024,0.9995,1.423,0.056,0.0,50,50.007,47.41,Normal
0.3763,1.0017,2.662,4.936,145.4,50,49.971,50.56,Sag
0.7166,1.0217,1.426,0.065,0.0,50,50.017,45.62,Normal
0.7103,1.0898,1.534,9.405,0.0,50,49.998,46.59,Harmonics
0.7015,1.0018,1.428,0.114,0.0,50,50.0,43.1,Normal
0.7085,1.0043,1.417,2.422,0.0,50,49.995,52.84,Notch
0.7088,1.0244,1.445,7.238,0.0,50,50.023,47.72,Harmonics
0.7101,1.0137,1.428,4.015,0.0,50,50.017,40.8,Notch
0.7155,1.0085,1.409,8.761,0.0,50,50.028,45.1,Notch
0.5708,1.0034,1.758,7.942,68.8,50,49.984,48.53,Interruption
0.7071,1.022,1.445,0.287,5.0,50,49.979,35.29,Transient
0.703,1.0037,1.428,0.085,0.0,50,50.048,45.02,Normal
0.7078,1.1293,1.596,0.334,5.0,50,50.006,36.77,Transient
0.5686,1.0109,1.778,10.618,70.5,50,50.023,37.59,Sag
0.7092,1.0043,1.416,7.8,0.0,50,50.001,40.03,Harmonics
0.7115,1.0151,1.427,0.103,0.0,50,50.025,42.7,Normal
0.6969,0.9943,1.427,0.069,0.0,50,50.011,46.71,Normal
0.713,1.0204,1.431,0.102,0.0,50,50.024,43.59,Normal
0.5981,1.0073,1.684,0.375,148.6,50,49.97,44.5,Sag
0.7188,1.0242,1.425,0.075,0.0,50,49.995,46.15,Normal
0.7081,1.0117,1.429,2.231,5.0,50,49.994,42.85,Transient
0.539,1.0044,1.864,1.404,125.0,50,50.011,48.21,Sag
0.7126,1.0201,1.431,0.108,0.0,50,49.992,43.01,Normal
0.6085,1.0252,1.685,1.974,56.7,50,50.02,35.46,Sag
0.7075,1.048,1.481,0.026,0.0,50,50.007,54.89,Flicker
0.7122,2.1528,3.023,1.273,5.0,50,50.004,40.61,Transient
0.7142,1.0288,1.44,0.171,0.0,50,49.94,38.63,Normal
0.4242,1.0014,2.361,2.412,138.4,50,49.971,51.98,Sag
0.7902,1.3166,1.666,0.961,70.6,50,49.994,43.99,Swell
0.6547,1.0023,1.531,0.847,92.1,50,50.021,53.03,Sag
0.7039,0.9999,1.421,0.06,0.0,50,49.986,49.43,Normal
0.7501,1.2695,1.692,0.63,41.4,50,50.001,54.6,Swell
0.585,1.0041,1.716,1.062,131.1,50,50.032,48.14,Sag
0.6705,1.004,1.497,0.48,67.6,50,50.014,49.36,Sag
0.7071,1.0036,1.419,0.035,0.0,50,50.01,50.86,Normal
0.7119,1.016,1.427,4.928,0.0,50,50.006,40.4,Notch
0.7113,1.1783,1.656,10.962,0.0,50,50.006,41.31,Harmonics
0.7359,1.1406,1.55,0.509,58.2,50,50.006,48.12,Swell
0.709,1.6393,2.312,0.917,5.0,50,50.007,36.44,Transient
0.5661,1.0214,1.804,3.543,75.4,50,50.011,35.83,Sag
0.7089,1.0458,1.475,0.805,5.0,50,49.999,35.78,Transient
0.7088,1.0931,1.542,6.773,0.0,50,49.984,44.03,Harmonics
0.7081,1.0206,1.441,0.148,0.0,50,49.966,38.06,Normal
0.7111,1.0135,1.425,0.085,0.0,50,49.992,45.45,Normal
0.7098,1.0092,1.422,0.05,0.0,50,49.96,50.19,Normal
0.7082,1.0821,1.528,5.675,0.0,50,50.003,38.92,Harmonics
0.7077,1.0189,1.44,1.387,0.0,50,50.025,41.03,Notch
0.7821,1.1515,1.472,0.222,159.3,50,50.017,37.22,Swell
0.7054,1.2054,1.709,1.768,5.0,50,49.995,39.63,Transient
0.7073,1.0183,1.44,0.045,0.0,50,49.981,50.91,Flicker
0.7109,1.0104,1.421,0.032,0.0,50,50.018,50.75,Normal
0.7087,1.6908,2.386,0.328,5.0,50,49.986,42.61,Transient
0.5394,1.0035,1.861,9.289,83.7,50,49.99,48.75,Interruption
0.7087,1.088,1.535,7.146,0.0,50,50.02,44.98,Harmonics
0.7092,1.0132,1.429,0.099,0.0,50,50.021,43.42,Normal
0.7085,1.0061,1.42,3.403,0.0,50,50.018,48.11,Notch
0.7086,1.0386,1.466,7.135,0.0,50,50.026,38.62,Harmonics
0.6997,0.9945,1.421,0.034,0.0,50,50.032,52.14,Normal
0.7098,1.3049,1.838,1.121,5.0,50,50.0,47.73,Transient
0.714,1.0699,1.499,0.044,0.0,50,49.977,52.66,Flicker
1.0175,1.58,1.553,0.714,145.9,50,50.018,50.01,Swell
0.7078,1.0146,1.434,0.362,0.0,50,49.995,41.92,Notch
0.6315,1.0105,1.6,2.098,67.7,50,49.999,40.82,Sag
0.6982,0.9899,1.418,0.029,0.0,50,49.994,53.91,Normal
0.7073,1.0048,1.421,1.644,0.0,50,50.048,48.52,Notch
0.7145,1.7199,2.407,7.207,5.0,50,49.963,48.02,Transient
0.8114,1.2841,1.583,0.845,99.7,50,49.986,51.08,Swell
0.711,1.0432,1.467,10.23,0.0,50,50.005,38.78,Harmonics
0.5817,1.0071,1.731,2.847,95.4,50,50.0,41.22,Sag
0.7081,1.0134,1.431,2.009,0.0,50,49.984,42.0,Notch
0.7105,1.009,1.42,4.16,0.0,50,50.07,46.15,Notch
0.7069,1.01,1.429,2.695,5.0,50,50.015,43.01,Transient
0.6627,1.0042,1.515,1.925,32.9,50,50.043,49.51,Sag
1.1104,1.8031,1.624,0.558,138.2,50,49.994,36.47,Swell
0.4792,1.0011,2.089,1.076,157.1,50,50.002,54.1,Sag
0.7098,1.0269,1.447,0.036,0.0,50,50.007,51.43,Flicker
0.5001,1.0024,2.004,5.809,106.7,50,49.992,53.25,Sag
0.6017,1.0233,1.701,7.175,57.3,50,49.986,36.27,Sag
0.7113,1.0446,1.469,0.032,0.0,50,50.012,52.37,Flicker
0.7139,1.0161,1.423,0.058,0.0,50,50.002,46.59,Normal
0.7079,1.0225,1.444,0.203,0.0,50,50.023,37.81,Normal
1.0298,1.6237,1.577,0.37,152.2,50,49.99,35.1,Swell
0.7071,1.4586,2.063,0.301,5.0,50,50.014,40.43,Transient
0.7102,0.9511,1.339,9.318,0.0,50,50.007,42.48,Harmonics
0.5403,1.0064,1.863,7.715,82.5,50,49.989,45.6,Sag
0.8098,1.2505,1.544,0.65,114.2,50,50.034,52.21,Swell
0.8241,1.5149,1.838,1.93,54.9,50,49.999,45.65,Swell
0.7119,1.7332,2.435,0.512,5.0,50,50.021,43.59,Transient
0.6109,1.0109,1.655,0.282,157.0,50,49.998,38.97,Sag
0.7078,1.0222,1.444,0.089,0.0,50,49.978,45.65,Flicker
0.8997,1.3877,1.542,0.282,135.9,50,50.027,44.56,Swell
0.7173,1.1093,1.547,0.082,22.9,50,49.985,53.6,Swell
0.8463,1.3739,1.623,0.285,101.3,50,49.995,46.9,Swell
0.6787,1.006,1.482,1.226,28.2,50,49.975,48.09,Sag
0.7103,1.8893,2.66,0.295,5.0,50,49.971,38.53,Transient
0.7075,1.0543,1.49,0.178,0.0,50,50.034,38.44,Flicker
0.708,1.0188,1.439,5.114,0.0,50,50.0,52.29,Harmonics
0.7088,0.9889,1.395,6.669,0.0,50,49.995,39.15,Harmonics
0.4936,1.01,2.046,5.386,112.5,50,50.021,39.51,Sag
0.7757,1.2379,1.596,0.581,81.5,50,49.97,44.62,Swell
0.7083,1.6922,2.389,0.536,5.0,50,49.993,38.37,Transient
0.7065,1.2038,1.704,2.212,5.0,50,50.009,35.56,Transient
0.6641,1.0061,1.515,0.578,100.5,50,50.033,46.73,Sag
0.7078,1.062,1.501,3.763,0.0,50,49.989,35.04,Harmonics
0.7127,1.0295,1.445,0.231,0.0,50,49.967,36.31,Normal
0.6564,1.0159,1.548,0.244,140.8,50,50.005,36.34,Sag
0.7096,1.1001,1.55,0.861,5.0,50,49.989,46.35,Transient
0.6991,0.9947,1.423,0.05,0.0,50,50.026,48.22,Normal
0.7111,1.0365,1.458,0.196,0.0,50,50.003,37.01,Normal
0.5028,1.0129,2.014,8.858,98.1,50,49.982,40.87,Interruption
0.7114,1.0106,1.421,4.57,0.0,50,49.972,44.17,Notch
0.8906,1.7919,2.012,3.234,56.3,50,50.009,51.73,Swell
0.6943,0.985,1.419,0.031,0.0,50,49.973,52.3,Normal
0.712,1.0762,1.512,0.156,0.0,50,49.969,37.85,Flicker
0.7582,1.1884,1.567,0.707,76.1,50,50.007,49.47,Swell
0.5955,1.0045,1.687,4.052,62.1,50,50.001,48.68,Sag
0.7089,1.0291,1.452,0.228,0.0,50,49.992,37.21,Normal
0.7074,1.3317,1.883,0.264,5.0,50,50.02,42.91,Transient
0.5455,1.0196,1.869,6.33,88.2,50,50.015,36.52,Sag
0.6989,1.0073,1.441,0.14,0.0,50,50.038,38.9,Normal
0.6982,0.991,1.419,0.044,0.0,50,49.985,50.76,Normal
0.7088,1.0452,1.475,0.208,0.0,50,49.977,36.81,Flicker
0.7089,1.8544,2.616,0.634,5.0,50,50.017,40.76,Transient
0.5688,1.0024,1.762,4.717,78.7,50,49.998,54.08,Sag
0.7076,1.0183,1.439,0.064,0.0,50,50.018,45.62,Flicker
0.7077,1.0047,1.42,0.034,0.0,50,49.982,52.85,Normal
0.7077,1.0369,1.465,0.044,0.0,50,49.992,47.71,Flicker
0.7209,1.0387,1.441,0.143,0.0,50,49.995,40.72,Normal
0.713,1.0163,1.425,0.063,0.0,50,49.998,47.05,Normal
0.704,1.0149,1.442,0.178,0.0,50,49.983,37.82,Normal
0.7091,1.024,1.444,7.74,0.0,50,50.019,54.8,Harmonics
0.7728,1.136,1.47,0.091,140.5,50,49.997,52.31,Swell
0.7079,1.0568,1.493,4.546,0.0,50,49.979,47.82,Harmonics
0.708,1.0079,1.424,2.375,0.0,50,50.02,49.13,Notch
0.7139,1.0243,1.435,0.133,0.0,50,50.007,41.58,Normal
0.7879,1.413,1.793,1.872,45.9,50,49.994,50.33,Swell
0.7047,1.0014,1.421,0.057,0.0,50,49.993,48.09,Normal
0.7092,1.0295,1.452,0.143,0.0,50,49.992,37.61,Normal
0.6959,0.9899,1.422,0.057,0.0,50,50.061,49.63,Normal
0.7099,0.9799,1.38,8.747,0.0,50,50.006,39.62,Harmonics
0.7099,1.121,1.579,8.912,0.0,50,50.005,52.6,Harmonics
0.7109,1.0136,1.426,0.06,0.0,50,49.988,46.47,Normal
0.675,1.0239,1.517,0.475,77.0,50,50.015,37.04,Sag
0.7111,1.0155,1.428,0.082,0.0,50,50.019,44.2,Normal
0.7149,2.4329,3.403,0.674,5.0,50,49.968,45.38,Transient
0.6788,1.0129,1.492,0.505,47.1,50,50.017,41.13,Sag
0.6565,1.0277,1.565,2.54,32.3,50,50.018,36.25,Sag
0.7094,1.0652,1.502,7.705,0.0,50,49.979,53.87,Harmonics
0.7158,1.0219,1.428,0.077,0.0,50,50.013,46.25,Normal
0.7085,1.1372,1.605,0.357,5.0,50,50.019,47.47,Transient
0.7091,1.0097,1.424,0.07,0.0,50,50.03,47.56,Normal
0.5246,1.0081,1.922,10.271,91.0,50,50.008,41.96,Sag
0.699,0.9929,1.42,0.031,0.0,50,50.013,50.15,Normal
0.7068,1.0061,1.423,0.057,0.0,50,50.0,47.92,Normal
0.7811,1.23,1.575,0.723,87.9,50,49.987,54.99,Swell
0.713,1.0272,1.441,0.119,0.0,50,49.994,40.99,Normal
0.5137,1.0104,1.967,1.826,123.8,50,49.998,41.83,Sag
0.4485,1.0092,2.25,6.942,117.5,50,50.009,39.45,Interruption
0.6366,1.0168,1.597,0.377,149.7,50,49.989,35.22,Sag
0.7046,1.0151,1.441,0.145,0.0,50,50.001,39.63,Normal
0.2623,1.0076,3.842,4.626,175.2,50,49.967,35.84,Interruption
0.7077,1.027,1.451,0.207,0.0,50,49.984,37.54,Normal
0.7084,1.0219,1.443,0.596,5.0,50,49.996,53.41,Transient
0.7078,1.093,1.544,4.867,5.0,50,50.048,46.89,Transient
0.7064,1.0076,1.426,0.068,0.0,50,50.042,46.89,Normal
0.7128,1.0162,1.426,0.055,0.0,50,49.992,48.43,Normal
0.6937,0.9853,1.42,0.05,0.0,50,50.011,49.88,Normal
0.7076,1.0351,1.463,0.094,5.0,50,49.973,52.14,Transient
0.7508,1.2406,1.652,0.829,46.0,50,49.976,47.13,Swell
0.7098,1.133,1.596,8.746,0.0,50,50.012,39.43,Harmonics
0.7049,1.0183,1.445,0.277,0.0,50,50.005,35.18,Normal
0.6459,1.0038,1.554,1.712,54.2,50,49.952,49.87,Sag
0.7029,0.9965,1.418,0.026,0.0,50,49.955,54.76,Normal
0.2832,1.0006,3.533,3.457,166.3,50,49.998,54.67,Interruption
0.6587,1.0163,1.543,2.154,42.4,50,50.003,41.66,Sag
0.7081,1.0242,1.446,0.068,0.0,50,49.992,46.71,Flicker
0.7089,1.0175,1.435,0.161,0.0,50,49.974,39.35,Normal
0.8376,1.5235,1.819,1.769,66.9,50,49.998,39.33,Swell
0.5094,1.0065,1.976,4.143,117.6,50,49.975,45.94,Sag
0.7098,1.0156,1.431,0.133,0.0,50,49.992,41.67,Normal
0.7091,1.0155,1.432,7.099,0.0,50,49.972,54.6,Harmonics
0.7101,0.9909,1.396,9.081,0.0,50,49.999,51.08,Harmonics
0.7077,1.0137,1.432,0.253,5.0,50,49.993,46.0,Transient
0.7279,1.1952,1.642,0.886,32.8,50,49.997,36.72,Swell
0.6981,0.9943,1.424,0.056,0.0,50,50.047,46.75,Normal
0.6222,1.0171,1.635,8.405,44.2,50,50.036,37.55,Interruption
0.708,2.0304,2.868,0.513,5.0,50,50.0,46.84,Transient
0.7071,1.0186,1.441,0.374,0.0,50,50.027,38.96,Notch
0.7076,1.0082,1.425,1.341,0.0,50,50.051,43.69,Notch
0.9191,1.4888,1.62,0.602,124.0,50,50.026,36.21,Swell
0.7517,1.2144,1.616,0.734,60.8,50,50.009,39.56,Swell
0.7124,1.0544,1.48,0.031,0.0,50,50.033,52.39,Flicker
0.7071,1.016,1.437,0.035,0.0,50,50.013,51.32,Flicker
0.6908,0.9974,1.444,0.157,0.0,50,49.968,38.11,Normal
0.7139,1.0158,1.423,0.068,0.0,50,49.967,46.71,Normal
0.7075,1.0221,1.445,0.09,0.0,50,49.998,43.37,Flicker
0.6596,1.0141,1.538,2.509,28.3,50,50.0,43.64,Sag
0.721,1.0258,1.423,0.047,0.0,50,50.011,50.51,Normal
0.7083,1.0217,1.442,0.167,0.0,50,50.025,37.53,Normal
0.6935,0.9885,1.425,0.049,0.0,50,50.001,47.98,Normal
0.8708,1.294,1.486,0.48,154.2,50,50.032,54.56,Swell
0.7067,1.0122,1.432,0.123,0.0,50,49.979,40.35,Normal
0.6826,1.0131,1.484,0.911,24.3,50,50.007,39.86,Sag
0.6948,0.989,1.424,0.074,0.0,50,50.003,46.33,Normal
0.7105,1.0088,1.42,5.116,0.0,50,50.035,44.49,Notch
0.6206,1.0074,1.623,2.781,45.4,50,49.971,46.78,Sag
0.7136,1.0331,1.448,0.235,0.0,50,49.999,36.81,Normal
0.7078,1.0062,1.422,0.052,0.0,50,49.981,48.52,Normal
0.701,1.0007,1.428,0.088,0.0,50,50.009,43.59,Normal
0.7115,1.0091,1.418,0.035,0.0,50,49.986,52.85,Normal
0.707,1.0029,1.419,0.032,0.0,50,49.997,53.66,Normal
0.7057,1.0016,1.419,0.04,0.0,50,49.991,50.91,Normal
0.7161,1.0165,1.419,0.027,0.0,50,50.015,54.74,Normal
0.7165,1.034,1.443,0.128,0.0,50,50.013,40.9,Normal
0.586,1.011,1.725,0.371,147.8,50,50.019,38.15,Sag
0.7072,1.0133,1.433,0.119,0.0,50,50.002,40.88,Normal
0.9808,1.5861,1.617,0.684,122.9,50,49.963,48.01,Swell
0.706,1.0178,1.442,0.134,0.0,50,50.001,40.19,Normal
0.8422,1.442,1.712,0.98,78.7,50,50.032,43.34,Swell
0.6726,1.016,1.51,1.301,22.4,50,49.966,41.2,Sag
0.7077,1.0075,1.424,3.609,0.0,50,49.983,52.11,Harmonics
0.7643,1.2344,1.615,0.954,62.8,50,49.993,50.99,Swell
0.5472,1.0015,1.83,0.476,136.3,50,49.982,52.32,Sag
1.0254,1.6112,1.571,0.304,139.5,50,50.013,53.12,Swell
0.2666,1.0061,3.774,4.543,175.0,50,49.999,36.14,Interruption
0.7076,1.0285,1.453,0.035,0.0,50,49.992,52.62,Flicker
0.7087,1.0035,1.416,3.321,0.0,50,49.986,54.12,Notch
0.7095,1.008,1.421,0.038,0.0,50,50.011,51.09,Normal
0.7089,0.9963,1.405,7.851,0.0,50,50.028,47.75,Harmonics
0.6294,1.0015,1.591,3.086,56.3,50,50.03,53.23,Sag
0.7125,1.0113,1.419,0.041,0.0,50,50.001,50.16,Normal
0.6933,0.9853,1.421,0.054,0.0,50,49.98,49.06,Normal
0.7055,1.1535,1.635,3.198,5.0,50,50.0,50.84,Transient
0.7095,1.061,1.495,0.16,0.0,50,49.969,36.13,Flicker
0.6311,1.0025,1.588,1.124,97.3,50,49.947,53.47,Sag
0.709,1.0178,1.436,0.121,0.0,50,49.99,40.65,Normal
0.7631,1.1454,1.501,0.301,113.8,50,49.997,46.98,Swell
0.6933,0.9862,1.423,0.061,0.0,50,50.019,50.17,Normal
0.5906,1.002,1.697,2.775,91.4,50,50.018,54.23,Sag
0.494,1.0074,2.039,1.091,138.2,50,49.988,45.11,Sag
0.6058,1.0034,1.656,0.55,130.9,50,50.014,52.74,Sag
0.9209,1.6021,1.74,1.445,90.0,50,50.013,49.06,Swell
0.6648,1.0097,1.519,0.862,28.7,50,49.975,42.49,Sag
0.7144,1.0198,1.427,0.128,0.0,50,49.972,41.5,Normal
0.709,1.0281,1.45,7.293,0.0,50,50.004,48.41,Harmonics
0.7075,1.054,1.49,0.042,0.0,50,50.014,51.04,Flicker
0.7667,1.3213,1.723,0.96,51.9,50,50.003,37.87,Swell
0.708,1.5423,2.178,0.496,5.0,50,49.992,54.4,Transient
0.6983,1.0078,1.443,0.187,0.0,50,50.03,37.82,Normal
0.7076,1.013,1.432,0.147,5.0,50,49.977,44.17,Transient
0.7165,1.0247,1.43,0.086,0.0,50,49.984,43.05,Normal
0.7079,1.6988,2.4,1.066,5.0,50,49.997,50.79,Transient
0.5451,1.0061,1.846,4.249,80.5,50,50.006,42.75,Interruption
0.7092,1.0549,1.487,0.154,0.0,50,50.011,37.96,Flicker
0.7117,1.9753,2.775,1.198,5.0,50,50.032,47.65,Transient
0.8751,1.4371,1.642,1.125,100.8,50,50.01,50.11,Swell
0.6356,1.0016,1.576,0.909,110.5,50,50.002,53.97,Sag
0.3549,1.0014,2.822,18.776,149.3,50,49.972,47.78,Interruption
0.6496,1.0021,1.543,0.555,97.9,50,49.986,54.91,Sag
0.7108,1.0357,1.457,0.244,0.0,50,50.028,35.47,Normal
0.7082,1.0081,1.423,0.05,0.0,50,49.988,45.38,Normal
0.8189,1.3401,1.637,1.133,90.4,50,50.006,40.12,Swell
0.7046,1.0263,1.457,0.289,0.0,50,50.004,36.46,Normal
0.7101,1.0967,1.544,9.152,0.0,50,50.0,40.68,Harmonics
0.87,1.5311,1.76,1.336,80.0,50,49.982,39.15,Swell
0.7105,1.0206,1.437,0.094,0.0,50,50.053,44.28,Normal
0.7089,0.9862,1.391,7.874,0.0,50,50.02,35.35,Harmonics
0.7166,1.0221,1.426,0.078,0.0,50,50.016,46.15,Normal
0.7039,1.005,1.428,0.077,0.0,50,50.028,44.91,Normal
0.4621,1.0124,2.191,20.034,112.7,50,49.984,39.34,Interruption
0.7161,1.0342,1.444,0.25,0.0,50,49.937,37.04,Normal
0.7102,1.0952,1.542,9.395,0.0,50,50.004,53.3,Harmonics
0.7061,1.0389,1.471,0.203,0.0,50,50.004,36.34,Normal
0.8932,1.3799,1.545,0.416,135.1,50,50.033,53.43,Swell
0.709,1.0323,1.456,0.221,0.0,50,49.986,36.15,Normal
0.7277,1.1167,1.535,0.412,49.2,50,49.967,45.13,Swell
0.7082,1.0052,1.419,0.034,0.0,50,50.005,50.13,Normal
0.7075,1.5667,2.214,1.897,5.0,50,50.005,48.6,Transient
0.7085,1.0734,1.515,6.02,0.0,50,49.981,42.85,Harmonics
0.7095,1.297,1.828,0.321,5.0,50,49.995,49.67,Transient
0.8379,1.4219,1.697,1.06,80.1,50,49.991,49.36,Swell
0.9629,1.5744,1.635,1.319,118.8,50,49.985,49.15,Swell
0.698,1.0016,1.435,0.143,0.0,50,49.984,41.68,Normal
0.6206,1.0021,1.615,1.342,59.3,50,49.998,54.72,Sag
0.6128,1.0059,1.642,4.823,49.4,50,50.006,47.78,Interruption
0.7161,1.0406,1.453,0.204,0.0,50,49.99,36.14,Normal
0.7091,0.9779,1.379,7.24,0.0,50,49.977,54.93,Harmonics
0.7114,1.0149,1.427,0.098,0.0,50,49.973,43.05,Normal
0.7079,1.029,1.454,4.249,0.0,50,49.978,37.12,Harmonics
0.7699,1.3187,1.713,1.488,52.1,50,50.017,40.56,Swell
0.9006,1.4201,1.577,0.839,129.2,50,49.982,41.42,Swell
0.4356,1.0085,2.315,13.444,121.5,50,50.017,39.21,Interruption
0.7093,1.0074,1.42,0.033,0.0,50,50.009,50.8,Normal
0.7081,1.0069,1.422,0.057,0.0,50,50.022,49.29,Normal
0.7101,0.9576,1.349,9.101,0.0,50,49.997,54.64,Harmonics
0.7172,1.0265,1.431,0.094,0.0,50,50.004,43.31,Normal
0.6061,1.0099,1.666,1.876,97.0,50,49.979,40.41,Sag
0.7112,1.1325,1.592,10.803,0.0,50,50.022,44.74,Harmonics
0.7138,1.9415,2.72,0.327,5.0,50,49.999,53.92,Transient
0.6698,1.0255,1.531,0.437,87.3,50,50.012,38.64,Sag
0.7094,1.0262,1.447,7.807,0.0,50,50.004,42.18,Harmonics
0.7146,1.0106,1.414,8.97,0.0,50,50.004,44.28,Notch
0.8733,1.4096,1.614,1.154,111.5,50,50.005,42.8,Swell
0.5248,1.0017,1.909,2.559,117.2,50,50.022,54.13,Sag
0.8033,1.3517,1.683,1.451,72.5,50,50.011,36.53,Swell
0.7077,1.027,1.451,3.484,0.0,50,49.967,45.21,Harmonics
0.7077,1.0182,1.439,0.196,0.0,50,49.98,37.87,Normal
0.755,1.2882,1.706,0.999,47.8,50,49.993,37.53,Swell
0.7087,1.0287,1.451,3.222,0.0,50,50.015,35.35,Notch
0.7144,1.0172,1.424,0.057,0.0,50,49.991,49.32,Normal
0.7219,1.0249,1.42,0.044,0.0,50,50.022,50.27,Normal
0.7079,1.0177,1.438,0.139,0.0,50,49.955,39.28,Normal
0.4942,1.0101,2.044,5.05,114.3,50,49.995,37.78,Sag
0.7134,1.0311,1.445,0.182,0.0,50,49.989,38.65,Normal
0.7091,1.1066,1.561,0.407,5.0,50,50.005,48.09,Transient
0.6116,1.0019,1.638,2.029,51.1,50,50.013,54.61,Sag
0.4303,1.006,2.338,1.686,151.2,50,50.026,43.8,Sag
0.8871,1.3352,1.505,0.293,146.7,50,50.028,51.36,Swell
0.7092,1.007,1.42,0.049,0.0,50,49.986,50.26,Normal
0.4791,1.0038,2.095,1.402,146.0,50,49.954,46.93,Sag
0.7087,1.9015,2.683,0.29,5.0,50,50.002,52.32,Transient
0.7015,1.0144,1.446,0.186,0.0,50,49.975,36.67,Normal
0.6574,1.0146,1.543,1.927,38.2,50,50.023,38.44,Sag
0.4919,1.0106,2.055,5.529,104.4,50,49.998,40.42,Sag
0.5364,1.0019,1.868,4.167,98.0,50,50.026,53.79,Sag
0.426,1.0011,2.35,1.414,158.5,50,49.993,52.51,Sag
0.5287,1.0043,1.9,5.051,95.0,50,50.004,45.84,Sag
0.7081,1.0284,1.452,1.102,5.0,50,49.97,37.15,Transient
0.7096,1.0421,1.469,8.459,0.0,50,50.004,48.59,Harmonics
0.3327,1.003,3.014,10.552,153.9,50,50.02,45.35,Interruption
0.6081,1.0076,1.657,2.735,56.4,50,50.004,45.22,Sag
0.7063,1.0043,1.422,0.061,0.0,50,50.004,47.79,Normal
0.6616,1.0041,1.518,0.626,34.8,50,50.004,47.12,Sag
0.803,1.4676,1.828,0.888,52.0,50,50.024,48.72,Swell
0.7179,1.0182,1.418,0.027,0.0,50,50.021,54.2,Normal
0.8693,1.3784,1.586,0.648,116.4,50,49.995,48.86,Swell
0.7088,1.0748,1.516,6.653,0.0,50,49.968,43.39,Harmonics
0.709,1.1149,1.573,7.472,0.0,50,50.026,35.05,Harmonics
0.6781,1.0026,1.479,0.919,41.6,50,49.982,53.91,Sag
0.518,1.0032,1.937,0.619,148.2,50,50.007,45.57,Sag
0.7074,1.0041,1.419,0.874,0.0,50,49.999,49.42,Notch
0.7103,1.0444,1.47,9.218,0.0,50,49.976,53.31,Harmonics
0.7085,1.0417,1.47,5.971,0.0,50,49.984,46.61,Harmonics
0.7125,1.0214,1.433,0.15,0.0,50,49.98,40.66,Normal
0.7089,1.0873,1.534,6.282,0.0,50,49.984,37.93,Harmonics
0.7616,1.1713,1.538,0.749,89.2,50,49.987,49.62,Swell
0.697,1.0028,1.439,0.704,27.3,50,49.986,52.25,Sag
0.6009,1.0017,1.667,0.866,111.7,50,50.004,52.7,Sag
0.592,1.0025,1.693,4.232,59.3,50,49.997,53.67,Interruption
0.7112,1.03,1.448,10.489,0.0,50,49.965,49.1,Harmonics
0.7086,1.0705,1.511,6.345,0.0,50,49.991,45.04,Harmonics
0.7151,2.5836,3.613,0.892,5.0,50,49.963,39.08,Transient
0.7119,1.023,1.437,0.145,0.0,50,50.031,38.86,Normal
0.7139,1.0203,1.429,0.088,0.0,50,50.01,43.94,Normal
0.7002,0.9951,1.421,0.053,0.0,50,49.983,48.76,Normal
0.7133,1.0791,1.513,0.226,0.0,50,50.021,35.98,Flicker
0.5975,1.0053,1.683,5.259,55.8,50,50.014,47.5,Sag
0.7017,1.0083,1.437,0.11,0.0,50,49.99,42.64,Normal
0.7092,1.0385,1.464,0.131,0.0,50,49.998,41.67,Flicker
0.7075,1.0372,1.466,3.642,0.0,50,50.013,49.59,Harmonics
0.7514,1.152,1.533,0.664,80.1,50,49.986,50.69,Swell
0.7072,1.0168,1.438,0.466,5.0,50,49.999,38.93,Transient
0.6954,0.9889,1.422,0.053,0.0,50,49.997,48.32,Normal
0.578,1.0015,1.733,0.604,132.9,50,50.016,52.08,Sag
0.614,1.009,1.643,3.838,50.7,50,50.006,42.63,Sag
0.7031,1.032,1.468,0.212,0.0,50,49.993,36.47,Normal
0.7068,1.1083,1.568,0.308,5.0,50,50.035,44.26,Transient
0.7132,1.013,1.42,0.039,0.0,50,50.008,52.1,Normal
0.8884,1.6547,1.863,1.918,69.5,50,49.983,37.1,Swell
0.5061,1.0112,1.998,1.456,127.0,50,50.026,40.32,Sag
0.7076,1.0039,1.419,2.207,0.0,50,50.047,49.75,Notch
0.8715,1.7453,2.003,3.751,51.1,50,50.028,45.18,Swell
0.8349,1.4403,1.725,1.439,77.4,50,50.006,43.3,Swell
0.7117,1.6569,2.328,1.743,5.0,50,50.02,51.6,Transient
0.7074,1.0114,1.43,0.1,0.0,50,49.956,42.92,Normal
0.5411,1.0178,1.881,3.873,84.6,50,49.956,36.52,Interruption
0.7086,1.1059,1.561,7.16,0.0,50,50.019,39.41,Harmonics
0.701,0.9977,1.423,0.07,0.0,50,49.997,46.28,Normal
0.7077,1.02,1.441,0.167,0.0,50,49.981,39.21,Normal
0.7011,0.9966,1.422,0.063,0.0,50,50.026,49.14,Normal
0.71,1.7162,2.417,0.534,5.0,50,50.001,39.59,Transient
0.7072,1.0157,1.436,0.024,0.0,50,49.981,52.53,Flicker
0.7109,1.0243,1.441,10.766,0.0,50,50.043,48.01,Harmonics
0.7088,1.0467,1.477,0.026,0.0,50,49.992,54.73,Flicker
0.5362,1.0027,1.87,8.1,83.1,50,50.008,50.55,Interruption
0.3479,1.0054,2.89,13.259,151.2,50,49.994,41.98,Interruption
0.6488,1.0105,1.557,0.485,99.8,50,49.985,43.67,Sag
0.7082,1.0039,1.418,0.031,0.0,50,50.0,52.83,Normal
0.7651,1.3563,1.773,0.713,40.7,50,50.034,53.4,Swell
0.3766,1.0056,2.67,4.341,147.8,50,50.034,39.92,Sag
0.6986,0.9964,1.426,0.037,0.0,50,50.022,49.83,Normal
0.7074,1.035,1.463,1.316,0.0,50,50.004,36.67,Notch
0.7065,1.0075,1.426,0.098,0.0,50,49.97,44.78,Normal
0.6989,0.9996,1.43,0.091,0.0,50,49.995,44.73,Normal
0.8074,1.6898,2.093,2.912,32.5,50,50.007,46.16,Swell
0.4011,1.0022,2.499,13.88,135.8,50,50.045,51.89,Interruption
0.7102,1.053,1.483,9.176,0.0,50,49.981,52.67,Harmonics
0.6289,1.0235,1.627,3.344,51.3,50,50.015,37.86,Sag
0.6051,1.0048,1.661,4.174,51.5,50,50.015,47.26,Interruption
0.7947,1.3022,1.639,0.896,76.0,50,50.009,42.02,Swell
0.7091,1.0275,1.449,3.038,0.0,50,49.995,35.82,Notch
0.7069,1.0034,1.419,0.033,0.0,50,50.006,53.28,Normal
0.6655,1.0027,1.507,4.962,24.0,50,50.02,51.9,Interruption
0.7123,1.0692,1.501,0.089,0.0,50,49.975,45.97,Flicker
0.7099,1.0982,1.547,8.765,0.0,50,50.0,42.69,Harmonics
0.7038,0.9986,1.419,0.034,0.0,50,50.012,53.07,Normal
0.7019,1.0243,1.459,0.241,0.0,50,50.003,36.07,Normal
0.7051,1.0153,1.44,0.143,0.0,50,50.007,40.28,Normal
0.713,1.0236,1.436,0.122,0.0,50,50.008,41.04,Normal
0.7187,1.9886,2.767,8.414,5.0,50,49.98,53.58,Transient
0.54,1.006,1.863,3.176,96.2,50,49.979,44.92,Sag
0.6764,1.0058,1.487,0.825,22.5,50,49.976,47.59,Sag
0.5721,1.008,1.762,1.881,102.7,50,50.011,45.18,Sag
0.7105,1.0074,1.418,0.024,0.0,50,50.002,54.66,Normal
0.7084,1.0243,1.446,0.101,0.0,50,50.018,42.24,Normal
0.7088,1.808,2.551,0.854,5.0,50,49.986,39.02,Transient
0.6217,1.014,1.631,0.55,119.9,50,50.028,38.59,Sag
0.6955,0.9871,1.419,0.043,0.0,50,49.99,50.22,Normal
0.7049,1.0117,1.435,0.104,0.0,50,50.015,42.1,Normal
0.7127,1.0116,1.419,5.404,0.0,50,49.967,43.83,Notch
0.7144,1.0373,1.452,0.192,0.0,50,49.99,36.61,Normal
0.7328,1.2378,1.689,0.721,28.1,50,50.009,53.19,Swell
0.929,1.7286,1.861,1.637,75.5,50,50.003,52.22,Swell
0.7121,1.0358,1.455,11.662,0.0,50,49.978,54.7,Harmonics
0.7125,1.0038,1.409,5.79,0.0,50,49.997,51.44,Notch
0.7012,0.9952,1.419,0.028,0.0,50,49.997,53.02,Normal
0.7133,1.0132,1.421,0.049,0.0,50,50.006,48.7,Normal
0.7085,1.0098,1.425,0.063,0.0,50,50.008,46.45,Normal
0.6996,0.9969,1.425,0.076,0.0,50,50.016,45.9,Normal
0.7,0.9947,1.421,0.043,0.0,50,50.007,51.33,Normal
0.5362,1.0041,1.873,1.866,113.1,50,49.982,49.1,Sag
0.7086,1.3711,1.935,1.171,5.0,50,49.999,36.17,Transient
0.7094,1.3311,1.876,1.606,5.0,50,49.98,53.4,Transient
0.6691,1.0162,1.519,0.34,22.7,50,49.96,38.6,Sag
0.7087,1.0249,1.446,6.202,0.0,50,50.013,38.33,Harmonics
0.7097,1.0052,1.416,3.765,0.0,50,49.983,48.75,Notch
0.7081,1.0031,1.417,2.57,0.0,50,49.988,53.54,Notch
0.7078,1.0188,1.439,0.147,0.0,50,50.026,39.87,Normal
0.672,1.0192,1.517,0.527,75.7,50,49.982,39.69,Sag
0.7085,0.9637,1.36,6.511,0.0,50,49.98,41.65,Harmonics
1.1004,1.7431,1.584,0.644,143.9,50,49.951,38.55,Swell
0.7091,1.0138,1.43,7.581,0.0,50,50.01,43.86,Harmonics
0.815,1.775,2.178,2.747,31.1,50,50.006,37.75,Swell
0.7116,1.0287,1.446,0.183,0.0,50,49.999,38.33,Normal
0.7109,1.0538,1.482,0.031,0.0,50,49.977,51.39,Flicker
0.8212,1.4325,1.744,1.111,68.6,50,49.971,44.1,Swell
0.7078,1.0057,1.421,0.811,5.0,50,49.981,48.74,Transient
0.7093,1.1017,1.553,8.031,0.0,50,50.006,49.32,Harmonics
0.5244,1.0061,1.919,10.826,90.2,50,49.997,42.73,Interruption
0.7092,1.0445,1.473,0.058,0.0,50,50.01,49.88,Flicker
0.7072,1.0132,1.433,0.084,0.0,50,50.008,45.25,Normal
0.5284,1.0067,1.905,0.39,150.8,50,49.975,44.68,Sag
0.6991,0.9956,1.424,0.064,0.0,50,49.992,46.92,Normal
0.7166,1.0225,1.427,0.073,0.0,50,49.999,45.5,Normal
0.7087,1.0568,1.491,6.542,0.0,50,49.988,51.49,Harmonics
0.7162,1.0609,1.481,0.028,0.0,50,49.981,54.93,Flicker
0.6245,1.0276,1.646,1.808,68.6,50,50.004,35.45,Sag
0.87,1.3841,1.591,0.618,117.9,50,50.046,40.6,Swell
0.816,1.798,2.203,1.515,29.7,50,49.982,42.37,Swell
0.7057,1.0173,1.441,0.151,0.0,50,49.991,38.87,Normal
0.711,1.0103,1.421,0.027,0.0,50,50.033,52.25,Normal
0.711,1.0235,1.44,0.172,0.0,50,50.044,38.53,Normal
0.5779,1.0184,1.762,5.935,70.2,50,49.996,35.85,Sag
0.482,1.0007,2.076,1.704,149.0,50,50.011,53.69,Sag
0.7091,1.0235,1.443,0.182,0.0,50,49.981,38.15,Normal
0.9976,1.5836,1.587,0.654,136.8,50,50.016,45.16,Swell
0.7137,1.0334,1.448,0.202,0.0,50,49.997,37.43,Normal
0.7542,1.125,1.492,0.386,107.9,50,49.997,52.01,Swell
0.9058,1.521,1.679,1.641,102.1,50,50.02,38.65,Swell
0.7088,1.0446,1.474,2.817,5.0,50,49.98,38.97,Transient
0.7095,1.9806,2.792,1.619,5.0,50,50.003,53.03,Transient
0.7075,1.338,1.891,0.297,5.0,50,50.006,44.85,Transient
0.6883,1.0066,1.463,1.117,33.8,50,49.969,46.11,Sag
0.7188,1.019,1.418,0.033,0.0,50,49.994,53.16,Normal
0.7144,1.0132,1.418,0.035,0.0,50,49.986,53.09,Normal
0.7078,1.0383,1.467,4.33,0.0,50,50.029,44.13,Harmonics
0.7102,1.0056,1.416,9.214,0.0,50,49.982,52.68,Harmonics
0.8659,1.6357,1.889,0.89,60.0,50,49.983,50.19,Swell
0.7087,2.0597,2.906,0.69,5.0,50,50.028,53.31,Transient
0.7075,1.0081,1.425,0.058,0.0,50,49.999,48.83,Normal
0.7078,1.0033,1.417,0.024,0.0,50,50.01,54.82,Normal
0.7075,1.0296,1.455,0.05,0.0,50,49.982,49.35,Flicker
0.7078,1.044,1.475,0.061,0.0,50,49.99,48.2,Flicker
0.7113,1.9952,2.805,1.378,5.0,50,49.981,53.01,Transient
0.6713,1.02,1.519,1.28,51.9,50,49.998,38.85,Sag
0.709,1.565,2.207,1.897,5.0,50,50.026,40.19,Transient
0.7077,1.0288,1.454,0.035,0.0,50,49.977,52.93,Flicker
0.7026,1.0183,1.449,0.177,0.0,50,50.02,38.9,Normal
0.7112,1.0125,1.424,0.053,0.0,50,50.011,47.73,Normal
0.6573,1.0107,1.538,0.377,116.1,50,49.99,43.03,Sag
0.7153,1.0674,1.492,0.128,0.0,50,50.042,41.14,Flicker
0.7045,1.0093,1.433,0.094,0.0,50,49.985,43.59,Normal
0.7101,1.2575,1.771,0.921,5.0,50,50.033,41.13,Transient
0.765,1.2026,1.572,0.467,82.2,50,49.964,39.31,Swell
0.7111,2.463,3.464,0.377,5.0,50,49.961,40.67,Transient
0.7082,1.0352,1.462,0.121,0.0,50,49.995,43.24,Flicker
0.7064,1.0014,1.418,0.033,0.0,50,50.0,54.31,Normal
0.7082,1.0101,1.426,0.07,0.0,50,50.028,46.83,Normal
0.7085,1.9695,2.78,1.176,5.0,50,49.964,48.99,Transient
0.709,1.0138,1.43,0.12,0.0,50,49.988,42.77,Normal
0.7076,1.0055,1.421,0.589,0.0,50,50.025,50.27,Notch
0.711,1.6619,2.337,0.68,5.0,50,49.992,45.49,Transient
0.7089,2.0912,2.95,0.518,5.0,50,50.005,45.44,Transient
0.7027,1.0031,1.428,0.108,0.0,50,50.015,44.03,Normal
0.7081,1.005,1.419,0.031,0.0,50,49.968,53.42,Normal
0.7031,1.0238,1.456,0.228,0.0,50,50.014,36.66,Normal
0.7129,1.0163,1.426,5.633,0.0,50,50.013,40.84,Notch
0.7102,1.0302,1.451,0.195,0.0,50,49.992,36.79,Normal
0.698,0.9901,1.418,0.051,0.0,50,50.011,50.35,Normal
0.8354,1.2534,1.5,0.2,141.4,50,50.013,54.56,Swell
0.7054,1.0022,1.421,0.038,0.0,50,49.972,50.58,Normal
0.7027,1.019,1.45,0.24,0.0,50,50.006,35.95,Normal
0.6082,1.0028,1.649,4.047,57.8,50,49.999,52.76,Sag
0.7074,1.0237,1.447,0.036,0.0,50,49.986,51.72,Flicker
0.7178,2.0118,2.803,4.117,5.0,50,50.022,41.95,Transient
0.7197,1.0289,1.43,0.117,0.0,50,49.958,42.3,Normal
1.095,1.7346,1.584,1.277,142.0,50,49.986,43.66,Swell
0.7008,1.0011,1.429,0.061,0.0,50,49.985,46.0,Normal
0.9435,1.4481,1.535,0.417,145.6,50,50.017,45.97,Swell
0.4786,1.005,2.1,3.86,116.3,50,50.007,42.58,Sag
0.663,1.0032,1.513,3.69,22.6,50,49.994,51.92,Interruption
0.7054,1.0039,1.423,0.062,0.0,50,49.998,47.26,Normal
0.7155,1.0218,1.428,0.099,0.0,50,49.978,43.49,Normal
0.698,1.0002,1.433,0.106,0.0,50,50.007,42.36,Normal
0.5782,1.0016,1.732,5.558,65.9,50,50.025,54.32,Interruption
0.9453,1.4439,1.527,0.362,147.1,50,49.991,46.85,Swell
0.7103,1.0901,1.535,9.302,0.0,50,49.986,51.87,Harmonics
0.3091,1.0006,3.237,3.138,162.2,50,50.008,49.59,Interruption
0.7069,1.0296,1.456,0.219,0.0,50,50.0,35.97,Flicker
0.6521,1.0054,1.542,0.983,70.8,50,50.005,49.89,Sag
0.7082,1.0193,1.439,1.699,0.0,50,50.005,37.22,Notch
0.7074,1.441,2.037,0.516,5.0,50,50.023,54.02,Transient
0.7038,1.0185,1.447,0.197,0.0,50,49.983,36.81,Normal
0.7076,1.029,1.454,0.354,5.0,50,50.023,49.09,Transient
0.6087,1.0031,1.648,5.667,50.5,50,50.024,49.81,Interruption
0.7132,1.0123,1.419,0.038,0.0,50,50.041,51.48,Normal
0.705,1.0011,1.42,0.03,0.0,50,50.006,51.39,Normal
0.7123,2.0751,2.913,0.808,5.0,50,49.984,50.13,Transient
0.7143,1.043,1.46,0.315,0.0,50,50.022,35.51,Normal
0.6202,1.0159,1.638,0.609,127.0,50,50.014,37.41,Sag
0.7092,1.0303,1.453,7.569,0.0,50,49.992,50.12,Harmonics
0.7023,1.011,1.44,0.13,0.0,50,49.987,39.79,Normal
0.7721,1.4393,1.864,1.913,34.4,50,50.009,37.89,Swell
0.7088,1.088,1.535,6.659,0.0,50,49.993,48.68,Harmonics
0.7081,1.0481,1.48,0.162,0.0,50,50.012,39.75,Flicker
0.7118,2.1667,3.044,0.411,5.0,50,49.962,50.73,Transient
0.7144,1.0203,1.428,0.096,0.0,50,49.997,43.64,Normal
1.0685,1.7407,1.629,1.101,129.2,50,49.983,46.7,Swell
0.7036,1.0036,1.427,0.05,0.0,50,50.011,48.28,Normal
0.7135,1.0137,1.421,0.039,0.0,50,50.037,49.86,Normal
0.7104,1.4845,2.09,1.944,5.0,50,49.971,50.66,Transient
0.8999,1.4978,1.664,0.574,100.9,50,49.977,49.05,Swell
0.8939,1.3706,1.533,0.631,139.4,50,50.029,47.6,Swell
0.7148,1.0306,1.442,0.162,0.0,50,49.99,38.55,Normal
0.7085,1.177,1.661,1.134,5.0,50,50.018,53.6,Transient
0.5899,1.0166,1.723,3.224,63.2,50,49.981,39.22,Interruption
0.7087,1.0905,1.539,0.383,5.0,50,49.983,49.03,Transient
0.707,1.0042,1.42,0.042,0.0,50,50.029,50.78,Normal
0.7005,1.0026,1.431,0.156,0.0,50,49.999,40.71,Normal
0.7785,1.6168,2.077,0.879,27.6,50,49.977,47.47,Swell
0.4169,1.0017,2.403,11.475,131.7,50,50.006,50.54,Interruption
0.7138,1.0199,1.429,0.09,0.0,50,50.004,44.02,Normal
0.6621,1.009,1.524,4.281,28.3,50,49.971,45.75,Sag
0.5798,1.0152,1.751,5.217,64.2,50,49.981,41.0,Sag
0.7141,1.0201,1.429,0.087,0.0,50,50.038,44.48,Normal
0.5265,1.0065,1.912,6.932,89.1,50,49.989,44.54,Interruption
0.7497,1.1878,1.584,0.438,62.6,50,50.019,50.04,Swell
0.5244,1.0217,1.948,3.568,104.1,50,50.009,35.01,Sag
0.698,1.0068,1.442,0.174,0.0,50,50.005,38.4,Normal
0.6923,1.0036,1.45,0.194,31.4,50,49.979,51.0,Sag
0.7072,1.0282,1.454,0.988,0.0,50,50.024,37.45,Notch
0.6476,1.0058,1.553,7.505,34.9,50,50.0,46.15,Interruption
0.7417,1.2913,1.741,0.485,33.7,50,50.011,38.16,Swell
0.7008,0.9951,1.42,0.033,0.0,50,50.018,52.4,Normal
0.7076,1.468,2.075,1.036,5.0,50,50.033,54.02,Transient
0.5492,1.0051,1.83,8.558,79.0,50,49.995,45.36,Interruption
0.7051,1.0195,1.446,0.144,0.0,50,50.026,39.68,Normal
0.904,1.5968,1.766,1.259,86.1,50,49.982,35.28,Swell
0.4866,1.0039,2.063,4.273,122.4,50,49.994,49.25,Sag
0.3802,1.0013,2.633,2.002,154.9,50,49.981,54.31,Sag
0.712,1.7477,2.455,0.949,5.0,50,49.983,48.6,Transient
0.7076,1.0402,1.47,0.198,0.0,50,49.987,37.18,Flicker
0.6091,1.012,1.661,0.828,117.5,50,49.991,39.05,Sag
0.7023,0.9973,1.42,0.048,0.0,50,50.008,49.98,Normal
0.5228,1.0013,1.915,9.795,90.1,50,49.955,51.09,Interruption
0.7089,1.0079,1.422,2.59,0.0,50,50.035,46.35,Notch
0.7222,1.1193,1.55,0.275,38.1,50,49.978,43.2,Swell
0.7119,1.025,1.44,0.159,0.0,50,49.98,38.74,Normal
0.6967,0.9984,1.433,0.119,0.0,50,50.003,41.38,Normal
0.6231,1.0237,1.643,4.873,44.8,50,50.002,35.86,Sag
0.5267,1.0018,1.902,2.411,101.2,50,50.033,48.31,Sag
0.6294,1.0028,1.593,2.533,42.5,50,50.017,54.53,Interruption
0.7081,1.0104,1.427,5.622,0.0,50,50.02,48.84,Harmonics
0.7193,1.0482,1.457,0.273,0.0,50,50.013,35.59,Normal
0.7132,1.0218,1.433,6.147,0.0,50,50.03,38.54,Notch
0.7102,1.0039,1.414,3.505,0.0,50,49.976,52.36,Notch
0.8075,1.5737,1.949,1.345,45.9,50,49.99,35.34,Swell
0.526,1.0027,1.906,1.34,131.2,50,49.965,51.88,Sag
0.6025,1.0129,1.681,1.802,89.8,50,50.04,36.84,Sag
0.7093,1.0239,1.444,3.945,0.0,50,49.984,37.84,Notch
0.709,0.9765,1.377,7.426,0.0,50,50.004,41.82,Harmonics
0.7075,1.0143,1.434,0.912,5.0,50,49.993,41.07,Transient
0.6907,1.001,1.449,0.282,0.0,50,50.005,35.12,Normal
0.71,1.0614,1.495,8.966,0.0,50,49.991,52.27,Harmonics
1.1074,1.7497,1.58,0.838,146.0,50,50.017,48.84,Swell
0.7088,1.0046,1.417,1.467,0.0,50,49.927,49.92,Notch
0.4603,1.0036,2.18,6.319,119.3,50,50.004,48.14,Sag
0.7116,1.0101,1.419,0.04,0.0,50,49.971,50.31,Normal
0.6664,1.0073,1.512,3.88,29.3,50,49.993,45.97,Sag
0.7089,1.0294,1.452,6.807,0.0,50,49.979,51.24,Harmonics
0.7075,1.0005,1.414,3.602,0.0,50,50.007,50.75,Harmonics
0.6315,1.0058,1.593,1.738,45.0,50,50.013,47.18,Sag
0.7136,1.7401,2.438,1.121,5.0,50,49.956,47.89,Transient
0.7076,1.0098,1.427,0.07,0.0,50,50.031,45.55,Normal
0.5893,1.0018,1.7,2.614,72.6,50,50.038,54.46,Sag
0.7092,1.0152,1.432,7.891,0.0,50,50.012,54.91,Harmonics
0.7022,1.0232,1.457,0.267,0.0,50,49.995,37.08,Normal
0.6983,0.9919,1.42,0.043,0.0,50,49.99,49.95,Normal
0.7083,1.0323,1.457,6.229,0.0,50,50.027,38.57,Harmonics
0.7118,1.0704,1.504,11.102,0.0,50,50.015,38.92,Harmonics
0.593,1.0024,1.69,4.829,58.8,50,49.99,51.83,Interruption
0.7057,1.0017,1.419,0.048,0.0,50,49.975,49.91,Normal
0.638,1.0039,1.573,6.293,34.7,50,50.03,54.26,Sag
0.5596,1.0029,1.792,10.076,77.0,50,50.017,51.3,Sag
0.7355,1.0904,1.483,0.259,0.0,50,49.982,35.27,Flicker
0.7051,1.0187,1.445,0.196,0.0,50,49.997,37.65,Normal
0.7097,1.8538,2.612,1.814,5.0,50,49.98,44.74,Transient
0.7278,1.1256,1.547,0.276,45.3,50,49.989,52.69,Swell
0.6962,0.9901,1.422,0.05,0.0,50,49.967,47.68,Normal
0.6963,1.0076,1.447,0.243,0.0,50,49.967,36.5,Normal
0.6488,1.0119,1.56,1.158,64.4,50,49.97,39.2,Sag
0.7856,1.18,1.502,0.282,122.0,50,49.993,49.79,Swell
0.7166,1.0228,1.427,0.072,0.0,50,50.024,45.03,Normal
0.711,2.3998,3.375,0.707,5.0,50,49.998,40.87,Transient
0.7111,1.0239,1.44,9.907,0.0,50,49.98,37.19,Harmonics
0.7031,1.0003,1.423,0.066,0.0,50,50.048,47.32,Normal
0.7083,1.0131,1.43,3.326,0.0,50,50.01,46.46,Notch
0.7144,1.6031,2.244,0.838,5.0,50,49.992,42.46,Transient
0.664,1.0311,1.553,1.217,71.0,50,49.957,35.18,Sag
0.5544,1.0128,1.827,2.907,87.6,50,50.008,40.82,Sag
0.7076,1.0327,1.46,0.082,0.0,50,49.974,45.3,Flicker
0.7124,1.0134,1.423,0.041,0.0,50,50.009,50.69,Normal
0.7082,1.0122,1.429,1.482,0.0,50,49.984,42.85,Notch
0.7159,1.0175,1.421,0.031,0.0,50,50.032,53.42,Normal
0.6495,1.0246,1.578,1.173,42.5,50,50.023,36.73,Sag
0.7094,1.0903,1.537,3.068,5.0,50,49.984,43.75,Transient
0.7052,1.0014,1.42,0.031,0.0,50,49.988,53.63,Normal
0.7085,1.0245,1.446,6.392,0.0,50,50.006,53.06,Harmonics
0.7112,1.0843,1.525,10.728,0.0,50,49.982,53.06,Harmonics
0.7289,1.1222,1.539,0.268,51.3,50,50.033,46.23,Swell
0.7096,1.0404,1.466,0.057,0.0,50,49.997,47.5,Flicker
0.8328,1.7727,2.129,2.989,37.0,50,50.009,43.94,Swell
0.7022,1.0039,1.43,0.09,0.0,50,49.976,45.37,Normal
0.8778,1.3046,1.486,0.217,155.7,50,50.033,49.56,Swell
0.7213,1.0312,1.43,0.058,0.0,50,50.015,46.05,Normal
0.5873,1.0128,1.725,6.672,64.8,50,50.016,38.81,Interruption
0.702,0.9984,1.422,0.044,0.0,50,50.007,49.35,Normal
0.7126,1.0121,1.42,0.039,0.0,50,49.99,51.79,Normal
0.7087,1.0319,1.456,6.709,0.0,50,50.004,48.84,Harmonics
0.7011,1.0009,1.428,0.105,0.0,50,50.002,44.07,Normal
0.7035,1.0133,1.44,0.179,0.0,50,50.039,39.48,Normal
0.7141,1.0217,1.431,0.076,0.0,50,50.017,45.54,Normal
0.4575,1.0026,2.191,1.262,158.1,50,50.007,47.56,Sag
0.7998,1.6929,2.117,1.043,32.1,50,50.019,40.78,Swell
0.6291,1.0012,1.591,1.056,92.8,50,49.983,54.88,Sag
0.4292,1.0179,2.371,17.799,127.5,50,50.013,35.61,Interruption
0.8531,1.2937,1.516,0.32,149.5,50,50.001,37.78,Swell
0.6296,1.0033,1.594,0.798,40.2,50,50.034,52.26,Interruption
0.7083,1.0195,1.439,0.124,0.0,50,50.025,41.37,Normal
0.7077,1.0036,1.418,0.647,5.0,50,49.998,54.92,Transient
0.7024,1.0084,1.436,0.085,0.0,50,50.011,43.47,Normal
0.7052,1.0054,1.426,0.079,0.0,50,49.997,46.22,Normal
0.7282,1.0348,1.421,0.062,0.0,50,49.985,47.74,Normal
0.8864,1.3309,1.502,0.184,152.0,50,49.946,49.58,Swell
0.7045,1.0197,1.448,0.26,0.0,50,49.992,35.64,Normal
0.8828,1.4986,1.698,1.619,91.0,50,50.008,48.4,Swell
0.7061,1.0146,1.437,0.115,0.0,50,50.001,42.36,Normal
0.7094,1.0085,1.421,0.063,0.0,50,50.034,47.75,Normal
0.4693,1.0135,2.16,10.862,113.9,50,49.986,37.83,Interruption
0.7101,1.6232,2.286,0.305,5.0,50,49.981,52.84,Transient
0.7096,1.0809,1.523,8.39,0.0,50,49.997,54.61,Harmonics
0.7095,1.8492,2.606,0.776,5.0,50,50.02,44.27,Transient
0.7086,1.0562,1.49,1.609,5.0,50,49.99,38.41,Transient
0.7182,1.0385,1.446,0.171,0.0,50,50.019,38.35,Normal
0.8471,1.5862,1.872,2.054,58.8,50,49.995,49.33,Swell
0.4044,1.0052,2.485,6.071,136.8,50,49.975,45.06,Sag
0.6407,1.0069,1.572,1.308,59.4,50,50.0,45.54,Sag
0.8155,1.4629,1.794,0.865,56.8,50,50.014,44.4,Swell
0.7094,0.9857,1.389,7.356,0.0,50,49.98,43.66,Harmonics
0.5422,1.0059,1.855,1.466,120.8,50,49.979,43.86,Sag
0.7105,1.0152,1.429,9.593,0.0,50,50.003,41.09,Harmonics
0.7018,1.022,1.456,0.257,0.0,50,50.007,35.69,Normal
0.705,1.0169,1.442,0.203,0.0,50,49.979,38.1,Normal
0.7092,1.0148,1.431,2.433,0.0,50,49.972,40.58,Notch
0.701,0.9991,1.425,0.083,0.0,50,49.97,43.44,Normal
0.7124,1.0196,1.431,0.137,0.0,50,50.018,41.8,Normal
0.6868,0.9877,1.438,0.149,0.0,50,50.024,40.3,Normal
0.7031,1.0028,1.426,0.074,0.0,50,49.974,44.86,Normal
0.7084,1.785,2.52,0.676,5.0,50,49.99,52.57,Transient
0.7468,1.2334,1.652,0.479,53.8,50,50.043,35.17,Swell
0.7095,1.0282,1.449,8.186,0.0,50,50.002,45.5,Harmonics
0.7001,0.9936,1.419,0.026,0.0,50,50.011,54.92,Normal
0.8482,1.3556,1.598,0.872,120.5,50,49.996,36.0,Swell
0.711,1.0696,1.504,10.413,0.0,50,49.99,45.03,Harmonics
0.7071,1.0136,1.434,0.034,0.0,50,50.014,53.09,Flicker
0.5922,1.0066,1.7,1.572,82.6,50,50.04,46.68,Sag
0.7029,0.9993,1.422,0.047,0.0,50,50.003,50.55,Normal
0.7093,1.0409,1.468,2.058,0.0,50,49.967,35.9,Notch
0.6986,0.997,1.427,0.084,0.0,50,49.981,45.05,Normal
0.7092,0.9743,1.374,8.027,0.0,50,50.017,46.28,Harmonics
0.6477,1.0025,1.548,1.469,70.7,50,50.023,54.75,Sag
0.7052,1.0031,1.422,0.048,0.0,50,50.008,50.21,Normal
0.7079,1.0186,1.439,1.507,0.0,50,49.961,38.79,Notch
0.7076,1.0377,1.466,0.17,0.0,50,49.979,39.01,Flicker
0.7098,1.0087,1.421,0.055,0.0,50,50.013,48.63,Normal
0.8449,1.5748,1.864,1.189,58.3,50,49.975,45.1,Swell
0.7117,1.038,1.458,11.76,0.0,50,50.018,43.91,Harmonics
0.6905,0.9785,1.417,0.023,0.0,50,49.994,53.04,Normal
0.7006,0.9987,1.425,0.067,0.0,50,50.004,44.7,Normal
0.5003,1.0042,2.007,3.76,99.3,50,49.988,47.86,Interruption
0.7074,1.0098,1.428,0.074,0.0,50,49.957,43.03,Normal
0.7029,1.002,1.425,0.052,0.0,50,50.029,48.59,Normal
0.6943,0.9881,1.423,0.059,0.0,50,49.985,46.06,Normal
0.7086,1.0066,1.42,0.034,0.0,50,50.014,51.98,Normal
0.5747,1.0044,1.748,3.954,65.0,50,49.985,50.11,Interruption
0.6579,1.0064,1.53,2.852,27.9,50,49.992,48.62,Interruption
0.714,1.0331,1.447,0.205,0.0,50,50.003,36.1,Normal
0.7095,1.1333,1.597,8.546,0.0,50,50.027,36.47,Harmonics
0.3637,1.0018,2.754,5.686,149.7,50,50.011,54.06,Sag
0.7118,1.0358,1.455,0.216,0.0,50,50.018,35.75,Normal
0.5928,1.0079,1.7,5.521,71.0,50,49.966,40.72,Sag
0.8149,1.7001,2.086,3.162,37.4,50,49.995,44.94,Swell
0.7062,1.0188,1.443,0.106,0.0,50,50.005,39.48,Normal
0.7127,2.0736,2.909,5.623,5.0,50,49.979,51.01,Transient
0.4878,1.0019,2.054,10.071,102.1,50,50.008,53.55,Interruption
0.7093,1.497,2.111,0.653,5.0,50,49.988,45.39,Transient
0.7087,1.0593,1.495,0.096,0.0,50,49.957,44.19,Flicker
0.7103,1.1684,1.645,9.702,0.0,50,50.022,44.79,Harmonics
0.7112,0.9943,1.398,10.868,0.0,50,49.99,42.85,Harmonics
0.7899,1.7292,2.189,1.477,24.7,50,50.009,44.18,Swell
0.7055,1.0025,1.421,0.025,0.0,50,50.002,54.65,Normal
0.7821,1.3392,1.712,0.904,55.5,50,50.003,54.92,Swell
0.7626,1.1273,1.478,0.325,129.2,50,49.989,44.87,Swell
0.6859,1.0192,1.486,0.554,28.4,50,50.038,37.28,Sag
0.7077,1.1151,1.576,0.143,5.0,50,50.033,50.5,Transient
0.7086,1.0927,1.542,6.921,0.0,50,50.022,52.23,Harmonics
0.7127,1.6306,2.288,1.946,5.0,50,50.005,51.51,Transient
0.7179,1.0266,1.43,0.125,0.0,50,50.003,42.24,Normal
0.7111,1.0387,1.461,10.259,0.0,50,49.965,51.8,Harmonics
0.6393,1.0035,1.57,0.355,125.2,50,50.004,47.88,Sag
0.707,1.0139,1.434,0.125,0.0,50,49.996,41.33,Normal
0.9974,1.5977,1.602,0.549,132.9,50,50.0,42.8,Swell
0.7082,1.0156,1.434,1.54,0.0,50,49.992,37.39,Notch
0.7049,1.0036,1.424,0.06,0.0,50,49.992,45.52,Normal
0.7127,1.0096,1.417,0.033,0.0,50,49.974,53.02,Normal
0.6213,1.0051,1.618,1.849,88.6,50,50.012,44.63,Sag
0.7076,1.0368,1.465,0.095,0.0,50,49.995,42.84,Flicker
0.6134,1.0102,1.647,4.395,54.6,50,49.986,39.6,Sag
0.6099,1.0027,1.644,2.689,74.2,50,49.984,54.76,Sag
0.7012,0.9953,1.419,0.026,0.0,50,50.009,52.71,Normal
0.7187,1.0247,1.426,0.094,0.0,50,49.968,44.81,Normal
0.7046,1.0081,1.431,0.127,0.0,50,50.017,41.94,Normal
0.7101,1.1276,1.588,8.639,0.0,50,49.961,41.28,Harmonics
0.4004,1.0059,2.513,4.743,142.2,50,49.989,41.27,Sag
0.7154,1.0372,1.45,0.173,0.0,50,49.985,36.89,Normal
0.71,1.0127,1.426,0.095,0.0,50,50.009,44.96,Normal
0.573,1.0058,1.755,8.469,65.5,50,50.007,48.99,Interruption
0.7155,1.0709,1.497,0.063,0.0,50,49.959,46.65,Flicker
0.7142,1.021,1.43,0.069,0.0,50,50.019,46.66,Flicker
0.7076,1.1798,1.667,0.212,5.0,50,49.997,42.49,Transient
0.6944,0.9879,1.423,0.054,0.0,50,50.02,48.96,Normal
0.5929,1.0037,1.693,1.453,103.4,50,49.957,46.36,Sag
0.7086,1.0271,1.45,0.036,0.0,50,49.971,51.59,Flicker
0.7249,1.0325,1.424,0.06,0.0,50,49.977,46.62,Normal
0.6984,0.9938,1.423,0.034,0.0,50,49.994,49.07,Normal
0.4112,1.0006,2.433,6.665,136.5,50,50.015,53.67,Sag
0.7076,1.0232,1.446,0.351,5.0,50,49.969,38.26,Transient
0.7148,1.0152,1.42,0.044,0.0,50,49.95,50.39,Normal
0.6913,0.98,1.418,0.02,0.0,50,49.991,54.57,Normal
0.7099,1.0136,1.428,0.074,0.0,50,50.011,45.74,Normal
0.7083,1.0237,1.445,0.159,0.0,50,50.015,37.51,Normal
0.7225,1.0288,1.424,0.058,0.0,50,49.999,48.3,Normal
0.7086,1.833,2.587,0.517,5.0,50,49.974,47.59,Transient
0.5016,1.0147,2.023,5.132,114.8,50,49.994,37.13,Sag
0.7123,1.0333,1.451,0.251,0.0,50,50.012,35.3,Normal
0.7124,1.0504,1.474,0.073,0.0,50,49.974,43.85,Flicker
0.709,1.065,1.502,0.117,0.0,50,49.984,42.3,Flicker
0.7015,1.0248,1.461,0.229,0.0,50,49.99,35.56,Normal
0.6194,1.0085,1.628,3.515,45.1,50,50.002,42.94,Sag
0.6324,1.0046,1.589,0.393,134.8,50,49.979,50.81,Sag
0.7109,1.7398,2.448,1.165,5.0,50,50.038,52.52,Transient
0.843,1.3512,1.603,1.112,102.8,50,49.986,49.17,Swell
0.6399,1.0093,1.577,1.437,34.9,50,49.95,43.83,Interruption
0.6913,0.983,1.422,0.051,0.0,50,50.024,51.26,Normal
0.7087,1.0965,1.547,6.475,0.0,50,49.994,40.68,Harmonics
0.6968,1.005,1.442,0.561,25.5,50,50.017,47.84,Sag
0.7079,1.0794,1.525,5.545,0.0,50,50.022,37.03,Harmonics
0.7081,1.8168,2.566,0.853,5.0,50,49.964,53.9,Transient
0.7132,2.271,3.184,1.203,5.0,50,49.942,53.41,Transient
0.9533,1.5173,1.592,1.204,128.3,50,50.011,49.62,Swell
0.7042,0.9992,1.419,0.034,0.0,50,49.981,52.48,Normal
0.592,1.0051,1.698,1.828,58.7,50,50.006,49.16,Interruption
0.7067,1.0264,1.452,0.661,5.0,50,50.009,36.52,Transient
0.7047,1.0161,1.442,0.145,0.0,50,49.989,38.4,Normal
0.6991,0.9917,1.418,0.022,0.0,50,50.028,54.91,Normal
0.7091,1.0758,1.517,0.211,0.0,50,50.017,37.48,Flicker
0.724,1.0279,1.42,0.035,0.0,50,49.978,50.9,Normal
0.7096,1.0343,1.458,0.047,0.0,50,49.981,50.91,Flicker
0.7063,1.0017,1.418,0.027,0.0,50,50.015,53.93,Normal
0.4181,1.0073,2.409,8.243,131.3,50,50.017,39.74,Interruption
0.7089,1.0652,1.503,7.384,0.0,50,49.992,39.87,Harmonics
0.7628,1.6145,2.116,1.154,22.6,50,49.995,46.18,Swell
0.6977,1.0103,1.448,0.193,0.0,50,50.038,37.58,Normal
0.7222,1.07,1.482,0.048,0.0,50,50.083,48.78,Flicker
0.7022,0.9974,1.421,0.032,0.0,50,49.993,51.29,Normal
0.7093,1.6474,2.323,0.437,5.0,50,50.0,54.73,Transient
0.5624,1.0019,1.781,0.963,141.7,50,49.961,50.26,Sag
0.7082,1.013,1.43,0.043,0.0,50,49.996,50.14,Flicker
0.7092,1.1219,1.582,7.792,0.0,50,50.012,52.82,Harmonics
0.7103,1.0895,1.534,9.163,0.0,50,49.973,40.24,Harmonics
0.5536,1.0145,1.833,1.017,118.9,50,50.02,40.22,Sag
0.7181,1.0561,1.471,0.047,0.0,50,50.001,50.28,Flicker
0.7116,1.0347,1.454,5.917,0.0,50,49.985,35.14,Notch
0.7107,1.025,1.442,10.391,0.0,50,50.027,49.89,Harmonics
0.5724,1.0031,1.752,1.87,94.8,50,49.992,51.16,Sag
0.6992,0.9967,1.425,0.066,0.0,50,49.995,46.07,Normal
0.9182,1.4852,1.617,1.413,121.2,50,49.979,37.29,Swell
0.4161,1.0048,2.415,9.39,131.9,50,49.996,43.54,Interruption
0.7105,1.0151,1.429,0.047,0.0,50,49.989,48.89,Flicker
0.5793,1.0081,1.74,0.92,81.3,50,49.985,43.48,Sag
0.7482,1.2495,1.67,0.465,52.0,50,50.012,35.33,Swell
0.5572,1.0015,1.797,2.104,104.6,50,49.984,54.87,Sag
0.7082,0.9867,1.393,6.376,0.0,50,50.037,35.89,Harmonics
0.712,1.0109,1.42,0.032,0.0,50,49.972,52.24,Normal
0.7149,1.0084,1.411,9.936,0.0,50,49.994,44.36,Notch
0.7153,1.0496,1.467,0.17,0.0,50,49.992,37.67,Flicker
0.42,1.0051,2.393,19.277,128.6,50,50.008,43.55,Interruption
0.8753,1.4033,1.603,1.438,111.0,50,49.998,49.83,Swell
0.7404,1.1192,1.512,0.325,82.0,50,50.034,46.22,Swell
0.7081,1.0438,1.474,5.488,0.0,50,50.004,53.53,Harmonics
0.7092,1.5805,2.229,0.428,5.0,50,49.986,37.07,Transient
0.7127,1.0055,1.411,5.611,0.0,50,50.007,49.36,Notch
0.5947,1.0036,1.688,2.461,73.1,50,50.0,51.85,Sag
0.7039,0.9985,1.419,0.038,0.0,50,49.982,52.67,Normal
0.3381,1.0029,2.967,12.59,154.0,50,49.984,44.97,Interruption
0.38,1.001,2.634,1.654,154.6,50,49.997,45.03,Sag
0.7075,1.0037,1.419,2.104,5.0,50,49.978,51.08,Transient
0.5946,1.0034,1.687,2.269,58.7,50,49.982,52.21,Sag
0.7079,1.0733,1.516,4.691,0.0,50,49.993,36.76,Harmonics
0.7184,1.1154,1.553,0.246,23.6,50,49.95,50.25,Swell
0.7978,1.3502,1.692,1.036,72.3,50,50.013,42.3,Swell
0.5827,1.0079,1.73,8.443,63.0,50,49.982,40.93,Sag
0.7203,1.0454,1.451,0.18,0.0,50,49.987,37.37,Flicker
0.489,1.012,2.069,6.065,110.3,50,50.01,38.5,Sag
0.7097,1.0113,1.425,0.064,0.0,50,50.022,47.18,Normal
0.711,1.0216,1.437,4.302,0.0,50,49.996,38.23,Notch
0.7062,1.0254,1.452,0.181,0.0,50,49.994,38.3,Normal
0.7037,1.0058,1.429,0.087,0.0,50,50.009,44.37,Normal
0.627,1.0109,1.612,5.191,42.8,50,49.997,42.4,Sag
0.7144,1.0313,1.444,0.166,0.0,50,49.983,37.88,Normal
0.7105,1.0105,1.422,0.066,0.0,50,49.973,47.16,Normal
0.701,0.9962,1.421,0.044,0.0,50,49.98,51.28,Normal
0.7117,1.1055,1.553,3.585,5.0,50,50.003,45.13,Transient
0.6179,1.0138,1.641,0.967,80.4,50,49.97,39.98,Sag
0.7036,1.0099,1.435,0.089,0.0,50,49.995,41.1,Normal
0.7103,1.0074,1.418,0.033,0.0,50,50.0,51.39,Normal
0.7122,1.0029,1.408,5.699,0.0,50,49.993,54.0,Notch
0.7416,1.159,1.563,0.25,58.0,50,49.99,52.27,Swell
0.7104,1.0271,1.446,0.192,0.0,50,50.004,36.6,Normal
0.7099,1.0804,1.522,0.234,0.0,50,50.027,35.86,Flicker
0.7101,1.6102,2.268,0.356,5.0,50,49.995,37.22,Transient
0.7109,1.0124,1.424,0.061,0.0,50,50.012,47.76,Normal
0.4838,1.0067,2.081,10.661,104.0,50,49.958,39.35,Interruption
0.7174,1.0185,1.42,0.033,0.0,50,49.978,52.32,Normal
0.6949,1.0115,1.456,0.238,0.0,50,50.036,35.83,Normal
0.7071,1.0116,1.431,0.373,0.0,50,50.003,43.48,Notch
0.3339,1.002,3.001,15.079,154.5,50,50.023,49.68,Interruption
0.7143,1.0142,1.42,0.026,0.0,50,50.004,53.24,Normal
0.622,1.0023,1.611,2.168,57.6,50,49.986,54.39,Sag
0.7084,1.5545,2.194,0.316,5.0,50,49.995,44.44,Transient
0.6571,1.006,1.531,1.094,25.4,50,50.0,46.8,Sag
0.7199,1.0218,1.419,0.029,0.0,50,50.01,54.61,Normal
0.7097,1.035,1.458,0.079,0.0,50,50.023,41.71,Flicker
0.7106,1.0142,1.427,0.1,0.0,50,49.995,42.77,Normal
0.7047,1.0001,1.419,0.034,0.0,50,49.992,51.8,Normal
0.7015,1.0026,1.429,0.085,0.0,50,49.978,43.66,Normal
0.9886,1.7145,1.734,0.672,100.6,50,50.002,49.19,Swell
0.7088,1.0632,1.5,7.381,0.0,50,50.022,51.11,Harmonics
0.4475,1.0074,2.251,9.988,119.2,50,49.99,41.58,Interruption
0.6734,1.0077,1.497,0.599,71.9,50,49.994,45.12,Sag
0.6238,1.0173,1.631,1.745,54.1,50,50.008,37.34,Sag
0.7719,1.3058,1.692,1.109,55.9,50,49.99,39.3,Swell
0.7047,1.0017,1.421,0.037,0.0,50,50.022,50.98,Normal
0.704,1.0053,1.428,0.078,0.0,50,50.026,43.92,Normal
0.3394,1.0001,2.947,4.5,155.5,50,49.989,49.62,Sag
0.8952,1.4855,1.659,1.461,108.5,50,50.031,36.39,Swell
0.4465,1.0048,2.25,9.123,121.8,50,49.982,45.53,Interruption
0.7065,1.0018,1.418,0.031,0.0,50,49.979,53.81,Normal
0.4876,1.0048,2.061,5.877,116.2,50,49.99,43.32,Sag
0.7083,1.0766,1.52,5.359,0.0,50,50.01,35.12,Harmonics
0.711,1.0123,1.424,0.067,0.0,50,49.995,47.52,Normal
0.4167,1.0045,2.411,13.758,130.3,50,50.015,43.61,Interruption
0.7079,1.0507,1.484,5.021,0.0,50,50.021,43.71,Harmonics
0.5869,1.0072,1.716,6.281,62.7,50,49.967,44.96,Sag
0.7092,1.0467,1.476,0.258,0.0,50,49.986,35.32,Flicker
0.7077,1.0543,1.49,0.028,0.0,50,50.021,52.75,Flicker
0.6947,0.9969,1.435,0.087,0.0,50,50.02,42.52,Normal
0.7269,1.0321,1.42,0.036,0.0,50,50.023,52.64,Normal
0.5707,1.0025,1.757,2.384,78.2,50,49.977,51.74,Sag
0.6412,1.0037,1.565,1.941,52.9,50,49.97,52.2,Sag
0.6995,1.0036,1.435,0.147,0.0,50,49.994,39.59,Normal
0.7024,0.9966,1.419,0.027,0.0,50,49.99,54.17,Normal
0.6664,1.0172,1.527,1.055,42.8,50,49.998,39.8,Sag
0.6113,1.0131,1.657,1.159,91.4,50,49.984,39.99,Sag
0.708,1.0043,1.418,2.725,0.0,50,49.997,49.81,Notch
0.7085,1.068,1.507,1.448,5.0,50,49.979,40.43,Transient
0.8763,1.2999,1.483,0.251,154.7,50,50.005,54.32,Swell
0.5124,1.0128,1.977,1.205,147.5,50,49.986,40.23,Sag
0.7091,1.065,1.502,0.523,5.0,50,50.006,48.44,Transient
0.7084,1.0105,1.426,0.094,0.0,50,50.01,44.53,Normal
0.7091,1.1998,1.692,1.629,5.0,50,49.999,45.45,Transient
0.7441,1.307,1.756,1.808,30.9,50,50.005,43.73,Swell
0.7111,1.0244,1.441,0.156,0.0,50,50.0,39.2,Normal
0.6061,1.0053,1.659,3.767,54.2,50,49.963,48.75,Interruption
0.7079,1.0235,1.446,0.18,0.0,50,50.005,38.02,Normal
0.7089,1.0797,1.523,0.191,0.0,50,50.0,37.55,Flicker
0.7161,2.5122,3.508,2.326,5.0,50,50.016,47.49,Transient
0.7086,1.0493,1.481,6.818,0.0,50,50.013,43.75,Harmonics
0.7129,1.7756,2.491,1.452,5.0,50,50.021,35.2,Transient
0.7094,1.0475,1.477,0.043,0.0,50,50.007,50.5,Flicker
0.7057,1.0003,1.418,0.024,0.0,50,50.017,54.31,Normal
0.7076,1.0625,1.501,2.125,5.0,50,49.998,49.23,Transient
0.6212,1.0084,1.623,0.7,109.9,50,49.998,43.44,Sag
0.7051,1.0005,1.419,0.036,0.0,50,50.025,52.62,Normal
0.7076,1.0254,1.449,0.172,0.0,50,49.99,37.31,Normal
0.7142,1.0351,1.449,0.223,0.0,50,50.007,37.07,Normal
0.7124,2.4243,3.403,1.507,5.0,50,49.993,37.95,Transient
0.7071,1.1112,1.572,0.246,5.0,50,50.032,51.91,Transient
0.66,1.0057,1.524,0.581,61.4,50,50.028,46.53,Sag
0.6935,0.9934,1.432,0.116,0.0,50,50.007,42.45,Normal
0.7046,1.0034,1.424,0.069,0.0,50,50.008,46.44,Normal
0.6867,1.0147,1.478,0.361,39.7,50,50.0,42.74,Sag
0.7108,1.0377,1.46,0.218,0.0,50,49.997,35.76,Normal
0.3503,1.0064,2.873,24.048,150.9,50,50.018,39.88,Interruption
0.6047,1.0041,1.66,3.995,62.3,50,49.999,47.04,Sag
0.6131,1.005,1.639,2.433,52.8,50,49.999,47.17,Sag
0.708,1.0268,1.45,2.77,0.0,50,49.998,35.2,Notch
0.6332,1.0084,1.593,0.295,129.7,50,49.961,41.11,Sag
0.5458,1.0023,1.836,0.817,129.4,50,49.993,54.33,Sag
0.7085,1.0231,1.444,5.664,0.0,50,49.972,44.95,Harmonics
0.7071,1.218,1.722,0.369,5.0,50,49.979,54.3,Transient
0.7094,1.0243,1.444,1.976,0.0,50,50.001,37.55,Notch
0.5646,1.0116,1.792,3.932,76.4,50,49.995,41.23,Sag
1.1649,1.7941,1.54,0.642,157.8,50,49.992,53.6,Swell
0.6504,1.0105,1.554,0.545,82.3,50,49.995,41.48,Sag
0.4689,1.0025,2.138,2.179,124.2,50,49.979,52.21,Sag
0.6792,1.0234,1.507,0.828,48.3,50,49.965,38.88,Sag
1.0129,1.7268,1.705,1.514,107.9,50,50.022,44.27,Swell
0.6443,1.0214,1.585,4.025,32.8,50,49.997,38.91,Interruption
0.7081,1.046,1.477,0.052,0.0,50,49.989,48.03,Flicker
0.7079,1.0133,1.431,2.047,0.0,50,49.989,40.77,Notch
0.8562,1.3407,1.566,0.469,124.1,50,50.029,38.48,Swell
0.7073,1.2229,1.729,0.266,5.0,50,49.964,53.89,Transient
0.6994,1.0,1.43,0.101,0.0,50,49.976,44.16,Normal
0.6392,1.018,1.593,3.403,43.8,50,50.001,36.73,Sag
0.5357,1.0046,1.876,5.195,83.1,50,50.019,46.3,Interruption
0.7164,1.0354,1.445,0.112,0.0,50,50.022,40.94,Flicker
0.7069,1.0032,1.419,0.031,0.0,50,50.01,54.34,Normal
0.6852,1.0193,1.488,0.53,42.5,50,49.988,38.56,Sag
0.7091,1.0787,1.521,7.493,0.0,50,49.994,37.81,Harmonics
0.7102,1.102,1.552,9.142,0.0,50,50.011,37.11,Harmonics
0.7095,1.0044,1.416,4.121,0.0,50,50.008,47.94,Notch
0.7089,1.0233,1.443,0.2,0.0,50,49.996,38.25,Normal
0.7105,1.0397,1.463,0.252,0.0,50,50.035,35.42,Normal
0.7109,1.0119,1.423,0.06,0.0,50,49.961,45.69,Normal
0.5529,1.0149,1.836,2.561,90.0,50,50.028,39.09,Sag
0.6592,1.002,1.52,2.808,36.8,50,49.995,54.51,Sag
0.7094,1.0069,1.419,7.673,0.0,50,49.984,37.01,Harmonics
0.7168,2.3911,3.336,0.926,5.0,50,49.966,52.3,Transient
0.7064,1.0055,1.423,0.06,0.0,50,50.052,47.44,Normal
0.7113,1.6456,2.314,1.028,5.0,50,50.018,37.06,Transient
0.7089,1.6451,2.321,0.665,5.0,50,50.034,40.62,Transient
0.7218,1.0235,1.418,0.033,0.0,50,49.993,51.97,Normal
0.7076,1.0127,1.431,0.095,0.0,50,50.004,42.24,Normal
0.646,1.0171,1.574,2.91,38.2,50,49.996,38.12,Sag
0.7085,1.4346,2.025,1.225,5.0,50,50.028,36.39,Transient
0.8042,1.3093,1.628,1.278,84.3,50,50.013,52.74,Swell
0.7084,1.0373,1.464,6.0,0.0,50,50.002,39.55,Harmonics
0.7116,1.021,1.435,0.138,0.0,50,50.012,41.87,Normal
0.2249,1.0015,4.453,11.851,179.4,50,49.973,45.26,Interruption
0.7099,1.574,2.217,0.606,5.0,50,49.935,52.46,Transient
0.6764,1.017,1.504,0.94,49.8,50,49.984,38.32,Sag
0.7081,1.0238,1.446,0.642,5.0,50,50.033,35.85,Transient
0.7642,1.4003,1.832,1.844,37.1,50,49.976,40.86,Swell
0.7103,2.0301,2.858,0.751,5.0,50,49.971,40.26,Transient
0.7093,1.0217,1.44,3.817,0.0,50,49.997,37.84,Notch
0.7073,1.0253,1.45,0.062,0.0,50,50.007,45.81,Flicker
0.7107,1.0168,1.431,0.112,0.0,50,49.979,41.78,Normal
0.6923,0.9882,1.427,0.086,0.0,50,50.0,45.67,Normal
0.5419,1.023,1.888,5.178,94.1,50,50.002,35.53,Sag
0.719,1.02,1.419,0.026,0.0,50,50.02,54.84,Normal
0.7093,1.0182,1.435,8.02,0.0,50,50.006,49.04,Harmonics
0.7081,1.0577,1.494,0.296,0.0,50,49.999,35.06,Flicker
0.3268,1.0035,3.07,15.163,157.8,50,49.99,43.9,Interruption
0.7075,1.0228,1.446,0.039,0.0,50,49.981,50.66,Flicker
0.702,0.9967,1.42,0.037,0.0,50,49.999,50.75,Normal
0.7086,1.0775,1.521,0.089,0.0,50,50.011,45.32,Flicker
0.7079,1.0403,1.47,0.964,5.0,50,50.03,37.87,Transient
0.5096,1.0014,1.965,3.934,115.9,50,50.0,52.58,Sag
0.709,1.058,1.492,6.811,0.0,50,49.987,38.8,Harmonics
0.7074,1.0043,1.42,0.032,0.0,50,50.011,52.87,Normal
0.7091,1.0317,1.455,0.026,0.0,50,49.985,52.8,Flicker
0.6323,1.003,1.586,1.655,40.9,50,50.016,52.3,Interruption
0.7106,1.0109,1.423,0.071,0.0,50,49.996,47.23,Normal
0.6404,1.0087,1.575,7.665,33.9,50,49.973,43.38,Interruption
0.5204,1.002,1.925,10.375,93.9,50,49.967,51.41,Interruption
0.9849,1.694,1.72,1.37,103.9,50,49.988,37.39,Swell
0.7117,1.7143,2.409,3.231,5.0,50,50.015,47.79,Transient
0.3452,1.0012,2.9,27.224,150.6,50,50.016,50.66,Interruption
0.3859,1.0054,2.605,7.094,146.6,50,50.004,41.75,Sag
0.717,1.0235,1.427,0.073,0.0,50,50.002,45.18,Normal
0.711,1.0666,1.5,9.897,0.0,50,49.956,39.97,Harmonics
0.694,0.9996,1.44,0.194,0.0,50,49.981,37.74,Normal
0.765,1.3801,1.804,0.514,36.2,50,49.987,47.3,Swell
0.3761,1.006,2.675,15.554,143.8,50,49.99,41.76,Interruption
0.7104,1.6065,2.262,1.502,5.0,50,49.986,53.39,Transient
0.3284,1.0046,3.059,19.3,156.2,50,49.987,37.45,Interruption
0.7047,1.0315,1.464,0.282,0.0,50,49.973,35.51,Normal
0.8317,1.3253,1.593,0.637,112.0,50,50.009,39.12,Swell
0.7057,1.0055,1.425,0.08,0.0,50,49.999,45.22,Normal
0.7125,1.5818,2.22,0.731,5.0,50,50.0,40.99,Transient
0.6998,1.0053,1.436,0.147,0.0,50,49.978,40.33,Normal
0.7097,1.0107,1.424,0.057,0.0,50,50.026,46.67,Normal
0.6837,1.0259,1.5,0.425,46.3,50,49.996,39.81,Sag
0.702,0.9978,1.421,0.029,0.0,50,49.964,53.85,Normal
0.7106,1.0073,1.417,0.029,0.0,50,49.985,52.96,Normal
0.7127,1.0112,1.419,0.032,0.0,50,50.002,53.42,Normal
0.7179,1.0321,1.438,0.192,0.0,50,50.029,37.23,Normal
0.709,1.0226,1.442,7.392,0.0,50,49.997,35.29,Harmonics
0.4293,1.0116,2.356,3.724,136.0,50,49.986,36.15,Sag
0.7083,1.2164,1.718,1.0,5.0,50,50.002,48.39,Transient
0.7467,1.1145,1.493,0.24,97.7,50,49.968,47.15,Swell
0.7096,1.9942,2.81,0.778,5.0,50,49.968,47.88,Transient
0.7079,1.0226,1.445,0.217,0.0,50,49.974,36.69,Normal
0.4249,1.0084,2.373,18.263,127.2,50,50.017,39.9,Interruption
0.4477,1.0116,2.259,1.342,150.3,50,50.022,38.02,Sag
0.5732,1.0228,1.785,6.547,71.7,50,50.028,35.42,Sag
1.0653,1.7138,1.609,0.897,135.0,50,49.991,41.99,Swell
0.6549,1.0059,1.536,1.235,55.0,50,49.977,44.2,Sag
0.7084,1.0229,1.444,6.208,0.0,50,50.032,37.71,Harmonics
0.2863,1.0003,3.494,30.378,163.9,50,50.019,48.27,Interruption
0.7078,1.0113,1.429,4.337,0.0,50,49.994,54.51,Harmonics
0.7158,1.0255,1.433,0.097,0.0,50,50.006,42.85,Normal
0.5867,1.0068,1.716,4.33,64.4,50,50.009,44.65,Interruption
0.707,1.0129,1.433,0.088,0.0,50,50.021,44.16,Normal
0.9131,1.5033,1.646,1.465,116.5,50,49.989,38.48,Swell
0.7068,1.5961,2.258,4.969,5.0,50,50.007,37.65,Transient
0.7135,2.1826,3.059,3.01,5.0,50,49.983,49.34,Transient
0.7214,1.0245,1.42,0.037,0.0,50,50.015,51.54,Normal
0.7081,1.0151,1.434,0.111,0.0,50,50.025,41.26,Normal
0.4916,1.0128,2.06,3.731,114.0,50,50.028,39.77,Sag
0.605,1.0024,1.657,2.944,76.9,50,49.963,52.36,Sag
0.6995,0.9968,1.425,0.049,0.0,50,50.02,47.81,Normal
0.407,1.0055,2.47,3.269,145.2,50,50.0,38.7,Sag
0.6936,1.0009,1.443,0.125,0.0,50,49.99,40.57,Normal
0.7115,1.0096,1.419,0.029,0.0,50,50.023,53.35,Normal
1.0125,1.5976,1.578,0.69,146.5,50,50.004,37.38,Swell
0.7077,1.0729,1.516,0.244,0.0,50,50.041,35.7,Flicker
0.7048,1.0023,1.422,0.049,0.0,50,50.028,48.04,Normal
0.7003,1.0128,1.446,0.141,0.0,50,50.02,40.26,Normal
0.7207,1.0367,1.438,0.086,0.0,50,50.042,46.1,Flicker
0.7082,1.0068,1.422,2.919,0.0,50,49.983,48.07,Notch
0.698,1.003,1.437,0.168,0.0,50,49.995,38.3,Normal
0.711,1.0186,1.433,0.151,0.0,50,50.014,40.55,Normal
0.709,1.0053,1.418,6.867,0.0,50,49.957,41.03,Harmonics
0.6312,1.0056,1.593,1.779,41.9,50,50.025,46.99,Interruption
0.7084,1.064,1.502,6.14,0.0,50,50.005,53.43,Harmonics
0.2856,1.0062,3.524,5.597,168.3,50,49.967,41.56,Interruption
0.4762,1.012,2.125,12.46,109.4,50,50.019,36.98,Interruption
0.7124,1.0257,1.44,0.128,0.0,50,50.004,38.36,Normal
0.7087,1.0031,1.415,3.766,0.0,50,50.002,52.98,Notch
0.7088,1.0428,1.471,7.091,0.0,50,50.005,39.35,Harmonics
0.7075,1.0407,1.471,0.109,0.0,50,50.004,40.37,Flicker
0.7754,1.173,1.513,0.335,115.6,50,50.044,48.07,Swell
0.6488,1.0156,1.565,1.485,56.1,50,50.002,40.59,Sag
0.7092,1.5989,2.255,1.495,5.0,50,49.979,48.34,Transient
0.709,1.0253,1.446,2.962,0.0,50,49.998,36.51,Notch
0.7128,1.8147,2.546,0.862,5.0,50,49.989,36.45,Transient
0.9618,1.592,1.655,1.765,111.5,50,49.988,50.7,Swell
0.6277,1.0235,1.63,1.259,103.9,50,50.002,36.02,Sag
0.7081,1.0463,1.478,5.008,0.0,50,49.992,52.87,Harmonics
0.7078,1.0129,1.431,4.126,0.0,50,49.979,45.06,Harmonics
0.7106,1.0093,1.42,0.041,0.0,50,49.952,50.43,Normal
0.7097,2.1431,3.02,0.498,5.0,50,49.982,38.44,Transient
0.8571,1.3978,1.631,0.491,103.4,50,50.01,45.77,Swell
0.7094,0.9907,1.397,8.098,0.0,50,50.005,51.8,Harmonics
1.0884,1.7705,1.627,0.613,131.5,50,49.98,45.73,Swell
0.8689,1.3448,1.548,0.338,133.7,50,50.044,41.54,Swell
0.3966,1.0032,2.53,22.91,134.4,50,49.988,46.49,Interruption
0.7006,1.0147,1.448,0.22,0.0,50,49.967,36.35,Normal
0.7051,1.0005,1.419,0.04,0.0,50,49.97,51.27,Normal
0.7104,1.6034,2.257,0.931,5.0,50,50.016,42.28,Transient
0.7088,1.0652,1.503,0.955,5.0,50,49.992,49.29,Transient
0.7081,1.45,2.048,0.274,5.0,50,49.987,40.8,Transient
0.723,1.0298,1.424,0.069,0.0,50,50.013,46.0,Normal
0.7083,1.0576,1.493,5.403,0.0,50,49.997,39.66,Harmonics
0.7698,1.4962,1.944,1.832,31.7,50,50.008,42.72,Swell
0.708,1.6635,2.35,0.396,5.0,50,49.986,53.09,Transient
0.2983,1.0009,3.355,16.704,166.5,50,49.969,52.99,Interruption
0.6277,1.002,1.596,4.017,40.9,50,50.005,54.39,Interruption
0.7081,1.0233,1.445,5.634,0.0,50,50.004,43.12,Harmonics
0.6601,1.0113,1.532,1.201,69.2,50,49.977,40.46,Sag
0.5522,1.0104,1.83,0.34,155.1,50,50.0,38.22,Sag
0.6624,1.0286,1.553,3.078,23.6,50,49.968,36.54,Sag
0.6424,1.0016,1.559,0.671,101.5,50,49.992,53.8,Sag
0.9549,1.6969,1.777,1.439,86.6,50,49.992,48.39,Swell
0.7086,1.0766,1.519,5.894,0.0,50,49.975,46.31,Harmonics
0.7004,0.9932,1.418,0.035,0.0,50,50.015,52.49,Normal
0.7088,0.9882,1.394,6.849,0.0,50,50.011,49.36,Harmonics
0.2846,1.0021,3.521,16.971,164.4,50,49.982,44.28,Interruption
0.6372,1.0027,1.574,1.392,36.7,50,49.986,48.83,Interruption
0.7015,0.9991,1.424,0.084,0.0,50,49.986,45.41,Normal
0.7076,1.0097,1.427,1.854,0.0,50,49.985,44.31,Notch
0.708,1.0006,1.413,4.779,0.0,50,49.984,53.36,Harmonics
0.721,1.0869,1.507,0.221,0.0,50,50.014,35.58,Flicker
0.2272,1.0007,4.404,13.663,176.9,50,49.978,50.43,Interruption
0.7121,1.0737,1.508,0.133,0.0,50,49.972,40.76,Flicker
0.7113,1.0334,1.453,10.992,0.0,50,50.039,43.7,Harmonics
0.7029,0.9977,1.419,0.03,0.0,50,50.024,54.81,Normal
0.2929,1.007,3.438,23.628,166.5,50,50.022,38.99,Interruption
0.8014,1.2891,1.609,0.715,94.4,50,50.02,37.01,Swell
0.7072,1.1516,1.629,0.135,5.0,50,50.033,48.15,Transient
0.6469,1.006,1.555,0.086,120.8,50,50.001,46.22,Sag
0.7138,1.0314,1.445,0.182,0.0,50,49.998,38.0,Normal
0.71,1.0431,1.469,8.257,0.0,50,49.947,41.25,Harmonics
0.4004,1.0144,2.534,19.805,137.1,50,50.018,35.48,Interruption
0.7075,1.0028,1.417,0.135,5.0,50,50.011,53.19,Transient
0.7265,1.0392,1.43,0.098,0.0,50,50.001,44.89,Flicker
0.3016,1.0003,3.317,3.349,164.8,50,49.977,54.25,Interruption
0.7127,1.0125,1.421,0.058,0.0,50,50.007,48.77,Normal
0.708,1.0321,1.458,4.799,0.0,50,49.994,45.25,Harmonics
0.6009,1.0035,1.67,0.994,96.7,50,49.98,50.17,Sag
0.6342,1.0052,1.585,1.266,36.2,50,50.002,46.49,Interruption
0.708,1.4178,2.003,0.665,5.0,50,50.007,53.24,Transient
0.7117,1.0209,1.435,0.124,0.0,50,49.953,40.45,Normal
0.3828,1.0116,2.643,14.847,141.2,50,49.987,38.53,Interruption
0.7113,1.0466,1.471,0.042,0.0,50,49.968,50.26,Flicker
0.6144,1.0149,1.652,2.788,49.1,50,50.022,40.27,Sag
0.7116,1.0141,1.425,0.057,0.0,50,50.018,48.14,Normal
0.708,1.3109,1.851,0.453,5.0,50,49.995,42.01,Transient
0.7107,2.4285,3.417,0.834,5.0,50,50.012,51.01,Transient
0.7064,1.0016,1.418,0.025,0.0,50,50.006,52.83,Normal
0.7081,1.0626,1.501,5.917,0.0,50,50.035,41.52,Harmonics
0.7067,1.0032,1.42,0.045,0.0,50,50.018,50.62,Normal
0.7104,1.0103,1.422,0.075,0.0,50,49.98,47.43,Normal
0.3941,1.0022,2.543,2.606,147.2,50,49.975,51.65,Sag
0.7081,1.0264,1.45,5.439,0.0,50,50.019,39.12,Harmonics
0.3785,1.0037,2.652,4.661,149.6,50,49.996,45.01,Sag
0.5785,1.0042,1.736,2.711,82.5,50,50.004,50.4,Sag
0.5477,1.0032,1.832,2.705,112.8,50,50.009,49.72,Sag
0.7126,1.093,1.534,0.235,0.0,50,50.003,35.71,Flicker
0.7084,1.0619,1.499,6.412,0.0,50,50.027,53.72,Harmonics
0.6967,0.9921,1.424,0.061,0.0,50,49.987,48.22,Normal
0.7085,1.0107,1.427,0.064,0.0,50,49.982,46.94,Normal
0.7086,1.0421,1.471,0.157,0.0,50,49.994,38.32,Flicker
0.7006,0.9939,1.419,0.032,0.0,50,49.997,54.13,Normal
0.5411,1.0074,1.862,8.359,82.9,50,49.971,41.57,Interruption
0.7071,0.9968,1.41,1.069,0.0,50,49.988,48.93,Harmonics
0.8158,1.6924,2.074,1.893,36.5,50,50.031,49.01,Swell
0.7026,0.9973,1.419,0.033,0.0,50,49.982,51.99,Normal
0.6425,1.0025,1.56,1.019,85.5,50,49.966,54.29,Sag
0.7075,1.0722,1.515,0.245,5.0,50,50.002,38.96,Transient
0.8566,1.5029,1.755,1.994,74.3,50,50.008,44.75,Swell
0.7085,1.011,1.427,5.886,0.0,50,50.003,45.8,Harmonics
0.7112,1.0102,1.42,0.064,0.0,50,49.985,46.74,Normal
0.697,0.9992,1.434,0.07,0.0,50,50.023,42.6,Normal
0.7088,1.0133,1.429,2.109,0.0,50,49.988,38.77,Notch
0.664,1.0117,1.524,5.104,27.3,50,49.993,43.01,Sag
0.7266,1.2548,1.727,0.176,20.3,50,50.01,44.44,Swell
0.7078,1.0349,1.462,4.434,0.0,50,50.011,42.39,Harmonics
0.5895,1.0063,1.707,5.063,61.8,50,50.002,48.09,Interruption
0.7111,1.0458,1.471,0.089,0.0,50,49.989,44.84,Flicker
0.7086,1.0867,1.534,7.23,0.0,50,50.021,38.0,Harmonics
0.7082,0.9981,1.409,6.142,0.0,50,50.031,47.42,Harmonics
0.6685,1.0109,1.512,1.233,42.3,50,50.02,41.09,Sag
0.6682,1.0172,1.522,3.129,22.6,50,50.015,37.58,Interruption
0.7064,1.009,1.428,0.732,5.0,50,49.982,43.01,Transient
0.7067,1.009,1.428,0.092,0.0,50,49.992,43.3,Normal
0.6892,1.0077,1.462,0.339,20.7,50,49.99,44.72,Sag
0.7083,1.0104,1.426,5.813,0.0,50,49.998,46.88,Harmonics
0.6664,1.0055,1.509,0.36,95.4,50,49.985,45.57,Sag
0.7079,1.0514,1.485,0.035,0.0,50,49.964,51.85,Flicker
0.9193,1.4673,1.596,0.805,125.6,50,50.0,44.6,Swell
0.8888,1.5018,1.69,1.694,92.1,50,49.979,47.9,Swell
0.6999,0.9939,1.42,0.034,0.0,50,50.0,50.22,Normal
0.7073,1.2137,1.716,0.331,5.0,50,50.007,35.3,Transient
0.8339,1.6421,1.969,2.225,44.8,50,49.989,43.88,Swell
0.7143,1.0334,1.447,0.233,0.0,50,50.01,36.95,Normal
0.7128,1.024,1.437,0.129,0.0,50,49.994,41.71,Normal
1.0018,1.7512,1.748,1.838,104.8,50,50.012,41.06,Swell
0.6977,1.0041,1.439,0.153,0.0,50,49.964,38.73,Normal
0.7005,1.0024,1.431,0.109,0.0,50,50.022,40.78,Normal
0.6686,1.0136,1.516,0.677,20.7,50,49.99,40.73,Interruption
0.9721,1.8266,1.879,1.864,85.0,50,49.994,36.38,Swell
0.7174,1.0196,1.421,0.047,0.0,50,50.048,49.23,Normal
0.7089,1.063,1.5,6.829,0.0,50,49.994,43.5,Harmonics
0.6625,1.0124,1.528,1.518,34.8,50,50.026,42.21,Sag
0.6339,1.0023,1.581,1.649,48.1,50,49.979,54.77,Sag
0.5302,1.0095,1.904,3.345,107.3,50,49.971,44.65,Sag
0.7572,1.2784,1.688,1.139,49.3,50,49.993,44.24,Swell
0.7136,1.0138,1.421,0.03,0.0,50,49.976,52.3,Normal
0.7214,1.0239,1.419,0.034,0.0,50,50.013,52.32,Normal
0.7112,1.6197,2.278,0.547,5.0,50,49.979,52.99,Transient
0.6633,1.0247,1.545,0.909,54.1,50,50.007,35.61,Sag
0.7096,2.01,2.833,2.603,5.0,50,49.982,42.84,Transient
0.7189,1.0328,1.437,0.119,0.0,50,49.998,40.72,Flicker
0.655,1.0181,1.554,0.525,25.9,50,50.003,37.07,Interruption
0.7071,1.0034,1.419,0.026,0.0,50,50.007,54.7,Normal
0.9441,1.6738,1.773,1.346,93.0,50,50.016,40.83,Swell
0.7894,1.5537,1.968,2.361,34.7,50,50.003,43.55,Swell
0.7096,1.0072,1.419,0.055,0.0,50,50.004,50.45,Normal
0.7084,1.4886,2.101,0.744,5.0,50,50.023,41.46,Transient
0.4906,1.0049,2.048,0.587,159.8,50,49.99,44.09,Sag
0.3551,1.0086,2.841,9.03,149.3,50,49.969,37.75,Interruption
0.7082,1.0102,1.426,0.075,0.0,50,49.993,46.22,Normal
0.7076,1.006,1.422,0.845,5.0,50,49.998,47.94,Transient
0.7296,1.1641,1.596,0.697,37.8,50,50.008,51.7,Swell
0.7091,1.0508,1.482,7.698,0.0,50,50.021,53.84,Harmonics
0.7653,1.4314,1.87,0.51,35.4,50,50.005,46.05,Swell
0.6209,1.0049,1.618,6.445,43.7,50,50.014,48.03,Interruption
0.7123,1.0126,1.422,0.041,0.0,50,49.997,49.11,Normal
0.7096,1.0316,1.454,8.512,0.0,50,50.015,54.95,Harmonics
0.5877,1.0195,1.735,4.457,76.3,50,50.007,35.49,Sag
0.7086,1.0039,1.417,1.854,0.0,50,49.967,51.99,Notch
0.7147,2.24,3.134,4.049,5.0,50,50.015,35.22,Transient
0.708,1.0059,1.421,0.05,0.0,50,49.986,51.77,Normal
0.7151,1.0191,1.425,0.076,0.0,50,50.01,45.41,Normal
0.4223,1.0053,2.38,15.425,128.3,50,50.029,43.53,Interruption
0.7065,1.0052,1.423,0.048,0.0,50,50.033,49.16,Normal
0.7186,1.0511,1.463,0.19,0.0,50,49.994,37.11,Flicker
0.6998,1.0041,1.435,0.108,0.0,50,49.997,41.94,Normal
0.7006,0.9938,1.419,0.029,0.0,50,49.999,53.92,Normal
0.7096,1.0277,1.448,0.036,0.0,50,49.982,52.38,Flicker
0.7236,1.0258,1.418,0.032,0.0,50,49.97,53.82,Normal
0.5738,1.0017,1.746,1.975,105.5,50,50.01,54.65,Sag
0.7263,1.1246,1.548,0.403,41.5,50,49.976,47.79,Swell
0.7078,1.0228,1.445,0.176,0.0,50,50.013,38.31,Normal
0.812,1.3233,1.63,0.899,93.7,50,49.973,37.37,Swell
0.7192,1.0192,1.417,0.027,0.0,50,50.008,53.3,Normal
0.6594,1.002,1.519,5.153,25.7,50,50.001,53.38,Sag
0.6954,0.9861,1.418,0.035,0.0,50,50.018,51.68,Normal
0.7078,1.0113,1.429,0.103,0.0,50,50.007,43.81,Normal
0.708,1.0641,1.503,0.066,0.0,50,50.0,47.68,Flicker
0.7047,1.0003,1.419,0.03,0.0,50,50.028,52.85,Normal
0.7096,1.0086,1.421,8.791,0.0,50,50.008,38.08,Harmonics
0.9167,1.6162,1.763,2.197,87.5,50,50.004,49.08,Swell
0.8415,1.3634,1.62,1.012,98.6,50,49.998,46.23,Swell
0.5657,1.004,1.775,0.301,156.9,50,49.988,49.32,Sag
0.7185,1.0215,1.422,0.061,0.0,50,50.009,48.89,Normal
0.7102,1.0079,1.419,0.029,0.0,50,50.006,51.83,Normal
0.8891,1.444,1.624,0.715,111.5,50,50.048,43.64,Swell
0.3479,1.0041,2.887,22.383,153.9,50,50.014,44.7,Interruption
0.7087,1.0731,1.514,7.102,0.0,50,50.004,40.32,Harmonics
0.7058,1.1496,1.629,1.99,5.0,50,50.01,50.05,Transient
0.7087,1.0839,1.529,6.874,0.0,50,50.006,39.36,Harmonics
0.7172,2.1381,2.981,0.848,5.0,50,50.016,48.88,Transient
0.7084,1.0191,1.439,2.653,5.0,50,49.987,40.33,Transient
0.6755,1.0047,1.487,0.393,74.2,50,49.959,51.6,Sag
0.7091,1.0094,1.424,0.06,0.0,50,49.98,47.55,Normal
0.5984,1.0042,1.678,0.914,104.2,50,49.974,50.25,Sag
0.7043,1.012,1.437,0.109,0.0,50,49.962,41.96,Normal
0.7077,1.0492,1.483,3.997,0.0,50,50.001,49.43,Harmonics
0.7077,1.0115,1.429,0.135,0.0,50,50.019,41.72,Normal
0.6211,1.0036,1.616,0.517,131.9,50,50.022,50.51,Sag
0.7077,1.0084,1.425,0.07,0.0,50,49.987,46.53,Normal
0.7082,1.0605,1.497,0.2,0.0,50,50.042,36.35,Flicker
0.7457,1.3786,1.849,0.768,24.7,50,50.02,47.78,Swell
0.7089,1.0434,1.472,7.139,0.0,50,49.993,52.61,Harmonics
0.2807,1.0059,3.583,24.393,166.7,50,49.992,36.13,Interruption
0.6516,1.0024,1.538,0.8,45.7,50,49.991,52.18,Sag
0.7078,1.0045,1.419,0.418,5.0,50,50.024,51.97,Transient
0.7074,1.0166,1.437,0.14,0.0,50,50.008,40.11,Normal
0.7098,1.0239,1.443,8.747,0.0,50,49.997,50.99,Harmonics
0.5956,1.0035,1.685,0.396,143.8,50,49.999,44.74,Sag
0.7081,1.0487,1.481,5.288,0.0,50,49.991,40.16,Harmonics
0.6617,1.0275,1.553,0.691,22.9,50,49.984,35.89,Interruption
0.4751,1.0126,2.131,0.949,146.1,50,49.984,35.52,Sag
0.3911,1.001,2.559,6.719,138.2,50,50.004,54.16,Interruption
0.7119,1.0482,1.472,0.052,0.0,50,49.984,48.26,Flicker
0.7086,1.0773,1.52,6.46,0.0,50,49.981,44.1,Harmonics
0.7091,1.0436,1.472,0.062,0.0,50,50.04,48.23,Flicker
0.7046,1.0107,1.434,0.147,0.0,50,49.992,41.39,Normal
0.6984,0.9913,1.419,0.037,0.0,50,50.023,50.99,Normal
0.7079,1.0162,1.435,4.425,0.0,50,49.981,42.3,Harmonics
0.7114,1.0128,1.424,0.063,0.0,50,50.019,46.94,Normal
0.7085,1.1696,1.651,0.568,5.0,50,49.991,54.62,Transient
0.7168,1.0329,1.441,0.198,0.0,50,50.007,39.35,Normal
0.7061,1.0028,1.42,0.04,0.0,50,50.006,51.26,Normal
0.725,1.0311,1.422,0.038,0.0,50,50.031,50.89,Normal
0.518,1.0091,1.948,4.626,99.7,50,50.008,42.15,Sag
0.9037,1.5139,1.675,1.434,98.7,50,50.019,47.88,Swell
0.6968,0.9963,1.43,0.134,0.0,50,49.963,43.18,Normal
0.5471,1.0077,1.842,4.011,97.4,50,49.974,44.77,Sag
0.6249,1.0177,1.629,1.163,74.8,50,50.026,35.94,Sag
0.5516,1.0016,1.816,1.711,110.9,50,49.986,51.86,Sag
0.6949,0.986,1.419,0.036,0.0,50,50.022,51.49,Normal
0.7091,1.0094,1.423,0.044,0.0,50,49.991,47.9,Normal
0.7052,1.0049,1.425,0.053,0.0,50,50.0,50.82,Normal
0.7079,1.0103,1.427,1.501,0.0,50,49.982,43.2,Notch
0.6523,1.0036,1.538,2.227,29.3,50,50.02,52.37,Interruption
0.7674,1.6732,2.18,0.554,20.3,50,50.022,40.19,Swell
0.7082,1.0073,1.422,0.05,0.0,50,49.986,50.43,Normal
0.7129,2.0466,2.871,1.429,5.0,50,49.971,48.89,Transient
0.7133,1.0324,1.447,0.239,0.0,50,50.034,36.32,Normal
0.6492,1.0082,1.553,0.685,84.9,50,50.036,44.03,Sag
0.7118,1.7263,2.425,1.089,5.0,50,50.002,50.08,Transient
0.7106,1.0116,1.424,0.062,0.0,50,50.001,47.5,Normal
0.7019,1.006,1.433,0.102,0.0,50,49.995,43.0,Normal
0.7084,1.0121,1.429,0.072,0.0,50,50.005,45.98,Normal
0.8896,1.5299,1.72,1.732,85.7,50,49.979,50.89,Swell
0.7157,1.0209,1.427,0.064,0.0,50,50.006,46.2,Normal
0.7066,1.0085,1.427,0.065,0.0,50,50.023,46.75,Normal
0.7026,0.9976,1.42,0.034,0.0,50,50.003,51.29,Normal
0.7337,1.0563,1.44,0.051,0.0,50,49.988,49.75,Flicker
0.7091,1.0286,1.451,0.225,0.0,50,50.025,36.45,Normal
0.715,1.0149,1.419,0.025,0.0,50,50.01,52.34,Normal
0.5536,1.0114,1.827,9.826,77.5,50,49.994,42.16,Interruption
0.8241,1.6072,1.95,2.749,43.9,50,50.004,46.72,Swell
0.7256,1.0395,1.433,0.105,0.0,50,49.979,42.61,Normal
0.708,1.316,1.859,0.379,5.0,50,50.011,53.02,Transient
0.6193,1.0029,1.619,1.575,55.6,50,49.985,52.84,Sag
0.7077,1.0212,1.443,0.188,0.0,50,50.002,37.84,Flicker
0.7016,0.9944,1.417,0.04,0.0,50,49.997,53.34,Normal
0.5418,1.0016,1.849,1.135,126.4,50,50.001,50.7,Sag
0.7095,1.0205,1.438,7.824,0.0,50,49.966,52.76,Harmonics
0.4963,1.004,2.023,2.968,123.9,50,49.984,48.59,Sag
0.6064,1.0075,1.662,3.683,67.2,50,50.021,45.96,Sag
0.7095,1.014,1.429,0.098,0.0,50,49.992,44.24,Normal
0.6981,0.9936,1.423,0.084,0.0,50,49.981,45.52,Normal
0.7088,1.208,1.704,0.285,5.0,50,50.013,53.58,Transient
0.5582,1.0155,1.819,3.567,94.8,50,49.994,37.1,Sag
0.4004,1.0124,2.529,13.722,133.5,50,49.987,37.97,Interruption
0.7113,1.0117,1.422,0.03,0.0,50,50.025,54.34,Flicker
0.7089,1.1691,1.649,0.362,5.0,50,50.04,40.69,Transient
0.6347,1.0145,1.599,0.296,139.5,50,49.991,40.1,Sag
0.6602,1.009,1.528,1.135,48.4,50,49.987,44.71,Sag
0.6723,1.0027,1.492,1.267,29.6,50,49.97,53.46,Sag
0.7099,1.7774,2.504,2.947,5.0,50,50.007,41.26,Transient
0.7079,0.9877,1.395,5.08,0.0,50,50.009,47.04,Harmonics
0.7101,1.0541,1.484,0.134,0.0,50,49.99,40.88,Flicker
0.698,1.0026,1.436,0.097,0.0,50,49.983,41.0,Normal
0.7109,1.0679,1.502,10.056,0.0,50,49.97,45.79,Harmonics
0.2692,1.0047,3.732,9.057,171.6,50,49.981,41.49,Interruption
0.8124,1.4549,1.791,0.905,57.7,50,50.012,50.67,Swell
0.7097,1.0344,1.457,8.19,0.0,50,49.998,36.43,Harmonics
0.7252,1.0284,1.418,0.029,0.0,50,50.006,54.85,Normal
0.7028,1.021,1.453,0.194,0.0,50,50.023,36.55,Normal
0.7072,1.0242,1.448,0.053,0.0,50,49.99,47.78,Flicker
0.6161,1.0021,1.627,5.586,47.4,50,49.997,54.85,Sag
0.708,1.0271,1.451,4.592,0.0,50,49.984,47.46,Harmonics
0.4785,1.0074,2.105,10.657,108.7,50,49.981,41.98,Interruption
0.6167,1.008,1.634,4.412,48.3,50,49.987,45.79,Interruption
0.7073,1.0685,1.511,0.122,5.0,50,49.994,48.31,Transient
0.708,1.035,1.462,4.683,0.0,50,49.984,54.16,Harmonics
0.9121,1.7919,1.965,2.595,61.9,50,50.011,36.51,Swell
0.7076,1.044,1.475,3.467,0.0,50,49.995,47.92,Harmonics
0.7077,1.0445,1.476,0.779,5.0,50,49.994,42.12,Transient
0.7098,1.0326,1.455,9.082,0.0,50,50.042,49.76,Harmonics
0.7089,1.823,2.572,1.193,5.0,50,49.993,37.88,Transient
0.7081,1.0273,1.451,0.241,0.0,50,50.013,36.89,Normal
0.4753,1.01,2.125,3.584,116.1,50,49.998,38.27,Sag
0.4201,1.0017,2.385,14.409,128.3,50,49.953,49.45,Interruption
0.6927,1.0083,1.456,0.286,0.0,50,49.989,35.78,Normal
0.7691,1.3175,1.713,1.402,56.3,50,49.977,38.04,Swell
0.7172,1.0205,1.423,0.057,0.0,50,49.96,48.02,Normal
0.7,1.0029,1.433,0.12,0.0,50,49.979,41.65,Normal
0.3216,1.0073,3.132,24.093,158.5,50,49.989,42.71,Interruption
0.7077,1.0464,1.478,0.076,0.0,50,49.995,44.78,Flicker
0.718,1.0227,1.424,0.067,0.0,50,49.995,45.67,Normal
0.7054,1.0022,1.421,0.035,0.0,50,50.024,50.79,Normal
0.7093,1.0976,1.547,8.301,0.0,50,50.05,39.47,Harmonics
0.7125,1.0108,1.419,0.03,0.0,50,50.037,53.63,Normal
0.6957,0.991,1.425,0.047,0.0,50,50.017,48.63,Normal
0.7161,1.0232,1.429,0.108,0.0,50,50.017,43.62,Normal
0.7184,1.0348,1.44,0.161,0.0,50,49.988,39.07,Normal
0.7102,1.0204,1.437,0.186,0.0,50,49.973,39.72,Normal
0.7079,1.0153,1.434,0.109,0.0,50,50.04,41.34,Normal
0.7088,1.0585,1.493,7.033,0.0,50,49.997,51.44,Harmonics
0.7073,1.0031,1.418,0.04,0.0,50,50.031,49.84,Normal
0.7104,1.3337,1.877,3.29,5.0,50,50.014,49.86,Transient
0.6436,1.004,1.56,3.48,33.2,50,50.009,53.25,Interruption
0.7093,0.9842,1.388,7.725,0.0,50,49.996,42.02,Harmonics
0.7094,1.0474,1.477,0.036,0.0,50,49.982,50.3,Flicker
0.7112,0.9746,1.37,10.616,0.0,50,50.003,42.18,Harmonics
0.7075,1.0148,1.434,0.024,0.0,50,49.995,54.05,Flicker
0.8335,1.265,1.518,0.239,149.5,50,49.993,35.97,Swell
0.7093,0.9895,1.395,7.755,0.0,50,49.993,47.95,Harmonics
0.6305,1.0052,1.594,1.091,92.2,50,50.005,48.0,Sag
0.7046,1.0026,1.423,0.061,0.0,50,50.03,47.97,Normal
0.6395,1.0062,1.573,0.923,35.2,50,50.011,46.6,Interruption
0.7108,1.0798,1.519,9.909,0.0,50,49.983,51.53,Harmonics
0.7025,0.9973,1.42,0.044,0.0,50,50.005,51.06,Normal
0.7058,1.0049,1.424,0.054,0.0,50,50.0,48.09,Normal
0.6941,1.0022,1.444,0.23,0.0,50,50.021,36.86,Normal
0.8316,1.7295,2.08,1.0,40.0,50,49.976,39.03,Swell
0.7106,1.0764,1.515,10.039,0.0,50,50.003,50.42,Harmonics
0.7129,2.3922,3.356,0.656,5.0,50,49.998,43.0,Transient
0.3341,1.0054,3.009,28.37,154.3,50,50.011,45.48,Interruption
0.6732,1.0231,1.52,0.994,20.0,50,50.042,36.7,Sag
0.6553,1.003,1.531,1.838,53.7,50,50.002,52.84,Sag
0.7073,1.0046,1.42,0.049,0.0,50,50.019,49.45,Normal
0.4728,1.002,2.119,1.031,147.2,50,49.999,49.72,Sag
0.7075,1.0057,1.421,0.054,0.0,50,49.934,48.67,Normal
0.7088,1.0671,1.505,6.65,0.0,50,49.969,53.06,Harmonics
0.4254,1.0044,2.361,5.553,134.5,50,50.016,44.85,Sag
0.7102,1.0483,1.476,9.198,0.0,50,49.992,48.8,Harmonics
0.6226,1.0137,1.628,4.068,43.3,50,49.967,39.86,Interruption
0.6377,1.0156,1.592,2.43,37.3,50,50.004,38.19,Sag
0.7835,1.387,1.77,0.558,54.4,50,49.989,37.74,Swell
0.9029,1.6898,1.872,2.333,69.5,50,49.99,44.35,Swell
0.7013,1.0119,1.443,0.215,0.0,50,49.991,37.5,Normal
0.7087,1.0495,1.481,6.265,0.0,50,49.97,48.31,Harmonics
0.5368,1.002,1.867,1.245,129.2,50,50.025,53.56,Sag
0.6927,1.0064,1.453,0.169,0.0,50,49.984,36.67,Normal
0.7969,1.5465,1.941,0.894,42.3,50,49.975,36.74,Swell
0.6429,1.0044,1.562,0.964,35.1,50,49.981,49.53,Interruption
0.7096,1.0637,1.499,0.067,0.0,50,50.043,46.85,Flicker
0.7057,1.0013,1.419,0.021,0.0,50,49.975,54.54,Normal
0.5289,1.0022,1.895,5.403,92.9,50,49.988,54.3,Sag
0.7188,1.075,1.495,0.227,0.0,50,50.021,35.04,Flicker
0.712,1.0159,1.427,0.073,0.0,50,50.01,45.82,Normal
0.5837,1.0174,1.743,2.635,66.6,50,49.984,37.45,Sag
0.6965,0.9993,1.435,0.132,0.0,50,49.973,40.09,Normal
0.7238,1.1975,1.655,0.482,23.8,50,50.026,49.76,Swell
0.7121,1.0187,1.431,4.155,0.0,50,49.996,39.03,Notch
0.8862,1.5304,1.727,2.026,87.6,50,50.012,54.5,Swell
0.7097,1.0585,1.491,8.604,0.0,50,49.995,47.83,Harmonics
0.7037,1.0007,1.422,0.048,0.0,50,50.03,49.19,Normal
0.9815,1.6114,1.642,0.959,120.6,50,50.011,38.67,Swell
0.7122,2.3994,3.369,1.092,5.0,50,50.012,45.89,Transient
0.6463,1.0035,1.553,1.596,66.2,50,50.005,52.83,Sag
0.8099,1.6176,1.997,1.693,36.1,50,49.999,51.51,Swell
0.8006,1.6458,2.056,2.879,35.4,50,49.972,46.61,Swell
0.7013,1.0096,1.44,0.122,0.0,50,49.974,40.84,Normal
0.7084,1.933,2.729,0.524,5.0,50,49.992,49.32,Transient
0.7083,1.0078,1.423,0.045,0.0,50,50.032,48.36,Normal
0.7089,1.0023,1.414,6.984,0.0,50,50.0,54.97,Harmonics
0.7034,0.9974,1.418,0.029,0.0,50,49.977,53.53,Normal
0.7084,1.0173,1.436,0.163,0.0,50,50.009,41.16,Normal
0.7094,1.0823,1.526,8.435,0.0,50,49.96,37.9,Harmonics
0.709,1.5417,2.175,1.503,5.0,50,49.987,47.34,Transient
0.4445,1.0112,2.275,10.99,120.8,50,49.958,37.25,Interruption
0.7157,1.0184,1.423,0.081,0.0,50,50.02,45.83,Normal
0.7076,1.0137,1.433,2.0,0.0,50,50.02,41.38,Notch
0.764,1.257,1.645,0.513,58.1,50,50.022,49.81,Swell
0.5181,1.0027,1.935,9.099,92.9,50,49.976,50.55,Interruption
0.6351,1.0045,1.582,4.321,38.7,50,49.963,48.51,Interruption
0.7142,1.0313,1.444,0.127,0.0,50,49.988,39.31,Normal
0.7051,1.0197,1.446,0.136,0.0,50,49.999,39.01,Normal
0.7008,0.9938,1.418,0.028,0.0,50,49.955,53.25,Normal
0.7029,1.0184,1.449,0.173,0.0,50,49.994,36.56,Normal
0.8565,1.3674,1.596,0.641,106.9,50,49.993,53.93,Swell
0.7072,1.5278,2.16,5.314,5.0,50,49.993,38.12,Transient
0.7078,1.009,1.426,4.631,0.0,50,50.015,52.88,Harmonics
0.6734,1.0043,1.491,0.968,20.8,50,50.039,49.24,Sag
0.7081,1.003,1.417,3.129,0.0,50,50.025,54.63,Notch
0.7118,1.0368,1.457,0.198,0.0,50,49.987,35.11,Normal
0.4484,1.0016,2.233,4.557,122.3,50,49.984,53.49,Sag
0.7611,1.3256,1.742,0.728,43.4,50,49.992,41.95,Swell
0.7086,1.0689,1.508,6.568,0.0,50,49.994,48.68,Harmonics
0.4597,1.0032,2.182,3.942,126.1,50,49.986,48.39,Sag
0.398,1.002,2.518,0.296,159.8,50,49.991,45.65,Sag
0.5839,1.0147,1.738,0.617,99.8,50,49.966,40.63,Sag
0.7079,1.0109,1.428,0.101,0.0,50,49.968,42.45,Normal
0.3877,1.002,2.585,15.036,138.7,50,49.998,51.2,Interruption
0.7136,2.7371,3.836,0.959,5.0,50,50.0,54.98,Transient
0.4764,1.0049,2.109,3.43,119.8,50,49.953,43.27,Sag
0.7116,1.0106,1.42,0.042,0.0,50,49.99,49.94,Normal
0.7104,1.0256,1.444,0.046,0.0,50,50.009,49.11,Flicker
0.7121,1.0769,1.512,0.1,0.0,50,50.01,41.6,Flicker
0.7094,0.9902,1.396,7.791,0.0,50,49.976,44.83,Harmonics
0.7331,1.1213,1.529,0.208,59.7,50,49.987,52.37,Swell
0.8576,1.3734,1.601,1.166,115.6,50,50.005,36.18,Swell
0.7148,1.0154,1.421,0.035,0.0,50,49.991,52.03,Normal
0.7101,1.4469,2.038,5.551,5.0,50,50.0,54.28,Transient
0.707,1.2221,1.728,1.056,5.0,50,50.008,48.45,Transient
0.7057,1.0011,1.419,0.041,0.0,50,49.996,50.79,Normal
0.7095,1.0823,1.525,7.688,0.0,50,49.996,38.76,Harmonics
0.6494,1.0044,1.547,0.686,65.0,50,49.991,50.3,Sag
0.5492,1.0106,1.84,2.965,100.0,50,50.03,40.75,Sag
0.6983,0.992,1.42,0.043,0.0,50,50.037,50.15,Normal
0.6981,0.9918,1.421,0.043,0.0,50,50.029,49.53,Normal
0.7136,1.0321,1.446,0.067,0.0,50,49.992,47.23,Flicker
0.7099,1.1407,1.607,8.613,0.0,50,49.985,40.35,Harmonics
0.7103,0.9914,1.396,9.779,0.0,50,50.024,48.34,Harmonics
0.4534,1.0047,2.216,1.52,150.5,50,49.966,47.25,Sag
0.5934,1.0043,1.692,5.648,56.0,50,50.0,48.07,Interruption
0.9442,1.804,1.911,2.746,73.3,50,49.997,36.14,Swell
0.7096,1.0715,1.51,8.361,0.0,50,50.002,52.0,Harmonics
0.5331,1.0031,1.882,0.717,139.9,50,49.988,49.17,Sag
0.7102,1.0199,1.436,0.11,0.0,50,49.986,43.28,Normal
0.7092,1.0866,1.532,7.931,0.0,50,50.027,42.71,Harmonics
0.68,1.0122,1.488,0.624,23.0,50,49.997,42.58,Sag
0.3056,1.0012,3.276,5.244,164.7,50,50.015,50.15,Interruption
0.907,1.556,1.716,1.514,93.3,50,49.981,51.89,Swell
0.7106,1.0124,1.425,0.068,0.0,50,49.996,45.67,Normal
0.7086,1.7127,2.417,0.487,5.0,50,50.002,50.72,Transient
0.5729,1.0045,1.753,7.287,68.3,50,49.983,47.53,Interruption
0.2281,1.0002,4.386,5.932,177.7,50,49.977,49.82,Interruption
0.7077,1.0449,1.477,1.22,5.0,50,50.01,35.88,Transient
0.7006,0.9996,1.427,0.07,0.0,50,49.978,44.28,Normal
0.5713,1.006,1.761,5.93,67.4,50,49.96,49.09,Interruption
0.71,1.0053,1.416,6.26,0.0,50,49.966,49.76,Notch
0.7108,1.0431,1.468,0.178,0.0,50,50.016,36.77,Normal
0.7027,1.0243,1.458,0.233,0.0,50,50.0,35.76,Normal
0.71,1.6997,2.394,1.023,5.0,50,50.009,48.33,Transient
0.7078,1.0599,1.497,0.181,0.0,50,50.0,37.08,Flicker
0.7107,1.1048,1.555,10.316,0.0,50,50.017,54.18,Harmonics
0.7032,1.0124,1.44,0.124,0.0,50,49.993,41.17,Normal
0.577,1.0057,1.743,7.04,68.1,50,50.032,45.48,Sag
1.0771,1.6765,1.557,0.395,153.7,50,50.022,40.55,Swell
0.576,1.0024,1.74,2.863,92.9,50,49.989,50.88,Sag
0.4692,1.005,2.142,4.666,115.7,50,50.02,44.76,Sag
0.612,1.0104,1.651,7.554,50.2,50,50.005,43.74,Interruption
0.7155,2.4763,3.461,0.552,5.0,50,49.965,45.63,Transient
1.024,1.7315,1.691,0.675,118.9,50,50.029,36.66,Swell
0.7006,0.9994,1.426,0.08,0.0,50,50.011,45.12,Normal
0.7087,1.0597,1.495,0.173,0.0,50,49.982,38.63,Flicker
0.7137,1.0119,1.418,0.023,0.0,50,50.029,54.96,Normal
0.4806,1.0027,2.086,9.352,107.2,50,50.02,50.83,Interruption
0.7131,1.0179,1.427,0.062,0.0,50,49.977,47.93,Normal
0.7107,1.4818,2.085,0.482,5.0,50,49.998,36.3,Transient
0.7108,1.0276,1.446,0.174,0.0,50,50.009,37.91,Normal
0.7064,1.011,1.431,0.101,0.0,50,50.03,41.14,Normal
0.7049,1.0017,1.421,0.059,0.0,50,49.998,48.13,Normal
0.7087,1.0048,1.418,2.441,0.0,50,50.026,50.7,Notch
0.7149,2.1985,3.075,5.395,5.0,50,49.964,44.39,Transient
0.7097,1.0205,1.438,8.314,0.0,50,49.98,45.59,Harmonics
0.7102,1.627,2.291,1.313,5.0,50,49.989,39.89,Transient
0.7116,1.009,1.418,0.022,0.0,50,49.98,54.13,Normal
0.8314,1.2477,1.501,0.252,142.1,50,49.975,47.66,Swell
0.6773,1.0138,1.497,0.319,26.2,50,50.012,39.48,Sag
0.7074,1.0544,1.49,4.088,0.0,50,50.028,38.45,Harmonics
0.712,1.0384,1.458,0.18,0.0,50,50.02,37.8,Normal
0.7212,1.0386,1.44,0.156,0.0,50,50.021,38.33,Normal
0.7079,1.0347,1.462,5.066,0.0,50,50.012,48.45,Harmonics
0.7085,1.0206,1.441,6.063,0.0,50,49.98,48.54,Harmonics
0.8686,1.3642,1.571,0.655,119.5,50,49.997,51.81,Swell
0.7096,1.0019,1.412,1.42,0.0,50,49.987,54.92,Notch
0.6903,0.9792,1.418,0.037,0.0,50,49.992,52.98,Normal
0.7059,1.0295,1.458,0.181,0.0,50,50.014,36.0,Normal
0.6644,1.0099,1.52,1.766,44.8,50,49.982,43.58,Sag
0.5796,1.0108,1.744,0.554,139.1,50,50.015,38.97,Sag
0.7141,1.0162,1.423,0.063,0.0,50,50.021,47.41,Normal
0.7049,1.0039,1.424,1.658,5.0,50,49.998,53.5,Transient
1.0632,1.6449,1.547,0.664,152.0,50,49.962,40.91,Swell
0.7083,1.0976,1.549,0.473,5.0,50,50.023,53.86,Transient
0.7094,1.7197,2.424,0.529,5.0,50,49.979,39.4,Transient
0.7046,1.0054,1.427,0.07,0.0,50,50.016,45.62,Normal
0.7212,1.025,1.421,0.032,0.0,50,49.979,49.18,Normal
0.7182,1.0181,1.417,0.031,0.0,50,49.994,54.27,Normal
0.5527,1.004,1.817,9.465,78.3,50,49.994,50.1,Interruption
0.909,1.4367,1.581,0.876,137.5,50,49.995,36.25,Swell
0.9001,1.5053,1.672,1.029,106.3,50,50.009,39.74,Swell
0.6452,1.0233,1.586,0.843,58.6,50,49.998,37.35,Sag
0.9682,1.5704,1.622,0.857,130.2,50,50.023,35.36,Swell
0.7093,1.6067,2.265,0.508,5.0,50,50.002,43.03,Transient
0.5022,1.012,2.015,5.046,112.9,50,49.997,39.01,Sag
0.6616,1.0082,1.524,0.799,65.1,50,50.041,44.06,Sag
1.0559,1.5982,1.514,0.457,158.3,50,50.025,53.43,Swell
0.652,1.003,1.538,5.948,30.7,50,49.98,51.92,Sag
0.6984,1.0034,1.437,0.113,0.0,50,49.992,40.96,Normal
0.8985,1.4304,1.592,0.971,119.2,50,50.007,52.34,Swell
0.715,1.8169,2.541,0.569,5.0,50,50.04,37.78,Transient
0.7072,1.0332,1.461,0.254,0.0,50,49.989,35.23,Normal
0.4174,1.0005,2.397,15.692,130.2,50,49.985,52.66,Interruption
0.702,1.0165,1.448,0.18,0.0,50,49.968,37.6,Normal
0.715,2.0861,2.918,0.695,5.0,50,49.985,45.49,Transient
0.7078,1.0028,1.417,1.273,0.0,50,49.996,54.43,Notch
0.7077,1.7977,2.54,0.48,5.0,50,49.994,52.45,Transient
0.7135,1.0547,1.478,0.036,0.0,50,50.007,50.1,Flicker
0.7134,1.0463,1.467,0.035,0.0,50,49.997,53.04,Flicker
0.7143,2.2737,3.183,1.42,5.0,50,49.99,54.32,Transient
1.0251,1.6765,1.635,1.435,128.6,50,49.985,39.74,Swell
0.706,1.0077,1.427,0.089,0.0,50,50.038,43.79,Normal
0.7101,1.0523,1.482,0.051,0.0,50,50.014,49.91,Flicker
0.7081,1.2623,1.783,0.167,5.0,50,49.94,48.51,Transient
0.3666,1.0049,2.741,11.305,145.8,50,49.997,42.91,Interruption
0.7715,1.3003,1.685,1.163,55.6,50,50.037,42.72,Swell
0.708,1.0292,1.454,4.807,0.0,50,49.994,50.25,Harmonics
0.7102,1.0075,1.419,0.024,0.0,50,50.024,53.83,Normal
0.9836,1.6483,1.676,1.217,114.4,50,49.985,37.95,Swell
0.4568,1.0079,2.207,1.405,148.9,50,50.019,37.81,Sag
0.6932,0.983,1.418,0.029,0.0,50,50.019,54.88,Normal
0.2742,1.001,3.65,3.925,172.8,50,49.98,49.39,Interruption
0.7065,1.0043,1.422,0.04,0.0,50,50.007,50.19,Normal
0.4332,1.0034,2.316,20.277,126.4,50,49.979,48.86,Interruption
0.7149,1.0134,1.418,0.026,0.0,50,49.998,54.78,Normal
0.7082,1.0105,1.427,0.082,0.0,50,50.006,47.05,Normal
0.7822,1.7111,2.188,3.083,22.0,50,49.962,41.24,Swell
0.6967,0.9903,1.421,0.064,0.0,50,50.034,48.63,Normal
1.1556,1.8056,1.562,0.292,159.3,50,50.02,35.62,Swell
0.5989,1.0235,1.709,7.014,56.5,50,49.976,36.59,Sag
0.707,1.0259,1.451,0.222,0.0,50,49.992,37.53,Normal
0.7096,1.0654,1.501,0.172,0.0,50,49.954,39.99,Flicker
0.9508,1.4538,1.529,0.282,150.2,50,50.001,44.64,Swell
0.7082,1.0112,1.428,0.47,0.0,50,49.984,44.0,Notch
0.7072,1.0123,1.432,0.257,5.0,50,50.004,43.64,Transient
0.7119,1.8008,2.53,3.4,5.0,50,49.977,52.75,Transient
0.4432,1.0063,2.271,5.565,127.2,50,49.999,41.69,Sag
0.6976,1.0034,1.438,0.177,0.0,50,50.013,39.41,Normal
0.7084,1.1269,1.591,0.748,5.0,50,50.002,37.76,Transient
0.9307,1.4313,1.538,0.209,141.4,50,50.003,54.18,Swell
0.7075,1.3102,1.852,0.24,5.0,50,50.007,42.28,Transient
0.7524,1.445,1.92,1.55,25.1,50,50.025,45.54,Swell
0.5866,1.0028,1.71,1.784,105.5,50,50.0,48.24,Sag
0.7078,1.021,1.442,0.098,0.0,50,49.973,42.85,Flicker
0.7095,1.0216,1.44,7.777,0.0,50,49.98,37.35,Harmonics
0.7062,1.0014,1.418,0.025,0.0,50,50.009,54.75,Normal
0.7088,1.0711,1.511,7.869,0.0,50,50.022,42.03,Harmonics
0.5924,1.0132,1.71,3.688,58.9,50,49.971,35.31,Interruption
0.4902,1.0016,2.043,2.13,125.8,50,50.019,53.75,Sag
0.6366,1.0049,1.578,6.45,36.7,50,49.998,47.26,Interruption
0.6643,1.0068,1.515,1.095,55.2,50,49.976,46.12,Sag
0.706,1.0189,1.443,0.143,0.0,50,49.931,38.07,Normal
0.6588,1.0222,1.552,0.893,40.6,50,49.994,37.15,Sag
0.5447,1.0061,1.847,5.288,81.1,50,49.996,47.67,Interruption
0.7107,1.0118,1.424,0.064,0.0,50,50.024,46.85,Normal
0.7047,1.0295,1.461,0.155,0.0,50,50.005,36.04,Normal
0.8414,1.5785,1.876,2.198,55.6,50,50.0,43.25,Swell
0.798,1.3189,1.653,0.916,79.0,50,49.982,35.58,Swell
0.7114,1.0201,1.434,0.116,0.0,50,49.983,41.96,Normal
0.4987,1.0058,2.017,1.475,128.3,50,50.001,42.59,Sag
0.7098,1.0806,1.523,8.235,0.0,50,49.974,46.35,Harmonics
0.7699,1.1786,1.531,0.684,98.5,50,49.993,53.94,Swell
0.7139,1.032,1.446,0.146,0.0,50,50.001,40.21,Normal
0.7079,1.0436,1.474,4.879,0.0,50,50.008,42.04,Harmonics
0.2754,1.0011,3.635,17.003,169.1,50,50.007,47.39,Interruption
0.7028,1.0095,1.436,0.112,0.0,50,49.994,40.51,Normal
0.4972,1.0012,2.014,3.208,124.9,50,50.008,54.44,Sag
0.4423,1.0046,2.271,13.356,122.9,50,49.986,43.73,Interruption
0.7072,1.0077,1.425,0.26,5.0,50,49.992,46.79,Transient
0.5295,1.0129,1.913,10.098,88.1,50,49.975,38.05,Interruption
0.3104,1.0036,3.233,9.176,161.5,50,50.002,40.48,Interruption
0.6964,1.0016,1.438,0.14,0.0,50,49.978,41.7,Normal
0.7073,1.0042,1.42,0.026,0.0,50,49.981,54.4,Normal
0.7091,1.0219,1.441,7.663,0.0,50,50.0,53.07,Harmonics
0.7524,1.3798,1.834,2.565,31.1,50,50.018,35.61,Swell
0.4426,1.0019,2.264,8.06,122.6,50,49.975,50.43,Interruption
0.7175,1.815,2.53,2.628,5.0,50,49.973,52.78,Transient
0.7019,0.9952,1.418,0.022,0.0,50,50.033,54.21,Normal
0.7103,1.0183,1.433,9.387,0.0,50,49.983,53.37,Harmonics
0.7094,1.5103,2.129,0.693,5.0,50,50.024,52.12,Transient
0.734,1.1157,1.52,0.559,67.4,50,50.002,51.79,Swell
0.898,1.5588,1.736,1.125,87.3,50,50.013,41.51,Swell
0.5439,1.0028,1.844,2.945,112.5,50,49.959,51.03,Sag
0.7099,1.0659,1.501,8.639,0.0,50,49.993,43.88,Harmonics
0.7101,1.0031,1.413,3.345,0.0,50,50.002,53.54,Notch
0.5847,1.0157,1.737,6.228,65.8,50,50.01,38.57,Interruption
0.7013,0.9961,1.42,0.033,0.0,50,50.009,52.22,Normal
0.7045,1.0225,1.451,0.21,0.0,50,49.997,36.22,Normal
0.707,1.0162,1.437,1.087,0.0,50,50.03,38.48,Notch
0.7198,1.0352,1.438,0.191,0.0,50,50.011,38.9,Normal
0.714,1.0132,1.419,0.034,0.0,50,50.027,52.42,Normal
0.7097,1.0723,1.511,8.15,0.0,50,50.004,38.44,Harmonics
0.7095,1.0122,1.427,0.097,0.0,50,50.015,43.73,Normal
0.7097,1.0975,1.547,8.78,0.0,50,50.027,40.25,Harmonics
0.6984,0.9915,1.42,0.058,0.0,50,49.964,49.59,Normal
0.5672,1.0093,1.779,0.455,121.2,50,49.991,42.36,Sag
0.7084,1.0181,1.437,0.033,0.0,50,50.006,53.38,Flicker
0.6166,1.0073,1.634,2.499,47.7,50,50.005,43.31,Interruption
0.5539,1.0041,1.813,1.358,100.1,50,50.003,48.35,Sag
0.6496,1.0053,1.548,1.672,52.1,50,50.009,48.17,Sag
0.7895,1.4084,1.784,1.283,53.9,50,50.005,47.43,Swell
0.6062,1.0075,1.662,0.582,122.3,50,49.991,41.74,Sag
0.7852,1.2012,1.53,0.4,111.5,50,49.974,43.66,Swell
0.6709,1.0091,1.504,0.379,20.0,50,49.986,44.25,Interruption
0.7114,1.2746,1.792,5.971,5.0,50,50.001,50.03,Transient
0.5191,1.0062,1.938,3.624,96.0,50,49.995,45.56,Sag
0.7113,1.017,1.43,0.102,0.0,50,49.974,43.56,Normal
0.5294,1.0172,1.921,3.757,86.9,50,49.97,38.13,Sag
0.6249,1.0261,1.642,5.0,41.4,50,49.999,35.35,Interruption
0.8799,1.7691,2.011,2.588,51.4,50,50.026,51.19,Swell
0.7431,1.0842,1.459,0.183,0.0,50,49.955,38.27,Flicker
0.4907,1.0017,2.041,11.63,106.0,50,49.993,53.5,Interruption
0.5281,1.009,1.911,14.969,88.7,50,49.963,44.08,Interruption
0.8717,1.3683,1.57,0.393,121.0,50,50.011,50.2,Swell
0.5433,1.0033,1.847,3.043,112.8,50,49.985,45.74,Sag
0.4777,1.0124,2.119,11.163,107.8,50,49.98,37.02,Interruption
0.7088,1.0955,1.546,7.21,0.0,50,50.005,44.43,Harmonics
0.968,1.8172,1.877,2.22,84.1,50,50.012,36.77,Swell
0.708,1.018,1.438,5.278,0.0,50,50.003,50.03,Harmonics
0.7099,1.0316,1.453,8.15,0.0,50,49.986,41.73,Harmonics
0.5341,1.0037,1.879,3.536,109.1,50,50.016,51.94,Sag
0.7075,1.0326,1.459,0.086,0.0,50,49.997,43.96,Flicker
0.7088,1.1165,1.575,6.385,0.0,50,49.989,46.5,Harmonics
0.7088,1.0356,1.461,0.224,0.0,50,50.039,36.22,Normal
0.5778,1.004,1.738,2.017,82.3,50,49.994,47.75,Sag
0.5291,1.0022,1.894,0.401,148.6,50,50.01,51.55,Sag
0.708,1.0215,1.443,1.08,0.0,50,49.977,37.71,Notch
0.7083,1.063,1.501,5.7,0.0,50,49.99,44.16,Harmonics
0.7127,1.0441,1.465,0.053,0.0,50,49.98,47.45,Flicker
0.6921,1.0036,1.45,1.104,25.6,50,50.004,48.79,Sag
0.716,1.0187,1.423,0.067,0.0,50,50.016,47.22,Normal
0.4603,1.0015,2.176,12.543,113.7,50,50.034,52.89,Interruption
0.5013,1.0037,2.002,5.08,101.5,50,49.99,47.95,Interruption
0.5946,1.0025,1.686,2.568,56.1,50,50.007,52.47,Interruption
0.7198,1.0362,1.44,0.161,0.0,50,50.001,39.09,Normal
0.7072,1.0203,1.443,0.057,0.0,50,49.993,47.77,Flicker
0.6456,1.0246,1.587,0.839,60.6,50,50.001,36.23,Sag
0.7201,1.0216,1.419,0.035,0.0,50,50.008,52.38,Normal
0.5811,1.005,1.73,0.776,122.2,50,50.006,46.89,Sag
0.6935,0.993,1.432,0.133,0.0,50,50.01,42.3,Normal
0.7153,2.3504,3.286,3.892,5.0,50,49.979,53.57,Transient
0.6281,1.0182,1.621,5.838,44.8,50,50.0,37.09,Interruption
0.721,1.0307,1.429,0.092,0.0,50,49.996,43.83,Normal
0.708,1.0039,1.418,1.762,0.0,50,49.978,53.24,Notch
0.3898,1.0102,2.591,7.941,140.1,50,49.997,35.72,Interruption
0.2496,1.0045,4.024,3.521,174.2,50,49.99,37.2,Interruption
0.6974,0.9959,1.428,0.064,0.0,50,50.002,46.82,Normal
0.7139,2.7007,3.783,0.562,5.0,50,49.987,42.22,Transient
0.4651,1.0031,2.157,2.967,123.5,50,50.005,47.49,Sag
0.929,1.7784,1.914,2.49,66.1,50,49.997,52.46,Swell
0.5733,1.0146,1.77,4.366,69.0,50,50.002,39.79,Sag
0.7077,1.0683,1.509,4.965,0.0,50,50.028,43.53,Harmonics
0.7253,1.0356,1.428,0.104,0.0,50,49.97,44.33,Normal
0.7089,1.0666,1.505,0.112,0.0,50,50.002,41.38,Flicker
0.7081,1.2843,1.814,0.327,5.0,50,50.005,39.74,Transient
0.6306,1.003,1.591,0.081,119.9,50,49.997,52.47,Sag
0.5499,1.0086,1.834,3.209,77.8,50,50.041,43.58,Sag
0.7132,1.0178,1.427,0.085,0.0,50,50.0,44.5,Normal
0.6405,1.0029,1.566,0.132,147.8,50,49.999,48.15,Sag
0.711,1.0197,1.434,0.104,0.0,50,50.031,41.11,Normal
0.42,1.0022,2.387,8.778,131.8,50,50.007,50.11,Interruption
0.7093,1.0273,1.448,4.065,0.0,50,50.004,35.4,Notch
0.7095,1.0777,1.519,7.778,0.0,50,49.977,39.12,Harmonics
0.7127,1.0139,1.423,0.036,0.0,50,49.998,50.93,Normal
0.7041,1.0178,1.445,0.2,0.0,50,49.996,36.51,Normal
0.7074,1.0232,1.446,1.108,0.0,50,49.977,35.89,Notch
0.7069,1.0215,1.445,0.164,0.0,50,50.006,36.18,Normal
0.6015,1.0049,1.671,1.731,58.3,50,49.99,47.95,Sag
0.6594,1.0045,1.523,0.953,24.6,50,49.999,47.78,Interruption
0.7101,1.0211,1.438,0.103,0.0,50,50.016,42.37,Normal
0.7086,1.0052,1.419,0.052,0.0,50,49.989,49.55,Normal
0.7077,1.0295,1.455,2.48,0.0,50,49.99,40.58,Harmonics
0.6684,1.0107,1.512,0.989,22.8,50,50.018,43.65,Sag
0.9563,1.4478,1.514,0.527,156.6,50,50.002,46.24,Swell
0.7106,1.0168,1.431,5.9,0.0,50,50.002,41.03,Notch
0.6992,0.9946,1.423,0.045,0.0,50,49.989,49.51,Normal
0.7079,1.0194,1.44,0.146,0.0,50,49.971,39.54,Normal
0.7098,1.0085,1.421,0.058,0.0,50,50.002,50.98,Normal
0.6648,1.0129,1.524,3.461,21.2,50,50.008,39.65,Interruption
0.71,1.0355,1.458,9.362,0.0,50,50.027,49.6,Harmonics
0.7189,1.0297,1.432,0.13,0.0,50,49.987,39.03,Normal
0.9159,1.6607,1.813,1.789,84.6,50,49.986,38.13,Swell
0.6968,1.0003,1.436,0.134,0.0,50,49.994,41.48,Normal
0.2522,1.0012,3.969,4.458,176.8,50,49.994,53.4,Interruption
0.6527,1.0042,1.539,0.247,126.5,50,49.96,52.34,Sag
0.7165,1.0276,1.434,0.127,0.0,50,50.013,42.36,Normal
0.7053,1.0038,1.423,0.061,0.0,50,50.013,49.04,Normal
0.7467,1.2172,1.63,0.537,54.1,50,50.023,37.27,Swell
0.7103,1.0667,1.502,9.444,0.0,50,50.001,36.17,Harmonics
0.6875,0.9814,1.427,0.076,0.0,50,50.041,43.89,Normal
0.6225,1.0004,1.607,0.533,136.2,50,50.016,54.37,Sag
0.5476,1.0034,1.832,2.663,100.4,50,49.998,51.72,Sag
0.6389,1.0033,1.57,1.255,38.7,50,50.008,51.6,Sag
0.5307,1.0196,1.921,5.618,90.2,50,49.981,36.92,Sag
0.7362,1.3096,1.779,1.272,22.6,50,49.986,41.68,Swell
0.7038,0.9999,1.421,0.057,0.0,50,49.982,48.94,Normal
0.709,0.9912,1.398,7.106,0.0,50,49.992,50.1,Harmonics
0.7108,1.0206,1.436,0.112,0.0,50,50.001,40.88,Normal
0.7276,1.0521,1.446,0.082,0.0,50,50.005,45.84,Flicker
0.7089,1.0693,1.508,6.801,0.0,50,49.98,52.33,Harmonics
0.7084,1.0414,1.47,6.012,0.0,50,49.999,45.86,Harmonics
0.446,1.0068,2.258,7.274,127.1,50,49.97,42.21,Sag
0.8546,1.3024,1.524,0.354,144.2,50,50.016,37.9,Swell
0.7886,1.2209,1.548,0.536,111.4,50,50.0,37.95,Swell
0.6355,1.0014,1.576,0.325,145.9,50,49.999,54.61,Sag
0.5249,1.0023,1.909,6.083,89.4,50,49.993,52.43,Interruption
0.7081,1.0331,1.459,0.064,0.0,50,49.988,46.22,Flicker
0.7103,2.0045,2.822,0.419,5.0,50,50.014,47.92,Transient
0.5494,1.0049,1.829,4.477,77.7,50,50.027,46.81,Interruption
0.7006,0.9969,1.423,0.049,0.0,50,49.986,50.06,Normal
0.7085,1.0027,1.415,6.7,0.0,50,50.024,51.24,Harmonics
0.712,1.0338,1.452,0.189,0.0,50,49.994,36.59,Normal
0.713,1.0483,1.47,0.226,0.0,50,50.021,35.29,Normal
0.7097,1.5154,2.135,1.597,5.0,50,50.024,43.33,Transient
0.7092,1.0415,1.469,0.079,0.0,50,50.01,42.61,Flicker
0.9586,1.4897,1.554,0.646,139.5,50,49.974,50.32,Swell
0.7122,1.0115,1.42,0.043,0.0,50,49.999,50.03,Normal
1.0571,1.8354,1.736,1.745,112.9,50,49.996,38.9,Swell
0.7054,1.0198,1.446,0.178,0.0,50,50.004,36.13,Normal
0.7041,1.0119,1.437,0.13,0.0,50,50.013,40.37,Normal
0.7059,1.0028,1.421,0.031,0.0,50,50.012,52.99,Normal
0.7075,0.9778,1.382,2.903,0.0,50,49.996,46.16,Harmonics
1.0295,1.7406,1.691,1.616,111.4,50,50.012,44.27,Swell
0.6982,0.9951,1.425,0.045,0.0,50,50.006,48.52,Normal
0.4134,1.0049,2.431,5.641,138.7,50,49.993,46.0,Sag
0.5328,1.0242,1.922,13.035,86.8,50,50.026,35.59,Interruption
0.6986,1.0077,1.443,0.181,0.0,50,49.989,36.69,Normal
0.5646,1.0093,1.788,2.438,77.1,50,49.996,46.36,Sag
0.7091,1.0825,1.526,8.034,0.0,50,50.019,45.33,Harmonics
0.712,1.1321,1.59,11.891,0.0,50,49.987,39.48,Harmonics
0.6089,1.0054,1.651,1.817,86.6,50,49.956,47.67,Sag
0.6496,1.0054,1.548,0.812,37.3,50,50.004,50.37,Sag
0.3643,1.0049,2.758,7.118,150.5,50,50.035,41.13,Sag
0.539,1.0038,1.862,7.344,83.1,50,50.019,51.32,Interruption
0.5776,1.0105,1.75,0.323,148.3,50,50.004,39.4,Sag
0.659,1.0021,1.521,6.697,25.4,50,50.009,54.6,Interruption
0.5771,1.0199,1.767,0.937,133.2,50,50.022,35.85,Sag
0.7101,1.0849,1.528,9.275,0.0,50,50.02,48.72,Harmonics
0.4753,1.0038,2.112,9.804,110.5,50,50.002,48.68,Interruption
0.7082,2.0552,2.902,0.616,5.0,50,50.041,45.64,Transient
0.712,1.0134,1.423,0.055,0.0,50,49.994,48.48,Normal
0.7059,1.0031,1.421,0.04,0.0,50,50.007,51.46,Normal
0.7095,1.3405,1.889,1.307,5.0,50,50.036,41.64,Transient
0.7102,1.0557,1.487,8.541,0.0,50,49.975,37.25,Harmonics
0.6905,1.0025,1.452,1.127,22.5,50,49.967,52.77,Sag
0.5266,1.0039,1.906,0.474,138.2,50,50.022,48.62,Sag
0.712,1.864,2.618,0.576,5.0,50,50.026,52.2,Transient
0.7066,1.0142,1.435,0.85,5.0,50,49.984,42.23,Transient
0.7023,1.0067,1.434,0.114,0.0,50,50.003,42.19,Normal
0.9877,1.7313,1.753,1.305,96.7,50,50.002,52.8,Swell
0.712,1.0271,1.443,0.189,0.0,50,49.989,37.56,Normal
0.492,1.0077,2.048,2.519,117.0,50,50.016,41.82,Sag
0.7077,1.0045,1.419,0.031,0.0,50,49.989,52.74,Normal
0.94,1.7631,1.876,2.617,73.3,50,49.996,40.95,Swell
0.7104,1.0032,1.412,3.92,0.0,50,49.993,52.77,Notch
1.1153,1.7461,1.566,0.637,148.4,50,50.032,50.69,Swell
0.595,1.0241,1.721,1.745,104.3,50,49.993,35.64,Sag
0.7095,1.1042,1.556,7.948,0.0,50,49.985,50.44,Harmonics
0.6545,1.0119,1.546,0.548,112.3,50,49.987,40.56,Sag
0.7085,1.0298,1.453,0.267,0.0,50,50.014,36.0,Normal
0.7057,1.0263,1.454,0.223,0.0,50,49.986,35.26,Normal
0.7038,1.0011,1.422,0.059,0.0,50,49.974,47.72,Normal
0.708,1.0322,1.458,5.09,0.0,50,49.984,38.97,Harmonics
0.7077,1.3378,1.89,0.485,5.0,50,50.038,40.37,Transient
0.7017,1.0124,1.443,0.152,0.0,50,49.99,40.37,Normal
0.7124,1.0114,1.42,0.039,0.0,50,50.045,51.91,Normal
0.7074,1.0066,1.423,3.545,0.0,50,50.024,50.04,Harmonics
0.7004,0.9966,1.423,0.05,0.0,50,49.98,46.89,Normal
0.7111,1.0167,1.43,5.259,0.0,50,49.989,39.32,Notch
0.7087,1.3964,1.97,0.504,5.0,50,49.97,52.1,Transient
0.5679,1.0105,1.779,5.899,73.3,50,49.976,42.26,Sag
0.709,1.045,1.474,0.197,0.0,50,49.993,37.15,Flicker
0.7013,1.0136,1.445,0.149,0.0,50,50.027,38.16,Normal
0.4739,1.0017,2.114,2.975,130.7,50,50.028,50.7,Sag
0.517,1.0052,1.944,5.481,99.7,50,49.989,45.16,Sag
0.702,0.9966,1.42,0.036,0.0,50,50.045,53.19,Normal
0.7105,1.0601,1.492,0.122,0.0,50,49.955,39.78,Flicker
0.7101,1.0929,1.539,9.148,0.0,50,49.988,49.98,Harmonics
0.7101,1.1512,1.621,1.261,5.0,50,49.994,47.28,Transient
0.7083,1.0729,1.515,0.146,0.0,50,50.037,38.91,Flicker
0.7108,1.5692,2.208,1.747,5.0,50,49.992,40.58,Transient
0.7072,1.0219,1.445,2.123,0.0,50,49.999,39.28,Harmonics
0.4267,1.0009,2.346,9.249,125.0,50,49.975,54.14,Interruption
0.7138,1.0173,1.425,0.072,0.0,50,50.016,46.03,Normal
0.8887,1.5726,1.77,1.345,86.0,50,50.01,36.06,Swell
0.7036,0.9972,1.417,0.025,0.0,50,49.993,54.9,Normal
0.5938,1.0031,1.689,2.665,83.6,50,49.989,52.03,Sag
0.7979,1.3468,1.688,1.542,71.4,50,50.059,36.94,Swell
0.7079,1.0496,1.483,0.477,5.0,50,50.018,37.59,Transient
0.6949,0.9861,1.419,0.044,0.0,50,49.962,51.2,Normal
0.7089,1.0098,1.425,7.607,0.0,50,49.999,35.77,Harmonics
0.7091,1.0302,1.453,0.091,0.0,50,49.989,43.27,Flicker
0.7107,1.0091,1.42,0.04,0.0,50,50.031,52.24,Normal
0.7166,1.021,1.425,0.083,0.0,50,49.989,45.85,Normal
0.7122,1.3441,1.887,4.024,5.0,50,50.017,39.47,Transient
0.7086,1.0352,1.461,0.203,0.0,50,49.97,36.49,Flicker
0.6296,1.0127,1.608,0.856,103.8,50,49.965,39.89,Sag
0.4341,1.0068,2.319,14.583,122.0,50,50.025,37.55,Interruption
0.6974,1.0049,1.441,0.669,28.3,50,50.054,47.72,Sag
0.6044,1.0151,1.679,0.78,132.7,50,50.001,37.86,Sag
0.7104,1.0085,1.42,4.295,0.0,50,49.985,45.85,Notch
0.3575,1.002,2.803,6.257,155.2,50,50.032,47.0,Sag
0.7157,1.0079,1.408,9.827,0.0,50,50.003,46.3,Notch
0.7093,1.04,1.466,7.379,0.0,50,50.014,36.98,Harmonics
0.7149,1.0153,1.42,0.048,0.0,50,50.008,51.31,Normal
0.7105,1.0718,1.509,0.163,0.0,50,49.976,36.53,Flicker
0.7,0.9936,1.419,0.024,0.0,50,49.993,52.42,Normal
0.6751,1.0116,1.499,0.779,21.8,50,49.983,43.62,Sag
0.711,1.0083,1.418,0.032,0.0,50,49.99,53.43,Normal
0.7105,1.0076,1.418,0.034,0.0,50,50.023,53.89,Normal
0.7075,1.0167,1.437,0.155,0.0,50,49.985,37.51,Normal
0.7116,1.1084,1.558,11.315,0.0,50,50.0,42.1,Harmonics
0.708,1.0903,1.54,4.899,0.0,50,50.003,37.56,Harmonics
0.7083,1.0413,1.47,6.565,0.0,50,50.02,44.22,Harmonics
0.7116,1.0295,1.447,0.209,0.0,50,49.982,35.12,Normal
0.4207,1.0036,2.386,25.607,128.9,50,50.021,44.23,Interruption
0.7827,1.6506,2.109,3.105,24.9,50,49.982,42.37,Swell
0.7076,1.0324,1.459,0.042,0.0,50,50.002,49.91,Flicker
0.7096,1.1656,1.643,2.694,5.0,50,50.01,42.08,Transient
0.7104,1.5489,2.18,2.946,5.0,50,50.023,49.09,Transient
0.716,1.0655,1.488,0.16,0.0,50,49.997,37.64,Flicker
0.7068,1.0526,1.489,0.207,0.0,50,50.046,37.26,Flicker
0.7089,1.0205,1.44,0.213,0.0,50,49.982,38.24,Normal
1.0024,1.6919,1.688,1.359,114.3,50,49.988,40.07,Swell
0.6647,1.0121,1.523,0.856,39.9,50,49.98,42.26,Sag
0.7078,1.0161,1.436,5.202,0.0,50,50.022,45.52,Harmonics
0.7072,1.1929,1.687,1.149,5.0,50,49.973,52.9,Transient
0.7038,1.0072,1.431,0.1,0.0,50,50.013,42.52,Normal
0.6966,0.9901,1.421,0.049,0.0,50,49.994,48.83,Normal
0.6957,0.989,1.422,0.046,0.0,50,49.963,50.19,Normal
0.9242,1.6436,1.778,2.288,82.3,50,49.995,53.2,Swell
0.716,1.0229,1.429,0.074,0.0,50,49.994,45.29,Normal
0.7087,1.0095,1.424,0.058,0.0,50,49.993,46.95,Normal
0.7201,1.0211,1.418,0.038,0.0,50,50.006,51.68,Normal
0.7096,1.0637,1.499,8.376,0.0,50,50.004,43.48,Harmonics
0.7108,1.003,1.411,9.906,0.0,50,49.974,37.95,Harmonics
0.7158,1.0356,1.447,0.195,0.0,50,50.001,36.37,Normal
0.709,1.0065,1.42,6.713,0.0,50,50.0,40.57,Harmonics
0.5522,1.0198,1.847,4.079,96.8,50,50.02,35.21,Sag
0.71,2.2118,3.115,0.608,5.0,50,50.018,44.44,Transient
0.7087,1.0184,1.437,0.203,0.0,50,49.989,37.68,Normal
0.7132,1.0168,1.426,0.071,0.0,50,50.004,46.8,Normal
0.6732,1.0102,1.501,0.673,59.2,50,50.04,43.99,Sag
0.7166,1.0174,1.42,0.037,0.0,50,49.995,50.97,Normal
0.7084,1.0944,1.545,5.711,0.0,50,49.995,45.16,Harmonics
0.8075,1.3733,1.701,1.125,73.2,50,49.987,37.35,Swell
0.7428,1.3774,1.854,1.826,26.3,50,49.984,36.5,Swell
0.704,1.0021,1.423,0.038,0.0,50,49.998,48.72,Normal
0.2318,1.0033,4.328,15.631,178.7,50,49.978,35.65,Interruption
0.7038,1.0122,1.438,0.158,0.0,50,50.013,39.62,Normal
0.558,1.002,1.796,8.968,76.2,50,50.002,52.47,Sag
0.7069,1.0234,1.448,0.216,0.0,50,49.991,35.96,Normal
0.7078,1.0304,1.456,0.268,0.0,50,50.004,37.45,Flicker
0.6927,0.986,1.423,0.041,0.0,50,49.978,48.59,Normal
1.0027,1.5502,1.546,0.369,154.8,50,49.971,40.66,Swell
0.7082,1.3961,1.971,0.414,5.0,50,49.977,38.75,Transient
0.7091,1.0284,1.45,4.637,0.0,50,50.01,35.81,Notch
0.7032,1.0101,1.436,0.132,0.0,50,50.005,39.38,Normal
0.5273,1.0119,1.919,1.13,118.5,50,49.984,39.53,Sag
0.7073,1.0091,1.427,0.749,0.0,50,50.004,45.87,Notch
0.7075,1.0042,1.419,1.342,0.0,50,50.002,49.42,Notch
0.7075,1.2125,1.714,3.161,5.0,50,49.993,51.97,Transient
0.7131,1.0313,1.446,0.222,0.0,50,49.967,36.53,Normal
0.6315,1.0032,1.589,2.132,42.2,50,50.01,49.14,Interruption
0.7125,1.0265,1.441,0.138,0.0,50,49.967,42.5,Normal
0.4188,1.0083,2.408,13.5,129.6,50,49.975,39.67,Interruption
0.3896,1.0008,2.568,17.788,139.2,50,49.984,54.99,Interruption
0.6924,0.9861,1.424,0.079,0.0,50,49.995,44.52,Normal
0.447,1.0016,2.241,1.264,143.9,50,49.97,52.93,Sag
0.3479,1.0028,2.883,9.703,153.4,50,50.004,41.49,Sag
0.3585,1.0081,2.812,24.227,145.3,50,49.983,40.83,Interruption
0.7549,1.1205,1.484,0.289,131.7,50,50.047,36.48,Swell
0.2359,1.0,4.239,5.038,178.7,50,49.969,44.07,Interruption
0.6685,1.0066,1.506,0.842,21.8,50,49.975,44.05,Sag
0.7104,1.0596,1.492,9.873,0.0,50,50.015,37.2,Harmonics
0.6933,0.9866,1.423,0.066,0.0,50,49.977,48.18,Normal
0.6481,1.0052,1.551,1.144,39.9,50,49.984,48.44,Sag
0.7105,1.0467,1.473,0.156,0.0,50,50.0,40.34,Flicker
0.7139,2.8369,3.974,0.886,5.0,50,50.01,37.48,Transient
0.7207,1.0244,1.421,0.058,0.0,50,49.994,49.1,Normal
0.3949,1.0022,2.538,13.232,135.2,50,50.004,52.08,Interruption
0.7084,1.0752,1.518,0.125,0.0,50,50.021,39.8,Flicker
0.618,1.0015,1.621,0.566,125.9,50,50.035,51.97,Sag
0.4802,1.0042,2.091,1.822,136.3,50,49.983,42.18,Sag
0.718,1.0246,1.427,0.09,0.0,50,50.008,44.14,Normal
0.7166,1.0287,1.436,0.085,0.0,50,50.009,43.3,Normal
0.5457,1.0022,1.836,5.327,83.5,50,50.029,49.17,Interruption
0.7161,1.0157,1.418,0.044,0.0,50,49.973,49.9,Normal
0.6145,1.0112,1.646,1.574,85.8,50,50.035,41.9,Sag
0.7148,2.3505,3.288,1.252,5.0,50,50.014,45.12,Transient
0.4193,1.0087,2.406,8.547,131.7,50,50.024,39.18,Interruption
0.7073,1.0308,1.457,0.057,0.0,50,50.0,48.32,Flicker
0.6099,1.0053,1.648,2.199,88.8,50,50.02,48.43,Sag
0.7077,1.0274,1.452,0.202,0.0,50,50.009,37.27,Normal
0.7104,1.0341,1.456,0.262,0.0,50,49.993,35.02,Normal
0.7156,1.0208,1.426,0.074,0.0,50,49.995,45.32,Normal
0.4343,1.005,2.314,6.965,124.0,50,50.021,46.16,Interruption
0.71,1.0486,1.477,9.18,0.0,50,50.003,35.46,Harmonics
0.8869,1.4112,1.591,0.82,115.3,50,50.009,53.38,Swell
0.718,1.038,1.446,0.221,0.0,50,49.981,37.72,Normal
0.7103,1.0365,1.459,9.699,0.0,50,50.002,46.02,Harmonics
0.7104,1.0069,1.417,0.023,0.0,50,50.038,54.79,Normal
0.7152,1.6739,2.341,0.721,5.0,50,50.0,46.26,Transient
0.7079,1.0191,1.44,0.032,0.0,50,50.025,49.24,Flicker
0.7134,1.4953,2.096,4.267,5.0,50,49.977,49.66,Transient
0.6693,1.0032,1.499,0.272,97.2,50,49.978,50.93,Sag
0.735,1.2731,1.732,1.463,25.4,50,50.014,38.27,Swell
0.7094,1.0392,1.465,7.837,0.0,50,49.977,49.51,Harmonics
0.7159,1.0308,1.44,0.187,0.0,50,50.016,37.34,Normal
0.5876,1.0034,1.707,4.537,70.7,50,49.975,53.49,Sag
0.7097,1.0074,1.42,0.036,0.0,50,49.985,51.96,Normal
0.6177,1.0217,1.654,2.564,61.2,50,50.0,38.72,Sag
0.7135,2.4353,3.413,0.655,5.0,50,50.004,47.13,Transient
0.7095,1.0089,1.422,0.048,0.0,50,50.025,48.63,Normal
0.3185,1.0012,3.143,7.939,159.4,50,50.005,52.91,Interruption
0.5816,1.0029,1.724,1.687,81.3,50,50.037,52.02,Sag
0.7134,1.018,1.427,0.1,0.0,50,49.977,44.27,Normal
0.7099,1.0038,1.414,3.653,0.0,50,50.019,51.34,Notch
0.6512,1.0114,1.553,0.869,79.4,50,50.01,41.38,Sag
0.5659,1.0057,1.777,3.239,73.9,50,50.012,43.91,Sag
0.7079,1.1067,1.563,0.353,5.0,50,50.001,39.37,Transient
0.4633,1.0022,2.163,0.654,158.7,50,49.988,50.69,Sag
0.7079,1.0513,1.485,0.107,5.0,50,49.965,46.48,Transient
0.6591,1.0101,1.532,7.956,26.8,50,50.039,41.0,Interruption
0.7095,1.047,1.476,5.671,5.0,50,50.012,54.91,Transient
0.7198,1.0235,1.422,0.045,0.0,50,50.049,51.03,Normal
0.7085,0.9807,1.384,6.537,0.0,50,50.027,43.98,Harmonics
0.7095,2.0001,2.819,0.451,5.0,50,50.031,47.25,Transient
0.7627,1.3963,1.831,1.979,37.1,50,49.984,52.3,Swell
0.7136,1.0202,1.43,0.109,0.0,50,50.001,42.2,Normal
0.9036,1.6947,1.875,2.171,72.0,50,49.992,38.15,Swell
0.7081,1.053,1.487,0.041,0.0,50,49.995,50.18,Flicker
0.71,1.003,1.413,5.043,0.0,50,50.001,54.06,Notch
0.712,1.0142,1.425,5.595,0.0,50,49.999,40.06,Notch
0.7063,1.0252,1.452,0.161,0.0,50,50.0,40.08,Normal
0.7196,1.1692,1.625,0.598,24.4,50,49.999,39.23,Swell
0.7014,0.9992,1.424,0.061,0.0,50,50.03,47.88,Normal
0.7263,1.0306,1.419,0.026,0.0,50,49.991,52.95,Normal
0.7081,1.0319,1.457,0.261,0.0,50,50.001,36.51,Normal
0.7099,1.0079,1.42,3.921,0.0,50,50.007,46.61,Notch
0.472,1.0053,2.13,1.219,154.1,50,49.997,44.36,Sag
0.6125,1.0021,1.636,2.109,55.9,50,50.01,54.12,Sag
0.7933,1.5845,1.997,2.514,34.4,50,50.025,36.24,Swell
0.7086,1.0023,1.414,6.576,0.0,50,50.002,52.84,Harmonics
0.7007,0.9933,1.418,0.035,0.0,50,49.971,53.22,Normal
0.6902,0.9942,1.44,0.145,0.0,50,49.975,41.75,Normal
0.7061,1.0054,1.424,0.06,0.0,50,49.974,45.91,Normal
0.7171,1.0183,1.42,0.036,0.0,50,49.986,50.5,Normal
0.3017,1.0008,3.318,8.402,161.9,50,50.041,53.47,Interruption
0.7098,1.0305,1.452,0.193,0.0,50,49.983,37.26,Normal
0.5967,1.0147,1.701,2.104,98.8,50,49.992,39.25,Sag
0.7011,0.9937,1.417,0.026,0.0,50,49.991,54.0,Normal
0.5622,1.0042,1.786,5.062,75.4,50,49.985,46.62,Sag
0.71,1.0163,1.431,8.542,0.0,50,49.986,37.27,Harmonics
0.9186,1.4036,1.528,0.67,144.6,50,49.98,42.93,Swell
0.7102,1.0826,1.524,9.749,0.0,50,50.022,41.28,Harmonics
0.709,1.0127,1.428,3.02,0.0,50,49.984,40.79,Notch
0.7136,1.0149,1.422,0.036,0.0,50,49.991,51.72,Normal
0.8524,1.5614,1.832,0.959,64.8,50,50.02,41.76,Swell
0.7027,0.9969,1.419,0.03,0.0,50,50.01,54.05,Normal
0.7024,1.0197,1.452,0.196,0.0,50,49.988,35.97,Normal
0.6704,1.0208,1.523,0.583,77.1,50,49.98,35.56,Sag
0.6151,1.0053,1.634,0.979,105.0,50,49.99,49.71,Sag
0.7084,1.0066,1.421,0.03,0.0,50,49.994,50.32,Normal
0.7151,1.0156,1.42,0.038,0.0,50,49.994,51.63,Normal
0.69,0.9933,1.44,0.143,0.0,50,50.001,39.26,Normal
0.7067,1.0335,1.462,0.228,0.0,50,49.984,35.18,Normal
0.7095,1.0125,1.427,8.092,0.0,50,49.988,51.85,Harmonics
0.7113,1.7027,2.394,0.659,5.0,50,49.982,44.05,Transient
0.7042,0.9986,1.418,0.04,0.0,50,49.973,52.78,Normal
0.5414,1.0025,1.852,2.242,117.8,50,50.002,50.85,Sag
0.7006,1.0007,1.428,0.091,0.0,50,49.969,44.17,Normal
0.7131,1.0124,1.42,0.048,0.0,50,50.003,50.18,Normal
0.5921,1.0046,1.697,2.913,85.8,50,50.016,50.02,Sag
0.6005,1.0177,1.695,3.697,65.7,50,50.013,36.79,Sag
0.7342,1.2267,1.671,0.212,32.6,50,50.0,54.26,Swell
0.7093,1.0183,1.436,8.04,0.0,50,50.017,53.31,Harmonics
0.6413,1.0096,1.574,7.072,35.0,50,50.023,43.36,Interruption
0.7075,1.0483,1.482,0.219,0.0,50,50.0,37.62,Flicker
0.652,1.0137,1.555,1.168,48.5,50,50.002,40.84,Sag
0.7122,1.0161,1.427,0.067,0.0,50,49.999,45.98,Normal
0.7719,1.1979,1.552,0.451,103.5,50,50.001,36.41,Swell
0.7082,2.2359,3.157,0.549,5.0,50,50.005,38.59,Transient
0.7085,1.0342,1.46,5.889,0.0,50,49.981,44.34,Harmonics
0.7094,1.0581,1.491,0.246,0.0,50,49.967,36.89,Flicker
0.4918,1.0027,2.039,0.935,144.3,50,50.005,44.44,Sag
0.7042,1.0105,1.435,0.091,0.0,50,49.982,44.22,Normal
0.7459,1.2952,1.736,1.23,35.6,50,50.014,36.59,Swell
0.627,1.0157,1.62,5.379,50.6,50,49.988,38.79,Sag
0.7049,1.0031,1.423,0.056,0.0,50,50.013,48.03,Normal
0.3969,1.0002,2.52,2.212,151.6,50,49.989,52.97,Sag
0.7052,1.0012,1.42,0.025,0.0,50,50.001,52.78,Normal
0.7078,1.3026,1.84,0.319,5.0,50,50.018,47.43,Transient
0.7066,1.1128,1.575,0.965,5.0,50,50.008,36.54,Transient
0.8491,1.2617,1.486,0.277,152.0,50,50.016,50.02,Swell
0.7221,1.0497,1.454,0.285,0.0,50,49.998,35.57,Normal
0.7114,1.0156,1.428,0.091,0.0,50,50.018,44.4,Normal
0.6423,1.0124,1.576,1.32,49.0,50,49.966,38.71,Sag
0.7093,1.0074,1.42,0.053,0.0,50,49.977,49.56,Normal
0.6464,1.0137,1.568,5.474,35.4,50,50.01,41.82,Interruption
0.7207,1.0256,1.423,0.045,0.0,50,50.009,50.29,Normal
0.7097,1.6645,2.345,1.262,5.0,50,50.022,49.85,Transient
0.6642,1.0122,1.524,0.668,23.3,50,49.995,41.77,Interruption
0.7006,0.9984,1.425,0.085,0.0,50,50.018,44.66,Normal
0.7509,1.307,1.741,0.854,37.4,50,50.021,36.23,Swell
0.7111,1.0245,1.441,3.483,0.0,50,49.994,36.44,Notch
0.7452,1.1922,1.6,0.684,56.1,50,49.971,49.68,Swell
0.7118,1.4099,1.981,0.813,5.0,50,49.991,41.49,Transient
1.0081,1.5966,1.584,0.945,143.1,50,50.016,37.77,Swell
0.7176,1.0252,1.429,0.063,0.0,50,50.019,45.92,Normal
0.7088,1.1116,1.568,6.26,0.0,50,49.981,37.42,Harmonics
0.6821,1.0264,1.505,0.355,62.8,50,49.991,35.14,Sag
0.49,1.0016,2.044,11.055,106.0,50,49.992,49.29,Interruption
0.7114,1.0138,1.425,0.077,0.0,50,49.985,46.17,Normal
0.708,1.6975,2.398,5.137,5.0,50,49.974,41.2,Transient
0.7024,1.0207,1.453,0.261,0.0,50,50.012,35.46,Normal
0.7133,1.782,2.498,4.299,5.0,50,49.96,46.79,Transient
0.7093,1.0153,1.431,8.063,0.0,50,49.998,41.53,Harmonics
0.5252,1.0024,1.909,16.65,89.1,50,49.996,48.14,Interruption
0.7081,1.011,1.428,2.856,0.0,50,50.033,46.63,Notch
0.7126,2.3889,3.352,1.875,5.0,50,49.989,47.28,Transient
0.7159,2.7296,3.813,1.356,5.0,50,50.016,54.48,Transient
0.71,1.0067,1.418,0.026,0.0,50,50.02,54.8,Normal
0.7001,0.9978,1.425,0.078,0.0,50,50.008,45.36,Normal
0.7016,1.0137,1.445,0.199,0.0,50,50.024,37.86,Normal
0.4974,1.0141,2.039,2.127,123.4,50,49.998,39.28,Sag
0.7241,1.0349,1.429,0.022,0.0,50,49.968,54.22,Flicker
0.7089,1.003,1.415,3.868,0.0,50,50.001,51.29,Notch
0.7015,0.9967,1.421,0.045,0.0,50,50.025,50.3,Normal
0.596,1.0226,1.716,3.149,57.6,50,50.011,36.33,Sag
0.5839,1.0086,1.727,6.272,61.6,50,49.978,42.12,Interruption
0.7101,1.2372,1.742,0.593,5.0,50,49.999,45.83,Transient
0.6655,1.0093,1.517,4.144,28.8,50,50.001,44.94,Sag
0.8525,1.5718,1.844,1.774,65.7,50,49.964,44.45,Swell
0.8151,1.2812,1.572,0.528,106.3,50,50.014,45.04,Swell
0.7069,1.0195,1.442,0.159,0.0,50,50.005,39.76,Normal
0.7089,1.0209,1.44,0.169,0.0,50,50.029,39.46,Normal
0.7231,1.0467,1.447,0.108,0.0,50,50.016,43.81,Flicker
0.7087,1.0174,1.436,0.157,0.0,50,50.023,39.73,Normal
0.7086,1.0416,1.47,0.049,0.0,50,50.012,51.53,Flicker
0.6993,0.9934,1.421,0.046,0.0,50,49.981,50.6,Normal
0.6654,1.0043,1.509,3.702,26.7,50,49.972,48.23,Sag
0.7082,1.061,1.498,4.938,0.0,50,49.962,52.46,Harmonics
0.7075,1.0167,1.437,0.167,0.0,50,50.009,39.25,Normal
0.7062,1.0095,1.429,0.08,0.0,50,50.001,44.66,Normal
1.087,1.6873,1.552,0.304,155.2,50,49.978,37.06,Swell
0.7118,1.0088,1.417,0.025,0.0,50,49.992,54.44,Normal
0.7106,1.0146,1.428,0.073,0.0,50,50.005,45.64,Normal
0.7089,1.0044,1.417,2.482,0.0,50,49.992,51.16,Notch
0.7077,1.1997,1.695,0.328,5.0,50,49.984,39.68,Transient
0.8619,1.3238,1.536,0.528,141.8,50,50.013,40.91,Swell
0.7067,1.0043,1.421,1.986,5.0,50,50.004,49.51,Transient
0.7082,1.0146,1.433,0.111,0.0,50,49.997,42.04,Normal
0.5029,1.0017,1.992,6.262,97.8,50,49.994,51.5,Interruption
0.708,1.1991,1.694,0.624,5.0,50,50.005,36.04,Transient
0.7172,1.0224,1.426,0.074,0.0,50,50.002,44.69,Normal
0.8656,1.7348,2.004,2.083,50.6,50,49.968,49.66,Swell
0.7152,1.0193,1.425,0.065,0.0,50,50.0,47.32,Normal
0.7075,1.042,1.473,2.614,0.0,50,50.004,39.13,Harmonics
0.5754,1.0115,1.758,1.849,114.0,50,49.975,43.21,Sag
0.755,1.2146,1.609,0.829,61.8,50,49.99,41.34,Swell
0.7077,1.4042,1.984,0.945,5.0,50,49.993,37.25,Transient
0.812,1.745,2.149,3.429,32.5,50,50.024,49.64,Swell
0.708,1.0556,1.491,0.077,0.0,50,49.981,43.34,Flicker
0.7102,1.0162,1.431,0.081,0.0,50,49.999,42.1,Normal
0.698,1.0055,1.44,0.131,0.0,50,50.014,39.61,Normal
0.7077,1.0244,1.447,0.04,0.0,50,49.991,51.5,Flicker
0.6616,1.0034,1.517,6.42,26.1,50,49.966,52.65,Sag
0.7165,1.0201,1.424,0.069,0.0,50,49.966,45.99,Normal
0.6555,1.0234,1.561,5.88,25.7,50,49.995,35.18,Interruption
0.5331,1.0016,1.879,1.991,115.9,50,49.986,54.24,Sag
0.7112,1.0116,1.422,0.049,0.0,50,50.038,49.39,Normal
0.5159,1.0057,1.949,9.292,94.6,50,49.999,42.71,Interruption
0.85,1.3378,1.574,0.534,116.5,50,50.011,45.43,Swell
0.7079,1.0172,1.437,1.696,0.0,50,50.012,40.71,Notch
0.7088,1.038,1.464,7.214,0.0,50,50.027,54.26,Harmonics
0.7086,1.0779,1.521,0.109,0.0,50,49.993,40.36,Flicker
0.6445,1.013,1.572,0.859,56.4,50,49.987,40.11,Sag
0.9113,1.4863,1.631,0.879,114.8,50,50.012,40.33,Swell
0.6712,1.0033,1.495,3.596,23.8,50,49.984,50.46,Sag
0.6014,1.0023,1.667,8.798,56.7,50,50.015,51.4,Interruption
0.7102,1.0549,1.485,9.338,0.0,50,49.994,53.07,Harmonics
0.7172,1.7201,2.398,2.577,5.0,50,50.016,50.09,Transient
0.9574,1.5214,1.589,0.636,135.7,50,49.976,40.69,Swell
0.7032,1.0091,1.435,0.156,0.0,50,50.005,39.82,Normal
0.7264,1.1284,1.553,0.653,47.2,50,50.035,41.79,Swell
0.7052,1.0071,1.428,0.093,0.0,50,49.981,43.17,Normal
0.7092,1.0079,1.421,0.066,0.0,50,50.007,47.82,Normal
0.7078,1.03,1.455,1.811,0.0,50,50.015,35.91,Notch
0.7082,1.5899,2.245,0.461,5.0,50,49.994,41.58,Transient
0.705,1.0065,1.428,0.098,0.0,50,50.042,44.42,Normal
0.7086,1.067,1.506,5.609,0.0,50,49.989,37.31,Harmonics
0.7082,1.0077,1.423,0.061,0.0,50,50.005,46.89,Normal
0.7104,1.0093,1.421,0.055,0.0,50,50.002,49.6,Normal
0.7154,1.0246,1.432,0.111,0.0,50,50.003,42.66,Normal
0.6566,1.01,1.538,7.29,28.6,50,50.011,45.91,Sag
0.6286,1.0022,1.594,2.665,44.8,50,50.02,54.42,Sag
0.708,1.0052,1.42,1.463,5.0,50,50.004,51.7,Transient
0.7109,1.1307,1.591,10.211,0.0,50,50.011,49.76,Harmonics
0.7163,1.0305,1.439,0.094,0.0,50,49.98,43.53,Flicker
0.5191,1.0018,1.93,2.311,119.1,50,50.007,52.08,Sag
0.7088,1.0786,1.522,6.533,0.0,50,49.993,42.17,Harmonics
0.5787,1.0055,1.738,1.291,131.6,50,50.027,46.26,Sag
0.6106,1.0047,1.646,1.394,81.6,50,49.987,50.41,Sag
0.6604,1.0093,1.528,0.819,46.9,50,50.049,45.45,Sag
0.7213,1.0444,1.448,0.167,0.0,50,49.994,39.81,Flicker
0.7088,1.0191,1.438,7.35,0.0,50,50.024,40.05,Harmonics
0.7099,1.02,1.437,9.267,0.0,50,50.026,45.69,Harmonics
0.7092,1.0141,1.43,0.13,0.0,50,49.99,42.04,Normal
0.7093,1.0069,1.419,0.031,0.0,50,50.002,53.51,Normal
0.7094,1.0669,1.504,8.157,0.0,50,50.001,53.16,Harmonics
0.3196,1.0076,3.153,7.41,158.8,50,49.964,37.61,Interruption
0.7084,1.014,1.431,0.146,0.0,50,49.982,41.26,Normal
0.5246,1.003,1.912,9.709,88.8,50,50.043,51.56,Interruption
0.4603,1.0052,2.184,8.941,116.1,50,50.04,46.0,Interruption
0.6362,1.014,1.594,1.854,37.5,50,49.972,41.41,Sag
0.7051,1.0176,1.443,0.171,0.0,50,49.998,38.32,Normal
0.6938,1.0082,1.453,0.218,28.1,50,50.0,46.41,Sag
0.7092,1.1959,1.686,0.57,5.0,50,49.984,43.12,Transient
0.8304,1.29,1.554,0.403,115.6,50,50.031,45.85,Swell
0.7074,1.004,1.419,0.87,0.0,50,50.007,49.48,Notch
0.7105,1.0073,1.418,0.035,0.0,50,49.985,51.62,Normal
0.3938,1.0025,2.545,3.065,150.3,50,50.016,47.38,Sag
0.7033,1.0238,1.456,0.19,0.0,50,50.033,38.45,Normal
0.7085,1.0066,1.421,1.74,0.0,50,49.965,47.96,Notch
0.7093,1.0078,1.421,0.038,0.0,50,49.966,49.62,Normal
0.7125,1.9349,2.716,0.625,5.0,50,50.025,38.68,Transient
0.7008,1.005,1.434,0.101,0.0,50,49.979,41.98,Normal
0.6975,1.0001,1.434,0.133,0.0,50,49.989,40.57,Normal
0.7012,0.9943,1.418,0.029,0.0,50,49.999,54.48,Normal
1.0148,1.6703,1.646,1.665,121.7,50,49.992,38.77,Swell
0.7124,1.0126,1.421,0.043,0.0,50,50.0,49.81,Normal
0.7835,1.1708,1.494,0.235,128.8,50,50.001,46.45,Swell
0.5059,1.0053,1.987,0.747,158.7,50,49.996,42.31,Sag
0.5813,1.0026,1.725,10.308,66.4,50,50.022,52.39,Interruption
0.7101,1.6613,2.339,0.942,5.0,50,49.99,48.24,Transient
0.694,0.9875,1.423,0.07,0.0,50,50.02,47.06,Normal
0.708,1.011,1.428,4.838,0.0,50,49.989,54.56,Harmonics
0.4255,1.0116,2.377,10.192,126.1,50,50.033,37.49,Sag
0.7085,1.0018,1.414,2.711,0.0,50,50.003,54.77,Notch
0.7025,1.0128,1.442,0.171,0.0,50,49.987,38.87,Normal
0.7979,1.3075,1.639,0.626,78.3,50,49.999,48.52,Swell
0.7063,1.0014,1.418,0.026,0.0,50,50.021,53.46,Normal
0.8003,1.309,1.636,0.893,79.8,50,49.953,51.61,Swell
0.7073,1.0123,1.431,1.4,0.0,50,49.982,54.1,Harmonics
0.3384,1.0006,2.957,15.968,152.4,50,50.01,53.24,Interruption
0.5184,1.006,1.941,0.941,138.1,50,49.98,45.72,Sag
0.2263,1.0005,4.421,66.828,179.0,50,50.021,53.74,Interruption
0.7082,1.0364,1.464,6.015,0.0,50,50.05,37.42,Harmonics
0.7081,1.0613,1.499,0.079,0.0,50,49.983,45.61,Flicker
0.4371,1.002,2.292,6.858,126.8,50,49.994,51.67,Sag
0.587,1.0061,1.714,3.358,74.4,50,50.008,47.12,Sag
0.667,1.0155,1.523,1.124,37.6,50,49.976,41.58,Sag
0.3907,1.0014,2.563,8.747,137.7,50,50.012,52.04,Interruption
0.6531,1.008,1.543,1.438,72.0,50,49.982,47.96,Sag
0.502,1.0021,1.996,3.476,117.5,50,49.991,54.59,Sag
0.5635,1.0113,1.795,5.925,74.2,50,49.994,40.02,Sag
0.4315,1.0015,2.321,5.643,129.8,50,50.009,52.11,Sag
0.769,1.2822,1.667,1.055,57.8,50,49.979,52.27,Swell
0.4243,1.0151,2.392,2.379,138.8,50,49.992,35.46,Sag
1.0514,1.7533,1.668,0.895,121.8,50,49.989,38.56,Swell
0.7091,1.0287,1.451,0.212,0.0,50,50.03,35.57,Normal
0.7085,1.0129,1.43,0.104,0.0,50,50.001,42.31,Normal
0.5459,1.0047,1.841,5.092,85.7,50,49.991,49.9,Sag
0.7047,1.0005,1.42,0.031,0.0,50,49.998,53.4,Normal
0.7103,1.0483,1.476,9.764,0.0,50,50.002,46.22,Harmonics
0.7031,0.997,1.418,0.028,0.0,50,49.98,52.81,Normal
0.6905,1.0104,1.463,1.169,24.1,50,50.01,41.15,Sag
0.7078,1.0841,1.532,4.892,0.0,50,49.996,46.98,Harmonics
0.7119,1.8001,2.529,4.484,5.0,50,50.04,44.93,Transient
0.7077,1.0037,1.418,1.818,0.0,50,49.974,52.02,Notch
0.7075,1.004,1.419,3.298,0.0,50,49.998,53.85,Harmonics
0.7073,1.0679,1.51,0.37,5.0,50,50.031,44.85,Transient
0.7058,1.0104,1.432,0.116,0.0,50,50.005,42.99,Normal
0.7133,1.0687,1.498,0.213,0.0,50,49.997,36.93,Flicker
1.0938,1.76,1.609,0.766,133.6,50,50.031,50.52,Swell
0.7097,2.2074,3.11,1.084,5.0,50,50.018,54.41,Transient
0.7124,2.16,3.032,0.49,5.0,50,50.025,45.51,Transient
0.6304,1.0111,1.604,1.488,62.0,50,49.999,41.09,Sag
0.7099,0.9581,1.35,8.569,0.0,50,49.986,51.54,Harmonics
0.7029,0.9986,1.421,0.034,0.0,50,50.002,52.82,Normal
0.6982,0.9902,1.418,0.035,0.0,50,49.959,53.34,Normal
0.6947,1.0058,1.448,0.358,21.3,50,49.98,49.6,Sag
0.683,1.0193,1.492,0.769,50.9,50,49.981,40.33,Sag
0.7078,1.0546,1.49,0.216,0.0,50,49.998,37.57,Flicker
0.7087,1.0457,1.476,2.067,5.0,50,49.983,39.74,Transient
0.9832,1.6848,1.714,2.085,102.3,50,50.014,53.53,Swell
0.7102,1.0692,1.506,9.4,0.0,50,50.003,53.11,Harmonics
0.7081,1.0502,1.483,5.305,0.0,50,50.044,38.76,Harmonics
0.6966,0.9971,1.431,0.108,0.0,50,49.986,41.98,Normal
0.7133,1.0112,1.418,0.025,0.0,50,49.997,54.27,Normal
0.6996,0.9946,1.422,0.041,0.0,50,50.034,50.23,Normal
0.7082,1.0123,1.429,0.097,0.0,50,50.003,44.03,Normal
0.7105,1.0021,1.41,3.206,0.0,50,49.965,53.42,Notch
0.7153,1.0159,1.42,0.048,0.0,50,50.018,50.53,Normal
0.6889,1.0025,1.455,0.162,0.0,50,49.967,37.72,Normal
0.7142,1.0327,1.446,7.683,0.0,50,49.99,36.32,Notch
0.7057,1.0142,1.437,0.164,0.0,50,49.993,39.33,Normal
0.7189,1.0256,1.427,0.084,0.0,50,50.013,46.03,Normal
0.7094,1.0274,1.448,0.175,0.0,50,49.998,35.92,Normal
0.7437,1.3369,1.798,0.694,24.4,50,49.945,51.0,Swell
0.3731,1.0081,2.702,2.756,155.2,50,49.995,40.15,Sag
0.7093,1.0082,1.421,7.627,0.0,50,49.989,54.42,Harmonics
0.6265,1.0076,1.608,0.477,118.6,50,49.99,44.87,Sag
0.7036,1.0068,1.431,0.107,0.0,50,50.007,42.68,Normal
0.7157,1.0344,1.445,0.186,0.0,50,50.004,37.77,Normal
0.2263,0.9996,4.418,1.801,179.2,50,49.984,52.12,Interruption
0.6602,1.0038,1.52,0.484,33.6,50,49.99,48.59,Sag
0.6071,1.0199,1.68,1.201,79.1,50,50.014,37.22,Sag
0.7144,1.0163,1.423,7.099,0.0,50,50.019,40.79,Notch
0.7234,1.0568,1.461,0.027,0.0,50,50.037,54.97,Flicker
0.7028,0.9996,1.422,0.057,0.0,50,49.996,48.06,Normal
0.7099,1.631,2.297,1.939,5.0,50,50.021,44.1,Transient
0.5358,1.0141,1.893,10.595,83.3,50,50.005,40.08,Interruption
0.7139,2.3715,3.322,0.811,5.0,50,49.981,36.31,Transient
0.713,1.0137,1.422,0.049,0.0,50,49.98,48.2,Normal
0.3926,1.0041,2.557,9.28,138.6,50,50.019,41.17,Interruption
0.7099,1.1058,1.558,8.25,0.0,50,50.009,36.68,Harmonics
0.7015,0.9971,1.421,0.049,0.0,50,50.004,48.15,Normal
0.6969,0.9897,1.42,0.043,0.0,50,50.011,52.18,Normal
0.4744,1.0037,2.116,0.935,140.2,50,49.986,47.55,Sag
0.5992,1.0053,1.678,2.045,59.2,50,49.99,48.91,Sag
0.697,0.9929,1.424,0.043,0.0,50,49.978,48.49,Normal
0.8613,1.3923,1.617,0.867,102.8,50,49.978,48.28,Swell
0.7078,1.0046,1.419,0.035,0.0,50,50.013,52.08,Normal
0.6519,1.0157,1.558,0.231,152.3,50,50.021,36.9,Sag
0.7057,1.0041,1.423,0.041,0.0,50,49.986,49.18,Normal
0.7106,1.6877,2.375,0.404,5.0,50,50.017,37.71,Transient
0.3902,1.0097,2.588,1.807,149.6,50,50.0,37.02,Sag
0.7079,1.0144,1.433,0.041,0.0,50,49.999,51.12,Flicker
0.9818,1.7113,1.743,0.916,99.5,50,50.009,43.04,Swell
0.7095,1.0073,1.42,8.456,0.0,50,50.024,52.4,Harmonics
0.7085,1.7269,2.437,0.521,5.0,50,50.002,45.45,Transient
0.7087,1.0102,1.425,1.494,0.0,50,49.981,44.8,Notch
0.7147,1.0692,1.496,0.258,0.0,50,50.0,36.79,Flicker
0.8014,1.284,1.602,1.224,89.5,50,49.986,51.95,Swell
0.572,1.0126,1.77,3.543,74.0,50,50.018,41.06,Sag
0.4721,1.0034,2.125,10.624,113.3,50,49.998,48.49,Interruption
0.7047,1.0155,1.441,0.183,0.0,50,50.037,37.07,Normal
0.6554,1.0113,1.543,0.497,39.9,50,50.034,40.34,Sag
0.7208,1.0389,1.441,0.141,0.0,50,50.032,40.02,Normal
0.7166,1.0161,1.418,10.893,0.0,50,49.994,42.14,Notch
0.7196,1.0312,1.433,0.138,0.0,50,50.021,40.65,Normal
0.4293,1.0144,2.363,13.499,127.6,50,49.986,35.16,Interruption
0.713,1.019,1.429,0.077,0.0,50,49.997,45.18,Normal
0.708,1.0236,1.446,5.044,0.0,50,50.012,53.74,Harmonics
0.7065,1.0021,1.418,0.032,0.0,50,50.002,51.75,Normal
0.7013,0.9948,1.418,0.038,0.0,50,50.012,51.7,Normal
0.5547,1.0148,1.829,9.976,77.1,50,50.021,38.14,Interruption
0.7063,1.0133,1.435,0.068,0.0,50,50.016,43.4,Normal
0.6638,1.0088,1.52,1.081,49.7,50,50.035,46.01,Sag
0.7018,1.0047,1.432,0.095,0.0,50,50.026,44.14,Normal
0.5761,1.0095,1.752,3.154,83.1,50,49.968,43.33,Sag
0.7117,1.0122,1.422,0.064,0.0,50,50.041,49.24,Normal
0.7408,1.1642,1.572,0.324,65.0,50,50.031,39.66,Swell
0.7188,1.0402,1.447,0.178,0.0,50,49.966,37.65,Normal
0.9565,1.4445,1.51,0.514,155.7,50,49.988,44.02,Swell
0.9572,1.7483,1.826,2.544,86.1,50,49.987,42.52,Swell
0.6992,1.0128,1.449,0.215,0.0,50,49.991,37.07,Normal
0.7085,1.0409,1.469,0.043,0.0,50,50.024,48.62,Flicker
0.7154,1.0277,1.437,0.12,0.0,50,49.997,41.91,Normal
0.696,1.017,1.461,0.25,0.0,50,50.005,35.69,Normal
0.7088,1.0345,1.459,0.125,0.0,50,50.003,42.72,Flicker
0.7073,1.2846,1.816,1.139,5.0,50,50.012,54.82,Transient
0.7096,1.0099,1.423,4.425,0.0,50,49.995,44.41,Notch
0.7134,1.0072,1.412,9.263,0.0,50,49.961,46.41,Notch
0.7077,1.0487,1.482,0.084,0.0,50,50.037,46.64,Flicker
0.6849,1.014,1.48,0.314,60.9,50,49.988,37.43,Sag
0.5543,1.0085,1.819,2.116,100.7,50,49.969,43.25,Sag
0.6268,1.0029,1.6,0.728,116.3,50,49.965,49.55,Sag
0.7443,1.1371,1.528,0.542,74.3,50,50.037,48.77,Swell
0.7069,1.0527,1.489,0.31,5.0,50,50.017,41.93,Transient
0.7127,1.0213,1.433,5.465,0.0,50,50.031,39.13,Notch
0.7109,1.076,1.514,0.174,0.0,50,50.005,38.59,Flicker
0.5124,1.004,1.959,2.354,127.9,50,49.979,48.79,Sag
0.7086,1.0431,1.472,6.297,0.0,50,49.981,54.22,Harmonics
0.6492,1.0034,1.545,1.341,63.3,50,49.984,50.27,Sag
0.6841,1.0162,1.486,0.971,51.0,50,49.998,40.2,Sag
0.7078,1.0057,1.421,0.272,5.0,50,49.985,49.21,Transient
0.4964,1.0028,2.02,5.759,102.8,50,49.979,47.72,Sag
0.6624,1.0295,1.554,1.344,38.5,50,49.987,35.4,Sag
0.6193,1.0198,1.647,3.024,50.7,50,49.986,36.3,Sag
0.5283,1.0012,1.895,0.534,152.8,50,50.0,54.89,Sag
0.6256,1.0102,1.615,6.603,41.9,50,49.986,42.32,Interruption
0.6848,1.0084,1.473,1.877,29.4,50,49.981,43.79,Sag
0.7048,1.0001,1.419,0.025,0.0,50,50.016,54.56,Normal
0.5655,1.003,1.774,6.975,71.5,50,49.989,50.6,Interruption
0.7127,1.038,1.457,0.211,0.0,50,50.031,35.68,Normal
0.7072,1.0086,1.426,0.68,0.0,50,49.988,45.4,Notch
0.7192,1.0383,1.444,0.219,0.0,50,50.0,35.36,Normal
0.7115,2.3201,3.261,1.078,5.0,50,50.009,42.38,Transient
0.7566,1.3445,1.777,0.444,40.3,50,49.984,35.16,Swell
0.4654,1.0067,2.163,5.467,125.5,50,50.006,42.82,Sag
0.7079,1.009,1.425,1.338,0.0,50,50.03,45.02,Notch
0.501,1.0071,2.01,6.216,98.7,50,49.945,39.68,Interruption
0.7074,1.0152,1.435,0.553,0.0,50,49.996,39.25,Notch
0.7088,1.0835,1.529,7.177,0.0,50,49.994,42.26,Harmonics
0.7125,1.0118,1.42,0.026,0.0,50,50.03,52.61,Normal
0.794,1.1936,1.503,0.468,129.2,50,49.979,47.5,Swell
0.7086,1.039,1.466,6.351,0.0,50,49.992,41.39,Harmonics
0.7089,1.4628,2.064,1.136,5.0,50,49.991,40.83,Transient
0.5035,1.0024,1.991,1.17,154.4,50,49.997,41.34,Sag
0.709,1.0691,1.508,0.055,0.0,50,50.004,50.07,Flicker
0.7079,1.3784,1.947,0.311,5.0,50,49.994,38.81,Transient
0.8011,1.2094,1.51,0.322,130.4,50,50.003,44.41,Swell
0.7114,1.0249,1.441,0.124,0.0,50,50.013,39.48,Normal
0.7017,0.996,1.419,0.041,0.0,50,50.006,51.83,Normal
0.7096,1.0941,1.542,8.718,0.0,50,50.016,49.51,Harmonics
0.7082,0.9748,1.377,6.268,0.0,50,50.022,47.66,Harmonics
0.7074,1.0207,1.443,0.26,0.0,50,50.012,36.05,Normal
1.1077,1.812,1.636,1.602,130.3,50,50.006,44.64,Swell
0.7094,1.0103,1.424,0.067,0.0,50,50.018,46.67,Normal
0.5312,1.0021,1.886,2.776,105.4,50,49.982,49.93,Sag
0.7155,1.0207,1.427,0.096,0.0,50,49.984,44.72,Normal
0.708,1.0568,1.493,0.026,0.0,50,50.011,54.18,Flicker
0.7116,1.0309,1.449,0.025,0.0,50,49.971,51.46,Flicker
0.7077,1.0044,1.419,1.373,0.0,50,50.001,50.47,Notch
0.7089,1.0105,1.426,0.07,0.0,50,49.997,44.97,Normal
0.6436,1.0101,1.569,1.81,38.1,50,49.999,45.04,Sag
0.7754,1.6511,2.129,3.371,26.6,50,50.015,46.6,Swell
0.7088,1.075,1.517,7.151,0.0,50,50.019,46.2,Harmonics
0.7077,1.1203,1.583,0.391,5.0,50,50.015,37.11,Transient
0.5274,1.0087,1.912,4.118,106.6,50,49.982,44.01,Sag
0.6354,1.0063,1.584,3.037,37.1,50,50.005,45.39,Interruption
0.7088,1.022,1.442,0.12,0.0,50,50.023,38.38,Normal
0.4322,1.0031,2.321,12.673,122.8,50,50.012,47.69,Interruption
0.7077,1.0084,1.425,3.227,0.0,50,49.974,37.33,Harmonics
0.7082,1.0214,1.442,2.493,0.0,50,49.992,39.6,Notch
0.7075,1.017,1.437,0.047,0.0,50,49.982,47.46,Flicker
0.7186,1.0194,1.419,0.024,0.0,50,50.002,54.63,Normal
0.7096,1.0102,1.424,0.053,0.0,50,49.996,48.7,Normal
0.7087,1.0313,1.455,6.563,0.0,50,49.987,47.79,Harmonics
0.9015,1.5397,1.708,1.979,93.6,50,49.969,45.89,Swell
0.6085,1.0038,1.649,1.647,54.6,50,50.001,47.97,Sag
0.9697,1.5762,1.625,0.368,123.8,50,49.987,46.72,Swell
0.7037,0.999,1.42,0.054,0.0,50,50.012,50.41,Normal
0.7104,1.0156,1.43,0.093,0.0,50,50.004,44.64,Normal
0.7102,0.9792,1.379,9.573,0.0,50,50.012,44.0,Harmonics
0.7074,1.0045,1.42,1.103,0.0,50,50.014,52.51,Notch
0.6952,0.9963,1.433,0.085,0.0,50,49.993,43.67,Normal
0.6895,0.9988,1.449,0.2,0.0,50,49.977,37.58,Normal
0.7078,1.0469,1.479,0.241,0.0,50,50.001,36.01,Flicker
0.7102,1.0116,1.424,0.088,0.0,50,50.0,43.32,Normal
0.7577,1.1416,1.507,0.362,106.2,50,49.999,45.11,Swell
0.6936,1.0022,1.445,0.119,0.0,50,49.991,40.47,Normal
0.4452,1.0017,2.25,9.614,123.0,50,49.989,51.3,Interruption
0.7077,1.734,2.45,5.646,5.0,50,50.023,39.03,Transient
0.7082,1.0077,1.423,0.042,0.0,50,49.998,51.59,Normal
0.431,1.0088,2.341,1.743,149.8,50,50.024,35.92,Sag
0.6984,1.0073,1.442,0.135,0.0,50,49.999,38.68,Normal
0.7118,1.0118,1.421,0.053,0.0,50,50.014,48.85,Normal
0.7179,1.0195,1.42,0.053,0.0,50,50.005,49.7,Normal
0.7118,1.0511,1.477,11.373,0.0,50,49.984,44.52,Harmonics
0.7044,1.0024,1.423,0.071,0.0,50,49.993,46.07,Normal
0.71,1.0264,1.446,0.147,0.0,50,49.991,37.7,Normal
0.6714,1.0102,1.505,3.218,23.9,50,49.994,43.05,Sag
0.6032,1.0103,1.675,4.428,54.1,50,49.995,43.65,Interruption
0.7185,1.0201,1.42,0.046,0.0,50,50.042,50.96,Normal
0.7083,1.3601,1.92,0.236,5.0,50,49.968,47.46,Transient
0.902,1.4409,1.597,0.729,118.9,50,49.976,48.22,Swell
0.7217,1.0288,1.425,0.089,0.0,50,50.001,44.67,Normal
0.7084,1.0399,1.468,0.039,0.0,50,49.994,52.22,Flicker
0.7091,1.0161,1.433,0.164,0.0,50,49.981,40.45,Normal
0.7758,1.7431,2.247,0.337,20.5,50,49.991,54.18,Swell
0.7104,1.0137,1.427,0.081,0.0,50,50.018,44.65,Normal
0.7084,1.0316,1.456,1.702,0.0,50,49.979,35.64,Notch
0.7145,1.0267,1.437,0.162,0.0,50,49.978,41.39,Normal
0.7123,1.0864,1.525,0.221,0.0,50,50.006,37.23,Flicker
0.7141,1.0261,1.437,0.105,0.0,50,50.006,40.32,Normal
0.4368,1.0064,2.304,14.02,121.3,50,50.043,40.75,Interruption
0.5083,1.0186,2.004,1.725,127.8,50,49.999,35.02,Sag
0.601,1.0071,1.676,4.527,62.8,50,49.996,45.72,Sag
0.5398,1.0098,1.871,5.456,84.6,50,50.005,40.32,Sag
0.7075,1.0022,1.416,3.745,0.0,50,50.004,48.07,Harmonics
0.4719,1.0053,2.13,3.203,130.2,50,50.022,48.5,Sag
0.5089,1.0035,1.972,3.41,102.7,50,49.983,46.58,Sag
0.7522,1.2443,1.654,0.86,46.3,50,50.001,49.89,Swell
0.7105,1.4385,2.025,0.698,5.0,50,50.023,40.46,Transient
0.709,1.0499,1.481,6.941,0.0,50,49.982,53.03,Harmonics
0.7084,1.0024,1.415,1.528,0.0,50,50.048,54.55,Notch
0.71,1.0824,1.525,0.211,0.0,50,49.993,37.3,Flicker
0.623,1.0041,1.612,5.42,44.0,50,49.985,47.25,Sag
0.7078,1.0558,1.492,0.041,0.0,50,50.005,49.6,Flicker
0.7036,1.0062,1.43,0.112,0.0,50,50.02,41.65,Normal
0.8646,1.3363,1.546,0.42,127.7,50,49.996,47.82,Swell
0.7082,1.0293,1.453,0.131,0.0,50,50.002,40.79,Flicker
0.7119,1.0128,1.423,0.028,0.0,50,50.031,53.82,Flicker
0.7059,1.0032,1.421,0.078,0.0,50,50.037,47.69,Normal
0.7088,1.0189,1.438,1.182,0.0,50,50.006,39.05,Notch
0.7073,1.0177,1.439,1.873,0.0,50,50.0,46.16,Harmonics
0.6144,1.0207,1.661,5.078,46.3,50,50.026,37.26,Interruption
0.7078,1.0635,1.503,0.822,5.0,50,49.999,53.74,Transient
0.7119,1.8319,2.573,7.172,5.0,50,49.982,43.08,Transient
0.6717,1.0096,1.503,3.178,28.3,50,49.982,43.36,Sag
0.7038,1.0051,1.428,0.08,0.0,50,49.996,45.38,Normal
0.7105,1.6851,2.372,0.419,5.0,50,49.983,50.84,Transient
0.7158,1.6669,2.329,2.729,5.0,50,49.996,37.92,Transient
0.7083,1.0681,1.508,5.889,0.0,50,50.004,43.57,Harmonics
0.7129,1.0124,1.42,0.042,0.0,50,49.971,50.35,Normal
0.5199,1.0034,1.93,2.746,116.3,50,50.002,46.87,Sag
0.8953,1.7537,1.959,1.248,60.0,50,50.024,40.43,Swell
0.7006,0.9981,1.425,0.039,0.0,50,50.021,49.58,Normal
0.7076,1.0119,1.43,2.586,0.0,50,49.969,53.78,Harmonics
0.995,1.506,1.514,0.146,159.7,50,50.008,45.63,Swell
1.0601,1.6417,1.549,0.345,155.1,50,49.983,41.63,Swell
0.7092,1.0256,1.446,2.934,0.0,50,49.997,36.91,Notch
0.71,1.1328,1.596,8.901,0.0,50,49.978,45.89,Harmonics
0.564,1.0016,1.776,2.067,97.6,50,50.024,53.47,Sag
0.7107,2.1155,2.977,0.86,5.0,50,49.981,41.47,Transient
0.7101,1.0808,1.522,0.132,0.0,50,49.986,40.83,Flicker
0.714,2.489,3.486,2.307,5.0,50,50.015,51.18,Transient
0.6356,1.0115,1.592,6.21,37.5,50,49.996,42.6,Interruption
0.7182,1.0225,1.424,0.073,0.0,50,49.989,47.71,Normal
0.3817,1.002,2.625,11.722,144.0,50,50.013,48.95,Interruption
0.7077,1.0356,1.463,4.023,0.0,50,49.992,50.31,Harmonics
0.6253,1.001,1.601,0.115,155.7,50,50.001,54.06,Sag
0.692,0.9864,1.425,0.071,0.0,50,49.989,45.25,Normal
0.7074,1.0713,1.514,0.198,5.0,50,49.996,39.77,Transient
0.7115,1.0609,1.491,0.029,0.0,50,50.012,54.99,Flicker
0.7041,0.9979,1.417,0.03,0.0,50,49.971,54.1,Normal
0.71,1.0139,1.428,8.895,0.0,50,50.01,37.73,Harmonics
0.7016,0.9961,1.42,0.048,0.0,50,49.992,51.0,Normal
0.7312,1.141,1.56,0.732,44.4,50,49.984,51.28,Swell
0.7097,1.0078,1.42,3.528,0.0,50,49.995,48.45,Notch
0.7177,1.0247,1.428,0.067,0.0,50,50.009,46.26,Normal
0.5968,1.0076,1.688,0.755,123.9,50,50.012,43.81,Sag
0.7135,1.0181,1.427,0.089,0.0,50,49.999,44.97,Normal
0.7093,1.0071,1.42,0.046,0.0,50,49.995,49.73,Normal
0.6258,1.008,1.611,4.164,49.4,50,50.003,41.99,Sag
0.5965,1.0042,1.684,2.035,58.4,50,50.008,50.61,Sag
0.7071,1.0089,1.427,0.084,0.0,50,49.987,44.95,Normal
0.551,1.004,1.822,3.213,107.6,50,49.961,49.33,Sag
0.7106,1.3258,1.866,0.413,5.0,50,49.972,36.71,Transient
0.9024,1.6904,1.873,1.48,71.2,50,50.006,43.98,Swell
0.7085,1.016,1.434,0.133,0.0,50,50.027,41.35,Normal
0.6134,1.003,1.635,1.31,98.1,50,50.023,48.98,Sag
0.3612,1.0015,2.773,1.655,158.4,50,49.99,46.26,Sag
0.4655,1.0037,2.156,6.054,119.8,50,50.002,45.79,Sag
0.7073,1.0399,1.47,3.277,0.0,50,50.007,36.55,Harmonics
0.7072,1.0133,1.433,0.126,0.0,50,50.006,41.75,Normal
0.8758,1.3308,1.52,0.233,143.1,50,49.981,47.16,Swell
0.5653,1.019,1.803,9.155,74.0,50,50.045,36.03,Interruption
0.5181,1.0058,1.941,3.93,113.4,50,49.974,43.8,Sag
0.392,1.0033,2.56,9.607,137.6,50,49.991,43.6,Interruption
0.647,1.0104,1.562,4.491,31.3,50,49.996,43.33,Interruption
0.7084,1.005,1.419,0.029,0.0,50,50.06,54.6,Normal
0.7078,1.0237,1.446,4.003,0.0,50,49.988,50.11,Harmonics
0.4324,1.0008,2.315,11.43,126.7,50,50.016,53.24,Sag
0.7077,1.0054,1.421,1.983,0.0,50,50.0,48.34,Notch
0.7099,1.1141,1.569,8.853,0.0,50,50.015,48.0,Harmonics
0.7183,1.0804,1.504,0.142,0.0,50,50.004,38.75,Flicker
0.8044,1.1808,1.468,0.114,158.6,50,50.019,43.15,Swell
0.7092,1.0402,1.467,0.252,0.0,50,50.028,35.74,Flicker
0.9764,1.6018,1.641,0.617,116.2,50,49.991,46.86,Swell
0.6612,1.0172,1.538,3.389,25.6,50,49.98,39.15,Interruption
0.7128,1.0114,1.419,0.03,0.0,50,49.958,54.69,Normal
0.7123,2.2687,3.185,1.022,5.0,50,50.016,41.6,Transient
0.7099,1.4659,2.065,1.096,5.0,50,49.982,36.13,Transient
0.7092,1.0152,1.431,0.09,0.0,50,49.996,44.59,Normal
0.551,1.0063,1.826,0.468,158.8,50,49.964,44.13,Sag
0.7086,1.0046,1.418,0.025,0.0,50,49.998,54.52,Normal
0.7816,1.6483,2.109,2.467,24.4,50,49.999,36.85,Swell
0.5146,1.004,1.951,2.557,121.4,50,49.976,50.42,Sag
0.7084,1.0112,1.427,0.082,0.0,50,50.03,44.77,Normal
0.7104,1.0498,1.478,9.467,0.0,50,49.979,46.53,Harmonics
0.7037,1.0054,1.429,0.112,0.0,50,49.986,44.43,Normal
0.8325,1.5822,1.901,2.261,56.4,50,49.999,35.72,Swell
0.7091,1.0061,1.419,0.033,0.0,50,49.982,53.21,Normal
0.7152,1.0527,1.472,0.068,0.0,50,50.0,47.34,Flicker
0.4487,1.008,2.246,5.261,134.0,50,49.98,39.25,Sag
0.9111,1.4115,1.549,0.513,147.5,50,49.987,37.12,Swell
0.7216,1.0598,1.469,0.084,0.0,50,49.969,45.35,Flicker
0.9211,1.4276,1.55,0.567,148.7,50,50.009,35.86,Swell
0.7117,1.0129,1.423,0.071,0.0,50,49.985,45.93,Normal
0.71,1.0433,1.47,0.181,0.0,50,50.001,37.29,Flicker
0.708,1.0046,1.419,5.297,0.0,50,50.0,51.3,Harmonics
0.7094,1.0172,1.434,4.114,0.0,50,49.986,38.85,Notch
0.861,1.3618,1.582,0.697,114.2,50,50.015,51.48,Swell
0.7083,1.0057,1.42,0.029,0.0,50,50.01,52.58,Normal
0.6949,1.0255,1.476,0.497,30.6,50,49.993,37.93,Sag
0.7087,1.8978,2.678,0.313,5.0,50,50.014,40.16,Transient
0.7108,1.0102,1.421,0.063,0.0,50,50.023,48.28,Normal
0.7046,1.0,1.419,0.033,0.0,50,50.023,53.12,Normal
0.4181,1.0018,2.396,1.128,154.4,50,50.019,45.63,Sag
0.7055,1.029,1.459,0.212,0.0,50,49.971,35.01,Normal
0.6079,1.0042,1.652,2.403,69.6,50,50.013,46.87,Sag
0.4777,1.0133,2.121,3.248,132.4,50,50.007,35.49,Sag
0.7111,2.13,2.995,0.465,5.0,50,50.003,51.59,Transient
0.698,0.9891,1.417,0.031,0.0,50,49.99,53.17,Normal
0.7145,1.0144,1.42,0.033,0.0,50,50.054,52.95,Normal
0.7102,1.0086,1.42,0.028,0.0,50,49.992,53.06,Normal
0.781,1.1876,1.521,0.3,115.9,50,49.999,40.28,Swell
0.7094,1.0465,1.475,0.058,0.0,50,49.983,47.57,Flicker
0.711,1.0298,1.448,0.033,0.0,50,49.975,53.91,Flicker
0.7269,1.0619,1.461,0.159,0.0,50,49.996,39.03,Flicker
0.6985,1.0217,1.463,0.244,0.0,50,50.017,35.08,Normal
0.7083,1.0067,1.421,1.426,0.0,50,49.979,48.79,Notch
0.6396,1.0028,1.568,1.434,47.9,50,50.022,52.33,Sag
0.7075,1.0049,1.42,0.03,0.0,50,49.978,53.62,Normal
0.6339,1.0049,1.585,3.457,39.1,50,50.005,44.26,Interruption
0.7093,1.0096,1.423,0.056,0.0,50,50.029,49.02,Normal
0.6114,1.0055,1.645,1.959,52.2,50,49.978,46.75,Interruption
0.7126,1.0207,1.432,0.08,0.0,50,50.011,44.44,Normal
0.709,1.0571,1.491,7.396,0.0,50,50.022,39.59,Harmonics
0.711,1.0615,1.493,0.232,0.0,50,49.99,37.49,Flicker
0.7078,1.021,1.442,4.604,0.0,50,49.983,44.78,Harmonics
0.7118,1.021,1.434,0.177,0.0,50,49.989,38.91,Normal
0.7188,1.0212,1.421,0.055,0.0,50,50.008,48.91,Normal
0.6724,1.0272,1.528,1.009,54.2,50,49.996,35.85,Sag
0.7091,1.0611,1.496,6.708,0.0,50,49.949,45.48,Harmonics
0.7039,1.0035,1.426,0.086,0.0,50,49.996,45.52,Normal
0.7071,1.0299,1.456,0.071,0.0,50,50.027,45.89,Flicker
0.7146,1.0219,1.43,0.073,0.0,50,49.975,43.27,Normal
0.7101,1.0332,1.455,0.038,0.0,50,50.022,52.05,Flicker
0.7101,1.0209,1.438,0.156,0.0,50,49.969,40.56,Normal
0.4267,1.0075,2.361,3.079,147.6,50,49.952,41.43,Sag
0.708,1.057,1.493,4.61,0.0,50,49.972,41.9,Harmonics
0.6996,0.9927,1.419,0.037,0.0,50,49.986,52.29,Normal
0.7087,1.4659,2.068,0.263,5.0,50,49.994,52.47,Transient
0.7122,1.0116,1.42,5.54,0.0,50,50.023,40.93,Notch
0.7215,1.03,1.428,0.094,0.0,50,49.993,42.71,Normal
0.7109,2.0005,2.814,0.73,5.0,50,50.014,44.81,Transient
0.7193,1.0347,1.439,0.125,0.0,50,49.988,40.58,Normal
0.7076,1.0611,1.499,3.575,0.0,50,50.012,41.27,Harmonics
0.7011,1.002,1.429,0.079,0.0,50,49.997,44.13,Normal
0.7075,1.0079,1.425,0.06,0.0,50,49.995,45.35,Normal
0.5209,1.0033,1.926,6.816,92.6,50,50.021,48.74,Interruption
0.7076,1.0245,1.448,0.512,5.0,50,49.976,36.89,Transient
0.7024,0.9977,1.421,0.029,0.0,50,49.968,51.59,Normal
0.9217,1.5435,1.675,0.66,103.5,50,50.012,47.46,Swell
0.4933,1.0072,2.042,0.668,153.5,50,49.959,42.74,Sag
0.5911,1.0049,1.7,2.368,60.8,50,49.993,49.51,Interruption
0.7082,1.0232,1.445,5.622,0.0,50,49.992,54.36,Harmonics
0.7299,1.1636,1.594,0.376,41.4,50,49.997,38.42,Swell
0.7104,1.0178,1.433,0.098,0.0,50,49.964,44.45,Normal
0.564,1.0123,1.795,4.865,73.4,50,50.0,41.64,Sag
0.3855,1.0056,2.609,9.978,142.7,50,50.01,38.37,Interruption
0.7012,1.004,1.432,0.144,0.0,50,50.006,41.13,Normal
0.7059,1.2183,1.726,1.758,5.0,50,50.019,38.35,Transient
0.7022,0.9994,1.423,0.093,0.0,50,50.001,44.85,Normal
0.7114,1.0107,1.421,10.796,0.0,50,49.975,55.0,Harmonics
0.7044,0.9992,1.419,0.029,0.0,50,49.969,51.22,Normal
0.7075,1.0222,1.445,0.244,5.0,50,49.997,50.99,Transient
0.7124,1.0117,1.42,0.033,0.0,50,49.978,51.01,Normal
0.6502,1.0056,1.547,0.624,76.9,50,50.003,48.65,Sag
0.8894,1.3733,1.544,0.783,135.2,50,50.023,45.61,Swell
0.7102,1.0114,1.424,0.068,0.0,50,50.04,46.64,Normal
0.4759,1.002,2.105,2.205,126.7,50,50.002,49.82,Sag
0.4585,1.0042,2.19,13.143,113.0,50,50.05,45.0,Interruption
0.6063,1.0221,1.686,4.171,70.5,50,49.979,38.16,Sag
0.566,1.0069,1.779,0.422,120.1,50,50.018,44.63,Sag
0.4851,1.0116,2.086,1.014,143.3,50,49.984,40.9,Sag
0.7065,1.0122,1.433,0.121,0.0,50,50.014,40.98,Normal
0.4304,1.0158,2.36,4.868,134.6,50,50.03,35.96,Sag
0.7034,1.022,1.453,0.189,0.0,50,50.024,36.01,Normal
0.6299,1.0142,1.61,0.254,157.0,50,49.99,39.08,Sag
0.7083,1.3947,1.969,0.162,5.0,50,49.98,54.75,Transient
0.6648,1.023,1.539,4.027,24.4,50,49.99,35.18,Interruption
0.7239,1.0529,1.454,0.143,0.0,50,49.988,38.21,Flicker
0.7043,1.0051,1.427,0.081,0.0,50,50.011,45.76,Normal
0.7132,1.0124,1.42,0.029,0.0,50,50.007,52.13,Normal
0.7107,1.0729,1.51,0.084,0.0,50,50.02,44.14,Flicker
0.7081,1.5774,2.228,0.23,5.0,50,49.962,52.61,Transient
0.6287,1.007,1.602,1.406,52.9,50,49.968,43.72,Sag
0.7098,1.0093,1.422,0.061,0.0,50,49.993,47.73,Normal
0.5708,1.0022,1.756,3.725,84.1,50,49.988,53.0,Sag
0.4265,1.0056,2.358,15.762,125.6,50,50.02,42.82,Interruption
0.7085,1.0247,1.446,0.093,0.0,50,49.995,44.19,Flicker
0.7132,2.1417,3.003,4.369,5.0,50,50.054,49.78,Transient
0.906,1.6586,1.831,2.477,72.9,50,50.012,45.51,Swell
0.7092,1.0825,1.526,7.296,0.0,50,49.969,54.54,Harmonics
0.7083,0.997,1.407,5.902,0.0,50,49.986,43.71,Harmonics
0.6324,1.0064,1.591,2.105,39.5,50,50.014,46.56,Interruption
0.4865,1.0007,2.057,0.795,148.3,50,50.023,53.18,Sag
0.7511,1.1222,1.494,0.392,107.6,50,50.014,43.44,Swell
0.7075,1.0429,1.474,0.206,0.0,50,50.015,37.86,Flicker
0.7086,1.0089,1.424,0.074,0.0,50,50.004,45.9,Normal
0.4652,1.0129,2.177,5.535,126.7,50,50.029,37.75,Sag
1.0186,1.8062,1.773,2.128,94.4,50,49.988,45.7,Swell
0.4274,1.0066,2.355,6.608,131.2,50,50.018,41.13,Sag
0.6297,1.0069,1.599,3.365,48.9,50,50.003,45.81,Sag
0.7126,1.0239,1.437,0.113,0.0,50,49.968,40.5,Normal
0.7105,1.0083,1.419,0.044,0.0,50,50.002,52.87,Normal
0.6236,1.0279,1.648,2.962,43.0,50,49.995,36.7,Interruption
0.7104,1.01,1.422,0.05,0.0,50,50.005,49.21,Normal
0.856,1.4272,1.667,1.171,93.2,50,50.009,51.79,Swell
0.4801,1.0132,2.11,7.781,111.6,50,50.009,35.44,Sag
0.68,1.0029,1.475,0.527,73.9,50,49.991,54.87,Sag
0.6179,1.0105,1.635,4.558,53.6,50,49.99,42.07,Sag
0.6873,0.9763,1.42,0.029,0.0,50,49.993,51.86,Normal
0.7088,1.0235,1.444,0.07,0.0,50,50.009,45.88,Flicker
0.5333,1.0031,1.881,3.498,110.8,50,49.989,49.34,Sag
0.7083,0.974,1.375,5.486,0.0,50,50.002,43.39,Harmonics
0.5943,1.0041,1.69,0.378,137.6,50,49.995,48.32,Sag
0.6245,1.0036,1.607,5.142,44.4,50,50.007,51.14,Sag
0.4735,1.0209,2.156,6.837,112.9,50,50.027,36.18,Interruption
0.7101,1.1951,1.683,2.001,5.0,50,49.969,50.61,Transient
0.7042,1.0265,1.458,0.249,0.0,50,49.971,35.6,Normal
0.7109,1.0425,1.467,0.053,0.0,50,50.01,46.29,Flicker
0.7077,1.0621,1.501,0.23,0.0,50,50.051,35.54,Flicker
0.7106,1.0427,1.467,0.267,0.0,50,50.008,35.27,Normal
0.5525,1.0034,1.816,0.305,156.4,50,50.026,47.49,Sag
0.2513,1.0034,3.994,20.198,173.2,50,49.999,42.2,Interruption
0.579,1.0222,1.765,2.318,65.4,50,50.044,35.65,Interruption
0.712,1.0026,1.408,5.251,0.0,50,50.046,52.83,Notch
0.7075,1.0384,1.468,2.196,0.0,50,50.012,38.87,Harmonics
0.7068,1.0262,1.452,0.142,0.0,50,50.011,37.96,Normal
0.6445,1.0096,1.567,8.061,35.2,50,49.957,47.31,Interruption
0.71,1.1357,1.6,9.266,0.0,50,50.005,39.65,Harmonics
0.7075,1.0048,1.42,0.377,5.0,50,50.007,50.49,Transient
0.7122,1.0038,1.409,5.09,0.0,50,50.011,50.74,Notch
0.6998,1.011,1.445,0.165,0.0,50,49.992,39.47,Normal
0.6928,0.9866,1.424,0.052,0.0,50,49.991,48.95,Normal
0.8714,1.3456,1.544,0.81,128.5,50,49.947,53.84,Swell
0.7176,1.0207,1.423,0.045,0.0,50,50.023,51.04,Normal
0.7087,0.9934,1.402,6.587,0.0,50,49.989,41.57,Harmonics
0.7121,1.0178,1.429,0.058,0.0,50,50.013,45.62,Normal
0.7005,0.9939,1.419,0.02,0.0,50,50.019,54.02,Normal
0.6241,1.0191,1.633,1.786,59.3,50,50.008,37.34,Sag
0.7073,1.0155,1.436,0.162,0.0,50,50.009,40.28,Normal
0.5383,1.0016,1.861,2.973,90.9,50,49.981,53.4,Sag
0.7106,1.0163,1.43,9.317,0.0,50,49.989,40.73,Harmonics
0.7115,1.0735,1.509,0.053,0.0,50,49.998,48.56,Flicker
0.7143,1.0411,1.458,0.223,0.0,50,49.984,36.32,Normal
0.702,1.0029,1.429,0.11,0.0,50,50.006,42.42,Normal
0.7087,1.0099,1.425,0.071,0.0,50,49.988,46.04,Normal
0.7081,1.0142,1.432,0.174,0.0,50,49.984,40.32,Normal
0.7073,1.0148,1.435,0.052,0.0,50,50.015,46.89,Flicker
0.6815,1.0109,1.483,0.621,46.8,50,49.983,43.32,Sag
0.8066,1.1954,1.482,0.129,142.5,50,49.937,54.74,Swell
0.7113,1.0682,1.502,0.039,0.0,50,49.986,52.04,Flicker
0.704,1.0018,1.423,0.053,0.0,50,49.987,48.9,Normal
0.717,1.0189,1.421,0.034,0.0,50,49.978,52.35,Normal
0.5364,1.0063,1.876,10.948,86.3,50,49.958,46.79,Interruption
0.9303,1.6909,1.818,1.149,76.8,50,50.009,54.23,Swell
0.7146,1.0147,1.42,0.044,0.0,50,49.985,49.85,Normal
0.255,1.0064,3.947,6.205,172.5,50,50.011,36.69,Interruption
0.7043,1.0017,1.422,0.047,0.0,50,49.987,48.92,Normal
0.7105,1.0438,1.469,0.217,0.0,50,50.021,36.02,Normal
0.8436,1.3162,1.56,0.893,124.1,50,49.971,37.57,Swell
0.9958,1.7041,1.711,1.113,106.0,50,49.998,45.86,Swell
0.6583,1.0135,1.54,0.712,54.8,50,49.98,40.3,Sag
0.7076,1.0095,1.427,0.089,0.0,50,50.028,45.15,Normal
0.7079,1.1045,1.56,0.161,5.0,50,50.009,47.67,Transient
0.671,1.0266,1.53,0.724,20.3,50,50.023,38.89,Interruption
0.5763,1.0087,1.75,1.877,96.6,50,50.025,39.78,Sag
0.8133,1.2234,1.504,0.299,135.6,50,49.985,46.93,Swell
0.7166,1.0451,1.458,0.24,0.0,50,50.024,35.9,Flicker
0.6996,1.0016,1.432,0.083,0.0,50,49.986,42.67,Normal
0.7274,1.1592,1.594,0.487,37.8,50,49.979,38.93,Swell
0.7055,1.0033,1.422,0.029,0.0,50,49.983,50.75,Normal
0.4054,1.0106,2.493,3.14,143.4,50,50.002,39.46,Sag
0.5985,1.0027,1.675,4.039,59.7,50,50.015,51.46,Sag
0.3241,1.0008,3.088,3.1,158.0,50,50.013,49.91,Sag
0.701,0.9983,1.424,0.076,0.0,50,49.978,45.13,Normal
0.7145,1.0436,1.461,0.241,0.0,50,50.015,36.51,Normal
0.7089,1.0991,1.55,6.822,0.0,50,49.981,53.34,Harmonics
0.6881,0.9919,1.442,0.162,0.0,50,50.031,41.57,Normal
0.4018,1.0017,2.493,2.499,144.3,50,49.967,52.09,Sag
0.2789,1.0051,3.604,15.077,167.7,50,49.989,37.11,Interruption
0.7105,1.0149,1.429,0.102,0.0,50,50.013,43.0,Normal
0.7087,1.0122,1.428,0.093,0.0,50,49.977,43.51,Normal
0.463,1.0039,2.168,1.331,149.0,50,49.975,43.53,Sag
0.8424,1.3705,1.627,0.904,96.1,50,49.982,41.12,Swell
0.7596,1.4128,1.86,1.768,31.3,50,50.018,45.57,Swell
0.7059,1.0253,1.452,0.229,0.0,50,49.998,35.77,Normal
0.5585,1.0052,1.8,2.622,79.4,50,49.981,45.06,Sag
0.7076,1.0501,1.484,0.038,0.0,50,50.005,52.19,Flicker
0.7091,1.0464,1.476,7.287,0.0,50,50.014,41.89,Harmonics
0.7071,1.0089,1.427,0.066,0.0,50,49.993,45.7,Normal
0.4916,1.0032,2.041,2.792,119.9,50,49.971,50.55,Sag
0.7088,1.1058,1.56,7.258,0.0,50,50.015,40.75,Harmonics
0.7112,1.01,1.42,0.04,0.0,50,49.995,52.4,Normal
0.4437,1.0097,2.276,1.969,140.5,50,49.968,35.98,Sag
0.7076,1.0179,1.439,2.717,0.0,50,50.016,39.1,Notch
0.7076,1.0107,1.428,0.085,0.0,50,50.029,44.89,Normal
0.3056,1.0003,3.273,10.549,160.8,50,50.012,54.04,Interruption
0.7078,1.0207,1.442,0.496,5.0,50,50.031,38.16,Transient
0.5958,1.0092,1.694,3.651,68.9,50,50.0,41.74,Sag
0.7078,1.0434,1.474,4.521,0.0,50,50.006,41.31,Harmonics
0.8206,1.2595,1.535,0.403,130.4,50,49.967,38.89,Swell
0.7166,1.6134,2.252,10.411,5.0,50,49.989,49.43,Transient
0.8245,1.3248,1.607,1.123,104.2,50,50.003,39.2,Swell
0.5791,1.0145,1.752,1.582,87.6,50,50.006,40.63,Sag
0.6978,0.9928,1.423,0.055,0.0,50,50.02,49.09,Normal
0.6331,1.0035,1.585,2.107,62.2,50,50.011,48.54,Sag
0.7035,1.0076,1.432,0.147,0.0,50,50.023,39.32,Normal
0.5878,1.0148,1.727,4.901,61.0,50,49.979,40.47,Interruption
0.7725,1.5603,2.02,2.395,25.2,50,49.999,44.08,Swell
0.7089,1.0503,1.482,1.8,5.0,50,49.999,36.69,Transient
0.8764,1.5336,1.75,0.578,79.5,50,49.992,54.35,Swell
0.7086,1.0565,1.491,6.037,0.0,50,49.983,53.76,Harmonics
1.053,1.6644,1.581,0.562,143.9,50,50.006,41.36,Swell
0.516,1.0024,1.942,2.081,115.2,50,49.974,50.03,Sag
0.721,1.0391,1.441,0.172,0.0,50,49.994,38.93,Normal
0.7136,1.0137,1.42,0.039,0.0,50,50.014,50.81,Normal
0.7089,1.2914,1.822,0.395,5.0,50,49.97,50.15,Transient
0.7083,1.0557,1.491,6.057,0.0,50,50.015,43.81,Harmonics
0.644,1.0028,1.557,2.134,35.8,50,49.994,53.35,Sag
0.7093,1.0216,1.44,0.168,0.0,50,50.015,38.73,Normal
0.5228,1.0024,1.917,6.828,94.2,50,50.013,51.53,Sag
0.7082,1.0594,1.496,0.134,0.0,50,50.001,40.21,Flicker
0.7073,1.0115,1.43,0.127,0.0,50,50.01,42.06,Normal
0.7102,1.0075,1.419,2.406,0.0,50,49.989,48.48,Notch
0.5725,1.0045,1.755,3.02,86.1,50,50.018,49.54,Sag
0.7087,1.0066,1.42,6.69,0.0,50,49.995,35.64,Harmonics
0.7102,1.1517,1.622,9.337,0.0,50,50.019,44.77,Harmonics
0.5147,1.007,1.956,4.324,106.2,50,50.027,44.63,Sag
0.8865,1.3466,1.519,0.265,147.8,50,49.981,39.09,Swell
0.897,1.7798,1.984,1.889,60.2,50,50.019,36.55,Swell
0.8325,1.3949,1.676,1.026,86.3,50,49.986,45.33,Swell
0.7091,1.8717,2.639,5.389,5.0,50,49.983,48.28,Transient
0.7165,2.661,3.714,0.926,5.0,50,50.007,36.2,Transient
0.5871,1.0031,1.709,4.949,66.0,50,50.01,54.19,Sag
0.7098,1.0397,1.465,0.074,0.0,50,49.989,45.11,Flicker
0.7072,1.0383,1.468,0.281,0.0,50,49.974,35.46,Flicker
0.7077,1.0347,1.462,3.971,0.0,50,49.989,54.13,Harmonics
0.4506,1.0038,2.228,5.385,118.4,50,49.993,47.55,Interruption
0.6156,1.0019,1.628,0.075,140.0,50,50.007,51.88,Sag
0.7244,1.0284,1.42,0.027,0.0,50,50.009,52.29,Normal
0.4813,1.0037,2.085,5.281,112.5,50,49.967,42.52,Sag
0.6695,1.0375,1.55,2.659,29.8,50,50.029,36.54,Sag
0.7081,0.9967,1.408,4.517,0.0,50,49.986,43.71,Harmonics
0.7101,1.0391,1.463,9.238,0.0,50,50.0,52.5,Harmonics
0.7009,1.0025,1.43,0.112,0.0,50,50.012,41.61,Normal
0.7477,1.1706,1.566,0.781,72.2,50,49.989,39.93,Swell
0.6136,1.0195,1.661,0.753,122.8,50,49.971,36.58,Sag
0.7273,1.0594,1.457,0.161,0.0,50,49.995,39.05,Flicker
0.7113,2.0149,2.833,4.745,5.0,50,50.029,46.45,Transient
0.7226,1.0519,1.456,0.229,0.0,50,49.982,37.33,Normal
0.6373,1.0021,1.572,1.654,40.8,50,49.987,54.72,Sag
0.568,1.0033,1.766,7.429,71.4,50,50.013,50.88,Interruption
0.7162,1.017,1.42,0.033,0.0,50,49.983,51.81,Normal
0.3526,1.0022,2.842,12.896,151.3,50,50.006,50.56,Interruption
0.5729,1.0021,1.749,0.753,121.5,50,49.958,51.41,Sag
0.7084,1.7607,2.485,0.474,5.0,50,49.978,53.93,Transient
0.289,1.003,3.471,3.116,166.8,50,49.987,42.0,Interruption
0.8722,1.6388,1.879,1.801,65.2,50,49.995,52.71,Swell
0.7621,1.128,1.48,0.25,126.0,50,49.971,49.38,Swell
0.4987,1.0176,2.041,8.316,100.2,50,50.016,36.09,Interruption
0.7028,0.9966,1.418,0.028,0.0,50,49.988,54.52,Normal
0.709,1.0927,1.541,7.42,0.0,50,50.025,45.19,Harmonics
0.3817,1.0125,2.653,9.077,144.4,50,50.031,37.11,Interruption
0.7153,1.0171,1.422,0.049,0.0,50,50.002,49.63,Normal
0.5629,1.0032,1.782,0.184,158.6,50,49.991,52.33,Sag
0.8585,1.4084,1.641,0.817,106.7,50,50.006,38.13,Swell
0.7124,1.1172,1.568,11.994,0.0,50,49.98,39.66,Harmonics
0.3358,1.0019,2.983,13.01,156.4,50,50.003,50.09,Interruption
0.7078,1.3712,1.937,0.209,5.0,50,49.996,46.1,Transient
0.6318,1.0035,1.588,0.923,78.2,50,50.018,46.67,Sag
0.7189,1.005,1.398,11.179,0.0,50,49.995,49.93,Notch
0.7502,1.27,1.693,1.284,43.7,50,50.014,35.42,Swell
0.7077,1.0124,1.431,0.21,5.0,50,50.021,43.1,Transient
0.5987,1.0029,1.675,5.726,56.1,50,50.012,51.48,Interruption
0.5479,1.0192,1.86,5.162,82.7,50,50.013,37.89,Interruption
0.7098,1.0447,1.472,8.929,0.0,50,50.01,48.03,Harmonics
0.7028,1.0066,1.432,0.091,0.0,50,49.964,44.21,Normal
0.7027,1.0153,1.445,0.253,0.0,50,49.979,35.35,Normal
0.5225,1.0064,1.926,0.972,134.4,50,50.023,45.27,Sag
0.7112,2.0089,2.825,1.247,5.0,50,50.021,49.45,Transient
0.7072,1.0079,1.425,3.031,0.0,50,50.039,45.83,Harmonics
0.6909,1.017,1.472,0.44,25.3,50,50.012,40.13,Sag
0.7108,1.0791,1.518,0.164,0.0,50,50.023,38.66,Flicker
0.615,1.02,1.659,6.081,47.7,50,49.995,37.27,Sag
0.8008,1.4236,1.778,1.027,55.8,50,50.01,41.11,Swell
0.7172,1.0178,1.419,0.031,0.0,50,49.957,54.05,Normal
0.7061,1.0204,1.445,0.141,0.0,50,49.98,40.58,Normal
0.7875,1.1636,1.478,0.119,141.8,50,49.972,47.91,Swell
0.7094,1.1433,1.612,0.291,5.0,50,49.989,53.42,Transient
0.7097,1.0426,1.469,8.224,0.0,50,49.962,35.87,Harmonics
0.7133,1.0035,1.407,5.604,0.0,50,49.994,54.33,Notch
0.7062,1.0027,1.42,0.041,0.0,50,49.985,50.88,Normal
0.6312,1.0029,1.589,4.601,42.3,50,50.016,52.9,Sag
0.7106,1.0102,1.422,0.033,0.0,50,50.019,52.01,Normal
0.7045,1.0168,1.443,0.198,0.0,50,49.969,37.55,Normal
0.7102,2.1728,3.059,0.31,5.0,50,49.991,40.79,Transient
0.9122,1.4967,1.641,1.224,114.7,50,50.026,37.18,Swell
0.679,1.0169,1.498,0.77,37.5,50,50.027,38.63,Sag
0.78,1.2024,1.542,0.381,108.9,50,49.982,39.67,Swell
0.72,1.0254,1.424,0.068,0.0,50,49.977,46.63,Normal
0.7114,1.0324,1.451,0.205,0.0,50,49.995,35.25,Normal
0.7093,1.0796,1.522,7.613,0.0,50,49.997,38.49,Harmonics
0.7118,1.0901,1.531,11.622,0.0,50,49.991,39.81,Harmonics
0.6926,0.9867,1.425,0.072,0.0,50,50.005,46.48,Normal
0.7121,1.0132,1.423,0.059,0.0,50,50.003,48.05,Normal
0.5489,1.0036,1.828,4.587,81.8,50,50.006,46.99,Sag
0.6357,1.0047,1.58,0.959,89.0,50,49.957,47.13,Sag
0.7102,2.1222,2.988,1.239,5.0,50,50.023,35.22,Transient
0.6794,1.0027,1.476,0.982,46.2,50,49.981,51.34,Sag
0.7071,1.0144,1.435,1.772,5.0,50,49.974,52.25,Transient
0.7082,1.0344,1.461,0.094,0.0,50,50.013,42.42,Flicker
0.8487,1.2779,1.506,0.283,148.5,50,49.971,38.93,Swell
0.6154,1.0038,1.631,6.078,48.7,50,50.011,49.29,Sag
0.7221,1.0447,1.447,0.245,0.0,50,50.022,37.1,Normal
0.5399,1.0135,1.877,4.197,97.3,50,50.014,38.18,Sag
0.7114,1.1369,1.598,10.639,0.0,50,49.967,48.39,Harmonics
0.8123,1.2773,1.572,0.568,105.6,50,50.01,48.21,Swell
0.5633,1.0145,1.801,3.92,83.6,50,49.982,39.74,Sag
0.7077,1.2571,1.776,0.541,5.0,50,50.008,37.86,Transient
0.7076,1.0364,1.465,3.365,0.0,50,49.982,49.71,Harmonics
0.7086,1.0322,1.457,6.238,0.0,50,49.973,35.5,Harmonics
0.7081,1.008,1.424,0.067,0.0,50,50.023,47.21,Normal
0.709,1.103,1.556,7.848,0.0,50,50.053,50.0,Harmonics
0.7159,1.0189,1.423,0.063,0.0,50,50.015,47.09,Normal
0.7718,1.1364,1.472,0.175,137.8,50,49.987,48.28,Swell
0.7051,1.0213,1.448,0.218,0.0,50,50.019,36.32,Normal
0.3417,1.0116,2.961,5.154,154.4,50,50.005,35.56,Sag
0.6621,1.0091,1.524,3.767,22.5,50,49.988,44.39,Interruption
0.711,1.0144,1.427,0.093,0.0,50,50.012,45.03,Normal
0.7537,1.3203,1.752,0.891,39.0,50,49.991,35.55,Swell
0.6102,1.0029,1.644,4.895,53.2,50,49.992,50.87,Sag
0.7068,1.0286,1.455,0.188,0.0,50,50.032,37.45,Normal
0.7088,1.0166,1.434,0.159,0.0,50,49.996,39.73,Normal
0.7088,1.0188,1.437,7.253,0.0,50,50.036,50.89,Harmonics
0.6625,1.0033,1.514,1.308,24.8,50,50.004,52.44,Sag
0.7093,1.0349,1.459,7.569,0.0,50,50.028,35.72,Harmonics
0.7056,1.0006,1.418,0.028,0.0,50,49.969,53.03,Normal
1.0603,1.7252,1.627,1.347,127.5,50,50.019,50.67,Swell
0.3866,1.0027,2.594,4.383,141.3,50,50.047,46.63,Interruption
0.5944,1.0052,1.691,3.153,62.1,50,50.0,46.36,Sag
0.5151,1.0076,1.956,0.77,142.9,50,49.951,43.58,Sag
0.7088,0.9879,1.394,6.531,0.0,50,49.989,41.45,Harmonics
0.6992,0.9935,1.421,0.038,0.0,50,50.022,52.97,Normal
0.7073,1.0164,1.437,0.233,0.0,50,49.987,37.71,Normal
0.7102,1.0401,1.465,9.324,0.0,50,50.009,48.59,Harmonics
0.7103,1.0524,1.482,0.132,0.0,50,50.0,41.01,Flicker
0.709,1.0808,1.524,0.435,5.0,50,49.999,45.5,Transient
0.7131,1.0723,1.504,0.048,0.0,50,50.038,48.75,Flicker
0.7091,1.0515,1.483,7.719,0.0,50,49.997,43.28,Harmonics
0.7071,1.0078,1.425,0.068,0.0,50,49.978,47.03,Normal
0.413,1.0015,2.425,11.781,132.9,50,50.0,54.58,Interruption
0.7102,1.0711,1.508,0.154,0.0,50,50.034,41.47,Flicker
0.7994,1.1893,1.488,0.21,143.5,50,49.957,44.23,Swell
0.4855,1.0094,2.079,13.336,106.2,50,49.996,41.05,Interruption
0.9863,1.5714,1.593,0.64,129.4,50,50.04,51.48,Swell
0.4503,1.0036,2.229,2.761,118.4,50,49.958,46.96,Interruption
0.7079,1.0268,1.45,5.043,0.0,50,50.001,52.12,Harmonics
0.7023,1.0116,1.44,0.228,0.0,50,49.994,36.41,Normal
0.3955,1.0018,2.533,7.81,141.3,50,49.982,48.59,Sag
0.7117,1.0314,1.449,0.16,0.0,50,50.021,37.08,Normal
0.7572,1.1789,1.557,0.789,75.7,50,49.98,53.95,Swell
0.7073,1.0127,1.432,0.078,0.0,50,49.993,45.91,Normal
0.71,1.0639,1.499,0.132,0.0,50,50.003,39.94,Flicker
0.7092,1.0032,1.415,3.011,0.0,50,49.976,53.83,Notch
0.9427,1.4882,1.579,0.755,131.8,50,50.003,47.53,Swell
0.7094,1.0872,1.533,8.239,0.0,50,50.006,49.62,Harmonics
0.5256,1.002,1.906,13.404,89.2,50,49.983,53.27,Interruption
0.7956,1.2835,1.613,0.654,89.4,50,49.967,35.25,Swell
0.7102,1.0767,1.516,9.106,0.0,50,49.974,38.86,Harmonics
0.7079,1.0109,1.428,2.483,0.0,50,50.027,45.16,Notch
0.5068,1.0177,2.008,5.048,105.1,50,50.032,35.93,Sag
0.7073,1.0054,1.422,0.057,0.0,50,49.971,47.86,Normal
0.6982,0.9906,1.419,0.037,0.0,50,50.02,52.47,Normal
0.6515,1.0107,1.551,1.505,64.9,50,49.996,40.26,Sag
0.7612,1.1141,1.464,0.297,135.1,50,50.027,51.32,Swell
0.8636,1.3153,1.523,0.694,135.8,50,49.996,48.27,Swell
0.7123,1.0163,1.427,0.061,0.0,50,50.001,46.88,Normal
0.5434,1.0015,1.843,0.387,141.3,50,50.038,54.65,Sag
0.7025,1.0179,1.449,0.195,0.0,50,49.983,36.9,Normal
0.7052,1.0243,1.453,0.23,0.0,50,49.999,35.58,Normal
0.7055,1.0231,1.45,0.244,0.0,50,50.032,36.92,Normal
0.7107,1.024,1.441,0.164,0.0,50,50.003,39.74,Normal
0.7106,1.0577,1.489,9.578,0.0,50,49.973,46.81,Harmonics
0.7066,1.0061,1.424,0.061,0.0,50,49.995,48.79,Normal
0.7089,0.9943,1.403,7.439,0.0,50,50.013,43.9,Harmonics
0.7076,1.0086,1.425,1.563,0.0,50,50.03,44.81,Notch
0.391,1.0007,2.559,17.493,136.7,50,49.988,54.68,Interruption
0.7055,1.0097,1.431,0.067,0.0,50,49.989,46.02,Normal
0.4211,1.0014,2.378,11.279,128.4,50,49.981,53.48,Interruption
0.6587,1.0211,1.55,2.995,34.3,50,50.016,36.34,Sag
0.714,1.0132,1.419,0.031,0.0,50,50.016,52.56,Normal
0.7029,1.0047,1.429,0.095,0.0,50,50.0,42.97,Normal
0.7092,1.0109,1.425,0.053,0.0,50,49.993,46.54,Normal
0.879,1.5579,1.772,1.939,76.3,50,49.986,51.38,Swell
0.7079,1.0108,1.428,0.118,0.0,50,49.967,41.81,Normal
1.0645,1.773,1.666,0.342,123.3,50,50.011,48.68,Swell
0.7128,1.0266,1.44,0.173,0.0,50,50.038,40.39,Normal
0.7774,1.2139,1.561,0.852,94.5,50,50.038,44.42,Swell
0.8755,1.5235,1.74,1.286,88.1,50,49.984,37.47,Swell
0.8533,1.3778,1.615,0.85,106.3,50,50.006,39.74,Swell
0.6734,1.008,1.497,0.827,24.1,50,50.0,43.59,Sag
0.6506,1.0032,1.542,1.606,45.2,50,49.969,50.58,Sag
0.489,1.0089,2.063,2.474,119.0,50,50.01,43.16,Sag
0.5366,1.004,1.871,3.672,91.7,50,49.979,52.56,Sag
0.7067,1.0332,1.462,0.225,0.0,50,50.005,35.07,Normal
0.7124,1.0244,1.438,0.179,0.0,50,50.002,39.49,Normal
0.7088,1.9465,2.746,1.334,5.0,50,49.991,38.09,Transient
0.7109,2.3592,3.319,0.984,5.0,50,49.979,39.52,Transient
0.6939,0.9914,1.429,0.081,0.0,50,49.98,44.59,Normal
0.7099,1.04,1.465,0.023,0.0,50,50.022,54.94,Flicker
0.6947,0.9904,1.426,0.05,0.0,50,50.044,49.05,Normal
0.7088,1.0333,1.458,0.128,0.0,50,50.0,40.55,Flicker
0.7182,1.0188,1.419,0.039,0.0,50,49.989,50.72,Normal
0.7095,0.9875,1.392,8.346,0.0,50,50.005,41.33,Harmonics
0.7137,1.0202,1.429,0.084,0.0,50,49.994,45.5,Normal
0.9295,1.6716,1.798,1.568,85.5,50,50.012,44.37,Swell
0.7081,1.0067,1.422,5.208,0.0,50,49.983,38.01,Harmonics
0.5345,1.0016,1.874,0.581,142.6,50,49.98,48.87,Sag
0.6645,1.0092,1.519,1.615,44.9,50,50.045,44.09,Sag
1.0051,1.6054,1.597,0.53,140.7,50,50.013,35.77,Swell
0.5538,1.0051,1.815,1.013,137.7,50,49.976,46.74,Sag
0.6755,1.0031,1.485,1.463,35.7,50,49.995,52.69,Sag
0.7004,0.9991,1.426,0.12,0.0,50,50.002,42.13,Normal
0.7073,1.0127,1.432,0.1,0.0,50,49.989,41.1,Normal
0.7027,1.002,1.426,0.085,0.0,50,49.992,45.13,Normal
0.6313,1.0233,1.621,2.475,63.4,50,49.941,35.79,Sag
0.613,1.0045,1.639,8.239,47.3,50,49.997,48.79,Interruption
0.6509,1.0035,1.542,8.02,30.3,50,49.988,52.27,Interruption
0.7069,1.0305,1.458,0.288,0.0,50,50.038,35.19,Normal
0.7074,1.0054,1.421,0.043,0.0,50,49.988,50.73,Normal
0.3902,1.0007,2.565,3.783,151.4,50,50.015,53.96,Sag
0.5234,1.0021,1.915,6.646,90.6,50,49.98,54.67,Interruption
0.7084,1.0574,1.493,6.689,0.0,50,50.014,40.7,Harmonics
0.7093,1.0136,1.429,2.944,0.0,50,50.026,41.31,Notch
0.7087,1.314,1.854,0.586,5.0,50,50.026,42.3,Transient
0.715,1.0206,1.427,0.058,0.0,50,50.057,47.3,Normal
0.7349,1.3134,1.787,0.745,23.2,50,50.026,36.55,Swell
0.7108,1.0099,1.421,10.364,0.0,50,50.036,38.11,Harmonics
0.6416,1.0128,1.579,0.984,76.3,50,50.002,39.1,Sag
0.9235,1.4265,1.545,0.623,147.1,50,49.995,41.01,Swell
0.7078,1.0297,1.455,0.194,0.0,50,50.004,36.11,Flicker
0.6018,1.0046,1.669,3.383,66.9,50,50.012,50.16,Sag
0.7092,1.0742,1.515,7.014,0.0,50,49.988,36.2,Harmonics
0.7124,1.056,1.482,0.067,0.0,50,49.984,48.01,Flicker
0.9041,1.4357,1.588,0.813,122.3,50,50.004,53.55,Swell
0.7152,1.0148,1.419,0.038,0.0,50,49.975,52.53,Normal
0.6239,1.0224,1.639,1.078,99.5,50,49.988,36.66,Sag
0.6291,1.0115,1.608,0.417,123.2,50,50.014,41.01,Sag
0.7096,1.0169,1.433,2.158,0.0,50,50.008,40.68,Notch
0.4578,1.0014,2.187,1.719,137.4,50,49.982,53.63,Sag
0.774,1.7108,2.21,1.124,20.5,50,50.006,50.54,Swell
0.8483,1.4667,1.729,1.752,78.4,50,50.004,51.54,Swell
0.7463,1.1695,1.567,0.844,70.3,50,50.029,38.2,Swell
0.7023,0.9993,1.423,0.106,0.0,50,49.96,44.08,Normal
0.7094,1.0377,1.463,7.182,0.0,50,50.002,36.91,Harmonics
0.8148,1.495,1.835,1.154,55.8,50,49.999,45.67,Swell
0.5666,1.0031,1.77,4.865,74.2,50,49.971,51.03,Interruption
0.5843,1.0075,1.724,2.669,64.2,50,49.961,41.73,Sag
0.5001,1.0065,2.012,6.026,99.9,50,50.0,47.34,Interruption
0.7067,1.0087,1.427,0.071,0.0,50,50.022,46.69,Normal
0.591,1.01,1.709,5.423,59.6,50,50.006,43.51,Interruption
0.7085,1.0044,1.418,0.034,0.0,50,49.987,54.22,Normal
0.7117,1.0097,1.419,0.038,0.0,50,49.995,51.33,Normal
0.7099,1.4876,2.096,0.435,5.0,50,49.993,40.34,Transient
0.7084,1.563,2.206,0.349,5.0,50,50.013,51.89,Transient
0.7168,1.0181,1.42,0.04,0.0,50,50.002,50.9,Normal
0.6967,0.9891,1.42,0.04,0.0,50,50.003,50.38,Normal
0.7107,0.9809,1.38,10.381,0.0,50,50.028,52.25,Harmonics
0.7073,1.0557,1.493,0.103,0.0,50,50.016,43.34,Flicker
0.6419,1.0021,1.561,1.185,65.1,50,49.98,54.96,Sag
0.7123,1.0262,1.441,0.139,0.0,50,50.038,39.7,Normal
0.5588,1.0027,1.794,0.576,138.5,50,50.01,52.56,Sag
0.719,1.0234,1.423,0.075,0.0,50,50.028,48.01,Normal
0.5899,1.0198,1.729,3.805,66.4,50,50.001,36.05,Sag
0.7181,1.0219,1.423,0.063,0.0,50,49.991,48.63,Normal
0.7024,1.0063,1.433,0.096,0.0,50,49.995,43.66,Normal
0.6203,1.0173,1.64,2.213,58.1,50,50.006,37.29,Sag
0.7075,1.7338,2.451,1.604,5.0,50,49.991,38.53,Transient
0.6437,1.0018,1.556,5.479,34.9,50,49.996,54.4,Sag
1.0498,1.8031,1.718,1.53,111.5,50,49.999,39.62,Swell
0.9558,1.5081,1.578,0.635,137.1,50,50.026,38.15,Swell
0.7097,1.0578,1.491,7.329,0.0,50,49.977,35.11,Harmonics
0.7062,1.0023,1.419,0.03,0.0,50,50.025,54.57,Normal
0.7078,1.0201,1.441,5.077,0.0,50,50.036,37.03,Harmonics
0.6706,1.0233,1.526,1.194,22.5,50,49.999,37.06,Sag
0.7106,1.0038,1.413,4.754,0.0,50,50.019,48.57,Notch
0.696,0.9993,1.436,0.132,0.0,50,49.992,40.26,Normal
0.8411,1.5198,1.807,0.996,65.8,50,49.993,38.89,Swell
0.7099,1.0024,1.412,8.945,0.0,50,49.996,49.04,Harmonics
0.6247,1.0019,1.604,2.539,52.5,50,49.998,54.36,Sag
0.6879,1.012,1.471,0.248,27.5,50,50.009,42.1,Sag
0.7079,1.1272,1.592,0.525,5.0,50,49.987,51.89,Transient
0.5705,1.0189,1.786,7.916,67.4,50,49.993,37.58,Interruption
0.7102,1.0247,1.443,0.145,0.0,50,50.018,38.6,Normal
0.707,1.033,1.461,0.251,0.0,50,50.021,36.21,Normal
0.715,1.0269,1.436,0.091,0.0,50,49.978,42.77,Normal
0.9815,1.6135,1.644,1.005,120.9,50,50.002,40.98,Swell
0.7078,1.0267,1.45,4.779,0.0,50,50.025,43.75,Harmonics
0.7098,1.0071,1.419,0.027,0.0,50,49.983,54.13,Normal
0.7111,1.0119,1.423,0.064,0.0,50,50.015,48.03,Normal
0.7111,1.1004,1.547,10.814,0.0,50,50.002,37.82,Harmonics
0.711,1.0247,1.441,0.136,0.0,50,50.005,39.57,Normal
0.7094,0.9898,1.395,8.04,0.0,50,49.999,43.12,Harmonics
0.7103,1.3662,1.923,0.509,5.0,50,49.984,52.0,Transient
0.7148,1.0354,1.448,0.151,0.0,50,50.015,40.03,Normal
0.7121,1.0267,1.442,0.193,0.0,50,49.984,37.68,Normal
0.6959,0.9892,1.421,0.042,0.0,50,50.015,50.36,Normal
0.7426,1.4261,1.92,0.539,20.1,50,49.987,52.42,Swell
0.6999,0.9932,1.419,0.04,0.0,50,50.023,52.5,Normal
0.7134,1.077,1.51,0.18,0.0,50,50.04,36.93,Flicker
0.6725,1.0041,1.493,0.65,73.9,50,49.997,53.38,Sag
0.7074,1.0151,1.435,2.844,0.0,50,49.977,38.87,Harmonics
0.7078,1.0107,1.428,0.08,0.0,50,50.012,44.65,Normal
0.7867,1.1507,1.463,0.199,148.7,50,50.008,53.65,Swell
0.7734,1.1881,1.536,0.633,112.2,50,50.036,37.16,Swell
0.7091,1.011,1.426,0.072,0.0,50,50.007,44.41,Normal
0.7089,1.0168,1.434,0.141,0.0,50,50.01,42.0,Normal
0.8938,1.615,1.807,1.995,78.8,50,50.017,36.89,Swell
0.7084,1.0027,1.415,6.576,0.0,50,49.996,40.52,Harmonics
0.7094,1.013,1.428,0.096,0.0,50,49.993,43.15,Normal
0.7074,1.0282,1.454,0.039,0.0,50,49.998,51.76,Flicker
0.7086,1.0241,1.445,1.378,5.0,50,50.005,50.2,Transient
0.6708,1.0066,1.501,0.573,74.3,50,49.999,44.78,Sag
0.7079,1.0433,1.474,4.104,0.0,50,49.968,52.89,Harmonics
0.5623,1.016,1.807,6.315,76.9,50,49.999,37.42,Sag
0.4027,1.0019,2.488,26.232,135.0,50,50.03,50.58,Interruption
0.3871,1.0048,2.596,11.113,140.3,50,50.008,46.77,Interruption
0.7168,1.0178,1.42,0.048,0.0,50,49.997,48.76,Normal
0.6222,1.0048,1.615,1.329,44.5,50,50.015,44.19,Interruption
0.6533,1.0147,1.553,1.57,42.8,50,50.011,40.82,Sag
0.7294,1.062,1.456,0.044,0.0,50,50.007,50.52,Flicker
0.7097,1.103,1.554,8.279,0.0,50,50.003,46.29,Harmonics
0.7076,1.0156,1.435,0.173,0.0,50,49.988,38.85,Normal
0.7013,1.0008,1.427,0.078,0.0,50,49.975,45.82,Normal
0.459,1.0089,2.198,7.882,115.1,50,49.999,37.89,Sag
0.7077,1.0327,1.459,2.986,5.0,50,49.993,50.41,Transient
0.7107,1.009,1.42,0.036,0.0,50,49.997,50.6,Normal
0.7093,1.7155,2.419,0.301,5.0,50,50.01,38.15,Transient
0.7074,1.0095,1.427,0.065,0.0,50,49.994,45.45,Normal
0.7096,1.08,1.522,8.293,0.0,50,49.991,52.72,Harmonics
0.595,1.0021,1.684,6.756,58.7,50,50.021,50.54,Interruption
0.7087,1.0157,1.433,1.622,0.0,50,49.976,37.31,Notch
0.7093,1.0165,1.433,7.916,0.0,50,50.011,50.45,Harmonics
0.7221,1.0423,1.443,0.196,0.0,50,50.026,35.81,Normal
0.6523,1.0026,1.537,6.144,28.1,50,50.016,54.32,Interruption
0.7113,2.2477,3.16,1.033,5.0,50,50.004,54.75,Transient
0.7851,1.1723,1.493,0.312,152.0,50,50.011,36.03,Swell
0.6649,1.0058,1.513,3.41,30.1,50,49.96,49.45,Sag
0.7082,0.9915,1.4,5.439,0.0,50,49.979,44.89,Harmonics
0.7114,1.0299,1.448,0.233,0.0,50,49.977,36.56,Normal
0.6668,1.0264,1.539,2.154,28.3,50,50.0,35.4,Sag
0.711,1.009,1.419,0.032,0.0,50,49.999,52.68,Normal
0.4998,1.0165,2.034,4.036,100.3,50,50.018,36.4,Interruption
0.7106,1.0637,1.497,9.801,0.0,50,49.984,40.75,Harmonics
0.7003,1.0295,1.47,0.237,0.0,50,50.021,35.26,Normal
0.7066,1.3227,1.872,1.301,5.0,50,50.017,54.38,Transient
0.7122,1.7802,2.5,1.449,5.0,50,49.994,38.01,Transient
0.7039,0.9983,1.418,0.036,0.0,50,49.983,50.86,Normal
0.7088,1.0392,1.466,7.074,0.0,50,50.018,36.63,Harmonics
0.3777,1.0007,2.649,15.17,141.3,50,49.979,53.77,Interruption
0.7101,1.0279,1.447,0.218,0.0,50,49.98,37.1,Normal
0.6803,1.025,1.507,0.382,65.9,50,50.015,35.22,Sag
0.7102,1.1417,1.608,9.392,0.0,50,49.991,43.17,Harmonics
0.58,1.0085,1.739,8.205,66.6,50,49.995,44.05,Interruption
0.7084,1.0928,1.543,6.324,0.0,50,50.014,54.42,Harmonics
0.6472,1.0026,1.549,0.143,149.2,50,50.022,51.18,Sag
0.3645,1.0024,2.75,2.806,154.0,50,49.995,46.38,Sag
0.7091,2.0646,2.911,0.765,5.0,50,49.982,35.14,Transient
0.5834,1.005,1.723,2.651,87.5,50,49.975,47.89,Sag
0.7146,1.0181,1.425,0.064,0.0,50,50.012,47.41,Normal
0.7073,1.0089,1.426,0.069,0.0,50,50.002,45.67,Normal
0.7079,1.0097,1.426,0.368,5.0,50,49.99,45.07,Transient
0.5366,1.0026,1.869,5.072,91.1,50,49.991,49.11,Sag
0.7098,1.0725,1.511,8.656,0.0,50,49.983,45.08,Harmonics
0.7087,1.0365,1.463,0.143,0.0,50,49.981,40.3,Flicker
0.7029,1.0159,1.445,0.179,0.0,50,49.977,38.75,Normal
0.6155,1.0034,1.63,1.798,60.6,50,50.015,52.83,Sag
0.8599,1.5282,1.777,2.192,71.7,50,50.033,52.64,Swell
0.7155,1.015,1.419,0.042,0.0,50,49.995,49.94,Normal
0.4167,1.0063,2.415,2.13,154.1,50,49.994,40.7,Sag
0.4888,1.0022,2.051,9.449,105.2,50,50.026,54.0,Interruption
0.7149,1.0351,1.448,0.212,0.0,50,50.016,37.05,Normal
0.7072,1.0038,1.42,0.038,0.0,50,49.993,52.95,Normal
0.5915,1.0069,1.702,3.445,78.0,50,49.994,48.47,Sag
0.8591,1.3767,1.603,0.855,106.4,50,49.974,54.85,Swell
0.705,0.9995,1.418,0.029,0.0,50,49.998,53.94,Normal
0.6552,1.0035,1.532,6.991,24.7,50,49.997,50.42,Interruption
0.6962,0.9938,1.428,0.078,0.0,50,49.996,45.02,Normal
0.7102,1.103,1.553,4.621,5.0,50,49.976,40.07,Transient
0.7047,1.0229,1.452,0.21,0.0,50,49.995,37.25,Normal
0.7092,1.0593,1.494,7.421,0.0,50,49.978,50.99,Harmonics
0.7195,1.0286,1.43,0.066,0.0,50,49.991,45.07,Normal
0.7081,1.0485,1.481,5.407,0.0,50,50.009,49.44,Harmonics
0.9517,1.5567,1.636,1.028,118.7,50,50.004,39.97,Swell
0.71,2.1761,3.065,0.306,5.0,50,50.046,40.49,Transient
0.6911,0.9838,1.423,0.067,0.0,50,49.967,46.42,Normal
0.709,1.3771,1.942,2.968,5.0,50,50.008,50.1,Transient
0.5746,1.0037,1.747,5.495,68.4,50,50.004,50.05,Sag
0.7041,1.0107,1.435,0.121,0.0,50,50.031,41.53,Normal
0.7149,1.031,1.442,0.137,0.0,50,49.997,39.69,Normal
0.7081,1.0029,1.416,2.883,0.0,50,49.991,54.13,Notch
0.7078,0.9777,1.381,4.669,0.0,50,50.021,39.12,Harmonics
0.847,1.4176,1.674,1.04,89.8,50,49.998,40.4,Swell
0.5766,1.0036,1.74,3.89,64.3,50,50.002,51.0,Interruption
0.7079,1.2179,1.72,0.416,5.0,50,49.967,43.93,Transient
0.5924,1.0198,1.721,2.416,57.4,50,49.989,36.17,Interruption
0.7105,1.0152,1.429,4.614,0.0,50,49.985,42.43,Notch
0.969,1.7202,1.775,1.722,94.3,50,49.976,44.34,Swell
0.8262,1.4509,1.756,1.404,64.2,50,50.004,47.82,Swell
0.7655,1.1946,1.561,0.698,88.2,50,50.027,38.53,Swell
0.7076,1.1364,1.606,0.227,5.0,50,49.954,47.22,Transient
0.716,2.2646,3.163,1.074,5.0,50,50.046,53.92,Transient
0.8176,1.3332,1.631,1.342,90.2,50,49.992,47.04,Swell
0.7095,1.0541,1.486,8.271,0.0,50,49.999,53.78,Harmonics
0.7072,1.0048,1.421,0.051,0.0,50,50.0,48.95,Normal
0.7085,1.6818,2.374,4.576,5.0,50,49.979,39.23,Transient
0.7107,1.0289,1.448,10.325,0.0,50,50.036,36.58,Harmonics
0.2702,1.0007,3.704,3.804,172.7,50,50.029,52.74,Interruption
0.7087,1.0662,1.505,7.415,0.0,50,49.99,37.63,Harmonics
0.6386,1.0057,1.575,0.99,56.1,50,50.017,49.5,Sag
0.7083,1.036,1.463,5.961,0.0,50,50.012,44.66,Harmonics
0.578,1.0228,1.77,9.22,68.7,50,50.006,36.66,Sag
0.9027,1.4475,1.604,0.659,119.3,50,49.994,43.03,Swell
0.6403,1.0127,1.582,0.814,63.6,50,49.985,41.81,Sag
0.7123,1.0542,1.48,0.078,0.0,50,49.986,47.27,Flicker
0.7083,1.01,1.426,0.081,0.0,50,50.04,46.27,Normal
0.5761,1.0019,1.739,1.689,88.5,50,49.99,53.89,Sag
0.7092,1.0647,1.501,7.232,0.0,50,49.989,39.16,Harmonics
0.708,1.0297,1.454,4.112,0.0,50,50.021,35.54,Notch
0.7069,1.0042,1.421,0.029,0.0,50,49.947,51.41,Normal
0.708,1.6927,2.391,0.386,5.0,50,49.993,53.16,Transient
0.7761,1.5172,1.955,0.491,33.8,50,50.003,48.12,Swell
0.6367,1.0062,1.58,0.917,79.9,50,49.964,47.86,Sag
0.7073,1.2976,1.835,0.226,5.0,50,50.007,48.73,Transient
0.7086,1.0218,1.442,6.536,0.0,50,50.006,52.8,Harmonics
0.5492,1.0026,1.825,7.612,77.0,50,49.991,52.03,Interruption
0.7099,1.0162,1.431,0.072,0.0,50,49.977,43.8,Normal
0.7079,1.056,1.492,0.051,0.0,50,49.993,50.49,Flicker
0.7107,1.1325,1.594,9.593,0.0,50,49.978,35.12,Harmonics
0.6346,1.0077,1.588,2.36,38.8,50,49.99,47.62,Sag
0.5035,1.0084,2.003,12.411,97.8,50,50.013,41.23,Interruption
0.7086,1.1214,1.583,7.397,0.0,50,50.028,40.62,Harmonics
0.6841,1.0235,1.496,0.333,39.6,50,49.973,36.3,Sag
0.7111,1.0266,1.444,0.184,0.0,50,50.002,37.55,Normal
0.7234,1.0348,1.431,0.114,0.0,50,50.025,42.54,Normal
0.7089,1.0083,1.422,0.041,0.0,50,49.984,51.95,Normal
0.4582,1.0106,2.206,1.442,148.3,50,49.966,39.45,Sag
0.7085,1.4491,2.045,0.543,5.0,50,49.983,45.16,Transient
0.7088,1.0598,1.495,6.477,0.0,50,49.967,44.55,Harmonics
0.9977,1.7333,1.737,1.468,107.1,50,50.011,35.41,Swell
0.7087,1.0151,1.432,6.319,0.0,50,49.989,36.41,Harmonics
0.7133,2.2336,3.131,1.858,5.0,50,50.032,49.53,Transient
0.7066,1.0062,1.424,0.056,0.0,50,50.001,48.87,Normal
0.6586,1.0186,1.546,0.789,48.3,50,50.004,39.96,Sag
0.7046,1.0184,1.445,2.362,5.0,50,50.01,39.47,Transient
0.6957,1.0072,1.448,0.251,0.0,50,49.975,35.44,Normal
0.7095,1.034,1.457,8.214,0.0,50,49.996,54.88,Harmonics
0.486,1.0107,2.08,10.013,104.7,50,50.002,40.06,Interruption
0.6834,1.0195,1.492,0.403,41.1,50,50.034,38.0,Sag
0.7811,1.5753,2.017,1.133,28.3,50,49.984,53.47,Swell
0.6991,0.9985,1.428,0.085,0.0,50,49.984,44.55,Normal
0.7107,1.8381,2.586,1.493,5.0,50,50.02,37.96,Transient
0.7008,1.0145,1.448,0.17,0.0,50,49.995,38.19,Normal
0.5909,1.0147,1.717,3.128,62.0,50,49.996,39.84,Interruption
0.6641,1.003,1.51,1.958,23.4,50,50.014,53.5,Sag
0.7077,1.0704,1.512,4.751,0.0,50,50.017,46.87,Harmonics
0.7037,1.0061,1.43,0.11,0.0,50,49.992,43.29,Normal
0.9137,1.557,1.704,0.991,95.3,50,50.02,41.64,Swell
0.72,1.0456,1.452,0.239,0.0,50,49.973,35.2,Normal
0.7205,1.0376,1.44,0.204,0.0,50,50.033,38.75,Normal
0.7086,1.0922,1.541,6.628,0.0,50,50.014,35.39,Harmonics
0.7105,1.0601,1.492,9.495,0.0,50,49.986,36.33,Harmonics
0.442,1.0128,2.291,9.839,122.9,50,50.006,38.23,Sag
0.4793,1.0055,2.098,4.525,127.3,50,50.021,46.26,Sag
0.4119,1.0008,2.43,0.942,139.2,50,50.0,54.12,Sag
0.7162,1.0324,1.441,0.195,0.0,50,49.988,37.61,Normal
0.7199,1.0365,1.44,0.173,0.0,50,50.023,39.96,Normal
0.3397,1.0033,2.953,26.022,153.5,50,49.962,44.01,Interruption
0.5591,1.0043,1.796,7.212,77.0,50,49.978,52.48,Interruption
0.705,1.0227,1.451,0.171,0.0,50,50.053,36.6,Normal
0.5926,1.0053,1.696,3.511,62.7,50,49.983,46.98,Sag
0.7132,1.0257,1.438,0.105,0.0,50,50.022,41.47,Normal
0.4699,1.0123,2.154,8.936,111.8,50,49.99,38.6,Sag
0.7145,1.0154,1.421,0.043,0.0,50,49.974,49.24,Normal
0.7166,1.026,1.432,0.101,0.0,50,50.023,40.9,Normal
0.711,1.0899,1.533,10.454,0.0,50,50.015,39.53,Harmonics
0.571,1.0061,1.762,2.48,96.8,50,49.973,47.76,Sag
0.7711,1.3457,1.745,0.737,46.6,50,50.011,44.48,Swell
0.9362,1.5611,1.667,1.551,113.7,50,49.995,38.2,Swell
0.6407,1.0021,1.564,1.909,65.0,50,49.981,53.28,Sag
0.6921,1.0213,1.476,0.58,22.2,50,49.987,36.87,Sag
0.2265,1.0025,4.427,17.465,178.6,50,49.962,40.42,Interruption
0.5723,1.0105,1.766,1.093,115.9,50,50.029,40.49,Sag
0.4199,1.0035,2.39,12.741,129.1,50,49.984,46.87,Interruption
0.7116,1.0165,1.429,0.104,0.0,50,49.997,42.5,Normal
0.5104,1.0177,1.994,2.85,117.8,50,49.988,35.24,Sag
0.712,1.0121,1.421,8.297,0.0,50,50.001,41.58,Notch
0.6997,1.0002,1.429,0.071,0.0,50,50.006,44.98,Normal
0.778,1.1847,1.523,0.442,108.5,50,50.029,48.02,Swell
0.7319,1.1449,1.564,0.477,45.0,50,49.986,51.35,Swell
0.6963,1.0048,1.443,0.22,0.0,50,49.978,36.69,Normal
0.7108,2.2366,3.146,0.357,5.0,50,49.999,52.01,Transient
0.5951,1.0043,1.688,8.062,55.1,50,49.981,48.58,Interruption
0.523,1.0023,1.916,12.293,90.7,50,49.996,52.62,Sag
0.2872,1.0065,3.505,10.14,166.5,50,49.995,36.97,Interruption
0.708,1.0548,1.49,4.745,0.0,50,50.009,44.99,Harmonics
0.5297,1.0156,1.917,0.409,143.8,50,49.978,36.34,Sag
0.705,1.0266,1.456,0.318,0.0,50,49.991,35.13,Normal
0.7108,1.0925,1.537,10.023,0.0,50,50.018,40.78,Harmonics
0.6592,1.0056,1.525,7.521,27.1,50,50.019,48.27,Interruption
0.7118,1.0094,1.418,0.031,0.0,50,49.994,51.95,Normal
0.5704,1.0087,1.768,0.457,151.6,50,49.989,42.31,Sag
0.7114,1.4971,2.104,0.617,5.0,50,49.987,47.24,Transient
0.7078,1.0177,1.438,4.023,0.0,50,49.991,53.29,Harmonics
0.714,2.4817,3.476,0.844,5.0,50,50.0,40.67,Transient
0.67,1.0033,1.497,1.917,28.8,50,50.023,53.2,Sag
0.7602,1.497,1.969,1.033,27.1,50,49.991,47.98,Swell
0.7122,1.0273,1.442,0.219,0.0,50,49.992,37.73,Normal
0.8963,1.579,1.762,1.564,81.5,50,49.983,54.77,Swell
0.7095,1.0116,1.426,8.109,0.0,50,49.987,49.82,Harmonics
0.709,1.0099,1.424,1.919,0.0,50,49.989,48.22,Notch
0.7078,1.059,1.496,0.041,0.0,50,49.99,50.74,Flicker
0.4533,1.0141,2.237,11.818,114.8,50,49.986,36.16,Interruption
0.7079,1.0484,1.481,0.571,5.0,50,50.004,35.3,Transient
0.704,1.0268,1.459,0.225,0.0,50,49.987,35.12,Normal
0.5682,1.0157,1.788,3.039,81.3,50,50.02,38.73,Sag
0.5876,1.0062,1.712,0.789,119.9,50,50.026,43.13,Sag
0.711,1.0713,1.507,0.043,0.0,50,49.957,50.08,Flicker
0.7101,1.0071,1.418,1.466,0.0,50,49.993,48.94,Notch
0.8299,1.2594,1.518,0.47,147.6,50,50.001,35.78,Swell
0.7048,1.0013,1.421,0.059,0.0,50,49.971,48.15,Normal
0.7145,2.0789,2.91,1.128,5.0,50,49.991,53.44,Transient
0.7058,1.0217,1.448,0.276,0.0,50,50.005,35.51,Normal
0.5032,1.001,1.989,4.184,104.2,50,50.001,54.71,Sag
0.7085,1.0223,1.443,0.204,0.0,50,49.984,37.69,Normal
0.5333,1.003,1.881,0.241,142.5,50,50.036,51.13,Sag
0.3131,1.0039,3.206,6.164,163.2,50,49.982,38.63,Interruption
0.662,1.0052,1.519,0.368,95.6,50,50.025,45.34,Sag
0.7079,1.0961,1.548,0.927,5.0,50,49.989,35.15,Transient
0.7091,1.0218,1.441,1.688,0.0,50,49.998,38.09,Notch
0.7842,1.1662,1.487,0.244,133.6,50,49.967,47.7,Swell
0.8755,1.5891,1.815,1.956,72.4,50,49.997,38.93,Swell
0.7059,1.002,1.42,0.033,0.0,50,49.978,52.19,Normal
0.5716,1.0056,1.759,0.48,153.0,50,49.983,42.42,Sag
0.5009,1.0161,2.029,4.423,101.7,50,49.959,35.85,Interruption
0.708,1.0335,1.46,5.113,0.0,50,50.0,54.47,Harmonics
0.7051,1.0024,1.422,0.056,0.0,50,49.975,49.06,Normal
0.7135,1.0251,1.437,8.147,0.0,50,49.989,38.43,Notch
0.5306,1.0099,1.903,11.075,85.2,50,50.009,41.64,Interruption
0.5243,1.0216,1.949,9.261,90.1,50,50.005,35.61,Interruption
0.5602,1.0049,1.794,3.488,94.7,50,50.006,43.83,Sag
0.7081,1.0116,1.429,0.103,0.0,50,50.002,43.91,Normal
0.7026,1.0004,1.424,0.039,0.0,50,50.007,48.88,Normal
0.6989,0.9943,1.423,0.044,0.0,50,49.99,48.63,Normal
0.7018,1.0,1.425,0.068,0.0,50,49.999,44.98,Normal
0.713,1.0623,1.49,0.096,0.0,50,50.0,43.6,Flicker
0.7084,1.0566,1.492,5.384,0.0,50,49.974,43.47,Harmonics
0.7054,1.0103,1.432,0.137,0.0,50,50.002,40.71,Normal
0.7091,1.7787,2.508,0.37,5.0,50,50.026,48.83,Transient
0.6307,1.0024,1.589,2.532,57.2,50,50.01,53.78,Sag
0.4047,1.0071,2.489,24.881,131.7,50,50.021,36.22,Interruption
0.7078,1.0183,1.439,0.098,0.0,50,49.994,44.26,Flicker
0.7097,1.0399,1.465,8.76,0.0,50,50.027,51.88,Harmonics
0.708,1.0158,1.435,4.938,0.0,50,49.996,50.75,Harmonics
0.6107,1.0068,1.648,3.092,50.7,50,49.99,44.5,Interruption
0.7057,1.0004,1.418,0.031,0.0,50,50.029,53.68,Normal
0.941,1.557,1.655,0.973,110.0,50,50.019,49.22,Swell
0.7094,1.0543,1.486,7.704,0.0,50,49.978,47.03,Harmonics
0.7071,1.1111,1.571,2.595,5.0,50,50.002,48.56,Transient
0.7017,0.995,1.418,0.03,0.0,50,49.955,53.0,Normal
0.7147,1.0265,1.436,0.155,0.0,50,49.956,40.06,Normal
0.3996,1.0082,2.523,1.245,158.4,50,49.966,42.36,Sag
0.7634,1.252,1.64,0.364,60.2,50,49.965,47.9,Swell
0.7131,1.0151,1.423,0.053,0.0,50,49.99,47.71,Normal
0.7745,1.4391,1.858,1.43,38.7,50,49.981,50.13,Swell
0.95,1.7567,1.849,0.774,82.0,50,49.961,36.93,Swell
0.867,1.5687,1.809,1.87,70.2,50,49.967,42.58,Swell
0.6168,1.015,1.645,2.295,63.9,50,50.013,39.68,Sag
0.7014,1.0135,1.445,0.187,0.0,50,49.997,37.2,Normal
0.7093,1.0207,1.439,7.523,0.0,50,49.983,48.62,Harmonics
0.7088,1.0475,1.478,6.68,0.0,50,49.984,54.42,Harmonics
0.6089,1.0123,1.662,1.394,80.6,50,50.021,40.41,Sag
0.7092,1.0827,1.527,7.603,0.0,50,50.0,54.81,Harmonics
1.0172,1.7828,1.753,2.287,100.2,50,50.014,44.48,Swell
0.71,1.0979,1.546,9.043,0.0,50,50.005,54.27,Harmonics
0.7077,1.0068,1.423,0.975,0.0,50,50.018,46.03,Notch
0.9093,1.4473,1.592,0.453,121.2,50,50.022,46.99,Swell
0.6946,0.9856,1.419,0.041,0.0,50,50.0,52.09,Normal
0.7109,1.2443,1.75,2.308,5.0,50,50.007,36.01,Transient
0.7034,0.9999,1.421,0.045,0.0,50,50.002,50.01,Normal
0.7097,1.0057,1.417,2.507,0.0,50,49.991,46.72,Notch
0.7101,1.0258,1.445,0.159,0.0,50,49.988,38.8,Normal
0.7116,1.0107,1.42,0.036,0.0,50,50.0,49.67,Normal
0.7077,1.0532,1.488,0.203,0.0,50,49.981,36.41,Flicker
0.5635,1.0037,1.781,2.578,101.3,50,49.999,51.14,Sag
0.6194,1.0257,1.656,2.627,43.6,50,50.014,35.0,Interruption
0.8916,1.4744,1.654,1.519,104.3,50,49.981,53.21,Swell
0.5048,1.0013,1.983,0.553,152.7,50,49.974,50.28,Sag
0.6462,1.0017,1.55,2.037,38.5,50,49.962,53.9,Sag
0.5557,1.0062,1.811,4.372,85.0,50,49.999,44.17,Sag
0.6935,0.9865,1.422,0.059,0.0,50,50.0,47.26,Normal
0.7106,0.9914,1.395,10.142,0.0,50,50.019,47.77,Harmonics
0.6779,1.0121,1.493,0.982,45.2,50,50.0,39.9,Sag
0.6821,1.0072,1.477,0.42,22.1,50,50.016,46.57,Sag
0.7099,1.0181,1.434,0.113,0.0,50,50.008,42.73,Normal
0.7064,1.003,1.42,0.03,0.0,50,50.005,53.41,Normal
0.7105,1.0325,1.453,9.585,0.0,50,49.981,50.59,Harmonics
0.7014,1.016,1.448,0.222,0.0,50,50.013,36.4,Normal
0.7073,1.0196,1.442,3.306,5.0,50,49.997,39.67,Transient
0.5855,1.0071,1.72,2.411,70.7,50,49.988,44.78,Sag
0.7046,1.0227,1.451,0.228,0.0,50,50.021,35.56,Normal
0.3774,1.009,2.674,8.476,147.7,50,49.955,38.81,Sag
0.4387,1.0015,2.283,10.876,122.2,50,50.007,50.78,Sag
0.708,1.0317,1.457,2.044,0.0,50,49.996,36.05,Notch
0.707,1.0074,1.425,0.084,0.0,50,50.025,45.8,Normal
0.7079,1.3314,1.881,0.754,5.0,50,50.027,37.01,Transient
0.7007,0.9961,1.421,0.041,0.0,50,49.995,49.85,Normal
0.781,1.3094,1.677,0.795,64.4,50,49.976,36.03,Swell
0.5636,1.025,1.819,1.08,128.8,50,49.999,36.46,Sag
0.7219,1.0336,1.432,0.133,0.0,50,50.029,41.11,Normal
0.7094,1.111,1.566,7.402,0.0,50,50.001,37.11,Harmonics
0.6914,0.9879,1.429,0.118,0.0,50,50.004,43.27,Normal
0.7078,1.0097,1.427,0.075,0.0,50,49.978,45.75,Normal
0.7099,1.5319,2.158,0.295,5.0,50,50.008,37.13,Transient
0.6273,1.026,1.636,0.649,119.2,50,50.0,35.12,Sag
0.5057,1.0084,1.994,5.442,106.0,50,49.978,39.36,Sag
0.6968,0.9913,1.423,0.07,0.0,50,50.016,47.64,Normal
0.7095,1.0664,1.503,0.086,0.0,50,49.976,45.28,Flicker
0.704,1.0032,1.425,0.066,0.0,50,49.976,46.81,Normal
0.6265,1.0054,1.605,2.607,45.1,50,49.983,49.37,Interruption
0.7038,1.004,1.426,0.06,0.0,50,50.027,46.36,Normal
0.6996,0.9983,1.427,0.099,0.0,50,49.977,42.64,Normal
0.7044,1.0223,1.451,0.26,0.0,50,50.049,36.64,Normal
0.6096,1.0037,1.646,0.455,150.2,50,50.025,46.05,Sag
0.5925,1.0029,1.693,0.547,98.1,50,50.003,49.47,Sag
0.7088,1.0562,1.49,0.087,0.0,50,49.992,45.86,Flicker
0.6903,0.9886,1.432,0.087,0.0,50,50.0,42.22,Normal
0.9622,1.6779,1.744,2.156,92.9,50,49.988,52.06,Swell
0.7133,1.0531,1.476,0.049,0.0,50,50.003,50.88,Flicker
0.71,1.0278,1.448,2.694,0.0,50,50.026,35.53,Notch
0.7185,1.0198,1.419,0.033,0.0,50,49.96,52.99,Normal
0.5741,1.0021,1.746,10.055,67.8,50,49.984,54.73,Interruption
0.7094,1.0913,1.538,7.715,0.0,50,49.966,42.48,Harmonics
0.7584,1.1492,1.515,0.453,98.3,50,50.014,48.72,Swell
0.706,1.0035,1.421,0.063,0.0,50,49.989,48.47,Normal
0.7015,1.0002,1.426,0.108,0.0,50,50.019,43.16,Normal
0.6927,0.9999,1.443,0.187,0.0,50,49.98,37.43,Normal
0.7078,1.0232,1.446,0.62,0.0,50,50.012,36.71,Notch
0.6457,1.014,1.57,1.04,80.8,50,49.99,41.48,Sag
0.4959,1.0008,2.018,0.819,156.3,50,50.02,54.73,Sag
0.5663,1.005,1.775,6.776,73.5,50,49.973,47.97,Interruption
0.7086,1.1018,1.555,6.525,0.0,50,50.01,39.86,Harmonics
0.7087,1.0311,1.455,0.122,0.0,50,49.994,41.44,Flicker
0.7101,1.1225,1.581,0.399,5.0,50,49.977,38.16,Transient
0.7166,1.0199,1.423,0.031,0.0,50,50.042,50.55,Normal
0.84,1.4698,1.75,1.238,76.0,50,50.021,35.31,Swell
0.3393,1.0026,2.955,15.222,152.0,50,49.986,47.37,Interruption
0.3623,1.0044,2.772,7.652,147.3,50,49.985,43.99,Interruption
0.3205,1.0039,3.132,34.256,158.8,50,50.0,45.67,Interruption
0.6531,1.025,1.57,0.564,89.2,50,49.998,40.03,Sag
0.7133,1.0383,1.456,0.179,0.0,50,50.047,35.99,Normal
0.664,1.0176,1.533,0.434,61.5,50,49.993,41.89,Sag
0.7078,1.0072,1.423,2.705,0.0,50,50.012,46.95,Notch
0.7106,1.0528,1.482,0.077,0.0,50,50.011,46.2,Flicker
0.5892,1.0051,1.706,4.048,60.1,50,49.974,47.46,Interruption
0.5986,1.0113,1.69,7.112,57.1,50,50.016,41.66,Interruption
0.4285,1.0013,2.337,3.394,135.7,50,50.006,51.59,Sag
0.5023,1.002,1.995,6.397,99.7,50,49.987,54.58,Sag
0.7074,1.0071,1.424,0.421,5.0,50,50.003,51.62,Transient
0.5608,1.0016,1.786,2.378,82.3,50,49.956,54.59,Sag
0.7048,1.0133,1.438,0.182,0.0,50,50.002,38.48,Normal
0.7939,1.4691,1.851,1.536,46.9,50,50.011,45.87,Swell
0.7099,1.0411,1.466,8.626,0.0,50,49.991,39.32,Harmonics
0.7087,1.0062,1.42,0.034,0.0,50,50.006,51.81,Normal
0.7084,1.0215,1.442,6.111,0.0,50,50.002,39.53,Harmonics
0.711,1.012,1.423,0.048,0.0,50,49.989,47.75,Normal
0.7059,1.007,1.427,0.106,0.0,50,50.021,44.56,Normal
0.7009,1.0082,1.438,0.19,0.0,50,49.982,38.39,Normal
0.6008,1.0258,1.707,2.525,72.5,50,49.996,35.75,Sag
0.7156,1.0891,1.522,0.176,0.0,50,49.992,37.38,Flicker
0.7093,1.0551,1.487,7.408,0.0,50,49.972,37.11,Harmonics
0.7125,1.0325,1.449,0.203,0.0,50,49.973,37.74,Normal
0.7102,1.0211,1.438,0.112,0.0,50,49.982,41.96,Normal
0.6338,1.0045,1.585,2.08,69.8,50,50.002,49.2,Sag
0.7102,0.9698,1.366,9.219,0.0,50,49.984,52.67,Harmonics
0.7253,1.0453,1.441,0.039,0.0,50,50.054,51.29,Flicker
0.7125,1.0259,1.44,0.154,0.0,50,49.986,40.23,Normal
0.5265,1.0064,1.911,2.197,134.4,50,50.033,41.87,Sag
0.7086,1.1306,1.596,6.571,0.0,50,50.002,35.22,Harmonics
0.5774,1.0048,1.74,4.457,67.6,50,49.997,46.75,Interruption
1.0121,1.7669,1.746,1.248,103.8,50,50.023,40.72,Swell
0.7088,1.0454,1.475,7.28,0.0,50,50.019,54.46,Harmonics
0.4183,1.0122,2.42,18.284,129.5,50,50.009,37.01,Interruption
0.7242,1.0278,1.419,0.028,0.0,50,50.015,54.05,Normal
0.3967,1.0011,2.523,13.149,138.3,50,49.984,53.06,Interruption
0.7126,1.6293,2.286,0.655,5.0,50,49.977,39.91,Transient
0.7166,1.0419,1.454,0.322,0.0,50,49.996,35.25,Flicker
0.6113,1.0015,1.638,0.087,159.5,50,49.974,53.54,Sag
0.7094,1.0868,1.532,7.974,0.0,50,49.992,46.05,Harmonics
0.7073,1.0134,1.433,0.035,0.0,50,50.0,53.14,Flicker
0.7095,1.0492,1.479,7.958,0.0,50,49.984,50.68,Harmonics
0.7132,1.0254,1.438,0.175,0.0,50,50.018,39.25,Normal
0.7093,1.0096,1.423,0.06,0.0,50,50.001,46.37,Normal
0.7133,1.0215,1.432,0.131,0.0,50,49.997,41.96,Normal
0.694,0.9849,1.419,0.043,0.0,50,50.011,51.7,Normal
0.7131,1.0226,1.434,0.088,0.0,50,49.984,42.72,Normal
0.7132,1.0127,1.42,0.041,0.0,50,50.027,52.02,Normal
0.7102,1.0268,1.446,0.141,0.0,50,49.995,38.99,Normal
0.7013,1.0058,1.434,0.104,0.0,50,49.971,43.54,Normal
0.7145,1.016,1.422,0.067,0.0,50,50.002,47.71,Normal
0.7099,1.0143,1.429,0.066,0.0,50,50.022,45.53,Normal
0.7071,1.0055,1.422,0.047,0.0,50,49.992,49.41,Normal
0.708,1.0254,1.448,5.582,0.0,50,50.01,38.68,Harmonics
0.5818,1.0011,1.721,0.466,150.7,50,49.99,54.24,Sag
1.0216,1.6563,1.621,0.731,126.8,50,50.0,46.34,Swell
0.7073,1.0663,1.507,0.192,5.0,50,49.992,50.84,Transient
0.7101,1.1287,1.589,9.487,0.0,50,50.017,52.85,Harmonics
0.7088,1.0121,1.428,4.464,5.0,50,50.034,44.02,Transient
0.7107,1.0258,1.443,0.121,0.0,50,49.965,41.16,Normal
0.7087,1.0227,1.443,4.318,0.0,50,49.986,38.46,Notch
0.6604,1.0074,1.525,1.026,25.6,50,50.016,44.16,Sag
0.8482,1.5859,1.87,1.596,60.3,50,50.005,41.73,Swell
0.6497,1.019,1.568,1.023,85.9,50,50.031,37.9,Sag
0.7097,1.0333,1.456,8.87,0.0,50,50.04,39.87,Harmonics
0.7118,1.031,1.448,0.196,0.0,50,50.019,38.59,Normal
0.7091,1.0243,1.445,6.933,0.0,50,49.984,41.69,Harmonics
0.6997,1.0045,1.436,0.136,0.0,50,50.017,39.52,Normal
0.7109,1.0083,1.418,0.027,0.0,50,49.995,54.97,Normal
0.5164,1.0025,1.941,2.509,100.9,50,49.994,54.35,Sag
0.5766,1.0026,1.739,5.539,76.5,50,49.981,51.05,Sag
0.707,1.0048,1.421,0.079,0.0,50,50.019,45.96,Normal
0.7102,1.009,1.421,0.058,0.0,50,49.967,48.6,Normal
0.7103,1.0681,1.504,9.378,0.0,50,49.996,42.47,Harmonics
0.71,1.8356,2.585,1.309,5.0,50,49.973,46.42,Transient
0.7078,1.0302,1.455,0.162,0.0,50,49.996,36.87,Flicker
0.7083,1.0346,1.461,0.19,0.0,50,49.99,37.11,Flicker
0.7103,0.9747,1.372,8.625,0.0,50,50.011,35.38,Harmonics
0.368,1.0042,2.729,7.512,144.4,50,50.038,43.95,Sag
0.7091,1.0122,1.427,7.266,0.0,50,50.003,36.65,Harmonics
0.9567,1.5443,1.614,0.545,121.8,50,49.964,47.64,Swell
0.7138,1.0197,1.428,0.055,0.0,50,49.995,47.83,Normal
0.7707,1.2061,1.565,0.525,98.7,50,50.014,35.59,Swell
0.7081,1.7338,2.448,0.242,5.0,50,50.024,54.91,Transient
0.7087,1.0084,1.423,0.04,0.0,50,49.986,50.35,Normal
0.7069,1.0213,1.445,0.202,0.0,50,50.004,36.58,Normal
0.7017,0.9999,1.425,0.069,0.0,50,49.997,47.98,Normal
0.7118,1.716,2.411,5.89,5.0,50,50.019,48.38,Transient
0.7546,1.1833,1.568,0.467,71.6,50,49.975,50.21,Swell
0.7097,1.0737,1.513,8.36,0.0,50,49.98,50.46,Harmonics
0.7032,1.0087,1.435,0.116,0.0,50,50.012,41.22,Normal
0.7105,1.0524,1.481,0.052,0.0,50,49.994,48.01,Flicker
0.7091,1.0354,1.46,0.113,0.0,50,50.029,42.83,Flicker
0.3978,1.0114,2.543,5.727,138.9,50,50.008,38.91,Sag
0.7166,1.0182,1.421,0.054,0.0,50,50.02,49.75,Normal
0.7009,0.9958,1.421,0.035,0.0,50,49.98,51.67,Normal
0.6711,1.0026,1.494,2.112,23.7,50,49.983,53.7,Sag
0.6086,1.0029,1.648,2.271,73.2,50,50.011,51.7,Sag
0.7555,1.5478,2.049,1.355,23.4,50,50.019,38.94,Swell
0.709,1.0028,1.414,2.626,0.0,50,49.997,54.16,Notch
0.7005,1.0132,1.446,0.163,0.0,50,50.007,36.52,Normal
0.5238,1.0019,1.913,4.984,90.5,50,50.008,53.67,Interruption
0.7102,1.1408,1.606,9.024,0.0,50,49.999,39.28,Harmonics
0.6552,1.0191,1.555,6.044,29.0,50,50.022,40.35,Sag
0.7077,1.0243,1.447,0.291,5.0,50,50.03,35.73,Transient
0.476,1.007,2.115,6.939,114.0,50,50.008,43.24,Sag
0.7108,1.1112,1.563,9.967,0.0,50,49.968,49.47,Harmonics
0.7384,1.0789,1.461,0.144,0.0,50,49.999,40.4,Flicker
0.7076,1.0081,1.425,2.296,0.0,50,50.03,45.58,Notch
0.7069,1.0074,1.425,0.049,0.0,50,50.011,45.84,Normal
0.8688,1.4259,1.641,0.676,98.2,50,49.991,51.62,Swell
0.7093,1.1172,1.575,7.834,0.0,50,50.0,50.39,Harmonics
0.5756,1.0028,1.742,5.692,73.4,50,50.02,53.3,Sag
0.6948,1.0047,1.446,0.845,22.1,50,49.972,49.39,Sag
0.7088,1.0413,1.469,6.189,0.0,50,50.004,39.95,Harmonics
0.7117,1.0138,1.424,0.05,0.0,50,50.006,46.45,Normal
0.5715,1.0086,1.765,1.254,133.6,50,49.969,39.26,Sag
0.8957,1.6487,1.841,2.007,71.7,50,49.971,51.46,Swell
0.7076,1.0297,1.455,0.236,0.0,50,50.004,35.63,Normal
0.8741,1.3789,1.577,0.587,122.4,50,50.005,44.74,Swell
0.6381,1.0046,1.574,1.975,64.3,50,50.009,48.46,Sag
0.7047,1.0016,1.421,0.036,0.0,50,49.98,50.08,Normal
0.7109,1.0225,1.438,0.171,0.0,50,49.984,38.65,Normal
0.3862,1.0011,2.592,3.579,148.6,50,50.009,51.99,Sag
0.6717,1.0031,1.493,0.441,21.6,50,50.003,51.71,Sag
0.709,1.962,2.767,0.544,5.0,50,50.019,46.91,Transient
0.7093,1.0365,1.461,0.158,0.0,50,50.004,39.59,Flicker
0.8152,1.213,1.488,0.197,143.7,50,50.008,45.81,Swell
0.4497,1.0053,2.235,1.628,147.5,50,50.002,39.55,Sag
0.7096,1.0094,1.422,3.739,0.0,50,50.007,42.59,Notch
0.4535,1.0039,2.214,8.389,115.5,50,50.016,51.04,Interruption
0.7239,1.0399,1.437,0.039,0.0,50,49.978,51.08,Flicker
0.7856,1.1805,1.503,0.196,124.5,50,50.018,51.06,Swell
0.6145,1.0033,1.633,2.582,61.4,50,50.014,48.5,Sag
0.7135,1.0189,1.428,5.825,0.0,50,49.988,41.69,Notch
0.7106,1.011,1.423,9.954,0.0,50,50.013,44.78,Harmonics
0.6479,1.0149,1.566,0.26,150.6,50,49.999,38.95,Sag
0.7102,1.0828,1.525,9.357,0.0,50,50.001,52.08,Harmonics
0.6226,1.0062,1.616,2.653,47.5,50,50.0,50.44,Sag
0.6731,1.0071,1.496,0.542,90.8,50,49.993,49.06,Sag
0.6333,1.0162,1.605,0.27,120.5,50,50.014,37.67,Sag
0.7116,1.0035,1.41,4.348,0.0,50,49.977,51.95,Notch
0.7778,1.2139,1.561,0.49,92.4,50,49.99,45.47,Swell
0.7098,1.3641,1.922,0.404,5.0,50,49.985,43.15,Transient
0.7082,1.0439,1.474,0.084,0.0,50,49.986,43.53,Flicker
0.7029,0.9975,1.419,0.035,0.0,50,49.976,52.87,Normal
0.7018,1.0032,1.429,0.104,0.0,50,50.02,42.93,Normal
0.7082,1.6127,2.277,7.336,5.0,50,49.969,47.39,Transient
0.7109,1.0042,1.413,4.243,0.0,50,50.058,51.61,Notch
0.5436,1.008,1.854,7.433,80.7,50,50.011,40.74,Interruption
0.6947,1.0077,1.451,0.763,27.4,50,50.052,44.37,Sag
0.7107,1.4346,2.019,2.306,5.0,50,49.983,54.96,Transient
0.7022,0.9995,1.423,0.048,0.0,50,49.982,48.74,Normal
0.6709,1.0068,1.501,1.969,25.7,50,49.985,46.77,Sag
0.6102,1.012,1.659,1.6,104.6,50,49.998,42.71,Sag
0.4914,1.0079,2.051,0.954,159.0,50,49.985,40.64,Sag
0.708,1.0849,1.532,5.312,0.0,50,49.998,42.01,Harmonics
0.6887,0.9789,1.421,0.054,0.0,50,50.027,49.2,Normal
0.718,1.0225,1.424,11.547,0.0,50,50.009,37.81,Notch
0.7085,1.0262,1.449,0.184,0.0,50,50.001,35.68,Normal
0.7144,1.0134,1.419,0.029,0.0,50,50.012,53.29,Normal
0.4069,1.0118,2.487,14.552,136.2,50,49.986,39.82,Interruption
0.7063,1.0272,1.454,0.857,5.0,50,50.006,45.95,Transient
0.7089,1.0044,1.417,0.024,0.0,50,50.008,54.31,Normal
0.5495,1.0026,1.824,2.326,110.6,50,49.996,54.3,Sag
0.6713,1.0123,1.508,0.695,73.5,50,49.996,40.51,Sag
0.7214,1.0279,1.425,0.086,0.0,50,50.0,46.81,Normal
0.7014,0.9988,1.424,0.052,0.0,50,49.975,45.19,Normal
0.7073,1.3532,1.913,0.172,5.0,50,50.007,50.73,Transient
0.531,1.0114,1.905,6.609,93.7,50,50.054,38.21,Sag
0.7124,1.0233,1.436,0.136,0.0,50,50.002,41.79,Normal
0.7117,1.0193,1.432,0.162,0.0,50,50.024,40.66,Normal
0.7118,1.0173,1.429,0.12,0.0,50,49.995,41.86,Normal
0.5604,1.019,1.818,1.603,132.4,50,49.994,37.92,Sag
0.7682,1.309,1.704,0.673,54.0,50,50.004,50.85,Swell
0.7106,2.1352,3.005,0.295,5.0,50,49.991,49.66,Transient
0.7065,1.0061,1.424,0.071,0.0,50,49.993,47.31,Normal
0.7001,0.995,1.421,0.064,0.0,50,49.972,47.41,Normal
0.6469,1.005,1.554,0.278,142.6,50,50.021,46.88,Sag
0.7265,1.0405,1.432,0.039,0.0,50,50.012,52.78,Flicker
0.7068,1.0158,1.437,0.142,0.0,50,50.012,38.53,Normal
0.709,1.1288,1.592,6.991,0.0,50,50.003,38.02,Harmonics
0.719,1.0197,1.418,0.025,0.0,50,49.997,54.79,Normal
0.713,1.0174,1.427,0.047,0.0,50,50.017,47.66,Normal
0.709,1.9586,2.763,1.423,5.0,50,50.015,52.36,Transient
0.6943,0.9881,1.423,0.076,0.0,50,50.03,48.1,Normal
0.7087,1.0535,1.487,0.226,0.0,50,49.976,35.35,Flicker
0.708,1.0227,1.445,5.642,0.0,50,50.033,47.54,Harmonics
0.7166,1.0271,1.433,0.036,0.0,50,49.98,53.58,Flicker
0.7803,1.1934,1.529,0.485,107.5,50,49.999,45.91,Swell
0.5778,1.0037,1.737,0.528,137.4,50,50.011,46.25,Sag
0.7075,1.0475,1.481,0.219,0.0,50,49.975,37.88,Flicker
0.7133,1.9897,2.789,1.17,5.0,50,50.017,52.33,Transient
0.5369,1.008,1.878,1.83,126.3,50,50.015,41.04,Sag
0.7089,1.0298,1.453,0.158,0.0,50,50.005,36.89,Normal
0.7158,1.0158,1.419,0.041,0.0,50,49.982,51.06,Normal
0.7095,1.7995,2.536,0.927,5.0,50,50.017,51.77,Transient
0.7712,1.5516,2.012,1.607,27.8,50,50.01,44.98,Swell
0.8329,1.3101,1.573,0.603,110.0,50,50.026,47.23,Swell
0.708,1.0075,1.423,0.068,0.0,50,49.989,47.69,Normal
0.7088,1.03,1.453,1.071,5.0,50,50.036,50.68,Transient
0.7017,1.0189,1.452,0.196,0.0,50,50.015,38.49,Normal
0.8556,1.304,1.524,0.603,141.6,50,50.031,40.02,Swell
0.7001,1.0027,1.432,0.096,0.0,50,50.013,44.14,Normal
0.7009,0.9953,1.42,0.043,0.0,50,49.996,50.11,Normal
0.6229,1.0034,1.611,7.856,42.1,50,50.0,50.92,Interruption
0.6556,1.0171,1.551,1.701,26.2,50,50.022,37.23,Interruption
0.7082,1.6907,2.387,0.224,5.0,50,50.009,40.86,Transient
0.7086,1.0549,1.489,0.23,0.0,50,50.032,37.27,Flicker
0.7077,1.0124,1.431,0.097,0.0,50,50.053,44.28,Normal
0.7096,1.5813,2.229,0.329,5.0,50,50.024,48.31,Transient
0.6949,1.0181,1.465,0.222,23.2,50,49.996,41.51,Sag
0.7096,1.1084,1.562,8.087,0.0,50,50.002,37.86,Harmonics
0.6021,1.0044,1.668,2.698,75.8,50,50.013,48.97,Sag
0.708,1.0731,1.516,0.219,0.0,50,49.993,36.22,Flicker
0.707,1.4681,2.076,0.329,5.0,50,50.039,53.44,Transient
0.7102,1.0076,1.419,0.045,0.0,50,49.987,48.89,Normal
0.7003,1.002,1.431,0.069,0.0,50,49.986,42.79,Normal
0.8103,1.2041,1.486,0.155,145.5,50,49.992,50.56,Swell
0.7098,1.0482,1.477,8.116,0.0,50,49.979,42.85,Harmonics
0.707,1.5219,2.153,3.24,5.0,50,50.037,46.09,Transient
0.6961,0.9958,1.431,0.136,0.0,50,49.993,39.38,Normal
0.702,0.9987,1.423,0.049,0.0,50,50.022,48.85,Normal
0.7119,1.0672,1.499,0.099,0.0,50,50.018,44.38,Flicker
0.5329,1.004,1.884,3.177,104.2,50,49.964,46.57,Sag
0.7177,1.0036,1.398,11.688,0.0,50,49.988,49.62,Notch
0.6985,0.9909,1.419,0.023,0.0,50,50.011,53.37,Normal
0.7045,1.018,1.445,0.146,0.0,50,50.028,39.0,Normal
0.7053,1.0041,1.424,0.08,0.0,50,50.011,45.57,Normal
0.7055,1.017,1.442,0.17,0.0,50,49.985,38.93,Normal
0.505,1.0043,1.989,5.624,103.0,50,50.004,49.4,Sag
0.6998,1.0043,1.435,0.171,0.0,50,50.01,38.24,Normal
0.7096,1.1015,1.552,8.409,0.0,50,49.972,36.47,Harmonics
0.7098,1.0124,1.426,4.455,0.0,50,49.992,44.74,Notch
0.7115,1.1237,1.579,10.99,0.0,50,49.977,43.77,Harmonics
0.8948,1.6884,1.887,1.287,65.5,50,50.01,50.76,Swell
0.9529,1.4795,1.553,0.434,140.1,50,49.973,44.48,Swell
0.7096,1.0719,1.511,8.214,0.0,50,49.985,49.29,Harmonics
0.708,1.0328,1.459,5.015,0.0,50,50.006,41.62,Harmonics
0.5199,1.0029,1.929,3.121,122.4,50,50.003,54.11,Sag
0.7077,1.0354,1.463,3.881,0.0,50,49.998,41.62,Harmonics
0.7069,1.0414,1.473,2.266,0.0,50,50.005,35.82,Harmonics
0.7108,0.9996,1.406,10.157,0.0,50,49.983,46.63,Harmonics
0.5896,1.0051,1.705,4.669,60.1,50,50.027,44.87,Interruption
0.7091,1.0044,1.416,2.437,0.0,50,49.977,52.14,Notch
0.4973,1.0015,2.014,0.802,151.6,50,50.007,51.03,Sag
0.6625,1.0029,1.514,0.939,60.5,50,50.001,53.69,Sag
0.5141,1.0126,1.97,0.465,157.7,50,50.004,35.39,Sag
0.9672,1.6222,1.677,1.11,114.7,50,50.002,39.34,Swell
0.711,1.0257,1.443,0.144,0.0,50,49.994,39.24,Normal
0.5318,1.0014,1.883,1.596,119.2,50,49.996,54.83,Sag
0.7073,1.015,1.435,0.158,0.0,50,49.989,38.61,Normal
0.7079,1.1357,1.604,0.426,5.0,50,49.987,46.51,Transient
0.7502,1.119,1.492,0.213,109.4,50,50.029,44.35,Swell
0.7111,1.0316,1.451,0.266,0.0,50,49.978,35.96,Normal
0.7155,1.0156,1.419,0.044,0.0,50,50.008,51.41,Normal
0.6335,1.0189,1.608,1.78,55.8,50,50.004,38.63,Sag
0.7109,1.763,2.48,0.355,5.0,50,49.99,44.4,Transient
0.4397,1.004,2.284,12.952,121.6,50,49.992,46.4,Interruption
0.7171,1.0261,1.431,0.101,0.0,50,50.001,41.63,Normal
0.3742,1.0026,2.679,2.153,155.1,50,50.001,51.38,Sag
0.7093,1.09,1.537,7.246,0.0,50,49.969,37.32,Harmonics
0.7078,1.0061,1.422,0.048,0.0,50,50.014,48.28,Normal
0.4958,1.0012,2.019,5.047,115.4,50,49.957,53.9,Sag
0.6903,1.0102,1.464,0.308,0.0,50,50.029,35.33,Normal
0.7087,1.0099,1.425,0.052,0.0,50,50.034,49.96,Normal
0.7089,1.0292,1.452,7.04,0.0,50,49.997,53.58,Harmonics
0.7511,1.344,1.789,0.672,36.8,50,50.022,37.08,Swell
0.7086,1.0442,1.474,0.116,0.0,50,49.99,42.69,Flicker
0.9617,1.5156,1.576,0.783,134.6,50,49.997,52.18,Swell
0.5567,1.0221,1.836,2.803,84.7,50,49.99,37.28,Sag
0.7103,1.1052,1.556,9.379,0.0,50,49.984,46.5,Harmonics
0.818,1.2273,1.5,0.38,136.6,50,49.991,51.77,Swell
0.7081,1.0046,1.419,0.658,5.0,50,50.009,48.98,Transient
0.7104,1.0212,1.438,0.119,0.0,50,49.998,41.7,Normal
0.7084,1.026,1.448,6.245,0.0,50,50.017,45.07,Harmonics
0.7084,1.073,1.515,5.103,0.0,50,49.982,37.98,Harmonics
0.5679,1.015,1.787,4.916,70.3,50,49.998,39.06,Interruption
0.718,1.0198,1.42,0.033,0.0,50,50.001,52.19,Normal
0.6517,1.0202,1.566,2.738,29.4,50,50.038,37.29,Interruption
0.5503,1.0023,1.822,2.791,110.0,50,49.999,47.54,Sag
0.7084,1.0728,1.514,6.148,0.0,50,50.009,47.43,Harmonics
1.0799,1.798,1.665,0.628,124.3,50,50.015,51.49,Swell
0.7103,1.014,1.428,0.079,0.0,50,50.017,44.93,Normal
0.7092,1.0039,1.415,4.967,0.0,50,50.006,52.14,Notch
0.7169,1.0494,1.464,0.272,0.0,50,49.991,35.1,Normal
0.7059,1.0099,1.431,0.063,0.0,50,49.99,46.41,Normal
0.7096,1.0086,1.421,0.046,0.0,50,50.017,50.53,Normal
0.7071,1.016,1.437,0.158,0.0,50,49.967,40.18,Normal
0.8593,1.4912,1.735,0.81,77.9,50,50.027,52.39,Swell
0.6113,1.0048,1.644,1.102,95.0,50,49.988,46.37,Sag
0.6399,1.0021,1.566,0.498,104.2,50,49.975,54.65,Sag
0.7075,1.028,1.453,0.682,5.0,50,49.969,46.15,Transient
0.8808,1.4566,1.654,1.263,102.2,50,50.001,46.23,Swell
0.7063,1.0024,1.419,0.039,0.0,50,49.98,51.93,Normal
0.7153,1.0174,1.422,0.04,0.0,50,49.975,51.48,Normal
0.7095,1.0266,1.447,8.417,0.0,50,49.997,47.02,Harmonics
0.7186,1.0384,1.445,0.139,0.0,50,49.993,39.56,Normal
0.531,1.0053,1.893,1.229,123.8,50,49.967,43.26,Sag
0.7705,1.272,1.651,0.486,62.9,50,49.974,46.88,Swell
0.8664,1.769,2.042,2.088,48.3,50,49.991,37.69,Swell
0.7526,1.1475,1.525,0.412,94.9,50,49.986,41.29,Swell
0.8813,1.4549,1.651,0.262,100.8,50,50.017,51.07,Swell
0.7082,1.034,1.46,5.301,0.0,50,49.989,45.7,Harmonics
0.9368,1.5939,1.701,1.154,106.3,50,50.004,38.12,Swell
0.711,1.3807,1.942,0.771,5.0,50,49.97,47.34,Transient
0.7105,2.0802,2.928,0.649,5.0,50,49.99,41.49,Transient
0.7059,1.0056,1.425,0.05,0.0,50,50.04,47.72,Normal
0.8333,1.348,1.618,0.549,96.3,50,50.006,45.54,Swell
0.7032,1.0165,1.446,0.182,0.0,50,50.009,37.0,Normal
0.5015,1.005,2.004,7.088,98.5,50,49.973,46.47,Interruption
0.5011,1.0031,2.002,2.227,124.7,50,49.982,52.16,Sag
0.7053,1.013,1.436,0.119,0.0,50,49.993,39.91,Normal
0.5473,1.0144,1.853,4.456,92.1,50,49.997,38.12,Sag
0.4396,1.0081,2.294,1.773,151.2,50,50.019,41.49,Sag
0.7068,1.0207,1.444,0.196,0.0,50,50.009,38.32,Normal
0.7884,1.4228,1.805,0.732,48.3,50,50.012,40.33,Swell
0.7133,1.022,1.433,6.286,0.0,50,50.015,36.95,Notch
0.5328,1.0211,1.916,8.857,89.2,50,49.999,36.69,Sag
0.7113,1.0166,1.429,0.101,0.0,50,50.039,44.27,Normal
0.7128,1.0142,1.423,0.045,0.0,50,50.032,50.36,Normal
0.5174,1.0106,1.953,3.996,110.9,50,49.981,36.64,Sag
0.7079,1.0335,1.46,4.75,0.0,50,49.994,52.79,Harmonics
0.3565,1.0037,2.815,15.022,148.5,50,50.004,43.49,Interruption
0.7115,1.0211,1.435,0.093,0.0,50,50.01,43.62,Normal
0.7248,1.027,1.417,0.027,0.0,50,50.006,53.62,Normal
0.8027,1.3959,1.739,1.034,66.8,50,49.997,37.51,Swell
0.6636,1.0123,1.526,1.05,42.9,50,49.996,39.69,Sag
0.7049,1.002,1.421,0.045,0.0,50,50.011,49.82,Normal
0.658,1.0028,1.524,1.424,39.5,50,49.995,54.31,Sag
0.4375,1.0059,2.299,14.75,121.5,50,50.019,44.33,Interruption
0.7128,1.0139,1.423,0.057,0.0,50,49.978,46.67,Normal
0.71,1.0767,1.516,8.967,0.0,50,49.988,54.26,Harmonics
0.4497,1.0024,2.229,4.142,124.4,50,50.002,48.26,Sag
0.7082,1.047,1.478,5.196,0.0,50,50.005,38.84,Harmonics
0.6732,1.0124,1.504,0.595,24.5,50,49.994,42.5,Sag
0.7029,0.9987,1.421,0.057,0.0,50,49.985,48.01,Normal
0.2557,1.0021,3.92,5.04,173.9,50,49.976,47.33,Interruption
0.7103,1.1538,1.624,9.353,0.0,50,49.991,44.88,Harmonics
0.8071,1.2419,1.539,0.746,113.9,50,49.99,54.43,Swell
0.7074,1.3011,1.839,4.563,5.0,50,50.002,38.68,Transient
0.702,0.9984,1.422,0.051,0.0,50,50.007,47.71,Normal
0.7068,1.0074,1.425,0.101,0.0,50,50.029,43.99,Normal
0.7037,0.9993,1.42,0.036,0.0,50,49.99,51.85,Normal
0.7171,1.0281,1.434,0.116,0.0,50,49.993,41.73,Normal
0.8332,1.4064,1.688,1.184,81.8,50,49.991,48.67,Swell
0.708,1.3211,1.866,0.214,5.0,50,49.962,38.49,Transient
0.6649,1.0036,1.509,0.72,74.6,50,50.046,53.39,Sag
0.532,1.0025,1.884,1.455,118.5,50,50.024,48.13,Sag
0.6493,1.0071,1.551,2.367,36.2,50,49.983,46.58,Sag
0.7101,1.0363,1.459,0.037,0.0,50,50.025,50.93,Flicker
0.7012,0.994,1.418,0.029,0.0,50,50.006,54.34,Normal
0.9842,1.5503,1.575,0.903,139.2,50,50.01,43.36,Swell
0.7085,0.9668,1.365,6.421,0.0,50,50.006,54.49,Harmonics
0.708,1.0368,1.465,5.279,0.0,50,50.012,49.2,Harmonics
0.7081,1.0055,1.42,2.782,0.0,50,49.98,48.6,Notch
0.6955,0.9975,1.434,0.074,0.0,50,50.028,43.63,Normal
0.3873,1.0082,2.603,11.198,139.4,50,50.015,39.27,Interruption
0.761,1.5982,2.1,0.285,22.1,50,49.985,53.37,Swell
0.7557,1.258,1.665,1.336,50.6,50,50.035,43.29,Swell
0.6596,1.0299,1.561,1.342,45.8,50,50.019,36.3,Sag
0.7084,1.0097,1.425,0.081,0.0,50,49.975,44.68,Normal
0.7074,1.0042,1.42,0.038,0.0,50,50.024,52.05,Normal
0.7141,2.4509,3.432,0.57,5.0,50,49.995,47.97,Transient
0.7113,1.0503,1.477,0.044,0.0,50,50.027,51.54,Flicker
0.719,1.0243,1.425,0.097,0.0,50,49.994,43.58,Normal
0.7091,1.0524,1.484,7.045,0.0,50,50.0,37.17,Harmonics
0.6877,0.981,1.426,0.098,0.0,50,50.012,45.04,Normal
0.7101,1.0793,1.52,9.375,0.0,50,50.024,54.0,Harmonics
0.7082,1.0366,1.464,5.722,0.0,50,50.005,48.76,Harmonics
0.7073,1.0073,1.424,0.611,0.0,50,49.971,44.17,Notch
0.7115,1.009,1.418,0.025,0.0,50,49.971,53.84,Normal
0.9374,1.7329,1.849,1.785,74.7,50,50.014,50.15,Swell
0.6292,1.0082,1.602,3.567,48.3,50,50.033,43.96,Sag
0.7095,1.0088,1.422,0.052,0.0,50,49.988,49.49,Normal
0.7099,1.0811,1.523,9.234,0.0,50,50.041,39.12,Harmonics
0.7096,1.0167,1.433,8.691,0.0,50,50.02,52.36,Harmonics
0.6957,0.9969,1.433,0.136,0.0,50,50.011,42.0,Normal
1.0153,1.7706,1.744,0.736,99.5,50,50.0,53.98,Swell
0.6853,0.9794,1.429,0.102,0.0,50,49.997,44.04,Normal
0.7049,1.0027,1.422,0.045,0.0,50,49.992,48.09,Normal
0.7082,1.0737,1.516,5.659,0.0,50,50.001,45.18,Harmonics
0.7076,1.0626,1.502,3.885,0.0,50,50.008,39.28,Harmonics
0.6781,1.0177,1.501,0.335,76.9,50,50.014,39.11,Sag
0.7133,1.0284,1.442,0.136,0.0,50,50.001,40.7,Normal
0.6748,1.0069,1.492,0.475,88.9,50,49.974,46.5,Sag
1.0375,1.7197,1.658,0.365,119.8,50,50.012,46.92,Swell
0.5546,1.0042,1.811,3.768,97.3,50,50.045,48.56,Sag
0.7077,1.0197,1.441,1.357,0.0,50,50.017,36.96,Notch
0.7104,1.181,1.662,9.739,0.0,50,50.015,47.59,Harmonics
0.7097,1.0789,1.52,8.953,0.0,50,50.028,41.6,Harmonics
0.8831,1.7057,1.931,1.112,57.5,50,49.997,52.71,Swell
0.7104,1.9803,2.787,1.48,5.0,50,50.011,43.55,Transient
0.509,1.0068,1.978,7.414,99.0,50,50.025,40.99,Sag
0.713,1.0641,1.492,0.194,0.0,50,50.006,38.01,Flicker
0.7082,1.0917,1.541,5.357,0.0,50,49.993,38.9,Harmonics
0.7053,1.0097,1.432,0.12,0.0,50,49.99,40.41,Normal
0.7068,1.0098,1.429,0.072,0.0,50,49.987,46.46,Normal
0.71,1.1366,1.601,9.112,0.0,50,50.004,41.11,Harmonics
0.619,1.0044,1.623,1.264,99.0,50,50.021,46.88,Sag
0.7092,1.0002,1.41,7.935,0.0,50,50.017,54.3,Harmonics
0.7177,1.0234,1.426,0.085,0.0,50,49.979,46.27,Normal
0.505,1.0189,2.018,4.091,103.5,50,50.01,37.56,Sag
0.7081,1.0049,1.419,0.031,0.0,50,49.986,52.42,Normal
0.7155,1.0252,1.433,0.114,0.0,50,49.978,41.24,Normal
0.7085,1.0388,1.466,6.093,0.0,50,49.982,47.29,Harmonics
0.7095,1.0114,1.426,4.057,0.0,50,49.98,42.9,Notch
0.7086,1.04,1.468,6.611,0.0,50,49.98,40.51,Harmonics
0.7089,1.0338,1.458,8.208,0.0,50,50.02,37.72,Harmonics
0.7076,1.0215,1.444,0.147,0.0,50,49.966,41.31,Flicker
0.6298,1.0062,1.598,3.045,42.1,50,49.984,47.52,Interruption
0.3925,1.0137,2.583,9.792,137.7,50,50.045,36.17,Interruption
0.8255,1.2429,1.506,0.313,137.9,50,49.97,51.92,Swell
0.7081,1.0195,1.44,0.058,0.0,50,49.999,48.36,Flicker
0.7085,1.0862,1.533,6.109,0.0,50,49.997,51.85,Harmonics
0.709,1.0378,1.464,6.939,0.0,50,49.986,53.46,Harmonics
0.6058,1.0018,1.654,2.279,68.4,50,50.066,52.4,Sag
0.7129,1.7853,2.504,0.961,5.0,50,50.014,37.07,Transient
0.7101,0.9789,1.379,9.405,0.0,50,50.01,48.45,Harmonics
0.7084,1.0249,1.447,0.189,0.0,50,49.979,37.5,Normal
0.7128,1.0609,1.488,0.228,0.0,50,50.0,35.16,Flicker
0.7138,1.5744,2.206,2.136,5.0,50,49.982,54.02,Transient
0.4062,1.003,2.469,7.913,137.9,50,50.004,44.67,Sag
0.64,1.0169,1.589,1.178,96.4,50,49.996,37.53,Sag
0.5684,1.0317,1.815,1.54,105.4,50,50.01,35.33,Sag
0.4354,1.0083,2.316,14.396,121.7,50,49.987,40.29,Interruption
0.7167,1.0221,1.426,0.062,0.0,50,50.016,44.96,Normal
0.7066,1.2317,1.743,0.639,5.0,50,50.004,40.69,Transient
0.7015,1.0129,1.444,0.205,0.0,50,49.992,38.24,Normal
0.7053,1.018,1.443,0.143,0.0,50,50.017,38.74,Normal
0.7088,1.013,1.429,6.414,0.0,50,49.984,48.45,Harmonics
0.8444,1.4605,1.73,1.231,77.1,50,49.996,46.25,Swell
0.7161,1.0164,1.419,0.033,0.0,50,50.019,53.19,Normal
0.6987,1.0083,1.443,0.15,0.0,50,50.028,39.78,Normal
0.3669,1.0011,2.729,8.78,147.1,50,50.001,51.93,Interruption
0.7045,1.0025,1.423,0.029,0.0,50,50.003,51.12,Normal
0.708,0.9964,1.407,5.159,0.0,50,50.007,51.75,Harmonics
0.6475,1.0297,1.59,1.491,41.0,50,50.008,35.11,Sag
0.6735,1.0089,1.498,1.935,37.6,50,50.03,47.18,Sag
0.5927,1.0023,1.691,3.702,63.3,50,50.017,52.69,Sag
0.7065,1.017,1.44,0.168,0.0,50,49.974,38.55,Normal
0.6971,1.0055,1.442,0.159,0.0,50,50.031,37.75,Normal
0.709,1.0446,1.473,7.054,0.0,50,49.986,45.63,Harmonics
0.7096,1.0039,1.415,6.323,0.0,50,49.979,52.54,Notch
0.2357,1.0015,4.25,7.828,176.8,50,50.024,47.97,Interruption
0.7032,1.005,1.429,0.091,0.0,50,50.016,43.97,Normal
0.7788,1.1412,1.465,0.199,144.0,50,50.016,48.93,Swell
0.5601,1.0081,1.8,5.021,75.9,50,49.965,44.53,Sag
0.8179,1.3375,1.635,1.272,85.7,50,49.968,50.93,Swell
0.7098,1.0107,1.424,0.082,0.0,50,50.004,46.51,Normal
0.7072,1.007,1.424,0.759,0.0,50,50.028,46.83,Notch
0.5473,1.0034,1.833,3.992,80.1,50,49.997,49.26,Interruption
0.4039,1.0013,2.479,2.417,146.9,50,50.004,52.18,Sag
0.7076,1.0393,1.469,0.037,0.0,50,49.99,52.11,Flicker
0.7066,1.0083,1.427,0.056,0.0,50,50.019,47.04,Normal
0.4318,1.0023,2.321,4.713,137.9,50,49.989,49.93,Sag
0.7763,1.2038,1.551,0.889,92.1,50,50.005,54.59,Swell
0.713,1.0203,1.431,0.085,0.0,50,50.008,44.66,Normal
0.6838,1.0096,1.477,0.484,20.6,50,49.985,42.39,Sag
0.7031,1.001,1.424,0.049,0.0,50,49.998,51.04,Normal
0.7087,1.0214,1.441,0.173,0.0,50,50.03,39.01,Normal
0.7086,1.0263,1.448,6.604,0.0,50,49.999,42.59,Harmonics
0.7151,1.0161,1.421,0.059,0.0,50,50.015,48.07,Normal
0.7032,1.0065,1.431,0.083,0.0,50,49.972,44.87,Normal
0.849,1.3145,1.548,0.492,124.1,50,50.014,46.8,Swell
0.7037,1.0045,1.427,0.074,0.0,50,50.031,44.99,Normal
0.7005,1.0194,1.455,0.128,0.0,50,50.027,38.23,Normal
0.7074,1.0079,1.425,0.116,5.0,50,49.993,46.91,Transient
0.7103,0.9914,1.396,9.547,0.0,50,50.006,47.89,Harmonics
0.697,0.9898,1.42,0.038,0.0,50,49.984,51.93,Normal
0.4794,1.0148,2.117,0.753,144.0,50,50.012,36.84,Sag
0.7107,1.0596,1.491,10.238,0.0,50,49.997,35.9,Harmonics
0.7073,1.039,1.469,3.347,0.0,50,49.973,35.2,Harmonics
0.4734,1.0026,2.118,3.665,130.2,50,50.0,49.14,Sag
0.5234,1.0022,1.915,5.296,90.8,50,49.977,53.09,Interruption
0.7023,1.0,1.424,0.061,0.0,50,50.015,49.21,Normal
0.9514,1.5593,1.639,1.11,122.8,50,50.026,37.79,Swell
0.8957,1.4624,1.633,1.306,112.6,50,50.02,40.89,Swell
0.7117,1.0119,1.422,0.062,0.0,50,49.97,48.07,Normal
0.7243,1.0279,1.419,0.033,0.0,50,49.978,52.17,Normal
0.6957,0.9987,1.435,0.093,0.0,50,49.999,42.34,Normal
0.6974,0.991,1.421,0.041,0.0,50,50.028,50.99,Normal
0.7099,1.0082,1.42,0.042,0.0,50,49.988,50.19,Normal
0.7079,1.0041,1.418,0.036,0.0,50,49.989,52.83,Normal
0.7024,1.019,1.451,0.227,0.0,50,50.021,36.37,Normal
0.574,1.0025,1.747,9.17,66.5,50,49.964,52.24,Interruption
0.7115,1.0238,1.439,10.97,0.0,50,50.007,43.15,Harmonics
0.4348,1.0014,2.303,8.595,125.1,50,50.013,53.6,Interruption
0.5388,1.0187,1.891,8.369,83.6,50,50.003,36.19,Sag
0.5632,1.0039,1.782,3.059,93.0,50,49.996,46.57,Sag
0.695,0.9979,1.436,0.114,0.0,50,49.991,42.39,Normal
0.7081,1.0819,1.528,5.139,0.0,50,50.0,36.32,Harmonics
0.6688,1.0043,1.502,0.277,104.5,50,50.009,47.82,Sag
0.7019,1.0147,1.446,0.114,0.0,50,49.98,39.82,Normal
0.7106,1.0447,1.47,9.922,0.0,50,50.003,45.42,Harmonics
1.0002,1.7741,1.774,1.39,95.7,50,50.0,39.16,Swell
0.7074,1.0096,1.427,0.716,0.0,50,50.028,45.14,Notch
0.737,1.1921,1.617,0.856,44.2,50,50.031,35.95,Swell
0.7025,1.0029,1.428,0.084,0.0,50,50.013,44.97,Normal
0.7097,1.1165,1.573,8.689,0.0,50,50.009,48.18,Harmonics
0.7079,1.0039,1.418,1.173,0.0,50,49.967,53.18,Notch
0.7069,1.0196,1.442,0.183,0.0,50,50.003,39.77,Normal
0.6995,1.002,1.432,0.089,0.0,50,49.979,41.87,Normal
0.7129,2.069,2.902,2.163,5.0,50,49.989,40.61,Transient
0.7069,1.0103,1.429,0.101,0.0,50,50.018,44.21,Normal
0.3884,1.0009,2.577,8.386,139.2,50,50.002,46.68,Interruption
0.7073,1.3149,1.859,0.719,5.0,50,49.977,43.34,Transient
0.7093,0.9926,1.399,7.125,0.0,50,49.952,53.32,Harmonics
0.6535,1.006,1.539,10.16,29.0,50,49.954,48.47,Interruption
0.7146,2.1973,3.075,0.701,5.0,50,49.971,48.47,Transient
0.712,1.0159,1.427,0.068,0.0,50,50.017,45.21,Normal
0.6007,1.0164,1.692,0.615,144.3,50,50.004,38.11,Sag
0.8342,1.6274,1.951,2.621,45.3,50,49.988,47.81,Swell
0.4548,1.0037,2.207,3.44,124.5,50,50.004,48.1,Sag
0.7146,1.0174,1.424,0.078,0.0,50,50.005,46.95,Normal
0.7084,1.0219,1.443,5.53,0.0,50,49.991,38.48,Harmonics
0.4529,1.0131,2.237,12.38,118.8,50,49.968,37.73,Interruption
0.7158,1.0157,1.419,0.036,0.0,50,49.993,51.22,Normal
0.6439,1.0033,1.558,0.368,139.7,50,49.967,50.21,Sag
0.8409,1.3941,1.658,1.424,89.5,50,49.997,47.98,Swell
0.7074,1.026,1.45,0.372,5.0,50,50.012,40.48,Transient
0.7133,1.0122,1.419,0.03,0.0,50,49.98,53.56,Normal
0.6947,0.9864,1.42,0.034,0.0,50,50.027,53.38,Normal
0.7063,1.029,1.457,5.417,5.0,50,50.002,36.25,Transient
0.7083,1.0396,1.468,0.03,0.0,50,50.029,54.81,Flicker
0.3858,1.0057,2.607,2.401,156.5,50,49.987,40.51,Sag
0.7144,1.0146,1.42,0.043,0.0,50,49.977,50.04,Normal
0.7094,1.0884,1.534,7.31,0.0,50,50.01,36.07,Harmonics
0.5907,1.0245,1.734,2.193,62.0,50,50.0,35.91,Interruption
0.7087,1.0064,1.42,0.042,0.0,50,50.045,52.11,Normal
0.7073,1.0458,1.479,0.247,0.0,50,49.992,37.28,Flicker
0.6882,1.0152,1.475,0.387,42.3,50,49.996,40.64,Sag
0.4784,1.0033,2.097,8.82,108.0,50,50.012,51.39,Interruption
0.7194,1.1777,1.637,0.459,21.0,50,49.995,35.38,Swell
0.7127,1.0113,1.419,0.042,0.0,50,50.038,51.15,Normal
0.6987,0.9943,1.423,0.05,0.0,50,50.027,48.53,Normal
0.7097,1.4844,2.092,2.808,5.0,50,50.03,46.65,Transient
0.7091,1.1326,1.597,7.511,0.0,50,49.996,36.87,Harmonics
0.7078,1.0253,1.448,4.742,0.0,50,50.001,46.83,Harmonics
0.7089,1.051,1.483,7.125,0.0,50,49.991,39.22,Harmonics
0.708,1.1854,1.674,0.464,5.0,50,50.004,43.0,Transient
0.7093,0.9715,1.37,7.767,0.0,50,49.986,40.97,Harmonics
0.7104,1.0569,1.488,9.895,0.0,50,50.001,41.04,Harmonics
0.7198,1.0414,1.447,0.228,0.0,50,49.991,37.46,Normal
0.7069,1.0093,1.428,0.078,0.0,50,50.012,44.46,Normal
0.9913,1.5445,1.558,0.282,140.9,50,49.98,48.16,Swell
0.699,0.997,1.426,0.085,0.0,50,50.003,46.34,Normal
0.6002,1.0057,1.676,1.031,103.5,50,50.015,48.34,Sag
0.5453,1.0084,1.849,5.145,82.1,50,50.009,40.78,Sag
0.6556,1.0086,1.538,0.978,61.6,50,50.034,44.95,Sag
0.7079,1.0169,1.437,5.644,0.0,50,50.04,44.61,Harmonics
0.7077,1.0408,1.471,0.074,0.0,50,49.999,44.63,Flicker
0.7117,1.0189,1.432,0.103,0.0,50,49.998,40.98,Normal
0.6939,0.9902,1.427,0.081,0.0,50,49.997,45.82,Normal
0.7104,1.0236,1.441,0.16,0.0,50,50.019,38.8,Normal
0.6878,0.9755,1.418,0.038,0.0,50,50.001,52.01,Normal
0.6464,1.0034,1.552,1.248,43.7,50,50.009,53.18,Sag
0.7181,1.031,1.436,0.098,0.0,50,50.008,41.29,Normal
0.6117,1.002,1.638,1.928,84.4,50,49.992,52.48,Sag
0.7091,1.0375,1.463,7.256,0.0,50,49.973,48.27,Harmonics
0.7083,1.4087,1.989,0.186,5.0,50,49.998,46.75,Transient
0.7181,1.0354,1.442,0.103,0.0,50,50.003,38.64,Normal
0.7074,0.9903,1.4,3.564,0.0,50,50.014,50.73,Harmonics
0.7036,0.999,1.42,0.043,0.0,50,49.981,49.57,Normal
0.709,1.0073,1.421,3.881,0.0,50,49.982,48.74,Notch
0.7879,1.3826,1.755,1.578,57.5,50,49.969,37.28,Swell
0.7099,1.0198,1.436,0.153,0.0,50,49.999,38.72,Normal
0.7099,1.0766,1.517,8.161,0.0,50,49.986,35.6,Harmonics
0.7079,1.1238,1.588,0.436,5.0,50,50.017,47.11,Transient
0.7074,1.051,1.486,0.309,0.0,50,49.975,35.56,Flicker
1.1295,1.7928,1.587,0.666,145.4,50,50.012,37.56,Swell
0.7082,1.0355,1.462,6.133,0.0,50,50.036,41.47,Harmonics
0.7076,1.0383,1.467,0.12,0.0,50,49.972,41.65,Flicker
0.7108,1.1139,1.567,10.254,0.0,50,50.002,54.43,Harmonics
0.5144,1.0178,1.978,6.713,98.2,50,50.05,38.42,Sag
0.7088,1.0786,1.522,6.844,0.0,50,50.007,45.84,Harmonics
0.7084,1.0066,1.421,1.929,0.0,50,49.994,47.8,Notch
0.7076,1.131,1.598,0.843,5.0,50,50.006,37.16,Transient
0.633,1.0028,1.584,1.716,39.7,50,49.982,53.01,Interruption
0.6436,1.0101,1.569,6.909,35.6,50,49.998,42.83,Interruption
0.711,1.0444,1.469,10.626,0.0,50,50.032,39.32,Harmonics
0.7126,1.0159,1.426,0.083,0.0,50,49.991,45.49,Normal
0.7077,1.0044,1.419,1.516,0.0,50,50.004,50.93,Notch
0.7138,1.0134,1.42,0.037,0.0,50,49.968,52.13,Normal
0.4102,1.005,2.45,11.24,136.0,50,49.997,41.87,Sag
0.4772,1.0011,2.098,6.916,107.1,50,49.995,53.2,Interruption
0.7208,1.0271,1.425,0.073,0.0,50,49.995,45.4,Normal
1.1482,1.7786,1.549,0.563,155.6,50,50.008,52.29,Swell
0.7095,1.0459,1.474,8.132,0.0,50,50.003,41.27,Harmonics
0.2567,1.0029,3.907,16.214,172.3,50,49.986,43.21,Interruption
0.8463,1.7617,2.082,1.811,44.3,50,50.006,51.22,Swell
0.6351,1.008,1.587,0.995,37.9,50,49.981,43.93,Interruption
0.7141,1.0139,1.42,0.036,0.0,50,50.018,52.01,Normal
0.7157,1.0178,1.422,0.068,0.0,50,50.006,46.57,Normal
0.6889,1.0122,1.469,1.247,23.7,50,49.977,42.19,Sag
0.7134,1.0496,1.471,0.074,0.0,50,50.002,46.35,Flicker
0.7007,1.0186,1.454,0.211,0.0,50,50.026,37.37,Normal
0.6971,0.9898,1.42,0.05,0.0,50,49.969,48.98,Normal
0.707,1.0111,1.43,0.024,0.0,50,50.029,54.54,Flicker
0.7096,1.0176,1.434,0.076,0.0,50,49.978,45.6,Normal
0.7119,1.0546,1.481,0.306,0.0,50,49.989,35.05,Flicker
0.7137,1.025,1.436,0.209,0.0,50,49.962,38.5,Normal
0.7028,1.0235,1.456,0.244,0.0,50,49.994,35.74,Normal
0.6947,0.9901,1.425,0.065,0.0,50,50.021,46.07,Normal
0.7029,1.0162,1.446,0.204,0.0,50,49.993,37.52,Normal
0.7081,1.0281,1.452,3.373,0.0,50,49.985,36.38,Notch
0.7067,1.0025,1.419,0.041,0.0,50,50.004,50.54,Normal
0.6084,1.0048,1.651,1.254,93.8,50,50.039,52.24,Sag
0.3031,1.0006,3.302,40.574,165.0,50,50.001,54.83,Interruption
0.7069,1.0178,1.44,1.099,0.0,50,50.027,40.82,Harmonics
0.7023,0.9968,1.419,0.025,0.0,50,49.986,52.92,Normal
0.7089,1.0492,1.48,6.577,0.0,50,49.96,48.19,Harmonics
0.7035,0.9978,1.418,0.044,0.0,50,49.992,50.05,Normal
0.711,1.189,1.672,10.375,0.0,50,50.0,45.97,Harmonics
0.7162,1.0349,1.445,0.203,0.0,50,50.012,37.48,Normal
0.7138,1.0131,1.419,0.031,0.0,50,49.974,52.04,Normal
0.7106,2.2526,3.17,0.958,5.0,50,50.016,39.94,Transient
0.768,1.373,1.788,0.472,41.9,50,50.002,49.06,Swell
0.5434,1.0036,1.847,6.119,81.5,50,50.017,49.3,Sag
0.7094,0.9922,1.399,7.81,0.0,50,49.986,49.54,Harmonics
0.8079,1.3751,1.702,1.155,70.7,50,50.024,49.62,Swell
0.6917,0.9914,1.433,0.093,0.0,50,50.013,43.54,Normal
0.6974,0.9901,1.42,0.026,0.0,50,49.977,54.5,Normal
0.7147,1.0319,1.444,0.225,0.0,50,49.961,37.0,Normal
0.7133,2.1617,3.031,0.363,5.0,50,49.973,44.28,Transient
0.7097,1.0312,1.453,8.317,0.0,50,49.991,43.11,Harmonics
0.4137,1.0042,2.427,17.503,130.5,50,50.017,42.14,Interruption
0.625,1.0039,1.606,0.564,129.5,50,50.027,47.79,Sag
0.7742,1.1629,1.502,0.37,119.9,50,49.999,42.53,Swell
0.7079,1.0054,1.42,0.045,0.0,50,49.984,50.38,Normal
0.9199,1.7903,1.946,2.457,62.0,50,49.987,54.89,Swell
0.6552,1.0142,1.548,0.69,95.5,50,50.0,38.96,Sag
0.7138,1.0209,1.43,0.076,0.0,50,49.992,45.52,Normal
1.0078,1.7919,1.778,1.162,100.2,50,50.025,37.03,Swell
0.7149,1.0146,1.419,0.031,0.0,50,49.974,54.06,Normal
0.7048,1.0027,1.423,0.051,0.0,50,49.996,47.08,Normal
0.703,1.0026,1.426,0.064,0.0,50,50.017,47.17,Normal
0.9146,1.528,1.671,0.94,112.8,50,49.97,36.47,Swell
0.7073,1.0172,1.438,0.183,5.0,50,50.03,48.22,Transient
0.7073,1.0051,1.421,0.072,0.0,50,49.988,48.66,Harmonics
0.5506,1.0015,1.819,1.291,116.0,50,49.996,53.45,Sag
0.9508,1.5389,1.619,0.556,125.5,50,50.006,43.62,Swell
0.7074,1.0191,1.441,0.145,0.0,50,49.99,40.89,Normal
0.7015,1.0094,1.439,0.157,0.0,50,50.013,39.87,Normal
0.5588,1.0046,1.798,1.046,137.1,50,49.998,44.85,Sag
0.7153,1.0264,1.435,0.093,0.0,50,50.021,42.73,Normal
0.8285,1.2333,1.489,0.211,143.9,50,50.039,52.68,Swell
0.7132,1.0194,1.429,0.119,0.0,50,50.008,43.3,Normal
0.7081,1.0113,1.428,0.068,0.0,50,49.973,45.22,Normal
0.8747,1.7292,1.977,2.843,53.9,50,49.964,39.76,Swell
0.6738,1.0091,1.498,0.353,60.4,50,49.996,44.92,Sag
0.2828,1.0029,3.546,8.295,168.5,50,49.993,41.71,Interruption
0.5482,1.0041,1.832,3.898,81.3,50,50.044,50.79,Sag
0.6247,1.001,1.602,0.342,139.0,50,49.986,54.69,Sag
0.7085,1.0215,1.442,0.181,0.0,50,50.019,38.57,Normal
0.4368,1.0047,2.3,8.723,122.6,50,50.0,42.69,Interruption
0.646,1.0253,1.587,1.378,64.6,50,50.005,37.21,Sag
0.7113,1.0529,1.48,0.032,0.0,50,49.976,51.85,Flicker
0.7085,1.0593,1.495,6.541,0.0,50,50.011,47.98,Harmonics
0.711,1.4903,2.096,0.403,5.0,50,49.972,42.76,Transient
0.7005,0.9937,1.419,0.031,0.0,50,49.985,53.85,Normal
0.7093,1.0101,1.424,2.182,0.0,50,50.011,43.63,Notch
0.7091,1.7535,2.473,0.49,5.0,50,49.997,39.27,Transient
0.7024,1.013,1.442,0.171,0.0,50,49.995,38.55,Normal
0.276,1.0081,3.653,8.779,167.8,50,50.003,35.46,Interruption
0.8156,1.4337,1.758,1.633,68.3,50,50.019,37.64,Swell
0.4011,1.0012,2.497,13.308,136.1,50,49.978,53.8,Interruption
0.7071,1.0321,1.46,2.97,0.0,50,50.064,36.55,Harmonics
0.6097,1.0143,1.663,2.458,60.3,50,50.012,38.53,Sag
0.8397,1.7702,2.108,1.269,36.0,50,49.995,51.11,Swell
0.7064,1.0041,1.421,0.063,0.0,50,49.992,48.61,Normal
0.6283,1.0031,1.597,0.479,115.7,50,49.991,52.27,Sag
0.927,1.4072,1.518,0.41,149.2,50,50.025,51.49,Swell
0.6552,1.0049,1.534,0.814,30.3,50,50.003,48.36,Sag
0.7089,1.0311,1.454,7.215,0.0,50,50.011,40.66,Harmonics
0.9556,1.785,1.868,0.81,78.2,50,49.998,36.82,Swell
0.7102,1.0476,1.475,8.927,0.0,50,49.974,43.53,Harmonics
0.7079,1.0174,1.437,0.148,0.0,50,50.004,40.09,Normal
0.7966,1.3534,1.699,1.272,64.8,50,49.994,45.43,Swell
0.6343,1.0185,1.606,5.167,38.7,50,49.992,38.89,Interruption
0.3965,1.0017,2.527,3.317,147.2,50,49.989,52.95,Sag
0.7089,1.1568,1.632,3.048,5.0,50,50.01,42.94,Transient
0.5519,1.0026,1.816,5.446,76.2,50,49.977,52.43,Interruption
0.7086,1.1539,1.628,0.284,5.0,50,50.015,50.37,Transient
0.6733,1.0047,1.492,1.626,29.8,50,49.998,51.72,Sag
0.7126,1.0568,1.483,0.034,0.0,50,49.999,51.82,Flicker
0.7108,1.0336,1.454,9.535,0.0,50,49.966,36.63,Harmonics
0.6432,1.0024,1.558,1.23,41.1,50,49.986,53.73,Sag
0.7085,1.7021,2.402,3.454,5.0,50,49.988,49.39,Transient
0.7097,1.0236,1.442,0.152,0.0,50,50.042,39.32,Normal
0.5212,1.0019,1.922,6.754,90.7,50,50.02,54.69,Interruption
0.5972,1.0034,1.68,1.715,87.8,50,50.025,47.79,Sag
0.6616,1.0064,1.521,0.672,81.5,50,49.99,47.67,Sag
0.7076,1.0516,1.486,4.916,0.0,50,50.031,43.59,Harmonics
0.7151,1.0214,1.428,0.101,0.0,50,49.995,43.65,Normal
0.7092,1.0665,1.504,7.87,0.0,50,49.983,40.64,Harmonics
0.7126,1.0206,1.432,0.115,0.0,50,49.989,43.49,Normal
0.6907,1.0144,1.469,0.806,29.3,50,49.984,39.89,Sag
0.7125,1.0149,1.424,0.065,0.0,50,50.026,45.81,Normal
0.7084,1.0259,1.448,2.534,0.0,50,49.989,35.44,Notch
0.6991,0.9919,1.419,0.027,0.0,50,50.044,53.16,Normal
0.7019,1.0015,1.427,0.069,0.0,50,49.998,44.99,Normal
0.7057,1.0204,1.446,0.283,0.0,50,49.999,36.34,Normal
0.746,1.1295,1.514,0.539,82.8,50,50.062,53.87,Swell
0.7075,1.5059,2.128,0.17,5.0,50,50.005,41.04,Transient
0.7096,1.0177,1.434,0.075,0.0,50,50.0,42.95,Normal
0.7085,1.0295,1.453,6.538,0.0,50,50.011,38.09,Harmonics
0.7093,1.0849,1.53,7.684,0.0,50,50.008,38.06,Harmonics
0.2304,1.0003,4.342,2.674,179.1,50,49.995,51.03,Interruption
0.8202,1.2038,1.468,0.163,159.8,50,49.999,48.56,Swell
0.7066,1.0091,1.428,0.072,0.0,50,50.02,45.59,Normal
0.7032,1.0063,1.431,0.114,0.0,50,50.0,41.86,Normal
0.5114,1.0018,1.959,2.326,117.9,50,50.015,54.2,Sag
0.708,1.0513,1.485,4.702,0.0,50,49.985,42.11,Harmonics
0.7078,1.0362,1.464,4.769,0.0,50,50.014,47.13,Harmonics
0.7098,1.7729,2.498,0.363,5.0,50,50.039,52.64,Transient
0.6823,1.0021,1.469,0.461,20.0,50,50.0,54.45,Sag
0.7124,1.0144,1.424,0.064,0.0,50,49.999,46.59,Normal
0.6674,1.0341,1.55,1.07,45.4,50,50.001,35.43,Sag
0.708,1.0084,1.424,0.059,0.0,50,49.99,48.23,Normal
0.7124,1.5853,2.225,6.056,5.0,50,49.984,42.75,Transient
0.7069,1.1066,1.565,3.002,5.0,50,50.018,45.87,Transient
0.7084,1.318,1.86,0.137,5.0,50,49.958,47.76,Transient
0.5463,1.0161,1.86,6.012,90.9,50,50.005,38.38,Sag
0.7056,1.0027,1.421,0.051,0.0,50,49.991,49.54,Normal
0.3732,1.0062,2.696,10.227,143.3,50,49.984,43.28,Interruption
0.7172,1.9252,2.684,10.254,5.0,50,50.017,36.2,Transient
0.5989,1.0072,1.682,0.609,129.7,50,49.991,41.93,Sag
0.7102,0.9995,1.407,9.428,0.0,50,49.988,43.54,Harmonics
0.7103,1.0204,1.437,4.177,0.0,50,50.025,38.41,Notch
0.709,1.2559,1.771,1.045,5.0,50,50.007,35.37,Transient
0.7052,1.0014,1.42,0.044,0.0,50,50.018,52.29,Normal
0.6165,1.0098,1.638,0.705,103.2,50,50.001,41.53,Sag
0.7064,1.0043,1.422,0.065,0.0,50,50.001,46.05,Normal
0.7014,0.9974,1.422,0.063,0.0,50,50.032,46.94,Normal
0.7086,1.0027,1.415,7.072,0.0,50,50.024,45.82,Harmonics
0.7172,1.019,1.421,0.04,0.0,50,49.983,51.07,Normal
0.7186,1.0288,1.432,0.119,0.0,50,50.009,43.48,Normal
0.6631,1.0027,1.512,3.196,24.8,50,50.027,51.26,Interruption
0.7095,1.5188,2.141,2.441,5.0,50,49.97,43.36,Transient
0.7214,1.0262,1.423,0.066,0.0,50,49.994,47.27,Normal
0.708,1.3452,1.9,2.562,5.0,50,50.011,45.49,Transient
0.7093,1.0164,1.433,2.671,0.0,50,50.021,39.51,Notch
0.711,1.2052,1.695,0.514,5.0,50,50.002,37.08,Transient
0.7102,1.0023,1.411,9.292,0.0,50,49.991,43.23,Harmonics
0.7675,1.3173,1.716,1.295,46.7,50,49.999,51.45,Swell
0.3921,1.0088,2.573,4.999,139.8,50,49.995,39.74,Sag
0.7074,1.0336,1.461,0.115,0.0,50,50.003,43.85,Flicker
1.0037,1.5803,1.574,0.589,149.0,50,49.996,36.51,Swell
0.658,1.01,1.535,3.811,27.8,50,49.993,42.07,Interruption
0.7095,1.8353,2.587,1.064,5.0,50,50.035,51.71,Transient
0.7099,1.4872,2.095,1.983,5.0,50,50.011,42.41,Transient
0.7089,2.0627,2.91,0.789,5.0,50,49.988,54.37,Transient
0.7074,1.0121,1.431,0.165,0.0,50,50.031,41.27,Normal
0.7093,1.9149,2.7,0.226,5.0,50,49.998,54.39,Transient
0.7086,1.1052,1.56,6.822,0.0,50,50.025,41.87,Harmonics
0.5779,1.0187,1.763,6.82,65.6,50,50.059,36.68,Interruption
0.709,1.0739,1.515,7.398,0.0,50,50.002,52.05,Harmonics
0.3893,1.0014,2.572,4.896,142.2,50,50.026,53.42,Sag
0.7541,1.1923,1.581,0.614,68.7,50,49.995,41.39,Swell
0.6992,1.0112,1.446,0.186,0.0,50,50.001,37.49,Normal
0.4206,1.0039,2.387,9.126,128.3,50,49.953,50.31,Interruption
0.7085,1.0559,1.49,0.37,5.0,50,49.978,37.13,Transient
0.6603,1.0033,1.519,1.529,35.0,50,49.976,53.0,Sag
0.7088,0.9987,1.409,6.443,0.0,50,49.969,38.24,Harmonics
0.7085,1.027,1.449,0.11,0.0,50,50.021,40.54,Normal
0.7085,1.0291,1.452,0.239,0.0,50,49.98,35.79,Normal
0.7084,1.005,1.419,0.029,0.0,50,49.975,54.17,Normal
0.7062,1.0028,1.42,0.044,0.0,50,49.981,51.89,Normal
0.7073,1.0407,1.471,3.698,0.0,50,50.01,36.4,Harmonics
0.7121,1.141,1.602,12.055,0.0,50,50.02,38.24,Harmonics
0.7125,1.0125,1.421,0.066,0.0,50,50.031,47.2,Normal
0.7073,1.0411,1.472,0.041,0.0,50,50.003,50.15,Flicker
0.704,1.0142,1.441,0.133,0.0,50,49.989,39.17,Normal
0.7078,1.0064,1.422,0.07,0.0,50,49.969,46.41,Normal
0.7192,1.0198,1.418,0.036,0.0,50,49.987,54.27,Normal
0.6447,1.0065,1.561,0.471,58.2,50,49.991,47.94,Sag
0.7088,1.0435,1.472,0.118,0.0,50,49.968,39.76,Flicker
0.7088,1.0292,1.452,0.226,0.0,50,50.019,36.34,Normal
0.674,1.0207,1.515,0.419,91.8,50,50.023,36.1,Sag
1.09,1.6861,1.547,0.373,150.5,50,50.016,52.82,Swell
0.7074,1.005,1.421,0.046,0.0,50,50.006,50.54,Normal
0.7077,1.0311,1.457,3.786,0.0,50,50.017,38.37,Harmonics
0.669,1.0035,1.5,2.524,25.2,50,49.988,48.67,Sag
0.709,1.0489,1.479,6.797,0.0,50,50.003,37.7,Harmonics
0.699,1.0069,1.441,0.119,0.0,50,49.996,41.92,Normal
0.7332,1.1139,1.519,0.44,65.2,50,49.98,48.09,Swell
0.7087,1.0223,1.443,0.163,0.0,50,50.011,38.39,Normal
0.7095,1.009,1.422,0.06,0.0,50,49.985,48.24,Normal
0.6957,0.9892,1.422,0.046,0.0,50,49.993,48.46,Normal
0.7126,1.0355,1.453,6.19,0.0,50,50.005,36.0,Notch
0.8673,1.7361,2.002,2.66,51.0,50,49.993,50.46,Swell
0.7126,1.0641,1.493,0.08,0.0,50,49.967,44.85,Flicker
0.5504,1.0022,1.821,7.116,78.0,50,50.011,52.38,Interruption
0.7078,1.0215,1.443,0.028,0.0,50,50.037,54.72,Flicker
0.8799,1.7876,2.032,2.346,52.4,50,49.984,44.83,Swell
0.5161,1.0128,1.962,11.964,96.1,50,49.988,39.42,Interruption
0.5657,1.0027,1.772,0.419,158.8,50,50.0,48.29,Sag
0.7092,1.0167,1.434,0.094,0.0,50,50.052,43.61,Normal
0.722,1.1281,1.563,0.106,33.0,50,50.006,49.63,Swell
0.56,1.0112,1.806,4.94,79.4,50,49.998,38.98,Sag
0.6043,1.017,1.683,3.497,71.2,50,50.002,36.63,Sag
0.4534,1.0042,2.215,3.206,128.6,50,50.009,44.89,Sag
0.6227,1.0083,1.619,4.064,45.0,50,49.991,42.78,Sag
0.9632,1.6554,1.719,1.123,103.9,50,50.022,36.6,Swell
0.7102,1.1075,1.559,9.096,0.0,50,49.983,51.26,Harmonics
0.7066,1.3733,1.943,1.439,5.0,50,50.022,48.52,Transient
0.7078,1.0062,1.422,0.06,0.0,50,50.012,47.09,Normal
0.7085,1.0075,1.422,0.037,0.0,50,49.965,52.0,Normal
0.7104,0.9973,1.404,9.808,0.0,50,50.023,42.72,Harmonics
0.7006,0.9955,1.421,0.04,0.0,50,49.996,50.68,Normal
0.6989,0.9962,1.425,0.061,0.0,50,50.008,45.43,Normal
0.7051,0.9992,1.417,0.024,0.0,50,49.954,54.54,Normal
0.698,0.9899,1.418,0.031,0.0,50,50.008,52.5,Normal
0.7121,1.0167,1.428,0.063,0.0,50,50.006,46.67,Normal
0.7069,1.166,1.649,1.94,5.0,50,50.007,52.47,Transient
0.712,1.0533,1.479,0.082,0.0,50,49.983,45.29,Flicker
0.7138,1.014,1.421,0.048,0.0,50,50.013,49.31,Normal
0.7016,0.999,1.424,0.083,0.0,50,50.006,47.16,Normal
0.3482,1.0004,2.874,9.189,153.2,50,50.011,53.27,Interruption
0.5197,1.0014,1.927,3.252,111.9,50,50.014,52.1,Sag
0.7728,1.2911,1.671,0.7,57.1,50,50.037,49.16,Swell
0.4588,1.0104,2.203,3.208,133.2,50,49.973,35.61,Sag
0.7075,1.0072,1.424,2.013,5.0,50,50.022,46.85,Transient
0.7184,1.0214,1.422,0.046,0.0,50,50.014,50.09,Normal
0.4534,1.0063,2.219,8.324,116.8,50,49.994,42.71,Interruption
0.7089,1.0102,1.425,0.087,0.0,50,50.031,45.42,Normal
0.5661,1.0137,1.791,3.004,94.8,50,49.97,38.32,Sag
0.7071,1.0156,1.436,0.071,0.0,50,50.007,47.05,Flicker
0.5505,1.0049,1.826,6.046,77.8,50,50.013,48.66,Interruption
0.7166,1.028,1.435,0.129,0.0,50,50.016,40.78,Normal
0.8648,1.4646,1.694,0.995,91.2,50,50.014,42.39,Swell
0.7193,1.0238,1.423,0.068,0.0,50,50.005,47.38,Normal
0.7098,1.0465,1.474,8.528,0.0,50,50.005,39.96,Harmonics
0.7085,1.0426,1.472,0.1,0.0,50,49.999,41.72,Flicker
0.709,1.0256,1.447,0.06,0.0,50,50.003,46.9,Flicker
0.6981,1.0106,1.448,0.187,0.0,50,49.985,38.33,Normal
0.5849,1.0215,1.746,2.716,86.0,50,50.003,35.82,Sag
0.7091,1.0772,1.519,0.546,5.0,50,49.992,44.99,Transient
0.7104,1.013,1.426,0.082,0.0,50,50.009,45.86,Normal
0.7116,1.0097,1.419,0.032,0.0,50,49.975,52.25,Normal
0.6757,1.0043,1.486,0.702,40.9,50,50.009,48.07,Sag
0.6673,1.003,1.503,2.571,24.3,50,50.019,54.4,Sag
0.7134,1.0046,1.408,7.815,0.0,50,50.001,49.54,Notch
0.7141,1.0348,1.449,0.152,0.0,50,50.026,38.41,Normal
0.7096,1.0226,1.441,0.158,0.0,50,50.016,37.69,Normal
0.5969,1.0133,1.698,3.277,58.6,50,50.003,37.29,Sag
0.6999,0.9934,1.419,0.033,0.0,50,49.965,52.08,Normal
0.7087,1.0389,1.466,0.216,0.0,50,49.989,35.95,Flicker
0.7082,1.0196,1.44,0.154,0.0,50,49.983,38.18,Normal
0.8367,1.6729,1.999,2.532,47.2,50,50.01,50.28,Swell
0.7096,1.8098,2.55,0.393,5.0,50,50.02,37.4,Transient
0.7165,1.03,1.438,0.108,0.0,50,50.013,44.31,Flicker
0.4886,1.0016,2.05,10.354,107.5,50,49.986,54.58,Sag
0.6999,1.0007,1.43,0.078,0.0,50,50.005,44.49,Normal
0.7117,1.0278,1.444,0.191,0.0,50,49.985,37.87,Normal
0.7044,1.0,1.42,0.042,0.0,50,49.98,50.45,Normal
0.7152,1.0485,1.466,0.209,0.0,50,49.97,36.85,Flicker
0.7082,1.0096,1.426,2.099,0.0,50,49.995,46.31,Notch
0.7072,1.0114,1.43,1.1,5.0,50,49.999,50.55,Transient
0.7132,1.0207,1.431,0.115,0.0,50,49.982,41.38,Normal
0.5898,1.0019,1.699,1.522,110.6,50,50.016,52.03,Sag
0.7633,1.2001,1.572,0.541,90.3,50,50.009,35.51,Swell
0.7122,1.0279,1.443,0.206,0.0,50,49.991,37.54,Normal
0.7045,1.0057,1.427,0.08,0.0,50,50.035,47.51,Normal
0.6828,1.0128,1.483,1.378,26.6,50,49.988,41.29,Sag
0.708,1.5201,2.147,0.489,5.0,50,49.996,48.97,Transient
0.8896,1.4054,1.58,0.782,125.6,50,50.018,39.2,Swell
0.7095,1.4954,2.108,2.44,5.0,50,49.992,38.57,Transient
0.461,1.0071,2.185,2.204,136.9,50,50.023,42.0,Sag
0.7092,1.9352,2.729,0.483,5.0,50,49.994,47.52,Transient
0.7735,1.2198,1.577,0.632,83.7,50,49.988,50.69,Swell
0.7103,1.0805,1.521,9.17,0.0,50,49.958,44.14,Harmonics
1.0884,1.8055,1.659,0.818,124.3,50,49.986,42.57,Swell
0.4959,1.017,2.051,1.675,129.3,50,49.985,36.98,Sag
0.3495,1.0051,2.875,4.184,154.4,50,49.998,36.37,Sag
0.9014,1.6049,1.78,1.351,84.4,50,49.986,44.48,Swell
0.6084,1.0069,1.655,1.752,84.2,50,50.019,46.38,Sag
0.7296,1.073,1.471,0.188,0.0,50,50.003,37.27,Flicker
0.3534,1.0011,2.833,7.396,153.0,50,49.999,53.89,Interruption
0.7038,1.0042,1.427,0.078,0.0,50,50.025,47.13,Normal
0.7152,1.0274,1.437,0.12,0.0,50,49.992,41.13,Normal
0.6674,1.0025,1.502,0.372,82.1,50,49.997,50.58,Sag
0.7086,1.0387,1.466,6.209,0.0,50,49.971,35.92,Harmonics
0.7088,1.0349,1.46,0.234,0.0,50,50.009,35.02,Normal
0.7074,1.0317,1.459,0.172,0.0,50,49.961,38.65,Flicker
0.3997,1.0019,2.507,30.802,133.7,50,49.962,53.13,Interruption
0.7098,1.0664,1.502,8.309,0.0,50,49.97,51.43,Harmonics
0.7048,1.0043,1.425,0.063,0.0,50,49.953,46.47,Normal
0.7131,1.014,1.422,0.056,0.0,50,50.008,48.88,Normal
0.7007,1.0014,1.429,0.061,0.0,50,49.993,46.43,Normal
0.7099,1.0383,1.463,8.516,0.0,50,49.966,54.39,Harmonics
0.5461,1.0064,1.843,4.908,80.9,50,50.008,43.4,Interruption
0.7081,1.014,1.432,4.922,0.0,50,49.985,48.75,Harmonics
0.772,1.3582,1.759,0.921,44.2,50,49.995,48.99,Swell
0.7083,1.0099,1.426,2.816,5.0,50,50.022,47.63,Transient
0.8243,1.2956,1.572,0.882,108.0,50,49.993,52.58,Swell
0.7158,1.0305,1.44,0.16,0.0,50,50.025,38.27,Normal
0.7078,1.0404,1.47,0.054,0.0,50,50.004,49.23,Flicker
0.704,1.0052,1.428,0.072,0.0,50,50.008,46.91,Normal
0.856,1.4942,1.746,1.692,78.0,50,49.977,47.1,Swell
0.7202,2.3863,3.313,10.435,5.0,50,50.003,50.45,Transient
0.6508,1.0036,1.542,1.202,37.8,50,50.01,49.04,Sag
0.7103,1.0199,1.436,0.124,0.0,50,50.009,41.19,Normal
0.631,1.0132,1.606,0.7,131.6,50,49.983,38.65,Sag
0.6773,1.0154,1.499,0.485,71.5,50,50.016,38.83,Sag
0.7039,1.0021,1.424,0.052,0.0,50,50.045,48.66,Normal
0.7185,1.0223,1.423,0.043,0.0,50,50.042,50.01,Normal
0.7024,1.0216,1.454,0.231,0.0,50,49.985,36.11,Normal
0.7079,1.0195,1.44,1.366,0.0,50,50.0,39.16,Notch
0.6944,0.9903,1.426,0.056,0.0,50,50.035,48.82,Normal
0.5781,1.0178,1.761,4.714,66.7,50,49.97,37.21,Interruption
0.5752,1.0206,1.774,3.14,77.2,50,49.985,36.43,Sag
0.7106,1.0326,1.453,10.099,0.0,50,50.019,42.2,Harmonics
0.715,1.6265,2.275,0.472,5.0,50,49.978,51.42,Transient
0.978,1.6828,1.721,0.871,101.3,50,50.025,43.56,Swell
0.71,1.4667,2.066,3.186,5.0,50,50.012,39.49,Transient
0.6999,1.0141,1.449,0.161,0.0,50,50.044,38.96,Normal
0.7149,1.0235,1.432,0.119,0.0,50,50.024,43.05,Normal
0.7001,0.9936,1.419,0.039,0.0,50,49.985,51.89,Normal
0.7078,1.0106,1.428,1.953,0.0,50,50.029,46.21,Notch
0.707,1.6654,2.356,0.822,5.0,50,50.006,42.55,Transient
1.0576,1.7562,1.661,1.051,123.7,50,50.013,45.78,Swell
0.9083,1.602,1.764,1.751,86.5,50,49.983,50.53,Swell
0.7174,1.0231,1.426,0.099,0.0,50,50.007,45.7,Normal
0.7595,1.2464,1.641,0.939,54.3,50,50.008,47.24,Swell
0.7151,2.1331,2.983,5.959,5.0,50,50.026,53.45,Transient
0.708,1.0385,1.467,0.058,0.0,50,50.011,48.64,Flicker
0.7047,0.9998,1.419,0.034,0.0,50,49.975,52.67,Normal
0.708,1.0672,1.507,0.142,0.0,50,50.018,38.27,Flicker
0.7357,1.06,1.441,0.044,0.0,50,49.954,50.21,Flicker
0.6448,1.0239,1.588,3.659,35.2,50,50.013,38.27,Interruption
0.6399,1.0029,1.567,6.526,33.2,50,50.016,51.41,Sag
0.6903,1.0026,1.452,0.412,43.9,50,50.008,49.66,Sag
0.7086,1.0155,1.433,0.097,0.0,50,50.034,43.18,Normal
0.6969,1.0099,1.449,0.21,0.0,50,50.007,35.42,Normal
0.7076,1.0055,1.421,0.054,0.0,50,50.012,48.62,Normal
0.6929,0.9972,1.439,0.163,0.0,50,50.005,39.63,Normal
0.6964,0.9887,1.42,0.023,0.0,50,49.997,54.4,Normal
0.7095,1.0488,1.478,0.026,0.0,50,50.004,53.83,Flicker
0.7077,1.0147,1.434,3.443,5.0,50,50.004,40.39,Transient
0.7103,1.9893,2.801,0.494,5.0,50,49.997,41.15,Transient
0.7131,1.0422,1.461,0.289,0.0,50,49.997,35.07,Normal
0.621,1.0045,1.618,5.103,42.9,50,49.995,49.41,Interruption
0.7115,1.0189,1.432,0.093,0.0,50,50.007,43.69,Normal
0.7044,1.0005,1.42,0.054,0.0,50,50.002,50.47,Normal
0.7093,0.9919,1.398,7.796,0.0,50,49.986,50.12,Harmonics
0.7083,1.0646,1.503,5.248,0.0,50,50.0,37.79,Harmonics
0.6912,0.9858,1.426,0.054,0.0,50,50.013,45.32,Normal
0.7065,1.0015,1.418,0.029,0.0,50,50.031,54.77,Normal
0.7107,1.0218,1.438,0.165,0.0,50,49.959,38.79,Normal
0.8338,1.5611,1.872,1.581,53.4,50,50.01,52.26,Swell
0.7011,0.9997,1.426,0.073,0.0,50,50.001,46.62,Normal
0.9573,1.711,1.787,2.572,88.6,50,50.002,45.86,Swell
0.709,1.007,1.42,0.042,0.0,50,50.006,50.89,Normal
0.7093,1.0949,1.544,8.401,0.0,50,50.019,43.28,Harmonics
0.5142,1.007,1.958,14.391,92.0,50,50.011,42.35,Interruption
0.6466,1.0183,1.575,0.852,35.6,50,49.992,39.58,Sag
1.1018,1.6817,1.526,0.419,157.9,50,50.005,49.81,Swell
0.533,1.003,1.882,2.984,103.7,50,49.984,50.41,Sag
0.7066,1.0061,1.424,0.061,0.0,50,49.988,47.94,Normal
0.7161,1.0441,1.458,0.213,0.0,50,50.002,36.42,Flicker
0.66,1.0143,1.537,2.17,42.4,50,50.02,40.22,Sag
0.6636,1.0122,1.525,1.742,28.1,50,49.981,42.44,Sag
0.7131,1.0151,1.423,0.06,0.0,50,50.019,46.99,Normal
0.7084,1.026,1.448,6.004,0.0,50,49.993,41.58,Harmonics
0.5303,1.0087,1.902,10.91,85.9,50,50.004,43.39,Interruption
0.7032,1.0157,1.444,0.205,0.0,50,50.012,36.09,Normal
0.7095,1.0567,1.489,8.696,0.0,50,50.013,47.16,Harmonics
0.5221,1.0027,1.921,10.867,93.7,50,50.003,49.41,Interruption
0.7012,1.0081,1.438,0.147,0.0,50,49.996,40.79,Normal
0.3605,1.0042,2.786,19.957,147.7,50,50.008,44.34,Interruption
0.7769,1.4664,1.888,1.198,37.5,50,49.981,43.76,Swell
0.7133,1.0439,1.463,0.24,0.0,50,50.024,37.01,Normal
0.5416,1.0158,1.875,1.798,110.6,50,49.982,36.95,Sag
0.7101,1.0815,1.523,9.292,0.0,50,50.012,48.22,Harmonics
0.7094,1.0083,1.421,7.954,0.0,50,50.007,48.6,Harmonics
0.4158,1.0138,2.438,4.163,138.3,50,49.998,38.04,Sag
0.9917,1.7086,1.723,0.722,101.8,50,50.029,53.6,Swell
0.9094,1.7986,1.978,0.778,59.7,50,50.009,42.75,Swell
0.6185,1.0097,1.632,0.834,97.4,50,49.974,39.22,Sag
0.4574,1.0026,2.192,2.725,130.3,50,50.01,44.68,Sag
0.7118,1.0606,1.49,0.199,0.0,50,49.979,35.72,Flicker
0.7139,1.0171,1.425,0.054,0.0,50,49.989,49.17,Normal
0.7083,1.8937,2.673,1.273,5.0,50,50.019,41.11,Transient
0.7198,1.0297,1.43,0.092,0.0,50,49.999,44.36,Normal
0.3826,1.0104,2.641,5.513,147.5,50,50.007,36.84,Sag
0.7872,1.5359,1.951,2.415,37.8,50,49.999,46.29,Swell
0.8145,1.2427,1.526,0.418,137.1,50,50.009,35.81,Swell
0.455,1.0025,2.203,8.815,116.2,50,49.997,50.92,Interruption
0.6992,1.0073,1.441,0.141,0.0,50,50.025,41.03,Normal
0.8574,1.614,1.883,1.152,59.2,50,50.014,50.85,Swell
0.605,1.0039,1.659,1.16,77.7,50,49.986,52.04,Sag
0.7099,1.132,1.594,8.84,0.0,50,50.005,40.85,Harmonics
0.5163,1.0021,1.941,9.732,94.2,50,49.993,52.8,Interruption
0.7166,2.5942,3.62,0.383,5.0,50,49.977,37.67,Transient
0.3144,1.0013,3.185,7.485,160.8,50,50.015,47.96,Interruption
0.705,1.0033,1.423,0.065,0.0,50,49.996,45.66,Normal
0.5064,1.0024,1.979,4.533,110.1,50,50.004,48.58,Sag
0.7019,1.0129,1.443,0.159,0.0,50,50.016,39.43,Normal
0.7452,1.2162,1.632,0.39,44.5,50,49.988,48.37,Swell
0.9183,1.6135,1.757,1.174,85.6,50,49.989,53.66,Swell
0.7088,1.0123,1.428,2.218,0.0,50,50.009,43.39,Notch
0.7142,1.0758,1.506,0.104,0.0,50,49.989,41.78,Flicker
0.7738,1.1562,1.494,0.38,130.9,50,49.98,40.04,Swell
0.6728,1.0193,1.515,1.059,48.5,50,49.986,39.4,Sag
0.7111,1.0179,1.431,0.117,0.0,50,50.007,41.86,Normal
0.709,1.0069,1.42,0.048,0.0,50,49.983,50.94,Normal
0.4273,1.0125,2.369,2.562,142.9,50,49.992,37.66,Sag
0.7133,2.1114,2.96,4.43,5.0,50,49.992,49.79,Transient
0.7078,1.1076,1.565,1.179,5.0,50,49.996,42.41,Transient
0.7067,1.0699,1.514,4.06,5.0,50,50.04,42.58,Transient
0.7089,1.0159,1.433,0.161,0.0,50,49.96,38.27,Normal
0.796,1.2709,1.597,1.117,89.1,50,50.004,53.83,Swell
0.499,1.0153,2.035,2.58,120.5,50,49.975,38.26,Sag
0.6944,0.9968,1.435,0.14,0.0,50,49.973,41.85,Normal
0.7581,1.2663,1.67,1.438,51.6,50,50.016,39.07,Swell
0.7073,1.0032,1.418,0.474,5.0,50,50.011,49.72,Transient
0.7164,1.7092,2.386,1.147,5.0,50,50.021,46.33,Transient
0.709,1.0541,1.487,7.38,0.0,50,50.014,51.88,Harmonics
0.9518,1.5736,1.653,0.957,114.3,50,49.98,46.49,Swell
0.7089,1.4287,2.015,1.839,5.0,50,50.002,47.3,Transient
0.7071,1.042,1.474,1.075,5.0,50,49.964,53.39,Transient
0.694,0.9859,1.421,0.034,0.0,50,50.002,52.45,Normal
0.5966,1.0017,1.679,0.806,143.9,50,50.027,51.46,Sag
0.7437,1.334,1.794,1.658,29.4,50,50.001,39.83,Swell
0.7178,1.0538,1.468,0.235,0.0,50,49.997,36.23,Normal
0.7097,1.0556,1.487,0.078,0.0,50,49.996,45.31,Flicker
0.7137,1.0143,1.421,0.06,0.0,50,49.988,48.0,Normal
0.7091,0.9879,1.393,7.573,0.0,50,50.033,46.5,Harmonics
0.7089,1.0047,1.417,0.034,0.0,50,49.987,54.61,Normal
0.7112,1.0236,1.439,0.178,0.0,50,49.976,38.46,Normal
0.7096,1.0191,1.436,0.126,0.0,50,49.983,41.97,Normal
0.7071,1.0186,1.44,0.171,0.0,50,49.973,38.74,Normal
0.6673,1.0164,1.523,1.01,54.3,50,50.028,40.17,Sag
0.6968,0.9933,1.425,0.089,0.0,50,50.005,44.51,Normal
0.7104,2.0243,2.85,1.576,5.0,50,50.013,37.77,Transient
0.7105,1.0017,1.41,9.448,0.0,50,49.948,45.3,Harmonics
0.6557,1.0048,1.532,4.011,31.6,50,49.988,48.81,Sag
0.71,1.7659,2.487,0.372,5.0,50,49.999,44.17,Transient
0.7126,1.718,2.411,0.591,5.0,50,49.991,44.18,Transient
0.6147,1.0038,1.633,9.553,48.0,50,50.004,49.15,Interruption
0.7084,1.0519,1.485,0.028,0.0,50,50.002,53.11,Flicker
1.0642,1.6812,1.58,0.267,141.1,50,50.017,51.58,Swell
0.5257,1.0113,1.924,5.132,98.5,50,49.979,41.67,Sag
0.7087,1.0274,1.45,0.063,0.0,50,49.988,47.14,Flicker
0.4035,1.0161,2.518,1.647,152.1,50,49.987,35.45,Sag
0.7991,1.1981,1.499,0.231,132.3,50,50.006,54.09,Swell
0.6989,0.998,1.428,0.101,0.0,50,49.992,44.4,Normal
0.6935,0.9912,1.429,0.117,0.0,50,50.014,41.58,Normal
0.7133,2.212,3.101,0.569,5.0,50,50.005,48.93,Transient
0.7901,1.6716,2.116,1.476,26.3,50,49.989,48.16,Swell
0.7085,1.0144,1.432,0.129,0.0,50,49.997,40.04,Normal
0.7075,1.0197,1.441,0.659,5.0,50,50.042,51.75,Transient
0.7047,1.0156,1.441,0.15,0.0,50,50.001,37.8,Normal
0.4924,1.007,2.045,1.352,139.4,50,49.988,44.58,Sag
0.7105,1.0314,1.452,0.19,0.0,50,50.001,37.63,Normal
0.707,1.009,1.427,0.073,0.0,50,49.992,44.89,Normal
0.7147,2.2608,3.163,2.159,5.0,50,49.973,38.67,Transient
0.4636,1.002,2.161,3.562,124.0,50,49.996,53.62,Sag
0.7004,0.9931,1.418,0.028,0.0,50,49.989,54.71,Normal
0.7701,1.3181,1.712,1.734,51.5,50,50.023,45.01,Swell
0.6501,1.0176,1.565,2.435,30.6,50,49.987,36.92,Interruption
0.7195,2.5372,3.526,7.574,5.0,50,49.964,42.63,Transient
0.9404,1.4775,1.571,1.043,131.6,50,49.976,50.26,Swell
0.7288,1.1895,1.632,0.751,30.7,50,50.007,47.67,Swell
0.709,0.9876,1.393,7.327,0.0,50,50.0,46.14,Harmonics
0.8094,1.5056,1.86,1.737,48.4,50,49.992,42.02,Swell
0.72,1.0235,1.422,0.045,0.0,50,49.981,48.78,Normal
0.6318,1.0032,1.588,1.605,66.9,50,50.011,52.38,Sag
0.7127,2.1499,3.017,0.773,5.0,50,50.007,52.29,Transient
0.472,1.0027,2.124,8.016,112.6,50,49.993,52.53,Sag
0.7083,1.0237,1.445,1.042,5.0,50,49.985,47.01,Transient
0.7476,1.2392,1.658,0.487,43.6,50,49.994,43.97,Swell
0.8056,1.3363,1.659,1.304,80.4,50,50.053,42.31,Swell
0.7052,1.0019,1.421,0.051,0.0,50,50.007,48.11,Normal
0.3539,1.0085,2.85,13.598,149.7,50,49.985,37.19,Interruption
0.7204,1.024,1.421,0.042,0.0,50,50.016,48.39,Normal
0.7094,1.7368,2.448,0.336,5.0,50,50.019,50.09,Transient
0.7049,1.0023,1.422,0.058,0.0,50,49.972,46.69,Normal
0.7065,1.0241,1.449,0.198,0.0,50,50.044,37.56,Normal
0.3615,1.0039,2.777,15.538,144.7,50,50.0,40.84,Interruption
0.7124,2.3617,3.315,1.346,5.0,50,50.003,51.69,Transient
0.7069,1.0033,1.419,0.032,0.0,50,50.006,53.93,Normal
0.7198,1.0293,1.43,0.076,0.0,50,49.987,43.94,Normal
0.7039,1.0005,1.421,0.049,0.0,50,49.975,48.17,Normal
0.7122,1.0106,1.419,0.03,0.0,50,49.989,50.65,Normal
0.5778,1.0097,1.747,2.972,71.6,50,50.012,42.67,Sag
0.5324,1.0051,1.888,6.195,96.1,50,49.995,47.51,Sag
0.6996,0.9936,1.42,0.034,0.0,50,50.003,51.07,Normal
0.7093,1.9607,2.764,0.617,5.0,50,49.989,41.11,Transient
0.7081,1.5264,2.155,0.345,5.0,50,50.018,39.74,Transient
0.7079,0.9932,1.403,5.131,0.0,50,50.024,39.35,Harmonics
0.7083,1.0192,1.439,0.16,0.0,50,50.027,39.58,Normal
0.7083,1.1029,1.557,0.41,5.0,50,49.978,38.31,Transient
0.6742,1.0051,1.491,1.512,37.0,50,50.01,49.02,Sag
0.6461,1.0088,1.561,0.287,136.4,50,50.018,41.33,Sag
0.7449,1.1443,1.536,0.626,75.6,50,49.995,52.88,Swell
0.7104,1.0016,1.41,9.891,0.0,50,50.007,46.14,Harmonics
0.7134,1.0154,1.423,0.059,0.0,50,49.987,49.92,Normal
0.7265,1.0373,1.428,0.063,0.0,50,50.035,46.13,Normal
0.711,1.0105,1.421,0.052,0.0,50,49.948,48.2,Normal
1.0613,1.6863,1.589,0.344,140.2,50,49.974,47.7,Swell
0.7087,1.0356,1.461,6.562,0.0,50,49.982,49.42,Harmonics
0.7031,1.0191,1.449,0.138,0.0,50,50.029,39.64,Normal
0.7048,0.9985,1.417,0.033,0.0,50,50.005,53.75,Normal
0.7058,1.0255,1.453,0.188,0.0,50,50.001,36.86,Normal
0.4642,1.0021,2.159,3.515,116.9,50,49.981,47.66,Sag
0.5263,1.0013,1.903,2.809,113.3,50,49.997,51.13,Sag
0.7082,1.0743,1.517,5.904,0.0,50,49.998,39.5,Harmonics
0.6499,1.0079,1.551,1.199,55.6,50,49.979,44.55,Sag
0.7245,1.0519,1.452,0.195,0.0,50,49.988,37.52,Normal
0.7098,1.0624,1.497,8.439,0.0,50,49.995,41.22,Harmonics
0.7073,1.0098,1.428,0.072,0.0,50,50.018,44.21,Normal
0.7071,1.006,1.423,0.068,0.0,50,50.036,48.8,Normal
0.7075,0.9972,1.41,3.97,0.0,50,50.022,46.41,Harmonics
0.5631,1.0088,1.791,6.432,75.8,50,50.042,44.95,Interruption
0.708,1.039,1.468,4.82,0.0,50,49.99,49.74,Harmonics
0.7094,1.1305,1.594,7.319,0.0,50,50.002,36.05,Harmonics
0.6983,0.9911,1.419,0.054,0.0,50,49.994,50.8,Normal
0.7087,1.0119,1.428,0.083,0.0,50,50.003,44.73,Normal
0.7165,1.0353,1.445,0.171,0.0,50,49.985,38.14,Normal
0.7131,1.4005,1.964,1.461,5.0,50,50.025,38.43,Transient
0.5928,1.005,1.695,5.324,59.1,50,50.002,47.98,Interruption
0.7087,1.0055,1.419,0.039,0.0,50,49.981,49.38,Normal
0.7085,1.0592,1.495,0.07,0.0,50,49.99,45.76,Flicker
0.8621,1.7034,1.976,2.378,53.1,50,49.987,52.83,Swell
0.646,1.0049,1.556,5.242,35.1,50,49.984,48.48,Interruption
0.7094,1.012,1.426,0.081,0.0,50,49.976,44.46,Normal
0.7128,1.0272,1.441,0.159,0.0,50,50.012,38.0,Normal
0.7082,1.0645,1.503,0.032,0.0,50,49.992,51.87,Flicker
0.75,1.3738,1.832,0.507,32.5,50,50.021,35.79,Swell
0.4735,1.0141,2.142,12.21,111.7,50,50.002,37.09,Interruption
0.7088,1.5793,2.228,0.261,5.0,50,49.987,53.77,Transient
0.7097,1.0406,1.466,0.217,0.0,50,50.024,35.22,Flicker
0.713,1.0279,1.442,0.142,0.0,50,49.978,41.6,Normal
0.6959,0.9889,1.421,0.037,0.0,50,50.035,52.21,Normal
0.7089,1.0053,1.418,0.027,0.0,50,50.003,54.85,Normal
0.4677,1.01,2.159,7.431,113.7,50,49.981,37.75,Sag
0.4319,1.0046,2.326,14.095,122.8,50,49.987,39.93,Interruption
0.5797,1.0042,1.732,4.697,65.5,50,50.006,49.18,Sag
0.72,1.0293,1.43,0.103,0.0,50,49.987,44.12,Normal
0.6995,1.0056,1.438,0.172,0.0,50,50.017,38.86,Normal
0.7104,1.0634,1.497,0.075,0.0,50,50.016,46.69,Flicker
0.7034,1.0056,1.43,0.116,0.0,50,50.022,42.79,Normal
0.7676,1.3001,1.694,1.127,57.1,50,49.972,37.78,Swell
0.7192,1.0237,1.423,0.078,0.0,50,50.0,46.93,Normal
0.7088,1.1028,1.556,6.853,0.0,50,49.998,36.86,Harmonics
0.7099,1.0185,1.435,0.104,0.0,50,50.007,41.56,Normal
0.7033,1.0128,1.44,0.126,0.0,50,50.024,38.76,Normal
0.8939,1.6062,1.797,1.171,79.1,50,50.004,37.3,Swell
0.7049,1.0013,1.42,0.058,0.0,50,50.009,49.0,Normal
0.6953,0.9895,1.423,0.066,0.0,50,49.992,46.4,Normal
0.706,1.0088,1.429,0.076,0.0,50,49.976,44.65,Normal
0.6962,1.0182,1.463,0.233,20.2,50,50.032,42.97,Sag
0.5831,1.0033,1.721,0.37,118.8,50,50.02,52.87,Sag
0.7662,1.1508,1.502,0.34,114.8,50,49.999,47.09,Swell
0.4607,1.0055,2.183,16.135,112.6,50,49.998,45.98,Interruption
0.6522,1.0116,1.551,0.434,59.5,50,50.031,42.47,Sag
0.7066,1.0282,1.455,0.201,0.0,50,50.017,35.88,Normal
0.7176,1.0224,1.425,0.051,0.0,50,50.017,47.64,Normal
0.7078,1.0057,1.421,0.055,0.0,50,50.013,50.94,Normal
0.709,1.1725,1.654,0.521,5.0,50,49.992,53.54,Transient
0.7084,1.0153,1.433,0.116,0.0,50,50.024,40.82,Normal
0.7086,1.0516,1.484,6.561,0.0,50,50.021,36.55,Harmonics
0.667,1.0108,1.515,0.796,46.4,50,50.005,41.83,Sag
0.72,1.0327,1.434,0.088,0.0,50,49.999,43.47,Normal
0.4349,1.0083,2.319,2.494,151.6,50,49.993,37.42,Sag
0.6454,1.0061,1.559,0.496,103.3,50,50.0,46.11,Sag
0.7126,1.0585,1.485,0.186,0.0,50,50.007,38.14,Flicker
0.7094,1.0528,1.484,0.184,0.0,50,49.999,37.14,Flicker
0.7112,1.0126,1.424,0.109,0.0,50,49.981,43.03,Normal
0.7109,1.0145,1.427,0.071,0.0,50,49.964,45.94,Normal
0.3864,1.0017,2.592,6.528,147.2,50,50.005,53.68,Sag
0.9749,1.5333,1.573,0.712,147.4,50,50.011,37.36,Swell
0.6629,1.0133,1.529,0.711,93.3,50,49.998,43.11,Sag
0.5927,1.0031,1.692,1.568,59.2,50,49.988,50.7,Interruption
0.6854,1.005,1.466,0.262,20.1,50,50.002,49.32,Sag
0.7082,1.0809,1.526,4.982,0.0,50,49.997,35.73,Harmonics
0.5796,1.0017,1.728,10.07,67.1,50,49.987,53.59,Interruption
0.6378,1.0024,1.572,1.293,83.1,50,49.962,53.55,Sag
0.7085,1.0375,1.464,0.054,0.0,50,49.989,48.72,Flicker
0.7479,1.2076,1.615,0.989,53.5,50,50.006,54.87,Swell
0.7128,2.1559,3.025,1.186,5.0,50,50.0,40.81,Transient
0.7029,0.9969,1.418,0.047,0.0,50,49.976,51.12,Normal
0.7111,1.0377,1.459,10.277,0.0,50,50.014,38.12,Harmonics
0.7015,1.0026,1.429,0.088,0.0,50,50.029,44.44,Normal
0.7076,1.0254,1.449,0.064,0.0,50,50.023,48.51,Flicker
0.7127,2.2961,3.222,0.726,5.0,50,49.996,52.58,Transient
0.6942,1.0106,1.456,0.286,22.1,50,50.012,45.42,Sag
0.9593,1.4672,1.529,0.271,146.4,50,49.978,53.17,Swell
0.5762,1.0173,1.765,2.479,70.4,50,50.006,38.64,Sag
0.4973,1.0055,2.022,7.38,103.7,50,50.015,42.64,Sag
0.7093,0.9497,1.339,7.586,0.0,50,49.986,41.37,Harmonics
0.7119,1.0165,1.428,0.11,0.0,50,50.011,44.64,Normal
0.71,1.0584,1.491,0.107,0.0,50,50.019,42.86,Flicker
0.7233,1.0445,1.444,0.171,0.0,50,49.962,38.34,Normal
0.5792,1.0051,1.735,1.571,112.7,50,49.977,48.8,Sag
0.6338,1.0074,1.589,0.268,129.7,50,49.982,44.75,Sag
0.7084,1.0396,1.468,5.538,0.0,50,49.99,39.54,Harmonics
0.7115,2.0109,2.826,0.613,5.0,50,50.024,43.94,Transient
0.7211,2.645,3.668,8.329,5.0,50,49.959,43.76,Transient
0.7058,1.0182,1.443,0.217,0.0,50,49.972,37.6,Normal
0.7122,1.9598,2.752,0.714,5.0,50,50.02,38.82,Transient
0.7982,1.3134,1.646,0.861,78.8,50,49.976,45.85,Swell
0.714,1.0161,1.423,0.057,0.0,50,50.018,47.11,Normal
0.7087,1.7375,2.451,0.747,5.0,50,50.025,36.41,Transient
0.6011,1.0203,1.697,1.122,108.5,50,49.98,36.2,Sag
0.7075,1.0483,1.482,3.844,0.0,50,50.021,50.4,Harmonics
0.7084,2.1639,3.054,0.494,5.0,50,49.994,35.15,Transient
0.6769,1.0083,1.489,0.72,71.5,50,49.983,45.17,Sag
0.4385,1.0099,2.303,2.866,138.1,50,50.007,39.36,Sag
0.7096,1.0278,1.448,0.182,0.0,50,49.978,39.01,Normal
0.7061,1.0065,1.426,0.058,0.0,50,49.966,45.65,Normal
0.6715,1.0033,1.494,0.672,21.8,50,49.99,52.19,Sag
0.7156,1.0171,1.421,0.055,0.0,50,49.986,47.3,Normal
0.7163,1.0333,1.443,0.164,0.0,50,50.004,38.06,Normal
0.6128,1.0028,1.636,8.181,49.0,50,50.012,53.73,Interruption
0.7392,1.0812,1.463,0.183,0.0,50,50.014,38.71,Flicker
0.7516,1.2258,1.631,0.48,53.1,50,50.02,50.88,Swell
0.6968,1.0134,1.454,0.534,29.4,50,49.956,39.26,Sag
0.7886,1.3583,1.723,0.505,59.0,50,50.011,40.62,Swell
0.7048,1.0005,1.419,0.033,0.0,50,49.978,54.27,Normal
0.9007,1.5063,1.672,0.547,99.2,50,49.953,53.68,Swell
0.7096,1.072,1.511,7.817,0.0,50,49.978,37.7,Harmonics
0.7153,1.0189,1.425,0.076,0.0,50,49.97,45.03,Normal
0.7091,1.0088,1.423,0.038,0.0,50,49.975,50.98,Normal
0.724,1.0381,1.434,0.136,0.0,50,50.0,40.39,Normal
0.7096,1.5435,2.175,3.004,5.0,50,49.987,53.66,Transient
0.9592,1.686,1.758,2.25,95.5,50,49.99,40.05,Swell
0.7047,1.0045,1.425,0.056,0.0,50,50.027,46.76,Normal
0.72,1.0382,1.442,0.147,0.0,50,49.984,38.3,Normal
0.5982,1.0033,1.677,5.097,66.7,50,50.017,49.07,Sag
0.7081,1.044,1.474,5.12,0.0,50,49.992,48.04,Harmonics
0.4483,1.0068,2.246,9.209,118.1,50,49.98,44.15,Interruption
0.7013,0.9959,1.42,0.026,0.0,50,49.991,53.82,Normal
0.6273,1.001,1.596,1.386,83.8,50,49.999,54.49,Sag
0.7078,1.7371,2.454,1.957,5.0,50,50.002,48.45,Transient
0.7817,1.3302,1.702,0.925,59.1,50,50.019,53.2,Swell
0.7055,1.0322,1.463,0.271,0.0,50,50.035,35.82,Normal
0.7049,1.0212,1.449,0.165,0.0,50,50.017,36.47,Normal
0.4852,1.0024,2.066,6.068,117.5,50,49.97,47.37,Sag
0.5788,1.0242,1.77,1.453,113.2,50,50.008,35.28,Sag
0.6991,1.0162,1.454,0.192,0.0,50,49.973,35.36,Normal
0.7113,1.0225,1.437,0.161,0.0,50,49.987,39.6,Normal
0.6988,0.9993,1.43,0.107,0.0,50,49.985,42.65,Normal
0.7071,1.0057,1.422,0.049,0.0,50,50.011,50.29,Normal
0.6925,0.9911,1.431,0.165,0.0,50,50.004,40.48,Normal
0.7082,1.0411,1.47,0.169,0.0,50,50.009,39.89,Flicker
0.9059,1.5999,1.766,2.3,82.1,50,50.014,52.99,Swell
0.6495,1.0084,1.553,7.901,33.3,50,49.976,45.93,Interruption
0.7094,1.1051,1.558,7.94,0.0,50,49.969,46.9,Harmonics
0.9029,1.579,1.749,1.495,92.9,50,49.987,35.44,Swell
0.4573,1.0036,2.195,1.324,150.1,50,49.993,46.71,Sag
0.7001,1.0039,1.434,0.136,0.0,50,49.991,41.53,Normal
0.709,1.0581,1.492,0.093,0.0,50,50.016,42.74,Flicker
0.8179,1.5448,1.889,1.586,46.9,50,50.012,44.66,Swell
0.7281,1.0534,1.447,0.274,0.0,50,50.024,36.25,Normal
0.5805,1.0178,1.753,0.984,120.1,50,50.006,35.84,Sag
0.6952,0.9981,1.436,0.109,0.0,50,50.018,41.61,Normal
0.6262,1.0026,1.601,5.706,41.3,50,49.974,51.74,Interruption
0.7051,0.9995,1.418,0.028,0.0,50,50.015,54.47,Normal
0.7099,1.0659,1.502,0.045,0.0,50,50.02,49.96,Flicker
0.5148,1.0075,1.957,4.206,104.2,50,50.015,44.14,Sag
0.5374,1.0153,1.889,6.445,85.5,50,49.994,36.8,Sag
0.7091,1.0127,1.428,7.544,0.0,50,49.997,39.87,Harmonics
0.7146,1.0218,1.43,0.079,0.0,50,49.992,45.93,Normal
0.2295,1.0005,4.36,7.408,176.4,50,49.986,43.43,Interruption
0.7121,1.0276,1.443,0.124,0.0,50,50.014,40.82,Normal
0.7076,1.0277,1.452,1.331,0.0,50,49.988,35.38,Notch
0.814,1.2243,1.504,0.244,137.4,50,49.995,47.44,Swell
0.7062,1.0068,1.426,0.075,0.0,50,49.986,47.22,Normal
0.6527,1.0076,1.544,2.42,44.7,50,50.001,44.89,Sag
0.7087,1.3932,1.966,1.004,5.0,50,50.028,40.75,Transient
0.7115,1.0097,1.419,0.035,0.0,50,49.992,53.44,Normal
1.0458,1.6852,1.611,0.748,132.5,50,49.985,52.72,Swell
0.6774,1.037,1.531,0.455,59.6,50,49.959,35.34,Sag
0.7035,1.0128,1.44,0.116,0.0,50,49.979,39.39,Normal
0.7099,1.0279,1.448,0.269,0.0,50,50.015,35.1,Normal
0.7099,1.0883,1.533,8.535,0.0,50,49.984,40.69,Harmonics
0.7341,1.1798,1.607,0.252,40.2,50,50.022,53.16,Swell
0.7086,1.6538,2.334,0.363,5.0,50,49.967,52.08,Transient
0.5982,1.0176,1.701,8.738,53.4,50,50.001,36.28,Interruption
0.7059,1.0043,1.423,0.717,5.0,50,50.035,53.27,Transient
0.7084,1.0154,1.433,5.847,0.0,50,49.983,48.74,Harmonics
0.7079,1.3724,1.939,0.202,5.0,50,50.012,44.18,Transient
0.7085,1.8845,2.66,0.747,5.0,50,50.018,35.75,Transient
0.7083,1.0088,1.424,5.544,0.0,50,49.994,44.27,Harmonics
0.7094,1.0058,1.418,3.203,0.0,50,50.022,49.81,Notch
0.716,1.0173,1.421,0.039,0.0,50,49.991,51.13,Normal
0.7081,1.0214,1.443,0.125,0.0,50,49.971,39.44,Normal
0.4218,1.0044,2.381,0.473,159.2,50,49.999,44.01,Sag
0.7103,1.0037,1.413,6.219,0.0,50,50.02,51.5,Notch
0.5996,1.0198,1.701,3.83,54.3,50,50.019,36.14,Sag
0.7118,1.0111,1.421,0.032,0.0,50,49.986,53.09,Normal
0.6998,1.0072,1.439,0.138,0.0,50,49.985,40.13,Normal
0.7092,1.6366,2.308,0.878,5.0,50,50.014,35.07,Transient
0.6956,0.9929,1.427,0.085,0.0,50,50.046,45.98,Normal
0.843,1.2772,1.515,0.218,140.7,50,49.971,40.11,Swell
0.6284,1.0027,1.596,1.071,87.8,50,50.038,50.9,Sag
0.7015,0.9955,1.419,0.033,0.0,50,49.995,51.6,Normal
0.7128,1.0383,1.457,0.029,0.0,50,50.018,52.77,Flicker
0.7161,1.0171,1.42,0.033,0.0,50,50.032,53.39,Normal
0.7083,1.6912,2.388,0.834,5.0,50,49.987,46.91,Transient
0.608,1.0126,1.665,1.022,83.5,50,50.015,40.48,Sag
0.708,0.9946,1.405,5.703,0.0,50,50.027,47.39,Harmonics
0.4886,1.0156,2.079,2.003,119.1,50,50.031,38.26,Sag
0.5926,1.007,1.699,4.053,58.5,50,50.01,44.48,Interruption
0.7019,0.996,1.419,0.042,0.0,50,50.008,52.25,Normal
0.7123,1.0122,1.421,0.047,0.0,50,50.011,48.91,Normal
0.7075,1.0033,1.418,0.031,0.0,50,50.007,52.88,Normal
0.7014,0.9992,1.424,0.049,0.0,50,50.018,50.11,Normal
0.3569,1.0015,2.806,12.349,147.4,50,49.989,54.55,Interruption
0.391,1.0067,2.575,19.044,136.1,50,49.996,41.09,Interruption
0.7074,1.3999,1.979,0.339,5.0,50,49.993,37.0,Transient
0.7153,1.0391,1.453,0.229,0.0,50,50.019,36.22,Normal
0.6375,1.0044,1.575,8.032,34.1,50,50.044,50.99,Interruption
0.7099,1.1419,1.609,9.065,0.0,50,50.028,43.39,Harmonics
0.7088,1.0274,1.45,6.8,0.0,50,49.994,47.84,Harmonics
0.7072,1.1335,1.603,0.245,5.0,50,50.035,46.14,Transient
0.6187,1.0099,1.632,0.356,129.8,50,50.018,42.87,Sag
0.7113,1.0097,1.419,0.033,0.0,50,50.035,54.16,Normal
0.6919,0.9843,1.423,0.051,0.0,50,50.036,47.31,Normal
0.7097,2.6817,3.778,0.443,5.0,50,50.046,44.17,Transient
0.5839,1.0125,1.734,9.682,65.7,50,49.988,40.57,Interruption
0.7081,1.0044,1.419,0.026,0.0,50,50.0,52.68,Normal
0.2834,1.0003,3.53,9.367,168.7,50,49.988,51.33,Interruption
0.7084,1.05,1.482,5.947,0.0,50,49.985,42.6,Harmonics
0.5992,1.0013,1.671,4.535,71.8,50,50.035,54.93,Sag
0.7233,1.0384,1.436,0.091,0.0,50,50.008,44.88,Normal
0.7152,1.0218,1.429,0.085,0.0,50,50.018,43.72,Normal
0.8414,1.788,2.125,0.82,35.4,50,49.966,50.8,Swell
0.7092,1.0062,1.419,0.034,0.0,50,50.0,52.94,Normal
0.4815,1.0059,2.089,6.483,116.7,50,50.007,45.81,Sag
0.7111,1.0084,1.418,0.028,0.0,50,50.002,54.03,Normal
0.7113,1.0125,1.423,0.048,0.0,50,49.997,48.04,Normal
0.7088,1.0507,1.482,0.037,0.0,50,49.999,50.8,Flicker
0.6685,1.0073,1.507,1.545,25.9,50,49.988,44.22,Sag
0.6549,1.0184,1.555,0.559,93.5,50,49.988,38.14,Sag
0.7085,1.0248,1.446,6.978,0.0,50,50.033,52.14,Harmonics
1.1043,1.6937,1.534,0.283,155.3,50,50.009,47.75,Swell
0.7092,1.0322,1.456,0.044,0.0,50,50.016,50.83,Flicker
0.6539,1.0036,1.535,2.123,31.4,50,49.991,52.07,Sag
0.9582,1.767,1.844,0.419,79.7,50,49.99,48.49,Swell
0.5722,1.0027,1.752,5.167,72.2,50,50.027,53.1,Sag
0.712,1.0515,1.477,0.054,0.0,50,49.983,46.97,Flicker
0.2765,1.0004,3.618,4.376,169.7,50,49.994,48.23,Interruption
0.7074,1.0522,1.488,3.875,0.0,50,50.022,44.54,Harmonics
0.7121,1.9904,2.795,1.332,5.0,50,50.031,48.13,Transient
0.9474,1.7464,1.843,2.422,80.0,50,49.958,40.98,Swell
0.6439,1.0034,1.558,2.479,45.1,50,50.007,54.19,Sag
0.977,1.5333,1.569,0.407,150.7,50,50.004,35.46,Swell
0.7093,1.0982,1.548,7.323,0.0,50,49.967,37.6,Harmonics
0.6991,1.007,1.44,0.201,0.0,50,49.986,37.48,Normal
0.7136,1.018,1.427,0.084,0.0,50,49.987,43.82,Normal
0.7116,0.9911,1.393,10.962,0.0,50,49.962,37.35,Harmonics
0.5494,1.0072,1.833,3.195,100.1,50,49.98,45.25,Sag
0.7082,1.0397,1.468,0.048,0.0,50,49.994,50.64,Flicker
0.6115,1.0279,1.681,2.41,66.4,50,49.982,36.91,Sag
0.7022,1.0,1.424,0.068,0.0,50,49.994,47.05,Normal
0.7086,1.0534,1.487,5.765,0.0,50,49.962,40.22,Harmonics
0.7032,1.008,1.434,0.136,0.0,50,49.993,40.31,Normal
0.7079,1.0558,1.492,3.897,0.0,50,49.966,35.76,Harmonics
0.7072,1.0236,1.447,0.039,0.0,50,50.018,52.66,Flicker
0.7136,1.6575,2.323,0.975,5.0,50,50.01,49.54,Transient
0.3449,1.0017,2.904,11.728,151.6,50,49.973,52.06,Interruption
0.731,1.1316,1.548,0.488,58.0,50,50.004,37.99,Swell
0.6974,0.9906,1.42,0.029,0.0,50,50.02,54.17,Normal
0.4716,1.0009,2.122,2.715,137.2,50,49.992,53.53,Sag
0.7043,0.9981,1.417,0.03,0.0,50,50.034,54.27,Normal
0.7094,1.0059,1.418,0.051,0.0,50,49.964,50.35,Normal
0.8709,1.4056,1.614,0.667,113.5,50,50.01,38.86,Swell
0.6978,0.9897,1.418,0.024,0.0,50,50.014,54.1,Normal
0.7164,1.0255,1.431,0.081,0.0,50,49.967,46.09,Flicker
0.5074,1.0032,1.977,11.826,97.4,50,49.983,45.23,Interruption
0.7085,1.179,1.664,0.312,5.0,50,50.006,50.27,Transient
0.7036,1.0191,1.448,0.207,0.0,50,49.982,36.74,Normal
0.7695,1.215,1.579,0.849,90.7,50,49.955,35.65,Swell
0.5338,1.0018,1.877,7.445,87.6,50,50.003,52.2,Interruption
0.7081,0.989,1.397,5.29,0.0,50,50.003,49.09,Harmonics
0.7351,1.2774,1.738,0.822,27.4,50,49.997,50.19,Swell
0.7109,1.1879,1.671,10.038,0.0,50,49.946,37.06,Harmonics
0.7189,1.0275,1.429,0.071,0.0,50,50.027,45.59,Normal
0.7095,1.1328,1.597,8.413,0.0,50,49.998,42.91,Harmonics
0.7103,2.0804,2.929,2.563,5.0,50,50.016,50.29,Transient
0.7047,1.01,1.433,0.136,0.0,50,49.991,39.72,Normal
0.7174,1.0376,1.446,0.202,0.0,50,50.014,38.01,Normal
0.7078,1.0075,1.424,0.079,0.0,50,49.971,44.79,Normal
0.7883,1.1821,1.5,0.183,138.8,50,49.997,41.6,Swell
0.7027,0.9986,1.421,0.065,0.0,50,49.98,46.7,Normal
0.7138,2.5152,3.524,2.996,5.0,50,50.021,46.4,Transient
0.7131,1.0143,1.422,0.041,0.0,50,49.994,49.62,Normal
0.2893,1.0004,3.459,15.624,164.1,50,50.031,53.69,Interruption
0.7074,1.027,1.452,3.81,0.0,50,50.026,42.84,Harmonics
0.7583,1.2577,1.659,0.79,53.0,50,50.002,41.93,Swell
0.5526,1.0046,1.818,4.376,93.5,50,49.987,46.48,Sag
0.6714,1.0208,1.52,1.085,28.1,50,49.973,37.71,Sag
0.7777,1.2608,1.621,0.813,75.0,50,50.018,53.02,Swell
0.6973,0.9896,1.419,0.04,0.0,50,50.01,50.2,Normal
0.7036,1.0002,1.422,0.057,0.0,50,49.965,47.59,Normal
0.8121,1.616,1.99,0.534,40.4,50,50.036,49.7,Swell
0.7043,1.0049,1.427,0.071,0.0,50,50.013,46.37,Normal
0.6538,1.0026,1.533,0.759,43.7,50,49.998,54.3,Sag
0.7008,1.006,1.435,0.106,0.0,50,50.004,42.72,Normal
0.5616,1.0136,1.805,6.97,76.2,50,49.983,39.64,Interruption
0.4893,1.0141,2.073,1.35,154.0,50,49.966,35.2,Sag
0.9469,1.7043,1.8,1.188,84.4,50,50.008,51.96,Swell
0.6968,1.0004,1.436,0.17,0.0,50,49.99,39.9,Normal
1.0774,1.7246,1.601,0.943,133.7,50,50.005,51.01,Swell
0.5667,1.0064,1.776,2.098,107.1,50,50.016,45.54,Sag
0.7928,1.4484,1.827,0.869,44.4,50,49.994,53.76,Swell
0.7151,1.0204,1.427,0.088,0.0,50,49.973,45.49,Normal
0.7116,2.2159,3.114,0.959,5.0,50,49.998,53.61,Transient
0.5742,1.0059,1.752,0.52,148.7,50,50.035,45.6,Sag
0.7084,1.0273,1.45,0.056,0.0,50,49.963,48.23,Flicker
0.7504,1.1471,1.529,0.547,88.3,50,50.014,42.82,Swell
0.7083,1.0165,1.435,5.254,0.0,50,49.968,54.3,Harmonics
0.7075,1.0121,1.431,0.081,0.0,50,50.018,45.69,Normal
0.708,1.0057,1.421,0.919,5.0,50,49.977,47.63,Transient
0.6402,1.0227,1.597,0.253,140.0,50,50.03,36.4,Sag
0.7153,1.0178,1.423,0.041,0.0,50,50.021,50.26,Normal
0.7275,1.0633,1.461,0.213,0.0,50,50.014,35.19,Normal
0.7114,1.0408,1.463,11.167,0.0,50,50.017,35.04,Harmonics
0.7149,1.0215,1.429,0.076,0.0,50,49.997,44.02,Normal
0.6141,1.0088,1.643,0.229,154.5,50,49.984,42.61,Sag
0.6984,0.9936,1.423,0.038,0.0,50,50.011,51.48,Normal
0.5936,1.0123,1.705,5.96,66.6,50,49.981,43.54,Sag
0.7071,1.5561,2.201,0.324,5.0,50,50.009,51.46,Transient
0.8061,1.1887,1.475,0.155,158.2,50,50.021,42.88,Swell
0.7084,1.0247,1.446,0.173,0.0,50,50.007,37.79,Normal
0.7121,1.0549,1.481,0.047,0.0,50,49.995,48.26,Flicker
0.3728,1.0009,2.685,7.909,146.5,50,49.991,52.99,Interruption
0.6998,0.9971,1.425,0.063,0.0,50,49.989,48.31,Normal
0.7168,2.1364,2.981,5.804,5.0,50,49.986,42.1,Transient
0.8281,1.6165,1.952,2.462,47.2,50,50.024,38.13,Swell
0.5437,1.0035,1.846,7.552,83.8,50,50.019,52.08,Sag
0.7137,2.6885,3.767,0.385,5.0,50,49.968,48.43,Transient
0.7077,1.0105,1.428,1.892,5.0,50,49.982,43.62,Transient
0.7084,1.3388,1.89,0.798,5.0,50,50.04,44.26,Transient
0.7138,1.0278,1.44,0.111,0.0,50,50.003,41.7,Normal
0.6265,1.0038,1.602,4.049,42.7,50,49.998,52.98,Sag
0.6995,0.9918,1.418,0.03,0.0,50,49.988,52.03,Normal
0.6547,1.0073,1.539,0.57,30.0,50,49.971,46.56,Sag
0.7124,1.022,1.435,0.081,0.0,50,50.028,44.24,Normal
0.7085,1.0188,1.438,0.134,0.0,50,50.026,40.77,Normal
0.712,1.0312,1.448,0.193,0.0,50,50.02,38.19,Normal
0.5201,1.0096,1.941,4.57,98.8,50,49.97,45.0,Sag
0.2796,1.0014,3.581,6.768,167.6,50,50.005,44.15,Interruption
0.8921,1.7041,1.91,1.325,63.9,50,50.049,41.62,Swell
0.7105,1.0738,1.511,9.695,0.0,50,49.992,39.69,Harmonics
0.6472,1.0038,1.551,0.284,127.8,50,49.96,49.39,Sag
0.6995,0.9937,1.421,0.036,0.0,50,50.024,52.16,Normal
0.7014,0.9978,1.423,0.062,0.0,50,50.003,48.6,Normal
0.7215,1.026,1.422,0.049,0.0,50,50.033,48.49,Normal
0.7018,1.0045,1.431,0.088,0.0,50,49.988,43.03,Normal
0.7083,1.0474,1.479,5.837,0.0,50,49.988,39.08,Harmonics
0.4726,1.0124,2.142,7.581,111.8,50,49.998,35.59,Interruption
0.6075,1.006,1.656,0.135,120.1,50,49.988,44.44,Sag
0.4588,1.0167,2.216,5.084,116.3,50,49.993,36.77,Sag
0.5557,1.0075,1.813,2.844,96.9,50,50.016,42.29,Sag
0.8604,1.2863,1.495,0.222,149.8,50,49.981,51.08,Swell
0.7089,1.0609,1.496,7.018,0.0,50,50.003,48.2,Harmonics
0.6754,1.0022,1.484,0.402,87.0,50,50.009,53.1,Sag
0.7738,1.7221,2.226,0.801,21.7,50,49.99,39.82,Swell
0.7084,1.122,1.584,0.411,5.0,50,49.992,36.68,Transient
0.7081,1.0051,1.419,0.032,0.0,50,49.957,53.32,Normal
0.8168,1.3728,1.681,1.44,79.1,50,50.021,44.37,Swell
0.561,1.0048,1.791,2.332,81.3,50,49.985,51.1,Sag
0.4405,1.0022,2.275,2.367,144.2,50,49.968,52.94,Sag
0.4172,1.0166,2.436,12.169,130.3,50,50.002,35.66,Interruption
0.5143,1.0061,1.956,9.585,94.7,50,49.991,47.64,Interruption
0.5093,1.0025,1.969,1.961,118.2,50,50.006,47.81,Sag
0.7169,1.0646,1.485,0.037,0.0,50,50.0,52.19,Flicker
0.7323,1.0792,1.474,0.265,0.0,50,49.982,35.18,Flicker
0.7083,1.0556,1.49,0.147,0.0,50,50.002,41.02,Flicker
0.5199,1.0132,1.949,3.035,100.1,50,49.974,40.45,Sag
0.4501,1.002,2.226,2.768,130.3,50,50.015,52.77,Sag
0.6525,1.0057,1.541,2.248,54.3,50,49.98,49.04,Sag
0.7092,1.0293,1.451,0.102,0.0,50,50.02,42.6,Flicker
1.0089,1.6203,1.606,0.919,131.7,50,50.01,43.42,Swell
0.7104,1.0216,1.438,0.106,0.0,50,50.043,40.87,Normal
0.601,1.0046,1.671,2.659,71.5,50,50.011,47.88,Sag
0.703,0.9964,1.417,0.024,0.0,50,49.981,54.99,Normal
0.6953,1.0143,1.459,0.185,0.0,50,50.012,35.34,Normal
0.7091,1.1099,1.565,7.263,0.0,50,49.992,37.52,Harmonics
0.4186,1.002,2.394,15.692,129.6,50,50.016,50.97,Interruption
0.7153,1.0163,1.421,0.036,0.0,50,50.002,51.95,Normal
0.6571,1.0136,1.543,0.28,133.7,50,49.988,38.97,Sag
0.7081,1.5053,2.126,0.643,5.0,50,49.986,40.59,Transient
0.4438,1.0034,2.261,1.006,153.1,50,50.015,47.72,Sag
0.7098,1.0137,1.428,0.102,0.0,50,50.003,43.55,Normal
0.7137,1.0134,1.42,0.032,0.0,50,50.051,53.62,Normal
0.6327,1.0046,1.588,0.773,79.2,50,50.019,48.92,Sag
0.7115,2.5081,3.525,0.559,5.0,50,49.982,38.97,Transient
0.7077,1.0522,1.487,0.192,0.0,50,49.993,37.02,Flicker
0.7105,1.7364,2.444,0.564,5.0,50,49.988,38.52,Transient
0.7129,1.066,1.495,0.031,0.0,50,49.989,53.19,Flicker
0.7647,1.6022,2.095,1.661,21.0,50,49.969,47.4,Swell
0.7093,1.0412,1.468,0.044,0.0,50,50.004,50.65,Flicker
0.7088,1.0948,1.545,6.891,0.0,50,50.002,43.74,Harmonics
0.7758,1.4694,1.894,1.573,37.1,50,49.989,48.49,Swell
0.6842,1.0253,1.498,0.924,47.1,50,50.048,35.9,Sag
0.8013,1.6321,2.037,2.926,34.3,50,50.01,37.65,Swell
1.0457,1.7259,1.65,0.506,120.9,50,49.981,46.28,Swell
0.7101,1.0104,1.423,0.062,0.0,50,50.021,49.15,Normal
0.6358,1.0098,1.588,3.648,49.4,50,50.014,44.57,Sag
0.6519,1.0037,1.54,0.908,71.4,50,50.024,48.57,Sag
0.7602,1.3273,1.746,0.595,40.6,50,49.984,53.61,Swell
0.8082,1.2987,1.607,1.16,90.8,50,49.954,52.3,Swell
0.6582,1.0078,1.531,5.443,27.9,50,49.998,47.15,Sag
0.4547,1.0092,2.22,2.804,119.8,50,49.983,42.89,Sag
0.5912,1.0099,1.708,0.618,127.8,50,50.008,42.09,Sag
0.5597,1.0023,1.791,1.972,96.1,50,50.004,53.09,Sag
0.5989,1.0169,1.698,7.876,54.4,50,50.018,36.49,Interruption
1.0336,1.6975,1.642,1.66,125.9,50,49.988,37.44,Swell
0.7033,1.0161,1.445,0.179,0.0,50,50.019,38.14,Normal
0.3189,1.0017,3.141,25.77,157.5,50,49.992,47.89,Interruption
0.7083,1.0181,1.437,0.025,0.0,50,49.993,54.68,Flicker
0.7842,1.594,2.033,2.731,32.0,50,50.023,35.11,Swell
0.7102,1.0081,1.419,0.027,0.0,50,50.008,53.17,Normal
0.7103,1.0326,1.454,9.47,0.0,50,49.989,36.64,Harmonics
0.5925,1.0025,1.692,2.793,65.1,50,50.006,52.08,Sag
0.605,1.017,1.681,4.123,51.5,50,50.023,38.37,Interruption
0.8332,1.5102,1.813,1.188,64.6,50,50.027,37.26,Swell
0.7031,1.035,1.472,0.266,0.0,50,50.014,35.01,Normal
0.7103,1.0396,1.464,9.3,0.0,50,50.009,37.72,Harmonics
0.703,1.0006,1.423,0.066,0.0,50,50.002,47.79,Normal
0.7092,1.2587,1.775,1.619,5.0,50,49.982,45.37,Transient
0.2825,1.0011,3.543,23.464,168.2,50,50.031,47.91,Interruption
0.6028,1.0148,1.684,6.82,52.3,50,49.981,38.49,Interruption
0.6813,1.0069,1.478,0.344,32.2,50,49.996,50.82,Sag
0.955,1.706,1.786,1.625,93.0,50,49.998,40.1,Swell
0.6987,0.9936,1.422,0.061,0.0,50,49.989,49.55,Normal
0.5115,1.0018,1.958,4.586,101.6,50,50.032,54.59,Sag
0.7107,0.9627,1.355,10.116,0.0,50,49.995,43.4,Harmonics
0.7085,1.0922,1.542,0.665,5.0,50,50.018,36.59,Transient
0.7233,1.044,1.443,0.022,0.0,50,50.004,54.59,Flicker
0.7073,1.0147,1.435,0.144,0.0,50,50.009,40.93,Normal
0.5646,1.0064,1.782,2.415,113.4,50,49.999,44.65,Sag
1.0658,1.7068,1.601,0.893,147.1,50,49.99,35.08,Swell
0.6282,1.0066,1.602,1.129,61.2,50,50.024,45.37,Sag
0.7114,1.0133,1.424,0.056,0.0,50,49.975,47.17,Normal
0.7111,1.0133,1.425,0.062,0.0,50,50.0,46.86,Normal
0.3797,1.0022,2.639,9.004,142.2,50,50.004,54.75,Interruption
0.6418,1.0042,1.565,1.489,48.9,50,50.012,52.49,Sag
0.6816,1.0238,1.502,1.354,33.9,50,49.975,38.71,Sag
0.7077,1.1709,1.654,0.953,5.0,50,49.97,37.1,Transient
0.7119,1.0257,1.441,7.146,0.0,50,49.995,37.13,Notch
0.7092,1.5653,2.207,0.703,5.0,50,50.009,36.24,Transient
0.6125,1.0038,1.639,2.327,49.0,50,50.033,46.13,Interruption
0.7091,1.0573,1.491,7.734,0.0,50,50.007,38.53,Harmonics
0.7099,1.0142,1.429,9.283,0.0,50,50.043,44.05,Harmonics
0.6406,1.002,1.564,0.76,110.2,50,49.965,53.88,Sag
0.7102,1.0152,1.43,2.679,0.0,50,49.979,39.27,Notch
0.7103,1.0278,1.447,4.064,0.0,50,50.003,36.39,Notch
0.7094,1.9784,2.789,0.816,5.0,50,49.99,42.45,Transient
0.7074,1.0139,1.433,0.762,0.0,50,49.994,40.24,Notch
0.7077,1.0456,1.477,5.137,0.0,50,50.011,36.54,Harmonics
0.4916,1.0016,2.037,2.09,127.8,50,49.965,54.57,Sag
0.384,1.0017,2.609,6.808,143.6,50,49.975,50.62,Interruption
0.7092,1.0311,1.454,7.686,0.0,50,49.997,52.72,Harmonics
0.7103,1.8064,2.543,0.306,5.0,50,49.96,48.07,Transient
0.704,1.0116,1.437,0.117,0.0,50,50.007,42.23,Normal
0.7133,1.0155,1.424,0.055,0.0,50,50.028,47.58,Normal
0.502,1.0015,1.995,5.753,98.3,50,49.999,54.59,Interruption
0.7076,1.0054,1.421,2.222,0.0,50,49.99,47.78,Notch
0.6874,1.0033,1.459,0.424,37.9,50,49.985,52.05,Sag
0.7088,1.0332,1.458,0.05,0.0,50,50.013,49.9,Flicker
0.7081,1.0053,1.42,0.027,0.0,50,50.002,53.71,Normal
0.2452,1.0024,4.089,5.256,177.1,50,50.029,42.72,Interruption
0.7107,1.0132,1.426,0.075,0.0,50,50.013,43.82,Normal
0.6657,1.0169,1.528,0.803,43.2,50,49.986,38.59,Sag
0.7088,1.8647,2.631,0.569,5.0,50,50.0,48.29,Transient
0.9358,1.4791,1.581,0.424,131.0,50,49.992,43.59,Swell
0.7081,1.0116,1.429,0.084,0.0,50,50.052,44.72,Normal
0.672,1.0029,1.493,1.17,54.3,50,49.987,54.52,Sag
0.7084,1.0039,1.417,5.687,0.0,50,49.981,51.96,Harmonics
0.706,1.0012,1.418,0.02,0.0,50,49.995,54.61,Normal
0.7116,1.0152,1.427,0.138,0.0,50,49.994,42.79,Normal
0.6385,1.011,1.583,5.395,37.1,50,50.014,43.21,Interruption
0.6785,1.003,1.478,1.114,45.9,50,50.005,53.73,Sag
0.8028,1.3134,1.636,0.945,81.1,50,49.991,53.79,Swell
0.7082,1.0738,1.516,6.662,0.0,50,50.047,41.53,Harmonics
0.377,1.0048,2.665,3.807,146.0,50,50.036,45.33,Sag
0.7067,1.0149,1.436,4.606,5.0,50,50.022,39.72,Transient
0.7127,1.0135,1.422,0.072,0.0,50,49.987,46.78,Normal
0.7039,1.0299,1.463,0.27,0.0,50,50.0,35.47,Normal
0.8181,1.4232,1.74,1.533,67.7,50,50.015,41.13,Swell
0.695,0.9875,1.421,0.055,0.0,50,49.999,49.02,Normal
0.7141,2.3263,3.258,0.73,5.0,50,50.013,40.79,Transient
0.7106,1.0101,1.421,10.072,0.0,50,50.025,52.25,Harmonics
0.7084,1.0267,1.449,6.925,0.0,50,50.019,37.92,Harmonics
0.7082,1.1722,1.655,0.377,5.0,50,49.986,37.48,Transient
0.649,1.0022,1.544,1.852,31.2,50,49.996,53.06,Interruption
0.9284,1.4572,1.57,0.996,132.1,50,49.989,52.2,Swell
0.9828,1.7404,1.771,1.881,96.8,50,49.945,40.95,Swell
0.6817,1.015,1.489,0.446,52.2,50,50.011,40.12,Sag
0.6471,1.0096,1.56,1.208,42.9,50,49.968,43.05,Sag
0.517,1.0028,1.94,2.654,109.0,50,49.999,47.28,Sag
0.7096,1.0212,1.439,6.12,0.0,50,50.023,38.71,Notch
0.7124,1.9044,2.673,0.577,5.0,50,49.951,37.24,Transient
0.3893,1.0089,2.591,7.678,138.9,50,49.991,37.18,Interruption
0.7391,1.066,1.442,0.051,0.0,50,50.006,47.53,Flicker
0.7144,1.0141,1.42,0.022,0.0,50,49.988,54.93,Normal
1.0708,1.6385,1.53,0.289,158.8,50,50.0,45.03,Swell
0.4991,1.0079,2.02,0.261,142.0,50,49.985,42.13,Sag
0.6362,1.0074,1.584,0.959,62.4,50,50.003,44.54,Sag
0.7084,1.0399,1.468,0.027,0.0,50,50.02,53.69,Flicker
0.7143,1.0144,1.42,0.035,0.0,50,49.998,53.18,Normal
0.747,1.1826,1.583,0.734,69.3,50,49.952,36.43,Swell
0.6463,1.022,1.581,7.364,31.4,50,49.957,40.09,Sag
0.7083,1.08,1.525,0.151,0.0,50,50.018,40.98,Flicker
0.7133,1.6185,2.269,3.382,5.0,50,50.0,47.7,Transient
0.7096,1.0972,1.546,8.21,0.0,50,49.986,43.81,Harmonics
0.7089,1.0469,1.477,7.135,0.0,50,49.997,43.98,Harmonics
0.7074,1.0283,1.454,3.247,0.0,50,50.009,44.34,Harmonics
0.9018,1.3761,1.526,0.463,146.1,50,50.014,49.03,Swell
0.7033,1.0016,1.424,0.053,0.0,50,50.008,47.9,Normal
0.7129,1.009,1.415,8.968,0.0,50,50.013,43.56,Notch
0.9719,1.5153,1.559,0.464,146.3,50,49.99,37.74,Swell
0.7093,1.0652,1.502,0.151,0.0,50,50.009,39.32,Flicker
0.7003,1.0203,1.457,0.252,0.0,50,50.005,35.39,Normal
0.708,1.0036,1.418,2.154,0.0,50,49.984,51.93,Notch
0.6158,1.0025,1.628,3.708,55.4,50,50.0,54.37,Sag
0.6542,1.0167,1.554,4.295,28.7,50,50.03,39.35,Interruption
0.8357,1.7106,2.047,2.166,44.4,50,49.983,42.49,Swell
0.7059,1.0161,1.44,0.163,0.0,50,49.997,38.33,Normal
0.7678,1.4497,1.888,1.821,35.2,50,49.997,46.98,Swell
0.6297,1.0078,1.601,3.012,40.6,50,50.014,44.32,Interruption
0.7129,1.0279,1.442,0.093,0.0,50,50.014,40.92,Normal
0.6803,1.0062,1.479,0.447,74.0,50,49.994,43.3,Sag
0.7017,0.9979,1.422,0.062,0.0,50,49.965,47.57,Normal
0.671,1.0047,1.497,0.491,50.8,50,50.025,47.52,Sag
0.6099,1.003,1.645,4.307,50.2,50,49.996,50.1,Interruption
0.7816,1.2025,1.538,0.763,103.1,50,49.991,47.39,Swell
0.7563,1.33,1.759,0.573,37.3,50,50.03,37.86,Swell
0.4691,1.0084,2.15,5.113,115.9,50,50.014,40.47,Sag
0.8089,1.4497,1.792,1.773,57.8,50,49.97,51.61,Swell
0.6035,1.0133,1.679,0.761,133.2,50,50.002,36.36,Sag
0.5123,1.006,1.964,0.8,153.5,50,50.029,47.04,Sag
0.6422,1.0028,1.561,0.582,103.3,50,49.991,49.56,Sag
0.7147,1.0154,1.421,0.052,0.0,50,49.953,49.63,Normal
0.99,1.6578,1.675,2.041,111.9,50,49.996,45.08,Swell
0.691,0.9837,1.424,0.056,0.0,50,50.02,47.05,Normal
0.5922,1.008,1.702,4.023,57.0,50,50.052,45.08,Interruption
0.6618,1.0024,1.515,0.496,78.9,50,50.003,53.44,Sag
0.6727,1.0068,1.497,0.9,56.3,50,49.98,49.01,Sag
0.5778,1.0189,1.763,0.986,123.2,50,50.022,37.3,Sag
0.7087,1.0853,1.531,6.711,0.0,50,50.01,48.4,Harmonics
0.5631,1.01,1.794,4.167,90.6,50,49.989,42.39,Sag
0.6642,1.0211,1.537,4.822,23.3,50,50.022,37.89,Sag
0.709,1.0391,1.465,7.879,0.0,50,50.043,51.56,Harmonics
0.71,2.3065,3.249,0.323,5.0,50,49.97,50.3,Transient
0.671,1.005,1.498,0.699,76.9,50,49.982,46.51,Sag
0.5256,1.0235,1.947,7.095,87.6,50,50.019,35.4,Interruption
0.7119,1.033,1.451,3.496,0.0,50,49.98,35.58,Notch
0.7082,1.0367,1.464,0.254,5.0,50,50.023,54.27,Transient
0.7079,1.0345,1.461,0.103,0.0,50,49.992,42.3,Flicker
0.7099,1.0094,1.422,0.041,0.0,50,50.003,51.36,Normal
0.698,1.0158,1.455,0.271,0.0,50,49.987,35.22,Normal
0.6135,1.016,1.656,2.313,73.8,50,49.994,38.4,Sag
0.709,1.0462,1.476,6.595,0.0,50,49.972,46.22,Harmonics
0.709,1.0093,1.424,0.05,0.0,50,49.997,48.32,Normal
0.2871,1.0047,3.5,27.755,167.0,50,49.977,35.78,Interruption
0.713,1.0159,1.425,0.061,0.0,50,49.995,48.44,Normal
0.7077,1.0032,1.418,1.596,0.0,50,49.995,54.0,Notch
0.7056,1.0165,1.441,0.131,0.0,50,49.978,39.08,Normal
0.7174,1.0201,1.422,0.053,0.0,50,50.006,48.05,Normal
0.7021,1.0012,1.426,0.088,0.0,50,50.019,43.91,Normal
0.7089,1.0422,1.47,6.747,0.0,50,49.974,43.33,Harmonics
0.7077,1.0029,1.417,4.802,0.0,50,50.017,44.18,Harmonics
0.7082,1.0167,1.436,5.892,0.0,50,50.03,36.98,Harmonics
0.7103,1.1008,1.55,9.748,0.0,50,50.022,41.48,Harmonics
0.709,1.8415,2.597,0.385,5.0,50,50.006,40.86,Transient
0.2818,1.0016,3.555,8.843,165.3,50,49.979,47.29,Interruption
0.921,1.4168,1.538,0.209,140.4,50,50.034,49.44,Swell
0.7079,1.0123,1.43,0.457,5.0,50,49.99,45.84,Transient
0.7144,1.0325,1.445,0.187,0.0,50,50.001,38.2,Normal
0.59,1.0077,1.708,3.259,60.5,50,49.977,43.11,Interruption
0.6541,1.0057,1.537,0.083,139.4,50,50.025,44.71,Sag
0.7079,1.092,1.543,0.514,5.0,50,50.005,52.29,Transient
0.7087,1.0168,1.435,0.222,0.0,50,50.03,38.01,Normal
0.7122,1.0794,1.516,0.159,0.0,50,49.996,38.44,Flicker
0.7078,0.994,1.404,4.45,0.0,50,50.002,40.84,Harmonics
0.6974,1.0032,1.439,0.177,0.0,50,49.999,39.37,Normal
0.4069,1.0038,2.467,1.795,149.6,50,49.984,43.95,Sag
0.7069,1.2585,1.78,0.238,5.0,50,50.025,39.58,Transient
0.7154,1.0156,1.42,0.024,0.0,50,49.97,54.48,Normal
0.7033,1.0094,1.435,0.088,0.0,50,50.011,40.43,Normal
0.7139,1.0621,1.488,0.078,0.0,50,50.025,45.85,Flicker
0.7046,1.0214,1.45,0.211,0.0,50,49.976,36.57,Normal
0.7077,1.0048,1.42,0.045,0.0,50,50.019,51.26,Normal
0.7105,1.0506,1.479,9.478,0.0,50,49.979,45.9,Harmonics
0.5382,1.0036,1.865,3.564,91.0,50,49.982,48.84,Sag
0.7086,0.9993,1.41,7.015,0.0,50,50.026,47.77,Harmonics
0.7077,1.3915,1.966,0.937,5.0,50,50.012,51.87,Transient
1.1514,1.7581,1.527,0.517,157.7,50,50.006,51.07,Swell
0.7085,1.0128,1.429,2.491,0.0,50,49.972,43.27,Notch
0.7059,1.0082,1.428,0.083,0.0,50,50.011,43.76,Normal
0.5154,1.0048,1.949,4.142,100.9,50,50.016,43.43,Sag
0.4259,1.0134,2.379,13.332,127.9,50,50.024,38.26,Interruption
0.385,1.0035,2.607,15.315,140.0,50,49.983,44.36,Interruption
0.7014,0.9993,1.425,0.074,0.0,50,50.016,46.33,Normal
0.6506,1.0141,1.559,3.596,33.8,50,49.977,39.52,Sag
0.6402,1.015,1.585,5.216,38.1,50,50.009,41.36,Sag
0.7087,1.0167,1.435,1.5,0.0,50,49.948,37.84,Notch
0.7096,1.7981,2.534,1.264,5.0,50,50.011,36.82,Transient
0.5494,1.0027,1.825,3.523,82.8,50,49.976,51.2,Sag
0.7172,1.0185,1.42,0.04,0.0,50,49.996,49.96,Normal
0.9592,1.5809,1.648,0.519,121.3,50,50.019,35.18,Swell
0.7088,1.272,1.794,0.444,5.0,50,49.994,38.61,Transient
0.6613,1.0036,1.518,0.583,91.9,50,50.006,52.32,Sag
0.7071,1.0146,1.435,0.936,5.0,50,49.995,39.52,Transient
0.7079,1.0236,1.446,4.647,0.0,50,50.005,49.15,Harmonics
0.8193,1.2778,1.56,0.544,107.9,50,49.974,53.67,Swell
0.8053,1.5101,1.875,1.286,49.2,50,49.979,39.23,Swell
0.7098,1.0657,1.502,0.042,0.0,50,50.018,51.19,Flicker
0.7117,1.8586,2.611,0.519,5.0,50,50.008,41.18,Transient
0.7079,1.0155,1.434,5.013,0.0,50,49.998,54.34,Harmonics
0.7121,1.0118,1.421,0.044,0.0,50,49.93,50.19,Normal
0.7829,1.4501,1.852,1.087,41.5,50,49.975,39.47,Swell
0.5815,1.0006,1.721,0.304,154.6,50,49.985,54.45,Sag
0.7633,1.282,1.68,0.612,60.1,50,50.016,35.08,Swell
0.7082,1.0206,1.441,1.373,5.0,50,50.018,36.86,Transient
0.3661,1.0042,2.743,5.458,147.5,50,49.966,40.46,Sag
0.709,1.0312,1.454,7.394,0.0,50,49.993,41.39,Harmonics
0.7078,1.4216,2.009,0.507,5.0,50,50.027,51.84,Transient
0.5267,1.0045,1.907,0.487,153.9,50,50.02,44.55,Sag
0.5309,1.0119,1.906,2.822,122.9,50,49.998,36.52,Sag
0.7101,1.0141,1.428,8.793,0.0,50,49.986,45.26,Harmonics
0.7208,1.0438,1.448,0.174,0.0,50,50.004,37.71,Normal
0.6116,1.0025,1.639,6.561,51.1,50,50.002,52.42,Interruption
0.2992,1.0008,3.345,10.931,166.3,50,50.03,54.23,Interruption
0.6013,1.0211,1.698,2.689,52.8,50,49.99,35.31,Interruption
0.677,1.008,1.489,1.374,37.1,50,49.994,44.91,Sag
0.5902,1.0067,1.706,3.635,61.7,50,49.983,45.93,Sag
0.709,1.0845,1.53,7.111,0.0,50,49.981,40.77,Harmonics
0.4949,1.0122,2.045,2.992,126.1,50,49.982,38.44,Sag
0.4915,1.0046,2.044,6.128,111.3,50,49.975,45.48,Sag
0.6571,1.0175,1.549,4.474,23.9,50,50.01,40.79,Interruption
0.7078,1.0352,1.463,4.811,0.0,50,50.008,40.37,Harmonics
0.7091,0.9859,1.39,7.397,0.0,50,49.996,46.75,Harmonics
0.7079,1.0475,1.48,2.139,5.0,50,49.994,43.98,Transient
0.7086,1.3189,1.861,1.011,5.0,50,49.984,51.85,Transient
0.7197,1.0288,1.43,0.087,0.0,50,49.993,44.14,Normal
0.7078,1.0182,1.438,0.21,0.0,50,50.0,37.0,Normal
0.7022,1.0251,1.46,0.202,0.0,50,50.03,36.83,Normal
0.7084,1.0158,1.434,0.094,0.0,50,50.005,43.51,Normal
0.7079,1.3239,1.87,0.344,5.0,50,50.016,51.08,Transient
0.7046,1.0023,1.422,0.057,0.0,50,50.024,50.77,Normal
0.7098,1.13,1.592,8.161,0.0,50,49.992,39.55,Harmonics
0.7083,1.0684,1.508,5.218,0.0,50,50.002,37.73,Harmonics
0.7042,1.0012,1.422,0.049,0.0,50,50.039,49.47,Normal
0.5929,1.0083,1.701,1.769,79.2,50,50.003,45.06,Sag
0.7091,1.0309,1.454,8.068,0.0,50,50.049,54.45,Harmonics
0.8712,1.3098,1.503,0.3,159.2,50,50.0,37.61,Swell
0.7076,0.9996,1.413,4.313,0.0,50,50.012,43.47,Harmonics
0.8343,1.282,1.537,0.646,127.6,50,50.025,46.57,Swell
0.7101,1.1444,1.612,8.997,0.0,50,49.991,39.63,Harmonics
0.7078,1.3676,1.932,0.336,5.0,50,50.005,49.35,Transient
0.7118,2.1553,3.028,1.131,5.0,50,49.995,50.75,Transient
0.4629,1.0033,2.167,5.004,125.7,50,50.025,47.71,Sag
0.71,1.0245,1.443,8.693,0.0,50,49.959,46.83,Harmonics
0.7087,1.0245,1.446,0.212,0.0,50,49.994,37.95,Normal
0.6998,0.9973,1.425,0.081,0.0,50,50.005,45.53,Normal
0.7078,1.0287,1.453,0.889,5.0,50,50.015,35.56,Transient
0.7083,1.0628,1.5,6.234,0.0,50,50.029,46.9,Harmonics
0.7101,1.2784,1.8,0.552,5.0,50,49.979,36.25,Transient
0.7005,1.0139,1.447,0.149,0.0,50,49.999,38.81,Normal
0.6855,1.0095,1.473,0.381,38.9,50,49.983,43.4,Sag
0.6998,0.995,1.422,0.029,0.0,50,50.036,51.79,Normal
0.7165,1.9732,2.754,0.617,5.0,50,50.005,48.98,Transient
0.7104,1.0249,1.443,3.655,0.0,50,49.985,35.47,Notch
0.7081,1.0216,1.443,6.238,0.0,50,50.059,54.61,Harmonics
0.7149,1.018,1.424,0.055,0.0,50,49.99,47.22,Normal
0.6383,1.0086,1.58,1.848,38.7,50,49.982,46.55,Sag
0.5134,1.0016,1.951,10.402,95.4,50,49.98,51.52,Interruption
0.4923,1.0096,2.051,12.651,105.3,50,50.013,38.59,Interruption
0.6997,0.9942,1.421,0.05,0.0,50,49.994,49.15,Normal
0.7232,1.0479,1.449,0.076,0.0,50,50.048,44.53,Flicker
0.7103,1.0988,1.547,9.553,0.0,50,49.997,52.47,Harmonics
0.6377,1.0114,1.586,0.488,110.6,50,50.013,41.25,Sag
0.7081,1.0228,1.444,0.639,5.0,50,49.982,41.58,Transient
0.6543,1.0074,1.54,2.17,29.6,50,50.001,47.5,Sag
0.5236,1.0086,1.926,0.604,139.9,50,50.035,39.54,Sag
0.7097,1.0008,1.41,8.265,0.0,50,49.973,47.45,Harmonics
0.2785,1.0025,3.599,5.644,169.4,50,49.992,45.29,Interruption
0.4217,1.0034,2.379,8.689,127.7,50,50.002,47.28,Interruption
0.5302,1.001,1.888,0.504,150.0,50,50.012,53.61,Sag
0.6975,0.9898,1.419,0.028,0.0,50,49.996,53.01,Normal
0.7056,1.0049,1.424,0.055,0.0,50,50.02,48.71,Normal
0.547,1.0088,1.844,6.366,84.2,50,50.046,43.13,Sag
0.7466,1.1286,1.512,0.452,84.8,50,49.977,52.11,Swell
0.727,1.0445,1.437,0.126,0.0,50,50.001,40.43,Normal
0.6691,1.0049,1.502,2.14,21.1,50,50.004,49.69,Interruption
0.7183,1.0213,1.422,0.037,0.0,50,50.002,50.84,Normal
0.7137,1.0575,1.482,0.157,0.0,50,50.014,40.01,Flicker
0.701,0.9992,1.425,0.046,0.0,50,49.978,48.57,Normal
0.7076,1.0247,1.448,0.17,0.0,50,49.997,40.64,Flicker
0.7107,1.0085,1.419,0.051,0.0,50,49.998,50.37,Normal
0.7067,1.0113,1.431,0.102,0.0,50,49.989,43.75,Normal
0.7128,2.294,3.218,0.558,5.0,50,50.005,35.38,Transient
0.7084,1.026,1.448,0.041,0.0,50,50.014,52.94,Flicker
0.7049,1.0075,1.429,0.093,0.0,50,50.008,43.02,Normal
0.7098,1.2846,1.81,0.512,5.0,50,50.012,50.88,Transient
0.7155,1.0403,1.454,0.141,0.0,50,49.981,37.55,Normal
0.7141,1.0311,1.444,0.2,0.0,50,49.998,35.82,Normal
0.7074,1.0142,1.434,1.545,5.0,50,50.013,40.95,Transient
0.7053,1.0228,1.45,0.164,0.0,50,49.972,36.91,Normal
0.6064,1.0087,1.663,0.393,153.3,50,50.005,39.19,Sag
0.7012,0.9957,1.42,0.035,0.0,50,50.03,53.24,Normal
0.6213,1.0029,1.614,0.21,159.6,50,49.972,48.72,Sag
0.6605,1.0094,1.528,1.123,41.2,50,49.997,41.92,Sag
0.645,1.0087,1.564,0.659,98.7,50,50.005,42.75,Sag
0.5897,1.0103,1.713,2.369,84.4,50,50.005,40.35,Sag
0.495,1.0135,2.047,3.941,109.5,50,49.969,38.15,Sag
0.7107,1.8926,2.663,0.664,5.0,50,50.01,40.51,Transient
0.7084,1.0059,1.42,5.393,0.0,50,49.963,54.41,Harmonics
0.7066,1.0054,1.423,0.053,0.0,50,50.016,46.93,Normal
0.7055,1.0152,1.439,0.172,0.0,50,50.0,38.45,Normal
0.7117,2.2409,3.149,1.156,5.0,50,50.002,44.26,Transient
0.697,1.0209,1.465,0.247,0.0,50,49.975,35.53,Normal
0.6591,1.0045,1.524,3.891,32.5,50,50.012,46.8,Sag
0.7097,1.0319,1.454,8.228,0.0,50,49.974,48.84,Harmonics
0.3767,1.0076,2.675,5.165,145.3,50,49.973,37.13,Sag
0.6997,0.997,1.425,0.075,0.0,50,49.976,44.58,Normal
1.0985,1.7224,1.568,0.623,148.4,50,50.004,45.74,Swell
0.7135,1.0264,1.439,0.087,0.0,50,50.007,43.88,Normal
0.5584,1.0126,1.814,3.389,83.9,50,50.024,36.13,Sag
0.7105,2.1261,2.992,0.664,5.0,50,50.024,48.2,Transient
0.7033,0.9974,1.418,0.042,0.0,50,49.98,51.16,Normal
0.6619,1.0032,1.516,1.205,39.7,50,49.998,54.0,Sag
0.7007,1.0077,1.438,0.156,0.0,50,49.997,39.87,Normal
0.841,1.3073,1.554,0.219,118.5,50,49.998,48.19,Swell
0.701,0.9951,1.42,0.033,0.0,50,49.992,53.51,Normal
0.4892,1.0077,2.06,1.24,148.1,50,50.001,43.39,Sag
0.4905,1.0158,2.071,6.186,105.4,50,50.028,36.46,Sag
0.9897,1.7916,1.81,2.224,87.7,50,49.99,46.67,Swell
0.5973,1.0155,1.7,1.482,101.6,50,50.0,42.51,Sag
0.797,1.3297,1.668,1.188,71.3,50,49.984,54.61,Swell
0.7092,1.034,1.458,0.047,0.0,50,49.995,50.45,Flicker
0.7104,1.0358,1.458,0.224,0.0,50,49.986,35.73,Normal
0.7825,1.4611,1.867,0.418,39.4,50,50.034,52.51,Swell
0.6764,1.0043,1.485,1.112,53.0,50,49.985,51.37,Sag
0.7088,1.036,1.462,0.105,0.0,50,49.976,42.58,Flicker
0.7075,1.0263,1.451,2.836,0.0,50,50.002,46.09,Harmonics
0.5747,1.0072,1.753,1.317,104.8,50,50.003,43.17,Sag
0.7099,1.1147,1.57,9.056,0.0,50,50.009,44.71,Harmonics
0.709,1.0459,1.475,7.082,0.0,50,49.996,41.2,Harmonics
0.7077,1.0382,1.467,4.133,0.0,50,50.0,41.1,Harmonics
0.2607,1.0008,3.839,7.469,171.8,50,49.976,54.64,Interruption
0.7093,1.0132,1.428,7.576,0.0,50,49.975,37.64,Harmonics
0.3687,1.0039,2.722,2.29,155.5,50,50.01,43.6,Sag
0.7084,1.037,1.464,5.565,0.0,50,49.978,49.11,Harmonics
0.7019,1.0211,1.455,0.222,0.0,50,49.97,35.41,Normal
0.7034,1.0055,1.429,0.095,0.0,50,49.986,42.79,Normal
0.5105,1.0132,1.985,11.504,94.9,50,50.013,37.02,Interruption
1.1284,1.7992,1.595,0.621,141.6,50,50.002,48.45,Swell
0.6286,1.0037,1.597,3.065,40.8,50,50.001,51.95,Interruption
0.7128,1.0231,1.435,0.074,0.0,50,49.994,45.45,Flicker
0.6498,1.0154,1.563,1.147,71.1,50,50.02,39.66,Sag
0.7151,1.0248,1.433,0.174,0.0,50,49.996,40.51,Normal
0.7048,1.0,1.419,0.03,0.0,50,50.002,54.28,Normal
0.6949,1.017,1.464,0.729,24.2,50,49.988,40.02,Sag
0.7092,1.0084,1.422,0.049,0.0,50,49.984,47.52,Normal
0.7145,1.0136,1.419,0.028,0.0,50,49.995,53.8,Normal
0.7076,1.0239,1.447,0.053,0.0,50,49.971,48.12,Flicker
0.6993,0.9933,1.42,0.031,0.0,50,49.99,52.49,Normal
0.6608,1.0083,1.526,5.813,22.9,50,50.005,42.42,Interruption
0.7074,1.0028,1.418,0.35,5.0,50,49.979,53.51,Transient
0.711,1.0326,1.452,0.076,0.0,50,50.011,43.44,Flicker
0.7206,1.0225,1.419,0.042,0.0,50,49.97,49.71,Normal
0.7071,1.006,1.423,0.323,5.0,50,50.0,46.4,Transient
0.7091,1.004,1.416,4.906,0.0,50,49.982,51.87,Notch
0.7076,1.0279,1.453,4.041,0.0,50,50.019,53.71,Harmonics
0.7108,1.0193,1.434,4.071,0.0,50,49.994,38.17,Notch
0.8762,1.4368,1.64,0.919,105.2,50,50.007,46.28,Swell
0.7125,1.4405,2.022,6.132,5.0,50,49.982,48.1,Transient
0.7174,1.0421,1.453,0.238,0.0,50,50.006,35.32,Normal
0.7694,1.2227,1.589,0.472,89.9,50,49.978,35.39,Swell
0.4259,1.0126,2.377,1.195,148.4,50,49.996,36.56,Sag
1.1411,1.7757,1.556,0.354,156.6,50,49.999,41.24,Swell
0.6996,1.0107,1.445,0.211,0.0,50,50.008,39.28,Normal
0.7177,2.6364,3.673,3.805,5.0,50,50.026,47.4,Transient
0.6133,1.0053,1.639,1.406,109.1,50,49.988,43.57,Sag
1.024,1.8019,1.76,1.297,97.9,50,49.993,47.97,Swell
0.711,1.8031,2.536,0.776,5.0,50,49.988,54.34,Transient
0.7018,1.0095,1.438,0.134,0.0,50,50.015,41.04,Normal
0.7084,1.0053,1.419,3.617,0.0,50,50.014,50.94,Notch
0.4295,1.0014,2.331,7.54,128.3,50,49.987,54.6,Sag
0.7101,1.5579,2.194,1.896,5.0,50,50.018,35.14,Transient
0.9096,1.4502,1.594,0.457,122.4,50,50.025,49.26,Swell
0.7101,1.0549,1.486,9.322,0.0,50,50.02,41.52,Harmonics
0.6114,1.0204,1.669,2.449,68.2,50,50.009,39.29,Sag
0.6967,0.987,1.417,0.032,0.0,50,49.978,53.37,Normal
0.7144,1.0698,1.497,0.056,0.0,50,50.013,46.68,Flicker
0.7068,1.0101,1.429,0.094,0.0,50,49.99,44.73,Normal
0.7105,1.0078,1.418,0.034,0.0,50,50.009,53.27,Normal
0.7006,1.0005,1.428,0.075,0.0,50,49.999,43.25,Normal
0.7379,1.3279,1.8,0.257,22.3,50,50.011,43.28,Swell
0.7176,1.0189,1.42,0.033,0.0,50,49.983,52.92,Normal
0.634,1.0047,1.585,0.928,46.1,50,50.017,47.13,Sag
0.7071,1.021,1.444,0.143,0.0,50,50.0,39.12,Normal
0.7135,1.0187,1.428,0.094,0.0,50,49.999,41.73,Normal
0.7066,1.0144,1.436,0.178,0.0,50,49.984,40.15,Normal
0.7075,1.056,1.492,0.109,5.0,50,49.996,52.79,Transient
0.7081,0.9822,1.387,5.545,0.0,50,49.997,40.38,Harmonics
0.3885,1.0093,2.598,5.973,139.0,50,49.995,39.45,Interruption
0.7112,1.5337,2.156,8.95,5.0,50,49.996,54.15,Transient
0.7089,1.2997,1.833,0.49,5.0,50,50.043,54.43,Transient
0.4461,1.0011,2.244,5.392,129.9,50,50.042,54.13,Sag
0.4284,1.0009,2.336,5.453,138.3,50,50.016,52.08,Sag
0.4903,1.0113,2.063,10.112,102.4,50,50.015,39.6,Interruption
0.6628,1.0053,1.517,3.063,31.7,50,50.003,50.17,Sag
0.8679,1.4155,1.631,1.284,109.2,50,49.989,37.2,Swell
0.7064,1.011,1.431,2.774,5.0,50,50.011,43.5,Transient
0.5696,1.0057,1.765,2.615,91.9,50,50.023,46.88,Sag
0.9726,1.5321,1.575,1.035,134.9,50,50.001,48.9,Swell
0.7092,1.0113,1.426,2.805,0.0,50,49.997,43.67,Notch
0.7183,1.0202,1.42,0.027,0.0,50,49.967,52.77,Normal
0.6349,1.0143,1.598,1.141,93.7,50,49.966,39.25,Sag
0.6002,1.0034,1.672,2.661,76.0,50,49.993,50.14,Sag
0.6195,1.0062,1.624,2.525,45.6,50,49.997,43.38,Interruption
0.7095,1.5544,2.191,0.206,5.0,50,50.002,47.2,Transient
0.7113,1.0202,1.434,4.381,0.0,50,50.003,40.8,Notch
0.707,1.2282,1.737,1.131,5.0,50,49.958,52.86,Transient
0.7048,0.9994,1.418,0.032,0.0,50,50.036,52.6,Normal
0.6408,1.0159,1.585,3.75,38.5,50,50.0,41.94,Sag
0.7077,1.0389,1.468,0.039,0.0,50,49.991,50.99,Flicker
0.7076,1.015,1.435,0.072,0.0,50,49.974,46.27,Flicker
0.7074,1.0332,1.461,0.05,0.0,50,50.026,48.78,Flicker
0.709,1.1014,1.553,7.466,0.0,50,50.004,37.47,Harmonics
0.9077,1.3924,1.534,0.586,137.0,50,49.987,53.18,Swell
0.7063,1.0107,1.431,0.111,0.0,50,50.036,42.78,Normal
0.7095,1.2623,1.779,4.659,5.0,50,50.016,51.06,Transient
0.705,1.0286,1.459,0.215,0.0,50,49.997,35.02,Normal
0.7073,1.0077,1.425,0.061,0.0,50,49.985,49.47,Normal
0.7102,1.1692,1.646,9.186,0.0,50,49.993,43.92,Harmonics
0.7178,1.0212,1.423,0.059,0.0,50,49.978,47.46,Normal
0.7073,1.0178,1.439,0.13,0.0,50,49.99,39.89,Normal
0.7077,1.0792,1.525,2.858,5.0,50,50.003,39.8,Transient
0.7096,1.0071,1.419,3.256,0.0,50,49.994,46.57,Notch
0.5846,1.0082,1.725,4.75,68.9,50,50.019,43.12,Sag
0.7093,1.0764,1.517,8.252,0.0,50,50.021,53.27,Harmonics
0.7149,1.0194,1.426,0.083,0.0,50,49.994,45.5,Normal
0.9452,1.5768,1.668,1.014,106.3,50,49.994,44.08,Swell
0.746,1.2606,1.69,0.308,36.2,50,50.003,54.16,Swell
0.8526,1.4323,1.68,1.59,89.1,50,49.993,48.67,Swell
0.7074,1.027,1.452,0.034,0.0,50,49.989,49.91,Flicker
0.5068,1.006,1.985,6.096,95.8,50,49.994,47.98,Interruption
0.7112,1.0244,1.44,4.727,0.0,50,49.978,39.17,Notch
0.5522,1.0132,1.835,9.163,78.5,50,50.001,38.76,Interruption
0.711,1.023,1.439,0.218,0.0,50,49.994,38.31,Normal
0.5935,1.0021,1.688,4.195,66.4,50,50.02,54.72,Sag
0.7073,1.0067,1.423,0.051,0.0,50,50.02,50.05,Normal
0.711,1.1431,1.608,10.683,0.0,50,50.018,52.87,Harmonics
0.4304,1.0021,2.328,21.178,123.3,50,50.024,51.2,Interruption
0.7096,1.1607,1.636,0.401,5.0,50,49.988,54.98,Transient
0.7956,1.205,1.515,0.32,143.6,50,49.96,36.74,Swell
0.6198,1.0025,1.617,1.069,101.0,50,50.042,51.73,Sag
0.6553,1.0158,1.55,0.969,25.9,50,49.983,39.81,Interruption
0.6771,1.0351,1.529,0.336,82.6,50,50.007,35.21,Sag
0.7072,1.0137,1.433,0.041,0.0,50,50.002,49.49,Flicker
0.7079,1.009,1.425,5.275,0.0,50,50.018,47.86,Harmonics
0.9772,1.6475,1.686,1.905,104.1,50,49.995,50.96,Swell
0.567,1.0019,1.767,13.137,70.6,50,49.962,52.96,Interruption
0.7081,1.0687,1.509,5.833,0.0,50,50.033,46.68,Harmonics
0.7102,1.1023,1.552,9.408,0.0,50,49.99,39.37,Harmonics
0.7083,1.0192,1.439,5.396,0.0,50,49.983,53.94,Harmonics
0.7075,1.0044,1.42,0.024,0.0,50,50.028,53.67,Normal
0.712,1.0411,1.462,0.198,0.0,50,50.004,36.16,Normal
0.7085,1.0457,1.476,0.044,0.0,50,49.992,48.92,Flicker
0.6446,1.0038,1.557,1.818,54.9,50,50.031,46.45,Sag
0.7112,1.0591,1.489,10.475,0.0,50,49.994,38.41,Harmonics
0.6528,1.0044,1.539,1.016,40.4,50,49.973,49.67,Sag
0.4746,1.0052,2.118,1.341,147.5,50,50.027,45.55,Sag
0.7101,1.1127,1.567,9.142,0.0,50,49.954,40.12,Harmonics
0.6579,1.0059,1.529,1.167,52.1,50,49.976,44.28,Sag
0.7093,1.0143,1.43,0.095,0.0,50,50.05,43.57,Normal
0.714,1.0154,1.422,0.056,0.0,50,50.011,47.8,Normal
0.7073,1.2617,1.784,0.338,5.0,50,50.051,42.26,Transient
0.7274,1.2043,1.656,0.12,26.5,50,50.005,49.53,Swell
0.7084,1.0944,1.545,5.722,0.0,50,50.002,40.93,Harmonics
0.7128,1.0232,1.435,0.162,0.0,50,50.007,39.38,Normal
0.7117,1.3017,1.829,0.56,5.0,50,49.984,46.85,Transient
0.7102,1.1172,1.573,9.43,0.0,50,50.019,45.42,Harmonics
0.7097,1.6427,2.315,1.244,5.0,50,50.017,44.49,Transient
0.8151,1.5965,1.959,1.13,41.7,50,49.964,47.39,Swell
0.7146,1.6909,2.366,2.163,5.0,50,50.008,46.62,Transient
0.7081,1.0426,1.472,5.07,0.0,50,49.98,54.6,Harmonics
0.55,1.0076,1.832,1.572,114.9,50,49.994,46.22,Sag
0.7077,1.0343,1.461,0.104,0.0,50,49.968,43.35,Flicker
0.5473,1.003,1.833,3.65,80.3,50,50.011,49.12,Interruption
0.7042,1.0149,1.441,0.143,0.0,50,49.984,40.02,Normal
0.8447,1.3742,1.627,0.48,101.8,50,49.993,39.27,Swell
0.7101,0.9875,1.391,9.27,0.0,50,50.01,50.14,Harmonics
0.7087,1.0319,1.456,6.361,0.0,50,49.978,46.28,Harmonics
0.7032,0.9956,1.416,0.026,0.0,50,49.959,54.04,Normal
0.7726,1.3108,1.697,1.223,53.3,50,50.016,46.81,Swell
0.7107,1.0607,1.493,0.065,0.0,50,50.013,46.51,Flicker
0.6734,1.0125,1.504,0.637,78.3,50,49.992,41.34,Sag
0.58,1.0181,1.755,10.45,63.5,50,49.995,39.12,Interruption
0.2411,1.003,4.16,18.214,173.7,50,50.012,40.04,Interruption
0.7086,1.5441,2.179,0.665,5.0,50,49.986,50.71,Transient
0.7088,1.0186,1.437,6.602,0.0,50,49.982,40.4,Harmonics
0.7092,1.0326,1.456,7.095,0.0,50,49.988,38.51,Harmonics
0.7095,1.1298,1.592,0.368,5.0,50,49.956,41.16,Transient
0.813,1.2456,1.532,0.458,116.3,50,49.986,54.01,Swell
0.5984,1.0089,1.686,3.265,59.2,50,49.98,44.48,Sag
0.7099,1.0213,1.439,0.133,0.0,50,50.012,39.69,Normal
0.706,1.0009,1.418,0.028,0.0,50,50.043,52.64,Normal
0.3735,1.0121,2.71,13.102,145.2,50,49.97,37.68,Interruption
0.7065,1.2431,1.76,2.727,5.0,50,50.007,48.85,Transient
0.7002,0.9941,1.42,0.042,0.0,50,50.001,50.64,Normal
0.3567,1.0033,2.813,20.436,147.2,50,50.01,50.32,Interruption
0.7096,1.7343,2.444,0.801,5.0,50,49.991,49.54,Transient
0.6804,1.0165,1.494,1.471,36.3,50,50.009,40.04,Sag
0.7119,1.0125,1.422,0.041,0.0,50,49.996,49.56,Normal
0.7112,1.1139,1.566,10.897,0.0,50,50.008,38.8,Harmonics
0.5035,1.005,1.996,5.351,98.3,50,49.984,46.44,Sag
0.7133,2.5332,3.551,0.897,5.0,50,50.007,42.22,Transient
0.8942,1.6417,1.836,1.903,72.3,50,50.011,51.35,Swell
0.7131,2.0546,2.881,0.94,5.0,50,49.992,46.73,Transient
0.6437,1.0093,1.568,0.451,96.1,50,49.989,41.75,Sag
0.6174,1.0075,1.632,5.85,49.1,50,50.007,44.44,Sag
0.5925,1.013,1.71,1.058,59.5,50,50.005,37.53,Interruption
0.7106,1.0094,1.42,0.044,0.0,50,50.013,49.94,Normal
0.7162,1.0414,1.454,0.2,0.0,50,50.021,36.92,Normal
0.7079,1.0336,1.46,0.107,0.0,50,50.003,39.59,Flicker
1.036,1.8291,1.766,1.172,102.4,50,49.974,35.1,Swell
0.5749,1.011,1.759,3.106,73.5,50,50.024,39.54,Sag
0.7089,1.0691,1.508,7.432,0.0,50,50.019,41.1,Harmonics
0.7141,1.0168,1.424,0.06,0.0,50,50.003,47.46,Normal
0.9884,1.6431,1.662,2.11,114.6,50,49.988,47.74,Swell
0.6661,1.0112,1.518,1.371,38.1,50,49.994,40.79,Sag
0.7092,1.0635,1.5,0.153,0.0,50,49.998,37.28,Flicker
0.7098,2.0345,2.866,0.854,5.0,50,50.007,40.75,Transient
0.714,2.5567,3.581,0.915,5.0,50,49.993,42.01,Transient
0.4638,1.013,2.184,5.475,127.4,50,50.018,38.11,Sag
0.7129,2.2829,3.202,0.596,5.0,50,50.008,52.42,Transient
0.6604,1.0158,1.538,1.046,36.3,50,50.009,36.83,Sag
0.715,1.0213,1.428,0.095,0.0,50,50.001,41.93,Normal
0.7528,1.506,2.0,0.793,23.8,50,49.993,49.01,Swell
0.7092,1.6537,2.332,0.404,5.0,50,49.98,50.3,Transient
0.7138,1.0279,1.44,0.184,0.0,50,49.982,38.75,Normal
0.7217,1.1377,1.576,0.382,26.0,50,50.006,51.18,Swell
0.7084,1.0025,1.415,5.857,0.0,50,49.99,53.04,Harmonics
0.7663,1.1835,1.544,0.813,91.8,50,49.992,39.27,Swell
0.7213,1.1171,1.549,0.613,33.4,50,49.99,50.98,Swell
0.7095,1.1491,1.62,7.148,0.0,50,49.975,37.99,Harmonics
0.7101,1.0618,1.495,9.67,0.0,50,50.02,36.24,Harmonics
0.828,1.6524,1.996,0.953,44.3,50,49.995,38.7,Swell
0.6551,1.0032,1.531,1.278,63.0,50,49.991,50.0,Sag
0.7139,1.0136,1.42,0.041,0.0,50,49.983,51.57,Normal
0.7028,1.0048,1.43,0.116,0.0,50,49.988,41.42,Normal
0.708,1.0205,1.441,0.771,5.0,50,50.025,36.69,Transient
0.5463,1.0097,1.848,5.73,80.4,50,49.953,42.37,Interruption
0.7287,1.0335,1.418,0.024,0.0,50,50.03,53.76,Normal
0.6304,1.0195,1.617,0.685,103.0,50,50.052,36.1,Sag
0.7078,1.0106,1.428,0.821,0.0,50,50.001,44.48,Notch
0.4131,1.0018,2.425,1.805,155.1,50,50.029,51.7,Sag
0.7068,1.0054,1.422,0.035,0.0,50,50.022,50.44,Normal
0.6518,1.0222,1.568,1.29,45.8,50,49.963,36.93,Sag
0.7137,1.0199,1.429,7.778,0.0,50,50.001,38.57,Notch
0.6312,1.0098,1.6,4.305,46.1,50,50.009,44.21,Sag
0.4099,1.0029,2.447,14.519,132.9,50,49.97,45.11,Interruption
0.7124,1.0054,1.411,8.17,0.0,50,50.01,50.56,Notch
0.7106,1.0096,1.421,3.798,0.0,50,49.994,46.44,Notch
0.7005,1.0031,1.432,0.161,0.0,50,50.005,41.65,Normal
0.8209,1.2325,1.501,0.345,141.2,50,49.965,44.42,Swell
0.7912,1.2455,1.574,0.61,94.4,50,50.028,44.77,Swell
0.58,1.0107,1.742,1.982,78.7,50,50.023,38.87,Sag
0.7089,1.0525,1.485,6.976,0.0,50,49.984,48.6,Harmonics
0.7079,1.0041,1.418,0.022,0.0,50,49.998,53.24,Normal
0.7037,1.0022,1.424,0.042,0.0,50,50.02,48.99,Normal
0.7088,1.033,1.457,6.589,0.0,50,49.996,40.46,Harmonics
0.6961,0.9873,1.418,0.028,0.0,50,49.979,54.5,Normal
0.5872,1.0046,1.711,5.054,60.7,50,50.005,50.43,Interruption
0.7093,1.0425,1.47,7.663,0.0,50,49.991,37.11,Harmonics
0.8114,1.6282,2.007,1.005,40.3,50,50.009,36.94,Swell
0.8158,1.2383,1.518,0.452,135.3,50,50.001,42.75,Swell
0.7097,1.0104,1.424,8.648,0.0,50,50.004,49.54,Harmonics
0.7014,1.0117,1.442,0.107,0.0,50,50.032,40.93,Normal
0.6094,1.0286,1.688,6.977,51.6,50,50.007,36.39,Sag
0.715,1.0248,1.433,0.123,0.0,50,50.007,42.78,Normal
0.4624,1.0022,2.167,12.536,116.5,50,49.98,51.09,Interruption
0.6119,1.0154,1.659,0.849,80.8,50,50.0,36.13,Sag
0.7982,1.4583,1.827,2.666,49.8,50,49.99,46.76,Swell
0.6309,1.0093,1.6,2.234,70.6,50,50.035,41.64,Sag
0.7174,1.031,1.437,0.121,0.0,50,49.969,41.97,Normal
0.7076,1.8521,2.618,0.627,5.0,50,50.044,47.34,Transient
0.6973,0.9922,1.423,0.037,0.0,50,50.022,50.53,Normal
0.7016,0.9983,1.423,0.051,0.0,50,49.975,47.21,Normal
0.7096,1.0683,1.506,7.949,0.0,50,49.953,53.76,Harmonics
0.7067,1.0071,1.425,0.056,0.0,50,49.992,46.35,Normal
0.7538,1.1557,1.533,0.534,86.9,50,49.983,42.56,Swell
0.7159,1.0156,1.419,0.036,0.0,50,49.966,51.63,Normal
0.7083,1.0437,1.474,5.386,0.0,50,49.973,39.45,Harmonics
0.7087,1.1155,1.574,5.555,0.0,50,49.963,35.99,Harmonics
0.7075,1.0156,1.436,2.803,0.0,50,49.966,40.98,Harmonics
0.7125,1.0114,1.42,0.029,0.0,50,49.98,53.08,Normal
0.6676,1.0048,1.505,3.774,30.3,50,50.008,49.84,Sag
0.6978,1.0068,1.443,0.169,0.0,50,50.014,38.35,Normal
0.7089,1.0552,1.488,7.103,0.0,50,49.98,40.69,Harmonics
0.5817,1.0061,1.73,2.565,66.5,50,50.037,45.31,Sag
0.2719,1.0004,3.679,15.033,170.2,50,50.009,53.22,Interruption
0.6596,1.0032,1.521,0.738,29.9,50,49.979,50.29,Sag
0.7076,1.0234,1.446,1.565,0.0,50,50.004,37.94,Notch
0.86,1.3463,1.565,0.729,125.3,50,50.0,36.98,Swell
0.6403,1.0101,1.577,2.676,42.9,50,50.044,43.32,Sag
0.6331,1.0178,1.608,2.764,39.6,50,50.031,36.76,Sag
0.5522,1.0024,1.815,0.895,136.8,50,49.993,53.07,Sag
0.7457,1.1532,1.546,0.828,70.1,50,50.038,52.67,Swell
0.7163,1.0832,1.512,0.279,0.0,50,49.986,35.21,Flicker
0.5302,1.0017,1.889,7.761,88.4,50,49.997,52.1,Interruption
0.5701,1.0112,1.774,5.356,71.5,50,50.013,40.95,Interruption
0.7188,1.0308,1.434,0.155,0.0,50,49.972,39.93,Normal
0.6078,1.0079,1.658,2.681,55.8,50,50.002,43.88,Sag
0.7054,1.0098,1.432,0.124,0.0,50,50.012,41.97,Normal
0.9774,1.6906,1.73,1.031,102.9,50,49.963,35.55,Swell
0.7093,1.0016,1.412,8.023,0.0,50,50.007,48.77,Harmonics
0.7101,1.0628,1.497,0.039,0.0,50,49.97,50.94,Flicker
0.7089,1.0143,1.431,6.944,0.0,50,49.994,45.62,Harmonics
0.7077,1.0033,1.418,2.561,0.0,50,50.003,51.89,Notch
0.7101,1.0318,1.453,9.183,0.0,50,49.987,47.31,Harmonics
0.7141,1.0324,1.446,0.209,0.0,50,49.958,37.23,Normal
0.7039,1.0021,1.424,0.061,0.0,50,49.96,47.56,Normal
0.7169,1.0183,1.42,0.046,0.0,50,49.991,49.26,Normal
0.496,1.0025,2.021,0.551,142.2,50,49.983,51.93,Sag
0.708,1.0045,1.419,0.042,0.0,50,49.989,52.47,Normal
0.8061,1.2178,1.511,0.368,127.6,50,49.98,54.47,Swell
0.708,1.0419,1.472,4.65,0.0,50,50.0,35.55,Harmonics
0.7087,1.0997,1.552,6.817,0.0,50,49.998,42.84,Harmonics
0.8966,1.7459,1.947,1.16,61.3,50,50.02,47.08,Swell
0.7115,2.3591,3.316,1.465,5.0,50,49.975,38.84,Transient
0.3821,1.0012,2.62,2.35,151.7,50,49.994,51.03,Sag
0.7062,1.0141,1.436,0.137,0.0,50,49.994,39.47,Normal
0.7075,1.0403,1.47,0.032,0.0,50,50.029,53.75,Flicker
0.7173,1.0329,1.44,0.166,0.0,50,49.977,38.56,Normal
0.7084,1.0514,1.484,0.084,0.0,50,50.01,43.53,Flicker
0.8249,1.8103,2.195,4.188,32.4,50,50.013,37.28,Swell
0.707,1.0252,1.45,1.972,0.0,50,50.0,42.03,Harmonics
0.7082,1.0306,1.455,0.132,0.0,50,49.982,42.34,Flicker
0.5849,1.0201,1.744,2.342,99.8,50,49.994,35.96,Sag
0.7117,1.0221,1.436,0.14,0.0,50,50.013,40.4,Normal
0.3875,1.005,2.594,4.402,141.6,50,50.011,44.75,Sag
0.6983,0.9921,1.421,0.055,0.0,50,50.016,48.17,Normal
0.7102,1.0655,1.5,9.46,0.0,50,50.015,36.85,Harmonics
0.7053,1.0171,1.442,0.149,0.0,50,50.011,40.0,Normal
0.7105,1.0089,1.42,0.04,0.0,50,50.01,51.21,Normal
0.6097,1.0027,1.644,2.91,64.2,50,49.979,50.91,Sag
0.7021,0.9999,1.424,0.062,0.0,50,49.975,46.37,Normal
0.7067,1.0234,1.448,0.109,0.0,50,50.05,43.78,Flicker
0.7048,1.0073,1.429,0.097,0.0,50,49.995,44.36,Normal
0.7147,2.1971,3.074,3.77,5.0,50,50.012,42.78,Transient
0.7103,1.0151,1.429,0.056,0.0,50,49.958,45.05,Normal
0.7718,1.2032,1.559,0.652,93.0,50,50.019,38.8,Swell
0.7084,1.6197,2.287,0.277,5.0,50,49.984,45.92,Transient
0.7171,1.0173,1.418,0.03,0.0,50,49.993,53.17,Normal
0.4822,1.0085,2.092,6.889,115.8,50,49.988,39.1,Sag
0.7092,1.1983,1.69,0.536,5.0,50,50.008,42.17,Transient
0.6989,0.9954,1.424,0.055,0.0,50,50.008,48.63,Normal
0.704,1.0199,1.449,0.24,0.0,50,49.992,36.1,Normal
0.7109,1.3831,1.945,1.791,5.0,50,50.015,39.56,Transient
0.7154,1.0772,1.506,0.23,0.0,50,49.98,35.33,Flicker
0.7856,1.2201,1.553,0.653,98.9,50,50.012,50.91,Swell
0.783,1.4646,1.87,0.409,41.8,50,49.992,42.94,Swell
0.7092,1.024,1.444,7.866,0.0,50,50.016,46.47,Harmonics
0.7196,1.0259,1.426,0.074,0.0,50,49.962,46.16,Normal
0.8587,1.6642,1.938,2.739,52.6,50,49.968,46.78,Swell
0.7077,1.0113,1.429,0.089,0.0,50,49.991,44.18,Normal
0.2737,1.0075,3.682,7.191,171.9,50,50.01,37.36,Interruption
0.7114,1.0636,1.495,11.032,0.0,50,50.011,53.78,Harmonics
0.3185,1.001,3.143,14.806,157.2,50,49.992,46.66,Interruption
0.7158,1.0173,1.421,0.06,0.0,50,49.994,46.57,Normal
0.7153,1.0317,1.442,0.175,0.0,50,50.002,38.87,Normal
0.7086,1.764,2.489,0.472,5.0,50,49.993,54.42,Transient
0.7076,1.0029,1.417,0.025,0.0,50,49.974,54.86,Normal
0.5085,1.0065,1.979,11.669,93.6,50,50.008,42.67,Interruption
0.7115,1.0149,1.426,0.056,0.0,50,50.006,48.16,Normal
0.7127,1.0393,1.458,0.203,0.0,50,50.01,36.56,Normal
0.7164,1.0232,1.428,0.085,0.0,50,49.995,43.92,Normal
0.3836,1.0026,2.613,1.893,153.7,50,50.007,47.12,Sag
0.547,1.0028,1.833,3.528,95.6,50,49.979,48.51,Sag
0.7085,1.0483,1.48,6.993,0.0,50,50.042,42.68,Harmonics
0.9775,1.6424,1.68,1.016,109.7,50,50.021,43.39,Swell
0.5537,1.0071,1.819,3.474,88.1,50,49.993,44.2,Sag
0.7128,1.028,1.442,0.281,0.0,50,49.993,36.62,Normal
0.7636,1.3959,1.828,0.825,34.0,50,49.967,38.34,Swell
0.7121,1.035,1.453,0.182,0.0,50,50.016,38.26,Normal
0.7079,1.0212,1.442,5.375,0.0,50,50.006,40.9,Harmonics
0.3242,1.0039,3.097,6.394,156.9,50,50.006,47.27,Interruption
0.4396,1.0003,2.276,1.529,156.7,50,49.991,53.26,Sag
0.7059,1.0137,1.436,0.102,0.0,50,50.021,42.11,Normal
0.7127,2.5101,3.522,0.771,5.0,50,50.005,40.92,Transient
0.7089,1.0541,1.487,7.636,0.0,50,50.023,50.33,Harmonics
0.7126,1.0115,1.42,0.031,0.0,50,50.005,53.01,Normal
0.3879,1.0064,2.594,15.888,139.4,50,50.011,42.17,Interruption
0.7102,1.0103,1.423,0.05,0.0,50,49.964,47.79,Normal
0.7047,1.0164,1.442,0.162,0.0,50,49.993,38.66,Normal
0.7107,1.0161,1.43,0.101,0.0,50,49.962,42.77,Normal
0.7004,0.9994,1.427,0.106,0.0,50,50.025,43.03,Normal
0.7089,1.0084,1.422,6.667,0.0,50,49.991,38.32,Harmonics
0.7116,1.0147,1.426,0.095,0.0,50,50.007,43.55,Normal
0.9416,1.4498,1.54,0.283,146.7,50,49.989,40.41,Swell
0.7833,1.2082,1.542,0.32,101.1,50,50.011,48.38,Swell
0.7165,1.0549,1.472,0.238,0.0,50,49.968,35.03,Normal
0.674,1.0203,1.514,0.535,21.4,50,49.953,37.43,Sag
0.677,1.0139,1.498,1.148,32.4,50,49.998,40.1,Sag
0.6887,1.0044,1.458,0.577,32.1,50,50.044,48.25,Sag
0.7092,1.012,1.427,0.099,0.0,50,49.991,43.82,Normal
0.7142,1.0155,1.422,0.057,0.0,50,49.997,47.63,Normal
0.8173,1.5816,1.935,2.667,47.1,50,49.986,40.53,Swell
0.6089,1.0219,1.678,3.846,54.4,50,49.998,35.79,Interruption
0.7001,1.0179,1.454,0.218,0.0,50,49.976,36.61,Normal
0.6034,1.0101,1.674,0.694,125.8,50,49.949,40.32,Sag
0.8242,1.2413,1.506,0.39,140.3,50,50.024,44.91,Swell
0.4673,1.0032,2.147,14.658,115.4,50,49.971,46.68,Interruption
0.6564,1.0019,1.527,0.222,133.8,50,49.958,53.08,Sag
0.5678,1.0074,1.774,5.414,70.8,50,49.996,46.57,Interruption
0.7077,1.0227,1.445,1.133,0.0,50,49.982,39.99,Notch
0.711,1.0323,1.452,0.25,0.0,50,49.988,36.05,Normal
0.9307,1.4522,1.56,0.773,139.3,50,50.025,41.7,Swell
0.7082,1.0072,1.422,0.05,0.0,50,49.987,49.31,Normal
0.7072,1.4335,2.027,4.355,5.0,50,50.008,50.87,Transient
0.7036,1.0053,1.429,0.091,0.0,50,49.988,44.69,Normal
0.7075,1.0053,1.421,0.052,0.0,50,49.945,49.35,Normal
0.7079,1.0046,1.419,1.846,0.0,50,49.988,51.45,Notch
0.7073,1.1496,1.625,0.21,5.0,50,50.013,51.36,Transient
0.7084,1.0045,1.418,0.031,0.0,50,49.99,52.99,Normal
0.7174,1.0239,1.427,0.088,0.0,50,49.99,44.02,Normal
0.7003,1.0024,1.431,0.104,0.0,50,50.02,44.57,Normal
0.7136,1.0248,1.436,0.142,0.0,50,49.947,41.06,Normal
0.4554,1.0127,2.224,2.704,141.5,50,49.996,37.04,Sag
0.7086,1.0046,1.418,2.866,0.0,50,50.02,51.12,Notch
0.7081,1.012,1.429,0.074,0.0,50,49.981,44.83,Normal
0.643,1.0053,1.563,0.098,158.7,50,50.008,47.09,Sag
0.8592,1.6449,1.915,1.498,55.1,50,49.943,52.2,Swell
0.7797,1.2162,1.56,0.9,91.9,50,49.964,46.5,Swell
0.4384,1.0018,2.285,5.88,130.0,50,49.969,53.72,Sag
0.6648,1.0182,1.531,0.31,81.6,50,50.015,37.57,Sag
0.7083,1.024,1.446,5.654,0.0,50,49.983,38.22,Harmonics
0.5884,1.0027,1.704,3.157,63.1,50,50.013,54.0,Sag
0.7093,0.9654,1.361,7.834,0.0,50,49.986,50.48,Harmonics
0.896,1.3802,1.54,0.27,145.5,50,49.998,39.81,Swell
0.7098,1.0276,1.448,8.626,0.0,50,49.996,46.95,Harmonics
0.7072,1.0082,1.426,0.055,0.0,50,50.033,47.99,Normal
0.714,1.006,1.409,9.174,0.0,50,50.018,47.79,Notch
0.6373,1.003,1.574,0.419,100.7,50,49.974,51.51,Sag
0.499,1.0141,2.032,4.705,100.3,50,50.012,38.82,Interruption
0.4706,1.004,2.133,2.217,134.0,50,49.954,45.95,Sag
0.7043,1.0069,1.43,0.113,0.0,50,49.984,42.11,Normal
0.711,1.0084,1.418,0.032,0.0,50,49.99,53.2,Normal
0.71,1.8565,2.615,0.833,5.0,50,50.031,51.33,Transient
0.7081,1.0547,1.489,4.784,0.0,50,49.962,54.4,Harmonics
0.6966,0.9963,1.43,0.107,0.0,50,49.942,44.28,Normal
0.3185,1.0035,3.151,5.559,160.6,50,50.009,45.34,Interruption
0.708,1.0248,1.447,5.672,0.0,50,50.02,48.68,Harmonics
0.6104,1.0036,1.644,0.672,135.6,50,50.009,48.33,Sag
0.7074,1.0147,1.434,3.606,0.0,50,50.018,53.92,Harmonics
0.7049,1.0,1.419,0.04,0.0,50,49.981,50.61,Normal
0.8157,1.452,1.78,1.752,67.6,50,49.999,35.49,Swell
0.5565,1.0045,1.805,5.083,74.5,50,50.008,49.82,Sag
0.9514,1.7672,1.858,0.895,79.8,50,49.998,40.46,Swell
0.6341,1.0064,1.587,2.442,39.5,50,49.974,46.18,Sag
0.71,1.0009,1.41,8.351,0.0,50,49.976,37.65,Harmonics
0.9795,1.7388,1.775,2.266,94.9,50,50.006,35.04,Swell
0.7044,0.9997,1.419,0.033,0.0,50,50.03,53.66,Normal
0.7076,1.0131,1.432,0.035,0.0,50,49.966,52.93,Flicker
0.7084,1.0387,1.466,6.426,0.0,50,50.024,52.81,Harmonics
0.704,1.0067,1.43,0.091,0.0,50,49.986,41.87,Normal
0.7098,1.0316,1.453,2.872,0.0,50,50.038,38.33,Notch
0.7043,1.01,1.434,0.084,0.0,50,50.006,44.5,Normal
0.6721,1.0084,1.5,2.578,27.3,50,50.017,46.67,Sag
0.714,2.3001,3.222,0.637,5.0,50,49.987,53.48,Transient
0.7083,1.0166,1.435,6.481,0.0,50,50.025,36.24,Harmonics
0.9591,1.7829,1.859,1.059,79.9,50,50.01,36.94,Swell
0.704,0.9996,1.42,0.047,0.0,50,50.01,50.47,Normal
0.6664,1.0101,1.516,3.404,22.3,50,50.012,43.03,Sag
0.7031,1.0157,1.445,0.158,0.0,50,49.952,39.93,Normal
0.7082,1.0065,1.421,0.034,0.0,50,49.984,51.86,Normal
0.7095,1.0526,1.484,0.053,0.0,50,50.006,47.46,Flicker
0.7121,1.0227,1.436,0.146,0.0,50,50.002,40.31,Normal
0.7092,1.0059,1.418,0.034,0.0,50,49.981,52.14,Normal
0.7012,1.0119,1.443,0.137,0.0,50,49.977,39.17,Normal
0.7095,1.0135,1.429,3.091,0.0,50,50.003,41.86,Notch
0.7173,1.018,1.419,0.034,0.0,50,50.032,52.16,Normal
0.7189,1.0209,1.42,0.041,0.0,50,50.004,51.55,Normal
0.6963,0.9902,1.422,0.048,0.0,50,50.02,49.88,Normal
0.7081,1.0065,1.421,0.045,0.0,50,49.992,48.87,Normal
0.7067,1.0244,1.449,0.151,0.0,50,50.033,36.82,Normal
0.7079,1.1603,1.639,0.411,5.0,50,49.995,51.05,Transient
0.7109,1.019,1.433,10.587,0.0,50,49.995,41.18,Harmonics
0.6984,1.0046,1.438,0.139,0.0,50,49.981,39.94,Normal
0.7083,1.0295,1.453,4.272,0.0,50,49.975,37.21,Harmonics
0.7104,1.0104,1.422,0.06,0.0,50,50.015,48.18,Normal
0.8881,1.45,1.633,0.745,106.1,50,50.006,52.73,Swell
0.3968,1.0133,2.554,1.773,153.7,50,49.974,35.91,Sag
0.7046,1.0259,1.456,0.119,0.0,50,49.987,38.44,Normal
0.7054,1.0028,1.422,0.029,0.0,50,49.985,50.66,Normal
0.7132,1.0213,1.432,0.106,0.0,50,49.99,41.61,Normal
0.6122,1.0172,1.662,2.502,64.2,50,50.004,37.54,Sag
0.5007,1.0022,2.002,5.755,100.8,50,50.022,52.75,Interruption
0.7157,1.0215,1.427,0.108,0.0,50,50.016,42.63,Normal
0.7313,1.0387,1.42,0.029,0.0,50,50.008,52.63,Normal
0.462,1.0014,2.168,2.775,126.6,50,49.978,52.74,Sag
0.7093,1.0703,1.509,0.154,0.0,50,49.985,38.57,Flicker
0.7081,1.0552,1.49,5.19,0.0,50,50.011,50.03,Harmonics
0.716,2.0854,2.912,4.422,5.0,50,49.993,46.4,Transient
0.7015,1.0021,1.429,0.09,0.0,50,50.015,42.4,Normal
0.7093,1.0126,1.428,3.612,0.0,50,49.983,43.11,Notch
0.5326,1.003,1.883,2.41,114.5,50,50.018,46.08,Sag
0.7078,1.0114,1.429,0.088,0.0,50,50.006,42.86,Normal
0.8194,1.5472,1.888,2.143,50.0,50,50.002,45.54,Swell
0.7117,1.0312,1.449,0.276,0.0,50,49.992,36.12,Normal
0.2713,1.0043,3.702,4.147,172.0,50,50.008,41.39,Interruption
0.7057,1.0109,1.432,0.133,0.0,50,49.992,41.24,Normal
0.7075,1.0035,1.418,2.018,0.0,50,50.02,52.69,Notch
0.5049,1.0021,1.985,4.929,101.1,50,49.987,52.33,Sag
0.5988,1.0179,1.7,2.867,59.0,50,49.998,36.46,Sag
0.7084,1.0433,1.473,6.289,0.0,50,50.016,50.7,Harmonics
0.7041,1.0062,1.429,0.082,0.0,50,49.978,44.13,Normal
0.715,1.0318,1.443,0.149,0.0,50,49.995,40.1,Normal
0.7099,1.0926,1.539,8.599,0.0,50,49.97,45.72,Harmonics
0.708,1.0357,1.463,0.314,5.0,50,49.995,41.48,Transient
0.7115,2.1448,3.014,0.785,5.0,50,49.97,54.84,Transient
0.5035,1.0203,2.026,8.169,99.7,50,49.995,35.32,Sag
0.399,1.0013,2.509,4.439,136.7,50,50.004,54.91,Sag
0.707,1.0377,1.468,0.149,5.0,50,50.024,53.03,Transient
0.6995,1.0054,1.437,0.158,0.0,50,50.005,38.09,Normal
0.7054,1.0087,1.43,0.107,0.0,50,50.005,43.91,Normal
0.7087,1.9925,2.812,0.493,5.0,50,49.997,53.8,Transient
0.7103,1.0095,1.421,0.056,0.0,50,50.004,47.77,Normal
0.7094,1.1185,1.577,8.162,0.0,50,50.023,47.19,Harmonics
0.685,1.0071,1.47,0.643,31.2,50,49.991,45.91,Sag
0.7091,1.0845,1.529,6.746,0.0,50,49.963,41.19,Harmonics
0.7006,1.0045,1.434,0.11,0.0,50,50.039,42.03,Normal
0.7032,0.9981,1.419,0.034,0.0,50,50.036,51.87,Normal
0.5423,1.0044,1.852,5.052,80.9,50,50.011,45.85,Interruption
0.6968,0.9885,1.419,0.04,0.0,50,50.012,50.72,Normal
0.6993,0.9984,1.428,0.075,0.0,50,49.979,44.85,Normal
0.4508,1.0109,2.243,11.818,117.4,50,49.978,41.16,Interruption
0.6683,1.0026,1.5,0.797,26.2,50,49.983,54.93,Sag
0.5405,1.0041,1.858,6.834,81.2,50,50.016,46.17,Interruption
0.7116,1.0123,1.423,11.723,0.0,50,49.99,36.33,Harmonics
0.7783,1.2177,1.565,0.565,108.0,50,50.036,36.67,Swell
0.8673,1.4202,1.637,1.069,102.2,50,50.003,45.72,Swell
0.7156,1.0196,1.425,0.084,0.0,50,50.008,45.12,Normal
0.7089,1.1078,1.563,6.74,0.0,50,49.977,47.68,Harmonics
0.7078,1.0212,1.443,4.413,0.0,50,50.011,43.47,Harmonics
0.7121,1.024,1.438,0.115,0.0,50,49.985,40.91,Normal
0.6973,0.9933,1.424,0.083,0.0,50,49.964,44.33,Normal
0.5912,1.0166,1.72,4.522,61.6,50,50.025,35.04,Sag
0.5122,1.0048,1.962,5.747,101.5,50,50.027,45.84,Sag
0.9113,1.7195,1.887,1.763,67.8,50,49.986,41.09,Swell
0.6339,1.0117,1.596,1.483,37.6,50,50.0,43.13,Interruption
0.7107,1.0651,1.499,0.069,0.0,50,50.024,46.73,Flicker
0.7079,1.0191,1.44,1.882,5.0,50,49.98,38.51,Transient
0.7132,2.5128,3.523,0.661,5.0,50,50.007,45.63,Transient
0.4257,1.001,2.351,5.852,127.5,50,49.981,54.63,Sag
0.9727,1.5522,1.596,0.838,134.0,50,50.031,42.49,Swell
0.6978,0.991,1.42,0.028,0.0,50,49.987,52.84,Normal
0.7015,1.0139,1.445,0.19,0.0,50,49.977,36.61,Normal
0.7075,1.0279,1.453,2.203,0.0,50,49.987,46.8,Harmonics
0.711,0.9945,1.399,11.172,0.0,50,50.013,37.05,Harmonics
0.789,1.422,1.802,1.271,49.5,50,49.99,42.25,Swell
0.7153,1.0501,1.468,0.19,0.0,50,50.028,36.06,Normal
0.6064,1.0031,1.654,7.121,53.9,50,50.04,54.78,Sag
1.0147,1.6495,1.626,0.768,130.4,50,49.999,39.88,Swell
0.7055,1.0156,1.439,0.158,0.0,50,49.991,39.62,Normal
0.595,1.0033,1.686,7.298,55.8,50,50.014,50.73,Interruption
0.716,1.0656,1.488,0.099,0.0,50,49.978,41.79,Flicker
0.7077,1.011,1.429,4.442,0.0,50,50.011,54.89,Harmonics
0.7115,1.0324,1.451,0.222,0.0,50,49.968,37.73,Normal
0.7148,1.0135,1.418,0.026,0.0,50,50.012,53.19,Normal
0.3797,1.0017,2.638,15.438,141.5,50,50.025,54.69,Interruption
0.7113,2.072,2.913,0.962,5.0,50,49.994,42.87,Transient
0.7083,1.0368,1.464,5.803,0.0,50,49.999,54.64,Harmonics
0.8119,1.2424,1.53,0.386,121.8,50,49.99,46.86,Swell
0.712,2.1167,2.973,0.892,5.0,50,50.001,38.76,Transient
0.7081,1.4972,2.114,1.131,5.0,50,50.003,54.87,Transient
0.7078,1.0243,1.447,2.175,0.0,50,50.021,35.08,Notch
0.698,0.99,1.418,0.031,0.0,50,50.024,53.84,Normal
0.6996,0.9978,1.426,0.077,0.0,50,49.994,46.02,Normal
0.5939,1.0065,1.695,2.097,60.1,50,50.004,44.39,Sag
0.7087,1.0171,1.435,3.26,0.0,50,49.993,42.58,Notch
0.3618,1.0018,2.769,27.047,144.1,50,49.992,51.7,Interruption
0.7095,1.0252,1.445,7.451,0.0,50,49.953,48.01,Harmonics
0.6966,0.9905,1.422,0.065,0.0,50,50.024,48.96,Normal
0.6185,1.0119,1.636,0.603,60.4,50,50.003,41.26,Sag
0.3232,1.0006,3.096,30.129,158.5,50,49.988,46.93,Interruption
0.5705,1.0017,1.756,4.823,67.4,50,50.017,52.52,Interruption
0.723,1.0555,1.46,0.237,0.0,50,49.999,36.71,Normal
0.7104,1.7842,2.512,2.154,5.0,50,50.014,36.98,Transient
0.5411,1.005,1.858,7.654,82.3,50,50.027,47.07,Interruption
0.7083,1.0062,1.421,4.604,0.0,50,49.947,41.29,Harmonics
0.7085,0.9454,1.334,6.156,0.0,50,49.987,48.12,Harmonics
0.3584,1.0034,2.799,9.237,149.2,50,50.005,43.07,Interruption
0.7074,1.2188,1.723,0.361,5.0,50,50.049,35.88,Transient
0.7176,1.0381,1.447,0.249,0.0,50,49.995,36.97,Flicker
0.7094,1.0414,1.468,7.868,0.0,50,50.004,43.76,Harmonics
0.6342,1.0108,1.594,1.685,76.0,50,50.005,43.02,Sag
0.7003,1.0231,1.461,0.256,0.0,50,49.985,35.23,Normal
0.712,1.0147,1.425,0.075,0.0,50,50.004,45.41,Normal
0.5947,1.007,1.693,4.133,62.8,50,50.014,46.89,Sag
0.5816,1.0104,1.737,6.107,66.8,50,49.989,41.76,Interruption
0.3969,1.0049,2.532,2.695,155.0,50,50.0,41.34,Sag
0.822,1.2367,1.504,0.479,139.6,50,49.994,43.77,Swell
0.5835,1.0156,1.741,0.955,114.4,50,49.987,40.74,Sag
0.7079,1.0029,1.417,1.416,5.0,50,50.032,54.42,Transient
0.7083,1.0203,1.441,5.758,0.0,50,49.995,42.28,Harmonics
0.5382,1.006,1.869,2.257,106.9,50,49.987,44.59,Sag
0.7075,1.0055,1.421,0.35,5.0,50,50.008,53.01,Transient
0.4276,1.0069,2.355,11.89,125.9,50,50.035,41.89,Interruption
0.7108,1.0321,1.452,0.236,0.0,50,49.99,35.49,Normal
0.9358,1.4162,1.513,0.192,159.7,50,50.011,40.75,Swell
0.3895,1.0014,2.571,7.75,140.5,50,49.977,51.85,Sag
0.7063,1.009,1.429,0.106,0.0,50,50.015,43.02,Normal
0.7094,0.9575,1.35,8.648,0.0,50,50.024,36.46,Harmonics
0.7086,1.4778,2.086,1.535,5.0,50,50.001,50.58,Transient
0.7088,1.4736,2.079,3.669,5.0,50,50.002,54.16,Transient
0.4053,1.0103,2.493,15.036,134.4,50,50.022,36.86,Interruption
0.7149,1.0029,1.403,8.996,0.0,50,50.002,54.89,Notch
0.7074,1.0056,1.421,0.416,5.0,50,49.974,50.49,Transient
0.562,1.0197,1.814,13.428,72.9,50,49.964,35.22,Interruption
0.7108,1.0956,1.541,10.596,0.0,50,50.037,53.3,Harmonics
0.7039,1.0152,1.442,0.136,0.0,50,50.011,39.71,Normal
0.7112,1.0113,1.422,0.082,0.0,50,49.989,46.13,Normal
0.7075,1.0366,1.465,0.049,0.0,50,50.022,49.48,Flicker
0.7436,1.1819,1.589,0.4,63.8,50,49.978,37.5,Swell
0.709,1.8412,2.597,0.542,5.0,50,50.006,35.69,Transient
0.7182,1.0529,1.466,0.219,0.0,50,49.963,35.01,Normal
0.7016,0.9981,1.422,0.05,0.0,50,49.992,49.38,Normal
0.7056,1.0296,1.459,0.166,0.0,50,50.039,36.79,Normal
0.7103,1.1275,1.587,9.187,0.0,50,49.972,42.95,Harmonics
0.945,1.7219,1.822,0.754,82.6,50,49.997,47.21,Swell
0.7086,1.0522,1.485,5.464,0.0,50,49.984,36.66,Harmonics
0.6382,1.0117,1.585,2.612,54.6,50,50.023,43.22,Sag
0.7202,1.0274,1.427,0.064,0.0,50,50.05,47.39,Normal
0.7143,1.0132,1.419,0.033,0.0,50,49.994,53.58,Normal
0.7081,1.022,1.443,0.721,0.0,50,49.993,38.24,Notch
0.644,1.0269,1.595,1.246,44.1,50,50.008,36.19,Sag
0.6923,0.9921,1.433,0.098,0.0,50,50.008,41.3,Normal
0.71,1.0128,1.426,0.094,0.0,50,50.058,44.93,Normal
0.3416,1.0078,2.95,18.231,154.8,50,49.979,36.33,Interruption
0.5934,1.0027,1.69,5.87,68.0,50,50.014,50.84,Sag
0.5964,1.0075,1.689,5.677,57.1,50,49.998,44.83,Interruption
0.7389,1.1315,1.531,0.64,71.3,50,49.998,40.24,Swell
0.7105,2.3379,3.291,1.295,5.0,50,49.998,39.18,Transient
0.7091,1.0421,1.47,7.171,0.0,50,49.986,52.99,Harmonics
0.772,1.2961,1.679,1.041,57.7,50,50.017,46.52,Swell
0.7102,1.057,1.488,9.548,0.0,50,50.029,43.49,Harmonics
0.6841,1.0085,1.474,0.326,23.5,50,49.994,45.04,Sag
0.6284,1.0065,1.602,4.337,44.4,50,50.045,46.42,Sag
0.9873,1.7713,1.794,1.631,88.2,50,50.004,48.92,Swell
0.9735,1.5955,1.639,0.915,116.6,50,50.001,43.9,Swell
0.7102,1.2729,1.792,7.019,5.0,50,50.002,45.6,Transient
0.6946,0.9927,1.429,0.107,0.0,50,49.975,42.19,Normal
0.717,1.0366,1.446,0.186,0.0,50,50.023,38.16,Normal
0.7069,1.2094,1.711,1.508,5.0,50,49.972,50.53,Transient
0.462,1.0113,2.189,13.831,116.8,50,50.002,41.52,Interruption
0.7121,1.0245,1.439,0.083,0.0,50,50.021,42.07,Normal
0.4129,1.0088,2.443,17.46,130.7,50,49.998,40.91,Interruption
0.7133,1.0057,1.41,6.459,0.0,50,49.992,48.03,Notch
0.3876,1.0038,2.59,6.772,142.4,50,49.99,43.96,Interruption
0.7074,1.2193,1.724,0.133,5.0,50,50.003,45.81,Transient
0.599,1.0054,1.678,0.968,126.7,50,49.984,46.85,Sag
0.7074,1.0028,1.418,1.404,0.0,50,50.002,53.77,Notch
0.674,1.0096,1.498,0.667,20.4,50,49.994,45.1,Sag
0.9408,1.5168,1.612,0.292,119.5,50,49.988,50.9,Swell
0.8215,1.4292,1.74,1.377,67.7,50,50.011,43.85,Swell
0.7124,1.0224,1.435,0.114,0.0,50,49.983,41.35,Normal
0.7119,1.0089,1.417,0.026,0.0,50,49.954,54.26,Normal
0.7087,1.0081,1.422,2.865,0.0,50,49.992,48.18,Notch
0.7099,1.0097,1.422,0.058,0.0,50,49.991,47.89,Normal
0.7179,1.0178,1.418,0.026,0.0,50,49.964,53.76,Normal
0.7113,1.0131,1.424,0.057,0.0,50,49.989,47.66,Normal
0.6885,0.9968,1.448,0.203,0.0,50,50.043,38.32,Normal
0.6133,1.0094,1.646,5.517,49.3,50,49.993,43.22,Interruption
0.7173,1.0206,1.423,0.052,0.0,50,50.02,50.03,Normal
1.0661,1.7737,1.664,1.972,120.6,50,49.996,45.74,Swell
0.4212,1.0066,2.39,7.308,129.3,50,50.004,40.39,Interruption
1.0455,1.6055,1.536,0.553,152.2,50,50.0,50.84,Swell
0.714,1.0157,1.422,0.051,0.0,50,49.998,50.22,Normal
0.8604,1.3205,1.535,0.451,131.0,50,50.02,51.79,Swell
0.7089,1.0068,1.42,0.046,0.0,50,49.989,49.77,Normal
0.4988,1.0014,2.008,3.682,125.7,50,50.005,54.58,Sag
0.7072,1.0212,1.444,0.241,5.0,50,50.002,38.62,Transient
0.4691,1.0198,2.174,3.537,122.9,50,50.017,35.31,Sag
0.7082,1.02,1.44,1.342,0.0,50,49.997,39.51,Notch
0.7144,1.0138,1.419,0.034,0.0,50,49.976,52.47,Normal
0.6066,1.0252,1.69,2.594,70.0,50,50.003,36.75,Sag
0.4441,1.0051,2.263,4.601,120.5,50,49.97,43.41,Interruption
0.701,0.9943,1.418,0.026,0.0,50,50.011,54.09,Normal
0.7109,0.9982,1.404,10.051,0.0,50,49.997,39.17,Harmonics
0.7096,1.0509,1.481,8.429,0.0,50,50.006,42.57,Harmonics
0.5015,1.0217,2.037,3.466,99.1,50,49.979,35.69,Interruption
0.6525,1.0034,1.538,4.438,30.6,50,50.0,51.28,Sag
0.7056,1.0296,1.459,0.235,0.0,50,49.986,37.11,Normal
0.7012,0.9966,1.421,0.04,0.0,50,50.001,52.48,Normal
0.6316,1.0105,1.6,2.142,40.5,50,49.994,42.71,Interruption
1.0973,1.8365,1.674,0.794,127.8,50,50.038,35.07,Swell
0.7773,1.3849,1.782,1.854,44.3,50,49.999,44.4,Swell
0.7112,1.5985,2.248,3.552,5.0,50,50.002,39.48,Transient
0.5548,1.002,1.806,0.451,141.5,50,49.964,52.03,Sag
0.7058,1.0158,1.439,0.109,0.0,50,50.021,42.39,Normal
0.7098,1.1179,1.575,8.275,0.0,50,49.957,52.52,Harmonics
0.6718,1.0035,1.494,0.391,32.3,50,49.988,50.8,Sag
0.5995,1.0255,1.711,1.957,57.7,50,50.016,35.25,Sag
0.8721,1.483,1.7,1.576,91.8,50,49.961,36.24,Swell
0.7076,1.018,1.439,3.703,0.0,50,50.0,46.48,Harmonics
0.7106,1.0084,1.419,0.043,0.0,50,49.967,50.53,Normal
0.7075,1.0334,1.461,0.811,5.0,50,50.009,36.24,Transient
0.6734,1.0097,1.499,0.612,65.7,50,49.994,41.3,Sag
0.6954,0.9871,1.42,0.032,0.0,50,50.016,53.37,Normal
0.8611,1.4178,1.647,1.52,99.7,50,49.995,42.15,Swell
0.3978,1.0013,2.517,1.812,154.0,50,50.012,50.38,Sag
0.7032,1.002,1.425,0.078,0.0,50,50.03,45.44,Normal
0.7075,0.9653,1.364,3.921,0.0,50,50.036,53.58,Harmonics
0.7147,1.029,1.44,0.133,0.0,50,50.028,39.05,Normal
0.6998,1.0012,1.431,0.1,0.0,50,49.986,43.48,Normal
0.7111,1.0253,1.442,0.208,0.0,50,50.023,37.79,Normal
0.7078,1.0135,1.432,4.321,0.0,50,49.995,45.62,Harmonics
0.7111,1.9082,2.683,0.307,5.0,50,49.98,46.95,Transient
0.7086,1.0171,1.435,6.456,0.0,50,49.984,37.97,Harmonics
0.7136,1.0152,1.423,0.06,0.0,50,50.023,48.29,Normal
0.6897,0.979,1.419,0.049,0.0,50,49.942,49.35,Normal
0.5759,1.0044,1.744,1.148,134.2,50,50.015,47.25,Sag
0.2315,1.0009,4.323,31.759,177.3,50,50.011,49.83,Interruption
0.2764,1.0011,3.621,6.764,170.0,50,49.974,48.66,Interruption
0.7083,1.0651,1.504,6.52,0.0,50,50.032,42.93,Harmonics
0.9839,1.7483,1.777,2.638,91.0,50,50.011,54.83,Swell
0.7938,1.5793,1.99,1.432,36.3,50,49.999,43.62,Swell
0.8105,1.2574,1.551,0.482,118.2,50,49.959,35.94,Swell
0.7205,1.0448,1.45,0.189,0.0,50,49.989,37.49,Normal
0.7069,1.0061,1.423,0.059,0.0,50,49.997,47.87,Normal
0.7199,1.0458,1.453,0.211,0.0,50,50.025,36.47,Normal
0.6985,0.9903,1.418,0.036,0.0,50,49.984,52.71,Normal
0.5285,1.0026,1.897,2.986,120.3,50,49.993,47.07,Sag
0.7098,0.9643,1.358,8.807,0.0,50,49.993,48.98,Harmonics
0.7091,1.0155,1.432,4.062,5.0,50,50.01,44.75,Transient
0.7085,1.4722,2.078,0.783,5.0,50,49.994,41.16,Transient
0.7075,1.0589,1.497,0.179,5.0,50,50.001,44.75,Transient
0.709,1.0216,1.441,0.136,0.0,50,50.013,41.48,Normal
0.7092,1.0308,1.453,2.839,0.0,50,49.988,37.04,Notch
0.7079,1.0341,1.461,4.873,0.0,50,50.005,52.83,Harmonics
0.4969,1.0051,2.023,9.4,100.8,50,49.991,45.66,Interruption
0.7078,1.0574,1.494,0.208,0.0,50,50.014,36.89,Flicker
0.9002,1.6624,1.847,1.649,73.1,50,50.019,48.64,Swell
0.7095,1.7991,2.536,0.506,5.0,50,49.979,39.24,Transient
0.7181,1.0316,1.437,0.18,0.0,50,49.994,39.36,Normal
0.7067,1.0059,1.424,0.062,0.0,50,50.011,49.09,Normal
0.7093,1.1065,1.56,7.463,0.0,50,50.026,38.08,Harmonics
0.541,1.0111,1.869,4.617,89.8,50,49.994,42.08,Sag
0.7199,1.1423,1.587,0.746,25.8,50,49.993,41.69,Swell
0.7074,1.024,1.447,3.75,0.0,50,50.015,40.46,Harmonics
0.713,1.0135,1.421,0.047,0.0,50,49.978,47.99,Normal
0.7102,1.0216,1.438,9.751,0.0,50,50.02,39.46,Harmonics
0.7157,1.0169,1.421,0.058,0.0,50,49.995,48.1,Normal
0.646,1.0054,1.556,5.025,34.0,50,50.022,48.62,Sag
0.7,1.0197,1.457,0.208,20.3,50,49.979,38.31,Sag
0.82,1.3972,1.704,0.87,75.6,50,50.006,42.93,Swell
0.7076,1.0221,1.445,4.887,0.0,50,49.993,40.48,Harmonics
0.7102,1.1046,1.555,9.789,0.0,50,50.034,37.38,Harmonics
0.6945,0.9866,1.421,0.046,0.0,50,50.008,49.55,Normal
0.7095,1.0993,1.55,7.926,0.0,50,49.993,42.26,Harmonics
0.8279,1.8069,2.183,2.417,34.0,50,49.994,40.57,Swell
0.7087,1.0566,1.491,5.848,0.0,50,49.974,46.82,Harmonics
0.7085,1.03,1.454,2.517,0.0,50,50.035,35.57,Notch
0.8778,1.4771,1.683,1.218,95.0,50,49.965,35.92,Swell
0.7003,0.9938,1.419,0.028,0.0,50,50.004,54.68,Normal
0.8334,1.6399,1.968,3.014,48.3,50,49.995,42.17,Swell
0.7103,1.0852,1.528,9.796,0.0,50,50.005,42.88,Harmonics
0.6999,1.0102,1.443,0.174,0.0,50,50.011,37.68,Normal
0.4482,1.0025,2.237,6.804,121.7,50,49.998,47.09,Interruption
0.6993,0.9962,1.425,0.065,0.0,50,50.015,46.85,Normal
0.4898,1.0148,2.072,6.465,110.2,50,49.991,36.64,Sag
0.9946,1.7566,1.766,2.391,97.0,50,49.993,43.49,Swell
0.7078,1.0172,1.437,5.259,0.0,50,50.032,42.89,Harmonics
0.6951,1.0129,1.457,0.176,0.0,50,50.027,38.32,Normal
0.717,1.0434,1.455,0.244,0.0,50,49.961,36.21,Normal
0.7106,1.0153,1.429,4.195,0.0,50,50.012,42.92,Notch
0.6974,0.9898,1.419,0.033,0.0,50,50.018,51.54,Normal
0.7086,1.0304,1.454,5.807,0.0,50,49.961,46.41,Harmonics
0.5778,1.0089,1.746,3.773,84.2,50,49.967,43.4,Sag
0.7086,1.0225,1.443,2.291,0.0,50,49.976,36.16,Notch
0.7086,1.0227,1.443,0.121,0.0,50,49.98,39.98,Normal
0.498,1.0056,2.019,0.967,155.2,50,49.977,41.14,Sag
0.7108,1.0264,1.444,10.175,0.0,50,50.014,36.19,Harmonics
0.707,1.0167,1.438,2.077,5.0,50,50.018,40.43,Transient
0.7179,1.0355,1.442,0.199,0.0,50,49.966,35.91,Normal
0.352,1.0006,2.843,14.927,151.6,50,49.991,50.1,Interruption
0.7228,1.0312,1.427,0.099,0.0,50,49.991,42.66,Normal
0.9725,1.5163,1.559,0.639,145.0,50,50.017,38.14,Swell
0.7083,1.0059,1.42,0.036,0.0,50,50.008,51.17,Normal
0.5586,1.0121,1.812,1.84,78.3,50,50.045,43.15,Sag
0.7067,1.0293,1.456,0.183,0.0,50,49.977,37.52,Normal
0.7202,1.0304,1.431,0.137,0.0,50,50.021,42.03,Normal
0.8805,1.3242,1.504,0.52,154.6,50,50.011,39.16,Swell
0.6058,1.0146,1.675,1.281,104.1,50,49.962,38.44,Sag
0.708,1.0279,1.452,0.205,0.0,50,50.003,36.9,Normal
0.7093,1.0066,1.419,0.032,0.0,50,50.028,53.7,Normal
0.7084,1.0143,1.432,5.852,0.0,50,49.996,44.62,Harmonics
0.7072,1.0121,1.431,0.75,0.0,50,50.009,42.85,Notch
0.6043,1.007,1.666,10.007,55.4,50,49.996,42.61,Interruption
0.6637,1.0022,1.51,0.1,121.1,50,49.99,53.65,Sag
0.6004,1.0161,1.692,3.768,72.9,50,50.001,39.57,Sag
0.7011,0.9984,1.424,0.057,0.0,50,50.018,47.01,Normal
0.7078,1.1745,1.66,0.243,5.0,50,49.999,40.95,Transient
0.7016,0.9986,1.423,0.049,0.0,50,49.994,49.99,Normal
0.7148,1.0178,1.424,0.048,0.0,50,50.031,48.97,Normal
0.703,0.997,1.418,0.027,0.0,50,50.032,53.58,Normal
0.7087,1.4864,2.097,1.059,5.0,50,49.996,39.31,Transient
0.7128,1.0143,1.423,0.066,0.0,50,49.981,47.7,Normal
1.1075,1.8056,1.63,0.663,135.8,50,50.034,37.83,Swell
0.7178,1.0364,1.444,0.108,0.0,50,49.983,42.15,Flicker
0.7045,1.0039,1.425,0.09,0.0,50,49.956,44.89,Normal
0.7086,1.026,1.448,6.574,0.0,50,49.978,39.96,Harmonics
0.7087,1.8659,2.633,0.326,5.0,50,49.989,48.5,Transient
0.7081,1.0353,1.462,5.127,0.0,50,49.992,51.33,Harmonics
0.6351,1.0046,1.582,1.104,82.4,50,50.002,50.27,Sag
0.7096,1.0547,1.486,7.882,0.0,50,49.984,38.01,Harmonics
0.7094,1.0583,1.492,7.506,0.0,50,49.966,38.67,Harmonics
0.7074,1.1295,1.597,0.396,5.0,50,50.034,42.49,Transient
0.906,1.66,1.832,2.115,76.5,50,50.035,50.36,Swell
1.0075,1.7065,1.694,1.671,111.7,50,49.969,42.45,Swell
0.8607,1.2996,1.51,0.44,142.2,50,50.013,47.14,Swell
0.7093,1.0663,1.503,7.963,0.0,50,50.018,44.62,Harmonics
0.5045,1.0033,1.989,6.849,94.8,50,50.033,49.07,Interruption
0.5906,1.003,1.698,4.725,59.8,50,50.013,49.36,Interruption
0.7104,1.0099,1.422,0.053,0.0,50,50.007,48.85,Normal
0.6943,0.9871,1.422,0.069,0.0,50,49.999,47.98,Normal
0.7116,1.0133,1.424,0.062,0.0,50,49.964,47.31,Normal
0.7098,1.0473,1.475,8.51,0.0,50,50.006,41.7,Harmonics
0.6125,1.0009,1.634,0.349,142.9,50,50.008,54.26,Sag
0.8799,1.3606,1.546,0.535,132.0,50,49.985,44.75,Swell
0.7169,1.0266,1.432,0.095,0.0,50,50.027,42.31,Normal
0.7034,0.9997,1.421,0.042,0.0,50,50.012,51.33,Normal
0.72,1.0214,1.419,0.035,0.0,50,49.977,51.53,Normal
0.71,1.0076,1.419,0.031,0.0,50,49.998,50.51,Normal
0.709,1.0385,1.465,0.062,0.0,50,50.019,46.89,Flicker
0.4506,1.0126,2.247,5.628,124.1,50,50.009,39.13,Sag
0.6371,1.0049,1.577,0.11,158.5,50,50.005,42.34,Sag
0.6987,0.9916,1.419,0.023,0.0,50,49.999,54.91,Normal
0.7078,1.007,1.423,1.322,0.0,50,49.973,47.84,Notch
0.702,1.004,1.43,0.133,0.0,50,50.022,41.4,Normal
0.6224,1.0057,1.616,1.536,58.4,50,49.963,45.88,Sag
0.2325,1.0009,4.306,5.594,175.1,50,49.997,49.93,Interruption
0.429,1.0069,2.347,8.658,127.2,50,49.984,40.87,Sag
0.3189,1.0025,3.143,10.786,157.2,50,50.004,47.34,Interruption
0.5216,1.0044,1.926,12.894,92.3,50,50.018,45.68,Interruption
0.8971,1.4584,1.626,1.335,110.2,50,49.998,46.34,Swell
0.7038,1.0048,1.428,0.112,0.0,50,49.982,44.11,Normal
0.7083,1.0356,1.462,5.42,0.0,50,49.991,51.72,Harmonics
0.4649,1.0018,2.155,12.437,112.9,50,49.971,54.7,Interruption
0.4026,1.0013,2.487,6.829,137.2,50,50.025,52.81,Sag
0.5526,1.0069,1.822,5.366,75.2,50,50.011,45.82,Interruption
0.716,1.022,1.427,0.064,0.0,50,50.006,44.81,Normal
0.7111,1.8128,2.549,2.436,5.0,50,50.026,48.74,Transient
0.587,1.003,1.709,5.312,61.3,50,50.004,51.79,Sag
0.7088,1.0265,1.448,2.46,0.0,50,49.985,36.86,Notch
0.7078,1.0434,1.474,0.217,0.0,50,49.996,36.02,Flicker
0.8717,1.3995,1.605,1.09,113.8,50,50.007,44.77,Swell
0.7056,1.016,1.44,0.139,0.0,50,50.01,39.71,Normal
0.7133,1.0087,1.414,6.198,0.0,50,50.022,43.65,Notch
0.6999,0.9949,1.422,0.046,0.0,50,50.012,48.82,Normal
0.7077,1.0054,1.421,1.159,0.0,50,50.007,50.26,Notch
0.5653,1.0047,1.777,0.79,138.8,50,50.024,47.05,Sag
0.4171,1.001,2.4,1.071,139.9,50,50.014,54.69,Sag
0.7052,1.0025,1.422,0.059,0.0,50,50.033,47.24,Normal
0.6823,1.0029,1.47,0.848,22.6,50,49.993,52.17,Sag
0.6152,1.0051,1.634,1.669,59.7,50,49.979,51.38,Sag
0.9014,1.7162,1.904,2.519,68.4,50,49.985,37.26,Swell
0.7116,1.0267,1.443,0.191,0.0,50,50.014,39.42,Normal
0.703,1.0077,1.433,0.113,0.0,50,50.052,41.12,Normal
0.4748,1.0089,2.125,3.377,133.4,50,49.957,43.57,Sag
0.7098,1.0252,1.444,0.168,0.0,50,50.012,38.55,Normal
0.5842,1.022,1.749,2.946,89.1,50,50.004,35.63,Sag
0.6061,1.0141,1.673,0.962,83.3,50,50.007,39.32,Sag
0.6672,1.0031,1.503,0.549,54.2,50,50.01,52.61,Sag
1.0014,1.7571,1.755,0.639,100.8,50,50.002,39.63,Swell
0.7118,1.0104,1.419,0.029,0.0,50,49.987,54.58,Normal
0.7128,1.0118,1.419,0.038,0.0,50,50.01,52.14,Normal
0.6381,1.0137,1.589,2.017,37.6,50,49.994,38.47,Interruption
0.7029,1.0006,1.424,0.057,0.0,50,50.005,47.68,Normal
0.6795,1.0104,1.487,0.395,39.4,50,49.984,43.25,Sag
0.7068,1.0022,1.418,0.027,0.0,50,49.998,54.3,Normal
0.9129,1.4032,1.537,0.446,147.4,50,49.982,36.48,Swell
0.5432,1.004,1.848,0.522,159.2,50,49.992,51.16,Sag
0.7172,1.0304,1.437,0.133,0.0,50,50.025,41.96,Normal
0.7014,1.0042,1.432,0.137,0.0,50,49.973,41.79,Normal
0.7111,1.0092,1.419,0.03,0.0,50,50.02,53.07,Normal
0.8616,1.7786,2.064,3.131,45.5,50,49.99,46.29,Swell
0.4814,1.0033,2.084,2.347,124.1,50,50.024,42.54,Sag
0.8066,1.2483,1.548,0.471,114.0,50,50.027,45.77,Swell
0.744,1.3593,1.827,0.74,25.8,50,50.002,43.31,Swell
0.4371,1.0013,2.291,5.414,135.8,50,49.974,54.09,Sag
0.8639,1.6643,1.927,1.596,55.7,50,50.031,35.6,Swell
0.7115,1.0118,1.422,11.148,0.0,50,50.01,40.58,Harmonics
0.7024,1.009,1.437,0.115,0.0,50,50.011,40.65,Normal
0.6116,1.0095,1.651,0.166,158.4,50,49.989,42.54,Sag
0.7159,2.6596,3.715,0.915,5.0,50,50.01,44.34,Transient
0.4843,1.0015,2.068,1.161,147.9,50,49.998,50.52,Sag
0.7052,1.0154,1.44,0.144,0.0,50,49.994,39.91,Normal
0.7091,1.008,1.422,0.048,0.0,50,50.004,47.91,Normal
0.7104,1.0349,1.457,9.736,0.0,50,49.99,43.72,Harmonics
0.7101,0.9662,1.361,8.895,0.0,50,49.998,46.09,Harmonics
0.5272,1.0036,1.903,3.335,113.8,50,49.981,49.16,Sag
0.7111,1.0142,1.426,0.054,0.0,50,49.996,46.7,Normal
0.7121,1.0776,1.513,0.275,0.0,50,49.976,35.14,Flicker
0.8287,1.5707,1.895,1.502,50.9,50,49.997,49.07,Swell
0.5269,1.0027,1.903,8.228,94.0,50,49.994,50.48,Sag
0.5722,1.0032,1.753,7.232,68.8,50,50.004,52.79,Sag
0.7072,1.0051,1.421,0.03,0.0,50,50.041,54.12,Normal
0.7079,1.0704,1.512,4.988,0.0,50,50.007,46.25,Harmonics
0.7089,1.0377,1.464,0.113,0.0,50,49.989,41.46,Flicker
0.7177,1.0215,1.423,0.039,0.0,50,49.984,50.6,Normal
0.71,1.002,1.411,9.53,0.0,50,50.008,37.27,Harmonics
0.6786,1.0101,1.489,0.387,67.9,50,50.017,42.59,Sag
0.7621,1.2172,1.597,0.587,68.3,50,50.014,43.25,Swell
0.8164,1.6163,1.98,1.564,44.9,50,50.039,43.46,Swell
0.7057,1.0097,1.431,4.972,5.0,50,50.006,45.56,Transient
0.7087,2.1402,3.02,1.235,5.0,50,50.022,39.09,Transient
0.7054,1.0016,1.42,0.036,0.0,50,50.003,51.6,Normal
0.9931,1.5307,1.541,0.6,151.1,50,50.022,41.52,Swell
0.6663,1.016,1.525,4.467,26.5,50,49.98,39.38,Sag
0.3192,1.0015,3.137,7.203,159.9,50,49.997,48.75,Interruption
0.7041,1.0055,1.428,0.098,0.0,50,50.016,43.1,Normal
1.1193,1.7146,1.532,0.633,155.6,50,50.023,50.05,Swell
0.4666,1.001,2.145,2.128,134.0,50,49.984,53.77,Sag
0.6702,1.0227,1.526,0.881,22.0,50,50.005,40.02,Interruption
0.9513,1.7302,1.819,1.228,82.0,50,50.033,45.07,Swell
0.7065,1.023,1.448,0.214,0.0,50,50.002,38.05,Normal
0.7103,1.0193,1.435,0.123,0.0,50,49.986,43.35,Normal
0.7086,1.0366,1.463,2.815,0.0,50,49.992,35.1,Notch
0.7103,2.4135,3.398,0.933,5.0,50,49.971,52.09,Transient
0.6667,1.0119,1.518,0.397,40.6,50,50.021,43.0,Sag
0.7044,1.0063,1.429,0.085,0.0,50,50.038,45.12,Normal
0.6045,1.0048,1.662,0.295,156.2,50,49.991,48.46,Sag
0.4394,1.0025,2.282,14.314,121.0,50,49.973,46.56,Interruption
0.7091,1.0053,1.418,0.025,0.0,50,49.995,54.4,Normal
0.7168,1.0169,1.419,0.033,0.0,50,49.984,51.13,Normal
0.7094,1.1123,1.568,7.853,0.0,50,49.995,41.19,Harmonics
0.7087,1.0582,1.493,7.438,0.0,50,49.995,37.22,Harmonics
0.7065,1.0021,1.418,1.764,5.0,50,50.017,53.45,Transient
0.7228,1.0346,1.431,0.079,0.0,50,50.035,46.14,Normal
0.7245,1.1938,1.648,0.179,23.8,50,49.977,46.3,Swell
0.6176,1.0121,1.639,1.56,96.7,50,49.995,39.29,Sag
0.7061,1.0027,1.42,0.034,0.0,50,50.009,52.23,Normal
0.3503,1.0008,2.857,29.048,151.9,50,49.992,53.51,Interruption
0.9624,1.5031,1.562,0.957,138.9,50,50.012,46.92,Swell
0.7082,1.2809,1.809,0.415,5.0,50,50.013,40.96,Transient
0.711,1.611,2.266,4.299,5.0,50,49.989,41.57,Transient
0.7089,1.0216,1.441,3.187,0.0,50,50.002,36.58,Notch
0.7096,1.1841,1.669,8.3,0.0,50,49.987,36.12,Harmonics
0.7079,1.0226,1.445,0.195,0.0,50,49.985,38.3,Normal
0.4631,1.0018,2.163,2.44,129.2,50,50.002,49.42,Sag
0.6972,1.0037,1.44,0.227,20.4,50,50.03,52.05,Sag
0.7168,1.0219,1.426,0.071,0.0,50,50.028,44.66,Normal
0.4974,1.0097,2.03,2.828,120.4,50,49.993,39.8,Sag
0.7093,1.7113,2.413,0.383,5.0,50,50.008,35.93,Transient
0.4188,1.0016,2.391,9.019,130.2,50,49.987,52.52,Interruption
0.7092,1.0897,1.536,7.043,0.0,50,49.959,44.79,Harmonics
0.4332,1.0121,2.336,7.159,125.4,50,50.014,38.67,Sag
0.7135,1.0304,1.444,0.143,0.0,50,49.956,38.88,Normal
0.708,1.0586,1.495,0.032,0.0,50,49.991,50.34,Flicker
0.713,1.6143,2.264,2.212,5.0,50,49.992,52.94,Transient
0.7099,1.0209,1.438,8.875,0.0,50,50.003,50.5,Harmonics
0.7088,1.0385,1.465,0.092,0.0,50,50.003,44.48,Flicker
0.9953,1.6356,1.643,1.446,125.0,50,50.009,39.7,Swell
0.71,1.0154,1.43,4.312,0.0,50,50.01,41.29,Notch
0.6069,1.0151,1.673,1.418,100.4,50,49.998,37.04,Sag
0.7092,1.0724,1.512,7.163,0.0,50,49.972,48.58,Harmonics
0.7098,1.0596,1.493,8.737,0.0,50,49.993,43.11,Harmonics
0.7087,1.0189,1.438,0.158,0.0,50,49.999,39.53,Normal
0.4948,1.0028,2.027,2.589,126.9,50,50.015,46.72,Sag
0.5286,1.0073,1.906,3.54,106.6,50,50.009,45.11,Sag
0.6065,1.0038,1.655,1.709,62.5,50,49.993,50.95,Sag
0.7066,1.0053,1.423,0.039,0.0,50,49.978,49.95,Normal
0.3628,1.0044,2.768,5.209,148.5,50,49.967,44.44,Sag
0.4716,1.0025,2.126,2.485,135.9,50,49.985,51.2,Sag
0.6873,1.0026,1.459,0.135,40.5,50,50.006,54.46,Sag
0.7087,1.004,1.417,2.496,0.0,50,50.004,53.36,Notch
0.8063,1.2783,1.585,0.605,96.7,50,49.969,49.16,Swell
0.7078,1.0331,1.46,4.729,0.0,50,49.988,37.04,Harmonics
0.685,1.0056,1.468,0.373,41.0,50,49.984,48.27,Sag
0.8506,1.5819,1.86,0.902,60.2,50,50.005,49.01,Swell
0.7085,1.0108,1.427,5.62,0.0,50,49.952,41.37,Harmonics
0.8886,1.772,1.994,2.425,54.2,50,50.014,45.7,Swell
0.5064,1.0234,2.021,0.896,140.9,50,49.986,35.69,Sag
0.6593,1.0073,1.528,4.349,32.2,50,49.999,41.5,Sag
0.7103,1.1438,1.61,9.217,0.0,50,49.992,43.98,Harmonics
0.5026,1.0046,1.999,9.328,99.1,50,49.982,49.42,Interruption
0.5144,1.0056,1.955,1.373,137.0,50,50.0,43.06,Sag
0.7034,1.0083,1.433,0.088,0.0,50,49.98,41.46,Normal
0.625,1.0082,1.613,1.697,80.9,50,50.021,39.96,Sag
0.6582,1.0034,1.524,1.662,55.9,50,49.983,51.63,Sag
0.7089,1.0045,1.417,4.257,0.0,50,50.014,54.03,Notch
0.7016,0.999,1.424,0.064,0.0,50,50.036,47.17,Normal
0.7088,1.0342,1.459,0.076,0.0,50,49.993,44.23,Flicker
0.5293,1.005,1.899,3.32,116.0,50,49.972,44.44,Sag
0.7018,1.0081,1.436,0.147,0.0,50,49.963,39.29,Normal
0.7125,1.0735,1.507,0.176,0.0,50,50.01,38.11,Flicker
0.6124,1.0063,1.643,2.166,86.1,50,50.013,43.52,Sag
0.715,1.0284,1.438,0.174,0.0,50,50.001,39.13,Normal
1.0515,1.6814,1.599,0.697,143.7,50,50.056,37.86,Swell
0.7107,1.0157,1.429,0.102,0.0,50,50.003,42.38,Normal
0.7087,1.0085,1.423,0.051,0.0,50,49.999,46.74,Normal
0.6643,1.0139,1.526,6.402,25.8,50,49.995,40.37,Interruption
0.7088,1.0456,1.475,0.172,0.0,50,49.998,38.95,Flicker
0.6889,1.0142,1.472,0.354,41.1,50,50.008,40.23,Sag
0.5765,1.001,1.736,0.183,159.3,50,49.993,51.49,Sag
0.8197,1.2212,1.49,0.316,152.4,50,50.02,40.15,Swell
0.7091,1.0072,1.421,0.028,0.0,50,49.99,53.55,Normal
0.7084,1.3943,1.968,0.407,5.0,50,49.965,36.04,Transient
0.7136,1.6301,2.284,0.561,5.0,50,49.983,52.48,Transient
0.7326,1.1262,1.537,0.538,63.2,50,49.956,36.46,Swell
0.7107,1.1248,1.583,10.101,0.0,50,50.005,52.9,Harmonics
0.6423,1.0029,1.561,7.583,33.1,50,49.98,53.62,Sag
0.7889,1.2494,1.584,0.61,98.2,50,49.956,38.0,Swell
0.7101,1.1553,1.627,8.924,0.0,50,49.981,51.71,Harmonics
0.673,1.0188,1.514,0.695,32.3,50,49.985,38.32,Sag
0.711,1.009,1.419,0.026,0.0,50,50.005,52.97,Normal
0.8743,1.464,1.674,1.263,98.5,50,49.983,38.48,Swell
0.7113,1.0148,1.427,0.032,0.0,50,50.024,52.15,Flicker
0.6976,1.0109,1.449,0.322,0.0,50,50.024,35.66,Normal
0.6069,1.0154,1.673,0.501,138.8,50,50.036,39.06,Sag
0.5188,1.0129,1.952,12.282,94.9,50,49.97,38.24,Interruption
0.714,1.0322,1.446,0.177,0.0,50,49.966,37.99,Normal
0.7096,0.969,1.365,8.555,0.0,50,50.018,41.46,Harmonics
0.8937,1.398,1.564,0.795,127.8,50,50.016,48.99,Swell
0.3936,1.0054,2.555,13.461,138.2,50,49.97,45.07,Interruption
0.6234,1.0222,1.64,6.436,42.2,50,49.992,35.55,Interruption
0.6655,1.0068,1.513,1.127,69.8,50,49.998,45.06,Sag
0.6543,1.0024,1.532,3.031,31.3,50,50.042,53.15,Sag
0.5954,1.0022,1.683,2.43,88.8,50,49.997,52.58,Sag
0.7106,1.0703,1.506,9.725,0.0,50,49.982,42.36,Harmonics
0.7081,1.0086,1.424,0.049,0.0,50,50.003,48.0,Normal
0.706,1.0102,1.431,0.087,0.0,50,50.018,43.03,Normal
0.6977,0.9975,1.43,0.112,0.0,50,50.018,42.69,Normal
0.9499,1.8274,1.924,2.132,72.8,50,50.03,37.23,Swell
0.7105,1.394,1.962,0.44,5.0,50,50.018,48.19,Transient
0.702,0.9979,1.422,0.037,0.0,50,49.951,50.23,Normal
0.6083,1.0082,1.657,3.118,72.5,50,50.038,44.81,Sag
0.7029,1.0005,1.423,0.064,0.0,50,49.989,48.2,Normal
0.6113,1.0059,1.646,0.508,136.3,50,50.009,45.96,Sag
0.7073,1.0165,1.437,0.111,0.0,50,50.007,40.37,Normal
0.8423,1.3232,1.571,0.971,115.3,50,49.995,43.78,Swell
0.9732,1.6061,1.65,0.579,122.0,50,50.003,36.01,Swell
0.717,1.0389,1.449,0.135,0.0,50,49.974,39.3,Normal
0.6648,1.0046,1.511,0.468,75.4,50,49.978,49.4,Sag
0.7092,1.0353,1.46,7.203,0.0,50,49.999,39.21,Harmonics
0.9981,1.5028,1.506,0.247,158.8,50,50.013,53.34,Swell
0.8061,1.252,1.553,0.829,115.8,50,50.016,38.0,Swell
0.6807,1.0072,1.48,0.276,32.4,50,49.995,43.72,Sag
0.7014,0.9958,1.42,0.04,0.0,50,50.006,51.39,Normal
0.7077,1.0626,1.502,0.028,0.0,50,50.021,53.72,Flicker
0.8456,1.5439,1.826,1.857,62.5,50,49.977,39.43,Swell
0.7101,1.0507,1.48,8.909,0.0,50,50.004,36.95,Harmonics
0.7075,1.0055,1.421,2.226,0.0,50,49.993,42.01,Harmonics
0.7081,1.0161,1.435,0.117,0.0,50,49.998,40.84,Normal
0.7098,0.9639,1.358,9.016,0.0,50,50.042,43.63,Harmonics
0.6926,1.0026,1.448,0.149,0.0,50,50.005,38.42,Normal
0.7078,0.9772,1.381,4.888,0.0,50,49.998,36.88,Harmonics
0.6606,1.015,1.536,1.828,25.9,50,50.017,39.95,Sag
0.7008,0.9978,1.424,0.072,0.0,50,50.014,46.72,Normal
0.7105,1.0386,1.462,0.066,0.0,50,49.978,48.07,Flicker
0.4399,1.0012,2.276,9.607,126.7,50,49.969,52.22,Sag
0.5362,1.0022,1.869,2.63,97.1,50,49.983,52.79,Sag
0.8193,1.3617,1.662,1.349,81.5,50,50.029,47.14,Swell
0.7086,0.9691,1.368,7.004,0.0,50,50.027,54.23,Harmonics
0.7188,1.0188,1.417,0.024,0.0,50,49.996,54.46,Normal
0.7018,1.0093,1.438,0.168,0.0,50,49.995,40.05,Normal
0.7075,1.0457,1.478,0.162,0.0,50,49.973,37.52,Flicker
0.5695,1.0041,1.763,2.028,111.8,50,50.005,48.89,Sag
0.8986,1.6167,1.799,2.086,79.9,50,49.981,39.3,Swell
0.8647,1.7381,2.01,1.465,47.1,50,49.995,51.47,Swell
0.7154,1.0158,1.42,0.064,0.0,50,50.0,49.0,Normal
0.5788,1.0099,1.745,3.082,92.8,50,50.002,40.09,Sag
0.3578,1.004,2.806,15.122,146.0,50,49.985,44.57,Interruption
0.8602,1.3194,1.534,0.509,131.0,50,49.973,53.9,Swell
0.553,1.0021,1.812,0.844,151.3,50,50.003,54.22,Sag
0.7144,1.0117,1.416,0.027,0.0,50,49.98,54.6,Normal
0.6805,1.0235,1.504,1.015,26.9,50,49.984,36.79,Sag
0.7421,1.1454,1.544,0.602,64.3,50,49.978,47.71,Swell
0.7076,1.0027,1.417,3.301,0.0,50,50.013,42.62,Harmonics
0.4253,1.0022,2.357,13.098,128.1,50,49.982,46.58,Interruption
0.633,1.0088,1.594,0.805,56.9,50,49.998,42.71,Sag
0.606,1.0132,1.672,5.422,51.5,50,50.015,40.45,Interruption
0.7114,1.0111,1.421,0.052,0.0,50,50.016,49.36,Normal
0.5555,1.0181,1.833,12.025,73.4,50,50.02,36.52,Interruption
0.4699,1.0068,2.143,10.186,112.0,50,49.99,45.09,Sag
0.9099,1.5025,1.651,1.866,103.6,50,49.968,50.87,Swell
0.863,1.5355,1.779,1.304,77.9,50,49.989,36.13,Swell
0.6379,1.0026,1.572,1.427,41.3,50,49.99,53.16,Sag
0.7072,1.0194,1.442,0.551,0.0,50,50.031,39.89,Notch
0.6182,1.006,1.627,1.134,106.1,50,50.008,43.79,Sag
0.6046,1.0135,1.676,0.782,136.8,50,49.964,39.07,Sag
0.71,1.0077,1.419,8.948,0.0,50,49.997,50.76,Harmonics
0.6329,1.005,1.588,1.844,38.5,50,49.986,47.04,Interruption
0.7081,1.0683,1.509,0.185,0.0,50,50.009,37.1,Flicker
0.7076,1.3327,1.883,7.567,5.0,50,50.037,54.9,Transient
0.482,1.005,2.085,1.534,147.2,50,49.993,43.86,Sag
0.9442,1.4311,1.516,0.605,153.4,50,49.993,42.69,Swell
0.7055,1.0147,1.438,0.1,0.0,50,50.04,42.66,Normal
0.7074,1.0091,1.426,1.764,0.0,50,49.975,42.7,Harmonics
0.5812,1.0025,1.725,7.88,66.3,50,49.974,53.09,Sag
