frame_id,class,label_idx,simulation_id,group_id,operating_condition_id,condition_name,classification,justification,split,sampling_rate_hz,nominal_frequency_hz,window_start_time_s,physical_validation_passed,vuf_percent,rms_voltage,peak_voltage,crest_factor,thd,duration,dominant_freq,system_freq,snr,h1,h2,h3,h4,h5,h6,h7,h8,h9,h10,h11,h2_ratio,h3_ratio,h4_ratio,h5_ratio,h7_ratio,h9_ratio,h11_ratio,harmonic_energy,spectral_centroid,spectral_bandwidth,spectral_entropy,spectral_flatness,true_dominant_freq
norm_0000,Normal,3,sim_01,sim_01,1,Nominal Baseline,IEEE-based,Standard IEEE 9-bus benchmark operating point,train,5000.0,60.0,0.06,True,0.9312,0.589389,0.83634,1.418994,0.0163,0.0,60.0,59.9976,51.36,0.833519,0.000101,0.000102,1.8e-05,6.2e-05,7.3e-05,6.5e-05,0.000117,0.000152,5.9e-05,0.00015,0.000121,0.000122,2.2e-05,7.4e-05,7.8e-05,0.000182,0.00018,0.0,60.01,3.76,0.0,4e-06,60.0
norm_0001,Normal,3,sim_01,sim_01,1,Nominal Baseline,IEEE-based,Standard IEEE 9-bus benchmark operating point,train,5000.0,60.0,0.0634,True,0.9377,0.589362,0.835675,1.417933,0.0119,0.0,60.0,60.001,52.24,0.833481,0.000158,8e-05,0.000133,3.4e-05,0.00014,4.8e-05,0.000129,8.1e-05,0.000137,8.8e-05,0.00019,9.6e-05,0.00016,4.1e-05,5.8e-05,9.7e-05,0.000106,0.0,60.01,3.31,0.0,3e-06,60.0
norm_0002,Normal,3,sim_01,sim_01,1,Nominal Baseline,IEEE-based,Standard IEEE 9-bus benchmark operating point,train,5000.0,60.0,0.0668,True,0.9362,0.58931,0.835806,1.418278,0.018,0.0,60.0,60.0011,52.24,0.833408,0.000102,5.9e-05,0.000147,9.7e-05,0.000143,9.8e-05,2.1e-05,5.6e-05,0.000176,0.000117,0.000122,7.1e-05,0.000176,0.000116,0.000118,6.7e-05,0.00014,0.0,60.01,3.32,0.0,4e-06,60.0
norm_0003,Normal,3,sim_01,sim_01,1,Nominal Baseline,IEEE-based,Standard IEEE 9-bus benchmark operating point,train,5000.0,60.0,0.0702,True,0.9365,0.5893,0.835832,1.418347,0.0235,0.0,60.0,59.9964,51.04,0.833393,0.000118,0.00015,2.1e-05,0.000113,5.8e-05,5.4e-05,3.8e-05,3.4e-05,7.6e-05,0.000124,0.000142,0.00018,2.5e-05,0.000136,6.5e-05,4.1e-05,0.000149,0.0,60.01,3.44,0.0,4e-06,60.0
norm_0004,Normal,3,sim_01,sim_01,1,Nominal Baseline,IEEE-based,Standard IEEE 9-bus benchmark operating point,train,5000.0,60.0,0.0736,True,0.9335,0.589253,0.835788,1.418385,0.0161,0.0,60.0,60.0018,51.68,0.833327,0.000102,7.8e-05,0.00018,9e-05,5.3e-05,6.2e-05,3.2e-05,3.9e-05,6e-05,2.6e-05,0.000122,9.4e-05,0.000216,0.000108,7.4e-05,4.7e-05,3.1e-05,0.0,60.01,3.61,0.0,4e-06,60.0
norm_0005,Normal,3,sim_01,sim_01,1,Nominal Baseline,IEEE-based,Standard IEEE 9-bus benchmark operating point,train,5000.0,60.0,0.077,True,0.932,0.589353,0.836869,1.41998,0.0177,0.0,60.0,59.9992,51.97,0.833468,0.000146,3.1e-05,8.3e-05,8.3e-05,0.000132,0.000118,5.3e-05,8e-06,2.4e-05,0.000112,0.000175,3.7e-05,0.0001,0.0001,0.000142,1e-05,0.000134,0.0,60.01,3.43,0.0,4e-06,60.0
norm_0006,Normal,3,sim_01,sim_01,1,Nominal Baseline,IEEE-based,Standard IEEE 9-bus benchmark operating point,train,5000.0,60.0,0.0804,True,0.9393,0.589379,0.835205,1.417092,0.0204,0.0,60.0,59.9973,51.56,0.833506,9.7e-05,0.000109,0.00012,9.5e-05,9.7e-05,9e-05,9.7e-05,0.000159,5.7e-05,1.8e-05,0.000116,0.000131,0.000144,0.000114,0.000108,0.000191,2.2e-05,0.0,60.01,3.39,0.0,4e-06,60.0
norm_0007,Normal,3,sim_01,sim_01,1,Nominal Baseline,IEEE-based,Standard IEEE 9-bus benchmark operating point,train,5000.0,60.0,0.0838,True,0.9319,0.589345,0.836731,1.419764,0.0183,0.0,60.0,60.0011,51.76,0.833457,1.9e-05,0.000131,3.3e-05,5.8e-05,0.000221,5e-05,0.000224,0.000134,7.3e-05,9.1e-05,2.3e-05,0.000157,4e-05,7e-05,6e-05,0.000161,0.000109,0.0,60.01,3.56,0.0,4e-06,60.0
norm_0008,Normal,3,sim_01,sim_01,1,Nominal Baseline,IEEE-based,Standard IEEE 9-bus benchmark operating point,train,5000.0,60.0,0.0872,True,0.9342,0.589409,0.835871,1.418152,0.0176,0.0,60.0,60.0003,51.89,0.833547,0.000103,0.000107,7e-05,5.7e-05,0.000101,8.2e-05,2.5e-05,0.000151,5e-05,5.3e-05,0.000124,0.000128,8.4e-05,6.8e-05,9.8e-05,0.000181,6.4e-05,0.0,60.01,3.56,0.0,4e-06,60.0
norm_0009,Normal,3,sim_01,sim_01,1,Nominal Baseline,IEEE-based,Standard IEEE 9-bus benchmark operating point,train,5000.0,60.0,0.0908,True,0.9411,0.589292,0.835843,1.418385,0.0287,0.0,60.0,59.9999,52.08,0.833382,0.000148,0.000154,5.5e-05,6.5e-05,7.7e-05,0.000171,8.4e-05,2.1e-05,2.4e-05,7.2e-05,0.000178,0.000185,6.6e-05,7.8e-05,0.000205,2.5e-05,8.6e-05,0.0,60.01,3.39,0.0,3e-06,60.0
norm_0010,Normal,3,sim_01,sim_01,1,Nominal Baseline,IEEE-based,Standard IEEE 9-bus benchmark operating point,train,5000.0,60.0,0.0942,True,0.9427,0.589317,0.835097,1.417059,0.0159,0.0,60.0,60.001,51.61,0.833417,7.1e-05,7.4e-05,0.000121,0.000109,0.000169,1.9e-05,0.000122,1.1e-05,1.9e-05,0.000116,8.5e-05,8.9e-05,0.000145,0.000131,2.3e-05,1.3e-05,0.000139,0.0,60.01,3.63,0.0,4e-06,60.0
norm_0011,Normal,3,sim_01,sim_01,1,Nominal Baseline,IEEE-based,Standard IEEE 9-bus benchmark operating point,train,5000.0,60.0,0.0976,True,0.9351,0.589311,0.835634,1.417986,0.0295,0.0,60.0,60.0026,51.3,0.833409,6.9e-05,8e-05,6.2e-05,0.000144,5.1e-05,0.000182,0.000115,4.4e-05,5.4e-05,7.2e-05,8.3e-05,9.6e-05,7.4e-05,0.000173,0.000218,5.3e-05,8.6e-05,0.0,60.01,3.64,0.0,4e-06,60.0
norm_0012,Normal,3,sim_01,sim_01,1,Nominal Baseline,IEEE-based,Standard IEEE 9-bus benchmark operating point,train,5000.0,60.0,0.101,True,0.9362,0.589401,0.836109,1.418574,0.0204,0.0,60.0,60.0032,51.03,0.833537,8.8e-05,0.000108,0.000158,0.000106,2.4e-05,7.9e-05,9.2e-05,0.000167,4.4e-05,4.9e-05,0.000106,0.00013,0.00019,0.000127,9.5e-05,0.0002,5.9e-05,0.0,60.01,3.63,0.0,4e-06,60.0
norm_0013,Normal,3,sim_01,sim_01,1,Nominal Baseline,IEEE-based,Standard IEEE 9-bus benchmark operating point,train,5000.0,60.0,0.1044,True,0.9351,0.58936,0.836226,1.418871,0.0133,0.0,60.0,59.9983,51.91,0.833478,0.000111,5.3e-05,8.4e-05,8e-05,5.4e-05,5.5e-05,0.000114,0.000157,6.6e-05,3.5e-05,0.000133,6.4e-05,0.000101,9.6e-05,6.6e-05,0.000188,4.2e-05,0.0,60.01,3.35,0.0,4e-06,60.0
norm_0014,Normal,3,sim_01,sim_01,1,Nominal Baseline,IEEE-based,Standard IEEE 9-bus benchmark operating point,train,5000.0,60.0,0.1078,True,0.9335,0.589319,0.836343,1.419169,0.0128,0.0,60.0,59.9992,51.95,0.83342,7.7e-05,7.5e-05,9.6e-05,5.7e-05,1.2e-05,4.9e-05,0.000107,8.4e-05,4.4e-05,2.4e-05,9.2e-05,9e-05,0.000115,6.8e-05,5.9e-05,0.000101,2.9e-05,0.0,60.01,3.5,0.0,4e-06,60.0
norm_0015,Normal,3,sim_01,sim_01,1,Nominal Baseline,IEEE-based,Standard IEEE 9-bus benchmark operating point,train,5000.0,60.0,0.1112,True,0.9347,0.589342,0.836251,1.418957,0.0172,0.0,60.0,59.998,51.55,0.833452,6.3e-05,1e-05,0.000108,0.000112,0.000239,8.8e-05,4.3e-05,0.000132,0.0001,0.000137,7.6e-05,1.2e-05,0.00013,0.000134,0.000106,0.000158,0.000164,0.0,60.01,3.45,0.0,4e-06,60.0
norm_0016,Normal,3,sim_01,sim_01,1,Nominal Baseline,IEEE-based,Standard IEEE 9-bus benchmark operating point,train,5000.0,60.0,0.1146,True,0.9335,0.589327,0.835977,1.41853,0.0131,0.0,60.0,60.0003,51.85,0.833431,4.3e-05,6.8e-05,4.9e-05,8.2e-05,0.000121,2.3e-05,6.5e-05,5e-05,0.000119,3.3e-05,5.2e-05,8.2e-05,5.9e-05,9.8e-05,2.8e-05,6e-05,4e-05,0.0,60.01,3.61,0.0,4e-06,60.0
norm_0017,Normal,3,sim_01,sim_01,1,Nominal Baseline,IEEE-based,Standard IEEE 9-bus benchmark operating point,train,5000.0,60.0,0.118,True,0.9444,0.589339,0.836269,1.418993,0.0251,0.0,60.0,60.0003,51.93,0.833449,7.4e-05,0.000181,5.2e-05,7.5e-05,0.000123,7.5e-05,4.4e-05,5.6e-05,1e-05,0.000126,8.9e-05,0.000217,6.2e-05,9e-05,9e-05,6.7e-05,0.000151,0.0,60.01,3.34,0.0,4e-06,60.0
norm_0018,Normal,3,sim_01,sim_01,1,Nominal Baseline,IEEE-based,Standard IEEE 9-bus benchmark operating point,train,5000.0,60.0,0.1214,True,0.9372,0.589356,0.835743,1.418061,0.0191,0.0,60.0,59.9992,52.04,0.833473,0.000154,3.6e-05,5.3e-05,0.00014,3.7e-05,6.7e-05,0.000113,7.2e-05,6.2e-05,0.000108,0.000185,4.3e-05,6.4e-05,0.000168,8e-05,8.6e-05,0.00013,0.0,60.01,3.43,0.0,4e-06,60.0
norm_0019,Normal,3,sim_01,sim_01,1,Nominal Baseline,IEEE-based,Standard IEEE 9-bus benchmark operating point,train,5000.0,60.0,0.1248,True,0.9395,0.589358,0.835851,1.418241,0.0219,0.0,60.0,60.0008,52.43,0.833476,0.000111,0.00013,2.2e-05,8.4e-05,0.00012,9.7e-05,0.000125,0.000121,0.000104,0.000105,0.000133,0.000156,2.6e-05,0.000101,0.000116,0.000145,0.000126,0.0,60.01,3.23,0.0,4e-06,60.0
norm_0020,Normal,3,sim_01,sim_01,1,Nominal Baseline,IEEE-based,Standard IEEE 9-bus benchmark operating point,train,5000.0,60.0,0.1282,True,0.9363,0.589338,0.83558,1.41783,0.0198,0.0,60.0,60.0002,51.91,0.833447,3.1e-05,0.000112,0.000136,0.000104,0.000109,6.4e-05,0.000134,0.000111,4.7e-05,0.000102,3.7e-05,0.000134,0.000163,0.000125,7.7e-05,0.000133,0.000122,0.0,60.01,3.66,0.0,4e-06,60.0
norm_0021,Normal,3,sim_01,sim_01,1,Nominal Baseline,IEEE-based,Standard IEEE 9-bus benchmark operating point,train,5000.0,60.0,0.1316,True,0.9337,0.589399,0.837057,1.420187,0.021,0.0,60.0,59.9998,52.18,0.833533,8.4e-05,0.000132,5e-05,9.7e-05,3.4e-05,6.2e-05,6.2e-05,5.1e-05,0.000127,0.000138,0.000101,0.000158,6e-05,0.000116,7.4e-05,6.1e-05,0.000166,0.0,60.01,3.49,0.0,4e-06,60.0
norm_0022,Normal,3,sim_01,sim_01,1,Nominal Baseline,IEEE-based,Standard IEEE 9-bus benchmark operating point,train,5000.0,60.0,0.135,True,0.936,0.589352,0.836006,1.418517,0.0171,0.0,60.0,60.0035,50.94,0.833467,0.000104,7.1e-05,9.5e-05,9.3e-05,8e-05,8.3e-05,4e-05,5.8e-05,0.000168,0.000113,0.000125,8.5e-05,0.000114,0.000112,0.0001,7e-05,0.000136,0.0,60.01,3.57,0.0,4e-06,60.0
norm_0023,Normal,3,sim_01,sim_01,1,Nominal Baseline,IEEE-based,Standard IEEE 9-bus benchmark operating point,train,5000.0,60.0,0.1384,True,0.9401,0.58933,0.835948,1.418472,0.0154,0.0,60.0,59.9998,52.24,0.833435,5.8e-05,4e-05,0.000144,8.4e-05,6.5e-05,8.9e-05,7.3e-05,0.0001,9e-05,0.000148,7e-05,4.8e-05,0.000173,0.000101,0.000107,0.00012,0.000178,0.0,60.01,3.38,0.0,3e-06,60.0
norm_0024,Normal,3,sim_01,sim_01,1,Nominal Baseline,IEEE-based,Standard IEEE 9-bus benchmark operating point,train,5000.0,60.0,0.1418,True,0.9369,0.589293,0.835185,1.417266,0.0157,0.0,60.0,60.0003,51.91,0.833383,2.1e-05,9.9e-05,0.000124,7.7e-05,2.5e-05,3.6e-05,8.4e-05,0.000108,0.000174,4.3e-05,2.5e-05,0.000119,0.000149,9.2e-05,4.3e-05,0.00013,5.2e-05,0.0,60.01,3.44,0.0,4e-06,60.0
norm_0025,Normal,3,sim_01,sim_01,1,Nominal Baseline,IEEE-based,Standard IEEE 9-bus benchmark operating point,train,5000.0,60.0,0.1452,True,0.9368,0.589313,0.8365,1.419451,0.0277,0.0,60.0,60.0011,51.88,0.833411,5.3e-05,0.000157,5.6e-05,0.000144,3.5e-05,8.8e-05,6.5e-05,7.3e-05,6.1e-05,2.5e-05,6.4e-05,0.000188,6.7e-05,0.000173,0.000106,8.8e-05,3e-05,0.0,60.01,3.53,0.0,4e-06,60.0
norm_0026,Normal,3,sim_01,sim_01,1,Nominal Baseline,IEEE-based,Standard IEEE 9-bus benchmark operating point,train,5000.0,60.0,0.1488,True,0.9394,0.589291,0.835907,1.418494,0.016,0.0,60.0,59.997,51.41,0.833381,4.4e-05,3.1e-05,9.3e-05,0.000104,6.8e-05,7.7e-05,9e-05,6.4e-05,9.5e-05,0.000131,5.3e-05,3.7e-05,0.000112,0.000125,9.2e-05,7.7e-05,0.000157,0.0,60.01,3.41,0.0,4e-06,60.0
norm_0027,Normal,3,sim_01,sim_01,1,Nominal Baseline,IEEE-based,Standard IEEE 9-bus benchmark operating point,train,5000.0,60.0,0.1522,True,0.9353,0.589291,0.836107,1.418835,0.0264,0.0,60.0,60.0009,51.85,0.833381,9.2e-05,0.000113,7.4e-05,0.000137,1.8e-05,0.00013,3.2e-05,9.6e-05,4.8e-05,0.000141,0.00011,0.000136,8.9e-05,0.000164,0.000156,0.000115,0.000169,0.0,60.01,3.52,0.0,4e-06,60.0
norm_0028,Normal,3,sim_01,sim_01,1,Nominal Baseline,IEEE-based,Standard IEEE 9-bus benchmark operating point,train,5000.0,60.0,0.1556,True,0.9303,0.589268,0.835433,1.417746,0.0237,0.0,60.0,59.9974,51.59,0.833349,4.7e-05,0.000158,0.000134,0.000114,6e-05,3.3e-05,5.1e-05,6.8e-05,3.5e-05,4.7e-05,5.6e-05,0.00019,0.000161,0.000137,4e-05,8.2e-05,5.6e-05,0.0,60.01,3.32,0.0,3e-06,60.0
norm_0029,Normal,3,sim_01,sim_01,1,Nominal Baseline,IEEE-based,Standard IEEE 9-bus benchmark operating point,train,5000.0,60.0,0.159,True,0.9387,0.589312,0.836343,1.419184,0.0285,0.0,60.0,60.0003,52.42,0.833411,4.6e-05,1.9e-05,5.4e-05,7.6e-05,6.9e-05,0.000224,0.000102,0.000114,5.3e-05,8.6e-05,5.5e-05,2.3e-05,6.5e-05,9.1e-05,0.000269,0.000137,0.000103,0.0,60.01,3.48,0.0,3e-06,60.0
norm_0030,Normal,3,sim_01,sim_01,1,Nominal Baseline,IEEE-based,Standard IEEE 9-bus benchmark operating point,train,5000.0,60.0,0.1624,True,0.9331,0.589336,0.836673,1.419688,0.0201,0.0,60.0,59.9985,52.22,0.833444,4.8e-05,0.000137,2.7e-05,7.2e-05,3.2e-05,6.4e-05,7.9e-05,2.4e-05,3.7e-05,6.2e-05,5.8e-05,0.000164,3.2e-05,8.6e-05,7.7e-05,2.9e-05,7.4e-05,0.0,60.01,3.49,0.0,4e-06,60.0
norm_0031,Normal,3,sim_01,sim_01,1,Nominal Baseline,IEEE-based,Standard IEEE 9-bus benchmark operating point,train,5000.0,60.0,0.1658,True,0.9423,0.589337,0.83586,1.418305,0.0179,0.0,60.0,60.0007,51.62,0.833446,7.6e-05,8.7e-05,7.4e-05,7e-05,0.000126,9.9e-05,7.8e-05,0.000104,0.000169,4.4e-05,9.1e-05,0.000104,8.9e-05,8.4e-05,0.000119,0.000125,5.3e-05,0.0,60.01,3.65,0.0,4e-06,60.0
norm_0032,Normal,3,sim_01,sim_01,1,Nominal Baseline,IEEE-based,Standard IEEE 9-bus benchmark operating point,train,5000.0,60.0,0.1692,True,0.9384,0.589285,0.836224,1.419048,0.0266,0.0,60.0,59.9997,52.1,0.833372,0.00012,0.000109,3.2e-05,0.000167,7.2e-05,9.7e-05,8.4e-05,0.0001,0.000121,8.8e-05,0.000144,0.000131,3.8e-05,0.0002,0.000116,0.00012,0.000106,0.0,60.01,3.31,0.0,4e-06,60.0
norm_0033,Normal,3,sim_01,sim_01,1,Nominal Baseline,IEEE-based,Standard IEEE 9-bus benchmark operating point,train,5000.0,60.0,0.1726,True,0.9453,0.589228,0.836597,1.419819,0.0134,0.0,60.0,59.9985,51.73,0.833291,0.000133,5.5e-05,6.7e-05,7e-05,9.6e-05,6.8e-05,8.4e-05,8e-05,0.000104,0.000107,0.00016,6.6e-05,8e-05,8.4e-05,8.2e-05,9.6e-05,0.000128,0.0,60.01,3.58,0.0,4e-06,60.0
norm_0034,Normal,3,sim_01,sim_01,1,Nominal Baseline,IEEE-based,Standard IEEE 9-bus benchmark operating point,train,5000.0,60.0,0.176,True,0.935,0.589355,0.836258,1.418938,0.0233,0.0,60.0,59.9974,51.4,0.833471,6.1e-05,8.1e-05,0.000102,0.000133,5.1e-05,0.000116,8.1e-05,6.4e-05,5.6e-05,0.000109,7.3e-05,9.7e-05,0.000122,0.00016,0.000139,7.7e-05,0.000131,0.0,60.01,3.57,0.0,4e-06,60.0
norm_0035,Normal,3,sim_02,sim_02,2,Light Load 85%,PROJECT DESIGN CHOICE,Off-peak / nighttime system load reduction,test,5000.0,60.0,0.06,True,0.8911,0.633373,0.898328,1.418325,0.0184,0.0,60.0,59.9976,51.84,0.895721,6.7e-05,8.6e-05,0.000138,0.000139,6.1e-05,2.4e-05,7.2e-05,6.8e-05,3.5e-05,6.8e-05,7.5e-05,9.6e-05,0.000154,0.000155,2.7e-05,7.6e-05,7.6e-05,0.0,60.01,3.38,0.0,4e-06,60.0
norm_0036,Normal,3,sim_02,sim_02,2,Light Load 85%,PROJECT DESIGN CHOICE,Off-peak / nighttime system load reduction,test,5000.0,60.0,0.0634,True,0.9039,0.633254,0.898156,1.418319,0.0214,0.0,60.0,59.9978,52.12,0.895553,7e-05,0.000138,4.9e-05,0.000116,3.4e-05,6.3e-05,0.000111,0.000117,0.000106,9.9e-05,7.8e-05,0.000154,5.5e-05,0.00013,7e-05,0.000131,0.000111,0.0,60.01,3.28,0.0,3e-06,60.0
norm_0037,Normal,3,sim_02,sim_02,2,Light Load 85%,PROJECT DESIGN CHOICE,Off-peak / nighttime system load reduction,test,5000.0,60.0,0.0668,True,0.8974,0.633357,0.897524,1.417089,0.0173,0.0,60.0,59.999,52.74,0.8957,7.4e-05,4e-05,9.8e-05,0.000139,0.000104,5.7e-05,1.5e-05,4.8e-05,3.9e-05,0.000135,8.3e-05,4.5e-05,0.000109,0.000155,6.4e-05,5.4e-05,0.000151,0.0,60.01,3.18,0.0,3e-06,60.0
norm_0038,Normal,3,sim_02,sim_02,2,Light Load 85%,PROJECT DESIGN CHOICE,Off-peak / nighttime system load reduction,test,5000.0,60.0,0.0702,True,0.893,0.633349,0.898783,1.419097,0.0189,0.0,60.0,60.0002,52.48,0.895688,0.000131,8e-05,0.000193,0.000144,5.7e-05,3.9e-05,9.7e-05,0.00011,2.8e-05,8.4e-05,0.000146,8.9e-05,0.000215,0.000161,4.4e-05,0.000123,9.4e-05,0.0,60.01,3.39,0.0,3e-06,60.0
norm_0039,Normal,3,sim_02,sim_02,2,Light Load 85%,PROJECT DESIGN CHOICE,Off-peak / nighttime system load reduction,test,5000.0,60.0,0.0736,True,0.8944,0.633357,0.897992,1.41783,0.0182,0.0,60.0,59.9976,51.9,0.895699,0.000116,7.9e-05,5.8e-05,6e-06,9.4e-05,0.000142,8.3e-05,7.5e-05,3.5e-05,8.7e-05,0.00013,8.8e-05,6.5e-05,7e-06,0.000159,8.4e-05,9.7e-05,0.0,60.01,3.39,0.0,3e-06,60.0
norm_0040,Normal,3,sim_02,sim_02,2,Light Load 85%,PROJECT DESIGN CHOICE,Off-peak / nighttime system load reduction,test,5000.0,60.0,0.077,True,0.8965,0.633312,0.900676,1.422169,0.0203,0.0,60.0,60.0017,52.33,0.895635,9.8e-05,0.000114,8.1e-05,0.00013,6.4e-05,5.6e-05,0.000102,8.1e-05,3.3e-05,3e-05,0.000109,0.000127,9e-05,0.000145,6.3e-05,9e-05,3.3e-05,0.0,60.01,3.31,0.0,3e-06,60.0
norm_0041,Normal,3,sim_02,sim_02,2,Light Load 85%,PROJECT DESIGN CHOICE,Off-peak / nighttime system load reduction,test,5000.0,60.0,0.0804,True,0.9034,0.633326,0.898668,1.418965,0.0218,0.0,60.0,59.9986,51.94,0.895656,0.000134,0.000153,4.4e-05,0.000121,4.8e-05,8e-06,7.1e-05,0.000165,0.00013,1.1e-05,0.00015,0.000171,4.9e-05,0.000135,9e-06,0.000184,1.2e-05,0.0,60.01,3.41,0.0,3e-06,60.0
norm_0042,Normal,3,sim_02,sim_02,2,Light Load 85%,PROJECT DESIGN CHOICE,Off-peak / nighttime system load reduction,test,5000.0,60.0,0.0838,True,0.8929,0.633346,0.897533,1.417127,0.0177,0.0,60.0,60.0036,51.7,0.895685,7.2e-05,7.7e-05,0.000125,9.6e-05,1.4e-05,9.9e-05,0.000163,8e-05,0.000132,0.000133,8e-05,8.6e-05,0.00014,0.000107,0.000111,8.9e-05,0.000148,0.0,60.01,3.08,0.0,3e-06,60.0
norm_0043,Normal,3,sim_02,sim_02,2,Light Load 85%,PROJECT DESIGN CHOICE,Off-peak / nighttime system load reduction,test,5000.0,60.0,0.0872,True,0.9047,0.633364,0.899217,1.419747,0.0199,0.0,60.0,60.0012,52.59,0.89571,4.6e-05,0.000131,0.000176,0.000117,6.4e-05,3e-05,9.3e-05,0.000117,2.3e-05,2.1e-05,5.1e-05,0.000146,0.000196,0.000131,3.3e-05,0.000131,2.3e-05,0.0,60.01,3.18,0.0,3e-06,60.0
norm_0044,Normal,3,sim_02,sim_02,2,Light Load 85%,PROJECT DESIGN CHOICE,Off-peak / nighttime system load reduction,test,5000.0,60.0,0.0908,True,0.8983,0.63336,0.898451,1.418547,0.0136,0.0,60.0,59.9984,52.35,0.895704,9.9e-05,8.1e-05,7.7e-05,2e-05,7.7e-05,8.9e-05,0.000121,2.1e-05,0.000122,9.3e-05,0.000111,9e-05,8.6e-05,2.2e-05,9.9e-05,2.3e-05,0.000104,0.0,60.01,3.33,0.0,3e-06,60.0
norm_0045,Normal,3,sim_02,sim_02,2,Light Load 85%,PROJECT DESIGN CHOICE,Off-peak / nighttime system load reduction,test,5000.0,60.0,0.0942,True,0.8964,0.633363,0.898368,1.418409,0.0125,0.0,60.0,59.9988,52.63,0.895709,0.000115,4.2e-05,5.7e-05,6.4e-05,3.9e-05,8.2e-05,0.000138,8.1e-05,0.000138,4e-05,0.000128,4.7e-05,6.4e-05,7.1e-05,9.2e-05,9e-05,4.5e-05,0.0,60.01,3.13,0.0,3e-06,60.0
norm_0046,Normal,3,sim_02,sim_02,2,Light Load 85%,PROJECT DESIGN CHOICE,Off-peak / nighttime system load reduction,test,5000.0,60.0,0.0976,True,0.9004,0.633352,0.897968,1.417802,0.0225,0.0,60.0,59.9979,52.26,0.895693,0.0001,0.000128,5e-05,9.6e-05,2.3e-05,0.000123,6.1e-05,0.000173,7.4e-05,0.000127,0.000112,0.000143,5.6e-05,0.000107,0.000137,0.000193,0.000142,0.0,60.01,3.28,0.0,3e-06,60.0
norm_0047,Normal,3,sim_02,sim_02,2,Light Load 85%,PROJECT DESIGN CHOICE,Off-peak / nighttime system load reduction,test,5000.0,60.0,0.101,True,0.8998,0.633263,0.898596,1.418994,0.0175,0.0,60.0,59.9991,52.65,0.895566,0.000114,4.7e-05,2e-05,0.000104,6.4e-05,0.000107,3.9e-05,5.7e-05,2.7e-05,5.7e-05,0.000127,5.2e-05,2.2e-05,0.000116,0.000119,6.4e-05,6.4e-05,0.0,60.01,3.19,0.0,3e-06,60.0
norm_0048,Normal,3,sim_02,sim_02,2,Light Load 85%,PROJECT DESIGN CHOICE,Off-peak / nighttime system load reduction,test,5000.0,60.0,0.1044,True,0.9024,0.633331,0.898455,1.41862,0.0175,0.0,60.0,59.9971,51.78,0.895662,8.4e-05,4.4e-05,0.000128,8.9e-05,0.000139,0.000121,5.7e-05,0.000172,9.7e-05,7.4e-05,9.4e-05,4.9e-05,0.000143,9.9e-05,0.000135,0.000192,8.3e-05,0.0,60.01,3.27,0.0,3e-06,60.0
norm_0049,Normal,3,sim_02,sim_02,2,Light Load 85%,PROJECT DESIGN CHOICE,Off-peak / nighttime system load reduction,test,5000.0,60.0,0.1078,True,0.8961,0.633385,0.89736,1.416768,0.0187,0.0,60.0,60.002,52.32,0.89574,7.9e-05,6.9e-05,0.000105,6.7e-05,4.2e-05,0.000137,8e-05,2.8e-05,6.5e-05,5.8e-05,8.8e-05,7.7e-05,0.000117,7.5e-05,0.000153,3.1e-05,6.5e-05,0.0,60.01,3.27,0.0,3e-06,60.0
norm_0050,Normal,3,sim_02,sim_02,2,Light Load 85%,PROJECT DESIGN CHOICE,Off-peak / nighttime system load reduction,test,5000.0,60.0,0.1112,True,0.897,0.633324,0.897298,1.416808,0.0193,0.0,60.0,59.9988,52.6,0.895653,5.5e-05,0.000142,3.9e-05,2.7e-05,8.5e-05,9.4e-05,6.6e-05,0.000129,0.000101,5.4e-05,6.1e-05,0.000159,4.4e-05,3e-05,0.000105,0.000144,6e-05,0.0,60.01,3.28,0.0,3e-06,60.0
norm_0051,Normal,3,sim_02,sim_02,2,Light Load 85%,PROJECT DESIGN CHOICE,Off-peak / nighttime system load reduction,test,5000.0,60.0,0.1146,True,0.8951,0.633308,0.898087,1.418087,0.0133,0.0,60.0,59.9998,52.83,0.895631,6.4e-05,6.8e-05,9.7e-05,2.6e-05,4.5e-05,9.4e-05,7.7e-05,6.5e-05,0.00012,3.9e-05,7.1e-05,7.6e-05,0.000108,2.9e-05,0.000105,7.3e-05,4.4e-05,0.0,60.01,3.13,0.0,3e-06,60.0
norm_0052,Normal,3,sim_02,sim_02,2,Light Load 85%,PROJECT DESIGN CHOICE,Off-peak / nighttime system load reduction,test,5000.0,60.0,0.118,True,0.8989,0.633252,0.898302,1.418554,0.0181,0.0,60.0,59.9992,52.27,0.895551,0.000147,8.9e-05,5.2e-05,0.000128,9.1e-05,4.3e-05,8.7e-05,0.000123,7.4e-05,3.2e-05,0.000164,9.9e-05,5.8e-05,0.000143,4.8e-05,0.000137,3.6e-05,0.0,60.01,3.31,0.0,3e-06,60.0
norm_0053,Normal,3,sim_02,sim_02,2,Light Load 85%,PROJECT DESIGN CHOICE,Off-peak / nighttime system load reduction,test,5000.0,60.0,0.1214,True,0.9038,0.63329,0.898739,1.419158,0.024,0.0,60.0,59.9997,52.77,0.895605,8.7e-05,0.000148,1e-05,3.4e-05,5.8e-05,0.000153,0.000109,2.6e-05,9.6e-05,6.2e-05,9.7e-05,0.000165,1.1e-05,3.8e-05,0.000171,2.9e-05,6.9e-05,0.0,60.01,3.19,0.0,3e-06,60.0
norm_0054,Normal,3,sim_02,sim_02,2,Light Load 85%,PROJECT DESIGN CHOICE,Off-peak / nighttime system load reduction,test,5000.0,60.0,0.1248,True,0.8932,0.63339,0.898122,1.417959,0.0234,0.0,60.0,60.0001,52.67,0.895747,0.000115,0.000118,0.000237,0.000144,7.1e-05,9.6e-05,4.6e-05,7.5e-05,1.6e-05,0.000153,0.000128,0.000132,0.000265,0.000161,0.000107,8.4e-05,0.000171,0.0,60.01,3.25,0.0,3e-06,60.0
norm_0055,Normal,3,sim_02,sim_02,2,Light Load 85%,PROJECT DESIGN CHOICE,Off-peak / nighttime system load reduction,test,5000.0,60.0,0.1282,True,0.8916,0.63336,0.89864,1.418846,0.0134,0.0,60.0,59.999,52.85,0.895704,5e-05,1.8e-05,5.6e-05,9.7e-05,9.2e-05,6.9e-05,0.000119,0.000175,4.2e-05,8.3e-05,5.6e-05,2e-05,6.3e-05,0.000108,7.7e-05,0.000195,9.3e-05,0.0,60.01,3.18,0.0,3e-06,60.0
norm_0056,Normal,3,sim_02,sim_02,2,Light Load 85%,PROJECT DESIGN CHOICE,Off-peak / nighttime system load reduction,test,5000.0,60.0,0.1316,True,0.8969,0.633419,0.899208,1.41961,0.0116,0.0,60.0,59.9983,52.47,0.895787,2.9e-05,6.5e-05,9.2e-05,4e-05,7.7e-05,7e-05,1.1e-05,0.00014,5.4e-05,6.2e-05,3.2e-05,7.3e-05,0.000103,4.5e-05,7.8e-05,0.000156,6.9e-05,0.0,60.01,3.07,0.0,3e-06,60.0
norm_0057,Normal,3,sim_02,sim_02,2,Light Load 85%,PROJECT DESIGN CHOICE,Off-peak / nighttime system load reduction,test,5000.0,60.0,0.135,True,0.9019,0.633307,0.898091,1.418098,0.0225,0.0,60.0,60.0005,52.32,0.895629,1.3e-05,0.000117,0.0001,0.000112,0.000162,0.00012,8.1e-05,8e-05,4.7e-05,8.5e-05,1.5e-05,0.000131,0.000112,0.000125,0.000134,8.9e-05,9.5e-05,0.0,60.01,3.44,0.0,4e-06,60.0
norm_0058,Normal,3,sim_02,sim_02,2,Light Load 85%,PROJECT DESIGN CHOICE,Off-peak / nighttime system load reduction,test,5000.0,60.0,0.1384,True,0.8986,0.633326,0.898074,1.418028,0.0144,0.0,60.0,60.0,52.24,0.895655,4.4e-05,9.1e-05,0.000154,5.3e-05,2.5e-05,7.5e-05,5e-05,0.000146,4.3e-05,0.000105,4.9e-05,0.000102,0.000172,5.9e-05,8.4e-05,0.000163,0.000117,0.0,60.01,3.54,0.0,3e-06,60.0
norm_0059,Normal,3,sim_02,sim_02,2,Light Load 85%,PROJECT DESIGN CHOICE,Off-peak / nighttime system load reduction,test,5000.0,60.0,0.1418,True,0.8934,0.633257,0.899341,1.420183,0.0305,0.0,60.0,60.0032,51.54,0.895558,0.000121,0.000229,2.6e-05,8.2e-05,1.3e-05,0.000124,6.6e-05,0.000135,6e-05,3.2e-05,0.000135,0.000256,2.9e-05,9.2e-05,0.000138,0.000151,3.6e-05,0.0,60.01,3.4,0.0,3e-06,60.0
norm_0060,Normal,3,sim_02,sim_02,2,Light Load 85%,PROJECT DESIGN CHOICE,Off-peak / nighttime system load reduction,test,5000.0,60.0,0.1452,True,0.9008,0.633342,0.897945,1.417789,0.0264,0.0,60.0,59.998,52.2,0.895678,7.1e-05,0.000128,0.000121,0.000118,4.5e-05,0.00016,1.6e-05,0.000102,5.1e-05,5.8e-05,7.9e-05,0.000143,0.000135,0.000132,0.000179,0.000114,6.5e-05,0.0,60.01,3.29,0.0,3e-06,60.0
norm_0061,Normal,3,sim_02,sim_02,2,Light Load 85%,PROJECT DESIGN CHOICE,Off-peak / nighttime system load reduction,test,5000.0,60.0,0.1488,True,0.8926,0.633398,0.897977,1.417712,0.0176,0.0,60.0,59.999,52.69,0.895758,5.1e-05,8.4e-05,1.8e-05,0.000123,4.4e-05,4.9e-05,8.3e-05,7.1e-05,6.1e-05,2.6e-05,5.7e-05,9.4e-05,2e-05,0.000137,5.5e-05,7.9e-05,2.9e-05,0.0,60.01,3.27,0.0,3e-06,60.0
norm_0062,Normal,3,sim_02,sim_02,2,Light Load 85%,PROJECT DESIGN CHOICE,Off-peak / nighttime system load reduction,test,5000.0,60.0,0.1522,True,0.8983,0.633287,0.897894,1.417831,0.0212,0.0,60.0,60.0007,52.71,0.895601,7.1e-05,1.7e-05,6.3e-05,0.000166,9.9e-05,9e-05,0.000103,6.2e-05,0.000116,0.000172,7.9e-05,1.9e-05,7e-05,0.000185,0.0001,6.9e-05,0.000192,0.0,60.01,3.07,0.0,3e-06,60.0
norm_0063,Normal,3,sim_02,sim_02,2,Light Load 85%,PROJECT DESIGN CHOICE,Off-peak / nighttime system load reduction,test,5000.0,60.0,0.1556,True,0.9046,0.633293,0.897463,1.417138,0.0121,0.0,60.0,59.9995,52.79,0.895609,8e-05,8.5e-05,2.9e-05,1.1e-05,7.7e-05,6.6e-05,2.6e-05,6.9e-05,6.8e-05,9.3e-05,8.9e-05,9.5e-05,3.2e-05,1.2e-05,7.4e-05,7.7e-05,0.000104,0.0,60.01,3.22,0.0,3e-06,60.0
norm_0064,Normal,3,sim_02,sim_02,2,Light Load 85%,PROJECT DESIGN CHOICE,Off-peak / nighttime system load reduction,test,5000.0,60.0,0.159,True,0.8964,0.633364,0.897509,1.417051,0.0254,0.0,60.0,60.0011,52.42,0.89571,9.2e-05,0.000161,0.000112,0.000123,0.000117,0.000104,0.000157,0.000101,0.0001,0.000228,0.000103,0.00018,0.000125,0.000137,0.000116,0.000113,0.000255,0.0,60.01,3.17,0.0,3e-06,60.0
norm_0065,Normal,3,sim_02,sim_02,2,Light Load 85%,PROJECT DESIGN CHOICE,Off-peak / nighttime system load reduction,test,5000.0,60.0,0.1624,True,0.907,0.63333,0.898147,1.418134,0.0181,0.0,60.0,60.0013,52.31,0.895662,9.2e-05,2.8e-05,0.000168,6e-05,0.000118,0.000148,0.00015,0.000137,9.4e-05,0.000197,0.000103,3.1e-05,0.000188,6.7e-05,0.000165,0.000153,0.00022,0.0,60.01,3.21,0.0,3e-06,60.0
norm_0066,Normal,3,sim_02,sim_02,2,Light Load 85%,PROJECT DESIGN CHOICE,Off-peak / nighttime system load reduction,test,5000.0,60.0,0.1658,True,0.9021,0.633326,0.899848,1.420829,0.0239,0.0,60.0,60.0014,52.25,0.895655,4.4e-05,5.7e-05,0.00014,9.3e-05,5.5e-05,0.000184,5.3e-05,8.5e-05,0.000175,9.1e-05,4.9e-05,6.4e-05,0.000156,0.000104,0.000205,9.5e-05,0.000102,0.0,60.01,3.43,0.0,3e-06,60.0
norm_0067,Normal,3,sim_02,sim_02,2,Light Load 85%,PROJECT DESIGN CHOICE,Off-peak / nighttime system load reduction,test,5000.0,60.0,0.1692,True,0.8951,0.633427,0.898184,1.417975,0.0136,0.0,60.0,59.9995,52.63,0.895799,9.5e-05,0.000102,6.8e-05,4.5e-05,0.000152,4.8e-05,4.4e-05,0.000118,4.2e-05,3.6e-05,0.000106,0.000114,7.6e-05,5e-05,5.4e-05,0.000132,4e-05,0.0,60.01,3.24,0.0,3e-06,60.0
norm_0068,Normal,3,sim_02,sim_02,2,Light Load 85%,PROJECT DESIGN CHOICE,Off-peak / nighttime system load reduction,test,5000.0,60.0,0.1726,True,0.8948,0.633357,0.897168,1.416528,0.0191,0.0,60.0,59.9992,52.68,0.895699,8.3e-05,0.000108,3.8e-05,0.000132,0.000107,7e-06,5e-05,1.7e-05,8.8e-05,7.4e-05,9.3e-05,0.000121,4.2e-05,0.000147,8e-06,1.9e-05,8.3e-05,0.0,60.01,3.27,0.0,3e-06,60.0
norm_0069,Normal,3,sim_02,sim_02,2,Light Load 85%,PROJECT DESIGN CHOICE,Off-peak / nighttime system load reduction,test,5000.0,60.0,0.176,True,0.8888,0.633381,0.897988,1.417769,0.0053,0.0,60.0,59.9993,52.79,0.895733,3e-05,2.3e-05,0.000146,3.6e-05,0.000107,2.1e-05,6.5e-05,1e-05,0.000101,4.5e-05,3.3e-05,2.6e-05,0.000163,4e-05,2.3e-05,1.1e-05,5e-05,0.0,60.01,3.28,0.0,3e-06,60.0
norm_0070,Normal,3,sim_03,sim_03,3,Light Load 90%,PROJECT DESIGN CHOICE,Mild off-peak normal grid loading,val,5000.0,60.0,0.06,True,0.9131,0.618713,0.878342,1.419628,0.0117,0.0,60.0,59.9982,52.51,0.87499,5.7e-05,4e-05,4.4e-05,8.5e-05,0.000108,4.1e-05,8.2e-05,0.000161,0.000134,7.2e-05,6.5e-05,4.6e-05,5e-05,9.7e-05,4.7e-05,0.000184,8.2e-05,0.0,60.01,3.25,0.0,3e-06,60.0
norm_0071,Normal,3,sim_03,sim_03,3,Light Load 90%,PROJECT DESIGN CHOICE,Mild off-peak normal grid loading,val,5000.0,60.0,0.0634,True,0.9163,0.618629,0.876642,1.417072,0.017,0.0,60.0,59.9977,52.09,0.874871,0.000127,3.5e-05,9.6e-05,0.000107,0.000157,9.7e-05,6e-05,8.9e-05,6.2e-05,3.8e-05,0.000145,4e-05,0.00011,0.000122,0.000111,0.000102,4.3e-05,0.0,60.01,3.19,0.0,3e-06,60.0
norm_0072,Normal,3,sim_03,sim_03,3,Light Load 90%,PROJECT DESIGN CHOICE,Mild off-peak normal grid loading,val,5000.0,60.0,0.0668,True,0.9077,0.618726,0.877519,1.418267,0.0212,0.0,60.0,59.9979,52.38,0.875009,5.6e-05,0.000133,2.5e-05,6.4e-05,4.6e-05,0.000112,8.6e-05,0.000137,6e-05,0.000127,6.4e-05,0.000152,2.9e-05,7.3e-05,0.000128,0.000157,0.000145,0.0,60.01,3.13,0.0,3e-06,60.0
norm_0073,Normal,3,sim_03,sim_03,3,Light Load 90%,PROJECT DESIGN CHOICE,Mild off-peak normal grid loading,val,5000.0,60.0,0.0702,True,0.905,0.618695,0.878018,1.419145,0.0173,0.0,60.0,59.9992,52.46,0.874965,4.9e-05,9.6e-05,7.3e-05,9.9e-05,6.4e-05,6.2e-05,5.6e-05,8.7e-05,7.7e-05,8e-05,5.6e-05,0.00011,8.3e-05,0.000113,7.1e-05,9.9e-05,9.1e-05,0.0,60.01,3.21,0.0,4e-06,60.0
norm_0074,Normal,3,sim_03,sim_03,3,Light Load 90%,PROJECT DESIGN CHOICE,Mild off-peak normal grid loading,val,5000.0,60.0,0.0736,True,0.9165,0.618663,0.878554,1.420084,0.0223,0.0,60.0,59.9997,52.46,0.87492,0.000137,0.000121,4.9e-05,0.000142,2.2e-05,5.9e-05,2.8e-05,5e-05,0.000117,7.6e-05,0.000157,0.000138,5.6e-05,0.000162,6.7e-05,5.7e-05,8.7e-05,0.0,60.01,3.36,0.0,3e-06,60.0
norm_0075,Normal,3,sim_03,sim_03,3,Light Load 90%,PROJECT DESIGN CHOICE,Mild off-peak normal grid loading,val,5000.0,60.0,0.077,True,0.9045,0.618648,0.878282,1.419681,0.0157,0.0,60.0,60.0012,52.11,0.874897,6.5e-05,7.2e-05,6.5e-05,9.5e-05,4e-05,6.8e-05,2.7e-05,0.000119,7e-06,7.3e-05,7.4e-05,8.2e-05,7.4e-05,0.000109,7.8e-05,0.000136,8.3e-05,0.0,60.01,3.46,0.0,3e-06,60.0
norm_0076,Normal,3,sim_03,sim_03,3,Light Load 90%,PROJECT DESIGN CHOICE,Mild off-peak normal grid loading,val,5000.0,60.0,0.0804,True,0.9047,0.618755,0.878436,1.419683,0.0249,0.0,60.0,59.9985,52.19,0.87505,3.6e-05,0.000147,9e-05,0.000104,9e-06,0.000124,0.000247,4.5e-05,0.00011,0.00016,4.1e-05,0.000168,0.000103,0.000119,0.000142,5.1e-05,0.000183,0.0,60.01,3.32,0.0,3e-06,60.0
norm_0077,Normal,3,sim_03,sim_03,3,Light Load 90%,PROJECT DESIGN CHOICE,Mild off-peak normal grid loading,val,5000.0,60.0,0.0838,True,0.9112,0.618616,0.877316,1.418191,0.0141,0.0,60.0,59.9997,52.17,0.874852,7e-05,4.3e-05,0.000106,2.8e-05,5.7e-05,0.000113,7.2e-05,7.5e-05,0.000101,8.1e-05,8e-05,4.9e-05,0.000121,3.2e-05,0.000129,8.6e-05,9.3e-05,0.0,60.01,3.5,0.0,4e-06,60.0
norm_0078,Normal,3,sim_03,sim_03,3,Light Load 90%,PROJECT DESIGN CHOICE,Mild off-peak normal grid loading,val,5000.0,60.0,0.0872,True,0.9079,0.61873,0.877293,1.417893,0.0222,0.0,60.0,59.9986,52.7,0.875014,2.9e-05,0.0001,2.6e-05,0.000126,7.2e-05,0.000109,2.4e-05,6.7e-05,0.000118,6e-05,3.3e-05,0.000114,3e-05,0.000144,0.000125,7.7e-05,6.9e-05,0.0,60.01,3.09,0.0,3e-06,60.0
norm_0079,Normal,3,sim_03,sim_03,3,Light Load 90%,PROJECT DESIGN CHOICE,Mild off-peak normal grid loading,val,5000.0,60.0,0.0908,True,0.908,0.618653,0.877557,1.418497,0.0147,0.0,60.0,59.997,51.43,0.874905,9.6e-05,5.4e-05,5.6e-05,9.6e-05,5.5e-05,6.6e-05,4.7e-05,0.000119,6.5e-05,7.7e-05,0.00011,6.2e-05,6.4e-05,0.00011,7.5e-05,0.000136,8.8e-05,0.0,60.01,3.45,0.0,4e-06,60.0
norm_0080,Normal,3,sim_03,sim_03,3,Light Load 90%,PROJECT DESIGN CHOICE,Mild off-peak normal grid loading,val,5000.0,60.0,0.0942,True,0.9101,0.618723,0.877849,1.418809,0.0098,0.0,60.0,59.9982,52.14,0.875003,8.9e-05,3.4e-05,8.7e-05,2.2e-05,4.5e-05,7.5e-05,4.7e-05,5e-05,0.000153,0.00014,0.000102,3.9e-05,9.9e-05,2.5e-05,8.6e-05,5.7e-05,0.00016,0.0,60.01,3.29,0.0,3e-06,60.0
norm_0081,Normal,3,sim_03,sim_03,3,Light Load 90%,PROJECT DESIGN CHOICE,Mild off-peak normal grid loading,val,5000.0,60.0,0.0976,True,0.9147,0.618621,0.876488,1.416841,0.0144,0.0,60.0,60.0018,52.07,0.87486,2.2e-05,9e-05,5.4e-05,8.1e-05,0.000189,3.7e-05,4.1e-05,4.1e-05,5.5e-05,0.000103,2.5e-05,0.000103,6.2e-05,9.3e-05,4.2e-05,4.7e-05,0.000118,0.0,60.01,3.32,0.0,3e-06,60.0
norm_0082,Normal,3,sim_03,sim_03,3,Light Load 90%,PROJECT DESIGN CHOICE,Mild off-peak normal grid loading,val,5000.0,60.0,0.101,True,0.9066,0.61878,0.877515,1.418137,0.0143,0.0,60.0,59.9995,52.51,0.875084,9.7e-05,3.4e-05,6.6e-05,7.9e-05,0.00014,9.1e-05,0.000147,0.000132,0.000149,4e-05,0.000111,3.9e-05,7.5e-05,9e-05,0.000104,0.000151,4.6e-05,0.0,60.01,3.36,0.0,3e-06,60.0
norm_0083,Normal,3,sim_03,sim_03,3,Light Load 90%,PROJECT DESIGN CHOICE,Mild off-peak normal grid loading,val,5000.0,60.0,0.1044,True,0.909,0.618638,0.878472,1.420011,0.0179,0.0,60.0,59.9992,52.29,0.874883,0.000132,3.6e-05,0.000107,0.000117,4.3e-05,9.8e-05,0.000114,8.6e-05,9.5e-05,7.3e-05,0.000151,4.1e-05,0.000122,0.000134,0.000112,9.8e-05,8.3e-05,0.0,60.01,3.27,0.0,4e-06,60.0
norm_0084,Normal,3,sim_03,sim_03,3,Light Load 90%,PROJECT DESIGN CHOICE,Mild off-peak normal grid loading,val,5000.0,60.0,0.1078,True,0.9097,0.618717,0.877035,1.417506,0.0107,0.0,60.0,59.999,52.58,0.874996,0.000155,5.6e-05,4.3e-05,5.4e-05,6.6e-05,5.3e-05,9e-05,0.000216,0.000159,4.6e-05,0.000177,6.4e-05,4.9e-05,6.2e-05,6.1e-05,0.000247,5.3e-05,0.0,60.01,3.21,0.0,3e-06,60.0
norm_0085,Normal,3,sim_03,sim_03,3,Light Load 90%,PROJECT DESIGN CHOICE,Mild off-peak normal grid loading,val,5000.0,60.0,0.1112,True,0.9161,0.61871,0.879001,1.4207,0.021,0.0,60.0,59.9998,52.55,0.874985,0.000203,0.000111,4.1e-05,4.5e-05,0.000119,0.000139,5.5e-05,0.000113,0.000113,3.6e-05,0.000232,0.000127,4.7e-05,5.1e-05,0.000159,0.000129,4.1e-05,0.0,60.01,3.23,0.0,3e-06,60.0
norm_0086,Normal,3,sim_03,sim_03,3,Light Load 90%,PROJECT DESIGN CHOICE,Mild off-peak normal grid loading,val,5000.0,60.0,0.1146,True,0.9134,0.618732,0.878398,1.419674,0.0201,0.0,60.0,60.0001,51.97,0.875016,0.000119,9.4e-05,4.7e-05,0.000126,3.4e-05,7.9e-05,0.000228,0.000229,4.8e-05,3.2e-05,0.000136,0.000107,5.4e-05,0.000144,9e-05,0.000262,3.7e-05,0.0,60.01,3.57,0.0,4e-06,60.0
norm_0087,Normal,3,sim_03,sim_03,3,Light Load 90%,PROJECT DESIGN CHOICE,Mild off-peak normal grid loading,val,5000.0,60.0,0.118,True,0.9105,0.618667,0.877967,1.419127,0.0109,0.0,60.0,60.0014,52.21,0.874925,5.7e-05,7.5e-05,9.5e-05,4.2e-05,7.4e-05,4e-05,8.1e-05,0.000144,0.000174,7.2e-05,6.5e-05,8.6e-05,0.000109,4.8e-05,4.6e-05,0.000165,8.2e-05,0.0,60.01,3.4,0.0,3e-06,60.0
norm_0088,Normal,3,sim_03,sim_03,3,Light Load 90%,PROJECT DESIGN CHOICE,Mild off-peak normal grid loading,val,5000.0,60.0,0.1214,True,0.9063,0.618693,0.877203,1.417833,0.0219,0.0,60.0,59.9999,52.39,0.874961,0.00013,0.000171,0.000162,8.3e-05,0.000106,2.8e-05,0.000198,8.1e-05,0.000128,6.5e-05,0.000149,0.000195,0.000185,9.5e-05,3.2e-05,9.3e-05,7.4e-05,0.0,60.01,3.42,0.0,3e-06,60.0
norm_0089,Normal,3,sim_03,sim_03,3,Light Load 90%,PROJECT DESIGN CHOICE,Mild off-peak normal grid loading,val,5000.0,60.0,0.1248,True,0.9087,0.618775,0.877933,1.418823,0.0131,0.0,60.0,60.0002,52.73,0.875078,9e-05,6.3e-05,8.2e-05,7.3e-05,2.4e-05,6.3e-05,6.7e-05,0.000112,0.000135,5e-05,0.000103,7.2e-05,9.4e-05,8.3e-05,7.2e-05,0.000128,5.7e-05,0.0,60.01,3.24,0.0,3e-06,60.0
norm_0090,Normal,3,sim_03,sim_03,3,Light Load 90%,PROJECT DESIGN CHOICE,Mild off-peak normal grid loading,val,5000.0,60.0,0.1282,True,0.9169,0.618649,0.877417,1.418279,0.0224,0.0,60.0,59.9997,52.64,0.8749,3.4e-05,2.9e-05,9.1e-05,0.000131,7.2e-05,0.000143,7.8e-05,5.9e-05,9.4e-05,0.000117,3.9e-05,3.3e-05,0.000104,0.00015,0.000163,6.7e-05,0.000134,0.0,60.01,3.21,0.0,3e-06,60.0
norm_0091,Normal,3,sim_03,sim_03,3,Light Load 90%,PROJECT DESIGN CHOICE,Mild off-peak normal grid loading,val,5000.0,60.0,0.1316,True,0.9123,0.618622,0.87724,1.418055,0.015,0.0,60.0,59.9992,52.33,0.874861,0.000136,3.8e-05,7.1e-05,7.6e-05,0.00011,0.0001,9e-05,4.6e-05,7.1e-05,3.7e-05,0.000155,4.3e-05,8.1e-05,8.7e-05,0.000114,5.3e-05,4.2e-05,0.0,60.01,3.25,0.0,3e-06,60.0
norm_0092,Normal,3,sim_03,sim_03,3,Light Load 90%,PROJECT DESIGN CHOICE,Mild off-peak normal grid loading,val,5000.0,60.0,0.135,True,0.9107,0.618756,0.878293,1.419449,0.0111,0.0,60.0,59.9998,52.36,0.875051,8.6e-05,8e-05,0.000101,4.9e-05,0.00019,2.6e-05,5.9e-05,4e-05,2.7e-05,0.000116,9.8e-05,9.1e-05,0.000115,5.6e-05,3e-05,4.6e-05,0.000133,0.0,60.01,3.42,0.0,3e-06,60.0
norm_0093,Normal,3,sim_03,sim_03,3,Light Load 90%,PROJECT DESIGN CHOICE,Mild off-peak normal grid loading,val,5000.0,60.0,0.1384,True,0.9022,0.618846,0.87833,1.419303,0.0138,0.0,60.0,59.9998,52.65,0.875178,4e-06,7.8e-05,7.9e-05,3.8e-05,6e-05,8.5e-05,3.3e-05,0.000163,0.000112,3.5e-05,5e-06,8.9e-05,9e-05,4.3e-05,9.7e-05,0.000186,4e-05,0.0,60.01,3.15,0.0,3e-06,60.0
norm_0094,Normal,3,sim_03,sim_03,3,Light Load 90%,PROJECT DESIGN CHOICE,Mild off-peak normal grid loading,val,5000.0,60.0,0.1418,True,0.908,0.618763,0.877602,1.418316,0.0255,0.0,60.0,60.0032,51.43,0.875061,3e-05,0.000209,0.000116,6.2e-05,7.3e-05,4.4e-05,0.000146,0.000127,7.3e-05,7.7e-05,3.4e-05,0.000239,0.000133,7.1e-05,5e-05,0.000145,8.8e-05,0.0,60.01,3.4,0.0,4e-06,60.0
norm_0095,Normal,3,sim_03,sim_03,3,Light Load 90%,PROJECT DESIGN CHOICE,Mild off-peak normal grid loading,val,5000.0,60.0,0.1452,True,0.914,0.618685,0.877683,1.418627,0.019,0.0,60.0,59.9986,52.52,0.87495,5e-05,8.6e-05,5.2e-05,7.9e-05,0.000131,0.000118,4.6e-05,6.9e-05,8.1e-05,0.000122,5.7e-05,9.8e-05,5.9e-05,9e-05,0.000135,7.9e-05,0.000139,0.0,60.01,3.23,0.0,3e-06,60.0
norm_0096,Normal,3,sim_03,sim_03,3,Light Load 90%,PROJECT DESIGN CHOICE,Mild off-peak normal grid loading,val,5000.0,60.0,0.1488,True,0.9046,0.618693,0.877759,1.41873,0.0158,0.0,60.0,60.0003,52.14,0.874962,9.5e-05,7.2e-05,5.4e-05,7.4e-05,4.8e-05,9.2e-05,0.000118,5.4e-05,0.000129,3.3e-05,0.000109,8.2e-05,6.2e-05,8.5e-05,0.000105,6.2e-05,3.8e-05,0.0,60.01,3.47,0.0,3e-06,60.0
norm_0097,Normal,3,sim_03,sim_03,3,Light Load 90%,PROJECT DESIGN CHOICE,Mild off-peak normal grid loading,val,5000.0,60.0,0.1522,True,0.9157,0.618601,0.877417,1.418391,0.0161,0.0,60.0,59.9977,52.06,0.874831,0.000134,9.3e-05,4.6e-05,3.2e-05,8.2e-05,0.000101,3.5e-05,0.000189,4e-05,8.7e-05,0.000153,0.000106,5.3e-05,3.7e-05,0.000115,0.000216,9.9e-05,0.0,60.01,3.21,0.0,3e-06,60.0
norm_0098,Normal,3,sim_03,sim_03,3,Light Load 90%,PROJECT DESIGN CHOICE,Mild off-peak normal grid loading,val,5000.0,60.0,0.1556,True,0.9019,0.618717,0.878121,1.419261,0.0192,0.0,60.0,59.9992,52.56,0.874996,8.2e-05,8.9e-05,7.6e-05,0.000128,9.6e-05,6.1e-05,2e-05,4.4e-05,0.000111,3.4e-05,9.4e-05,0.000102,8.7e-05,0.000146,7e-05,5e-05,3.9e-05,0.0,60.01,3.27,0.0,3e-06,60.0
norm_0099,Normal,3,sim_03,sim_03,3,Light Load 90%,PROJECT DESIGN CHOICE,Mild off-peak normal grid loading,val,5000.0,60.0,0.159,True,0.9176,0.618654,0.878203,1.419538,0.0116,0.0,60.0,59.9997,52.34,0.874906,6e-05,5.7e-05,0.000142,4.8e-05,0.000163,6.9e-05,5e-05,5.8e-05,9.6e-05,3.1e-05,6.9e-05,6.5e-05,0.000162,5.5e-05,7.9e-05,6.6e-05,3.5e-05,0.0,60.01,3.34,0.0,4e-06,60.0
norm_0100,Normal,3,sim_03,sim_03,3,Light Load 90%,PROJECT DESIGN CHOICE,Mild off-peak normal grid loading,val,5000.0,60.0,0.1624,True,0.9105,0.618667,0.879765,1.422033,0.0119,0.0,60.0,59.9993,52.19,0.874924,0.000152,1.3e-05,3.4e-05,0.0001,0.000123,2.5e-05,0.00013,0.000119,0.000113,0.000129,0.000174,1.5e-05,3.9e-05,0.000114,2.9e-05,0.000136,0.000147,0.0,60.01,3.37,0.0,3e-06,60.0
norm_0101,Normal,3,sim_03,sim_03,3,Light Load 90%,PROJECT DESIGN CHOICE,Mild off-peak normal grid loading,val,5000.0,60.0,0.1658,True,0.9139,0.618699,0.877324,1.418014,0.0137,0.0,60.0,59.9997,52.72,0.87497,3.3e-05,3e-05,0.000111,7.5e-05,6.5e-05,9e-05,3.4e-05,6e-05,7.3e-05,5e-05,3.8e-05,3.4e-05,0.000127,8.6e-05,0.000103,6.9e-05,5.7e-05,0.0,60.01,3.33,0.0,3e-06,60.0
norm_0102,Normal,3,sim_03,sim_03,3,Light Load 90%,PROJECT DESIGN CHOICE,Mild off-peak normal grid loading,val,5000.0,60.0,0.1692,True,0.9171,0.6187,0.878429,1.419797,0.0066,0.0,60.0,60.0031,51.61,0.874972,3.7e-05,9e-06,3.8e-05,5.6e-05,4.7e-05,1.3e-05,0.000104,0.000103,8.6e-05,5e-05,4.2e-05,1e-05,4.3e-05,6.4e-05,1.5e-05,0.000118,5.7e-05,0.0,60.01,3.26,0.0,3e-06,60.0
norm_0103,Normal,3,sim_03,sim_03,3,Light Load 90%,PROJECT DESIGN CHOICE,Mild off-peak normal grid loading,val,5000.0,60.0,0.1726,True,0.9102,0.618703,0.877574,1.418408,0.0194,0.0,60.0,59.9985,52.57,0.874977,0.000121,3.2e-05,0.000122,0.000162,9.8e-05,3.9e-05,6e-05,9.4e-05,4.1e-05,8.3e-05,0.000138,3.7e-05,0.000139,0.000185,4.5e-05,0.000107,9.5e-05,0.0,60.01,3.09,0.0,3e-06,60.0
norm_0104,Normal,3,sim_03,sim_03,3,Light Load 90%,PROJECT DESIGN CHOICE,Mild off-peak normal grid loading,val,5000.0,60.0,0.176,True,0.9048,0.61877,0.876895,1.417159,0.0216,0.0,60.0,60.0002,52.67,0.87507,0.000134,7.3e-05,4.9e-05,0.000102,7.7e-05,0.000141,5.2e-05,2.2e-05,7e-05,0.000115,0.000153,8.3e-05,5.6e-05,0.000117,0.000161,2.5e-05,0.000131,0.0,60.01,3.09,0.0,3e-06,60.0
norm_0105,Normal,3,sim_04,sim_04,4,Light Load 95%,PROJECT DESIGN CHOICE,Mid-morning load ramp transition,train,5000.0,60.0,0.06,True,0.9296,0.60456,0.858271,1.419662,0.0164,0.0,60.0,60.0011,51.84,0.854974,6e-05,8.2e-05,8.7e-05,9.1e-05,8.6e-05,6.8e-05,0.000161,5.5e-05,0.000106,6.4e-05,7e-05,9.6e-05,0.000102,0.000106,8e-05,6.4e-05,7.5e-05,0.0,60.01,3.54,0.0,4e-06,60.0
norm_0106,Normal,3,sim_04,sim_04,4,Light Load 95%,PROJECT DESIGN CHOICE,Mid-morning load ramp transition,train,5000.0,60.0,0.0634,True,0.9169,0.604604,0.857825,1.418821,0.0084,0.0,60.0,59.9998,52.51,0.855037,0.000177,2.1e-05,5.9e-05,6.7e-05,5.3e-05,1.6e-05,5.9e-05,6.3e-05,0.000137,8.5e-05,0.000207,2.5e-05,6.9e-05,7.8e-05,1.9e-05,7.4e-05,9.9e-05,0.0,60.01,3.23,0.0,3e-06,60.0
norm_0107,Normal,3,sim_04,sim_04,4,Light Load 95%,PROJECT DESIGN CHOICE,Mid-morning load ramp transition,train,5000.0,60.0,0.0668,True,0.9311,0.604615,0.857393,1.418081,0.0175,0.0,60.0,60.0005,52.06,0.855052,3.2e-05,0.000102,9.5e-05,8e-06,9e-05,0.000109,0.000138,3.5e-05,0.000144,7.3e-05,3.7e-05,0.000119,0.000111,9e-06,0.000127,4.1e-05,8.5e-05,0.0,60.01,3.51,0.0,3e-06,60.0
norm_0108,Normal,3,sim_04,sim_04,4,Light Load 95%,PROJECT DESIGN CHOICE,Mid-morning load ramp transition,train,5000.0,60.0,0.0702,True,0.9373,0.60453,0.857163,1.417901,0.0133,0.0,60.0,60.0011,52.23,0.854932,2.1e-05,8.7e-05,8.3e-05,6.2e-05,6.4e-05,3.9e-05,6.2e-05,0.000124,5.6e-05,0.000124,2.5e-05,0.000102,9.7e-05,7.3e-05,4.6e-05,0.000145,0.000145,0.0,60.01,3.36,0.0,3e-06,60.0
norm_0109,Normal,3,sim_04,sim_04,4,Light Load 95%,PROJECT DESIGN CHOICE,Mid-morning load ramp transition,train,5000.0,60.0,0.0736,True,0.9238,0.604603,0.859086,1.42091,0.0156,0.0,60.0,60.0016,51.81,0.855035,8.5e-05,1.8e-05,9e-06,4.3e-05,2.3e-05,0.000125,9.4e-05,2e-05,2.8e-05,3.1e-05,9.9e-05,2.1e-05,1.1e-05,5e-05,0.000146,2.3e-05,3.6e-05,0.0,60.01,3.43,0.0,4e-06,60.0
norm_0110,Normal,3,sim_04,sim_04,4,Light Load 95%,PROJECT DESIGN CHOICE,Mid-morning load ramp transition,train,5000.0,60.0,0.077,True,0.9212,0.604571,0.858367,1.419794,0.0273,0.0,60.0,59.9994,52.45,0.85499,0.000137,7.1e-05,0.000128,0.00018,9.8e-05,0.000131,0.000115,0.00014,5.5e-05,4.7e-05,0.00016,8.3e-05,0.00015,0.000211,0.000153,0.000164,5.5e-05,0.0,60.01,3.27,0.0,3e-06,60.0
norm_0111,Normal,3,sim_04,sim_04,4,Light Load 95%,PROJECT DESIGN CHOICE,Mid-morning load ramp transition,train,5000.0,60.0,0.0804,True,0.9266,0.604636,0.858313,1.419553,0.0142,0.0,60.0,59.9983,52.23,0.855082,0.000146,5.5e-05,2.6e-05,9.6e-05,0.000109,5e-05,0.000106,0.000152,6.1e-05,7.5e-05,0.000171,6.4e-05,3e-05,0.000112,5.8e-05,0.000178,8.8e-05,0.0,60.01,3.3,0.0,3e-06,60.0
norm_0112,Normal,3,sim_04,sim_04,4,Light Load 95%,PROJECT DESIGN CHOICE,Mid-morning load ramp transition,train,5000.0,60.0,0.0838,True,0.9266,0.604491,0.857734,1.418937,0.0123,0.0,60.0,59.9996,52.13,0.854877,6.5e-05,6.2e-05,0.00011,7e-05,0.000119,4.8e-05,0.000139,8.6e-05,0.000122,0.000134,7.6e-05,7.3e-05,0.000129,8.2e-05,5.6e-05,0.000101,0.000157,0.0,60.01,3.54,0.0,4e-06,60.0
norm_0113,Normal,3,sim_04,sim_04,4,Light Load 95%,PROJECT DESIGN CHOICE,Mid-morning load ramp transition,train,5000.0,60.0,0.0872,True,0.9295,0.604432,0.857075,1.417985,0.0221,0.0,60.0,60.0001,52.11,0.854793,4e-05,0.000174,0.00015,1e-05,8e-05,7.1e-05,2.5e-05,2.4e-05,4.1e-05,5.5e-05,4.7e-05,0.000204,0.000175,1.2e-05,8.3e-05,2.8e-05,6.4e-05,0.0,60.01,3.59,0.0,3e-06,60.0
norm_0114,Normal,3,sim_04,sim_04,4,Light Load 95%,PROJECT DESIGN CHOICE,Mid-morning load ramp transition,train,5000.0,60.0,0.0908,True,0.9248,0.604541,0.859342,1.42148,0.0165,0.0,60.0,60.0014,52.3,0.854947,7.8e-05,3.2e-05,0.000106,0.000133,0.000107,3.3e-05,5.9e-05,2.7e-05,4.3e-05,2.1e-05,9.1e-05,3.7e-05,0.000124,0.000156,3.9e-05,3.2e-05,2.5e-05,0.0,60.01,3.32,0.0,3e-06,60.0
norm_0115,Normal,3,sim_04,sim_04,4,Light Load 95%,PROJECT DESIGN CHOICE,Mid-morning load ramp transition,train,5000.0,60.0,0.0942,True,0.9296,0.604524,0.856904,1.417485,0.0103,0.0,60.0,59.9987,52.34,0.854924,8e-05,8e-05,0.000147,2.6e-05,5.5e-05,2.8e-05,6.3e-05,6.7e-05,2.7e-05,5.7e-05,9.4e-05,9.4e-05,0.000172,3e-05,3.3e-05,7.8e-05,6.7e-05,0.0,60.01,3.4,0.0,3e-06,60.0
norm_0116,Normal,3,sim_04,sim_04,4,Light Load 95%,PROJECT DESIGN CHOICE,Mid-morning load ramp transition,train,5000.0,60.0,0.0976,True,0.9325,0.604514,0.857943,1.419229,0.0169,0.0,60.0,59.9981,51.69,0.854909,8e-05,8.3e-05,0.000117,3.8e-05,8.5e-05,0.000112,0.000125,6.7e-05,9.4e-05,4.1e-05,9.4e-05,9.7e-05,0.000137,4.4e-05,0.000131,7.8e-05,4.8e-05,0.0,60.01,3.68,0.0,4e-06,60.0
norm_0117,Normal,3,sim_04,sim_04,4,Light Load 95%,PROJECT DESIGN CHOICE,Mid-morning load ramp transition,train,5000.0,60.0,0.101,True,0.92,0.60453,0.858293,1.419769,0.0202,0.0,60.0,59.9992,52.13,0.854931,8.6e-05,9.5e-05,0.000131,6.1e-05,6.4e-05,0.00013,4.7e-05,1.8e-05,4.6e-05,6.2e-05,0.000101,0.000111,0.000153,7.1e-05,0.000152,2.1e-05,7.3e-05,0.0,60.01,3.45,0.0,3e-06,60.0
norm_0118,Normal,3,sim_04,sim_04,4,Light Load 95%,PROJECT DESIGN CHOICE,Mid-morning load ramp transition,train,5000.0,60.0,0.1044,True,0.9246,0.604543,0.857036,1.417659,0.0117,0.0,60.0,59.997,51.9,0.854951,6.6e-05,6.6e-05,2.3e-05,5.1e-05,5.4e-05,5.5e-05,2.7e-05,0.000145,1.6e-05,9.2e-05,7.7e-05,7.7e-05,2.7e-05,6e-05,6.4e-05,0.00017,0.000108,0.0,60.01,3.28,0.0,3e-06,60.0
norm_0119,Normal,3,sim_04,sim_04,4,Light Load 95%,PROJECT DESIGN CHOICE,Mid-morning load ramp transition,train,5000.0,60.0,0.1078,True,0.9267,0.604515,0.857789,1.418971,0.0341,0.0,60.0,59.9974,51.94,0.854911,4e-05,0.00027,8.5e-05,0.0001,5.6e-05,4.6e-05,0.000254,0.000128,0.000138,3.3e-05,4.7e-05,0.000316,9.9e-05,0.000117,5.4e-05,0.00015,3.9e-05,0.0,60.01,3.31,0.0,3e-06,60.0
norm_0120,Normal,3,sim_04,sim_04,4,Light Load 95%,PROJECT DESIGN CHOICE,Mid-morning load ramp transition,train,5000.0,60.0,0.1112,True,0.9161,0.604679,0.858143,1.41917,0.0227,0.0,60.0,60.0007,52.44,0.855143,0.000101,0.000143,8.2e-05,8.6e-05,0.00012,9.9e-05,5.2e-05,8.5e-05,7.3e-05,0.00014,0.000118,0.000167,9.6e-05,0.000101,0.000116,9.9e-05,0.000164,0.0,60.01,3.29,0.0,3e-06,60.0
norm_0121,Normal,3,sim_04,sim_04,4,Light Load 95%,PROJECT DESIGN CHOICE,Mid-morning load ramp transition,train,5000.0,60.0,0.1146,True,0.9162,0.604544,0.859139,1.421137,0.0182,0.0,60.0,59.9989,51.93,0.854951,7.3e-05,0.000109,4e-05,9.7e-05,0.000132,5.5e-05,5.8e-05,4.1e-05,8.3e-05,0.000183,8.5e-05,0.000127,4.7e-05,0.000113,6.4e-05,4.8e-05,0.000214,0.0,60.01,3.58,0.0,4e-06,60.0
norm_0122,Normal,3,sim_04,sim_04,4,Light Load 95%,PROJECT DESIGN CHOICE,Mid-morning load ramp transition,train,5000.0,60.0,0.118,True,0.9296,0.604598,0.858163,1.419394,0.0122,0.0,60.0,60.0012,51.94,0.855028,0.00011,7.1e-05,9.1e-05,4.9e-05,5e-05,5.9e-05,4.6e-05,8e-05,6.1e-05,7.8e-05,0.000129,8.3e-05,0.000106,5.7e-05,6.9e-05,9.4e-05,9.1e-05,0.0,60.01,3.32,0.0,4e-06,60.0
norm_0123,Normal,3,sim_04,sim_04,4,Light Load 95%,PROJECT DESIGN CHOICE,Mid-morning load ramp transition,train,5000.0,60.0,0.1214,True,0.9301,0.604514,0.8582,1.419652,0.021,0.0,60.0,60.0003,52.17,0.854909,8e-05,0.000161,0.000163,4.8e-05,7.1e-05,6.5e-05,8.2e-05,4.7e-05,0.000172,7.5e-05,9.4e-05,0.000188,0.000191,5.6e-05,7.6e-05,5.5e-05,8.8e-05,0.0,60.01,3.45,0.0,4e-06,60.0
norm_0124,Normal,3,sim_04,sim_04,4,Light Load 95%,PROJECT DESIGN CHOICE,Mid-morning load ramp transition,train,5000.0,60.0,0.1248,True,0.9227,0.604531,0.855911,1.415825,0.0186,0.0,60.0,59.9969,51.42,0.854934,5.6e-05,2.9e-05,5.2e-05,0.000146,0.000112,5.4e-05,6.9e-05,0.000116,8e-05,0.000112,6.6e-05,3.4e-05,6.1e-05,0.000171,6.3e-05,0.000136,0.000131,0.0,60.01,3.46,0.0,3e-06,60.0
norm_0125,Normal,3,sim_04,sim_04,4,Light Load 95%,PROJECT DESIGN CHOICE,Mid-morning load ramp transition,train,5000.0,60.0,0.1282,True,0.9296,0.604524,0.857921,1.419167,0.0252,0.0,60.0,60.0037,51.11,0.854924,4.1e-05,5.3e-05,0.000198,0.000149,0.000129,0.000146,6.4e-05,5.9e-05,7.6e-05,7e-05,4.8e-05,6.2e-05,0.000232,0.000174,0.000171,6.9e-05,8.2e-05,0.0,60.01,3.46,0.0,3e-06,60.0
norm_0126,Normal,3,sim_04,sim_04,4,Light Load 95%,PROJECT DESIGN CHOICE,Mid-morning load ramp transition,train,5000.0,60.0,0.1316,True,0.9322,0.604522,0.857486,1.418454,0.0132,0.0,60.0,59.9981,51.98,0.85492,9.6e-05,5.1e-05,9.1e-05,7.9e-05,0.000116,6.3e-05,8.7e-05,6.7e-05,0.000152,9.8e-05,0.000112,6e-05,0.000106,9.2e-05,7.4e-05,7.8e-05,0.000115,0.0,60.01,3.4,0.0,4e-06,60.0
norm_0127,Normal,3,sim_04,sim_04,4,Light Load 95%,PROJECT DESIGN CHOICE,Mid-morning load ramp transition,train,5000.0,60.0,0.135,True,0.9264,0.604642,0.857679,1.418491,0.0215,0.0,60.0,59.9969,51.49,0.85509,2.9e-05,0.000118,9.7e-05,7e-05,8.7e-05,0.000122,8e-05,0.000126,7.3e-05,4.7e-05,3.4e-05,0.000138,0.000113,8.2e-05,0.000143,0.000147,5.5e-05,0.0,60.01,3.29,0.0,4e-06,60.0
norm_0128,Normal,3,sim_04,sim_04,4,Light Load 95%,PROJECT DESIGN CHOICE,Mid-morning load ramp transition,train,5000.0,60.0,0.1384,True,0.9153,0.604559,0.857857,1.418979,0.0147,0.0,60.0,60.0006,52.38,0.854973,2.8e-05,9.1e-05,7e-06,2.1e-05,1.2e-05,8.5e-05,5.6e-05,9e-05,3.8e-05,7.7e-05,3.3e-05,0.000106,8e-06,2.5e-05,9.9e-05,0.000105,9e-05,0.0,60.01,3.35,0.0,3e-06,60.0
norm_0129,Normal,3,sim_04,sim_04,4,Light Load 95%,PROJECT DESIGN CHOICE,Mid-morning load ramp transition,train,5000.0,60.0,0.1418,True,0.9269,0.604541,0.858905,1.420756,0.0133,0.0,60.0,60.0018,51.62,0.854947,7.3e-05,2.3e-05,4.2e-05,9.3e-05,7.7e-05,6.1e-05,0.000116,9.4e-05,1.2e-05,6.6e-05,8.5e-05,2.7e-05,4.9e-05,0.000109,7.1e-05,0.00011,7.7e-05,0.0,60.01,3.56,0.0,4e-06,60.0
norm_0130,Normal,3,sim_04,sim_04,4,Light Load 95%,PROJECT DESIGN CHOICE,Mid-morning load ramp transition,train,5000.0,60.0,0.1452,True,0.9306,0.604516,0.858001,1.419319,0.0189,0.0,60.0,59.9981,51.59,0.854911,6.1e-05,0.000104,7.3e-05,0.000111,0.000226,5.5e-05,4.7e-05,4.4e-05,0.000121,0.000135,7.1e-05,0.000122,8.5e-05,0.00013,6.4e-05,5.1e-05,0.000158,0.0,60.01,3.48,0.0,4e-06,60.0
norm_0131,Normal,3,sim_04,sim_04,4,Light Load 95%,PROJECT DESIGN CHOICE,Mid-morning load ramp transition,train,5000.0,60.0,0.1488,True,0.9241,0.604573,0.857633,1.418578,0.0147,0.0,60.0,60.0021,52.12,0.854992,8.7e-05,4.1e-05,2.4e-05,0.000101,2.9e-05,6.1e-05,0.000137,0.000103,3.7e-05,0.00014,0.000102,4.8e-05,2.8e-05,0.000118,7.1e-05,0.00012,0.000164,0.0,60.01,3.34,0.0,4e-06,60.0
norm_0132,Normal,3,sim_04,sim_04,4,Light Load 95%,PROJECT DESIGN CHOICE,Mid-morning load ramp transition,train,5000.0,60.0,0.1522,True,0.9301,0.604551,0.85821,1.419582,0.0155,0.0,60.0,60.0021,51.57,0.854962,0.000113,6.1e-05,5.4e-05,7.9e-05,7.7e-05,8.6e-05,4.3e-05,5.9e-05,8.9e-05,9e-05,0.000132,7.1e-05,6.3e-05,9.2e-05,0.000101,6.9e-05,0.000105,0.0,60.01,3.51,0.0,4e-06,60.0
norm_0133,Normal,3,sim_04,sim_04,4,Light Load 95%,PROJECT DESIGN CHOICE,Mid-morning load ramp transition,train,5000.0,60.0,0.1556,True,0.9309,0.604623,0.858047,1.419144,0.0183,0.0,60.0,59.9977,51.68,0.855063,0.000189,3e-05,0.000107,3e-05,6.1e-05,0.00015,9.8e-05,0.000136,7.9e-05,5.4e-05,0.000221,3.5e-05,0.000125,3.5e-05,0.000175,0.000159,6.3e-05,0.0,60.01,3.47,0.0,4e-06,60.0
norm_0134,Normal,3,sim_04,sim_04,4,Light Load 95%,PROJECT DESIGN CHOICE,Mid-morning load ramp transition,train,5000.0,60.0,0.159,True,0.9192,0.604546,0.857582,1.418555,0.0213,0.0,60.0,59.999,52.02,0.854955,0.000117,0.0001,3.4e-05,0.000145,0.000112,4.6e-05,3.2e-05,0.00012,0.000149,0.000139,0.000137,0.000117,4e-05,0.00017,5.4e-05,0.00014,0.000163,0.0,60.01,3.44,0.0,4e-06,60.0
norm_0135,Normal,3,sim_04,sim_04,4,Light Load 95%,PROJECT DESIGN CHOICE,Mid-morning load ramp transition,train,5000.0,60.0,0.1624,True,0.9259,0.604551,0.859016,1.420916,0.0181,0.0,60.0,60.0009,52.15,0.854961,4.5e-05,8.7e-05,0.000159,7.7e-05,6.5e-05,0.000102,8e-06,5e-05,0.000142,3.3e-05,5.3e-05,0.000102,0.000186,9e-05,0.000119,5.8e-05,3.9e-05,0.0,60.01,3.47,0.0,4e-06,60.0
norm_0136,Normal,3,sim_04,sim_04,4,Light Load 95%,PROJECT DESIGN CHOICE,Mid-morning load ramp transition,train,5000.0,60.0,0.1658,True,0.9319,0.604491,0.858352,1.419959,0.0182,0.0,60.0,60.0023,51.95,0.854877,4e-06,5.4e-05,5.9e-05,0.000116,0.000139,8.8e-05,8.2e-05,0.000122,9e-05,0.000188,5e-06,6.3e-05,6.9e-05,0.000136,0.000103,0.000143,0.00022,0.0,60.01,3.33,0.0,3e-06,60.0
norm_0137,Normal,3,sim_04,sim_04,4,Light Load 95%,PROJECT DESIGN CHOICE,Mid-morning load ramp transition,train,5000.0,60.0,0.1692,True,0.9235,0.604583,0.858519,1.420017,0.0157,0.0,60.0,59.9988,52.11,0.855007,8.6e-05,2e-05,0.000163,0.000128,4.1e-05,3.7e-05,0.000125,9.9e-05,0.000161,0.000103,0.000101,2.3e-05,0.000191,0.00015,4.3e-05,0.000116,0.00012,0.0,60.01,3.31,0.0,3e-06,60.0
norm_0138,Normal,3,sim_04,sim_04,4,Light Load 95%,PROJECT DESIGN CHOICE,Mid-morning load ramp transition,train,5000.0,60.0,0.1726,True,0.9182,0.604568,0.858024,1.419236,0.0135,0.0,60.0,60.0024,51.63,0.854985,8.1e-05,6e-05,0.000141,6.8e-05,0.000105,7.1e-05,0.000204,3e-05,8.6e-05,4.7e-05,9.5e-05,7e-05,0.000165,8e-05,8.3e-05,3.5e-05,5.5e-05,0.0,60.01,3.37,0.0,4e-06,60.0
norm_0139,Normal,3,sim_04,sim_04,4,Light Load 95%,PROJECT DESIGN CHOICE,Mid-morning load ramp transition,train,5000.0,60.0,0.176,True,0.9229,0.604593,0.85827,1.419584,0.0147,0.0,60.0,59.9991,52.37,0.855021,6.3e-05,7.1e-05,0.000125,8.2e-05,2.1e-05,6.4e-05,7e-05,5.4e-05,8e-05,8.7e-05,7.4e-05,8.3e-05,0.000146,9.6e-05,7.5e-05,6.3e-05,0.000102,0.0,60.01,3.38,0.0,3e-06,60.0
norm_0140,Normal,3,sim_05,sim_05,5,Heavy Load 105%,PROJECT DESIGN CHOICE,Normal daytime peak load growth,train,5000.0,60.0,0.06,True,0.9391,0.574739,0.816323,1.420335,0.0181,0.0,60.0,60.001,51.44,0.812801,0.000126,6.7e-05,4.8e-05,8.8e-05,0.000111,9.6e-05,2.3e-05,3.4e-05,0.000103,0.000158,0.000155,8.2e-05,5.9e-05,0.000108,0.000118,4.2e-05,0.000194,0.0,60.01,3.69,0.0,4e-06,60.0
norm_0141,Normal,3,sim_05,sim_05,5,Heavy Load 105%,PROJECT DESIGN CHOICE,Normal daytime peak load growth,train,5000.0,60.0,0.0634,True,0.9465,0.574694,0.814807,1.417811,0.0089,0.0,60.0,60.0027,51.15,0.812737,5.3e-05,3.9e-05,6.1e-05,5.7e-05,8.7e-05,2.1e-05,0.000194,0.000146,0.000118,4.2e-05,6.5e-05,4.8e-05,7.5e-05,7e-05,2.6e-05,0.00018,5.2e-05,0.0,60.01,3.53,0.0,4e-06,60.0
norm_0142,Normal,3,sim_05,sim_05,5,Heavy Load 105%,PROJECT DESIGN CHOICE,Normal daytime peak load growth,train,5000.0,60.0,0.0668,True,0.9541,0.574669,0.815405,1.418912,0.0163,0.0,60.0,60.0005,51.91,0.812703,0.000101,8.1e-05,0.000175,4.5e-05,8.4e-05,9.6e-05,3.8e-05,5.3e-05,6.7e-05,0.000167,0.000124,0.0001,0.000215,5.5e-05,0.000118,6.5e-05,0.000205,0.0,60.01,3.55,0.0,4e-06,60.0
norm_0143,Normal,3,sim_05,sim_05,5,Heavy Load 105%,PROJECT DESIGN CHOICE,Normal daytime peak load growth,train,5000.0,60.0,0.0702,True,0.9468,0.574653,0.816143,1.420237,0.0129,0.0,60.0,59.9992,51.76,0.812679,2e-05,4.5e-05,3.2e-05,7.9e-05,5.1e-05,5.1e-05,4.5e-05,4.1e-05,0.000116,2.1e-05,2.5e-05,5.5e-05,3.9e-05,9.7e-05,6.3e-05,5e-05,2.6e-05,0.0,60.01,3.67,0.0,4e-06,60.0
norm_0144,Normal,3,sim_05,sim_05,5,Heavy Load 105%,PROJECT DESIGN CHOICE,Normal daytime peak load growth,train,5000.0,60.0,0.0736,True,0.9479,0.574592,0.815315,1.418946,0.0264,0.0,60.0,59.9988,51.57,0.812593,0.000189,0.000128,0.000176,5.4e-05,8e-05,0.000163,7e-05,8.5e-05,0.000141,0.000124,0.000233,0.000158,0.000217,6.6e-05,0.000201,0.000105,0.000153,0.0,60.01,3.5,0.0,4e-06,60.0
norm_0145,Normal,3,sim_05,sim_05,5,Heavy Load 105%,PROJECT DESIGN CHOICE,Normal daytime peak load growth,train,5000.0,60.0,0.077,True,0.9472,0.574617,0.814893,1.41815,0.0113,0.0,60.0,59.9983,51.74,0.812629,6.1e-05,5.7e-05,0.00015,5.1e-05,2.6e-05,5e-05,0.000146,0.000131,0.000128,7.6e-05,7.5e-05,7e-05,0.000185,6.3e-05,6.2e-05,0.000161,9.4e-05,0.0,60.01,3.44,0.0,4e-06,60.0
norm_0146,Normal,3,sim_05,sim_05,5,Heavy Load 105%,PROJECT DESIGN CHOICE,Normal daytime peak load growth,train,5000.0,60.0,0.0804,True,0.959,0.574573,0.815424,1.419183,0.0209,0.0,60.0,60.0015,51.49,0.812566,2.9e-05,0.000151,1.9e-05,6e-05,5.5e-05,5e-05,5e-05,0.000102,4.7e-05,3.6e-05,3.6e-05,0.000186,2.3e-05,7.4e-05,6.2e-05,0.000126,4.4e-05,0.0,60.01,3.69,0.0,4e-06,60.0
norm_0147,Normal,3,sim_05,sim_05,5,Heavy Load 105%,PROJECT DESIGN CHOICE,Normal daytime peak load growth,train,5000.0,60.0,0.0838,True,0.9444,0.574671,0.815604,1.419254,0.0088,0.0,60.0,59.9991,51.39,0.812704,0.000155,6.5e-05,0.000112,2.2e-05,8.9e-05,1.9e-05,0.000131,0.00017,0.000153,0.000129,0.000191,8e-05,0.000138,2.7e-05,2.3e-05,0.000209,0.000159,0.0,60.01,3.83,0.0,4e-06,60.0
norm_0148,Normal,3,sim_05,sim_05,5,Heavy Load 105%,PROJECT DESIGN CHOICE,Normal daytime peak load growth,train,5000.0,60.0,0.0872,True,0.9456,0.574603,0.815179,1.418681,0.0238,0.0,60.0,59.9997,51.6,0.812609,7.9e-05,0.000162,0.000109,5.4e-05,0.000149,9.2e-05,0.000133,9.1e-05,2.2e-05,0.000148,9.7e-05,0.000199,0.000134,6.6e-05,0.000113,0.000112,0.000182,0.0,60.01,3.71,0.0,4e-06,60.0
norm_0149,Normal,3,sim_05,sim_05,5,Heavy Load 105%,PROJECT DESIGN CHOICE,Normal daytime peak load growth,train,5000.0,60.0,0.0908,True,0.9476,0.574576,0.815199,1.418784,0.0203,0.0,60.0,60.0021,51.5,0.812571,6.6e-05,6.3e-05,0.000113,0.000115,0.000134,9.9e-05,6.2e-05,4.7e-05,7.9e-05,1.9e-05,8.1e-05,7.8e-05,0.000139,0.000142,0.000122,5.8e-05,2.3e-05,0.0,60.01,3.47,0.0,4e-06,60.0
norm_0150,Normal,3,sim_05,sim_05,5,Heavy Load 105%,PROJECT DESIGN CHOICE,Normal daytime peak load growth,train,5000.0,60.0,0.0942,True,0.9473,0.574645,0.814501,1.4174,0.0226,0.0,60.0,59.9993,51.66,0.812667,5.8e-05,3.5e-05,0.000131,6.8e-05,4.2e-05,0.000167,7.8e-05,5.6e-05,8.7e-05,0.000126,7.1e-05,4.3e-05,0.000161,8.4e-05,0.000205,6.9e-05,0.000155,0.0,60.01,3.64,0.0,4e-06,60.0
norm_0151,Normal,3,sim_05,sim_05,5,Heavy Load 105%,PROJECT DESIGN CHOICE,Normal daytime peak load growth,train,5000.0,60.0,0.0976,True,0.9545,0.574664,0.815643,1.41934,0.0155,0.0,60.0,59.9973,51.15,0.812694,6.9e-05,8.9e-05,1.7e-05,6e-05,0.000152,6.6e-05,6.7e-05,1.1e-05,3.7e-05,6.4e-05,8.5e-05,0.00011,2.1e-05,7.4e-05,8.1e-05,1.4e-05,7.9e-05,0.0,60.01,3.53,0.0,4e-06,60.0
norm_0152,Normal,3,sim_05,sim_05,5,Heavy Load 105%,PROJECT DESIGN CHOICE,Normal daytime peak load growth,train,5000.0,60.0,0.101,True,0.9491,0.574629,0.816302,1.420574,0.0249,0.0,60.0,59.9995,51.74,0.812645,0.000128,0.000157,0.000177,8.2e-05,6.6e-05,9.7e-05,6.7e-05,7.8e-05,5.5e-05,1.6e-05,0.000158,0.000193,0.000218,0.000101,0.000119,9.6e-05,2e-05,0.0,60.01,3.52,0.0,4e-06,60.0
norm_0153,Normal,3,sim_05,sim_05,5,Heavy Load 105%,PROJECT DESIGN CHOICE,Normal daytime peak load growth,train,5000.0,60.0,0.1044,True,0.9431,0.574657,0.815949,1.419889,0.0099,0.0,60.0,59.9998,51.74,0.812685,0.000145,7.3e-05,5.7e-05,3.3e-05,7.7e-05,4e-06,6.7e-05,0.000135,7.8e-05,5.1e-05,0.000178,9e-05,7e-05,4.1e-05,5e-06,0.000166,6.3e-05,0.0,60.01,3.54,0.0,4e-06,60.0
norm_0154,Normal,3,sim_05,sim_05,5,Heavy Load 105%,PROJECT DESIGN CHOICE,Normal daytime peak load growth,train,5000.0,60.0,0.1078,True,0.9532,0.574612,0.815002,1.418352,0.0148,0.0,60.0,60.0,51.94,0.812621,4e-05,9.5e-05,9.2e-05,5.3e-05,0.000121,5.2e-05,9.7e-05,6e-05,7.2e-05,4.2e-05,4.9e-05,0.000117,0.000113,6.5e-05,6.4e-05,7.4e-05,5.2e-05,0.0,60.01,3.51,0.0,4e-06,60.0
norm_0155,Normal,3,sim_05,sim_05,5,Heavy Load 105%,PROJECT DESIGN CHOICE,Normal daytime peak load growth,train,5000.0,60.0,0.1112,True,0.9517,0.574608,0.815615,1.419429,0.0087,0.0,60.0,59.9983,51.63,0.812616,2.6e-05,3.1e-05,0.000131,4.7e-05,8.3e-05,4.3e-05,9.4e-05,2.3e-05,8.1e-05,1.9e-05,3.2e-05,3.8e-05,0.000161,5.8e-05,5.3e-05,2.8e-05,2.3e-05,0.0,60.01,3.61,0.0,4e-06,60.0
norm_0156,Normal,3,sim_05,sim_05,5,Heavy Load 105%,PROJECT DESIGN CHOICE,Normal daytime peak load growth,train,5000.0,60.0,0.1146,True,0.9468,0.574638,0.815933,1.419907,0.0275,0.0,60.0,60.0003,51.65,0.812658,9e-05,0.00016,1.2e-05,4.3e-05,5.4e-05,0.00015,0.000108,8.6e-05,3.5e-05,6e-05,0.000111,0.000197,1.5e-05,5.3e-05,0.000185,0.000106,7.4e-05,0.0,60.01,3.65,0.0,4e-06,60.0
norm_0157,Normal,3,sim_05,sim_05,5,Heavy Load 105%,PROJECT DESIGN CHOICE,Normal daytime peak load growth,train,5000.0,60.0,0.118,True,0.9512,0.574643,0.815471,1.419093,0.0246,0.0,60.0,59.999,51.97,0.812665,6.1e-05,4.7e-05,2.2e-05,0.00015,9.1e-05,0.000124,5.9e-05,0.000152,6.6e-05,4.7e-05,7.5e-05,5.8e-05,2.7e-05,0.000185,0.000153,0.000187,5.8e-05,0.0,60.01,3.52,0.0,4e-06,60.0
norm_0158,Normal,3,sim_05,sim_05,5,Heavy Load 105%,PROJECT DESIGN CHOICE,Normal daytime peak load growth,train,5000.0,60.0,0.1214,True,0.956,0.574624,0.81503,1.418372,0.0164,0.0,60.0,59.9975,51.29,0.812638,0.000179,0.000117,0.00015,3.1e-05,0.000117,5.7e-05,0.000121,7.8e-05,6.5e-05,6.3e-05,0.00022,0.000144,0.000185,3.8e-05,7e-05,9.6e-05,7.8e-05,0.0,60.01,3.68,0.0,4e-06,60.0
norm_0159,Normal,3,sim_05,sim_05,5,Heavy Load 105%,PROJECT DESIGN CHOICE,Normal daytime peak load growth,train,5000.0,60.0,0.1248,True,0.9565,0.574642,0.81633,1.42059,0.0186,0.0,60.0,60.001,51.67,0.812663,8.7e-05,0.000123,8.1e-05,6.9e-05,0.000107,5.6e-05,3.5e-05,0.000135,6.7e-05,0.000148,0.000107,0.000151,0.0001,8.5e-05,6.9e-05,0.000166,0.000182,0.0,60.01,3.55,0.0,4e-06,60.0
norm_0160,Normal,3,sim_05,sim_05,5,Heavy Load 105%,PROJECT DESIGN CHOICE,Normal daytime peak load growth,train,5000.0,60.0,0.1282,True,0.956,0.574567,0.815629,1.419554,0.0192,0.0,60.0,59.9996,51.74,0.812558,8.5e-05,6.3e-05,4.5e-05,8.9e-05,9.9e-05,0.000111,9.6e-05,0.000118,7.8e-05,0.000109,0.000105,7.8e-05,5.5e-05,0.00011,0.000137,0.000145,0.000134,0.0,60.01,3.5,0.0,4e-06,60.0
norm_0161,Normal,3,sim_05,sim_05,5,Heavy Load 105%,PROJECT DESIGN CHOICE,Normal daytime peak load growth,train,5000.0,60.0,0.1316,True,0.9501,0.574649,0.815435,1.419014,0.0175,0.0,60.0,59.9978,51.56,0.812674,0.000138,6.8e-05,4.8e-05,8.7e-05,0.00011,9e-05,0.00013,0.00014,8.5e-05,5.9e-05,0.00017,8.4e-05,5.9e-05,0.000107,0.000111,0.000172,7.3e-05,0.0,60.01,3.5,0.0,4e-06,60.0
norm_0162,Normal,3,sim_05,sim_05,5,Heavy Load 105%,PROJECT DESIGN CHOICE,Normal daytime peak load growth,train,5000.0,60.0,0.135,True,0.947,0.574731,0.815279,1.418541,0.0179,0.0,60.0,60.0019,51.51,0.812789,4.4e-05,9.9e-05,3.5e-05,8.7e-05,6.8e-05,6.2e-05,0.000112,0.000134,0.000115,4.6e-05,5.4e-05,0.000122,4.3e-05,0.000107,7.6e-05,0.000165,5.7e-05,0.0,60.01,3.56,0.0,4e-06,60.0
norm_0163,Normal,3,sim_05,sim_05,5,Heavy Load 105%,PROJECT DESIGN CHOICE,Normal daytime peak load growth,train,5000.0,60.0,0.1384,True,0.9462,0.574692,0.815266,1.418614,0.0166,0.0,60.0,59.9969,51.44,0.812735,0.000134,4.3e-05,0.000127,0.000121,8.2e-05,4e-05,2.9e-05,9e-06,7.7e-05,7.1e-05,0.000165,5.3e-05,0.000156,0.000149,4.9e-05,1.1e-05,8.7e-05,0.0,60.01,3.31,0.0,4e-06,60.0
norm_0164,Normal,3,sim_05,sim_05,5,Heavy Load 105%,PROJECT DESIGN CHOICE,Normal daytime peak load growth,train,5000.0,60.0,0.1418,True,0.9533,0.574571,0.815225,1.418842,0.0226,0.0,60.0,60.0024,51.56,0.812563,0.000115,0.000162,3.1e-05,8.1e-05,9.8e-05,3.1e-05,0.000165,6.9e-05,0.000122,4.2e-05,0.000142,0.000199,3.8e-05,0.0001,3.8e-05,8.5e-05,5.2e-05,0.0,60.01,3.45,0.0,4e-06,60.0
norm_0165,Normal,3,sim_05,sim_05,5,Heavy Load 105%,PROJECT DESIGN CHOICE,Normal daytime peak load growth,train,5000.0,60.0,0.1452,True,0.9478,0.574649,0.815702,1.41948,0.0285,0.0,60.0,59.9995,51.86,0.812673,6.5e-05,0.000112,4.6e-05,0.000127,5.4e-05,0.000158,4.8e-05,9e-05,4.7e-05,7.1e-05,8e-05,0.000138,5.7e-05,0.000156,0.000194,0.000111,8.7e-05,0.0,60.01,3.61,0.0,4e-06,60.0
norm_0166,Normal,3,sim_05,sim_05,5,Heavy Load 105%,PROJECT DESIGN CHOICE,Normal daytime peak load growth,train,5000.0,60.0,0.1488,True,0.9506,0.574663,0.814966,1.418163,0.0195,0.0,60.0,59.9976,51.84,0.812693,0.000118,6.5e-05,5.2e-05,0.000131,1.7e-05,6.2e-05,3.2e-05,2.9e-05,4.9e-05,6.5e-05,0.000145,8e-05,6.4e-05,0.000161,7.6e-05,3.6e-05,8e-05,0.0,60.01,3.37,0.0,3e-06,60.0
norm_0167,Normal,3,sim_05,sim_05,5,Heavy Load 105%,PROJECT DESIGN CHOICE,Normal daytime peak load growth,train,5000.0,60.0,0.1522,True,0.948,0.574628,0.814383,1.417236,0.0201,0.0,60.0,60.0004,51.73,0.812644,7.9e-05,3.4e-05,6.5e-05,0.000128,3.1e-05,9.6e-05,0.000151,0.000101,9.3e-05,5.6e-05,9.7e-05,4.2e-05,8e-05,0.000158,0.000118,0.000124,6.9e-05,0.0,60.01,3.68,0.0,4e-06,60.0
norm_0168,Normal,3,sim_05,sim_05,5,Heavy Load 105%,PROJECT DESIGN CHOICE,Normal daytime peak load growth,train,5000.0,60.0,0.1556,True,0.9471,0.574711,0.81588,1.419635,0.031,0.0,60.0,60.0028,51.3,0.812761,0.000157,4.1e-05,8e-05,0.000151,0.000146,0.000198,7.8e-05,0.000102,8.7e-05,6.9e-05,0.000193,5e-05,9.8e-05,0.000186,0.000244,0.000125,8.5e-05,0.0,60.01,3.78,0.0,4e-06,60.0
norm_0169,Normal,3,sim_05,sim_05,5,Heavy Load 105%,PROJECT DESIGN CHOICE,Normal daytime peak load growth,train,5000.0,60.0,0.159,True,0.9595,0.574594,0.815312,1.418936,0.0203,0.0,60.0,59.9967,51.06,0.812596,3.2e-05,5.8e-05,9.1e-05,0.000113,7e-05,0.000106,9.2e-05,9.7e-05,5.9e-05,0.000144,3.9e-05,7.1e-05,0.000112,0.000139,0.00013,0.000119,0.000177,0.0,60.01,3.47,0.0,4e-06,60.0
norm_0170,Normal,3,sim_05,sim_05,5,Heavy Load 105%,PROJECT DESIGN CHOICE,Normal daytime peak load growth,train,5000.0,60.0,0.1624,True,0.9579,0.574629,0.816207,1.420407,0.0235,0.0,60.0,60.0038,50.43,0.812646,5.5e-05,0.000124,8.7e-05,0.000116,9.3e-05,8.8e-05,8.8e-05,9.9e-05,5.2e-05,0.000117,6.8e-05,0.000153,0.000107,0.000143,0.000108,0.000122,0.000144,0.0,60.01,3.76,0.0,4e-06,60.0
norm_0171,Normal,3,sim_05,sim_05,5,Heavy Load 105%,PROJECT DESIGN CHOICE,Normal daytime peak load growth,train,5000.0,60.0,0.1658,True,0.9457,0.57463,0.815731,1.419575,0.0236,0.0,60.0,60.0001,51.81,0.812647,0.000125,0.000105,7.6e-05,0.000143,5e-05,7.2e-05,8.2e-05,2.5e-05,8.3e-05,3.6e-05,0.000154,0.000129,9.4e-05,0.000176,8.9e-05,3.1e-05,4.4e-05,0.0,60.01,3.69,0.0,4e-06,60.0
norm_0172,Normal,3,sim_05,sim_05,5,Heavy Load 105%,PROJECT DESIGN CHOICE,Normal daytime peak load growth,train,5000.0,60.0,0.1692,True,0.9433,0.574613,0.81606,1.420189,0.0127,0.0,60.0,59.9998,51.97,0.812623,0.000137,7.1e-05,0.000106,3.5e-05,8.5e-05,6.6e-05,0.000166,3.7e-05,9.7e-05,2.6e-05,0.000169,8.7e-05,0.00013,4.3e-05,8.1e-05,4.6e-05,3.2e-05,0.0,60.01,3.59,0.0,4e-06,60.0
norm_0173,Normal,3,sim_05,sim_05,5,Heavy Load 105%,PROJECT DESIGN CHOICE,Normal daytime peak load growth,train,5000.0,60.0,0.1726,True,0.9489,0.574604,0.815585,1.419386,0.0157,0.0,60.0,59.9983,51.75,0.81261,3.2e-05,0.000106,7.6e-05,2.6e-05,4e-05,6.5e-05,0.000112,0.000138,0.000163,6.4e-05,3.9e-05,0.00013,9.4e-05,3.2e-05,8e-05,0.00017,7.9e-05,0.0,60.01,3.62,0.0,4e-06,60.0
norm_0174,Normal,3,sim_05,sim_05,5,Heavy Load 105%,PROJECT DESIGN CHOICE,Normal daytime peak load growth,train,5000.0,60.0,0.176,True,0.9502,0.574704,0.814787,1.41775,0.0103,0.0,60.0,59.9955,50.41,0.812752,0.000134,5.9e-05,9.4e-05,5.5e-05,5.7e-05,2.4e-05,9.8e-05,2.4e-05,4.6e-05,0.000132,0.000165,7.3e-05,0.000116,6.8e-05,3e-05,3e-05,0.000162,0.0,60.01,3.53,0.0,4e-06,60.0
norm_0175,Normal,3,sim_06,sim_06,6,Heavy Load 110%,PROJECT DESIGN CHOICE,Summer afternoon peak demand,test,5000.0,60.0,0.06,True,0.9621,0.566196,0.802864,1.417996,0.0115,0.0,60.0,60.001,51.77,0.80072,7.5e-05,4.9e-05,5.3e-05,3.5e-05,2.5e-05,6.9e-05,8.9e-05,0.000172,9.4e-05,0.000134,9.4e-05,6.1e-05,6.6e-05,4.4e-05,8.6e-05,0.000215,0.000167,0.0,60.01,3.54,0.0,4e-06,60.0
norm_0176,Normal,3,sim_06,sim_06,6,Heavy Load 110%,PROJECT DESIGN CHOICE,Summer afternoon peak demand,test,5000.0,60.0,0.0634,True,0.9584,0.5661,0.803344,1.419084,0.0167,0.0,60.0,59.9974,51.04,0.800584,3.9e-05,0.000105,8.6e-05,4.4e-05,0.00011,7e-05,4e-05,2.9e-05,6.4e-05,0.000152,4.9e-05,0.000131,0.000107,5.5e-05,8.7e-05,3.6e-05,0.00019,0.0,60.01,3.92,0.0,4e-06,60.0
norm_0177,Normal,3,sim_06,sim_06,6,Heavy Load 110%,PROJECT DESIGN CHOICE,Summer afternoon peak demand,test,5000.0,60.0,0.0668,True,0.9583,0.566128,0.80368,1.41961,0.0176,0.0,60.0,60.0007,51.63,0.800623,5.6e-05,0.000135,8.5e-05,2.6e-05,0.000116,3.2e-05,0.000156,6.6e-05,0.000163,6.4e-05,7e-05,0.000169,0.000106,3.2e-05,4e-05,8.2e-05,8e-05,0.0,60.01,3.64,0.0,4e-06,60.0
norm_0178,Normal,3,sim_06,sim_06,6,Heavy Load 110%,PROJECT DESIGN CHOICE,Summer afternoon peak demand,test,5000.0,60.0,0.0702,True,0.9689,0.566188,0.804159,1.420304,0.0177,0.0,60.0,59.9995,51.51,0.800708,0.0001,7.3e-05,7.7e-05,7.8e-05,1.1e-05,9.4e-05,4.1e-05,6.4e-05,7.3e-05,0.000125,0.000125,9.1e-05,9.6e-05,9.7e-05,0.000117,8e-05,0.000156,0.0,60.01,3.89,0.0,4e-06,60.0
norm_0179,Normal,3,sim_06,sim_06,6,Heavy Load 110%,PROJECT DESIGN CHOICE,Summer afternoon peak demand,test,5000.0,60.0,0.0736,True,0.9557,0.566135,0.803636,1.419512,0.0107,0.0,60.0,59.9984,51.39,0.800633,6.7e-05,6.7e-05,0.000143,4.7e-05,7.7e-05,2.6e-05,0.000142,7e-05,3.3e-05,4.5e-05,8.4e-05,8.4e-05,0.000179,5.9e-05,3.2e-05,8.7e-05,5.6e-05,0.0,60.01,3.77,0.0,4e-06,60.0
norm_0180,Normal,3,sim_06,sim_06,6,Heavy Load 110%,PROJECT DESIGN CHOICE,Summer afternoon peak demand,test,5000.0,60.0,0.077,True,0.9623,0.566095,0.804563,1.421251,0.0095,0.0,60.0,59.9997,51.74,0.800576,2.1e-05,3.4e-05,4.5e-05,5.3e-05,0.000168,4.1e-05,2.1e-05,4.4e-05,7.1e-05,0.000143,2.6e-05,4.2e-05,5.6e-05,6.6e-05,5.1e-05,5.5e-05,0.000179,0.0,60.01,3.52,0.0,4e-06,60.0
norm_0181,Normal,3,sim_06,sim_06,6,Heavy Load 110%,PROJECT DESIGN CHOICE,Summer afternoon peak demand,test,5000.0,60.0,0.0804,True,0.9601,0.566129,0.802703,1.417879,0.0149,0.0,60.0,59.9981,51.21,0.800625,0.000103,5.3e-05,1.6e-05,0.000104,6.3e-05,2.6e-05,8.5e-05,0.000114,9.5e-05,0.000162,0.000129,6.6e-05,2e-05,0.00013,3.2e-05,0.000142,0.000202,0.0,60.01,3.68,0.0,4e-06,60.0
norm_0182,Normal,3,sim_06,sim_06,6,Heavy Load 110%,PROJECT DESIGN CHOICE,Summer afternoon peak demand,test,5000.0,60.0,0.0838,True,0.961,0.56621,0.803149,1.418465,0.0169,0.0,60.0,59.9998,51.64,0.800739,0.000108,6.3e-05,6e-05,9.3e-05,2.9e-05,7.6e-05,4.7e-05,0.000137,4.8e-05,6.8e-05,0.000135,7.9e-05,7.5e-05,0.000116,9.5e-05,0.000171,8.5e-05,0.0,60.01,3.77,0.0,4e-06,60.0
norm_0183,Normal,3,sim_06,sim_06,6,Heavy Load 110%,PROJECT DESIGN CHOICE,Summer afternoon peak demand,test,5000.0,60.0,0.0872,True,0.9685,0.566123,0.802304,1.41719,0.0222,0.0,60.0,60.0009,51.77,0.800616,0.000145,5.4e-05,0.000118,9.2e-05,0.000103,0.000142,6.4e-05,0.000182,7.6e-05,3.5e-05,0.000181,6.7e-05,0.000147,0.000115,0.000177,0.000227,4.4e-05,0.0,60.01,3.61,0.0,4e-06,60.0
norm_0184,Normal,3,sim_06,sim_06,6,Heavy Load 110%,PROJECT DESIGN CHOICE,Summer afternoon peak demand,test,5000.0,60.0,0.0908,True,0.9658,0.566074,0.804133,1.420545,0.0223,0.0,60.0,59.9998,51.28,0.800546,0.000105,0.000105,6.7e-05,0.000123,7.1e-05,7.6e-05,8.2e-05,0.000132,9.3e-05,9.6e-05,0.000131,0.000131,8.4e-05,0.000154,9.5e-05,0.000165,0.00012,0.0,60.01,3.87,0.0,4e-06,60.0
norm_0185,Normal,3,sim_06,sim_06,6,Heavy Load 110%,PROJECT DESIGN CHOICE,Summer afternoon peak demand,test,5000.0,60.0,0.0942,True,0.967,0.566141,0.804147,1.420402,0.0233,0.0,60.0,59.9999,51.62,0.800641,5e-05,3.9e-05,4.4e-05,0.00017,0.000212,6.7e-05,0.000153,0.000109,0.000114,0.000193,6.2e-05,4.9e-05,5.5e-05,0.000212,8.4e-05,0.000136,0.000241,0.0,60.01,3.64,0.0,4e-06,60.0
norm_0186,Normal,3,sim_06,sim_06,6,Heavy Load 110%,PROJECT DESIGN CHOICE,Summer afternoon peak demand,test,5000.0,60.0,0.0976,True,0.9588,0.566152,0.804099,1.420287,0.0186,0.0,60.0,60.0008,51.52,0.800657,3.8e-05,8.5e-05,0.000103,0.000112,2.4e-05,5e-05,0.000106,0.000194,5.1e-05,0.000123,4.7e-05,0.000106,0.000129,0.00014,6.2e-05,0.000242,0.000154,0.0,60.01,3.71,0.0,4e-06,60.0
norm_0187,Normal,3,sim_06,sim_06,6,Heavy Load 110%,PROJECT DESIGN CHOICE,Summer afternoon peak demand,test,5000.0,60.0,0.101,True,0.9657,0.566091,0.802701,1.417973,0.0218,0.0,60.0,59.9995,51.6,0.80057,9.5e-05,5.2e-05,5.7e-05,0.000155,3.1e-05,6e-05,0.00014,0.000113,0.000114,0.000145,0.000119,6.5e-05,7.1e-05,0.000194,7.5e-05,0.000141,0.000181,0.0,60.01,3.58,0.0,4e-06,60.0
norm_0188,Normal,3,sim_06,sim_06,6,Heavy Load 110%,PROJECT DESIGN CHOICE,Summer afternoon peak demand,test,5000.0,60.0,0.1044,True,0.9594,0.566224,0.803185,1.418495,0.0101,0.0,60.0,59.9998,51.88,0.800758,0.00021,4.3e-05,4.5e-05,6.2e-05,8.4e-05,2.7e-05,0.00011,0.000144,6.8e-05,0.000192,0.000262,5.4e-05,5.6e-05,7.7e-05,3.4e-05,0.00018,0.00024,0.0,60.01,3.4,0.0,4e-06,60.0
norm_0189,Normal,3,sim_06,sim_06,6,Heavy Load 110%,PROJECT DESIGN CHOICE,Summer afternoon peak demand,test,5000.0,60.0,0.1078,True,0.9596,0.566079,0.802955,1.41845,0.0186,0.0,60.0,60.0015,51.63,0.800554,0.000141,9.1e-05,0.000114,6.9e-05,0.00016,9.6e-05,3.7e-05,0.000126,3.2e-05,5.8e-05,0.000176,0.000114,0.000142,8.6e-05,0.00012,0.000157,7.2e-05,0.0,60.01,3.57,0.0,4e-06,60.0
norm_0190,Normal,3,sim_06,sim_06,6,Heavy Load 110%,PROJECT DESIGN CHOICE,Summer afternoon peak demand,test,5000.0,60.0,0.1112,True,0.9537,0.566183,0.805521,1.422723,0.0182,0.0,60.0,59.9982,51.31,0.8007,0.000153,0.000118,4.4e-05,6.2e-05,0.000107,5.8e-05,0.000179,3e-05,2.1e-05,8.9e-05,0.000191,0.000147,5.5e-05,7.7e-05,7.2e-05,3.7e-05,0.000111,0.0,60.01,3.74,0.0,4e-06,60.0
norm_0191,Normal,3,sim_06,sim_06,6,Heavy Load 110%,PROJECT DESIGN CHOICE,Summer afternoon peak demand,test,5000.0,60.0,0.1146,True,0.9596,0.566205,0.804291,1.420495,0.0215,0.0,60.0,59.9988,51.68,0.800732,6.2e-05,8.5e-05,2e-05,5.9e-05,0.000114,0.000138,0.00015,0.000114,8.9e-05,0.000146,7.7e-05,0.000106,2.5e-05,7.4e-05,0.000172,0.000142,0.000182,0.0,60.01,3.52,0.0,4e-06,60.0
norm_0192,Normal,3,sim_06,sim_06,6,Heavy Load 110%,PROJECT DESIGN CHOICE,Summer afternoon peak demand,test,5000.0,60.0,0.118,True,0.9676,0.566144,0.804184,1.420458,0.0153,0.0,60.0,59.9988,51.47,0.800646,0.000172,4.4e-05,7.7e-05,7e-06,4.6e-05,0.000114,2.9e-05,0.000152,9e-06,3.7e-05,0.000215,5.5e-05,9.6e-05,9e-06,0.000142,0.00019,4.6e-05,0.0,60.01,3.59,0.0,4e-06,60.0
norm_0193,Normal,3,sim_06,sim_06,6,Heavy Load 110%,PROJECT DESIGN CHOICE,Summer afternoon peak demand,test,5000.0,60.0,0.1214,True,0.9637,0.56618,0.803559,1.419265,0.019,0.0,60.0,59.9988,51.55,0.800697,6e-05,5.7e-05,0.000186,0.00013,8.7e-05,5.5e-05,0.000103,9.5e-05,5.8e-05,0.000123,7.5e-05,7.1e-05,0.000232,0.000162,6.9e-05,0.000119,0.000154,0.0,60.01,3.65,0.0,4e-06,60.0
norm_0194,Normal,3,sim_06,sim_06,6,Heavy Load 110%,PROJECT DESIGN CHOICE,Summer afternoon peak demand,test,5000.0,60.0,0.1248,True,0.9576,0.566179,0.803249,1.418717,0.016,0.0,60.0,59.9989,51.52,0.800696,5.7e-05,4.6e-05,5.1e-05,9e-05,9.8e-05,7.9e-05,0.000136,8.6e-05,6.2e-05,9.8e-05,7.1e-05,5.7e-05,6.4e-05,0.000112,9.9e-05,0.000107,0.000122,0.0,60.01,3.68,0.0,4e-06,60.0
norm_0195,Normal,3,sim_06,sim_06,6,Heavy Load 110%,PROJECT DESIGN CHOICE,Summer afternoon peak demand,test,5000.0,60.0,0.1282,True,0.9598,0.566213,0.80381,1.419626,0.0188,0.0,60.0,60.0017,51.37,0.800743,0.000106,2e-05,9.5e-05,0.000115,0.000102,9.5e-05,8.4e-05,0.000122,0.000161,9.8e-05,0.000132,2.5e-05,0.000119,0.000144,0.000119,0.000152,0.000122,0.0,60.01,3.66,0.0,4e-06,60.0
norm_0196,Normal,3,sim_06,sim_06,6,Heavy Load 110%,PROJECT DESIGN CHOICE,Summer afternoon peak demand,test,5000.0,60.0,0.1316,True,0.9585,0.566246,0.803819,1.419558,0.0165,0.0,60.0,60.0013,51.75,0.80079,5.6e-05,2.7e-05,4.7e-05,9.4e-05,4.7e-05,8.8e-05,4.4e-05,0.000116,0.000142,9e-05,7e-05,3.4e-05,5.9e-05,0.000117,0.00011,0.000145,0.000112,0.0,60.01,3.6,0.0,4e-06,60.0
norm_0197,Normal,3,sim_06,sim_06,6,Heavy Load 110%,PROJECT DESIGN CHOICE,Summer afternoon peak demand,test,5000.0,60.0,0.135,True,0.9603,0.566136,0.802967,1.418329,0.0087,0.0,60.0,59.9998,51.83,0.800635,5.7e-05,1.2e-05,6.3e-05,6.5e-05,7.8e-05,2.2e-05,9e-06,0.000115,2.5e-05,5.7e-05,7.1e-05,1.5e-05,7.9e-05,8.1e-05,2.7e-05,0.000144,7.1e-05,0.0,60.01,3.6,0.0,4e-06,60.0
norm_0198,Normal,3,sim_06,sim_06,6,Heavy Load 110%,PROJECT DESIGN CHOICE,Summer afternoon peak demand,test,5000.0,60.0,0.1384,True,0.9638,0.566179,0.80468,1.421246,0.0099,0.0,60.0,59.9992,51.65,0.800695,9.4e-05,5.3e-05,0.000113,2.9e-05,0.000106,5.2e-05,7.8e-05,9.5e-05,4.4e-05,0.000193,0.000117,6.6e-05,0.000141,3.6e-05,6.5e-05,0.000119,0.000241,0.0,60.01,3.64,0.0,4e-06,60.0
norm_0199,Normal,3,sim_06,sim_06,6,Heavy Load 110%,PROJECT DESIGN CHOICE,Summer afternoon peak demand,test,5000.0,60.0,0.1418,True,0.9635,0.566179,0.803398,1.418981,0.0224,0.0,60.0,60.0016,51.29,0.800696,0.000119,0.00011,2.9e-05,1.6e-05,4.6e-05,0.000141,2.7e-05,0.000127,0.000133,0.000195,0.000149,0.000137,3.6e-05,2e-05,0.000176,0.000159,0.000244,0.0,60.01,3.71,0.0,4e-06,60.0
norm_0200,Normal,3,sim_06,sim_06,6,Heavy Load 110%,PROJECT DESIGN CHOICE,Summer afternoon peak demand,test,5000.0,60.0,0.1452,True,0.9542,0.566101,0.802402,1.417418,0.0155,0.0,60.0,60.0029,50.89,0.800585,7.1e-05,9.6e-05,0.00011,7.2e-05,7.1e-05,3.3e-05,0.000103,8.7e-05,0.000121,9.9e-05,8.9e-05,0.00012,0.000137,9e-05,4.1e-05,0.000109,0.000124,0.0,60.01,3.64,0.0,4e-06,60.0
norm_0201,Normal,3,sim_06,sim_06,6,Heavy Load 110%,PROJECT DESIGN CHOICE,Summer afternoon peak demand,test,5000.0,60.0,0.1488,True,0.9645,0.566068,0.802164,1.417082,0.019,0.0,60.0,59.9995,51.57,0.800538,8.2e-05,7.3e-05,6e-05,8.7e-05,0.000153,0.000101,0.000123,5.8e-05,0.000108,8.5e-05,0.000102,9.1e-05,7.5e-05,0.000109,0.000126,7.2e-05,0.000106,0.0,60.01,3.63,0.0,4e-06,60.0
norm_0202,Normal,3,sim_06,sim_06,6,Heavy Load 110%,PROJECT DESIGN CHOICE,Summer afternoon peak demand,test,5000.0,60.0,0.1522,True,0.9621,0.566154,0.802837,1.418054,0.0204,0.0,60.0,59.9994,51.6,0.80066,3.4e-05,0.000128,9.2e-05,5.7e-05,0.000151,8.3e-05,4.2e-05,7e-05,0.000115,4.6e-05,4.2e-05,0.00016,0.000115,7.1e-05,0.000104,8.7e-05,5.7e-05,0.0,60.01,3.71,0.0,4e-06,60.0
norm_0203,Normal,3,sim_06,sim_06,6,Heavy Load 110%,PROJECT DESIGN CHOICE,Summer afternoon peak demand,test,5000.0,60.0,0.1556,True,0.9588,0.566129,0.802516,1.41755,0.0113,0.0,60.0,59.9973,51.13,0.800625,6.4e-05,4.2e-05,3.2e-05,4.8e-05,9.3e-05,6.5e-05,8.2e-05,4.4e-05,9.5e-05,0.000142,8e-05,5.2e-05,4e-05,6e-05,8.1e-05,5.5e-05,0.000177,0.0,60.01,3.61,0.0,4e-06,60.0
norm_0204,Normal,3,sim_06,sim_06,6,Heavy Load 110%,PROJECT DESIGN CHOICE,Summer afternoon peak demand,test,5000.0,60.0,0.159,True,0.9557,0.566213,0.803506,1.419088,0.0156,0.0,60.0,60.0021,50.94,0.800743,0.000101,8e-05,4.4e-05,4.4e-05,7.8e-05,8.5e-05,0.000178,5.5e-05,2.5e-05,0.000122,0.000126,0.0001,5.5e-05,5.5e-05,0.000106,6.9e-05,0.000152,0.0,60.01,3.74,0.0,4e-06,60.0
norm_0205,Normal,3,sim_06,sim_06,6,Heavy Load 110%,PROJECT DESIGN CHOICE,Summer afternoon peak demand,test,5000.0,60.0,0.1624,True,0.9713,0.56612,0.803114,1.41863,0.0089,0.0,60.0,59.9987,51.48,0.800611,8.2e-05,5.1e-05,6.8e-05,1.5e-05,8.8e-05,4.8e-05,0.000108,2.4e-05,4.8e-05,0.000125,0.000102,6.4e-05,8.5e-05,1.9e-05,6e-05,3e-05,0.000156,0.0,60.01,3.6,0.0,4e-06,60.0
norm_0206,Normal,3,sim_06,sim_06,6,Heavy Load 110%,PROJECT DESIGN CHOICE,Summer afternoon peak demand,test,5000.0,60.0,0.1658,True,0.9701,0.56605,0.803772,1.419967,0.0304,0.0,60.0,60.0027,51.2,0.800512,0.000147,0.000151,0.000106,5.8e-05,7.2e-05,0.000182,3.1e-05,0.000143,0.000179,5.2e-05,0.000184,0.000189,0.000132,7.2e-05,0.000227,0.000179,6.5e-05,0.0,60.01,3.66,0.0,4e-06,60.0
norm_0207,Normal,3,sim_06,sim_06,6,Heavy Load 110%,PROJECT DESIGN CHOICE,Summer afternoon peak demand,test,5000.0,60.0,0.1692,True,0.9615,0.566128,0.803613,1.419491,0.018,0.0,60.0,60.0026,51.34,0.800623,0.000138,3e-05,8.9e-05,0.000138,4e-05,2.9e-05,0.000129,4.2e-05,0.000143,9.5e-05,0.000172,3.7e-05,0.000111,0.000172,3.6e-05,5.2e-05,0.000119,0.0,60.01,3.65,0.0,4e-06,60.0
norm_0208,Normal,3,sim_06,sim_06,6,Heavy Load 110%,PROJECT DESIGN CHOICE,Summer afternoon peak demand,test,5000.0,60.0,0.1726,True,0.9628,0.566164,0.803705,1.419561,0.0344,0.0,60.0,60.0,51.95,0.800675,3.3e-05,8.4e-05,5e-05,0.000198,9e-05,0.000172,5.1e-05,2.3e-05,4.8e-05,0.000104,4.1e-05,0.000105,6.2e-05,0.000247,0.000215,2.9e-05,0.00013,0.0,60.01,3.48,0.0,4e-06,60.0
norm_0209,Normal,3,sim_06,sim_06,6,Heavy Load 110%,PROJECT DESIGN CHOICE,Summer afternoon peak demand,test,5000.0,60.0,0.176,True,0.9617,0.566146,0.802969,1.418308,0.0337,0.0,60.0,59.9998,51.79,0.800648,3.7e-05,0.000192,7.2e-05,0.000177,2.7e-05,6.6e-05,3.9e-05,0.000139,8.6e-05,1.9e-05,4.6e-05,0.00024,9e-05,0.000221,8.2e-05,0.000174,2.4e-05,0.0,60.01,3.59,0.0,4e-06,60.0
norm_0210,Normal,3,sim_07,sim_07,7,Heavy Load 115%,PROJECT DESIGN CHOICE,Maximum normal continuous system loading,val,5000.0,60.0,0.06,True,0.9737,0.552382,0.785562,1.422133,0.0187,0.0,60.0,60.0016,51.66,0.781184,8.3e-05,0.000116,6.4e-05,2.7e-05,3.5e-05,8.4e-05,0.000112,5.2e-05,0.00013,4.6e-05,0.000106,0.000148,8.2e-05,3.5e-05,0.000108,6.7e-05,5.9e-05,0.0,60.01,3.46,0.0,4e-06,60.0
norm_0211,Normal,3,sim_07,sim_07,7,Heavy Load 115%,PROJECT DESIGN CHOICE,Maximum normal continuous system loading,val,5000.0,60.0,0.0634,True,0.9728,0.552443,0.786098,1.422949,0.0257,0.0,60.0,60.0026,51.03,0.78127,3.6e-05,7.6e-05,9.5e-05,7.1e-05,8.6e-05,0.000172,0.000108,4.6e-05,7.2e-05,5.2e-05,4.6e-05,9.7e-05,0.000122,9.1e-05,0.00022,5.9e-05,6.7e-05,0.0,60.01,3.78,0.0,4e-06,60.0
norm_0212,Normal,3,sim_07,sim_07,7,Heavy Load 115%,PROJECT DESIGN CHOICE,Maximum normal continuous system loading,val,5000.0,60.0,0.0668,True,0.9789,0.552397,0.78453,1.42023,0.0246,0.0,60.0,59.9996,51.72,0.781204,2.6e-05,6.1e-05,0.000158,0.000173,0.000131,5.9e-05,0.00012,0.000121,0.000124,0.000126,3.3e-05,7.8e-05,0.000202,0.000221,7.6e-05,0.000155,0.000161,0.0,60.01,3.55,0.0,4e-06,60.0
norm_0213,Normal,3,sim_07,sim_07,7,Heavy Load 115%,PROJECT DESIGN CHOICE,Maximum normal continuous system loading,val,5000.0,60.0,0.0702,True,0.9712,0.552385,0.78444,1.420097,0.0191,0.0,60.0,59.9992,51.33,0.781187,9.9e-05,6e-05,0.000136,8.4e-05,6.8e-05,0.000107,3.3e-05,0.000151,0.000201,2.4e-05,0.000127,7.7e-05,0.000174,0.000108,0.000137,0.000193,3.1e-05,0.0,60.01,3.72,0.0,4e-06,60.0
norm_0214,Normal,3,sim_07,sim_07,7,Heavy Load 115%,PROJECT DESIGN CHOICE,Maximum normal continuous system loading,val,5000.0,60.0,0.0736,True,0.9733,0.552496,0.783084,1.417357,0.0192,0.0,60.0,59.9996,51.6,0.781345,3.8e-05,0.000116,0.000125,3.2e-05,7.4e-05,9e-05,0.000102,1.5e-05,5.5e-05,4.7e-05,4.9e-05,0.000148,0.00016,4.1e-05,0.000115,1.9e-05,6e-05,0.0,60.01,3.77,0.0,4e-06,60.0
norm_0215,Normal,3,sim_07,sim_07,7,Heavy Load 115%,PROJECT DESIGN CHOICE,Maximum normal continuous system loading,val,5000.0,60.0,0.077,True,0.9701,0.55237,0.785599,1.422235,0.0301,0.0,60.0,59.9999,51.4,0.781166,0.000101,0.000191,0.000127,0.000118,0.00022,7e-05,0.000147,0.000116,9.3e-05,5.6e-05,0.000129,0.000245,0.000163,0.000151,9e-05,0.000148,7.2e-05,0.0,60.01,3.71,0.0,4e-06,60.0
norm_0216,Normal,3,sim_07,sim_07,7,Heavy Load 115%,PROJECT DESIGN CHOICE,Maximum normal continuous system loading,val,5000.0,60.0,0.0804,True,0.9768,0.552463,0.783309,1.417848,0.0335,0.0,60.0,59.9975,50.83,0.781298,0.000138,0.000108,2.4e-05,0.000173,7e-05,0.000164,5.3e-05,0.000124,4.1e-05,0.000101,0.000177,0.000138,3.1e-05,0.000221,0.00021,0.000159,0.000129,0.0,60.01,3.84,0.0,5e-06,60.0
norm_0217,Normal,3,sim_07,sim_07,7,Heavy Load 115%,PROJECT DESIGN CHOICE,Maximum normal continuous system loading,val,5000.0,60.0,0.0838,True,0.9746,0.552408,0.783193,1.417781,0.0283,0.0,60.0,59.9998,51.5,0.78122,6.1e-05,0.000161,5.7e-05,0.000148,0.000126,3.3e-05,9e-06,4.7e-05,6.2e-05,0.000119,7.8e-05,0.000206,7.3e-05,0.000189,4.2e-05,6e-05,0.000152,0.0,60.01,3.78,0.0,4e-06,60.0
norm_0218,Normal,3,sim_07,sim_07,7,Heavy Load 115%,PROJECT DESIGN CHOICE,Maximum normal continuous system loading,val,5000.0,60.0,0.0872,True,0.9669,0.552336,0.783276,1.418114,0.0218,0.0,60.0,59.9991,51.17,0.781119,0.000117,0.000147,6e-05,7.2e-05,0.000165,4.7e-05,4.2e-05,4.2e-05,8.2e-05,8.9e-05,0.00015,0.000188,7.7e-05,9.2e-05,6e-05,5.4e-05,0.000114,0.0,60.01,3.81,0.0,4e-06,60.0
norm_0219,Normal,3,sim_07,sim_07,7,Heavy Load 115%,PROJECT DESIGN CHOICE,Maximum normal continuous system loading,val,5000.0,60.0,0.0908,True,0.9757,0.552458,0.783724,1.418613,0.0205,0.0,60.0,60.0,51.75,0.781291,2.9e-05,0.00011,7.2e-05,0.000113,8.9e-05,3.1e-05,9.7e-05,6.6e-05,0.000109,0.000134,3.7e-05,0.000141,9.2e-05,0.000145,4e-05,8.4e-05,0.000172,0.0,60.01,3.74,0.0,4e-06,60.0
norm_0220,Normal,3,sim_07,sim_07,7,Heavy Load 115%,PROJECT DESIGN CHOICE,Maximum normal continuous system loading,val,5000.0,60.0,0.0942,True,0.9822,0.552446,0.783859,1.418889,0.0168,0.0,60.0,60.0002,51.38,0.781274,5e-05,4.4e-05,6.5e-05,2.7e-05,6.6e-05,0.000121,0.000174,0.000159,0.000149,3e-05,6.4e-05,5.6e-05,8.3e-05,3.5e-05,0.000155,0.000204,3.8e-05,0.0,60.01,3.8,0.0,4e-06,60.0
norm_0221,Normal,3,sim_07,sim_07,7,Heavy Load 115%,PROJECT DESIGN CHOICE,Maximum normal continuous system loading,val,5000.0,60.0,0.0976,True,0.9759,0.552448,0.783628,1.418464,0.0218,0.0,60.0,59.9998,51.47,0.781277,8e-05,5.6e-05,7.9e-05,4.9e-05,8.9e-05,0.000154,8.7e-05,9.1e-05,3.9e-05,0.000146,0.000102,7.2e-05,0.000101,6.3e-05,0.000197,0.000116,0.000187,0.0,60.01,3.63,0.0,4e-06,60.0
norm_0222,Normal,3,sim_07,sim_07,7,Heavy Load 115%,PROJECT DESIGN CHOICE,Maximum normal continuous system loading,val,5000.0,60.0,0.101,True,0.9647,0.552453,0.783626,1.418447,0.0246,0.0,60.0,59.9969,50.76,0.781284,7.3e-05,0.000122,0.000136,0.000107,0.000101,0.000103,8.4e-05,8.3e-05,0.000104,2.3e-05,9.3e-05,0.000156,0.000174,0.000137,0.000132,0.000106,2.9e-05,0.0,60.01,3.78,0.0,4e-06,60.0
norm_0223,Normal,3,sim_07,sim_07,7,Heavy Load 115%,PROJECT DESIGN CHOICE,Maximum normal continuous system loading,val,5000.0,60.0,0.1044,True,0.9818,0.552463,0.78374,1.418629,0.0338,0.0,60.0,60.0006,51.56,0.781298,5.8e-05,0.000104,5.3e-05,0.000233,7.3e-05,6.8e-05,7e-05,9e-06,9.3e-05,2.1e-05,7.4e-05,0.000133,6.8e-05,0.000298,8.7e-05,1.2e-05,2.7e-05,0.0,60.01,3.76,0.0,4e-06,60.0
norm_0224,Normal,3,sim_07,sim_07,7,Heavy Load 115%,PROJECT DESIGN CHOICE,Maximum normal continuous system loading,val,5000.0,60.0,0.1078,True,0.972,0.552432,0.783615,1.418483,0.0196,0.0,60.0,60.0011,51.42,0.781254,9.6e-05,3.8e-05,2.1e-05,9.9e-05,0.000115,0.000111,2.8e-05,0.00012,6e-05,3.1e-05,0.000123,4.9e-05,2.7e-05,0.000127,0.000142,0.000154,4e-05,0.0,60.01,3.65,0.0,4e-06,60.0
norm_0225,Normal,3,sim_07,sim_07,7,Heavy Load 115%,PROJECT DESIGN CHOICE,Maximum normal continuous system loading,val,5000.0,60.0,0.1112,True,0.9755,0.552453,0.785546,1.421924,0.0201,0.0,60.0,59.9996,51.55,0.781283,0.000181,0.000102,0.000192,0.000118,0.000154,1.6e-05,8.1e-05,8.1e-05,4.7e-05,6.7e-05,0.000232,0.000131,0.000246,0.000151,2e-05,0.000104,8.6e-05,0.0,60.01,3.6,0.0,4e-06,60.0
norm_0226,Normal,3,sim_07,sim_07,7,Heavy Load 115%,PROJECT DESIGN CHOICE,Maximum normal continuous system loading,val,5000.0,60.0,0.1146,True,0.9691,0.552377,0.783348,1.418141,0.0278,0.0,60.0,60.0005,51.14,0.781176,9.3e-05,0.000121,0.000105,0.000111,5.5e-05,0.000143,9.9e-05,8.8e-05,3.2e-05,0.000118,0.000119,0.000155,0.000134,0.000142,0.000183,0.000113,0.000151,0.0,60.01,3.92,0.0,5e-06,60.0
norm_0227,Normal,3,sim_07,sim_07,7,Heavy Load 115%,PROJECT DESIGN CHOICE,Maximum normal continuous system loading,val,5000.0,60.0,0.118,True,0.9732,0.552452,0.784172,1.419438,0.0254,0.0,60.0,60.0002,51.2,0.781283,7.1e-05,8.1e-05,8.5e-05,0.000151,6.7e-05,0.000101,5.3e-05,6.3e-05,0.000117,8.4e-05,9.1e-05,0.000104,0.000109,0.000193,0.000129,8.1e-05,0.000108,0.0,60.01,3.88,0.0,4e-06,60.0
norm_0228,Normal,3,sim_07,sim_07,7,Heavy Load 115%,PROJECT DESIGN CHOICE,Maximum normal continuous system loading,val,5000.0,60.0,0.1214,True,0.9724,0.552423,0.784463,1.42004,0.0193,0.0,60.0,59.9994,51.38,0.781241,0.000101,3.1e-05,7.8e-05,0.00013,0.000105,7e-05,3.4e-05,0.000132,4.2e-05,9.5e-05,0.000129,4e-05,0.0001,0.000166,9e-05,0.000169,0.000122,0.0,60.01,3.75,0.0,4e-06,60.0
norm_0229,Normal,3,sim_07,sim_07,7,Heavy Load 115%,PROJECT DESIGN CHOICE,Maximum normal continuous system loading,val,5000.0,60.0,0.1248,True,0.9746,0.552453,0.783082,1.417463,0.0181,0.0,60.0,60.0006,51.22,0.781284,3.5e-05,0.00011,5.6e-05,7.1e-05,7.7e-05,5.4e-05,7e-05,0.000121,0.000159,7.8e-05,4.5e-05,0.000141,7.2e-05,9.1e-05,6.9e-05,0.000155,0.0001,0.0,60.01,3.79,0.0,4e-06,60.0
norm_0230,Normal,3,sim_07,sim_07,7,Heavy Load 115%,PROJECT DESIGN CHOICE,Maximum normal continuous system loading,val,5000.0,60.0,0.1282,True,0.9694,0.552446,0.78432,1.419723,0.032,0.0,60.0,59.9973,51.25,0.781274,0.000186,3.6e-05,2.8e-05,0.000128,0.000104,0.000212,9.5e-05,5.9e-05,0.000136,2.6e-05,0.000238,4.6e-05,3.6e-05,0.000164,0.000271,7.6e-05,3.3e-05,0.0,60.01,3.72,0.0,4e-06,60.0
norm_0231,Normal,3,sim_07,sim_07,7,Heavy Load 115%,PROJECT DESIGN CHOICE,Maximum normal continuous system loading,val,5000.0,60.0,0.1316,True,0.9632,0.552387,0.784002,1.419298,0.0186,0.0,60.0,59.9998,51.52,0.781191,0.000121,0.000111,7e-06,7.9e-05,0.000129,5.2e-05,6e-05,5.5e-05,4e-05,5.9e-05,0.000155,0.000142,9e-06,0.000101,6.7e-05,7e-05,7.6e-05,0.0,60.01,3.75,0.0,4e-06,60.0
norm_0232,Normal,3,sim_07,sim_07,7,Heavy Load 115%,PROJECT DESIGN CHOICE,Maximum normal continuous system loading,val,5000.0,60.0,0.135,True,0.9784,0.552352,0.783119,1.417791,0.0217,0.0,60.0,60.0002,51.44,0.78114,0.000131,0.000109,2.8e-05,7.6e-05,6.9e-05,0.000105,0.000131,0.000111,0.000145,7.9e-05,0.000168,0.00014,3.6e-05,9.7e-05,0.000134,0.000142,0.000101,0.0,60.01,3.67,0.0,4e-06,60.0
norm_0233,Normal,3,sim_07,sim_07,7,Heavy Load 115%,PROJECT DESIGN CHOICE,Maximum normal continuous system loading,val,5000.0,60.0,0.1384,True,0.9743,0.552409,0.784113,1.419442,0.0158,0.0,60.0,60.0023,51.04,0.781221,9.9e-05,5e-05,8.6e-05,4.2e-05,0.000127,0.000105,0.000136,8.6e-05,3.4e-05,0.000107,0.000127,6.4e-05,0.00011,5.4e-05,0.000134,0.00011,0.000137,0.0,60.01,3.84,0.0,4e-06,60.0
norm_0234,Normal,3,sim_07,sim_07,7,Heavy Load 115%,PROJECT DESIGN CHOICE,Maximum normal continuous system loading,val,5000.0,60.0,0.1418,True,0.9729,0.552392,0.783826,1.418967,0.032,0.0,60.0,59.9993,51.35,0.781197,3.1e-05,0.000128,4.7e-05,0.000204,0.000125,6.5e-05,2.5e-05,4.7e-05,0.000137,6e-05,4e-05,0.000164,6e-05,0.000261,8.3e-05,6e-05,7.7e-05,0.0,60.01,3.68,0.0,4e-06,60.0
norm_0235,Normal,3,sim_07,sim_07,7,Heavy Load 115%,PROJECT DESIGN CHOICE,Maximum normal continuous system loading,val,5000.0,60.0,0.1452,True,0.9743,0.552414,0.78346,1.418249,0.0294,0.0,60.0,60.0018,51.15,0.781228,5e-06,0.000113,8.4e-05,0.000171,9e-06,0.000104,0.000114,8e-06,0.000109,6e-05,6e-06,0.000145,0.000108,0.000219,0.000133,1e-05,7.7e-05,0.0,60.01,3.66,0.0,4e-06,60.0
norm_0236,Normal,3,sim_07,sim_07,7,Heavy Load 115%,PROJECT DESIGN CHOICE,Maximum normal continuous system loading,val,5000.0,60.0,0.1488,True,0.9806,0.552373,0.783405,1.418254,0.0162,0.0,60.0,59.999,51.34,0.781171,5.1e-05,0.000118,8.7e-05,3.7e-05,7e-06,2.3e-05,9.3e-05,3.6e-05,0.000138,3.7e-05,6.5e-05,0.000151,0.000111,4.7e-05,2.9e-05,4.6e-05,4.7e-05,0.0,60.01,3.8,0.0,4e-06,60.0
norm_0237,Normal,3,sim_07,sim_07,7,Heavy Load 115%,PROJECT DESIGN CHOICE,Maximum normal continuous system loading,val,5000.0,60.0,0.1522,True,0.9752,0.552409,0.784013,1.419262,0.0197,0.0,60.0,60.0,51.55,0.781222,0.00011,2.9e-05,0.000201,0.000144,0.000108,4.8e-05,4.2e-05,0.000126,0.000102,6.5e-05,0.000141,3.7e-05,0.000257,0.000184,6.1e-05,0.000161,8.3e-05,0.0,60.01,3.75,0.0,4e-06,60.0
norm_0238,Normal,3,sim_07,sim_07,7,Heavy Load 115%,PROJECT DESIGN CHOICE,Maximum normal continuous system loading,val,5000.0,60.0,0.1556,True,0.9738,0.552431,0.784433,1.419965,0.0139,0.0,60.0,60.0009,50.94,0.781253,0.000146,5.2e-05,8.9e-05,7.6e-05,9.9e-05,5.6e-05,5.4e-05,0.000149,3.8e-05,4.5e-05,0.000187,6.7e-05,0.000114,9.7e-05,7.2e-05,0.000191,5.8e-05,0.0,60.01,4.01,0.0,5e-06,60.0
norm_0239,Normal,3,sim_07,sim_07,7,Heavy Load 115%,PROJECT DESIGN CHOICE,Maximum normal continuous system loading,val,5000.0,60.0,0.159,True,0.9716,0.552448,0.782785,1.416939,0.0139,0.0,60.0,59.9996,51.31,0.781276,4.9e-05,5.8e-05,0.000141,2e-05,4.2e-05,9e-05,5e-05,0.0001,0.000165,3.1e-05,6.3e-05,7.4e-05,0.00018,2.6e-05,0.000115,0.000128,4e-05,0.0,60.01,3.83,0.0,4e-06,60.0
norm_0240,Normal,3,sim_07,sim_07,7,Heavy Load 115%,PROJECT DESIGN CHOICE,Maximum normal continuous system loading,val,5000.0,60.0,0.1624,True,0.9865,0.552402,0.784029,1.419308,0.0192,0.0,60.0,60.0005,51.37,0.781212,8e-05,0.000106,5.4e-05,9.7e-05,8.2e-05,4.3e-05,0.000194,0.000123,4.6e-05,0.000146,0.000102,0.000136,6.9e-05,0.000124,5.5e-05,0.000157,0.000187,0.0,60.01,3.67,0.0,4e-06,60.0
norm_0241,Normal,3,sim_07,sim_07,7,Heavy Load 115%,PROJECT DESIGN CHOICE,Maximum normal continuous system loading,val,5000.0,60.0,0.1658,True,0.9751,0.552425,0.783066,1.417506,0.0261,0.0,60.0,60.0,51.62,0.781244,0.000121,0.000169,4.7e-05,9.6e-05,4.1e-05,6.3e-05,7.5e-05,5.9e-05,3.5e-05,9.3e-05,0.000155,0.000216,6e-05,0.000123,8.1e-05,7.6e-05,0.000119,0.0,60.01,3.75,0.0,4e-06,60.0
norm_0242,Normal,3,sim_07,sim_07,7,Heavy Load 115%,PROJECT DESIGN CHOICE,Maximum normal continuous system loading,val,5000.0,60.0,0.1692,True,0.9722,0.552397,0.7845,1.420174,0.0196,0.0,60.0,60.0005,51.47,0.781205,0.000115,8.9e-05,0.000102,8.1e-05,6.5e-05,9.4e-05,8.4e-05,7.6e-05,7.5e-05,4.5e-05,0.000147,0.000114,0.000131,0.000104,0.00012,9.7e-05,5.8e-05,0.0,60.01,3.7,0.0,4e-06,60.0
norm_0243,Normal,3,sim_07,sim_07,7,Heavy Load 115%,PROJECT DESIGN CHOICE,Maximum normal continuous system loading,val,5000.0,60.0,0.1726,True,0.9788,0.552368,0.783388,1.418235,0.0201,0.0,60.0,59.9983,51.22,0.781164,0.000146,0.000145,5.1e-05,3.6e-05,0.000101,4.7e-05,8.5e-05,6.9e-05,1.7e-05,0.000134,0.000187,0.000186,6.5e-05,4.6e-05,6e-05,8.8e-05,0.000172,0.0,60.01,3.87,0.0,4e-06,60.0
norm_0244,Normal,3,sim_07,sim_07,7,Heavy Load 115%,PROJECT DESIGN CHOICE,Maximum normal continuous system loading,val,5000.0,60.0,0.176,True,0.9677,0.552484,0.785067,1.420977,0.008,0.0,60.0,60.0031,50.59,0.781328,0.000102,2.2e-05,6.3e-05,3.4e-05,0.000117,4.8e-05,0.000143,6.8e-05,6e-05,2.6e-05,0.000131,2.8e-05,8.1e-05,4.4e-05,6.1e-05,8.7e-05,3.3e-05,0.0,60.01,3.8,0.0,4e-06,60.0
norm_0245,Normal,3,sim_08,sim_08,8,High PF (0.98 lag),PROJECT DESIGN CHOICE,Power factor correction shunt capacitors in service,test,5000.0,60.0,0.06,True,1.0561,0.632943,0.898077,1.418892,0.0148,0.0,60.0,59.9971,51.92,0.895114,2.4e-05,8.2e-05,0.000107,7.5e-05,6.8e-05,7.2e-05,0.000105,5e-05,7e-06,0.000113,2.7e-05,9.2e-05,0.00012,8.4e-05,8e-05,5.6e-05,0.000126,0.0,60.01,3.24,0.0,3e-06,60.0
norm_0246,Normal,3,sim_08,sim_08,8,High PF (0.98 lag),PROJECT DESIGN CHOICE,Power factor correction shunt capacitors in service,test,5000.0,60.0,0.0634,True,1.0472,0.632997,0.898301,1.419123,0.0197,0.0,60.0,60.0,52.44,0.895191,9.6e-05,2.9e-05,6e-05,0.000164,9.3e-05,5.7e-05,8.1e-05,9e-05,7.5e-05,0.000101,0.000107,3.2e-05,6.7e-05,0.000183,6.4e-05,0.000101,0.000113,0.0,60.01,3.42,0.0,3e-06,60.0
norm_0247,Normal,3,sim_08,sim_08,8,High PF (0.98 lag),PROJECT DESIGN CHOICE,Power factor correction shunt capacitors in service,test,5000.0,60.0,0.0668,True,1.0576,0.632925,0.897188,1.417527,0.0192,0.0,60.0,59.9977,52.3,0.895088,0.00013,0.000112,9.7e-05,0.000114,0.000172,6.3e-05,8.7e-05,0.000104,5.9e-05,5.9e-05,0.000145,0.000125,0.000108,0.000127,7e-05,0.000116,6.6e-05,0.0,60.01,3.29,0.0,3e-06,60.0
norm_0248,Normal,3,sim_08,sim_08,8,High PF (0.98 lag),PROJECT DESIGN CHOICE,Power factor correction shunt capacitors in service,test,5000.0,60.0,0.0702,True,1.0583,0.632869,0.898258,1.419341,0.0238,0.0,60.0,59.9972,51.88,0.89501,8.2e-05,0.00016,6.3e-05,0.000122,7.3e-05,6.9e-05,3.6e-05,6.6e-05,6.1e-05,6.4e-05,9.2e-05,0.000179,7e-05,0.000136,7.7e-05,7.4e-05,7.2e-05,0.0,60.01,3.31,0.0,3e-06,60.0
norm_0249,Normal,3,sim_08,sim_08,8,High PF (0.98 lag),PROJECT DESIGN CHOICE,Power factor correction shunt capacitors in service,test,5000.0,60.0,0.0736,True,1.0556,0.633038,0.897404,1.417614,0.0112,0.0,60.0,60.0009,52.47,0.895249,6e-05,5.9e-05,5.8e-05,7.1e-05,2.2e-05,4.1e-05,7.2e-05,0.000147,6.3e-05,0.000165,6.7e-05,6.6e-05,6.5e-05,7.9e-05,4.6e-05,0.000164,0.000184,0.0,60.01,3.23,0.0,3e-06,60.0
norm_0250,Normal,3,sim_08,sim_08,8,High PF (0.98 lag),PROJECT DESIGN CHOICE,Power factor correction shunt capacitors in service,test,5000.0,60.0,0.077,True,1.0566,0.633031,0.897856,1.418346,0.0162,0.0,60.0,60.0005,52.75,0.895238,8e-05,8.1e-05,0.000145,8.2e-05,3.4e-05,8.9e-05,0.000184,7.5e-05,0.000184,4.8e-05,8.9e-05,9e-05,0.000162,9.2e-05,9.9e-05,8.4e-05,5.4e-05,0.0,60.01,3.24,0.0,3e-06,60.0
norm_0251,Normal,3,sim_08,sim_08,8,High PF (0.98 lag),PROJECT DESIGN CHOICE,Power factor correction shunt capacitors in service,test,5000.0,60.0,0.0804,True,1.0596,0.632885,0.897434,1.418006,0.014,0.0,60.0,60.0021,52.36,0.895032,7e-06,7.9e-05,0.000123,7.8e-05,2.8e-05,5.8e-05,7.8e-05,0.000144,0.000174,0.000134,8e-06,8.8e-05,0.000137,8.7e-05,6.5e-05,0.000161,0.00015,0.0,60.01,3.13,0.0,3e-06,60.0
norm_0252,Normal,3,sim_08,sim_08,8,High PF (0.98 lag),PROJECT DESIGN CHOICE,Power factor correction shunt capacitors in service,test,5000.0,60.0,0.0838,True,1.0547,0.632955,0.896887,1.416983,0.0167,0.0,60.0,60.0011,52.43,0.895132,6.5e-05,0.000101,5.7e-05,3.8e-05,7.9e-05,0.000103,8.1e-05,5.3e-05,7.2e-05,0.000176,7.3e-05,0.000113,6.4e-05,4.2e-05,0.000115,5.9e-05,0.000197,0.0,60.01,3.2,0.0,3e-06,60.0
norm_0253,Normal,3,sim_08,sim_08,8,High PF (0.98 lag),PROJECT DESIGN CHOICE,Power factor correction shunt capacitors in service,test,5000.0,60.0,0.0872,True,1.0479,0.632949,0.897094,1.417325,0.0228,0.0,60.0,59.9994,52.77,0.895123,2.4e-05,0.000114,0.000166,9.6e-05,4.4e-05,0.00014,0.000143,7.6e-05,1.7e-05,6e-05,2.7e-05,0.000127,0.000185,0.000107,0.000156,8.5e-05,6.7e-05,0.0,60.01,3.13,0.0,3e-06,60.0
norm_0254,Normal,3,sim_08,sim_08,8,High PF (0.98 lag),PROJECT DESIGN CHOICE,Power factor correction shunt capacitors in service,test,5000.0,60.0,0.0908,True,1.058,0.633008,0.89858,1.419538,0.021,0.0,60.0,59.9998,52.62,0.895207,8.1e-05,0.000112,7.3e-05,1.6e-05,4.7e-05,0.00015,0.000114,0.000112,0.000118,3.9e-05,9e-05,0.000125,8.2e-05,1.8e-05,0.000168,0.000125,4.4e-05,0.0,60.01,3.15,0.0,3e-06,60.0
norm_0255,Normal,3,sim_08,sim_08,8,High PF (0.98 lag),PROJECT DESIGN CHOICE,Power factor correction shunt capacitors in service,test,5000.0,60.0,0.0942,True,1.0518,0.632963,0.898106,1.418891,0.0226,0.0,60.0,60.001,52.46,0.895143,6.1e-05,9.2e-05,5.6e-05,8.3e-05,0.000111,0.00016,9.8e-05,0.000137,9.4e-05,0.000156,6.8e-05,0.000103,6.3e-05,9.3e-05,0.000179,0.000153,0.000174,0.0,60.01,3.13,0.0,3e-06,60.0
norm_0256,Normal,3,sim_08,sim_08,8,High PF (0.98 lag),PROJECT DESIGN CHOICE,Power factor correction shunt capacitors in service,test,5000.0,60.0,0.0976,True,1.0555,0.633016,0.897931,1.418496,0.0188,0.0,60.0,59.9984,52.03,0.895217,8.8e-05,7.9e-05,8.1e-05,0.00014,0.000106,5.1e-05,9.6e-05,0.000139,0.00014,0.000134,9.8e-05,8.8e-05,9e-05,0.000156,5.7e-05,0.000155,0.00015,0.0,60.01,3.42,0.0,3e-06,60.0
norm_0257,Normal,3,sim_08,sim_08,8,High PF (0.98 lag),PROJECT DESIGN CHOICE,Power factor correction shunt capacitors in service,test,5000.0,60.0,0.101,True,1.0566,0.632942,0.897549,1.418058,0.0121,0.0,60.0,60.0019,52.18,0.895113,8.3e-05,9.1e-05,3.4e-05,5.3e-05,8.2e-05,2.4e-05,0.00016,8.7e-05,0.000131,9.4e-05,9.3e-05,0.000102,3.8e-05,5.9e-05,2.7e-05,9.7e-05,0.000105,0.0,60.01,3.36,0.0,3e-06,60.0
norm_0258,Normal,3,sim_08,sim_08,8,High PF (0.98 lag),PROJECT DESIGN CHOICE,Power factor correction shunt capacitors in service,test,5000.0,60.0,0.1044,True,1.057,0.632955,0.89655,1.416451,0.01,0.0,60.0,59.9998,52.56,0.895131,5e-06,5.8e-05,8.8e-05,4.1e-05,4.9e-05,5.5e-05,6.1e-05,0.000124,2.2e-05,9.2e-05,6e-06,6.5e-05,9.8e-05,4.6e-05,6.1e-05,0.000139,0.000103,0.0,60.01,3.19,0.0,3e-06,60.0
norm_0259,Normal,3,sim_08,sim_08,8,High PF (0.98 lag),PROJECT DESIGN CHOICE,Power factor correction shunt capacitors in service,test,5000.0,60.0,0.1078,True,1.0565,0.632865,0.897405,1.418003,0.0197,0.0,60.0,60.0006,52.67,0.895004,6.1e-05,0.00011,0.000106,0.000103,9.8e-05,9.1e-05,4.7e-05,0.000119,6.5e-05,9.2e-05,6.8e-05,0.000123,0.000118,0.000115,0.000102,0.000133,0.000103,0.0,60.01,3.21,0.0,3e-06,60.0
norm_0260,Normal,3,sim_08,sim_08,8,High PF (0.98 lag),PROJECT DESIGN CHOICE,Power factor correction shunt capacitors in service,test,5000.0,60.0,0.1112,True,1.056,0.633026,0.898665,1.419634,0.0169,0.0,60.0,60.0011,52.32,0.895231,0.000159,4.4e-05,8.1e-05,0.00011,0.000166,9.4e-05,4.2e-05,2.4e-05,4.6e-05,0.000176,0.000178,4.9e-05,9e-05,0.000123,0.000105,2.7e-05,0.000197,0.0,60.01,3.35,0.0,3e-06,60.0
norm_0261,Normal,3,sim_08,sim_08,8,High PF (0.98 lag),PROJECT DESIGN CHOICE,Power factor correction shunt capacitors in service,test,5000.0,60.0,0.1146,True,1.0547,0.632958,0.897257,1.417562,0.0134,0.0,60.0,60.0005,52.88,0.895135,9.7e-05,3.3e-05,0.000186,5.3e-05,1.1e-05,0.000102,9.9e-05,6.2e-05,0.000127,3.5e-05,0.000108,3.7e-05,0.000208,5.9e-05,0.000114,6.9e-05,3.9e-05,0.0,60.01,3.16,0.0,3e-06,60.0
norm_0262,Normal,3,sim_08,sim_08,8,High PF (0.98 lag),PROJECT DESIGN CHOICE,Power factor correction shunt capacitors in service,test,5000.0,60.0,0.118,True,1.0511,0.632922,0.897705,1.418351,0.0198,0.0,60.0,59.9988,52.82,0.895084,7.4e-05,7.2e-05,2.5e-05,0.000143,9.5e-05,7.6e-05,2.7e-05,0.000139,2.7e-05,0.000102,8.3e-05,8e-05,2.8e-05,0.00016,8.5e-05,0.000155,0.000114,0.0,60.01,3.16,0.0,3e-06,60.0
norm_0263,Normal,3,sim_08,sim_08,8,High PF (0.98 lag),PROJECT DESIGN CHOICE,Power factor correction shunt capacitors in service,test,5000.0,60.0,0.1214,True,1.0518,0.632944,0.898112,1.418944,0.0156,0.0,60.0,59.9984,52.21,0.895115,0.000132,8.7e-05,4.5e-05,7.9e-05,5.4e-05,7.6e-05,0.000155,3.7e-05,0.000123,3.8e-05,0.000147,9.7e-05,5e-05,8.8e-05,8.5e-05,4.1e-05,4.2e-05,0.0,60.01,3.31,0.0,3e-06,60.0
norm_0264,Normal,3,sim_08,sim_08,8,High PF (0.98 lag),PROJECT DESIGN CHOICE,Power factor correction shunt capacitors in service,test,5000.0,60.0,0.1248,True,1.0533,0.632995,0.897188,1.417369,0.0191,0.0,60.0,60.0027,51.6,0.895188,7.3e-05,0.000101,0.000201,0.000113,0.000104,7.8e-05,7.4e-05,0.000178,2.6e-05,5.8e-05,8.2e-05,0.000113,0.000225,0.000126,8.7e-05,0.000199,6.5e-05,0.0,60.01,3.45,0.0,3e-06,60.0
norm_0265,Normal,3,sim_08,sim_08,8,High PF (0.98 lag),PROJECT DESIGN CHOICE,Power factor correction shunt capacitors in service,test,5000.0,60.0,0.1282,True,1.0515,0.632917,0.897755,1.418441,0.0177,0.0,60.0,60.0028,51.97,0.895077,5.1e-05,6e-05,9.4e-05,0.000145,0.000175,1.9e-05,8.8e-05,0.000124,8.7e-05,5.7e-05,5.7e-05,6.7e-05,0.000105,0.000162,2.1e-05,0.000139,6.4e-05,0.0,60.01,3.18,0.0,3e-06,60.0
norm_0266,Normal,3,sim_08,sim_08,8,High PF (0.98 lag),PROJECT DESIGN CHOICE,Power factor correction shunt capacitors in service,test,5000.0,60.0,0.1316,True,1.0535,0.632893,0.897798,1.418563,0.0167,0.0,60.0,60.0009,52.38,0.895043,0.000121,0.000102,4.4e-05,5.5e-05,1.1e-05,9.6e-05,0.000103,4.9e-05,0.000109,0.000119,0.000135,0.000114,4.9e-05,6.1e-05,0.000107,5.5e-05,0.000133,0.0,60.01,3.31,0.0,3e-06,60.0
norm_0267,Normal,3,sim_08,sim_08,8,High PF (0.98 lag),PROJECT DESIGN CHOICE,Power factor correction shunt capacitors in service,test,5000.0,60.0,0.135,True,1.0527,0.632951,0.897371,1.417756,0.0215,0.0,60.0,59.9983,52.41,0.895126,8.9e-05,6.3e-05,0.000106,0.000135,7.6e-05,0.000121,0.000123,8e-05,0.000143,7.8e-05,9.9e-05,7e-05,0.000118,0.000151,0.000135,8.9e-05,8.7e-05,0.0,60.01,3.21,0.0,3e-06,60.0
norm_0268,Normal,3,sim_08,sim_08,8,High PF (0.98 lag),PROJECT DESIGN CHOICE,Power factor correction shunt capacitors in service,test,5000.0,60.0,0.1384,True,1.0577,0.63297,0.89873,1.419861,0.026,0.0,60.0,60.0019,52.0,0.895152,0.000165,0.000158,9.5e-05,0.000124,0.000142,0.000117,9.5e-05,7.6e-05,5.3e-05,0.000104,0.000184,0.000177,0.000106,0.000139,0.000131,8.5e-05,0.000116,0.0,60.01,3.34,0.0,4e-06,60.0
norm_0269,Normal,3,sim_08,sim_08,8,High PF (0.98 lag),PROJECT DESIGN CHOICE,Power factor correction shunt capacitors in service,test,5000.0,60.0,0.1418,True,1.0551,0.63297,0.897505,1.417927,0.0109,0.0,60.0,59.9984,51.99,0.895152,5e-05,5e-05,0.000114,6e-05,7.2e-05,5.9e-05,8.5e-05,4e-05,7e-05,0.000116,5.6e-05,5.6e-05,0.000127,6.7e-05,6.6e-05,4.5e-05,0.00013,0.0,60.01,3.37,0.0,4e-06,60.0
norm_0270,Normal,3,sim_08,sim_08,8,High PF (0.98 lag),PROJECT DESIGN CHOICE,Power factor correction shunt capacitors in service,test,5000.0,60.0,0.1452,True,1.0528,0.632962,0.89893,1.420197,0.0099,0.0,60.0,59.9962,51.4,0.895141,1.4e-05,6.4e-05,2.5e-05,6.1e-05,0.000103,6e-06,9.9e-05,8.8e-05,6.4e-05,0.000132,1.6e-05,7.1e-05,2.8e-05,6.8e-05,7e-06,9.8e-05,0.000147,0.0,60.01,3.35,0.0,3e-06,60.0
norm_0271,Normal,3,sim_08,sim_08,8,High PF (0.98 lag),PROJECT DESIGN CHOICE,Power factor correction shunt capacitors in service,test,5000.0,60.0,0.1488,True,1.0558,0.633054,0.897097,1.417093,0.02,0.0,60.0,59.999,52.88,0.895272,5e-05,8.4e-05,5.9e-05,4.4e-05,4.2e-05,0.000151,0.000114,0.000111,3e-06,9.6e-05,5.6e-05,9.4e-05,6.6e-05,4.9e-05,0.000169,0.000124,0.000107,0.0,60.01,3.14,0.0,3e-06,60.0
norm_0272,Normal,3,sim_08,sim_08,8,High PF (0.98 lag),PROJECT DESIGN CHOICE,Power factor correction shunt capacitors in service,test,5000.0,60.0,0.1522,True,1.0586,0.632933,0.900133,1.422162,0.0165,0.0,60.0,60.0018,52.17,0.8951,5.6e-05,0.000113,0.000138,6.5e-05,5e-05,7e-05,2.1e-05,2.7e-05,6e-06,9.8e-05,6.3e-05,0.000126,0.000154,7.3e-05,7.8e-05,3e-05,0.000109,0.0,60.01,3.34,0.0,3e-06,60.0
norm_0273,Normal,3,sim_08,sim_08,8,High PF (0.98 lag),PROJECT DESIGN CHOICE,Power factor correction shunt capacitors in service,test,5000.0,60.0,0.1556,True,1.0518,0.632932,0.89791,1.41865,0.0162,0.0,60.0,59.9991,52.48,0.895099,3.6e-05,4e-05,7.2e-05,9.1e-05,6.4e-05,0.000105,0.000158,9.7e-05,0.000126,8.6e-05,4e-05,4.5e-05,8e-05,0.000102,0.000117,0.000108,9.6e-05,0.0,60.01,3.23,0.0,3e-06,60.0
norm_0274,Normal,3,sim_08,sim_08,8,High PF (0.98 lag),PROJECT DESIGN CHOICE,Power factor correction shunt capacitors in service,test,5000.0,60.0,0.159,True,1.0519,0.632968,0.89815,1.41895,0.0214,0.0,60.0,59.9979,51.84,0.895149,2.7e-05,7.9e-05,0.000104,7.7e-05,5.1e-05,0.000156,9.8e-05,0.000133,5.2e-05,5.2e-05,3e-05,8.8e-05,0.000116,8.6e-05,0.000174,0.000149,5.8e-05,0.0,60.01,3.33,0.0,3e-06,60.0
norm_0275,Normal,3,sim_08,sim_08,8,High PF (0.98 lag),PROJECT DESIGN CHOICE,Power factor correction shunt capacitors in service,test,5000.0,60.0,0.1624,True,1.0478,0.633025,0.899002,1.420167,0.0175,0.0,60.0,59.9996,52.77,0.895231,6.4e-05,8.9e-05,0.000118,0.000114,2.7e-05,6.1e-05,5.1e-05,4.1e-05,6.5e-05,4.2e-05,7.1e-05,9.9e-05,0.000132,0.000127,6.8e-05,4.6e-05,4.7e-05,0.0,60.01,3.23,0.0,3e-06,60.0
norm_0276,Normal,3,sim_08,sim_08,8,High PF (0.98 lag),PROJECT DESIGN CHOICE,Power factor correction shunt capacitors in service,test,5000.0,60.0,0.1658,True,1.0526,0.633006,0.89947,1.42095,0.0105,0.0,60.0,60.0027,52.01,0.895203,0.000134,8.1e-05,2.4e-05,4.7e-05,4.6e-05,1.2e-05,3.5e-05,8.9e-05,4.6e-05,3.3e-05,0.00015,9e-05,2.7e-05,5.3e-05,1.3e-05,9.9e-05,3.7e-05,0.0,60.01,3.16,0.0,3e-06,60.0
norm_0277,Normal,3,sim_08,sim_08,8,High PF (0.98 lag),PROJECT DESIGN CHOICE,Power factor correction shunt capacitors in service,test,5000.0,60.0,0.1692,True,1.0584,0.632881,0.896521,1.416571,0.0226,0.0,60.0,60.0001,52.66,0.895027,9.8e-05,0.000171,0.000107,0.000106,0.000103,1.6e-05,0.000185,4.8e-05,9.3e-05,7.9e-05,0.000109,0.000191,0.00012,0.000118,1.8e-05,5.4e-05,8.8e-05,0.0,60.01,3.24,0.0,3e-06,60.0
norm_0278,Normal,3,sim_08,sim_08,8,High PF (0.98 lag),PROJECT DESIGN CHOICE,Power factor correction shunt capacitors in service,test,5000.0,60.0,0.1726,True,1.0536,0.633017,0.897866,1.41839,0.0217,0.0,60.0,59.9994,52.92,0.89522,6.1e-05,6.3e-05,2.2e-05,0.000119,9e-05,0.000141,3.4e-05,1.5e-05,0.000108,9.7e-05,6.8e-05,7e-05,2.5e-05,0.000133,0.000158,1.7e-05,0.000108,0.0,60.01,3.2,0.0,3e-06,60.0
norm_0279,Normal,3,sim_08,sim_08,8,High PF (0.98 lag),PROJECT DESIGN CHOICE,Power factor correction shunt capacitors in service,test,5000.0,60.0,0.176,True,1.0548,0.633021,0.897213,1.41735,0.0163,0.0,60.0,59.9991,52.67,0.895225,5.8e-05,3.8e-05,6.4e-05,6.7e-05,2.5e-05,0.000124,5e-05,8.1e-05,8.3e-05,5.6e-05,6.5e-05,4.2e-05,7.1e-05,7.5e-05,0.000139,9e-05,6.3e-05,0.0,60.01,3.13,0.0,3e-06,60.0
norm_0280,Normal,3,sim_09,sim_09,9,Low PF (0.85 lag),PROJECT DESIGN CHOICE,Highly inductive industrial motor loading,train,5000.0,60.0,0.06,True,0.882,0.564213,0.802931,1.423099,0.0196,0.0,60.0,60.0012,51.23,0.797915,9.9e-05,8e-05,0.000112,0.000134,0.000147,6e-06,1.8e-05,0.000104,0.000152,4.5e-05,0.000124,0.0001,0.00014,0.000168,8e-06,0.00013,5.6e-05,0.0,60.01,3.84,0.0,4e-06,60.0
norm_0281,Normal,3,sim_09,sim_09,9,Low PF (0.85 lag),PROJECT DESIGN CHOICE,Highly inductive industrial motor loading,train,5000.0,60.0,0.0634,True,0.8761,0.564244,0.80066,1.418997,0.0162,0.0,60.0,59.997,50.86,0.797959,4.3e-05,8.1e-05,1.5e-05,9.8e-05,1.1e-05,2.6e-05,4.6e-05,9.1e-05,6e-06,0.000156,5.4e-05,0.000102,1.9e-05,0.000123,3.3e-05,0.000114,0.000195,0.0,60.01,3.76,0.0,4e-06,60.0
norm_0282,Normal,3,sim_09,sim_09,9,Low PF (0.85 lag),PROJECT DESIGN CHOICE,Highly inductive industrial motor loading,train,5000.0,60.0,0.0668,True,0.8809,0.564193,0.800037,1.418021,0.0127,0.0,60.0,59.9996,51.92,0.797886,0.0001,4.1e-05,6.1e-05,3.6e-05,8.4e-05,8.5e-05,8.6e-05,5.1e-05,5.8e-05,0.000133,0.000125,5.1e-05,7.6e-05,4.5e-05,0.000107,6.4e-05,0.000167,0.0,60.01,3.53,0.0,4e-06,60.0
norm_0283,Normal,3,sim_09,sim_09,9,Low PF (0.85 lag),PROJECT DESIGN CHOICE,Highly inductive industrial motor loading,train,5000.0,60.0,0.0702,True,0.8716,0.564285,0.800928,1.419367,0.0145,0.0,60.0,59.9991,51.41,0.798017,9.6e-05,5.3e-05,9e-05,4.4e-05,5.8e-05,9.3e-05,9.6e-05,0.000109,7.1e-05,8.9e-05,0.00012,6.6e-05,0.000113,5.5e-05,0.000117,0.000137,0.000112,0.0,60.01,3.79,0.0,4e-06,60.0
norm_0284,Normal,3,sim_09,sim_09,9,Low PF (0.85 lag),PROJECT DESIGN CHOICE,Highly inductive industrial motor loading,train,5000.0,60.0,0.0736,True,0.8762,0.564298,0.80043,1.418453,0.0186,0.0,60.0,59.9991,51.65,0.798035,0.000114,9.4e-05,5.6e-05,7e-05,0.000104,9.2e-05,9.2e-05,0.000185,4.6e-05,0.000123,0.000143,0.000118,7e-05,8.8e-05,0.000115,0.000232,0.000154,0.0,60.01,3.66,0.0,4e-06,60.0
norm_0285,Normal,3,sim_09,sim_09,9,Low PF (0.85 lag),PROJECT DESIGN CHOICE,Highly inductive industrial motor loading,train,5000.0,60.0,0.077,True,0.874,0.564281,0.802602,1.422344,0.0355,0.0,60.0,60.002,51.32,0.798011,2e-05,0.000102,5.8e-05,0.000225,7.7e-05,0.000139,0.000216,3.6e-05,4.4e-05,6.6e-05,2.5e-05,0.000128,7.3e-05,0.000282,0.000174,4.5e-05,8.3e-05,0.0,60.01,3.73,0.0,4e-06,60.0
norm_0286,Normal,3,sim_09,sim_09,9,Low PF (0.85 lag),PROJECT DESIGN CHOICE,Highly inductive industrial motor loading,train,5000.0,60.0,0.0804,True,0.8783,0.564237,0.800747,1.419168,0.0202,0.0,60.0,59.9986,51.59,0.797949,8e-05,9.7e-05,0.00013,6.1e-05,6.6e-05,0.000113,9.4e-05,5e-05,0.00011,4.8e-05,0.0001,0.000122,0.000163,7.6e-05,0.000142,6.3e-05,6e-05,0.0,60.01,3.66,0.0,4e-06,60.0
norm_0287,Normal,3,sim_09,sim_09,9,Low PF (0.85 lag),PROJECT DESIGN CHOICE,Highly inductive industrial motor loading,train,5000.0,60.0,0.0838,True,0.8769,0.564189,0.800323,1.418536,0.0271,0.0,60.0,60.0015,51.55,0.797882,8.8e-05,4.6e-05,8.9e-05,6.9e-05,5e-05,0.0002,1.6e-05,0.00018,0.000157,6.5e-05,0.00011,5.8e-05,0.000112,8.6e-05,0.000251,0.000226,8.1e-05,0.0,60.01,3.58,0.0,4e-06,60.0
norm_0288,Normal,3,sim_09,sim_09,9,Low PF (0.85 lag),PROJECT DESIGN CHOICE,Highly inductive industrial motor loading,train,5000.0,60.0,0.0872,True,0.8748,0.564222,0.8003,1.418413,0.0129,0.0,60.0,59.9994,51.42,0.797928,0.000123,3e-05,8.5e-05,7e-05,0.000162,6.9e-05,0.000191,9.4e-05,9.3e-05,4.4e-05,0.000154,3.8e-05,0.000107,8.8e-05,8.6e-05,0.000118,5.5e-05,0.0,60.01,3.76,0.0,4e-06,60.0
norm_0289,Normal,3,sim_09,sim_09,9,Low PF (0.85 lag),PROJECT DESIGN CHOICE,Highly inductive industrial motor loading,train,5000.0,60.0,0.0908,True,0.872,0.564259,0.799797,1.417428,0.014,0.0,60.0,60.0019,51.21,0.79798,5e-05,0.000101,3.6e-05,1.5e-05,0.000123,4.5e-05,5.3e-05,8.5e-05,6.8e-05,3.4e-05,6.3e-05,0.000127,4.5e-05,1.9e-05,5.6e-05,0.000107,4.3e-05,0.0,60.01,3.81,0.0,4e-06,60.0
norm_0290,Normal,3,sim_09,sim_09,9,Low PF (0.85 lag),PROJECT DESIGN CHOICE,Highly inductive industrial motor loading,train,5000.0,60.0,0.0942,True,0.8861,0.564232,0.800776,1.419232,0.0315,0.0,60.0,59.9989,51.41,0.797942,5.9e-05,0.000106,2.1e-05,0.000132,5.3e-05,0.000186,1.3e-05,7.9e-05,8.6e-05,6e-06,7.4e-05,0.000133,2.6e-05,0.000165,0.000233,9.9e-05,8e-06,0.0,60.01,3.65,0.0,4e-06,60.0
norm_0291,Normal,3,sim_09,sim_09,9,Low PF (0.85 lag),PROJECT DESIGN CHOICE,Highly inductive industrial motor loading,train,5000.0,60.0,0.0976,True,0.8804,0.564145,0.802236,1.422038,0.0214,0.0,60.0,60.0013,51.55,0.797819,5.9e-05,3.4e-05,3.1e-05,0.000163,5e-05,3.9e-05,9.2e-05,4.9e-05,6.8e-05,5.9e-05,7.4e-05,4.3e-05,3.9e-05,0.000204,4.9e-05,6.1e-05,7.4e-05,0.0,60.01,3.54,0.0,4e-06,60.0
norm_0292,Normal,3,sim_09,sim_09,9,Low PF (0.85 lag),PROJECT DESIGN CHOICE,Highly inductive industrial motor loading,train,5000.0,60.0,0.101,True,0.8772,0.564318,0.799532,1.416809,0.0205,0.0,60.0,59.9961,50.51,0.798064,8.1e-05,7.7e-05,6.2e-05,2.5e-05,0.000177,0.000142,7.5e-05,0.000202,8.9e-05,8.8e-05,0.000101,9.6e-05,7.8e-05,3.1e-05,0.000178,0.000253,0.00011,0.0,60.01,3.58,0.0,4e-06,60.0
norm_0293,Normal,3,sim_09,sim_09,9,Low PF (0.85 lag),PROJECT DESIGN CHOICE,Highly inductive industrial motor loading,train,5000.0,60.0,0.1044,True,0.8818,0.56419,0.80095,1.419647,0.0164,0.0,60.0,59.9994,51.73,0.797882,0.000176,9.8e-05,7.4e-05,5.9e-05,0.000133,6.3e-05,3e-05,0.000105,9e-05,6.2e-05,0.000221,0.000123,9.3e-05,7.4e-05,7.9e-05,0.000132,7.8e-05,0.0,60.01,3.55,0.0,4e-06,60.0
norm_0294,Normal,3,sim_09,sim_09,9,Low PF (0.85 lag),PROJECT DESIGN CHOICE,Highly inductive industrial motor loading,train,5000.0,60.0,0.1078,True,0.8821,0.564308,0.80039,1.418357,0.0236,0.0,60.0,60.0015,51.23,0.798049,0.00017,3.7e-05,5e-05,2.9e-05,7.8e-05,0.000182,1.9e-05,9.2e-05,6.1e-05,0.000154,0.000213,4.6e-05,6.3e-05,3.6e-05,0.000228,0.000115,0.000193,0.0,60.01,3.86,0.0,4e-06,60.0
norm_0295,Normal,3,sim_09,sim_09,9,Low PF (0.85 lag),PROJECT DESIGN CHOICE,Highly inductive industrial motor loading,train,5000.0,60.0,0.1112,True,0.8867,0.564243,0.800063,1.417942,0.0163,0.0,60.0,60.0028,51.36,0.797957,0.000124,0.000126,3.7e-05,2.1e-05,7.8e-05,2.5e-05,3.6e-05,0.000147,3.4e-05,4.9e-05,0.000155,0.000158,4.6e-05,2.6e-05,3.1e-05,0.000184,6.1e-05,0.0,60.01,3.45,0.0,4e-06,60.0
norm_0296,Normal,3,sim_09,sim_09,9,Low PF (0.85 lag),PROJECT DESIGN CHOICE,Highly inductive industrial motor loading,train,5000.0,60.0,0.1146,True,0.8822,0.564243,0.800808,1.41926,0.0219,0.0,60.0,60.0024,51.16,0.797958,6.6e-05,0.000147,0.000113,5.3e-05,0.000123,7.7e-05,7.7e-05,0.000188,4.2e-05,4.5e-05,8.3e-05,0.000184,0.000142,6.6e-05,9.6e-05,0.000236,5.6e-05,0.0,60.01,3.81,0.0,4e-06,60.0
norm_0297,Normal,3,sim_09,sim_09,9,Low PF (0.85 lag),PROJECT DESIGN CHOICE,Highly inductive industrial motor loading,train,5000.0,60.0,0.118,True,0.8747,0.56427,0.801211,1.419907,0.0159,0.0,60.0,60.0023,51.55,0.797996,4.3e-05,9.2e-05,0.00014,5.1e-05,0.000111,7.1e-05,5e-05,6.2e-05,8.2e-05,6.2e-05,5.4e-05,0.000115,0.000175,6.4e-05,8.9e-05,7.8e-05,7.8e-05,0.0,60.01,3.36,0.0,3e-06,60.0
norm_0298,Normal,3,sim_09,sim_09,9,Low PF (0.85 lag),PROJECT DESIGN CHOICE,Highly inductive industrial motor loading,train,5000.0,60.0,0.1214,True,0.889,0.564207,0.800637,1.419048,0.018,0.0,60.0,60.0007,51.91,0.797907,0.000123,8.8e-05,1.7e-05,6.7e-05,0.00012,9.1e-05,7.8e-05,4.3e-05,0.000194,9.2e-05,0.000154,0.00011,2.1e-05,8.4e-05,0.000114,5.4e-05,0.000115,0.0,60.01,3.34,0.0,4e-06,60.0
norm_0299,Normal,3,sim_09,sim_09,9,Low PF (0.85 lag),PROJECT DESIGN CHOICE,Highly inductive industrial motor loading,train,5000.0,60.0,0.1248,True,0.8764,0.564351,0.800479,1.418406,0.0324,0.0,60.0,60.0,51.22,0.79811,0.000143,0.000135,8.8e-05,0.000117,4e-05,0.000187,3e-05,5.5e-05,0.000118,9.1e-05,0.000179,0.000169,0.00011,0.000147,0.000234,6.9e-05,0.000114,0.0,60.01,3.86,0.0,5e-06,60.0
norm_0300,Normal,3,sim_09,sim_09,9,Low PF (0.85 lag),PROJECT DESIGN CHOICE,Highly inductive industrial motor loading,train,5000.0,60.0,0.1282,True,0.8781,0.564309,0.801522,1.42036,0.0111,0.0,60.0,59.9993,52.2,0.798051,0.000127,2.1e-05,0.000129,8.5e-05,6.1e-05,1.3e-05,8.2e-05,2.7e-05,5.1e-05,0.000168,0.000159,2.6e-05,0.000162,0.000107,1.6e-05,3.4e-05,0.000211,0.0,60.01,3.43,0.0,4e-06,60.0
norm_0301,Normal,3,sim_09,sim_09,9,Low PF (0.85 lag),PROJECT DESIGN CHOICE,Highly inductive industrial motor loading,train,5000.0,60.0,0.1316,True,0.8715,0.564285,0.801561,1.42049,0.0217,0.0,60.0,60.0026,51.1,0.798017,0.000206,8.1e-05,0.000182,8.6e-05,5.2e-05,0.000127,5.2e-05,5.5e-05,0.000116,8.1e-05,0.000258,0.000102,0.000228,0.000108,0.000159,6.9e-05,0.000102,0.0,60.01,3.55,0.0,4e-06,60.0
norm_0302,Normal,3,sim_09,sim_09,9,Low PF (0.85 lag),PROJECT DESIGN CHOICE,Highly inductive industrial motor loading,train,5000.0,60.0,0.135,True,0.8821,0.564229,0.800467,1.418692,0.0261,0.0,60.0,60.0015,51.63,0.797937,0.000114,0.000122,8.2e-05,5.8e-05,1.3e-05,0.000159,8.6e-05,0.000151,7.3e-05,4.6e-05,0.000143,0.000153,0.000103,7.3e-05,0.000199,0.000189,5.8e-05,0.0,60.01,3.6,0.0,4e-06,60.0
norm_0303,Normal,3,sim_09,sim_09,9,Low PF (0.85 lag),PROJECT DESIGN CHOICE,Highly inductive industrial motor loading,train,5000.0,60.0,0.1384,True,0.8807,0.564284,0.802166,1.421565,0.0206,0.0,60.0,60.0006,51.21,0.798015,6.7e-05,0.000124,9.7e-05,7.1e-05,5.4e-05,8.2e-05,5.2e-05,0.000188,0.000149,0.000127,8.4e-05,0.000155,0.000122,8.9e-05,0.000103,0.000236,0.000159,0.0,60.01,3.91,0.0,4e-06,60.0
norm_0304,Normal,3,sim_09,sim_09,9,Low PF (0.85 lag),PROJECT DESIGN CHOICE,Highly inductive industrial motor loading,train,5000.0,60.0,0.1418,True,0.8842,0.564278,0.803569,1.424066,0.0149,0.0,60.0,60.0016,51.1,0.798007,9.1e-05,9.1e-05,5.5e-05,1.6e-05,0.000136,7.5e-05,7.6e-05,7.6e-05,4.8e-05,4.8e-05,0.000114,0.000114,6.9e-05,2e-05,9.4e-05,9.5e-05,6e-05,0.0,60.01,3.71,0.0,4e-06,60.0
norm_0305,Normal,3,sim_09,sim_09,9,Low PF (0.85 lag),PROJECT DESIGN CHOICE,Highly inductive industrial motor loading,train,5000.0,60.0,0.1452,True,0.8784,0.564255,0.80088,1.41936,0.0164,0.0,60.0,60.0009,51.45,0.797974,0.000146,0.000105,0.00015,5.8e-05,4.8e-05,5.4e-05,7.5e-05,0.000163,0.000152,0.000121,0.000183,0.000132,0.000188,7.3e-05,6.8e-05,0.000204,0.000152,0.0,60.01,3.65,0.0,4e-06,60.0
norm_0306,Normal,3,sim_09,sim_09,9,Low PF (0.85 lag),PROJECT DESIGN CHOICE,Highly inductive industrial motor loading,train,5000.0,60.0,0.1488,True,0.8823,0.564235,0.800187,1.418182,0.0211,0.0,60.0,60.0018,51.48,0.797946,0.000141,9.2e-05,6.9e-05,6.7e-05,0.000125,0.000125,8.4e-05,0.000123,5.6e-05,0.000113,0.000177,0.000115,8.6e-05,8.4e-05,0.000157,0.000154,0.000142,0.0,60.01,3.58,0.0,4e-06,60.0
norm_0307,Normal,3,sim_09,sim_09,9,Low PF (0.85 lag),PROJECT DESIGN CHOICE,Highly inductive industrial motor loading,train,5000.0,60.0,0.1522,True,0.8814,0.564282,0.801132,1.419739,0.0176,0.0,60.0,60.0014,51.39,0.798012,7.2e-05,6.8e-05,3.9e-05,3.5e-05,7.1e-05,0.000118,8.3e-05,0.0001,0.000165,0.000147,9e-05,8.5e-05,4.9e-05,4.4e-05,0.000148,0.000125,0.000184,0.0,60.01,3.63,0.0,4e-06,60.0
norm_0308,Normal,3,sim_09,sim_09,9,Low PF (0.85 lag),PROJECT DESIGN CHOICE,Highly inductive industrial motor loading,train,5000.0,60.0,0.1556,True,0.8836,0.564214,0.800268,1.418376,0.0214,0.0,60.0,59.9986,51.3,0.797916,4.3e-05,0.000156,0.000172,5.8e-05,7.1e-05,3.9e-05,5.7e-05,8.3e-05,8.7e-05,8.5e-05,5.4e-05,0.000196,0.000216,7.3e-05,4.9e-05,0.000104,0.000107,0.0,60.01,3.83,0.0,4e-06,60.0
norm_0309,Normal,3,sim_09,sim_09,9,Low PF (0.85 lag),PROJECT DESIGN CHOICE,Highly inductive industrial motor loading,train,5000.0,60.0,0.159,True,0.8795,0.56422,0.801368,1.420312,0.0242,0.0,60.0,60.0006,51.49,0.797924,7.3e-05,0.000185,6.8e-05,4e-05,5e-05,4.1e-05,0.000133,7.4e-05,7.6e-05,3.5e-05,9.1e-05,0.000232,8.5e-05,5e-05,5.1e-05,9.3e-05,4.4e-05,0.0,60.01,3.65,0.0,4e-06,60.0
norm_0310,Normal,3,sim_09,sim_09,9,Low PF (0.85 lag),PROJECT DESIGN CHOICE,Highly inductive industrial motor loading,train,5000.0,60.0,0.1624,True,0.8734,0.564253,0.799691,1.417255,0.0185,0.0,60.0,60.0005,51.65,0.797972,7.1e-05,7e-05,7e-05,0.000112,1.4e-05,6.7e-05,7.6e-05,0.000106,1.8e-05,0.0001,8.9e-05,8.8e-05,8.8e-05,0.00014,8.4e-05,0.000133,0.000125,0.0,60.01,3.77,0.0,4e-06,60.0
norm_0311,Normal,3,sim_09,sim_09,9,Low PF (0.85 lag),PROJECT DESIGN CHOICE,Highly inductive industrial motor loading,train,5000.0,60.0,0.1658,True,0.8814,0.56421,0.801183,1.420007,0.0118,0.0,60.0,60.0003,52.01,0.797912,7.3e-05,7e-05,5.9e-05,4.9e-05,4.4e-05,3.9e-05,8.2e-05,7.9e-05,4.7e-05,0.000172,9.1e-05,8.8e-05,7.4e-05,6.1e-05,4.9e-05,9.9e-05,0.000216,0.0,60.01,3.45,0.0,4e-06,60.0
norm_0312,Normal,3,sim_09,sim_09,9,Low PF (0.85 lag),PROJECT DESIGN CHOICE,Highly inductive industrial motor loading,train,5000.0,60.0,0.1692,True,0.8775,0.564173,0.800569,1.419013,0.0249,0.0,60.0,60.0009,51.39,0.797859,5.3e-05,6.9e-05,9.4e-05,0.000184,1.6e-05,2.5e-05,7.7e-05,7.9e-05,9.6e-05,0.0001,6.6e-05,8.6e-05,0.000118,0.000231,3.1e-05,9.9e-05,0.000125,0.0,60.01,3.76,0.0,4e-06,60.0
norm_0313,Normal,3,sim_09,sim_09,9,Low PF (0.85 lag),PROJECT DESIGN CHOICE,Highly inductive industrial motor loading,train,5000.0,60.0,0.1726,True,0.8814,0.564222,0.802416,1.422162,0.0152,0.0,60.0,60.0019,51.5,0.797928,6.1e-05,7.8e-05,0.000115,3.8e-05,7.8e-05,8.5e-05,3.4e-05,3.9e-05,2.2e-05,0.000108,7.6e-05,9.8e-05,0.000144,4.8e-05,0.000107,4.9e-05,0.000135,0.0,60.01,3.59,0.0,4e-06,60.0
norm_0314,Normal,3,sim_09,sim_09,9,Low PF (0.85 lag),PROJECT DESIGN CHOICE,Highly inductive industrial motor loading,train,5000.0,60.0,0.176,True,0.8874,0.564307,0.801561,1.420435,0.0214,0.0,60.0,60.0005,51.78,0.798048,4.2e-05,0.00014,4.2e-05,5.7e-05,5.6e-05,7.8e-05,8.3e-05,4.4e-05,4.7e-05,6.3e-05,5.3e-05,0.000175,5.3e-05,7.1e-05,9.8e-05,5.5e-05,7.9e-05,0.0,60.01,3.78,0.0,4e-06,60.0
norm_0315,Normal,3,sim_10,sim_10,10,Bus 5 Heavy Local Load,PROJECT DESIGN CHOICE,Bus 5 local industrial load increase,train,5000.0,60.0,0.06,True,0.9657,0.568985,0.807402,1.419021,0.0236,0.0,60.0,59.9983,51.47,0.804664,0.000101,0.000103,4.4e-05,0.000132,0.00018,8.9e-05,0.000173,3.5e-05,0.000114,5.3e-05,0.000126,0.000128,5.5e-05,0.000164,0.000111,4.3e-05,6.6e-05,0.0,60.01,3.65,0.0,4e-06,60.0
norm_0316,Normal,3,sim_10,sim_10,10,Bus 5 Heavy Local Load,PROJECT DESIGN CHOICE,Bus 5 local industrial load increase,train,5000.0,60.0,0.0634,True,0.9531,0.569095,0.807435,1.418805,0.0128,0.0,60.0,59.998,51.33,0.804819,4.4e-05,6.1e-05,6.9e-05,3.5e-05,6.8e-05,7.5e-05,7.8e-05,0.000175,9.1e-05,0.000102,5.5e-05,7.6e-05,8.6e-05,4.3e-05,9.3e-05,0.000217,0.000127,0.0,60.01,3.7,0.0,4e-06,60.0
norm_0317,Normal,3,sim_10,sim_10,10,Bus 5 Heavy Local Load,PROJECT DESIGN CHOICE,Bus 5 local industrial load increase,train,5000.0,60.0,0.0668,True,0.9535,0.568981,0.806812,1.417994,0.0251,0.0,60.0,60.0007,51.45,0.804658,7e-05,6.5e-05,7.3e-05,0.000111,5.8e-05,0.000156,2.9e-05,0.000295,6.8e-05,8.7e-05,8.7e-05,8.1e-05,9.1e-05,0.000138,0.000194,0.000367,0.000108,0.0,60.01,3.6,0.0,4e-06,60.0
norm_0318,Normal,3,sim_10,sim_10,10,Bus 5 Heavy Local Load,PROJECT DESIGN CHOICE,Bus 5 local industrial load increase,train,5000.0,60.0,0.0702,True,0.9613,0.568985,0.80714,1.418561,0.019,0.0,60.0,60.002,51.47,0.804664,0.000143,6.4e-05,0.000117,6.2e-05,1.9e-05,0.000125,2.4e-05,0.000141,3.3e-05,0.000115,0.000178,8e-05,0.000145,7.7e-05,0.000155,0.000175,0.000143,0.0,60.01,3.62,0.0,4e-06,60.0
norm_0319,Normal,3,sim_10,sim_10,10,Bus 5 Heavy Local Load,PROJECT DESIGN CHOICE,Bus 5 local industrial load increase,train,5000.0,60.0,0.0736,True,0.9633,0.569007,0.80735,1.418875,0.0187,0.0,60.0,59.9973,51.16,0.804695,2.7e-05,6.3e-05,5.8e-05,0.000119,7.4e-05,6.7e-05,3.1e-05,0.000148,0.000128,0.000123,3.4e-05,7.8e-05,7.2e-05,0.000148,8.3e-05,0.000184,0.000153,0.0,60.01,3.67,0.0,4e-06,60.0
norm_0320,Normal,3,sim_10,sim_10,10,Bus 5 Heavy Local Load,PROJECT DESIGN CHOICE,Bus 5 local industrial load increase,train,5000.0,60.0,0.077,True,0.9609,0.568991,0.807864,1.419818,0.0285,0.0,60.0,59.9985,51.03,0.804672,9e-05,4.6e-05,0.000102,0.000118,9.1e-05,0.000191,0.000165,5.4e-05,9.3e-05,0.000168,0.000112,5.7e-05,0.000127,0.000147,0.000237,6.7e-05,0.000209,0.0,60.01,3.65,0.0,5e-06,60.0
norm_0321,Normal,3,sim_10,sim_10,10,Bus 5 Heavy Local Load,PROJECT DESIGN CHOICE,Bus 5 local industrial load increase,train,5000.0,60.0,0.0804,True,0.9603,0.568955,0.807393,1.419081,0.0284,0.0,60.0,60.0007,51.62,0.804621,0.000104,0.000103,0.000118,0.000191,5.4e-05,7.2e-05,0.00011,3e-05,8.2e-05,5.1e-05,0.000129,0.000128,0.000147,0.000237,8.9e-05,3.7e-05,6.3e-05,0.0,60.01,3.62,0.0,4e-06,60.0
norm_0322,Normal,3,sim_10,sim_10,10,Bus 5 Heavy Local Load,PROJECT DESIGN CHOICE,Bus 5 local industrial load increase,train,5000.0,60.0,0.0838,True,0.9513,0.569012,0.808154,1.420275,0.024,0.0,60.0,59.9988,51.5,0.804702,5.4e-05,0.000109,0.00021,0.000157,0.000103,2.7e-05,2.7e-05,9.5e-05,0.000101,9.6e-05,6.7e-05,0.000135,0.000261,0.000195,3.4e-05,0.000118,0.000119,0.0,60.01,3.62,0.0,4e-06,60.0
norm_0323,Normal,3,sim_10,sim_10,10,Bus 5 Heavy Local Load,PROJECT DESIGN CHOICE,Bus 5 local industrial load increase,train,5000.0,60.0,0.0872,True,0.9541,0.569069,0.807474,1.418938,0.019,0.0,60.0,60.0002,51.95,0.804783,9e-05,2.5e-05,8.7e-05,0.000148,0.000162,3e-05,8.5e-05,0.00016,7.6e-05,8.5e-05,0.000112,3.1e-05,0.000108,0.000184,3.7e-05,0.000199,0.000106,0.0,60.01,3.58,0.0,4e-06,60.0
norm_0324,Normal,3,sim_10,sim_10,10,Bus 5 Heavy Local Load,PROJECT DESIGN CHOICE,Bus 5 local industrial load increase,train,5000.0,60.0,0.0908,True,0.9552,0.569016,0.807669,1.419413,0.0152,0.0,60.0,60.0053,49.91,0.804707,0.000171,4e-05,2.9e-05,0.000103,9.2e-05,5.3e-05,8.7e-05,0.000178,5e-05,0.000144,0.000212,5e-05,3.6e-05,0.000128,6.6e-05,0.000221,0.000179,0.0,60.01,3.6,0.0,4e-06,60.0
norm_0325,Normal,3,sim_10,sim_10,10,Bus 5 Heavy Local Load,PROJECT DESIGN CHOICE,Bus 5 local industrial load increase,train,5000.0,60.0,0.0942,True,0.9594,0.568974,0.806827,1.418038,0.0091,0.0,60.0,59.9995,51.66,0.804648,0.000117,6.1e-05,0.000104,3.4e-05,0.000133,2.1e-05,9.7e-05,0.00013,9.5e-05,5.8e-05,0.000145,7.6e-05,0.000129,4.2e-05,2.6e-05,0.000162,7.2e-05,0.0,60.01,3.61,0.0,4e-06,60.0
norm_0326,Normal,3,sim_10,sim_10,10,Bus 5 Heavy Local Load,PROJECT DESIGN CHOICE,Bus 5 local industrial load increase,train,5000.0,60.0,0.0976,True,0.9658,0.568959,0.807093,1.418544,0.0195,0.0,60.0,60.0038,50.66,0.804627,3.9e-05,0.0001,9.6e-05,8e-06,9.5e-05,0.000121,5e-05,0.000104,2.1e-05,7.5e-05,4.8e-05,0.000124,0.000119,1e-05,0.00015,0.000129,9.3e-05,0.0,60.01,3.68,0.0,4e-06,60.0
norm_0327,Normal,3,sim_10,sim_10,10,Bus 5 Heavy Local Load,PROJECT DESIGN CHOICE,Bus 5 local industrial load increase,train,5000.0,60.0,0.101,True,0.9631,0.569034,0.807306,1.418731,0.0202,0.0,60.0,59.9993,51.66,0.804733,0.000207,0.000147,0.000142,6.6e-05,0.000131,1.8e-05,0.000113,0.000173,3.7e-05,0.000148,0.000257,0.000183,0.000176,8.2e-05,2.2e-05,0.000215,0.000184,0.0,60.01,3.63,0.0,4e-06,60.0
norm_0328,Normal,3,sim_10,sim_10,10,Bus 5 Heavy Local Load,PROJECT DESIGN CHOICE,Bus 5 local industrial load increase,train,5000.0,60.0,0.1044,True,0.9554,0.568932,0.807064,1.418559,0.0195,0.0,60.0,60.0013,51.74,0.804589,9.4e-05,4.2e-05,5.8e-05,5.7e-05,0.000109,0.00014,2.5e-05,3.9e-05,9.4e-05,6.8e-05,0.000117,5.2e-05,7.2e-05,7.1e-05,0.000174,4.8e-05,8.5e-05,0.0,60.01,3.38,0.0,4e-06,60.0
norm_0329,Normal,3,sim_10,sim_10,10,Bus 5 Heavy Local Load,PROJECT DESIGN CHOICE,Bus 5 local industrial load increase,train,5000.0,60.0,0.1078,True,0.9596,0.568953,0.807736,1.419688,0.0215,0.0,60.0,60.0011,51.38,0.804619,1.8e-05,5e-05,1.7e-05,0.000147,2.7e-05,7.5e-05,6.3e-05,5.1e-05,0.000137,4.5e-05,2.2e-05,6.2e-05,2.1e-05,0.000183,9.3e-05,6.3e-05,5.6e-05,0.0,60.01,3.82,0.0,4e-06,60.0
norm_0330,Normal,3,sim_10,sim_10,10,Bus 5 Heavy Local Load,PROJECT DESIGN CHOICE,Bus 5 local industrial load increase,train,5000.0,60.0,0.1112,True,0.9653,0.568968,0.806946,1.418264,0.0104,0.0,60.0,59.9991,51.82,0.804639,0.000137,1.8e-05,6.8e-05,3.1e-05,0.000137,7.5e-05,0.000109,0.000121,5.5e-05,1.3e-05,0.00017,2.2e-05,8.5e-05,3.9e-05,9.3e-05,0.00015,1.6e-05,0.0,60.01,3.48,0.0,4e-06,60.0
norm_0331,Normal,3,sim_10,sim_10,10,Bus 5 Heavy Local Load,PROJECT DESIGN CHOICE,Bus 5 local industrial load increase,train,5000.0,60.0,0.1146,True,0.9627,0.569002,0.80663,1.417621,0.0139,0.0,60.0,59.9963,50.66,0.804688,8.2e-05,3.9e-05,8e-05,3.8e-05,6e-05,9.8e-05,7.1e-05,2e-05,0.000136,5.9e-05,0.000102,4.8e-05,9.9e-05,4.7e-05,0.000122,2.5e-05,7.3e-05,0.0,60.01,3.59,0.0,4e-06,60.0
norm_0332,Normal,3,sim_10,sim_10,10,Bus 5 Heavy Local Load,PROJECT DESIGN CHOICE,Bus 5 local industrial load increase,train,5000.0,60.0,0.118,True,0.9564,0.568904,0.807396,1.419214,0.0196,0.0,60.0,59.9988,51.54,0.804549,0.000251,0.000107,3.1e-05,8.7e-05,0.000174,7.6e-05,7e-05,6.7e-05,0.00012,5.8e-05,0.000312,0.000133,3.9e-05,0.000108,9.4e-05,8.3e-05,7.2e-05,0.0,60.01,3.54,0.0,4e-06,60.0
norm_0333,Normal,3,sim_10,sim_10,10,Bus 5 Heavy Local Load,PROJECT DESIGN CHOICE,Bus 5 local industrial load increase,train,5000.0,60.0,0.1214,True,0.9598,0.569032,0.80724,1.418621,0.0239,0.0,60.0,59.9988,51.76,0.80473,0.00024,5.7e-05,0.000148,8.4e-05,4.6e-05,0.000163,4e-05,0.000159,6.3e-05,9.9e-05,0.000298,7.1e-05,0.000184,0.000104,0.000203,0.000198,0.000123,0.0,60.01,3.43,0.0,4e-06,60.0
norm_0334,Normal,3,sim_10,sim_10,10,Bus 5 Heavy Local Load,PROJECT DESIGN CHOICE,Bus 5 local industrial load increase,train,5000.0,60.0,0.1248,True,0.9568,0.568915,0.807034,1.418551,0.019,0.0,60.0,60.0002,51.85,0.804564,6.6e-05,7.1e-05,5.6e-05,0.000108,6.8e-05,8.1e-05,0.000136,3.9e-05,1.9e-05,1.6e-05,8.2e-05,8.8e-05,7e-05,0.000134,0.000101,4.8e-05,2e-05,0.0,60.01,3.8,0.0,4e-06,60.0
norm_0335,Normal,3,sim_10,sim_10,10,Bus 5 Heavy Local Load,PROJECT DESIGN CHOICE,Bus 5 local industrial load increase,train,5000.0,60.0,0.1282,True,0.9572,0.569055,0.807633,1.419254,0.0159,0.0,60.0,60.0006,51.73,0.804762,4.2e-05,6.3e-05,9.7e-05,3.7e-05,8.4e-05,0.000105,0.000107,9.3e-05,7.9e-05,2.1e-05,5.2e-05,7.8e-05,0.000121,4.6e-05,0.00013,0.000116,2.6e-05,0.0,60.01,3.73,0.0,4e-06,60.0
norm_0336,Normal,3,sim_10,sim_10,10,Bus 5 Heavy Local Load,PROJECT DESIGN CHOICE,Bus 5 local industrial load increase,train,5000.0,60.0,0.1316,True,0.9578,0.568994,0.806488,1.417393,0.026,0.0,60.0,59.9967,50.73,0.804676,9.8e-05,8.3e-05,8.6e-05,7.9e-05,0.00018,0.000175,0.000104,6.9e-05,9.8e-05,0.000102,0.000122,0.000103,0.000107,9.8e-05,0.000217,8.6e-05,0.000127,0.0,60.01,3.64,0.0,4e-06,60.0
norm_0337,Normal,3,sim_10,sim_10,10,Bus 5 Heavy Local Load,PROJECT DESIGN CHOICE,Bus 5 local industrial load increase,train,5000.0,60.0,0.135,True,0.9556,0.569008,0.807469,1.419082,0.0126,0.0,60.0,59.9987,51.38,0.804696,0.00014,3.2e-05,5.8e-05,2.2e-05,0.000134,9.4e-05,0.0001,4.6e-05,6.9e-05,4.2e-05,0.000174,4e-05,7.2e-05,2.7e-05,0.000117,5.7e-05,5.2e-05,0.0,60.01,3.73,0.0,4e-06,60.0
norm_0338,Normal,3,sim_10,sim_10,10,Bus 5 Heavy Local Load,PROJECT DESIGN CHOICE,Bus 5 local industrial load increase,train,5000.0,60.0,0.1384,True,0.9558,0.569038,0.808167,1.420233,0.0201,0.0,60.0,60.0011,51.38,0.804739,8.7e-05,4.9e-05,4.3e-05,0.000143,9.6e-05,5.8e-05,0.000103,2.6e-05,0.000145,1.4e-05,0.000108,6.1e-05,5.3e-05,0.000178,7.2e-05,3.2e-05,1.7e-05,0.0,60.01,3.64,0.0,4e-06,60.0
norm_0339,Normal,3,sim_10,sim_10,10,Bus 5 Heavy Local Load,PROJECT DESIGN CHOICE,Bus 5 local industrial load increase,train,5000.0,60.0,0.1418,True,0.9616,0.569027,0.807746,1.419521,0.0256,0.0,60.0,60.0008,51.61,0.804723,2.5e-05,6.7e-05,7.2e-05,0.00012,0.000106,0.000154,1e-05,0.000154,6.5e-05,2.3e-05,3.1e-05,8.3e-05,8.9e-05,0.000149,0.000191,0.000191,2.9e-05,0.0,60.01,3.68,0.0,4e-06,60.0
norm_0340,Normal,3,sim_10,sim_10,10,Bus 5 Heavy Local Load,PROJECT DESIGN CHOICE,Bus 5 local industrial load increase,train,5000.0,60.0,0.1452,True,0.9511,0.569048,0.809235,1.422088,0.0214,0.0,60.0,59.9996,51.46,0.804752,0.000114,5e-05,0.000114,1.6e-05,6.5e-05,0.000164,6e-05,4.6e-05,1.5e-05,3.1e-05,0.000142,6.2e-05,0.000142,2e-05,0.000204,5.7e-05,3.9e-05,0.0,60.01,3.75,0.0,4e-06,60.0
norm_0341,Normal,3,sim_10,sim_10,10,Bus 5 Heavy Local Load,PROJECT DESIGN CHOICE,Bus 5 local industrial load increase,train,5000.0,60.0,0.1488,True,0.9451,0.569104,0.806538,1.417207,0.0241,0.0,60.0,60.0007,51.79,0.804832,9.9e-05,0.000156,0.000107,9e-06,4.1e-05,0.000114,7.6e-05,2.2e-05,8.6e-05,2.3e-05,0.000123,0.000194,0.000133,1.1e-05,0.000142,2.7e-05,2.9e-05,0.0,60.01,3.54,0.0,4e-06,60.0
norm_0342,Normal,3,sim_10,sim_10,10,Bus 5 Heavy Local Load,PROJECT DESIGN CHOICE,Bus 5 local industrial load increase,train,5000.0,60.0,0.1522,True,0.9579,0.569041,0.807636,1.419292,0.02,0.0,60.0,60.0001,51.72,0.804743,0.000135,0.000152,7e-06,3.6e-05,0.000133,3.9e-05,7.6e-05,0.000165,8.8e-05,5.4e-05,0.000168,0.000189,9e-06,4.5e-05,4.8e-05,0.000205,6.7e-05,0.0,60.01,3.71,0.0,4e-06,60.0
norm_0343,Normal,3,sim_10,sim_10,10,Bus 5 Heavy Local Load,PROJECT DESIGN CHOICE,Bus 5 local industrial load increase,train,5000.0,60.0,0.1556,True,0.9534,0.569001,0.808404,1.420743,0.0126,0.0,60.0,59.9983,51.56,0.804686,9.2e-05,8.6e-05,0.000105,1.7e-05,8.8e-05,5.2e-05,4.4e-05,8.4e-05,9.4e-05,5.7e-05,0.000114,0.000107,0.00013,2.1e-05,6.5e-05,0.000104,7.1e-05,0.0,60.01,3.63,0.0,4e-06,60.0
norm_0344,Normal,3,sim_10,sim_10,10,Bus 5 Heavy Local Load,PROJECT DESIGN CHOICE,Bus 5 local industrial load increase,train,5000.0,60.0,0.159,True,0.9565,0.569053,0.806062,1.416498,0.0149,0.0,60.0,59.9987,52.01,0.80476,5.7e-05,6.7e-05,7.1e-05,8.8e-05,0.000125,4.7e-05,9.2e-05,2.2e-05,5.1e-05,0.000141,7.1e-05,8.3e-05,8.8e-05,0.000109,5.8e-05,2.7e-05,0.000175,0.0,60.01,3.47,0.0,4e-06,60.0
norm_0345,Normal,3,sim_10,sim_10,10,Bus 5 Heavy Local Load,PROJECT DESIGN CHOICE,Bus 5 local industrial load increase,train,5000.0,60.0,0.1624,True,0.9617,0.569063,0.808398,1.420577,0.0228,0.0,60.0,59.9992,51.43,0.804774,8e-05,9.7e-05,4.8e-05,0.000135,7.6e-05,7.8e-05,1.3e-05,2.2e-05,0.000104,0.000152,9.9e-05,0.000121,6e-05,0.000168,9.7e-05,2.7e-05,0.000189,0.0,60.01,3.66,0.0,4e-06,60.0
norm_0346,Normal,3,sim_10,sim_10,10,Bus 5 Heavy Local Load,PROJECT DESIGN CHOICE,Bus 5 local industrial load increase,train,5000.0,60.0,0.1658,True,0.9561,0.56899,0.806416,1.417276,0.0137,0.0,60.0,59.9977,51.09,0.804671,4.2e-05,5.8e-05,0.000149,8.6e-05,0.00013,3.6e-05,2e-05,2.5e-05,5.9e-05,0.000108,5.2e-05,7.2e-05,0.000185,0.000107,4.5e-05,3.1e-05,0.000134,0.0,60.01,3.63,0.0,4e-06,60.0
norm_0347,Normal,3,sim_10,sim_10,10,Bus 5 Heavy Local Load,PROJECT DESIGN CHOICE,Bus 5 local industrial load increase,train,5000.0,60.0,0.1692,True,0.9582,0.568968,0.806846,1.418086,0.0134,0.0,60.0,60.0024,51.5,0.80464,8.2e-05,8.5e-05,9.1e-05,5.1e-05,7.3e-05,4.3e-05,8.6e-05,8.5e-05,2.5e-05,3.9e-05,0.000102,0.000106,0.000113,6.3e-05,5.3e-05,0.000106,4.8e-05,0.0,60.01,3.38,0.0,4e-06,60.0
norm_0348,Normal,3,sim_10,sim_10,10,Bus 5 Heavy Local Load,PROJECT DESIGN CHOICE,Bus 5 local industrial load increase,train,5000.0,60.0,0.1726,True,0.9625,0.568984,0.807854,1.41982,0.0104,0.0,60.0,59.9991,52.16,0.804662,3.7e-05,7e-06,0.000137,6.6e-05,7.4e-05,5.2e-05,0.000102,4.2e-05,0.000172,0.000172,4.6e-05,9e-06,0.00017,8.2e-05,6.5e-05,5.2e-05,0.000214,0.0,60.01,3.4,0.0,4e-06,60.0
norm_0349,Normal,3,sim_10,sim_10,10,Bus 5 Heavy Local Load,PROJECT DESIGN CHOICE,Bus 5 local industrial load increase,train,5000.0,60.0,0.176,True,0.9664,0.569039,0.807146,1.418438,0.0102,0.0,60.0,59.9977,51.19,0.804739,4.4e-05,1.3e-05,2.7e-05,7.8e-05,5.7e-05,2.2e-05,0.000118,8.6e-05,5.5e-05,3.9e-05,5.5e-05,1.6e-05,3.4e-05,9.7e-05,2.7e-05,0.000107,4.8e-05,0.0,60.01,3.75,0.0,4e-06,60.0
norm_0350,Normal,3,sim_11,sim_11,11,Bus 5 Light Local Load,PROJECT DESIGN CHOICE,Bus 5 local industrial shutdown / weekend drop,val,5000.0,60.0,0.06,True,0.9138,0.610716,0.865847,1.417757,0.0258,0.0,60.0,60.0004,52.38,0.86368,0.000111,0.00012,0.00012,0.000174,9.4e-05,7.1e-05,2.9e-05,6.9e-05,3.3e-05,2e-05,0.000129,0.000139,0.000139,0.000201,8.2e-05,8e-05,2.3e-05,0.0,60.01,3.37,0.0,3e-06,60.0
norm_0351,Normal,3,sim_11,sim_11,11,Bus 5 Light Local Load,PROJECT DESIGN CHOICE,Bus 5 local industrial shutdown / weekend drop,val,5000.0,60.0,0.0634,True,0.9199,0.610701,0.8669,1.419516,0.0091,0.0,60.0,59.9995,52.07,0.863659,1.3e-05,1.5e-05,0.000146,6.6e-05,8.3e-05,4.1e-05,7.1e-05,6e-05,0.000117,0.0001,1.5e-05,1.7e-05,0.000169,7.6e-05,4.7e-05,6.9e-05,0.000116,0.0,60.01,3.53,0.0,4e-06,60.0
norm_0352,Normal,3,sim_11,sim_11,11,Bus 5 Light Local Load,PROJECT DESIGN CHOICE,Bus 5 local industrial shutdown / weekend drop,val,5000.0,60.0,0.0668,True,0.9158,0.610765,0.866713,1.41906,0.0208,0.0,60.0,60.002,52.15,0.86375,6.6e-05,0.000147,2.4e-05,0.0001,7.7e-05,2.9e-05,0.000121,1e-05,0.000146,4.7e-05,7.6e-05,0.00017,2.8e-05,0.000116,3.4e-05,1.2e-05,5.4e-05,0.0,60.01,3.32,0.0,3e-06,60.0
norm_0353,Normal,3,sim_11,sim_11,11,Bus 5 Light Local Load,PROJECT DESIGN CHOICE,Bus 5 local industrial shutdown / weekend drop,val,5000.0,60.0,0.0702,True,0.9184,0.610665,0.866063,1.41823,0.0147,0.0,60.0,59.9985,52.19,0.863608,0.000102,7.5e-05,4.2e-05,4e-05,9.8e-05,9.3e-05,5e-05,0.000135,5.7e-05,7.6e-05,0.000118,8.7e-05,4.9e-05,4.6e-05,0.000108,0.000156,8.8e-05,0.0,60.01,3.31,0.0,3e-06,60.0
norm_0354,Normal,3,sim_11,sim_11,11,Bus 5 Light Local Load,PROJECT DESIGN CHOICE,Bus 5 local industrial shutdown / weekend drop,val,5000.0,60.0,0.0736,True,0.9151,0.610695,0.86645,1.418793,0.0139,0.0,60.0,60.0019,51.94,0.863651,7.6e-05,4.9e-05,0.000127,8.3e-05,3.5e-05,7.1e-05,5.4e-05,2.3e-05,0.000157,0.000116,8.8e-05,5.7e-05,0.000147,9.6e-05,8.2e-05,2.7e-05,0.000134,0.0,60.01,3.62,0.0,4e-06,60.0
norm_0355,Normal,3,sim_11,sim_11,11,Bus 5 Light Local Load,PROJECT DESIGN CHOICE,Bus 5 local industrial shutdown / weekend drop,val,5000.0,60.0,0.077,True,0.9156,0.610653,0.866058,1.418249,0.0195,0.0,60.0,59.9969,51.65,0.863592,5.4e-05,0.000149,2.5e-05,7.2e-05,0.000107,3e-05,0.000228,5.2e-05,0.000116,0.000111,6.3e-05,0.000173,2.9e-05,8.3e-05,3.5e-05,6e-05,0.000129,0.0,60.01,3.35,0.0,3e-06,60.0
norm_0356,Normal,3,sim_11,sim_11,11,Bus 5 Light Local Load,PROJECT DESIGN CHOICE,Bus 5 local industrial shutdown / weekend drop,val,5000.0,60.0,0.0804,True,0.9222,0.61075,0.867504,1.420392,0.017,0.0,60.0,59.9994,52.03,0.863728,8e-06,0.000141,7.1e-05,3.2e-05,4.8e-05,2.5e-05,0.000172,8.3e-05,3.5e-05,4.6e-05,9e-06,0.000163,8.2e-05,3.7e-05,2.9e-05,9.6e-05,5.3e-05,0.0,60.01,3.51,0.0,4e-06,60.0
norm_0357,Normal,3,sim_11,sim_11,11,Bus 5 Light Local Load,PROJECT DESIGN CHOICE,Bus 5 local industrial shutdown / weekend drop,val,5000.0,60.0,0.0838,True,0.9212,0.610686,0.865418,1.417124,0.021,0.0,60.0,60.0011,52.12,0.863638,7.9e-05,3.5e-05,0.000189,0.000139,4.9e-05,0.000111,7.8e-05,7.2e-05,3.7e-05,3.2e-05,9.1e-05,4.1e-05,0.000219,0.000161,0.000129,8.3e-05,3.7e-05,0.0,60.01,3.54,0.0,3e-06,60.0
norm_0358,Normal,3,sim_11,sim_11,11,Bus 5 Light Local Load,PROJECT DESIGN CHOICE,Bus 5 local industrial shutdown / weekend drop,val,5000.0,60.0,0.0872,True,0.915,0.610749,0.866828,1.419286,0.0197,0.0,60.0,59.9983,52.4,0.863727,9.1e-05,2.1e-05,0.000105,7.3e-05,9.2e-05,0.000152,0.000109,0.000117,0.000125,6.1e-05,0.000105,2.4e-05,0.000122,8.5e-05,0.000176,0.000135,7.1e-05,0.0,60.01,3.25,0.0,3e-06,60.0
norm_0359,Normal,3,sim_11,sim_11,11,Bus 5 Light Local Load,PROJECT DESIGN CHOICE,Bus 5 local industrial shutdown / weekend drop,val,5000.0,60.0,0.0908,True,0.9221,0.610637,0.867224,1.420197,0.021,0.0,60.0,59.999,52.22,0.863568,5.6e-05,7.6e-05,0.000125,0.000138,0.000123,9e-05,6.7e-05,0.000168,5.3e-05,8.4e-05,6.5e-05,8.8e-05,0.000145,0.00016,0.000104,0.000195,9.7e-05,0.0,60.01,3.38,0.0,4e-06,60.0
norm_0360,Normal,3,sim_11,sim_11,11,Bus 5 Light Local Load,PROJECT DESIGN CHOICE,Bus 5 local industrial shutdown / weekend drop,val,5000.0,60.0,0.0942,True,0.9148,0.610703,0.865363,1.416994,0.0144,0.0,60.0,60.0016,52.11,0.863663,8.7e-05,0.000101,6.6e-05,6.4e-05,0.000149,3.4e-05,7e-05,2e-05,9.4e-05,4.4e-05,0.000101,0.000117,7.6e-05,7.4e-05,3.9e-05,2.3e-05,5.1e-05,0.0,60.01,3.39,0.0,3e-06,60.0
norm_0361,Normal,3,sim_11,sim_11,11,Bus 5 Light Local Load,PROJECT DESIGN CHOICE,Bus 5 local industrial shutdown / weekend drop,val,5000.0,60.0,0.0976,True,0.9064,0.610798,0.867999,1.421091,0.0146,0.0,60.0,60.0016,52.03,0.863796,7.4e-05,0.000106,2.6e-05,2e-05,1.7e-05,6.6e-05,8.9e-05,5.9e-05,8e-05,8e-05,8.6e-05,0.000123,3e-05,2.3e-05,7.6e-05,6.8e-05,9.3e-05,0.0,60.01,3.46,0.0,3e-06,60.0
norm_0362,Normal,3,sim_11,sim_11,11,Bus 5 Light Local Load,PROJECT DESIGN CHOICE,Bus 5 local industrial shutdown / weekend drop,val,5000.0,60.0,0.101,True,0.932,0.610667,0.866786,1.419409,0.0207,0.0,60.0,59.999,52.31,0.863611,5.2e-05,0.000154,0.000125,6.7e-05,0.000103,6.1e-05,5.3e-05,9.7e-05,0.000117,0.000106,6e-05,0.000178,0.000145,7.8e-05,7.1e-05,0.000112,0.000123,0.0,60.01,3.19,0.0,3e-06,60.0
norm_0363,Normal,3,sim_11,sim_11,11,Bus 5 Light Local Load,PROJECT DESIGN CHOICE,Bus 5 local industrial shutdown / weekend drop,val,5000.0,60.0,0.1044,True,0.9221,0.610718,0.865837,1.417736,0.0168,0.0,60.0,60.0008,52.35,0.863683,4.1e-05,9e-05,6e-05,7.1e-05,0.000123,8.8e-05,0.000105,0.000188,5.1e-05,0.000129,4.7e-05,0.000104,6.9e-05,8.2e-05,0.000102,0.000218,0.000149,0.0,60.01,3.36,0.0,3e-06,60.0
norm_0364,Normal,3,sim_11,sim_11,11,Bus 5 Light Local Load,PROJECT DESIGN CHOICE,Bus 5 local industrial shutdown / weekend drop,val,5000.0,60.0,0.1078,True,0.9152,0.610659,0.866567,1.419069,0.0204,0.0,60.0,59.9989,51.87,0.863599,7.4e-05,0.000149,3.8e-05,7.3e-05,9e-05,6e-05,6.4e-05,2.5e-05,0.000142,0.000145,8.6e-05,0.000173,4.4e-05,8.5e-05,6.9e-05,2.9e-05,0.000168,0.0,60.01,3.57,0.0,4e-06,60.0
norm_0365,Normal,3,sim_11,sim_11,11,Bus 5 Light Local Load,PROJECT DESIGN CHOICE,Bus 5 local industrial shutdown / weekend drop,val,5000.0,60.0,0.1112,True,0.9129,0.610694,0.865596,1.417398,0.0147,0.0,60.0,59.9991,52.19,0.863649,0.000134,6.9e-05,7.4e-05,1.2e-05,2.8e-05,0.000106,5.2e-05,1.5e-05,9.4e-05,9e-05,0.000155,8e-05,8.6e-05,1.4e-05,0.000123,1.7e-05,0.000104,0.0,60.01,3.47,0.0,4e-06,60.0
norm_0366,Normal,3,sim_11,sim_11,11,Bus 5 Light Local Load,PROJECT DESIGN CHOICE,Bus 5 local industrial shutdown / weekend drop,val,5000.0,60.0,0.1146,True,0.924,0.610637,0.866733,1.419392,0.0115,0.0,60.0,60.001,52.23,0.863569,0.000167,5.8e-05,0.000163,2.4e-05,9.7e-05,7.7e-05,6.6e-05,0.000138,7e-06,0.000111,0.000193,6.7e-05,0.000189,2.8e-05,8.9e-05,0.00016,0.000129,0.0,60.01,3.32,0.0,3e-06,60.0
norm_0367,Normal,3,sim_11,sim_11,11,Bus 5 Light Local Load,PROJECT DESIGN CHOICE,Bus 5 local industrial shutdown / weekend drop,val,5000.0,60.0,0.118,True,0.9227,0.610698,0.865996,1.418043,0.0157,0.0,60.0,59.9988,52.45,0.863655,9.8e-05,1.9e-05,6e-05,3.4e-05,3e-05,0.00013,7.7e-05,3.2e-05,4.1e-05,9.1e-05,0.000113,2.2e-05,6.9e-05,3.9e-05,0.000151,3.7e-05,0.000105,0.0,60.01,3.26,0.0,3e-06,60.0
norm_0368,Normal,3,sim_11,sim_11,11,Bus 5 Light Local Load,PROJECT DESIGN CHOICE,Bus 5 local industrial shutdown / weekend drop,val,5000.0,60.0,0.1214,True,0.9042,0.61077,0.866965,1.419462,0.0156,0.0,60.0,60.0007,52.25,0.863757,0.000137,0.000125,7.5e-05,4.1e-05,6.1e-05,3e-05,4.2e-05,0.000102,9.9e-05,5e-06,0.000159,0.000145,8.7e-05,4.7e-05,3.5e-05,0.000118,6e-06,0.0,60.01,3.33,0.0,4e-06,60.0
norm_0369,Normal,3,sim_11,sim_11,11,Bus 5 Light Local Load,PROJECT DESIGN CHOICE,Bus 5 local industrial shutdown / weekend drop,val,5000.0,60.0,0.1248,True,0.923,0.61072,0.866115,1.418188,0.0197,0.0,60.0,60.0,52.84,0.863686,6.3e-05,6.8e-05,0.000148,5.4e-05,0.000133,0.000146,0.000115,7.8e-05,8.6e-05,5.6e-05,7.3e-05,7.9e-05,0.000171,6.3e-05,0.000169,9e-05,6.5e-05,0.0,60.01,3.18,0.0,3e-06,60.0
norm_0370,Normal,3,sim_11,sim_11,11,Bus 5 Light Local Load,PROJECT DESIGN CHOICE,Bus 5 local industrial shutdown / weekend drop,val,5000.0,60.0,0.1282,True,0.9138,0.610712,0.865938,1.417916,0.0058,0.0,60.0,60.0025,52.1,0.863674,4.4e-05,2.5e-05,0.000136,1.8e-05,6.7e-05,4e-05,8.7e-05,7e-05,0.000173,3e-05,5.1e-05,2.9e-05,0.000157,2.1e-05,4.6e-05,8.1e-05,3.5e-05,0.0,60.01,3.24,0.0,3e-06,60.0
norm_0371,Normal,3,sim_11,sim_11,11,Bus 5 Light Local Load,PROJECT DESIGN CHOICE,Bus 5 local industrial shutdown / weekend drop,val,5000.0,60.0,0.1316,True,0.9141,0.610749,0.865347,1.416862,0.0209,0.0,60.0,60.0,52.6,0.863727,8.7e-05,6.4e-05,6.4e-05,0.00013,9.6e-05,0.000108,0.000142,9.7e-05,4.1e-05,2.7e-05,0.000101,7.4e-05,7.4e-05,0.000151,0.000125,0.000112,3.1e-05,0.0,60.01,3.27,0.0,3e-06,60.0
norm_0372,Normal,3,sim_11,sim_11,11,Bus 5 Light Local Load,PROJECT DESIGN CHOICE,Bus 5 local industrial shutdown / weekend drop,val,5000.0,60.0,0.135,True,0.9221,0.610692,0.866024,1.418102,0.0103,0.0,60.0,59.9992,52.41,0.863647,3.5e-05,2.3e-05,9.7e-05,2.3e-05,6.2e-05,8.3e-05,0.000121,3.6e-05,4.6e-05,0.00014,4.1e-05,2.7e-05,0.000112,2.7e-05,9.6e-05,4.2e-05,0.000162,0.0,60.01,3.33,0.0,3e-06,60.0
norm_0373,Normal,3,sim_11,sim_11,11,Bus 5 Light Local Load,PROJECT DESIGN CHOICE,Bus 5 local industrial shutdown / weekend drop,val,5000.0,60.0,0.1384,True,0.9217,0.610719,0.866494,1.41881,0.0138,0.0,60.0,60.0002,52.17,0.863685,9.3e-05,5.8e-05,7.8e-05,8e-05,5e-05,6.7e-05,3e-05,9.3e-05,0.00015,8.1e-05,0.000108,6.7e-05,9e-05,9.3e-05,7.8e-05,0.000108,9.4e-05,0.0,60.01,3.43,0.0,4e-06,60.0
norm_0374,Normal,3,sim_11,sim_11,11,Bus 5 Light Local Load,PROJECT DESIGN CHOICE,Bus 5 local industrial shutdown / weekend drop,val,5000.0,60.0,0.1418,True,0.9189,0.610796,0.865782,1.417466,0.0227,0.0,60.0,59.9987,52.1,0.863793,0.000154,0.000108,4.2e-05,4.4e-05,1.7e-05,0.000157,0.000117,3.2e-05,0.000101,8.6e-05,0.000178,0.000125,4.9e-05,5.1e-05,0.000182,3.7e-05,0.0001,0.0,60.01,3.42,0.0,3e-06,60.0
norm_0375,Normal,3,sim_11,sim_11,11,Bus 5 Light Local Load,PROJECT DESIGN CHOICE,Bus 5 local industrial shutdown / weekend drop,val,5000.0,60.0,0.1452,True,0.9241,0.610673,0.866715,1.419277,0.0132,0.0,60.0,59.997,51.41,0.86362,0.000145,2.1e-05,8.9e-05,0.000107,0.000108,3.4e-05,3.4e-05,0.000111,0.000127,0.000105,0.000168,2.4e-05,0.000103,0.000124,3.9e-05,0.000129,0.000122,0.0,60.01,3.43,0.0,4e-06,60.0
norm_0376,Normal,3,sim_11,sim_11,11,Bus 5 Light Local Load,PROJECT DESIGN CHOICE,Bus 5 local industrial shutdown / weekend drop,val,5000.0,60.0,0.1488,True,0.9137,0.610691,0.866015,1.41809,0.0317,0.0,60.0,59.9994,52.28,0.863645,7.5e-05,0.000117,8.5e-05,0.000219,5.4e-05,0.000116,6.6e-05,5e-05,0.000115,1.9e-05,8.7e-05,0.000135,9.8e-05,0.000254,0.000134,5.8e-05,2.2e-05,0.0,60.01,3.42,0.0,3e-06,60.0
norm_0377,Normal,3,sim_11,sim_11,11,Bus 5 Light Local Load,PROJECT DESIGN CHOICE,Bus 5 local industrial shutdown / weekend drop,val,5000.0,60.0,0.1522,True,0.9129,0.610685,0.865953,1.418002,0.0182,0.0,60.0,59.9982,52.39,0.863637,1.2e-05,5.2e-05,9e-05,0.000147,1.3e-05,1.7e-05,3.9e-05,4e-05,5.3e-05,9.6e-05,1.4e-05,6e-05,0.000104,0.00017,2e-05,4.6e-05,0.000111,0.0,60.01,3.21,0.0,3e-06,60.0
norm_0378,Normal,3,sim_11,sim_11,11,Bus 5 Light Local Load,PROJECT DESIGN CHOICE,Bus 5 local industrial shutdown / weekend drop,val,5000.0,60.0,0.1556,True,0.9153,0.61078,0.866878,1.419298,0.03,0.0,60.0,59.9997,52.17,0.86377,0.000149,8.9e-05,4.8e-05,0.000105,0.000164,0.00022,8.2e-05,6.8e-05,0.000116,4.4e-05,0.000172,0.000103,5.6e-05,0.000122,0.000255,7.9e-05,5.1e-05,0.0,60.01,3.47,0.0,3e-06,60.0
norm_0379,Normal,3,sim_11,sim_11,11,Bus 5 Light Local Load,PROJECT DESIGN CHOICE,Bus 5 local industrial shutdown / weekend drop,val,5000.0,60.0,0.159,True,0.9153,0.610748,0.866387,1.418566,0.0135,0.0,60.0,59.9965,51.11,0.863726,1.2e-05,9.3e-05,1e-05,3e-05,5.2e-05,6.5e-05,5.4e-05,8.3e-05,0.000133,0.000102,1.4e-05,0.000108,1.2e-05,3.5e-05,7.5e-05,9.6e-05,0.000118,0.0,60.01,3.5,0.0,4e-06,60.0
norm_0380,Normal,3,sim_11,sim_11,11,Bus 5 Light Local Load,PROJECT DESIGN CHOICE,Bus 5 local industrial shutdown / weekend drop,val,5000.0,60.0,0.1624,True,0.9153,0.610686,0.866419,1.418764,0.0118,0.0,60.0,59.9996,52.01,0.863638,0.000116,8.4e-05,7e-05,5.6e-05,0.000105,1.2e-05,2.4e-05,5.3e-05,4e-05,6.3e-05,0.000134,9.7e-05,8.1e-05,6.5e-05,1.4e-05,6.1e-05,7.3e-05,0.0,60.01,3.42,0.0,4e-06,60.0
norm_0381,Normal,3,sim_11,sim_11,11,Bus 5 Light Local Load,PROJECT DESIGN CHOICE,Bus 5 local industrial shutdown / weekend drop,val,5000.0,60.0,0.1658,True,0.9159,0.610706,0.866258,1.418452,0.0179,0.0,60.0,60.0009,52.27,0.863667,7.7e-05,5.3e-05,3.2e-05,3.4e-05,8.5e-05,0.000141,7.3e-05,0.0001,8e-05,6.1e-05,8.9e-05,6.1e-05,3.7e-05,3.9e-05,0.000163,0.000116,7.1e-05,0.0,60.01,3.44,0.0,3e-06,60.0
norm_0382,Normal,3,sim_11,sim_11,11,Bus 5 Light Local Load,PROJECT DESIGN CHOICE,Bus 5 local industrial shutdown / weekend drop,val,5000.0,60.0,0.1692,True,0.9099,0.610771,0.866371,1.418487,0.0081,0.0,60.0,59.9996,52.36,0.863758,3.5e-05,3.3e-05,0.000116,5.6e-05,9.1e-05,2.7e-05,8.2e-05,4.5e-05,0.000268,0.000101,4.1e-05,3.8e-05,0.000134,6.5e-05,3.1e-05,5.2e-05,0.000117,0.0,60.01,3.33,0.0,3e-06,60.0
norm_0383,Normal,3,sim_11,sim_11,11,Bus 5 Light Local Load,PROJECT DESIGN CHOICE,Bus 5 local industrial shutdown / weekend drop,val,5000.0,60.0,0.1726,True,0.9059,0.610788,0.865573,1.417141,0.0177,0.0,60.0,60.001,52.13,0.863782,0.000153,0.000106,7.6e-05,8.9e-05,0.00012,6.5e-05,5.7e-05,3.3e-05,2.9e-05,0.000148,0.000177,0.000123,8.8e-05,0.000103,7.5e-05,3.8e-05,0.000171,0.0,60.01,3.49,0.0,4e-06,60.0
norm_0384,Normal,3,sim_11,sim_11,11,Bus 5 Light Local Load,PROJECT DESIGN CHOICE,Bus 5 local industrial shutdown / weekend drop,val,5000.0,60.0,0.176,True,0.9214,0.610746,0.865769,1.41756,0.0187,0.0,60.0,59.9992,52.22,0.863723,0.000215,0.000144,8.7e-05,4e-05,0.000107,6.2e-05,9.9e-05,0.000178,8.2e-05,4.8e-05,0.000249,0.000167,0.000101,4.6e-05,7.2e-05,0.000206,5.6e-05,0.0,60.01,3.41,0.0,3e-06,60.0
norm_0385,Normal,3,sim_12,sim_12,12,Bus 6 Heavy Local Load,PROJECT DESIGN CHOICE,Bus 6 regional load expansion,train,5000.0,60.0,0.06,True,1.0268,0.575921,0.817345,1.419196,0.0147,0.0,60.0,60.0005,51.8,0.814473,6.4e-05,7.8e-05,5.4e-05,8.2e-05,7e-05,3.7e-05,0.000185,0.000123,0.000127,7.7e-05,7.9e-05,9.6e-05,6.6e-05,0.000101,4.5e-05,0.000151,9.5e-05,0.0,60.01,3.48,0.0,4e-06,60.0
norm_0386,Normal,3,sim_12,sim_12,12,Bus 6 Heavy Local Load,PROJECT DESIGN CHOICE,Bus 6 regional load expansion,train,5000.0,60.0,0.0634,True,1.038,0.575838,0.816798,1.418452,0.0133,0.0,60.0,60.0012,51.56,0.814355,0.000168,6.8e-05,6.8e-05,8.3e-05,8.5e-05,1.6e-05,0.000102,7.5e-05,9.6e-05,5.9e-05,0.000206,8.4e-05,8.4e-05,0.000102,2e-05,9.2e-05,7.2e-05,0.0,60.01,3.64,0.0,4e-06,60.0
norm_0387,Normal,3,sim_12,sim_12,12,Bus 6 Heavy Local Load,PROJECT DESIGN CHOICE,Bus 6 regional load expansion,train,5000.0,60.0,0.0668,True,1.0271,0.575883,0.816652,1.418085,0.0318,0.0,60.0,59.998,51.6,0.814419,7.9e-05,4.8e-05,0.00014,8.1e-05,7.5e-05,0.000241,0.000121,0.000177,7.3e-05,8.4e-05,9.7e-05,5.9e-05,0.000172,9.9e-05,0.000296,0.000217,0.000103,0.0,60.01,3.49,0.0,4e-06,60.0
norm_0388,Normal,3,sim_12,sim_12,12,Bus 6 Heavy Local Load,PROJECT DESIGN CHOICE,Bus 6 regional load expansion,train,5000.0,60.0,0.0702,True,1.0343,0.57592,0.81796,1.420267,0.0152,0.0,60.0,59.9983,51.56,0.814471,7.6e-05,6.9e-05,7.9e-05,6.3e-05,0.000128,8.2e-05,8.9e-05,6.7e-05,8.5e-05,4.9e-05,9.3e-05,8.5e-05,9.7e-05,7.7e-05,0.000101,8.2e-05,6e-05,0.0,60.01,3.46,0.0,3e-06,60.0
norm_0389,Normal,3,sim_12,sim_12,12,Bus 6 Heavy Local Load,PROJECT DESIGN CHOICE,Bus 6 regional load expansion,train,5000.0,60.0,0.0736,True,1.032,0.575886,0.819749,1.423457,0.0127,0.0,60.0,60.0022,51.16,0.814423,0.000126,6.3e-05,7.9e-05,2.1e-05,0.00011,7.9e-05,6.2e-05,2e-05,6.6e-05,8.7e-05,0.000155,7.7e-05,9.7e-05,2.6e-05,9.7e-05,2.5e-05,0.000107,0.0,60.01,3.72,0.0,4e-06,60.0
norm_0390,Normal,3,sim_12,sim_12,12,Bus 6 Heavy Local Load,PROJECT DESIGN CHOICE,Bus 6 regional load expansion,train,5000.0,60.0,0.077,True,1.031,0.575808,0.817353,1.419488,0.0262,0.0,60.0,59.9996,51.67,0.814313,0.000104,9.9e-05,5.4e-05,0.000143,8.7e-05,0.000123,7.5e-05,4.7e-05,3.1e-05,0.000131,0.000128,0.000122,6.6e-05,0.000176,0.000151,5.8e-05,0.000161,0.0,60.01,3.66,0.0,4e-06,60.0
norm_0391,Normal,3,sim_12,sim_12,12,Bus 6 Heavy Local Load,PROJECT DESIGN CHOICE,Bus 6 regional load expansion,train,5000.0,60.0,0.0804,True,1.031,0.575864,0.817976,1.420434,0.0197,0.0,60.0,59.9976,51.21,0.814392,0.000148,9e-05,0.000118,9.2e-05,6.7e-05,9.6e-05,0.000123,7.2e-05,0.000106,0.000194,0.000182,0.000111,0.000145,0.000113,0.000118,8.8e-05,0.000238,0.0,60.01,3.51,0.0,4e-06,60.0
norm_0392,Normal,3,sim_12,sim_12,12,Bus 6 Heavy Local Load,PROJECT DESIGN CHOICE,Bus 6 regional load expansion,train,5000.0,60.0,0.0838,True,1.023,0.575847,0.817907,1.420355,0.0256,0.0,60.0,59.9989,51.84,0.814368,9.2e-05,8.9e-05,9.5e-05,4.1e-05,4.2e-05,0.000184,0.000125,3.9e-05,8.8e-05,3.1e-05,0.000113,0.000109,0.000117,5e-05,0.000226,4.8e-05,3.8e-05,0.0,60.01,3.56,0.0,4e-06,60.0
norm_0393,Normal,3,sim_12,sim_12,12,Bus 6 Heavy Local Load,PROJECT DESIGN CHOICE,Bus 6 regional load expansion,train,5000.0,60.0,0.0872,True,1.0245,0.575876,0.817229,1.419105,0.0174,0.0,60.0,59.9987,51.64,0.814409,7.8e-05,4.7e-05,0.000128,0.000124,6e-05,4.9e-05,0.000123,8.9e-05,7.7e-05,8.9e-05,9.6e-05,5.8e-05,0.000157,0.000152,6e-05,0.000109,0.000109,0.0,60.01,3.64,0.0,4e-06,60.0
norm_0394,Normal,3,sim_12,sim_12,12,Bus 6 Heavy Local Load,PROJECT DESIGN CHOICE,Bus 6 regional load expansion,train,5000.0,60.0,0.0908,True,1.0381,0.575869,0.817471,1.419542,0.0209,0.0,60.0,59.9973,51.18,0.814399,9.4e-05,5.7e-05,0.000153,0.000153,2.3e-05,4.6e-05,1.8e-05,7.6e-05,7e-05,0.0001,0.000115,7e-05,0.000188,0.000188,5.6e-05,9.3e-05,0.000123,0.0,60.01,3.73,0.0,4e-06,60.0
norm_0395,Normal,3,sim_12,sim_12,12,Bus 6 Heavy Local Load,PROJECT DESIGN CHOICE,Bus 6 regional load expansion,train,5000.0,60.0,0.0942,True,1.0308,0.575914,0.819371,1.422732,0.015,0.0,60.0,60.0021,51.54,0.814463,0.00011,7.3e-05,9.3e-05,2.6e-05,0.000157,9.5e-05,5.8e-05,0.000126,7.1e-05,9.1e-05,0.000135,9e-05,0.000114,3.2e-05,0.000117,0.000155,0.000112,0.0,60.01,3.53,0.0,4e-06,60.0
norm_0396,Normal,3,sim_12,sim_12,12,Bus 6 Heavy Local Load,PROJECT DESIGN CHOICE,Bus 6 regional load expansion,train,5000.0,60.0,0.0976,True,1.03,0.575843,0.818203,1.420878,0.0182,0.0,60.0,59.9991,51.62,0.814363,0.000117,0.000117,4.1e-05,2.8e-05,9.2e-05,8.6e-05,2.2e-05,8.3e-05,8e-05,6.3e-05,0.000144,0.000144,5e-05,3.4e-05,0.000106,0.000102,7.7e-05,0.0,60.01,3.57,0.0,4e-06,60.0
norm_0397,Normal,3,sim_12,sim_12,12,Bus 6 Heavy Local Load,PROJECT DESIGN CHOICE,Bus 6 regional load expansion,train,5000.0,60.0,0.101,True,1.0316,0.575812,0.816995,1.418858,0.0099,0.0,60.0,60.0014,51.43,0.814319,7e-05,5.8e-05,0.000136,4.4e-05,4.7e-05,3.4e-05,5e-05,7.7e-05,0.000189,0.000162,8.6e-05,7.1e-05,0.000167,5.4e-05,4.2e-05,9.5e-05,0.000199,0.0,60.01,3.71,0.0,4e-06,60.0
norm_0398,Normal,3,sim_12,sim_12,12,Bus 6 Heavy Local Load,PROJECT DESIGN CHOICE,Bus 6 regional load expansion,train,5000.0,60.0,0.1044,True,1.0364,0.575902,0.817681,1.419827,0.0153,0.0,60.0,60.0003,51.41,0.814446,0.000108,5.1e-05,5.6e-05,9.5e-05,0.000149,6.2e-05,7.3e-05,0.000111,8.6e-05,0.000175,0.000133,6.3e-05,6.9e-05,0.000117,7.6e-05,0.000136,0.000215,0.0,60.01,3.69,0.0,4e-06,60.0
norm_0399,Normal,3,sim_12,sim_12,12,Bus 6 Heavy Local Load,PROJECT DESIGN CHOICE,Bus 6 regional load expansion,train,5000.0,60.0,0.1078,True,1.032,0.57588,0.815744,1.416517,0.0285,0.0,60.0,59.9993,51.81,0.814415,5.7e-05,0.000139,8.4e-05,0.000182,3.4e-05,4.2e-05,0.000111,3.7e-05,6.4e-05,0.000175,7e-05,0.000171,0.000103,0.000223,5.2e-05,4.5e-05,0.000215,0.0,60.01,3.46,0.0,4e-06,60.0
norm_0400,Normal,3,sim_12,sim_12,12,Bus 6 Heavy Local Load,PROJECT DESIGN CHOICE,Bus 6 regional load expansion,train,5000.0,60.0,0.1112,True,1.0274,0.575901,0.817102,1.418823,0.0187,0.0,60.0,60.0007,51.7,0.814444,0.000132,4.5e-05,0.000127,5.8e-05,0.0001,0.000134,7.6e-05,2.4e-05,9.9e-05,6.6e-05,0.000162,5.5e-05,0.000156,7.1e-05,0.000165,2.9e-05,8.1e-05,0.0,60.01,3.61,0.0,4e-06,60.0
norm_0401,Normal,3,sim_12,sim_12,12,Bus 6 Heavy Local Load,PROJECT DESIGN CHOICE,Bus 6 regional load expansion,train,5000.0,60.0,0.1146,True,1.0385,0.575852,0.817121,1.418977,0.0091,0.0,60.0,59.999,51.73,0.814375,0.000111,4.4e-05,0.000214,5.8e-05,0.000158,1.2e-05,6.4e-05,8.1e-05,3.5e-05,9.6e-05,0.000136,5.4e-05,0.000263,7.1e-05,1.5e-05,9.9e-05,0.000118,0.0,60.01,3.57,0.0,4e-06,60.0
norm_0402,Normal,3,sim_12,sim_12,12,Bus 6 Heavy Local Load,PROJECT DESIGN CHOICE,Bus 6 regional load expansion,train,5000.0,60.0,0.118,True,1.0348,0.57589,0.816947,1.418582,0.0168,0.0,60.0,59.9977,51.39,0.814428,2.8e-05,0.000129,6e-05,3.7e-05,6e-05,2.7e-05,0.000136,7.1e-05,2.9e-05,3.5e-05,3.4e-05,0.000158,7.4e-05,4.5e-05,3.3e-05,8.7e-05,4.3e-05,0.0,60.01,3.65,0.0,4e-06,60.0
norm_0403,Normal,3,sim_12,sim_12,12,Bus 6 Heavy Local Load,PROJECT DESIGN CHOICE,Bus 6 regional load expansion,train,5000.0,60.0,0.1214,True,1.0281,0.575952,0.817325,1.419087,0.0177,0.0,60.0,60.0,51.52,0.814516,0.000109,0.000139,9.4e-05,1.8e-05,2.5e-05,3.3e-05,7.6e-05,0.000164,8.4e-05,5.2e-05,0.000134,0.000171,0.000115,2.2e-05,4.1e-05,0.000201,6.4e-05,0.0,60.01,3.82,0.0,4e-06,60.0
norm_0404,Normal,3,sim_12,sim_12,12,Bus 6 Heavy Local Load,PROJECT DESIGN CHOICE,Bus 6 regional load expansion,train,5000.0,60.0,0.1248,True,1.0197,0.575838,0.81753,1.419721,0.0189,0.0,60.0,60.0012,51.93,0.814356,6.8e-05,6.2e-05,3.6e-05,0.000101,6.9e-05,9.8e-05,7.9e-05,2.6e-05,3.6e-05,0.000111,8.4e-05,7.6e-05,4.4e-05,0.000124,0.00012,3.2e-05,0.000136,0.0,60.01,3.59,0.0,4e-06,60.0
norm_0405,Normal,3,sim_12,sim_12,12,Bus 6 Heavy Local Load,PROJECT DESIGN CHOICE,Bus 6 regional load expansion,train,5000.0,60.0,0.1282,True,1.0289,0.575864,0.817849,1.420213,0.0289,0.0,60.0,60.0025,51.18,0.814392,4.5e-05,7.9e-05,0.000103,0.000159,0.00013,0.000155,0.000102,0.000142,8.9e-05,9e-05,5.5e-05,9.7e-05,0.000126,0.000195,0.00019,0.000174,0.000111,0.0,60.01,3.63,0.0,4e-06,60.0
norm_0406,Normal,3,sim_12,sim_12,12,Bus 6 Heavy Local Load,PROJECT DESIGN CHOICE,Bus 6 regional load expansion,train,5000.0,60.0,0.1316,True,1.0273,0.575893,0.817838,1.42012,0.0244,0.0,60.0,59.998,51.57,0.814433,6.9e-05,0.000107,0.000124,0.000123,8.1e-05,0.000113,4.4e-05,8.8e-05,7.6e-05,0.000125,8.5e-05,0.000131,0.000152,0.000151,0.000139,0.000108,0.000153,0.0,60.01,3.59,0.0,4e-06,60.0
norm_0407,Normal,3,sim_12,sim_12,12,Bus 6 Heavy Local Load,PROJECT DESIGN CHOICE,Bus 6 regional load expansion,train,5000.0,60.0,0.135,True,1.0312,0.575922,0.818178,1.42064,0.0116,0.0,60.0,59.9985,51.6,0.814474,8.2e-05,5.6e-05,6.7e-05,6.5e-05,0.000141,4e-05,0.000274,2.7e-05,0.000139,0.000131,0.000101,6.9e-05,8.2e-05,8e-05,4.9e-05,3.3e-05,0.000161,0.0,60.01,3.55,0.0,4e-06,60.0
norm_0408,Normal,3,sim_12,sim_12,12,Bus 6 Heavy Local Load,PROJECT DESIGN CHOICE,Bus 6 regional load expansion,train,5000.0,60.0,0.1384,True,1.0382,0.575822,0.816688,1.4183,0.0302,0.0,60.0,60.0011,51.63,0.814332,0.000125,0.00012,1.8e-05,0.000213,7.8e-05,2.9e-05,0.000131,3.5e-05,9.8e-05,5.9e-05,0.000154,0.000147,2.2e-05,0.000262,3.6e-05,4.3e-05,7.2e-05,0.0,60.01,3.6,0.0,4e-06,60.0
norm_0409,Normal,3,sim_12,sim_12,12,Bus 6 Heavy Local Load,PROJECT DESIGN CHOICE,Bus 6 regional load expansion,train,5000.0,60.0,0.1418,True,1.0275,0.575878,0.816612,1.41803,0.0122,0.0,60.0,60.0003,51.93,0.814412,7.6e-05,5.4e-05,9.6e-05,1.8e-05,6e-05,8.2e-05,7.8e-05,0.000147,2.5e-05,1.9e-05,9.3e-05,6.6e-05,0.000118,2.2e-05,0.000101,0.00018,2.3e-05,0.0,60.01,3.62,0.0,4e-06,60.0
norm_0410,Normal,3,sim_12,sim_12,12,Bus 6 Heavy Local Load,PROJECT DESIGN CHOICE,Bus 6 regional load expansion,train,5000.0,60.0,0.1452,True,1.0354,0.575903,0.817473,1.419464,0.0239,0.0,60.0,59.9989,51.46,0.814447,5.2e-05,9e-05,4.2e-05,0.000132,7.2e-05,0.000111,0.000125,0.0002,4.5e-05,0.000125,6.4e-05,0.000111,5.2e-05,0.000162,0.000136,0.000246,0.000153,0.0,60.01,3.77,0.0,4e-06,60.0
norm_0411,Normal,3,sim_12,sim_12,12,Bus 6 Heavy Local Load,PROJECT DESIGN CHOICE,Bus 6 regional load expansion,train,5000.0,60.0,0.1488,True,1.0356,0.575864,0.818451,1.421256,0.0223,0.0,60.0,59.9964,51.08,0.814393,7.7e-05,0.000147,8e-05,8e-05,0.000108,7.2e-05,9.3e-05,8.4e-05,0.000114,6.8e-05,9.5e-05,0.000181,9.8e-05,9.8e-05,8.8e-05,0.000103,8.3e-05,0.0,60.01,3.54,0.0,4e-06,60.0
norm_0412,Normal,3,sim_12,sim_12,12,Bus 6 Heavy Local Load,PROJECT DESIGN CHOICE,Bus 6 regional load expansion,train,5000.0,60.0,0.1522,True,1.0316,0.575783,0.819111,1.422604,0.01,0.0,60.0,60.0029,51.15,0.814277,0.000137,5.9e-05,4.5e-05,5.3e-05,4.8e-05,1.7e-05,9.5e-05,0.00021,0.000122,0.000161,0.000168,7.2e-05,5.5e-05,6.5e-05,2.1e-05,0.000258,0.000198,0.0,60.01,3.66,0.0,4e-06,60.0
norm_0413,Normal,3,sim_12,sim_12,12,Bus 6 Heavy Local Load,PROJECT DESIGN CHOICE,Bus 6 regional load expansion,train,5000.0,60.0,0.1556,True,1.0234,0.575946,0.817252,1.418973,0.0156,0.0,60.0,59.9994,51.82,0.814508,4.4e-05,8.7e-05,5.4e-05,7.2e-05,7.7e-05,5.9e-05,5.2e-05,9.3e-05,9.8e-05,9e-05,5.4e-05,0.000107,6.6e-05,8.8e-05,7.2e-05,0.000114,0.00011,0.0,60.01,3.42,0.0,4e-06,60.0
norm_0414,Normal,3,sim_12,sim_12,12,Bus 6 Heavy Local Load,PROJECT DESIGN CHOICE,Bus 6 regional load expansion,train,5000.0,60.0,0.159,True,1.0288,0.575869,0.816423,1.417722,0.0111,0.0,60.0,60.0022,51.44,0.8144,6.1e-05,5e-05,0.000101,4.6e-05,9.3e-05,6e-05,9.7e-05,3.1e-05,0.000127,9.2e-05,7.5e-05,6.1e-05,0.000124,5.6e-05,7.4e-05,3.8e-05,0.000113,0.0,60.01,3.62,0.0,4e-06,60.0
norm_0415,Normal,3,sim_12,sim_12,12,Bus 6 Heavy Local Load,PROJECT DESIGN CHOICE,Bus 6 regional load expansion,train,5000.0,60.0,0.1624,True,1.0282,0.575946,0.817207,1.418894,0.0135,0.0,60.0,60.0007,51.81,0.814508,1.3e-05,6.8e-05,8e-05,7.2e-05,0.000104,4.6e-05,8.8e-05,6.6e-05,0.000148,4.4e-05,1.6e-05,8.3e-05,9.8e-05,8.8e-05,5.6e-05,8.1e-05,5.4e-05,0.0,60.01,3.52,0.0,4e-06,60.0
norm_0416,Normal,3,sim_12,sim_12,12,Bus 6 Heavy Local Load,PROJECT DESIGN CHOICE,Bus 6 regional load expansion,train,5000.0,60.0,0.1658,True,1.0403,0.575806,0.816668,1.418304,0.0132,0.0,60.0,60.003,51.0,0.81431,7.9e-05,1.3e-05,2.1e-05,0.000101,7.1e-05,3.5e-05,2.4e-05,7.7e-05,7.7e-05,5.7e-05,9.7e-05,1.6e-05,2.6e-05,0.000124,4.3e-05,9.5e-05,7e-05,0.0,60.01,3.64,0.0,4e-06,60.0
norm_0417,Normal,3,sim_12,sim_12,12,Bus 6 Heavy Local Load,PROJECT DESIGN CHOICE,Bus 6 regional load expansion,train,5000.0,60.0,0.1692,True,1.0336,0.575847,0.816703,1.418264,0.0151,0.0,60.0,59.9986,51.94,0.814368,6.4e-05,8.5e-05,3.4e-05,7.1e-05,0.000104,5.3e-05,4.2e-05,0.00019,0.000161,6.8e-05,7.9e-05,0.000104,4.2e-05,8.7e-05,6.5e-05,0.000233,8.4e-05,0.0,60.01,3.51,0.0,4e-06,60.0
norm_0418,Normal,3,sim_12,sim_12,12,Bus 6 Heavy Local Load,PROJECT DESIGN CHOICE,Bus 6 regional load expansion,train,5000.0,60.0,0.1726,True,1.0328,0.575806,0.816799,1.418531,0.0157,0.0,60.0,59.9986,51.78,0.81431,7.5e-05,4e-06,2.6e-05,0.000109,0.000183,6.6e-05,7e-05,6.4e-05,8.1e-05,0.000103,9.2e-05,5e-06,3.2e-05,0.000134,8.1e-05,7.9e-05,0.000126,0.0,60.01,3.51,0.0,4e-06,60.0
norm_0419,Normal,3,sim_12,sim_12,12,Bus 6 Heavy Local Load,PROJECT DESIGN CHOICE,Bus 6 regional load expansion,train,5000.0,60.0,0.176,True,1.0281,0.575899,0.816867,1.418419,0.0279,0.0,60.0,60.0016,51.59,0.814442,5.4e-05,0.0001,4.5e-05,0.000188,7e-05,8e-05,0.000171,0.000117,1.4e-05,5e-06,6.6e-05,0.000123,5.5e-05,0.000231,9.8e-05,0.000144,6e-06,0.0,60.01,3.69,0.0,4e-06,60.0
norm_0420,Normal,3,sim_13,sim_13,13,Bus 8 Heavy Local Load,PROJECT DESIGN CHOICE,Bus 8 regional commercial load peak,train,5000.0,60.0,0.06,True,0.8755,0.574594,0.814528,1.417572,0.0184,0.0,60.0,59.9979,51.42,0.812596,0.000124,2.8e-05,0.000229,0.00013,6.1e-05,6.8e-05,9.8e-05,7.8e-05,5e-05,0.00012,0.000153,3.4e-05,0.000282,0.00016,8.4e-05,9.6e-05,0.000148,0.0,60.01,3.65,0.0,4e-06,60.0
norm_0421,Normal,3,sim_13,sim_13,13,Bus 8 Heavy Local Load,PROJECT DESIGN CHOICE,Bus 8 regional commercial load peak,train,5000.0,60.0,0.0634,True,0.8761,0.574528,0.815016,1.418583,0.0299,0.0,60.0,60.0005,51.8,0.812503,1e-05,0.000143,5e-05,0.000189,0.000118,5.5e-05,6e-06,0.000107,7.9e-05,1.5e-05,1.2e-05,0.000176,6.2e-05,0.000233,6.8e-05,0.000132,1.8e-05,0.0,60.01,3.67,0.0,4e-06,60.0
norm_0422,Normal,3,sim_13,sim_13,13,Bus 8 Heavy Local Load,PROJECT DESIGN CHOICE,Bus 8 regional commercial load peak,train,5000.0,60.0,0.0668,True,0.8804,0.574584,0.816119,1.420366,0.027,0.0,60.0,60.0033,51.49,0.812582,0.000113,6.6e-05,5.3e-05,0.000134,5.1e-05,0.000161,7.4e-05,5.5e-05,1.4e-05,5.8e-05,0.000139,8.1e-05,6.5e-05,0.000165,0.000198,6.8e-05,7.1e-05,0.0,60.01,3.34,0.0,3e-06,60.0
norm_0423,Normal,3,sim_13,sim_13,13,Bus 8 Heavy Local Load,PROJECT DESIGN CHOICE,Bus 8 regional commercial load peak,train,5000.0,60.0,0.0702,True,0.8712,0.574613,0.816114,1.420283,0.0157,0.0,60.0,60.0006,51.61,0.812623,0.000113,9.3e-05,8.9e-05,5.6e-05,5.8e-05,6.7e-05,7.5e-05,0.000183,7.9e-05,0.000121,0.000139,0.000114,0.00011,6.9e-05,8.2e-05,0.000225,0.000149,0.0,60.01,3.62,0.0,4e-06,60.0
norm_0424,Normal,3,sim_13,sim_13,13,Bus 8 Heavy Local Load,PROJECT DESIGN CHOICE,Bus 8 regional commercial load peak,train,5000.0,60.0,0.0736,True,0.8815,0.574545,0.815864,1.420018,0.0179,0.0,60.0,59.9992,51.65,0.812527,9.9e-05,0.000114,0.000147,5e-05,0.000117,7.5e-05,4.8e-05,3e-06,7.1e-05,8.6e-05,0.000122,0.00014,0.000181,6.2e-05,9.2e-05,4e-06,0.000106,0.0,60.01,3.57,0.0,4e-06,60.0
norm_0425,Normal,3,sim_13,sim_13,13,Bus 8 Heavy Local Load,PROJECT DESIGN CHOICE,Bus 8 regional commercial load peak,train,5000.0,60.0,0.077,True,0.8733,0.574556,0.814205,1.417101,0.017,0.0,60.0,60.0026,51.26,0.812543,6.9e-05,5.7e-05,0.000131,0.000111,0.000124,5.8e-05,0.000108,0.000164,0.000102,0.000146,8.5e-05,7e-05,0.000161,0.000137,7.1e-05,0.000202,0.00018,0.0,60.01,3.62,0.0,4e-06,60.0
norm_0426,Normal,3,sim_13,sim_13,13,Bus 8 Heavy Local Load,PROJECT DESIGN CHOICE,Bus 8 regional commercial load peak,train,5000.0,60.0,0.0804,True,0.8871,0.574604,0.815394,1.419054,0.0231,0.0,60.0,60.0,51.82,0.81261,5.4e-05,0.000147,0.000136,4.4e-05,7.9e-05,0.000108,5.2e-05,0.000123,7.7e-05,5.8e-05,6.6e-05,0.000181,0.000167,5.4e-05,0.000133,0.000151,7.1e-05,0.0,60.01,3.48,0.0,4e-06,60.0
norm_0427,Normal,3,sim_13,sim_13,13,Bus 8 Heavy Local Load,PROJECT DESIGN CHOICE,Bus 8 regional commercial load peak,train,5000.0,60.0,0.0838,True,0.877,0.574511,0.814444,1.417632,0.0096,0.0,60.0,60.0002,51.82,0.812478,3.3e-05,4.9e-05,0.000113,3.9e-05,8.3e-05,4.7e-05,4.7e-05,0.00014,7.5e-05,0.000184,4.1e-05,6e-05,0.000139,4.8e-05,5.8e-05,0.000172,0.000226,0.0,60.01,3.65,0.0,4e-06,60.0
norm_0428,Normal,3,sim_13,sim_13,13,Bus 8 Heavy Local Load,PROJECT DESIGN CHOICE,Bus 8 regional commercial load peak,train,5000.0,60.0,0.0872,True,0.8805,0.574556,0.81559,1.419514,0.0086,0.0,60.0,59.9981,51.32,0.812542,0.000117,6.2e-05,0.000178,2.3e-05,9.2e-05,2.3e-05,7.2e-05,5.9e-05,6.7e-05,7.1e-05,0.000144,7.6e-05,0.000219,2.8e-05,2.8e-05,7.3e-05,8.7e-05,0.0,60.01,3.51,0.0,4e-06,60.0
norm_0429,Normal,3,sim_13,sim_13,13,Bus 8 Heavy Local Load,PROJECT DESIGN CHOICE,Bus 8 regional commercial load peak,train,5000.0,60.0,0.0908,True,0.8778,0.574582,0.81397,1.416631,0.0126,0.0,60.0,59.9968,51.0,0.812579,6.3e-05,1.2e-05,2.2e-05,8.5e-05,3.4e-05,5.6e-05,7e-05,6.7e-05,0.000122,3.8e-05,7.8e-05,1.5e-05,2.7e-05,0.000105,6.9e-05,8.2e-05,4.7e-05,0.0,60.01,3.5,0.0,4e-06,60.0
norm_0430,Normal,3,sim_13,sim_13,13,Bus 8 Heavy Local Load,PROJECT DESIGN CHOICE,Bus 8 regional commercial load peak,train,5000.0,60.0,0.0942,True,0.8716,0.574546,0.816063,1.420362,0.0151,0.0,60.0,60.0032,50.98,0.812528,0.000192,5.4e-05,6.2e-05,8.6e-05,3.8e-05,6.8e-05,6.9e-05,3.9e-05,5.3e-05,4.1e-05,0.000236,6.6e-05,7.6e-05,0.000106,8.4e-05,4.8e-05,5e-05,0.0,60.01,3.57,0.0,4e-06,60.0
norm_0431,Normal,3,sim_13,sim_13,13,Bus 8 Heavy Local Load,PROJECT DESIGN CHOICE,Bus 8 regional commercial load peak,train,5000.0,60.0,0.0976,True,0.8769,0.574526,0.814843,1.418287,0.015,0.0,60.0,59.9985,51.35,0.8125,1.9e-05,6.2e-05,0.000134,0.000101,2e-05,2.7e-05,9.9e-05,0.0001,9e-05,7.8e-05,2.3e-05,7.6e-05,0.000165,0.000124,3.3e-05,0.000123,9.6e-05,0.0,60.01,3.56,0.0,4e-06,60.0
norm_0432,Normal,3,sim_13,sim_13,13,Bus 8 Heavy Local Load,PROJECT DESIGN CHOICE,Bus 8 regional commercial load peak,train,5000.0,60.0,0.101,True,0.8776,0.574564,0.817154,1.422215,0.0181,0.0,60.0,59.9986,51.42,0.812554,5.8e-05,9.8e-05,0.000117,4e-05,3.6e-05,0.000103,9.2e-05,0.000174,0.000107,2.5e-05,7.1e-05,0.000121,0.000144,4.9e-05,0.000127,0.000214,3.1e-05,0.0,60.01,3.57,0.0,4e-06,60.0
norm_0433,Normal,3,sim_13,sim_13,13,Bus 8 Heavy Local Load,PROJECT DESIGN CHOICE,Bus 8 regional commercial load peak,train,5000.0,60.0,0.1044,True,0.8802,0.574604,0.816254,1.420552,0.0185,0.0,60.0,59.999,51.56,0.812609,7.8e-05,0.00012,0.000139,8.4e-05,4.9e-05,3.5e-05,8.8e-05,0.000113,5e-05,2e-05,9.6e-05,0.000148,0.000171,0.000103,4.3e-05,0.000139,2.5e-05,0.0,60.01,3.51,0.0,4e-06,60.0
norm_0434,Normal,3,sim_13,sim_13,13,Bus 8 Heavy Local Load,PROJECT DESIGN CHOICE,Bus 8 regional commercial load peak,train,5000.0,60.0,0.1078,True,0.8855,0.574481,0.815463,1.419477,0.0201,0.0,60.0,59.9986,51.44,0.812436,0.000181,0.000119,0.000121,2.2e-05,7.8e-05,0.00011,0.000103,1e-05,0.000121,0.000114,0.000223,0.000146,0.000149,2.7e-05,0.000135,1.2e-05,0.00014,0.0,60.01,3.75,0.0,4e-06,60.0
norm_0435,Normal,3,sim_13,sim_13,13,Bus 8 Heavy Local Load,PROJECT DESIGN CHOICE,Bus 8 regional commercial load peak,train,5000.0,60.0,0.1112,True,0.8784,0.574583,0.81547,1.419238,0.0165,0.0,60.0,60.0007,51.94,0.812581,5.3e-05,8.3e-05,4.6e-05,6.2e-05,6.8e-05,8.5e-05,0.000126,4.5e-05,6.9e-05,4.1e-05,6.5e-05,0.000102,5.7e-05,7.6e-05,0.000105,5.5e-05,5e-05,0.0,60.01,3.54,0.0,4e-06,60.0
norm_0436,Normal,3,sim_13,sim_13,13,Bus 8 Heavy Local Load,PROJECT DESIGN CHOICE,Bus 8 regional commercial load peak,train,5000.0,60.0,0.1146,True,0.8673,0.574643,0.815594,1.419305,0.0111,0.0,60.0,60.0005,51.81,0.812665,9e-05,5.1e-05,8.9e-05,3e-05,3.8e-05,6.8e-05,8.1e-05,0.000106,4.6e-05,0.000123,0.000111,6.3e-05,0.00011,3.7e-05,8.4e-05,0.00013,0.000151,0.0,60.01,3.55,0.0,4e-06,60.0
norm_0437,Normal,3,sim_13,sim_13,13,Bus 8 Heavy Local Load,PROJECT DESIGN CHOICE,Bus 8 regional commercial load peak,train,5000.0,60.0,0.118,True,0.8756,0.57462,0.814411,1.417303,0.0069,0.0,60.0,60.0011,51.82,0.812633,7.7e-05,1.9e-05,5.7e-05,4.5e-05,3.5e-05,2.8e-05,0.000112,4.3e-05,0.000126,0.000122,9.5e-05,2.3e-05,7e-05,5.5e-05,3.4e-05,5.3e-05,0.00015,0.0,60.01,3.45,0.0,4e-06,60.0
norm_0438,Normal,3,sim_13,sim_13,13,Bus 8 Heavy Local Load,PROJECT DESIGN CHOICE,Bus 8 regional commercial load peak,train,5000.0,60.0,0.1214,True,0.8775,0.574529,0.815877,1.420079,0.024,0.0,60.0,59.9984,51.46,0.812504,9.1e-05,7.7e-05,0.000182,3.8e-05,9.6e-05,0.000175,6.6e-05,0.00014,7.2e-05,6.4e-05,0.000112,9.5e-05,0.000224,4.7e-05,0.000215,0.000172,7.9e-05,0.0,60.01,3.63,0.0,4e-06,60.0
norm_0439,Normal,3,sim_13,sim_13,13,Bus 8 Heavy Local Load,PROJECT DESIGN CHOICE,Bus 8 regional commercial load peak,train,5000.0,60.0,0.1248,True,0.8764,0.574598,0.815828,1.419824,0.0159,0.0,60.0,60.0021,51.41,0.812601,4.8e-05,7.2e-05,4.6e-05,7.2e-05,0.000115,8e-05,0.000108,4.9e-05,4.7e-05,3.4e-05,5.9e-05,8.9e-05,5.7e-05,8.9e-05,9.8e-05,6e-05,4.2e-05,0.0,60.01,3.56,0.0,4e-06,60.0
norm_0440,Normal,3,sim_13,sim_13,13,Bus 8 Heavy Local Load,PROJECT DESIGN CHOICE,Bus 8 regional commercial load peak,train,5000.0,60.0,0.1282,True,0.8797,0.57455,0.81456,1.417737,0.0178,0.0,60.0,60.0018,51.85,0.812533,0.000106,5.4e-05,4e-05,1.2e-05,0.000127,0.000134,6.4e-05,5.9e-05,8.6e-05,0.000111,0.00013,6.6e-05,4.9e-05,1.5e-05,0.000165,7.3e-05,0.000137,0.0,60.01,3.38,0.0,4e-06,60.0
norm_0441,Normal,3,sim_13,sim_13,13,Bus 8 Heavy Local Load,PROJECT DESIGN CHOICE,Bus 8 regional commercial load peak,train,5000.0,60.0,0.1316,True,0.8749,0.574597,0.815358,1.41901,0.0116,0.0,60.0,59.998,51.47,0.8126,5e-05,6.4e-05,6.9e-05,6.4e-05,5.7e-05,2.6e-05,0.000203,2.8e-05,0.000152,6.1e-05,6.2e-05,7.9e-05,8.5e-05,7.9e-05,3.2e-05,3.4e-05,7.5e-05,0.0,60.01,3.62,0.0,4e-06,60.0
norm_0442,Normal,3,sim_13,sim_13,13,Bus 8 Heavy Local Load,PROJECT DESIGN CHOICE,Bus 8 regional commercial load peak,train,5000.0,60.0,0.135,True,0.8705,0.574609,0.815691,1.419559,0.0213,0.0,60.0,59.9996,51.73,0.812617,4.4e-05,4.1e-05,7.9e-05,4.5e-05,0.000148,0.000162,5.9e-05,0.000125,0.000144,0.000162,5.4e-05,5e-05,9.7e-05,5.5e-05,0.000199,0.000154,0.000199,0.0,60.01,3.59,0.0,4e-06,60.0
norm_0443,Normal,3,sim_13,sim_13,13,Bus 8 Heavy Local Load,PROJECT DESIGN CHOICE,Bus 8 regional commercial load peak,train,5000.0,60.0,0.1384,True,0.8781,0.574539,0.815296,1.419042,0.0272,0.0,60.0,60.0013,51.51,0.812519,9e-05,9.7e-05,9.4e-05,0.000107,0.000132,0.000168,4.2e-05,2.2e-05,0.000109,0.000167,0.000111,0.000119,0.000116,0.000132,0.000207,2.7e-05,0.000206,0.0,60.01,3.59,0.0,4e-06,60.0
norm_0444,Normal,3,sim_13,sim_13,13,Bus 8 Heavy Local Load,PROJECT DESIGN CHOICE,Bus 8 regional commercial load peak,train,5000.0,60.0,0.1418,True,0.8768,0.57456,0.815909,1.420058,0.0179,0.0,60.0,60.0008,51.5,0.812548,9.3e-05,3.3e-05,1.1e-05,0.000124,0.000158,6.9e-05,0.000105,5.9e-05,0.00013,6.6e-05,0.000114,4.1e-05,1.4e-05,0.000153,8.5e-05,7.3e-05,8.1e-05,0.0,60.01,3.7,0.0,4e-06,60.0
norm_0445,Normal,3,sim_13,sim_13,13,Bus 8 Heavy Local Load,PROJECT DESIGN CHOICE,Bus 8 regional commercial load peak,train,5000.0,60.0,0.1452,True,0.8761,0.574592,0.815063,1.418508,0.0277,0.0,60.0,59.998,51.5,0.812593,5.3e-05,0.000116,2.7e-05,9.3e-05,0.000128,0.000168,0.000112,9.5e-05,4e-05,0.000108,6.5e-05,0.000143,3.3e-05,0.000114,0.000207,0.000117,0.000133,0.0,60.01,3.56,0.0,4e-06,60.0
norm_0446,Normal,3,sim_13,sim_13,13,Bus 8 Heavy Local Load,PROJECT DESIGN CHOICE,Bus 8 regional commercial load peak,train,5000.0,60.0,0.1488,True,0.8661,0.574579,0.815195,1.418769,0.0098,0.0,60.0,59.9995,51.88,0.812575,9.2e-05,2.8e-05,0.000113,6.4e-05,0.000146,3.8e-05,7.1e-05,0.000101,5.7e-05,0.000207,0.000113,3.4e-05,0.000139,7.9e-05,4.7e-05,0.000124,0.000255,0.0,60.01,3.57,0.0,4e-06,60.0
norm_0447,Normal,3,sim_13,sim_13,13,Bus 8 Heavy Local Load,PROJECT DESIGN CHOICE,Bus 8 regional commercial load peak,train,5000.0,60.0,0.1522,True,0.8712,0.574513,0.81676,1.421657,0.0202,0.0,60.0,59.9947,50.18,0.812482,4.8e-05,4.5e-05,0.000148,0.000155,0.000111,2.7e-05,0.0001,4.6e-05,2.6e-05,3.1e-05,5.9e-05,5.5e-05,0.000182,0.000191,3.3e-05,5.7e-05,3.8e-05,0.0,60.01,3.53,0.0,4e-06,60.0
norm_0448,Normal,3,sim_13,sim_13,13,Bus 8 Heavy Local Load,PROJECT DESIGN CHOICE,Bus 8 regional commercial load peak,train,5000.0,60.0,0.1556,True,0.8764,0.574598,0.814996,1.418376,0.0184,0.0,60.0,60.0005,52.11,0.812602,9.3e-05,0.000122,0.000148,7e-05,6.8e-05,4.9e-05,6e-05,4.4e-05,0.000132,7.4e-05,0.000114,0.00015,0.000182,8.6e-05,6e-05,5.4e-05,9.1e-05,0.0,60.01,3.53,0.0,4e-06,60.0
norm_0449,Normal,3,sim_13,sim_13,13,Bus 8 Heavy Local Load,PROJECT DESIGN CHOICE,Bus 8 regional commercial load peak,train,5000.0,60.0,0.159,True,0.8748,0.574567,0.814752,1.418027,0.0215,0.0,60.0,59.9952,50.12,0.812558,6.5e-05,6.9e-05,0.00011,0.000137,2.2e-05,8.4e-05,0.000155,9.5e-05,7.7e-05,8.5e-05,8e-05,8.5e-05,0.000135,0.000169,0.000103,0.000117,0.000105,0.0,60.01,3.82,0.0,5e-06,60.0
norm_0450,Normal,3,sim_13,sim_13,13,Bus 8 Heavy Local Load,PROJECT DESIGN CHOICE,Bus 8 regional commercial load peak,train,5000.0,60.0,0.1624,True,0.8683,0.574616,0.815304,1.418869,0.024,0.0,60.0,59.9993,51.47,0.812626,3e-05,0.000126,8.6e-05,0.000129,0.000132,7.6e-05,8.7e-05,0.000112,0.000181,9.2e-05,3.7e-05,0.000155,0.000106,0.000159,9.4e-05,0.000138,0.000113,0.0,60.01,3.65,0.0,4e-06,60.0
norm_0451,Normal,3,sim_13,sim_13,13,Bus 8 Heavy Local Load,PROJECT DESIGN CHOICE,Bus 8 regional commercial load peak,train,5000.0,60.0,0.1658,True,0.8751,0.574572,0.81625,1.420623,0.0236,0.0,60.0,60.0007,51.86,0.812564,0.000129,9e-05,0.000101,0.000108,7.5e-05,0.00013,6.6e-05,7.4e-05,8e-05,0.000102,0.000159,0.000111,0.000124,0.000133,0.00016,9.1e-05,0.000126,0.0,60.01,3.49,0.0,4e-06,60.0
norm_0452,Normal,3,sim_13,sim_13,13,Bus 8 Heavy Local Load,PROJECT DESIGN CHOICE,Bus 8 regional commercial load peak,train,5000.0,60.0,0.1692,True,0.8771,0.574569,0.815705,1.419682,0.0158,0.0,60.0,60.0006,51.64,0.81256,7.4e-05,1.2e-05,8.8e-05,0.000126,2.5e-05,2.2e-05,7.4e-05,0.000116,0.000105,0.000152,9.1e-05,1.5e-05,0.000108,0.000155,2.7e-05,0.000143,0.000187,0.0,60.01,3.65,0.0,4e-06,60.0
norm_0453,Normal,3,sim_13,sim_13,13,Bus 8 Heavy Local Load,PROJECT DESIGN CHOICE,Bus 8 regional commercial load peak,train,5000.0,60.0,0.1726,True,0.8784,0.574585,0.815569,1.419405,0.028,0.0,60.0,59.9988,51.71,0.812584,4.9e-05,5.1e-05,1.8e-05,0.000181,6.6e-05,0.000128,0.000116,6.6e-05,1.6e-05,0.000143,6e-05,6.3e-05,2.2e-05,0.000223,0.000158,8.1e-05,0.000176,0.0,60.01,3.48,0.0,4e-06,60.0
norm_0454,Normal,3,sim_13,sim_13,13,Bus 8 Heavy Local Load,PROJECT DESIGN CHOICE,Bus 8 regional commercial load peak,train,5000.0,60.0,0.176,True,0.8771,0.574525,0.814443,1.417593,0.0152,0.0,60.0,60.0004,51.54,0.812498,8.4e-05,5.6e-05,4.3e-05,0.000102,0.00012,4.1e-05,0.000128,0.000178,6.8e-05,4.5e-05,0.000103,6.9e-05,5.3e-05,0.000126,5e-05,0.000219,5.5e-05,0.0,60.01,3.78,0.0,4e-06,60.0
norm_0455,Normal,3,sim_14,sim_14,14,Cross-Bus Diversity A,PROJECT DESIGN CHOICE,Non-coincident load diversity pattern A,test,5000.0,60.0,0.06,True,0.8829,0.579386,0.821547,1.417962,0.0229,0.0,60.0,60.0002,51.93,0.819372,0.000129,0.000157,0.0001,6.5e-05,7.3e-05,7.8e-05,0.000117,2.4e-05,4.4e-05,5.3e-05,0.000157,0.000192,0.000122,7.9e-05,9.5e-05,2.9e-05,6.5e-05,0.0,60.01,3.55,0.0,4e-06,60.0
norm_0456,Normal,3,sim_14,sim_14,14,Cross-Bus Diversity A,PROJECT DESIGN CHOICE,Non-coincident load diversity pattern A,test,5000.0,60.0,0.0634,True,0.8867,0.57923,0.821487,1.41824,0.0109,0.0,60.0,60.0004,52.0,0.819152,4.7e-05,5.9e-05,7.5e-05,4.6e-05,3.3e-05,4.8e-05,5.7e-05,0.000113,0.000144,3.8e-05,5.7e-05,7.2e-05,9.2e-05,5.6e-05,5.9e-05,0.000138,4.6e-05,0.0,60.01,3.52,0.0,4e-06,60.0
norm_0457,Normal,3,sim_14,sim_14,14,Cross-Bus Diversity A,PROJECT DESIGN CHOICE,Non-coincident load diversity pattern A,test,5000.0,60.0,0.0668,True,0.8824,0.579342,0.821872,1.418629,0.0215,0.0,60.0,60.0001,51.94,0.819311,4e-05,7e-05,5.9e-05,0.000108,0.000116,0.00012,9.1e-05,3.4e-05,0.000107,7.9e-05,4.9e-05,8.5e-05,7.2e-05,0.000132,0.000146,4.1e-05,9.6e-05,0.0,60.01,3.52,0.0,4e-06,60.0
norm_0458,Normal,3,sim_14,sim_14,14,Cross-Bus Diversity A,PROJECT DESIGN CHOICE,Non-coincident load diversity pattern A,test,5000.0,60.0,0.0702,True,0.8843,0.579295,0.822089,1.419119,0.012,0.0,60.0,59.9999,51.87,0.819244,6.3e-05,6.6e-05,0.000151,5.6e-05,8.3e-05,4.6e-05,0.00014,2.7e-05,6.1e-05,5.7e-05,7.7e-05,8.1e-05,0.000184,6.8e-05,5.6e-05,3.3e-05,7e-05,0.0,60.01,3.57,0.0,4e-06,60.0
norm_0459,Normal,3,sim_14,sim_14,14,Cross-Bus Diversity A,PROJECT DESIGN CHOICE,Non-coincident load diversity pattern A,test,5000.0,60.0,0.0736,True,0.8909,0.579322,0.822642,1.420007,0.0076,0.0,60.0,59.9986,51.8,0.819283,6e-05,2.8e-05,8.9e-05,4.2e-05,0.000155,3.6e-05,3.9e-05,0.000119,0.000118,7.9e-05,7.3e-05,3.4e-05,0.000109,5.1e-05,4.4e-05,0.000145,9.6e-05,0.0,60.01,3.57,0.0,4e-06,60.0
norm_0460,Normal,3,sim_14,sim_14,14,Cross-Bus Diversity A,PROJECT DESIGN CHOICE,Non-coincident load diversity pattern A,test,5000.0,60.0,0.077,True,0.8896,0.579333,0.822125,1.419088,0.0113,0.0,60.0,60.0009,51.66,0.819298,0.000103,7.3e-05,0.000127,3.5e-05,7.4e-05,4.5e-05,0.000126,3.5e-05,0.000116,0.000103,0.000126,8.9e-05,0.000155,4.3e-05,5.5e-05,4.3e-05,0.000126,0.0,60.01,3.72,0.0,4e-06,60.0
norm_0461,Normal,3,sim_14,sim_14,14,Cross-Bus Diversity A,PROJECT DESIGN CHOICE,Non-coincident load diversity pattern A,test,5000.0,60.0,0.0804,True,0.8869,0.579249,0.821909,1.418922,0.0234,0.0,60.0,59.9991,52.04,0.819179,9.6e-05,0.000141,3.7e-05,0.000114,0.000112,6.3e-05,6.1e-05,1.4e-05,4.2e-05,6.5e-05,0.000117,0.000172,4.5e-05,0.000139,7.7e-05,1.7e-05,7.9e-05,0.0,60.01,3.49,0.0,4e-06,60.0
norm_0462,Normal,3,sim_14,sim_14,14,Cross-Bus Diversity A,PROJECT DESIGN CHOICE,Non-coincident load diversity pattern A,test,5000.0,60.0,0.0838,True,0.8741,0.579436,0.8226,1.419656,0.0301,0.0,60.0,59.9991,51.48,0.819443,4.1e-05,0.000119,8.2e-05,0.000216,7e-05,1.4e-05,5.4e-05,0.00019,0.000174,0.000125,5e-05,0.000145,0.0001,0.000264,1.7e-05,0.000232,0.000153,0.0,60.01,3.64,0.0,4e-06,60.0
norm_0463,Normal,3,sim_14,sim_14,14,Cross-Bus Diversity A,PROJECT DESIGN CHOICE,Non-coincident load diversity pattern A,test,5000.0,60.0,0.0872,True,0.8875,0.579321,0.822065,1.419015,0.0158,0.0,60.0,59.9983,51.73,0.819281,3.4e-05,0.000101,8.6e-05,5.8e-05,9e-05,5.5e-05,5.8e-05,0.000135,4.3e-05,4.9e-05,4.1e-05,0.000123,0.000105,7.1e-05,6.7e-05,0.000165,6e-05,0.0,60.01,3.61,0.0,4e-06,60.0
norm_0464,Normal,3,sim_14,sim_14,14,Cross-Bus Diversity A,PROJECT DESIGN CHOICE,Non-coincident load diversity pattern A,test,5000.0,60.0,0.0908,True,0.8898,0.579279,0.821608,1.418329,0.0101,0.0,60.0,60.0,51.79,0.819222,7.1e-05,6.7e-05,0.000135,2.5e-05,6.3e-05,4.1e-05,0.000139,0.000106,8.5e-05,6.9e-05,8.7e-05,8.2e-05,0.000165,3.1e-05,5e-05,0.000129,8.4e-05,0.0,60.01,3.56,0.0,4e-06,60.0
norm_0465,Normal,3,sim_14,sim_14,14,Cross-Bus Diversity A,PROJECT DESIGN CHOICE,Non-coincident load diversity pattern A,test,5000.0,60.0,0.0942,True,0.8911,0.579279,0.820671,1.416712,0.0189,0.0,60.0,59.9991,51.73,0.819221,3.3e-05,9.5e-05,0.000126,8.8e-05,8.9e-05,8.5e-05,0.000102,4.8e-05,5.4e-05,5.7e-05,4e-05,0.000116,0.000154,0.000107,0.000104,5.9e-05,7e-05,0.0,60.01,3.63,0.0,4e-06,60.0
norm_0466,Normal,3,sim_14,sim_14,14,Cross-Bus Diversity A,PROJECT DESIGN CHOICE,Non-coincident load diversity pattern A,test,5000.0,60.0,0.0976,True,0.8878,0.579322,0.821676,1.41834,0.0234,0.0,60.0,60.0001,51.85,0.819282,2.8e-05,7.9e-05,8.2e-05,0.000153,0.000227,8.6e-05,0.000166,4.8e-05,9e-05,6.2e-05,3.4e-05,9.6e-05,0.0001,0.000187,0.000105,5.9e-05,7.6e-05,0.0,60.01,3.41,0.0,4e-06,60.0
norm_0467,Normal,3,sim_14,sim_14,14,Cross-Bus Diversity A,PROJECT DESIGN CHOICE,Non-coincident load diversity pattern A,test,5000.0,60.0,0.101,True,0.8804,0.579317,0.822458,1.419704,0.0153,0.0,60.0,60.0004,51.81,0.819275,0.000188,8.8e-05,5.2e-05,8.7e-05,6.1e-05,2.4e-05,0.000106,8.1e-05,7.8e-05,9.2e-05,0.000229,0.000107,6.3e-05,0.000106,2.9e-05,9.9e-05,0.000112,0.0,60.01,3.49,0.0,4e-06,60.0
norm_0468,Normal,3,sim_14,sim_14,14,Cross-Bus Diversity A,PROJECT DESIGN CHOICE,Non-coincident load diversity pattern A,test,5000.0,60.0,0.1044,True,0.8851,0.57935,0.822275,1.419305,0.0163,0.0,60.0,60.0017,51.51,0.819323,6.4e-05,7.6e-05,0.000143,2.9e-05,5.4e-05,0.000106,0.00015,9.6e-05,0.000101,5.8e-05,7.8e-05,9.3e-05,0.000175,3.5e-05,0.000129,0.000117,7.1e-05,0.0,60.01,3.66,0.0,4e-06,60.0
norm_0469,Normal,3,sim_14,sim_14,14,Cross-Bus Diversity A,PROJECT DESIGN CHOICE,Non-coincident load diversity pattern A,test,5000.0,60.0,0.1078,True,0.8885,0.579284,0.822107,1.419179,0.0184,0.0,60.0,59.9988,52.09,0.819229,0.000107,9.9e-05,1.6e-05,0.000101,5.7e-05,5.1e-05,1.8e-05,7e-06,6.5e-05,6.6e-05,0.000131,0.000121,2e-05,0.000123,6.2e-05,9e-06,8.1e-05,0.0,60.01,3.39,0.0,4e-06,60.0
norm_0470,Normal,3,sim_14,sim_14,14,Cross-Bus Diversity A,PROJECT DESIGN CHOICE,Non-coincident load diversity pattern A,test,5000.0,60.0,0.1112,True,0.8903,0.57936,0.821723,1.418328,0.0193,0.0,60.0,60.0001,52.14,0.819336,4.7e-05,3.3e-05,5.8e-05,0.000153,0.000114,1.9e-05,7.6e-05,3.1e-05,0.000117,0.000224,5.7e-05,4e-05,7.1e-05,0.000187,2.3e-05,3.8e-05,0.000273,0.0,60.01,3.39,0.0,3e-06,60.0
norm_0471,Normal,3,sim_14,sim_14,14,Cross-Bus Diversity A,PROJECT DESIGN CHOICE,Non-coincident load diversity pattern A,test,5000.0,60.0,0.1146,True,0.8896,0.579362,0.82267,1.419957,0.0152,0.0,60.0,60.0002,51.79,0.819339,0.000107,0.000105,0.000132,2.8e-05,6e-06,6.1e-05,6.2e-05,4.2e-05,0.000172,6.1e-05,0.000131,0.000128,0.000161,3.4e-05,7.4e-05,5.1e-05,7.4e-05,0.0,60.01,3.47,0.0,4e-06,60.0
norm_0472,Normal,3,sim_14,sim_14,14,Cross-Bus Diversity A,PROJECT DESIGN CHOICE,Non-coincident load diversity pattern A,test,5000.0,60.0,0.118,True,0.882,0.57937,0.822376,1.419431,0.0165,0.0,60.0,60.0027,51.29,0.81935,7.4e-05,0.000109,4.9e-05,5.4e-05,2.8e-05,5.8e-05,3.5e-05,9.7e-05,4.7e-05,9.8e-05,9e-05,0.000133,6e-05,6.6e-05,7.1e-05,0.000118,0.00012,0.0,60.01,3.63,0.0,4e-06,60.0
norm_0473,Normal,3,sim_14,sim_14,14,Cross-Bus Diversity A,PROJECT DESIGN CHOICE,Non-coincident load diversity pattern A,test,5000.0,60.0,0.1214,True,0.888,0.579312,0.823068,1.420767,0.0235,0.0,60.0,60.0015,51.51,0.819268,6e-05,0.000146,3.2e-05,0.000119,4.8e-05,4.2e-05,0.000111,3e-05,0.000171,4.6e-05,7.3e-05,0.000178,3.9e-05,0.000145,5.1e-05,3.7e-05,5.6e-05,0.0,60.01,3.71,0.0,4e-06,60.0
norm_0474,Normal,3,sim_14,sim_14,14,Cross-Bus Diversity A,PROJECT DESIGN CHOICE,Non-coincident load diversity pattern A,test,5000.0,60.0,0.1248,True,0.8785,0.57937,0.822887,1.420314,0.015,0.0,60.0,60.001,51.75,0.81935,5.5e-05,1e-05,5.2e-05,5.7e-05,8.2e-05,0.000109,1.9e-05,5.8e-05,0.000106,0.000182,6.7e-05,1.2e-05,6.3e-05,7e-05,0.000133,7.1e-05,0.000222,0.0,60.01,3.59,0.0,4e-06,60.0
norm_0475,Normal,3,sim_14,sim_14,14,Cross-Bus Diversity A,PROJECT DESIGN CHOICE,Non-coincident load diversity pattern A,test,5000.0,60.0,0.1282,True,0.8902,0.579354,0.821589,1.418112,0.0164,0.0,60.0,60.0004,51.89,0.819328,0.000119,7.3e-05,7.5e-05,8.7e-05,9.2e-05,7.3e-05,3.7e-05,0.000116,9.1e-05,2.6e-05,0.000145,8.9e-05,9.2e-05,0.000106,8.9e-05,0.000142,3.2e-05,0.0,60.01,3.64,0.0,4e-06,60.0
norm_0476,Normal,3,sim_14,sim_14,14,Cross-Bus Diversity A,PROJECT DESIGN CHOICE,Non-coincident load diversity pattern A,test,5000.0,60.0,0.1316,True,0.8844,0.579382,0.82231,1.419288,0.0131,0.0,60.0,60.0011,51.89,0.819368,0.000116,8.1e-05,0.000146,5.2e-05,0.000111,4.8e-05,8.9e-05,8.5e-05,0.00014,0.000132,0.000142,9.9e-05,0.000178,6.3e-05,5.9e-05,0.000104,0.000161,0.0,60.01,3.44,0.0,4e-06,60.0
norm_0477,Normal,3,sim_14,sim_14,14,Cross-Bus Diversity A,PROJECT DESIGN CHOICE,Non-coincident load diversity pattern A,test,5000.0,60.0,0.135,True,0.8887,0.579321,0.821549,1.418125,0.0115,0.0,60.0,60.0016,52.13,0.819281,5e-05,5e-05,0.00014,7.6e-05,4.5e-05,2.5e-05,7.3e-05,7.8e-05,2.9e-05,6.3e-05,6.1e-05,6.1e-05,0.000171,9.3e-05,3.1e-05,9.5e-05,7.7e-05,0.0,60.01,3.37,0.0,3e-06,60.0
norm_0478,Normal,3,sim_14,sim_14,14,Cross-Bus Diversity A,PROJECT DESIGN CHOICE,Non-coincident load diversity pattern A,test,5000.0,60.0,0.1384,True,0.8899,0.579391,0.822549,1.419678,0.0204,0.0,60.0,60.0006,51.77,0.81938,2.9e-05,0.000108,0.000131,5e-05,8.1e-05,0.000117,0.000103,0.000127,8.8e-05,4.8e-05,3.5e-05,0.000132,0.00016,6.1e-05,0.000143,0.000155,5.9e-05,0.0,60.01,3.5,0.0,4e-06,60.0
norm_0479,Normal,3,sim_14,sim_14,14,Cross-Bus Diversity A,PROJECT DESIGN CHOICE,Non-coincident load diversity pattern A,test,5000.0,60.0,0.1418,True,0.882,0.579405,0.821575,1.417965,0.0214,0.0,60.0,60.0019,51.52,0.819399,0.000126,0.000149,7.2e-05,5e-05,5.1e-05,7.7e-05,0.000117,7.6e-05,7.5e-05,6.9e-05,0.000154,0.000182,8.8e-05,6.1e-05,9.4e-05,9.3e-05,8.4e-05,0.0,60.01,3.59,0.0,4e-06,60.0
norm_0480,Normal,3,sim_14,sim_14,14,Cross-Bus Diversity A,PROJECT DESIGN CHOICE,Non-coincident load diversity pattern A,test,5000.0,60.0,0.1452,True,0.8934,0.579313,0.821082,1.417338,0.0343,0.0,60.0,59.9999,51.59,0.819269,9.9e-05,0.00025,6e-05,9.7e-05,4.8e-05,8.4e-05,0.00013,1.8e-05,7.8e-05,0.000118,0.000121,0.000305,7.3e-05,0.000118,0.000103,2.2e-05,0.000144,0.0,60.01,3.72,0.0,4e-06,60.0
norm_0481,Normal,3,sim_14,sim_14,14,Cross-Bus Diversity A,PROJECT DESIGN CHOICE,Non-coincident load diversity pattern A,test,5000.0,60.0,0.1488,True,0.8827,0.579377,0.820853,1.416786,0.0244,0.0,60.0,60.0019,51.71,0.81936,1.5e-05,0.000111,6.9e-05,0.000145,4.1e-05,8.2e-05,0.000121,8.4e-05,0.000121,3e-05,1.8e-05,0.000135,8.4e-05,0.000177,0.0001,0.000103,3.7e-05,0.0,60.01,3.32,0.0,3e-06,60.0
norm_0482,Normal,3,sim_14,sim_14,14,Cross-Bus Diversity A,PROJECT DESIGN CHOICE,Non-coincident load diversity pattern A,test,5000.0,60.0,0.1522,True,0.888,0.579364,0.820461,1.41614,0.014,0.0,60.0,60.0002,51.96,0.819342,6.9e-05,1.7e-05,6.2e-05,7.6e-05,0.000145,8.4e-05,8.5e-05,4.8e-05,7e-05,3.6e-05,8.4e-05,2.1e-05,7.6e-05,9.3e-05,0.000103,5.9e-05,4.4e-05,0.0,60.01,3.48,0.0,4e-06,60.0
norm_0483,Normal,3,sim_14,sim_14,14,Cross-Bus Diversity A,PROJECT DESIGN CHOICE,Non-coincident load diversity pattern A,test,5000.0,60.0,0.1556,True,0.8866,0.579254,0.82189,1.418877,0.0255,0.0,60.0,60.0037,50.85,0.819186,8e-05,7.9e-05,5.7e-05,0.000128,6.3e-05,0.000145,3.6e-05,5.9e-05,2e-05,0.000144,9.8e-05,9.6e-05,7e-05,0.000156,0.000177,7.2e-05,0.000176,0.0,60.01,3.58,0.0,4e-06,60.0
norm_0484,Normal,3,sim_14,sim_14,14,Cross-Bus Diversity A,PROJECT DESIGN CHOICE,Non-coincident load diversity pattern A,test,5000.0,60.0,0.159,True,0.8839,0.579326,0.822558,1.419852,0.013,0.0,60.0,59.9989,51.82,0.819288,8.7e-05,2.4e-05,0.000109,7.7e-05,0.000119,7e-05,3.2e-05,0.000107,2.9e-05,0.000106,0.000106,2.9e-05,0.000133,9.4e-05,8.5e-05,0.000131,0.000129,0.0,60.01,3.43,0.0,4e-06,60.0
norm_0485,Normal,3,sim_14,sim_14,14,Cross-Bus Diversity A,PROJECT DESIGN CHOICE,Non-coincident load diversity pattern A,test,5000.0,60.0,0.1624,True,0.882,0.579307,0.82247,1.419748,0.0184,0.0,60.0,59.997,51.07,0.819261,9.9e-05,4.2e-05,6.9e-05,6.3e-05,1.6e-05,0.000131,4.4e-05,0.000123,9.3e-05,0.000128,0.000121,5.1e-05,8.4e-05,7.7e-05,0.00016,0.00015,0.000156,0.0,60.01,3.57,0.0,4e-06,60.0
norm_0486,Normal,3,sim_14,sim_14,14,Cross-Bus Diversity A,PROJECT DESIGN CHOICE,Non-coincident load diversity pattern A,test,5000.0,60.0,0.1658,True,0.8807,0.579295,0.822612,1.420022,0.0113,0.0,60.0,60.0008,51.68,0.819245,7.1e-05,3e-06,3.2e-05,6.5e-05,1.2e-05,6.6e-05,0.000107,0.000109,0.000173,0.000147,8.7e-05,4e-06,3.9e-05,7.9e-05,8.1e-05,0.000133,0.000179,0.0,60.01,3.67,0.0,4e-06,60.0
norm_0487,Normal,3,sim_14,sim_14,14,Cross-Bus Diversity A,PROJECT DESIGN CHOICE,Non-coincident load diversity pattern A,test,5000.0,60.0,0.1692,True,0.8922,0.579344,0.82339,1.421245,0.014,0.0,60.0,60.0003,52.03,0.819314,8.3e-05,4.5e-05,0.000117,5.2e-05,4.2e-05,9.2e-05,0.0001,8.3e-05,9e-05,3.2e-05,0.000101,5.5e-05,0.000143,6.3e-05,0.000112,0.000101,3.9e-05,0.0,60.01,3.43,0.0,4e-06,60.0
norm_0488,Normal,3,sim_14,sim_14,14,Cross-Bus Diversity A,PROJECT DESIGN CHOICE,Non-coincident load diversity pattern A,test,5000.0,60.0,0.1726,True,0.8781,0.579376,0.823276,1.420971,0.0213,0.0,60.0,59.9995,51.92,0.819358,8.3e-05,6.3e-05,8.4e-05,0.000113,3.6e-05,0.000117,9.7e-05,6.8e-05,0.000167,6.8e-05,0.000101,7.7e-05,0.000103,0.000138,0.000143,8.3e-05,8.3e-05,0.0,60.01,3.63,0.0,4e-06,60.0
norm_0489,Normal,3,sim_14,sim_14,14,Cross-Bus Diversity A,PROJECT DESIGN CHOICE,Non-coincident load diversity pattern A,test,5000.0,60.0,0.176,True,0.8909,0.579351,0.820927,1.416978,0.0174,0.0,60.0,59.9994,51.6,0.819323,9.6e-05,0.00013,5.1e-05,1.5e-05,8.3e-05,5.7e-05,8.2e-05,4.2e-05,0.000125,8.9e-05,0.000117,0.000159,6.2e-05,1.8e-05,7e-05,5.1e-05,0.000109,0.0,60.01,3.6,0.0,4e-06,60.0
norm_0490,Normal,3,sim_15,sim_15,15,Cross-Bus Diversity B,PROJECT DESIGN CHOICE,Non-coincident load diversity pattern B,train,5000.0,60.0,0.06,True,0.9957,0.599551,0.850031,1.41778,0.0161,0.0,60.0,59.9964,51.3,0.84789,0.00014,4.2e-05,8.2e-05,8.5e-05,7.8e-05,9.8e-05,0.000167,0.00013,2.6e-05,1.7e-05,0.000165,5e-05,9.7e-05,0.0001,0.000116,0.000153,2e-05,0.0,60.01,3.43,0.0,4e-06,60.0
norm_0491,Normal,3,sim_15,sim_15,15,Cross-Bus Diversity B,PROJECT DESIGN CHOICE,Non-coincident load diversity pattern B,train,5000.0,60.0,0.0634,True,0.9902,0.599582,0.850111,1.41784,0.0174,0.0,60.0,60.0007,52.17,0.847935,0.000222,3.7e-05,3.8e-05,0.0001,9.7e-05,0.000102,0.000219,2.1e-05,5.1e-05,2.9e-05,0.000262,4.4e-05,4.5e-05,0.000118,0.00012,2.5e-05,3.4e-05,0.0,60.01,3.52,0.0,4e-06,60.0
norm_0492,Normal,3,sim_15,sim_15,15,Cross-Bus Diversity B,PROJECT DESIGN CHOICE,Non-coincident load diversity pattern B,train,5000.0,60.0,0.0668,True,0.9902,0.599643,0.849306,1.416352,0.0183,0.0,60.0,60.0001,52.11,0.848021,6.3e-05,8.7e-05,4.1e-05,4.5e-05,9.3e-05,0.000121,6.5e-05,5.7e-05,8.4e-05,0.00014,7.4e-05,0.000103,4.8e-05,5.3e-05,0.000143,6.7e-05,0.000165,0.0,60.01,3.41,0.0,3e-06,60.0
norm_0493,Normal,3,sim_15,sim_15,15,Cross-Bus Diversity B,PROJECT DESIGN CHOICE,Non-coincident load diversity pattern B,train,5000.0,60.0,0.0702,True,0.9835,0.599686,0.852357,1.421339,0.0096,0.0,60.0,60.0018,51.48,0.848082,0.000174,4.1e-05,2.8e-05,3.9e-05,5.4e-05,5.9e-05,0.000122,6.4e-05,5.9e-05,6.5e-05,0.000205,4.8e-05,3.3e-05,4.6e-05,7e-05,7.5e-05,7.7e-05,0.0,60.01,3.46,0.0,4e-06,60.0
norm_0494,Normal,3,sim_15,sim_15,15,Cross-Bus Diversity B,PROJECT DESIGN CHOICE,Non-coincident load diversity pattern B,train,5000.0,60.0,0.0736,True,0.9963,0.599554,0.851357,1.419984,0.0201,0.0,60.0,59.9997,52.06,0.847895,0.0001,8.2e-05,0.000125,0.000132,0.0001,7e-05,0.000144,0.000152,3.8e-05,2.3e-05,0.000118,9.7e-05,0.000147,0.000156,8.3e-05,0.000179,2.7e-05,0.0,60.01,3.51,0.0,4e-06,60.0
norm_0495,Normal,3,sim_15,sim_15,15,Cross-Bus Diversity B,PROJECT DESIGN CHOICE,Non-coincident load diversity pattern B,train,5000.0,60.0,0.077,True,0.9917,0.599547,0.851114,1.419596,0.0151,0.0,60.0,59.999,51.85,0.847884,0.000129,7.1e-05,0.000106,4.7e-05,2e-05,9.5e-05,2.2e-05,6.2e-05,0.0001,4.3e-05,0.000152,8.4e-05,0.000125,5.5e-05,0.000112,7.3e-05,5.1e-05,0.0,60.01,3.49,0.0,3e-06,60.0
norm_0496,Normal,3,sim_15,sim_15,15,Cross-Bus Diversity B,PROJECT DESIGN CHOICE,Non-coincident load diversity pattern B,train,5000.0,60.0,0.0804,True,0.991,0.599576,0.849464,1.416776,0.0156,0.0,60.0,59.998,51.68,0.847925,5.2e-05,5.1e-05,6e-06,0.000103,0.0001,6.7e-05,6.6e-05,0.000122,6.5e-05,0.000112,6.1e-05,6e-05,7e-06,0.000121,7.9e-05,0.000144,0.000132,0.0,60.01,3.58,0.0,4e-06,60.0
norm_0497,Normal,3,sim_15,sim_15,15,Cross-Bus Diversity B,PROJECT DESIGN CHOICE,Non-coincident load diversity pattern B,train,5000.0,60.0,0.0838,True,0.9953,0.599542,0.852499,1.421917,0.0201,0.0,60.0,59.9963,50.82,0.847877,0.000158,0.000104,0.000135,6.9e-05,7.9e-05,0.000117,2.7e-05,3.7e-05,0.000131,5.5e-05,0.000186,0.000123,0.000159,8.1e-05,0.000138,4.4e-05,6.5e-05,0.0,60.01,3.47,0.0,4e-06,60.0
norm_0498,Normal,3,sim_15,sim_15,15,Cross-Bus Diversity B,PROJECT DESIGN CHOICE,Non-coincident load diversity pattern B,train,5000.0,60.0,0.0872,True,0.9906,0.59962,0.850541,1.418467,0.0119,0.0,60.0,60.0009,52.21,0.847988,0.000147,3.4e-05,8.6e-05,8.3e-05,9e-06,4.7e-05,4.5e-05,5.7e-05,0.000137,0.000156,0.000173,4e-05,0.000101,9.8e-05,5.5e-05,6.7e-05,0.000184,0.0,60.01,3.33,0.0,3e-06,60.0
norm_0499,Normal,3,sim_15,sim_15,15,Cross-Bus Diversity B,PROJECT DESIGN CHOICE,Non-coincident load diversity pattern B,train,5000.0,60.0,0.0908,True,0.9848,0.599553,0.850529,1.418606,0.0189,0.0,60.0,60.001,51.84,0.847893,5.9e-05,0.000109,0.00015,7.9e-05,2.2e-05,8.7e-05,0.000137,7.1e-05,0.000114,7.8e-05,7e-05,0.000129,0.000177,9.3e-05,0.000103,8.4e-05,9.2e-05,0.0,60.01,3.48,0.0,4e-06,60.0
norm_0500,Normal,3,sim_15,sim_15,15,Cross-Bus Diversity B,PROJECT DESIGN CHOICE,Non-coincident load diversity pattern B,train,5000.0,60.0,0.0942,True,0.9855,0.599622,0.850974,1.419184,0.0247,0.0,60.0,60.0022,51.7,0.847992,0.00014,0.000202,0.000108,4.9e-05,4.5e-05,2.3e-05,9.2e-05,0.000101,8.3e-05,3.4e-05,0.000165,0.000238,0.000127,5.8e-05,2.7e-05,0.000119,4e-05,0.0,60.01,3.34,0.0,3e-06,60.0
norm_0501,Normal,3,sim_15,sim_15,15,Cross-Bus Diversity B,PROJECT DESIGN CHOICE,Non-coincident load diversity pattern B,train,5000.0,60.0,0.0976,True,0.9808,0.599491,0.85094,1.419437,0.0228,0.0,60.0,59.9997,52.02,0.847806,4.5e-05,3.3e-05,6.9e-05,5.3e-05,7e-05,0.000183,0.000112,6.5e-05,0.000112,5.1e-05,5.3e-05,3.9e-05,8.1e-05,6.3e-05,0.000216,7.7e-05,6e-05,0.0,60.01,3.5,0.0,4e-06,60.0
norm_0502,Normal,3,sim_15,sim_15,15,Cross-Bus Diversity B,PROJECT DESIGN CHOICE,Non-coincident load diversity pattern B,train,5000.0,60.0,0.101,True,0.9807,0.599648,0.850804,1.418838,0.0264,0.0,60.0,60.0036,51.28,0.848029,3.8e-05,0.000143,3.3e-05,4.8e-05,1.6e-05,0.000165,6.1e-05,2.7e-05,0.000157,7.9e-05,4.5e-05,0.000169,3.9e-05,5.7e-05,0.000195,3.2e-05,9.3e-05,0.0,60.01,3.18,0.0,3e-06,60.0
norm_0503,Normal,3,sim_15,sim_15,15,Cross-Bus Diversity B,PROJECT DESIGN CHOICE,Non-coincident load diversity pattern B,train,5000.0,60.0,0.1044,True,0.991,0.599558,0.851412,1.420066,0.0285,0.0,60.0,60.0004,51.85,0.8479,1.1e-05,1.3e-05,9.2e-05,0.000163,0.00011,0.000178,0.000144,0.000101,9.8e-05,0.000174,1.3e-05,1.5e-05,0.000109,0.000192,0.00021,0.000119,0.000205,0.0,60.01,3.51,0.0,4e-06,60.0
norm_0504,Normal,3,sim_15,sim_15,15,Cross-Bus Diversity B,PROJECT DESIGN CHOICE,Non-coincident load diversity pattern B,train,5000.0,60.0,0.1078,True,0.9876,0.599607,0.852275,1.421389,0.0209,0.0,60.0,60.0028,51.88,0.84797,1.5e-05,4e-06,1.8e-05,0.000174,6.9e-05,3.5e-05,5.5e-05,0.000134,4.6e-05,7.9e-05,1.8e-05,5e-06,2.1e-05,0.000205,4.1e-05,0.000158,9.3e-05,0.0,60.01,3.29,0.0,3e-06,60.0
norm_0505,Normal,3,sim_15,sim_15,15,Cross-Bus Diversity B,PROJECT DESIGN CHOICE,Non-coincident load diversity pattern B,train,5000.0,60.0,0.1112,True,0.9888,0.599497,0.851174,1.419813,0.022,0.0,60.0,59.999,51.89,0.847814,6.8e-05,9e-05,0.000107,0.000147,2.1e-05,7.2e-05,0.000133,7.6e-05,7.3e-05,2.3e-05,8e-05,0.000106,0.000126,0.000173,8.5e-05,9e-05,2.7e-05,0.0,60.01,3.51,0.0,3e-06,60.0
norm_0506,Normal,3,sim_15,sim_15,15,Cross-Bus Diversity B,PROJECT DESIGN CHOICE,Non-coincident load diversity pattern B,train,5000.0,60.0,0.1146,True,0.9931,0.599489,0.849867,1.417654,0.0213,0.0,60.0,60.0002,51.89,0.847802,9.7e-05,5.2e-05,6.4e-05,8.7e-05,1.9e-05,0.000149,2.6e-05,9.1e-05,0.000104,3.5e-05,0.000114,6.1e-05,7.5e-05,0.000103,0.000176,0.000107,4.1e-05,0.0,60.01,3.55,0.0,4e-06,60.0
norm_0507,Normal,3,sim_15,sim_15,15,Cross-Bus Diversity B,PROJECT DESIGN CHOICE,Non-coincident load diversity pattern B,train,5000.0,60.0,0.118,True,0.985,0.599607,0.850865,1.419037,0.013,0.0,60.0,60.0002,52.22,0.84797,2.3e-05,9.9e-05,0.000146,4e-05,5.3e-05,2.7e-05,8.2e-05,0.000131,7.9e-05,0.000163,2.7e-05,0.000117,0.000172,4.7e-05,3.2e-05,0.000154,0.000192,0.0,60.01,3.44,0.0,4e-06,60.0
norm_0508,Normal,3,sim_15,sim_15,15,Cross-Bus Diversity B,PROJECT DESIGN CHOICE,Non-coincident load diversity pattern B,train,5000.0,60.0,0.1214,True,0.9866,0.599675,0.851172,1.419389,0.0124,0.0,60.0,59.9986,52.07,0.848066,0.000114,5.4e-05,4.2e-05,5.8e-05,8.5e-05,6.9e-05,0.000127,9.2e-05,0.000105,3.7e-05,0.000134,6.4e-05,5e-05,6.8e-05,8.1e-05,0.000108,4.4e-05,0.0,60.01,3.41,0.0,3e-06,60.0
norm_0509,Normal,3,sim_15,sim_15,15,Cross-Bus Diversity B,PROJECT DESIGN CHOICE,Non-coincident load diversity pattern B,train,5000.0,60.0,0.1248,True,0.9938,0.599586,0.849814,1.417333,0.0236,0.0,60.0,59.9992,52.12,0.847941,5.1e-05,0.000101,5.3e-05,9.7e-05,0.00012,0.000143,3e-05,6.6e-05,1.1e-05,3.4e-05,6e-05,0.000119,6.3e-05,0.000114,0.000169,7.8e-05,4e-05,0.0,60.01,3.41,0.0,4e-06,60.0
norm_0510,Normal,3,sim_15,sim_15,15,Cross-Bus Diversity B,PROJECT DESIGN CHOICE,Non-coincident load diversity pattern B,train,5000.0,60.0,0.1282,True,0.9852,0.599564,0.849854,1.417454,0.0294,0.0,60.0,60.0004,52.26,0.847909,0.000117,7.4e-05,0.000143,8.1e-05,3.8e-05,0.000224,0.000112,0.000115,4e-05,0.000159,0.000138,8.7e-05,0.000169,9.6e-05,0.000264,0.000136,0.000188,0.0,60.01,3.42,0.0,3e-06,60.0
norm_0511,Normal,3,sim_15,sim_15,15,Cross-Bus Diversity B,PROJECT DESIGN CHOICE,Non-coincident load diversity pattern B,train,5000.0,60.0,0.1316,True,0.9912,0.599591,0.851211,1.419653,0.0151,0.0,60.0,59.999,52.01,0.847947,8.1e-05,2.3e-05,2.1e-05,7.1e-05,4.4e-05,0.000104,9.9e-05,3.4e-05,7.7e-05,9.2e-05,9.6e-05,2.7e-05,2.5e-05,8.4e-05,0.000123,4e-05,0.000108,0.0,60.01,3.55,0.0,4e-06,60.0
norm_0512,Normal,3,sim_15,sim_15,15,Cross-Bus Diversity B,PROJECT DESIGN CHOICE,Non-coincident load diversity pattern B,train,5000.0,60.0,0.135,True,1.0006,0.599508,0.851172,1.419783,0.0183,0.0,60.0,59.998,51.45,0.84783,7.3e-05,8.3e-05,0.000131,0.000102,0.000143,8.3e-05,6.7e-05,0.000127,0.000119,5.1e-05,8.6e-05,9.8e-05,0.000155,0.00012,9.8e-05,0.00015,6e-05,0.0,60.01,3.75,0.0,4e-06,60.0
norm_0513,Normal,3,sim_15,sim_15,15,Cross-Bus Diversity B,PROJECT DESIGN CHOICE,Non-coincident load diversity pattern B,train,5000.0,60.0,0.1384,True,0.9943,0.599557,0.851182,1.419685,0.012,0.0,60.0,60.0005,51.78,0.847899,2.1e-05,7.3e-05,9.6e-05,5.5e-05,8.3e-05,4.5e-05,0.000143,7.3e-05,8.8e-05,5.8e-05,2.5e-05,8.6e-05,0.000113,6.5e-05,5.3e-05,8.6e-05,6.8e-05,0.0,60.01,3.57,0.0,4e-06,60.0
norm_0514,Normal,3,sim_15,sim_15,15,Cross-Bus Diversity B,PROJECT DESIGN CHOICE,Non-coincident load diversity pattern B,train,5000.0,60.0,0.1418,True,0.9919,0.599613,0.85027,1.418031,0.016,0.0,60.0,59.9999,52.15,0.847979,4.5e-05,9.6e-05,5.9e-05,7.9e-05,7.1e-05,5.3e-05,6.3e-05,4.9e-05,0.000138,7.5e-05,5.3e-05,0.000113,7e-05,9.3e-05,6.3e-05,5.8e-05,8.8e-05,0.0,60.01,3.47,0.0,4e-06,60.0
norm_0515,Normal,3,sim_15,sim_15,15,Cross-Bus Diversity B,PROJECT DESIGN CHOICE,Non-coincident load diversity pattern B,train,5000.0,60.0,0.1452,True,0.9947,0.599622,0.851866,1.420673,0.0219,0.0,60.0,59.9971,51.59,0.847991,6e-05,5.4e-05,0.000104,0.000153,5.1e-05,8.9e-05,3.4e-05,9.9e-05,3.7e-05,6.8e-05,7.1e-05,6.4e-05,0.000123,0.00018,0.000105,0.000117,8e-05,0.0,60.01,3.4,0.0,3e-06,60.0
norm_0516,Normal,3,sim_15,sim_15,15,Cross-Bus Diversity B,PROJECT DESIGN CHOICE,Non-coincident load diversity pattern B,train,5000.0,60.0,0.1488,True,0.9949,0.599511,0.85015,1.418073,0.0233,0.0,60.0,60.0016,52.31,0.847834,4e-05,4.4e-05,3.4e-05,0.000131,4.4e-05,0.000142,4e-05,6.5e-05,6.7e-05,0.000121,4.7e-05,5.2e-05,4e-05,0.000155,0.000167,7.7e-05,0.000143,0.0,60.01,3.3,0.0,3e-06,60.0
norm_0517,Normal,3,sim_15,sim_15,15,Cross-Bus Diversity B,PROJECT DESIGN CHOICE,Non-coincident load diversity pattern B,train,5000.0,60.0,0.1522,True,0.9948,0.599471,0.851379,1.420218,0.0229,0.0,60.0,60.0008,52.27,0.847777,0.000136,7.7e-05,5.8e-05,0.000116,0.000152,0.000135,0.000102,1.3e-05,5.9e-05,0.000129,0.00016,9.1e-05,6.8e-05,0.000137,0.000159,1.5e-05,0.000152,0.0,60.01,3.37,0.0,4e-06,60.0
norm_0518,Normal,3,sim_15,sim_15,15,Cross-Bus Diversity B,PROJECT DESIGN CHOICE,Non-coincident load diversity pattern B,train,5000.0,60.0,0.1556,True,0.9937,0.599592,0.850881,1.419101,0.0159,0.0,60.0,59.9977,51.57,0.847948,0.000143,7.2e-05,0.000117,6.4e-05,3.7e-05,9.4e-05,0.00013,1.3e-05,4.8e-05,2.4e-05,0.000169,8.5e-05,0.000138,7.5e-05,0.000111,1.5e-05,2.8e-05,0.0,60.01,3.37,0.0,4e-06,60.0
norm_0519,Normal,3,sim_15,sim_15,15,Cross-Bus Diversity B,PROJECT DESIGN CHOICE,Non-coincident load diversity pattern B,train,5000.0,60.0,0.159,True,0.9927,0.599496,0.850231,1.418243,0.0199,0.0,60.0,60.001,52.15,0.847813,9.5e-05,0.000114,0.000131,6.1e-05,3.9e-05,0.000108,4.4e-05,6.4e-05,2.5e-05,5.7e-05,0.000112,0.000134,0.000155,7.2e-05,0.000127,7.5e-05,6.7e-05,0.0,60.01,3.32,0.0,4e-06,60.0
norm_0520,Normal,3,sim_15,sim_15,15,Cross-Bus Diversity B,PROJECT DESIGN CHOICE,Non-coincident load diversity pattern B,train,5000.0,60.0,0.1624,True,0.9891,0.599555,0.85151,1.420237,0.0162,0.0,60.0,59.9992,52.68,0.847897,3.6e-05,8.5e-05,0.0001,6.6e-05,7.4e-05,8.4e-05,3.6e-05,4.2e-05,1.8e-05,6.3e-05,4.2e-05,0.0001,0.000118,7.8e-05,9.9e-05,5e-05,7.4e-05,0.0,60.01,3.21,0.0,3e-06,60.0
norm_0521,Normal,3,sim_15,sim_15,15,Cross-Bus Diversity B,PROJECT DESIGN CHOICE,Non-coincident load diversity pattern B,train,5000.0,60.0,0.1658,True,0.9895,0.599589,0.85099,1.419289,0.0343,0.0,60.0,59.9995,52.06,0.847944,2.7e-05,0.00013,0.000169,0.000242,0.00012,9.8e-05,1.8e-05,0.000116,9.3e-05,8.7e-05,3.2e-05,0.000153,0.000199,0.000285,0.000116,0.000137,0.000103,0.0,60.01,3.4,0.0,4e-06,60.0
norm_0522,Normal,3,sim_15,sim_15,15,Cross-Bus Diversity B,PROJECT DESIGN CHOICE,Non-coincident load diversity pattern B,train,5000.0,60.0,0.1692,True,0.9954,0.599486,0.849448,1.416962,0.0125,0.0,60.0,60.0005,52.17,0.847798,0.000142,5.1e-05,0.000125,4.5e-05,0.000147,8.2e-05,6.4e-05,7.7e-05,2.2e-05,3.7e-05,0.000167,6e-05,0.000147,5.3e-05,9.7e-05,9.1e-05,4.4e-05,0.0,60.01,3.24,0.0,4e-06,60.0
norm_0523,Normal,3,sim_15,sim_15,15,Cross-Bus Diversity B,PROJECT DESIGN CHOICE,Non-coincident load diversity pattern B,train,5000.0,60.0,0.1726,True,0.9914,0.599585,0.851484,1.420123,0.0274,0.0,60.0,60.0009,51.99,0.847938,0.000102,0.000147,0.000114,0.000146,0.000124,0.000105,0.000191,0.000115,5.8e-05,0.000174,0.00012,0.000173,0.000134,0.000172,0.000124,0.000136,0.000205,0.0,60.01,3.49,0.0,4e-06,60.0
norm_0524,Normal,3,sim_15,sim_15,15,Cross-Bus Diversity B,PROJECT DESIGN CHOICE,Non-coincident load diversity pattern B,train,5000.0,60.0,0.176,True,0.9835,0.599531,0.850068,1.417889,0.0123,0.0,60.0,59.9977,51.72,0.847862,6.1e-05,4.7e-05,3.6e-05,6.1e-05,0.000122,7e-05,0.000102,9.6e-05,6e-05,0.000107,7.2e-05,5.5e-05,4.2e-05,7.2e-05,8.3e-05,0.000113,0.000126,0.0,60.01,3.51,0.0,4e-06,60.0
norm_0525,Normal,3,sim_16,sim_16,16,Gen 2 Heavy Dispatch,PROJECT DESIGN CHOICE,Economic generation redispatch favoring Gen 2,val,5000.0,60.0,0.06,True,0.9427,0.589224,0.835433,1.417852,0.0205,0.0,60.0,60.0015,51.87,0.833286,4.7e-05,0.000125,2.2e-05,9.9e-05,7.1e-05,6.1e-05,4.7e-05,6.1e-05,2.2e-05,0.000139,5.6e-05,0.00015,2.6e-05,0.000119,7.3e-05,7.3e-05,0.000167,0.0,60.01,3.43,0.0,4e-06,60.0
norm_0526,Normal,3,sim_16,sim_16,16,Gen 2 Heavy Dispatch,PROJECT DESIGN CHOICE,Economic generation redispatch favoring Gen 2,val,5000.0,60.0,0.0634,True,0.9342,0.589297,0.836203,1.418985,0.0266,0.0,60.0,59.999,51.8,0.833389,0.000117,0.000128,9.5e-05,0.000175,1.6e-05,4.6e-05,4.1e-05,9.2e-05,6.6e-05,9.7e-05,0.00014,0.000154,0.000114,0.00021,5.5e-05,0.00011,0.000116,0.0,60.01,3.66,0.0,4e-06,60.0
norm_0527,Normal,3,sim_16,sim_16,16,Gen 2 Heavy Dispatch,PROJECT DESIGN CHOICE,Economic generation redispatch favoring Gen 2,val,5000.0,60.0,0.0668,True,0.9375,0.589226,0.836977,1.420469,0.0112,0.0,60.0,60.0029,51.24,0.833288,4e-05,7.1e-05,9.9e-05,5.5e-05,0.000123,2.6e-05,4.4e-05,0.000141,6.3e-05,6.2e-05,4.8e-05,8.5e-05,0.000119,6.6e-05,3.1e-05,0.000169,7.4e-05,0.0,60.01,3.63,0.0,4e-06,60.0
norm_0528,Normal,3,sim_16,sim_16,16,Gen 2 Heavy Dispatch,PROJECT DESIGN CHOICE,Economic generation redispatch favoring Gen 2,val,5000.0,60.0,0.0702,True,0.9399,0.589351,0.836091,1.418663,0.0094,0.0,60.0,60.0011,51.58,0.833466,8e-05,3.3e-05,0.00013,5.4e-05,9e-05,4.7e-05,1.9e-05,0.000206,0.00018,6.6e-05,9.6e-05,4e-05,0.000156,6.5e-05,5.6e-05,0.000247,7.9e-05,0.0,60.01,3.6,0.0,4e-06,60.0
norm_0529,Normal,3,sim_16,sim_16,16,Gen 2 Heavy Dispatch,PROJECT DESIGN CHOICE,Economic generation redispatch favoring Gen 2,val,5000.0,60.0,0.0736,True,0.9358,0.589355,0.836243,1.418912,0.0255,0.0,60.0,60.0006,51.9,0.833471,0.000206,0.000167,7.9e-05,7.8e-05,8.1e-05,0.000106,0.000121,5.7e-05,4.3e-05,0.000103,0.000247,0.0002,9.5e-05,9.4e-05,0.000127,6.8e-05,0.000124,0.0,60.01,3.48,0.0,4e-06,60.0
norm_0530,Normal,3,sim_16,sim_16,16,Gen 2 Heavy Dispatch,PROJECT DESIGN CHOICE,Economic generation redispatch favoring Gen 2,val,5000.0,60.0,0.077,True,0.9344,0.58924,0.83553,1.417978,0.019,0.0,60.0,59.9989,51.77,0.833309,8.8e-05,9.3e-05,8.8e-05,0.000105,6e-05,7.3e-05,0.000129,4.8e-05,5.3e-05,9.9e-05,0.000106,0.000112,0.000106,0.000126,8.8e-05,5.8e-05,0.000119,0.0,60.01,3.57,0.0,4e-06,60.0
norm_0531,Normal,3,sim_16,sim_16,16,Gen 2 Heavy Dispatch,PROJECT DESIGN CHOICE,Economic generation redispatch favoring Gen 2,val,5000.0,60.0,0.0804,True,0.9392,0.589355,0.835895,1.41832,0.009,0.0,60.0,60.0022,51.6,0.833472,9.5e-05,5.6e-05,0.000152,3.7e-05,4.8e-05,3.4e-05,6.7e-05,5.4e-05,0.000132,0.00014,0.000114,6.7e-05,0.000182,4.4e-05,4.1e-05,6.5e-05,0.000168,0.0,60.01,3.6,0.0,4e-06,60.0
norm_0532,Normal,3,sim_16,sim_16,16,Gen 2 Heavy Dispatch,PROJECT DESIGN CHOICE,Economic generation redispatch favoring Gen 2,val,5000.0,60.0,0.0838,True,0.9292,0.589374,0.8366,1.419471,0.0083,0.0,60.0,60.0006,52.04,0.833498,0.000113,5.6e-05,3.6e-05,3.6e-05,5.6e-05,1.7e-05,6.9e-05,8.1e-05,0.000177,6.5e-05,0.000136,6.7e-05,4.3e-05,4.3e-05,2e-05,9.7e-05,7.8e-05,0.0,60.01,3.43,0.0,4e-06,60.0
norm_0533,Normal,3,sim_16,sim_16,16,Gen 2 Heavy Dispatch,PROJECT DESIGN CHOICE,Economic generation redispatch favoring Gen 2,val,5000.0,60.0,0.0872,True,0.9429,0.589311,0.835266,1.417361,0.0186,0.0,60.0,60.0033,51.03,0.833408,6e-06,1.6e-05,5.2e-05,0.00015,7.2e-05,3.7e-05,0.000146,5.6e-05,0.000114,9.7e-05,7e-06,1.9e-05,6.2e-05,0.00018,4.4e-05,6.7e-05,0.000116,0.0,60.01,3.49,0.0,4e-06,60.0
norm_0534,Normal,3,sim_16,sim_16,16,Gen 2 Heavy Dispatch,PROJECT DESIGN CHOICE,Economic generation redispatch favoring Gen 2,val,5000.0,60.0,0.0908,True,0.9361,0.589395,0.836905,1.41994,0.0236,0.0,60.0,60.0007,52.37,0.833528,5.2e-05,0.000127,8.5e-05,0.000129,6.2e-05,7.7e-05,0.000124,1.7e-05,9.7e-05,0.000105,6.2e-05,0.000152,0.000102,0.000155,9.2e-05,2e-05,0.000126,0.0,60.01,3.29,0.0,3e-06,60.0
norm_0535,Normal,3,sim_16,sim_16,16,Gen 2 Heavy Dispatch,PROJECT DESIGN CHOICE,Economic generation redispatch favoring Gen 2,val,5000.0,60.0,0.0942,True,0.9393,0.589258,0.835997,1.418728,0.0249,0.0,60.0,60.0014,51.6,0.833334,0.000117,0.000134,0.000125,0.000157,5.6e-05,2.4e-05,0.000143,0.000235,0.000144,9.1e-05,0.00014,0.000161,0.00015,0.000188,2.9e-05,0.000282,0.000109,0.0,60.01,3.52,0.0,4e-06,60.0
norm_0536,Normal,3,sim_16,sim_16,16,Gen 2 Heavy Dispatch,PROJECT DESIGN CHOICE,Economic generation redispatch favoring Gen 2,val,5000.0,60.0,0.0976,True,0.9414,0.589269,0.835888,1.418516,0.0185,0.0,60.0,60.0003,51.81,0.83335,5.7e-05,6.5e-05,6.5e-05,4.3e-05,0.000158,0.000133,0.000139,0.000131,0.000144,2.9e-05,6.8e-05,7.8e-05,7.8e-05,5.2e-05,0.00016,0.000157,3.5e-05,0.0,60.01,3.69,0.0,4e-06,60.0
norm_0537,Normal,3,sim_16,sim_16,16,Gen 2 Heavy Dispatch,PROJECT DESIGN CHOICE,Economic generation redispatch favoring Gen 2,val,5000.0,60.0,0.101,True,0.9427,0.589306,0.835473,1.417723,0.0174,0.0,60.0,60.0008,52.07,0.833403,5.6e-05,0.0001,5.4e-05,6e-05,8.1e-05,8.6e-05,1e-05,8.4e-05,0.000111,0.000104,6.7e-05,0.00012,6.5e-05,7.2e-05,0.000103,0.000101,0.000125,0.0,60.01,3.61,0.0,4e-06,60.0
norm_0538,Normal,3,sim_16,sim_16,16,Gen 2 Heavy Dispatch,PROJECT DESIGN CHOICE,Economic generation redispatch favoring Gen 2,val,5000.0,60.0,0.1044,True,0.938,0.589369,0.836258,1.418903,0.0176,0.0,60.0,60.0002,52.15,0.833491,8.5e-05,7.2e-05,0.000143,9.5e-05,4.2e-05,8.5e-05,5.2e-05,6.4e-05,0.000136,7.8e-05,0.000102,8.6e-05,0.000172,0.000114,0.000102,7.7e-05,9.4e-05,0.0,60.01,3.54,0.0,4e-06,60.0
norm_0539,Normal,3,sim_16,sim_16,16,Gen 2 Heavy Dispatch,PROJECT DESIGN CHOICE,Economic generation redispatch favoring Gen 2,val,5000.0,60.0,0.1078,True,0.9374,0.589388,0.837725,1.421347,0.0168,0.0,60.0,59.9966,51.37,0.833517,3e-06,5.6e-05,9.6e-05,0.000112,0.000186,6.3e-05,0.000106,3.3e-05,4.2e-05,2.8e-05,4e-06,6.7e-05,0.000115,0.000134,7.6e-05,4e-05,3.4e-05,0.0,60.01,3.41,0.0,3e-06,60.0
norm_0540,Normal,3,sim_16,sim_16,16,Gen 2 Heavy Dispatch,PROJECT DESIGN CHOICE,Economic generation redispatch favoring Gen 2,val,5000.0,60.0,0.1112,True,0.941,0.589218,0.836009,1.418845,0.0215,0.0,60.0,59.9996,51.94,0.833278,0.000118,9.9e-05,0.000104,7.2e-05,0.00011,0.000131,4.4e-05,0.00013,3.6e-05,0.00011,0.000142,0.000119,0.000125,8.6e-05,0.000157,0.000156,0.000132,0.0,60.01,3.6,0.0,3e-06,60.0
norm_0541,Normal,3,sim_16,sim_16,16,Gen 2 Heavy Dispatch,PROJECT DESIGN CHOICE,Economic generation redispatch favoring Gen 2,val,5000.0,60.0,0.1146,True,0.9415,0.589332,0.836187,1.418872,0.0187,0.0,60.0,60.0001,51.97,0.833439,8.8e-05,6.1e-05,6.4e-05,0.000138,1.9e-05,4e-05,8.1e-05,3.3e-05,0.000105,5.9e-05,0.000106,7.3e-05,7.7e-05,0.000166,4.8e-05,4e-05,7.1e-05,0.0,60.01,3.63,0.0,4e-06,60.0
norm_0542,Normal,3,sim_16,sim_16,16,Gen 2 Heavy Dispatch,PROJECT DESIGN CHOICE,Economic generation redispatch favoring Gen 2,val,5000.0,60.0,0.118,True,0.9346,0.589409,0.836269,1.418826,0.0131,0.0,60.0,60.0004,52.07,0.833548,0.000101,6.5e-05,0.000123,5.8e-05,8.4e-05,6.4e-05,0.000159,5.5e-05,5.6e-05,3e-05,0.000121,7.8e-05,0.000148,7e-05,7.7e-05,6.6e-05,3.6e-05,0.0,60.01,3.51,0.0,4e-06,60.0
norm_0543,Normal,3,sim_16,sim_16,16,Gen 2 Heavy Dispatch,PROJECT DESIGN CHOICE,Economic generation redispatch favoring Gen 2,val,5000.0,60.0,0.1214,True,0.9354,0.589263,0.837964,1.422055,0.018,0.0,60.0,60.0018,51.93,0.833341,6.3e-05,4.2e-05,2.2e-05,0.000121,8.6e-05,7.8e-05,0.000106,9.4e-05,5.8e-05,0.000109,7.6e-05,5e-05,2.6e-05,0.000145,9.4e-05,0.000113,0.000131,0.0,60.01,3.44,0.0,3e-06,60.0
norm_0544,Normal,3,sim_16,sim_16,16,Gen 2 Heavy Dispatch,PROJECT DESIGN CHOICE,Economic generation redispatch favoring Gen 2,val,5000.0,60.0,0.1248,True,0.9364,0.589341,0.83644,1.41928,0.0247,0.0,60.0,60.0002,52.11,0.833452,8.1e-05,0.00016,0.000101,8.4e-05,9.7e-05,9.8e-05,7.7e-05,7.4e-05,7.4e-05,3.2e-05,9.7e-05,0.000192,0.000121,0.000101,0.000118,8.9e-05,3.8e-05,0.0,60.01,3.37,0.0,4e-06,60.0
norm_0545,Normal,3,sim_16,sim_16,16,Gen 2 Heavy Dispatch,PROJECT DESIGN CHOICE,Economic generation redispatch favoring Gen 2,val,5000.0,60.0,0.1282,True,0.94,0.589255,0.834856,1.416799,0.0236,0.0,60.0,59.9956,50.68,0.83333,4.5e-05,0.000132,7.4e-05,0.000117,1.6e-05,8.8e-05,0.000154,9.1e-05,0.000161,3.5e-05,5.4e-05,0.000158,8.9e-05,0.00014,0.000106,0.000109,4.2e-05,0.0,60.01,3.3,0.0,4e-06,60.0
norm_0546,Normal,3,sim_16,sim_16,16,Gen 2 Heavy Dispatch,PROJECT DESIGN CHOICE,Economic generation redispatch favoring Gen 2,val,5000.0,60.0,0.1316,True,0.9356,0.589327,0.837164,1.420542,0.0247,0.0,60.0,60.0015,51.45,0.833432,4e-05,0.000111,0.000146,0.000166,7.4e-05,5.2e-05,8.2e-05,0.000137,9e-05,0.000143,4.8e-05,0.000133,0.000175,0.000199,6.2e-05,0.000164,0.000172,0.0,60.01,3.62,0.0,4e-06,60.0
norm_0547,Normal,3,sim_16,sim_16,16,Gen 2 Heavy Dispatch,PROJECT DESIGN CHOICE,Economic generation redispatch favoring Gen 2,val,5000.0,60.0,0.135,True,0.9341,0.589407,0.836293,1.418872,0.0177,0.0,60.0,59.9974,51.5,0.833545,4.9e-05,1.7e-05,1.2e-05,0.000118,6.9e-05,8.7e-05,3.2e-05,0.000107,1.3e-05,0.000141,5.9e-05,2e-05,1.4e-05,0.000142,0.000104,0.000128,0.000169,0.0,60.01,3.53,0.0,4e-06,60.0
norm_0548,Normal,3,sim_16,sim_16,16,Gen 2 Heavy Dispatch,PROJECT DESIGN CHOICE,Economic generation redispatch favoring Gen 2,val,5000.0,60.0,0.1384,True,0.9346,0.589327,0.836507,1.419427,0.0156,0.0,60.0,60.0,51.87,0.833432,3e-05,5.8e-05,0.00012,9.8e-05,0.000116,6.2e-05,9.8e-05,0.000206,0.000191,3e-05,3.6e-05,7e-05,0.000144,0.000118,7.4e-05,0.000247,3.6e-05,0.0,60.01,3.52,0.0,4e-06,60.0
norm_0549,Normal,3,sim_16,sim_16,16,Gen 2 Heavy Dispatch,PROJECT DESIGN CHOICE,Economic generation redispatch favoring Gen 2,val,5000.0,60.0,0.1418,True,0.9356,0.589392,0.835006,1.416725,0.0227,0.0,60.0,59.999,51.89,0.833523,0.000105,9e-05,4.6e-05,8.4e-05,6.2e-05,0.000144,6e-05,7.9e-05,0.000131,8e-05,0.000126,0.000108,5.5e-05,0.000101,0.000173,9.5e-05,9.6e-05,0.0,60.01,3.39,0.0,4e-06,60.0
norm_0550,Normal,3,sim_16,sim_16,16,Gen 2 Heavy Dispatch,PROJECT DESIGN CHOICE,Economic generation redispatch favoring Gen 2,val,5000.0,60.0,0.1452,True,0.9373,0.589292,0.837685,1.421511,0.0257,0.0,60.0,60.0001,51.69,0.833382,7.4e-05,6.7e-05,1.2e-05,0.000145,7.7e-05,0.000142,7.7e-05,0.000141,2.9e-05,9.2e-05,8.9e-05,8e-05,1.4e-05,0.000174,0.00017,0.000169,0.00011,0.0,60.01,3.58,0.0,4e-06,60.0
norm_0551,Normal,3,sim_16,sim_16,16,Gen 2 Heavy Dispatch,PROJECT DESIGN CHOICE,Economic generation redispatch favoring Gen 2,val,5000.0,60.0,0.1488,True,0.9315,0.589339,0.836004,1.418546,0.0092,0.0,60.0,59.9999,52.19,0.833448,7.3e-05,3.9e-05,2.9e-05,6.5e-05,7.6e-05,1.6e-05,8.5e-05,6.5e-05,9.5e-05,8.2e-05,8.8e-05,4.7e-05,3.5e-05,7.8e-05,1.9e-05,7.8e-05,9.8e-05,0.0,60.01,3.36,0.0,3e-06,60.0
norm_0552,Normal,3,sim_16,sim_16,16,Gen 2 Heavy Dispatch,PROJECT DESIGN CHOICE,Economic generation redispatch favoring Gen 2,val,5000.0,60.0,0.1522,True,0.9358,0.589323,0.836328,1.419135,0.0157,0.0,60.0,60.0022,51.8,0.833425,7.9e-05,7.6e-05,5.6e-05,9.3e-05,1.7e-05,5.1e-05,8.8e-05,9.5e-05,4.1e-05,0.000125,9.5e-05,9.1e-05,6.7e-05,0.000112,6.1e-05,0.000114,0.00015,0.0,60.01,3.39,0.0,3e-06,60.0
norm_0553,Normal,3,sim_16,sim_16,16,Gen 2 Heavy Dispatch,PROJECT DESIGN CHOICE,Economic generation redispatch favoring Gen 2,val,5000.0,60.0,0.1556,True,0.9362,0.58932,0.835489,1.417717,0.0135,0.0,60.0,59.9997,51.95,0.833421,6.5e-05,9.1e-05,0.000127,2.5e-05,7.1e-05,6.1e-05,4.8e-05,0.00011,8.5e-05,6.8e-05,7.8e-05,0.000109,0.000152,3e-05,7.3e-05,0.000132,8.2e-05,0.0,60.01,3.6,0.0,4e-06,60.0
norm_0554,Normal,3,sim_16,sim_16,16,Gen 2 Heavy Dispatch,PROJECT DESIGN CHOICE,Economic generation redispatch favoring Gen 2,val,5000.0,60.0,0.159,True,0.9289,0.58944,0.837509,1.420854,0.0088,0.0,60.0,59.9981,51.52,0.833592,0.00021,1.4e-05,6.8e-05,4e-05,3.6e-05,6e-05,5.5e-05,6e-05,0.000101,8.6e-05,0.000252,1.7e-05,8.2e-05,4.8e-05,7.2e-05,7.2e-05,0.000103,0.0,60.01,3.57,0.0,4e-06,60.0
norm_0555,Normal,3,sim_16,sim_16,16,Gen 2 Heavy Dispatch,PROJECT DESIGN CHOICE,Economic generation redispatch favoring Gen 2,val,5000.0,60.0,0.1624,True,0.9397,0.589291,0.83552,1.417839,0.0273,0.0,60.0,59.9987,51.5,0.833381,6.8e-05,8e-05,4.5e-05,0.000176,7.1e-05,0.000119,3.4e-05,4.7e-05,0.00015,6.6e-05,8.2e-05,9.6e-05,5.4e-05,0.000211,0.000143,5.6e-05,7.9e-05,0.0,60.01,3.75,0.0,4e-06,60.0
norm_0556,Normal,3,sim_16,sim_16,16,Gen 2 Heavy Dispatch,PROJECT DESIGN CHOICE,Economic generation redispatch favoring Gen 2,val,5000.0,60.0,0.1658,True,0.9413,0.589422,0.836883,1.419837,0.0205,0.0,60.0,60.0019,51.32,0.833566,4.9e-05,5.4e-05,0.000113,0.000139,7.8e-05,8.3e-05,2.4e-05,6.2e-05,4.7e-05,7.8e-05,5.9e-05,6.5e-05,0.000136,0.000167,0.0001,7.4e-05,9.4e-05,0.0,60.01,3.75,0.0,4e-06,60.0
norm_0557,Normal,3,sim_16,sim_16,16,Gen 2 Heavy Dispatch,PROJECT DESIGN CHOICE,Economic generation redispatch favoring Gen 2,val,5000.0,60.0,0.1692,True,0.9439,0.589245,0.83847,1.422957,0.0199,0.0,60.0,60.0005,52.04,0.833316,0.000143,9.2e-05,7.5e-05,0.000132,5e-05,4.1e-05,0.000177,7.3e-05,0.000103,0.000126,0.000172,0.00011,9e-05,0.000158,4.9e-05,8.8e-05,0.000151,0.0,60.01,3.54,0.0,4e-06,60.0
norm_0558,Normal,3,sim_16,sim_16,16,Gen 2 Heavy Dispatch,PROJECT DESIGN CHOICE,Economic generation redispatch favoring Gen 2,val,5000.0,60.0,0.1726,True,0.9378,0.589377,0.835918,1.418307,0.018,0.0,60.0,59.9989,51.94,0.833503,7.6e-05,0.000148,9.2e-05,6e-06,0.000126,2.6e-05,6.9e-05,0.000183,0.000116,5.5e-05,9.1e-05,0.000178,0.00011,7e-06,3.1e-05,0.00022,6.6e-05,0.0,60.01,3.5,0.0,4e-06,60.0
norm_0559,Normal,3,sim_16,sim_16,16,Gen 2 Heavy Dispatch,PROJECT DESIGN CHOICE,Economic generation redispatch favoring Gen 2,val,5000.0,60.0,0.176,True,0.938,0.589333,0.836087,1.418701,0.016,0.0,60.0,60.0016,51.55,0.83344,7.3e-05,9.2e-05,0.000133,7.3e-05,5.4e-05,6.3e-05,0.000112,6.5e-05,5.1e-05,0.000117,8.8e-05,0.00011,0.00016,8.8e-05,7.6e-05,7.8e-05,0.00014,0.0,60.01,3.57,0.0,4e-06,60.0
norm_0560,Normal,3,sim_17,sim_17,17,Gen 3 Heavy Dispatch,PROJECT DESIGN CHOICE,Economic generation redispatch favoring Gen 3,train,5000.0,60.0,0.06,True,0.9335,0.589364,0.837702,1.421365,0.0114,0.0,60.0,60.0002,51.91,0.833484,0.000102,1.8e-05,4.1e-05,1.1e-05,9e-05,9.3e-05,9.8e-05,6.9e-05,0.00015,4.2e-05,0.000122,2.2e-05,4.9e-05,1.3e-05,0.000112,8.3e-05,5e-05,0.0,60.01,3.45,0.0,4e-06,60.0
norm_0561,Normal,3,sim_17,sim_17,17,Gen 3 Heavy Dispatch,PROJECT DESIGN CHOICE,Economic generation redispatch favoring Gen 3,train,5000.0,60.0,0.0634,True,0.9413,0.589311,0.837887,1.421808,0.0225,0.0,60.0,59.997,51.39,0.833409,0.000109,5.3e-05,0.000108,1.3e-05,0.000136,0.00018,0.000139,9.3e-05,0.000103,0.000105,0.000131,6.4e-05,0.00013,1.6e-05,0.000216,0.000112,0.000126,0.0,60.01,3.43,0.0,4e-06,60.0
norm_0562,Normal,3,sim_17,sim_17,17,Gen 3 Heavy Dispatch,PROJECT DESIGN CHOICE,Economic generation redispatch favoring Gen 3,train,5000.0,60.0,0.0668,True,0.9356,0.589322,0.835654,1.417993,0.0176,0.0,60.0,60.0003,52.07,0.833424,4.2e-05,9.7e-05,6.7e-05,5.5e-05,4.5e-05,9.5e-05,6e-06,6.4e-05,0.000118,0.000124,5e-05,0.000116,8e-05,6.6e-05,0.000114,7.7e-05,0.000149,0.0,60.01,3.5,0.0,4e-06,60.0
norm_0563,Normal,3,sim_17,sim_17,17,Gen 3 Heavy Dispatch,PROJECT DESIGN CHOICE,Economic generation redispatch favoring Gen 3,train,5000.0,60.0,0.0702,True,0.9418,0.589293,0.836497,1.419492,0.0195,0.0,60.0,59.999,51.96,0.833384,3.8e-05,5.5e-05,4.4e-05,1.2e-05,8.4e-05,0.000152,0.000109,4.8e-05,0.00013,6.5e-05,4.6e-05,6.6e-05,5.3e-05,1.4e-05,0.000182,5.8e-05,7.8e-05,0.0,60.01,3.36,0.0,4e-06,60.0
norm_0564,Normal,3,sim_17,sim_17,17,Gen 3 Heavy Dispatch,PROJECT DESIGN CHOICE,Economic generation redispatch favoring Gen 3,train,5000.0,60.0,0.0736,True,0.9375,0.58934,0.83775,1.421504,0.0203,0.0,60.0,60.0008,51.67,0.833451,5.4e-05,2.8e-05,7e-05,0.000115,7.1e-05,0.000121,0.000175,6.9e-05,5.7e-05,0.000131,6.5e-05,3.4e-05,8.4e-05,0.000138,0.000145,8.3e-05,0.000157,0.0,60.01,3.63,0.0,4e-06,60.0
norm_0565,Normal,3,sim_17,sim_17,17,Gen 3 Heavy Dispatch,PROJECT DESIGN CHOICE,Economic generation redispatch favoring Gen 3,train,5000.0,60.0,0.077,True,0.9336,0.589367,0.836403,1.419154,0.0174,0.0,60.0,60.0002,51.72,0.833488,0.000103,3.7e-05,3e-05,0.000125,8.9e-05,6.5e-05,0.000116,0.000152,6.5e-05,0.000126,0.000124,4.4e-05,3.6e-05,0.00015,7.8e-05,0.000182,0.000151,0.0,60.01,3.55,0.0,4e-06,60.0
norm_0566,Normal,3,sim_17,sim_17,17,Gen 3 Heavy Dispatch,PROJECT DESIGN CHOICE,Economic generation redispatch favoring Gen 3,train,5000.0,60.0,0.0804,True,0.937,0.589399,0.835956,1.418317,0.0231,0.0,60.0,59.9985,52.02,0.833534,0.00013,7.1e-05,5.7e-05,0.00017,4.4e-05,5.7e-05,0.000115,0.000195,6e-05,5.8e-05,0.000156,8.5e-05,6.8e-05,0.000204,6.8e-05,0.000234,7e-05,0.0,60.01,3.43,0.0,4e-06,60.0
norm_0567,Normal,3,sim_17,sim_17,17,Gen 3 Heavy Dispatch,PROJECT DESIGN CHOICE,Economic generation redispatch favoring Gen 3,train,5000.0,60.0,0.0838,True,0.9382,0.589322,0.835663,1.418006,0.0194,0.0,60.0,60.0038,50.73,0.833425,0.000104,0.000116,9.8e-05,7.2e-05,0.000165,8.8e-05,0.000159,3.9e-05,7.1e-05,7.9e-05,0.000125,0.000139,0.000118,8.6e-05,0.000106,4.7e-05,9.5e-05,0.0,60.01,3.53,0.0,4e-06,60.0
norm_0568,Normal,3,sim_17,sim_17,17,Gen 3 Heavy Dispatch,PROJECT DESIGN CHOICE,Economic generation redispatch favoring Gen 3,train,5000.0,60.0,0.0872,True,0.942,0.589346,0.835795,1.418174,0.0134,0.0,60.0,59.9998,52.07,0.833459,4.3e-05,5.1e-05,3e-06,5.5e-05,4.4e-05,8.3e-05,2.3e-05,4.7e-05,7.3e-05,8.8e-05,5.2e-05,6.1e-05,4e-06,6.6e-05,0.0001,5.6e-05,0.000106,0.0,60.01,3.54,0.0,4e-06,60.0
norm_0569,Normal,3,sim_17,sim_17,17,Gen 3 Heavy Dispatch,PROJECT DESIGN CHOICE,Economic generation redispatch favoring Gen 3,train,5000.0,60.0,0.0908,True,0.9361,0.589327,0.835815,1.418253,0.021,0.0,60.0,60.0025,51.75,0.833432,3.6e-05,0.000156,4.6e-05,6.4e-05,7e-05,4.6e-05,5.5e-05,4.4e-05,7e-05,1.3e-05,4.3e-05,0.000187,5.5e-05,7.7e-05,5.5e-05,5.3e-05,1.6e-05,0.0,60.01,3.6,0.0,3e-06,60.0
norm_0570,Normal,3,sim_17,sim_17,17,Gen 3 Heavy Dispatch,PROJECT DESIGN CHOICE,Economic generation redispatch favoring Gen 3,train,5000.0,60.0,0.0942,True,0.9435,0.589332,0.836908,1.420097,0.0222,0.0,60.0,60.001,52.3,0.833439,3.1e-05,0.00014,4.7e-05,8e-05,5.4e-05,9e-05,3.2e-05,2.2e-05,0.0001,9.7e-05,3.7e-05,0.000168,5.6e-05,9.6e-05,0.000108,2.6e-05,0.000116,0.0,60.01,3.31,0.0,3e-06,60.0
norm_0571,Normal,3,sim_17,sim_17,17,Gen 3 Heavy Dispatch,PROJECT DESIGN CHOICE,Economic generation redispatch favoring Gen 3,train,5000.0,60.0,0.0976,True,0.9369,0.589383,0.836304,1.418949,0.0183,0.0,60.0,59.9993,51.75,0.83351,8.6e-05,5.1e-05,6.8e-05,0.000131,0.000135,5.8e-05,0.000102,0.0001,0.000183,0.000105,0.000103,6.1e-05,8.2e-05,0.000157,7e-05,0.00012,0.000126,0.0,60.01,3.6,0.0,4e-06,60.0
norm_0572,Normal,3,sim_17,sim_17,17,Gen 3 Heavy Dispatch,PROJECT DESIGN CHOICE,Economic generation redispatch favoring Gen 3,train,5000.0,60.0,0.101,True,0.939,0.589304,0.835879,1.418417,0.0127,0.0,60.0,59.9987,52.07,0.833399,8.4e-05,6.2e-05,4.3e-05,3.8e-05,9.9e-05,7.6e-05,4.7e-05,7e-05,3.2e-05,8.2e-05,0.000101,7.4e-05,5.2e-05,4.6e-05,9.1e-05,8.4e-05,9.8e-05,0.0,60.01,3.38,0.0,3e-06,60.0
norm_0573,Normal,3,sim_17,sim_17,17,Gen 3 Heavy Dispatch,PROJECT DESIGN CHOICE,Economic generation redispatch favoring Gen 3,train,5000.0,60.0,0.1044,True,0.9416,0.589316,0.837252,1.420718,0.0215,0.0,60.0,59.9997,51.92,0.833416,0.000136,0.000108,0.000139,6.5e-05,0.000169,0.000127,0.000119,5.4e-05,0.000184,8.2e-05,0.000163,0.00013,0.000167,7.8e-05,0.000152,6.5e-05,9.8e-05,0.0,60.01,3.48,0.0,4e-06,60.0
norm_0574,Normal,3,sim_17,sim_17,17,Gen 3 Heavy Dispatch,PROJECT DESIGN CHOICE,Economic generation redispatch favoring Gen 3,train,5000.0,60.0,0.1078,True,0.9382,0.589319,0.836325,1.419138,0.021,0.0,60.0,60.0021,51.75,0.83342,4.3e-05,5.5e-05,9.9e-05,5.9e-05,3e-05,0.000155,3.1e-05,2.5e-05,0.000144,9.4e-05,5.2e-05,6.6e-05,0.000119,7.1e-05,0.000186,3e-05,0.000113,0.0,60.01,3.48,0.0,4e-06,60.0
norm_0575,Normal,3,sim_17,sim_17,17,Gen 3 Heavy Dispatch,PROJECT DESIGN CHOICE,Economic generation redispatch favoring Gen 3,train,5000.0,60.0,0.1112,True,0.9337,0.58934,0.836365,1.419155,0.0205,0.0,60.0,60.0001,52.42,0.83345,9.3e-05,0.00011,6.3e-05,0.000115,1.9e-05,6.1e-05,0.000209,4.6e-05,0.000169,4e-05,0.000112,0.000132,7.6e-05,0.000138,7.3e-05,5.5e-05,4.8e-05,0.0,60.01,3.37,0.0,3e-06,60.0
norm_0576,Normal,3,sim_17,sim_17,17,Gen 3 Heavy Dispatch,PROJECT DESIGN CHOICE,Economic generation redispatch favoring Gen 3,train,5000.0,60.0,0.1146,True,0.941,0.589345,0.83652,1.419407,0.0252,0.0,60.0,60.0024,51.48,0.833457,5.6e-05,0.000136,7.2e-05,8.1e-05,6.2e-05,0.000138,0.000108,3.5e-05,5.5e-05,4.2e-05,6.7e-05,0.000163,8.6e-05,9.7e-05,0.000166,4.2e-05,5e-05,0.0,60.01,3.49,0.0,4e-06,60.0
norm_0577,Normal,3,sim_17,sim_17,17,Gen 3 Heavy Dispatch,PROJECT DESIGN CHOICE,Economic generation redispatch favoring Gen 3,train,5000.0,60.0,0.118,True,0.9383,0.589328,0.835845,1.418302,0.0114,0.0,60.0,60.0032,51.22,0.833432,8.5e-05,5.4e-05,0.000232,5.8e-05,0.000112,5.3e-05,7.3e-05,5.2e-05,2.4e-05,0.000101,0.000102,6.5e-05,0.000278,7e-05,6.4e-05,6.2e-05,0.000121,0.0,60.01,3.55,0.0,4e-06,60.0
norm_0578,Normal,3,sim_17,sim_17,17,Gen 3 Heavy Dispatch,PROJECT DESIGN CHOICE,Economic generation redispatch favoring Gen 3,train,5000.0,60.0,0.1214,True,0.9332,0.589434,0.835008,1.416628,0.0235,0.0,60.0,59.9996,52.36,0.833583,2.8e-05,5.8e-05,5e-05,0.000152,0.000158,0.000108,0.000144,6.7e-05,5.5e-05,6.2e-05,3.4e-05,7e-05,6e-05,0.000182,0.00013,8e-05,7.4e-05,0.0,60.01,3.42,0.0,4e-06,60.0
norm_0579,Normal,3,sim_17,sim_17,17,Gen 3 Heavy Dispatch,PROJECT DESIGN CHOICE,Economic generation redispatch favoring Gen 3,train,5000.0,60.0,0.1248,True,0.9348,0.589332,0.835422,1.417574,0.0158,0.0,60.0,60.0023,51.37,0.833439,6.5e-05,0.000113,8.1e-05,6.1e-05,7.6e-05,3e-05,0.000151,4.2e-05,1.4e-05,2.6e-05,7.8e-05,0.000136,9.7e-05,7.3e-05,3.6e-05,5e-05,3.1e-05,0.0,60.01,3.64,0.0,4e-06,60.0
norm_0580,Normal,3,sim_17,sim_17,17,Gen 3 Heavy Dispatch,PROJECT DESIGN CHOICE,Economic generation redispatch favoring Gen 3,train,5000.0,60.0,0.1282,True,0.9356,0.589274,0.836424,1.419416,0.014,0.0,60.0,60.0023,51.61,0.833356,8.8e-05,2.5e-05,0.000103,3.6e-05,0.00014,0.000108,9.1e-05,4.5e-05,0.000123,7.1e-05,0.000106,3e-05,0.000124,4.3e-05,0.00013,5.4e-05,8.5e-05,0.0,60.01,3.65,0.0,4e-06,60.0
norm_0581,Normal,3,sim_17,sim_17,17,Gen 3 Heavy Dispatch,PROJECT DESIGN CHOICE,Economic generation redispatch favoring Gen 3,train,5000.0,60.0,0.1316,True,0.9367,0.589259,0.836162,1.419005,0.0166,0.0,60.0,60.0018,51.41,0.833336,6e-05,0.000133,6.3e-05,1.4e-05,0.000191,3.6e-05,6.2e-05,3.8e-05,4.6e-05,3.5e-05,7.2e-05,0.00016,7.6e-05,1.7e-05,4.3e-05,4.6e-05,4.2e-05,0.0,60.01,3.72,0.0,4e-06,60.0
norm_0582,Normal,3,sim_17,sim_17,17,Gen 3 Heavy Dispatch,PROJECT DESIGN CHOICE,Economic generation redispatch favoring Gen 3,train,5000.0,60.0,0.135,True,0.9273,0.589347,0.836372,1.419151,0.0158,0.0,60.0,59.9997,52.33,0.83346,9.9e-05,2.6e-05,9.6e-05,6.9e-05,0.00011,0.000109,1e-05,6e-05,0.000179,5.1e-05,0.000119,3.1e-05,0.000115,8.3e-05,0.000131,7.2e-05,6.1e-05,0.0,60.01,3.37,0.0,4e-06,60.0
norm_0583,Normal,3,sim_17,sim_17,17,Gen 3 Heavy Dispatch,PROJECT DESIGN CHOICE,Economic generation redispatch favoring Gen 3,train,5000.0,60.0,0.1384,True,0.9465,0.589277,0.835781,1.418316,0.0231,0.0,60.0,59.9995,51.95,0.833361,8e-05,0.000133,9e-06,0.000118,8.6e-05,7.2e-05,5e-05,0.000121,6.5e-05,6.4e-05,9.6e-05,0.00016,1.1e-05,0.000142,8.6e-05,0.000145,7.7e-05,0.0,60.01,3.38,0.0,4e-06,60.0
norm_0584,Normal,3,sim_17,sim_17,17,Gen 3 Heavy Dispatch,PROJECT DESIGN CHOICE,Economic generation redispatch favoring Gen 3,train,5000.0,60.0,0.1418,True,0.9363,0.58933,0.836054,1.41865,0.0168,0.0,60.0,60.0002,52.18,0.833436,8.1e-05,0.00011,0.000128,5.6e-05,2.7e-05,6.5e-05,5.9e-05,6.3e-05,7.2e-05,1.9e-05,9.7e-05,0.000132,0.000154,6.7e-05,7.8e-05,7.6e-05,2.3e-05,0.0,60.01,3.5,0.0,3e-06,60.0
norm_0585,Normal,3,sim_17,sim_17,17,Gen 3 Heavy Dispatch,PROJECT DESIGN CHOICE,Economic generation redispatch favoring Gen 3,train,5000.0,60.0,0.1452,True,0.9416,0.58921,0.835805,1.418518,0.0178,0.0,60.0,60.0031,51.18,0.833267,4.9e-05,6.5e-05,5.4e-05,8.7e-05,2.9e-05,0.000102,7.2e-05,9.1e-05,6.9e-05,0.000106,5.9e-05,7.8e-05,6.5e-05,0.000104,0.000122,0.000109,0.000127,0.0,60.01,3.47,0.0,4e-06,60.0
norm_0586,Normal,3,sim_17,sim_17,17,Gen 3 Heavy Dispatch,PROJECT DESIGN CHOICE,Economic generation redispatch favoring Gen 3,train,5000.0,60.0,0.1488,True,0.937,0.589329,0.836163,1.418839,0.0198,0.0,60.0,59.9993,51.78,0.833434,9.6e-05,0.00015,0.000141,5.7e-05,9.2e-05,3.6e-05,6e-06,3.7e-05,0.000174,3.8e-05,0.000115,0.00018,0.000169,6.8e-05,4.3e-05,4.4e-05,4.6e-05,0.0,60.01,3.6,0.0,4e-06,60.0
norm_0587,Normal,3,sim_17,sim_17,17,Gen 3 Heavy Dispatch,PROJECT DESIGN CHOICE,Economic generation redispatch favoring Gen 3,train,5000.0,60.0,0.1522,True,0.9346,0.589413,0.837121,1.420262,0.0126,0.0,60.0,59.9983,52.11,0.833554,7.3e-05,2.6e-05,3.9e-05,8e-05,5.6e-05,6.2e-05,3.2e-05,0.000165,0.00013,0.000175,8.8e-05,3.1e-05,4.7e-05,9.6e-05,7.4e-05,0.000198,0.00021,0.0,60.01,3.31,0.0,3e-06,60.0
norm_0588,Normal,3,sim_17,sim_17,17,Gen 3 Heavy Dispatch,PROJECT DESIGN CHOICE,Economic generation redispatch favoring Gen 3,train,5000.0,60.0,0.1556,True,0.9394,0.589238,0.836268,1.419236,0.0212,0.0,60.0,59.9999,51.9,0.833306,9e-05,0.00012,8.7e-05,4e-05,3.3e-05,0.000123,6.2e-05,0.000141,4.5e-05,2.4e-05,0.000108,0.000144,0.000104,4.8e-05,0.000148,0.000169,2.9e-05,0.0,60.01,3.63,0.0,4e-06,60.0
norm_0589,Normal,3,sim_17,sim_17,17,Gen 3 Heavy Dispatch,PROJECT DESIGN CHOICE,Economic generation redispatch favoring Gen 3,train,5000.0,60.0,0.159,True,0.9473,0.589279,0.837467,1.421172,0.0237,0.0,60.0,60.0018,51.46,0.833363,8.4e-05,0.000172,5.8e-05,9.4e-05,8.9e-05,2.6e-05,0.000136,6.4e-05,5.6e-05,9.3e-05,0.000101,0.000206,7e-05,0.000113,3.1e-05,7.7e-05,0.000112,0.0,60.01,3.64,0.0,4e-06,60.0
norm_0590,Normal,3,sim_17,sim_17,17,Gen 3 Heavy Dispatch,PROJECT DESIGN CHOICE,Economic generation redispatch favoring Gen 3,train,5000.0,60.0,0.1624,True,0.9377,0.589272,0.834725,1.416536,0.0214,0.0,60.0,60.001,51.9,0.833354,0.000156,7.9e-05,3.3e-05,0.000105,3e-05,0.00012,0.000126,6.2e-05,5.5e-05,6.5e-05,0.000187,9.5e-05,4e-05,0.000126,0.000144,7.4e-05,7.8e-05,0.0,60.01,3.49,0.0,4e-06,60.0
norm_0591,Normal,3,sim_17,sim_17,17,Gen 3 Heavy Dispatch,PROJECT DESIGN CHOICE,Economic generation redispatch favoring Gen 3,train,5000.0,60.0,0.1658,True,0.9402,0.589349,0.83554,1.417734,0.0223,0.0,60.0,59.9998,51.7,0.833463,0.000126,9.8e-05,7.3e-05,0.000123,3.5e-05,9.9e-05,6.1e-05,1.6e-05,7.2e-05,0.000133,0.000151,0.000118,8.8e-05,0.000148,0.000119,1.9e-05,0.00016,0.0,60.01,3.54,0.0,4e-06,60.0
norm_0592,Normal,3,sim_17,sim_17,17,Gen 3 Heavy Dispatch,PROJECT DESIGN CHOICE,Economic generation redispatch favoring Gen 3,train,5000.0,60.0,0.1692,True,0.9404,0.589334,0.835721,1.418077,0.0156,0.0,60.0,60.0004,52.08,0.833441,0.000114,8.4e-05,5.7e-05,8.9e-05,0.000157,4.5e-05,9e-05,3.2e-05,0.000115,0.000148,0.000137,0.000101,6.8e-05,0.000107,5.4e-05,3.8e-05,0.000178,0.0,60.01,3.44,0.0,4e-06,60.0
norm_0593,Normal,3,sim_17,sim_17,17,Gen 3 Heavy Dispatch,PROJECT DESIGN CHOICE,Economic generation redispatch favoring Gen 3,train,5000.0,60.0,0.1726,True,0.9332,0.589305,0.835839,1.418347,0.0296,0.0,60.0,59.9991,52.16,0.833401,0.000116,0.000114,6.2e-05,0.000215,0.000113,4.3e-05,8.5e-05,4.7e-05,0.000194,0.000107,0.000139,0.000137,7.4e-05,0.000258,5.2e-05,5.6e-05,0.000128,0.0,60.01,3.41,0.0,3e-06,60.0
norm_0594,Normal,3,sim_17,sim_17,17,Gen 3 Heavy Dispatch,PROJECT DESIGN CHOICE,Economic generation redispatch favoring Gen 3,train,5000.0,60.0,0.176,True,0.9356,0.589235,0.836208,1.419143,0.0276,0.0,60.0,60.0007,51.87,0.833301,6.2e-05,0.000175,0.000173,9.1e-05,9e-06,0.000119,8.3e-05,8.3e-05,0.000143,4.7e-05,7.4e-05,0.00021,0.000208,0.000109,0.000143,0.0001,5.6e-05,0.0,60.01,3.6,0.0,4e-06,60.0
norm_0595,Normal,3,sim_18,sim_18,18,High Voltage Schedule (+2%),PROJECT DESIGN CHOICE,Utility upper-voltage schedule for heavy-load readiness,train,5000.0,60.0,0.06,True,0.9356,0.601102,0.852936,1.418954,0.0239,0.0,60.0,59.9999,52.18,0.850085,1.2e-05,0.000123,0.000125,7.5e-05,1.4e-05,0.000143,6.2e-05,9.6e-05,7.5e-05,4.1e-05,1.4e-05,0.000145,0.000147,8.8e-05,0.000168,0.000113,4.8e-05,0.0,60.01,3.5,0.0,4e-06,60.0
norm_0596,Normal,3,sim_18,sim_18,18,High Voltage Schedule (+2%),PROJECT DESIGN CHOICE,Utility upper-voltage schedule for heavy-load readiness,train,5000.0,60.0,0.0634,True,0.9359,0.601093,0.853158,1.419345,0.016,0.0,60.0,60.0003,52.15,0.850071,5.3e-05,3.7e-05,1.9e-05,7.6e-05,9.8e-05,0.000106,0.000146,0.000166,5.3e-05,0.000136,6.2e-05,4.4e-05,2.2e-05,8.9e-05,0.000125,0.000195,0.00016,0.0,60.01,3.41,0.0,3e-06,60.0
norm_0597,Normal,3,sim_18,sim_18,18,High Voltage Schedule (+2%),PROJECT DESIGN CHOICE,Utility upper-voltage schedule for heavy-load readiness,train,5000.0,60.0,0.0668,True,0.9345,0.601133,0.853096,1.419147,0.0089,0.0,60.0,60.0003,52.01,0.850127,0.000163,2.1e-05,0.000146,6.9e-05,3.6e-05,2.3e-05,5.3e-05,5.1e-05,5e-05,4e-05,0.000192,2.5e-05,0.000172,8.1e-05,2.7e-05,6e-05,4.7e-05,0.0,60.01,3.53,0.0,3e-06,60.0
norm_0598,Normal,3,sim_18,sim_18,18,High Voltage Schedule (+2%),PROJECT DESIGN CHOICE,Utility upper-voltage schedule for heavy-load readiness,train,5000.0,60.0,0.0702,True,0.9404,0.601142,0.852968,1.418912,0.0193,0.0,60.0,59.9993,52.11,0.850141,3.1e-05,0.000102,0.000109,0.00011,6.6e-05,6.6e-05,0.000101,6.3e-05,8.5e-05,9.8e-05,3.6e-05,0.00012,0.000128,0.000129,7.8e-05,7.4e-05,0.000115,0.0,60.01,3.42,0.0,3e-06,60.0
norm_0599,Normal,3,sim_18,sim_18,18,High Voltage Schedule (+2%),PROJECT DESIGN CHOICE,Utility upper-voltage schedule for heavy-load readiness,train,5000.0,60.0,0.0736,True,0.944,0.601029,0.853003,1.419239,0.0143,0.0,60.0,59.9969,51.41,0.84998,5.9e-05,5.3e-05,0.000112,9.3e-05,6.1e-05,5.7e-05,3.8e-05,9.5e-05,7.5e-05,2.7e-05,6.9e-05,6.2e-05,0.000132,0.000109,6.7e-05,0.000112,3.2e-05,0.0,60.01,3.47,0.0,4e-06,60.0
norm_0600,Normal,3,sim_18,sim_18,18,High Voltage Schedule (+2%),PROJECT DESIGN CHOICE,Utility upper-voltage schedule for heavy-load readiness,train,5000.0,60.0,0.077,True,0.9331,0.601219,0.853036,1.418844,0.022,0.0,60.0,60.0014,51.96,0.850249,7.3e-05,4.4e-05,9.1e-05,0.000161,6.4e-05,8.5e-05,7.3e-05,9.3e-05,0.000114,0.000115,8.6e-05,5.2e-05,0.000107,0.000189,0.0001,0.000109,0.000135,0.0,60.01,3.4,0.0,4e-06,60.0
norm_0601,Normal,3,sim_18,sim_18,18,High Voltage Schedule (+2%),PROJECT DESIGN CHOICE,Utility upper-voltage schedule for heavy-load readiness,train,5000.0,60.0,0.0804,True,0.9372,0.601126,0.853293,1.419491,0.0229,0.0,60.0,59.9996,52.24,0.850119,0.00013,0.000136,7.6e-05,0.000106,5e-05,9e-05,6.5e-05,6.7e-05,7.6e-05,7.6e-05,0.000153,0.00016,8.9e-05,0.000125,0.000106,7.9e-05,8.9e-05,0.0,60.01,3.31,0.0,3e-06,60.0
norm_0602,Normal,3,sim_18,sim_18,18,High Voltage Schedule (+2%),PROJECT DESIGN CHOICE,Utility upper-voltage schedule for heavy-load readiness,train,5000.0,60.0,0.0838,True,0.9394,0.601095,0.853334,1.419632,0.021,0.0,60.0,60.0015,52.07,0.850075,9e-05,0.000131,5.5e-05,6.9e-05,5.9e-05,9.9e-05,2.7e-05,3.1e-05,5.5e-05,7.9e-05,0.000106,0.000154,6.5e-05,8.1e-05,0.000116,3.6e-05,9.3e-05,0.0,60.01,3.43,0.0,4e-06,60.0
norm_0603,Normal,3,sim_18,sim_18,18,High Voltage Schedule (+2%),PROJECT DESIGN CHOICE,Utility upper-voltage schedule for heavy-load readiness,train,5000.0,60.0,0.0872,True,0.9299,0.601188,0.851917,1.417056,0.0161,0.0,60.0,60.0008,52.22,0.850206,5.7e-05,0.000109,5.1e-05,1e-05,8e-05,8.2e-05,6.2e-05,0.000146,0.000113,5.3e-05,6.7e-05,0.000128,6e-05,1.2e-05,9.6e-05,0.000172,6.2e-05,0.0,60.01,3.33,0.0,4e-06,60.0
norm_0604,Normal,3,sim_18,sim_18,18,High Voltage Schedule (+2%),PROJECT DESIGN CHOICE,Utility upper-voltage schedule for heavy-load readiness,train,5000.0,60.0,0.0908,True,0.9453,0.60106,0.853134,1.419384,0.0162,0.0,60.0,60.0037,50.98,0.850024,8.3e-05,5.9e-05,7.6e-05,8e-05,5.4e-05,9.5e-05,0.000198,2.3e-05,0.000119,3.1e-05,9.8e-05,6.9e-05,8.9e-05,9.4e-05,0.000112,2.7e-05,3.6e-05,0.0,60.01,3.42,0.0,4e-06,60.0
norm_0605,Normal,3,sim_18,sim_18,18,High Voltage Schedule (+2%),PROJECT DESIGN CHOICE,Utility upper-voltage schedule for heavy-load readiness,train,5000.0,60.0,0.0942,True,0.9381,0.60107,0.851641,1.416875,0.0285,0.0,60.0,59.9999,52.95,0.850039,4.8e-05,0.000138,2.4e-05,0.000193,3.5e-05,5.2e-05,0.00011,6.4e-05,2.9e-05,5.9e-05,5.6e-05,0.000162,2.8e-05,0.000227,6.1e-05,7.5e-05,6.9e-05,0.0,60.01,3.21,0.0,3e-06,60.0
norm_0606,Normal,3,sim_18,sim_18,18,High Voltage Schedule (+2%),PROJECT DESIGN CHOICE,Utility upper-voltage schedule for heavy-load readiness,train,5000.0,60.0,0.0976,True,0.9475,0.601092,0.853286,1.419559,0.0098,0.0,60.0,60.0004,51.91,0.85007,0.000119,5.1e-05,6.6e-05,6.6e-05,0.000138,5e-06,4.2e-05,0.000125,6.2e-05,0.000108,0.00014,6e-05,7.8e-05,7.8e-05,6e-06,0.000147,0.000127,0.0,60.01,3.51,0.0,4e-06,60.0
norm_0607,Normal,3,sim_18,sim_18,18,High Voltage Schedule (+2%),PROJECT DESIGN CHOICE,Utility upper-voltage schedule for heavy-load readiness,train,5000.0,60.0,0.101,True,0.9346,0.601152,0.853227,1.41932,0.0189,0.0,60.0,60.0018,51.66,0.850154,6.1e-05,0.000105,8.8e-05,0.000111,6.1e-05,4.8e-05,0.000186,9.6e-05,6.1e-05,4.2e-05,7.2e-05,0.000124,0.000104,0.000131,5.6e-05,0.000113,4.9e-05,0.0,60.01,3.34,0.0,4e-06,60.0
norm_0608,Normal,3,sim_18,sim_18,18,High Voltage Schedule (+2%),PROJECT DESIGN CHOICE,Utility upper-voltage schedule for heavy-load readiness,train,5000.0,60.0,0.1044,True,0.9365,0.601109,0.852811,1.418729,0.0119,0.0,60.0,59.9985,51.92,0.850094,0.000192,5.1e-05,6.8e-05,8.7e-05,3.4e-05,9e-06,6.4e-05,9.8e-05,0.00011,6.6e-05,0.000226,6e-05,8e-05,0.000102,1.1e-05,0.000115,7.8e-05,0.0,60.01,3.35,0.0,4e-06,60.0
norm_0609,Normal,3,sim_18,sim_18,18,High Voltage Schedule (+2%),PROJECT DESIGN CHOICE,Utility upper-voltage schedule for heavy-load readiness,train,5000.0,60.0,0.1078,True,0.9364,0.601114,0.852857,1.418794,0.0105,0.0,60.0,59.9987,52.21,0.850101,3.5e-05,5.9e-05,0.000156,6e-05,6.5e-05,3e-05,8.6e-05,3.7e-05,6.4e-05,7.1e-05,4.1e-05,6.9e-05,0.000184,7.1e-05,3.5e-05,4.4e-05,8.4e-05,0.0,60.01,3.26,0.0,3e-06,60.0
norm_0610,Normal,3,sim_18,sim_18,18,High Voltage Schedule (+2%),PROJECT DESIGN CHOICE,Utility upper-voltage schedule for heavy-load readiness,train,5000.0,60.0,0.1112,True,0.9363,0.601099,0.853084,1.419208,0.0212,0.0,60.0,60.0003,52.33,0.85008,1.5e-05,7e-05,0.000105,0.000108,0.000129,0.000126,0.0001,0.000164,6.2e-05,1.7e-05,1.8e-05,8.2e-05,0.000124,0.000127,0.000148,0.000193,2e-05,0.0,60.01,3.4,0.0,3e-06,60.0
norm_0611,Normal,3,sim_18,sim_18,18,High Voltage Schedule (+2%),PROJECT DESIGN CHOICE,Utility upper-voltage schedule for heavy-load readiness,train,5000.0,60.0,0.1146,True,0.9411,0.601139,0.852714,1.418497,0.0233,0.0,60.0,59.9983,51.98,0.850137,4.2e-05,0.000141,7.4e-05,8.1e-05,7.9e-05,0.000113,4.2e-05,4.7e-05,9.1e-05,5.9e-05,4.9e-05,0.000166,8.7e-05,9.5e-05,0.000133,5.5e-05,6.9e-05,0.0,60.01,3.47,0.0,4e-06,60.0
norm_0612,Normal,3,sim_18,sim_18,18,High Voltage Schedule (+2%),PROJECT DESIGN CHOICE,Utility upper-voltage schedule for heavy-load readiness,train,5000.0,60.0,0.118,True,0.9297,0.601155,0.852441,1.418005,0.0098,0.0,60.0,59.9976,51.84,0.850159,4.8e-05,1.2e-05,9.7e-05,2.9e-05,0.000137,7.7e-05,3.7e-05,6.2e-05,3.5e-05,2.2e-05,5.6e-05,1.4e-05,0.000114,3.4e-05,9.1e-05,7.3e-05,2.6e-05,0.0,60.01,3.47,0.0,3e-06,60.0
norm_0613,Normal,3,sim_18,sim_18,18,High Voltage Schedule (+2%),PROJECT DESIGN CHOICE,Utility upper-voltage schedule for heavy-load readiness,train,5000.0,60.0,0.1214,True,0.9446,0.601063,0.852612,1.418508,0.0178,0.0,60.0,60.0024,51.56,0.850029,4.8e-05,8.7e-05,3.9e-05,0.00011,9.5e-05,5.6e-05,9.3e-05,4.1e-05,6.5e-05,4.3e-05,5.6e-05,0.000102,4.6e-05,0.000129,6.6e-05,4.8e-05,5.1e-05,0.0,60.01,3.4,0.0,3e-06,60.0
norm_0614,Normal,3,sim_18,sim_18,18,High Voltage Schedule (+2%),PROJECT DESIGN CHOICE,Utility upper-voltage schedule for heavy-load readiness,train,5000.0,60.0,0.1248,True,0.9461,0.601037,0.853617,1.42024,0.0138,0.0,60.0,59.9999,52.26,0.849992,0.000115,8.8e-05,6.2e-05,7.4e-05,3.3e-05,2.2e-05,2.7e-05,1.3e-05,1.7e-05,5.4e-05,0.000135,0.000104,7.3e-05,8.7e-05,2.6e-05,1.5e-05,6.4e-05,0.0,60.01,3.45,0.0,3e-06,60.0
norm_0615,Normal,3,sim_18,sim_18,18,High Voltage Schedule (+2%),PROJECT DESIGN CHOICE,Utility upper-voltage schedule for heavy-load readiness,train,5000.0,60.0,0.1282,True,0.9396,0.601025,0.854297,1.421399,0.0223,0.0,60.0,59.998,51.66,0.849975,8.3e-05,3.1e-05,4.5e-05,3.8e-05,6.4e-05,0.000183,6.8e-05,6.5e-05,0.000112,8.5e-05,9.8e-05,3.6e-05,5.3e-05,4.5e-05,0.000215,7.6e-05,0.0001,0.0,60.01,3.72,0.0,4e-06,60.0
norm_0616,Normal,3,sim_18,sim_18,18,High Voltage Schedule (+2%),PROJECT DESIGN CHOICE,Utility upper-voltage schedule for heavy-load readiness,train,5000.0,60.0,0.1316,True,0.9422,0.601073,0.853331,1.419679,0.0127,0.0,60.0,59.9991,52.09,0.850044,3e-05,2.7e-05,6e-05,8.6e-05,5.9e-05,5.9e-05,0.000137,5.6e-05,4.7e-05,5.7e-05,3.5e-05,3.2e-05,7.1e-05,0.000101,6.9e-05,6.6e-05,6.7e-05,0.0,60.01,3.49,0.0,4e-06,60.0
norm_0617,Normal,3,sim_18,sim_18,18,High Voltage Schedule (+2%),PROJECT DESIGN CHOICE,Utility upper-voltage schedule for heavy-load readiness,train,5000.0,60.0,0.135,True,0.9451,0.6011,0.852283,1.417871,0.0209,0.0,60.0,60.0024,51.48,0.850082,5.9e-05,0.000172,8.5e-05,4e-05,0.000102,2.2e-05,8.6e-05,0.000119,0.000122,5.7e-05,6.9e-05,0.000202,0.0001,4.7e-05,2.6e-05,0.00014,6.7e-05,0.0,60.01,3.58,0.0,4e-06,60.0
norm_0618,Normal,3,sim_18,sim_18,18,High Voltage Schedule (+2%),PROJECT DESIGN CHOICE,Utility upper-voltage schedule for heavy-load readiness,train,5000.0,60.0,0.1384,True,0.932,0.60111,0.852554,1.418299,0.0138,0.0,60.0,60.0007,51.98,0.850096,3.6e-05,8.5e-05,0.000108,7.2e-05,6e-05,3.6e-05,8.8e-05,8e-05,7.7e-05,4.8e-05,4.2e-05,0.0001,0.000127,8.5e-05,4.2e-05,9.4e-05,5.6e-05,0.0,60.01,3.45,0.0,4e-06,60.0
norm_0619,Normal,3,sim_18,sim_18,18,High Voltage Schedule (+2%),PROJECT DESIGN CHOICE,Utility upper-voltage schedule for heavy-load readiness,train,5000.0,60.0,0.1418,True,0.9426,0.601188,0.853094,1.419014,0.0192,0.0,60.0,60.0026,51.51,0.850205,7.3e-05,7.2e-05,0.000104,3.1e-05,9.7e-05,0.000143,9.1e-05,0.000115,9.8e-05,2.9e-05,8.6e-05,8.5e-05,0.000122,3.6e-05,0.000168,0.000135,3.4e-05,0.0,60.01,3.62,0.0,4e-06,60.0
norm_0620,Normal,3,sim_18,sim_18,18,High Voltage Schedule (+2%),PROJECT DESIGN CHOICE,Utility upper-voltage schedule for heavy-load readiness,train,5000.0,60.0,0.1452,True,0.9408,0.601199,0.853681,1.419965,0.008,0.0,60.0,59.9998,52.08,0.850221,2.9e-05,6.1e-05,0.000128,1.5e-05,5.8e-05,2.6e-05,8.1e-05,0.000105,0.000139,5.9e-05,3.4e-05,7.2e-05,0.000151,1.8e-05,3.1e-05,0.000123,6.9e-05,0.0,60.01,3.48,0.0,4e-06,60.0
norm_0621,Normal,3,sim_18,sim_18,18,High Voltage Schedule (+2%),PROJECT DESIGN CHOICE,Utility upper-voltage schedule for heavy-load readiness,train,5000.0,60.0,0.1488,True,0.9466,0.601021,0.8527,1.418753,0.0212,0.0,60.0,59.9988,52.27,0.849969,0.000111,0.000132,4.6e-05,9.6e-05,0.000151,7.7e-05,4.6e-05,4.1e-05,5.6e-05,5.7e-05,0.000131,0.000155,5.4e-05,0.000113,9.1e-05,4.8e-05,6.7e-05,0.0,60.01,3.39,0.0,4e-06,60.0
norm_0622,Normal,3,sim_18,sim_18,18,High Voltage Schedule (+2%),PROJECT DESIGN CHOICE,Utility upper-voltage schedule for heavy-load readiness,train,5000.0,60.0,0.1522,True,0.9487,0.601014,0.852992,1.419255,0.0112,0.0,60.0,59.9988,52.45,0.84996,4.6e-05,8.5e-05,2e-05,2.3e-05,0.00013,3.4e-05,6.4e-05,9.6e-05,7.6e-05,7.4e-05,5.4e-05,0.0001,2.4e-05,2.7e-05,4e-05,0.000113,8.7e-05,0.0,60.01,3.32,0.0,3e-06,60.0
norm_0623,Normal,3,sim_18,sim_18,18,High Voltage Schedule (+2%),PROJECT DESIGN CHOICE,Utility upper-voltage schedule for heavy-load readiness,train,5000.0,60.0,0.1556,True,0.9315,0.60114,0.853246,1.41938,0.0167,0.0,60.0,60.0004,52.17,0.850138,0.000136,2.3e-05,7.5e-05,0.000124,6.3e-05,6.6e-05,6.6e-05,0.000105,3.8e-05,4.6e-05,0.00016,2.7e-05,8.8e-05,0.000146,7.8e-05,0.000124,5.4e-05,0.0,60.01,3.45,0.0,3e-06,60.0
norm_0624,Normal,3,sim_18,sim_18,18,High Voltage Schedule (+2%),PROJECT DESIGN CHOICE,Utility upper-voltage schedule for heavy-load readiness,train,5000.0,60.0,0.159,True,0.9365,0.601124,0.854168,1.420951,0.0144,0.0,60.0,60.0016,51.97,0.850115,0.00013,0.000113,0.00014,8e-06,0.000167,4.7e-05,4.7e-05,9e-05,5.7e-05,3.1e-05,0.000153,0.000133,0.000165,9e-06,5.5e-05,0.000106,3.6e-05,0.0,60.01,3.5,0.0,4e-06,60.0
norm_0625,Normal,3,sim_18,sim_18,18,High Voltage Schedule (+2%),PROJECT DESIGN CHOICE,Utility upper-voltage schedule for heavy-load readiness,train,5000.0,60.0,0.1624,True,0.9406,0.601205,0.85265,1.418236,0.0075,0.0,60.0,59.9981,51.44,0.850229,0.000106,4.1e-05,0.000123,4.1e-05,6.4e-05,2.5e-05,3.5e-05,5.3e-05,5.2e-05,0.00012,0.000125,4.8e-05,0.000145,4.8e-05,2.9e-05,6.2e-05,0.000141,0.0,60.01,3.63,0.0,4e-06,60.0
norm_0626,Normal,3,sim_18,sim_18,18,High Voltage Schedule (+2%),PROJECT DESIGN CHOICE,Utility upper-voltage schedule for heavy-load readiness,train,5000.0,60.0,0.1658,True,0.9387,0.601194,0.853936,1.4204,0.0217,0.0,60.0,60.0037,51.02,0.850215,0.000193,4.5e-05,9.9e-05,0.000154,0.000166,9.2e-05,0.000163,9.5e-05,9e-05,6e-05,0.000227,5.3e-05,0.000116,0.000181,0.000108,0.000112,7.1e-05,0.0,60.01,3.33,0.0,3e-06,60.0
norm_0627,Normal,3,sim_18,sim_18,18,High Voltage Schedule (+2%),PROJECT DESIGN CHOICE,Utility upper-voltage schedule for heavy-load readiness,train,5000.0,60.0,0.1692,True,0.933,0.601134,0.853388,1.41963,0.0152,0.0,60.0,59.9998,52.19,0.850129,8.5e-05,8.1e-05,7.4e-05,9.9e-05,2.9e-05,1.6e-05,7.6e-05,6.4e-05,0.000144,2.9e-05,0.0001,9.5e-05,8.7e-05,0.000116,1.9e-05,7.5e-05,3.4e-05,0.0,60.01,3.52,0.0,4e-06,60.0
norm_0628,Normal,3,sim_18,sim_18,18,High Voltage Schedule (+2%),PROJECT DESIGN CHOICE,Utility upper-voltage schedule for heavy-load readiness,train,5000.0,60.0,0.1726,True,0.9343,0.601175,0.852591,1.418206,0.0304,0.0,60.0,59.9967,51.14,0.850188,0.000122,0.000155,6.7e-05,8.5e-05,4.7e-05,0.000188,7.5e-05,7.9e-05,0.000212,9.3e-05,0.000143,0.000182,7.9e-05,0.0001,0.000221,9.3e-05,0.000109,0.0,60.01,3.45,0.0,4e-06,60.0
norm_0629,Normal,3,sim_18,sim_18,18,High Voltage Schedule (+2%),PROJECT DESIGN CHOICE,Utility upper-voltage schedule for heavy-load readiness,train,5000.0,60.0,0.176,True,0.9342,0.601115,0.85269,1.418514,0.0158,0.0,60.0,60.0006,52.37,0.850103,9.1e-05,9.5e-05,4.4e-05,3.6e-05,3.8e-05,8.8e-05,9.5e-05,0.000107,5.5e-05,8.3e-05,0.000107,0.000112,5.2e-05,4.2e-05,0.000104,0.000126,9.8e-05,0.0,60.01,3.44,0.0,3e-06,60.0
norm_0630,Normal,3,sim_19,sim_19,19,Low Voltage Schedule (-2%),PROJECT DESIGN CHOICE,Utility lower-voltage schedule during light loading,train,5000.0,60.0,0.06,True,0.936,0.577541,0.820425,1.420549,0.0209,0.0,60.0,60.0008,51.95,0.816764,5.5e-05,0.000112,0.000118,8.8e-05,4.1e-05,9.3e-05,6.9e-05,8.7e-05,3e-05,8.4e-05,6.7e-05,0.000137,0.000144,0.000108,0.000114,0.000107,0.000103,0.0,60.01,3.5,0.0,4e-06,60.0
norm_0631,Normal,3,sim_19,sim_19,19,Low Voltage Schedule (-2%),PROJECT DESIGN CHOICE,Utility lower-voltage schedule during light loading,train,5000.0,60.0,0.0634,True,0.9369,0.577613,0.818577,1.417172,0.0139,0.0,60.0,60.0,51.72,0.816865,0.0001,1.8e-05,9.3e-05,9e-05,5.9e-05,6.7e-05,6.8e-05,0.000137,0.000112,0.000117,0.000122,2.2e-05,0.000114,0.00011,8.2e-05,0.000168,0.000143,0.0,60.01,3.74,0.0,4e-06,60.0
norm_0632,Normal,3,sim_19,sim_19,19,Low Voltage Schedule (-2%),PROJECT DESIGN CHOICE,Utility lower-voltage schedule during light loading,train,5000.0,60.0,0.0668,True,0.9277,0.57755,0.819378,1.418714,0.0123,0.0,60.0,59.9985,51.71,0.816777,8.1e-05,3.6e-05,5.2e-05,4.7e-05,4.6e-05,8.1e-05,7.9e-05,1.5e-05,3.3e-05,2e-05,9.9e-05,4.4e-05,6.4e-05,5.8e-05,9.9e-05,1.8e-05,2.4e-05,0.0,60.01,3.57,0.0,4e-06,60.0
norm_0633,Normal,3,sim_19,sim_19,19,Low Voltage Schedule (-2%),PROJECT DESIGN CHOICE,Utility lower-voltage schedule during light loading,train,5000.0,60.0,0.0702,True,0.9417,0.5775,0.8186,1.417489,0.0194,0.0,60.0,60.0028,51.06,0.816705,0.000116,0.000123,0.000117,8.8e-05,3e-05,4.8e-05,7.8e-05,8e-05,8.7e-05,5e-05,0.000142,0.000151,0.000143,0.000108,5.9e-05,9.8e-05,6.1e-05,0.0,60.01,3.67,0.0,4e-06,60.0
norm_0634,Normal,3,sim_19,sim_19,19,Low Voltage Schedule (-2%),PROJECT DESIGN CHOICE,Utility lower-voltage schedule during light loading,train,5000.0,60.0,0.0736,True,0.938,0.577575,0.81916,1.418276,0.0162,0.0,60.0,59.9987,51.86,0.816811,9.2e-05,5e-05,7.8e-05,9.3e-05,9.5e-05,7.9e-05,4.3e-05,9.9e-05,0.000139,4.1e-05,0.000113,6.1e-05,9.5e-05,0.000114,9.7e-05,0.000121,5e-05,0.0,60.01,3.57,0.0,4e-06,60.0
norm_0635,Normal,3,sim_19,sim_19,19,Low Voltage Schedule (-2%),PROJECT DESIGN CHOICE,Utility lower-voltage schedule during light loading,train,5000.0,60.0,0.077,True,0.9376,0.577513,0.820258,1.42033,0.0207,0.0,60.0,60.0015,51.55,0.816723,0.00013,1.1e-05,0.000107,0.000124,3.4e-05,0.000115,0.000103,7.1e-05,6.3e-05,5e-05,0.000159,1.3e-05,0.000131,0.000152,0.000141,8.7e-05,6.1e-05,0.0,60.01,3.71,0.0,4e-06,60.0
norm_0636,Normal,3,sim_19,sim_19,19,Low Voltage Schedule (-2%),PROJECT DESIGN CHOICE,Utility lower-voltage schedule during light loading,train,5000.0,60.0,0.0804,True,0.9415,0.577546,0.820509,1.420682,0.0181,0.0,60.0,59.9987,51.68,0.816771,3e-05,4e-05,1.7e-05,8.6e-05,6.7e-05,0.000114,4.9e-05,5.5e-05,4.8e-05,1.8e-05,3.7e-05,4.9e-05,2.1e-05,0.000105,0.00014,6.7e-05,2.2e-05,0.0,60.01,3.48,0.0,4e-06,60.0
norm_0637,Normal,3,sim_19,sim_19,19,Low Voltage Schedule (-2%),PROJECT DESIGN CHOICE,Utility lower-voltage schedule during light loading,train,5000.0,60.0,0.0838,True,0.9368,0.577529,0.818823,1.417803,0.0162,0.0,60.0,59.9977,51.33,0.816747,4.6e-05,2.5e-05,8.7e-05,2.6e-05,7.8e-05,0.000127,8.8e-05,5.3e-05,4.9e-05,4.2e-05,5.6e-05,3.1e-05,0.000107,3.2e-05,0.000155,6.5e-05,5.1e-05,0.0,60.01,3.62,0.0,4e-06,60.0
norm_0638,Normal,3,sim_19,sim_19,19,Low Voltage Schedule (-2%),PROJECT DESIGN CHOICE,Utility lower-voltage schedule during light loading,train,5000.0,60.0,0.0872,True,0.9397,0.577522,0.819546,1.419072,0.0244,0.0,60.0,59.9977,51.48,0.816737,2.3e-05,4.9e-05,6.7e-05,0.000107,5.4e-05,0.000161,7.8e-05,3.4e-05,4.1e-05,9.4e-05,2.8e-05,6e-05,8.2e-05,0.000131,0.000197,4.2e-05,0.000115,0.0,60.01,3.54,0.0,4e-06,60.0
norm_0639,Normal,3,sim_19,sim_19,19,Low Voltage Schedule (-2%),PROJECT DESIGN CHOICE,Utility lower-voltage schedule during light loading,train,5000.0,60.0,0.0908,True,0.9409,0.577556,0.819376,1.418694,0.0201,0.0,60.0,59.9985,51.83,0.816786,7.9e-05,0.000115,7.4e-05,2.5e-05,7.2e-05,0.000114,0.000106,2e-05,7.6e-05,0.000109,9.7e-05,0.000141,9.1e-05,3.1e-05,0.00014,2.4e-05,0.000133,0.0,60.01,3.55,0.0,3e-06,60.0
norm_0640,Normal,3,sim_19,sim_19,19,Low Voltage Schedule (-2%),PROJECT DESIGN CHOICE,Utility lower-voltage schedule during light loading,train,5000.0,60.0,0.0942,True,0.9424,0.577489,0.819721,1.419457,0.0149,0.0,60.0,59.9997,51.88,0.81669,0.000145,1.7e-05,0.000107,6.7e-05,6.4e-05,0.0001,6.9e-05,4.5e-05,6.7e-05,2.3e-05,0.000178,2.1e-05,0.000131,8.2e-05,0.000122,5.5e-05,2.8e-05,0.0,60.01,3.57,0.0,4e-06,60.0
norm_0641,Normal,3,sim_19,sim_19,19,Low Voltage Schedule (-2%),PROJECT DESIGN CHOICE,Utility lower-voltage schedule during light loading,train,5000.0,60.0,0.0976,True,0.9314,0.577521,0.819711,1.419362,0.0206,0.0,60.0,59.9993,51.69,0.816735,8.3e-05,8.7e-05,0.000111,0.000119,8.7e-05,8e-05,0.000109,5.1e-05,0.000104,6.2e-05,0.000102,0.000107,0.000136,0.000146,9.8e-05,6.2e-05,7.6e-05,0.0,60.01,3.62,0.0,4e-06,60.0
norm_0642,Normal,3,sim_19,sim_19,19,Low Voltage Schedule (-2%),PROJECT DESIGN CHOICE,Utility lower-voltage schedule during light loading,train,5000.0,60.0,0.101,True,0.9415,0.577595,0.819571,1.418936,0.0121,0.0,60.0,60.0027,51.45,0.81684,0.000127,6.4e-05,9.1e-05,3.3e-05,0.000132,6.8e-05,7.4e-05,0.000158,5.3e-05,4e-05,0.000155,7.8e-05,0.000111,4e-05,8.3e-05,0.000193,4.9e-05,0.0,60.01,3.48,0.0,4e-06,60.0
norm_0643,Normal,3,sim_19,sim_19,19,Low Voltage Schedule (-2%),PROJECT DESIGN CHOICE,Utility lower-voltage schedule during light loading,train,5000.0,60.0,0.1044,True,0.9395,0.577586,0.819727,1.419229,0.0191,0.0,60.0,60.0002,51.87,0.816827,9.2e-05,0.000133,9.9e-05,3.6e-05,5.1e-05,7.3e-05,7.4e-05,1.3e-05,5.4e-05,6.1e-05,0.000113,0.000163,0.000121,4.4e-05,8.9e-05,1.6e-05,7.5e-05,0.0,60.01,3.59,0.0,4e-06,60.0
norm_0644,Normal,3,sim_19,sim_19,19,Low Voltage Schedule (-2%),PROJECT DESIGN CHOICE,Utility lower-voltage schedule during light loading,train,5000.0,60.0,0.1078,True,0.9305,0.57756,0.820131,1.419994,0.0178,0.0,60.0,59.9992,51.75,0.81679,8.3e-05,6.9e-05,4.3e-05,0.000117,0.000108,5.2e-05,8e-05,0.000105,0.00013,7.2e-05,0.000102,8.4e-05,5.3e-05,0.000143,6.4e-05,0.000129,8.8e-05,0.0,60.01,3.67,0.0,4e-06,60.0
norm_0645,Normal,3,sim_19,sim_19,19,Low Voltage Schedule (-2%),PROJECT DESIGN CHOICE,Utility lower-voltage schedule during light loading,train,5000.0,60.0,0.1112,True,0.9341,0.577544,0.818834,1.417786,0.015,0.0,60.0,59.9992,51.75,0.816768,0.000122,3.7e-05,7e-05,0.000117,8.7e-05,8e-06,8.2e-05,0.000116,4.5e-05,3.7e-05,0.000149,4.5e-05,8.6e-05,0.000143,1e-05,0.000142,4.5e-05,0.0,60.01,3.5,0.0,4e-06,60.0
norm_0646,Normal,3,sim_19,sim_19,19,Low Voltage Schedule (-2%),PROJECT DESIGN CHOICE,Utility lower-voltage schedule during light loading,train,5000.0,60.0,0.1146,True,0.9399,0.57755,0.819316,1.418606,0.0166,0.0,60.0,59.9997,52.02,0.816777,2.3e-05,0.000104,5.2e-05,6.8e-05,0.000125,5.5e-05,5.7e-05,0.000122,5.6e-05,9.1e-05,2.8e-05,0.000127,6.4e-05,8.3e-05,6.7e-05,0.000149,0.000111,0.0,60.01,3.48,0.0,4e-06,60.0
norm_0647,Normal,3,sim_19,sim_19,19,Low Voltage Schedule (-2%),PROJECT DESIGN CHOICE,Utility lower-voltage schedule during light loading,train,5000.0,60.0,0.118,True,0.9412,0.577568,0.819767,1.419344,0.0153,0.0,60.0,60.0025,51.22,0.816802,6.3e-05,6.5e-05,7e-05,0.000107,0.000138,2e-06,9.7e-05,3.7e-05,0.000132,8.8e-05,7.7e-05,8e-05,8.6e-05,0.000131,2e-06,4.5e-05,0.000108,0.0,60.01,3.58,0.0,4e-06,60.0
norm_0648,Normal,3,sim_19,sim_19,19,Low Voltage Schedule (-2%),PROJECT DESIGN CHOICE,Utility lower-voltage schedule during light loading,train,5000.0,60.0,0.1214,True,0.9454,0.577528,0.818906,1.417952,0.0181,0.0,60.0,59.9999,52.06,0.816745,0.000132,6.5e-05,1.6e-05,7.2e-05,0.000139,0.000112,0.000163,3.6e-05,0.000102,4.2e-05,0.000162,8e-05,2e-05,8.8e-05,0.000137,4.4e-05,5.1e-05,0.0,60.01,3.56,0.0,4e-06,60.0
norm_0649,Normal,3,sim_19,sim_19,19,Low Voltage Schedule (-2%),PROJECT DESIGN CHOICE,Utility lower-voltage schedule during light loading,train,5000.0,60.0,0.1248,True,0.9345,0.577552,0.819562,1.419027,0.0289,0.0,60.0,59.9985,51.62,0.81678,0.000107,0.000173,3.5e-05,0.00011,7.4e-05,0.000118,0.000158,0.000107,2e-06,0.000103,0.000131,0.000212,4.3e-05,0.000135,0.000144,0.000131,0.000126,0.0,60.01,3.61,0.0,4e-06,60.0
norm_0650,Normal,3,sim_19,sim_19,19,Low Voltage Schedule (-2%),PROJECT DESIGN CHOICE,Utility lower-voltage schedule during light loading,train,5000.0,60.0,0.1282,True,0.9434,0.577593,0.819432,1.4187,0.0205,0.0,60.0,59.998,51.94,0.816838,3.3e-05,9.4e-05,8.7e-05,0.00012,7e-05,7e-05,8.5e-05,2e-05,0.000175,8.3e-05,4e-05,0.000115,0.000107,0.000147,8.6e-05,2.4e-05,0.000102,0.0,60.01,3.36,0.0,3e-06,60.0
norm_0651,Normal,3,sim_19,sim_19,19,Low Voltage Schedule (-2%),PROJECT DESIGN CHOICE,Utility lower-voltage schedule during light loading,train,5000.0,60.0,0.1316,True,0.9418,0.577521,0.820079,1.419998,0.0341,0.0,60.0,60.0032,50.74,0.816735,9.2e-05,0.000245,9.6e-05,7.4e-05,0.000136,0.00011,9.5e-05,5.5e-05,9.3e-05,0.000155,0.000113,0.0003,0.000118,9.1e-05,0.000135,6.7e-05,0.00019,0.0,60.01,3.64,0.0,4e-06,60.0
norm_0652,Normal,3,sim_19,sim_19,19,Low Voltage Schedule (-2%),PROJECT DESIGN CHOICE,Utility lower-voltage schedule during light loading,train,5000.0,60.0,0.135,True,0.9386,0.577505,0.819263,1.418624,0.0228,0.0,60.0,59.9992,51.55,0.816713,2.7e-05,3.8e-05,9.3e-05,0.000121,6e-05,0.000136,2.8e-05,5e-05,2.7e-05,6.3e-05,3.3e-05,4.7e-05,0.000114,0.000148,0.000167,6.1e-05,7.7e-05,0.0,60.01,3.76,0.0,4e-06,60.0
norm_0653,Normal,3,sim_19,sim_19,19,Low Voltage Schedule (-2%),PROJECT DESIGN CHOICE,Utility lower-voltage schedule during light loading,train,5000.0,60.0,0.1384,True,0.9404,0.577518,0.819284,1.418628,0.0191,0.0,60.0,60.002,51.54,0.816732,7.6e-05,9e-05,0.000254,8.6e-05,6.1e-05,9.5e-05,7.4e-05,7.4e-05,5.8e-05,1.1e-05,9.3e-05,0.00011,0.000311,0.000105,0.000116,9.1e-05,1.3e-05,0.0,60.01,3.47,0.0,4e-06,60.0
norm_0654,Normal,3,sim_19,sim_19,19,Low Voltage Schedule (-2%),PROJECT DESIGN CHOICE,Utility lower-voltage schedule during light loading,train,5000.0,60.0,0.1418,True,0.9295,0.57757,0.820229,1.420139,0.0205,0.0,60.0,60.0011,51.7,0.816804,2.3e-05,0.000139,2.1e-05,3.1e-05,6.9e-05,8.8e-05,7.3e-05,2.2e-05,6.2e-05,4.4e-05,2.8e-05,0.00017,2.6e-05,3.8e-05,0.000108,2.7e-05,5.4e-05,0.0,60.01,3.68,0.0,4e-06,60.0
norm_0655,Normal,3,sim_19,sim_19,19,Low Voltage Schedule (-2%),PROJECT DESIGN CHOICE,Utility lower-voltage schedule during light loading,train,5000.0,60.0,0.1452,True,0.9422,0.577505,0.81934,1.418757,0.0217,0.0,60.0,59.9995,51.93,0.816713,4.6e-05,0.000123,3.1e-05,9.5e-05,9.8e-05,8.4e-05,5.9e-05,4.3e-05,6.1e-05,1.7e-05,5.6e-05,0.000151,3.8e-05,0.000116,0.000103,5.3e-05,2.1e-05,0.0,60.01,3.43,0.0,4e-06,60.0
norm_0656,Normal,3,sim_19,sim_19,19,Low Voltage Schedule (-2%),PROJECT DESIGN CHOICE,Utility lower-voltage schedule during light loading,train,5000.0,60.0,0.1488,True,0.9312,0.577471,0.819656,1.419388,0.0208,0.0,60.0,60.0,51.94,0.816665,0.000105,0.000157,5.7e-05,6.1e-05,0.000131,1.9e-05,0.000136,0.000158,6.4e-05,0.000222,0.000129,0.000192,7e-05,7.5e-05,2.3e-05,0.000193,0.000272,0.0,60.01,3.45,0.0,3e-06,60.0
norm_0657,Normal,3,sim_19,sim_19,19,Low Voltage Schedule (-2%),PROJECT DESIGN CHOICE,Utility lower-voltage schedule during light loading,train,5000.0,60.0,0.1522,True,0.9412,0.577493,0.819414,1.418915,0.018,0.0,60.0,60.0011,51.66,0.816696,7.3e-05,5.2e-05,8.6e-05,0.000108,7.9e-05,8.4e-05,9.2e-05,0.0001,6.3e-05,0.000103,8.9e-05,6.4e-05,0.000105,0.000132,0.000103,0.000122,0.000126,0.0,60.01,3.57,0.0,4e-06,60.0
norm_0658,Normal,3,sim_19,sim_19,19,Low Voltage Schedule (-2%),PROJECT DESIGN CHOICE,Utility lower-voltage schedule during light loading,train,5000.0,60.0,0.1556,True,0.9402,0.577603,0.819227,1.418322,0.0208,0.0,60.0,59.9998,51.93,0.816852,9e-05,0.00015,5.7e-05,3.1e-05,2.8e-05,7.3e-05,0.000104,3.8e-05,4.1e-05,0.000134,0.00011,0.000184,7e-05,3.8e-05,8.9e-05,4.7e-05,0.000164,0.0,60.01,3.51,0.0,4e-06,60.0
norm_0659,Normal,3,sim_19,sim_19,19,Low Voltage Schedule (-2%),PROJECT DESIGN CHOICE,Utility lower-voltage schedule during light loading,train,5000.0,60.0,0.159,True,0.9347,0.577569,0.818683,1.417462,0.0163,0.0,60.0,59.9986,51.96,0.816804,7.1e-05,8.1e-05,7.1e-05,3.3e-05,7.5e-05,0.0001,7.7e-05,0.000118,0.000138,7.9e-05,8.7e-05,9.9e-05,8.7e-05,4e-05,0.000122,0.000144,9.7e-05,0.0,60.01,3.32,0.0,4e-06,60.0
norm_0660,Normal,3,sim_19,sim_19,19,Low Voltage Schedule (-2%),PROJECT DESIGN CHOICE,Utility lower-voltage schedule during light loading,train,5000.0,60.0,0.1624,True,0.9365,0.577505,0.819322,1.418729,0.0219,0.0,60.0,59.9983,51.63,0.816712,8.6e-05,5.6e-05,0.000121,2e-05,0.000131,0.000168,7.3e-05,0.00011,6.1e-05,6.7e-05,0.000105,6.9e-05,0.000148,2.4e-05,0.000206,0.000135,8.2e-05,0.0,60.01,3.52,0.0,4e-06,60.0
norm_0661,Normal,3,sim_19,sim_19,19,Low Voltage Schedule (-2%),PROJECT DESIGN CHOICE,Utility lower-voltage schedule during light loading,train,5000.0,60.0,0.1658,True,0.9338,0.577479,0.819147,1.418489,0.0206,0.0,60.0,59.9978,51.64,0.816676,7.5e-05,9.8e-05,0.000106,1.9e-05,4.8e-05,0.000135,7.2e-05,4.6e-05,0.000159,0.000112,9.2e-05,0.00012,0.00013,2.3e-05,0.000165,5.6e-05,0.000137,0.0,60.01,3.49,0.0,4e-06,60.0
norm_0662,Normal,3,sim_19,sim_19,19,Low Voltage Schedule (-2%),PROJECT DESIGN CHOICE,Utility lower-voltage schedule during light loading,train,5000.0,60.0,0.1692,True,0.9412,0.57755,0.819294,1.418567,0.0109,0.0,60.0,60.0008,51.54,0.816777,0.000102,5.1e-05,4.3e-05,4.2e-05,4.9e-05,5.9e-05,0.000125,2.4e-05,2e-06,0.000139,0.000125,6.2e-05,5.3e-05,5.1e-05,7.2e-05,2.9e-05,0.00017,0.0,60.01,3.58,0.0,4e-06,60.0
norm_0663,Normal,3,sim_19,sim_19,19,Low Voltage Schedule (-2%),PROJECT DESIGN CHOICE,Utility lower-voltage schedule during light loading,train,5000.0,60.0,0.1726,True,0.936,0.577598,0.817759,1.415794,0.0161,0.0,60.0,59.9999,52.19,0.816844,0.000172,2.5e-05,6.9e-05,4.5e-05,7.1e-05,0.000121,1.6e-05,0.000141,6.6e-05,5.1e-05,0.000211,3.1e-05,8.4e-05,5.5e-05,0.000148,0.000173,6.2e-05,0.0,60.01,3.54,0.0,3e-06,60.0
norm_0664,Normal,3,sim_19,sim_19,19,Low Voltage Schedule (-2%),PROJECT DESIGN CHOICE,Utility lower-voltage schedule during light loading,train,5000.0,60.0,0.176,True,0.943,0.577525,0.819229,1.418517,0.0173,0.0,60.0,60.0037,50.78,0.816741,5.7e-05,0.000113,6.4e-05,1.7e-05,6.5e-05,8.3e-05,0.000172,9.3e-05,5.9e-05,5e-05,7e-05,0.000138,7.8e-05,2.1e-05,0.000102,0.000114,6.1e-05,0.0,60.01,3.7,0.0,4e-06,60.0
norm_0665,Normal,3,sim_20,sim_20,20,"Gen 2 High V, Gen 3 Low V",PROJECT DESIGN CHOICE,Local reactive power voltage coordination,train,5000.0,60.0,0.06,True,0.9347,0.59041,0.839214,1.421409,0.0186,0.0,60.0,59.9977,51.59,0.834963,0.000128,0.000125,4.4e-05,6e-05,0.000122,7.1e-05,0.000193,9.6e-05,7.4e-05,7.4e-05,0.000153,0.00015,5.3e-05,7.2e-05,8.5e-05,0.000115,8.9e-05,0.0,60.01,3.55,0.0,4e-06,60.0
norm_0666,Normal,3,sim_20,sim_20,20,"Gen 2 High V, Gen 3 Low V",PROJECT DESIGN CHOICE,Local reactive power voltage coordination,train,5000.0,60.0,0.0634,True,0.9338,0.590395,0.83772,1.418914,0.0123,0.0,60.0,60.0003,51.86,0.834942,9.9e-05,6e-06,0.000145,3.1e-05,8e-05,9.7e-05,1.5e-05,5.1e-05,9.4e-05,8.6e-05,0.000119,7e-06,0.000174,3.7e-05,0.000116,6.1e-05,0.000103,0.0,60.01,3.67,0.0,4e-06,60.0
norm_0667,Normal,3,sim_20,sim_20,20,"Gen 2 High V, Gen 3 Low V",PROJECT DESIGN CHOICE,Local reactive power voltage coordination,train,5000.0,60.0,0.0668,True,0.9315,0.590372,0.838024,1.419484,0.0295,0.0,60.0,60.0018,51.69,0.83491,0.0001,0.000185,8e-05,8e-06,7.6e-05,0.000163,7.4e-05,8.7e-05,9e-05,0.000149,0.00012,0.000222,9.6e-05,1e-05,0.000195,0.000104,0.000178,0.0,60.01,3.42,0.0,4e-06,60.0
norm_0668,Normal,3,sim_20,sim_20,20,"Gen 2 High V, Gen 3 Low V",PROJECT DESIGN CHOICE,Local reactive power voltage coordination,train,5000.0,60.0,0.0702,True,0.9334,0.590398,0.837953,1.419302,0.0306,0.0,60.0,59.9983,51.53,0.834946,6.1e-05,0.000125,0.000128,0.000192,0.000138,0.000113,0.000138,1e-05,2.3e-05,8.8e-05,7.3e-05,0.00015,0.000153,0.00023,0.000135,1.2e-05,0.000105,0.0,60.01,3.53,0.0,4e-06,60.0
norm_0669,Normal,3,sim_20,sim_20,20,"Gen 2 High V, Gen 3 Low V",PROJECT DESIGN CHOICE,Local reactive power voltage coordination,train,5000.0,60.0,0.0736,True,0.9358,0.590276,0.838454,1.420444,0.0278,0.0,60.0,60.0003,52.23,0.834773,1.8e-05,0.000192,8.5e-05,0.000126,6.5e-05,3.7e-05,8e-05,9.9e-05,1.1e-05,0.000213,2.2e-05,0.00023,0.000102,0.000151,4.4e-05,0.000119,0.000255,0.0,60.01,3.47,0.0,4e-06,60.0
norm_0670,Normal,3,sim_20,sim_20,20,"Gen 2 High V, Gen 3 Low V",PROJECT DESIGN CHOICE,Local reactive power voltage coordination,train,5000.0,60.0,0.077,True,0.937,0.590379,0.837695,1.41891,0.0212,0.0,60.0,59.9984,51.48,0.83492,6.1e-05,0.000161,6.7e-05,2.1e-05,8.1e-05,7e-05,2.9e-05,7.9e-05,8.6e-05,8.4e-05,7.3e-05,0.000193,8e-05,2.5e-05,8.4e-05,9.5e-05,0.000101,0.0,60.01,3.56,0.0,4e-06,60.0
norm_0671,Normal,3,sim_20,sim_20,20,"Gen 2 High V, Gen 3 Low V",PROJECT DESIGN CHOICE,Local reactive power voltage coordination,train,5000.0,60.0,0.0804,True,0.9226,0.590413,0.837542,1.418569,0.0248,0.0,60.0,60.0011,51.89,0.834968,4.4e-05,5e-05,8.6e-05,0.00019,9e-05,6.7e-05,3.2e-05,7.7e-05,5.4e-05,6.4e-05,5.3e-05,6e-05,0.000103,0.000228,8e-05,9.2e-05,7.7e-05,0.0,60.01,3.44,0.0,4e-06,60.0
norm_0672,Normal,3,sim_20,sim_20,20,"Gen 2 High V, Gen 3 Low V",PROJECT DESIGN CHOICE,Local reactive power voltage coordination,train,5000.0,60.0,0.0838,True,0.9333,0.590292,0.836991,1.417927,0.0153,0.0,60.0,60.0007,51.98,0.834796,0.0001,7.7e-05,5.8e-05,9.9e-05,0.000103,2.2e-05,0.000128,0.000217,6.9e-05,0.000133,0.00012,9.2e-05,6.9e-05,0.000119,2.6e-05,0.00026,0.000159,0.0,60.01,3.49,0.0,4e-06,60.0
norm_0673,Normal,3,sim_20,sim_20,20,"Gen 2 High V, Gen 3 Low V",PROJECT DESIGN CHOICE,Local reactive power voltage coordination,train,5000.0,60.0,0.0872,True,0.927,0.590429,0.83707,1.417731,0.0111,0.0,60.0,59.9998,51.84,0.83499,8.3e-05,5.2e-05,8e-05,4.7e-05,5.8e-05,6e-05,3.4e-05,2.1e-05,2.1e-05,0.000104,9.9e-05,6.2e-05,9.6e-05,5.6e-05,7.2e-05,2.5e-05,0.000125,0.0,60.01,3.5,0.0,4e-06,60.0
norm_0674,Normal,3,sim_20,sim_20,20,"Gen 2 High V, Gen 3 Low V",PROJECT DESIGN CHOICE,Local reactive power voltage coordination,train,5000.0,60.0,0.0908,True,0.922,0.590351,0.838029,1.419544,0.012,0.0,60.0,59.9992,51.98,0.83488,3.5e-05,5.9e-05,8e-05,7.6e-05,8.6e-05,2.7e-05,9.9e-05,8.3e-05,8.3e-05,0.000122,4.2e-05,7.1e-05,9.6e-05,9.1e-05,3.2e-05,9.9e-05,0.000146,0.0,60.01,3.38,0.0,4e-06,60.0
norm_0675,Normal,3,sim_20,sim_20,20,"Gen 2 High V, Gen 3 Low V",PROJECT DESIGN CHOICE,Local reactive power voltage coordination,train,5000.0,60.0,0.0942,True,0.9314,0.590413,0.837371,1.418281,0.01,0.0,60.0,60.001,51.76,0.834967,7e-05,7.3e-05,0.000137,2.9e-05,3.6e-05,2.9e-05,9.1e-05,0.000148,6.9e-05,0.000145,8.4e-05,8.7e-05,0.000164,3.5e-05,3.5e-05,0.000177,0.000174,0.0,60.01,3.65,0.0,4e-06,60.0
norm_0676,Normal,3,sim_20,sim_20,20,"Gen 2 High V, Gen 3 Low V",PROJECT DESIGN CHOICE,Local reactive power voltage coordination,train,5000.0,60.0,0.0976,True,0.9371,0.590428,0.836917,1.417474,0.0146,0.0,60.0,59.9988,51.71,0.834989,4.7e-05,8.5e-05,0.000242,8.5e-05,5.1e-05,2.4e-05,0.000101,6.1e-05,6.4e-05,6e-05,5.6e-05,0.000102,0.00029,0.000102,2.9e-05,7.3e-05,7.2e-05,0.0,60.01,3.42,0.0,3e-06,60.0
norm_0677,Normal,3,sim_20,sim_20,20,"Gen 2 High V, Gen 3 Low V",PROJECT DESIGN CHOICE,Local reactive power voltage coordination,train,5000.0,60.0,0.101,True,0.9356,0.590293,0.838177,1.419934,0.0085,0.0,60.0,60.0007,51.88,0.834798,7.5e-05,5.7e-05,7.7e-05,3.6e-05,0.000112,2.1e-05,6.2e-05,0.000123,0.000128,3.8e-05,9e-05,6.8e-05,9.2e-05,4.3e-05,2.5e-05,0.000147,4.6e-05,0.0,60.01,3.43,0.0,4e-06,60.0
norm_0678,Normal,3,sim_20,sim_20,20,"Gen 2 High V, Gen 3 Low V",PROJECT DESIGN CHOICE,Local reactive power voltage coordination,train,5000.0,60.0,0.1044,True,0.9242,0.590378,0.840342,1.423395,0.0245,0.0,60.0,60.0003,52.11,0.834919,4.5e-05,7.6e-05,0.000123,1.8e-05,8.4e-05,0.000189,0.000168,0.00012,0.000138,7.9e-05,5.4e-05,9.1e-05,0.000147,2.2e-05,0.000226,0.000144,9.5e-05,0.0,60.01,3.56,0.0,3e-06,60.0
norm_0679,Normal,3,sim_20,sim_20,20,"Gen 2 High V, Gen 3 Low V",PROJECT DESIGN CHOICE,Local reactive power voltage coordination,train,5000.0,60.0,0.1078,True,0.9334,0.590369,0.838789,1.420787,0.0118,0.0,60.0,59.9968,51.03,0.834905,0.000133,6.4e-05,0.000182,5e-05,4.6e-05,5.5e-05,0.000106,0.000119,9.5e-05,8.2e-05,0.000159,7.7e-05,0.000218,6e-05,6.6e-05,0.000143,9.8e-05,0.0,60.01,3.52,0.0,4e-06,60.0
norm_0680,Normal,3,sim_20,sim_20,20,"Gen 2 High V, Gen 3 Low V",PROJECT DESIGN CHOICE,Local reactive power voltage coordination,train,5000.0,60.0,0.1112,True,0.9309,0.590352,0.837904,1.41933,0.0164,0.0,60.0,60.0009,52.03,0.834881,0.000109,6.6e-05,7.9e-05,6.4e-05,3.4e-05,0.000102,2e-05,0.000117,6.7e-05,0.000144,0.000131,7.9e-05,9.5e-05,7.7e-05,0.000122,0.00014,0.000172,0.0,60.01,3.59,0.0,3e-06,60.0
norm_0681,Normal,3,sim_20,sim_20,20,"Gen 2 High V, Gen 3 Low V",PROJECT DESIGN CHOICE,Local reactive power voltage coordination,train,5000.0,60.0,0.1146,True,0.9395,0.590474,0.838251,1.419623,0.0131,0.0,60.0,60.0021,51.42,0.835054,6.1e-05,5.3e-05,0.000125,9.2e-05,0.000119,2.6e-05,0.000104,6.8e-05,8.1e-05,1.7e-05,7.3e-05,6.3e-05,0.00015,0.00011,3.1e-05,8.1e-05,2e-05,0.0,60.01,3.54,0.0,4e-06,60.0
norm_0682,Normal,3,sim_20,sim_20,20,"Gen 2 High V, Gen 3 Low V",PROJECT DESIGN CHOICE,Local reactive power voltage coordination,train,5000.0,60.0,0.118,True,0.9347,0.590447,0.838519,1.420144,0.0146,0.0,60.0,59.9979,51.58,0.835015,9.9e-05,9.9e-05,0.000105,1.4e-05,9.2e-05,7e-05,4.9e-05,8.6e-05,4.7e-05,7.4e-05,0.000119,0.000119,0.000126,1.7e-05,8.4e-05,0.000103,8.9e-05,0.0,60.01,3.63,0.0,4e-06,60.0
norm_0683,Normal,3,sim_20,sim_20,20,"Gen 2 High V, Gen 3 Low V",PROJECT DESIGN CHOICE,Local reactive power voltage coordination,train,5000.0,60.0,0.1214,True,0.9273,0.590414,0.837291,1.418142,0.0165,0.0,60.0,59.9992,51.94,0.834969,0.000111,3e-05,6.1e-05,4.4e-05,0.000111,0.000127,6.8e-05,6.3e-05,8.7e-05,7.6e-05,0.000133,3.6e-05,7.3e-05,5.3e-05,0.000152,7.5e-05,9.1e-05,0.0,60.01,3.66,0.0,4e-06,60.0
norm_0684,Normal,3,sim_20,sim_20,20,"Gen 2 High V, Gen 3 Low V",PROJECT DESIGN CHOICE,Local reactive power voltage coordination,train,5000.0,60.0,0.1248,True,0.9335,0.590336,0.837551,1.418771,0.0218,0.0,60.0,59.9999,52.12,0.834858,6.3e-05,0.000138,0.000168,3.5e-05,0.000128,0.000113,7.9e-05,6.9e-05,0.000109,0.000128,7.5e-05,0.000165,0.000201,4.2e-05,0.000135,8.3e-05,0.000153,0.0,60.01,3.43,0.0,4e-06,60.0
norm_0685,Normal,3,sim_20,sim_20,20,"Gen 2 High V, Gen 3 Low V",PROJECT DESIGN CHOICE,Local reactive power voltage coordination,train,5000.0,60.0,0.1282,True,0.9236,0.590434,0.837321,1.418144,0.0191,0.0,60.0,60.001,51.63,0.834997,8.2e-05,5.3e-05,9.9e-05,0.000133,3.5e-05,7.1e-05,4.9e-05,6.4e-05,0.000112,6.9e-05,9.8e-05,6.3e-05,0.000119,0.000159,8.5e-05,7.7e-05,8.3e-05,0.0,60.01,3.61,0.0,4e-06,60.0
norm_0686,Normal,3,sim_20,sim_20,20,"Gen 2 High V, Gen 3 Low V",PROJECT DESIGN CHOICE,Local reactive power voltage coordination,train,5000.0,60.0,0.1316,True,0.9337,0.590371,0.839206,1.421489,0.0193,0.0,60.0,60.0018,51.46,0.834908,0.000123,5.8e-05,0.000158,9.9e-05,0.000159,0.000113,0.0001,0.000182,0.00018,9.8e-05,0.000147,6.9e-05,0.000189,0.000119,0.000135,0.000218,0.000117,0.0,60.01,3.6,0.0,4e-06,60.0
norm_0687,Normal,3,sim_20,sim_20,20,"Gen 2 High V, Gen 3 Low V",PROJECT DESIGN CHOICE,Local reactive power voltage coordination,train,5000.0,60.0,0.135,True,0.9297,0.590377,0.837952,1.41935,0.0237,0.0,60.0,60.0018,51.88,0.834916,3.9e-05,0.000168,0.000109,0.000102,4.6e-05,2.5e-05,1.6e-05,2.7e-05,7.8e-05,3.4e-05,4.7e-05,0.000201,0.000131,0.000122,3e-05,3.2e-05,4.1e-05,0.0,60.01,3.42,0.0,4e-06,60.0
norm_0688,Normal,3,sim_20,sim_20,20,"Gen 2 High V, Gen 3 Low V",PROJECT DESIGN CHOICE,Local reactive power voltage coordination,train,5000.0,60.0,0.1384,True,0.9265,0.590397,0.837952,1.419301,0.012,0.0,60.0,60.0005,51.98,0.834945,0.000126,8.3e-05,0.000167,4.6e-05,1.3e-05,3.3e-05,4.8e-05,9.7e-05,7.5e-05,4.8e-05,0.000151,9.9e-05,0.0002,5.5e-05,4e-05,0.000116,5.7e-05,0.0,60.01,3.65,0.0,4e-06,60.0
norm_0689,Normal,3,sim_20,sim_20,20,"Gen 2 High V, Gen 3 Low V",PROJECT DESIGN CHOICE,Local reactive power voltage coordination,train,5000.0,60.0,0.1418,True,0.9358,0.590306,0.837108,1.418093,0.0244,0.0,60.0,59.9994,52.08,0.834816,0.000105,0.000128,8.6e-05,5.8e-05,4.2e-05,0.000148,0.000107,4.6e-05,0.000175,0.000139,0.000126,0.000153,0.000103,6.9e-05,0.000177,5.5e-05,0.000167,0.0,60.01,3.31,0.0,4e-06,60.0
norm_0690,Normal,3,sim_20,sim_20,20,"Gen 2 High V, Gen 3 Low V",PROJECT DESIGN CHOICE,Local reactive power voltage coordination,train,5000.0,60.0,0.1452,True,0.9284,0.590363,0.836403,1.416761,0.0225,0.0,60.0,60.0016,51.95,0.834897,7.2e-05,4.9e-05,9.7e-05,0.000171,7.8e-05,6.1e-05,0.000157,6e-05,9.3e-05,6.7e-05,8.6e-05,5.9e-05,0.000116,0.000205,7.3e-05,7.2e-05,8e-05,0.0,60.01,3.61,0.0,4e-06,60.0
norm_0691,Normal,3,sim_20,sim_20,20,"Gen 2 High V, Gen 3 Low V",PROJECT DESIGN CHOICE,Local reactive power voltage coordination,train,5000.0,60.0,0.1488,True,0.9283,0.590413,0.836807,1.417325,0.0173,0.0,60.0,59.9984,51.86,0.834967,0.000155,4.1e-05,4.4e-05,5e-06,0.000124,0.000138,6.3e-05,6.3e-05,5.7e-05,4.9e-05,0.000186,4.9e-05,5.3e-05,6e-06,0.000165,7.5e-05,5.9e-05,0.0,60.01,3.45,0.0,4e-06,60.0
norm_0692,Normal,3,sim_20,sim_20,20,"Gen 2 High V, Gen 3 Low V",PROJECT DESIGN CHOICE,Local reactive power voltage coordination,train,5000.0,60.0,0.1522,True,0.9326,0.590312,0.837656,1.419006,0.022,0.0,60.0,59.996,51.03,0.834825,0.000111,0.000176,0.000147,4.6e-05,4.2e-05,2.9e-05,8.5e-05,0.000166,1.4e-05,9.3e-05,0.000133,0.000211,0.000176,5.5e-05,3.5e-05,0.000199,0.000111,0.0,60.01,3.45,0.0,4e-06,60.0
norm_0693,Normal,3,sim_20,sim_20,20,"Gen 2 High V, Gen 3 Low V",PROJECT DESIGN CHOICE,Local reactive power voltage coordination,train,5000.0,60.0,0.1556,True,0.938,0.590346,0.837917,1.419365,0.0125,0.0,60.0,60.0009,51.98,0.834873,7.6e-05,2.4e-05,0.000101,8.3e-05,0.000184,5.9e-05,0.00011,4.1e-05,6e-05,6.3e-05,9.1e-05,2.9e-05,0.000121,9.9e-05,7.1e-05,4.9e-05,7.5e-05,0.0,60.01,3.51,0.0,3e-06,60.0
norm_0694,Normal,3,sim_20,sim_20,20,"Gen 2 High V, Gen 3 Low V",PROJECT DESIGN CHOICE,Local reactive power voltage coordination,train,5000.0,60.0,0.159,True,0.9346,0.590343,0.838031,1.419565,0.0118,0.0,60.0,60.0003,51.79,0.834869,6.3e-05,6e-05,2.5e-05,4.6e-05,7.9e-05,6.3e-05,2.1e-05,9.5e-05,0.000138,9.9e-05,7.5e-05,7.2e-05,3e-05,5.5e-05,7.5e-05,0.000114,0.000119,0.0,60.01,3.76,0.0,4e-06,60.0
norm_0695,Normal,3,sim_20,sim_20,20,"Gen 2 High V, Gen 3 Low V",PROJECT DESIGN CHOICE,Local reactive power voltage coordination,train,5000.0,60.0,0.1624,True,0.9304,0.590387,0.837824,1.419111,0.0231,0.0,60.0,59.998,51.66,0.83493,0.000129,0.000172,4.7e-05,4.6e-05,5.5e-05,7.4e-05,6.4e-05,9.5e-05,7.3e-05,6.5e-05,0.000155,0.000206,5.6e-05,5.5e-05,8.9e-05,0.000114,7.8e-05,0.0,60.01,3.53,0.0,4e-06,60.0
norm_0696,Normal,3,sim_20,sim_20,20,"Gen 2 High V, Gen 3 Low V",PROJECT DESIGN CHOICE,Local reactive power voltage coordination,train,5000.0,60.0,0.1658,True,0.9301,0.590417,0.839233,1.421424,0.0174,0.0,60.0,60.0001,51.87,0.834972,0.000146,6.1e-05,7e-05,8.3e-05,8.1e-05,0.000102,7.7e-05,1.8e-05,9.9e-05,2.4e-05,0.000175,7.3e-05,8.4e-05,9.9e-05,0.000122,2.2e-05,2.9e-05,0.0,60.01,3.35,0.0,4e-06,60.0
norm_0697,Normal,3,sim_20,sim_20,20,"Gen 2 High V, Gen 3 Low V",PROJECT DESIGN CHOICE,Local reactive power voltage coordination,train,5000.0,60.0,0.1692,True,0.9366,0.590371,0.838133,1.419672,0.0144,0.0,60.0,60.002,51.76,0.834908,4.2e-05,6.9e-05,0.000181,6.2e-05,8.5e-05,7.7e-05,4.2e-05,0.000143,2.9e-05,0.00013,5e-05,8.3e-05,0.000217,7.4e-05,9.2e-05,0.000171,0.000156,0.0,60.01,3.42,0.0,3e-06,60.0
norm_0698,Normal,3,sim_20,sim_20,20,"Gen 2 High V, Gen 3 Low V",PROJECT DESIGN CHOICE,Local reactive power voltage coordination,train,5000.0,60.0,0.1726,True,0.9301,0.59043,0.837242,1.418019,0.0185,0.0,60.0,59.9981,51.82,0.834992,8e-05,4.3e-05,0.000165,0.000111,9.6e-05,9.8e-05,6.7e-05,0.000163,6.7e-05,0.000132,9.6e-05,5.1e-05,0.000198,0.000133,0.000117,0.000195,0.000158,0.0,60.01,3.41,0.0,3e-06,60.0
norm_0699,Normal,3,sim_20,sim_20,20,"Gen 2 High V, Gen 3 Low V",PROJECT DESIGN CHOICE,Local reactive power voltage coordination,train,5000.0,60.0,0.176,True,0.9307,0.590293,0.836833,1.417657,0.0176,0.0,60.0,60.0041,50.54,0.834798,3.8e-05,5.7e-05,8.3e-05,0.000127,0.000104,4.8e-05,0.000141,0.00012,5.5e-05,9e-05,4.6e-05,6.8e-05,9.9e-05,0.000152,5.7e-05,0.000144,0.000108,0.0,60.01,3.71,0.0,4e-06,60.0
norm_0700,Normal,3,sim_21,sim_21,21,"Gen 2 Low V, Gen 3 High V",PROJECT DESIGN CHOICE,Complementary reactive power voltage coordination,train,5000.0,60.0,0.06,True,0.9443,0.588262,0.836103,1.42131,0.0186,0.0,60.0,60.0022,51.56,0.831926,1.5e-05,0.000109,7.5e-05,6.5e-05,7.9e-05,8.8e-05,7.4e-05,0.00011,8.9e-05,1.3e-05,1.8e-05,0.000131,9e-05,7.8e-05,0.000106,0.000132,1.6e-05,0.0,60.01,3.5,0.0,4e-06,60.0
norm_0701,Normal,3,sim_21,sim_21,21,"Gen 2 Low V, Gen 3 High V",PROJECT DESIGN CHOICE,Complementary reactive power voltage coordination,train,5000.0,60.0,0.0634,True,0.9449,0.588244,0.8351,1.419649,0.0045,0.0,60.0,59.9972,51.48,0.8319,0.0001,8e-06,0.000106,3e-05,8.4e-05,2.1e-05,8.8e-05,6.9e-05,5.2e-05,7.6e-05,0.00012,1e-05,0.000127,3.6e-05,2.5e-05,8.3e-05,9.1e-05,0.0,60.01,3.46,0.0,4e-06,60.0
norm_0702,Normal,3,sim_21,sim_21,21,"Gen 2 Low V, Gen 3 High V",PROJECT DESIGN CHOICE,Complementary reactive power voltage coordination,train,5000.0,60.0,0.0668,True,0.949,0.588253,0.836178,1.421459,0.0239,0.0,60.0,59.9996,51.93,0.831913,8.4e-05,9.2e-05,7.5e-05,5.8e-05,0.00013,0.000166,1.3e-05,5.3e-05,5.3e-05,0.000146,0.000101,0.000111,9e-05,7e-05,0.0002,6.4e-05,0.000175,0.0,60.01,3.44,0.0,4e-06,60.0
norm_0703,Normal,3,sim_21,sim_21,21,"Gen 2 Low V, Gen 3 High V",PROJECT DESIGN CHOICE,Complementary reactive power voltage coordination,train,5000.0,60.0,0.0702,True,0.9472,0.588266,0.834241,1.418137,0.0146,0.0,60.0,59.998,51.93,0.831931,7.3e-05,4.2e-05,0.00015,0.000111,0.000102,2.8e-05,9e-05,7.5e-05,1.7e-05,8.4e-05,8.8e-05,5e-05,0.00018,0.000133,3.4e-05,9e-05,0.000101,0.0,60.01,3.35,0.0,4e-06,60.0
norm_0704,Normal,3,sim_21,sim_21,21,"Gen 2 Low V, Gen 3 High V",PROJECT DESIGN CHOICE,Complementary reactive power voltage coordination,train,5000.0,60.0,0.0736,True,0.9493,0.588213,0.83493,1.419435,0.0068,0.0,60.0,59.9988,52.04,0.831856,3.9e-05,4.5e-05,5e-05,8e-06,9.3e-05,3.3e-05,9.6e-05,0.000136,0.000123,2.8e-05,4.7e-05,5.4e-05,6e-05,1e-05,4e-05,0.000163,3.4e-05,0.0,60.01,3.51,0.0,4e-06,60.0
norm_0705,Normal,3,sim_21,sim_21,21,"Gen 2 Low V, Gen 3 High V",PROJECT DESIGN CHOICE,Complementary reactive power voltage coordination,train,5000.0,60.0,0.077,True,0.9465,0.588257,0.835126,1.419662,0.0183,0.0,60.0,59.9989,51.66,0.831918,1.6e-05,2.8e-05,0.000112,0.000141,8.2e-05,5e-05,0.000121,0.000117,8.4e-05,0.000146,1.9e-05,3.4e-05,0.000135,0.000169,6e-05,0.000141,0.000175,0.0,60.01,3.49,0.0,4e-06,60.0
norm_0706,Normal,3,sim_21,sim_21,21,"Gen 2 Low V, Gen 3 High V",PROJECT DESIGN CHOICE,Complementary reactive power voltage coordination,train,5000.0,60.0,0.0804,True,0.9436,0.588313,0.83416,1.417885,0.0197,0.0,60.0,60.0004,52.25,0.831997,7.6e-05,8.3e-05,0.000126,3.5e-05,6e-05,0.000137,9.4e-05,3.4e-05,2.6e-05,5.9e-05,9.1e-05,0.0001,0.000151,4.2e-05,0.000165,4.1e-05,7.1e-05,0.0,60.01,3.45,0.0,4e-06,60.0
norm_0707,Normal,3,sim_21,sim_21,21,"Gen 2 Low V, Gen 3 High V",PROJECT DESIGN CHOICE,Complementary reactive power voltage coordination,train,5000.0,60.0,0.0838,True,0.9538,0.588238,0.834388,1.418453,0.0244,0.0,60.0,60.001,51.54,0.831892,3.4e-05,7e-05,4.8e-05,0.000169,7.2e-05,8.7e-05,4.3e-05,4.2e-05,7.7e-05,0.000135,4.1e-05,8.4e-05,5.8e-05,0.000203,0.000105,5e-05,0.000162,0.0,60.01,3.75,0.0,4e-06,60.0
norm_0708,Normal,3,sim_21,sim_21,21,"Gen 2 Low V, Gen 3 High V",PROJECT DESIGN CHOICE,Complementary reactive power voltage coordination,train,5000.0,60.0,0.0872,True,0.9464,0.588206,0.83554,1.420489,0.0201,0.0,60.0,60.0006,51.81,0.831846,0.000144,0.000143,6.8e-05,8.1e-05,0.000161,3e-05,8.3e-05,4.5e-05,8.1e-05,0.000107,0.000173,0.000172,8.2e-05,9.7e-05,3.6e-05,5.4e-05,0.000129,0.0,60.01,3.6,0.0,4e-06,60.0
norm_0709,Normal,3,sim_21,sim_21,21,"Gen 2 Low V, Gen 3 High V",PROJECT DESIGN CHOICE,Complementary reactive power voltage coordination,train,5000.0,60.0,0.0908,True,0.9436,0.588207,0.833716,1.417387,0.0136,0.0,60.0,59.9985,51.69,0.831847,7.5e-05,6.5e-05,0.000128,5.4e-05,8.8e-05,7.4e-05,7.9e-05,0.000147,0.000102,0.000143,9e-05,7.8e-05,0.000154,6.5e-05,8.9e-05,0.000177,0.000172,0.0,60.01,3.65,0.0,4e-06,60.0
norm_0710,Normal,3,sim_21,sim_21,21,"Gen 2 Low V, Gen 3 High V",PROJECT DESIGN CHOICE,Complementary reactive power voltage coordination,train,5000.0,60.0,0.0942,True,0.9446,0.588302,0.834499,1.418486,0.0129,0.0,60.0,59.9983,51.77,0.831983,0.000152,7.2e-05,0.0001,5.7e-05,1.9e-05,5.6e-05,6e-05,5.7e-05,0.00012,3e-05,0.000183,8.7e-05,0.00012,6.9e-05,6.7e-05,6.9e-05,3.6e-05,0.0,60.01,3.52,0.0,4e-06,60.0
norm_0711,Normal,3,sim_21,sim_21,21,"Gen 2 Low V, Gen 3 High V",PROJECT DESIGN CHOICE,Complementary reactive power voltage coordination,train,5000.0,60.0,0.0976,True,0.9458,0.588181,0.834091,1.418087,0.0122,0.0,60.0,59.9982,51.76,0.831811,8.1e-05,2.4e-05,8.1e-05,7.4e-05,5.7e-05,6.5e-05,6.4e-05,8e-05,3.2e-05,8.1e-05,9.7e-05,2.9e-05,9.7e-05,8.9e-05,7.8e-05,9.6e-05,9.7e-05,0.0,60.01,3.48,0.0,4e-06,60.0
norm_0712,Normal,3,sim_21,sim_21,21,"Gen 2 Low V, Gen 3 High V",PROJECT DESIGN CHOICE,Complementary reactive power voltage coordination,train,5000.0,60.0,0.101,True,0.9461,0.588282,0.834035,1.417747,0.0129,0.0,60.0,59.9971,51.14,0.831954,3.2e-05,8.6e-05,9e-05,4.9e-05,0.000125,4.1e-05,0.000107,0.000152,0.000145,6.8e-05,3.8e-05,0.000103,0.000108,5.9e-05,4.9e-05,0.000183,8.2e-05,0.0,60.01,3.42,0.0,4e-06,60.0
norm_0713,Normal,3,sim_21,sim_21,21,"Gen 2 Low V, Gen 3 High V",PROJECT DESIGN CHOICE,Complementary reactive power voltage coordination,train,5000.0,60.0,0.1044,True,0.9388,0.588313,0.833651,1.41702,0.0105,0.0,60.0,60.0011,52.21,0.831998,9.3e-05,5.2e-05,0.000119,6.9e-05,9.5e-05,1.3e-05,1.8e-05,2.2e-05,0.000184,0.000107,0.000112,6.3e-05,0.000143,8.3e-05,1.6e-05,2.6e-05,0.000129,0.0,60.01,3.43,0.0,3e-06,60.0
norm_0714,Normal,3,sim_21,sim_21,21,"Gen 2 Low V, Gen 3 High V",PROJECT DESIGN CHOICE,Complementary reactive power voltage coordination,train,5000.0,60.0,0.1078,True,0.944,0.588261,0.834271,1.418199,0.0162,0.0,60.0,59.9964,51.07,0.831924,6.8e-05,5.2e-05,9.5e-05,6.1e-05,4.5e-05,0.000109,9.6e-05,5.2e-05,1.5e-05,3.1e-05,8.2e-05,6.3e-05,0.000114,7.3e-05,0.000131,6.3e-05,3.7e-05,0.0,60.01,3.56,0.0,4e-06,60.0
norm_0715,Normal,3,sim_21,sim_21,21,"Gen 2 Low V, Gen 3 High V",PROJECT DESIGN CHOICE,Complementary reactive power voltage coordination,train,5000.0,60.0,0.1112,True,0.9498,0.588261,0.834254,1.41817,0.0203,0.0,60.0,60.0016,51.86,0.831924,0.000115,0.000127,0.000124,8.9e-05,0.000101,6.7e-05,5.8e-05,4.6e-05,6e-05,6e-05,0.000138,0.000153,0.000149,0.000107,8.1e-05,5.5e-05,7.2e-05,0.0,60.01,3.54,0.0,4e-06,60.0
norm_0716,Normal,3,sim_21,sim_21,21,"Gen 2 Low V, Gen 3 High V",PROJECT DESIGN CHOICE,Complementary reactive power voltage coordination,train,5000.0,60.0,0.1146,True,0.9421,0.588218,0.834703,1.419038,0.0221,0.0,60.0,60.0002,52.2,0.831863,8.8e-05,9.5e-05,2.9e-05,0.000143,6.9e-05,6.6e-05,4.1e-05,2.8e-05,4.8e-05,7.2e-05,0.000106,0.000114,3.5e-05,0.000172,7.9e-05,3.4e-05,8.7e-05,0.0,60.01,3.5,0.0,3e-06,60.0
norm_0717,Normal,3,sim_21,sim_21,21,"Gen 2 Low V, Gen 3 High V",PROJECT DESIGN CHOICE,Complementary reactive power voltage coordination,train,5000.0,60.0,0.118,True,0.9435,0.588188,0.834745,1.41918,0.0217,0.0,60.0,60.003,51.33,0.831821,9.2e-05,5.8e-05,0.000121,0.000102,6.1e-05,0.000137,0.000177,5.3e-05,0.000168,8.7e-05,0.000111,7e-05,0.000145,0.000123,0.000165,6.4e-05,0.000105,0.0,60.01,3.41,0.0,3e-06,60.0
norm_0718,Normal,3,sim_21,sim_21,21,"Gen 2 Low V, Gen 3 High V",PROJECT DESIGN CHOICE,Complementary reactive power voltage coordination,train,5000.0,60.0,0.1214,True,0.9375,0.588278,0.835212,1.419757,0.0165,0.0,60.0,60.0007,51.56,0.831948,4.7e-05,0.000126,1.3e-05,5.1e-05,3.7e-05,1.3e-05,9e-05,7.9e-05,9.8e-05,3.1e-05,5.6e-05,0.000151,1.6e-05,6.1e-05,1.6e-05,9.5e-05,3.7e-05,0.0,60.01,3.73,0.0,4e-06,60.0
norm_0719,Normal,3,sim_21,sim_21,21,"Gen 2 Low V, Gen 3 High V",PROJECT DESIGN CHOICE,Complementary reactive power voltage coordination,train,5000.0,60.0,0.1248,True,0.9437,0.588281,0.836126,1.421303,0.0104,0.0,60.0,60.0014,51.9,0.831953,0.000149,5.8e-05,0.000115,2.3e-05,5.8e-05,6e-05,3.9e-05,0.000193,0.000141,9e-05,0.000179,7e-05,0.000138,2.8e-05,7.2e-05,0.000232,0.000108,0.0,60.01,3.42,0.0,3e-06,60.0
norm_0720,Normal,3,sim_21,sim_21,21,"Gen 2 Low V, Gen 3 High V",PROJECT DESIGN CHOICE,Complementary reactive power voltage coordination,train,5000.0,60.0,0.1282,True,0.9366,0.588325,0.834462,1.418371,0.0116,0.0,60.0,60.0015,51.78,0.832014,3.8e-05,8.4e-05,5e-05,4.7e-05,6.6e-05,5e-06,3e-05,0.00012,8.7e-05,0.000135,4.6e-05,0.000101,6e-05,5.6e-05,6e-06,0.000144,0.000162,0.0,60.01,3.54,0.0,4e-06,60.0
norm_0721,Normal,3,sim_21,sim_21,21,"Gen 2 Low V, Gen 3 High V",PROJECT DESIGN CHOICE,Complementary reactive power voltage coordination,train,5000.0,60.0,0.1316,True,0.9434,0.58825,0.834168,1.418049,0.0126,0.0,60.0,60.0003,52.38,0.831909,5.7e-05,3.8e-05,8.2e-05,6.2e-05,5.9e-05,7.5e-05,9e-05,6.7e-05,0.000128,2.2e-05,6.9e-05,4.6e-05,9.9e-05,7.5e-05,9e-05,8.1e-05,2.6e-05,0.0,60.01,3.41,0.0,3e-06,60.0
norm_0722,Normal,3,sim_21,sim_21,21,"Gen 2 Low V, Gen 3 High V",PROJECT DESIGN CHOICE,Complementary reactive power voltage coordination,train,5000.0,60.0,0.135,True,0.9447,0.588275,0.835674,1.420549,0.0131,0.0,60.0,60.001,52.01,0.831944,0.000104,5.5e-05,6.2e-05,9.2e-05,6.3e-05,2e-05,0.000107,6e-05,3.9e-05,0.000178,0.000125,6.6e-05,7.5e-05,0.000111,2.4e-05,7.2e-05,0.000214,0.0,60.01,3.43,0.0,4e-06,60.0
norm_0723,Normal,3,sim_21,sim_21,21,"Gen 2 Low V, Gen 3 High V",PROJECT DESIGN CHOICE,Complementary reactive power voltage coordination,train,5000.0,60.0,0.1384,True,0.9389,0.588299,0.834062,1.417751,0.0207,0.0,60.0,60.0002,51.91,0.831978,3.1e-05,0.000113,4e-05,7e-05,4.1e-05,0.000108,0.000109,0.000101,6.3e-05,9.3e-05,3.7e-05,0.000136,4.8e-05,8.4e-05,0.00013,0.000121,0.000112,0.0,60.01,3.57,0.0,4e-06,60.0
norm_0724,Normal,3,sim_21,sim_21,21,"Gen 2 Low V, Gen 3 High V",PROJECT DESIGN CHOICE,Complementary reactive power voltage coordination,train,5000.0,60.0,0.1418,True,0.9455,0.58826,0.835413,1.420142,0.0184,0.0,60.0,59.9993,51.91,0.831923,2.9e-05,0.000107,2.1e-05,7.5e-05,0.000111,8e-05,3.2e-05,7.7e-05,7.7e-05,1.2e-05,3.5e-05,0.000129,2.5e-05,9e-05,9.6e-05,9.3e-05,1.4e-05,0.0,60.01,3.59,0.0,4e-06,60.0
norm_0725,Normal,3,sim_21,sim_21,21,"Gen 2 Low V, Gen 3 High V",PROJECT DESIGN CHOICE,Complementary reactive power voltage coordination,train,5000.0,60.0,0.1452,True,0.9388,0.58824,0.835091,1.419644,0.0219,0.0,60.0,60.0007,51.9,0.831894,8.6e-05,8.9e-05,0.000106,0.000139,0.000108,7.9e-05,4.6e-05,0.000112,0.000131,0.000136,0.000103,0.000107,0.000127,0.000167,9.5e-05,0.000135,0.000163,0.0,60.01,3.6,0.0,4e-06,60.0
norm_0726,Normal,3,sim_21,sim_21,21,"Gen 2 Low V, Gen 3 High V",PROJECT DESIGN CHOICE,Complementary reactive power voltage coordination,train,5000.0,60.0,0.1488,True,0.9441,0.588256,0.835583,1.420441,0.0124,0.0,60.0,60.0001,51.59,0.831916,0.00018,7.4e-05,0.000105,6.9e-05,0.000142,1.9e-05,4.8e-05,4e-05,8e-05,5.7e-05,0.000216,8.9e-05,0.000126,8.3e-05,2.3e-05,4.8e-05,6.9e-05,0.0,60.01,3.71,0.0,4e-06,60.0
norm_0727,Normal,3,sim_21,sim_21,21,"Gen 2 Low V, Gen 3 High V",PROJECT DESIGN CHOICE,Complementary reactive power voltage coordination,train,5000.0,60.0,0.1522,True,0.9411,0.588217,0.834952,1.419462,0.0209,0.0,60.0,60.0021,51.58,0.831862,3.3e-05,0.000102,0.000167,0.000128,6.5e-05,5.8e-05,2.8e-05,7.2e-05,4.1e-05,7.9e-05,4e-05,0.000123,0.000201,0.000154,7e-05,8.7e-05,9.5e-05,0.0,60.01,3.45,0.0,4e-06,60.0
norm_0728,Normal,3,sim_21,sim_21,21,"Gen 2 Low V, Gen 3 High V",PROJECT DESIGN CHOICE,Complementary reactive power voltage coordination,train,5000.0,60.0,0.1556,True,0.9402,0.588309,0.834206,1.417973,0.0269,0.0,60.0,60.002,51.74,0.831992,5e-05,0.00018,5.5e-05,9.1e-05,0.000105,9.8e-05,0.000121,0.000125,7.5e-05,6.6e-05,6e-05,0.000216,6.6e-05,0.000109,0.000118,0.00015,7.9e-05,0.0,60.01,3.42,0.0,4e-06,60.0
norm_0729,Normal,3,sim_21,sim_21,21,"Gen 2 Low V, Gen 3 High V",PROJECT DESIGN CHOICE,Complementary reactive power voltage coordination,train,5000.0,60.0,0.159,True,0.9348,0.588308,0.835404,1.420013,0.0134,0.0,60.0,59.9969,51.46,0.83199,8.3e-05,4.9e-05,2.6e-05,6.5e-05,0.000147,7.6e-05,6.8e-05,0.000113,4.1e-05,2.9e-05,0.0001,5.9e-05,3.1e-05,7.8e-05,9.1e-05,0.000136,3.5e-05,0.0,60.01,3.44,0.0,4e-06,60.0
norm_0730,Normal,3,sim_21,sim_21,21,"Gen 2 Low V, Gen 3 High V",PROJECT DESIGN CHOICE,Complementary reactive power voltage coordination,train,5000.0,60.0,0.1624,True,0.9441,0.588273,0.834744,1.418975,0.0233,0.0,60.0,59.9985,51.59,0.831941,0.000122,7.3e-05,0.000104,0.000131,0.000118,0.000122,9.2e-05,0.0001,0.000113,5.9e-05,0.000147,8.8e-05,0.000125,0.000157,0.000147,0.00012,7.1e-05,0.0,60.01,3.59,0.0,4e-06,60.0
norm_0731,Normal,3,sim_21,sim_21,21,"Gen 2 Low V, Gen 3 High V",PROJECT DESIGN CHOICE,Complementary reactive power voltage coordination,train,5000.0,60.0,0.1658,True,0.9462,0.58826,0.835822,1.420838,0.0186,0.0,60.0,59.9991,51.67,0.831923,7.1e-05,9.1e-05,6.6e-05,0.000102,0.000134,7.2e-05,6.8e-05,4.7e-05,8e-05,0.000112,8.5e-05,0.000109,7.9e-05,0.000123,8.7e-05,5.6e-05,0.000135,0.0,60.01,3.61,0.0,4e-06,60.0
norm_0732,Normal,3,sim_21,sim_21,21,"Gen 2 Low V, Gen 3 High V",PROJECT DESIGN CHOICE,Complementary reactive power voltage coordination,train,5000.0,60.0,0.1692,True,0.9501,0.588181,0.834317,1.418469,0.0308,0.0,60.0,60.0014,51.83,0.831811,6.6e-05,0.000124,0.000164,0.000199,0.000141,0.000103,5e-05,0.000111,4.7e-05,7.6e-05,7.9e-05,0.000149,0.000197,0.000239,0.000124,0.000133,9.1e-05,0.0,60.01,3.49,0.0,4e-06,60.0
norm_0733,Normal,3,sim_21,sim_21,21,"Gen 2 Low V, Gen 3 High V",PROJECT DESIGN CHOICE,Complementary reactive power voltage coordination,train,5000.0,60.0,0.1726,True,0.9357,0.588318,0.835497,1.420145,0.0108,0.0,60.0,60.003,50.95,0.832005,4.7e-05,7e-05,8e-05,2.4e-05,0.000134,5.2e-05,8.1e-05,9.4e-05,9e-06,0.000158,5.6e-05,8.4e-05,9.6e-05,2.9e-05,6.2e-05,0.000113,0.00019,0.0,60.01,3.6,0.0,4e-06,60.0
norm_0734,Normal,3,sim_21,sim_21,21,"Gen 2 Low V, Gen 3 High V",PROJECT DESIGN CHOICE,Complementary reactive power voltage coordination,train,5000.0,60.0,0.176,True,0.938,0.588289,0.83508,1.419506,0.0258,0.0,60.0,60.0016,51.75,0.831964,0.000172,0.000136,8.7e-05,0.00012,9.7e-05,0.000116,3e-05,1.2e-05,8.5e-05,5.5e-05,0.000207,0.000163,0.000105,0.000144,0.000139,1.4e-05,6.6e-05,0.0,60.01,3.59,0.0,4e-06,60.0
norm_0735,Normal,3,sim_22,sim_22,22,Frequency Lower Bound (59.95 Hz),IEEE / NERC standard,NERC standard governor deadband lower boundary (-0.05 Hz),train,5000.0,60.0,0.06,True,0.9251,0.589383,0.835853,1.418183,0.0798,0.0,60.0,59.9459,50.68,0.833373,0.00096,0.000573,0.00035,0.000311,0.000219,0.000132,0.000129,0.000133,0.000187,0.000179,0.001152,0.000688,0.00042,0.000373,0.000158,0.00016,0.000215,2e-06,60.01,4.17,0.0006,1.1e-05,60.0
norm_0736,Normal,3,sim_22,sim_22,22,Frequency Lower Bound (59.95 Hz),IEEE / NERC standard,NERC standard governor deadband lower boundary (-0.05 Hz),train,5000.0,60.0,0.0634,True,0.934,0.589012,0.836229,1.419716,0.0419,0.0,60.0,59.9501,51.63,0.832848,0.000548,0.000262,0.000142,0.000149,6.6e-05,0.000176,0.000149,5e-05,0.00015,0.000132,0.000658,0.000315,0.00017,0.000179,0.000211,6e-05,0.000158,1e-06,60.01,3.7,0.0006,7e-06,60.0
norm_0737,Normal,3,sim_22,sim_22,22,Frequency Lower Bound (59.95 Hz),IEEE / NERC standard,NERC standard governor deadband lower boundary (-0.05 Hz),train,5000.0,60.0,0.0668,True,0.9649,0.589175,0.835565,1.418195,0.0709,0.0,60.0,59.9478,51.13,0.833078,0.000801,0.00048,0.00028,0.000297,0.000311,0.000174,0.000165,0.000179,5.7e-05,8.5e-05,0.000961,0.000576,0.000336,0.000357,0.000209,0.000215,0.000102,1e-06,60.01,4.05,0.0006,1.1e-05,60.0
norm_0738,Normal,3,sim_22,sim_22,22,Frequency Lower Bound (59.95 Hz),IEEE / NERC standard,NERC standard governor deadband lower boundary (-0.05 Hz),train,5000.0,60.0,0.0702,True,0.8909,0.589233,0.836526,1.419686,0.065,0.0,60.0,59.9513,51.12,0.83316,0.000797,0.00044,0.000376,0.00021,0.000155,0.000237,8.8e-05,0.000193,0.00016,0.00021,0.000957,0.000528,0.000451,0.000252,0.000284,0.000232,0.000252,1e-06,60.01,4.13,0.0006,1e-05,60.0
norm_0739,Normal,3,sim_22,sim_22,22,Frequency Lower Bound (59.95 Hz),IEEE / NERC standard,NERC standard governor deadband lower boundary (-0.05 Hz),train,5000.0,60.0,0.0736,True,0.9789,0.588981,0.83683,1.42081,0.0319,0.0,60.0,59.9488,51.34,0.832802,0.000487,0.000162,0.000125,5.8e-05,0.000143,0.000202,0.0001,0.000172,2.8e-05,3.5e-05,0.000585,0.000195,0.00015,7e-05,0.000243,0.000207,4.2e-05,0.0,60.01,3.65,0.0006,6e-06,60.0
norm_0740,Normal,3,sim_22,sim_22,22,Frequency Lower Bound (59.95 Hz),IEEE / NERC standard,NERC standard governor deadband lower boundary (-0.05 Hz),train,5000.0,60.0,0.077,True,0.9148,0.58941,0.836172,1.418661,0.0737,0.0,60.0,59.9508,51.6,0.833412,0.000863,0.000533,0.000315,0.000239,0.000216,0.000189,0.000165,0.000148,0.000168,0.000162,0.001036,0.00064,0.000378,0.000287,0.000227,0.000178,0.000194,1e-06,60.01,4.09,0.0006,1.1e-05,60.0
norm_0741,Normal,3,sim_22,sim_22,22,Frequency Lower Bound (59.95 Hz),IEEE / NERC standard,NERC standard governor deadband lower boundary (-0.05 Hz),train,5000.0,60.0,0.0804,True,0.9352,0.588962,0.835366,1.418369,0.0456,0.0,60.0,59.9511,51.61,0.832779,0.000571,0.000312,0.000151,0.000215,0.000161,3.4e-05,7.5e-05,8.4e-05,8.3e-05,8.2e-05,0.000686,0.000375,0.000181,0.000258,4.1e-05,0.000101,9.8e-05,1e-06,60.01,3.5,0.0006,6e-06,60.0
norm_0742,Normal,3,sim_22,sim_22,22,Frequency Lower Bound (59.95 Hz),IEEE / NERC standard,NERC standard governor deadband lower boundary (-0.05 Hz),train,5000.0,60.0,0.0838,True,0.9631,0.58922,0.834898,1.416953,0.0669,0.0,60.0,59.9504,51.51,0.833144,0.000817,0.000407,0.000306,0.000363,0.000151,0.000115,0.000234,0.000187,0.000161,0.000156,0.000981,0.000489,0.000367,0.000436,0.000138,0.000224,0.000187,1e-06,60.01,4.17,0.0006,1.1e-05,60.0
norm_0743,Normal,3,sim_22,sim_22,22,Frequency Lower Bound (59.95 Hz),IEEE / NERC standard,NERC standard governor deadband lower boundary (-0.05 Hz),train,5000.0,60.0,0.0872,True,0.8935,0.589189,0.835321,1.417746,0.0703,0.0,60.0,59.9487,51.4,0.833102,0.00071,0.00041,0.000323,0.000343,0.00025,0.00024,0.000214,3.8e-05,6.8e-05,0.000133,0.000852,0.000492,0.000388,0.000412,0.000288,4.6e-05,0.00016,1e-06,60.01,3.86,0.0006,9e-06,60.0
norm_0744,Normal,3,sim_22,sim_22,22,Frequency Lower Bound (59.95 Hz),IEEE / NERC standard,NERC standard governor deadband lower boundary (-0.05 Hz),train,5000.0,60.0,0.0908,True,0.9796,0.588974,0.835211,1.418078,0.0469,0.0,60.0,59.9477,51.16,0.832797,0.000637,0.000284,9.4e-05,0.000183,0.00012,0.000195,0.000101,8e-05,3.9e-05,8.1e-05,0.000765,0.000341,0.000113,0.00022,0.000234,9.6e-05,9.7e-05,1e-06,60.01,3.72,0.0006,8e-06,60.0
norm_0745,Normal,3,sim_22,sim_22,22,Frequency Lower Bound (59.95 Hz),IEEE / NERC standard,NERC standard governor deadband lower boundary (-0.05 Hz),train,5000.0,60.0,0.0942,True,0.9013,0.589431,0.83572,1.417843,0.0681,0.0,60.0,59.9511,51.5,0.833442,0.000872,0.000485,0.000257,0.000248,0.00025,0.000161,0.000194,0.000243,0.000113,9.5e-05,0.001046,0.000582,0.000308,0.000298,0.000193,0.000292,0.000114,1e-06,60.01,4.11,0.0006,1.1e-05,60.0
norm_0746,Normal,3,sim_22,sim_22,22,Frequency Lower Bound (59.95 Hz),IEEE / NERC standard,NERC standard governor deadband lower boundary (-0.05 Hz),train,5000.0,60.0,0.0976,True,0.9543,0.588874,0.834343,1.416844,0.0391,0.0,60.0,59.9498,51.43,0.832654,0.000434,0.000314,0.000149,3.8e-05,1.2e-05,7.4e-05,8.6e-05,5.3e-05,2.3e-05,7.8e-05,0.000521,0.000377,0.000179,4.6e-05,8.9e-05,6.4e-05,9.4e-05,0.0,60.01,3.64,0.0006,6e-06,60.0
norm_0747,Normal,3,sim_22,sim_22,22,Frequency Lower Bound (59.95 Hz),IEEE / NERC standard,NERC standard governor deadband lower boundary (-0.05 Hz),train,5000.0,60.0,0.101,True,0.9409,0.589384,0.835635,1.41781,0.0839,0.0,60.0,59.9505,51.83,0.833376,0.000905,0.000544,0.000474,0.000337,0.000301,0.000282,0.000315,6e-05,0.000123,0.000162,0.001086,0.000653,0.000569,0.000404,0.000338,7.2e-05,0.000194,2e-06,60.01,4.21,0.0006,1.2e-05,60.0
norm_0748,Normal,3,sim_22,sim_22,22,Frequency Lower Bound (59.95 Hz),IEEE / NERC standard,NERC standard governor deadband lower boundary (-0.05 Hz),train,5000.0,60.0,0.1044,True,0.9129,0.589098,0.835316,1.417958,0.0383,0.0,60.0,59.9521,51.28,0.832969,0.000679,0.000292,0.000301,6.5e-05,0.000148,0.000111,1.5e-05,0.000144,0.000159,0.000107,0.000815,0.000351,0.000361,7.8e-05,0.000133,0.000173,0.000128,1e-06,60.01,3.62,0.0006,8e-06,60.0
norm_0749,Normal,3,sim_22,sim_22,22,Frequency Lower Bound (59.95 Hz),IEEE / NERC standard,NERC standard governor deadband lower boundary (-0.05 Hz),train,5000.0,60.0,0.1078,True,0.9739,0.589131,0.835224,1.417721,0.0466,0.0,60.0,59.9518,51.12,0.833019,0.000672,0.000294,0.000169,0.000223,8.4e-05,0.000121,0.000115,8.3e-05,0.000189,0.000154,0.000807,0.000353,0.000203,0.000268,0.000145,0.0001,0.000185,1e-06,60.01,4.12,0.0006,9e-06,60.0
norm_0750,Normal,3,sim_22,sim_22,22,Frequency Lower Bound (59.95 Hz),IEEE / NERC standard,NERC standard governor deadband lower boundary (-0.05 Hz),train,5000.0,60.0,0.1112,True,0.9006,0.589368,0.836416,1.419174,0.0698,0.0,60.0,59.9519,51.43,0.833353,0.000844,0.000417,0.00031,0.000311,0.000225,0.00026,0.000145,9e-05,9.2e-05,0.000167,0.001013,0.0005,0.000372,0.000373,0.000312,0.000108,0.0002,1e-06,60.01,4.16,0.0006,1.1e-05,60.0
norm_0751,Normal,3,sim_22,sim_22,22,Frequency Lower Bound (59.95 Hz),IEEE / NERC standard,NERC standard governor deadband lower boundary (-0.05 Hz),train,5000.0,60.0,0.1146,True,0.958,0.588963,0.835984,1.419415,0.0312,0.0,60.0,59.9519,51.39,0.832781,0.000434,0.000209,9.2e-05,0.000147,2.9e-05,4.6e-05,0.000195,3.3e-05,0.00011,8.6e-05,0.000521,0.000251,0.00011,0.000177,5.5e-05,4e-05,0.000103,0.0,60.01,3.44,0.0006,5e-06,60.0
norm_0752,Normal,3,sim_22,sim_22,22,Frequency Lower Bound (59.95 Hz),IEEE / NERC standard,NERC standard governor deadband lower boundary (-0.05 Hz),train,5000.0,60.0,0.118,True,0.9396,0.589346,0.835979,1.418487,0.0616,0.0,60.0,59.9516,51.42,0.833321,0.00077,0.000452,0.000374,0.000138,0.000187,0.0002,5.7e-05,0.000289,0.000138,0.000203,0.000924,0.000542,0.000449,0.000166,0.00024,0.000347,0.000244,1e-06,60.01,4.14,0.0006,1.1e-05,60.0
norm_0753,Normal,3,sim_22,sim_22,22,Frequency Lower Bound (59.95 Hz),IEEE / NERC standard,NERC standard governor deadband lower boundary (-0.05 Hz),train,5000.0,60.0,0.1214,True,0.9179,0.589061,0.835642,1.418601,0.0497,0.0,60.0,59.9497,51.76,0.832918,0.000635,0.000309,0.000216,0.000209,0.000105,0.000179,0.000146,5.1e-05,0.000137,6.5e-05,0.000762,0.000371,0.000259,0.000251,0.000215,6.1e-05,7.8e-05,1e-06,60.01,3.68,0.0006,8e-06,60.0
norm_0754,Normal,3,sim_22,sim_22,22,Frequency Lower Bound (59.95 Hz),IEEE / NERC standard,NERC standard governor deadband lower boundary (-0.05 Hz),train,5000.0,60.0,0.1248,True,0.9736,0.58917,0.836463,1.41973,0.0595,0.0,60.0,59.9515,51.36,0.833071,0.0007,0.000393,0.000324,0.000288,0.000211,9.2e-05,0.000132,0.000209,0.000156,0.000102,0.00084,0.000472,0.000389,0.000346,0.00011,0.000251,0.000122,1e-06,60.01,3.88,0.0006,1e-05,60.0
norm_0755,Normal,3,sim_22,sim_22,22,Frequency Lower Bound (59.95 Hz),IEEE / NERC standard,NERC standard governor deadband lower boundary (-0.05 Hz),train,5000.0,60.0,0.1282,True,0.9008,0.589312,0.836051,1.418688,0.0665,0.0,60.0,59.9513,51.56,0.833275,0.000809,0.00043,0.000271,0.000211,0.000188,0.000279,0.000144,0.000109,0.000154,0.000112,0.000971,0.000516,0.000325,0.000253,0.000335,0.000131,0.000134,1e-06,60.01,4.18,0.0006,1.2e-05,60.0
norm_0756,Normal,3,sim_22,sim_22,22,Frequency Lower Bound (59.95 Hz),IEEE / NERC standard,NERC standard governor deadband lower boundary (-0.05 Hz),train,5000.0,60.0,0.1316,True,0.9716,0.588943,0.837312,1.421721,0.0324,0.0,60.0,59.9516,51.4,0.832753,0.00037,0.000199,0.000108,0.000148,0.000116,0.000106,0.000119,8.5e-05,7e-05,0.000114,0.000444,0.000239,0.00013,0.000178,0.000127,0.000102,0.000137,0.0,60.01,3.55,0.0006,6e-06,60.0
norm_0757,Normal,3,sim_22,sim_22,22,Frequency Lower Bound (59.95 Hz),IEEE / NERC standard,NERC standard governor deadband lower boundary (-0.05 Hz),train,5000.0,60.0,0.135,True,0.9269,0.589453,0.836669,1.4194,0.0889,0.0,60.0,59.9482,51.02,0.833473,0.00091,0.000626,0.000384,0.000322,0.000223,0.000232,0.000128,0.000172,0.000131,0.0001,0.001092,0.000751,0.000461,0.000386,0.000278,0.000206,0.00012,2e-06,60.02,4.41,0.0006,1.2e-05,60.0
norm_0758,Normal,3,sim_22,sim_22,22,Frequency Lower Bound (59.95 Hz),IEEE / NERC standard,NERC standard governor deadband lower boundary (-0.05 Hz),train,5000.0,60.0,0.1384,True,0.9234,0.589015,0.835796,1.418971,0.0342,0.0,60.0,59.9481,51.33,0.832853,0.000664,0.000215,0.000186,0.000107,0.000135,0.000154,0.000131,0.000137,4.6e-05,8.7e-05,0.000797,0.000258,0.000223,0.000128,0.000185,0.000164,0.000104,1e-06,60.01,3.61,0.0006,7e-06,60.0
norm_0759,Normal,3,sim_22,sim_22,22,Frequency Lower Bound (59.95 Hz),IEEE / NERC standard,NERC standard governor deadband lower boundary (-0.05 Hz),train,5000.0,60.0,0.1418,True,0.9715,0.589188,0.835573,1.418178,0.073,0.0,60.0,59.9479,51.27,0.833098,0.000813,0.000531,0.000346,0.000229,0.000289,0.000189,0.000201,0.000105,0.000136,0.000136,0.000976,0.000637,0.000415,0.000275,0.000227,0.000126,0.000163,1e-06,60.01,3.95,0.0006,1e-05,60.0
norm_0760,Normal,3,sim_22,sim_22,22,Frequency Lower Bound (59.95 Hz),IEEE / NERC standard,NERC standard governor deadband lower boundary (-0.05 Hz),train,5000.0,60.0,0.1452,True,0.8893,0.589263,0.835232,1.417417,0.0694,0.0,60.0,59.951,51.69,0.833205,0.000823,0.000385,0.00032,0.000389,0.000219,0.000187,0.000209,0.000119,0.000158,0.000176,0.000988,0.000462,0.000384,0.000467,0.000224,0.000143,0.000211,1e-06,60.01,4.09,0.0006,1.1e-05,60.0
norm_0761,Normal,3,sim_22,sim_22,22,Frequency Lower Bound (59.95 Hz),IEEE / NERC standard,NERC standard governor deadband lower boundary (-0.05 Hz),train,5000.0,60.0,0.1488,True,0.9769,0.589002,0.836871,1.420827,0.045,0.0,60.0,59.9502,51.51,0.832835,0.000519,0.000301,8.7e-05,0.000216,0.000127,5.2e-05,0.000151,0.000176,0.000138,0.000127,0.000623,0.000361,0.000104,0.000259,6.2e-05,0.000211,0.000152,1e-06,60.01,3.7,0.0006,7e-06,60.0
norm_0762,Normal,3,sim_22,sim_22,22,Frequency Lower Bound (59.95 Hz),IEEE / NERC standard,NERC standard governor deadband lower boundary (-0.05 Hz),train,5000.0,60.0,0.1522,True,0.9086,0.589421,0.836016,1.418369,0.0781,0.0,60.0,59.9485,51.37,0.833426,0.001005,0.000558,0.000535,0.000315,0.000163,0.000112,0.000176,0.000178,0.000218,0.000222,0.001206,0.00067,0.000642,0.000378,0.000134,0.000214,0.000266,2e-06,60.02,4.35,0.0006,1.3e-05,60.0
norm_0763,Normal,3,sim_22,sim_22,22,Frequency Lower Bound (59.95 Hz),IEEE / NERC standard,NERC standard governor deadband lower boundary (-0.05 Hz),train,5000.0,60.0,0.1556,True,0.9451,0.588971,0.836508,1.420287,0.0331,0.0,60.0,59.9512,51.11,0.832791,0.000402,0.00021,6.3e-05,0.000123,0.000128,0.00013,0.000221,7.1e-05,3.3e-05,4.2e-05,0.000483,0.000252,7.6e-05,0.000148,0.000156,8.5e-05,5e-05,0.0,60.01,3.61,0.0006,6e-06,60.0
norm_0764,Normal,3,sim_22,sim_22,22,Frequency Lower Bound (59.95 Hz),IEEE / NERC standard,NERC standard governor deadband lower boundary (-0.05 Hz),train,5000.0,60.0,0.159,True,0.9534,0.589364,0.837614,1.421217,0.0583,0.0,60.0,59.9504,51.56,0.833346,0.000792,0.000322,0.000187,0.000295,0.000251,0.000212,0.000135,0.000132,0.000203,0.000108,0.00095,0.000386,0.000224,0.000354,0.000254,0.000158,0.00013,1e-06,60.01,4.03,0.0006,1e-05,60.0
norm_0765,Normal,3,sim_22,sim_22,22,Frequency Lower Bound (59.95 Hz),IEEE / NERC standard,NERC standard governor deadband lower boundary (-0.05 Hz),train,5000.0,60.0,0.1624,True,0.8985,0.5891,0.834732,1.41696,0.0601,0.0,60.0,59.9492,51.52,0.832974,0.000716,0.000419,0.000399,0.000245,0.000234,0.000124,3.9e-05,0.000153,8e-05,7.4e-05,0.00086,0.000503,0.000479,0.000294,0.000149,0.000184,8.9e-05,1e-06,60.01,3.83,0.0006,9e-06,60.0
norm_0766,Normal,3,sim_22,sim_22,22,Frequency Lower Bound (59.95 Hz),IEEE / NERC standard,NERC standard governor deadband lower boundary (-0.05 Hz),train,5000.0,60.0,0.1658,True,0.974,0.589057,0.836235,1.419616,0.0447,0.0,60.0,59.9501,51.48,0.832914,0.000524,0.000223,0.000125,0.00028,5.1e-05,0.000103,0.00013,0.000159,0.000167,9.1e-05,0.000629,0.000268,0.00015,0.000336,0.000124,0.000191,0.000109,1e-06,60.01,3.77,0.0006,7e-06,60.0
norm_0767,Normal,3,sim_22,sim_22,22,Frequency Lower Bound (59.95 Hz),IEEE / NERC standard,NERC standard governor deadband lower boundary (-0.05 Hz),train,5000.0,60.0,0.1692,True,0.9033,0.589392,0.835745,1.417977,0.0837,0.0,60.0,59.9476,51.13,0.833387,0.000924,0.000558,0.000394,0.000342,0.000114,0.000241,0.00016,0.000151,0.000126,0.000135,0.001109,0.00067,0.000473,0.00041,0.000289,0.000181,0.000162,2e-06,60.01,4.28,0.0006,1.2e-05,60.0
norm_0768,Normal,3,sim_22,sim_22,22,Frequency Lower Bound (59.95 Hz),IEEE / NERC standard,NERC standard governor deadband lower boundary (-0.05 Hz),train,5000.0,60.0,0.1726,True,0.9534,0.588932,0.835438,1.418566,0.0304,0.0,60.0,59.9479,51.09,0.832736,0.00035,0.00024,0.000159,7.5e-05,7.7e-05,3.4e-05,3.2e-05,5.8e-05,0.000104,8.2e-05,0.00042,0.000288,0.000191,9e-05,4.1e-05,7e-05,9.8e-05,0.0,60.01,3.65,0.0006,5e-06,60.0
norm_0769,Normal,3,sim_22,sim_22,22,Frequency Lower Bound (59.95 Hz),IEEE / NERC standard,NERC standard governor deadband lower boundary (-0.05 Hz),train,5000.0,60.0,0.176,True,0.9473,0.589347,0.83622,1.418894,0.0723,0.0,60.0,59.9532,50.8,0.833322,0.000969,0.000441,0.000345,0.000366,0.000213,0.000187,0.000231,0.00012,0.000221,0.000183,0.001163,0.000529,0.000414,0.000439,0.000224,0.000144,0.00022,2e-06,60.01,4.1,0.0006,1.1e-05,60.0
norm_0770,Normal,3,sim_23,sim_23,23,Frequency Upper Bound (60.05 Hz),IEEE / NERC standard,NERC standard governor deadband upper boundary (+0.05 Hz),test,5000.0,60.0,0.06,True,0.9642,0.58921,0.836335,1.419418,0.0667,0.0,60.0,60.0498,51.57,0.833129,0.001054,0.000467,0.000446,0.000229,0.000206,0.000196,0.000163,0.000121,0.000161,3.7e-05,0.001265,0.000561,0.000535,0.000275,0.000235,0.000145,4.4e-05,2e-06,60.01,4.3,0.0006,1.2e-05,60.0
norm_0771,Normal,3,sim_23,sim_23,23,Frequency Upper Bound (60.05 Hz),IEEE / NERC standard,NERC standard governor deadband upper boundary (+0.05 Hz),test,5000.0,60.0,0.0634,True,0.9444,0.58968,0.835449,1.416784,0.0279,0.0,60.0,60.0501,51.62,0.833793,0.000542,0.000167,0.000172,4.7e-05,7.2e-05,0.000155,5.2e-05,0.000126,7e-06,0.00014,0.00065,0.0002,0.000206,5.6e-05,0.000186,0.000151,0.000168,0.0,60.01,3.55,0.0006,6e-06,60.0
norm_0772,Normal,3,sim_23,sim_23,23,Frequency Upper Bound (60.05 Hz),IEEE / NERC standard,NERC standard governor deadband upper boundary (+0.05 Hz),test,5000.0,60.0,0.0668,True,0.9141,0.589372,0.836208,1.418811,0.074,0.0,60.0,60.0529,50.81,0.833359,0.00079,0.000452,0.000282,0.000251,0.000215,0.000336,0.00014,0.000179,0.000308,5e-05,0.000948,0.000542,0.000338,0.000301,0.000403,0.000215,6e-05,1e-06,60.01,3.99,0.0006,1.1e-05,60.0
norm_0773,Normal,3,sim_23,sim_23,23,Frequency Upper Bound (60.05 Hz),IEEE / NERC standard,NERC standard governor deadband upper boundary (+0.05 Hz),test,5000.0,60.0,0.0702,True,0.9677,0.589515,0.836153,1.418374,0.0589,0.0,60.0,60.0461,50.54,0.833561,0.000795,0.000367,0.000236,0.000264,0.000148,0.000193,0.000187,0.000137,0.000125,0.000126,0.000954,0.00044,0.000283,0.000317,0.000232,0.000164,0.000151,1e-06,60.01,3.9,0.0006,9e-06,60.0
norm_0774,Normal,3,sim_23,sim_23,23,Frequency Upper Bound (60.05 Hz),IEEE / NERC standard,NERC standard governor deadband upper boundary (+0.05 Hz),test,5000.0,60.0,0.0736,True,0.8975,0.589652,0.835843,1.417519,0.0557,0.0,60.0,60.0506,51.69,0.833755,0.00049,0.000344,0.000236,0.000135,0.000209,0.000281,7.3e-05,9.5e-05,0.000101,0.000137,0.000588,0.000413,0.000283,0.000162,0.000337,0.000114,0.000164,1e-06,60.01,3.68,0.0006,7e-06,60.0
norm_0775,Normal,3,sim_23,sim_23,23,Frequency Upper Bound (60.05 Hz),IEEE / NERC standard,NERC standard governor deadband upper boundary (+0.05 Hz),test,5000.0,60.0,0.077,True,0.9591,0.589263,0.836857,1.420176,0.079,0.0,60.0,60.0473,51.11,0.833203,0.000909,0.000609,0.000247,0.00022,0.000278,0.000118,0.000168,0.000113,0.000107,0.000188,0.001091,0.000731,0.000296,0.000264,0.000142,0.000136,0.000226,1e-06,60.01,4.12,0.0006,1.1e-05,60.0
norm_0776,Normal,3,sim_23,sim_23,23,Frequency Upper Bound (60.05 Hz),IEEE / NERC standard,NERC standard governor deadband upper boundary (+0.05 Hz),test,5000.0,60.0,0.0804,True,0.9359,0.589733,0.837008,1.419301,0.0403,0.0,60.0,60.0483,51.26,0.833869,0.000567,0.000237,9.8e-05,0.000147,8.5e-05,0.000188,3.8e-05,9.3e-05,0.000147,4.2e-05,0.00068,0.000284,0.000118,0.000176,0.000225,0.000112,5e-05,0.0,60.01,3.6,0.0006,6e-06,60.0
norm_0777,Normal,3,sim_23,sim_23,23,Frequency Upper Bound (60.05 Hz),IEEE / NERC standard,NERC standard governor deadband upper boundary (+0.05 Hz),test,5000.0,60.0,0.0838,True,0.9271,0.589287,0.836109,1.418848,0.0702,0.0,60.0,60.0498,51.89,0.83324,0.000866,0.000487,0.000466,0.000265,0.00021,0.000186,0.000156,0.000208,0.000116,0.000206,0.001039,0.000584,0.000559,0.000318,0.000223,0.00025,0.000247,1e-06,60.01,4.05,0.0006,1.2e-05,60.0
norm_0778,Normal,3,sim_23,sim_23,23,Frequency Upper Bound (60.05 Hz),IEEE / NERC standard,NERC standard governor deadband upper boundary (+0.05 Hz),test,5000.0,60.0,0.0872,True,0.9688,0.589485,0.836332,1.418749,0.0524,0.0,60.0,60.0509,51.58,0.833517,0.000602,0.000344,0.000282,0.00022,8.9e-05,0.000155,5.6e-05,0.000104,4.8e-05,0.000235,0.000722,0.000413,0.000338,0.000264,0.000186,0.000125,0.000282,1e-06,60.01,3.85,0.0006,8e-06,60.0
norm_0779,Normal,3,sim_23,sim_23,23,Frequency Upper Bound (60.05 Hz),IEEE / NERC standard,NERC standard governor deadband upper boundary (+0.05 Hz),test,5000.0,60.0,0.0908,True,0.8981,0.589482,0.836734,1.41944,0.0382,0.0,60.0,60.0495,51.52,0.833512,0.000666,0.000206,0.000317,0.000221,0.000345,0.0001,0.000143,0.000105,0.000124,0.000123,0.000799,0.000247,0.00038,0.000265,0.00012,0.000126,0.000148,1e-06,60.01,3.79,0.0006,8e-06,60.0
norm_0780,Normal,3,sim_23,sim_23,23,Frequency Upper Bound (60.05 Hz),IEEE / NERC standard,NERC standard governor deadband upper boundary (+0.05 Hz),test,5000.0,60.0,0.0942,True,0.976,0.589255,0.836534,1.419646,0.0874,0.0,60.0,60.0495,51.52,0.833193,0.000832,0.000577,0.000331,0.000389,0.000285,0.000214,8.4e-05,0.000272,0.000207,0.000132,0.000999,0.000693,0.000397,0.000467,0.000257,0.000326,0.000158,2e-06,60.01,4.17,0.0006,1.2e-05,60.0
norm_0781,Normal,3,sim_23,sim_23,23,Frequency Upper Bound (60.05 Hz),IEEE / NERC standard,NERC standard governor deadband upper boundary (+0.05 Hz),test,5000.0,60.0,0.0976,True,0.9198,0.589694,0.835652,1.417094,0.0285,0.0,60.0,60.0491,51.47,0.833815,0.00045,0.000188,2.1e-05,2.8e-05,7.2e-05,0.000142,2.9e-05,0.000144,3e-05,9.2e-05,0.00054,0.000225,2.5e-05,3.4e-05,0.00017,0.000173,0.00011,0.0,60.01,3.58,0.0006,6e-06,60.0
norm_0782,Normal,3,sim_23,sim_23,23,Frequency Upper Bound (60.05 Hz),IEEE / NERC standard,NERC standard governor deadband upper boundary (+0.05 Hz),test,5000.0,60.0,0.101,True,0.9389,0.58919,0.835885,1.4187,0.0642,0.0,60.0,60.0516,51.72,0.8331,0.000908,0.000437,0.000347,0.000281,0.000182,0.000128,8.1e-05,0.000197,0.000148,7.4e-05,0.00109,0.000525,0.000417,0.000337,0.000154,0.000236,8.9e-05,1e-06,60.01,4.17,0.0006,1.2e-05,60.0
norm_0783,Normal,3,sim_23,sim_23,23,Frequency Upper Bound (60.05 Hz),IEEE / NERC standard,NERC standard governor deadband upper boundary (+0.05 Hz),test,5000.0,60.0,0.1044,True,0.9589,0.589608,0.836726,1.419122,0.0445,0.0,60.0,60.0487,51.47,0.833695,0.000664,0.00032,0.00012,0.000181,0.000266,4.3e-05,8.1e-05,0.000212,8.7e-05,0.00012,0.000796,0.000384,0.000144,0.000217,5.2e-05,0.000254,0.000144,1e-06,60.01,3.81,0.0006,8e-06,60.0
norm_0784,Normal,3,sim_23,sim_23,23,Frequency Upper Bound (60.05 Hz),IEEE / NERC standard,NERC standard governor deadband upper boundary (+0.05 Hz),test,5000.0,60.0,0.1078,True,0.9009,0.589394,0.837433,1.420838,0.0591,0.0,60.0,60.0516,51.21,0.83339,0.000683,0.00039,0.000302,0.000277,0.000229,0.000114,0.000113,6.6e-05,0.000227,0.00012,0.00082,0.000468,0.000362,0.000332,0.000137,7.9e-05,0.000144,1e-06,60.01,3.96,0.0006,1e-05,60.0
norm_0785,Normal,3,sim_23,sim_23,23,Frequency Upper Bound (60.05 Hz),IEEE / NERC standard,NERC standard governor deadband upper boundary (+0.05 Hz),test,5000.0,60.0,0.1112,True,0.9776,0.589371,0.837296,1.420661,0.0812,0.0,60.0,60.0462,50.54,0.833356,0.000755,0.000552,0.000452,0.000259,0.000253,0.000295,0.000302,0.000223,0.000174,3e-05,0.000906,0.000662,0.000542,0.000311,0.000354,0.000268,3.6e-05,1e-06,60.01,4.06,0.0006,1.1e-05,60.0
norm_0786,Normal,3,sim_23,sim_23,23,Frequency Upper Bound (60.05 Hz),IEEE / NERC standard,NERC standard governor deadband upper boundary (+0.05 Hz),test,5000.0,60.0,0.1146,True,0.9048,0.589705,0.836169,1.417944,0.0329,0.0,60.0,60.0513,51.59,0.833831,0.000399,0.000204,0.000109,0.000161,9.5e-05,8.8e-05,5.3e-05,9.5e-05,9e-05,5.4e-05,0.000479,0.000245,0.000131,0.000193,0.000106,0.000114,6.5e-05,0.0,60.01,3.55,0.0006,6e-06,60.0
norm_0787,Normal,3,sim_23,sim_23,23,Frequency Upper Bound (60.05 Hz),IEEE / NERC standard,NERC standard governor deadband upper boundary (+0.05 Hz),test,5000.0,60.0,0.118,True,0.9458,0.58921,0.836114,1.419043,0.0867,0.0,60.0,60.0508,51.58,0.833128,0.000851,0.000596,0.000389,0.000298,0.000268,0.000277,0.000105,0.000199,0.000188,0.000169,0.001021,0.000715,0.000467,0.000358,0.000332,0.000239,0.000203,2e-06,60.01,4.17,0.0006,1.2e-05,60.0
norm_0788,Normal,3,sim_23,sim_23,23,Frequency Upper Bound (60.05 Hz),IEEE / NERC standard,NERC standard governor deadband upper boundary (+0.05 Hz),test,5000.0,60.0,0.1214,True,0.9457,0.589821,0.835887,1.417187,0.0518,0.0,60.0,60.0494,51.41,0.833994,0.000489,0.000394,0.000185,0.000101,0.000115,0.000144,0.000198,4.6e-05,3.2e-05,8.2e-05,0.000586,0.000472,0.000222,0.000121,0.000173,5.5e-05,9.8e-05,1e-06,60.01,3.65,0.0006,7e-06,60.0
norm_0789,Normal,3,sim_23,sim_23,23,Frequency Upper Bound (60.05 Hz),IEEE / NERC standard,NERC standard governor deadband upper boundary (+0.05 Hz),test,5000.0,60.0,0.1248,True,0.9006,0.589374,0.835469,1.417554,0.0713,0.0,60.0,60.0505,51.46,0.833363,0.000761,0.000483,0.000254,0.000264,0.000275,0.000223,0.000201,0.000296,0.000154,0.000146,0.000913,0.00058,0.000305,0.000317,0.000268,0.000355,0.000175,1e-06,60.01,4.07,0.0006,1e-05,60.0
norm_0790,Normal,3,sim_23,sim_23,23,Frequency Upper Bound (60.05 Hz),IEEE / NERC standard,NERC standard governor deadband upper boundary (+0.05 Hz),test,5000.0,60.0,0.1282,True,0.9801,0.589387,0.837017,1.420149,0.0477,0.0,60.0,60.0505,51.58,0.833378,0.000763,0.000357,0.000421,9.3e-05,0.000303,0.000149,0.000105,0.000152,0.000124,7.7e-05,0.000916,0.000428,0.000505,0.000112,0.000179,0.000182,9.2e-05,1e-06,60.01,3.84,0.0006,1e-05,60.0
norm_0791,Normal,3,sim_23,sim_23,23,Frequency Upper Bound (60.05 Hz),IEEE / NERC standard,NERC standard governor deadband upper boundary (+0.05 Hz),test,5000.0,60.0,0.1316,True,0.8973,0.589628,0.836284,1.418325,0.0368,0.0,60.0,60.0504,51.7,0.83372,0.00059,0.000272,0.000162,0.000141,0.000124,2.7e-05,6.3e-05,6e-06,0.000107,0.000176,0.000708,0.000326,0.000194,0.000169,3.2e-05,7e-06,0.000211,1e-06,60.01,3.62,0.0006,6e-06,60.0
norm_0792,Normal,3,sim_23,sim_23,23,Frequency Upper Bound (60.05 Hz),IEEE / NERC standard,NERC standard governor deadband upper boundary (+0.05 Hz),test,5000.0,60.0,0.135,True,0.956,0.589207,0.835887,1.418663,0.08,0.0,60.0,60.0524,51.01,0.833127,0.000899,0.00056,0.00047,0.000303,0.000159,0.000199,0.000282,0.000132,9.6e-05,0.0001,0.001079,0.000672,0.000564,0.000364,0.000239,0.000158,0.00012,2e-06,60.01,3.9,0.0006,1.1e-05,60.0
norm_0793,Normal,3,sim_23,sim_23,23,Frequency Upper Bound (60.05 Hz),IEEE / NERC standard,NERC standard governor deadband upper boundary (+0.05 Hz),test,5000.0,60.0,0.1384,True,0.9425,0.58964,0.836814,1.419193,0.0351,0.0,60.0,60.0486,51.48,0.833737,0.000422,0.000206,0.000191,0.000184,0.000108,9.6e-05,0.000186,8.9e-05,2.8e-05,5.1e-05,0.000506,0.000247,0.000229,0.000221,0.000115,0.000107,6.1e-05,0.0,60.01,3.53,0.0006,6e-06,60.0
norm_0794,Normal,3,sim_23,sim_23,23,Frequency Upper Bound (60.05 Hz),IEEE / NERC standard,NERC standard governor deadband upper boundary (+0.05 Hz),test,5000.0,60.0,0.1418,True,0.9229,0.589407,0.837,1.42007,0.0618,0.0,60.0,60.0519,51.49,0.833408,0.000988,0.000434,0.000442,0.00027,0.000131,6.3e-05,8.7e-05,0.000115,0.000122,0.000118,0.001185,0.000521,0.00053,0.000324,7.6e-05,0.000138,0.000142,2e-06,60.01,3.96,0.0006,1.1e-05,60.0
norm_0795,Normal,3,sim_23,sim_23,23,Frequency Upper Bound (60.05 Hz),IEEE / NERC standard,NERC standard governor deadband upper boundary (+0.05 Hz),test,5000.0,60.0,0.1452,True,0.9759,0.58946,0.83659,1.419249,0.0574,0.0,60.0,60.051,51.54,0.833482,0.000745,0.000341,0.000288,0.000271,0.000139,0.000199,0.000139,8.5e-05,0.000132,0.000131,0.000894,0.000409,0.000346,0.000325,0.000239,0.000102,0.000157,1e-06,60.01,3.95,0.0006,1e-05,60.0
norm_0796,Normal,3,sim_23,sim_23,23,Frequency Upper Bound (60.05 Hz),IEEE / NERC standard,NERC standard governor deadband upper boundary (+0.05 Hz),test,5000.0,60.0,0.1488,True,0.8983,0.58957,0.836413,1.418684,0.0509,0.0,60.0,60.048,51.53,0.833639,0.000683,0.000326,0.000259,0.000247,4.6e-05,0.000111,4.7e-05,0.000127,6.6e-05,0.000112,0.000819,0.000391,0.000311,0.000296,0.000133,0.000152,0.000134,1e-06,60.01,3.59,0.0006,7e-06,60.0
norm_0797,Normal,3,sim_23,sim_23,23,Frequency Upper Bound (60.05 Hz),IEEE / NERC standard,NERC standard governor deadband upper boundary (+0.05 Hz),test,5000.0,60.0,0.1522,True,0.9689,0.589282,0.837017,1.420403,0.0808,0.0,60.0,60.0481,51.34,0.83323,0.000995,0.000604,0.000408,0.000219,0.000242,0.000202,0.000239,0.000154,7.4e-05,0.000254,0.001194,0.000725,0.00049,0.000263,0.000242,0.000185,0.000305,2e-06,60.01,4.2,0.0006,1.2e-05,60.0
norm_0798,Normal,3,sim_23,sim_23,23,Frequency Upper Bound (60.05 Hz),IEEE / NERC standard,NERC standard governor deadband upper boundary (+0.05 Hz),test,5000.0,60.0,0.1556,True,0.9226,0.589657,0.835882,1.417571,0.0329,0.0,60.0,60.0511,51.48,0.833763,0.00048,0.000261,0.000202,5.9e-05,1.5e-05,6.1e-05,7.6e-05,6.9e-05,3.4e-05,9.2e-05,0.000576,0.000313,0.000242,7.1e-05,7.3e-05,8.3e-05,0.00011,0.0,60.01,3.44,0.0006,6e-06,60.0
norm_0799,Normal,3,sim_23,sim_23,23,Frequency Upper Bound (60.05 Hz),IEEE / NERC standard,NERC standard governor deadband upper boundary (+0.05 Hz),test,5000.0,60.0,0.159,True,0.9335,0.589295,0.837637,1.421422,0.0789,0.0,60.0,60.0507,51.57,0.83325,0.000982,0.000568,0.000404,0.000307,0.000179,0.000127,0.000212,6.4e-05,0.000142,0.000174,0.001179,0.000682,0.000485,0.000368,0.000152,7.7e-05,0.000209,2e-06,60.01,4.2,0.0006,1.1e-05,60.0
norm_0800,Normal,3,sim_23,sim_23,23,Frequency Upper Bound (60.05 Hz),IEEE / NERC standard,NERC standard governor deadband upper boundary (+0.05 Hz),test,5000.0,60.0,0.1624,True,0.9656,0.589567,0.836845,1.419422,0.05,0.0,60.0,60.0501,51.55,0.833633,0.000655,0.000326,0.000142,0.000232,0.000247,0.000118,0.000228,0.000208,0.000128,0.000166,0.000786,0.000391,0.00017,0.000278,0.000142,0.00025,0.000199,1e-06,60.01,3.82,0.0006,8e-06,60.0
norm_0801,Normal,3,sim_23,sim_23,23,Frequency Upper Bound (60.05 Hz),IEEE / NERC standard,NERC standard governor deadband upper boundary (+0.05 Hz),test,5000.0,60.0,0.1658,True,0.8979,0.589555,0.836015,1.418044,0.0475,0.0,60.0,60.05,51.67,0.833618,0.000705,0.000307,0.000272,0.000174,0.000183,0.000179,0.000113,0.000118,0.000144,0.000155,0.000846,0.000368,0.000326,0.000209,0.000215,0.000142,0.000186,1e-06,60.01,3.78,0.0006,9e-06,60.0
norm_0802,Normal,3,sim_23,sim_23,23,Frequency Upper Bound (60.05 Hz),IEEE / NERC standard,NERC standard governor deadband upper boundary (+0.05 Hz),test,5000.0,60.0,0.1692,True,0.9714,0.589342,0.835666,1.417964,0.0837,0.0,60.0,60.0506,51.84,0.833316,0.000927,0.000537,0.000313,0.000377,0.000283,0.000237,0.000232,0.000257,0.000175,7.7e-05,0.001112,0.000644,0.000376,0.000452,0.000284,0.000308,9.2e-05,2e-06,60.01,4.02,0.0006,1.1e-05,60.0
norm_0803,Normal,3,sim_23,sim_23,23,Frequency Upper Bound (60.05 Hz),IEEE / NERC standard,NERC standard governor deadband upper boundary (+0.05 Hz),test,5000.0,60.0,0.1726,True,0.9115,0.589713,0.837145,1.419579,0.0369,0.0,60.0,60.0493,51.42,0.833842,0.000528,0.000269,0.000265,0.000133,0.000121,6.6e-05,0.000172,0.000131,1e-05,8e-05,0.000633,0.000323,0.000318,0.00016,7.9e-05,0.000157,9.6e-05,1e-06,60.01,3.53,0.0006,6e-06,60.0
norm_0804,Normal,3,sim_23,sim_23,23,Frequency Upper Bound (60.05 Hz),IEEE / NERC standard,NERC standard governor deadband upper boundary (+0.05 Hz),test,5000.0,60.0,0.176,True,0.9466,0.589263,0.836111,1.41891,0.0777,0.0,60.0,60.052,51.2,0.833202,0.000965,0.000488,0.000387,0.000331,0.000393,0.000267,0.000204,0.000161,0.000163,0.000176,0.001158,0.000586,0.000464,0.000397,0.00032,0.000193,0.000211,2e-06,60.02,4.24,0.0006,1.3e-05,60.0
norm_0805,Normal,3,sim_24,sim_24,24,Frequency Excursion -0.03 Hz,IEEE / NERC standard,Normal continuous grid frequency regulation excursion (-0.03 Hz),val,5000.0,60.0,0.06,True,0.9234,0.589407,0.835956,1.4183,0.0554,0.0,60.0,59.9712,51.64,0.833496,0.000677,0.000363,0.000275,0.00026,0.000216,0.000118,0.000151,0.000202,2.1e-05,4.6e-05,0.000812,0.000436,0.00033,0.000312,0.000142,0.000242,5.5e-05,1e-06,60.01,3.76,0.0003,7e-06,60.0
norm_0806,Normal,3,sim_24,sim_24,24,Frequency Excursion -0.03 Hz,IEEE / NERC standard,Normal continuous grid frequency regulation excursion (-0.03 Hz),val,5000.0,60.0,0.0634,True,0.9348,0.589117,0.836712,1.420282,0.0253,0.0,60.0,59.9697,52.09,0.833085,0.000361,0.000156,8.7e-05,0.000135,0.000103,4.5e-05,0.000107,2.6e-05,5.5e-05,0.000106,0.000433,0.000187,0.000104,0.000162,5.4e-05,3.1e-05,0.000127,0.0,60.01,3.44,0.0003,5e-06,60.0
norm_0807,Normal,3,sim_24,sim_24,24,Frequency Excursion -0.03 Hz,IEEE / NERC standard,Normal continuous grid frequency regulation excursion (-0.03 Hz),val,5000.0,60.0,0.0668,True,0.9564,0.589284,0.835356,1.417578,0.0407,0.0,60.0,59.9685,52.01,0.83332,0.000444,0.000249,0.000177,0.000123,0.00016,0.000195,0.000123,5.5e-05,0.000142,3.8e-05,0.000533,0.000299,0.000212,0.000148,0.000234,6.6e-05,4.6e-05,0.0,60.01,3.54,0.0003,7e-06,60.0
norm_0808,Normal,3,sim_24,sim_24,24,Frequency Excursion -0.03 Hz,IEEE / NERC standard,Normal continuous grid frequency regulation excursion (-0.03 Hz),val,5000.0,60.0,0.0702,True,0.9105,0.589229,0.835796,1.418457,0.0376,0.0,60.0,59.9675,51.04,0.833246,0.000543,0.000258,8.2e-05,5.9e-05,7.7e-05,0.000168,0.000151,0.00019,8.9e-05,4.8e-05,0.000652,0.00031,9.8e-05,7.1e-05,0.000202,0.000228,5.8e-05,0.0,60.01,3.64,0.0002,7e-06,60.0
norm_0809,Normal,3,sim_24,sim_24,24,Frequency Excursion -0.03 Hz,IEEE / NERC standard,Normal continuous grid frequency regulation excursion (-0.03 Hz),val,5000.0,60.0,0.0736,True,0.9621,0.589145,0.83611,1.419192,0.0351,0.0,60.0,59.9713,51.47,0.833125,0.000271,0.000195,4.3e-05,0.000179,5.9e-05,0.000125,9.7e-05,2.8e-05,7.2e-05,2.5e-05,0.000325,0.000234,5.2e-05,0.000215,0.00015,3.4e-05,3e-05,0.0,60.01,3.6,0.0003,6e-06,60.0
norm_0810,Normal,3,sim_24,sim_24,24,Frequency Excursion -0.03 Hz,IEEE / NERC standard,Normal continuous grid frequency regulation excursion (-0.03 Hz),val,5000.0,60.0,0.077,True,0.9217,0.589355,0.835178,1.417106,0.0384,0.0,60.0,59.9709,51.7,0.833421,0.000629,0.000256,0.000238,0.000172,0.000267,8.5e-05,7.9e-05,6.9e-05,7.6e-05,0.00019,0.000755,0.000307,0.000286,0.000206,0.000102,8.3e-05,0.000228,1e-06,60.01,3.73,0.0003,8e-06,60.0
norm_0811,Normal,3,sim_24,sim_24,24,Frequency Excursion -0.03 Hz,IEEE / NERC standard,Normal continuous grid frequency regulation excursion (-0.03 Hz),val,5000.0,60.0,0.0804,True,0.939,0.589129,0.836833,1.420459,0.0221,0.0,60.0,59.971,51.65,0.833102,0.000327,6e-05,6e-05,0.000104,7.5e-05,0.00014,9.6e-05,0.000111,9.4e-05,4.7e-05,0.000393,7.2e-05,7.2e-05,0.000125,0.000168,0.000133,5.6e-05,0.0,60.01,3.59,0.0002,5e-06,60.0
norm_0812,Normal,3,sim_24,sim_24,24,Frequency Excursion -0.03 Hz,IEEE / NERC standard,Normal continuous grid frequency regulation excursion (-0.03 Hz),val,5000.0,60.0,0.0838,True,0.9471,0.589359,0.835609,1.417826,0.0444,0.0,60.0,59.9698,51.7,0.833428,0.000477,0.000278,0.000154,0.0002,0.000159,0.000139,2e-05,9.6e-05,0.000145,9.8e-05,0.000572,0.000334,0.000185,0.00024,0.000167,0.000115,0.000118,0.0,60.01,3.67,0.0003,7e-06,60.0
norm_0813,Normal,3,sim_24,sim_24,24,Frequency Excursion -0.03 Hz,IEEE / NERC standard,Normal continuous grid frequency regulation excursion (-0.03 Hz),val,5000.0,60.0,0.0872,True,0.9225,0.589311,0.834902,1.416742,0.0349,0.0,60.0,59.9715,52.14,0.83336,0.00047,0.000214,0.00015,0.000124,0.000264,0.000153,0.000167,5.6e-05,3.8e-05,6.5e-05,0.000564,0.000257,0.00018,0.000149,0.000184,6.7e-05,7.8e-05,0.0,60.01,3.38,0.0003,6e-06,60.0
norm_0814,Normal,3,sim_24,sim_24,24,Frequency Excursion -0.03 Hz,IEEE / NERC standard,Normal continuous grid frequency regulation excursion (-0.03 Hz),val,5000.0,60.0,0.0908,True,0.9738,0.589206,0.836848,1.420298,0.0335,0.0,60.0,59.9687,51.75,0.833212,0.00038,0.00025,0.000169,0.0001,0.000145,7.4e-05,7.5e-05,0.000178,3.1e-05,0.000132,0.000456,0.0003,0.000203,0.00012,8.9e-05,0.000214,0.000158,0.0,60.01,3.59,0.0003,6e-06,60.0
norm_0815,Normal,3,sim_24,sim_24,24,Frequency Excursion -0.03 Hz,IEEE / NERC standard,Normal continuous grid frequency regulation excursion (-0.03 Hz),val,5000.0,60.0,0.0942,True,0.9185,0.589402,0.8361,1.418555,0.0399,0.0,60.0,59.9692,52.03,0.833489,0.000592,0.000223,0.000216,0.000238,0.000152,6.8e-05,0.000147,0.000227,0.000141,0.000117,0.00071,0.000268,0.000259,0.000286,8.2e-05,0.000272,0.00014,1e-06,60.01,3.67,0.0003,7e-06,60.0
norm_0816,Normal,3,sim_24,sim_24,24,Frequency Excursion -0.03 Hz,IEEE / NERC standard,Normal continuous grid frequency regulation excursion (-0.03 Hz),val,5000.0,60.0,0.0976,True,0.9416,0.589103,0.835447,1.418168,0.0253,0.0,60.0,59.9672,51.07,0.833066,0.000317,0.000142,0.000121,0.000142,0.000151,6.4e-05,6.2e-05,9.9e-05,3.1e-05,9.4e-05,0.000381,0.00017,0.000145,0.00017,7.7e-05,0.000119,0.000113,0.0,60.01,3.7,0.0003,5e-06,60.0
norm_0817,Normal,3,sim_24,sim_24,24,Frequency Excursion -0.03 Hz,IEEE / NERC standard,Normal continuous grid frequency regulation excursion (-0.03 Hz),val,5000.0,60.0,0.101,True,0.9389,0.5894,0.836372,1.419023,0.0477,0.0,60.0,59.9728,51.06,0.833486,0.000503,0.000359,0.000152,0.000145,0.000204,9.1e-05,0.000165,0.000165,0.000138,0.000154,0.000603,0.000431,0.000182,0.000174,0.000109,0.000198,0.000185,1e-06,60.01,3.8,0.0003,7e-06,60.0
norm_0818,Normal,3,sim_24,sim_24,24,Frequency Excursion -0.03 Hz,IEEE / NERC standard,Normal continuous grid frequency regulation excursion (-0.03 Hz),val,5000.0,60.0,0.1044,True,0.9197,0.589135,0.835426,1.418054,0.0289,0.0,60.0,59.9685,51.4,0.83311,0.000405,0.000131,0.000197,0.000151,5.9e-05,0.000133,0.000107,0.000139,0.000118,0.000106,0.000486,0.000157,0.000236,0.000181,0.00016,0.000167,0.000127,0.0,60.01,3.66,0.0003,7e-06,60.0
norm_0819,Normal,3,sim_24,sim_24,24,Frequency Excursion -0.03 Hz,IEEE / NERC standard,Normal continuous grid frequency regulation excursion (-0.03 Hz),val,5000.0,60.0,0.1078,True,0.9589,0.589174,0.836838,1.420358,0.0292,0.0,60.0,59.9693,51.5,0.833166,0.00038,0.000178,0.000105,9.9e-05,0.000148,0.000134,5.1e-05,0.000193,9.6e-05,7.8e-05,0.000456,0.000214,0.000126,0.000119,0.000161,0.000232,9.4e-05,0.0,60.01,3.87,0.0003,7e-06,60.0
norm_0820,Normal,3,sim_24,sim_24,24,Frequency Excursion -0.03 Hz,IEEE / NERC standard,Normal continuous grid frequency regulation excursion (-0.03 Hz),val,5000.0,60.0,0.1112,True,0.9119,0.58933,0.83705,1.420341,0.0396,0.0,60.0,59.9695,52.06,0.833386,0.000621,0.000285,0.000227,0.0001,0.000182,0.000133,6.8e-05,0.000125,0.000129,0.000152,0.000745,0.000342,0.000272,0.00012,0.00016,0.00015,0.000182,1e-06,60.01,3.8,0.0003,8e-06,60.0
norm_0821,Normal,3,sim_24,sim_24,24,Frequency Excursion -0.03 Hz,IEEE / NERC standard,Normal continuous grid frequency regulation excursion (-0.03 Hz),val,5000.0,60.0,0.1146,True,0.9617,0.589078,0.836181,1.419475,0.0214,0.0,60.0,59.9707,52.12,0.83303,0.00029,0.000109,0.00017,0.000132,0.000123,5.2e-05,0.000202,6.9e-05,6.5e-05,5.3e-05,0.000348,0.000131,0.000204,0.000158,6.2e-05,8.3e-05,6.4e-05,0.0,60.01,3.46,0.0002,5e-06,60.0
norm_0822,Normal,3,sim_24,sim_24,24,Frequency Excursion -0.03 Hz,IEEE / NERC standard,Normal continuous grid frequency regulation excursion (-0.03 Hz),val,5000.0,60.0,0.118,True,0.9388,0.589341,0.835532,1.417739,0.0518,0.0,60.0,59.9686,51.64,0.833403,0.000545,0.000307,0.000205,0.000223,0.000204,0.000206,0.000144,5.8e-05,9e-05,0.000101,0.000654,0.000368,0.000246,0.000268,0.000247,7e-05,0.000121,1e-06,60.01,3.83,0.0003,8e-06,60.0
norm_0823,Normal,3,sim_24,sim_24,24,Frequency Excursion -0.03 Hz,IEEE / NERC standard,Normal continuous grid frequency regulation excursion (-0.03 Hz),val,5000.0,60.0,0.1214,True,0.9222,0.589138,0.83472,1.416849,0.0297,0.0,60.0,59.972,51.44,0.833116,0.000394,6.9e-05,0.000174,0.000232,8.3e-05,5.3e-05,0.000101,7.6e-05,9e-05,0.000228,0.000473,8.3e-05,0.000209,0.000278,6.4e-05,9.1e-05,0.000274,0.0,60.01,3.53,0.0003,6e-06,60.0
norm_0824,Normal,3,sim_24,sim_24,24,Frequency Excursion -0.03 Hz,IEEE / NERC standard,Normal continuous grid frequency regulation excursion (-0.03 Hz),val,5000.0,60.0,0.1248,True,0.959,0.589241,0.83606,1.418878,0.0538,0.0,60.0,59.9701,52.07,0.83326,0.000511,0.00033,0.00016,0.000186,0.000126,0.000239,6.4e-05,0.000111,0.000119,6.5e-05,0.000613,0.000396,0.000192,0.000223,0.000287,0.000133,7.8e-05,1e-06,60.01,3.59,0.0003,6e-06,60.0
norm_0825,Normal,3,sim_24,sim_24,24,Frequency Excursion -0.03 Hz,IEEE / NERC standard,Normal continuous grid frequency regulation excursion (-0.03 Hz),val,5000.0,60.0,0.1282,True,0.9148,0.589307,0.837477,1.421122,0.0444,0.0,60.0,59.9676,51.5,0.833353,0.000444,0.000242,0.000211,0.000244,0.000188,0.000138,0.000213,5.3e-05,0.0001,0.000119,0.000533,0.00029,0.000253,0.000293,0.000166,6.4e-05,0.000143,0.0,60.01,3.66,0.0003,7e-06,60.0
norm_0826,Normal,3,sim_24,sim_24,24,Frequency Excursion -0.03 Hz,IEEE / NERC standard,Normal continuous grid frequency regulation excursion (-0.03 Hz),val,5000.0,60.0,0.1316,True,0.9512,0.589173,0.83587,1.418716,0.0307,0.0,60.0,59.9648,50.05,0.833164,0.000272,0.000198,0.000202,9.4e-05,4.7e-05,0.000133,8.4e-05,0.000157,0.000143,7.9e-05,0.000326,0.000238,0.000242,0.000113,0.00016,0.000188,9.5e-05,0.0,60.01,3.47,0.0003,5e-06,60.0
norm_0827,Normal,3,sim_24,sim_24,24,Frequency Excursion -0.03 Hz,IEEE / NERC standard,Normal continuous grid frequency regulation excursion (-0.03 Hz),val,5000.0,60.0,0.135,True,0.9284,0.589357,0.835981,1.418463,0.0545,0.0,60.0,59.9703,52.15,0.833424,0.000566,0.000342,0.000228,0.000258,0.000178,0.000151,8.2e-05,8.1e-05,0.000131,0.000346,0.000679,0.00041,0.000274,0.00031,0.000181,9.7e-05,0.000415,1e-06,60.01,3.63,0.0003,7e-06,60.0
norm_0828,Normal,3,sim_24,sim_24,24,Frequency Excursion -0.03 Hz,IEEE / NERC standard,Normal continuous grid frequency regulation excursion (-0.03 Hz),val,5000.0,60.0,0.1384,True,0.9344,0.589097,0.835672,1.418564,0.018,0.0,60.0,59.9706,52.07,0.833056,0.000222,9.2e-05,0.000103,0.000113,0.000118,3.4e-05,7.5e-05,8.7e-05,0.00013,7.8e-05,0.000266,0.00011,0.000124,0.000136,4.1e-05,0.000104,9.4e-05,0.0,60.01,3.37,0.0003,5e-06,60.0
norm_0829,Normal,3,sim_24,sim_24,24,Frequency Excursion -0.03 Hz,IEEE / NERC standard,Normal continuous grid frequency regulation excursion (-0.03 Hz),val,5000.0,60.0,0.1418,True,0.9524,0.589239,0.835901,1.418611,0.0406,0.0,60.0,59.9697,52.05,0.833257,0.000371,0.00018,0.000167,0.000257,0.000131,0.000127,0.00016,0.000172,0.00013,0.00014,0.000445,0.000216,0.0002,0.000308,0.000152,0.000206,0.000168,0.0,60.01,3.52,0.0003,7e-06,60.0
norm_0830,Normal,3,sim_24,sim_24,24,Frequency Excursion -0.03 Hz,IEEE / NERC standard,Normal continuous grid frequency regulation excursion (-0.03 Hz),val,5000.0,60.0,0.1452,True,0.92,0.589245,0.836161,1.419037,0.0494,0.0,60.0,59.9686,51.81,0.833267,0.000426,0.00032,0.000185,0.000168,8.5e-05,0.000195,0.00014,4.2e-05,0.000103,0.000115,0.000511,0.000384,0.000222,0.000202,0.000234,5e-05,0.000138,0.0,60.01,3.72,0.0003,7e-06,60.0
norm_0831,Normal,3,sim_24,sim_24,24,Frequency Excursion -0.03 Hz,IEEE / NERC standard,Normal continuous grid frequency regulation excursion (-0.03 Hz),val,5000.0,60.0,0.1488,True,0.9651,0.589105,0.836659,1.420219,0.033,0.0,60.0,59.9712,51.58,0.833069,0.000506,0.000231,0.000139,0.000129,0.000115,7.3e-05,0.000203,0.000111,0.00015,6.5e-05,0.000607,0.000277,0.000167,0.000155,8.8e-05,0.000133,7.8e-05,0.0,60.01,3.59,0.0003,5e-06,60.0
norm_0832,Normal,3,sim_24,sim_24,24,Frequency Excursion -0.03 Hz,IEEE / NERC standard,Normal continuous grid frequency regulation excursion (-0.03 Hz),val,5000.0,60.0,0.1522,True,0.9187,0.589468,0.836633,1.419301,0.0522,0.0,60.0,59.9686,51.89,0.833583,0.000474,0.000337,0.000272,0.000138,0.000211,0.000239,0.000146,0.0001,0.000192,0.000128,0.000569,0.000404,0.000326,0.000166,0.000287,0.00012,0.000154,1e-06,60.01,3.76,0.0003,8e-06,60.0
norm_0833,Normal,3,sim_24,sim_24,24,Frequency Excursion -0.03 Hz,IEEE / NERC standard,Normal continuous grid frequency regulation excursion (-0.03 Hz),val,5000.0,60.0,0.1556,True,0.9462,0.589084,0.835446,1.418214,0.0203,0.0,60.0,59.9687,51.27,0.833039,0.00036,0.000141,0.000178,8.6e-05,0.000112,3.8e-05,5.4e-05,2.2e-05,0.000122,0.000101,0.000432,0.000169,0.000214,0.000103,4.6e-05,2.6e-05,0.000121,0.0,60.01,3.77,0.0002,5e-06,60.0
norm_0834,Normal,3,sim_24,sim_24,24,Frequency Excursion -0.03 Hz,IEEE / NERC standard,Normal continuous grid frequency regulation excursion (-0.03 Hz),val,5000.0,60.0,0.159,True,0.9453,0.589306,0.836657,1.419731,0.0381,0.0,60.0,59.9716,51.76,0.833353,0.000555,0.000288,0.000208,0.000119,0.000234,6.3e-05,8.7e-05,6.2e-05,5e-05,0.000182,0.000666,0.000346,0.00025,0.000143,7.6e-05,7.4e-05,0.000218,1e-06,60.01,3.58,0.0003,7e-06,60.0
norm_0835,Normal,3,sim_24,sim_24,24,Frequency Excursion -0.03 Hz,IEEE / NERC standard,Normal continuous grid frequency regulation excursion (-0.03 Hz),val,5000.0,60.0,0.1624,True,0.9203,0.589167,0.835779,1.418577,0.0352,0.0,60.0,59.9746,50.27,0.833156,0.000434,0.000255,0.000224,9.9e-05,7e-05,0.000106,0.000141,0.000133,0.000101,0.00013,0.000521,0.000306,0.000269,0.000119,0.000127,0.00016,0.000156,0.0,60.01,3.69,0.0003,6e-06,60.0
norm_0836,Normal,3,sim_24,sim_24,24,Frequency Excursion -0.03 Hz,IEEE / NERC standard,Normal continuous grid frequency regulation excursion (-0.03 Hz),val,5000.0,60.0,0.1658,True,0.9678,0.589188,0.836595,1.419912,0.0292,0.0,60.0,59.9718,51.71,0.833186,0.000252,0.000211,9.9e-05,9.5e-05,6.6e-05,7.7e-05,7.6e-05,3.9e-05,0.00011,4.9e-05,0.000302,0.000253,0.000119,0.000114,9.2e-05,4.7e-05,5.9e-05,0.0,60.01,3.55,0.0002,6e-06,60.0
norm_0837,Normal,3,sim_24,sim_24,24,Frequency Excursion -0.03 Hz,IEEE / NERC standard,Normal continuous grid frequency regulation excursion (-0.03 Hz),val,5000.0,60.0,0.1692,True,0.9098,0.58946,0.83627,1.418705,0.0336,0.0,60.0,59.9704,52.03,0.833569,0.000597,0.000123,0.000201,0.00014,0.000202,0.000209,5.7e-05,0.000141,9.4e-05,0.000124,0.000716,0.000148,0.000241,0.000168,0.000251,0.000169,0.000149,1e-06,60.01,3.8,0.0003,7e-06,60.0
norm_0838,Normal,3,sim_24,sim_24,24,Frequency Excursion -0.03 Hz,IEEE / NERC standard,Normal continuous grid frequency regulation excursion (-0.03 Hz),val,5000.0,60.0,0.1726,True,0.9468,0.589075,0.835372,1.418109,0.0094,0.0,60.0,59.9707,51.98,0.833025,0.000324,7.5e-05,2.4e-05,1.4e-05,2.2e-05,1.9e-05,0.000143,0.000142,3e-05,4.2e-05,0.000389,9e-05,2.9e-05,1.7e-05,2.3e-05,0.00017,5e-05,0.0,60.01,3.42,0.0003,5e-06,60.0
norm_0839,Normal,3,sim_24,sim_24,24,Frequency Excursion -0.03 Hz,IEEE / NERC standard,Normal continuous grid frequency regulation excursion (-0.03 Hz),val,5000.0,60.0,0.176,True,0.9342,0.589391,0.835655,1.417827,0.0525,0.0,60.0,59.9681,51.44,0.833472,0.000569,0.000393,0.000237,0.000183,0.000272,5.9e-05,0.000137,0.000105,0.000132,9.9e-05,0.000683,0.000472,0.000284,0.00022,7.1e-05,0.000126,0.000119,1e-06,60.01,3.8,0.0003,8e-06,60.0
norm_0840,Normal,3,sim_25,sim_25,25,Frequency Excursion +0.03 Hz,IEEE / NERC standard,Normal continuous grid frequency regulation excursion (+0.03 Hz),train,5000.0,60.0,0.06,True,0.9585,0.589263,0.836442,1.419471,0.0503,0.0,60.0,60.0292,51.8,0.833292,0.000498,0.000342,0.000155,0.000163,0.00027,0.00018,9.5e-05,2e-05,5.2e-05,9.1e-05,0.000598,0.00041,0.000186,0.000196,0.000216,2.4e-05,0.000109,1e-06,60.01,3.81,0.0003,7e-06,60.0
norm_0841,Normal,3,sim_25,sim_25,25,Frequency Excursion +0.03 Hz,IEEE / NERC standard,Normal continuous grid frequency regulation excursion (+0.03 Hz),train,5000.0,60.0,0.0634,True,0.9443,0.589555,0.83674,1.419274,0.0296,0.0,60.0,60.0315,51.47,0.833704,0.000239,0.000156,0.000124,0.000167,0.000109,9.4e-05,9.8e-05,0.000134,5.1e-05,0.000121,0.000287,0.000187,0.000149,0.0002,0.000113,0.000161,0.000145,0.0,60.01,3.52,0.0003,6e-06,60.0
norm_0842,Normal,3,sim_25,sim_25,25,Frequency Excursion +0.03 Hz,IEEE / NERC standard,Normal continuous grid frequency regulation excursion (+0.03 Hz),train,5000.0,60.0,0.0668,True,0.9262,0.589295,0.835617,1.417993,0.0364,0.0,60.0,60.0312,51.46,0.833337,0.000678,0.000228,0.000264,0.000189,0.000139,6.2e-05,0.000157,0.00014,3.6e-05,0.000114,0.000814,0.000274,0.000317,0.000227,7.4e-05,0.000168,0.000137,1e-06,60.01,3.9,0.0003,8e-06,60.0
norm_0843,Normal,3,sim_25,sim_25,25,Frequency Excursion +0.03 Hz,IEEE / NERC standard,Normal continuous grid frequency regulation excursion (+0.03 Hz),train,5000.0,60.0,0.0702,True,0.9545,0.589393,0.836164,1.418687,0.0428,0.0,60.0,60.032,51.66,0.833475,0.00047,0.000192,0.000156,0.000233,0.000138,0.000191,0.000111,0.000223,4.1e-05,4.9e-05,0.000564,0.00023,0.000187,0.00028,0.000229,0.000268,5.9e-05,0.0,60.01,3.65,0.0003,7e-06,60.0
norm_0844,Normal,3,sim_25,sim_25,25,Frequency Excursion +0.03 Hz,IEEE / NERC standard,Normal continuous grid frequency regulation excursion (+0.03 Hz),train,5000.0,60.0,0.0736,True,0.9166,0.589614,0.837385,1.420226,0.0244,0.0,60.0,60.031,51.66,0.833788,0.000349,9.3e-05,7.2e-05,0.00013,0.000193,0.000126,4.8e-05,3.7e-05,8.6e-05,3.2e-05,0.000419,0.000112,8.6e-05,0.000156,0.000151,4.4e-05,3.8e-05,0.0,60.01,3.6,0.0003,6e-06,60.0
norm_0845,Normal,3,sim_25,sim_25,25,Frequency Excursion +0.03 Hz,IEEE / NERC standard,Normal continuous grid frequency regulation excursion (+0.03 Hz),train,5000.0,60.0,0.077,True,0.9558,0.589229,0.836445,1.419558,0.0381,0.0,60.0,60.0288,52.26,0.833246,0.000604,0.000271,0.000222,0.00016,0.000211,4.2e-05,0.000121,0.000101,9.9e-05,0.000101,0.000725,0.000325,0.000266,0.000192,5e-05,0.000121,0.000121,1e-06,60.01,3.45,0.0002,7e-06,60.0
norm_0846,Normal,3,sim_25,sim_25,25,Frequency Excursion +0.03 Hz,IEEE / NERC standard,Normal continuous grid frequency regulation excursion (+0.03 Hz),train,5000.0,60.0,0.0804,True,0.9322,0.589576,0.836589,1.418968,0.0181,0.0,60.0,60.0279,51.39,0.833733,0.000341,0.000134,2.7e-05,3.2e-05,7.2e-05,6.2e-05,4.8e-05,0.000184,0.000157,0.000117,0.000409,0.000161,3.2e-05,3.8e-05,7.4e-05,0.000221,0.00014,0.0,60.01,3.33,0.0003,5e-06,60.0
norm_0847,Normal,3,sim_25,sim_25,25,Frequency Excursion +0.03 Hz,IEEE / NERC standard,Normal continuous grid frequency regulation excursion (+0.03 Hz),train,5000.0,60.0,0.0838,True,0.9347,0.589353,0.836427,1.41923,0.0425,0.0,60.0,60.0303,52.04,0.833419,0.000502,0.000312,0.000196,0.000145,0.000216,8.5e-05,6e-05,0.000152,0.000194,8.9e-05,0.000602,0.000374,0.000235,0.000174,0.000102,0.000182,0.000107,1e-06,60.01,3.56,0.0003,7e-06,60.0
norm_0848,Normal,3,sim_25,sim_25,25,Frequency Excursion +0.03 Hz,IEEE / NERC standard,Normal continuous grid frequency regulation excursion (+0.03 Hz),train,5000.0,60.0,0.0872,True,0.9614,0.589447,0.835935,1.418168,0.0354,0.0,60.0,60.0303,52.02,0.833553,0.000358,0.000165,0.000278,0.000172,0.000117,0.000173,4.2e-05,0.000132,0.000138,3.8e-05,0.000429,0.000198,0.000334,0.000206,0.000208,0.000158,4.6e-05,0.0,60.01,3.6,0.0003,6e-06,60.0
norm_0849,Normal,3,sim_25,sim_25,25,Frequency Excursion +0.03 Hz,IEEE / NERC standard,Normal continuous grid frequency regulation excursion (+0.03 Hz),train,5000.0,60.0,0.0908,True,0.9228,0.589383,0.836715,1.419645,0.0301,0.0,60.0,60.0292,52.08,0.833463,0.000332,0.000173,5.6e-05,8.4e-05,9.9e-05,0.00016,0.00014,7.1e-05,0.000123,3.7e-05,0.000398,0.000208,6.7e-05,0.000101,0.000192,8.5e-05,4.4e-05,0.0,60.01,3.55,0.0002,6e-06,60.0
norm_0850,Normal,3,sim_25,sim_25,25,Frequency Excursion +0.03 Hz,IEEE / NERC standard,Normal continuous grid frequency regulation excursion (+0.03 Hz),train,5000.0,60.0,0.0942,True,0.959,0.589401,0.835907,1.418231,0.0518,0.0,60.0,60.0309,51.74,0.833486,0.000427,0.000303,0.000212,0.000182,0.000135,0.000247,9e-05,7.4e-05,9.2e-05,7e-05,0.000512,0.000364,0.000254,0.000218,0.000296,8.9e-05,8.4e-05,0.0,60.01,3.8,0.0003,8e-06,60.0
norm_0851,Normal,3,sim_25,sim_25,25,Frequency Excursion +0.03 Hz,IEEE / NERC standard,Normal continuous grid frequency regulation excursion (+0.03 Hz),train,5000.0,60.0,0.0976,True,0.9185,0.589548,0.835809,1.417712,0.019,0.0,60.0,60.0332,50.96,0.833695,0.00038,5.6e-05,1.3e-05,0.000133,0.000135,6.6e-05,7.9e-05,4.2e-05,2.6e-05,4.8e-05,0.000456,6.7e-05,1.6e-05,0.00016,7.9e-05,5e-05,5.8e-05,0.0,60.01,3.55,0.0003,5e-06,60.0
norm_0852,Normal,3,sim_25,sim_25,25,Frequency Excursion +0.03 Hz,IEEE / NERC standard,Normal continuous grid frequency regulation excursion (+0.03 Hz),train,5000.0,60.0,0.101,True,0.9431,0.589291,0.835622,1.418012,0.0426,0.0,60.0,60.0306,51.73,0.833332,0.000491,0.000275,0.000209,0.000209,0.000153,8.4e-05,0.000109,0.000109,0.000108,0.000103,0.000589,0.00033,0.000251,0.000251,0.000101,0.000131,0.000124,0.0,60.01,3.66,0.0003,7e-06,60.0
norm_0853,Normal,3,sim_25,sim_25,25,Frequency Excursion +0.03 Hz,IEEE / NERC standard,Normal continuous grid frequency regulation excursion (+0.03 Hz),train,5000.0,60.0,0.1044,True,0.9507,0.589448,0.835835,1.417998,0.0439,0.0,60.0,60.0295,51.67,0.833552,0.000471,0.000292,0.000281,6.8e-05,6.1e-05,0.00021,0.000124,0.000135,0.000151,4.8e-05,0.000565,0.00035,0.000337,8.2e-05,0.000252,0.000162,5.8e-05,0.0,60.01,3.58,0.0003,6e-06,60.0
norm_0854,Normal,3,sim_25,sim_25,25,Frequency Excursion +0.03 Hz,IEEE / NERC standard,Normal continuous grid frequency regulation excursion (+0.03 Hz),train,5000.0,60.0,0.1078,True,0.9114,0.589459,0.836294,1.418748,0.0245,0.0,60.0,60.0328,51.16,0.83357,0.000432,0.0001,0.000141,0.000176,5.8e-05,2.8e-05,0.000168,2.8e-05,1e-05,8.9e-05,0.000518,0.00012,0.000169,0.000211,3.4e-05,3.4e-05,0.000107,0.0,60.01,3.53,0.0003,6e-06,60.0
norm_0855,Normal,3,sim_25,sim_25,25,Frequency Excursion +0.03 Hz,IEEE / NERC standard,Normal continuous grid frequency regulation excursion (+0.03 Hz),train,5000.0,60.0,0.1112,True,0.9755,0.589286,0.835468,1.417763,0.0418,0.0,60.0,60.0291,51.58,0.833323,0.000544,0.000153,0.000265,0.000283,0.000122,0.000133,0.000174,6.4e-05,0.000138,0.000176,0.000653,0.000184,0.000318,0.00034,0.00016,7.7e-05,0.000211,1e-06,60.01,3.92,0.0003,8e-06,60.0
norm_0856,Normal,3,sim_25,sim_25,25,Frequency Excursion +0.03 Hz,IEEE / NERC standard,Normal continuous grid frequency regulation excursion (+0.03 Hz),train,5000.0,60.0,0.1146,True,0.9174,0.589512,0.835619,1.417477,0.0161,0.0,60.0,60.0334,51.3,0.833643,0.000268,8.8e-05,9.1e-05,8.9e-05,6.6e-05,4.9e-05,0.000189,2.2e-05,0.000122,0.000147,0.000321,0.000106,0.000109,0.000107,5.9e-05,2.6e-05,0.000176,0.0,60.01,3.29,0.0003,5e-06,60.0
norm_0857,Normal,3,sim_25,sim_25,25,Frequency Excursion +0.03 Hz,IEEE / NERC standard,Normal continuous grid frequency regulation excursion (+0.03 Hz),train,5000.0,60.0,0.118,True,0.9405,0.589299,0.835579,1.41792,0.0612,0.0,60.0,60.0296,52.0,0.833342,0.000545,0.000478,0.000278,0.000162,0.000216,7.3e-05,9.9e-05,0.000173,7e-05,0.000131,0.000654,0.000574,0.000334,0.000194,8.8e-05,0.000208,0.000157,1e-06,60.01,3.71,0.0003,8e-06,60.0
norm_0858,Normal,3,sim_25,sim_25,25,Frequency Excursion +0.03 Hz,IEEE / NERC standard,Normal continuous grid frequency regulation excursion (+0.03 Hz),train,5000.0,60.0,0.1214,True,0.9427,0.589463,0.83704,1.420005,0.0273,0.0,60.0,60.03,51.59,0.833575,0.000286,0.000174,0.000129,9.1e-05,0.000112,0.000116,4e-05,0.000119,4.2e-05,0.000121,0.000343,0.000209,0.000155,0.000109,0.000139,0.000143,0.000145,0.0,60.01,3.55,0.0002,6e-06,60.0
norm_0859,Normal,3,sim_25,sim_25,25,Frequency Excursion +0.03 Hz,IEEE / NERC standard,Normal continuous grid frequency regulation excursion (+0.03 Hz),train,5000.0,60.0,0.1248,True,0.9244,0.589384,0.836449,1.419191,0.0525,0.0,60.0,60.0293,51.61,0.833463,0.000383,0.000325,0.000345,0.000293,0.00012,4e-06,1.6e-05,0.0002,8.6e-05,0.000112,0.00046,0.00039,0.000414,0.000352,5e-06,0.00024,0.000134,1e-06,60.01,3.65,0.0003,6e-06,60.0
norm_0860,Normal,3,sim_25,sim_25,25,Frequency Excursion +0.03 Hz,IEEE / NERC standard,Normal continuous grid frequency regulation excursion (+0.03 Hz),train,5000.0,60.0,0.1282,True,0.9686,0.589399,0.835948,1.418305,0.0446,0.0,60.0,60.0291,51.84,0.833485,0.000467,0.000316,0.000268,0.000154,0.000106,0.000122,8e-05,6.3e-05,8.9e-05,3.6e-05,0.00056,0.000379,0.000322,0.000185,0.000146,7.6e-05,4.3e-05,0.0,60.01,3.73,0.0003,7e-06,60.0
norm_0861,Normal,3,sim_25,sim_25,25,Frequency Excursion +0.03 Hz,IEEE / NERC standard,Normal continuous grid frequency regulation excursion (+0.03 Hz),train,5000.0,60.0,0.1316,True,0.9095,0.589471,0.838349,1.422206,0.0288,0.0,60.0,60.0315,51.23,0.833585,0.000439,0.000153,0.000147,5.5e-05,7.6e-05,0.000176,3e-05,1.9e-05,0.000132,0.00012,0.000527,0.000184,0.000176,6.6e-05,0.000211,2.3e-05,0.000144,0.0,60.01,3.86,0.0003,6e-06,60.0
norm_0862,Normal,3,sim_25,sim_25,25,Frequency Excursion +0.03 Hz,IEEE / NERC standard,Normal continuous grid frequency regulation excursion (+0.03 Hz),train,5000.0,60.0,0.135,True,0.953,0.589277,0.838712,1.423291,0.0569,0.0,60.0,60.0303,51.61,0.833311,0.000508,0.000393,0.000148,0.000132,0.000298,0.000229,0.000137,3e-05,0.00013,2.8e-05,0.00061,0.000472,0.000178,0.000158,0.000275,3.6e-05,3.4e-05,1e-06,60.01,3.84,0.0003,8e-06,60.0
norm_0863,Normal,3,sim_25,sim_25,25,Frequency Excursion +0.03 Hz,IEEE / NERC standard,Normal continuous grid frequency regulation excursion (+0.03 Hz),train,5000.0,60.0,0.1384,True,0.9403,0.589491,0.836816,1.419558,0.0271,0.0,60.0,60.0277,51.33,0.833613,0.000279,0.000185,8.6e-05,0.000113,0.000123,6.4e-05,7.7e-05,0.000143,5.3e-05,0.000191,0.000335,0.000222,0.000103,0.000136,7.7e-05,0.000172,0.000229,0.0,60.01,3.5,0.0003,5e-06,60.0
norm_0864,Normal,3,sim_25,sim_25,25,Frequency Excursion +0.03 Hz,IEEE / NERC standard,Normal continuous grid frequency regulation excursion (+0.03 Hz),train,5000.0,60.0,0.1418,True,0.9217,0.589317,0.836234,1.418988,0.048,0.0,60.0,60.0308,51.72,0.833368,0.000455,0.000328,0.000289,0.000155,0.000228,0.000168,8.2e-05,0.000172,0.000158,8.5e-05,0.000546,0.000394,0.000347,0.000186,0.000202,0.000206,0.000102,1e-06,60.01,3.71,0.0003,8e-06,60.0
norm_0865,Normal,3,sim_25,sim_25,25,Frequency Excursion +0.03 Hz,IEEE / NERC standard,Normal continuous grid frequency regulation excursion (+0.03 Hz),train,5000.0,60.0,0.1452,True,0.9618,0.589454,0.83624,1.418669,0.0396,0.0,60.0,60.0321,51.42,0.833562,0.000518,0.000235,0.000186,0.000207,7.5e-05,0.000102,0.000104,5.8e-05,0.000131,1.3e-05,0.000621,0.000282,0.000223,0.000248,0.000122,7e-05,1.6e-05,0.0,60.01,3.72,0.0003,7e-06,60.0
norm_0866,Normal,3,sim_25,sim_25,25,Frequency Excursion +0.03 Hz,IEEE / NERC standard,Normal continuous grid frequency regulation excursion (+0.03 Hz),train,5000.0,60.0,0.1488,True,0.9128,0.589512,0.835478,1.417237,0.0343,0.0,60.0,60.0301,52.17,0.833644,0.000315,0.000134,0.000114,0.000252,5.5e-05,2.1e-05,0.000128,0.000137,0.000109,0.000111,0.000378,0.000161,0.000137,0.000302,2.5e-05,0.000164,0.000133,0.0,60.01,3.34,0.0002,5e-06,60.0
norm_0867,Normal,3,sim_25,sim_25,25,Frequency Excursion +0.03 Hz,IEEE / NERC standard,Normal continuous grid frequency regulation excursion (+0.03 Hz),train,5000.0,60.0,0.1522,True,0.9548,0.589353,0.836783,1.419832,0.0397,0.0,60.0,60.0315,51.71,0.83342,0.000573,0.000285,0.000194,0.000147,0.000146,8.4e-05,8e-05,4.9e-05,0.000202,0.000106,0.000688,0.000342,0.000233,0.000176,0.000101,5.9e-05,0.000127,1e-06,60.01,3.61,0.0003,7e-06,60.0
norm_0868,Normal,3,sim_25,sim_25,25,Frequency Excursion +0.03 Hz,IEEE / NERC standard,Normal continuous grid frequency regulation excursion (+0.03 Hz),train,5000.0,60.0,0.1556,True,0.9313,0.58957,0.836518,1.418861,0.0237,0.0,60.0,60.0282,51.58,0.833727,0.000193,0.000162,5.8e-05,8.8e-05,0.000104,7.1e-05,7.3e-05,5.2e-05,2.3e-05,8.9e-05,0.000231,0.000194,7e-05,0.000106,8.5e-05,6.2e-05,0.000107,0.0,60.01,3.51,0.0002,5e-06,60.0
norm_0869,Normal,3,sim_25,sim_25,25,Frequency Excursion +0.03 Hz,IEEE / NERC standard,Normal continuous grid frequency regulation excursion (+0.03 Hz),train,5000.0,60.0,0.159,True,0.9293,0.589276,0.838023,1.422124,0.0517,0.0,60.0,60.0303,51.74,0.833311,0.000427,0.000367,0.000221,0.000214,0.000128,6.8e-05,0.000194,0.000107,0.000191,0.000124,0.000512,0.00044,0.000265,0.000257,8.2e-05,0.000128,0.000149,1e-06,60.01,3.74,0.0003,8e-06,60.0
norm_0870,Normal,3,sim_25,sim_25,25,Frequency Excursion +0.03 Hz,IEEE / NERC standard,Normal continuous grid frequency regulation excursion (+0.03 Hz),train,5000.0,60.0,0.1624,True,0.9596,0.589455,0.835835,1.41798,0.039,0.0,60.0,60.0292,51.93,0.833564,0.000401,0.000262,0.000115,0.000165,0.000157,0.0001,0.000119,3.1e-05,0.000111,6.5e-05,0.000481,0.000314,0.000138,0.000198,0.00012,3.7e-05,7.8e-05,0.0,60.01,3.49,0.0002,6e-06,60.0
norm_0871,Normal,3,sim_25,sim_25,25,Frequency Excursion +0.03 Hz,IEEE / NERC standard,Normal continuous grid frequency regulation excursion (+0.03 Hz),train,5000.0,60.0,0.1658,True,0.9065,0.589606,0.836714,1.419106,0.0235,0.0,60.0,60.0258,50.64,0.833778,0.000506,0.000161,0.000129,0.00011,0.000218,1.6e-05,0.000134,0.000105,0.000107,0.000149,0.000607,0.000193,0.000155,0.000132,1.9e-05,0.000126,0.000179,0.0,60.01,3.62,0.0002,6e-06,60.0
norm_0872,Normal,3,sim_25,sim_25,25,Frequency Excursion +0.03 Hz,IEEE / NERC standard,Normal continuous grid frequency regulation excursion (+0.03 Hz),train,5000.0,60.0,0.1692,True,0.9673,0.589254,0.835823,1.418444,0.0475,0.0,60.0,60.0311,51.92,0.833279,0.000469,0.000363,0.000204,0.000142,5.4e-05,6.8e-05,0.000218,6.1e-05,0.000135,6.7e-05,0.000563,0.000436,0.000245,0.00017,8.2e-05,7.3e-05,8e-05,0.0,60.01,3.72,0.0002,8e-06,60.0
norm_0873,Normal,3,sim_25,sim_25,25,Frequency Excursion +0.03 Hz,IEEE / NERC standard,Normal continuous grid frequency regulation excursion (+0.03 Hz),train,5000.0,60.0,0.1726,True,0.9189,0.589578,0.836665,1.41909,0.028,0.0,60.0,60.0291,51.74,0.833737,0.000217,0.000158,4.5e-05,0.000164,4.5e-05,4.8e-05,0.000129,0.000162,0.000118,0.00011,0.00026,0.00019,5.4e-05,0.000197,5.8e-05,0.000194,0.000132,0.0,60.01,3.48,0.0003,5e-06,60.0
norm_0874,Normal,3,sim_25,sim_25,25,Frequency Excursion +0.03 Hz,IEEE / NERC standard,Normal continuous grid frequency regulation excursion (+0.03 Hz),train,5000.0,60.0,0.176,True,0.9486,0.589355,0.83635,1.419094,0.0589,0.0,60.0,60.0291,51.93,0.833422,0.000526,0.000324,0.00014,0.000247,0.000185,0.000274,0.000214,9.1e-05,9.5e-05,0.000139,0.000631,0.000389,0.000168,0.000296,0.000329,0.000109,0.000167,1e-06,60.01,3.73,0.0003,7e-06,60.0
norm_0875,Normal,3,sim_26,sim_26,26,Frequency Excursion -0.01 Hz,IEEE / NERC standard,Subtle normal governor regulation deadband (-0.01 Hz),train,5000.0,60.0,0.06,True,0.9301,0.589416,0.837145,1.420296,0.0075,0.0,60.0,59.9935,50.98,0.833552,0.000194,1.4e-05,0.000154,2.2e-05,0.000109,5.7e-05,0.000167,6.5e-05,9.3e-05,0.000197,0.000233,1.7e-05,0.000185,2.6e-05,6.8e-05,7.8e-05,0.000236,0.0,60.01,3.52,0.0,5e-06,60.0
norm_0876,Normal,3,sim_26,sim_26,26,Frequency Excursion -0.01 Hz,IEEE / NERC standard,Subtle normal governor regulation deadband (-0.01 Hz),train,5000.0,60.0,0.0634,True,0.9414,0.589311,0.836871,1.420084,0.0139,0.0,60.0,59.9908,52.07,0.833404,9.1e-05,2.9e-05,0.000157,1.3e-05,0.000132,0.000111,0.000135,5.7e-05,7.8e-05,0.000103,0.000109,3.5e-05,0.000188,1.6e-05,0.000133,6.8e-05,0.000124,0.0,60.01,3.46,0.0,4e-06,60.0
norm_0877,Normal,3,sim_26,sim_26,26,Frequency Excursion -0.01 Hz,IEEE / NERC standard,Subtle normal governor regulation deadband (-0.01 Hz),train,5000.0,60.0,0.0668,True,0.9453,0.589338,0.836026,1.418585,0.0205,0.0,60.0,59.9893,51.75,0.833441,7.9e-05,0.000147,0.000143,7.9e-05,0.000154,3.8e-05,0.000162,5.1e-05,0.000112,9.2e-05,9.5e-05,0.000176,0.000172,9.5e-05,4.6e-05,6.1e-05,0.00011,0.0,60.01,3.71,0.0001,5e-06,60.0
norm_0878,Normal,3,sim_26,sim_26,26,Frequency Excursion -0.01 Hz,IEEE / NERC standard,Subtle normal governor regulation deadband (-0.01 Hz),train,5000.0,60.0,0.0702,True,0.9253,0.589253,0.83748,1.421256,0.0171,0.0,60.0,59.9918,51.37,0.833321,0.000353,8.9e-05,0.000154,9.8e-05,0.00011,5.2e-05,5.8e-05,9.9e-05,6.8e-05,4e-05,0.000424,0.000107,0.000185,0.000118,6.2e-05,0.000119,4.8e-05,0.0,60.01,3.69,0.0001,4e-06,60.0
norm_0879,Normal,3,sim_26,sim_26,26,Frequency Excursion -0.01 Hz,IEEE / NERC standard,Subtle normal governor regulation deadband (-0.01 Hz),train,5000.0,60.0,0.0736,True,0.9387,0.589299,0.836723,1.419862,0.0186,0.0,60.0,59.9872,51.41,0.833386,0.000112,7.1e-05,1.2e-05,3.7e-05,7.4e-05,0.000133,6.9e-05,3.1e-05,0.000133,1.8e-05,0.000134,8.5e-05,1.4e-05,4.4e-05,0.00016,3.7e-05,2.2e-05,0.0,60.01,3.42,0.0,4e-06,60.0
norm_0880,Normal,3,sim_26,sim_26,26,Frequency Excursion -0.01 Hz,IEEE / NERC standard,Subtle normal governor regulation deadband (-0.01 Hz),train,5000.0,60.0,0.077,True,0.9322,0.589248,0.836152,1.419016,0.0209,0.0,60.0,59.9893,51.89,0.833314,9.7e-05,7.8e-05,0.000133,0.000137,0.000114,7.3e-05,1.1e-05,6.2e-05,0.000102,2.4e-05,0.000116,9.4e-05,0.00016,0.000164,8.8e-05,7.4e-05,2.9e-05,0.0,60.01,3.58,0.0,5e-06,60.0
norm_0881,Normal,3,sim_26,sim_26,26,Frequency Excursion -0.01 Hz,IEEE / NERC standard,Subtle normal governor regulation deadband (-0.01 Hz),train,5000.0,60.0,0.0804,True,0.9334,0.589265,0.836666,1.419847,0.021,0.0,60.0,59.9918,51.63,0.833338,9.3e-05,7.3e-05,5.1e-05,0.000147,7.6e-05,6.1e-05,4.3e-05,2.8e-05,0.000189,7.6e-05,0.000112,8.8e-05,6.1e-05,0.000176,7.3e-05,3.4e-05,9.1e-05,0.0,60.01,3.53,0.0,4e-06,60.0
norm_0882,Normal,3,sim_26,sim_26,26,Frequency Excursion -0.01 Hz,IEEE / NERC standard,Subtle normal governor regulation deadband (-0.01 Hz),train,5000.0,60.0,0.0838,True,0.9442,0.589352,0.835211,1.417169,0.0233,0.0,60.0,59.989,51.93,0.833462,0.000154,0.000172,0.000103,3.5e-05,0.000149,8.2e-05,0.00011,0.000101,0.000151,0.000167,0.000185,0.000206,0.000124,4.2e-05,9.8e-05,0.000121,0.0002,0.0,60.01,3.63,0.0,5e-06,60.0
norm_0883,Normal,3,sim_26,sim_26,26,Frequency Excursion -0.01 Hz,IEEE / NERC standard,Subtle normal governor regulation deadband (-0.01 Hz),train,5000.0,60.0,0.0872,True,0.9294,0.589325,0.835788,1.418211,0.0212,0.0,60.0,59.9908,51.91,0.833424,0.00025,0.000129,3.7e-05,6.3e-05,7.4e-05,0.000103,9.1e-05,0.000105,0.000106,6.2e-05,0.0003,0.000155,4.4e-05,7.6e-05,0.000124,0.000126,7.4e-05,0.0,60.01,3.48,0.0,5e-06,60.0
norm_0884,Normal,3,sim_26,sim_26,26,Frequency Excursion -0.01 Hz,IEEE / NERC standard,Subtle normal governor regulation deadband (-0.01 Hz),train,5000.0,60.0,0.0908,True,0.9411,0.589318,0.836037,1.418652,0.0121,0.0,60.0,59.9892,52.19,0.833413,0.000232,4.3e-05,2.4e-05,7.2e-05,0.000121,5.6e-05,0.000152,4.1e-05,0.000115,3.6e-05,0.000278,5.2e-05,2.9e-05,8.6e-05,6.7e-05,4.9e-05,4.3e-05,0.0,60.01,3.45,0.0001,4e-06,60.0
norm_0885,Normal,3,sim_26,sim_26,26,Frequency Excursion -0.01 Hz,IEEE / NERC standard,Subtle normal governor regulation deadband (-0.01 Hz),train,5000.0,60.0,0.0942,True,0.9273,0.589331,0.837469,1.421051,0.0213,0.0,60.0,59.9873,51.35,0.833431,0.000186,0.000101,8.5e-05,2.4e-05,7.5e-05,0.000144,3.6e-05,8.4e-05,6.3e-05,4.4e-05,0.000223,0.000121,0.000102,2.9e-05,0.000173,0.000101,5.3e-05,0.0,60.01,3.73,0.0001,5e-06,60.0
norm_0886,Normal,3,sim_26,sim_26,26,Frequency Excursion -0.01 Hz,IEEE / NERC standard,Subtle normal governor regulation deadband (-0.01 Hz),train,5000.0,60.0,0.0976,True,0.9414,0.589318,0.836198,1.418925,0.0062,0.0,60.0,59.9894,51.92,0.833414,0.000162,4.8e-05,6.6e-05,6e-06,0.000143,1.7e-05,0.000144,7.3e-05,4.9e-05,9.7e-05,0.000194,5.8e-05,7.9e-05,7e-06,2e-05,8.8e-05,0.000116,0.0,60.01,3.52,0.0,4e-06,60.0
norm_0887,Normal,3,sim_26,sim_26,26,Frequency Excursion -0.01 Hz,IEEE / NERC standard,Subtle normal governor regulation deadband (-0.01 Hz),train,5000.0,60.0,0.101,True,0.9339,0.589322,0.835443,1.417633,0.0186,0.0,60.0,59.9917,51.37,0.833419,0.000252,0.000116,9.1e-05,3.7e-05,0.000173,9.5e-05,8.8e-05,0.000162,7e-05,0.000122,0.000302,0.000139,0.000109,4.4e-05,0.000114,0.000194,0.000146,0.0,60.01,3.46,0.0001,5e-06,60.0
norm_0888,Normal,3,sim_26,sim_26,26,Frequency Excursion -0.01 Hz,IEEE / NERC standard,Subtle normal governor regulation deadband (-0.01 Hz),train,5000.0,60.0,0.1044,True,0.9313,0.589254,0.836018,1.418774,0.0215,0.0,60.0,59.9908,51.77,0.833323,0.000158,0.000152,4.2e-05,8e-05,7.6e-05,5.2e-05,5.7e-05,3.7e-05,0.00016,0.00018,0.00019,0.000182,5e-05,9.6e-05,6.2e-05,4.4e-05,0.000216,0.0,60.01,3.58,0.0001,5e-06,60.0
norm_0889,Normal,3,sim_26,sim_26,26,Frequency Excursion -0.01 Hz,IEEE / NERC standard,Subtle normal governor regulation deadband (-0.01 Hz),train,5000.0,60.0,0.1078,True,0.9447,0.589373,0.835684,1.417921,0.0209,0.0,60.0,59.9899,52.16,0.833492,0.000161,8.3e-05,0.000176,3.4e-05,3.1e-05,0.00015,0.000187,0.000103,0.000105,0.000137,0.000193,0.0001,0.000211,4.1e-05,0.00018,0.000124,0.000164,0.0,60.01,3.47,0.0,4e-06,60.0
norm_0890,Normal,3,sim_26,sim_26,26,Frequency Excursion -0.01 Hz,IEEE / NERC standard,Subtle normal governor regulation deadband (-0.01 Hz),train,5000.0,60.0,0.1112,True,0.9236,0.589309,0.83573,1.418152,0.0219,0.0,60.0,59.9874,51.01,0.833401,0.000117,0.000124,0.0001,8.9e-05,7.6e-05,0.0001,5e-05,0.000113,3.1e-05,0.000167,0.00014,0.000149,0.00012,0.000107,0.00012,0.000136,0.0002,0.0,60.01,3.57,0.0,5e-06,60.0
norm_0891,Normal,3,sim_26,sim_26,26,Frequency Excursion -0.01 Hz,IEEE / NERC standard,Subtle normal governor regulation deadband (-0.01 Hz),train,5000.0,60.0,0.1146,True,0.9363,0.589242,0.835103,1.41725,0.0205,0.0,60.0,59.9882,51.57,0.833306,0.000128,0.000105,7.4e-05,9.4e-05,9.6e-05,9.7e-05,5.9e-05,9.5e-05,3.8e-05,6.2e-05,0.000154,0.000126,8.9e-05,0.000113,0.000116,0.000114,7.4e-05,0.0,60.01,3.44,0.0,5e-06,60.0
norm_0892,Normal,3,sim_26,sim_26,26,Frequency Excursion -0.01 Hz,IEEE / NERC standard,Subtle normal governor regulation deadband (-0.01 Hz),train,5000.0,60.0,0.118,True,0.9316,0.589334,0.835582,1.417841,0.0264,0.0,60.0,59.9884,51.39,0.833436,0.000174,0.000106,0.000173,0.000129,6.4e-05,0.000143,0.000127,4.1e-05,0.00017,9.2e-05,0.000209,0.000127,0.000208,0.000155,0.000172,4.9e-05,0.00011,0.0,60.01,3.75,0.0001,5e-06,60.0
norm_0893,Normal,3,sim_26,sim_26,26,Frequency Excursion -0.01 Hz,IEEE / NERC standard,Subtle normal governor regulation deadband (-0.01 Hz),train,5000.0,60.0,0.1214,True,0.9327,0.589294,0.83607,1.418766,0.0111,0.0,60.0,59.9881,51.57,0.83338,0.000126,1.9e-05,5.9e-05,6.2e-05,3.8e-05,6.6e-05,0.00011,1.8e-05,0.000125,2.7e-05,0.000151,2.3e-05,7.1e-05,7.4e-05,7.9e-05,2.2e-05,3.2e-05,0.0,60.01,3.52,0.0,5e-06,60.0
norm_0894,Normal,3,sim_26,sim_26,26,Frequency Excursion -0.01 Hz,IEEE / NERC standard,Subtle normal governor regulation deadband (-0.01 Hz),train,5000.0,60.0,0.1248,True,0.947,0.589216,0.836405,1.419522,0.0253,0.0,60.0,59.9891,52.14,0.833269,0.000132,0.00019,6.4e-05,5.1e-05,2.7e-05,7.7e-05,0.00011,9.8e-05,3.6e-05,2.1e-05,0.000158,0.000228,7.7e-05,6.1e-05,9.2e-05,0.000118,2.5e-05,0.0,60.01,3.33,0.0,4e-06,60.0
norm_0895,Normal,3,sim_26,sim_26,26,Frequency Excursion -0.01 Hz,IEEE / NERC standard,Subtle normal governor regulation deadband (-0.01 Hz),train,5000.0,60.0,0.1282,True,0.9309,0.589322,0.836527,1.419472,0.0317,0.0,60.0,59.987,51.25,0.83342,0.00021,0.000189,0.000116,0.000179,6.6e-05,4.7e-05,7.1e-05,3.1e-05,0.000125,4.6e-05,0.000252,0.000227,0.000139,0.000215,5.6e-05,3.7e-05,5.5e-05,0.0,60.01,3.56,0.0,5e-06,60.0
norm_0896,Normal,3,sim_26,sim_26,26,Frequency Excursion -0.01 Hz,IEEE / NERC standard,Subtle normal governor regulation deadband (-0.01 Hz),train,5000.0,60.0,0.1316,True,0.9421,0.589249,0.835893,1.418572,0.0226,0.0,60.0,59.991,51.64,0.833317,3.7e-05,0.000127,0.0001,0.000133,0.000107,4.1e-05,2.8e-05,2.7e-05,9.3e-05,6.3e-05,4.4e-05,0.000152,0.00012,0.00016,4.9e-05,3.2e-05,7.6e-05,0.0,60.01,3.61,0.0,5e-06,60.0
norm_0897,Normal,3,sim_26,sim_26,26,Frequency Excursion -0.01 Hz,IEEE / NERC standard,Subtle normal governor regulation deadband (-0.01 Hz),train,5000.0,60.0,0.135,True,0.9351,0.589332,0.83673,1.419794,0.0289,0.0,60.0,59.9912,52.01,0.833434,0.000128,0.000227,4.6e-05,8e-05,2.9e-05,1.6e-05,3.6e-05,4.9e-05,1.7e-05,0.000148,0.000154,0.000272,5.5e-05,9.6e-05,1.9e-05,5.9e-05,0.000178,0.0,60.01,3.46,0.0,4e-06,60.0
norm_0898,Normal,3,sim_26,sim_26,26,Frequency Excursion -0.01 Hz,IEEE / NERC standard,Subtle normal governor regulation deadband (-0.01 Hz),train,5000.0,60.0,0.1384,True,0.9416,0.589285,0.836141,1.418908,0.0156,0.0,60.0,59.9922,51.84,0.833367,9.1e-05,9e-05,6.5e-05,7.7e-05,0.000104,5.4e-05,0.000172,9.2e-05,0.000133,6.5e-05,0.000109,0.000108,7.8e-05,9.2e-05,6.5e-05,0.00011,7.8e-05,0.0,60.01,3.37,0.0,4e-06,60.0
norm_0899,Normal,3,sim_26,sim_26,26,Frequency Excursion -0.01 Hz,IEEE / NERC standard,Subtle normal governor regulation deadband (-0.01 Hz),train,5000.0,60.0,0.1418,True,0.9397,0.589327,0.835181,1.417177,0.0191,0.0,60.0,59.9904,52.28,0.833426,0.00012,0.000129,8.2e-05,7.1e-05,4e-06,5.9e-05,0.000176,3.6e-05,0.000106,0.000133,0.000144,0.000155,9.8e-05,8.5e-05,7.1e-05,4.3e-05,0.00016,0.0,60.01,3.48,0.0,4e-06,60.0
norm_0900,Normal,3,sim_26,sim_26,26,Frequency Excursion -0.01 Hz,IEEE / NERC standard,Subtle normal governor regulation deadband (-0.01 Hz),train,5000.0,60.0,0.1452,True,0.9314,0.589313,0.836524,1.419489,0.0193,0.0,60.0,59.9926,51.36,0.833407,0.000102,6e-05,7.7e-05,0.000107,9.8e-05,0.000104,0.000163,3.9e-05,6.9e-05,8.7e-05,0.000122,7.2e-05,9.2e-05,0.000128,0.000125,4.7e-05,0.000104,0.0,60.01,3.64,0.0001,4e-06,60.0
norm_0901,Normal,3,sim_26,sim_26,26,Frequency Excursion -0.01 Hz,IEEE / NERC standard,Subtle normal governor regulation deadband (-0.01 Hz),train,5000.0,60.0,0.1488,True,0.9511,0.589281,0.836288,1.419168,0.0133,0.0,60.0,59.9899,52.15,0.833361,0.000125,8.2e-05,0.000144,7.2e-05,0.000111,2.1e-05,9.2e-05,0.00014,0.000242,7.2e-05,0.00015,9.8e-05,0.000173,8.6e-05,2.5e-05,0.000168,8.6e-05,0.0,60.01,3.34,0.0,4e-06,60.0
norm_0902,Normal,3,sim_26,sim_26,26,Frequency Excursion -0.01 Hz,IEEE / NERC standard,Subtle normal governor regulation deadband (-0.01 Hz),train,5000.0,60.0,0.1522,True,0.9376,0.58936,0.838145,1.422128,0.0204,0.0,60.0,59.9877,51.59,0.833473,0.00024,0.000166,0.000131,2.6e-05,4.2e-05,2.8e-05,0.000111,0.000103,3.2e-05,0.000166,0.000288,0.000199,0.000157,3.1e-05,3.4e-05,0.000124,0.000199,0.0,60.01,3.49,0.0,4e-06,60.0
norm_0903,Normal,3,sim_26,sim_26,26,Frequency Excursion -0.01 Hz,IEEE / NERC standard,Subtle normal governor regulation deadband (-0.01 Hz),train,5000.0,60.0,0.1556,True,0.941,0.589251,0.836576,1.419728,0.0207,0.0,60.0,59.9894,52.1,0.833319,0.000123,4e-06,3e-05,0.000155,8.5e-05,7.6e-05,0.000204,9.4e-05,8.9e-05,0.000117,0.000148,5e-06,3.6e-05,0.000186,9.1e-05,0.000113,0.00014,0.0,60.01,3.51,0.0,4e-06,60.0
norm_0904,Normal,3,sim_26,sim_26,26,Frequency Excursion -0.01 Hz,IEEE / NERC standard,Subtle normal governor regulation deadband (-0.01 Hz),train,5000.0,60.0,0.159,True,0.938,0.589369,0.837021,1.420198,0.0317,0.0,60.0,59.9946,50.76,0.833486,0.000265,0.000172,0.000198,0.000153,3.9e-05,0.000128,0.000136,0.000196,9e-06,5.4e-05,0.000318,0.000206,0.000238,0.000184,0.000154,0.000235,6.5e-05,0.0,60.01,3.36,0.0,5e-06,60.0
norm_0905,Normal,3,sim_26,sim_26,26,Frequency Excursion -0.01 Hz,IEEE / NERC standard,Subtle normal governor regulation deadband (-0.01 Hz),train,5000.0,60.0,0.1624,True,0.9249,0.589314,0.837237,1.420698,0.0233,0.0,60.0,59.991,51.96,0.833407,0.000144,0.000191,1.8e-05,6e-06,9.9e-05,3.5e-05,7.8e-05,6.1e-05,1.8e-05,7.4e-05,0.000173,0.000229,2.2e-05,7e-06,4.2e-05,7.3e-05,8.9e-05,0.0,60.01,3.53,0.0001,4e-06,60.0
norm_0906,Normal,3,sim_26,sim_26,26,Frequency Excursion -0.01 Hz,IEEE / NERC standard,Subtle normal governor regulation deadband (-0.01 Hz),train,5000.0,60.0,0.1658,True,0.9462,0.589286,0.835259,1.417409,0.0233,0.0,60.0,59.9874,51.63,0.833368,6.8e-05,7.5e-05,0.000202,5.7e-05,7.2e-05,0.00017,6.1e-05,0.000122,0.000111,0.000156,8.2e-05,9e-05,0.000242,6.8e-05,0.000204,0.000146,0.000187,0.0,60.01,3.47,0.0,5e-06,60.0
norm_0907,Normal,3,sim_26,sim_26,26,Frequency Excursion -0.01 Hz,IEEE / NERC standard,Subtle normal governor regulation deadband (-0.01 Hz),train,5000.0,60.0,0.1692,True,0.9322,0.589355,0.835726,1.418036,0.0261,0.0,60.0,59.9945,50.5,0.833466,7.3e-05,0.000113,6.9e-05,0.000122,8.7e-05,0.00014,0.00015,0.000115,0.000104,0.000129,8.8e-05,0.000136,8.3e-05,0.000146,0.000168,0.000138,0.000155,0.0,60.01,3.45,0.0,5e-06,60.0
norm_0908,Normal,3,sim_26,sim_26,26,Frequency Excursion -0.01 Hz,IEEE / NERC standard,Subtle normal governor regulation deadband (-0.01 Hz),train,5000.0,60.0,0.1726,True,0.9433,0.5893,0.835803,1.418298,0.0142,0.0,60.0,59.9908,51.94,0.833388,5.9e-05,2.7e-05,3.6e-05,6.6e-05,8.8e-05,9.4e-05,3e-05,0.000185,0.000151,8.5e-05,7.1e-05,3.2e-05,4.3e-05,7.9e-05,0.000113,0.000222,0.000102,0.0,60.01,3.59,0.0,4e-06,60.0
norm_0909,Normal,3,sim_26,sim_26,26,Frequency Excursion -0.01 Hz,IEEE / NERC standard,Subtle normal governor regulation deadband (-0.01 Hz),train,5000.0,60.0,0.176,True,0.945,0.589243,0.836098,1.418937,0.0286,0.0,60.0,59.9889,51.71,0.833306,0.000192,0.000108,0.000195,9.4e-05,0.000122,0.000191,7.6e-05,3e-05,5.1e-05,7.4e-05,0.00023,0.00013,0.000234,0.000113,0.000229,3.6e-05,8.9e-05,0.0,60.01,3.69,0.0001,5e-06,60.0
norm_0910,Normal,3,sim_27,sim_27,27,Frequency Excursion +0.01 Hz,IEEE / NERC standard,Subtle normal governor regulation deadband (+0.01 Hz),train,5000.0,60.0,0.06,True,0.9416,0.589376,0.83778,1.42147,0.0289,0.0,60.0,60.011,51.81,0.833495,0.000248,0.000111,2.7e-05,0.000181,0.000113,0.000115,0.000113,2.5e-05,2.5e-05,0.000148,0.000298,0.000133,3.2e-05,0.000217,0.000138,3e-05,0.000178,0.0,60.01,3.54,0.0001,5e-06,60.0
norm_0911,Normal,3,sim_27,sim_27,27,Frequency Excursion +0.01 Hz,IEEE / NERC standard,Subtle normal governor regulation deadband (+0.01 Hz),train,5000.0,60.0,0.0634,True,0.9284,0.589406,0.83677,1.419683,0.0196,0.0,60.0,60.0106,52.06,0.833538,0.000188,0.000126,0.000108,2.6e-05,6.9e-05,0.000101,8.1e-05,9.3e-05,7.9e-05,0.000161,0.000226,0.000151,0.00013,3.1e-05,0.000121,0.000112,0.000193,0.0,60.01,3.65,0.0001,4e-06,60.0
norm_0912,Normal,3,sim_27,sim_27,27,Frequency Excursion +0.01 Hz,IEEE / NERC standard,Subtle normal governor regulation deadband (+0.01 Hz),train,5000.0,60.0,0.0668,True,0.9342,0.589268,0.837844,1.42184,0.0137,0.0,60.0,60.0071,51.27,0.833343,0.000127,8.7e-05,0.000128,2.3e-05,9.9e-05,7.1e-05,7.8e-05,0.000113,6e-05,7.8e-05,0.000152,0.000104,0.000154,2.8e-05,8.5e-05,0.000136,9.4e-05,0.0,60.01,3.51,0.0,5e-06,60.0
norm_0913,Normal,3,sim_27,sim_27,27,Frequency Excursion +0.01 Hz,IEEE / NERC standard,Subtle normal governor regulation deadband (+0.01 Hz),train,5000.0,60.0,0.0702,True,0.9403,0.589443,0.836842,1.419716,0.0307,0.0,60.0,60.0137,50.91,0.83359,0.000172,0.000172,7e-05,0.000186,6.2e-05,3.4e-05,0.000176,6e-05,5.9e-05,0.000132,0.000206,0.000206,8.4e-05,0.000223,4.1e-05,7.2e-05,0.000158,0.0,60.01,3.51,0.0,5e-06,60.0
norm_0914,Normal,3,sim_27,sim_27,27,Frequency Excursion +0.01 Hz,IEEE / NERC standard,Subtle normal governor regulation deadband (+0.01 Hz),train,5000.0,60.0,0.0736,True,0.9323,0.589383,0.835381,1.417382,0.0251,0.0,60.0,60.009,51.85,0.833505,0.000124,4.8e-05,0.000142,0.00019,9.4e-05,7.3e-05,2.6e-05,0.000134,0.000125,4.8e-05,0.000149,5.8e-05,0.00017,0.000228,8.8e-05,0.000161,5.8e-05,0.0,60.01,3.44,0.0,4e-06,60.0
norm_0915,Normal,3,sim_27,sim_27,27,Frequency Excursion +0.01 Hz,IEEE / NERC standard,Subtle normal governor regulation deadband (+0.01 Hz),train,5000.0,60.0,0.077,True,0.9454,0.58925,0.835587,1.418051,0.0117,0.0,60.0,60.0121,51.69,0.833318,0.000293,7.7e-05,2.5e-05,3.2e-05,0.000126,5.1e-05,8.6e-05,0.000146,4.1e-05,5.5e-05,0.000352,9.2e-05,3e-05,3.8e-05,6.1e-05,0.000175,6.6e-05,0.0,60.01,3.49,0.0,4e-06,60.0
norm_0916,Normal,3,sim_27,sim_27,27,Frequency Excursion +0.01 Hz,IEEE / NERC standard,Subtle normal governor regulation deadband (+0.01 Hz),train,5000.0,60.0,0.0804,True,0.9412,0.589378,0.835984,1.418417,0.0218,0.0,60.0,60.0088,51.87,0.833499,8.1e-05,0.000105,2.7e-05,8e-05,7.2e-05,0.000125,0.000174,0.000168,7.1e-05,0.000196,9.7e-05,0.000126,3.2e-05,9.6e-05,0.00015,0.000202,0.000235,0.0,60.01,3.36,0.0,4e-06,60.0
norm_0917,Normal,3,sim_27,sim_27,27,Frequency Excursion +0.01 Hz,IEEE / NERC standard,Subtle normal governor regulation deadband (+0.01 Hz),train,5000.0,60.0,0.0838,True,0.9282,0.589392,0.836172,1.418704,0.0174,0.0,60.0,60.0081,51.7,0.833518,0.000264,2.4e-05,7e-05,6.2e-05,0.000105,0.000129,0.000136,0.000104,0.000134,0.000152,0.000317,2.9e-05,8.4e-05,7.4e-05,0.000155,0.000125,0.000182,0.0,60.01,3.63,0.0001,4e-06,60.0
norm_0918,Normal,3,sim_27,sim_27,27,Frequency Excursion +0.01 Hz,IEEE / NERC standard,Subtle normal governor regulation deadband (+0.01 Hz),train,5000.0,60.0,0.0872,True,0.9463,0.589363,0.836571,1.419451,0.0165,0.0,60.0,60.0116,51.95,0.833477,0.000133,4.6e-05,7.9e-05,0.000102,7.4e-05,8e-05,0.000115,0.00014,7.9e-05,2.4e-05,0.00016,5.5e-05,9.5e-05,0.000122,9.6e-05,0.000168,2.9e-05,0.0,60.01,3.52,0.0,5e-06,60.0
norm_0919,Normal,3,sim_27,sim_27,27,Frequency Excursion +0.01 Hz,IEEE / NERC standard,Subtle normal governor regulation deadband (+0.01 Hz),train,5000.0,60.0,0.0908,True,0.9332,0.589425,0.836097,1.418496,0.0302,0.0,60.0,60.0073,51.73,0.833565,4.1e-05,0.000127,0.000125,0.00015,4.7e-05,0.000158,6.4e-05,2.4e-05,6.8e-05,0.00013,4.9e-05,0.000152,0.00015,0.00018,0.00019,2.9e-05,0.000156,0.0,60.01,3.46,0.0,4e-06,60.0
norm_0920,Normal,3,sim_27,sim_27,27,Frequency Excursion +0.01 Hz,IEEE / NERC standard,Subtle normal governor regulation deadband (+0.01 Hz),train,5000.0,60.0,0.0942,True,0.9442,0.589306,0.835345,1.417506,0.0403,0.0,60.0,60.0094,51.96,0.833397,0.00017,0.000211,2.4e-05,0.000209,0.000112,0.000158,0.000105,6.9e-05,9.4e-05,0.000182,0.000204,0.000253,2.9e-05,0.000251,0.00019,8.3e-05,0.000218,0.0,60.01,3.42,0.0,5e-06,60.0
norm_0921,Normal,3,sim_27,sim_27,27,Frequency Excursion +0.01 Hz,IEEE / NERC standard,Subtle normal governor regulation deadband (+0.01 Hz),train,5000.0,60.0,0.0976,True,0.9297,0.589462,0.837251,1.420364,0.017,0.0,60.0,60.0114,51.85,0.833617,0.000169,5e-05,0.000138,2.3e-05,8.1e-05,0.00013,9.5e-05,8.4e-05,4.1e-05,0.00014,0.000203,6e-05,0.000166,2.8e-05,0.000156,0.000101,0.000168,0.0,60.01,3.48,0.0001,4e-06,60.0
norm_0922,Normal,3,sim_27,sim_27,27,Frequency Excursion +0.01 Hz,IEEE / NERC standard,Subtle normal governor regulation deadband (+0.01 Hz),train,5000.0,60.0,0.101,True,0.9391,0.589305,0.837004,1.420324,0.0124,0.0,60.0,60.0052,50.29,0.833394,0.000191,8.1e-05,6.5e-05,4.5e-05,0.000133,4.5e-05,9.8e-05,6.9e-05,8.7e-05,0.000109,0.000229,9.7e-05,7.8e-05,5.4e-05,5.4e-05,8.3e-05,0.000131,0.0,60.01,3.62,0.0,5e-06,60.0
norm_0923,Normal,3,sim_27,sim_27,27,Frequency Excursion +0.01 Hz,IEEE / NERC standard,Subtle normal governor regulation deadband (+0.01 Hz),train,5000.0,60.0,0.1044,True,0.9408,0.589308,0.837274,1.420775,0.0316,0.0,60.0,60.0121,51.29,0.8334,8.1e-05,0.000151,0.000118,0.000194,0.000119,9.4e-05,3.2e-05,9.6e-05,7e-05,9.2e-05,9.7e-05,0.000181,0.000142,0.000233,0.000113,0.000115,0.00011,0.0,60.01,3.65,0.0,5e-06,60.0
norm_0924,Normal,3,sim_27,sim_27,27,Frequency Excursion +0.01 Hz,IEEE / NERC standard,Subtle normal governor regulation deadband (+0.01 Hz),train,5000.0,60.0,0.1078,True,0.9374,0.589446,0.837054,1.420069,0.0242,0.0,60.0,60.0095,51.7,0.833594,0.000146,0.000126,0.000139,0.00015,9.2e-05,4.8e-05,5e-05,9.4e-05,0.000188,3.8e-05,0.000175,0.000151,0.000167,0.00018,5.8e-05,0.000113,4.6e-05,0.0,60.01,3.77,0.0001,5e-06,60.0
norm_0925,Normal,3,sim_27,sim_27,27,Frequency Excursion +0.01 Hz,IEEE / NERC standard,Subtle normal governor regulation deadband (+0.01 Hz),train,5000.0,60.0,0.1112,True,0.9461,0.589318,0.836634,1.419665,0.0179,0.0,60.0,60.0091,51.95,0.833413,0.000265,0.000101,0.000168,7.5e-05,0.000116,8e-05,0.000184,0.000174,8.2e-05,7.1e-05,0.000318,0.000121,0.000202,9e-05,9.6e-05,0.000209,8.5e-05,0.0,60.01,3.49,0.0,5e-06,60.0
norm_0926,Normal,3,sim_27,sim_27,27,Frequency Excursion +0.01 Hz,IEEE / NERC standard,Subtle normal governor regulation deadband (+0.01 Hz),train,5000.0,60.0,0.1146,True,0.934,0.589418,0.835398,1.417327,0.0156,0.0,60.0,60.0084,51.63,0.833555,0.00012,7.8e-05,0.000156,7.9e-05,6.7e-05,6.8e-05,4.8e-05,2.9e-05,1.8e-05,7.8e-05,0.000144,9.4e-05,0.000187,9.5e-05,8.2e-05,3.5e-05,9.4e-05,0.0,60.01,3.63,0.0,5e-06,60.0
norm_0927,Normal,3,sim_27,sim_27,27,Frequency Excursion +0.01 Hz,IEEE / NERC standard,Subtle normal governor regulation deadband (+0.01 Hz),train,5000.0,60.0,0.118,True,0.9371,0.589226,0.835424,1.417834,0.0211,0.0,60.0,60.0094,52.3,0.833284,0.000152,4.8e-05,2.6e-05,0.00012,0.000126,0.000119,0.000141,4.5e-05,3e-05,7e-05,0.000182,5.8e-05,3.1e-05,0.000144,0.000143,5.4e-05,8.4e-05,0.0,60.01,3.43,0.0,4e-06,60.0
norm_0928,Normal,3,sim_27,sim_27,27,Frequency Excursion +0.01 Hz,IEEE / NERC standard,Subtle normal governor regulation deadband (+0.01 Hz),train,5000.0,60.0,0.1214,True,0.9356,0.589332,0.837651,1.421357,0.0248,0.0,60.0,60.0077,51.42,0.833433,0.00015,8.3e-05,7.5e-05,0.000143,9.1e-05,0.000123,1.6e-05,5.2e-05,4.6e-05,9.4e-05,0.00018,0.0001,9e-05,0.000172,0.000148,6.2e-05,0.000113,0.0,60.01,3.6,0.0,5e-06,60.0
norm_0929,Normal,3,sim_27,sim_27,27,Frequency Excursion +0.01 Hz,IEEE / NERC standard,Subtle normal governor regulation deadband (+0.01 Hz),train,5000.0,60.0,0.1248,True,0.9289,0.58935,0.835762,1.418108,0.0284,0.0,60.0,60.008,51.84,0.833459,0.000182,0.000183,6.1e-05,9e-05,0.000112,0.00012,8.7e-05,8.6e-05,0.000159,3e-05,0.000218,0.00022,7.3e-05,0.000108,0.000144,0.000103,3.6e-05,0.0,60.01,3.46,0.0,4e-06,60.0
norm_0930,Normal,3,sim_27,sim_27,27,Frequency Excursion +0.01 Hz,IEEE / NERC standard,Subtle normal governor regulation deadband (+0.01 Hz),train,5000.0,60.0,0.1282,True,0.9547,0.589369,0.836155,1.418728,0.0188,0.0,60.0,60.0101,51.65,0.833486,0.000124,8.8e-05,9.3e-05,0.000124,0.000124,3.6e-05,3.9e-05,0.000194,9.2e-05,0.000135,0.000149,0.000106,0.000112,0.000149,4.3e-05,0.000233,0.000162,0.0,60.01,3.68,0.0001,5e-06,60.0
norm_0931,Normal,3,sim_27,sim_27,27,Frequency Excursion +0.01 Hz,IEEE / NERC standard,Subtle normal governor regulation deadband (+0.01 Hz),train,5000.0,60.0,0.1316,True,0.9262,0.589412,0.836517,1.419238,0.012,0.0,60.0,60.0076,51.52,0.833547,0.000229,8e-05,0.000127,5.2e-05,7.7e-05,3.1e-05,0.000102,0.000111,7.8e-05,5.1e-05,0.000275,9.6e-05,0.000152,6.2e-05,3.7e-05,0.000133,6.1e-05,0.0,60.01,3.5,0.0,4e-06,60.0
norm_0932,Normal,3,sim_27,sim_27,27,Frequency Excursion +0.01 Hz,IEEE / NERC standard,Subtle normal governor regulation deadband (+0.01 Hz),train,5000.0,60.0,0.135,True,0.9407,0.589286,0.835972,1.418617,0.0347,0.0,60.0,60.008,51.42,0.833368,0.000159,0.000203,0.000276,2.3e-05,5e-05,0.000204,0.000133,8.6e-05,2.5e-05,6.7e-05,0.000191,0.000244,0.000331,2.8e-05,0.000245,0.000103,8e-05,0.0,60.01,3.61,0.0,5e-06,60.0
norm_0933,Normal,3,sim_27,sim_27,27,Frequency Excursion +0.01 Hz,IEEE / NERC standard,Subtle normal governor regulation deadband (+0.01 Hz),train,5000.0,60.0,0.1384,True,0.9461,0.589343,0.835854,1.418279,0.0219,0.0,60.0,60.0088,51.88,0.833449,2.7e-05,8e-05,8.3e-05,0.000138,0.0002,8.8e-05,7.8e-05,0.000108,0.000179,1.8e-05,3.2e-05,9.6e-05,0.0001,0.000166,0.000106,0.00013,2.2e-05,0.0,60.01,3.5,0.0001,4e-06,60.0
norm_0934,Normal,3,sim_27,sim_27,27,Frequency Excursion +0.01 Hz,IEEE / NERC standard,Subtle normal governor regulation deadband (+0.01 Hz),train,5000.0,60.0,0.1418,True,0.9382,0.58929,0.835296,1.417461,0.03,0.0,60.0,60.0096,52.02,0.833374,0.000233,0.00017,0.000127,0.000162,5.9e-05,8.7e-05,4.5e-05,2.9e-05,5.3e-05,0.000102,0.00028,0.000204,0.000152,0.000194,0.000104,3.5e-05,0.000122,0.0,60.01,3.49,0.0,5e-06,60.0
norm_0935,Normal,3,sim_27,sim_27,27,Frequency Excursion +0.01 Hz,IEEE / NERC standard,Subtle normal governor regulation deadband (+0.01 Hz),train,5000.0,60.0,0.1452,True,0.9471,0.589437,0.835973,1.418256,0.0256,0.0,60.0,60.0112,52.19,0.833582,0.000155,0.000119,6.3e-05,7.6e-05,0.000104,0.000161,3.3e-05,7.1e-05,2.3e-05,0.000143,0.000186,0.000143,7.6e-05,9.1e-05,0.000193,8.5e-05,0.000172,0.0,60.01,3.36,0.0,4e-06,60.0
norm_0936,Normal,3,sim_27,sim_27,27,Frequency Excursion +0.01 Hz,IEEE / NERC standard,Subtle normal governor regulation deadband (+0.01 Hz),train,5000.0,60.0,0.1488,True,0.9404,0.589379,0.837333,1.420704,0.0192,0.0,60.0,60.011,51.97,0.833501,9.8e-05,7.6e-05,5.1e-05,6.1e-05,3.8e-05,0.000127,0.00015,4.7e-05,4.3e-05,0.000145,0.000118,9.1e-05,6.1e-05,7.3e-05,0.000152,5.6e-05,0.000174,0.0,60.01,3.5,0.0,4e-06,60.0
norm_0937,Normal,3,sim_27,sim_27,27,Frequency Excursion +0.01 Hz,IEEE / NERC standard,Subtle normal governor regulation deadband (+0.01 Hz),train,5000.0,60.0,0.1522,True,0.9476,0.589279,0.835936,1.418574,0.0251,0.0,60.0,60.0098,52.12,0.833359,0.00018,0.000106,5.7e-05,9.3e-05,8.3e-05,0.000155,5.8e-05,5.8e-05,9.5e-05,0.000114,0.000216,0.000127,6.8e-05,0.000112,0.000186,7e-05,0.000137,0.0,60.01,3.5,0.0,5e-06,60.0
norm_0938,Normal,3,sim_27,sim_27,27,Frequency Excursion +0.01 Hz,IEEE / NERC standard,Subtle normal governor regulation deadband (+0.01 Hz),train,5000.0,60.0,0.1556,True,0.9359,0.589352,0.836356,1.419111,0.0128,0.0,60.0,60.0068,50.99,0.833462,0.000105,3.3e-05,5.2e-05,8.9e-05,6.5e-05,5e-05,6.4e-05,0.000141,2.7e-05,2.4e-05,0.000126,4e-05,6.2e-05,0.000107,6e-05,0.000169,2.9e-05,0.0,60.01,3.56,0.0,5e-06,60.0
norm_0939,Normal,3,sim_27,sim_27,27,Frequency Excursion +0.01 Hz,IEEE / NERC standard,Subtle normal governor regulation deadband (+0.01 Hz),train,5000.0,60.0,0.159,True,0.938,0.589283,0.836125,1.418884,0.0319,0.0,60.0,60.0105,52.03,0.833364,0.000264,0.000194,0.000118,0.000181,7.2e-05,1.2e-05,8.6e-05,4.9e-05,5.1e-05,9.7e-05,0.000317,0.000233,0.000142,0.000217,1.4e-05,5.9e-05,0.000116,0.0,60.01,3.35,0.0001,5e-06,60.0
norm_0940,Normal,3,sim_27,sim_27,27,Frequency Excursion +0.01 Hz,IEEE / NERC standard,Subtle normal governor regulation deadband (+0.01 Hz),train,5000.0,60.0,0.1624,True,0.948,0.589374,0.836029,1.418502,0.0216,0.0,60.0,60.0093,51.94,0.833493,0.000257,0.000123,0.000118,0.000118,0.000183,5.7e-05,6.3e-05,4.8e-05,3.7e-05,5.4e-05,0.000308,0.000148,0.000142,0.000142,6.8e-05,5.8e-05,6.5e-05,0.0,60.01,3.45,0.0,4e-06,60.0
norm_0941,Normal,3,sim_27,sim_27,27,Frequency Excursion +0.01 Hz,IEEE / NERC standard,Subtle normal governor regulation deadband (+0.01 Hz),train,5000.0,60.0,0.1658,True,0.933,0.58926,0.836464,1.419514,0.0109,0.0,60.0,60.0094,51.81,0.833331,0.000198,4.8e-05,9.8e-05,7.4e-05,8.5e-05,2.2e-05,0.000108,0.000144,3.3e-05,0.000177,0.000238,5.8e-05,0.000118,8.9e-05,2.6e-05,0.000173,0.000212,0.0,60.01,3.47,0.0001,4e-06,60.0
norm_0942,Normal,3,sim_27,sim_27,27,Frequency Excursion +0.01 Hz,IEEE / NERC standard,Subtle normal governor regulation deadband (+0.01 Hz),train,5000.0,60.0,0.1692,True,0.9349,0.589296,0.836692,1.419815,0.0249,0.0,60.0,60.0083,51.61,0.833383,0.000139,7.7e-05,0.000117,0.00012,8.3e-05,0.000151,9e-05,7.4e-05,0.000131,1.8e-05,0.000167,9.2e-05,0.00014,0.000144,0.000181,8.9e-05,2.2e-05,0.0,60.01,3.45,0.0,5e-06,60.0
norm_0943,Normal,3,sim_27,sim_27,27,Frequency Excursion +0.01 Hz,IEEE / NERC standard,Subtle normal governor regulation deadband (+0.01 Hz),train,5000.0,60.0,0.1726,True,0.9355,0.589334,0.836308,1.419072,0.0232,0.0,60.0,60.0098,51.92,0.833436,0.000105,0.000102,6e-06,0.000108,3.2e-05,0.000123,9.6e-05,7e-05,5.4e-05,0.000144,0.000126,0.000122,7e-06,0.00013,0.000148,8.4e-05,0.000173,0.0,60.01,3.69,0.0001,4e-06,60.0
norm_0944,Normal,3,sim_27,sim_27,27,Frequency Excursion +0.01 Hz,IEEE / NERC standard,Subtle normal governor regulation deadband (+0.01 Hz),train,5000.0,60.0,0.176,True,0.9416,0.589255,0.836358,1.419347,0.03,0.0,60.0,60.0142,50.76,0.833325,0.000167,6.4e-05,0.000172,0.000132,3.9e-05,0.000202,9.4e-05,1.8e-05,6.9e-05,0.000125,0.0002,7.7e-05,0.000206,0.000158,0.000242,2.2e-05,0.00015,0.0,60.01,3.56,0.0001,5e-06,60.0
norm_0945,Normal,3,sim_28,sim_28,28,Combined: Heavy Load + 59.97 Hz,PROJECT DESIGN CHOICE,Peak load coincident with minor grid frequency droop,train,5000.0,60.0,0.06,True,0.9588,0.566134,0.802867,1.418156,0.0458,0.0,60.0,59.9697,51.67,0.800585,0.000586,0.000203,0.000307,0.000234,0.000187,0.000195,0.000169,7.7e-05,0.000163,2.3e-05,0.000732,0.000254,0.000383,0.000292,0.000244,9.6e-05,2.9e-05,1e-06,60.01,3.84,0.0003,8e-06,60.0
norm_0946,Normal,3,sim_28,sim_28,28,Combined: Heavy Load + 59.97 Hz,PROJECT DESIGN CHOICE,Peak load coincident with minor grid frequency droop,train,5000.0,60.0,0.0634,True,0.9537,0.566131,0.803067,1.418519,0.0208,0.0,60.0,59.973,50.82,0.80058,0.00026,9.7e-05,0.000177,8.4e-05,8e-06,0.000106,0.000111,3.9e-05,1.8e-05,0.000129,0.000325,0.000121,0.000221,0.000105,0.000132,4.9e-05,0.000161,0.0,60.01,3.78,0.0003,5e-06,60.0
norm_0947,Normal,3,sim_28,sim_28,28,Combined: Heavy Load + 59.97 Hz,PROJECT DESIGN CHOICE,Peak load coincident with minor grid frequency droop,train,5000.0,60.0,0.0668,True,0.9834,0.566185,0.802919,1.41812,0.0388,0.0,60.0,59.9723,50.82,0.800657,0.00057,0.000201,0.000178,9.8e-05,6.9e-05,0.000216,0.000208,0.00015,0.000163,9.7e-05,0.000712,0.000251,0.000222,0.000122,0.00027,0.000187,0.000121,1e-06,60.01,3.92,0.0003,8e-06,60.0
norm_0948,Normal,3,sim_28,sim_28,28,Combined: Heavy Load + 59.97 Hz,PROJECT DESIGN CHOICE,Peak load coincident with minor grid frequency droop,train,5000.0,60.0,0.0702,True,0.9372,0.566082,0.803051,1.418613,0.021,0.0,60.0,59.9729,50.71,0.80051,0.000419,0.000131,0.000203,7.9e-05,7.6e-05,7e-05,9.1e-05,0.000106,7.5e-05,0.000179,0.000523,0.000164,0.000254,9.9e-05,8.7e-05,0.000132,0.000224,0.0,60.01,3.97,0.0003,7e-06,60.0
norm_0949,Normal,3,sim_28,sim_28,28,Combined: Heavy Load + 59.97 Hz,PROJECT DESIGN CHOICE,Peak load coincident with minor grid frequency droop,train,5000.0,60.0,0.0736,True,0.9821,0.565828,0.802474,1.41823,0.0237,0.0,60.0,59.9684,51.31,0.800152,0.000351,6.2e-05,4.4e-05,0.00014,8.1e-05,0.000111,3.2e-05,7e-05,0.000114,3.6e-05,0.000439,7.7e-05,5.5e-05,0.000175,0.000139,8.7e-05,4.5e-05,0.0,60.01,3.65,0.0003,5e-06,60.0
norm_0950,Normal,3,sim_28,sim_28,28,Combined: Heavy Load + 59.97 Hz,PROJECT DESIGN CHOICE,Peak load coincident with minor grid frequency droop,train,5000.0,60.0,0.077,True,0.9592,0.566158,0.802573,1.417579,0.0569,0.0,60.0,59.969,51.62,0.800619,0.000542,0.000318,0.000269,0.000238,0.000105,0.000223,0.000232,8e-06,3.8e-05,0.000127,0.000677,0.000397,0.000336,0.000297,0.000279,1e-05,0.000159,1e-06,60.01,3.75,0.0002,7e-06,60.0
norm_0951,Normal,3,sim_28,sim_28,28,Combined: Heavy Load + 59.97 Hz,PROJECT DESIGN CHOICE,Peak load coincident with minor grid frequency droop,train,5000.0,60.0,0.0804,True,0.9595,0.565919,0.804016,1.420727,0.0229,0.0,60.0,59.9689,51.67,0.80028,0.000212,0.000113,7.3e-05,3.9e-05,3.1e-05,0.000139,0.000112,3.5e-05,2.8e-05,0.000124,0.000265,0.000141,9.1e-05,4.9e-05,0.000174,4.4e-05,0.000155,0.0,60.01,3.55,0.0003,5e-06,60.0
norm_0952,Normal,3,sim_28,sim_28,28,Combined: Heavy Load + 59.97 Hz,PROJECT DESIGN CHOICE,Peak load coincident with minor grid frequency droop,train,5000.0,60.0,0.0838,True,0.9741,0.566136,0.803336,1.418979,0.0477,0.0,60.0,59.9698,51.54,0.800587,0.000462,0.000271,0.000249,0.000201,0.000104,0.000179,0.000157,0.0001,3.3e-05,4e-05,0.000577,0.000339,0.000311,0.000251,0.000224,0.000125,5e-05,0.0,60.01,3.8,0.0003,7e-06,60.0
norm_0953,Normal,3,sim_28,sim_28,28,Combined: Heavy Load + 59.97 Hz,PROJECT DESIGN CHOICE,Peak load coincident with minor grid frequency droop,train,5000.0,60.0,0.0872,True,0.9397,0.566106,0.802367,1.417343,0.0337,0.0,60.0,59.9733,50.27,0.800543,0.000348,0.000253,0.000121,9.2e-05,0.000163,1.3e-05,0.00018,9.9e-05,6.3e-05,1.3e-05,0.000435,0.000316,0.000151,0.000115,1.6e-05,0.000124,1.6e-05,0.0,60.01,3.95,0.0003,8e-06,60.0
norm_0954,Normal,3,sim_28,sim_28,28,Combined: Heavy Load + 59.97 Hz,PROJECT DESIGN CHOICE,Peak load coincident with minor grid frequency droop,train,5000.0,60.0,0.0908,True,0.9895,0.566037,0.802911,1.418479,0.0485,0.0,60.0,59.9708,51.63,0.800447,0.000416,0.000323,0.000149,0.00013,0.000126,0.000172,0.000156,6.3e-05,5.8e-05,7.3e-05,0.00052,0.000404,0.000186,0.000162,0.000215,7.9e-05,9.1e-05,0.0,60.01,3.59,0.0003,6e-06,60.0
norm_0955,Normal,3,sim_28,sim_28,28,Combined: Heavy Load + 59.97 Hz,PROJECT DESIGN CHOICE,Peak load coincident with minor grid frequency droop,train,5000.0,60.0,0.0942,True,0.9425,0.566247,0.803293,1.418627,0.0471,0.0,60.0,59.9694,51.27,0.800743,0.000591,0.000305,0.000178,0.000157,0.000113,0.000156,0.000221,0.000192,7.9e-05,0.000238,0.000738,0.000381,0.000222,0.000196,0.000195,0.00024,0.000297,1e-06,60.01,3.96,0.0003,8e-06,60.0
norm_0956,Normal,3,sim_28,sim_28,28,Combined: Heavy Load + 59.97 Hz,PROJECT DESIGN CHOICE,Peak load coincident with minor grid frequency droop,train,5000.0,60.0,0.0976,True,0.9689,0.56588,0.803383,1.419705,0.0247,0.0,60.0,59.9706,51.42,0.800225,0.000377,0.00018,6.1e-05,1.4e-05,4.1e-05,8e-05,0.000128,5.4e-05,5.3e-05,4.8e-05,0.000471,0.000225,7.6e-05,1.7e-05,0.0001,6.7e-05,6e-05,0.0,60.01,3.72,0.0003,5e-06,60.0
norm_0957,Normal,3,sim_28,sim_28,28,Combined: Heavy Load + 59.97 Hz,PROJECT DESIGN CHOICE,Peak load coincident with minor grid frequency droop,train,5000.0,60.0,0.101,True,0.9714,0.566141,0.804144,1.420396,0.0475,0.0,60.0,59.9683,51.05,0.800594,0.000636,0.000259,0.000193,9.2e-05,0.000155,0.000263,9.4e-05,0.000108,0.0001,8.7e-05,0.000794,0.000324,0.000241,0.000115,0.000329,0.000135,0.000109,1e-06,60.01,3.97,0.0003,8e-06,60.0
norm_0958,Normal,3,sim_28,sim_28,28,Combined: Heavy Load + 59.97 Hz,PROJECT DESIGN CHOICE,Peak load coincident with minor grid frequency droop,train,5000.0,60.0,0.1044,True,0.9466,0.565981,0.803543,1.419735,0.0248,0.0,60.0,59.97,51.44,0.800367,0.000562,0.00014,0.000133,7.7e-05,0.0001,0.000118,0.000126,0.000147,0.000113,0.000107,0.000702,0.000175,0.000166,9.6e-05,0.000147,0.000184,0.000134,0.0,60.01,3.75,0.0003,7e-06,60.0
norm_0959,Normal,3,sim_28,sim_28,28,Combined: Heavy Load + 59.97 Hz,PROJECT DESIGN CHOICE,Peak load coincident with minor grid frequency droop,train,5000.0,60.0,0.1078,True,0.9841,0.566073,0.803312,1.419096,0.0543,0.0,60.0,59.9696,51.54,0.800497,0.000413,0.00025,0.000228,0.000349,5.5e-05,6.7e-05,1.8e-05,5.6e-05,7.3e-05,6.5e-05,0.000516,0.000312,0.000285,0.000436,8.4e-05,7e-05,8.1e-05,0.0,60.01,3.72,0.0003,6e-06,60.0
norm_0960,Normal,3,sim_28,sim_28,28,Combined: Heavy Load + 59.97 Hz,PROJECT DESIGN CHOICE,Peak load coincident with minor grid frequency droop,train,5000.0,60.0,0.1112,True,0.9458,0.566209,0.802988,1.418183,0.0507,0.0,60.0,59.968,51.12,0.80069,0.000531,0.000344,0.000253,0.000146,0.00018,0.000158,0.000104,0.00018,0.000141,2.7e-05,0.000663,0.00043,0.000316,0.000182,0.000197,0.000225,3.4e-05,1e-06,60.01,4.1,0.0003,8e-06,60.0
norm_0961,Normal,3,sim_28,sim_28,28,Combined: Heavy Load + 59.97 Hz,PROJECT DESIGN CHOICE,Peak load coincident with minor grid frequency droop,train,5000.0,60.0,0.1146,True,0.9738,0.565931,0.802262,1.417598,0.0221,0.0,60.0,59.9719,51.14,0.800297,0.000333,0.000135,0.000119,8.3e-05,0.000155,7.8e-05,0.000129,8.4e-05,6.5e-05,8.3e-05,0.000416,0.000169,0.000149,0.000104,9.7e-05,0.000105,0.000104,0.0,60.01,3.71,0.0003,6e-06,60.0
norm_0962,Normal,3,sim_28,sim_28,28,Combined: Heavy Load + 59.97 Hz,PROJECT DESIGN CHOICE,Peak load coincident with minor grid frequency droop,train,5000.0,60.0,0.118,True,0.963,0.566175,0.803873,1.419833,0.0588,0.0,60.0,59.971,50.99,0.800641,0.00048,0.000378,0.000221,0.000234,0.000115,0.000155,0.000124,0.000101,0.000105,0.000115,0.0006,0.000472,0.000276,0.000292,0.000194,0.000126,0.000144,1e-06,60.01,4.05,0.0003,8e-06,60.0
norm_0963,Normal,3,sim_28,sim_28,28,Combined: Heavy Load + 59.97 Hz,PROJECT DESIGN CHOICE,Peak load coincident with minor grid frequency droop,train,5000.0,60.0,0.1214,True,0.9487,0.565955,0.803436,1.419609,0.028,0.0,60.0,59.9701,51.49,0.800332,0.000381,0.000188,0.00012,0.000115,0.000119,4.2e-05,6.2e-05,8.1e-05,0.000102,0.0002,0.000476,0.000235,0.00015,0.000144,5.2e-05,0.000101,0.00025,0.0,60.01,3.76,0.0003,6e-06,60.0
norm_0964,Normal,3,sim_28,sim_28,28,Combined: Heavy Load + 59.97 Hz,PROJECT DESIGN CHOICE,Peak load coincident with minor grid frequency droop,train,5000.0,60.0,0.1248,True,0.9765,0.566105,0.80444,1.421009,0.0378,0.0,60.0,59.969,51.61,0.800543,0.000445,9e-05,0.000258,0.000283,0.000131,6e-05,4.2e-05,0.000111,7.7e-05,8.7e-05,0.000556,0.000112,0.000322,0.000354,7.5e-05,0.000139,0.000109,0.0,60.01,3.71,0.0003,7e-06,60.0
norm_0965,Normal,3,sim_28,sim_28,28,Combined: Heavy Load + 59.97 Hz,PROJECT DESIGN CHOICE,Peak load coincident with minor grid frequency droop,train,5000.0,60.0,0.1282,True,0.9397,0.566128,0.803106,1.418594,0.0512,0.0,60.0,59.9717,51.34,0.800577,0.000584,0.000319,0.00022,0.000205,0.000176,0.000157,0.000201,0.000132,8e-05,1.9e-05,0.000729,0.000398,0.000275,0.000256,0.000196,0.000165,2.4e-05,1e-06,60.01,3.9,0.0003,7e-06,60.0
norm_0966,Normal,3,sim_28,sim_28,28,Combined: Heavy Load + 59.97 Hz,PROJECT DESIGN CHOICE,Peak load coincident with minor grid frequency droop,train,5000.0,60.0,0.1316,True,0.9811,0.565936,0.804317,1.421214,0.0255,0.0,60.0,59.9709,51.62,0.800305,0.000164,0.000146,0.000164,6.9e-05,7e-05,0.000124,3.9e-05,0.000117,4.2e-05,0.000113,0.000205,0.000182,0.000205,8.6e-05,0.000155,0.000146,0.000141,0.0,60.01,3.66,0.0003,5e-06,60.0
norm_0967,Normal,3,sim_28,sim_28,28,Combined: Heavy Load + 59.97 Hz,PROJECT DESIGN CHOICE,Peak load coincident with minor grid frequency droop,train,5000.0,60.0,0.135,True,0.9603,0.56624,0.80325,1.418569,0.042,0.0,60.0,59.9706,51.64,0.800733,0.000578,0.000314,0.000239,9.4e-05,8.4e-05,7.6e-05,0.000144,6e-05,0.000147,0.000132,0.000722,0.000392,0.000298,0.000117,9.5e-05,7.5e-05,0.000165,1e-06,60.01,4.06,0.0003,8e-06,60.0
norm_0968,Normal,3,sim_28,sim_28,28,Combined: Heavy Load + 59.97 Hz,PROJECT DESIGN CHOICE,Peak load coincident with minor grid frequency droop,train,5000.0,60.0,0.1384,True,0.9393,0.56599,0.802898,1.418573,0.0351,0.0,60.0,59.9661,50.14,0.800381,0.000417,0.000121,0.00013,5.6e-05,8.3e-05,0.000247,3.9e-05,8.5e-05,1.3e-05,0.00011,0.000521,0.000151,0.000162,7e-05,0.000309,0.000106,0.000137,0.0,60.01,3.86,0.0003,6e-06,60.0
norm_0969,Normal,3,sim_28,sim_28,28,Combined: Heavy Load + 59.97 Hz,PROJECT DESIGN CHOICE,Peak load coincident with minor grid frequency droop,train,5000.0,60.0,0.1418,True,0.9849,0.566076,0.803005,1.418547,0.0491,0.0,60.0,59.9681,51.21,0.800501,0.000464,0.000324,0.000197,0.000144,0.000107,0.000169,0.000108,0.000131,0.000122,0.000129,0.00058,0.000405,0.000246,0.00018,0.000211,0.000164,0.000161,0.0,60.01,3.91,0.0003,7e-06,60.0
norm_0970,Normal,3,sim_28,sim_28,28,Combined: Heavy Load + 59.97 Hz,PROJECT DESIGN CHOICE,Peak load coincident with minor grid frequency droop,train,5000.0,60.0,0.1452,True,0.9296,0.566179,0.805625,1.422916,0.0481,0.0,60.0,59.9681,51.24,0.800648,0.000457,0.000176,0.000198,0.000179,2.8e-05,0.000292,5.5e-05,0.000125,8.7e-05,0.000202,0.000571,0.00022,0.000247,0.000224,0.000365,0.000156,0.000252,0.0,60.01,3.89,0.0003,7e-06,60.0
norm_0971,Normal,3,sim_28,sim_28,28,Combined: Heavy Load + 59.97 Hz,PROJECT DESIGN CHOICE,Peak load coincident with minor grid frequency droop,train,5000.0,60.0,0.1488,True,0.9806,0.565953,0.803226,1.419246,0.0175,0.0,60.0,59.9698,51.52,0.800329,0.000215,5.9e-05,4.2e-05,9e-05,0.000108,8.9e-05,9.3e-05,9.5e-05,0.000175,0.000118,0.000269,7.4e-05,5.2e-05,0.000112,0.000111,0.000119,0.000147,0.0,60.01,3.69,0.0003,6e-06,60.0
norm_0972,Normal,3,sim_28,sim_28,28,Combined: Heavy Load + 59.97 Hz,PROJECT DESIGN CHOICE,Peak load coincident with minor grid frequency droop,train,5000.0,60.0,0.1522,True,0.9462,0.566241,0.803152,1.418392,0.0403,0.0,60.0,59.97,51.49,0.800738,0.000494,0.000232,0.000113,0.000182,0.000179,0.000132,1.8e-05,8.4e-05,4.5e-05,0.000115,0.000617,0.00029,0.000141,0.000227,0.000165,0.000105,0.000144,0.0,60.01,3.91,0.0002,8e-06,60.0
norm_0973,Normal,3,sim_28,sim_28,28,Combined: Heavy Load + 59.97 Hz,PROJECT DESIGN CHOICE,Peak load coincident with minor grid frequency droop,train,5000.0,60.0,0.1556,True,0.9605,0.565872,0.802667,1.418461,0.0287,0.0,60.0,59.97,51.53,0.800213,0.000385,0.000148,0.000115,0.000175,9.3e-05,8e-06,0.000181,0.000107,3.3e-05,2.9e-05,0.000481,0.000185,0.000144,0.000219,1e-05,0.000134,3.6e-05,0.0,60.01,3.69,0.0003,5e-06,60.0
norm_0974,Normal,3,sim_28,sim_28,28,Combined: Heavy Load + 59.97 Hz,PROJECT DESIGN CHOICE,Peak load coincident with minor grid frequency droop,train,5000.0,60.0,0.159,True,0.9759,0.566148,0.803259,1.418815,0.0391,0.0,60.0,59.9707,51.42,0.800603,0.000529,0.000266,0.000229,0.000157,0.000167,5.5e-05,0.000138,0.000143,0.000106,8.6e-05,0.000661,0.000332,0.000286,0.000196,6.9e-05,0.000179,0.000107,1e-06,60.01,3.76,0.0003,8e-06,60.0
norm_0975,Normal,3,sim_28,sim_28,28,Combined: Heavy Load + 59.97 Hz,PROJECT DESIGN CHOICE,Peak load coincident with minor grid frequency droop,train,5000.0,60.0,0.1624,True,0.9419,0.566045,0.803069,1.418738,0.0463,0.0,60.0,59.972,51.18,0.800458,0.000351,0.000208,0.000192,0.000169,0.000261,0.000256,0.000206,0.000105,7.6e-05,7.9e-05,0.000438,0.00026,0.00024,0.000211,0.00032,0.000131,9.9e-05,0.0,60.01,3.74,0.0003,7e-06,60.0
norm_0976,Normal,3,sim_28,sim_28,28,Combined: Heavy Load + 59.97 Hz,PROJECT DESIGN CHOICE,Peak load coincident with minor grid frequency droop,train,5000.0,60.0,0.1658,True,0.9823,0.565941,0.804342,1.421246,0.0383,0.0,60.0,59.9708,51.76,0.800313,0.000407,0.000183,0.000206,0.000198,0.000134,0.000147,5.1e-05,0.000102,0.000125,0.000107,0.000509,0.000229,0.000257,0.000247,0.000184,0.000127,0.000134,0.0,60.01,3.59,0.0002,6e-06,60.0
norm_0977,Normal,3,sim_28,sim_28,28,Combined: Heavy Load + 59.97 Hz,PROJECT DESIGN CHOICE,Peak load coincident with minor grid frequency droop,train,5000.0,60.0,0.1692,True,0.945,0.566216,0.803621,1.419285,0.0434,0.0,60.0,59.9723,51.27,0.8007,0.00057,0.000236,0.000302,0.000238,0.000145,9.1e-05,0.000131,5.8e-05,8.4e-05,9.9e-05,0.000712,0.000295,0.000377,0.000297,0.000114,7.2e-05,0.000124,1e-06,60.01,3.9,0.0003,7e-06,60.0
norm_0978,Normal,3,sim_28,sim_28,28,Combined: Heavy Load + 59.97 Hz,PROJECT DESIGN CHOICE,Peak load coincident with minor grid frequency droop,train,5000.0,60.0,0.1726,True,0.9632,0.56591,0.80334,1.419554,0.0329,0.0,60.0,59.9655,50.04,0.800268,0.000157,0.000216,8.7e-05,0.000131,9.6e-05,7.3e-05,0.000168,9.3e-05,0.000162,7.8e-05,0.000196,0.00027,0.000109,0.000164,9.1e-05,0.000116,9.7e-05,0.0,60.01,3.57,0.0003,5e-06,60.0
norm_0979,Normal,3,sim_28,sim_28,28,Combined: Heavy Load + 59.97 Hz,PROJECT DESIGN CHOICE,Peak load coincident with minor grid frequency droop,train,5000.0,60.0,0.176,True,0.9661,0.566084,0.804102,1.420465,0.0294,0.0,60.0,59.9709,51.43,0.800514,0.000607,0.000195,0.000172,0.000131,6.9e-05,1e-05,0.000154,0.000123,6.9e-05,7e-06,0.000758,0.000244,0.000215,0.000164,1.2e-05,0.000154,9e-06,1e-06,60.01,3.86,0.0003,7e-06,60.0
norm_0980,Normal,3,sim_29,sim_29,29,Combined: Light Load + 60.03 Hz,PROJECT DESIGN CHOICE,Off-peak load coincident with minor grid frequency rise,train,5000.0,60.0,0.06,True,0.932,0.614149,0.872132,1.420066,0.0386,0.0,60.0,60.0302,51.89,0.868485,0.000503,0.000241,0.000158,0.00018,0.000231,0.000148,0.000149,0.000124,4.4e-05,3.7e-05,0.000579,0.000277,0.000182,0.000207,0.00017,0.000143,4.3e-05,0.0,60.01,3.84,0.0003,7e-06,60.0
norm_0981,Normal,3,sim_29,sim_29,29,Combined: Light Load + 60.03 Hz,PROJECT DESIGN CHOICE,Off-peak load coincident with minor grid frequency rise,train,5000.0,60.0,0.0634,True,0.9075,0.614503,0.871898,1.418866,0.0267,0.0,60.0,60.0281,51.75,0.868984,0.000312,0.000129,0.000187,0.000191,0.000116,1.8e-05,2.9e-05,0.000116,5e-05,0.000177,0.000359,0.000148,0.000215,0.00022,2.1e-05,0.000133,0.000204,0.0,60.01,3.36,0.0002,5e-06,60.0
norm_0982,Normal,3,sim_29,sim_29,29,Combined: Light Load + 60.03 Hz,PROJECT DESIGN CHOICE,Off-peak load coincident with minor grid frequency rise,train,5000.0,60.0,0.0668,True,0.9085,0.614197,0.870691,1.417608,0.0498,0.0,60.0,60.0307,52.35,0.868553,0.000413,0.000299,0.000298,0.000257,0.000256,0.000178,5.9e-05,5.8e-05,0.000133,5.1e-05,0.000476,0.000344,0.000343,0.000296,0.000205,6.7e-05,5.9e-05,1e-06,60.01,3.44,0.0003,6e-06,60.0
norm_0983,Normal,3,sim_29,sim_29,29,Combined: Light Load + 60.03 Hz,PROJECT DESIGN CHOICE,Off-peak load coincident with minor grid frequency rise,train,5000.0,60.0,0.0702,True,0.9332,0.614273,0.871684,1.41905,0.0391,0.0,60.0,60.0285,51.92,0.868658,0.000505,0.000254,0.000136,0.000224,0.000137,2.3e-05,0.000101,0.000114,0.000199,0.000135,0.000581,0.000292,0.000157,0.000258,2.6e-05,0.000131,0.000155,0.0,60.01,3.69,0.0003,6e-06,60.0
norm_0984,Normal,3,sim_29,sim_29,29,Combined: Light Load + 60.03 Hz,PROJECT DESIGN CHOICE,Off-peak load coincident with minor grid frequency rise,train,5000.0,60.0,0.0736,True,0.8929,0.614428,0.872088,1.419349,0.0347,0.0,60.0,60.0289,52.34,0.868879,0.000454,0.000203,0.000167,0.000138,5.6e-05,0.000175,7.2e-05,2.8e-05,0.000102,0.00016,0.000523,0.000234,0.000192,0.000159,0.000201,3.2e-05,0.000184,0.0,60.01,3.19,0.0002,5e-06,60.0
norm_0985,Normal,3,sim_29,sim_29,29,Combined: Light Load + 60.03 Hz,PROJECT DESIGN CHOICE,Off-peak load coincident with minor grid frequency rise,train,5000.0,60.0,0.077,True,0.9286,0.614168,0.872348,1.420373,0.0494,0.0,60.0,60.0319,52.06,0.868511,0.000579,0.00031,0.000158,0.000111,5e-05,0.000275,9.9e-05,0.000179,0.000154,4.4e-05,0.000667,0.000357,0.000182,0.000128,0.000317,0.000206,5.1e-05,1e-06,60.01,3.53,0.0003,7e-06,60.0
norm_0986,Normal,3,sim_29,sim_29,29,Combined: Light Load + 60.03 Hz,PROJECT DESIGN CHOICE,Off-peak load coincident with minor grid frequency rise,train,5000.0,60.0,0.0804,True,0.9039,0.614442,0.872027,1.419219,0.0157,0.0,60.0,60.0304,52.26,0.868897,0.000292,2.1e-05,4.1e-05,6.6e-05,0.000126,0.000118,0.00011,6.3e-05,0.000124,0.000123,0.000336,2.4e-05,4.7e-05,7.6e-05,0.000136,7.3e-05,0.000142,0.0,60.01,3.31,0.0003,5e-06,60.0
norm_0987,Normal,3,sim_29,sim_29,29,Combined: Light Load + 60.03 Hz,PROJECT DESIGN CHOICE,Off-peak load coincident with minor grid frequency rise,train,5000.0,60.0,0.0838,True,0.911,0.614188,0.871279,1.418588,0.0386,0.0,60.0,60.0313,51.89,0.868539,0.000566,0.000235,0.000348,0.000126,0.000195,0.000203,4.3e-05,6.7e-05,2.8e-05,0.000166,0.000652,0.000271,0.000401,0.000145,0.000234,7.7e-05,0.000191,1e-06,60.01,3.56,0.0003,7e-06,60.0
norm_0988,Normal,3,sim_29,sim_29,29,Combined: Light Load + 60.03 Hz,PROJECT DESIGN CHOICE,Off-peak load coincident with minor grid frequency rise,train,5000.0,60.0,0.0872,True,0.9405,0.614346,0.871989,1.419378,0.0401,0.0,60.0,60.029,52.14,0.868762,0.000358,0.000301,0.000233,0.000152,0.000134,8.8e-05,7.6e-05,0.000124,0.00017,0.000195,0.000412,0.000346,0.000268,0.000175,0.000101,0.000143,0.000224,0.0,60.01,3.59,0.0003,6e-06,60.0
norm_0989,Normal,3,sim_29,sim_29,29,Combined: Light Load + 60.03 Hz,PROJECT DESIGN CHOICE,Off-peak load coincident with minor grid frequency rise,train,5000.0,60.0,0.0908,True,0.8905,0.61432,0.871112,1.418012,0.0328,0.0,60.0,60.032,51.65,0.868725,0.000361,0.00025,0.000173,0.000128,0.000101,5e-05,5.5e-05,0.00012,0.000149,3.2e-05,0.000416,0.000288,0.000199,0.000147,5.8e-05,0.000138,3.7e-05,0.0,60.01,3.53,0.0003,6e-06,60.0
norm_0990,Normal,3,sim_29,sim_29,29,Combined: Light Load + 60.03 Hz,PROJECT DESIGN CHOICE,Off-peak load coincident with minor grid frequency rise,train,5000.0,60.0,0.0942,True,0.9426,0.614113,0.870875,1.418103,0.0387,0.0,60.0,60.0286,51.94,0.868433,0.000605,0.000279,0.000248,0.000138,0.000162,0.000126,0.000126,0.00015,9.2e-05,9.6e-05,0.000697,0.000321,0.000286,0.000159,0.000145,0.000173,0.000111,1e-06,60.01,3.72,0.0003,7e-06,60.0
norm_0991,Normal,3,sim_29,sim_29,29,Combined: Light Load + 60.03 Hz,PROJECT DESIGN CHOICE,Off-peak load coincident with minor grid frequency rise,train,5000.0,60.0,0.0976,True,0.8956,0.614398,0.871604,1.418631,0.0223,0.0,60.0,60.0296,52.21,0.868835,0.000312,0.000139,3.8e-05,0.000133,4.8e-05,2.5e-05,8.4e-05,0.000158,6.2e-05,9.5e-05,0.000359,0.00016,4.4e-05,0.000153,2.9e-05,0.000182,0.000109,0.0,60.01,3.33,0.0003,5e-06,60.0
norm_0992,Normal,3,sim_29,sim_29,29,Combined: Light Load + 60.03 Hz,PROJECT DESIGN CHOICE,Off-peak load coincident with minor grid frequency rise,train,5000.0,60.0,0.101,True,0.9223,0.614148,0.870946,1.418138,0.0483,0.0,60.0,60.0274,51.77,0.868482,0.000554,0.000306,0.000178,0.000227,9.5e-05,0.000176,3.7e-05,8.4e-05,0.000157,0.000137,0.000638,0.000352,0.000205,0.000261,0.000203,9.7e-05,0.000158,1e-06,60.01,3.58,0.0003,7e-06,60.0
norm_0993,Normal,3,sim_29,sim_29,29,Combined: Light Load + 60.03 Hz,PROJECT DESIGN CHOICE,Off-peak load coincident with minor grid frequency rise,train,5000.0,60.0,0.1044,True,0.9202,0.614336,0.870686,1.41728,0.0304,0.0,60.0,60.0301,52.3,0.868748,0.000393,0.000174,0.000101,0.000177,0.000158,9.1e-05,0.000139,0.000107,0.000119,6.1e-05,0.000452,0.0002,0.000116,0.000204,0.000105,0.000123,7e-05,0.0,60.01,3.27,0.0003,5e-06,60.0
norm_0994,Normal,3,sim_29,sim_29,29,Combined: Light Load + 60.03 Hz,PROJECT DESIGN CHOICE,Off-peak load coincident with minor grid frequency rise,train,5000.0,60.0,0.1078,True,0.8954,0.614335,0.872221,1.419782,0.0247,0.0,60.0,60.0301,52.31,0.868746,0.000477,0.000201,5.8e-05,5.9e-05,0.000132,4.8e-05,2.8e-05,6.2e-05,8.5e-05,0.000163,0.000549,0.000231,6.7e-05,6.8e-05,5.5e-05,7.1e-05,0.000188,0.0,60.01,3.58,0.0003,6e-06,60.0
norm_0995,Normal,3,sim_29,sim_29,29,Combined: Light Load + 60.03 Hz,PROJECT DESIGN CHOICE,Off-peak load coincident with minor grid frequency rise,train,5000.0,60.0,0.1112,True,0.9453,0.614191,0.872022,1.419788,0.0448,0.0,60.0,60.0294,52.45,0.868544,0.000439,0.00031,0.000329,0.000156,0.000228,0.000177,0.000143,6.4e-05,0.00014,0.000184,0.000505,0.000357,0.000379,0.00018,0.000204,7.4e-05,0.000212,1e-06,60.01,3.57,0.0003,7e-06,60.0
norm_0996,Normal,3,sim_29,sim_29,29,Combined: Light Load + 60.03 Hz,PROJECT DESIGN CHOICE,Off-peak load coincident with minor grid frequency rise,train,5000.0,60.0,0.1146,True,0.886,0.614428,0.871643,1.418625,0.0198,0.0,60.0,60.0283,51.76,0.868878,0.000407,3.4e-05,0.000104,9.2e-05,0.000127,0.000142,7.7e-05,0.000128,4.5e-05,1.9e-05,0.000468,3.9e-05,0.00012,0.000106,0.000163,0.000147,2.2e-05,0.0,60.01,3.53,0.0003,5e-06,60.0
norm_0997,Normal,3,sim_29,sim_29,29,Combined: Light Load + 60.03 Hz,PROJECT DESIGN CHOICE,Off-peak load coincident with minor grid frequency rise,train,5000.0,60.0,0.118,True,0.9235,0.614069,0.872904,1.421507,0.0548,0.0,60.0,60.0306,52.07,0.868371,0.000691,0.000437,0.000185,0.000113,2.4e-05,0.000149,0.000131,0.000178,0.000186,9.3e-05,0.000796,0.000503,0.000213,0.00013,0.000172,0.000205,0.000107,1e-06,60.01,3.69,0.0003,7e-06,60.0
norm_0998,Normal,3,sim_29,sim_29,29,Combined: Light Load + 60.03 Hz,PROJECT DESIGN CHOICE,Off-peak load coincident with minor grid frequency rise,train,5000.0,60.0,0.1214,True,0.9211,0.614369,0.871368,1.418313,0.0191,0.0,60.0,60.0325,51.49,0.868796,0.000284,0.000133,0.000119,2.2e-05,7.7e-05,9.7e-05,7.5e-05,0.000133,0.000139,9.9e-05,0.000327,0.000153,0.000137,2.5e-05,0.000112,0.000153,0.000114,0.0,60.01,3.37,0.0003,5e-06,60.0
norm_0999,Normal,3,sim_29,sim_29,29,Combined: Light Load + 60.03 Hz,PROJECT DESIGN CHOICE,Off-peak load coincident with minor grid frequency rise,train,5000.0,60.0,0.1248,True,0.9006,0.614263,0.871542,1.418842,0.0367,0.0,60.0,60.0281,52.16,0.868645,0.000457,0.000263,0.000173,0.000148,4.4e-05,0.000105,0.000151,8.7e-05,9.7e-05,5e-05,0.000526,0.000303,0.000199,0.00017,0.000121,0.0001,5.8e-05,0.0,60.01,3.46,0.0003,6e-06,60.0
norm_1000,Normal,3,sim_29,sim_29,29,Combined: Light Load + 60.03 Hz,PROJECT DESIGN CHOICE,Off-peak load coincident with minor grid frequency rise,train,5000.0,60.0,0.1282,True,0.9474,0.614217,0.871755,1.419296,0.0285,0.0,60.0,60.03,51.7,0.868581,0.000437,0.000165,0.000179,0.000126,6.2e-05,0.000134,0.000181,0.000104,8e-05,0.000106,0.000503,0.00019,0.000206,0.000145,0.000154,0.00012,0.000122,0.0,60.01,3.82,0.0002,7e-06,60.0
norm_1001,Normal,3,sim_29,sim_29,29,Combined: Light Load + 60.03 Hz,PROJECT DESIGN CHOICE,Off-peak load coincident with minor grid frequency rise,train,5000.0,60.0,0.1316,True,0.8866,0.614425,0.871209,1.417924,0.0368,0.0,60.0,60.0313,52.03,0.868875,0.000343,0.000181,0.000168,0.000128,0.000159,0.00023,3.8e-05,0.000109,0.000187,3e-05,0.000395,0.000208,0.000193,0.000147,0.000265,0.000125,3.5e-05,0.0,60.01,3.42,0.0002,5e-06,60.0
norm_1002,Normal,3,sim_29,sim_29,29,Combined: Light Load + 60.03 Hz,PROJECT DESIGN CHOICE,Off-peak load coincident with minor grid frequency rise,train,5000.0,60.0,0.135,True,0.9283,0.614145,0.872768,1.42111,0.0421,0.0,60.0,60.0274,51.34,0.868479,0.000698,0.000318,0.000173,0.000111,0.000107,0.000143,0.000211,6.7e-05,4.1e-05,8.7e-05,0.000804,0.000366,0.000199,0.000128,0.000165,7.7e-05,0.0001,1e-06,60.01,3.7,0.0003,7e-06,60.0
norm_1003,Normal,3,sim_29,sim_29,29,Combined: Light Load + 60.03 Hz,PROJECT DESIGN CHOICE,Off-peak load coincident with minor grid frequency rise,train,5000.0,60.0,0.1384,True,0.9173,0.614421,0.871273,1.418039,0.0139,0.0,60.0,60.0275,51.91,0.86887,0.00025,3.6e-05,0.000204,5.4e-05,0.00015,0.000102,5.5e-05,9.2e-05,8.3e-05,0.00014,0.000288,4.1e-05,0.000235,6.2e-05,0.000117,0.000106,0.000161,0.0,60.01,3.36,0.0002,5e-06,60.0
norm_1004,Normal,3,sim_29,sim_29,29,Combined: Light Load + 60.03 Hz,PROJECT DESIGN CHOICE,Off-peak load coincident with minor grid frequency rise,train,5000.0,60.0,0.1418,True,0.902,0.614257,0.871207,1.418311,0.027,0.0,60.0,60.0303,52.1,0.868636,0.000551,0.00014,0.000266,0.000174,0.000128,7.1e-05,0.000179,0.000184,0.00021,0.000133,0.000634,0.000161,0.000306,0.0002,8.2e-05,0.000212,0.000153,1e-06,60.01,3.58,0.0003,7e-06,60.0
norm_1005,Normal,3,sim_29,sim_29,29,Combined: Light Load + 60.03 Hz,PROJECT DESIGN CHOICE,Off-peak load coincident with minor grid frequency rise,train,5000.0,60.0,0.1452,True,0.9217,0.614312,0.870427,1.416914,0.0205,0.0,60.0,60.0302,52.05,0.868714,0.000429,0.000151,0.000158,8.8e-05,0.000142,3.4e-05,0.000114,0.000168,9.6e-05,7.6e-05,0.000494,0.000174,0.000182,0.000101,3.9e-05,0.000193,8.7e-05,0.0,60.01,3.59,0.0003,6e-06,60.0
norm_1006,Normal,3,sim_29,sim_29,29,Combined: Light Load + 60.03 Hz,PROJECT DESIGN CHOICE,Off-peak load coincident with minor grid frequency rise,train,5000.0,60.0,0.1488,True,0.894,0.614279,0.872241,1.419943,0.0295,0.0,60.0,60.0332,51.44,0.868668,0.000411,0.00022,0.00022,5.8e-05,9.2e-05,0.000118,8.8e-05,5e-05,9.4e-05,5.3e-05,0.000473,0.000253,0.000253,6.7e-05,0.000136,5.8e-05,6.1e-05,0.0,60.01,3.35,0.0003,5e-06,60.0
norm_1007,Normal,3,sim_29,sim_29,29,Combined: Light Load + 60.03 Hz,PROJECT DESIGN CHOICE,Off-peak load coincident with minor grid frequency rise,train,5000.0,60.0,0.1522,True,0.9316,0.614145,0.870683,1.417717,0.0458,0.0,60.0,60.0293,52.52,0.868478,0.000502,0.000341,0.000253,0.000186,0.000152,8.5e-05,0.000208,0.000176,0.000146,6.9e-05,0.000578,0.000393,0.000291,0.000214,9.8e-05,0.000203,7.9e-05,1e-06,60.01,3.52,0.0002,7e-06,60.0
norm_1008,Normal,3,sim_29,sim_29,29,Combined: Light Load + 60.03 Hz,PROJECT DESIGN CHOICE,Off-peak load coincident with minor grid frequency rise,train,5000.0,60.0,0.1556,True,0.9064,0.614407,0.871934,1.419146,0.0258,0.0,60.0,60.0294,52.18,0.868851,0.000217,0.00022,2.6e-05,3.1e-05,0.000192,3.3e-05,0.000129,7.8e-05,0.000123,0.000108,0.00025,0.000253,3e-05,3.6e-05,3.8e-05,9e-05,0.000124,0.0,60.01,3.37,0.0002,5e-06,60.0
norm_1009,Normal,3,sim_29,sim_29,29,Combined: Light Load + 60.03 Hz,PROJECT DESIGN CHOICE,Off-peak load coincident with minor grid frequency rise,train,5000.0,60.0,0.159,True,0.9082,0.614162,0.872353,1.420395,0.0644,0.0,60.0,60.0305,52.31,0.868503,0.000576,0.000374,0.000219,0.00033,0.000116,0.000252,0.000205,0.000145,0.000122,0.00011,0.000663,0.000431,0.000252,0.00038,0.00029,0.000167,0.000127,1e-06,60.01,3.65,0.0003,7e-06,60.0
norm_1010,Normal,3,sim_29,sim_29,29,Combined: Light Load + 60.03 Hz,PROJECT DESIGN CHOICE,Off-peak load coincident with minor grid frequency rise,train,5000.0,60.0,0.1624,True,0.9249,0.614309,0.87225,1.419888,0.0403,0.0,60.0,60.0294,52.09,0.868711,0.000409,0.000253,0.000268,0.000236,3.3e-05,5.7e-05,0.000148,2.4e-05,0.000199,8.3e-05,0.000471,0.000291,0.000309,0.000272,6.6e-05,2.8e-05,9.6e-05,0.0,60.01,3.56,0.0002,6e-06,60.0
norm_1011,Normal,3,sim_29,sim_29,29,Combined: Light Load + 60.03 Hz,PROJECT DESIGN CHOICE,Off-peak load coincident with minor grid frequency rise,train,5000.0,60.0,0.1658,True,0.883,0.614249,0.870321,1.416887,0.0317,0.0,60.0,60.0302,52.15,0.868625,0.000306,0.000236,9.2e-05,0.000117,0.000122,8.2e-05,5.3e-05,0.000174,3.7e-05,9.3e-05,0.000352,0.000272,0.000106,0.000135,9.4e-05,0.0002,0.000107,0.0,60.01,3.43,0.0002,5e-06,60.0
norm_1012,Normal,3,sim_29,sim_29,29,Combined: Light Load + 60.03 Hz,PROJECT DESIGN CHOICE,Off-peak load coincident with minor grid frequency rise,train,5000.0,60.0,0.1692,True,0.9436,0.614131,0.871947,1.419806,0.0438,0.0,60.0,60.0291,52.27,0.868457,0.000684,0.000255,0.000233,0.000226,0.000149,0.000168,0.000194,4.7e-05,6.6e-05,4.6e-05,0.000788,0.000294,0.000268,0.00026,0.000193,5.4e-05,5.3e-05,1e-06,60.01,3.53,0.0003,7e-06,60.0
norm_1013,Normal,3,sim_29,sim_29,29,Combined: Light Load + 60.03 Hz,PROJECT DESIGN CHOICE,Off-peak load coincident with minor grid frequency rise,train,5000.0,60.0,0.1726,True,0.8967,0.614396,0.871092,1.417803,0.0237,0.0,60.0,60.0307,52.32,0.868833,0.000351,0.000126,3.4e-05,0.000155,5.4e-05,5.2e-05,2.1e-05,4.4e-05,6.9e-05,4.7e-05,0.000404,0.000145,3.9e-05,0.000178,6e-05,5.1e-05,5.4e-05,0.0,60.01,3.29,0.0002,5e-06,60.0
norm_1014,Normal,3,sim_29,sim_29,29,Combined: Light Load + 60.03 Hz,PROJECT DESIGN CHOICE,Off-peak load coincident with minor grid frequency rise,train,5000.0,60.0,0.176,True,0.9178,0.614157,0.872525,1.420687,0.0532,0.0,60.0,60.0319,51.86,0.868494,0.000639,0.000404,8.7e-05,0.000191,0.000229,0.000117,0.000157,0.000195,4.9e-05,0.000206,0.000736,0.000465,0.0001,0.00022,0.000135,0.000225,0.000237,1e-06,60.01,3.78,0.0003,8e-06,60.0
norm_1015,Normal,3,sim_30,sim_30,30,Combined: Bus 5 Peak + 59.98 Hz,PROJECT DESIGN CHOICE,Local Bus 5 peak loading with slight grid frequency dip,train,5000.0,60.0,0.06,True,0.9415,0.57304,0.812586,1.418027,0.0227,0.0,60.0,59.9797,51.64,0.810376,0.000318,0.000154,0.000118,5.3e-05,0.000148,8.5e-05,7.5e-05,5.6e-05,0.000121,4.4e-05,0.000392,0.00019,0.000146,6.5e-05,0.000105,6.9e-05,5.4e-05,0.0,60.01,3.74,0.0001,6e-06,60.0
norm_1016,Normal,3,sim_30,sim_30,30,Combined: Bus 5 Peak + 59.98 Hz,PROJECT DESIGN CHOICE,Local Bus 5 peak loading with slight grid frequency dip,train,5000.0,60.0,0.0634,True,0.9479,0.572808,0.812875,1.419106,0.0201,0.0,60.0,59.981,51.73,0.810048,0.000241,9.6e-05,0.000131,9.1e-05,5.5e-05,9.5e-05,0.000158,4.4e-05,7.3e-05,0.000103,0.000298,0.000119,0.000162,0.000112,0.000117,5.4e-05,0.000127,0.0,60.01,3.54,0.0001,5e-06,60.0
norm_1017,Normal,3,sim_30,sim_30,30,Combined: Bus 5 Peak + 59.98 Hz,PROJECT DESIGN CHOICE,Local Bus 5 peak loading with slight grid frequency dip,train,5000.0,60.0,0.0668,True,0.9706,0.572999,0.813204,1.419205,0.0462,0.0,60.0,59.9808,51.84,0.810319,0.000373,0.000323,0.000161,0.000159,9.6e-05,0.000102,4e-05,4.9e-05,8.4e-05,6.7e-05,0.00046,0.000399,0.000199,0.000196,0.000126,6e-05,8.3e-05,0.0,60.01,3.72,0.0001,6e-06,60.0
norm_1018,Normal,3,sim_30,sim_30,30,Combined: Bus 5 Peak + 59.98 Hz,PROJECT DESIGN CHOICE,Local Bus 5 peak loading with slight grid frequency dip,train,5000.0,60.0,0.0702,True,0.9443,0.57296,0.812142,1.417449,0.0256,0.0,60.0,59.9799,51.65,0.810264,0.000339,0.000123,0.000177,5e-05,7.7e-05,0.000159,0.00016,0.000111,5.7e-05,0.000166,0.000418,0.000152,0.000218,6.2e-05,0.000196,0.000137,0.000205,0.0,60.01,3.75,0.0001,6e-06,60.0
norm_1019,Normal,3,sim_30,sim_30,30,Combined: Bus 5 Peak + 59.98 Hz,PROJECT DESIGN CHOICE,Local Bus 5 peak loading with slight grid frequency dip,train,5000.0,60.0,0.0736,True,0.9654,0.572872,0.81299,1.419148,0.0303,0.0,60.0,59.9793,51.64,0.810139,0.00024,0.000152,0.000246,0.000114,0.000135,0.000156,9.5e-05,4.2e-05,4.9e-05,8.1e-05,0.000296,0.000188,0.000304,0.000141,0.000193,5.2e-05,0.0001,0.0,60.01,3.7,0.0001,5e-06,60.0
norm_1020,Normal,3,sim_30,sim_30,30,Combined: Bus 5 Peak + 59.98 Hz,PROJECT DESIGN CHOICE,Local Bus 5 peak loading with slight grid frequency dip,train,5000.0,60.0,0.077,True,0.9318,0.573044,0.812357,1.417618,0.0303,0.0,60.0,59.9811,51.5,0.810382,0.000395,0.000199,9.5e-05,9.9e-05,0.000115,0.000103,5.6e-05,0.000114,7.3e-05,8.8e-05,0.000487,0.000246,0.000117,0.000122,0.000127,0.000141,0.000109,0.0,60.01,3.84,0.0001,6e-06,60.0
norm_1021,Normal,3,sim_30,sim_30,30,Combined: Bus 5 Peak + 59.98 Hz,PROJECT DESIGN CHOICE,Local Bus 5 peak loading with slight grid frequency dip,train,5000.0,60.0,0.0804,True,0.9466,0.572921,0.813245,1.419473,0.0266,0.0,60.0,59.9796,51.57,0.810208,0.000197,3.2e-05,0.00014,0.00017,5.9e-05,0.000129,2.9e-05,3.6e-05,0.000111,0.000115,0.000243,3.9e-05,0.000173,0.00021,0.000159,4.4e-05,0.000142,0.0,60.01,3.7,0.0001,5e-06,60.0
norm_1022,Normal,3,sim_30,sim_30,30,Combined: Bus 5 Peak + 59.98 Hz,PROJECT DESIGN CHOICE,Local Bus 5 peak loading with slight grid frequency dip,train,5000.0,60.0,0.0838,True,0.9619,0.572985,0.813394,1.419572,0.0328,0.0,60.0,59.9834,50.75,0.8103,0.000404,0.00022,0.000191,8.2e-05,0.00016,0.000124,6.8e-05,0.000101,0.000119,0.000147,0.000499,0.000272,0.000236,0.000101,0.000153,0.000125,0.000181,0.0,60.01,3.69,0.0001,6e-06,60.0
norm_1023,Normal,3,sim_30,sim_30,30,Combined: Bus 5 Peak + 59.98 Hz,PROJECT DESIGN CHOICE,Local Bus 5 peak loading with slight grid frequency dip,train,5000.0,60.0,0.0872,True,0.9374,0.572941,0.813145,1.419248,0.0193,0.0,60.0,59.9775,51.46,0.810237,0.000356,3.7e-05,6.9e-05,0.000145,4.6e-05,4.6e-05,0.000129,0.000141,2.9e-05,6.7e-05,0.000439,4.6e-05,8.5e-05,0.000179,5.7e-05,0.000174,8.3e-05,0.0,60.01,3.7,0.0001,6e-06,60.0
norm_1024,Normal,3,sim_30,sim_30,30,Combined: Bus 5 Peak + 59.98 Hz,PROJECT DESIGN CHOICE,Local Bus 5 peak loading with slight grid frequency dip,train,5000.0,60.0,0.0908,True,0.9661,0.572925,0.81329,1.419541,0.0322,0.0,60.0,59.979,51.53,0.810213,0.000253,0.000186,6.6e-05,7.6e-05,0.000164,0.000167,0.000123,3.4e-05,8.1e-05,4.6e-05,0.000312,0.00023,8.1e-05,9.4e-05,0.000206,4.2e-05,5.7e-05,0.0,60.01,3.61,0.0001,6e-06,60.0
norm_1025,Normal,3,sim_30,sim_30,30,Combined: Bus 5 Peak + 59.98 Hz,PROJECT DESIGN CHOICE,Local Bus 5 peak loading with slight grid frequency dip,train,5000.0,60.0,0.0942,True,0.936,0.573004,0.812418,1.417823,0.0325,0.0,60.0,59.9835,51.24,0.810327,0.000354,0.000238,0.00017,0.000111,6.8e-05,2.7e-05,9.8e-05,0.000142,9.1e-05,0.000152,0.000437,0.000294,0.00021,0.000137,3.3e-05,0.000175,0.000188,0.0,60.01,3.52,0.0001,6e-06,60.0
norm_1026,Normal,3,sim_30,sim_30,30,Combined: Bus 5 Peak + 59.98 Hz,PROJECT DESIGN CHOICE,Local Bus 5 peak loading with slight grid frequency dip,train,5000.0,60.0,0.0976,True,0.9572,0.572856,0.812593,1.418494,0.0208,0.0,60.0,59.979,51.38,0.810117,0.000102,0.00015,7.6e-05,7.3e-05,3.8e-05,2.6e-05,7.2e-05,3.9e-05,0.000212,4.6e-05,0.000126,0.000185,9.4e-05,9e-05,3.2e-05,4.8e-05,5.7e-05,0.0,60.01,3.71,0.0001,5e-06,60.0
norm_1027,Normal,3,sim_30,sim_30,30,Combined: Bus 5 Peak + 59.98 Hz,PROJECT DESIGN CHOICE,Local Bus 5 peak loading with slight grid frequency dip,train,5000.0,60.0,0.101,True,0.9568,0.572953,0.812889,1.41877,0.0404,0.0,60.0,59.9787,51.62,0.810254,0.000325,0.000249,0.00022,0.000156,9.1e-05,0.000144,0.000131,3e-05,8.3e-05,0.00014,0.000401,0.000307,0.000272,0.000193,0.000178,3.7e-05,0.000173,0.0,60.01,3.58,0.0001,7e-06,60.0
norm_1028,Normal,3,sim_30,sim_30,30,Combined: Bus 5 Peak + 59.98 Hz,PROJECT DESIGN CHOICE,Local Bus 5 peak loading with slight grid frequency dip,train,5000.0,60.0,0.1044,True,0.9533,0.572852,0.812899,1.419039,0.0234,0.0,60.0,59.9776,51.17,0.810111,0.000256,3.7e-05,0.000138,0.000174,0.000128,6.7e-05,3.9e-05,5.7e-05,0.000184,7.7e-05,0.000316,4.6e-05,0.00017,0.000215,8.3e-05,7e-05,9.5e-05,0.0,60.01,3.62,0.0001,5e-06,60.0
norm_1029,Normal,3,sim_30,sim_30,30,Combined: Bus 5 Peak + 59.98 Hz,PROJECT DESIGN CHOICE,Local Bus 5 peak loading with slight grid frequency dip,train,5000.0,60.0,0.1078,True,0.9727,0.572936,0.811874,1.417041,0.026,0.0,60.0,59.9763,50.65,0.810229,0.000272,0.000195,0.000157,7.3e-05,9.2e-05,3.3e-05,9.4e-05,3.7e-05,4.6e-05,6.8e-05,0.000336,0.000241,0.000194,9e-05,4.1e-05,4.6e-05,8.4e-05,0.0,60.01,3.78,0.0001,6e-06,60.0
norm_1030,Normal,3,sim_30,sim_30,30,Combined: Bus 5 Peak + 59.98 Hz,PROJECT DESIGN CHOICE,Local Bus 5 peak loading with slight grid frequency dip,train,5000.0,60.0,0.1112,True,0.9372,0.572973,0.812775,1.418523,0.027,0.0,60.0,59.9811,51.75,0.810283,0.000371,4.8e-05,0.000148,0.00015,0.00017,0.000152,3.9e-05,0.000115,5.8e-05,0.000158,0.000458,5.9e-05,0.000183,0.000185,0.000188,0.000142,0.000195,0.0,60.01,3.55,0.0001,6e-06,60.0
norm_1031,Normal,3,sim_30,sim_30,30,Combined: Bus 5 Peak + 59.98 Hz,PROJECT DESIGN CHOICE,Local Bus 5 peak loading with slight grid frequency dip,train,5000.0,60.0,0.1146,True,0.9695,0.572786,0.814461,1.421928,0.0143,0.0,60.0,59.9803,51.77,0.810018,0.000209,0.000112,6e-05,2.7e-05,5e-05,1.3e-05,0.000127,5.2e-05,6.3e-05,5.5e-05,0.000258,0.000138,7.4e-05,3.3e-05,1.6e-05,6.4e-05,6.8e-05,0.0,60.01,3.55,0.0001,5e-06,60.0
norm_1032,Normal,3,sim_30,sim_30,30,Combined: Bus 5 Peak + 59.98 Hz,PROJECT DESIGN CHOICE,Local Bus 5 peak loading with slight grid frequency dip,train,5000.0,60.0,0.118,True,0.9511,0.573004,0.812915,1.41869,0.0263,0.0,60.0,59.9841,50.7,0.810327,0.000428,0.00018,0.000227,6.4e-05,4.7e-05,9.5e-05,0.000123,5.3e-05,7.3e-05,3.3e-05,0.000528,0.000222,0.00028,7.9e-05,0.000117,6.5e-05,4.1e-05,0.0,60.01,3.72,0.0001,6e-06,60.0
norm_1033,Normal,3,sim_30,sim_30,30,Combined: Bus 5 Peak + 59.98 Hz,PROJECT DESIGN CHOICE,Local Bus 5 peak loading with slight grid frequency dip,train,5000.0,60.0,0.1214,True,0.9507,0.572855,0.813552,1.42017,0.0221,0.0,60.0,59.9824,51.12,0.810116,0.000237,7.5e-05,0.000125,0.000135,0.000173,9.1e-05,5e-05,0.000138,0.000139,7e-05,0.000293,9.3e-05,0.000154,0.000167,0.000112,0.00017,8.6e-05,0.0,60.01,3.67,0.0001,6e-06,60.0
norm_1034,Normal,3,sim_30,sim_30,30,Combined: Bus 5 Peak + 59.98 Hz,PROJECT DESIGN CHOICE,Local Bus 5 peak loading with slight grid frequency dip,train,5000.0,60.0,0.1248,True,0.9748,0.572899,0.812532,1.41828,0.0343,0.0,60.0,59.9787,51.61,0.810177,0.000295,0.000172,0.0001,0.000127,0.000137,0.000177,0.0001,5e-05,0.000107,0.00011,0.000364,0.000212,0.000123,0.000157,0.000218,6.2e-05,0.000136,0.0,60.01,3.67,0.0001,6e-06,60.0
norm_1035,Normal,3,sim_30,sim_30,30,Combined: Bus 5 Peak + 59.98 Hz,PROJECT DESIGN CHOICE,Local Bus 5 peak loading with slight grid frequency dip,train,5000.0,60.0,0.1282,True,0.9439,0.572891,0.813079,1.419256,0.0359,0.0,60.0,59.9765,50.55,0.810167,0.000386,0.000235,5.9e-05,9.7e-05,0.000121,0.00014,0.000156,5.7e-05,7.9e-05,0.000132,0.000476,0.00029,7.3e-05,0.00012,0.000173,7e-05,0.000163,0.0,60.01,3.71,0.0001,6e-06,60.0
norm_1036,Normal,3,sim_30,sim_30,30,Combined: Bus 5 Peak + 59.98 Hz,PROJECT DESIGN CHOICE,Local Bus 5 peak loading with slight grid frequency dip,train,5000.0,60.0,0.1316,True,0.9645,0.572869,0.811912,1.417273,0.0241,0.0,60.0,59.9783,51.56,0.810135,0.00021,0.000122,5.2e-05,0.00012,0.000101,9.4e-05,0.000171,0.000195,0.00012,3e-05,0.000259,0.000151,6.4e-05,0.000148,0.000116,0.000241,3.7e-05,0.0,60.01,3.47,0.0001,5e-06,60.0
norm_1037,Normal,3,sim_30,sim_30,30,Combined: Bus 5 Peak + 59.98 Hz,PROJECT DESIGN CHOICE,Local Bus 5 peak loading with slight grid frequency dip,train,5000.0,60.0,0.135,True,0.95,0.573015,0.812424,1.417804,0.0444,0.0,60.0,59.9775,51.42,0.810341,0.000379,0.000293,0.000221,0.000194,0.000233,7.7e-05,0.000111,6.2e-05,0.000105,9.4e-05,0.000468,0.000362,0.000273,0.000239,9.5e-05,7.7e-05,0.000116,0.0,60.01,3.64,0.0001,6e-06,60.0
norm_1038,Normal,3,sim_30,sim_30,30,Combined: Bus 5 Peak + 59.98 Hz,PROJECT DESIGN CHOICE,Local Bus 5 peak loading with slight grid frequency dip,train,5000.0,60.0,0.1384,True,0.9541,0.57286,0.814257,1.421389,0.0295,0.0,60.0,59.9794,51.27,0.810121,0.000249,0.000198,0.00015,4.7e-05,8.1e-05,0.000125,7e-05,5.3e-05,8e-05,0.000128,0.000307,0.000244,0.000185,5.8e-05,0.000154,6.5e-05,0.000158,0.0,60.01,3.72,0.0001,6e-06,60.0
norm_1039,Normal,3,sim_30,sim_30,30,Combined: Bus 5 Peak + 59.98 Hz,PROJECT DESIGN CHOICE,Local Bus 5 peak loading with slight grid frequency dip,train,5000.0,60.0,0.1418,True,0.9566,0.572994,0.81372,1.420121,0.0389,0.0,60.0,59.9801,51.66,0.810311,0.000313,0.00025,0.00014,0.000179,0.000211,6.8e-05,7.1e-05,7e-05,2.3e-05,3.4e-05,0.000386,0.000309,0.000173,0.000221,8.4e-05,8.6e-05,4.2e-05,0.0,60.01,3.8,0.0001,6e-06,60.0
norm_1040,Normal,3,sim_30,sim_30,30,Combined: Bus 5 Peak + 59.98 Hz,PROJECT DESIGN CHOICE,Local Bus 5 peak loading with slight grid frequency dip,train,5000.0,60.0,0.1452,True,0.9348,0.573013,0.813372,1.419465,0.0336,0.0,60.0,59.9807,51.72,0.810339,0.000321,0.000101,0.000141,0.000125,4.5e-05,0.00022,6.9e-05,8.7e-05,3.4e-05,0.000119,0.000396,0.000125,0.000174,0.000154,0.000271,0.000107,0.000147,0.0,60.01,3.64,0.0001,6e-06,60.0
norm_1041,Normal,3,sim_30,sim_30,30,Combined: Bus 5 Peak + 59.98 Hz,PROJECT DESIGN CHOICE,Local Bus 5 peak loading with slight grid frequency dip,train,5000.0,60.0,0.1488,True,0.9678,0.572756,0.811961,1.417639,0.0255,0.0,60.0,59.9805,51.6,0.809975,0.00027,0.000136,8.7e-05,0.000127,2.1e-05,9.1e-05,6.4e-05,6.6e-05,0.000153,0.000126,0.000333,0.000168,0.000107,0.000157,0.000112,8.1e-05,0.000156,0.0,60.01,3.74,0.0001,6e-06,60.0
norm_1042,Normal,3,sim_30,sim_30,30,Combined: Bus 5 Peak + 59.98 Hz,PROJECT DESIGN CHOICE,Local Bus 5 peak loading with slight grid frequency dip,train,5000.0,60.0,0.1522,True,0.9495,0.573039,0.812676,1.418186,0.0348,0.0,60.0,59.9799,51.69,0.810376,0.000451,0.000241,0.000195,0.00012,0.000116,8.4e-05,0.000213,0.000151,9.3e-05,4.7e-05,0.000557,0.000297,0.000241,0.000148,0.000104,0.000186,5.8e-05,0.0,60.01,3.81,0.0001,7e-06,60.0
norm_1043,Normal,3,sim_30,sim_30,30,Combined: Bus 5 Peak + 59.98 Hz,PROJECT DESIGN CHOICE,Local Bus 5 peak loading with slight grid frequency dip,train,5000.0,60.0,0.1556,True,0.9544,0.572818,0.812435,1.418312,0.0193,0.0,60.0,59.9813,51.57,0.810063,0.000301,8.3e-05,4.2e-05,0.000122,3.2e-05,5.2e-05,0.000188,0.000207,7.5e-05,0.000111,0.000372,0.000102,5.2e-05,0.000151,6.4e-05,0.000256,0.000137,0.0,60.01,3.64,0.0001,5e-06,60.0
norm_1044,Normal,3,sim_30,sim_30,30,Combined: Bus 5 Peak + 59.98 Hz,PROJECT DESIGN CHOICE,Local Bus 5 peak loading with slight grid frequency dip,train,5000.0,60.0,0.159,True,0.9662,0.572968,0.812313,1.417729,0.0442,0.0,60.0,59.9786,51.99,0.810275,0.000306,0.000243,8e-05,0.000211,0.000172,0.000159,4.5e-05,1.7e-05,8.7e-05,7.3e-05,0.000378,0.0003,9.9e-05,0.00026,0.000196,2.1e-05,9e-05,0.0,60.01,3.53,0.0001,5e-06,60.0
norm_1045,Normal,3,sim_30,sim_30,30,Combined: Bus 5 Peak + 59.98 Hz,PROJECT DESIGN CHOICE,Local Bus 5 peak loading with slight grid frequency dip,train,5000.0,60.0,0.1624,True,0.9416,0.57298,0.812532,1.418081,0.0319,0.0,60.0,59.9813,51.59,0.810292,0.000236,0.000176,8.6e-05,0.000112,0.00017,0.000152,9.5e-05,0.000108,9e-05,4.8e-05,0.000291,0.000217,0.000106,0.000138,0.000188,0.000133,5.9e-05,0.0,60.01,3.61,0.0001,5e-06,60.0
norm_1046,Normal,3,sim_30,sim_30,30,Combined: Bus 5 Peak + 59.98 Hz,PROJECT DESIGN CHOICE,Local Bus 5 peak loading with slight grid frequency dip,train,5000.0,60.0,0.1658,True,0.966,0.572798,0.812373,1.418254,0.0226,0.0,60.0,59.9779,51.33,0.810035,0.000252,0.000125,7.2e-05,7.1e-05,0.000195,0.000113,4.9e-05,0.000171,7.7e-05,6.2e-05,0.000311,0.000154,8.9e-05,8.8e-05,0.00014,0.000211,7.7e-05,0.0,60.01,3.65,0.0001,5e-06,60.0
norm_1047,Normal,3,sim_30,sim_30,30,Combined: Bus 5 Peak + 59.98 Hz,PROJECT DESIGN CHOICE,Local Bus 5 peak loading with slight grid frequency dip,train,5000.0,60.0,0.1692,True,0.9291,0.573013,0.813544,1.419765,0.0264,0.0,60.0,59.9783,51.38,0.810338,0.000345,0.000167,0.000158,0.00013,0.000166,3.6e-05,6.8e-05,9.7e-05,0.000101,7.1e-05,0.000426,0.000206,0.000195,0.00016,4.4e-05,0.00012,8.8e-05,0.0,60.01,3.75,0.0001,6e-06,60.0
norm_1048,Normal,3,sim_30,sim_30,30,Combined: Bus 5 Peak + 59.98 Hz,PROJECT DESIGN CHOICE,Local Bus 5 peak loading with slight grid frequency dip,train,5000.0,60.0,0.1726,True,0.9688,0.572848,0.813418,1.419954,0.0213,0.0,60.0,59.9772,51.17,0.810105,0.000201,0.000141,9.8e-05,7.6e-05,6.7e-05,6.4e-05,0.000106,0.00013,3.3e-05,3.1e-05,0.000248,0.000174,0.000121,9.4e-05,7.9e-05,0.00016,3.8e-05,0.0,60.01,3.67,0.0001,5e-06,60.0
norm_1049,Normal,3,sim_30,sim_30,30,Combined: Bus 5 Peak + 59.98 Hz,PROJECT DESIGN CHOICE,Local Bus 5 peak loading with slight grid frequency dip,train,5000.0,60.0,0.176,True,0.9532,0.57299,0.813474,1.419701,0.0422,0.0,60.0,59.9794,51.45,0.810306,0.000303,0.000308,0.000147,0.000124,0.000111,8.3e-05,9.2e-05,0.000106,0.000166,0.00013,0.000374,0.00038,0.000181,0.000153,0.000102,0.000131,0.00016,0.0,60.01,3.72,0.0001,7e-06,60.0
norm_1050,Normal,3,sim_31,sim_31,31,Combined: High Reactive + 60.02 Hz,PROJECT DESIGN CHOICE,Inductive motor loading with generator voltage support and slight frequency rise,train,5000.0,60.0,0.06,True,0.9178,0.579811,0.821542,1.416915,0.0324,0.0,60.0,60.0222,51.27,0.819952,0.00052,0.000159,0.000178,0.000152,7.3e-05,0.000149,0.000181,0.000181,8.3e-05,0.000112,0.000634,0.000194,0.000217,0.000185,0.000182,0.000221,0.000137,0.0,60.01,3.77,0.0001,7e-06,60.0
norm_1051,Normal,3,sim_31,sim_31,31,Combined: High Reactive + 60.02 Hz,PROJECT DESIGN CHOICE,Inductive motor loading with generator voltage support and slight frequency rise,train,5000.0,60.0,0.0634,True,0.9086,0.580018,0.823809,1.420318,0.0133,0.0,60.0,60.0231,51.03,0.820244,0.000233,1.2e-05,0.000131,9.5e-05,0.000138,5.1e-05,7.2e-05,1.2e-05,0.000117,5.3e-05,0.000284,1.5e-05,0.00016,0.000116,6.2e-05,1.5e-05,6.5e-05,0.0,60.01,3.66,0.0001,5e-06,60.0
norm_1052,Normal,3,sim_31,sim_31,31,Combined: High Reactive + 60.02 Hz,PROJECT DESIGN CHOICE,Inductive motor loading with generator voltage support and slight frequency rise,train,5000.0,60.0,0.0668,True,0.8889,0.57991,0.822412,1.418171,0.0238,0.0,60.0,60.022,51.48,0.820093,0.000382,0.000166,0.000116,9e-05,0.000136,5e-05,0.000166,9.6e-05,0.000135,5.2e-05,0.000466,0.000202,0.000141,0.00011,6.1e-05,0.000117,6.3e-05,0.0,60.01,3.54,0.0001,6e-06,60.0
norm_1053,Normal,3,sim_31,sim_31,31,Combined: High Reactive + 60.02 Hz,PROJECT DESIGN CHOICE,Inductive motor loading with generator voltage support and slight frequency rise,train,5000.0,60.0,0.0702,True,0.9149,0.579939,0.822527,1.4183,0.0294,0.0,60.0,60.0191,51.54,0.820133,0.00029,0.000197,0.000246,0.000113,9.1e-05,8e-05,0.000101,5.4e-05,6e-05,0.000154,0.000354,0.00024,0.0003,0.000138,9.8e-05,6.6e-05,0.000188,0.0,60.01,3.62,0.0001,6e-06,60.0
norm_1054,Normal,3,sim_31,sim_31,31,Combined: High Reactive + 60.02 Hz,PROJECT DESIGN CHOICE,Inductive motor loading with generator voltage support and slight frequency rise,train,5000.0,60.0,0.0736,True,0.8809,0.579953,0.823085,1.419227,0.0163,0.0,60.0,60.02,51.95,0.820153,0.000356,3e-05,7.7e-05,7.6e-05,4.7e-05,0.000106,8e-06,9.1e-05,9.9e-05,7.5e-05,0.000434,3.7e-05,9.4e-05,9.3e-05,0.000129,0.000111,9.1e-05,0.0,60.01,3.58,0.0001,5e-06,60.0
norm_1055,Normal,3,sim_31,sim_31,31,Combined: High Reactive + 60.02 Hz,PROJECT DESIGN CHOICE,Inductive motor loading with generator voltage support and slight frequency rise,train,5000.0,60.0,0.077,True,0.9173,0.579817,0.822034,1.417746,0.0207,0.0,60.0,60.0213,51.99,0.819961,0.000358,0.00013,0.000156,0.000102,0.000198,3.8e-05,0.000159,4e-05,0.000166,8.9e-05,0.000437,0.000159,0.00019,0.000124,4.6e-05,4.9e-05,0.000109,0.0,60.01,3.49,0.0001,6e-06,60.0
norm_1056,Normal,3,sim_31,sim_31,31,Combined: High Reactive + 60.02 Hz,PROJECT DESIGN CHOICE,Inductive motor loading with generator voltage support and slight frequency rise,train,5000.0,60.0,0.0804,True,0.9066,0.579924,0.822925,1.419021,0.0227,0.0,60.0,60.0203,51.9,0.820113,0.00025,0.000172,9.3e-05,1e-05,1.4e-05,7.1e-05,6.5e-05,9.5e-05,0.000117,5.3e-05,0.000305,0.00021,0.000113,1.2e-05,8.7e-05,0.000116,6.5e-05,0.0,60.01,3.57,0.0001,5e-06,60.0
norm_1057,Normal,3,sim_31,sim_31,31,Combined: High Reactive + 60.02 Hz,PROJECT DESIGN CHOICE,Inductive motor loading with generator voltage support and slight frequency rise,train,5000.0,60.0,0.0838,True,0.9004,0.57985,0.822825,1.419031,0.0384,0.0,60.0,60.0214,51.81,0.820008,0.000453,0.000229,0.00012,0.000111,0.000133,0.000186,0.000125,0.000104,8.2e-05,5.8e-05,0.000552,0.000279,0.000146,0.000135,0.000227,0.000127,7.1e-05,0.0,60.01,3.52,0.0001,6e-06,60.0
norm_1058,Normal,3,sim_31,sim_31,31,Combined: High Reactive + 60.02 Hz,PROJECT DESIGN CHOICE,Inductive motor loading with generator voltage support and slight frequency rise,train,5000.0,60.0,0.0872,True,0.9162,0.579852,0.82267,1.418758,0.0198,0.0,60.0,60.0203,51.78,0.82001,0.000242,8.9e-05,7.7e-05,0.000127,3e-06,4.7e-05,9.8e-05,6.1e-05,6e-05,8.1e-05,0.000295,0.000109,9.4e-05,0.000155,5.7e-05,7.4e-05,9.9e-05,0.0,60.01,3.65,0.0001,5e-06,60.0
norm_1059,Normal,3,sim_31,sim_31,31,Combined: High Reactive + 60.02 Hz,PROJECT DESIGN CHOICE,Inductive motor loading with generator voltage support and slight frequency rise,train,5000.0,60.0,0.0908,True,0.8867,0.579876,0.823444,1.420037,0.0342,0.0,60.0,60.0213,51.33,0.820044,0.000202,0.000181,9.3e-05,0.000191,7.4e-05,9.8e-05,3.9e-05,0.000198,7.8e-05,4.4e-05,0.000246,0.000221,0.000113,0.000233,0.00012,0.000241,5.4e-05,0.0,60.01,3.67,0.0001,6e-06,60.0
norm_1060,Normal,3,sim_31,sim_31,31,Combined: High Reactive + 60.02 Hz,PROJECT DESIGN CHOICE,Inductive motor loading with generator voltage support and slight frequency rise,train,5000.0,60.0,0.0942,True,0.9162,0.579761,0.823456,1.420337,0.0291,0.0,60.0,60.0165,50.58,0.819881,0.000389,0.000214,7.9e-05,7.5e-05,0.000173,7.3e-05,6.3e-05,8e-05,0.000117,7.1e-05,0.000474,0.000261,9.6e-05,9.1e-05,8.9e-05,9.8e-05,8.7e-05,0.0,60.01,3.88,0.0001,6e-06,60.0
norm_1061,Normal,3,sim_31,sim_31,31,Combined: High Reactive + 60.02 Hz,PROJECT DESIGN CHOICE,Inductive motor loading with generator voltage support and slight frequency rise,train,5000.0,60.0,0.0976,True,0.8854,0.580027,0.822722,1.418421,0.0176,0.0,60.0,60.0195,51.59,0.820256,0.000242,0.000118,4.8e-05,2.9e-05,6.7e-05,7.9e-05,5.3e-05,9.6e-05,0.000144,7.9e-05,0.000295,0.000144,5.9e-05,3.5e-05,9.6e-05,0.000117,9.6e-05,0.0,60.01,3.68,0.0001,5e-06,60.0
norm_1062,Normal,3,sim_31,sim_31,31,Combined: High Reactive + 60.02 Hz,PROJECT DESIGN CHOICE,Inductive motor loading with generator voltage support and slight frequency rise,train,5000.0,60.0,0.101,True,0.9022,0.579839,0.823139,1.4196,0.0269,0.0,60.0,60.0212,51.7,0.819992,0.000318,0.000162,0.000104,0.000132,3.2e-05,7.2e-05,0.000147,8e-05,8e-05,0.000178,0.000388,0.000198,0.000127,0.000161,8.8e-05,9.8e-05,0.000217,0.0,60.01,3.64,0.0001,6e-06,60.0
norm_1063,Normal,3,sim_31,sim_31,31,Combined: High Reactive + 60.02 Hz,PROJECT DESIGN CHOICE,Inductive motor loading with generator voltage support and slight frequency rise,train,5000.0,60.0,0.1044,True,0.9111,0.579938,0.823197,1.419457,0.0206,0.0,60.0,60.0174,51.34,0.820131,0.000282,0.000146,4.2e-05,5e-05,0.000109,6.8e-05,2.2e-05,7.2e-05,5.9e-05,7.7e-05,0.000344,0.000178,5.1e-05,6.1e-05,8.3e-05,8.8e-05,9.4e-05,0.0,60.01,3.6,0.0001,5e-06,60.0
norm_1064,Normal,3,sim_31,sim_31,31,Combined: High Reactive + 60.02 Hz,PROJECT DESIGN CHOICE,Inductive motor loading with generator voltage support and slight frequency rise,train,5000.0,60.0,0.1078,True,0.8949,0.57985,0.823032,1.419389,0.0222,0.0,60.0,60.0222,51.14,0.820008,0.000289,0.000136,0.000131,0.000105,0.000108,5.9e-05,2e-05,8.6e-05,8e-05,2e-05,0.000352,0.000166,0.00016,0.000128,7.2e-05,0.000105,2.4e-05,0.0,60.01,3.85,0.0001,6e-06,60.0
norm_1065,Normal,3,sim_31,sim_31,31,Combined: High Reactive + 60.02 Hz,PROJECT DESIGN CHOICE,Inductive motor loading with generator voltage support and slight frequency rise,train,5000.0,60.0,0.1112,True,0.9213,0.579826,0.821316,1.416488,0.0194,0.0,60.0,60.0198,51.85,0.819973,0.00025,7.8e-05,0.000167,0.000138,0.000133,1.6e-05,0.000119,0.000129,0.000123,0.000201,0.000305,9.5e-05,0.000204,0.000168,2e-05,0.000157,0.000245,0.0,60.01,3.54,0.0001,5e-06,60.0
norm_1066,Normal,3,sim_31,sim_31,31,Combined: High Reactive + 60.02 Hz,PROJECT DESIGN CHOICE,Inductive motor loading with generator voltage support and slight frequency rise,train,5000.0,60.0,0.1146,True,0.8958,0.579959,0.822373,1.417984,0.0187,0.0,60.0,60.0196,51.84,0.820162,0.000171,1.7e-05,0.000124,0.000126,0.000107,8.6e-05,8.1e-05,0.000106,0.000124,6e-06,0.000208,2.1e-05,0.000151,0.000154,0.000105,0.000129,7e-06,0.0,60.01,3.57,0.0001,5e-06,60.0
norm_1067,Normal,3,sim_31,sim_31,31,Combined: High Reactive + 60.02 Hz,PROJECT DESIGN CHOICE,Inductive motor loading with generator voltage support and slight frequency rise,train,5000.0,60.0,0.118,True,0.9054,0.579888,0.824455,1.421748,0.0346,0.0,60.0,60.0197,51.54,0.820061,0.000519,0.000239,0.000188,0.000145,7.4e-05,4.8e-05,6.1e-05,0.00011,4.6e-05,0.000123,0.000633,0.000291,0.000229,0.000177,5.9e-05,0.000134,0.00015,0.0,60.01,3.8,0.0001,7e-06,60.0
norm_1068,Normal,3,sim_31,sim_31,31,Combined: High Reactive + 60.02 Hz,PROJECT DESIGN CHOICE,Inductive motor loading with generator voltage support and slight frequency rise,train,5000.0,60.0,0.1214,True,0.9005,0.579984,0.822836,1.418723,0.013,0.0,60.0,60.0201,51.32,0.820197,0.000292,8.6e-05,7.7e-05,5.7e-05,7.5e-05,2.4e-05,1.3e-05,0.000124,0.000144,0.0001,0.000356,0.000105,9.4e-05,6.9e-05,2.9e-05,0.000151,0.000122,0.0,60.01,3.77,0.0001,6e-06,60.0
norm_1069,Normal,3,sim_31,sim_31,31,Combined: High Reactive + 60.02 Hz,PROJECT DESIGN CHOICE,Inductive motor loading with generator voltage support and slight frequency rise,train,5000.0,60.0,0.1248,True,0.8823,0.579918,0.82284,1.418892,0.027,0.0,60.0,60.0193,52.01,0.820104,0.000272,0.000145,0.000191,0.000149,0.000126,7.6e-05,0.000205,0.000169,0.000157,6.2e-05,0.000332,0.000177,0.000233,0.000182,9.3e-05,0.000206,7.6e-05,0.0,60.01,3.45,0.0001,5e-06,60.0
norm_1070,Normal,3,sim_31,sim_31,31,Combined: High Reactive + 60.02 Hz,PROJECT DESIGN CHOICE,Inductive motor loading with generator voltage support and slight frequency rise,train,5000.0,60.0,0.1282,True,0.9162,0.579852,0.822031,1.417658,0.0227,0.0,60.0,60.0204,52.04,0.820011,0.000314,0.000117,0.000117,6e-05,0.000101,0.000133,7.4e-05,0.000112,8.5e-05,0.000113,0.000383,0.000143,0.000143,7.3e-05,0.000162,0.000137,0.000138,0.0,60.01,3.52,0.0001,5e-06,60.0
norm_1071,Normal,3,sim_31,sim_31,31,Combined: High Reactive + 60.02 Hz,PROJECT DESIGN CHOICE,Inductive motor loading with generator voltage support and slight frequency rise,train,5000.0,60.0,0.1316,True,0.8962,0.579928,0.822448,1.41819,0.0273,0.0,60.0,60.0193,51.75,0.820118,0.000194,0.000161,9.9e-05,8.6e-05,0.000134,0.00013,9.4e-05,7.7e-05,7.4e-05,5.2e-05,0.000237,0.000196,0.000121,0.000105,0.000159,9.4e-05,6.3e-05,0.0,60.01,3.6,0.0001,5e-06,60.0
norm_1072,Normal,3,sim_31,sim_31,31,Combined: High Reactive + 60.02 Hz,PROJECT DESIGN CHOICE,Inductive motor loading with generator voltage support and slight frequency rise,train,5000.0,60.0,0.135,True,0.9083,0.579767,0.823499,1.420397,0.0333,0.0,60.0,60.0213,51.43,0.81989,0.000445,0.000215,0.000142,0.000132,0.000115,0.000106,6e-05,0.00018,0.000187,9.7e-05,0.000543,0.000262,0.000173,0.000161,0.000129,0.00022,0.000118,0.0,60.01,3.68,0.0001,6e-06,60.0
norm_1073,Normal,3,sim_31,sim_31,31,Combined: High Reactive + 60.02 Hz,PROJECT DESIGN CHOICE,Inductive motor loading with generator voltage support and slight frequency rise,train,5000.0,60.0,0.1384,True,0.9015,0.579994,0.82318,1.419292,0.0387,0.0,60.0,60.0233,51.09,0.82021,0.000268,0.000199,7.1e-05,0.000239,6.4e-05,6.4e-05,5.9e-05,0.000111,7.2e-05,0.000104,0.000327,0.000243,8.7e-05,0.000291,7.8e-05,0.000135,0.000127,0.0,60.01,3.41,0.0001,5e-06,60.0
norm_1074,Normal,3,sim_31,sim_31,31,Combined: High Reactive + 60.02 Hz,PROJECT DESIGN CHOICE,Inductive motor loading with generator voltage support and slight frequency rise,train,5000.0,60.0,0.1418,True,0.8986,0.579741,0.822743,1.419158,0.0267,0.0,60.0,60.0206,51.46,0.819853,0.000368,0.000177,8.3e-05,9.5e-05,0.000127,8.8e-05,0.000107,0.000132,0.000117,0.000107,0.000449,0.000216,0.000101,0.000116,0.000107,0.000161,0.000131,0.0,60.01,3.71,0.0001,6e-06,60.0
norm_1075,Normal,3,sim_31,sim_31,31,Combined: High Reactive + 60.02 Hz,PROJECT DESIGN CHOICE,Inductive motor loading with generator voltage support and slight frequency rise,train,5000.0,60.0,0.1452,True,0.9195,0.579802,0.821807,1.417392,0.0324,0.0,60.0,60.0206,51.97,0.81994,0.000278,0.000256,0.000232,6.9e-05,7.3e-05,1.6e-05,9e-05,0.000125,0.000144,7.3e-05,0.000339,0.000312,0.000283,8.4e-05,2e-05,0.000152,8.9e-05,0.0,60.01,3.57,0.0001,5e-06,60.0
norm_1076,Normal,3,sim_31,sim_31,31,Combined: High Reactive + 60.02 Hz,PROJECT DESIGN CHOICE,Inductive motor loading with generator voltage support and slight frequency rise,train,5000.0,60.0,0.1488,True,0.887,0.57995,0.824263,1.421265,0.0411,0.0,60.0,60.0196,51.39,0.820149,0.000367,0.000315,0.000162,0.000105,0.000125,5.6e-05,0.000174,7.1e-05,9e-05,5.4e-05,0.000447,0.000384,0.000198,0.000128,6.8e-05,8.7e-05,6.6e-05,0.0,60.01,3.77,0.0001,6e-06,60.0
norm_1077,Normal,3,sim_31,sim_31,31,Combined: High Reactive + 60.02 Hz,PROJECT DESIGN CHOICE,Inductive motor loading with generator voltage support and slight frequency rise,train,5000.0,60.0,0.1522,True,0.9202,0.579874,0.82264,1.418654,0.0267,0.0,60.0,60.0207,51.61,0.820041,0.000223,0.000136,0.000284,0.000148,0.000164,8.7e-05,0.000165,6.4e-05,7.8e-05,9.4e-05,0.000272,0.000166,0.000346,0.00018,0.000106,7.8e-05,0.000115,0.0,60.01,3.77,0.0001,6e-06,60.0
norm_1078,Normal,3,sim_31,sim_31,31,Combined: High Reactive + 60.02 Hz,PROJECT DESIGN CHOICE,Inductive motor loading with generator voltage support and slight frequency rise,train,5000.0,60.0,0.1556,True,0.8895,0.580019,0.822377,1.417847,0.0204,0.0,60.0,60.022,51.36,0.820246,0.000159,7.8e-05,0.000134,0.000134,3.3e-05,6.3e-05,0.000194,0.000107,0.000113,7.8e-05,0.000194,9.5e-05,0.000163,0.000163,7.7e-05,0.00013,9.5e-05,0.0,60.01,3.46,0.0001,5e-06,60.0
norm_1079,Normal,3,sim_31,sim_31,31,Combined: High Reactive + 60.02 Hz,PROJECT DESIGN CHOICE,Inductive motor loading with generator voltage support and slight frequency rise,train,5000.0,60.0,0.159,True,0.8977,0.579894,0.82352,1.42012,0.0312,0.0,60.0,60.0215,51.52,0.82007,0.00036,0.000195,0.000216,0.000157,0.000151,5.1e-05,7.9e-05,3.9e-05,0.000112,0.000104,0.000439,0.000238,0.000263,0.000191,6.2e-05,4.8e-05,0.000127,0.0,60.01,3.69,0.0001,6e-06,60.0
norm_1080,Normal,3,sim_31,sim_31,31,Combined: High Reactive + 60.02 Hz,PROJECT DESIGN CHOICE,Inductive motor loading with generator voltage support and slight frequency rise,train,5000.0,60.0,0.1624,True,0.9104,0.579861,0.82227,1.418046,0.0292,0.0,60.0,60.0199,51.69,0.820023,0.000178,0.000139,8.1e-05,0.000185,4.4e-05,6e-05,8.3e-05,7.6e-05,6.3e-05,0.000115,0.000217,0.00017,9.9e-05,0.000226,7.3e-05,9.3e-05,0.00014,0.0,60.01,3.56,0.0001,6e-06,60.0
norm_1081,Normal,3,sim_31,sim_31,31,Combined: High Reactive + 60.02 Hz,PROJECT DESIGN CHOICE,Inductive motor loading with generator voltage support and slight frequency rise,train,5000.0,60.0,0.1658,True,0.8914,0.579921,0.823937,1.420775,0.0316,0.0,60.0,60.0193,52.16,0.820109,0.000252,0.000218,4.2e-05,8.4e-05,2.8e-05,0.000112,2.4e-05,4.3e-05,2.4e-05,0.000153,0.000307,0.000266,5.1e-05,0.000102,0.000137,5.2e-05,0.000187,0.0,60.01,3.39,0.0001,5e-06,60.0
norm_1082,Normal,3,sim_31,sim_31,31,Combined: High Reactive + 60.02 Hz,PROJECT DESIGN CHOICE,Inductive motor loading with generator voltage support and slight frequency rise,train,5000.0,60.0,0.1692,True,0.9197,0.579837,0.823487,1.420205,0.03,0.0,60.0,60.0201,51.88,0.819989,0.000399,0.000158,0.000211,0.00015,6.3e-05,0.000114,5e-06,5e-05,0.00011,7.6e-05,0.000487,0.000193,0.000257,0.000183,0.000139,6.1e-05,9.3e-05,0.0,60.01,3.68,0.0001,6e-06,60.0
norm_1083,Normal,3,sim_31,sim_31,31,Combined: High Reactive + 60.02 Hz,PROJECT DESIGN CHOICE,Inductive motor loading with generator voltage support and slight frequency rise,train,5000.0,60.0,0.1726,True,0.8894,0.580051,0.82266,1.418256,0.0227,0.0,60.0,60.0208,51.94,0.820291,0.000291,9.4e-05,0.000148,0.000146,5.4e-05,6.7e-05,0.000142,3.6e-05,1.1e-05,3.8e-05,0.000355,0.000115,0.00018,0.000178,8.2e-05,4.4e-05,4.6e-05,0.0,60.01,3.47,0.0001,5e-06,60.0
norm_1084,Normal,3,sim_31,sim_31,31,Combined: High Reactive + 60.02 Hz,PROJECT DESIGN CHOICE,Inductive motor loading with generator voltage support and slight frequency rise,train,5000.0,60.0,0.176,True,0.8962,0.579899,0.822814,1.418893,0.0375,0.0,60.0,60.0185,51.26,0.820076,0.000416,0.000206,0.000111,0.000191,0.000146,0.000124,0.000124,0.000103,0.000136,3e-05,0.000507,0.000251,0.000135,0.000233,0.000151,0.000126,3.7e-05,0.0,60.01,3.76,0.0001,6e-06,60.0
norm_1085,Normal,3,sim_32,sim_32,32,Combined: Gen 2 Dispatch + 59.96 Hz,PROJECT DESIGN CHOICE,Generation redispatch coincident with low frequency excursion,train,5000.0,60.0,0.06,True,0.9276,0.5894,0.836208,1.418746,0.0696,0.0,60.0,59.9591,51.37,0.833449,0.000785,0.000439,0.000276,0.000366,0.00029,9.6e-05,0.000251,9.7e-05,0.000102,0.000154,0.000942,0.000527,0.000331,0.000439,0.000115,0.000116,0.000185,1e-06,60.01,4.11,0.0004,1e-05,60.0
norm_1086,Normal,3,sim_32,sim_32,32,Combined: Gen 2 Dispatch + 59.96 Hz,PROJECT DESIGN CHOICE,Generation redispatch coincident with low frequency excursion,train,5000.0,60.0,0.0634,True,0.9301,0.589107,0.835608,1.41843,0.0415,0.0,60.0,59.961,51.72,0.833034,0.000475,0.000253,3.5e-05,8.5e-05,6.9e-05,0.000219,5.7e-05,7.8e-05,5.8e-05,0.000152,0.00057,0.000304,4.2e-05,0.000102,0.000263,9.4e-05,0.000182,0.0,60.01,3.6,0.0004,6e-06,60.0
norm_1087,Normal,3,sim_32,sim_32,32,Combined: Gen 2 Dispatch + 59.96 Hz,PROJECT DESIGN CHOICE,Generation redispatch coincident with low frequency excursion,train,5000.0,60.0,0.0668,True,0.9635,0.589274,0.836259,1.419134,0.0447,0.0,60.0,59.9604,51.68,0.833267,0.000687,0.000314,0.000387,0.000163,6e-05,0.000115,0.000149,5.5e-05,0.000101,0.000165,0.000824,0.000377,0.000464,0.000196,0.000138,6.6e-05,0.000198,1e-06,60.01,3.99,0.0004,9e-06,60.0
norm_1088,Normal,3,sim_32,sim_32,32,Combined: Gen 2 Dispatch + 59.96 Hz,PROJECT DESIGN CHOICE,Generation redispatch coincident with low frequency excursion,train,5000.0,60.0,0.0702,True,0.9105,0.58923,0.836567,1.419762,0.0412,0.0,60.0,59.9603,51.82,0.833208,0.000589,0.000238,0.000261,0.000213,6e-05,0.000125,0.00016,0.000146,0.00026,0.000112,0.000707,0.000286,0.000313,0.000256,0.00015,0.000175,0.000134,1e-06,60.01,3.75,0.0004,8e-06,60.0
norm_1089,Normal,3,sim_32,sim_32,32,Combined: Gen 2 Dispatch + 59.96 Hz,PROJECT DESIGN CHOICE,Generation redispatch coincident with low frequency excursion,train,5000.0,60.0,0.0736,True,0.9636,0.589085,0.835146,1.4177,0.0271,0.0,60.0,59.9589,51.67,0.833003,0.000505,0.000224,0.000159,2.1e-05,8.5e-05,2.4e-05,0.000108,0.000137,7.1e-05,0.000178,0.000606,0.000269,0.000191,2.5e-05,2.9e-05,0.000164,0.000214,0.0,60.01,3.53,0.0004,6e-06,60.0
norm_1090,Normal,3,sim_32,sim_32,32,Combined: Gen 2 Dispatch + 59.96 Hz,PROJECT DESIGN CHOICE,Generation redispatch coincident with low frequency excursion,train,5000.0,60.0,0.077,True,0.9185,0.589377,0.835002,1.416754,0.0574,0.0,60.0,59.9635,51.03,0.833417,0.000816,0.000362,0.000233,0.000276,6.1e-05,0.000146,0.000183,0.000105,0.000194,7.9e-05,0.000979,0.000434,0.00028,0.000331,0.000175,0.000126,9.5e-05,1e-06,60.01,3.95,0.0004,1e-05,60.0
norm_1091,Normal,3,sim_32,sim_32,32,Combined: Gen 2 Dispatch + 59.96 Hz,PROJECT DESIGN CHOICE,Generation redispatch coincident with low frequency excursion,train,5000.0,60.0,0.0804,True,0.9378,0.589048,0.83569,1.418712,0.0239,0.0,60.0,59.9571,50.74,0.832951,0.000486,0.000119,0.000127,0.000148,3e-05,6.1e-05,3.8e-05,7.2e-05,6.4e-05,7.9e-05,0.000583,0.000143,0.000152,0.000178,7.3e-05,8.6e-05,9.5e-05,0.0,60.01,3.56,0.0004,6e-06,60.0
norm_1092,Normal,3,sim_32,sim_32,32,Combined: Gen 2 Dispatch + 59.96 Hz,PROJECT DESIGN CHOICE,Generation redispatch coincident with low frequency excursion,train,5000.0,60.0,0.0838,True,0.9535,0.589262,0.835188,1.417346,0.0452,0.0,60.0,59.9572,51.31,0.833252,0.000674,0.000273,0.000203,0.000129,0.000217,0.000226,0.000138,0.000109,0.00017,0.000137,0.000809,0.000328,0.000244,0.000155,0.000271,0.000131,0.000164,1e-06,60.01,3.77,0.0004,9e-06,60.0
norm_1093,Normal,3,sim_32,sim_32,32,Combined: Gen 2 Dispatch + 59.96 Hz,PROJECT DESIGN CHOICE,Generation redispatch coincident with low frequency excursion,train,5000.0,60.0,0.0872,True,0.9014,0.58918,0.835806,1.418592,0.0439,0.0,60.0,59.9618,51.65,0.833136,0.000625,0.000289,0.00032,0.000158,0.000178,0.00016,2.3e-05,8.1e-05,8.2e-05,0.000141,0.00075,0.000347,0.000384,0.00019,0.000192,9.7e-05,0.000169,1e-06,60.01,3.7,0.0004,8e-06,60.0
norm_1094,Normal,3,sim_32,sim_32,32,Combined: Gen 2 Dispatch + 59.96 Hz,PROJECT DESIGN CHOICE,Generation redispatch coincident with low frequency excursion,train,5000.0,60.0,0.0908,True,0.9699,0.58914,0.836597,1.420031,0.0301,0.0,60.0,59.9605,51.78,0.83308,0.000552,0.000168,0.000155,5.7e-05,0.000239,0.000177,7.1e-05,0.00017,0.000123,6.7e-05,0.000663,0.000202,0.000186,6.8e-05,0.000212,0.000204,8e-05,1e-06,60.01,3.59,0.0004,7e-06,60.0
norm_1095,Normal,3,sim_32,sim_32,32,Combined: Gen 2 Dispatch + 59.96 Hz,PROJECT DESIGN CHOICE,Generation redispatch coincident with low frequency excursion,train,5000.0,60.0,0.0942,True,0.904,0.589304,0.835271,1.417385,0.0639,0.0,60.0,59.9617,51.47,0.833312,0.00076,0.000413,0.000174,0.000273,0.000295,0.000196,0.0001,9.3e-05,7.4e-05,3.7e-05,0.000912,0.000496,0.000209,0.000328,0.000235,0.000112,4.4e-05,1e-06,60.01,4.02,0.0004,1e-05,60.0
norm_1096,Normal,3,sim_32,sim_32,32,Combined: Gen 2 Dispatch + 59.96 Hz,PROJECT DESIGN CHOICE,Generation redispatch coincident with low frequency excursion,train,5000.0,60.0,0.0976,True,0.9513,0.589086,0.836324,1.419699,0.0326,0.0,60.0,59.9588,51.35,0.833002,0.000492,0.000221,0.000153,9.6e-05,8.1e-05,0.000125,8e-05,0.000159,9e-05,5.6e-05,0.000591,0.000265,0.000184,0.000115,0.00015,0.000191,6.7e-05,0.0,60.01,3.54,0.0004,5e-06,60.0
norm_1097,Normal,3,sim_32,sim_32,32,Combined: Gen 2 Dispatch + 59.96 Hz,PROJECT DESIGN CHOICE,Generation redispatch coincident with low frequency excursion,train,5000.0,60.0,0.101,True,0.9399,0.589336,0.837071,1.420362,0.0597,0.0,60.0,59.9579,51.5,0.833356,0.000688,0.00035,0.000421,0.000304,0.000213,0.000182,0.00034,0.000124,0.000226,0.000156,0.000826,0.00042,0.000505,0.000365,0.000218,0.000149,0.000187,1e-06,60.01,3.9,0.0004,8e-06,60.0
norm_1098,Normal,3,sim_32,sim_32,32,Combined: Gen 2 Dispatch + 59.96 Hz,PROJECT DESIGN CHOICE,Generation redispatch coincident with low frequency excursion,train,5000.0,60.0,0.1044,True,0.922,0.589065,0.834998,1.417497,0.0458,0.0,60.0,59.961,51.92,0.832974,0.000637,0.000337,0.000116,0.000158,3e-05,8.7e-05,6.2e-05,6.7e-05,8.2e-05,4.9e-05,0.000765,0.000405,0.000139,0.00019,0.000104,8e-05,5.9e-05,1e-06,60.01,3.49,0.0004,6e-06,60.0
norm_1099,Normal,3,sim_32,sim_32,32,Combined: Gen 2 Dispatch + 59.96 Hz,PROJECT DESIGN CHOICE,Generation redispatch coincident with low frequency excursion,train,5000.0,60.0,0.1078,True,0.9652,0.589167,0.836316,1.419489,0.0375,0.0,60.0,59.9571,51.1,0.833117,0.000581,0.000186,0.00023,0.000199,0.000174,0.000153,8.2e-05,9.4e-05,3.4e-05,0.000148,0.000697,0.000223,0.000276,0.000239,0.000184,0.000113,0.000178,1e-06,60.01,3.68,0.0004,7e-06,60.0
norm_1100,Normal,3,sim_32,sim_32,32,Combined: Gen 2 Dispatch + 59.96 Hz,PROJECT DESIGN CHOICE,Generation redispatch coincident with low frequency excursion,train,5000.0,60.0,0.1112,True,0.9053,0.589323,0.834779,1.416504,0.0608,0.0,60.0,59.9606,51.84,0.833338,0.000725,0.000364,0.00032,0.000329,0.000206,0.000127,0.000117,0.000169,0.000222,4.8e-05,0.00087,0.000437,0.000384,0.000395,0.000152,0.000203,5.8e-05,1e-06,60.01,3.82,0.0004,9e-06,60.0
norm_1101,Normal,3,sim_32,sim_32,32,Combined: Gen 2 Dispatch + 59.96 Hz,PROJECT DESIGN CHOICE,Generation redispatch coincident with low frequency excursion,train,5000.0,60.0,0.1146,True,0.951,0.589066,0.835629,1.418565,0.022,0.0,60.0,59.9621,51.21,0.832975,0.000357,0.000143,8e-05,0.000115,0.000112,1.5e-05,0.000109,3.9e-05,0.000102,8e-05,0.000429,0.000172,9.6e-05,0.000138,1.8e-05,4.7e-05,9.6e-05,0.0,60.01,3.51,0.0004,6e-06,60.0
norm_1102,Normal,3,sim_32,sim_32,32,Combined: Gen 2 Dispatch + 59.96 Hz,PROJECT DESIGN CHOICE,Generation redispatch coincident with low frequency excursion,train,5000.0,60.0,0.118,True,0.9362,0.589345,0.835018,1.416857,0.0612,0.0,60.0,59.9611,51.68,0.833369,0.00077,0.000381,0.000224,0.000264,0.000102,0.000212,0.000158,8.2e-05,0.000167,0.000148,0.000924,0.000457,0.000269,0.000317,0.000254,9.8e-05,0.000178,1e-06,60.01,3.87,0.0004,1e-05,60.0
norm_1103,Normal,3,sim_32,sim_32,32,Combined: Gen 2 Dispatch + 59.96 Hz,PROJECT DESIGN CHOICE,Generation redispatch coincident with low frequency excursion,train,5000.0,60.0,0.1214,True,0.9239,0.589043,0.836079,1.419384,0.0342,0.0,60.0,59.9579,51.28,0.832942,0.000451,0.000256,0.00015,0.000103,0.000166,7.3e-05,9.7e-05,0.000149,7.2e-05,5.5e-05,0.000541,0.000307,0.00018,0.000124,8.8e-05,0.000179,6.6e-05,0.0,60.01,3.69,0.0004,7e-06,60.0
norm_1104,Normal,3,sim_32,sim_32,32,Combined: Gen 2 Dispatch + 59.96 Hz,PROJECT DESIGN CHOICE,Generation redispatch coincident with low frequency excursion,train,5000.0,60.0,0.1248,True,0.9703,0.589239,0.836691,1.419951,0.0442,0.0,60.0,59.958,51.72,0.83322,0.000669,0.000306,0.000323,0.000148,0.000174,0.000141,0.000121,6.5e-05,0.00014,2.3e-05,0.000803,0.000367,0.000388,0.000178,0.000169,7.8e-05,2.8e-05,1e-06,60.01,3.57,0.0004,7e-06,60.0
norm_1105,Normal,3,sim_32,sim_32,32,Combined: Gen 2 Dispatch + 59.96 Hz,PROJECT DESIGN CHOICE,Generation redispatch coincident with low frequency excursion,train,5000.0,60.0,0.1282,True,0.9045,0.589197,0.836366,1.419502,0.069,0.0,60.0,59.963,51.13,0.833161,0.000731,0.000495,0.000254,0.000192,0.000291,0.00022,0.000243,0.000137,5.6e-05,0.000143,0.000877,0.000594,0.000305,0.00023,0.000264,0.000164,0.000172,1e-06,60.01,3.8,0.0004,9e-06,60.0
norm_1106,Normal,3,sim_32,sim_32,32,Combined: Gen 2 Dispatch + 59.96 Hz,PROJECT DESIGN CHOICE,Generation redispatch coincident with low frequency excursion,train,5000.0,60.0,0.1316,True,0.9587,0.589106,0.835142,1.417643,0.0292,0.0,60.0,59.9577,51.28,0.833031,0.000368,0.000175,0.000164,0.000141,8.7e-05,9.4e-05,4.6e-05,5e-05,0.000119,1.1e-05,0.000442,0.00021,0.000197,0.000169,0.000113,6e-05,1.3e-05,0.0,60.01,3.53,0.0004,6e-06,60.0
norm_1107,Normal,3,sim_32,sim_32,32,Combined: Gen 2 Dispatch + 59.96 Hz,PROJECT DESIGN CHOICE,Generation redispatch coincident with low frequency excursion,train,5000.0,60.0,0.135,True,0.925,0.589438,0.836656,1.419413,0.0754,0.0,60.0,59.9614,51.27,0.8335,0.000696,0.000519,0.000208,0.000267,8.4e-05,0.000234,0.000252,9.4e-05,0.000178,0.000108,0.000835,0.000623,0.00025,0.00032,0.000281,0.000113,0.00013,1e-06,60.01,4.16,0.0004,1e-05,60.0
norm_1108,Normal,3,sim_32,sim_32,32,Combined: Gen 2 Dispatch + 59.96 Hz,PROJECT DESIGN CHOICE,Generation redispatch coincident with low frequency excursion,train,5000.0,60.0,0.1384,True,0.9377,0.58901,0.834903,1.417469,0.0243,0.0,60.0,59.9606,51.52,0.832896,0.000373,0.000146,0.000295,5.3e-05,6.2e-05,0.00013,0.000174,0.000234,0.000124,8.4e-05,0.000448,0.000175,0.000354,6.4e-05,0.000156,0.000281,0.000101,0.0,60.01,3.76,0.0004,7e-06,60.0
norm_1109,Normal,3,sim_32,sim_32,32,Combined: Gen 2 Dispatch + 59.96 Hz,PROJECT DESIGN CHOICE,Generation redispatch coincident with low frequency excursion,train,5000.0,60.0,0.1418,True,0.9656,0.589269,0.835981,1.418673,0.0521,0.0,60.0,59.9587,51.42,0.833262,0.000639,0.000381,0.000289,0.000207,0.000222,2.4e-05,2.6e-05,4.4e-05,0.000127,0.000164,0.000767,0.000457,0.000347,0.000248,2.9e-05,5.3e-05,0.000197,1e-06,60.01,3.96,0.0004,9e-06,60.0
norm_1110,Normal,3,sim_32,sim_32,32,Combined: Gen 2 Dispatch + 59.96 Hz,PROJECT DESIGN CHOICE,Generation redispatch coincident with low frequency excursion,train,5000.0,60.0,0.1452,True,0.9,0.589354,0.836971,1.42015,0.0742,0.0,60.0,59.959,51.49,0.833381,0.000602,0.000442,0.000287,0.00034,0.000149,0.000266,0.000127,5.1e-05,0.000183,3.3e-05,0.000722,0.00053,0.000344,0.000408,0.000319,6.1e-05,4e-05,1e-06,60.01,4.05,0.0004,8e-06,60.0
norm_1111,Normal,3,sim_32,sim_32,32,Combined: Gen 2 Dispatch + 59.96 Hz,PROJECT DESIGN CHOICE,Generation redispatch coincident with low frequency excursion,train,5000.0,60.0,0.1488,True,0.9801,0.589001,0.837684,1.422212,0.0291,0.0,60.0,59.9611,51.51,0.832882,0.000448,0.000193,0.00011,0.0001,3e-05,0.000108,8.6e-05,4.3e-05,0.000112,4.7e-05,0.000538,0.000232,0.000132,0.00012,0.00013,5.2e-05,5.6e-05,0.0,60.01,3.6,0.0004,6e-06,60.0
norm_1112,Normal,3,sim_32,sim_32,32,Combined: Gen 2 Dispatch + 59.96 Hz,PROJECT DESIGN CHOICE,Generation redispatch coincident with low frequency excursion,train,5000.0,60.0,0.1522,True,0.9166,0.589386,0.835256,1.417164,0.0543,0.0,60.0,59.9619,51.52,0.833427,0.000624,0.000372,0.000216,0.000179,0.000325,0.000185,9.1e-05,0.000189,0.000206,0.000176,0.000749,0.000446,0.000259,0.000215,0.000222,0.000227,0.000211,1e-06,60.01,3.82,0.0004,8e-06,60.0
norm_1113,Normal,3,sim_32,sim_32,32,Combined: Gen 2 Dispatch + 59.96 Hz,PROJECT DESIGN CHOICE,Generation redispatch coincident with low frequency excursion,train,5000.0,60.0,0.1556,True,0.9439,0.589072,0.837027,1.420925,0.0302,0.0,60.0,59.959,51.49,0.832982,0.00037,0.000189,0.00014,0.000108,5.8e-05,0.000126,6.1e-05,8.8e-05,4.1e-05,2.2e-05,0.000444,0.000227,0.000168,0.00013,0.000151,0.000106,2.6e-05,0.0,60.01,3.71,0.0004,6e-06,60.0
norm_1114,Normal,3,sim_32,sim_32,32,Combined: Gen 2 Dispatch + 59.96 Hz,PROJECT DESIGN CHOICE,Generation redispatch coincident with low frequency excursion,train,5000.0,60.0,0.159,True,0.9547,0.589306,0.835117,1.417119,0.0667,0.0,60.0,59.9611,51.81,0.833316,0.000651,0.000478,0.000279,0.000213,0.000177,0.000185,0.000167,0.000157,4.3e-05,5.7e-05,0.000781,0.000574,0.000335,0.000256,0.000222,0.000188,6.8e-05,1e-06,60.01,3.84,0.0004,9e-06,60.0
norm_1115,Normal,3,sim_32,sim_32,32,Combined: Gen 2 Dispatch + 59.96 Hz,PROJECT DESIGN CHOICE,Generation redispatch coincident with low frequency excursion,train,5000.0,60.0,0.1624,True,0.9099,0.589194,0.836191,1.41921,0.0372,0.0,60.0,59.9609,51.75,0.833157,0.000686,0.000199,0.000294,7.7e-05,0.000194,0.000224,2.3e-05,0.000104,0.000103,0.000219,0.000823,0.000239,0.000353,9.2e-05,0.000269,0.000125,0.000263,1e-06,60.01,3.68,0.0004,8e-06,60.0
norm_1116,Normal,3,sim_32,sim_32,32,Combined: Gen 2 Dispatch + 59.96 Hz,PROJECT DESIGN CHOICE,Generation redispatch coincident with low frequency excursion,train,5000.0,60.0,0.1658,True,0.9727,0.58909,0.835907,1.41898,0.0419,0.0,60.0,59.961,51.63,0.833008,0.000494,0.00031,0.000266,0.000143,0.000133,7.4e-05,9.8e-05,0.00011,4.5e-05,3.5e-05,0.000593,0.000372,0.000319,0.000172,8.9e-05,0.000132,4.2e-05,0.0,60.01,3.81,0.0004,7e-06,60.0
norm_1117,Normal,3,sim_32,sim_32,32,Combined: Gen 2 Dispatch + 59.96 Hz,PROJECT DESIGN CHOICE,Generation redispatch coincident with low frequency excursion,train,5000.0,60.0,0.1692,True,0.9082,0.589342,0.836255,1.418965,0.0616,0.0,60.0,59.9617,51.77,0.833365,0.000755,0.000423,0.000315,0.000268,0.000226,0.000114,0.000178,0.000203,0.000232,0.000202,0.000906,0.000508,0.000378,0.000322,0.000137,0.000244,0.000242,1e-06,60.01,3.86,0.0004,1e-05,60.0
norm_1118,Normal,3,sim_32,sim_32,32,Combined: Gen 2 Dispatch + 59.96 Hz,PROJECT DESIGN CHOICE,Generation redispatch coincident with low frequency excursion,train,5000.0,60.0,0.1726,True,0.9429,0.58912,0.836416,1.41977,0.018,0.0,60.0,59.9593,51.68,0.833052,0.000363,7.4e-05,0.000131,8.4e-05,6e-05,0.000101,0.000121,9.7e-05,8.8e-05,0.000113,0.000436,8.9e-05,0.000157,0.000101,0.000121,0.000116,0.000136,0.0,60.01,3.5,0.0004,5e-06,60.0
norm_1119,Normal,3,sim_32,sim_32,32,Combined: Gen 2 Dispatch + 59.96 Hz,PROJECT DESIGN CHOICE,Generation redispatch coincident with low frequency excursion,train,5000.0,60.0,0.176,True,0.9478,0.589376,0.836484,1.41927,0.0633,0.0,60.0,59.9596,51.6,0.833413,0.000757,0.000425,0.000249,0.000262,0.000304,0.000173,7.5e-05,0.000145,0.000125,0.000146,0.000908,0.00051,0.000299,0.000314,0.000208,0.000174,0.000175,1e-06,60.01,3.98,0.0004,1e-05,60.0
