frame_id,scenario_id,simulation_id,operating_condition_id,phase_configuration,primary_channel,split,class,label_idx,label_source,rms_voltage,peak_voltage,crest_factor,thd,duration,dominant_freq,system_freq,snr,h1,h2,h3,h4,h5,h6,h7,h8,h9,h10,h11,h2_ratio,h3_ratio,h4_ratio,h5_ratio,h7_ratio,h9_ratio,h11_ratio,harmonic_energy,spectral_centroid,spectral_bandwidth,spectral_entropy,spectral_flatness,true_dominant_freq
har_01_01,HAR_0001_3p_h3h5h7_typical_cond01,har_sim_01,1,ABC,B,train,Harmonics,1,SCENARIO_CONTROLLER,0.593621,0.819331,1.380225,8.4853,0.0,60.0,59.999,21.42,0.836499,0.000115,0.057801,9.9e-05,0.027027,0.000108,0.031093,3e-05,7.1e-05,1.2e-05,6.5e-05,0.000137,0.069099,0.000118,0.03231,0.03717,8.5e-05,7.8e-05,0.005038,61.32,17.76,0.0078,3e-06,60.0
har_01_02,HAR_0001_3p_h3h5h7_typical_cond01,har_sim_01,1,ABC,B,train,Harmonics,1,SCENARIO_CONTROLLER,0.59362,0.819331,1.380229,8.4853,0.0,60.0,60.0004,21.42,0.836497,9.6e-05,0.057789,0.000104,0.027033,0.000104,0.031108,2.5e-05,4.8e-05,2.1e-05,5.8e-05,0.000115,0.069085,0.000124,0.032317,0.037188,5.7e-05,6.9e-05,0.005038,61.32,17.77,0.0078,3e-06,60.0
har_01_03,HAR_0001_3p_h3h5h7_typical_cond01,har_sim_01,1,ABC,B,train,Harmonics,1,SCENARIO_CONTROLLER,0.593612,0.818623,1.379053,8.4843,0.0,60.0,60.0004,21.42,0.836487,8.6e-05,0.057785,0.000113,0.027029,9.2e-05,0.031098,8e-06,3.2e-05,2.1e-05,6.7e-05,0.000103,0.069081,0.000135,0.032313,0.037177,3.8e-05,8e-05,0.005037,61.32,17.76,0.0078,3e-06,60.0
har_01_04,HAR_0001_3p_h3h5h7_typical_cond01,har_sim_01,1,ABC,B,train,Harmonics,1,SCENARIO_CONTROLLER,0.593598,0.818623,1.379086,8.4863,0.0,60.0,60.0004,21.42,0.836466,7.5e-05,0.057797,0.000112,0.027035,9e-05,0.031105,1.5e-05,3.6e-05,2.2e-05,6.5e-05,9e-05,0.069097,0.000134,0.032321,0.037186,4.3e-05,7.8e-05,0.005039,61.32,17.77,0.0078,4e-06,60.0
har_01_05,HAR_0001_3p_h3h5h7_typical_cond01,har_sim_01,1,ABC,B,train,Harmonics,1,SCENARIO_CONTROLLER,0.593599,0.818623,1.379084,8.4874,0.0,60.0,60.0005,21.42,0.836466,6.2e-05,0.057802,0.000113,0.027036,7.4e-05,0.031114,3.4e-05,4.5e-05,1.7e-05,5.6e-05,7.4e-05,0.069103,0.000135,0.032322,0.037197,5.4e-05,6.7e-05,0.00504,61.32,17.78,0.0078,4e-06,60.0
har_01_06,HAR_0001_3p_h3h5h7_typical_cond01,har_sim_01,1,ABC,B,train,Harmonics,1,SCENARIO_CONTROLLER,0.593612,0.818623,1.379055,8.4862,0.0,60.0,60.0005,21.42,0.836484,3.8e-05,0.057783,0.000106,0.027058,8.3e-05,0.031112,4e-05,2.4e-05,3.1e-05,7.1e-05,4.5e-05,0.069078,0.000127,0.032347,0.037194,2.9e-05,8.5e-05,0.005039,61.32,17.77,0.0078,3e-06,60.0
har_01_07,HAR_0001_3p_h3h5h7_typical_cond01,har_sim_01,1,ABC,B,train,Harmonics,1,SCENARIO_CONTROLLER,0.593618,0.818623,1.379039,8.4826,0.0,60.0,60.0005,21.43,0.836496,3e-05,0.05776,8.5e-05,0.02703,5.7e-05,0.031114,4.7e-05,2.5e-05,3.7e-05,7.5e-05,3.6e-05,0.06905,0.000102,0.032313,0.037196,3e-05,9e-05,0.005035,61.32,17.77,0.0078,3e-06,60.0
har_01_08,HAR_0001_3p_h3h5h7_typical_cond01,har_sim_01,1,ABC,B,train,Harmonics,1,SCENARIO_CONTROLLER,0.593624,0.818623,1.379025,8.4827,0.0,60.0,59.9979,21.43,0.836505,3.9e-05,0.057765,8.9e-05,0.027026,5.7e-05,0.031111,3.9e-05,3.2e-05,5.2e-05,5.6e-05,4.7e-05,0.069055,0.000106,0.032308,0.037192,3.8e-05,6.7e-05,0.005035,61.32,17.77,0.0078,4e-06,60.0
har_01_09,HAR_0001_3p_h3h5h7_typical_cond01,har_sim_01,1,ABC,B,train,Harmonics,1,SCENARIO_CONTROLLER,0.593642,0.818623,1.378983,8.4826,0.0,60.0,59.9979,21.42,0.83653,5.8e-05,0.057769,8.6e-05,0.027035,4.8e-05,0.031099,3e-05,4e-05,4.3e-05,7.6e-05,6.9e-05,0.069058,0.000103,0.032318,0.037176,4.8e-05,9.1e-05,0.005035,61.32,17.78,0.0078,4e-06,60.0
har_01_10,HAR_0001_3p_h3h5h7_typical_cond01,har_sim_01,1,ABC,B,train,Harmonics,1,SCENARIO_CONTROLLER,0.593642,0.818623,1.378984,8.4846,0.0,60.0,59.9979,21.43,0.836528,5.4e-05,0.057783,8.2e-05,0.027045,5.1e-05,0.031102,2.9e-05,3.9e-05,3.4e-05,6.1e-05,6.5e-05,0.069075,9.8e-05,0.03233,0.03718,4.7e-05,7.3e-05,0.005038,61.32,17.78,0.0078,3e-06,60.0
har_01_11,HAR_0001_3p_h3h5h7_typical_cond01,har_sim_01,1,ABC,B,train,Harmonics,1,SCENARIO_CONTROLLER,0.593643,0.818623,1.378981,8.4853,0.0,60.0,59.9984,21.42,0.83653,5.2e-05,0.057789,8.9e-05,0.027041,5e-05,0.031107,1.7e-05,4.9e-05,4e-05,7.6e-05,6.2e-05,0.069082,0.000106,0.032325,0.037186,5.9e-05,9.1e-05,0.005038,61.32,17.78,0.0078,3e-06,60.0
har_01_12,HAR_0001_3p_h3h5h7_typical_cond01,har_sim_01,1,ABC,B,train,Harmonics,1,SCENARIO_CONTROLLER,0.593649,0.818623,1.378969,8.4867,0.0,60.0,59.9984,21.42,0.836536,3.3e-05,0.057802,0.000102,0.027066,7.6e-05,0.031089,2.8e-05,4.8e-05,3e-05,6.7e-05,3.9e-05,0.069097,0.000122,0.032355,0.037164,5.7e-05,8e-05,0.00504,61.32,17.77,0.0078,3e-06,60.0
har_01_13,HAR_0001_3p_h3h5h7_typical_cond01,har_sim_01,1,ABC,B,train,Harmonics,1,SCENARIO_CONTROLLER,0.593654,0.818623,1.378958,8.4864,0.0,60.0,60.0002,21.42,0.836543,4.3e-05,0.057806,0.000104,0.027061,7.8e-05,0.031081,3.1e-05,5e-05,3.1e-05,6.5e-05,5.1e-05,0.069101,0.000124,0.032349,0.037154,6e-05,7.8e-05,0.00504,61.32,17.77,0.0078,3e-06,60.0
har_01_14,HAR_0001_3p_h3h5h7_typical_cond01,har_sim_01,1,ABC,B,train,Harmonics,1,SCENARIO_CONTROLLER,0.593646,0.818623,1.378975,8.4859,0.0,60.0,60.0002,21.42,0.836533,2.8e-05,0.057795,0.000104,0.027064,8e-05,0.031088,3.6e-05,5.4e-05,3.5e-05,6e-05,3.3e-05,0.069089,0.000124,0.032353,0.037163,6.5e-05,7.2e-05,0.005039,61.32,17.77,0.0078,4e-06,60.0
har_01_15,HAR_0001_3p_h3h5h7_typical_cond01,har_sim_01,1,ABC,B,train,Harmonics,1,SCENARIO_CONTROLLER,0.593654,0.818623,1.378957,8.4839,0.0,60.0,60.0002,21.42,0.836546,1.4e-05,0.05778,0.000113,0.027048,9e-05,0.031093,3.3e-05,5.8e-05,3.4e-05,7e-05,1.7e-05,0.06907,0.000135,0.032333,0.037168,6.9e-05,8.4e-05,0.005037,61.32,17.77,0.0078,4e-06,60.0
har_01_16,HAR_0001_3p_h3h5h7_typical_cond01,har_sim_01,1,ABC,B,train,Harmonics,1,SCENARIO_CONTROLLER,0.593652,0.818623,1.378961,8.4826,0.0,60.0,59.9979,21.43,0.836544,2.6e-05,0.057771,0.000115,0.027045,9.5e-05,0.031087,2.6e-05,6.7e-05,3.5e-05,7.1e-05,3.1e-05,0.069059,0.000137,0.032329,0.037161,8e-05,8.5e-05,0.005035,61.32,17.77,0.0078,4e-06,60.0
har_01_17,HAR_0001_3p_h3h5h7_typical_cond01,har_sim_01,1,ABC,B,train,Harmonics,1,SCENARIO_CONTROLLER,0.593649,0.818623,1.378968,8.4816,0.0,60.0,59.9979,21.43,0.83654,3.2e-05,0.057768,0.000104,0.027047,0.000101,0.031073,3.6e-05,7.1e-05,2.9e-05,7.1e-05,3.8e-05,0.069056,0.000124,0.032332,0.037145,8.5e-05,8.5e-05,0.005034,61.32,17.77,0.0078,4e-06,60.0
har_01_18,HAR_0001_3p_h3h5h7_typical_cond01,har_sim_01,1,ABC,B,train,Harmonics,1,SCENARIO_CONTROLLER,0.593639,0.818623,1.378991,8.4815,0.0,60.0,59.9979,21.43,0.836526,2.8e-05,0.057763,8.9e-05,0.027026,7.2e-05,0.031095,5.6e-05,6.6e-05,2.4e-05,8.2e-05,3.3e-05,0.069051,0.000106,0.032307,0.037172,7.9e-05,9.8e-05,0.005034,61.32,17.78,0.0078,4e-06,60.0
har_01_19,HAR_0001_3p_h3h5h7_typical_cond01,har_sim_01,1,ABC,B,train,Harmonics,1,SCENARIO_CONTROLLER,0.593639,0.818623,1.37899,8.4807,0.0,60.0,60.0009,21.43,0.836528,2.8e-05,0.057765,8.4e-05,0.027018,7.6e-05,0.031082,4.2e-05,5.6e-05,3.6e-05,7.8e-05,3.3e-05,0.069053,0.0001,0.032298,0.037156,6.7e-05,9.3e-05,0.005033,61.32,17.77,0.0078,4e-06,60.0
har_01_20,HAR_0001_3p_h3h5h7_typical_cond01,har_sim_01,1,ABC,B,train,Harmonics,1,SCENARIO_CONTROLLER,0.593655,0.818623,1.378954,8.4804,0.0,60.0,60.0009,21.43,0.836549,4.7e-05,0.057764,8.5e-05,0.027025,7.3e-05,0.031079,4.8e-05,5.7e-05,3.8e-05,7.1e-05,5.6e-05,0.06905,0.000102,0.032305,0.037151,6.8e-05,8.5e-05,0.005033,61.32,17.78,0.0078,4e-06,60.0
har_01_21,HAR_0001_3p_h3h5h7_typical_cond01,har_sim_01,1,ABC,B,train,Harmonics,1,SCENARIO_CONTROLLER,0.593657,0.818623,1.37895,8.4811,0.0,60.0,60.0009,21.43,0.836552,3.7e-05,0.057773,7.4e-05,0.027031,6.5e-05,0.03107,5.5e-05,6e-05,5.3e-05,5.9e-05,4.4e-05,0.069061,8.8e-05,0.032312,0.037141,7.2e-05,7.1e-05,0.005034,61.32,17.78,0.0078,4e-06,60.0
har_01_22,HAR_0001_3p_h3h5h7_typical_cond01,har_sim_01,1,ABC,B,train,Harmonics,1,SCENARIO_CONTROLLER,0.593652,0.818623,1.378962,8.4813,0.0,60.0,60.0009,21.43,0.836544,5.6e-05,0.05775,5.3e-05,0.027061,8.3e-05,0.031091,4.6e-05,6.8e-05,5.5e-05,5e-05,6.7e-05,0.069034,6.3e-05,0.032349,0.037166,8.1e-05,6e-05,0.005034,61.32,17.78,0.0078,4e-06,60.0
har_01_23,HAR_0001_3p_h3h5h7_typical_cond01,har_sim_01,1,ABC,B,train,Harmonics,1,SCENARIO_CONTROLLER,0.593627,0.818528,1.378858,8.4818,0.0,60.0,60.0009,21.43,0.83651,8.6e-05,0.057759,5.6e-05,0.027055,9e-05,0.031081,5.3e-05,8e-05,7.4e-05,6.7e-05,0.000103,0.069048,6.7e-05,0.032343,0.037156,9.6e-05,8e-05,0.005034,61.32,17.78,0.0078,4e-06,60.0
har_01_24,HAR_0001_3p_h3h5h7_typical_cond01,har_sim_01,1,ABC,B,train,Harmonics,1,SCENARIO_CONTROLLER,0.593624,0.818528,1.378867,8.4824,0.0,60.0,60.0,21.43,0.836504,8.3e-05,0.057758,5.5e-05,0.027061,8.6e-05,0.031087,5.2e-05,6.5e-05,7.8e-05,8.6e-05,9.9e-05,0.069047,6.6e-05,0.03235,0.037163,7.8e-05,0.000103,0.005035,61.32,17.78,0.0078,4e-06,60.0
har_01_25,HAR_0001_3p_h3h5h7_typical_cond01,har_sim_01,1,ABC,B,train,Harmonics,1,SCENARIO_CONTROLLER,0.593627,0.818528,1.378858,8.4828,0.0,60.0,59.9998,21.43,0.836509,8.5e-05,0.057764,5.1e-05,0.027058,8.7e-05,0.031088,4.9e-05,6e-05,8.6e-05,7.8e-05,0.000102,0.069054,6.1e-05,0.032346,0.037164,7.2e-05,9.3e-05,0.005035,61.32,17.78,0.0078,4e-06,60.0
har_01_26,HAR_0001_3p_h3h5h7_typical_cond01,har_sim_01,1,ABC,B,train,Harmonics,1,SCENARIO_CONTROLLER,0.593624,0.819426,1.38038,8.4828,0.0,60.0,59.9998,21.43,0.836504,8e-05,0.057756,6.5e-05,0.027048,0.000108,0.031109,5.3e-05,3.9e-05,9.2e-05,8.7e-05,9.6e-05,0.069044,7.8e-05,0.032335,0.037189,4.7e-05,0.000104,0.005035,61.32,17.79,0.0078,4e-06,60.0
har_01_27,HAR_0001_3p_h3h5h7_typical_cond01,har_sim_01,1,ABC,B,train,Harmonics,1,SCENARIO_CONTROLLER,0.593629,0.819426,1.380368,8.4852,0.0,60.0,60.0007,21.42,0.836509,7e-05,0.057769,5e-05,0.027063,0.000115,0.03112,5.2e-05,3.8e-05,7.8e-05,8.7e-05,8.4e-05,0.06906,6e-05,0.032352,0.037202,4.5e-05,0.000104,0.005038,61.32,17.8,0.0078,4e-06,60.0
har_01_28,HAR_0001_3p_h3h5h7_typical_cond01,har_sim_01,1,ABC,B,train,Harmonics,1,SCENARIO_CONTROLLER,0.593619,0.819426,1.38039,8.4845,0.0,60.0,60.0007,21.42,0.836496,7.6e-05,0.057756,4.2e-05,0.027072,0.000122,0.031119,5.4e-05,3.2e-05,7.3e-05,8.5e-05,9.1e-05,0.069045,5e-05,0.032364,0.037202,3.8e-05,0.000102,0.005037,61.32,17.79,0.0078,4e-06,60.0
har_01_29,HAR_0001_3p_h3h5h7_typical_cond01,har_sim_01,1,ABC,B,train,Harmonics,1,SCENARIO_CONTROLLER,0.593635,0.819426,1.380352,8.4828,0.0,60.0,60.0007,21.43,0.83652,6.1e-05,0.057741,3.5e-05,0.02708,0.000123,0.031112,4.4e-05,3e-05,7.1e-05,8.8e-05,7.3e-05,0.069025,4.2e-05,0.032372,0.037192,3.6e-05,0.000105,0.005035,61.32,17.78,0.0078,4e-06,60.0
har_01_30,HAR_0001_3p_h3h5h7_typical_cond01,har_sim_01,1,ABC,B,train,Harmonics,1,SCENARIO_CONTROLLER,0.59364,0.819426,1.380341,8.4836,0.0,60.0,60.0012,21.42,0.836527,4.6e-05,0.057732,5.7e-05,0.027103,0.000111,0.031127,5.6e-05,3.7e-05,6.6e-05,8.6e-05,5.5e-05,0.069014,6.8e-05,0.032399,0.03721,4.4e-05,0.000103,0.005036,61.32,17.79,0.0078,4e-06,60.0
har_01_31,HAR_0001_3p_h3h5h7_typical_cond01,har_sim_01,1,ABC,B,train,Harmonics,1,SCENARIO_CONTROLLER,0.593642,0.819426,1.380337,8.4843,0.0,60.0,60.0012,21.42,0.836529,5e-05,0.057734,4.7e-05,0.027107,0.000104,0.031133,5.3e-05,2.4e-05,7.5e-05,8.2e-05,6e-05,0.069016,5.6e-05,0.032404,0.037217,2.9e-05,9.8e-05,0.005037,61.32,17.79,0.0078,4e-06,60.0
har_01_32,HAR_0001_3p_h3h5h7_typical_cond01,har_sim_01,1,ABC,B,train,Harmonics,1,SCENARIO_CONTROLLER,0.59364,0.819426,1.380342,8.4848,0.0,60.0,60.0012,21.42,0.836526,4.7e-05,0.057741,3.6e-05,0.027114,9.1e-05,0.031122,6.1e-05,2.3e-05,8.9e-05,7.2e-05,5.6e-05,0.069025,4.3e-05,0.032413,0.037204,2.7e-05,8.6e-05,0.005038,61.32,17.79,0.0078,4e-06,60.0
har_02_01,HAR_0002_3p_h3h5h7_mild_cond02,har_sim_02,2,ABC,B,test,Harmonics,1,SCENARIO_CONTROLLER,0.636778,0.891899,1.400644,6.1442,0.0,60.0,60.0008,24.22,0.898842,3.8e-05,0.043929,5.3e-05,0.020159,6.7e-05,0.026717,6.6e-05,7e-05,2.8e-05,9.6e-05,4.2e-05,0.048873,5.9e-05,0.022428,0.029724,7.8e-05,0.000107,0.00305,60.73,13.75,0.0045,4e-06,60.0
har_02_02,HAR_0002_3p_h3h5h7_mild_cond02,har_sim_02,2,ABC,B,test,Harmonics,1,SCENARIO_CONTROLLER,0.636784,0.891899,1.40063,6.1444,0.0,60.0,59.9992,24.22,0.898851,3.8e-05,0.043931,5.1e-05,0.020163,8.4e-05,0.026716,8.1e-05,6e-05,3.1e-05,0.000108,4.2e-05,0.048875,5.7e-05,0.022432,0.029722,6.7e-05,0.00012,0.00305,60.73,13.73,0.0045,4e-06,60.0
har_02_03,HAR_0002_3p_h3h5h7_mild_cond02,har_sim_02,2,ABC,B,test,Harmonics,1,SCENARIO_CONTROLLER,0.636794,0.891899,1.400607,6.1461,0.0,60.0,59.9992,24.22,0.898864,4.3e-05,0.043946,6.7e-05,0.020159,8.7e-05,0.026729,7.3e-05,6.4e-05,2.8e-05,0.000104,4.8e-05,0.048891,7.5e-05,0.022427,0.029736,7.1e-05,0.000116,0.003052,60.73,13.74,0.0045,4e-06,60.0
har_02_04,HAR_0002_3p_h3h5h7_mild_cond02,har_sim_02,2,ABC,B,test,Harmonics,1,SCENARIO_CONTROLLER,0.636803,0.891899,1.400588,6.1447,0.0,60.0,59.9992,24.22,0.898877,2.7e-05,0.043933,5.7e-05,0.020148,9.2e-05,0.026733,7.5e-05,5.6e-05,3.4e-05,0.000105,3e-05,0.048875,6.3e-05,0.022415,0.02974,6.2e-05,0.000117,0.003051,60.73,13.74,0.0045,4e-06,60.0
har_02_05,HAR_0002_3p_h3h5h7_mild_cond02,har_sim_02,2,ABC,B,test,Harmonics,1,SCENARIO_CONTROLLER,0.636801,0.891899,1.400593,6.1453,0.0,60.0,59.9979,24.22,0.898874,4.4e-05,0.043942,4.9e-05,0.020141,9e-05,0.026733,7.6e-05,6.3e-05,4.5e-05,9.7e-05,4.9e-05,0.048886,5.5e-05,0.022407,0.029741,7e-05,0.000108,0.003051,60.73,13.74,0.0045,4e-06,60.0
har_02_06,HAR_0002_3p_h3h5h7_mild_cond02,har_sim_02,2,ABC,B,test,Harmonics,1,SCENARIO_CONTROLLER,0.636781,0.891899,1.400637,6.1455,0.0,60.0,59.9979,24.22,0.898846,3.5e-05,0.043946,6e-05,0.020122,7.7e-05,0.026744,7.6e-05,5.8e-05,4.3e-05,9.9e-05,3.9e-05,0.048892,6.7e-05,0.022386,0.029754,6.5e-05,0.00011,0.003051,60.73,13.74,0.0045,4e-06,60.0
har_02_07,HAR_0002_3p_h3h5h7_mild_cond02,har_sim_02,2,ABC,B,test,Harmonics,1,SCENARIO_CONTROLLER,0.636791,0.891899,1.400614,6.1476,0.0,60.0,59.9979,24.22,0.898859,4.6e-05,0.043947,5.2e-05,0.020132,5.9e-05,0.026774,7.9e-05,3.8e-05,5e-05,9.8e-05,5.1e-05,0.048892,5.8e-05,0.022397,0.029787,4.2e-05,0.000109,0.003054,60.73,13.75,0.0045,4e-06,60.0
har_02_08,HAR_0002_3p_h3h5h7_mild_cond02,har_sim_02,2,ABC,B,test,Harmonics,1,SCENARIO_CONTROLLER,0.63679,0.891899,1.400616,6.1479,0.0,60.0,59.9983,24.22,0.898857,4.8e-05,0.043967,4.5e-05,0.020125,3.9e-05,0.026752,8.3e-05,4.3e-05,4.6e-05,0.000107,5.3e-05,0.048914,5e-05,0.02239,0.029762,4.8e-05,0.000119,0.003054,60.73,13.74,0.0045,4e-06,60.0
har_02_09,HAR_0002_3p_h3h5h7_mild_cond02,har_sim_02,2,ABC,B,test,Harmonics,1,SCENARIO_CONTROLLER,0.636786,0.891899,1.400625,6.1468,0.0,60.0,59.9983,24.22,0.898852,4.5e-05,0.043964,4.6e-05,0.020141,2.4e-05,0.026722,0.000109,5.9e-05,1.3e-05,7.4e-05,5e-05,0.048911,5.1e-05,0.022407,0.029729,6.6e-05,8.2e-05,0.003053,60.73,13.75,0.0045,4e-06,60.0
har_02_10,HAR_0002_3p_h3h5h7_mild_cond02,har_sim_02,2,ABC,B,test,Harmonics,1,SCENARIO_CONTROLLER,0.636794,0.891899,1.400608,6.1456,0.0,60.0,59.9983,24.22,0.898864,2.9e-05,0.043977,4.6e-05,0.020118,4.5e-05,0.026699,0.000142,8.7e-05,2.3e-05,8.9e-05,3.2e-05,0.048925,5.1e-05,0.022382,0.029703,9.7e-05,9.9e-05,0.003052,60.73,13.76,0.0045,4e-06,60.0
har_02_11,HAR_0002_3p_h3h5h7_mild_cond02,har_sim_02,2,ABC,B,test,Harmonics,1,SCENARIO_CONTROLLER,0.6368,0.891899,1.400594,6.1463,0.0,60.0,60.0004,24.22,0.898872,1.8e-05,0.043986,4.8e-05,0.020111,3.7e-05,0.026704,0.000141,8.6e-05,1.7e-05,9.1e-05,2e-05,0.048935,5.3e-05,0.022374,0.029708,9.6e-05,0.000101,0.003052,60.73,13.76,0.0045,4e-06,60.0
har_02_12,HAR_0002_3p_h3h5h7_mild_cond02,har_sim_02,2,ABC,B,test,Harmonics,1,SCENARIO_CONTROLLER,0.636794,0.891899,1.400609,6.1467,0.0,60.0,60.0004,24.22,0.898863,2.3e-05,0.043985,5.4e-05,0.020106,3.4e-05,0.026715,0.00016,9.4e-05,2e-05,9.9e-05,2.6e-05,0.048934,6e-05,0.022368,0.029721,0.000105,0.00011,0.003053,60.73,13.77,0.0045,4e-06,60.0
har_02_13,HAR_0002_3p_h3h5h7_mild_cond02,har_sim_02,2,ABC,B,test,Harmonics,1,SCENARIO_CONTROLLER,0.636793,0.891899,1.400609,6.1493,0.0,60.0,60.0007,24.21,0.898861,3.7e-05,0.044006,3.9e-05,0.020108,3.3e-05,0.026727,0.000169,7.5e-05,2.8e-05,8.2e-05,4.1e-05,0.048958,4.3e-05,0.022371,0.029734,8.3e-05,9.1e-05,0.003055,60.73,13.79,0.0046,4e-06,60.0
har_02_14,HAR_0002_3p_h3h5h7_mild_cond02,har_sim_02,2,ABC,B,test,Harmonics,1,SCENARIO_CONTROLLER,0.636794,0.891899,1.400607,6.1501,0.0,60.0,60.0007,24.21,0.898862,4.6e-05,0.044003,6.2e-05,0.020123,5.2e-05,0.026736,0.000153,8.4e-05,1.2e-05,6.7e-05,5.1e-05,0.048954,6.9e-05,0.022387,0.029744,9.3e-05,7.5e-05,0.003056,60.73,13.79,0.0046,4e-06,60.0
har_02_15,HAR_0002_3p_h3h5h7_mild_cond02,har_sim_02,2,ABC,B,test,Harmonics,1,SCENARIO_CONTROLLER,0.636786,0.891899,1.400624,6.1508,0.0,60.0,60.0007,24.21,0.89885,4e-05,0.044007,6.2e-05,0.02012,5.4e-05,0.026743,0.000148,8.2e-05,1.6e-05,7.1e-05,4.5e-05,0.048959,6.9e-05,0.022384,0.029752,9.1e-05,7.9e-05,0.003057,60.73,13.78,0.0046,4e-06,60.0
har_02_16,HAR_0002_3p_h3h5h7_mild_cond02,har_sim_02,2,ABC,B,test,Harmonics,1,SCENARIO_CONTROLLER,0.636784,0.891899,1.40063,6.1501,0.0,60.0,59.9986,24.22,0.898847,4.1e-05,0.044003,5e-05,0.020114,5.2e-05,0.026742,0.000139,7.7e-05,2e-05,6.3e-05,4.6e-05,0.048955,5.6e-05,0.022378,0.029751,8.6e-05,7e-05,0.003056,60.73,13.78,0.0046,4e-06,60.0
har_02_17,HAR_0002_3p_h3h5h7_mild_cond02,har_sim_02,2,ABC,B,test,Harmonics,1,SCENARIO_CONTROLLER,0.636794,0.891899,1.400608,6.1497,0.0,60.0,59.9986,24.21,0.898861,3.6e-05,0.044006,6.6e-05,0.020104,8.4e-05,0.026736,0.000135,9.7e-05,3.9e-05,5.3e-05,4e-05,0.048958,7.3e-05,0.022366,0.029744,0.000108,5.9e-05,0.003056,60.73,13.78,0.0046,4e-06,60.0
har_02_18,HAR_0002_3p_h3h5h7_mild_cond02,har_sim_02,2,ABC,B,test,Harmonics,1,SCENARIO_CONTROLLER,0.636799,0.891899,1.400597,6.1495,0.0,60.0,59.9986,24.21,0.898869,4.8e-05,0.044005,7.2e-05,0.020105,7.9e-05,0.026736,0.000135,7.9e-05,5.1e-05,5.5e-05,5.3e-05,0.048956,8e-05,0.022367,0.029744,8.8e-05,6.1e-05,0.003056,60.73,13.77,0.0046,4e-06,60.0
har_02_19,HAR_0002_3p_h3h5h7_mild_cond02,har_sim_02,2,ABC,B,test,Harmonics,1,SCENARIO_CONTROLLER,0.636804,0.891899,1.400586,6.1503,0.0,60.0,59.9994,24.22,0.898875,6e-05,0.044017,5.2e-05,0.020113,7.5e-05,0.026725,0.000143,6.2e-05,7.4e-05,2.8e-05,6.7e-05,0.048969,5.8e-05,0.022376,0.029732,6.9e-05,3.1e-05,0.003056,60.73,13.77,0.0046,4e-06,60.0
har_02_20,HAR_0002_3p_h3h5h7_mild_cond02,har_sim_02,2,ABC,B,test,Harmonics,1,SCENARIO_CONTROLLER,0.636802,0.891899,1.400589,6.151,0.0,60.0,59.9994,24.21,0.898873,6e-05,0.044023,5.4e-05,0.020114,7.8e-05,0.026728,0.000134,7.4e-05,8.7e-05,3e-06,6.7e-05,0.048976,6e-05,0.022377,0.029735,8.2e-05,3e-06,0.003057,60.73,13.78,0.0046,4e-06,60.0
har_02_21,HAR_0002_3p_h3h5h7_mild_cond02,har_sim_02,2,ABC,B,test,Harmonics,1,SCENARIO_CONTROLLER,0.636809,0.891899,1.400574,6.1531,0.0,60.0,59.9994,24.21,0.898881,4.2e-05,0.044031,6.5e-05,0.020137,6.4e-05,0.026737,0.000111,6.1e-05,8.3e-05,1e-05,4.7e-05,0.048984,7.2e-05,0.022402,0.029745,6.8e-05,1.1e-05,0.003059,60.73,13.78,0.0046,4e-06,60.0
har_02_22,HAR_0002_3p_h3h5h7_mild_cond02,har_sim_02,2,ABC,B,test,Harmonics,1,SCENARIO_CONTROLLER,0.636802,0.891899,1.400591,6.153,0.0,60.0,60.0014,24.21,0.898871,5.9e-05,0.044008,4.9e-05,0.020155,4.6e-05,0.026759,0.000126,6.9e-05,8.3e-05,8e-06,6.6e-05,0.048959,5.5e-05,0.022423,0.02977,7.7e-05,9e-06,0.003059,60.73,13.79,0.0046,4e-06,60.0
har_02_23,HAR_0002_3p_h3h5h7_mild_cond02,har_sim_02,2,ABC,B,test,Harmonics,1,SCENARIO_CONTROLLER,0.636811,0.891899,1.40057,6.1524,0.0,60.0,60.0014,24.21,0.898884,5.3e-05,0.044002,5.1e-05,0.020156,4.4e-05,0.026759,0.000118,5.3e-05,8.8e-05,2.2e-05,5.9e-05,0.048952,5.7e-05,0.022423,0.029769,5.9e-05,2.4e-05,0.003059,60.73,13.78,0.0046,4e-06,60.0
har_02_24,HAR_0002_3p_h3h5h7_mild_cond02,har_sim_02,2,ABC,B,test,Harmonics,1,SCENARIO_CONTROLLER,0.636806,0.891899,1.400582,6.1539,0.0,60.0,60.0004,24.21,0.898876,4.5e-05,0.044006,4.7e-05,0.020166,5.3e-05,0.026771,0.000124,4.6e-05,9e-05,2.4e-05,5e-05,0.048957,5.2e-05,0.022435,0.029783,5.1e-05,2.7e-05,0.00306,60.73,13.78,0.0046,4e-06,60.0
har_02_25,HAR_0002_3p_h3h5h7_mild_cond02,har_sim_02,2,ABC,B,test,Harmonics,1,SCENARIO_CONTROLLER,0.636803,0.891899,1.400589,6.1532,0.0,60.0,60.0004,24.21,0.898872,4e-05,0.043997,4.3e-05,0.02018,6.6e-05,0.026761,0.000132,3.6e-05,8.7e-05,4e-05,4.5e-05,0.048947,4.8e-05,0.02245,0.029772,4e-05,4.5e-05,0.003059,60.73,13.78,0.0046,4e-06,60.0
har_02_26,HAR_0002_3p_h3h5h7_mild_cond02,har_sim_02,2,ABC,B,test,Harmonics,1,SCENARIO_CONTROLLER,0.636808,0.891899,1.400577,6.1516,0.0,60.0,60.0004,24.21,0.89888,3.4e-05,0.043989,3.9e-05,0.020175,7.5e-05,0.026749,0.000136,5.7e-05,9.7e-05,2.5e-05,3.8e-05,0.048938,4.3e-05,0.022445,0.029758,6.3e-05,2.8e-05,0.003058,60.73,13.78,0.0046,4e-06,60.0
har_02_27,HAR_0002_3p_h3h5h7_mild_cond02,har_sim_02,2,ABC,B,test,Harmonics,1,SCENARIO_CONTROLLER,0.636802,0.891899,1.40059,6.1513,0.0,60.0,60.0011,24.21,0.898872,4.2e-05,0.043987,2.6e-05,0.020165,7.7e-05,0.026752,0.000142,5.8e-05,0.000101,3.5e-05,4.7e-05,0.048936,2.9e-05,0.022434,0.029762,6.5e-05,3.9e-05,0.003057,60.73,13.78,0.0046,4e-06,60.0
har_02_28,HAR_0002_3p_h3h5h7_mild_cond02,har_sim_02,2,ABC,B,test,Harmonics,1,SCENARIO_CONTROLLER,0.636801,0.891899,1.400593,6.1505,0.0,60.0,60.0011,24.21,0.898871,4.6e-05,0.043977,3e-05,0.020181,6.8e-05,0.026743,0.000137,5.9e-05,9.7e-05,2.4e-05,5.1e-05,0.048925,3.3e-05,0.022451,0.029752,6.6e-05,2.7e-05,0.003056,60.73,13.78,0.0046,4e-06,60.0
har_02_29,HAR_0002_3p_h3h5h7_mild_cond02,har_sim_02,2,ABC,B,test,Harmonics,1,SCENARIO_CONTROLLER,0.636799,0.891899,1.400597,6.1505,0.0,60.0,60.0011,24.22,0.898868,4.2e-05,0.043982,2.7e-05,0.020185,6e-05,0.026731,0.000123,6.9e-05,0.000108,1.8e-05,4.7e-05,0.04893,3e-05,0.022456,0.029739,7.7e-05,2e-05,0.003056,60.73,13.77,0.0046,4e-06,60.0
har_02_30,HAR_0002_3p_h3h5h7_mild_cond02,har_sim_02,2,ABC,B,test,Harmonics,1,SCENARIO_CONTROLLER,0.636798,0.891899,1.400599,6.1504,0.0,60.0,59.9979,24.22,0.898867,5e-05,0.043994,4.3e-05,0.020171,4.7e-05,0.02672,0.000132,6.2e-05,0.000114,1.9e-05,5.6e-05,0.048944,4.8e-05,0.02244,0.029726,6.9e-05,2.1e-05,0.003056,60.73,13.77,0.0046,4e-06,60.0
har_02_31,HAR_0002_3p_h3h5h7_mild_cond02,har_sim_02,2,ABC,B,test,Harmonics,1,SCENARIO_CONTROLLER,0.636795,0.891899,1.400605,6.151,0.0,60.0,59.9979,24.21,0.898863,5e-05,0.044006,6e-05,0.020153,3.8e-05,0.026724,0.000134,6.9e-05,0.000104,1.4e-05,5.6e-05,0.048957,6.7e-05,0.022421,0.029731,7.7e-05,1.6e-05,0.003057,60.73,13.77,0.0046,4e-06,60.0
har_02_32,HAR_0002_3p_h3h5h7_mild_cond02,har_sim_02,2,ABC,B,test,Harmonics,1,SCENARIO_CONTROLLER,0.6368,0.891899,1.400594,6.1495,0.0,60.0,59.9979,24.22,0.898871,4.5e-05,0.043997,6.2e-05,0.02014,4.6e-05,0.026723,0.000149,7.3e-05,9.3e-05,1.8e-05,5e-05,0.048947,6.9e-05,0.022406,0.02973,8.1e-05,2e-05,0.003056,60.73,13.77,0.0046,4e-06,60.0
har_03_01,HAR_0003_3p_h3h5h7_heavy_cond03,har_sim_03,3,ABC,B,val,Harmonics,1,SCENARIO_CONTROLLER,0.625046,0.86587,1.38529,11.4616,0.0,60.0,59.9997,18.81,0.878196,5.6e-05,0.08065,4.7e-05,0.037793,7.3e-05,0.04689,8.1e-05,5.2e-05,4.5e-05,6.2e-05,6.4e-05,0.091836,5.4e-05,0.043035,0.053394,5.9e-05,7.1e-05,0.010131,62.46,24.42,0.013,4e-06,60.0
har_03_02,HAR_0003_3p_h3h5h7_heavy_cond03,har_sim_03,3,ABC,B,val,Harmonics,1,SCENARIO_CONTROLLER,0.625044,0.86587,1.385295,11.4627,0.0,60.0,59.9985,18.81,0.878192,6.2e-05,0.080645,5.7e-05,0.037812,9.7e-05,0.046902,9.3e-05,4.8e-05,4.4e-05,5.4e-05,7.1e-05,0.091831,6.5e-05,0.043057,0.053407,5.5e-05,6.1e-05,0.010133,62.46,24.43,0.013,4e-06,60.0
har_03_03,HAR_0003_3p_h3h5h7_heavy_cond03,har_sim_03,3,ABC,B,val,Harmonics,1,SCENARIO_CONTROLLER,0.625041,0.86587,1.385302,11.4612,0.0,60.0,59.9985,18.81,0.878189,6.9e-05,0.080633,4.9e-05,0.037815,0.000114,0.046894,9.3e-05,6.1e-05,3.6e-05,6.1e-05,7.9e-05,0.091817,5.6e-05,0.04306,0.053399,6.9e-05,6.9e-05,0.010131,62.46,24.43,0.013,4e-06,60.0
har_03_04,HAR_0003_3p_h3h5h7_heavy_cond03,har_sim_03,3,ABC,B,val,Harmonics,1,SCENARIO_CONTROLLER,0.625045,0.86587,1.385291,11.4601,0.0,60.0,59.9985,18.81,0.878197,6.3e-05,0.080618,6.1e-05,0.03782,0.000108,0.046896,9.2e-05,6.5e-05,2.9e-05,6.8e-05,7.2e-05,0.091799,6.9e-05,0.043066,0.0534,7.4e-05,7.7e-05,0.010129,62.46,24.43,0.013,4e-06,60.0
har_03_05,HAR_0003_3p_h3h5h7_heavy_cond03,har_sim_03,3,ABC,B,val,Harmonics,1,SCENARIO_CONTROLLER,0.625041,0.86587,1.3853,11.4589,0.0,60.0,60.0006,18.81,0.878192,5.6e-05,0.080611,7.4e-05,0.037811,0.000113,0.046892,8.8e-05,6e-05,2.4e-05,7.8e-05,6.4e-05,0.091792,8.4e-05,0.043056,0.053396,6.8e-05,8.9e-05,0.010127,62.46,24.42,0.013,4e-06,60.0
har_03_06,HAR_0003_3p_h3h5h7_heavy_cond03,har_sim_03,3,ABC,B,val,Harmonics,1,SCENARIO_CONTROLLER,0.625061,0.86587,1.385256,11.4587,0.0,60.0,60.0006,18.82,0.878221,8.1e-05,0.080611,8.5e-05,0.037809,0.000114,0.046896,8.8e-05,5.1e-05,2.6e-05,7.7e-05,9.2e-05,0.091789,9.7e-05,0.043052,0.053399,5.8e-05,8.8e-05,0.010127,62.46,24.43,0.013,4e-06,60.0
har_03_07,HAR_0003_3p_h3h5h7_heavy_cond03,har_sim_03,3,ABC,B,val,Harmonics,1,SCENARIO_CONTROLLER,0.62506,0.86587,1.385258,11.4536,0.0,60.0,60.0006,18.82,0.878225,9.1e-05,0.080589,6.6e-05,0.037775,8.2e-05,0.046866,0.000111,3.8e-05,3e-05,7.1e-05,0.000104,0.091764,7.5e-05,0.043013,0.053364,4.3e-05,8.1e-05,0.010118,62.46,24.41,0.013,4e-06,60.0
har_03_08,HAR_0003_3p_h3h5h7_heavy_cond03,har_sim_03,3,ABC,B,val,Harmonics,1,SCENARIO_CONTROLLER,0.625052,0.86587,1.385276,11.4522,0.0,60.0,59.9996,18.82,0.878215,9.7e-05,0.080576,5.5e-05,0.03777,8.1e-05,0.046863,0.000108,4.6e-05,4.1e-05,5.8e-05,0.00011,0.09175,6.3e-05,0.043008,0.053362,5.2e-05,6.6e-05,0.010115,62.45,24.41,0.013,4e-06,60.0
har_03_09,HAR_0003_3p_h3h5h7_heavy_cond03,har_sim_03,3,ABC,B,val,Harmonics,1,SCENARIO_CONTROLLER,0.625052,0.86587,1.385278,11.4523,0.0,60.0,59.9996,18.82,0.878213,0.000107,0.080564,7.4e-05,0.037786,6.2e-05,0.046873,0.000108,3.5e-05,4.1e-05,5.8e-05,0.000122,0.091736,8.4e-05,0.043026,0.053373,4e-05,6.6e-05,0.010115,62.46,24.42,0.013,4e-06,60.0
har_03_10,HAR_0003_3p_h3h5h7_heavy_cond03,har_sim_03,3,ABC,B,val,Harmonics,1,SCENARIO_CONTROLLER,0.625058,0.86587,1.385262,11.4536,0.0,60.0,59.9996,18.82,0.878222,0.000118,0.080571,6.1e-05,0.037791,5.9e-05,0.046885,0.000116,4.2e-05,3.6e-05,5.9e-05,0.000134,0.091743,6.9e-05,0.043031,0.053386,4.8e-05,6.7e-05,0.010118,62.46,24.42,0.013,4e-06,60.0
har_03_11,HAR_0003_3p_h3h5h7_heavy_cond03,har_sim_03,3,ABC,B,val,Harmonics,1,SCENARIO_CONTROLLER,0.625054,0.86587,1.385272,11.4531,0.0,60.0,59.9995,18.82,0.878216,0.00011,0.080564,4.7e-05,0.037807,4.2e-05,0.046871,0.000106,4.6e-05,3.4e-05,5.1e-05,0.000125,0.091736,5.4e-05,0.04305,0.053371,5.2e-05,5.8e-05,0.010117,62.46,24.42,0.013,4e-06,60.0
har_03_12,HAR_0003_3p_h3h5h7_heavy_cond03,har_sim_03,3,ABC,B,val,Harmonics,1,SCENARIO_CONTROLLER,0.625051,0.864559,1.38318,11.4529,0.0,60.0,59.9995,18.82,0.878212,0.00011,0.080569,5.2e-05,0.037805,3.4e-05,0.046861,0.000117,3.5e-05,4.7e-05,4.7e-05,0.000125,0.091742,5.9e-05,0.043048,0.05336,4e-05,5.4e-05,0.010117,62.46,24.42,0.013,4e-06,60.0
har_03_13,HAR_0003_3p_h3h5h7_heavy_cond03,har_sim_03,3,ABC,B,val,Harmonics,1,SCENARIO_CONTROLLER,0.625042,0.864559,1.383202,11.4506,0.0,60.0,60.0003,18.82,0.878201,0.000128,0.080554,3.2e-05,0.037791,2e-05,0.046853,0.000108,4.7e-05,3.9e-05,6.2e-05,0.000146,0.091726,3.6e-05,0.043032,0.053351,5.4e-05,7.1e-05,0.010112,62.45,24.42,0.013,4e-06,60.0
har_03_14,HAR_0003_3p_h3h5h7_heavy_cond03,har_sim_03,3,ABC,B,val,Harmonics,1,SCENARIO_CONTROLLER,0.625045,0.864559,1.383195,11.4513,0.0,60.0,60.0003,18.82,0.878205,0.000122,0.080559,1.6e-05,0.037772,1.5e-05,0.046873,0.00011,3.5e-05,3.4e-05,6.4e-05,0.000139,0.091731,1.8e-05,0.04301,0.053374,4e-05,7.3e-05,0.010114,62.46,24.42,0.013,4e-06,60.0
har_03_15,HAR_0003_3p_h3h5h7_heavy_cond03,har_sim_03,3,ABC,B,val,Harmonics,1,SCENARIO_CONTROLLER,0.625037,0.864559,1.383213,11.452,0.0,60.0,60.0003,18.82,0.878193,0.000125,0.080576,7e-06,0.037759,2.8e-05,0.046864,0.000103,5.3e-05,3.5e-05,9.1e-05,0.000142,0.091752,8e-06,0.042996,0.053364,6e-05,0.000104,0.010115,62.45,24.42,0.013,4e-06,60.0
har_03_16,HAR_0003_3p_h3h5h7_heavy_cond03,har_sim_03,3,ABC,B,val,Harmonics,1,SCENARIO_CONTROLLER,0.625035,0.864559,1.383216,11.452,0.0,60.0,59.9989,18.82,0.87819,0.000123,0.080573,1.2e-05,0.037755,2.2e-05,0.046872,9.6e-05,3.9e-05,4.2e-05,0.000108,0.00014,0.091749,1.4e-05,0.042992,0.053373,4.4e-05,0.000123,0.010114,62.46,24.42,0.013,4e-06,60.0
har_03_17,HAR_0003_3p_h3h5h7_heavy_cond03,har_sim_03,3,ABC,B,val,Harmonics,1,SCENARIO_CONTROLLER,0.625028,0.864559,1.383233,11.4523,0.0,60.0,59.9989,18.82,0.87818,0.000113,0.080573,2e-06,0.037759,2.9e-05,0.046872,9.8e-05,3.9e-05,4.2e-05,9.7e-05,0.000129,0.09175,2e-06,0.042997,0.053374,4.4e-05,0.00011,0.010115,62.46,24.42,0.013,4e-06,60.0
har_03_18,HAR_0003_3p_h3h5h7_heavy_cond03,har_sim_03,3,ABC,B,val,Harmonics,1,SCENARIO_CONTROLLER,0.625027,0.864559,1.383234,11.45,0.0,60.0,59.9989,18.82,0.878181,0.000119,0.08056,1.4e-05,0.037747,1.7e-05,0.046861,0.000108,3.1e-05,4.5e-05,9.3e-05,0.000136,0.091735,1.6e-05,0.042983,0.053361,3.5e-05,0.000106,0.010111,62.45,24.41,0.013,4e-06,60.0
har_03_19,HAR_0003_3p_h3h5h7_heavy_cond03,har_sim_03,3,ABC,B,val,Harmonics,1,SCENARIO_CONTROLLER,0.625029,0.864559,1.383229,11.4507,0.0,60.0,59.9995,18.82,0.878183,0.000111,0.080567,2.4e-05,0.03774,1.1e-05,0.046869,9.6e-05,4.5e-05,5.9e-05,8.3e-05,0.000126,0.091743,2.7e-05,0.042975,0.05337,5.1e-05,9.5e-05,0.010112,62.45,24.41,0.013,4e-06,60.0
har_03_20,HAR_0003_3p_h3h5h7_heavy_cond03,har_sim_03,3,ABC,B,val,Harmonics,1,SCENARIO_CONTROLLER,0.625017,0.864559,1.383256,11.4515,0.0,60.0,59.9995,18.82,0.878166,0.000126,0.080568,1.8e-05,0.037741,8e-06,0.046876,0.000103,3.8e-05,6.1e-05,6.7e-05,0.000143,0.091746,2e-05,0.042977,0.053379,4.3e-05,7.6e-05,0.010113,62.45,24.42,0.013,4e-06,60.0
har_03_21,HAR_0003_3p_h3h5h7_heavy_cond03,har_sim_03,3,ABC,B,val,Harmonics,1,SCENARIO_CONTROLLER,0.625017,0.864559,1.383257,11.4513,0.0,60.0,59.9995,18.82,0.878165,0.000124,0.080565,2.4e-05,0.037738,3e-06,0.04688,0.00011,4.2e-05,6e-05,6.3e-05,0.000141,0.091742,2.7e-05,0.042974,0.053384,4.8e-05,7.2e-05,0.010113,62.45,24.42,0.013,4e-06,60.0
har_03_22,HAR_0003_3p_h3h5h7_heavy_cond03,har_sim_03,3,ABC,B,val,Harmonics,1,SCENARIO_CONTROLLER,0.625016,0.864559,1.383257,11.4516,0.0,60.0,60.0008,18.82,0.878164,0.000123,0.080565,3.6e-05,0.037752,1.1e-05,0.046874,0.000101,3.6e-05,6.7e-05,6.6e-05,0.00014,0.091743,4.1e-05,0.04299,0.053377,4.1e-05,7.5e-05,0.010113,62.45,24.42,0.013,4e-06,60.0
har_03_23,HAR_0003_3p_h3h5h7_heavy_cond03,har_sim_03,3,ABC,B,val,Harmonics,1,SCENARIO_CONTROLLER,0.62501,0.864559,1.383271,11.4529,0.0,60.0,60.0008,18.82,0.878154,0.000124,0.08057,3.5e-05,0.037754,8e-06,0.046886,9.5e-05,2e-05,8.2e-05,6.7e-05,0.000141,0.091749,4e-05,0.042992,0.053392,2.3e-05,7.6e-05,0.010115,62.46,24.42,0.013,4e-06,60.0
har_03_24,HAR_0003_3p_h3h5h7_heavy_cond03,har_sim_03,3,ABC,B,val,Harmonics,1,SCENARIO_CONTROLLER,0.625011,0.864559,1.38327,11.4527,0.0,60.0,59.9988,18.82,0.878155,0.000123,0.08057,3.6e-05,0.037754,5e-06,0.046883,0.0001,1.6e-05,7.6e-05,7.9e-05,0.00014,0.091749,4.1e-05,0.042992,0.053388,1.8e-05,9e-05,0.010115,62.46,24.42,0.013,4e-06,60.0
har_03_25,HAR_0003_3p_h3h5h7_heavy_cond03,har_sim_03,3,ABC,B,val,Harmonics,1,SCENARIO_CONTROLLER,0.625025,0.864559,1.383239,11.4546,0.0,60.0,59.9988,18.82,0.878173,9.7e-05,0.080596,4.7e-05,0.037758,9e-06,0.046875,9.6e-05,1.8e-05,7.3e-05,9.2e-05,0.00011,0.091777,5.4e-05,0.042996,0.053378,2e-05,0.000105,0.010119,62.46,24.42,0.013,4e-06,60.0
har_03_26,HAR_0003_3p_h3h5h7_heavy_cond03,har_sim_03,3,ABC,B,val,Harmonics,1,SCENARIO_CONTROLLER,0.625026,0.864559,1.383236,11.4547,0.0,60.0,59.9988,18.82,0.878175,0.000101,0.080584,4.2e-05,0.037764,2.7e-05,0.046893,0.000105,1e-05,5.7e-05,9.1e-05,0.000115,0.091763,4.8e-05,0.043003,0.053398,1.1e-05,0.000104,0.010119,62.46,24.42,0.013,4e-06,60.0
har_03_27,HAR_0003_3p_h3h5h7_heavy_cond03,har_sim_03,3,ABC,B,val,Harmonics,1,SCENARIO_CONTROLLER,0.625028,0.864559,1.383231,11.4538,0.0,60.0,60.0002,18.82,0.878179,0.000107,0.080585,4.8e-05,0.037754,1.3e-05,0.046883,0.000108,2.2e-05,7.2e-05,9.7e-05,0.000122,0.091764,5.5e-05,0.042991,0.053387,2.5e-05,0.00011,0.010117,62.46,24.41,0.013,4e-06,60.0
har_03_28,HAR_0003_3p_h3h5h7_heavy_cond03,har_sim_03,3,ABC,B,val,Harmonics,1,SCENARIO_CONTROLLER,0.625028,0.864559,1.383231,11.4546,0.0,60.0,60.0002,18.82,0.878179,0.000109,0.080593,3.9e-05,0.037754,8e-06,0.046884,0.000105,2.7e-05,7.6e-05,9.6e-05,0.000124,0.091773,4.4e-05,0.042991,0.053388,3.1e-05,0.000109,0.010119,62.46,24.41,0.013,4e-06,60.0
har_03_29,HAR_0003_3p_h3h5h7_heavy_cond03,har_sim_03,3,ABC,B,val,Harmonics,1,SCENARIO_CONTROLLER,0.625021,0.866025,1.385594,11.4559,0.0,60.0,60.0002,18.82,0.878167,0.000114,0.080602,4.2e-05,0.037758,6e-06,0.046886,0.000103,2.5e-05,7.9e-05,0.000102,0.00013,0.091784,4.8e-05,0.042996,0.053391,2.8e-05,0.000116,0.010121,62.46,24.41,0.013,4e-06,60.0
har_03_30,HAR_0003_3p_h3h5h7_heavy_cond03,har_sim_03,3,ABC,B,val,Harmonics,1,SCENARIO_CONTROLLER,0.62502,0.866025,1.385597,11.456,0.0,60.0,60.0001,18.82,0.878165,0.000119,0.0806,4.2e-05,0.037755,7e-06,0.046895,0.000109,1.4e-05,8.4e-05,9.8e-05,0.000136,0.091782,4.8e-05,0.042993,0.053401,1.6e-05,0.000112,0.010121,62.46,24.42,0.013,4e-06,60.0
har_03_31,HAR_0003_3p_h3h5h7_heavy_cond03,har_sim_03,3,ABC,B,val,Harmonics,1,SCENARIO_CONTROLLER,0.625013,0.866025,1.385611,11.4591,0.0,60.0,60.0001,18.81,0.878153,0.000106,0.080638,8.3e-05,0.03772,3.8e-05,0.046913,0.000115,1.5e-05,0.0001,0.000105,0.000121,0.091827,9.5e-05,0.042954,0.053422,1.7e-05,0.00012,0.010126,62.46,24.43,0.013,4e-06,60.0
har_03_32,HAR_0003_3p_h3h5h7_heavy_cond03,har_sim_03,3,ABC,B,val,Harmonics,1,SCENARIO_CONTROLLER,0.625,0.866025,1.38564,11.4606,0.0,60.0,60.0001,18.81,0.878133,9e-05,0.080643,7.1e-05,0.037731,3.6e-05,0.046918,0.00012,2e-05,0.000106,0.000113,0.000102,0.091835,8.1e-05,0.042967,0.053429,2.3e-05,0.000129,0.010128,62.46,24.44,0.013,4e-06,60.0
har_04_01,HAR_0004_3p_h3h5h7_typical_cond04,har_sim_04,4,ABC,B,train,Harmonics,1,SCENARIO_CONTROLLER,0.608637,0.804068,1.321095,7.6278,0.0,60.0,59.999,22.35,0.858247,0.000136,0.052563,0.000108,0.024445,5.4e-05,0.030418,5.7e-05,7.9e-05,6.6e-05,2.8e-05,0.000158,0.061245,0.000126,0.028482,0.035442,9.2e-05,3.3e-05,0.004286,61.1,16.53,0.0066,4e-06,60.0
har_04_02,HAR_0004_3p_h3h5h7_typical_cond04,har_sim_04,4,ABC,B,train,Harmonics,1,SCENARIO_CONTROLLER,0.608639,0.804068,1.321092,7.6286,0.0,60.0,60.0019,22.35,0.858249,0.000126,0.052567,0.000113,0.024453,5.5e-05,0.030421,6.4e-05,7.5e-05,5.3e-05,3.7e-05,0.000147,0.061249,0.000132,0.028492,0.035445,8.7e-05,4.3e-05,0.004287,61.1,16.53,0.0066,4e-06,60.0
har_04_03,HAR_0004_3p_h3h5h7_typical_cond04,har_sim_04,4,ABC,B,train,Harmonics,1,SCENARIO_CONTROLLER,0.608639,0.804068,1.321092,7.628,0.0,60.0,60.0019,22.35,0.858249,0.000125,0.052573,0.000117,0.024442,5.7e-05,0.030407,4.6e-05,9.3e-05,3.8e-05,4.7e-05,0.000146,0.061256,0.000136,0.028479,0.035429,0.000108,5.5e-05,0.004286,61.1,16.53,0.0066,4e-06,60.0
har_04_04,HAR_0004_3p_h3h5h7_typical_cond04,har_sim_04,4,ABC,B,train,Harmonics,1,SCENARIO_CONTROLLER,0.608633,0.804068,1.321105,7.6276,0.0,60.0,60.0019,22.35,0.858241,0.000125,0.052568,0.000107,0.024458,5.4e-05,0.030395,5.7e-05,6.7e-05,6e-05,5.2e-05,0.000146,0.061251,0.000125,0.028498,0.035415,7.8e-05,6.1e-05,0.004285,61.1,16.52,0.0066,4e-06,60.0
har_04_05,HAR_0004_3p_h3h5h7_typical_cond04,har_sim_04,4,ABC,B,train,Harmonics,1,SCENARIO_CONTROLLER,0.60863,0.804068,1.321111,7.6271,0.0,60.0,59.9995,22.35,0.858238,0.000118,0.05256,0.000113,0.024455,5.6e-05,0.0304,4.7e-05,6.3e-05,7e-05,6.3e-05,0.000137,0.061242,0.000132,0.028494,0.035421,7.3e-05,7.3e-05,0.004285,61.1,16.52,0.0066,4e-06,60.0
har_04_06,HAR_0004_3p_h3h5h7_typical_cond04,har_sim_04,4,ABC,B,train,Harmonics,1,SCENARIO_CONTROLLER,0.608625,0.804068,1.321121,7.6263,0.0,60.0,59.9995,22.35,0.858232,0.000122,0.05255,0.000103,0.024462,6.1e-05,0.030397,4.1e-05,5.6e-05,6.4e-05,3.4e-05,0.000142,0.061231,0.00012,0.028503,0.035418,6.5e-05,4e-05,0.004284,61.1,16.51,0.0066,4e-06,60.0
har_04_07,HAR_0004_3p_h3h5h7_typical_cond04,har_sim_04,4,ABC,B,train,Harmonics,1,SCENARIO_CONTROLLER,0.60863,0.804068,1.32111,7.6258,0.0,60.0,59.9995,22.35,0.858239,0.000118,0.052545,8.7e-05,0.024445,5.5e-05,0.030412,3.7e-05,5.4e-05,7.8e-05,6.2e-05,0.000137,0.061224,0.000101,0.028483,0.035435,6.3e-05,7.2e-05,0.004283,61.1,16.52,0.0066,4e-06,60.0
har_04_08,HAR_0004_3p_h3h5h7_typical_cond04,har_sim_04,4,ABC,B,train,Harmonics,1,SCENARIO_CONTROLLER,0.608628,0.804068,1.321116,7.6248,0.0,60.0,59.999,22.35,0.858236,0.000126,0.052541,8.5e-05,0.024439,5.6e-05,0.030405,3e-05,5.7e-05,8.8e-05,4.8e-05,0.000147,0.06122,9.9e-05,0.028476,0.035427,6.6e-05,5.6e-05,0.004282,61.1,16.51,0.0066,4e-06,60.0
har_04_09,HAR_0004_3p_h3h5h7_typical_cond04,har_sim_04,4,ABC,B,train,Harmonics,1,SCENARIO_CONTROLLER,0.608631,0.804068,1.321109,7.6251,0.0,60.0,59.999,22.35,0.85824,0.000126,0.052545,9.5e-05,0.024419,8e-05,0.030419,5.6e-05,3.6e-05,0.000103,3.9e-05,0.000147,0.061224,0.000111,0.028452,0.035443,4.2e-05,4.5e-05,0.004283,61.1,16.51,0.0066,4e-06,60.0
har_04_10,HAR_0004_3p_h3h5h7_typical_cond04,har_sim_04,4,ABC,B,train,Harmonics,1,SCENARIO_CONTROLLER,0.608629,0.804068,1.321112,7.6269,0.0,60.0,59.999,22.35,0.858237,0.000113,0.052554,7.7e-05,0.02443,9.5e-05,0.030428,6.3e-05,3.7e-05,9.8e-05,3.4e-05,0.000132,0.061235,9e-05,0.028465,0.035454,4.3e-05,4e-05,0.004285,61.1,16.51,0.0066,4e-06,60.0
har_04_11,HAR_0004_3p_h3h5h7_typical_cond04,har_sim_04,4,ABC,B,train,Harmonics,1,SCENARIO_CONTROLLER,0.60863,0.804068,1.321112,7.6247,0.0,60.0,60.0009,22.35,0.858239,0.000102,0.052549,9.2e-05,0.024414,7.5e-05,0.03041,8.6e-05,5.4e-05,8.6e-05,2.9e-05,0.000119,0.061229,0.000107,0.028447,0.035433,6.3e-05,3.4e-05,0.004282,61.1,16.5,0.0066,4e-06,60.0
har_04_12,HAR_0004_3p_h3h5h7_typical_cond04,har_sim_04,4,ABC,B,train,Harmonics,1,SCENARIO_CONTROLLER,0.608614,0.804068,1.321146,7.6259,0.0,60.0,60.0009,22.35,0.858216,0.000112,0.05256,0.000103,0.024421,7.7e-05,0.030403,8.7e-05,5.3e-05,9.1e-05,2.2e-05,0.000131,0.061243,0.00012,0.028456,0.035426,6.2e-05,2.6e-05,0.004283,61.1,16.5,0.0066,4e-06,60.0
har_04_13,HAR_0004_3p_h3h5h7_typical_cond04,har_sim_04,4,ABC,B,train,Harmonics,1,SCENARIO_CONTROLLER,0.608607,0.804068,1.321161,7.6268,0.0,60.0,60.0,22.35,0.858205,0.000106,0.052554,0.000105,0.024418,4.9e-05,0.030431,0.000103,6.5e-05,8.9e-05,2.6e-05,0.000124,0.061237,0.000122,0.028452,0.035459,7.6e-05,3e-05,0.004284,61.1,16.51,0.0066,4e-06,60.0
har_04_14,HAR_0004_3p_h3h5h7_typical_cond04,har_sim_04,4,ABC,B,train,Harmonics,1,SCENARIO_CONTROLLER,0.608588,0.804068,1.321201,7.6251,0.0,60.0,60.0,22.35,0.85818,0.000109,0.052529,9.6e-05,0.024421,5.6e-05,0.030436,0.000112,6.3e-05,8.6e-05,3.2e-05,0.000127,0.06121,0.000112,0.028457,0.035466,7.3e-05,3.7e-05,0.004282,61.1,16.51,0.0066,4e-06,60.0
har_04_15,HAR_0004_3p_h3h5h7_typical_cond04,har_sim_04,4,ABC,B,train,Harmonics,1,SCENARIO_CONTROLLER,0.608577,0.804068,1.321225,7.6263,0.0,60.0,60.0,22.35,0.858164,9.6e-05,0.05254,8.1e-05,0.02443,4e-05,0.030429,9.3e-05,8.1e-05,7.8e-05,3.7e-05,0.000112,0.061224,9.4e-05,0.028468,0.035458,9.4e-05,4.3e-05,0.004283,61.1,16.51,0.0066,4e-06,60.0
har_04_16,HAR_0004_3p_h3h5h7_typical_cond04,har_sim_04,4,ABC,B,train,Harmonics,1,SCENARIO_CONTROLLER,0.608579,0.804068,1.321221,7.6275,0.0,60.0,60.0009,22.35,0.858166,0.000106,0.052544,7.6e-05,0.024446,4e-05,0.030432,0.000103,9.2e-05,7.3e-05,3e-05,0.000124,0.061228,8.9e-05,0.028486,0.035462,0.000107,3.5e-05,0.004285,61.1,16.52,0.0066,4e-06,60.0
har_04_17,HAR_0004_3p_h3h5h7_typical_cond04,har_sim_04,4,ABC,B,train,Harmonics,1,SCENARIO_CONTROLLER,0.608584,0.804068,1.321211,7.6272,0.0,60.0,60.0009,22.35,0.858172,9.4e-05,0.052531,8.9e-05,0.024456,4.9e-05,0.030441,9.4e-05,8.7e-05,6.8e-05,3e-05,0.00011,0.061213,0.000104,0.028498,0.035472,0.000101,3.5e-05,0.004284,61.1,16.52,0.0066,4e-06,60.0
har_04_18,HAR_0004_3p_h3h5h7_typical_cond04,har_sim_04,4,ABC,B,train,Harmonics,1,SCENARIO_CONTROLLER,0.608601,0.804068,1.321173,7.6267,0.0,60.0,60.0009,22.35,0.858197,8.6e-05,0.052528,8.4e-05,0.024458,3.3e-05,0.030441,6.9e-05,6.2e-05,6.4e-05,1.4e-05,0.0001,0.061207,9.8e-05,0.028499,0.035471,7.2e-05,1.6e-05,0.004284,61.1,16.51,0.0066,4e-06,60.0
har_04_19,HAR_0004_3p_h3h5h7_typical_cond04,har_sim_04,4,ABC,B,train,Harmonics,1,SCENARIO_CONTROLLER,0.608596,0.804068,1.321184,7.6242,0.0,60.0,59.9988,22.35,0.858192,7.3e-05,0.052514,6.7e-05,0.024449,5.1e-05,0.030425,6.3e-05,5.4e-05,6.8e-05,2.9e-05,8.5e-05,0.061191,7.8e-05,0.028489,0.035452,6.3e-05,3.4e-05,0.004281,61.1,16.51,0.0066,4e-06,60.0
har_04_20,HAR_0004_3p_h3h5h7_typical_cond04,har_sim_04,4,ABC,B,train,Harmonics,1,SCENARIO_CONTROLLER,0.608586,0.804068,1.321207,7.6253,0.0,60.0,59.9988,22.35,0.858176,5.6e-05,0.052533,7.7e-05,0.024436,5.6e-05,0.03042,4.9e-05,7.4e-05,4.2e-05,5.2e-05,6.5e-05,0.061215,9e-05,0.028474,0.035447,8.6e-05,6.1e-05,0.004282,61.1,16.5,0.0066,4e-06,60.0
har_04_21,HAR_0004_3p_h3h5h7_typical_cond04,har_sim_04,4,ABC,B,train,Harmonics,1,SCENARIO_CONTROLLER,0.608583,0.804068,1.321212,7.6254,0.0,60.0,59.9988,22.35,0.858173,5.5e-05,0.052535,7.4e-05,0.024442,5.3e-05,0.030413,5.3e-05,6.5e-05,4.1e-05,5.7e-05,6.4e-05,0.061217,8.6e-05,0.028481,0.035439,7.6e-05,6.6e-05,0.004282,61.1,16.5,0.0066,4e-06,60.0
har_04_22,HAR_0004_3p_h3h5h7_typical_cond04,har_sim_04,4,ABC,B,train,Harmonics,1,SCENARIO_CONTROLLER,0.608588,0.804068,1.321202,7.6246,0.0,60.0,59.9987,22.35,0.85818,5e-05,0.05254,7.5e-05,0.024427,3.7e-05,0.030403,5.9e-05,6e-05,2.8e-05,6.5e-05,5.8e-05,0.061223,8.7e-05,0.028464,0.035427,7e-05,7.6e-05,0.004281,61.1,16.49,0.0066,4e-06,60.0
har_04_23,HAR_0004_3p_h3h5h7_typical_cond04,har_sim_04,4,ABC,B,train,Harmonics,1,SCENARIO_CONTROLLER,0.608581,0.804068,1.321218,7.6251,0.0,60.0,59.9987,22.35,0.858169,6e-05,0.052545,6.6e-05,0.024421,3.5e-05,0.030406,6e-05,6.5e-05,4.4e-05,7.9e-05,7e-05,0.061229,7.7e-05,0.028457,0.035431,7.6e-05,9.2e-05,0.004282,61.1,16.5,0.0066,4e-06,60.0
har_04_24,HAR_0004_3p_h3h5h7_typical_cond04,har_sim_04,4,ABC,B,train,Harmonics,1,SCENARIO_CONTROLLER,0.608574,0.804068,1.321233,7.6241,0.0,60.0,60.0011,22.35,0.85816,6.1e-05,0.052538,6.9e-05,0.024422,3.5e-05,0.030397,4.2e-05,5.4e-05,6.7e-05,9.7e-05,7.1e-05,0.061222,8e-05,0.028459,0.035421,6.3e-05,0.000113,0.004281,61.1,16.5,0.0066,4e-06,60.0
har_04_25,HAR_0004_3p_h3h5h7_typical_cond04,har_sim_04,4,ABC,B,train,Harmonics,1,SCENARIO_CONTROLLER,0.608562,0.804068,1.321259,7.6217,0.0,60.0,60.0011,22.35,0.858144,7.2e-05,0.052522,6.1e-05,0.024417,4.7e-05,0.030384,2.6e-05,6.9e-05,5.8e-05,9.6e-05,8.4e-05,0.061204,7.1e-05,0.028453,0.035407,8e-05,0.000112,0.004278,61.1,16.49,0.0066,4e-06,60.0
har_04_26,HAR_0004_3p_h3h5h7_typical_cond04,har_sim_04,4,ABC,B,train,Harmonics,1,SCENARIO_CONTROLLER,0.608548,0.804068,1.321289,7.623,0.0,60.0,60.0011,22.35,0.858125,5.6e-05,0.052532,5.1e-05,0.024426,3.8e-05,0.030379,1.5e-05,8e-05,5.5e-05,0.000105,6.5e-05,0.061217,5.9e-05,0.028464,0.035402,9.3e-05,0.000122,0.004279,61.1,16.49,0.0066,4e-06,60.0
har_04_27,HAR_0004_3p_h3h5h7_typical_cond04,har_sim_04,4,ABC,B,train,Harmonics,1,SCENARIO_CONTROLLER,0.608547,0.804068,1.321291,7.6243,0.0,60.0,60.0001,22.35,0.858122,7.4e-05,0.052531,5.4e-05,0.024438,5.1e-05,0.030394,2e-05,9.1e-05,7.2e-05,9.7e-05,8.6e-05,0.061216,6.3e-05,0.028478,0.035419,0.000106,0.000113,0.004281,61.1,16.49,0.0066,4e-06,60.0
har_04_28,HAR_0004_3p_h3h5h7_typical_cond04,har_sim_04,4,ABC,B,train,Harmonics,1,SCENARIO_CONTROLLER,0.608566,0.805432,1.323491,7.624,0.0,60.0,60.0001,22.35,0.858149,7.1e-05,0.052538,5.6e-05,0.024435,4.9e-05,0.030383,2.9e-05,0.000108,8.8e-05,0.000109,8.3e-05,0.061222,6.5e-05,0.028474,0.035405,0.000126,0.000127,0.00428,61.1,16.49,0.0066,4e-06,60.0
har_04_29,HAR_0004_3p_h3h5h7_typical_cond04,har_sim_04,4,ABC,B,train,Harmonics,1,SCENARIO_CONTROLLER,0.608547,0.805432,1.323532,7.6255,0.0,60.0,60.0001,22.35,0.858122,9.8e-05,0.052551,7.8e-05,0.024456,6.1e-05,0.030367,4.4e-05,0.000108,6.9e-05,8.8e-05,0.000114,0.06124,9.1e-05,0.028499,0.035388,0.000126,0.000103,0.004282,61.1,16.49,0.0066,4e-06,60.0
har_04_30,HAR_0004_3p_h3h5h7_typical_cond04,har_sim_04,4,ABC,B,train,Harmonics,1,SCENARIO_CONTROLLER,0.608546,0.805432,1.323535,7.6242,0.0,60.0,60.0006,22.35,0.85812,8.2e-05,0.052549,7.7e-05,0.024445,6.8e-05,0.030356,6.1e-05,9.2e-05,7.9e-05,8.8e-05,9.6e-05,0.061237,9e-05,0.028487,0.035375,0.000107,0.000103,0.00428,61.1,16.47,0.0066,4e-06,60.0
har_04_31,HAR_0004_3p_h3h5h7_typical_cond04,har_sim_04,4,ABC,B,train,Harmonics,1,SCENARIO_CONTROLLER,0.608523,0.805432,1.323584,7.6246,0.0,60.0,60.0006,22.35,0.858089,9.4e-05,0.052544,8.6e-05,0.024457,5.7e-05,0.030356,7.4e-05,8.8e-05,8.5e-05,7.1e-05,0.00011,0.061234,0.0001,0.028502,0.035376,0.000103,8.3e-05,0.004281,61.1,16.47,0.0066,4e-06,60.0
har_04_32,HAR_0004_3p_h3h5h7_typical_cond04,har_sim_04,4,ABC,B,train,Harmonics,1,SCENARIO_CONTROLLER,0.608529,0.805432,1.323571,7.6243,0.0,60.0,60.0006,22.35,0.858097,0.000102,0.052546,9e-05,0.024454,5.3e-05,0.030352,6.8e-05,7.9e-05,8.8e-05,7.9e-05,0.000119,0.061236,0.000105,0.028498,0.035371,9.2e-05,9.2e-05,0.00428,61.1,16.46,0.0066,4e-06,60.0
har_05_01,HAR_0005_3p_h3h5h7_heavy_cond05,har_sim_05,5,ABC,B,train,Harmonics,1,SCENARIO_CONTROLLER,0.579963,0.805561,1.388986,10.453,0.0,60.0,59.9999,19.61,0.815744,0.000103,0.069043,4.6e-05,0.033319,0.000154,0.037333,0.000112,0.000124,7.3e-05,2.1e-05,0.000126,0.084638,5.6e-05,0.040845,0.045766,0.000152,2.6e-05,0.007271,62.0,21.78,0.0112,4e-06,60.0
har_05_02,HAR_0005_3p_h3h5h7_heavy_cond05,har_sim_05,5,ABC,B,train,Harmonics,1,SCENARIO_CONTROLLER,0.57996,0.805561,1.388993,10.4532,0.0,60.0,60.0007,19.61,0.81574,0.000108,0.069043,4.9e-05,0.033315,0.000145,0.037341,0.000104,0.000135,8.3e-05,2.6e-05,0.000132,0.084638,6e-05,0.04084,0.045776,0.000165,3.2e-05,0.007271,62.0,21.79,0.0112,4e-06,60.0
har_05_03,HAR_0005_3p_h3h5h7_heavy_cond05,har_sim_05,5,ABC,B,train,Harmonics,1,SCENARIO_CONTROLLER,0.579963,0.806478,1.390568,10.4535,0.0,60.0,60.0007,19.61,0.815743,0.000105,0.069042,5.1e-05,0.033322,0.000142,0.037342,0.000103,0.000137,8.4e-05,2.5e-05,0.000129,0.084637,6.3e-05,0.040849,0.045777,0.000168,3.1e-05,0.007272,62.0,21.79,0.0112,4e-06,60.0
har_05_04,HAR_0005_3p_h3h5h7_heavy_cond05,har_sim_05,5,ABC,B,train,Harmonics,1,SCENARIO_CONTROLLER,0.57997,0.806478,1.39055,10.4533,0.0,60.0,60.0007,19.61,0.815754,0.000119,0.069042,6.6e-05,0.033335,0.000125,0.037328,0.000106,0.000142,7.8e-05,2.6e-05,0.000146,0.084636,8.1e-05,0.040864,0.045759,0.000174,3.2e-05,0.007271,62.0,21.79,0.0112,4e-06,60.0
har_05_05,HAR_0005_3p_h3h5h7_heavy_cond05,har_sim_05,5,ABC,B,train,Harmonics,1,SCENARIO_CONTROLLER,0.57997,0.806478,1.39055,10.4541,0.0,60.0,60.0019,19.61,0.815753,0.000121,0.06904,6.7e-05,0.033345,0.000113,0.037339,9.1e-05,0.000139,7.6e-05,2.8e-05,0.000148,0.084633,8.2e-05,0.040876,0.045772,0.00017,3.4e-05,0.007273,62.0,21.79,0.0112,4e-06,60.0
har_05_06,HAR_0005_3p_h3h5h7_heavy_cond05,har_sim_05,5,ABC,B,train,Harmonics,1,SCENARIO_CONTROLLER,0.579979,0.806478,1.39053,10.4529,0.0,60.0,60.0019,19.61,0.815767,0.000131,0.069042,7.2e-05,0.033344,0.000118,0.037317,6.6e-05,0.000148,6.1e-05,3.1e-05,0.000161,0.084634,8.8e-05,0.040874,0.045745,0.000181,3.8e-05,0.007271,62.0,21.78,0.0112,4e-06,60.0
har_05_07,HAR_0005_3p_h3h5h7_heavy_cond05,har_sim_05,5,ABC,B,train,Harmonics,1,SCENARIO_CONTROLLER,0.579983,0.806478,1.39052,10.4527,0.0,60.0,60.0019,19.61,0.815772,0.00013,0.06904,7.2e-05,0.033345,0.000118,0.037317,7.1e-05,0.000147,7.4e-05,4.7e-05,0.000159,0.084631,8.8e-05,0.040875,0.045744,0.00018,5.8e-05,0.007271,62.0,21.79,0.0112,4e-06,60.0
har_05_08,HAR_0005_3p_h3h5h7_heavy_cond05,har_sim_05,5,ABC,B,train,Harmonics,1,SCENARIO_CONTROLLER,0.579979,0.806478,1.39053,10.4533,0.0,60.0,60.0027,19.61,0.815766,0.000137,0.069029,6.3e-05,0.033363,0.000115,0.037332,6.7e-05,0.00015,7.3e-05,5e-05,0.000168,0.084619,7.7e-05,0.040898,0.045763,0.000184,6.1e-05,0.007272,62.0,21.79,0.0112,4e-06,60.0
har_05_09,HAR_0005_3p_h3h5h7_heavy_cond05,har_sim_05,5,ABC,B,train,Harmonics,1,SCENARIO_CONTROLLER,0.579973,0.806478,1.390542,10.4554,0.0,60.0,60.0027,19.61,0.815757,0.000133,0.06905,8.7e-05,0.033385,9.6e-05,0.037311,9.3e-05,0.000157,9.9e-05,4.5e-05,0.000163,0.084645,0.000107,0.040925,0.045738,0.000192,5.5e-05,0.007275,62.0,21.79,0.0112,4e-06,60.0
har_05_10,HAR_0005_3p_h3h5h7_heavy_cond05,har_sim_05,5,ABC,B,train,Harmonics,1,SCENARIO_CONTROLLER,0.579976,0.806478,1.390537,10.4566,0.0,60.0,60.0027,19.61,0.815759,0.000147,0.069064,9.6e-05,0.03339,9.3e-05,0.037303,9.8e-05,0.000161,9e-05,5.2e-05,0.00018,0.084662,0.000118,0.040931,0.045728,0.000197,6.4e-05,0.007276,62.0,21.79,0.0112,4e-06,60.0
har_05_11,HAR_0005_3p_h3h5h7_heavy_cond05,har_sim_05,5,ABC,B,train,Harmonics,1,SCENARIO_CONTROLLER,0.579983,0.806478,1.39052,10.457,0.0,60.0,60.002,19.61,0.815769,0.000158,0.069081,8.5e-05,0.03337,7.9e-05,0.037299,7.8e-05,0.000171,7.6e-05,6.7e-05,0.000194,0.084682,0.000104,0.040906,0.045723,0.00021,8.2e-05,0.007277,62.0,21.78,0.0112,4e-06,60.0
har_05_12,HAR_0005_3p_h3h5h7_heavy_cond05,har_sim_05,5,ABC,B,train,Harmonics,1,SCENARIO_CONTROLLER,0.579973,0.806478,1.390543,10.4593,0.0,60.0,60.002,19.61,0.815753,0.000159,0.069097,7.3e-05,0.033376,8e-05,0.037304,9e-05,0.000163,9.4e-05,7.4e-05,0.000195,0.084703,8.9e-05,0.040914,0.04573,0.0002,9.1e-05,0.00728,62.0,21.79,0.0112,4e-06,60.0
har_05_13,HAR_0005_3p_h3h5h7_heavy_cond05,har_sim_05,5,ABC,B,train,Harmonics,1,SCENARIO_CONTROLLER,0.57997,0.806478,1.390551,10.46,0.0,60.0,60.0011,19.61,0.815748,0.000167,0.069095,7.3e-05,0.033379,8.3e-05,0.037315,9.7e-05,0.000162,8.7e-05,7.1e-05,0.000205,0.084701,8.9e-05,0.040918,0.045743,0.000199,8.7e-05,0.007281,62.0,21.79,0.0112,4e-06,60.0
har_05_14,HAR_0005_3p_h3h5h7_heavy_cond05,har_sim_05,5,ABC,B,train,Harmonics,1,SCENARIO_CONTROLLER,0.57997,0.806478,1.39055,10.4607,0.0,60.0,60.0011,19.61,0.815748,0.000173,0.069088,5.9e-05,0.033392,8.3e-05,0.03733,6.7e-05,0.000162,7.8e-05,5e-05,0.000212,0.084693,7.2e-05,0.040934,0.045762,0.000199,6.1e-05,0.007282,62.0,21.8,0.0112,4e-06,60.0
har_05_15,HAR_0005_3p_h3h5h7_heavy_cond05,har_sim_05,5,ABC,B,train,Harmonics,1,SCENARIO_CONTROLLER,0.579962,0.806478,1.39057,10.4619,0.0,60.0,60.0011,19.61,0.815735,0.000164,0.069094,5.9e-05,0.033387,8.4e-05,0.037343,5.7e-05,0.000153,7.5e-05,5.9e-05,0.000201,0.084702,7.2e-05,0.040929,0.045778,0.000188,7.2e-05,0.007283,62.0,21.8,0.0112,4e-06,60.0
har_05_16,HAR_0005_3p_h3h5h7_heavy_cond05,har_sim_05,5,ABC,B,train,Harmonics,1,SCENARIO_CONTROLLER,0.579959,0.806478,1.390578,10.4625,0.0,60.0,60.0015,19.6,0.81573,0.000152,0.069078,5.3e-05,0.033406,5.8e-05,0.037365,5.9e-05,0.000162,7.5e-05,6.5e-05,0.000186,0.084682,6.5e-05,0.040952,0.045806,0.000199,8e-05,0.007284,62.0,21.81,0.0112,4e-06,60.0
har_05_17,HAR_0005_3p_h3h5h7_heavy_cond05,har_sim_05,5,ABC,B,train,Harmonics,1,SCENARIO_CONTROLLER,0.579954,0.806478,1.390589,10.465,0.0,60.0,60.0015,19.6,0.815721,0.000148,0.069085,3.9e-05,0.033409,3.4e-05,0.037394,8.1e-05,0.00015,8.8e-05,6e-05,0.000181,0.084692,4.8e-05,0.040956,0.045842,0.000184,7.4e-05,0.007287,62.01,21.82,0.0112,4e-06,60.0
har_05_18,HAR_0005_3p_h3h5h7_heavy_cond05,har_sim_05,5,ABC,B,train,Harmonics,1,SCENARIO_CONTROLLER,0.579956,0.806478,1.390584,10.4642,0.0,60.0,60.0015,19.6,0.815725,0.000149,0.069078,4.8e-05,0.033399,2.4e-05,0.037402,7.9e-05,0.000143,8.3e-05,6e-05,0.000183,0.084683,5.9e-05,0.040944,0.045851,0.000175,7.4e-05,0.007286,62.01,21.82,0.0112,4e-06,60.0
har_05_19,HAR_0005_3p_h3h5h7_heavy_cond05,har_sim_05,5,ABC,B,train,Harmonics,1,SCENARIO_CONTROLLER,0.579953,0.806478,1.390591,10.4623,0.0,60.0,59.9979,19.61,0.815722,0.000147,0.069085,6.7e-05,0.033375,4.3e-05,0.037376,9.4e-05,0.000132,8.5e-05,6.6e-05,0.00018,0.084692,8.2e-05,0.040915,0.04582,0.000162,8.1e-05,0.007284,62.0,21.81,0.0112,4e-06,60.0
har_05_20,HAR_0005_3p_h3h5h7_heavy_cond05,har_sim_05,5,ABC,B,train,Harmonics,1,SCENARIO_CONTROLLER,0.579967,0.806478,1.390558,10.4631,0.0,60.0,59.9979,19.6,0.815741,0.00013,0.069095,7.1e-05,0.033363,6e-05,0.037386,8.1e-05,0.000138,8.2e-05,7e-05,0.000159,0.084702,8.7e-05,0.040899,0.045831,0.000169,8.6e-05,0.007285,62.0,21.81,0.0112,4e-06,60.0
har_05_21,HAR_0005_3p_h3h5h7_heavy_cond05,har_sim_05,5,ABC,B,train,Harmonics,1,SCENARIO_CONTROLLER,0.579983,0.806478,1.39052,10.4615,0.0,60.0,59.9979,19.61,0.815765,0.00014,0.069079,6.5e-05,0.033354,6.8e-05,0.037399,7.4e-05,0.00012,9.2e-05,6.8e-05,0.000172,0.08468,8e-05,0.040887,0.045845,0.000147,8.3e-05,0.007283,62.0,21.81,0.0112,4e-06,60.0
har_05_22,HAR_0005_3p_h3h5h7_heavy_cond05,har_sim_05,5,ABC,B,train,Harmonics,1,SCENARIO_CONTROLLER,0.579978,0.806478,1.390532,10.46,0.0,60.0,59.9965,19.61,0.815759,0.000145,0.069088,5e-05,0.033335,6e-05,0.037372,4.9e-05,9.5e-05,0.000111,5.9e-05,0.000178,0.084692,6.1e-05,0.040864,0.045813,0.000116,7.2e-05,0.007281,62.0,21.81,0.0112,4e-06,60.0
har_05_23,HAR_0005_3p_h3h5h7_heavy_cond05,har_sim_05,5,ABC,B,train,Harmonics,1,SCENARIO_CONTROLLER,0.579989,0.806478,1.390504,10.461,0.0,60.0,59.9965,19.6,0.815775,0.000161,0.069093,4.3e-05,0.033344,6.6e-05,0.037374,5.2e-05,8.1e-05,0.000122,7.6e-05,0.000197,0.084696,5.3e-05,0.040874,0.045814,9.9e-05,9.3e-05,0.007283,62.0,21.81,0.0112,4e-06,60.0
har_05_24,HAR_0005_3p_h3h5h7_heavy_cond05,har_sim_05,5,ABC,B,train,Harmonics,1,SCENARIO_CONTROLLER,0.579997,0.806478,1.390485,10.4585,0.0,60.0,59.9975,19.61,0.815788,0.000145,0.069094,5.1e-05,0.033327,8.1e-05,0.037346,3.7e-05,9.7e-05,0.000137,8e-05,0.000178,0.084696,6.3e-05,0.040853,0.045779,0.000119,9.8e-05,0.007279,62.0,21.8,0.0112,4e-06,60.0
har_05_25,HAR_0005_3p_h3h5h7_heavy_cond05,har_sim_05,5,ABC,B,train,Harmonics,1,SCENARIO_CONTROLLER,0.580004,0.806478,1.390469,10.4603,0.0,60.0,59.999,19.61,0.815796,0.000138,0.069096,6e-05,0.033343,7e-05,0.037363,2.9e-05,9.9e-05,0.000135,8.8e-05,0.000169,0.084698,7.4e-05,0.040872,0.045799,0.000121,0.000108,0.007282,62.0,21.8,0.0112,4e-06,60.0
har_05_26,HAR_0005_3p_h3h5h7_heavy_cond05,har_sim_05,5,ABC,B,train,Harmonics,1,SCENARIO_CONTROLLER,0.579997,0.806478,1.390487,10.4598,0.0,60.0,59.999,19.61,0.815786,0.000155,0.069091,5.6e-05,0.033327,8.2e-05,0.037375,2.5e-05,9.8e-05,0.000126,9.2e-05,0.00019,0.084693,6.9e-05,0.040853,0.045815,0.00012,0.000113,0.007281,62.0,21.81,0.0112,4e-06,60.0
har_05_27,HAR_0005_3p_h3h5h7_heavy_cond05,har_sim_05,5,ABC,B,train,Harmonics,1,SCENARIO_CONTROLLER,0.579992,0.806478,1.390499,10.4595,0.0,60.0,59.9995,19.61,0.815779,0.000141,0.069081,5.6e-05,0.033332,7.7e-05,0.037383,3.9e-05,7.5e-05,0.000154,7.1e-05,0.000173,0.084681,6.9e-05,0.040859,0.045825,9.2e-05,8.7e-05,0.007281,62.0,21.81,0.0112,4e-06,60.0
har_05_28,HAR_0005_3p_h3h5h7_heavy_cond05,har_sim_05,5,ABC,B,train,Harmonics,1,SCENARIO_CONTROLLER,0.57999,0.806478,1.390503,10.4601,0.0,60.0,59.9995,19.61,0.815776,0.000139,0.069081,5.1e-05,0.033327,6.5e-05,0.037397,5.4e-05,9.7e-05,0.000145,4.8e-05,0.00017,0.084681,6.3e-05,0.040853,0.045842,0.000119,5.9e-05,0.007281,62.0,21.82,0.0112,4e-06,60.0
har_05_29,HAR_0005_3p_h3h5h7_heavy_cond05,har_sim_05,5,ABC,B,train,Harmonics,1,SCENARIO_CONTROLLER,0.579982,0.806478,1.390521,10.4613,0.0,60.0,59.9995,19.61,0.815765,0.000148,0.069088,5.9e-05,0.033326,5.6e-05,0.037405,4.9e-05,9.1e-05,0.000144,5.1e-05,0.000181,0.084691,7.2e-05,0.040852,0.045853,0.000112,6.3e-05,0.007283,62.0,21.82,0.0112,4e-06,60.0
har_05_30,HAR_0005_3p_h3h5h7_heavy_cond05,har_sim_05,5,ABC,B,train,Harmonics,1,SCENARIO_CONTROLLER,0.579986,0.806478,1.390512,10.4623,0.0,60.0,60.0006,19.6,0.815769,0.000144,0.06909,4.9e-05,0.033334,4.6e-05,0.037413,4.6e-05,9.4e-05,0.000147,4.8e-05,0.000177,0.084693,6e-05,0.040862,0.045862,0.000115,5.9e-05,0.007284,62.0,21.82,0.0112,4e-06,60.0
har_05_31,HAR_0005_3p_h3h5h7_heavy_cond05,har_sim_05,5,ABC,B,train,Harmonics,1,SCENARIO_CONTROLLER,0.58001,0.806478,1.390455,10.4626,0.0,60.0,60.0006,19.6,0.815802,0.000116,0.069081,4.5e-05,0.033367,2.5e-05,0.037413,4.8e-05,0.000103,0.000141,3.3e-05,0.000142,0.084679,5.5e-05,0.040901,0.04586,0.000126,4e-05,0.007285,62.01,21.83,0.0112,4e-06,60.0
har_05_32,HAR_0005_3p_h3h5h7_heavy_cond05,har_sim_05,5,ABC,B,train,Harmonics,1,SCENARIO_CONTROLLER,0.580008,0.806478,1.39046,10.4623,0.0,60.0,60.0006,19.6,0.8158,0.000107,0.069079,4e-05,0.033362,3e-05,0.037416,4.6e-05,0.000105,0.000135,3.9e-05,0.000131,0.084676,4.9e-05,0.040895,0.045864,0.000129,4.8e-05,0.007285,62.01,21.83,0.0112,4e-06,60.0
har_06_01,HAR_0006_3p_h3h5h7_mild_cond06,har_sim_06,6,ABC,B,test,Harmonics,1,SCENARIO_CONTROLLER,0.569568,0.789923,1.386882,6.6969,0.0,60.0,59.9988,23.47,0.803688,4.8e-05,0.042874,6.7e-05,0.020645,7.3e-05,0.025147,2.6e-05,0.00015,5.7e-05,0.000108,6e-05,0.053347,8.3e-05,0.025688,0.03129,0.000187,0.000134,0.002897,60.86,14.74,0.0053,4e-06,60.0
har_06_02,HAR_0006_3p_h3h5h7_mild_cond06,har_sim_06,6,ABC,B,test,Harmonics,1,SCENARIO_CONTROLLER,0.569579,0.789923,1.386854,6.6992,0.0,60.0,59.9994,23.47,0.803703,6.9e-05,0.042891,4.7e-05,0.020657,6.4e-05,0.025151,2.3e-05,0.00015,5.2e-05,0.000111,8.6e-05,0.053367,5.8e-05,0.025702,0.031294,0.000187,0.000138,0.002899,60.86,14.74,0.0053,4e-06,60.0
har_06_03,HAR_0006_3p_h3h5h7_mild_cond06,har_sim_06,6,ABC,B,test,Harmonics,1,SCENARIO_CONTROLLER,0.569582,0.789923,1.386847,6.699,0.0,60.0,59.9994,23.47,0.803707,6.7e-05,0.042885,5.2e-05,0.020649,5.4e-05,0.025164,2.6e-05,0.000146,4.5e-05,0.000115,8.3e-05,0.053359,6.5e-05,0.025692,0.03131,0.000182,0.000143,0.002899,60.86,14.74,0.0053,4e-06,60.0
har_06_04,HAR_0006_3p_h3h5h7_mild_cond06,har_sim_06,6,ABC,B,test,Harmonics,1,SCENARIO_CONTROLLER,0.569561,0.789923,1.3869,6.7002,0.0,60.0,59.9994,23.47,0.803676,9.2e-05,0.042897,5.5e-05,0.020649,5e-05,0.025161,1.8e-05,0.000135,4.2e-05,0.000119,0.000114,0.053376,6.8e-05,0.025693,0.031307,0.000168,0.000148,0.0029,60.86,14.73,0.0053,4e-06,60.0
har_06_05,HAR_0006_3p_h3h5h7_mild_cond06,har_sim_06,6,ABC,B,test,Harmonics,1,SCENARIO_CONTROLLER,0.569555,0.789923,1.386914,6.6982,0.0,60.0,60.0002,23.47,0.803668,0.000102,0.042879,5.7e-05,0.020639,4.6e-05,0.025163,1.7e-05,0.00014,5.3e-05,0.000129,0.000127,0.053354,7.1e-05,0.025681,0.03131,0.000174,0.000161,0.002898,60.86,14.73,0.0053,4e-06,60.0
har_06_06,HAR_0006_3p_h3h5h7_mild_cond06,har_sim_06,6,ABC,B,test,Harmonics,1,SCENARIO_CONTROLLER,0.569556,0.789923,1.38691,6.6987,0.0,60.0,60.0002,23.47,0.80367,0.000103,0.042879,6e-05,0.020638,3e-05,0.025174,2.2e-05,0.000147,6.4e-05,0.000106,0.000128,0.053354,7.5e-05,0.02568,0.031324,0.000183,0.000132,0.002898,60.86,14.74,0.0053,4e-06,60.0
har_06_07,HAR_0006_3p_h3h5h7_mild_cond06,har_sim_06,6,ABC,B,test,Harmonics,1,SCENARIO_CONTROLLER,0.569557,0.789923,1.386909,6.7001,0.0,60.0,60.0002,23.47,0.80367,0.00011,0.042893,4.7e-05,0.020641,3.2e-05,0.025172,2.4e-05,0.000151,5.6e-05,0.000118,0.000137,0.053371,5.8e-05,0.025683,0.031321,0.000188,0.000147,0.0029,60.86,14.74,0.0053,4e-06,60.0
har_06_08,HAR_0006_3p_h3h5h7_mild_cond06,har_sim_06,6,ABC,B,test,Harmonics,1,SCENARIO_CONTROLLER,0.569557,0.789923,1.386909,6.7007,0.0,60.0,59.9985,23.47,0.80367,0.00011,0.042899,4.9e-05,0.020653,3e-05,0.025162,1.5e-05,0.000155,5.7e-05,0.000114,0.000137,0.053379,6.1e-05,0.025698,0.031309,0.000193,0.000142,0.0029,60.86,14.74,0.0053,4e-06,60.0
har_06_09,HAR_0006_3p_h3h5h7_mild_cond06,har_sim_06,6,ABC,B,test,Harmonics,1,SCENARIO_CONTROLLER,0.569555,0.79082,1.388488,6.7026,0.0,60.0,59.9985,23.47,0.803666,0.000118,0.042916,6.7e-05,0.020635,3.5e-05,0.025179,1.1e-05,0.000147,4.3e-05,0.000112,0.000147,0.0534,8.3e-05,0.025676,0.03133,0.000183,0.000139,0.002902,60.86,14.74,0.0053,4e-06,60.0
har_06_10,HAR_0006_3p_h3h5h7_mild_cond06,har_sim_06,6,ABC,B,test,Harmonics,1,SCENARIO_CONTROLLER,0.569561,0.79082,1.388472,6.7003,0.0,60.0,59.9985,23.47,0.803676,0.000105,0.042916,8.7e-05,0.020619,1.7e-05,0.025154,3.7e-05,0.000149,2.3e-05,0.0001,0.000131,0.0534,0.000108,0.025656,0.031299,0.000185,0.000124,0.0029,60.86,14.74,0.0053,4e-06,60.0
har_06_11,HAR_0006_3p_h3h5h7_mild_cond06,har_sim_06,6,ABC,B,test,Harmonics,1,SCENARIO_CONTROLLER,0.569562,0.79082,1.388471,6.7003,0.0,60.0,60.0022,23.47,0.803677,0.000104,0.042918,8.3e-05,0.020615,1.8e-05,0.025155,4.1e-05,0.000154,3.2e-05,0.000107,0.000129,0.053402,0.000103,0.025651,0.0313,0.000192,0.000133,0.0029,60.86,14.74,0.0053,4e-06,60.0
har_06_12,HAR_0006_3p_h3h5h7_mild_cond06,har_sim_06,6,ABC,B,test,Harmonics,1,SCENARIO_CONTROLLER,0.569576,0.79082,1.388436,6.6986,0.0,60.0,60.0022,23.47,0.803698,0.000114,0.042908,7.8e-05,0.0206,3.6e-05,0.025157,5e-05,0.000145,4.4e-05,0.000105,0.000142,0.053388,9.7e-05,0.025632,0.031302,0.00018,0.000131,0.002898,60.86,14.74,0.0053,4e-06,60.0
har_06_13,HAR_0006_3p_h3h5h7_mild_cond06,har_sim_06,6,ABC,B,test,Harmonics,1,SCENARIO_CONTROLLER,0.569586,0.79082,1.388411,6.7026,0.0,60.0,59.9995,23.47,0.803711,0.000133,0.04293,6.8e-05,0.020619,1.4e-05,0.025176,6.6e-05,0.000142,4.9e-05,9.8e-05,0.000165,0.053415,8.5e-05,0.025655,0.031325,0.000177,0.000122,0.002902,60.86,14.74,0.0053,4e-06,60.0
har_06_14,HAR_0006_3p_h3h5h7_mild_cond06,har_sim_06,6,ABC,B,test,Harmonics,1,SCENARIO_CONTROLLER,0.569595,0.79082,1.388389,6.7023,0.0,60.0,59.9995,23.47,0.803723,0.000145,0.042937,8e-05,0.020604,1.2e-05,0.025174,7.6e-05,0.000134,7e-05,8.5e-05,0.00018,0.053423,0.0001,0.025636,0.031322,0.000167,0.000106,0.002902,60.86,14.74,0.0053,4e-06,60.0
har_06_15,HAR_0006_3p_h3h5h7_mild_cond06,har_sim_06,6,ABC,B,test,Harmonics,1,SCENARIO_CONTROLLER,0.569608,0.79082,1.388358,6.7013,0.0,60.0,59.9995,23.47,0.803742,0.000132,0.042934,8.7e-05,0.020603,1.9e-05,0.025164,9.1e-05,0.000146,8e-05,7.9e-05,0.000164,0.053418,0.000108,0.025634,0.031309,0.000182,9.8e-05,0.002901,60.86,14.74,0.0053,4e-06,60.0
har_06_16,HAR_0006_3p_h3h5h7_mild_cond06,har_sim_06,6,ABC,B,test,Harmonics,1,SCENARIO_CONTROLLER,0.569607,0.79082,1.388361,6.7023,0.0,60.0,60.0009,23.47,0.803739,0.000136,0.042931,9e-05,0.020606,3.2e-05,0.025184,7.1e-05,0.000126,6.6e-05,7.1e-05,0.000169,0.053414,0.000112,0.025638,0.031334,0.000157,8.8e-05,0.002902,60.86,14.74,0.0053,4e-06,60.0
har_06_17,HAR_0006_3p_h3h5h7_mild_cond06,har_sim_06,6,ABC,B,test,Harmonics,1,SCENARIO_CONTROLLER,0.569606,0.79082,1.388363,6.7027,0.0,60.0,60.0009,23.47,0.803738,0.000135,0.042935,8.7e-05,0.020604,2.8e-05,0.025184,6.4e-05,0.000122,6.6e-05,7e-05,0.000168,0.053419,0.000108,0.025635,0.031334,0.000152,8.7e-05,0.002902,60.86,14.74,0.0053,4e-06,60.0
har_06_18,HAR_0006_3p_h3h5h7_mild_cond06,har_sim_06,6,ABC,B,test,Harmonics,1,SCENARIO_CONTROLLER,0.569614,0.79082,1.388342,6.7013,0.0,60.0,60.0009,23.47,0.803751,0.000154,0.042939,6.7e-05,0.020588,3.3e-05,0.025168,4.8e-05,0.00013,5.8e-05,7.2e-05,0.000192,0.053423,8.3e-05,0.025615,0.031313,0.000162,9e-05,0.002901,60.86,14.74,0.0053,4e-06,60.0
har_06_19,HAR_0006_3p_h3h5h7_mild_cond06,har_sim_06,6,ABC,B,test,Harmonics,1,SCENARIO_CONTROLLER,0.569617,0.79082,1.388336,6.7019,0.0,60.0,59.9988,23.47,0.803754,0.00016,0.042944,6.3e-05,0.020595,3.4e-05,0.025164,4.6e-05,0.000138,5.6e-05,6.5e-05,0.000199,0.053429,7.8e-05,0.025624,0.031308,0.000172,8.1e-05,0.002902,60.86,14.74,0.0053,4e-06,60.0
har_06_20,HAR_0006_3p_h3h5h7_mild_cond06,har_sim_06,6,ABC,B,test,Harmonics,1,SCENARIO_CONTROLLER,0.569615,0.79082,1.38834,6.7013,0.0,60.0,59.9988,23.47,0.803752,0.000155,0.042937,5.6e-05,0.0206,3e-05,0.025163,3e-05,0.000158,7.5e-05,5.6e-05,0.000193,0.053421,7e-05,0.02563,0.031307,0.000197,7e-05,0.002901,60.86,14.74,0.0053,4e-06,60.0
har_06_21,HAR_0006_3p_h3h5h7_mild_cond06,har_sim_06,6,ABC,B,test,Harmonics,1,SCENARIO_CONTROLLER,0.569602,0.79082,1.388373,6.7013,0.0,60.0,59.9988,23.47,0.803733,0.00018,0.042929,3.1e-05,0.020607,2.4e-05,0.025168,3.7e-05,0.000152,7.9e-05,6.7e-05,0.000224,0.053412,3.9e-05,0.025639,0.031314,0.000189,8.3e-05,0.002901,60.86,14.74,0.0053,4e-06,60.0
har_06_22,HAR_0006_3p_h3h5h7_mild_cond06,har_sim_06,6,ABC,B,test,Harmonics,1,SCENARIO_CONTROLLER,0.56961,0.79082,1.388353,6.7025,0.0,60.0,60.0007,23.47,0.803744,0.000161,0.042952,2.3e-05,0.020601,2e-06,0.025156,2.2e-05,0.000144,6.8e-05,8e-05,0.0002,0.05344,2.9e-05,0.025631,0.031299,0.000179,0.0001,0.002902,60.86,14.73,0.0053,4e-06,60.0
har_06_23,HAR_0006_3p_h3h5h7_mild_cond06,har_sim_06,6,ABC,B,test,Harmonics,1,SCENARIO_CONTROLLER,0.569594,0.79082,1.388391,6.705,0.0,60.0,60.0007,23.47,0.80372,0.000151,0.04298,1.6e-05,0.020586,1.8e-05,0.02516,3e-05,0.000152,6.3e-05,8.1e-05,0.000188,0.053476,2e-05,0.025613,0.031304,0.000189,0.000101,0.002904,60.86,14.73,0.0053,4e-06,60.0
har_06_24,HAR_0006_3p_h3h5h7_mild_cond06,har_sim_06,6,ABC,B,test,Harmonics,1,SCENARIO_CONTROLLER,0.569603,0.79082,1.38837,6.7057,0.0,60.0,59.9995,23.47,0.803732,0.000168,0.042992,1.3e-05,0.020586,2.6e-05,0.025154,2e-05,0.000148,6.1e-05,8.2e-05,0.000209,0.05349,1.6e-05,0.025613,0.031297,0.000184,0.000102,0.002905,60.86,14.74,0.0053,4e-06,60.0
har_06_25,HAR_0006_3p_h3h5h7_mild_cond06,har_sim_06,6,ABC,B,test,Harmonics,1,SCENARIO_CONTROLLER,0.569605,0.79082,1.388364,6.7065,0.0,60.0,59.9989,23.46,0.803735,0.00017,0.04299,1.9e-05,0.020584,9e-06,0.025173,2.5e-05,0.000137,4.7e-05,9.6e-05,0.000212,0.053488,2.4e-05,0.02561,0.03132,0.00017,0.000119,0.002906,60.86,14.75,0.0053,5e-06,60.0
har_06_26,HAR_0006_3p_h3h5h7_mild_cond06,har_sim_06,6,ABC,B,test,Harmonics,1,SCENARIO_CONTROLLER,0.569601,0.79082,1.388373,6.7077,0.0,60.0,59.9989,23.46,0.803729,0.000182,0.042991,3.6e-05,0.020602,2.6e-05,0.025174,3.6e-05,0.000147,5.4e-05,0.000102,0.000226,0.053489,4.5e-05,0.025633,0.031322,0.000183,0.000127,0.002906,60.86,14.76,0.0053,5e-06,60.0
har_06_27,HAR_0006_3p_h3h5h7_mild_cond06,har_sim_06,6,ABC,B,test,Harmonics,1,SCENARIO_CONTROLLER,0.569601,0.79082,1.388375,6.708,0.0,60.0,60.001,23.46,0.803728,0.000184,0.042991,3.7e-05,0.020606,2.8e-05,0.025178,3.3e-05,0.000145,5.1e-05,9.5e-05,0.000229,0.053489,4.6e-05,0.025638,0.031327,0.00018,0.000118,0.002907,60.86,14.76,0.0053,4e-06,60.0
har_06_28,HAR_0006_3p_h3h5h7_mild_cond06,har_sim_06,6,ABC,B,test,Harmonics,1,SCENARIO_CONTROLLER,0.569592,0.79082,1.388398,6.7068,0.0,60.0,60.001,23.46,0.803716,0.000198,0.042984,3.9e-05,0.020623,2.4e-05,0.025154,6e-05,0.000155,1.8e-05,0.000112,0.000246,0.053482,4.9e-05,0.02566,0.031297,0.000193,0.000139,0.002906,60.86,14.75,0.0053,4e-06,60.0
har_06_29,HAR_0006_3p_h3h5h7_mild_cond06,har_sim_06,6,ABC,B,test,Harmonics,1,SCENARIO_CONTROLLER,0.569596,0.79082,1.388386,6.7058,0.0,60.0,60.001,23.46,0.803723,0.000192,0.042968,4.4e-05,0.020628,1.4e-05,0.02516,5e-05,0.000163,2.6e-05,0.00013,0.000239,0.053461,5.5e-05,0.025666,0.031304,0.000203,0.000162,0.002905,60.86,14.76,0.0053,4e-06,60.0
har_06_30,HAR_0006_3p_h3h5h7_mild_cond06,har_sim_06,6,ABC,B,test,Harmonics,1,SCENARIO_CONTROLLER,0.569589,0.79082,1.388404,6.7037,0.0,60.0,60.0002,23.47,0.803714,0.000176,0.042947,5.8e-05,0.020625,1.1e-05,0.025161,5.3e-05,0.000162,2.6e-05,0.000125,0.000219,0.053436,7.2e-05,0.025662,0.031306,0.000202,0.000156,0.002903,60.86,14.75,0.0053,4e-06,60.0
har_06_31,HAR_0006_3p_h3h5h7_mild_cond06,har_sim_06,6,ABC,B,test,Harmonics,1,SCENARIO_CONTROLLER,0.56959,0.79082,1.388401,6.7009,0.0,60.0,60.0002,23.47,0.803717,0.000159,0.042915,7e-05,0.020663,3.7e-05,0.025136,4.9e-05,0.000158,2.8e-05,0.000136,0.000198,0.053396,8.7e-05,0.025709,0.031275,0.000197,0.000169,0.002901,60.86,14.75,0.0053,4e-06,60.0
har_06_32,HAR_0006_3p_h3h5h7_mild_cond06,har_sim_06,6,ABC,B,test,Harmonics,1,SCENARIO_CONTROLLER,0.569578,0.79082,1.388431,6.7026,0.0,60.0,60.0002,23.47,0.803699,0.000177,0.042918,8.7e-05,0.020676,4.5e-05,0.025148,4e-05,0.000152,3.3e-05,0.000117,0.00022,0.053401,0.000108,0.025726,0.03129,0.000189,0.000146,0.002902,60.86,14.76,0.0053,4e-06,60.0
har_07_01,HAR_0007_3p_h3h5h7_heavy_cond07,har_sim_07,7,ABC,B,train,Harmonics,1,SCENARIO_CONTROLLER,0.55879,0.769287,1.376702,12.4242,0.0,60.0,59.9984,18.11,0.784216,2.6e-05,0.078132,8.2e-05,0.038885,0.000107,0.043318,8.7e-05,8.8e-05,3.6e-05,0.000117,3.3e-05,0.099631,0.000105,0.049585,0.055237,0.000112,0.000149,0.009493,62.84,25.96,0.0149,4e-06,60.0
har_07_02,HAR_0007_3p_h3h5h7_heavy_cond07,har_sim_07,7,ABC,B,train,Harmonics,1,SCENARIO_CONTROLLER,0.558796,0.769287,1.376686,12.4232,0.0,60.0,59.9995,18.11,0.784227,2.8e-05,0.078134,6.7e-05,0.038872,9e-05,0.043312,9.4e-05,8.7e-05,6e-05,0.000137,3.6e-05,0.099632,8.5e-05,0.049567,0.055229,0.000111,0.000175,0.009492,62.84,25.96,0.0149,4e-06,60.0
har_07_03,HAR_0007_3p_h3h5h7_heavy_cond07,har_sim_07,7,ABC,B,train,Harmonics,1,SCENARIO_CONTROLLER,0.558804,0.769287,1.376668,12.4231,0.0,60.0,59.9995,18.11,0.784237,4.2e-05,0.078136,5.7e-05,0.038866,9.8e-05,0.043314,0.0001,7.5e-05,7.5e-05,0.000155,5.4e-05,0.099633,7.3e-05,0.049559,0.055231,9.6e-05,0.000198,0.009492,62.84,25.95,0.0149,4e-06,60.0
har_07_04,HAR_0007_3p_h3h5h7_heavy_cond07,har_sim_07,7,ABC,B,train,Harmonics,1,SCENARIO_CONTROLLER,0.558813,0.769159,1.376415,12.4232,0.0,60.0,59.9995,18.11,0.78425,3e-05,0.078146,4.5e-05,0.038872,8.3e-05,0.043295,8.6e-05,5.3e-05,9.3e-05,0.000134,3.8e-05,0.099644,5.7e-05,0.049566,0.055206,6.8e-05,0.000171,0.009492,62.84,25.95,0.0149,4e-06,60.0
har_07_05,HAR_0007_3p_h3h5h7_heavy_cond07,har_sim_07,7,ABC,B,train,Harmonics,1,SCENARIO_CONTROLLER,0.55881,0.769159,1.376421,12.4215,0.0,60.0,59.9999,18.11,0.784248,3.4e-05,0.078138,5.2e-05,0.038865,8.2e-05,0.043286,9.4e-05,6.3e-05,8.5e-05,0.00014,4.3e-05,0.099634,6.6e-05,0.049557,0.055194,8e-05,0.000179,0.00949,62.84,25.94,0.0149,4e-06,60.0
har_07_06,HAR_0007_3p_h3h5h7_heavy_cond07,har_sim_07,7,ABC,B,train,Harmonics,1,SCENARIO_CONTROLLER,0.558816,0.769159,1.376408,12.4213,0.0,60.0,59.9999,18.11,0.784255,2.7e-05,0.07814,6e-05,0.038852,6.7e-05,0.043293,7.3e-05,6.8e-05,7.4e-05,0.000129,3.4e-05,0.099636,7.7e-05,0.04954,0.055203,8.7e-05,0.000164,0.00949,62.84,25.95,0.0149,4e-06,60.0
har_07_07,HAR_0007_3p_h3h5h7_heavy_cond07,har_sim_07,7,ABC,B,train,Harmonics,1,SCENARIO_CONTROLLER,0.558818,0.769159,1.376403,12.421,0.0,60.0,59.9999,18.12,0.784259,3.2e-05,0.078147,7e-05,0.03886,8.2e-05,0.043269,7.3e-05,8.2e-05,8.5e-05,0.000113,4.1e-05,0.099644,8.9e-05,0.04955,0.055172,0.000105,0.000144,0.009489,62.84,25.94,0.0149,4e-06,60.0
har_07_08,HAR_0007_3p_h3h5h7_heavy_cond07,har_sim_07,7,ABC,B,train,Harmonics,1,SCENARIO_CONTROLLER,0.558814,0.769159,1.376412,12.4208,0.0,60.0,60.0,18.12,0.784254,2.4e-05,0.078143,7.7e-05,0.038867,8.7e-05,0.043266,6.8e-05,8.7e-05,7.9e-05,0.000108,3.1e-05,0.09964,9.8e-05,0.049559,0.055168,0.000111,0.000138,0.009489,62.84,25.94,0.0149,4e-06,60.0
har_07_09,HAR_0007_3p_h3h5h7_heavy_cond07,har_sim_07,7,ABC,B,train,Harmonics,1,SCENARIO_CONTROLLER,0.558813,0.769159,1.376414,12.4206,0.0,60.0,60.0,18.12,0.784253,1.4e-05,0.07814,9e-05,0.03887,8.1e-05,0.043265,7.3e-05,9.9e-05,6.6e-05,9.2e-05,1.8e-05,0.099636,0.000115,0.049563,0.055167,0.000126,0.000117,0.009489,62.84,25.94,0.0149,4e-06,60.0
har_07_10,HAR_0007_3p_h3h5h7_heavy_cond07,har_sim_07,7,ABC,B,train,Harmonics,1,SCENARIO_CONTROLLER,0.558805,0.769479,1.37701,12.4183,0.0,60.0,60.0,18.12,0.784243,3e-05,0.078122,0.000108,0.038849,9.9e-05,0.043272,5.9e-05,9.5e-05,6.9e-05,8.9e-05,3.8e-05,0.099615,0.000138,0.049537,0.055177,0.000121,0.000113,0.009485,62.84,25.94,0.0149,4e-06,60.0
har_07_11,HAR_0007_3p_h3h5h7_heavy_cond07,har_sim_07,7,ABC,B,train,Harmonics,1,SCENARIO_CONTROLLER,0.558812,0.769479,1.376993,12.4191,0.0,60.0,60.0005,18.12,0.784252,2e-05,0.078136,0.000112,0.038843,9.2e-05,0.043269,6.8e-05,7.7e-05,7.4e-05,0.000101,2.6e-05,0.099631,0.000143,0.049529,0.055172,9.8e-05,0.000129,0.009486,62.84,25.94,0.0149,4e-06,60.0
har_07_12,HAR_0007_3p_h3h5h7_heavy_cond07,har_sim_07,7,ABC,B,train,Harmonics,1,SCENARIO_CONTROLLER,0.558804,0.769479,1.377012,12.4193,0.0,60.0,60.0005,18.12,0.78424,3.5e-05,0.078148,0.000115,0.038842,0.000104,0.043247,9.7e-05,6.4e-05,4.6e-05,0.000101,4.5e-05,0.099648,0.000147,0.049528,0.055145,8.2e-05,0.000129,0.009486,62.84,25.93,0.0149,4e-06,60.0
har_07_13,HAR_0007_3p_h3h5h7_heavy_cond07,har_sim_07,7,ABC,B,train,Harmonics,1,SCENARIO_CONTROLLER,0.558799,0.769479,1.377024,12.4183,0.0,60.0,60.0,18.12,0.784235,3.6e-05,0.078139,0.000105,0.038839,0.000103,0.043248,8.7e-05,6.1e-05,5.8e-05,0.000112,4.6e-05,0.099637,0.000134,0.049525,0.055147,7.8e-05,0.000143,0.009485,62.84,25.93,0.0149,4e-06,60.0
har_07_14,HAR_0007_3p_h3h5h7_heavy_cond07,har_sim_07,7,ABC,B,train,Harmonics,1,SCENARIO_CONTROLLER,0.5588,0.769479,1.377022,12.4169,0.0,60.0,60.0,18.12,0.784237,4.6e-05,0.078126,0.000103,0.038842,0.000104,0.043246,8.8e-05,6.1e-05,5.9e-05,9.8e-05,5.9e-05,0.09962,0.000131,0.049528,0.055144,7.8e-05,0.000125,0.009483,62.84,25.93,0.0149,4e-06,60.0
har_07_15,HAR_0007_3p_h3h5h7_heavy_cond07,har_sim_07,7,ABC,B,train,Harmonics,1,SCENARIO_CONTROLLER,0.558814,0.769479,1.376986,12.4174,0.0,60.0,60.0,18.12,0.784257,5.1e-05,0.078137,9e-05,0.03885,9.7e-05,0.043232,7.4e-05,6.4e-05,6.3e-05,9.6e-05,6.5e-05,0.099632,0.000115,0.049537,0.055125,8.2e-05,0.000122,0.009484,62.84,25.93,0.0149,4e-06,60.0
har_07_16,HAR_0007_3p_h3h5h7_heavy_cond07,har_sim_07,7,ABC,B,train,Harmonics,1,SCENARIO_CONTROLLER,0.558816,0.769479,1.376982,12.4184,0.0,60.0,59.9987,18.12,0.784258,5.4e-05,0.078142,8.9e-05,0.038853,9.9e-05,0.043239,7e-05,6.5e-05,6.7e-05,9.9e-05,6.9e-05,0.099638,0.000113,0.049541,0.055134,8.3e-05,0.000126,0.009485,62.84,25.93,0.0149,4e-06,60.0
har_07_17,HAR_0007_3p_h3h5h7_heavy_cond07,har_sim_07,7,ABC,B,train,Harmonics,1,SCENARIO_CONTROLLER,0.558821,0.769479,1.376969,12.4178,0.0,60.0,59.9987,18.12,0.784266,4.4e-05,0.07813,8.9e-05,0.038858,9e-05,0.043247,6.8e-05,7.2e-05,6.2e-05,0.0001,5.6e-05,0.099622,0.000113,0.049547,0.055143,9.2e-05,0.000128,0.009485,62.84,25.93,0.0149,4e-06,60.0
har_07_18,HAR_0007_3p_h3h5h7_heavy_cond07,har_sim_07,7,ABC,B,train,Harmonics,1,SCENARIO_CONTROLLER,0.558833,0.769479,1.37694,12.4163,0.0,60.0,59.9987,18.12,0.784284,2.2e-05,0.078125,8.6e-05,0.038833,6.9e-05,0.043256,7.7e-05,7e-05,4.9e-05,8.3e-05,2.8e-05,0.099613,0.00011,0.049514,0.055153,8.9e-05,0.000106,0.009483,62.84,25.93,0.0149,4e-06,60.0
har_07_19,HAR_0007_3p_h3h5h7_heavy_cond07,har_sim_07,7,ABC,B,train,Harmonics,1,SCENARIO_CONTROLLER,0.558831,0.769479,1.376945,12.415,0.0,60.0,60.0006,18.12,0.784283,2.4e-05,0.07812,8.5e-05,0.038828,7.4e-05,0.043246,7e-05,6.3e-05,5.7e-05,7.7e-05,3.1e-05,0.099607,0.000108,0.049508,0.055141,8e-05,9.8e-05,0.009481,62.84,25.92,0.0149,4e-06,60.0
har_07_20,HAR_0007_3p_h3h5h7_heavy_cond07,har_sim_07,7,ABC,B,train,Harmonics,1,SCENARIO_CONTROLLER,0.558818,0.769479,1.376976,12.4174,0.0,60.0,60.0006,18.12,0.784263,7e-06,0.078141,6.3e-05,0.038814,9.2e-05,0.043259,7.9e-05,6.3e-05,5.6e-05,8e-05,9e-06,0.099636,8e-05,0.049491,0.055159,8e-05,0.000102,0.009484,62.84,25.92,0.0149,4e-06,60.0
har_07_21,HAR_0007_3p_h3h5h7_heavy_cond07,har_sim_07,7,ABC,B,train,Harmonics,1,SCENARIO_CONTROLLER,0.558823,0.769479,1.376965,12.4179,0.0,60.0,60.0006,18.12,0.784268,1.3e-05,0.078145,5.8e-05,0.038811,9.6e-05,0.043265,8.3e-05,5.1e-05,4.7e-05,7.7e-05,1.7e-05,0.099641,7.4e-05,0.049487,0.055166,6.5e-05,9.8e-05,0.009485,62.84,25.93,0.0149,4e-06,60.0
har_07_22,HAR_0007_3p_h3h5h7_heavy_cond07,har_sim_07,7,ABC,B,train,Harmonics,1,SCENARIO_CONTROLLER,0.558822,0.769479,1.376967,12.4189,0.0,60.0,60.0006,18.12,0.784266,1.7e-05,0.078152,5.4e-05,0.038816,0.000111,0.043264,6.7e-05,6.6e-05,2.5e-05,7.1e-05,2.2e-05,0.09965,6.9e-05,0.049493,0.055165,8.4e-05,9.1e-05,0.009486,62.84,25.93,0.0149,4e-06,60.0
har_07_23,HAR_0007_3p_h3h5h7_heavy_cond07,har_sim_07,7,ABC,B,train,Harmonics,1,SCENARIO_CONTROLLER,0.558812,0.769479,1.376992,12.4196,0.0,60.0,60.0006,18.12,0.784252,3.4e-05,0.078156,5.9e-05,0.038828,0.000119,0.043255,8e-05,6.2e-05,2.9e-05,7.7e-05,4.3e-05,0.099657,7.5e-05,0.04951,0.055154,7.9e-05,9.8e-05,0.009487,62.84,25.93,0.0149,4e-06,60.0
har_07_24,HAR_0007_3p_h3h5h7_heavy_cond07,har_sim_07,7,ABC,B,train,Harmonics,1,SCENARIO_CONTROLLER,0.558822,0.769479,1.376967,12.4225,0.0,60.0,59.9991,18.11,0.784263,1.1e-05,0.078174,8.6e-05,0.038839,0.000126,0.043266,7.7e-05,3.5e-05,5.6e-05,5.9e-05,1.4e-05,0.099678,0.00011,0.049523,0.055168,4.5e-05,7.5e-05,0.009492,62.84,25.94,0.0149,4e-06,60.0
har_07_25,HAR_0007_3p_h3h5h7_heavy_cond07,har_sim_07,7,ABC,B,train,Harmonics,1,SCENARIO_CONTROLLER,0.558827,0.769479,1.376955,12.4217,0.0,60.0,59.9991,18.11,0.784271,7e-06,0.078184,7e-05,0.038822,0.000129,0.043251,6.2e-05,2.4e-05,6.1e-05,5.1e-05,9e-06,0.09969,8.9e-05,0.049501,0.055148,3.1e-05,6.5e-05,0.009491,62.84,25.93,0.0149,4e-06,60.0
har_07_26,HAR_0007_3p_h3h5h7_heavy_cond07,har_sim_07,7,ABC,B,train,Harmonics,1,SCENARIO_CONTROLLER,0.558839,0.769479,1.376925,12.4216,0.0,60.0,59.9991,18.11,0.784288,1.8e-05,0.078193,7e-05,0.038803,0.000142,0.043256,7.3e-05,4e-05,7.3e-05,3.3e-05,2.3e-05,0.099699,8.9e-05,0.049475,0.055153,5.1e-05,4.2e-05,0.009491,62.84,25.93,0.0149,4e-06,60.0
har_07_27,HAR_0007_3p_h3h5h7_heavy_cond07,har_sim_07,7,ABC,B,train,Harmonics,1,SCENARIO_CONTROLLER,0.558831,0.769479,1.376944,12.4191,0.0,60.0,60.0004,18.12,0.784279,8e-06,0.078174,8.7e-05,0.038789,0.000144,0.043257,7.5e-05,3.2e-05,6.4e-05,2.6e-05,1e-05,0.099676,0.000111,0.049458,0.055155,4.1e-05,3.3e-05,0.009487,62.84,25.92,0.0149,4e-06,60.0
har_07_28,HAR_0007_3p_h3h5h7_heavy_cond07,har_sim_07,7,ABC,B,train,Harmonics,1,SCENARIO_CONTROLLER,0.558828,0.769479,1.376952,12.4194,0.0,60.0,60.0004,18.12,0.784274,1.5e-05,0.078173,6.9e-05,0.038801,0.000163,0.043251,8e-05,2.6e-05,6.1e-05,2.5e-05,1.9e-05,0.099676,8.8e-05,0.049474,0.055148,3.3e-05,3.2e-05,0.009487,62.84,25.93,0.0149,4e-06,60.0
har_07_29,HAR_0007_3p_h3h5h7_heavy_cond07,har_sim_07,7,ABC,B,train,Harmonics,1,SCENARIO_CONTROLLER,0.558837,0.769479,1.376931,12.417,0.0,60.0,60.0004,18.12,0.784289,1.2e-05,0.078156,5.2e-05,0.038806,0.000171,0.04324,8e-05,3.6e-05,6.7e-05,3.6e-05,1.5e-05,0.099652,6.6e-05,0.049479,0.055133,4.6e-05,4.6e-05,0.009484,62.84,25.93,0.0149,4e-06,60.0
har_07_30,HAR_0007_3p_h3h5h7_heavy_cond07,har_sim_07,7,ABC,B,train,Harmonics,1,SCENARIO_CONTROLLER,0.558841,0.769479,1.376919,12.4161,0.0,60.0,59.9996,18.12,0.784296,2.6e-05,0.078154,4.6e-05,0.038797,0.000162,0.043236,7.4e-05,2.5e-05,8.5e-05,6e-05,3.3e-05,0.099649,5.9e-05,0.049467,0.055127,3.2e-05,7.7e-05,0.009483,62.84,25.92,0.0149,4e-06,60.0
har_07_31,HAR_0007_3p_h3h5h7_heavy_cond07,har_sim_07,7,ABC,B,train,Harmonics,1,SCENARIO_CONTROLLER,0.558838,0.769479,1.376927,12.4154,0.0,60.0,59.9996,18.12,0.784293,1.7e-05,0.078162,6.5e-05,0.038778,0.000172,0.043226,7.8e-05,4.8e-05,7.8e-05,7.1e-05,2.2e-05,0.099659,8.3e-05,0.049443,0.055115,6.1e-05,9.1e-05,0.009482,62.84,25.91,0.0149,4e-06,60.0
har_07_32,HAR_0007_3p_h3h5h7_heavy_cond07,har_sim_07,7,ABC,B,train,Harmonics,1,SCENARIO_CONTROLLER,0.55884,0.769479,1.376922,12.417,0.0,60.0,59.9996,18.12,0.784294,7e-06,0.078175,5.4e-05,0.038783,0.000168,0.043226,6.2e-05,4.9e-05,6.7e-05,8.3e-05,9e-06,0.099676,6.9e-05,0.04945,0.055115,6.2e-05,0.000106,0.009484,62.84,25.92,0.0149,4e-06,60.0
har_08_01,HAR_0008_3p_h3h5h7_typical_cond08,har_sim_08,8,ABC,B,train,Harmonics,1,SCENARIO_CONTROLLER,0.637921,0.858957,1.346495,8.5141,0.0,60.0,60.004,21.4,0.898901,8.7e-05,0.061483,0.000127,0.029364,5.9e-05,0.034855,7.2e-05,9.6e-05,0.000107,0.00013,9.7e-05,0.068398,0.000141,0.032667,0.038775,0.000107,0.000145,0.005857,61.36,18.19,0.0079,4e-06,60.0
har_08_02,HAR_0008_3p_h3h5h7_typical_cond08,har_sim_08,8,ABC,B,train,Harmonics,1,SCENARIO_CONTROLLER,0.63793,0.858957,1.346475,8.5162,0.0,60.0,59.9969,21.39,0.898913,0.0001,0.061499,0.000111,0.029366,5e-05,0.034869,8.5e-05,8.8e-05,0.000106,0.000131,0.000111,0.068415,0.000123,0.032668,0.03879,9.8e-05,0.000146,0.00586,61.36,18.19,0.0079,4e-06,60.0
har_08_03,HAR_0008_3p_h3h5h7_typical_cond08,har_sim_08,8,ABC,B,train,Harmonics,1,SCENARIO_CONTROLLER,0.637917,0.858957,1.346503,8.5119,0.0,60.0,59.9969,21.39,0.898897,9e-05,0.061479,7.9e-05,0.029343,4.5e-05,0.034835,8.3e-05,6.2e-05,0.000105,0.000144,0.0001,0.068394,8.8e-05,0.032643,0.038753,6.9e-05,0.00016,0.005854,61.36,18.18,0.0079,4e-06,60.0
har_08_04,HAR_0008_3p_h3h5h7_typical_cond08,har_sim_08,8,ABC,B,train,Harmonics,1,SCENARIO_CONTROLLER,0.637928,0.858957,1.346479,8.5105,0.0,60.0,59.9969,21.39,0.898915,7.4e-05,0.061464,6.8e-05,0.029334,5.3e-05,0.034845,7.7e-05,6.5e-05,0.000112,0.000153,8.2e-05,0.068376,7.6e-05,0.032633,0.038763,7.2e-05,0.00017,0.005853,61.35,18.18,0.0079,4e-06,60.0
har_08_05,HAR_0008_3p_h3h5h7_typical_cond08,har_sim_08,8,ABC,B,train,Harmonics,1,SCENARIO_CONTROLLER,0.637928,0.858957,1.346479,8.5092,0.0,60.0,60.0015,21.4,0.898916,6.5e-05,0.06146,7.8e-05,0.029325,5.9e-05,0.034836,8.8e-05,7e-05,0.00011,0.000149,7.2e-05,0.068371,8.7e-05,0.032623,0.038753,7.8e-05,0.000166,0.005851,61.35,18.16,0.0079,4e-06,60.0
har_08_06,HAR_0008_3p_h3h5h7_typical_cond08,har_sim_08,8,ABC,B,train,Harmonics,1,SCENARIO_CONTROLLER,0.637914,0.858957,1.34651,8.511,0.0,60.0,60.0015,21.4,0.898894,7.2e-05,0.061467,6.6e-05,0.02934,7.5e-05,0.034842,0.000107,7e-05,0.000111,0.000141,8e-05,0.068381,7.3e-05,0.03264,0.038761,7.8e-05,0.000157,0.005853,61.35,18.17,0.0079,4e-06,60.0
har_08_07,HAR_0008_3p_h3h5h7_typical_cond08,har_sim_08,8,ABC,B,train,Harmonics,1,SCENARIO_CONTROLLER,0.637893,0.858957,1.346554,8.5135,0.0,60.0,60.0015,21.39,0.898862,5e-05,0.061487,6.5e-05,0.029334,6e-05,0.034855,0.000117,6.8e-05,0.000115,0.000144,5.6e-05,0.068405,7.2e-05,0.032635,0.038777,7.6e-05,0.00016,0.005856,61.36,18.18,0.0079,4e-06,60.0
har_08_08,HAR_0008_3p_h3h5h7_typical_cond08,har_sim_08,8,ABC,B,train,Harmonics,1,SCENARIO_CONTROLLER,0.637894,0.858957,1.346551,8.5129,0.0,60.0,59.9996,21.4,0.898865,5.1e-05,0.061486,5.4e-05,0.029328,5.3e-05,0.03485,0.000111,7e-05,0.00012,0.000141,5.7e-05,0.068404,6e-05,0.032628,0.038771,7.8e-05,0.000157,0.005855,61.36,18.18,0.0079,4e-06,60.0
har_08_09,HAR_0008_3p_h3h5h7_typical_cond08,har_sim_08,8,ABC,B,train,Harmonics,1,SCENARIO_CONTROLLER,0.637906,0.858957,1.346526,8.5131,0.0,60.0,59.9996,21.39,0.898881,6.2e-05,0.061488,5.6e-05,0.029331,5e-05,0.034853,0.000105,6.4e-05,0.000109,0.000142,6.9e-05,0.068405,6.2e-05,0.032631,0.038774,7.1e-05,0.000158,0.005856,61.36,18.17,0.0079,4e-06,60.0
har_08_10,HAR_0008_3p_h3h5h7_typical_cond08,har_sim_08,8,ABC,B,train,Harmonics,1,SCENARIO_CONTROLLER,0.637906,0.858957,1.346527,8.5127,0.0,60.0,59.9996,21.4,0.898881,5.8e-05,0.061496,4.7e-05,0.029317,5.1e-05,0.034842,0.000119,7e-05,0.000117,0.000146,6.5e-05,0.068414,5.2e-05,0.032615,0.038762,7.8e-05,0.000162,0.005855,61.35,18.16,0.0079,4e-06,60.0
har_08_11,HAR_0008_3p_h3h5h7_typical_cond08,har_sim_08,8,ABC,B,train,Harmonics,1,SCENARIO_CONTROLLER,0.637913,0.858957,1.346512,8.5151,0.0,60.0,59.9993,21.39,0.898889,4.8e-05,0.061512,2e-05,0.029325,3.7e-05,0.034855,0.000112,6.9e-05,0.000108,0.000135,5.3e-05,0.068431,2.2e-05,0.032624,0.038776,7.7e-05,0.00015,0.005859,61.36,18.17,0.0079,4e-06,60.0
har_08_12,HAR_0008_3p_h3h5h7_typical_cond08,har_sim_08,8,ABC,B,train,Harmonics,1,SCENARIO_CONTROLLER,0.637913,0.858957,1.346511,8.5166,0.0,60.0,59.9993,21.39,0.898889,3.6e-05,0.061526,1.7e-05,0.02934,4.7e-05,0.034847,0.000108,7.9e-05,9.4e-05,0.000135,4e-05,0.068447,1.9e-05,0.03264,0.038767,8.8e-05,0.00015,0.005861,61.36,18.16,0.0079,4e-06,60.0
har_08_13,HAR_0008_3p_h3h5h7_typical_cond08,har_sim_08,8,ABC,B,train,Harmonics,1,SCENARIO_CONTROLLER,0.637909,0.858957,1.346519,8.516,0.0,60.0,60.0017,21.39,0.898884,2.9e-05,0.061512,5e-06,0.029353,5.5e-05,0.034848,0.000113,8.3e-05,9e-05,0.000144,3.2e-05,0.068432,6e-06,0.032655,0.038768,9.2e-05,0.00016,0.00586,61.36,18.16,0.0079,4e-06,60.0
har_08_14,HAR_0008_3p_h3h5h7_typical_cond08,har_sim_08,8,ABC,B,train,Harmonics,1,SCENARIO_CONTROLLER,0.637917,0.858957,1.346504,8.518,0.0,60.0,60.0017,21.39,0.898892,3.3e-05,0.061519,3.3e-05,0.02938,4.9e-05,0.034854,9.6e-05,9.5e-05,0.000112,0.000134,3.7e-05,0.068439,3.7e-05,0.032685,0.038774,0.000106,0.000149,0.005863,61.36,18.17,0.0079,4e-06,60.0
har_08_15,HAR_0008_3p_h3h5h7_typical_cond08,har_sim_08,8,ABC,B,train,Harmonics,1,SCENARIO_CONTROLLER,0.637899,0.858957,1.34654,8.5198,0.0,60.0,60.0017,21.39,0.898867,5.3e-05,0.061534,4.5e-05,0.029369,6.3e-05,0.034869,8.7e-05,9.3e-05,0.000105,0.000119,5.9e-05,0.068457,5e-05,0.032673,0.038792,0.000103,0.000132,0.005865,61.36,18.18,0.0079,4e-06,60.0
har_08_16,HAR_0008_3p_h3h5h7_typical_cond08,har_sim_08,8,ABC,B,train,Harmonics,1,SCENARIO_CONTROLLER,0.637887,0.858957,1.346565,8.5183,0.0,60.0,59.9987,21.39,0.898851,8.3e-05,0.061503,1.7e-05,0.029383,5.6e-05,0.034878,8.8e-05,8.6e-05,0.000122,0.000134,9.2e-05,0.068424,1.9e-05,0.03269,0.038803,9.6e-05,0.000149,0.005863,61.36,18.19,0.0079,4e-06,60.0
har_08_17,HAR_0008_3p_h3h5h7_typical_cond08,har_sim_08,8,ABC,B,train,Harmonics,1,SCENARIO_CONTROLLER,0.63789,0.858957,1.346559,8.5172,0.0,60.0,59.9987,21.39,0.898856,8.1e-05,0.0615,2.4e-05,0.029372,5.1e-05,0.034871,7.4e-05,8.2e-05,0.00012,0.000129,9e-05,0.06842,2.7e-05,0.032677,0.038795,9.1e-05,0.000144,0.005861,61.36,18.19,0.0079,4e-06,60.0
har_08_18,HAR_0008_3p_h3h5h7_typical_cond08,har_sim_08,8,ABC,B,train,Harmonics,1,SCENARIO_CONTROLLER,0.637882,0.858957,1.346576,8.5195,0.0,60.0,59.9987,21.39,0.898843,9.3e-05,0.061524,1.8e-05,0.029405,8.3e-05,0.034846,5.4e-05,8.7e-05,0.000123,0.000115,0.000103,0.068448,2e-05,0.032714,0.038768,9.7e-05,0.000128,0.005864,61.36,18.18,0.0079,4e-06,60.0
har_08_19,HAR_0008_3p_h3h5h7_typical_cond08,har_sim_08,8,ABC,B,train,Harmonics,1,SCENARIO_CONTROLLER,0.637886,0.858957,1.346567,8.5184,0.0,60.0,60.0,21.39,0.89885,9.8e-05,0.061528,2.1e-05,0.029392,7.9e-05,0.034829,5.4e-05,9.7e-05,0.00013,0.0001,0.000109,0.068452,2.3e-05,0.0327,0.038748,0.000108,0.000111,0.005863,61.36,18.17,0.0079,4e-06,60.0
har_08_20,HAR_0008_3p_h3h5h7_typical_cond08,har_sim_08,8,ABC,B,train,Harmonics,1,SCENARIO_CONTROLLER,0.637886,0.858957,1.346569,8.5174,0.0,60.0,60.0,21.39,0.898849,9.7e-05,0.061524,2.6e-05,0.029397,6.5e-05,0.034812,7.1e-05,7.9e-05,0.000123,0.000113,0.000108,0.068448,2.9e-05,0.032705,0.03873,8.8e-05,0.000126,0.005861,61.36,18.17,0.0079,4e-06,60.0
har_08_21,HAR_0008_3p_h3h5h7_typical_cond08,har_sim_08,8,ABC,B,train,Harmonics,1,SCENARIO_CONTROLLER,0.637896,0.858957,1.346547,8.5164,0.0,60.0,60.0,21.39,0.898864,9.4e-05,0.061507,3.4e-05,0.029389,7.6e-05,0.034831,6.7e-05,5.7e-05,8.7e-05,8.4e-05,0.000105,0.068427,3.8e-05,0.032696,0.03875,6.3e-05,9.3e-05,0.00586,61.36,18.17,0.0079,4e-06,60.0
har_08_22,HAR_0008_3p_h3h5h7_typical_cond08,har_sim_08,8,ABC,B,train,Harmonics,1,SCENARIO_CONTROLLER,0.637897,0.858957,1.346545,8.517,0.0,60.0,59.9974,21.39,0.898866,8.3e-05,0.061525,5e-05,0.029375,7.6e-05,0.034823,6.9e-05,6.1e-05,9.9e-05,9.6e-05,9.2e-05,0.068447,5.6e-05,0.03268,0.038741,6.8e-05,0.000107,0.005861,61.36,18.17,0.0079,4e-06,60.0
har_08_23,HAR_0008_3p_h3h5h7_typical_cond08,har_sim_08,8,ABC,B,train,Harmonics,1,SCENARIO_CONTROLLER,0.637888,0.858957,1.346563,8.5173,0.0,60.0,59.9974,21.39,0.898853,8.6e-05,0.06153,5.1e-05,0.029376,8e-05,0.034818,7.4e-05,6.4e-05,0.000102,8.9e-05,9.6e-05,0.068454,5.7e-05,0.032682,0.038736,7.1e-05,9.9e-05,0.005861,61.36,18.17,0.0079,4e-06,60.0
har_08_24,HAR_0008_3p_h3h5h7_typical_cond08,har_sim_08,8,ABC,B,train,Harmonics,1,SCENARIO_CONTROLLER,0.637903,0.858957,1.346533,8.5195,0.0,60.0,60.0013,21.39,0.898872,0.000114,0.061544,6.5e-05,0.029374,6.6e-05,0.034841,6.5e-05,3.5e-05,0.000133,6.2e-05,0.000127,0.068468,7.2e-05,0.032679,0.038761,3.9e-05,6.9e-05,0.005864,61.36,18.17,0.0079,4e-06,60.0
har_08_25,HAR_0008_3p_h3h5h7_typical_cond08,har_sim_08,8,ABC,B,train,Harmonics,1,SCENARIO_CONTROLLER,0.637889,0.858957,1.346562,8.5176,0.0,60.0,60.0031,21.39,0.898854,9.2e-05,0.061523,8.1e-05,0.029373,6e-05,0.034839,6.8e-05,2.8e-05,0.000125,6.8e-05,0.000102,0.068446,9e-05,0.032678,0.038759,3.1e-05,7.6e-05,0.005862,61.36,18.17,0.0079,4e-06,60.0
har_08_26,HAR_0008_3p_h3h5h7_typical_cond08,har_sim_08,8,ABC,B,train,Harmonics,1,SCENARIO_CONTROLLER,0.637886,0.858957,1.346568,8.5163,0.0,60.0,60.0031,21.39,0.89885,6.2e-05,0.06151,8.5e-05,0.029373,7.7e-05,0.034834,8.1e-05,2.1e-05,0.000116,5.4e-05,6.9e-05,0.068432,9.5e-05,0.032678,0.038754,2.3e-05,6e-05,0.00586,61.36,18.17,0.0079,4e-06,60.0
har_08_27,HAR_0008_3p_h3h5h7_typical_cond08,har_sim_08,8,ABC,B,train,Harmonics,1,SCENARIO_CONTROLLER,0.637883,0.858957,1.346574,8.5158,0.0,60.0,60.0019,21.39,0.898847,7.6e-05,0.061496,8.1e-05,0.029382,7.4e-05,0.034841,7.9e-05,2.4e-05,0.000116,5.9e-05,8.5e-05,0.068417,9e-05,0.032689,0.038762,2.7e-05,6.6e-05,0.005859,61.36,18.17,0.0079,4e-06,60.0
har_08_28,HAR_0008_3p_h3h5h7_typical_cond08,har_sim_08,8,ABC,B,train,Harmonics,1,SCENARIO_CONTROLLER,0.637881,0.858957,1.346579,8.5159,0.0,60.0,60.0019,21.39,0.898844,8.7e-05,0.061504,6.4e-05,0.029363,7.1e-05,0.034845,9.1e-05,4.5e-05,0.000111,4.1e-05,9.7e-05,0.068426,7.1e-05,0.032668,0.038766,5e-05,4.6e-05,0.005859,61.36,18.17,0.0079,4e-06,60.0
har_08_29,HAR_0008_3p_h3h5h7_typical_cond08,har_sim_08,8,ABC,B,train,Harmonics,1,SCENARIO_CONTROLLER,0.637871,0.858957,1.3466,8.5165,0.0,60.0,60.0019,21.39,0.898829,8e-05,0.061514,6.9e-05,0.029361,7.4e-05,0.034838,7.3e-05,2.6e-05,0.000139,4e-05,8.9e-05,0.068438,7.7e-05,0.032666,0.038759,2.9e-05,4.5e-05,0.00586,61.36,18.17,0.0079,4e-06,60.0
har_08_30,HAR_0008_3p_h3h5h7_typical_cond08,har_sim_08,8,ABC,B,train,Harmonics,1,SCENARIO_CONTROLLER,0.637875,0.858957,1.346592,8.516,0.0,60.0,59.9997,21.39,0.898835,6.7e-05,0.06151,8.8e-05,0.02936,6.7e-05,0.034836,7.1e-05,2.8e-05,0.000137,4e-05,7.5e-05,0.068433,9.8e-05,0.032665,0.038757,3.1e-05,4.5e-05,0.005859,61.36,18.17,0.0079,4e-06,60.0
har_08_31,HAR_0008_3p_h3h5h7_typical_cond08,har_sim_08,8,ABC,B,train,Harmonics,1,SCENARIO_CONTROLLER,0.637852,0.858957,1.34664,8.5124,0.0,60.0,59.9997,21.4,0.898806,4.6e-05,0.061479,0.00011,0.029354,4.6e-05,0.034819,8.1e-05,2.5e-05,0.000132,4.6e-05,5.1e-05,0.068401,0.000122,0.032659,0.038739,2.8e-05,5.1e-05,0.005854,61.35,18.16,0.0079,4e-06,60.0
har_08_32,HAR_0008_3p_h3h5h7_typical_cond08,har_sim_08,8,ABC,B,train,Harmonics,1,SCENARIO_CONTROLLER,0.637851,0.858957,1.346641,8.5114,0.0,60.0,59.9997,21.4,0.898806,4.8e-05,0.061473,0.000115,0.029358,5.4e-05,0.034807,9.4e-05,2.3e-05,0.000123,5.4e-05,5.3e-05,0.068394,0.000128,0.032663,0.038726,2.6e-05,6e-05,0.005852,61.35,18.16,0.0079,4e-06,60.0
har_09_01,HAR_0009_3p_h3h5h7_typical_cond09,har_sim_09,9,ABC,B,val,Harmonics,1,SCENARIO_CONTROLLER,0.569215,0.76168,1.338125,10.2736,0.0,60.0,59.9997,19.76,0.800774,2e-05,0.066733,8.1e-05,0.030635,4.7e-05,0.037099,0.000106,9e-05,2.6e-05,0.000106,2.5e-05,0.083336,0.000101,0.038257,0.046329,0.000112,0.000132,0.006768,61.94,21.59,0.0108,4e-06,60.0
har_09_02,HAR_0009_3p_h3h5h7_typical_cond09,har_sim_09,9,ABC,B,val,Harmonics,1,SCENARIO_CONTROLLER,0.569208,0.76168,1.338141,10.2718,0.0,60.0,59.9989,19.76,0.800765,1.7e-05,0.066725,9.6e-05,0.030616,5.2e-05,0.037095,0.000103,8.4e-05,3.9e-05,0.000118,2.1e-05,0.083327,0.00012,0.038233,0.046324,0.000105,0.000147,0.006766,61.94,21.59,0.0108,4e-06,60.0
har_09_03,HAR_0009_3p_h3h5h7_typical_cond09,har_sim_09,9,ABC,B,val,Harmonics,1,SCENARIO_CONTROLLER,0.569195,0.76168,1.33817,10.2715,0.0,60.0,59.9989,19.76,0.800748,3.5e-05,0.06672,8.5e-05,0.030619,5.3e-05,0.037094,0.000102,8.5e-05,3.7e-05,0.000114,4.4e-05,0.083322,0.000106,0.038238,0.046324,0.000106,0.000142,0.006765,61.94,21.58,0.0108,4e-06,60.0
har_09_04,HAR_0009_3p_h3h5h7_typical_cond09,har_sim_09,9,ABC,B,val,Harmonics,1,SCENARIO_CONTROLLER,0.56918,0.76168,1.338207,10.274,0.0,60.0,59.9989,19.76,0.800724,3.9e-05,0.06674,0.000106,0.030631,4.5e-05,0.037086,0.0001,8.5e-05,3.2e-05,0.00011,4.9e-05,0.08335,0.000132,0.038254,0.046316,0.000106,0.000137,0.006768,61.94,21.58,0.0108,4e-06,60.0
har_09_05,HAR_0009_3p_h3h5h7_typical_cond09,har_sim_09,9,ABC,B,val,Harmonics,1,SCENARIO_CONTROLLER,0.569179,0.76168,1.33821,10.274,0.0,60.0,60.0018,19.76,0.800723,3.9e-05,0.066736,0.000104,0.030632,4.8e-05,0.03709,9.7e-05,9.6e-05,4.3e-05,0.000101,4.9e-05,0.083345,0.00013,0.038255,0.046321,0.00012,0.000126,0.006768,61.94,21.59,0.0108,4e-06,60.0
har_09_06,HAR_0009_3p_h3h5h7_typical_cond09,har_sim_09,9,ABC,B,val,Harmonics,1,SCENARIO_CONTROLLER,0.56919,0.76168,1.338182,10.2744,0.0,60.0,60.0018,19.76,0.800739,5.8e-05,0.066728,8.5e-05,0.03064,6.9e-05,0.037109,8e-05,8.8e-05,3.3e-05,0.000112,7.2e-05,0.083333,0.000106,0.038265,0.046343,0.00011,0.00014,0.006769,61.94,21.59,0.0108,4e-06,60.0
har_09_07,HAR_0009_3p_h3h5h7_typical_cond09,har_sim_09,9,ABC,B,val,Harmonics,1,SCENARIO_CONTROLLER,0.569192,0.76168,1.338178,10.277,0.0,60.0,60.0018,19.76,0.800739,4.4e-05,0.066745,6.7e-05,0.030662,5.1e-05,0.037107,6.6e-05,7.9e-05,3.9e-05,0.000114,5.5e-05,0.083354,8.4e-05,0.038292,0.046341,9.9e-05,0.000142,0.006772,61.95,21.59,0.0108,4e-06,60.0
har_09_08,HAR_0009_3p_h3h5h7_typical_cond09,har_sim_09,9,ABC,B,val,Harmonics,1,SCENARIO_CONTROLLER,0.569191,0.76168,1.33818,10.2788,0.0,60.0,60.0002,19.76,0.800736,6.1e-05,0.066741,4.8e-05,0.030688,2.8e-05,0.037124,7.5e-05,7.3e-05,5.6e-05,0.00014,7.6e-05,0.08335,6e-05,0.038325,0.046362,9.1e-05,0.000175,0.006774,61.95,21.61,0.0108,4e-06,60.0
har_09_09,HAR_0009_3p_h3h5h7_typical_cond09,har_sim_09,9,ABC,B,val,Harmonics,1,SCENARIO_CONTROLLER,0.569203,0.76168,1.338151,10.2795,0.0,60.0,60.0002,19.76,0.800753,5e-05,0.066743,5.5e-05,0.030674,2.7e-05,0.037148,8.8e-05,5.7e-05,5.6e-05,0.000119,6.2e-05,0.08335,6.9e-05,0.038306,0.046391,7.1e-05,0.000149,0.006776,61.95,21.62,0.0108,4e-06,60.0
har_09_10,HAR_0009_3p_h3h5h7_typical_cond09,har_sim_09,9,ABC,B,val,Harmonics,1,SCENARIO_CONTROLLER,0.56921,0.76168,1.338136,10.2812,0.0,60.0,60.0002,19.76,0.800761,6.2e-05,0.066754,6e-05,0.030676,3.8e-05,0.03716,7.8e-05,7e-05,5.9e-05,0.00012,7.7e-05,0.083363,7.5e-05,0.038309,0.046406,8.7e-05,0.00015,0.006778,61.95,21.63,0.0108,4e-06,60.0
har_09_11,HAR_0009_3p_h3h5h7_typical_cond09,har_sim_09,9,ABC,B,val,Harmonics,1,SCENARIO_CONTROLLER,0.569207,0.76168,1.338143,10.2819,0.0,60.0,60.0022,19.76,0.800756,6.5e-05,0.066732,5.3e-05,0.030694,5.8e-05,0.037195,5.3e-05,7.4e-05,6.4e-05,0.00012,8.1e-05,0.083336,6.6e-05,0.038331,0.04645,9.2e-05,0.00015,0.006779,61.95,21.64,0.0108,4e-06,60.0
har_09_12,HAR_0009_3p_h3h5h7_typical_cond09,har_sim_09,9,ABC,B,val,Harmonics,1,SCENARIO_CONTROLLER,0.569218,0.76168,1.338117,10.2803,0.0,60.0,60.0022,19.76,0.800773,7.6e-05,0.066722,6.5e-05,0.030682,5.5e-05,0.037198,5.5e-05,8.2e-05,6.7e-05,0.000137,9.5e-05,0.083322,8.1e-05,0.038315,0.046453,0.000102,0.000171,0.006777,61.95,21.64,0.0108,4e-06,60.0
har_09_13,HAR_0009_3p_h3h5h7_typical_cond09,har_sim_09,9,ABC,B,val,Harmonics,1,SCENARIO_CONTROLLER,0.569224,0.76168,1.338103,10.2815,0.0,60.0,59.9995,19.76,0.80078,6.9e-05,0.066733,5.6e-05,0.030688,5.4e-05,0.037195,6e-05,8.6e-05,5.4e-05,0.000124,8.6e-05,0.083335,7e-05,0.038323,0.046448,0.000107,0.000155,0.006779,61.95,21.63,0.0108,4e-06,60.0
har_09_14,HAR_0009_3p_h3h5h7_typical_cond09,har_sim_09,9,ABC,B,val,Harmonics,1,SCENARIO_CONTROLLER,0.569231,0.76168,1.338087,10.2815,0.0,60.0,59.9995,19.76,0.80079,7.8e-05,0.066749,5.6e-05,0.030681,6.9e-05,0.037175,5e-05,7.6e-05,6.7e-05,0.000128,9.7e-05,0.083354,7e-05,0.038313,0.046423,9.5e-05,0.00016,0.006779,61.95,21.63,0.0108,4e-06,60.0
har_09_15,HAR_0009_3p_h3h5h7_typical_cond09,har_sim_09,9,ABC,B,val,Harmonics,1,SCENARIO_CONTROLLER,0.569227,0.76168,1.338095,10.283,0.0,60.0,59.9995,19.75,0.800784,8.7e-05,0.066766,7.7e-05,0.030659,4.9e-05,0.037189,5.9e-05,7.9e-05,6.1e-05,0.000125,0.000109,0.083376,9.6e-05,0.038286,0.046441,9.9e-05,0.000156,0.006781,61.95,21.63,0.0108,4e-06,60.0
har_09_16,HAR_0009_3p_h3h5h7_typical_cond09,har_sim_09,9,ABC,B,val,Harmonics,1,SCENARIO_CONTROLLER,0.569229,0.76168,1.338091,10.2819,0.0,60.0,60.0003,19.76,0.800787,8.8e-05,0.066766,8.6e-05,0.030659,4e-05,0.037168,6.8e-05,5.7e-05,5.9e-05,0.000133,0.00011,0.083375,0.000107,0.038286,0.046414,7.1e-05,0.000166,0.006779,61.95,21.62,0.0108,4e-06,60.0
har_09_17,HAR_0009_3p_h3h5h7_typical_cond09,har_sim_09,9,ABC,B,val,Harmonics,1,SCENARIO_CONTROLLER,0.569221,0.76168,1.338109,10.2817,0.0,60.0,60.0003,19.76,0.800776,7.2e-05,0.066778,8.9e-05,0.030653,2e-05,0.037147,8.3e-05,6.7e-05,5e-05,0.000129,9e-05,0.083392,0.000111,0.038279,0.046389,8.4e-05,0.000161,0.006779,61.95,21.62,0.0108,4e-06,60.0
har_09_18,HAR_0009_3p_h3h5h7_typical_cond09,har_sim_09,9,ABC,B,val,Harmonics,1,SCENARIO_CONTROLLER,0.569224,0.76168,1.338104,10.2799,0.0,60.0,60.0003,19.76,0.800781,8.4e-05,0.066762,0.000103,0.03064,2e-05,0.037154,7.7e-05,5.6e-05,3.4e-05,0.00011,0.000105,0.083371,0.000129,0.038263,0.046397,7e-05,0.000137,0.006776,61.95,21.62,0.0108,4e-06,60.0
har_09_19,HAR_0009_3p_h3h5h7_typical_cond09,har_sim_09,9,ABC,B,val,Harmonics,1,SCENARIO_CONTROLLER,0.569223,0.76168,1.338105,10.279,0.0,60.0,60.0004,19.76,0.800781,8.2e-05,0.066762,0.000107,0.030635,2.6e-05,0.037144,6.9e-05,5.9e-05,4.7e-05,0.000119,0.000102,0.083371,0.000134,0.038256,0.046385,7.4e-05,0.000149,0.006775,61.95,21.61,0.0108,4e-06,60.0
har_09_20,HAR_0009_3p_h3h5h7_typical_cond09,har_sim_09,9,ABC,B,val,Harmonics,1,SCENARIO_CONTROLLER,0.569214,0.76168,1.338127,10.2798,0.0,60.0,60.0004,19.76,0.800767,9.4e-05,0.06677,0.00011,0.030627,2.5e-05,0.037147,7.3e-05,6.2e-05,5.5e-05,0.00011,0.000117,0.083383,0.000137,0.038247,0.046389,7.7e-05,0.000137,0.006776,61.95,21.61,0.0108,4e-06,60.0
har_09_21,HAR_0009_3p_h3h5h7_typical_cond09,har_sim_09,9,ABC,B,val,Harmonics,1,SCENARIO_CONTROLLER,0.569208,0.76168,1.33814,10.2795,0.0,60.0,60.0004,19.76,0.80076,9.3e-05,0.066761,9.7e-05,0.03063,3.9e-05,0.037154,8.3e-05,5.7e-05,6.5e-05,0.000102,0.000116,0.083372,0.000121,0.038251,0.046398,7.1e-05,0.000127,0.006776,61.95,21.61,0.0108,4e-06,60.0
har_09_22,HAR_0009_3p_h3h5h7_typical_cond09,har_sim_09,9,ABC,B,val,Harmonics,1,SCENARIO_CONTROLLER,0.56921,0.76168,1.338135,10.2799,0.0,60.0,60.001,19.76,0.800762,9e-05,0.066761,9.7e-05,0.030631,4.4e-05,0.03716,8.6e-05,5.7e-05,6.5e-05,0.000109,0.000112,0.083372,0.000121,0.038252,0.046406,7.1e-05,0.000136,0.006776,61.95,21.61,0.0108,4e-06,60.0
har_09_23,HAR_0009_3p_h3h5h7_typical_cond09,har_sim_09,9,ABC,B,val,Harmonics,1,SCENARIO_CONTROLLER,0.569207,0.76168,1.338143,10.2802,0.0,60.0,60.001,19.76,0.800758,8.6e-05,0.066765,9.9e-05,0.030615,4e-05,0.037172,7.8e-05,4.1e-05,6.2e-05,0.000115,0.000107,0.083377,0.000124,0.038233,0.046421,5.1e-05,0.000144,0.006777,61.95,21.61,0.0108,4e-06,60.0
har_09_24,HAR_0009_3p_h3h5h7_typical_cond09,har_sim_09,9,ABC,B,val,Harmonics,1,SCENARIO_CONTROLLER,0.569228,0.76168,1.338092,10.2816,0.0,60.0,59.9979,19.76,0.800787,0.000101,0.066786,7.3e-05,0.030621,4.3e-05,0.037159,8.1e-05,4.1e-05,6.4e-05,0.000117,0.000126,0.0834,9.1e-05,0.038239,0.046403,5.1e-05,0.000146,0.006779,61.95,21.61,0.0108,4e-06,60.0
har_09_25,HAR_0009_3p_h3h5h7_typical_cond09,har_sim_09,9,ABC,B,val,Harmonics,1,SCENARIO_CONTROLLER,0.569228,0.76168,1.338093,10.2809,0.0,60.0,59.9979,19.76,0.800787,9.6e-05,0.066785,7.7e-05,0.030618,4.9e-05,0.037151,9e-05,4.3e-05,7.2e-05,0.00013,0.00012,0.083399,9.6e-05,0.038235,0.046393,5.4e-05,0.000162,0.006778,61.95,21.61,0.0108,4e-06,60.0
har_09_26,HAR_0009_3p_h3h5h7_typical_cond09,har_sim_09,9,ABC,B,val,Harmonics,1,SCENARIO_CONTROLLER,0.569243,0.76168,1.338057,10.2793,0.0,60.0,59.9979,19.76,0.800809,7.5e-05,0.066771,6.5e-05,0.030607,5e-05,0.037162,9.9e-05,4.7e-05,7.6e-05,0.00013,9.4e-05,0.083379,8.1e-05,0.03822,0.046406,5.9e-05,0.000162,0.006776,61.95,21.61,0.0108,4e-06,60.0
har_09_27,HAR_0009_3p_h3h5h7_typical_cond09,har_sim_09,9,ABC,B,val,Harmonics,1,SCENARIO_CONTROLLER,0.569245,0.76168,1.338053,10.2806,0.0,60.0,59.9999,19.76,0.800811,8.8e-05,0.066782,6.1e-05,0.030605,5.5e-05,0.037168,9.4e-05,4e-05,8.6e-05,0.00012,0.00011,0.083393,7.6e-05,0.038218,0.046413,5e-05,0.00015,0.006778,61.95,21.61,0.0108,4e-06,60.0
har_09_28,HAR_0009_3p_h3h5h7_typical_cond09,har_sim_09,9,ABC,B,val,Harmonics,1,SCENARIO_CONTROLLER,0.569245,0.761131,1.337088,10.2807,0.0,60.0,59.9999,19.76,0.800811,8.5e-05,0.066786,6.2e-05,0.0306,4.9e-05,0.037165,0.0001,4e-05,9e-05,0.000114,0.000106,0.083398,7.7e-05,0.038211,0.046409,5e-05,0.000142,0.006778,61.95,21.6,0.0108,4e-06,60.0
har_09_29,HAR_0009_3p_h3h5h7_typical_cond09,har_sim_09,9,ABC,B,val,Harmonics,1,SCENARIO_CONTROLLER,0.569243,0.761131,1.337091,10.2812,0.0,60.0,59.9999,19.76,0.800808,8.4e-05,0.066784,6.7e-05,0.030596,3.6e-05,0.037181,8.2e-05,5.8e-05,6.8e-05,8.2e-05,0.000105,0.083396,8.4e-05,0.038206,0.046429,7.2e-05,0.000102,0.006779,61.95,21.61,0.0108,4e-06,60.0
har_09_30,HAR_0009_3p_h3h5h7_typical_cond09,har_sim_09,9,ABC,B,val,Harmonics,1,SCENARIO_CONTROLLER,0.56924,0.761131,1.3371,10.2808,0.0,60.0,60.0011,19.76,0.800803,6.9e-05,0.066777,7.8e-05,0.03059,3.7e-05,0.03719,9.2e-05,3.4e-05,4.5e-05,6.4e-05,8.6e-05,0.083388,9.7e-05,0.038199,0.046441,4.2e-05,8e-05,0.006778,61.95,21.61,0.0108,4e-06,60.0
har_09_31,HAR_0009_3p_h3h5h7_typical_cond09,har_sim_09,9,ABC,B,val,Harmonics,1,SCENARIO_CONTROLLER,0.569238,0.761131,1.337103,10.2809,0.0,60.0,60.0011,19.76,0.800801,7.1e-05,0.066778,7.8e-05,0.03059,3.6e-05,0.03719,9e-05,3.2e-05,4e-05,6.6e-05,8.9e-05,0.083389,9.7e-05,0.038199,0.046441,4e-05,8.2e-05,0.006778,61.95,21.61,0.0108,4e-06,60.0
har_09_32,HAR_0009_3p_h3h5h7_typical_cond09,har_sim_09,9,ABC,B,val,Harmonics,1,SCENARIO_CONTROLLER,0.569239,0.761131,1.337102,10.2789,0.0,60.0,60.0011,19.76,0.800803,6.3e-05,0.066767,6.8e-05,0.030573,1.9e-05,0.037188,8.5e-05,2.8e-05,4.1e-05,6.1e-05,7.9e-05,0.083375,8.5e-05,0.038178,0.046438,3.5e-05,7.6e-05,0.006776,61.95,21.6,0.0108,4e-06,60.0
har_10_01,HAR_0010_3p_h3h5h7_heavy_cond10,har_sim_10,10,ABC,B,train,Harmonics,1,SCENARIO_CONTROLLER,0.575998,0.812311,1.410268,12.9544,0.0,60.0,59.9993,17.75,0.807831,2.7e-05,0.083099,0.000111,0.04111,8.3e-05,0.048539,8.3e-05,0.000153,9.4e-05,4e-05,3.3e-05,0.102867,0.000137,0.050889,0.060086,0.000189,5e-05,0.010952,63.15,27.54,0.016,4e-06,60.0
har_10_02,HAR_0010_3p_h3h5h7_heavy_cond10,har_sim_10,10,ABC,B,train,Harmonics,1,SCENARIO_CONTROLLER,0.575985,0.812311,1.410298,12.9504,0.0,60.0,60.0007,17.75,0.807818,9e-06,0.083083,8.4e-05,0.041081,0.000106,0.048518,0.000109,0.00014,0.000111,2e-05,1.1e-05,0.102849,0.000104,0.050854,0.060061,0.000173,2.5e-05,0.010944,63.14,27.53,0.016,4e-06,60.0
har_10_03,HAR_0010_3p_h3h5h7_heavy_cond10,har_sim_10,10,ABC,B,train,Harmonics,1,SCENARIO_CONTROLLER,0.575987,0.812311,1.410293,12.9518,0.0,60.0,60.0007,17.75,0.807819,2.7e-05,0.083097,8.1e-05,0.041064,0.000103,0.048533,0.000102,0.000122,0.00013,2.9e-05,3.3e-05,0.102866,0.0001,0.050833,0.060079,0.000151,3.6e-05,0.010947,63.14,27.53,0.016,4e-06,60.0
har_10_04,HAR_0010_3p_h3h5h7_heavy_cond10,har_sim_10,10,ABC,B,train,Harmonics,1,SCENARIO_CONTROLLER,0.57597,0.812311,1.410335,12.9545,0.0,60.0,60.0007,17.75,0.807792,5.2e-05,0.083115,7.2e-05,0.041072,0.000106,0.048534,0.000103,0.000123,0.000133,3.3e-05,6.4e-05,0.102892,8.9e-05,0.050845,0.060082,0.000152,4.1e-05,0.010951,63.15,27.54,0.016,4e-06,60.0
har_10_05,HAR_0010_3p_h3h5h7_heavy_cond10,har_sim_10,10,ABC,B,train,Harmonics,1,SCENARIO_CONTROLLER,0.575972,0.812311,1.410331,12.9555,0.0,60.0,60.0013,17.75,0.807793,5.3e-05,0.083114,6.5e-05,0.04108,0.000121,0.048548,0.000118,0.000122,0.000144,3e-05,6.6e-05,0.10289,8e-05,0.050855,0.0601,0.000151,3.7e-05,0.010952,63.15,27.54,0.016,4e-06,60.0
har_10_06,HAR_0010_3p_h3h5h7_heavy_cond10,har_sim_10,10,ABC,B,train,Harmonics,1,SCENARIO_CONTROLLER,0.575982,0.812311,1.410306,12.957,0.0,60.0,60.0013,17.75,0.807806,5e-05,0.08313,8.3e-05,0.041063,0.000136,0.048565,0.00013,0.000106,0.000137,1.9e-05,6.2e-05,0.102908,0.000103,0.050833,0.06012,0.000131,2.4e-05,0.010955,63.15,27.55,0.016,4e-06,60.0
har_10_07,HAR_0010_3p_h3h5h7_heavy_cond10,har_sim_10,10,ABC,B,train,Harmonics,1,SCENARIO_CONTROLLER,0.575985,0.812311,1.4103,12.9561,0.0,60.0,60.0013,17.75,0.807811,5.4e-05,0.083126,7.8e-05,0.041059,0.000142,0.048561,0.000123,0.00011,0.00013,3.4e-05,6.7e-05,0.102903,9.7e-05,0.050827,0.060114,0.000136,4.2e-05,0.010954,63.15,27.55,0.016,4e-06,60.0
har_10_08,HAR_0010_3p_h3h5h7_heavy_cond10,har_sim_10,10,ABC,B,train,Harmonics,1,SCENARIO_CONTROLLER,0.575985,0.812311,1.410299,12.9562,0.0,60.0,59.9982,17.75,0.807811,4.9e-05,0.08313,7.9e-05,0.041061,0.000149,0.048552,0.000132,0.00011,0.000136,4.2e-05,6.1e-05,0.102908,9.8e-05,0.05083,0.060103,0.000136,5.2e-05,0.010954,63.15,27.55,0.016,4e-06,60.0
har_10_09,HAR_0010_3p_h3h5h7_heavy_cond10,har_sim_10,10,ABC,B,train,Harmonics,1,SCENARIO_CONTROLLER,0.575986,0.812311,1.410297,12.9566,0.0,60.0,59.9982,17.75,0.807812,5.4e-05,0.083141,6.6e-05,0.041057,0.000138,0.048546,0.000139,0.000111,0.00014,4.9e-05,6.7e-05,0.102921,8.2e-05,0.050825,0.060096,0.000137,6.1e-05,0.010955,63.15,27.55,0.016,4e-06,60.0
har_10_10,HAR_0010_3p_h3h5h7_heavy_cond10,har_sim_10,10,ABC,B,train,Harmonics,1,SCENARIO_CONTROLLER,0.575967,0.812311,1.410344,12.9576,0.0,60.0,59.9982,17.75,0.807784,7.6e-05,0.083138,7.8e-05,0.041061,0.000146,0.048556,0.000137,0.000117,0.000128,5.1e-05,9.4e-05,0.102921,9.7e-05,0.050832,0.06011,0.000145,6.3e-05,0.010956,63.15,27.55,0.016,4e-06,60.0
har_10_11,HAR_0010_3p_h3h5h7_heavy_cond10,har_sim_10,10,ABC,B,train,Harmonics,1,SCENARIO_CONTROLLER,0.575967,0.812311,1.410343,12.9573,0.0,60.0,60.0008,17.75,0.807785,7.4e-05,0.08314,7.4e-05,0.041067,0.000139,0.048544,0.000124,0.000117,0.000117,6e-05,9.2e-05,0.102923,9.2e-05,0.050839,0.060095,0.000145,7.4e-05,0.010955,63.15,27.55,0.016,4e-06,60.0
har_10_12,HAR_0010_3p_h3h5h7_heavy_cond10,har_sim_10,10,ABC,B,train,Harmonics,1,SCENARIO_CONTROLLER,0.575948,0.812311,1.410389,12.9594,0.0,60.0,60.0008,17.75,0.807756,6.5e-05,0.083151,8e-05,0.041068,0.000128,0.048553,0.000146,9.6e-05,0.000101,7e-05,8e-05,0.102941,9.9e-05,0.050842,0.060108,0.000119,8.7e-05,0.010958,63.15,27.55,0.016,4e-06,60.0
har_10_13,HAR_0010_3p_h3h5h7_heavy_cond10,har_sim_10,10,ABC,B,train,Harmonics,1,SCENARIO_CONTROLLER,0.575934,0.812311,1.410423,12.9612,0.0,60.0,59.9979,17.75,0.807735,3.5e-05,0.083159,5.9e-05,0.041076,0.00014,0.048557,0.000121,0.000111,0.000103,8.2e-05,4.3e-05,0.102953,7.3e-05,0.050853,0.060115,0.000137,0.000102,0.010961,63.15,27.56,0.016,4e-06,60.0
har_10_14,HAR_0010_3p_h3h5h7_heavy_cond10,har_sim_10,10,ABC,B,train,Harmonics,1,SCENARIO_CONTROLLER,0.575944,0.812311,1.4104,12.9612,0.0,60.0,59.9979,17.74,0.807748,4.7e-05,0.083169,5.4e-05,0.041077,0.000147,0.048543,0.000134,0.00013,0.000105,8.4e-05,5.8e-05,0.102964,6.7e-05,0.050854,0.060097,0.000161,0.000104,0.010961,63.15,27.55,0.016,4e-06,60.0
har_10_15,HAR_0010_3p_h3h5h7_heavy_cond10,har_sim_10,10,ABC,B,train,Harmonics,1,SCENARIO_CONTROLLER,0.575937,0.812311,1.410415,12.9617,0.0,60.0,59.9979,17.74,0.807739,4.2e-05,0.08317,5.7e-05,0.041069,0.000144,0.048553,0.000128,0.00012,0.000117,9e-05,5.2e-05,0.102966,7.1e-05,0.050844,0.06011,0.000149,0.000111,0.010961,63.15,27.56,0.016,4e-06,60.0
har_10_16,HAR_0010_3p_h3h5h7_heavy_cond10,har_sim_10,10,ABC,B,train,Harmonics,1,SCENARIO_CONTROLLER,0.575942,0.812311,1.410404,12.9608,0.0,60.0,59.9987,17.75,0.807746,3.3e-05,0.083176,5.1e-05,0.041066,0.000133,0.048532,9.2e-05,0.000108,0.000116,6.4e-05,4.1e-05,0.102973,6.3e-05,0.05084,0.060083,0.000134,7.9e-05,0.01096,63.15,27.55,0.016,4e-06,60.0
har_10_17,HAR_0010_3p_h3h5h7_heavy_cond10,har_sim_10,10,ABC,B,train,Harmonics,1,SCENARIO_CONTROLLER,0.575944,0.812311,1.410399,12.961,0.0,60.0,59.9987,17.75,0.807749,3.4e-05,0.08318,6.4e-05,0.04106,0.00015,0.048534,8.2e-05,0.00011,0.000104,7.1e-05,4.2e-05,0.102978,7.9e-05,0.050833,0.060085,0.000136,8.8e-05,0.01096,63.15,27.55,0.016,4e-06,60.0
har_10_18,HAR_0010_3p_h3h5h7_heavy_cond10,har_sim_10,10,ABC,B,train,Harmonics,1,SCENARIO_CONTROLLER,0.575951,0.812311,1.410382,12.9618,0.0,60.0,59.9987,17.74,0.807758,4.1e-05,0.083177,6.4e-05,0.041068,0.000144,0.04855,8e-05,0.000119,0.000101,7.4e-05,5.1e-05,0.102973,7.9e-05,0.050842,0.060105,0.000147,9.2e-05,0.010962,63.15,27.55,0.016,4e-06,60.0
har_10_19,HAR_0010_3p_h3h5h7_heavy_cond10,har_sim_10,10,ABC,B,train,Harmonics,1,SCENARIO_CONTROLLER,0.57595,0.812311,1.410385,12.9619,0.0,60.0,60.0005,17.74,0.807756,3.6e-05,0.083174,6.5e-05,0.041076,0.00014,0.048549,7.9e-05,0.000104,9e-05,6e-05,4.5e-05,0.102969,8e-05,0.050852,0.060104,0.000129,7.4e-05,0.010962,63.15,27.55,0.016,4e-06,60.0
har_10_20,HAR_0010_3p_h3h5h7_heavy_cond10,har_sim_10,10,ABC,B,train,Harmonics,1,SCENARIO_CONTROLLER,0.575932,0.812311,1.410428,12.9629,0.0,60.0,60.0005,17.74,0.807731,5.4e-05,0.083185,7e-05,0.041059,0.000129,0.048554,7.6e-05,9.6e-05,9.1e-05,7.6e-05,6.7e-05,0.102986,8.7e-05,0.050833,0.060112,0.000119,9.4e-05,0.010963,63.15,27.55,0.016,4e-06,60.0
har_10_21,HAR_0010_3p_h3h5h7_heavy_cond10,har_sim_10,10,ABC,B,train,Harmonics,1,SCENARIO_CONTROLLER,0.575933,0.812311,1.410427,12.9634,0.0,60.0,60.0005,17.74,0.80773,5.6e-05,0.083191,6.5e-05,0.041063,0.000151,0.048551,4.9e-05,9.6e-05,0.000108,5.9e-05,6.9e-05,0.102994,8e-05,0.050838,0.060108,0.000119,7.3e-05,0.010964,63.15,27.55,0.016,4e-06,60.0
har_10_22,HAR_0010_3p_h3h5h7_heavy_cond10,har_sim_10,10,ABC,B,train,Harmonics,1,SCENARIO_CONTROLLER,0.575927,0.812311,1.410442,12.9625,0.0,60.0,59.9984,17.74,0.807723,6.1e-05,0.083182,6.8e-05,0.041073,0.000142,0.048539,3.9e-05,0.000107,0.000101,6.1e-05,7.6e-05,0.102983,8.4e-05,0.05085,0.060094,0.000132,7.6e-05,0.010962,63.15,27.55,0.016,4e-06,60.0
har_10_23,HAR_0010_3p_h3h5h7_heavy_cond10,har_sim_10,10,ABC,B,train,Harmonics,1,SCENARIO_CONTROLLER,0.575935,0.812311,1.410422,12.9595,0.0,60.0,59.9984,17.75,0.807737,8.8e-05,0.083147,6.1e-05,0.041078,0.000138,0.048546,4.2e-05,0.000106,0.000121,4.7e-05,0.000109,0.102938,7.6e-05,0.050856,0.060101,0.000131,5.8e-05,0.010958,63.15,27.55,0.016,4e-06,60.0
har_10_24,HAR_0010_3p_h3h5h7_heavy_cond10,har_sim_10,10,ABC,B,train,Harmonics,1,SCENARIO_CONTROLLER,0.575938,0.812311,1.410414,12.9574,0.0,60.0,60.0006,17.75,0.807744,9.7e-05,0.083137,4.8e-05,0.041065,0.000137,0.04854,4.8e-05,0.000114,0.000131,5.5e-05,0.00012,0.102925,5.9e-05,0.050839,0.060093,0.000141,6.8e-05,0.010954,63.15,27.55,0.016,4e-06,60.0
har_10_25,HAR_0010_3p_h3h5h7_heavy_cond10,har_sim_10,10,ABC,B,train,Harmonics,1,SCENARIO_CONTROLLER,0.575935,0.812311,1.410421,12.9578,0.0,60.0,59.9996,17.75,0.80774,0.000104,0.08314,6.4e-05,0.041062,0.000149,0.048543,3.4e-05,9.7e-05,0.000115,6.3e-05,0.000129,0.102929,7.9e-05,0.050836,0.060097,0.00012,7.8e-05,0.010955,63.15,27.55,0.016,4e-06,60.0
har_10_26,HAR_0010_3p_h3h5h7_heavy_cond10,har_sim_10,10,ABC,B,train,Harmonics,1,SCENARIO_CONTROLLER,0.575946,0.812311,1.410395,12.9555,0.0,60.0,59.9996,17.75,0.807757,8.5e-05,0.08312,7.3e-05,0.041052,0.000137,0.04855,5e-05,0.000112,9.6e-05,7.3e-05,0.000105,0.102902,9e-05,0.050822,0.060105,0.000139,9e-05,0.010951,63.15,27.55,0.016,4e-06,60.0
har_10_27,HAR_0010_3p_h3h5h7_heavy_cond10,har_sim_10,10,ABC,B,train,Harmonics,1,SCENARIO_CONTROLLER,0.575949,0.812311,1.410388,12.9576,0.0,60.0,60.0004,17.75,0.807759,8.7e-05,0.08313,6.1e-05,0.041067,0.000141,0.048559,6.3e-05,0.000113,9.4e-05,7.4e-05,0.000108,0.102914,7.6e-05,0.050841,0.060116,0.00014,9.2e-05,0.010955,63.15,27.55,0.016,4e-06,60.0
har_10_28,HAR_0010_3p_h3h5h7_heavy_cond10,har_sim_10,10,ABC,B,train,Harmonics,1,SCENARIO_CONTROLLER,0.575953,0.812311,1.410376,12.958,0.0,60.0,60.0004,17.75,0.807765,7.3e-05,0.08314,4.6e-05,0.041064,0.000131,0.048553,5.7e-05,0.000125,8.6e-05,6.8e-05,9e-05,0.102926,5.7e-05,0.050837,0.060108,0.000155,8.4e-05,0.010956,63.15,27.55,0.016,4e-06,60.0
har_10_29,HAR_0010_3p_h3h5h7_heavy_cond10,har_sim_10,10,ABC,B,train,Harmonics,1,SCENARIO_CONTROLLER,0.575965,0.812311,1.410346,12.9564,0.0,60.0,60.0004,17.75,0.807784,8.9e-05,0.083129,3.6e-05,0.041061,0.000127,0.048551,7.4e-05,0.000111,6.5e-05,5.7e-05,0.00011,0.10291,4.5e-05,0.050832,0.060104,0.000137,7.1e-05,0.010954,63.15,27.55,0.016,4e-06,60.0
har_10_30,HAR_0010_3p_h3h5h7_heavy_cond10,har_sim_10,10,ABC,B,train,Harmonics,1,SCENARIO_CONTROLLER,0.575978,0.812311,1.410315,12.961,0.0,60.0,59.9986,17.75,0.807797,8.2e-05,0.083162,6.3e-05,0.041084,0.000124,0.048558,6.5e-05,0.000108,6.5e-05,6.2e-05,0.000102,0.102949,7.8e-05,0.050859,0.060112,0.000134,7.7e-05,0.010962,63.15,27.56,0.016,4e-06,60.0
har_10_31,HAR_0010_3p_h3h5h7_heavy_cond10,har_sim_10,10,ABC,B,train,Harmonics,1,SCENARIO_CONTROLLER,0.575971,0.812038,1.409858,12.9614,0.0,60.0,59.9986,17.74,0.807787,8.3e-05,0.083167,6.5e-05,0.041072,0.000105,0.048565,7.3e-05,0.000106,6.5e-05,6.3e-05,0.000103,0.102957,8e-05,0.050845,0.060121,0.000131,7.8e-05,0.010962,63.15,27.56,0.016,4e-06,60.0
har_10_32,HAR_0010_3p_h3h5h7_heavy_cond10,har_sim_10,10,ABC,B,train,Harmonics,1,SCENARIO_CONTROLLER,0.575966,0.812038,1.40987,12.9598,0.0,60.0,59.9986,17.75,0.807781,8.7e-05,0.08316,7e-05,0.041064,0.000101,0.048554,5.9e-05,9.5e-05,7.8e-05,5.3e-05,0.000108,0.102949,8.7e-05,0.050836,0.060108,0.000118,6.6e-05,0.010959,63.15,27.55,0.016,4e-06,60.0
har_11_01,HAR_0011_3p_h3h5h7_mild_cond11,har_sim_11,11,ABC,B,train,Harmonics,1,SCENARIO_CONTROLLER,0.614607,0.84053,1.367589,7.6335,0.0,60.0,60.0011,22.34,0.866661,3.3e-05,0.053081,2e-05,0.024499,8e-05,0.030967,4.8e-05,0.000151,7e-05,0.000141,3.8e-05,0.061248,2.3e-05,0.028268,0.035731,0.000174,0.000163,0.004377,61.1,16.61,0.0066,4e-06,60.0
har_11_02,HAR_0011_3p_h3h5h7_mild_cond11,har_sim_11,11,ABC,B,train,Harmonics,1,SCENARIO_CONTROLLER,0.614602,0.84053,1.3676,7.6299,0.0,60.0,59.9999,22.34,0.866657,3.6e-05,0.053067,2.5e-05,0.024477,0.000104,0.030939,2.6e-05,0.00016,9.9e-05,0.000157,4.2e-05,0.061232,2.9e-05,0.028243,0.035699,0.000185,0.000181,0.004373,61.1,16.6,0.0066,4e-06,60.0
har_11_03,HAR_0011_3p_h3h5h7_mild_cond11,har_sim_11,11,ABC,B,train,Harmonics,1,SCENARIO_CONTROLLER,0.614605,0.84053,1.367594,7.6308,0.0,60.0,59.9999,22.34,0.86666,3.1e-05,0.05308,2.3e-05,0.024461,0.000116,0.030948,2.7e-05,0.000156,0.000104,0.000158,3.6e-05,0.061247,2.7e-05,0.028224,0.03571,0.00018,0.000182,0.004374,61.1,16.6,0.0066,4e-06,60.0
har_11_04,HAR_0011_3p_h3h5h7_mild_cond11,har_sim_11,11,ABC,B,train,Harmonics,1,SCENARIO_CONTROLLER,0.614606,0.84053,1.367592,7.6294,0.0,60.0,59.9999,22.35,0.866662,4.4e-05,0.05306,1.7e-05,0.024465,0.000127,0.030953,2.9e-05,0.000146,0.000118,0.000165,5.1e-05,0.061223,2e-05,0.028229,0.035715,0.000168,0.00019,0.004372,61.1,16.6,0.0066,4e-06,60.0
har_11_05,HAR_0011_3p_h3h5h7_mild_cond11,har_sim_11,11,ABC,B,train,Harmonics,1,SCENARIO_CONTROLLER,0.614605,0.84053,1.367594,7.6292,0.0,60.0,60.0013,22.35,0.866661,4.3e-05,0.053056,1.2e-05,0.024465,0.000129,0.030956,3.3e-05,0.000143,0.000107,0.000171,5e-05,0.061219,1.4e-05,0.028229,0.035719,0.000165,0.000197,0.004372,61.1,16.6,0.0066,4e-06,60.0
har_11_06,HAR_0011_3p_h3h5h7_mild_cond11,har_sim_11,11,ABC,B,train,Harmonics,1,SCENARIO_CONTROLLER,0.614605,0.84053,1.367594,7.6298,0.0,60.0,60.0013,22.35,0.866661,4.5e-05,0.053064,1.9e-05,0.024454,0.000125,0.030964,3.5e-05,0.000142,0.000111,0.000166,5.2e-05,0.061228,2.2e-05,0.028216,0.035728,0.000164,0.000192,0.004373,61.1,16.6,0.0066,4e-06,60.0
har_11_07,HAR_0011_3p_h3h5h7_mild_cond11,har_sim_11,11,ABC,B,train,Harmonics,1,SCENARIO_CONTROLLER,0.614609,0.84053,1.367584,7.6317,0.0,60.0,60.0013,22.34,0.866666,6.1e-05,0.053087,3.7e-05,0.024462,0.000134,0.030951,4.2e-05,0.000153,0.000123,0.000177,7e-05,0.061254,4.3e-05,0.028225,0.035713,0.000177,0.000204,0.004375,61.1,16.6,0.0066,4e-06,60.0
har_11_08,HAR_0011_3p_h3h5h7_mild_cond11,har_sim_11,11,ABC,B,train,Harmonics,1,SCENARIO_CONTROLLER,0.614618,0.84053,1.367565,7.6338,0.0,60.0,59.9994,22.34,0.866676,5.8e-05,0.053104,4e-05,0.024463,0.000136,0.030962,4.9e-05,0.000134,0.000113,0.000171,6.7e-05,0.061273,4.6e-05,0.028226,0.035725,0.000155,0.000197,0.004377,61.1,16.6,0.0066,4e-06,60.0
har_11_09,HAR_0011_3p_h3h5h7_mild_cond11,har_sim_11,11,ABC,B,train,Harmonics,1,SCENARIO_CONTROLLER,0.614625,0.84053,1.367548,7.6335,0.0,60.0,59.9994,22.34,0.866687,7.6e-05,0.05311,2.4e-05,0.024456,0.000128,0.030954,6.6e-05,0.000113,0.00013,0.000201,8.8e-05,0.061279,2.8e-05,0.028218,0.035715,0.00013,0.000232,0.004377,61.1,16.6,0.0066,4e-06,60.0
har_11_10,HAR_0011_3p_h3h5h7_mild_cond11,har_sim_11,11,ABC,B,train,Harmonics,1,SCENARIO_CONTROLLER,0.614623,0.84053,1.367554,7.6344,0.0,60.0,59.9994,22.34,0.866683,8e-05,0.05311,2.5e-05,0.024466,0.000136,0.030964,5.4e-05,0.000119,0.000129,0.000196,9.2e-05,0.06128,2.9e-05,0.028229,0.035727,0.000137,0.000226,0.004378,61.1,16.6,0.0066,4e-06,60.0
har_11_11,HAR_0011_3p_h3h5h7_mild_cond11,har_sim_11,11,ABC,B,train,Harmonics,1,SCENARIO_CONTROLLER,0.614624,0.84053,1.367551,7.6352,0.0,60.0,59.9995,22.34,0.866684,8e-05,0.053112,2.2e-05,0.024469,0.000141,0.030972,5.7e-05,0.000107,0.000127,0.000195,9.2e-05,0.061282,2.5e-05,0.028233,0.035736,0.000123,0.000225,0.004379,61.1,16.61,0.0066,4e-06,60.0
har_11_12,HAR_0011_3p_h3h5h7_mild_cond11,har_sim_11,11,ABC,B,train,Harmonics,1,SCENARIO_CONTROLLER,0.614634,0.84053,1.367528,7.635,0.0,60.0,59.9995,22.34,0.866699,9.4e-05,0.053105,4.5e-05,0.024458,0.00012,0.030991,6.9e-05,0.00012,0.000139,0.000216,0.000108,0.061273,5.2e-05,0.02822,0.035758,0.000138,0.000249,0.004379,61.1,16.62,0.0066,4e-06,60.0
har_11_13,HAR_0011_3p_h3h5h7_mild_cond11,har_sim_11,11,ABC,B,train,Harmonics,1,SCENARIO_CONTROLLER,0.614627,0.84053,1.367545,7.6354,0.0,60.0,60.0016,22.34,0.866688,8.5e-05,0.053096,3.8e-05,0.024467,0.000105,0.031005,6.5e-05,0.000113,0.000136,0.000217,9.8e-05,0.061263,4.4e-05,0.02823,0.035774,0.00013,0.00025,0.004379,61.1,16.62,0.0066,4e-06,60.0
har_11_14,HAR_0011_3p_h3h5h7_mild_cond11,har_sim_11,11,ABC,B,train,Harmonics,1,SCENARIO_CONTROLLER,0.614647,0.84053,1.3675,7.6369,0.0,60.0,60.0016,22.34,0.866715,0.000115,0.053122,3.4e-05,0.024467,0.000113,0.030992,7.2e-05,0.00012,0.000124,0.000215,0.000133,0.061291,3.9e-05,0.02823,0.035758,0.000138,0.000248,0.004381,61.1,16.62,0.0066,4e-06,60.0
har_11_15,HAR_0011_3p_h3h5h7_mild_cond11,har_sim_11,11,ABC,B,train,Harmonics,1,SCENARIO_CONTROLLER,0.614664,0.84053,1.367462,7.6361,0.0,60.0,60.0016,22.34,0.86674,0.000104,0.053119,3.1e-05,0.024454,0.000105,0.030998,6.8e-05,0.000137,0.000112,0.000239,0.00012,0.061286,3.6e-05,0.028214,0.035764,0.000158,0.000276,0.004381,61.1,16.62,0.0066,4e-06,60.0
har_11_16,HAR_0011_3p_h3h5h7_mild_cond11,har_sim_11,11,ABC,B,train,Harmonics,1,SCENARIO_CONTROLLER,0.614661,0.84053,1.367469,7.6357,0.0,60.0,59.9983,22.34,0.866736,0.000118,0.053114,3.3e-05,0.024455,0.000106,0.030997,8.6e-05,0.00012,0.000112,0.000229,0.000136,0.06128,3.8e-05,0.028215,0.035763,0.000138,0.000264,0.00438,61.1,16.62,0.0066,4e-06,60.0
har_11_17,HAR_0011_3p_h3h5h7_mild_cond11,har_sim_11,11,ABC,B,train,Harmonics,1,SCENARIO_CONTROLLER,0.614652,0.84053,1.367489,7.635,0.0,60.0,59.9983,22.34,0.866723,0.000132,0.053103,4.2e-05,0.024458,0.000104,0.030999,8.1e-05,0.000109,0.000108,0.000239,0.000152,0.061269,4.8e-05,0.028219,0.035766,0.000126,0.000276,0.004379,61.1,16.62,0.0066,4e-06,60.0
har_11_18,HAR_0011_3p_h3h5h7_mild_cond11,har_sim_11,11,ABC,B,train,Harmonics,1,SCENARIO_CONTROLLER,0.614651,0.84053,1.367491,7.6351,0.0,60.0,59.9983,22.34,0.866722,0.000132,0.053105,4e-05,0.024462,0.000107,0.030992,7.9e-05,0.000108,0.000106,0.000252,0.000152,0.061271,4.6e-05,0.028224,0.035758,0.000125,0.000291,0.004379,61.1,16.62,0.0066,4e-06,60.0
har_11_19,HAR_0011_3p_h3h5h7_mild_cond11,har_sim_11,11,ABC,B,train,Harmonics,1,SCENARIO_CONTROLLER,0.614657,0.84053,1.367478,7.6352,0.0,60.0,60.0026,22.34,0.86673,0.000145,0.053119,5.7e-05,0.024458,0.000121,0.030977,9.4e-05,0.000123,9.5e-05,0.00024,0.000167,0.061287,6.6e-05,0.028219,0.03574,0.000142,0.000277,0.00438,61.1,16.62,0.0066,4e-06,60.0
har_11_20,HAR_0011_3p_h3h5h7_mild_cond11,har_sim_11,11,ABC,B,train,Harmonics,1,SCENARIO_CONTROLLER,0.614653,0.84053,1.367486,7.6351,0.0,60.0,60.0026,22.34,0.866725,0.000134,0.053116,5.4e-05,0.024466,0.000141,0.030973,9.5e-05,0.000108,0.000108,0.000237,0.000155,0.061284,6.2e-05,0.028228,0.035736,0.000125,0.000273,0.004379,61.1,16.61,0.0066,4e-06,60.0
har_11_21,HAR_0011_3p_h3h5h7_mild_cond11,har_sim_11,11,ABC,B,train,Harmonics,1,SCENARIO_CONTROLLER,0.614662,0.84053,1.367467,7.6372,0.0,60.0,60.0026,22.33,0.866736,0.000122,0.053124,5.1e-05,0.024475,0.000156,0.030991,9e-05,0.000121,0.000123,0.000228,0.000141,0.061292,5.9e-05,0.028238,0.035756,0.00014,0.000263,0.004382,61.1,16.62,0.0066,4e-06,60.0
har_11_22,HAR_0011_3p_h3h5h7_mild_cond11,har_sim_11,11,ABC,B,train,Harmonics,1,SCENARIO_CONTROLLER,0.61466,0.84053,1.367471,7.6363,0.0,60.0,59.9999,22.34,0.866734,0.00013,0.053116,6.4e-05,0.024468,0.000155,0.030994,7.9e-05,0.000135,0.000127,0.000225,0.00015,0.061283,7.4e-05,0.02823,0.03576,0.000156,0.00026,0.004381,61.1,16.63,0.0066,4e-06,60.0
har_11_23,HAR_0011_3p_h3h5h7_mild_cond11,har_sim_11,11,ABC,B,train,Harmonics,1,SCENARIO_CONTROLLER,0.614659,0.84053,1.367474,7.6357,0.0,60.0,59.9999,22.34,0.866733,0.000128,0.053109,7.7e-05,0.024485,0.000148,0.030982,7.7e-05,0.000129,0.000129,0.000213,0.000148,0.061275,8.9e-05,0.02825,0.035746,0.000149,0.000246,0.00438,61.1,16.62,0.0066,4e-06,60.0
har_11_24,HAR_0011_3p_h3h5h7_mild_cond11,har_sim_11,11,ABC,B,train,Harmonics,1,SCENARIO_CONTROLLER,0.614665,0.84053,1.36746,7.6359,0.0,60.0,59.9995,22.34,0.866741,0.000138,0.053115,7.5e-05,0.024481,0.000152,0.030981,5.8e-05,0.000115,0.000116,0.000196,0.000159,0.061281,8.7e-05,0.028245,0.035744,0.000133,0.000226,0.00438,61.1,16.62,0.0066,4e-06,60.0
har_11_25,HAR_0011_3p_h3h5h7_mild_cond11,har_sim_11,11,ABC,B,train,Harmonics,1,SCENARIO_CONTROLLER,0.614655,0.84053,1.367481,7.6363,0.0,60.0,59.9995,22.34,0.866728,0.000122,0.05312,8e-05,0.024489,0.000165,0.030969,7e-05,0.00012,0.000115,0.000196,0.000141,0.061288,9.2e-05,0.028255,0.035731,0.000138,0.000226,0.004381,61.1,16.61,0.0066,4e-06,60.0
har_11_26,HAR_0011_3p_h3h5h7_mild_cond11,har_sim_11,11,ABC,B,train,Harmonics,1,SCENARIO_CONTROLLER,0.614649,0.84053,1.367494,7.6377,0.0,60.0,59.9995,22.34,0.866719,0.000117,0.05313,9.2e-05,0.024473,0.00016,0.03099,6.3e-05,0.000144,8.6e-05,0.000193,0.000135,0.0613,0.000106,0.028236,0.035756,0.000166,0.000223,0.004382,61.1,16.61,0.0066,4e-06,60.0
har_11_27,HAR_0011_3p_h3h5h7_mild_cond11,har_sim_11,11,ABC,B,train,Harmonics,1,SCENARIO_CONTROLLER,0.614652,0.84053,1.36749,7.6379,0.0,60.0,60.0003,22.34,0.866721,0.000111,0.053133,9.4e-05,0.024472,0.000159,0.03099,6.6e-05,0.000136,8.3e-05,0.000186,0.000128,0.061303,0.000108,0.028235,0.035755,0.000157,0.000215,0.004382,61.1,16.6,0.0066,4e-06,60.0
har_11_28,HAR_0011_3p_h3h5h7_mild_cond11,har_sim_11,11,ABC,B,train,Harmonics,1,SCENARIO_CONTROLLER,0.614659,0.84053,1.367474,7.6372,0.0,60.0,60.0003,22.34,0.866732,0.0001,0.053128,9.9e-05,0.024466,0.000162,0.030992,6.4e-05,0.000141,9.1e-05,0.000187,0.000115,0.061297,0.000114,0.028228,0.035757,0.000163,0.000216,0.004382,61.1,16.6,0.0066,4e-06,60.0
har_11_29,HAR_0011_3p_h3h5h7_mild_cond11,har_sim_11,11,ABC,B,train,Harmonics,1,SCENARIO_CONTROLLER,0.614658,0.84053,1.367475,7.6365,0.0,60.0,60.0003,22.34,0.866731,9.1e-05,0.05312,0.000114,0.024483,0.000155,0.030979,7.9e-05,0.000122,8.8e-05,0.000179,0.000105,0.061288,0.000132,0.028248,0.035742,0.000141,0.000207,0.004381,61.1,16.6,0.0066,4e-06,60.0
har_11_30,HAR_0011_3p_h3h5h7_mild_cond11,har_sim_11,11,ABC,B,train,Harmonics,1,SCENARIO_CONTROLLER,0.61466,0.84053,1.367472,7.6361,0.0,60.0,60.0003,22.34,0.866734,0.0001,0.053123,0.000124,0.024479,0.000163,0.03097,9.1e-05,0.000131,8.6e-05,0.000179,0.000115,0.061291,0.000143,0.028243,0.035732,0.000151,0.000207,0.004381,61.1,16.6,0.0066,4e-06,60.0
har_11_31,HAR_0011_3p_h3h5h7_mild_cond11,har_sim_11,11,ABC,B,train,Harmonics,1,SCENARIO_CONTROLLER,0.614658,0.84053,1.367475,7.6353,0.0,60.0,60.0003,22.34,0.866732,9.9e-05,0.053106,0.000101,0.024487,0.000129,0.030978,0.000109,0.000149,7.2e-05,0.000172,0.000114,0.061272,0.000117,0.028252,0.035741,0.000172,0.000198,0.00438,61.1,16.61,0.0066,4e-06,60.0
har_11_32,HAR_0011_3p_h3h5h7_mild_cond11,har_sim_11,11,ABC,B,train,Harmonics,1,SCENARIO_CONTROLLER,0.614651,0.840058,1.366723,7.6386,0.0,60.0,60.0003,22.33,0.86672,8.3e-05,0.053135,0.000101,0.024503,0.000129,0.030974,0.000112,0.000159,7.9e-05,0.000181,9.6e-05,0.061306,0.000117,0.028271,0.035737,0.000183,0.000209,0.004383,61.1,16.61,0.0066,4e-06,60.0
har_12_01,HAR_0012_3p_h3h5h7_typical_cond12,har_sim_12,12,ABC,B,train,Harmonics,1,SCENARIO_CONTROLLER,0.580447,0.780995,1.345506,8.9859,0.0,60.0,60.0023,20.93,0.817579,5.5e-05,0.059344,6.8e-05,0.028284,0.000137,0.032797,0.00011,5.8e-05,2.5e-05,0.000125,6.7e-05,0.072585,8.3e-05,0.034595,0.040115,7.1e-05,0.000153,0.005397,61.49,18.99,0.0087,4e-06,60.0
har_12_02,HAR_0012_3p_h3h5h7_typical_cond12,har_sim_12,12,ABC,B,train,Harmonics,1,SCENARIO_CONTROLLER,0.580446,0.780995,1.345508,8.9868,0.0,60.0,59.9999,20.92,0.817577,5.5e-05,0.059347,6.4e-05,0.028286,0.000137,0.032806,0.000111,5.6e-05,2.9e-05,0.000117,6.7e-05,0.072589,7.8e-05,0.034597,0.040126,6.8e-05,0.000143,0.005398,61.49,19.0,0.0087,4e-06,60.0
har_12_03,HAR_0012_3p_h3h5h7_typical_cond12,har_sim_12,12,ABC,B,train,Harmonics,1,SCENARIO_CONTROLLER,0.580438,0.780995,1.345528,8.9885,0.0,60.0,59.9999,20.92,0.817564,5.4e-05,0.059354,7.6e-05,0.02827,0.000113,0.032835,0.000132,5.1e-05,4.9e-05,9.8e-05,6.6e-05,0.072599,9.3e-05,0.034578,0.040162,6.2e-05,0.00012,0.0054,61.5,19.01,0.0087,4e-06,60.0
har_12_04,HAR_0012_3p_h3h5h7_typical_cond12,har_sim_12,12,ABC,B,train,Harmonics,1,SCENARIO_CONTROLLER,0.580442,0.780995,1.345517,8.9881,0.0,60.0,59.9999,20.92,0.817571,4.4e-05,0.05935,7.1e-05,0.028257,0.000107,0.032848,0.000146,3.7e-05,5.5e-05,0.000114,5.4e-05,0.072593,8.7e-05,0.034562,0.040178,4.5e-05,0.000139,0.0054,61.5,19.01,0.0087,4e-06,60.0
har_12_05,HAR_0012_3p_h3h5h7_typical_cond12,har_sim_12,12,ABC,B,train,Harmonics,1,SCENARIO_CONTROLLER,0.580444,0.780995,1.345514,8.9886,0.0,60.0,60.002,20.92,0.817573,4.9e-05,0.059356,6.9e-05,0.028255,0.000104,0.032849,0.000142,3.7e-05,5.4e-05,0.000111,6e-05,0.0726,8.4e-05,0.03456,0.040179,4.5e-05,0.000136,0.005401,61.5,19.01,0.0087,4e-06,60.0
har_12_06,HAR_0012_3p_h3h5h7_typical_cond12,har_sim_12,12,ABC,B,train,Harmonics,1,SCENARIO_CONTROLLER,0.580433,0.780995,1.345538,8.9888,0.0,60.0,60.002,20.92,0.817558,4.8e-05,0.059359,7.3e-05,0.028244,0.000103,0.032852,0.000139,3.7e-05,5.2e-05,0.000117,5.9e-05,0.072605,8.9e-05,0.034547,0.040183,4.5e-05,0.000143,0.005401,61.5,19.01,0.0087,4e-06,60.0
har_12_07,HAR_0012_3p_h3h5h7_typical_cond12,har_sim_12,12,ABC,B,train,Harmonics,1,SCENARIO_CONTROLLER,0.580442,0.780995,1.345518,8.9883,0.0,60.0,60.002,20.92,0.81757,6e-05,0.059357,7.4e-05,0.028244,0.0001,0.032851,0.000132,3e-05,5.5e-05,0.00012,7.3e-05,0.072602,9.1e-05,0.034546,0.040181,3.7e-05,0.000147,0.0054,61.5,19.01,0.0087,4e-06,60.0
har_12_08,HAR_0012_3p_h3h5h7_typical_cond12,har_sim_12,12,ABC,B,train,Harmonics,1,SCENARIO_CONTROLLER,0.580433,0.780995,1.345539,8.9878,0.0,60.0,59.9999,20.92,0.817558,3.8e-05,0.059337,7.8e-05,0.02826,8.7e-05,0.032862,0.00014,3.1e-05,6.6e-05,0.000108,4.6e-05,0.072578,9.5e-05,0.034566,0.040195,3.8e-05,0.000132,0.005399,61.5,19.02,0.0087,4e-06,60.0
har_12_09,HAR_0012_3p_h3h5h7_typical_cond12,har_sim_12,12,ABC,B,train,Harmonics,1,SCENARIO_CONTROLLER,0.580425,0.780995,1.345557,8.9859,0.0,60.0,59.9999,20.93,0.817549,2.6e-05,0.05932,5.4e-05,0.028254,9.7e-05,0.032861,0.000145,2.5e-05,6.8e-05,0.000112,3.2e-05,0.072558,6.6e-05,0.034559,0.040195,3.1e-05,0.000137,0.005397,61.5,19.01,0.0087,4e-06,60.0
har_12_10,HAR_0012_3p_h3h5h7_typical_cond12,har_sim_12,12,ABC,B,train,Harmonics,1,SCENARIO_CONTROLLER,0.580426,0.780995,1.345554,8.9847,0.0,60.0,59.9999,20.93,0.817551,1.8e-05,0.059313,5e-05,0.028254,9.6e-05,0.032852,0.000147,2.4e-05,6e-05,0.000103,2.2e-05,0.07255,6.1e-05,0.034559,0.040183,2.9e-05,0.000126,0.005396,61.5,19.01,0.0087,4e-06,60.0
har_12_11,HAR_0012_3p_h3h5h7_typical_cond12,har_sim_12,12,ABC,B,train,Harmonics,1,SCENARIO_CONTROLLER,0.580428,0.780995,1.345551,8.9846,0.0,60.0,59.9997,20.93,0.817553,6e-06,0.059321,6.4e-05,0.028251,8.2e-05,0.03284,0.000151,2.2e-05,5.2e-05,9.6e-05,7e-06,0.072559,7.8e-05,0.034556,0.040169,2.7e-05,0.000117,0.005396,61.49,19.01,0.0087,4e-06,60.0
har_12_12,HAR_0012_3p_h3h5h7_typical_cond12,har_sim_12,12,ABC,B,train,Harmonics,1,SCENARIO_CONTROLLER,0.58044,0.780995,1.345523,8.9822,0.0,60.0,59.9997,20.93,0.817572,2.7e-05,0.059299,8.8e-05,0.028233,7.9e-05,0.032853,0.000132,3.5e-05,5.2e-05,0.000108,3.3e-05,0.072531,0.000108,0.034533,0.040184,4.3e-05,0.000132,0.005393,61.49,19.01,0.0087,4e-06,60.0
har_12_13,HAR_0012_3p_h3h5h7_typical_cond12,har_sim_12,12,ABC,B,train,Harmonics,1,SCENARIO_CONTROLLER,0.58044,0.780995,1.345522,8.9845,0.0,60.0,59.9999,20.93,0.81757,2.9e-05,0.059304,7.7e-05,0.028244,7.6e-05,0.032877,0.000128,1.9e-05,5.7e-05,9.9e-05,3.5e-05,0.072537,9.4e-05,0.034546,0.040213,2.3e-05,0.000121,0.005396,61.5,19.01,0.0087,4e-06,60.0
har_12_14,HAR_0012_3p_h3h5h7_typical_cond12,har_sim_12,12,ABC,B,train,Harmonics,1,SCENARIO_CONTROLLER,0.580435,0.780753,1.345117,8.9855,0.0,60.0,59.9999,20.93,0.817563,2.8e-05,0.059302,8.4e-05,0.028239,4.9e-05,0.032902,0.000151,3.8e-05,6e-05,8.9e-05,3.4e-05,0.072535,0.000103,0.03454,0.040244,4.6e-05,0.000109,0.005397,61.5,19.02,0.0087,4e-06,60.0
har_12_15,HAR_0012_3p_h3h5h7_typical_cond12,har_sim_12,12,ABC,B,train,Harmonics,1,SCENARIO_CONTROLLER,0.580421,0.780753,1.34515,8.9883,0.0,60.0,59.9999,20.92,0.817541,5.4e-05,0.059326,0.0001,0.028238,4.5e-05,0.032906,0.000172,5.3e-05,6.2e-05,0.000113,6.6e-05,0.072566,0.000122,0.03454,0.04025,6.5e-05,0.000138,0.0054,61.5,19.02,0.0087,4e-06,60.0
har_12_16,HAR_0012_3p_h3h5h7_typical_cond12,har_sim_12,12,ABC,B,train,Harmonics,1,SCENARIO_CONTROLLER,0.580425,0.780753,1.34514,8.9895,0.0,60.0,60.0027,20.92,0.817545,4.7e-05,0.059334,0.000114,0.028247,4.6e-05,0.032907,0.000177,5.5e-05,4.7e-05,0.000101,5.7e-05,0.072576,0.000139,0.034551,0.040251,6.7e-05,0.000124,0.005401,61.5,19.03,0.0087,4e-06,60.0
har_12_17,HAR_0012_3p_h3h5h7_typical_cond12,har_sim_12,12,ABC,B,train,Harmonics,1,SCENARIO_CONTROLLER,0.580431,0.780802,1.345211,8.9898,0.0,60.0,60.0027,20.92,0.817554,5.3e-05,0.059333,0.000114,0.028254,4.5e-05,0.032911,0.00017,6.9e-05,3.1e-05,7.8e-05,6.5e-05,0.072574,0.000139,0.034559,0.040255,8.4e-05,9.5e-05,0.005402,61.5,19.03,0.0087,4e-06,60.0
har_12_18,HAR_0012_3p_h3h5h7_typical_cond12,har_sim_12,12,ABC,B,train,Harmonics,1,SCENARIO_CONTROLLER,0.580436,0.780802,1.3452,8.9873,0.0,60.0,60.0027,20.92,0.817563,6.5e-05,0.059318,0.000127,0.028237,6.4e-05,0.032907,0.000189,7e-05,2.3e-05,7.8e-05,8e-05,0.072555,0.000155,0.034538,0.04025,8.6e-05,9.5e-05,0.005399,61.5,19.02,0.0087,4e-06,60.0
har_12_19,HAR_0012_3p_h3h5h7_typical_cond12,har_sim_12,12,ABC,B,train,Harmonics,1,SCENARIO_CONTROLLER,0.580435,0.780802,1.345201,8.9879,0.0,60.0,59.9984,20.92,0.817561,6.9e-05,0.059313,0.000123,0.028251,4.7e-05,0.032916,0.000184,5.6e-05,3.4e-05,6.8e-05,8.4e-05,0.072549,0.00015,0.034555,0.040261,6.8e-05,8.3e-05,0.0054,61.5,19.02,0.0087,4e-06,60.0
har_12_20,HAR_0012_3p_h3h5h7_typical_cond12,har_sim_12,12,ABC,B,train,Harmonics,1,SCENARIO_CONTROLLER,0.580431,0.780802,1.345211,8.9859,0.0,60.0,59.9984,20.92,0.817557,7.3e-05,0.0593,0.000105,0.028246,6.3e-05,0.032905,0.000185,6.1e-05,2.5e-05,6.1e-05,8.9e-05,0.072533,0.000128,0.034549,0.040248,7.5e-05,7.5e-05,0.005397,61.5,19.02,0.0087,4e-06,60.0
har_12_21,HAR_0012_3p_h3h5h7_typical_cond12,har_sim_12,12,ABC,B,train,Harmonics,1,SCENARIO_CONTROLLER,0.580432,0.780802,1.345208,8.9833,0.0,60.0,59.9984,20.93,0.81756,5.8e-05,0.05928,8e-05,0.028221,4.6e-05,0.032916,0.000171,6.6e-05,3.7e-05,7.5e-05,7.1e-05,0.072508,9.8e-05,0.034519,0.040261,8.1e-05,9.2e-05,0.005394,61.5,19.01,0.0087,4e-06,60.0
har_12_22,HAR_0012_3p_h3h5h7_typical_cond12,har_sim_12,12,ABC,B,train,Harmonics,1,SCENARIO_CONTROLLER,0.580424,0.780802,1.345227,8.9811,0.0,60.0,59.9991,20.93,0.817551,8.6e-05,0.059278,7.2e-05,0.028202,2.8e-05,0.032894,0.000184,7.8e-05,2.9e-05,7e-05,0.000105,0.072507,8.8e-05,0.034496,0.040235,9.5e-05,8.6e-05,0.005391,61.49,19.0,0.0087,4e-06,60.0
har_12_23,HAR_0012_3p_h3h5h7_typical_cond12,har_sim_12,12,ABC,B,train,Harmonics,1,SCENARIO_CONTROLLER,0.58041,0.780802,1.34526,8.9806,0.0,60.0,59.9991,20.93,0.817531,7e-05,0.059279,9.1e-05,0.028188,1.8e-05,0.03289,0.00019,6.8e-05,4.2e-05,7.5e-05,8.6e-05,0.07251,0.000111,0.034479,0.040231,8.3e-05,9.2e-05,0.00539,61.49,19.0,0.0087,4e-06,60.0
har_12_24,HAR_0012_3p_h3h5h7_typical_cond12,har_sim_12,12,ABC,B,train,Harmonics,1,SCENARIO_CONTROLLER,0.580408,0.780802,1.345266,8.9793,0.0,60.0,59.9979,20.93,0.817528,8.1e-05,0.059272,9.5e-05,0.0282,3.8e-05,0.03287,0.000161,8e-05,4.7e-05,8.4e-05,9.9e-05,0.072501,0.000116,0.034494,0.040207,9.8e-05,0.000103,0.005389,61.49,19.0,0.0086,4e-06,60.0
har_12_25,HAR_0012_3p_h3h5h7_typical_cond12,har_sim_12,12,ABC,B,train,Harmonics,1,SCENARIO_CONTROLLER,0.580403,0.780802,1.345276,8.9791,0.0,60.0,59.9989,20.93,0.817522,8.9e-05,0.059267,8.5e-05,0.028209,2.2e-05,0.032867,0.000155,8.3e-05,5.2e-05,8.4e-05,0.000109,0.072496,0.000104,0.034505,0.040203,0.000102,0.000103,0.005389,61.49,19.0,0.0086,4e-06,60.0
har_12_26,HAR_0012_3p_h3h5h7_typical_cond12,har_sim_12,12,ABC,B,train,Harmonics,1,SCENARIO_CONTROLLER,0.580398,0.780802,1.345289,8.9799,0.0,60.0,59.9989,20.93,0.817514,9.8e-05,0.059276,9e-05,0.028216,1e-05,0.032856,0.000145,7.7e-05,5.1e-05,8.3e-05,0.00012,0.072508,0.00011,0.034514,0.04019,9.4e-05,0.000102,0.005389,61.49,19.0,0.0087,4e-06,60.0
har_12_27,HAR_0012_3p_h3h5h7_typical_cond12,har_sim_12,12,ABC,B,train,Harmonics,1,SCENARIO_CONTROLLER,0.580398,0.780802,1.345289,8.9798,0.0,60.0,59.9992,20.93,0.817514,0.000103,0.059278,9.1e-05,0.028213,9e-06,0.032852,0.000151,8e-05,4.4e-05,8e-05,0.000126,0.07251,0.000111,0.034511,0.040185,9.8e-05,9.8e-05,0.005389,61.49,18.99,0.0087,4e-06,60.0
har_12_28,HAR_0012_3p_h3h5h7_typical_cond12,har_sim_12,12,ABC,B,train,Harmonics,1,SCENARIO_CONTROLLER,0.580396,0.780802,1.345292,8.9799,0.0,60.0,59.9992,20.93,0.817512,0.000111,0.059262,8e-05,0.028236,2.9e-05,0.032864,0.000144,9.1e-05,4.4e-05,8.2e-05,0.000136,0.072491,9.8e-05,0.034539,0.0402,0.000111,0.0001,0.005389,61.49,19.0,0.0087,4e-06,60.0
har_12_29,HAR_0012_3p_h3h5h7_typical_cond12,har_sim_12,12,ABC,B,train,Harmonics,1,SCENARIO_CONTROLLER,0.580377,0.780802,1.345336,8.982,0.0,60.0,59.9992,20.93,0.817484,9.3e-05,0.059274,7.4e-05,0.028233,3e-05,0.032876,0.000151,8.4e-05,4.8e-05,8.3e-05,0.000114,0.072508,9.1e-05,0.034536,0.040216,0.000103,0.000102,0.005391,61.49,19.0,0.0087,4e-06,60.0
har_12_30,HAR_0012_3p_h3h5h7_typical_cond12,har_sim_12,12,ABC,B,train,Harmonics,1,SCENARIO_CONTROLLER,0.58038,0.780802,1.34533,8.9832,0.0,60.0,59.9988,20.93,0.817487,8.2e-05,0.059285,6.7e-05,0.028232,2.6e-05,0.032882,0.000157,7.7e-05,4.8e-05,7.9e-05,0.0001,0.072521,8.2e-05,0.034535,0.040223,9.4e-05,9.7e-05,0.005393,61.5,19.0,0.0087,4e-06,60.0
har_12_31,HAR_0012_3p_h3h5h7_typical_cond12,har_sim_12,12,ABC,B,train,Harmonics,1,SCENARIO_CONTROLLER,0.580388,0.780802,1.345311,8.9836,0.0,60.0,59.9988,20.93,0.817498,6.5e-05,0.059272,8.8e-05,0.028256,6e-06,0.032893,0.000155,8.5e-05,5.6e-05,8e-05,8e-05,0.072504,0.000108,0.034564,0.040236,0.000104,9.8e-05,0.005394,61.5,19.01,0.0087,4e-06,60.0
har_12_32,HAR_0012_3p_h3h5h7_typical_cond12,har_sim_12,12,ABC,B,train,Harmonics,1,SCENARIO_CONTROLLER,0.580377,0.780802,1.345337,8.984,0.0,60.0,59.9988,20.93,0.817482,7e-05,0.059263,9.6e-05,0.028251,3.1e-05,0.032918,0.000167,8.9e-05,5e-05,8.4e-05,8.6e-05,0.072495,0.000117,0.034559,0.040268,0.000109,0.000103,0.005394,61.5,19.02,0.0087,4e-06,60.0
har_13_01,HAR_0013_3p_full_odd_cond13,har_sim_13,13,ABC,B,train,Harmonics,1,SCENARIO_CONTROLLER,0.578831,0.796004,1.375191,8.327,0.0,60.0,60.0007,21.32,0.815587,8e-06,0.054637,8.2e-05,0.025438,5.9e-05,0.031305,8.9e-05,0.014636,6.3e-05,0.008859,1e-05,0.066991,0.000101,0.03119,0.038383,0.017945,0.010862,0.004905,61.52,20.89,0.0083,4e-06,60.0
har_13_02,HAR_0013_3p_full_odd_cond13,har_sim_13,13,ABC,B,train,Harmonics,1,SCENARIO_CONTROLLER,0.578828,0.796004,1.375199,8.3248,0.0,60.0,60.0033,21.32,0.815584,8e-06,0.05463,8e-05,0.025422,4.4e-05,0.031292,8.6e-05,0.014633,6.1e-05,0.008861,1e-05,0.066983,9.8e-05,0.03117,0.038368,0.017942,0.010865,0.004903,61.52,20.87,0.0083,4e-06,60.0
har_13_03,HAR_0013_3p_full_odd_cond13,har_sim_13,13,ABC,B,train,Harmonics,1,SCENARIO_CONTROLLER,0.578833,0.796004,1.375188,8.3247,0.0,60.0,60.0033,21.32,0.81559,7e-06,0.054631,8.2e-05,0.025428,4.1e-05,0.031284,7.7e-05,0.014642,5.8e-05,0.008853,9e-06,0.066983,0.000101,0.031177,0.038358,0.017953,0.010855,0.004903,61.52,20.87,0.0083,4e-06,60.0
har_13_04,HAR_0013_3p_full_odd_cond13,har_sim_13,13,ABC,B,train,Harmonics,1,SCENARIO_CONTROLLER,0.578831,0.796004,1.375192,8.325,0.0,60.0,60.0033,21.32,0.815588,7e-06,0.054636,6.7e-05,0.02542,4.8e-05,0.031285,8.5e-05,0.014635,4e-05,0.008834,9e-06,0.06699,8.2e-05,0.031168,0.038359,0.017944,0.010831,0.004902,61.52,20.86,0.0083,4e-06,60.0
har_13_05,HAR_0013_3p_full_odd_cond13,har_sim_13,13,ABC,B,train,Harmonics,1,SCENARIO_CONTROLLER,0.57883,0.796004,1.375193,8.325,0.0,60.0,59.999,21.32,0.815588,2e-05,0.054618,4.1e-05,0.025436,2.8e-05,0.031304,7.6e-05,0.014629,2.2e-05,0.008812,2.5e-05,0.066968,5e-05,0.031187,0.038382,0.017937,0.010804,0.004902,61.52,20.85,0.0083,4e-06,60.0
har_13_06,HAR_0013_3p_full_odd_cond13,har_sim_13,13,ABC,B,train,Harmonics,1,SCENARIO_CONTROLLER,0.578829,0.796004,1.375197,8.3248,0.0,60.0,59.999,21.32,0.815585,1.9e-05,0.054615,4.1e-05,0.025434,3.4e-05,0.031308,7.3e-05,0.01462,5e-06,0.008821,2.3e-05,0.066964,5e-05,0.031185,0.038387,0.017926,0.010816,0.004901,61.52,20.85,0.0083,4e-06,60.0
har_13_07,HAR_0013_3p_full_odd_cond13,har_sim_13,13,ABC,B,train,Harmonics,1,SCENARIO_CONTROLLER,0.578844,0.796004,1.375162,8.3242,0.0,60.0,59.999,21.32,0.815607,2.5e-05,0.054612,5e-05,0.025439,3.6e-05,0.031302,6.8e-05,0.014608,1.5e-05,0.008821,3.1e-05,0.066959,6.1e-05,0.03119,0.038379,0.017911,0.010815,0.004901,61.52,20.84,0.0083,4e-06,60.0
har_13_08,HAR_0013_3p_full_odd_cond13,har_sim_13,13,ABC,B,train,Harmonics,1,SCENARIO_CONTROLLER,0.578846,0.796004,1.375156,8.3235,0.0,60.0,59.9991,21.32,0.815611,3e-05,0.05462,3.8e-05,0.02543,2.1e-05,0.031284,6.9e-05,0.014603,2e-05,0.008808,3.7e-05,0.066968,4.7e-05,0.031179,0.038357,0.017904,0.010799,0.0049,61.52,20.84,0.0083,4e-06,60.0
har_13_09,HAR_0013_3p_full_odd_cond13,har_sim_13,13,ABC,B,train,Harmonics,1,SCENARIO_CONTROLLER,0.578846,0.796004,1.375155,8.3254,0.0,60.0,59.9991,21.32,0.81561,4.1e-05,0.05464,3.5e-05,0.025423,4.2e-05,0.031288,8e-05,0.014612,1.8e-05,0.008801,5e-05,0.066993,4.3e-05,0.031171,0.038361,0.017915,0.010791,0.004902,61.52,20.84,0.0083,4e-06,60.0
har_13_10,HAR_0013_3p_full_odd_cond13,har_sim_13,13,ABC,B,train,Harmonics,1,SCENARIO_CONTROLLER,0.578846,0.796004,1.375156,8.326,0.0,60.0,59.9991,21.32,0.815609,4.2e-05,0.054639,3.4e-05,0.025432,3.8e-05,0.031293,9.8e-05,0.014624,3.6e-05,0.008817,5.1e-05,0.066992,4.2e-05,0.031182,0.038368,0.01793,0.01081,0.004903,61.52,20.85,0.0083,4e-06,60.0
har_13_11,HAR_0013_3p_full_odd_cond13,har_sim_13,13,ABC,B,train,Harmonics,1,SCENARIO_CONTROLLER,0.578844,0.796004,1.37516,8.3256,0.0,60.0,60.001,21.32,0.815607,4.8e-05,0.05463,3.7e-05,0.025442,3.1e-05,0.031294,0.000101,0.014632,3.9e-05,0.008816,5.9e-05,0.066981,4.5e-05,0.031194,0.038369,0.01794,0.010809,0.004903,61.52,20.85,0.0083,4e-06,60.0
har_13_12,HAR_0013_3p_full_odd_cond13,har_sim_13,13,ABC,B,train,Harmonics,1,SCENARIO_CONTROLLER,0.578853,0.796004,1.37514,8.3248,0.0,60.0,60.001,21.32,0.815619,3.7e-05,0.054625,3.1e-05,0.025467,3.4e-05,0.03127,0.000122,0.014645,2.2e-05,0.00881,4.5e-05,0.066974,3.8e-05,0.031224,0.038339,0.017956,0.010802,0.004902,61.52,20.84,0.0083,4e-06,60.0
har_13_13,HAR_0013_3p_full_odd_cond13,har_sim_13,13,ABC,B,train,Harmonics,1,SCENARIO_CONTROLLER,0.57885,0.796004,1.375146,8.3273,0.0,60.0,60.0007,21.32,0.815614,3.3e-05,0.054632,2.9e-05,0.025483,5.2e-05,0.031287,0.000103,0.014658,1.1e-05,0.008815,4e-05,0.066983,3.6e-05,0.031244,0.03836,0.017972,0.010808,0.004905,61.52,20.85,0.0083,4e-06,60.0
har_13_14,HAR_0013_3p_full_odd_cond13,har_sim_13,13,ABC,B,train,Harmonics,1,SCENARIO_CONTROLLER,0.578863,0.796004,1.375116,8.3286,0.0,60.0,60.0007,21.32,0.81563,5.3e-05,0.054651,4.9e-05,0.025465,5.5e-05,0.031293,9.9e-05,0.014662,2e-06,0.008824,6.5e-05,0.067005,6e-05,0.031221,0.038367,0.017976,0.010819,0.004907,61.52,20.86,0.0083,4e-06,60.0
har_13_15,HAR_0013_3p_full_odd_cond13,har_sim_13,13,ABC,B,train,Harmonics,1,SCENARIO_CONTROLLER,0.578856,0.796004,1.375133,8.3297,0.0,60.0,60.0007,21.32,0.81562,5.6e-05,0.054662,5.5e-05,0.025475,4.5e-05,0.031285,9.7e-05,0.014642,2.2e-05,0.008826,6.9e-05,0.067019,6.7e-05,0.031234,0.038357,0.017952,0.010821,0.004908,61.52,20.85,0.0083,4e-06,60.0
har_13_16,HAR_0013_3p_full_odd_cond13,har_sim_13,13,ABC,B,train,Harmonics,1,SCENARIO_CONTROLLER,0.578851,0.796004,1.375144,8.3276,0.0,60.0,60.0004,21.32,0.815615,6.6e-05,0.054649,5.1e-05,0.025463,5.2e-05,0.03128,9.4e-05,0.01464,3.9e-05,0.008814,8.1e-05,0.067003,6.3e-05,0.031219,0.038351,0.01795,0.010807,0.004905,61.52,20.84,0.0083,4e-06,60.0
har_13_17,HAR_0013_3p_full_odd_cond13,har_sim_13,13,ABC,B,train,Harmonics,1,SCENARIO_CONTROLLER,0.578861,0.796004,1.375119,8.3286,0.0,60.0,60.0004,21.32,0.815629,4.8e-05,0.054664,4e-05,0.025457,5e-05,0.031277,9.5e-05,0.014647,3.9e-05,0.008812,5.9e-05,0.067021,4.9e-05,0.031211,0.038347,0.017958,0.010804,0.004907,61.52,20.84,0.0083,4e-06,60.0
har_13_18,HAR_0013_3p_full_odd_cond13,har_sim_13,13,ABC,B,train,Harmonics,1,SCENARIO_CONTROLLER,0.578863,0.796004,1.375116,8.3276,0.0,60.0,60.0004,21.32,0.815631,5.3e-05,0.054662,3.5e-05,0.025446,3.6e-05,0.031273,0.000107,0.014658,4.3e-05,0.008821,6.5e-05,0.067018,4.3e-05,0.031198,0.038342,0.017971,0.010815,0.004906,61.52,20.84,0.0083,4e-06,60.0
har_13_19,HAR_0013_3p_full_odd_cond13,har_sim_13,13,ABC,B,train,Harmonics,1,SCENARIO_CONTROLLER,0.578864,0.796004,1.375114,8.3277,0.0,60.0,60.002,21.32,0.815632,5.6e-05,0.054665,3.8e-05,0.025444,3.4e-05,0.031272,9.9e-05,0.014668,4.4e-05,0.008826,6.9e-05,0.067022,4.7e-05,0.031195,0.038341,0.017984,0.010821,0.004907,61.52,20.84,0.0083,4e-06,60.0
har_13_20,HAR_0013_3p_full_odd_cond13,har_sim_13,13,ABC,B,train,Harmonics,1,SCENARIO_CONTROLLER,0.57884,0.796004,1.375169,8.3269,0.0,60.0,60.002,21.32,0.8156,3.8e-05,0.05466,3.3e-05,0.025449,3.7e-05,0.031256,8.4e-05,0.014686,3.8e-05,0.008821,4.7e-05,0.067018,4e-05,0.031203,0.038323,0.018006,0.010815,0.004906,61.52,20.84,0.0083,4e-06,60.0
har_13_21,HAR_0013_3p_full_odd_cond13,har_sim_13,13,ABC,B,train,Harmonics,1,SCENARIO_CONTROLLER,0.578853,0.796004,1.37514,8.324,0.0,60.0,60.002,21.32,0.815619,3e-05,0.054633,3.3e-05,0.025432,3.6e-05,0.03127,9.9e-05,0.014687,4.3e-05,0.008803,3.7e-05,0.066983,4e-05,0.031181,0.038339,0.018007,0.010793,0.004903,61.52,20.83,0.0083,4e-06,60.0
har_13_22,HAR_0013_3p_full_odd_cond13,har_sim_13,13,ABC,B,train,Harmonics,1,SCENARIO_CONTROLLER,0.578851,0.796004,1.375144,8.3231,0.0,60.0,59.9997,21.32,0.815617,3.1e-05,0.054634,2.9e-05,0.025429,4.9e-05,0.031254,0.000104,0.014684,3.8e-05,0.008811,3.8e-05,0.066985,3.6e-05,0.031178,0.038319,0.018004,0.010803,0.004902,61.52,20.83,0.0083,4e-06,60.0
har_13_23,HAR_0013_3p_full_odd_cond13,har_sim_13,13,ABC,B,train,Harmonics,1,SCENARIO_CONTROLLER,0.578842,0.796004,1.375164,8.324,0.0,60.0,59.9997,21.32,0.815605,3.5e-05,0.054642,2.2e-05,0.025423,5.4e-05,0.031259,9.7e-05,0.014667,4.6e-05,0.008824,4.3e-05,0.066996,2.7e-05,0.031171,0.038326,0.017983,0.010819,0.004902,61.52,20.83,0.0083,4e-06,60.0
har_13_24,HAR_0013_3p_full_odd_cond13,har_sim_13,13,ABC,B,train,Harmonics,1,SCENARIO_CONTROLLER,0.578843,0.796004,1.375163,8.3238,0.0,60.0,59.9968,21.32,0.815605,3e-05,0.054634,1.4e-05,0.025427,6.2e-05,0.031266,8.5e-05,0.01468,5.2e-05,0.008831,3.7e-05,0.066986,1.7e-05,0.031176,0.038335,0.017999,0.010828,0.004902,61.52,20.84,0.0083,4e-06,60.0
har_13_25,HAR_0013_3p_full_odd_cond13,har_sim_13,13,ABC,B,train,Harmonics,1,SCENARIO_CONTROLLER,0.578845,0.796004,1.375159,8.324,0.0,60.0,59.9984,21.32,0.815607,3.2e-05,0.054634,2.3e-05,0.025441,6.6e-05,0.031259,0.000103,0.014661,5.5e-05,0.008851,3.9e-05,0.066986,2.8e-05,0.031193,0.038326,0.017976,0.010852,0.004903,61.52,20.84,0.0083,4e-06,60.0
har_13_26,HAR_0013_3p_full_odd_cond13,har_sim_13,13,ABC,B,train,Harmonics,1,SCENARIO_CONTROLLER,0.578857,0.796004,1.37513,8.3226,0.0,60.0,59.9984,21.32,0.815626,3.5e-05,0.054621,2.9e-05,0.025446,5.7e-05,0.031254,9.9e-05,0.014642,6.4e-05,0.008874,4.3e-05,0.066968,3.6e-05,0.031198,0.038319,0.017952,0.01088,0.004901,61.52,20.84,0.0083,4e-06,60.0
har_13_27,HAR_0013_3p_full_odd_cond13,har_sim_13,13,ABC,B,train,Harmonics,1,SCENARIO_CONTROLLER,0.578858,0.796004,1.375127,8.3224,0.0,60.0,60.0002,21.32,0.815628,2.6e-05,0.054629,3.1e-05,0.02544,6.6e-05,0.031243,0.000108,0.014638,5.7e-05,0.008878,3.2e-05,0.066978,3.8e-05,0.031191,0.038305,0.017947,0.010885,0.004901,61.52,20.83,0.0083,4e-06,60.0
har_13_28,HAR_0013_3p_full_odd_cond13,har_sim_13,13,ABC,B,train,Harmonics,1,SCENARIO_CONTROLLER,0.578864,0.796004,1.375114,8.3228,0.0,60.0,60.0002,21.32,0.815636,2e-05,0.05463,3.7e-05,0.025449,5.2e-05,0.031243,0.000102,0.014633,4.5e-05,0.008887,2.5e-05,0.066978,4.5e-05,0.031201,0.038305,0.017941,0.010896,0.004901,61.52,20.83,0.0083,4e-06,60.0
har_13_29,HAR_0013_3p_full_odd_cond13,har_sim_13,13,ABC,B,train,Harmonics,1,SCENARIO_CONTROLLER,0.578864,0.796004,1.375114,8.3214,0.0,60.0,60.0002,21.32,0.815636,1.7e-05,0.054627,3.5e-05,0.025445,3.9e-05,0.031226,0.000129,0.014634,6.8e-05,0.008915,2.1e-05,0.066975,4.3e-05,0.031197,0.038284,0.017942,0.01093,0.0049,61.52,20.83,0.0083,4e-06,60.0
har_13_30,HAR_0013_3p_full_odd_cond13,har_sim_13,13,ABC,B,train,Harmonics,1,SCENARIO_CONTROLLER,0.578864,0.796004,1.375114,8.3202,0.0,60.0,59.9984,21.33,0.815637,1.8e-05,0.054629,3.2e-05,0.025437,2.7e-05,0.031209,0.000121,0.014624,6e-05,0.008917,2.2e-05,0.066977,3.9e-05,0.031187,0.038263,0.01793,0.010933,0.004899,61.52,20.83,0.0083,4e-06,60.0
har_13_31,HAR_0013_3p_full_odd_cond13,har_sim_13,13,ABC,B,train,Harmonics,1,SCENARIO_CONTROLLER,0.578871,0.796004,1.375098,8.3211,0.0,60.0,59.9984,21.32,0.815646,3.1e-05,0.054641,2.1e-05,0.025432,3.7e-05,0.031209,0.000119,0.014635,6.9e-05,0.008905,3.8e-05,0.066991,2.6e-05,0.03118,0.038263,0.017943,0.010918,0.0049,61.52,20.83,0.0083,4e-06,60.0
har_13_32,HAR_0013_3p_full_odd_cond13,har_sim_13,13,ABC,B,train,Harmonics,1,SCENARIO_CONTROLLER,0.578875,0.796004,1.375087,8.3224,0.0,60.0,59.9984,21.32,0.815651,2.4e-05,0.054648,1.1e-05,0.025446,2.4e-05,0.03121,0.000131,0.014624,8.2e-05,0.008896,2.9e-05,0.066999,1.3e-05,0.031197,0.038264,0.017929,0.010907,0.004901,61.52,20.83,0.0083,4e-06,60.0
har_14_01,HAR_0014_3p_full_odd_heavy_cond14,har_sim_14,14,ABC,B,train,Harmonics,1,SCENARIO_CONTROLLER,0.584135,0.80094,1.371156,9.3481,0.0,60.0,60.001,20.31,0.822275,0.000131,0.061027,9.8e-05,0.029574,5.3e-05,0.036187,5.2e-05,0.016763,7.6e-05,0.009909,0.000159,0.074217,0.000119,0.035966,0.044008,0.020386,0.012051,0.006288,61.94,23.58,0.0101,4e-06,60.0
har_14_02,HAR_0014_3p_full_odd_heavy_cond14,har_sim_14,14,ABC,B,train,Harmonics,1,SCENARIO_CONTROLLER,0.584134,0.80094,1.37116,9.3468,0.0,60.0,59.9997,20.31,0.822274,0.000115,0.061015,9e-05,0.029569,4.8e-05,0.03619,5.3e-05,0.016766,8.1e-05,0.009902,0.00014,0.074203,0.000109,0.03596,0.044012,0.02039,0.012042,0.006286,61.94,23.58,0.0101,4e-06,60.0
har_14_03,HAR_0014_3p_full_odd_heavy_cond14,har_sim_14,14,ABC,B,train,Harmonics,1,SCENARIO_CONTROLLER,0.584137,0.80094,1.371152,9.3467,0.0,60.0,59.9997,20.31,0.822278,0.000118,0.061015,8.8e-05,0.029574,5.2e-05,0.036184,5.2e-05,0.016771,8.9e-05,0.009901,0.000144,0.074202,0.000107,0.035966,0.044005,0.020396,0.012041,0.006286,61.94,23.58,0.0101,4e-06,60.0
har_14_04,HAR_0014_3p_full_odd_heavy_cond14,har_sim_14,14,ABC,B,train,Harmonics,1,SCENARIO_CONTROLLER,0.584144,0.80094,1.371134,9.3455,0.0,60.0,59.9997,20.31,0.82229,0.00011,0.061021,0.000102,0.029566,5e-05,0.036163,7.2e-05,0.016763,7.3e-05,0.009897,0.000134,0.074209,0.000124,0.035956,0.043978,0.020386,0.012036,0.006284,61.94,23.57,0.0101,4e-06,60.0
har_14_05,HAR_0014_3p_full_odd_heavy_cond14,har_sim_14,14,ABC,B,train,Harmonics,1,SCENARIO_CONTROLLER,0.584149,0.80094,1.371123,9.3462,0.0,60.0,59.998,20.31,0.822296,0.000103,0.061031,0.000105,0.029566,5e-05,0.036158,8.2e-05,0.016762,9.9e-05,0.009919,0.000125,0.07422,0.000128,0.035955,0.043972,0.020384,0.012063,0.006286,61.94,23.58,0.0101,4e-06,60.0
har_14_06,HAR_0014_3p_full_odd_heavy_cond14,har_sim_14,14,ABC,B,train,Harmonics,1,SCENARIO_CONTROLLER,0.584148,0.80094,1.371126,9.3454,0.0,60.0,59.998,20.31,0.822295,0.000101,0.061021,0.000112,0.029576,4.2e-05,0.036153,7.3e-05,0.016775,7.7e-05,0.009927,0.000123,0.074208,0.000136,0.035968,0.043966,0.0204,0.012072,0.006285,61.94,23.58,0.0101,4e-06,60.0
har_14_07,HAR_0014_3p_full_odd_heavy_cond14,har_sim_14,14,ABC,B,train,Harmonics,1,SCENARIO_CONTROLLER,0.58415,0.80094,1.371121,9.3457,0.0,60.0,59.998,20.32,0.822298,0.000105,0.061026,0.000102,0.029579,3.1e-05,0.036148,5.7e-05,0.016763,8.4e-05,0.009927,0.000128,0.074214,0.000124,0.035971,0.04396,0.020386,0.012072,0.006285,61.94,23.58,0.0101,4e-06,60.0
har_14_08,HAR_0014_3p_full_odd_heavy_cond14,har_sim_14,14,ABC,B,train,Harmonics,1,SCENARIO_CONTROLLER,0.584149,0.80094,1.371123,9.3461,0.0,60.0,60.0013,20.31,0.822296,0.000101,0.061026,8.9e-05,0.029597,3.9e-05,0.036141,5.4e-05,0.016743,7.5e-05,0.009948,0.000123,0.074214,0.000108,0.035993,0.043951,0.020361,0.012098,0.006286,61.94,23.58,0.0101,4e-06,60.0
har_14_09,HAR_0014_3p_full_odd_heavy_cond14,har_sim_14,14,ABC,B,train,Harmonics,1,SCENARIO_CONTROLLER,0.584152,0.80094,1.371116,9.3462,0.0,60.0,60.0013,20.31,0.8223,0.000106,0.061033,9.9e-05,0.029591,3.5e-05,0.036137,4.6e-05,0.016751,8.4e-05,0.009948,0.000129,0.074222,0.00012,0.035986,0.043946,0.020371,0.012098,0.006286,61.94,23.59,0.0101,4e-06,60.0
har_14_10,HAR_0014_3p_full_odd_heavy_cond14,har_sim_14,14,ABC,B,train,Harmonics,1,SCENARIO_CONTROLLER,0.584163,0.80094,1.371091,9.3501,0.0,60.0,60.0013,20.31,0.822312,8.4e-05,0.061052,0.000106,0.029611,3.3e-05,0.036158,4e-05,0.016761,9e-05,0.009946,0.000102,0.074244,0.000129,0.036009,0.043971,0.020383,0.012095,0.006291,61.95,23.6,0.0101,4e-06,60.0
har_14_11,HAR_0014_3p_full_odd_heavy_cond14,har_sim_14,14,ABC,B,train,Harmonics,1,SCENARIO_CONTROLLER,0.584161,0.80094,1.371095,9.3497,0.0,60.0,60.0009,20.31,0.82231,9e-05,0.061054,0.000114,0.029617,1.7e-05,0.036142,5.9e-05,0.016765,0.000105,0.009949,0.000109,0.074247,0.000139,0.036017,0.043952,0.020388,0.012099,0.006291,61.95,23.59,0.0101,4e-06,60.0
har_14_12,HAR_0014_3p_full_odd_heavy_cond14,har_sim_14,14,ABC,B,train,Harmonics,1,SCENARIO_CONTROLLER,0.584164,0.80094,1.371088,9.3499,0.0,60.0,60.0009,20.31,0.822314,8.3e-05,0.061058,0.000106,0.029622,1.8e-05,0.036136,6.1e-05,0.016765,0.000108,0.009946,0.000101,0.074251,0.000129,0.036023,0.043944,0.020388,0.012095,0.006291,61.95,23.59,0.0101,4e-06,60.0
har_14_13,HAR_0014_3p_full_odd_heavy_cond14,har_sim_14,14,ABC,B,train,Harmonics,1,SCENARIO_CONTROLLER,0.584166,0.80094,1.371083,9.3532,0.0,60.0,59.998,20.31,0.822314,8.6e-05,0.061068,8.9e-05,0.029643,1.1e-05,0.036161,4.7e-05,0.016766,9.8e-05,0.00995,0.000105,0.074264,0.000108,0.036048,0.043975,0.020389,0.0121,0.006296,61.95,23.61,0.0101,4e-06,60.0
har_14_14,HAR_0014_3p_full_odd_heavy_cond14,har_sim_14,14,ABC,B,train,Harmonics,1,SCENARIO_CONTROLLER,0.584162,0.80094,1.371093,9.3528,0.0,60.0,59.998,20.31,0.822308,7.9e-05,0.061064,8e-05,0.02965,2e-06,0.036153,4e-05,0.016773,9.4e-05,0.009945,9.6e-05,0.074259,9.7e-05,0.036057,0.043965,0.020397,0.012094,0.006295,61.95,23.61,0.0101,4e-06,60.0
har_14_15,HAR_0014_3p_full_odd_heavy_cond14,har_sim_14,14,ABC,B,train,Harmonics,1,SCENARIO_CONTROLLER,0.584167,0.799667,1.368903,9.352,0.0,60.0,59.998,20.31,0.822316,6.8e-05,0.061071,9.7e-05,0.029631,1.8e-05,0.036144,4.3e-05,0.016765,8.2e-05,0.009932,8.3e-05,0.074267,0.000118,0.036034,0.043954,0.020388,0.012078,0.006294,61.95,23.6,0.0101,4e-06,60.0
har_14_16,HAR_0014_3p_full_odd_heavy_cond14,har_sim_14,14,ABC,B,train,Harmonics,1,SCENARIO_CONTROLLER,0.584169,0.799667,1.368898,9.3543,0.0,60.0,59.9997,20.31,0.822317,5.9e-05,0.061083,9.4e-05,0.029648,2.3e-05,0.036152,2.3e-05,0.016777,7.5e-05,0.009925,7.2e-05,0.074282,0.000114,0.036054,0.043964,0.020402,0.01207,0.006297,61.95,23.6,0.0101,4e-06,60.0
har_14_17,HAR_0014_3p_full_odd_heavy_cond14,har_sim_14,14,ABC,B,train,Harmonics,1,SCENARIO_CONTROLLER,0.584182,0.800154,1.369699,9.3539,0.0,60.0,59.9997,20.31,0.822336,3.4e-05,0.061073,8.9e-05,0.029645,1.7e-05,0.036166,2.1e-05,0.016766,7.2e-05,0.009941,4.1e-05,0.074268,0.000108,0.03605,0.04398,0.020388,0.012089,0.006297,61.95,23.61,0.0101,4e-06,60.0
har_14_18,HAR_0014_3p_full_odd_heavy_cond14,har_sim_14,14,ABC,B,train,Harmonics,1,SCENARIO_CONTROLLER,0.584177,0.800154,1.369712,9.3558,0.0,60.0,59.9997,20.31,0.822328,4.2e-05,0.061081,9.1e-05,0.029661,2.8e-05,0.036171,3.1e-05,0.016745,9.2e-05,0.00992,5.1e-05,0.074278,0.000111,0.03607,0.043986,0.020363,0.012063,0.006298,61.95,23.6,0.0101,4e-06,60.0
har_14_19,HAR_0014_3p_full_odd_heavy_cond14,har_sim_14,14,ABC,B,train,Harmonics,1,SCENARIO_CONTROLLER,0.584172,0.800154,1.369724,9.3542,0.0,60.0,60.0001,20.31,0.822322,5e-05,0.061068,9.1e-05,0.029648,4.4e-05,0.036176,4.1e-05,0.016744,8.9e-05,0.009928,6.1e-05,0.074263,0.000111,0.036054,0.043992,0.020362,0.012073,0.006296,61.95,23.6,0.0101,4e-06,60.0
har_14_20,HAR_0014_3p_full_odd_heavy_cond14,har_sim_14,14,ABC,B,train,Harmonics,1,SCENARIO_CONTROLLER,0.58416,0.800154,1.369751,9.3537,0.0,60.0,60.0001,20.31,0.822306,5.2e-05,0.061059,8e-05,0.029656,3.9e-05,0.036172,4.3e-05,0.016743,8.3e-05,0.009924,6.3e-05,0.074253,9.7e-05,0.036064,0.043988,0.020361,0.012069,0.006295,61.95,23.59,0.0101,4e-06,60.0
har_14_21,HAR_0014_3p_full_odd_heavy_cond14,har_sim_14,14,ABC,B,train,Harmonics,1,SCENARIO_CONTROLLER,0.584167,0.800154,1.369735,9.3514,0.0,60.0,60.0001,20.31,0.822317,6.4e-05,0.061047,7.5e-05,0.02964,6e-05,0.036167,6.2e-05,0.016756,8.9e-05,0.009927,7.8e-05,0.074238,9.1e-05,0.036044,0.043982,0.020377,0.012072,0.006293,61.95,23.59,0.0101,4e-06,60.0
har_14_22,HAR_0014_3p_full_odd_heavy_cond14,har_sim_14,14,ABC,B,train,Harmonics,1,SCENARIO_CONTROLLER,0.584171,0.800154,1.369726,9.3519,0.0,60.0,60.0002,20.31,0.822322,8.2e-05,0.06105,7.9e-05,0.029639,5.2e-05,0.036173,5.5e-05,0.016771,9.4e-05,0.009922,0.0001,0.074241,9.6e-05,0.036043,0.043989,0.020395,0.012066,0.006294,61.95,23.6,0.0101,4e-06,60.0
har_14_23,HAR_0014_3p_full_odd_heavy_cond14,har_sim_14,14,ABC,B,train,Harmonics,1,SCENARIO_CONTROLLER,0.584179,0.800154,1.369707,9.3505,0.0,60.0,60.0002,20.31,0.822334,7.5e-05,0.061042,9.1e-05,0.029653,6.9e-05,0.036153,3.4e-05,0.016792,8.6e-05,0.009912,9.1e-05,0.07423,0.000111,0.03606,0.043964,0.02042,0.012053,0.006293,61.95,23.6,0.0101,4e-06,60.0
har_14_24,HAR_0014_3p_full_odd_heavy_cond14,har_sim_14,14,ABC,B,train,Harmonics,1,SCENARIO_CONTROLLER,0.584176,0.800154,1.369713,9.3521,0.0,60.0,59.9977,20.31,0.82233,8.4e-05,0.061053,9.7e-05,0.029664,7.6e-05,0.036153,4.5e-05,0.01678,9.8e-05,0.009901,0.000102,0.074244,0.000118,0.036073,0.043964,0.020405,0.01204,0.006294,61.95,23.6,0.0101,4e-06,60.0
har_14_25,HAR_0014_3p_full_odd_heavy_cond14,har_sim_14,14,ABC,B,train,Harmonics,1,SCENARIO_CONTROLLER,0.58417,0.800154,1.369727,9.3515,0.0,60.0,59.9977,20.31,0.822322,9.2e-05,0.061049,9.7e-05,0.029668,6.6e-05,0.036143,5.2e-05,0.016765,0.000106,0.009924,0.000112,0.07424,0.000118,0.036078,0.043952,0.020387,0.012068,0.006293,61.95,23.6,0.0101,4e-06,60.0
har_14_26,HAR_0014_3p_full_odd_heavy_cond14,har_sim_14,14,ABC,B,train,Harmonics,1,SCENARIO_CONTROLLER,0.584174,0.800154,1.36972,9.3516,0.0,60.0,59.9977,20.31,0.822326,8.8e-05,0.061045,7.6e-05,0.029691,4.8e-05,0.036133,5.5e-05,0.016777,0.000119,0.009935,0.000107,0.074235,9.2e-05,0.036106,0.04394,0.020402,0.012082,0.006294,61.95,23.6,0.0101,4e-06,60.0
har_14_27,HAR_0014_3p_full_odd_heavy_cond14,har_sim_14,14,ABC,B,train,Harmonics,1,SCENARIO_CONTROLLER,0.584169,0.800154,1.369731,9.3496,0.0,60.0,60.001,20.31,0.82232,9.4e-05,0.061032,8.1e-05,0.029683,4.6e-05,0.036128,5.4e-05,0.016771,0.000111,0.009929,0.000114,0.074219,9.9e-05,0.036097,0.043934,0.020395,0.012074,0.006291,61.95,23.6,0.0101,4e-06,60.0
har_14_28,HAR_0014_3p_full_odd_heavy_cond14,har_sim_14,14,ABC,B,train,Harmonics,1,SCENARIO_CONTROLLER,0.584172,0.800154,1.369724,9.3495,0.0,60.0,60.001,20.31,0.822325,8.5e-05,0.061025,9e-05,0.029681,4.2e-05,0.03614,7.1e-05,0.016756,9.6e-05,0.009943,0.000103,0.07421,0.000109,0.036094,0.043949,0.020376,0.012091,0.006291,61.95,23.6,0.0101,4e-06,60.0
har_14_29,HAR_0014_3p_full_odd_heavy_cond14,har_sim_14,14,ABC,B,train,Harmonics,1,SCENARIO_CONTROLLER,0.584179,0.800154,1.369707,9.3489,0.0,60.0,60.001,20.31,0.822335,7.8e-05,0.061028,7.3e-05,0.029669,4.7e-05,0.036135,6.7e-05,0.01676,9.8e-05,0.009941,9.5e-05,0.074213,8.9e-05,0.036079,0.043942,0.020381,0.012089,0.00629,61.95,23.6,0.0101,4e-06,60.0
har_14_30,HAR_0014_3p_full_odd_heavy_cond14,har_sim_14,14,ABC,B,train,Harmonics,1,SCENARIO_CONTROLLER,0.584185,0.800154,1.369692,9.3512,0.0,60.0,59.9994,20.31,0.822343,9e-05,0.061048,9e-05,0.029681,3.5e-05,0.036132,6.8e-05,0.016756,9.5e-05,0.009959,0.000109,0.074237,0.000109,0.036093,0.043938,0.020376,0.012111,0.006293,61.95,23.6,0.0101,4e-06,60.0
har_14_31,HAR_0014_3p_full_odd_heavy_cond14,har_sim_14,14,ABC,B,train,Harmonics,1,SCENARIO_CONTROLLER,0.584179,0.800154,1.369706,9.3504,0.0,60.0,59.9994,20.31,0.822335,9.8e-05,0.061032,7.8e-05,0.02969,3.3e-05,0.036138,5.6e-05,0.016745,0.000109,0.009975,0.000119,0.074218,9.5e-05,0.036105,0.043946,0.020363,0.01213,0.006292,61.95,23.6,0.0101,4e-06,60.0
har_14_32,HAR_0014_3p_full_odd_heavy_cond14,har_sim_14,14,ABC,B,train,Harmonics,1,SCENARIO_CONTROLLER,0.584186,0.800154,1.36969,9.3509,0.0,60.0,59.9994,20.31,0.822345,0.000102,0.061036,8e-05,0.029695,2.9e-05,0.036138,4.5e-05,0.016732,0.000104,0.009967,0.000124,0.074222,9.7e-05,0.03611,0.043945,0.020347,0.01212,0.006292,61.95,23.59,0.0101,4e-06,60.0
har_15_01,HAR_0015_3p_12pulse_cond15,har_sim_15,15,ABC,B,train,Harmonics,1,SCENARIO_CONTROLLER,0.603285,0.891041,1.476981,6.8498,0.0,60.0,59.9996,23.12,0.851101,9.4e-05,1.4e-05,3.8e-05,0.035124,9e-05,0.04653,0.000142,4e-05,3.3e-05,0.011422,0.00011,1.6e-05,4.5e-05,0.041269,0.05467,4.7e-05,0.01342,0.003529,61.59,23.61,0.0056,4e-06,60.0
har_15_02,HAR_0015_3p_12pulse_cond15,har_sim_15,15,ABC,B,train,Harmonics,1,SCENARIO_CONTROLLER,0.603276,0.891041,1.477003,6.8487,0.0,60.0,60.0014,23.12,0.851089,8.6e-05,3.1e-05,1.9e-05,0.035119,7.9e-05,0.046521,0.000156,3.8e-05,3e-05,0.011436,0.000101,3.6e-05,2.2e-05,0.041264,0.054661,4.5e-05,0.013437,0.003528,61.59,23.61,0.0056,4e-06,60.0
har_15_03,HAR_0015_3p_12pulse_cond15,har_sim_15,15,ABC,B,train,Harmonics,1,SCENARIO_CONTROLLER,0.603283,0.891041,1.476988,6.8487,0.0,60.0,60.0014,23.12,0.851098,0.000105,5.3e-05,2.9e-05,0.035116,8.8e-05,0.046524,0.000148,4.9e-05,2.8e-05,0.011427,0.000123,6.2e-05,3.4e-05,0.04126,0.054664,5.8e-05,0.013426,0.003528,61.59,23.61,0.0056,4e-06,60.0
har_15_04,HAR_0015_3p_12pulse_cond15,har_sim_15,15,ABC,B,train,Harmonics,1,SCENARIO_CONTROLLER,0.603286,0.891041,1.476979,6.8493,0.0,60.0,60.0014,23.12,0.851102,0.000115,6.6e-05,3.7e-05,0.035117,8.6e-05,0.04653,0.000149,5.8e-05,1.6e-05,0.011436,0.000135,7.8e-05,4.3e-05,0.041261,0.05467,6.8e-05,0.013437,0.003529,61.59,23.61,0.0056,4e-06,60.0
har_15_05,HAR_0015_3p_12pulse_cond15,har_sim_15,15,ABC,B,train,Harmonics,1,SCENARIO_CONTROLLER,0.603288,0.891041,1.476974,6.8489,0.0,60.0,60.0002,23.12,0.851105,0.000124,5.7e-05,4.3e-05,0.035125,9.2e-05,0.04652,0.000136,5.3e-05,2.1e-05,0.011434,0.000146,6.7e-05,5.1e-05,0.04127,0.054658,6.2e-05,0.013434,0.003529,61.59,23.6,0.0056,4e-06,60.0
har_15_06,HAR_0015_3p_12pulse_cond15,har_sim_15,15,ABC,B,train,Harmonics,1,SCENARIO_CONTROLLER,0.603287,0.891041,1.476977,6.8494,0.0,60.0,60.0002,23.12,0.851103,0.000123,5.9e-05,4.2e-05,0.035133,0.000104,0.046519,0.000135,4.6e-05,2.3e-05,0.011429,0.000145,6.9e-05,4.9e-05,0.041279,0.054657,5.4e-05,0.013428,0.003529,61.59,23.6,0.0056,4e-06,60.0
har_15_07,HAR_0015_3p_12pulse_cond15,har_sim_15,15,ABC,B,train,Harmonics,1,SCENARIO_CONTROLLER,0.603287,0.891041,1.476977,6.8499,0.0,60.0,60.0002,23.12,0.851103,0.000115,7.2e-05,4.1e-05,0.035134,0.000108,0.046524,0.000131,3.8e-05,2.2e-05,0.011418,0.000135,8.5e-05,4.8e-05,0.041281,0.054663,4.5e-05,0.013416,0.003529,61.59,23.6,0.0056,4e-06,60.0
har_15_08,HAR_0015_3p_12pulse_cond15,har_sim_15,15,ABC,B,train,Harmonics,1,SCENARIO_CONTROLLER,0.603289,0.891041,1.476972,6.8524,0.0,60.0,60.0006,23.11,0.851105,0.000115,6e-05,3.1e-05,0.035162,0.000124,0.046529,0.000156,5.1e-05,2.8e-05,0.011416,0.000135,7e-05,3.6e-05,0.041313,0.054669,6e-05,0.013413,0.003532,61.59,23.6,0.0056,4e-06,60.0
har_15_09,HAR_0015_3p_12pulse_cond15,har_sim_15,15,ABC,B,train,Harmonics,1,SCENARIO_CONTROLLER,0.603259,0.890626,1.476357,6.8521,0.0,60.0,60.0006,23.11,0.851062,8.4e-05,4.4e-05,2.5e-05,0.035168,0.000121,0.046517,0.000145,6.1e-05,1.9e-05,0.011425,9.9e-05,5.2e-05,2.9e-05,0.041322,0.054658,7.2e-05,0.013424,0.003531,61.59,23.6,0.0056,4e-06,60.0
har_15_10,HAR_0015_3p_12pulse_cond15,har_sim_15,15,ABC,B,train,Harmonics,1,SCENARIO_CONTROLLER,0.603256,0.890626,1.476364,6.8532,0.0,60.0,60.0006,23.11,0.851058,8.5e-05,4.6e-05,2.9e-05,0.035173,0.000114,0.046526,0.000151,6e-05,2.8e-05,0.011429,0.0001,5.4e-05,3.4e-05,0.041329,0.054668,7.1e-05,0.013429,0.003532,61.59,23.61,0.0056,4e-06,60.0
har_15_11,HAR_0015_3p_12pulse_cond15,har_sim_15,15,ABC,B,train,Harmonics,1,SCENARIO_CONTROLLER,0.603241,0.890626,1.476401,6.8545,0.0,60.0,60.002,23.11,0.851036,9.3e-05,7.6e-05,1e-05,0.035191,0.000101,0.046524,0.00016,5.2e-05,5.2e-05,0.011406,0.000109,8.9e-05,1.2e-05,0.041351,0.054667,6.1e-05,0.013402,0.003533,61.59,23.61,0.0056,4e-06,60.0
har_15_12,HAR_0015_3p_12pulse_cond15,har_sim_15,15,ABC,B,train,Harmonics,1,SCENARIO_CONTROLLER,0.60325,0.890626,1.47638,6.8549,0.0,60.0,60.002,23.11,0.851048,8.6e-05,8.2e-05,1.6e-05,0.035182,0.0001,0.046535,0.000148,4.3e-05,5.8e-05,0.011405,0.000101,9.6e-05,1.9e-05,0.04134,0.05468,5.1e-05,0.013401,0.003533,61.59,23.61,0.0056,4e-06,60.0
har_15_13,HAR_0015_3p_12pulse_cond15,har_sim_15,15,ABC,B,train,Harmonics,1,SCENARIO_CONTROLLER,0.603241,0.890626,1.476401,6.8538,0.0,60.0,60.0014,23.11,0.851037,5.6e-05,0.000108,3.4e-05,0.035169,9.3e-05,0.046533,0.000146,4e-05,5.7e-05,0.01141,6.6e-05,0.000127,4e-05,0.041325,0.054678,4.7e-05,0.013407,0.003532,61.59,23.6,0.0056,4e-06,60.0
har_15_14,HAR_0015_3p_12pulse_cond15,har_sim_15,15,ABC,B,train,Harmonics,1,SCENARIO_CONTROLLER,0.603229,0.890626,1.47643,6.8525,0.0,60.0,60.0014,23.11,0.851021,4.6e-05,0.000118,2.1e-05,0.035187,8e-05,0.046504,0.000131,3.7e-05,3.5e-05,0.011395,5.4e-05,0.000139,2.5e-05,0.041347,0.054645,4.3e-05,0.01339,0.003531,61.59,23.59,0.0056,4e-06,60.0
har_15_15,HAR_0015_3p_12pulse_cond15,har_sim_15,15,ABC,B,train,Harmonics,1,SCENARIO_CONTROLLER,0.603235,0.890626,1.476416,6.852,0.0,60.0,60.0014,23.12,0.851029,5.2e-05,0.000121,2.8e-05,0.035194,8.4e-05,0.046494,0.000121,5.1e-05,5.4e-05,0.011418,6.1e-05,0.000142,3.3e-05,0.041355,0.054633,6e-05,0.013417,0.003531,61.59,23.59,0.0056,4e-06,60.0
har_15_16,HAR_0015_3p_12pulse_cond15,har_sim_15,15,ABC,B,train,Harmonics,1,SCENARIO_CONTROLLER,0.60324,0.890626,1.476404,6.8535,0.0,60.0,59.9981,23.11,0.851034,5.8e-05,0.000122,2.4e-05,0.035199,8.7e-05,0.046507,0.000138,4.9e-05,5.7e-05,0.011423,6.8e-05,0.000143,2.8e-05,0.04136,0.054648,5.8e-05,0.013422,0.003532,61.59,23.59,0.0056,4e-06,60.0
har_15_17,HAR_0015_3p_12pulse_cond15,har_sim_15,15,ABC,B,train,Harmonics,1,SCENARIO_CONTROLLER,0.603243,0.890626,1.476397,6.8532,0.0,60.0,59.9981,23.11,0.851039,4.9e-05,0.000129,1.6e-05,0.035211,5.8e-05,0.046495,0.000121,4.9e-05,7.6e-05,0.011411,5.8e-05,0.000152,1.9e-05,0.041374,0.054633,5.8e-05,0.013408,0.003532,61.59,23.59,0.0056,4e-06,60.0
har_15_18,HAR_0015_3p_12pulse_cond15,har_sim_15,15,ABC,B,train,Harmonics,1,SCENARIO_CONTROLLER,0.603252,0.890626,1.476375,6.8549,0.0,60.0,59.9981,23.11,0.851051,3.8e-05,0.00014,2.6e-05,0.035211,7.3e-05,0.046514,9.7e-05,5.8e-05,9e-05,0.011402,4.5e-05,0.000165,3.1e-05,0.041374,0.054655,6.8e-05,0.013398,0.003533,61.59,23.59,0.0056,4e-06,60.0
har_15_19,HAR_0015_3p_12pulse_cond15,har_sim_15,15,ABC,B,train,Harmonics,1,SCENARIO_CONTROLLER,0.603247,0.890626,1.476386,6.8526,0.0,60.0,59.9983,23.11,0.851046,3e-05,0.000154,3.9e-05,0.035193,5.5e-05,0.046503,9.5e-05,5.7e-05,9.8e-05,0.011396,3.5e-05,0.000181,4.6e-05,0.041353,0.054642,6.7e-05,0.013391,0.003531,61.59,23.58,0.0056,4e-06,60.0
har_15_20,HAR_0015_3p_12pulse_cond15,har_sim_15,15,ABC,B,train,Harmonics,1,SCENARIO_CONTROLLER,0.603245,0.890626,1.476392,6.8532,0.0,60.0,59.9983,23.11,0.851042,4.7e-05,0.000177,3e-05,0.035213,6.8e-05,0.046493,9.9e-05,6.4e-05,8.7e-05,0.011394,5.5e-05,0.000208,3.5e-05,0.041376,0.054631,7.5e-05,0.013388,0.003531,61.59,23.58,0.0056,4e-06,60.0
har_15_21,HAR_0015_3p_12pulse_cond15,har_sim_15,15,ABC,B,train,Harmonics,1,SCENARIO_CONTROLLER,0.603243,0.890626,1.476397,6.8517,0.0,60.0,59.9983,23.12,0.85104,5.3e-05,0.000188,2.2e-05,0.035206,9e-05,0.046483,0.000106,7.4e-05,6.1e-05,0.011385,6.2e-05,0.000221,2.6e-05,0.041368,0.054619,8.7e-05,0.013378,0.00353,61.59,23.57,0.0056,4e-06,60.0
har_15_22,HAR_0015_3p_12pulse_cond15,har_sim_15,15,ABC,B,train,Harmonics,1,SCENARIO_CONTROLLER,0.603245,0.890626,1.476391,6.8495,0.0,60.0,60.0004,23.12,0.851045,5.7e-05,0.000171,4.3e-05,0.035215,7.8e-05,0.046453,0.000104,9e-05,6.7e-05,0.011391,6.7e-05,0.000201,5.1e-05,0.041379,0.054583,0.000106,0.013385,0.003528,61.59,23.57,0.0056,4e-06,60.0
har_15_23,HAR_0015_3p_12pulse_cond15,har_sim_15,15,ABC,B,train,Harmonics,1,SCENARIO_CONTROLLER,0.603235,0.890626,1.476417,6.8486,0.0,60.0,60.0004,23.12,0.85103,7.4e-05,0.000151,5e-05,0.03519,7.7e-05,0.046461,9.9e-05,0.000109,7.1e-05,0.011389,8.7e-05,0.000177,5.9e-05,0.04135,0.054594,0.000128,0.013383,0.003527,61.59,23.57,0.0056,4e-06,60.0
har_15_24,HAR_0015_3p_12pulse_cond15,har_sim_15,15,ABC,B,train,Harmonics,1,SCENARIO_CONTROLLER,0.603226,0.890626,1.476438,6.8506,0.0,60.0,60.0024,23.12,0.851017,8.1e-05,0.000157,4.4e-05,0.035197,9.5e-05,0.046475,0.000112,9.9e-05,6.8e-05,0.011379,9.5e-05,0.000184,5.2e-05,0.041359,0.054611,0.000116,0.013371,0.003528,61.59,23.57,0.0056,4e-06,60.0
har_15_25,HAR_0015_3p_12pulse_cond15,har_sim_15,15,ABC,B,train,Harmonics,1,SCENARIO_CONTROLLER,0.603235,0.890626,1.476416,6.8494,0.0,60.0,60.0024,23.12,0.851031,8e-05,0.000145,5e-05,0.035186,9.2e-05,0.046473,0.000111,0.000117,4.7e-05,0.011386,9.4e-05,0.00017,5.9e-05,0.041345,0.054608,0.000137,0.013379,0.003528,61.59,23.57,0.0056,4e-06,60.0
har_15_26,HAR_0015_3p_12pulse_cond15,har_sim_15,15,ABC,B,train,Harmonics,1,SCENARIO_CONTROLLER,0.603251,0.890626,1.476378,6.8482,0.0,60.0,60.0024,23.12,0.851053,9.7e-05,0.000156,4.8e-05,0.035184,0.0001,0.046463,0.000101,0.00012,4.9e-05,0.011381,0.000114,0.000183,5.6e-05,0.041342,0.054595,0.000141,0.013373,0.003526,61.59,23.57,0.0056,4e-06,60.0
har_15_27,HAR_0015_3p_12pulse_cond15,har_sim_15,15,ABC,B,train,Harmonics,1,SCENARIO_CONTROLLER,0.603255,0.890626,1.476368,6.8498,0.0,60.0,60.0026,23.12,0.851059,0.0001,0.000149,5.4e-05,0.035192,9.8e-05,0.046474,9.7e-05,0.00011,5e-05,0.011359,0.000118,0.000175,6.3e-05,0.041351,0.054607,0.000129,0.013347,0.003527,61.59,23.57,0.0056,4e-06,60.0
har_15_28,HAR_0015_3p_12pulse_cond15,har_sim_15,15,ABC,B,train,Harmonics,1,SCENARIO_CONTROLLER,0.603246,0.890626,1.476389,6.8509,0.0,60.0,60.0026,23.12,0.851046,9.6e-05,0.000155,5.6e-05,0.035189,0.000104,0.046487,8.3e-05,0.000103,4.7e-05,0.011367,0.000113,0.000182,6.6e-05,0.041348,0.054623,0.000121,0.013357,0.003529,61.59,23.57,0.0056,4e-06,60.0
har_15_29,HAR_0015_3p_12pulse_cond15,har_sim_15,15,ABC,B,train,Harmonics,1,SCENARIO_CONTROLLER,0.603247,0.890626,1.476387,6.852,0.0,60.0,60.0026,23.12,0.851046,0.0001,0.000145,5.3e-05,0.035189,0.000105,0.0465,6e-05,0.00013,6.5e-05,0.011361,0.000118,0.00017,6.2e-05,0.041348,0.054639,0.000153,0.013349,0.00353,61.59,23.57,0.0056,4e-06,60.0
har_15_30,HAR_0015_3p_12pulse_cond15,har_sim_15,15,ABC,B,train,Harmonics,1,SCENARIO_CONTROLLER,0.603254,0.890626,1.476369,6.855,0.0,60.0,59.9992,23.11,0.851055,9.5e-05,0.000131,3.1e-05,0.035214,0.000128,0.046513,7.6e-05,0.000116,6e-05,0.011347,0.000112,0.000154,3.6e-05,0.041377,0.054653,0.000136,0.013333,0.003532,61.59,23.58,0.0056,4e-06,60.0
har_15_31,HAR_0015_3p_12pulse_cond15,har_sim_15,15,ABC,B,train,Harmonics,1,SCENARIO_CONTROLLER,0.603262,0.890626,1.47635,6.8543,0.0,60.0,59.9992,23.11,0.851066,0.000104,0.000127,4.4e-05,0.035218,0.000138,0.046504,6.4e-05,0.000108,8.2e-05,0.011358,0.000122,0.000149,5.2e-05,0.041381,0.054642,0.000127,0.013346,0.003532,61.59,23.58,0.0056,4e-06,60.0
har_15_32,HAR_0015_3p_12pulse_cond15,har_sim_15,15,ABC,B,train,Harmonics,1,SCENARIO_CONTROLLER,0.603257,0.890626,1.476363,6.8561,0.0,60.0,59.9992,23.11,0.851058,9.9e-05,0.000121,5.5e-05,0.03523,0.000133,0.046514,7.5e-05,0.000118,8e-05,0.01136,0.000116,0.000142,6.5e-05,0.041396,0.054654,0.000139,0.013348,0.003534,61.59,23.58,0.0056,4e-06,60.0
har_16_01,HAR_0016_3p_12pulse_heavy_cond16,har_sim_16,16,ABC,B,train,Harmonics,1,SCENARIO_CONTROLLER,0.593696,0.824988,1.389579,8.3425,0.0,60.0,60.0,21.36,0.836561,2.3e-05,0.000104,0.000116,0.043429,4.2e-05,0.054631,9.6e-05,2.3e-05,0.000112,0.015547,2.7e-05,0.000124,0.000139,0.051914,0.065304,2.7e-05,0.018584,0.005112,62.38,28.86,0.0079,4e-06,60.0
har_16_02,HAR_0016_3p_12pulse_heavy_cond16,har_sim_16,16,ABC,B,train,Harmonics,1,SCENARIO_CONTROLLER,0.593691,0.824988,1.389591,8.343,0.0,60.0,60.0016,21.36,0.836553,8e-06,9.2e-05,0.000128,0.043431,3.6e-05,0.054634,8.6e-05,2.1e-05,0.000109,0.015546,1e-05,0.00011,0.000153,0.051917,0.065308,2.5e-05,0.018583,0.005113,62.38,28.86,0.0079,4e-06,60.0
har_16_03,HAR_0016_3p_12pulse_heavy_cond16,har_sim_16,16,ABC,B,train,Harmonics,1,SCENARIO_CONTROLLER,0.593693,0.824988,1.389586,8.3429,0.0,60.0,60.0016,21.36,0.836556,8e-06,9.9e-05,0.000123,0.043428,3.8e-05,0.054636,8.8e-05,2.1e-05,0.000107,0.01555,1e-05,0.000118,0.000147,0.051913,0.065311,2.5e-05,0.018588,0.005113,62.38,28.87,0.0079,4e-06,60.0
har_16_04,HAR_0016_3p_12pulse_heavy_cond16,har_sim_16,16,ABC,B,train,Harmonics,1,SCENARIO_CONTROLLER,0.593683,0.824988,1.38961,8.344,0.0,60.0,60.0016,21.36,0.836542,1.6e-05,0.000107,0.000131,0.043434,3.9e-05,0.054641,8.4e-05,2.6e-05,9.1e-05,0.015529,1.9e-05,0.000128,0.000157,0.051921,0.065318,3.1e-05,0.018563,0.005113,62.38,28.86,0.0079,4e-06,60.0
har_16_05,HAR_0016_3p_12pulse_heavy_cond16,har_sim_16,16,ABC,B,train,Harmonics,1,SCENARIO_CONTROLLER,0.593682,0.824988,1.389612,8.3418,0.0,60.0,59.9985,21.36,0.836542,1.5e-05,0.000107,0.000134,0.043422,3.7e-05,0.054627,7.8e-05,2.6e-05,0.000111,0.015551,1.8e-05,0.000128,0.00016,0.051907,0.065301,3.1e-05,0.01859,0.005111,62.38,28.87,0.0079,4e-06,60.0
har_16_06,HAR_0016_3p_12pulse_heavy_cond16,har_sim_16,16,ABC,B,train,Harmonics,1,SCENARIO_CONTROLLER,0.593689,0.824988,1.389597,8.3416,0.0,60.0,59.9985,21.36,0.836551,2.6e-05,9.1e-05,0.000123,0.043433,2.3e-05,0.054618,8.1e-05,2.1e-05,0.000108,0.015556,3.1e-05,0.000109,0.000147,0.051919,0.06529,2.5e-05,0.018595,0.005112,62.38,28.87,0.0079,3e-06,60.0
har_16_07,HAR_0016_3p_12pulse_heavy_cond16,har_sim_16,16,ABC,B,train,Harmonics,1,SCENARIO_CONTROLLER,0.593697,0.824988,1.389578,8.3422,0.0,60.0,59.9985,21.36,0.836561,3.7e-05,0.000111,0.000123,0.043446,1.4e-05,0.054615,7.8e-05,1.7e-05,9.9e-05,0.015561,4.4e-05,0.000133,0.000147,0.051934,0.065285,2e-05,0.018601,0.005113,62.38,28.87,0.0079,4e-06,60.0
har_16_08,HAR_0016_3p_12pulse_heavy_cond16,har_sim_16,16,ABC,B,train,Harmonics,1,SCENARIO_CONTROLLER,0.593702,0.824988,1.389567,8.3411,0.0,60.0,59.9994,21.36,0.836569,4.7e-05,0.000122,0.000109,0.043435,1.2e-05,0.054613,6.7e-05,1.4e-05,9.7e-05,0.015565,5.6e-05,0.000146,0.00013,0.05192,0.065282,1.7e-05,0.018606,0.005111,62.38,28.87,0.0079,4e-06,60.0
har_16_09,HAR_0016_3p_12pulse_heavy_cond16,har_sim_16,16,ABC,B,train,Harmonics,1,SCENARIO_CONTROLLER,0.593698,0.824988,1.389576,8.3401,0.0,60.0,59.9994,21.36,0.836564,3.7e-05,0.000115,0.000113,0.04344,2.9e-05,0.054597,6.8e-05,2.5e-05,0.000108,0.015554,4.4e-05,0.000137,0.000135,0.051927,0.065263,3e-05,0.018593,0.00511,62.38,28.86,0.0079,4e-06,60.0
har_16_10,HAR_0016_3p_12pulse_heavy_cond16,har_sim_16,16,ABC,B,train,Harmonics,1,SCENARIO_CONTROLLER,0.593703,0.824988,1.389564,8.3391,0.0,60.0,59.9988,21.36,0.836572,2.5e-05,0.000127,0.000108,0.043454,4.7e-05,0.054576,4.6e-05,4e-06,8.1e-05,0.015536,3e-05,0.000152,0.000129,0.051943,0.065238,5e-06,0.018571,0.005108,62.38,28.85,0.0079,4e-06,60.0
har_16_11,HAR_0016_3p_12pulse_heavy_cond16,har_sim_16,16,ABC,B,train,Harmonics,1,SCENARIO_CONTROLLER,0.5937,0.824988,1.389571,8.3373,0.0,60.0,59.9999,21.37,0.836569,2.7e-05,0.000131,0.000116,0.043447,4.1e-05,0.054562,3.8e-05,1.5e-05,9e-05,0.015543,3.2e-05,0.000157,0.000139,0.051935,0.065221,1.8e-05,0.018579,0.005106,62.38,28.84,0.0079,4e-06,60.0
har_16_12,HAR_0016_3p_12pulse_heavy_cond16,har_sim_16,16,ABC,B,train,Harmonics,1,SCENARIO_CONTROLLER,0.593709,0.824988,1.38955,8.339,0.0,60.0,59.9999,21.36,0.836581,2.8e-05,0.000129,0.000118,0.043443,5.4e-05,0.054585,1.8e-05,4.1e-05,0.000106,0.015529,3.3e-05,0.000154,0.000141,0.051929,0.065248,4.9e-05,0.018562,0.005108,62.38,28.85,0.0079,4e-06,60.0
har_16_13,HAR_0016_3p_12pulse_heavy_cond16,har_sim_16,16,ABC,B,train,Harmonics,1,SCENARIO_CONTROLLER,0.593707,0.824988,1.389554,8.3392,0.0,60.0,59.9985,21.36,0.836578,2.4e-05,0.000129,0.000113,0.043443,5.5e-05,0.054587,2.3e-05,5.2e-05,0.0001,0.01553,2.9e-05,0.000154,0.000135,0.051929,0.06525,6.2e-05,0.018564,0.005108,62.38,28.85,0.0079,4e-06,60.0
har_16_14,HAR_0016_3p_12pulse_heavy_cond16,har_sim_16,16,ABC,B,train,Harmonics,1,SCENARIO_CONTROLLER,0.593701,0.824988,1.389569,8.3395,0.0,60.0,59.9985,21.36,0.836569,1.4e-05,0.000124,0.000115,0.043439,4.1e-05,0.054592,9e-06,4.1e-05,0.000106,0.015545,1.7e-05,0.000148,0.000137,0.051925,0.065257,4.9e-05,0.018582,0.005109,62.38,28.85,0.0079,4e-06,60.0
har_16_15,HAR_0016_3p_12pulse_heavy_cond16,har_sim_16,16,ABC,B,train,Harmonics,1,SCENARIO_CONTROLLER,0.593691,0.824988,1.389591,8.3389,0.0,60.0,59.9985,21.36,0.836556,2.7e-05,0.000116,0.000127,0.043439,4.9e-05,0.054585,2e-05,4.5e-05,9.8e-05,0.015566,3.2e-05,0.000139,0.000152,0.051926,0.06525,5.4e-05,0.018607,0.005109,62.38,28.86,0.0079,4e-06,60.0
har_16_16,HAR_0016_3p_12pulse_heavy_cond16,har_sim_16,16,ABC,B,train,Harmonics,1,SCENARIO_CONTROLLER,0.593699,0.824988,1.389574,8.3395,0.0,60.0,60.0001,21.36,0.836566,1.6e-05,0.000138,0.00015,0.04344,4.1e-05,0.054591,2.5e-05,5.6e-05,0.000102,0.015581,1.9e-05,0.000165,0.000179,0.051927,0.065256,6.7e-05,0.018625,0.00511,62.38,28.87,0.0079,4e-06,60.0
har_16_17,HAR_0016_3p_12pulse_heavy_cond16,har_sim_16,16,ABC,B,train,Harmonics,1,SCENARIO_CONTROLLER,0.593688,0.824988,1.389598,8.3402,0.0,60.0,60.0001,21.36,0.83655,1.3e-05,0.000152,0.000165,0.043423,6.2e-05,0.05461,2.4e-05,6.7e-05,0.000101,0.015594,1.6e-05,0.000182,0.000197,0.051907,0.06528,8e-05,0.018641,0.005111,62.38,28.88,0.0079,4e-06,60.0
har_16_18,HAR_0016_3p_12pulse_heavy_cond16,har_sim_16,16,ABC,B,train,Harmonics,1,SCENARIO_CONTROLLER,0.593669,0.824988,1.389643,8.3428,0.0,60.0,60.0001,21.36,0.836521,2.3e-05,0.000164,0.000143,0.04343,6.3e-05,0.054629,4.8e-05,6.2e-05,8.3e-05,0.015601,2.7e-05,0.000196,0.000171,0.051917,0.065305,7.4e-05,0.01865,0.005114,62.38,28.89,0.0079,4e-06,60.0
har_16_19,HAR_0016_3p_12pulse_heavy_cond16,har_sim_16,16,ABC,B,train,Harmonics,1,SCENARIO_CONTROLLER,0.593671,0.824988,1.389639,8.3423,0.0,60.0,60.0002,21.36,0.836524,3.8e-05,0.00017,0.000134,0.043423,6.5e-05,0.05463,5.5e-05,5.4e-05,7.7e-05,0.015605,4.5e-05,0.000203,0.00016,0.051909,0.065306,6.5e-05,0.018655,0.005114,62.38,28.89,0.0079,4e-06,60.0
har_16_20,HAR_0016_3p_12pulse_heavy_cond16,har_sim_16,16,ABC,B,train,Harmonics,1,SCENARIO_CONTROLLER,0.593674,0.825558,1.390593,8.342,0.0,60.0,60.0002,21.36,0.836528,3.6e-05,0.000182,0.000127,0.04341,5e-05,0.054637,6.3e-05,4.9e-05,8.7e-05,0.015606,4.3e-05,0.000218,0.000152,0.051893,0.065314,5.9e-05,0.018656,0.005113,62.38,28.89,0.0079,4e-06,60.0
har_16_21,HAR_0016_3p_12pulse_heavy_cond16,har_sim_16,16,ABC,B,train,Harmonics,1,SCENARIO_CONTROLLER,0.593681,0.825558,1.390575,8.3405,0.0,60.0,60.0002,21.36,0.83654,5.2e-05,0.000169,0.000102,0.043398,4.2e-05,0.054632,7.1e-05,5.1e-05,8.1e-05,0.015599,6.2e-05,0.000202,0.000122,0.051878,0.065307,6.1e-05,0.018647,0.005111,62.38,28.89,0.0079,4e-06,60.0
har_16_22,HAR_0016_3p_12pulse_heavy_cond16,har_sim_16,16,ABC,B,train,Harmonics,1,SCENARIO_CONTROLLER,0.59368,0.825558,1.390579,8.3392,0.0,60.0,60.0001,21.36,0.836538,5.2e-05,0.000161,9.1e-05,0.043396,5.8e-05,0.054619,6.3e-05,5.4e-05,9.9e-05,0.01562,6.2e-05,0.000192,0.000109,0.051876,0.065292,6.5e-05,0.018672,0.00511,62.38,28.89,0.0079,4e-06,60.0
har_16_23,HAR_0016_3p_12pulse_heavy_cond16,har_sim_16,16,ABC,B,train,Harmonics,1,SCENARIO_CONTROLLER,0.593689,0.825558,1.390558,8.3398,0.0,60.0,60.0001,21.36,0.83655,4.3e-05,0.000157,9.6e-05,0.043388,7.1e-05,0.054633,7.3e-05,6.6e-05,0.000106,0.015619,5.1e-05,0.000188,0.000115,0.051865,0.065308,7.9e-05,0.018671,0.005111,62.38,28.89,0.0079,4e-06,60.0
har_16_24,HAR_0016_3p_12pulse_heavy_cond16,har_sim_16,16,ABC,B,train,Harmonics,1,SCENARIO_CONTROLLER,0.593683,0.825558,1.39057,8.3385,0.0,60.0,60.0004,21.36,0.836543,3.5e-05,0.000138,0.000109,0.043367,8.8e-05,0.054636,6.6e-05,4.8e-05,0.000106,0.015628,4.2e-05,0.000165,0.00013,0.051841,0.065312,5.7e-05,0.018682,0.00511,62.38,28.9,0.0079,4e-06,60.0
har_16_25,HAR_0016_3p_12pulse_heavy_cond16,har_sim_16,16,ABC,B,train,Harmonics,1,SCENARIO_CONTROLLER,0.593679,0.825558,1.39058,8.3386,0.0,60.0,60.0004,21.36,0.836537,4.1e-05,0.000131,0.000113,0.043368,8.7e-05,0.054636,7e-05,4.3e-05,0.000116,0.015619,4.9e-05,0.000157,0.000135,0.051842,0.065312,5.1e-05,0.018671,0.00511,62.38,28.9,0.0079,4e-06,60.0
har_16_26,HAR_0016_3p_12pulse_heavy_cond16,har_sim_16,16,ABC,B,train,Harmonics,1,SCENARIO_CONTROLLER,0.593672,0.825558,1.390595,8.3385,0.0,60.0,60.0004,21.36,0.836528,3.4e-05,0.00013,0.000123,0.043372,9.5e-05,0.05463,8.1e-05,5.3e-05,0.000108,0.015618,4.1e-05,0.000155,0.000147,0.051848,0.065306,6.3e-05,0.01867,0.00511,62.38,28.89,0.0079,4e-06,60.0
har_16_27,HAR_0016_3p_12pulse_heavy_cond16,har_sim_16,16,ABC,B,train,Harmonics,1,SCENARIO_CONTROLLER,0.593672,0.825558,1.390596,8.3366,0.0,60.0,60.0002,21.36,0.836529,2.5e-05,0.000131,0.000125,0.043359,8.5e-05,0.05462,9.7e-05,6.6e-05,9.7e-05,0.015612,3e-05,0.000157,0.000149,0.051832,0.065294,7.9e-05,0.018663,0.005107,62.38,28.88,0.0079,4e-06,60.0
har_16_28,HAR_0016_3p_12pulse_heavy_cond16,har_sim_16,16,ABC,B,train,Harmonics,1,SCENARIO_CONTROLLER,0.593686,0.825558,1.390563,8.3351,0.0,60.0,60.0002,21.37,0.836551,4.7e-05,0.000157,0.000139,0.043345,8.8e-05,0.054618,9.9e-05,6.5e-05,9.8e-05,0.015606,5.6e-05,0.000188,0.000166,0.051814,0.06529,7.8e-05,0.018655,0.005106,62.38,28.87,0.0079,4e-06,60.0
har_16_29,HAR_0016_3p_12pulse_heavy_cond16,har_sim_16,16,ABC,B,train,Harmonics,1,SCENARIO_CONTROLLER,0.593694,0.825558,1.390545,8.3356,0.0,60.0,60.0002,21.37,0.836561,3.7e-05,0.000145,0.00015,0.043327,0.000107,0.054638,0.00012,5.2e-05,8.1e-05,0.01561,4.4e-05,0.000173,0.000179,0.051792,0.065313,6.2e-05,0.01866,0.005106,62.38,28.88,0.0079,4e-06,60.0
har_16_30,HAR_0016_3p_12pulse_heavy_cond16,har_sim_16,16,ABC,B,train,Harmonics,1,SCENARIO_CONTROLLER,0.593693,0.825558,1.390547,8.3332,0.0,60.0,59.9975,21.37,0.836561,4.3e-05,0.000146,0.000149,0.043315,0.000109,0.054622,0.000108,6.4e-05,8.1e-05,0.015607,5.1e-05,0.000175,0.000178,0.051777,0.065294,7.7e-05,0.018656,0.005103,62.38,28.87,0.0079,4e-06,60.0
har_16_31,HAR_0016_3p_12pulse_heavy_cond16,har_sim_16,16,ABC,B,train,Harmonics,1,SCENARIO_CONTROLLER,0.593686,0.825558,1.390564,8.3318,0.0,60.0,59.9975,21.37,0.836553,3.2e-05,0.000161,0.000134,0.043304,0.00011,0.054615,9.9e-05,6.6e-05,6.9e-05,0.015592,3.8e-05,0.000192,0.00016,0.051765,0.065286,7.9e-05,0.018638,0.005101,62.38,28.86,0.0079,4e-06,60.0
har_16_32,HAR_0016_3p_12pulse_heavy_cond16,har_sim_16,16,ABC,B,train,Harmonics,1,SCENARIO_CONTROLLER,0.593675,0.825558,1.39059,8.3316,0.0,60.0,59.9975,21.37,0.836536,2.1e-05,0.000167,0.000132,0.043305,0.000108,0.05461,0.000107,3.5e-05,9.3e-05,0.015618,2.5e-05,0.0002,0.000158,0.051767,0.065281,4.2e-05,0.01867,0.005102,62.38,28.87,0.0079,4e-06,60.0
har_17_01,HAR_0017_3p_full_odd_mild_cond17,har_sim_17,17,ABC,B,train,Harmonics,1,SCENARIO_CONTROLLER,0.593057,0.833988,1.406253,6.8937,0.0,60.0,60.0021,22.99,0.83661,1.5e-05,0.046139,6.2e-05,0.021307,6.4e-05,0.027266,5.8e-05,0.011883,8.9e-05,0.00666,1.8e-05,0.05515,7.4e-05,0.025468,0.032591,0.014204,0.007961,0.003512,61.04,17.27,0.0059,4e-06,60.0
har_17_02,HAR_0017_3p_full_odd_mild_cond17,har_sim_17,17,ABC,B,train,Harmonics,1,SCENARIO_CONTROLLER,0.593063,0.833988,1.406239,6.8953,0.0,60.0,59.9972,22.99,0.836618,9e-06,0.046151,7.7e-05,0.021311,6.6e-05,0.027271,5.4e-05,0.011877,0.000101,0.00665,1.1e-05,0.055164,9.2e-05,0.025473,0.032597,0.014196,0.007949,0.003513,61.04,17.27,0.0059,4e-06,60.0
har_17_03,HAR_0017_3p_full_odd_mild_cond17,har_sim_17,17,ABC,B,train,Harmonics,1,SCENARIO_CONTROLLER,0.593069,0.834345,1.406827,6.8961,0.0,60.0,59.9972,22.99,0.836626,2.8e-05,0.046159,8.6e-05,0.021305,6.9e-05,0.027278,4.2e-05,0.01186,0.000121,0.006655,3.3e-05,0.055173,0.000103,0.025465,0.032605,0.014176,0.007955,0.003514,61.04,17.27,0.0059,4e-06,60.0
har_17_04,HAR_0017_3p_full_odd_mild_cond17,har_sim_17,17,ABC,B,train,Harmonics,1,SCENARIO_CONTROLLER,0.593078,0.834345,1.406805,6.8942,0.0,60.0,59.9972,22.99,0.83664,2.7e-05,0.046142,0.000107,0.021288,6.3e-05,0.027289,4.9e-05,0.01187,0.000123,0.006658,3.2e-05,0.055152,0.000128,0.025445,0.032617,0.014188,0.007958,0.003512,61.04,17.27,0.0059,4e-06,60.0
har_17_05,HAR_0017_3p_full_odd_mild_cond17,har_sim_17,17,ABC,B,train,Harmonics,1,SCENARIO_CONTROLLER,0.593073,0.834345,1.406817,6.894,0.0,60.0,59.9973,22.99,0.836634,3.9e-05,0.046141,0.000121,0.021283,6e-05,0.027289,5.6e-05,0.01185,0.000107,0.006632,4.7e-05,0.055151,0.000145,0.025439,0.032618,0.014164,0.007927,0.003511,61.04,17.26,0.0059,4e-06,60.0
har_17_06,HAR_0017_3p_full_odd_mild_cond17,har_sim_17,17,ABC,B,train,Harmonics,1,SCENARIO_CONTROLLER,0.593062,0.834345,1.406844,6.8926,0.0,60.0,59.9973,22.99,0.836618,4.6e-05,0.046137,0.000109,0.021268,5.3e-05,0.02728,4.9e-05,0.01186,0.000118,0.006628,5.5e-05,0.055147,0.00013,0.025421,0.032607,0.014176,0.007922,0.00351,61.04,17.26,0.0059,4e-06,60.0
har_17_07,HAR_0017_3p_full_odd_mild_cond17,har_sim_17,17,ABC,B,train,Harmonics,1,SCENARIO_CONTROLLER,0.593053,0.834345,1.406864,6.8941,0.0,60.0,59.9973,22.99,0.836605,3.9e-05,0.046147,0.000113,0.021269,5.7e-05,0.027288,4e-05,0.011874,0.00012,0.006633,4.7e-05,0.05516,0.000135,0.025423,0.032618,0.014193,0.007928,0.003512,61.04,17.26,0.0059,4e-06,60.0
har_17_08,HAR_0017_3p_full_odd_mild_cond17,har_sim_17,17,ABC,B,train,Harmonics,1,SCENARIO_CONTROLLER,0.59305,0.834345,1.406871,6.8952,0.0,60.0,60.0014,22.99,0.836601,4e-05,0.046148,0.000111,0.021274,5.8e-05,0.027301,2.6e-05,0.011864,0.000114,0.006631,4.8e-05,0.055161,0.000133,0.025429,0.032633,0.014181,0.007926,0.003512,61.04,17.27,0.0059,4e-06,60.0
har_17_09,HAR_0017_3p_full_odd_mild_cond17,har_sim_17,17,ABC,B,train,Harmonics,1,SCENARIO_CONTROLLER,0.593061,0.834345,1.406846,6.8972,0.0,60.0,60.0014,22.99,0.836614,5.7e-05,0.046159,9.6e-05,0.021288,5.7e-05,0.02731,2e-05,0.011863,0.00012,0.006645,6.8e-05,0.055174,0.000115,0.025445,0.032643,0.01418,0.007943,0.003515,61.04,17.28,0.0059,4e-06,60.0
har_17_10,HAR_0017_3p_full_odd_mild_cond17,har_sim_17,17,ABC,B,train,Harmonics,1,SCENARIO_CONTROLLER,0.59306,0.834345,1.406847,6.9013,0.0,60.0,60.0014,22.98,0.836611,4.2e-05,0.04619,8.9e-05,0.021292,5.4e-05,0.027327,2.5e-05,0.011866,0.00012,0.00664,5e-05,0.055211,0.000106,0.02545,0.032664,0.014183,0.007937,0.003519,61.04,17.28,0.006,4e-06,60.0
har_17_11,HAR_0017_3p_full_odd_mild_cond17,har_sim_17,17,ABC,B,train,Harmonics,1,SCENARIO_CONTROLLER,0.59306,0.834345,1.406848,6.9006,0.0,60.0,60.0012,22.98,0.836611,4e-05,0.046193,9.1e-05,0.021284,4.4e-05,0.027315,1.3e-05,0.011878,0.000129,0.006638,4.8e-05,0.055214,0.000109,0.025441,0.03265,0.014198,0.007934,0.003518,61.04,17.28,0.006,4e-06,60.0
har_17_12,HAR_0017_3p_full_odd_mild_cond17,har_sim_17,17,ABC,B,train,Harmonics,1,SCENARIO_CONTROLLER,0.593067,0.834345,1.406831,6.9027,0.0,60.0,60.0012,22.98,0.83662,2.2e-05,0.04621,0.000103,0.021305,3.9e-05,0.027309,1.6e-05,0.011869,0.000114,0.006657,2.6e-05,0.055234,0.000123,0.025466,0.032642,0.014187,0.007957,0.00352,61.04,17.28,0.006,4e-06,60.0
har_17_13,HAR_0017_3p_full_odd_mild_cond17,har_sim_17,17,ABC,B,train,Harmonics,1,SCENARIO_CONTROLLER,0.593057,0.834345,1.406855,6.9022,0.0,60.0,59.9985,22.98,0.836606,4e-06,0.046209,8.6e-05,0.021292,4.6e-05,0.027309,1.9e-05,0.011871,0.000128,0.006644,5e-06,0.055234,0.000103,0.02545,0.032643,0.014189,0.007942,0.003519,61.04,17.28,0.006,4e-06,60.0
har_17_14,HAR_0017_3p_full_odd_mild_cond17,har_sim_17,17,ABC,B,train,Harmonics,1,SCENARIO_CONTROLLER,0.593058,0.834345,1.406853,6.903,0.0,60.0,59.9985,22.98,0.836607,7e-06,0.046219,7.7e-05,0.021278,4.1e-05,0.027316,6e-06,0.011855,0.000143,0.006651,8e-06,0.055246,9.2e-05,0.025434,0.032651,0.01417,0.00795,0.00352,61.04,17.29,0.006,4e-06,60.0
har_17_15,HAR_0017_3p_full_odd_mild_cond17,har_sim_17,17,ABC,B,train,Harmonics,1,SCENARIO_CONTROLLER,0.593065,0.834345,1.406836,6.9016,0.0,60.0,59.9985,22.98,0.836618,1.1e-05,0.046207,8.9e-05,0.021267,4.1e-05,0.027323,1.1e-05,0.011856,0.000142,0.006651,1.3e-05,0.055231,0.000106,0.02542,0.032659,0.014171,0.00795,0.003519,61.04,17.29,0.006,4e-06,60.0
har_17_16,HAR_0017_3p_full_odd_mild_cond17,har_sim_17,17,ABC,B,train,Harmonics,1,SCENARIO_CONTROLLER,0.593071,0.834345,1.406822,6.9027,0.0,60.0,60.0017,22.98,0.836625,1.8e-05,0.046202,7.2e-05,0.021298,6.9e-05,0.027328,3.6e-05,0.011872,0.000145,0.006648,2.2e-05,0.055224,8.6e-05,0.025457,0.032665,0.01419,0.007946,0.00352,61.04,17.29,0.006,4e-06,60.0
har_17_17,HAR_0017_3p_full_odd_mild_cond17,har_sim_17,17,ABC,B,train,Harmonics,1,SCENARIO_CONTROLLER,0.593051,0.834345,1.406868,6.9009,0.0,60.0,60.0017,22.98,0.836599,2.7e-05,0.046178,6.3e-05,0.021296,7.1e-05,0.027334,4.6e-05,0.011856,0.000139,0.006643,3.2e-05,0.055197,7.5e-05,0.025455,0.032673,0.014172,0.00794,0.003518,61.04,17.29,0.006,4e-06,60.0
har_17_18,HAR_0017_3p_full_odd_mild_cond17,har_sim_17,17,ABC,B,train,Harmonics,1,SCENARIO_CONTROLLER,0.593043,0.834345,1.406887,6.9005,0.0,60.0,60.0017,22.98,0.836588,2.2e-05,0.046179,5.9e-05,0.021292,8.6e-05,0.027326,6.5e-05,0.011842,0.00011,0.006666,2.6e-05,0.055199,7.1e-05,0.025451,0.032664,0.014155,0.007968,0.003517,61.04,17.29,0.006,4e-06,60.0
har_17_19,HAR_0017_3p_full_odd_mild_cond17,har_sim_17,17,ABC,B,train,Harmonics,1,SCENARIO_CONTROLLER,0.593042,0.834345,1.40689,6.8995,0.0,60.0,59.9998,22.98,0.836587,2.5e-05,0.046181,5e-05,0.021283,9.6e-05,0.027313,6.4e-05,0.011848,0.000111,0.006665,3e-05,0.055202,6e-05,0.02544,0.032648,0.014162,0.007967,0.003516,61.04,17.29,0.006,4e-06,60.0
har_17_20,HAR_0017_3p_full_odd_mild_cond17,har_sim_17,17,ABC,B,train,Harmonics,1,SCENARIO_CONTROLLER,0.593043,0.834345,1.406888,6.8992,0.0,60.0,59.9998,22.98,0.836588,2.7e-05,0.046177,5.2e-05,0.021283,9.7e-05,0.027313,6.6e-05,0.011848,0.000111,0.006665,3.2e-05,0.055197,6.2e-05,0.02544,0.032648,0.014162,0.007967,0.003516,61.04,17.29,0.006,4e-06,60.0
har_17_21,HAR_0017_3p_full_odd_mild_cond17,har_sim_17,17,ABC,B,train,Harmonics,1,SCENARIO_CONTROLLER,0.593051,0.834345,1.406868,6.8988,0.0,60.0,59.9998,22.98,0.8366,2.9e-05,0.046173,5.5e-05,0.02128,8.7e-05,0.027318,7e-05,0.011858,0.000114,0.006677,3.5e-05,0.055191,6.6e-05,0.025436,0.032654,0.014174,0.007981,0.003516,61.04,17.31,0.006,4e-06,60.0
har_17_22,HAR_0017_3p_full_odd_mild_cond17,har_sim_17,17,ABC,B,train,Harmonics,1,SCENARIO_CONTROLLER,0.593047,0.834345,1.40688,6.8985,0.0,60.0,59.9998,22.98,0.836593,6e-06,0.046179,6e-05,0.02127,7.4e-05,0.027309,5.6e-05,0.011858,0.000108,0.006682,7e-06,0.055199,7.2e-05,0.025425,0.032643,0.014174,0.007987,0.003516,61.04,17.3,0.0059,4e-06,60.0
har_17_23,HAR_0017_3p_full_odd_mild_cond17,har_sim_17,17,ABC,B,train,Harmonics,1,SCENARIO_CONTROLLER,0.593013,0.834345,1.406958,6.9047,0.0,60.0,59.9998,22.98,0.836543,6e-05,0.046231,0.000104,0.021297,9.6e-05,0.027303,6.5e-05,0.011844,8.6e-05,0.006703,7.2e-05,0.055264,0.000124,0.025458,0.032638,0.014158,0.008013,0.003522,61.04,17.31,0.006,4e-06,60.0
har_17_24,HAR_0017_3p_full_odd_mild_cond17,har_sim_17,17,ABC,B,train,Harmonics,1,SCENARIO_CONTROLLER,0.593021,0.834345,1.40694,6.9025,0.0,60.0,59.9994,22.98,0.836555,4.2e-05,0.046211,9.9e-05,0.021293,0.000116,0.027302,8e-05,0.011834,5.4e-05,0.006725,5e-05,0.05524,0.000118,0.025453,0.032636,0.014146,0.008039,0.00352,61.04,17.31,0.006,4e-06,60.0
har_17_25,HAR_0017_3p_full_odd_mild_cond17,har_sim_17,17,ABC,B,train,Harmonics,1,SCENARIO_CONTROLLER,0.593011,0.834345,1.406965,6.9013,0.0,60.0,60.0019,22.98,0.836541,4.8e-05,0.046197,0.000109,0.021297,0.000117,0.027301,8.2e-05,0.01183,6.1e-05,0.006731,5.7e-05,0.055224,0.00013,0.025458,0.032636,0.014142,0.008046,0.003518,61.04,17.31,0.006,4e-06,60.0
har_17_26,HAR_0017_3p_full_odd_mild_cond17,har_sim_17,17,ABC,B,train,Harmonics,1,SCENARIO_CONTROLLER,0.593007,0.834345,1.406974,6.9023,0.0,60.0,60.0019,22.98,0.836535,4e-05,0.046206,0.000107,0.021306,0.000128,0.027296,8.5e-05,0.011828,5.3e-05,0.006717,4.8e-05,0.055235,0.000128,0.025469,0.03263,0.014139,0.00803,0.003519,61.04,17.31,0.006,4e-06,60.0
har_17_27,HAR_0017_3p_full_odd_mild_cond17,har_sim_17,17,ABC,B,train,Harmonics,1,SCENARIO_CONTROLLER,0.593012,0.834345,1.406963,6.9019,0.0,60.0,60.0032,22.98,0.836542,4.4e-05,0.046206,9.8e-05,0.021317,0.000131,0.027281,9.1e-05,0.011827,4.3e-05,0.006708,5.3e-05,0.055235,0.000117,0.025482,0.032612,0.014138,0.008019,0.003519,61.04,17.3,0.006,4e-06,60.0
har_17_28,HAR_0017_3p_full_odd_mild_cond17,har_sim_17,17,ABC,B,train,Harmonics,1,SCENARIO_CONTROLLER,0.59301,0.834345,1.406966,6.9024,0.0,60.0,60.0032,22.98,0.83654,4.5e-05,0.046208,0.000102,0.021312,0.000135,0.027289,8.9e-05,0.011809,4e-05,0.006706,5.4e-05,0.055237,0.000122,0.025476,0.032621,0.014116,0.008016,0.003519,61.04,17.3,0.006,4e-06,60.0
har_17_29,HAR_0017_3p_full_odd_mild_cond17,har_sim_17,17,ABC,B,train,Harmonics,1,SCENARIO_CONTROLLER,0.593013,0.834345,1.406959,6.902,0.0,60.0,60.0032,22.98,0.836545,4.1e-05,0.046207,0.000106,0.021317,0.000133,0.02728,9.6e-05,0.011798,2.8e-05,0.006703,4.9e-05,0.055236,0.000127,0.025482,0.03261,0.014103,0.008013,0.003518,61.04,17.29,0.006,4e-06,60.0
har_17_30,HAR_0017_3p_full_odd_mild_cond17,har_sim_17,17,ABC,B,train,Harmonics,1,SCENARIO_CONTROLLER,0.593011,0.834345,1.406964,6.9018,0.0,60.0,59.9986,22.98,0.836542,4.4e-05,0.046208,9.7e-05,0.021306,0.000143,0.027284,0.000104,0.011789,7e-06,0.0067,5.3e-05,0.055237,0.000116,0.025469,0.032615,0.014093,0.008009,0.003517,61.04,17.28,0.006,4e-06,60.0
har_17_31,HAR_0017_3p_full_odd_mild_cond17,har_sim_17,17,ABC,B,train,Harmonics,1,SCENARIO_CONTROLLER,0.593023,0.834345,1.406937,6.9025,0.0,60.0,59.9986,22.98,0.836558,4e-05,0.046222,8.7e-05,0.021305,0.000146,0.027275,9e-05,0.0118,2.2e-05,0.006678,4.8e-05,0.055253,0.000104,0.025467,0.032604,0.014105,0.007983,0.003518,61.04,17.28,0.006,5e-06,60.0
har_17_32,HAR_0017_3p_full_odd_mild_cond17,har_sim_17,17,ABC,B,train,Harmonics,1,SCENARIO_CONTROLLER,0.59303,0.834345,1.406919,6.9032,0.0,60.0,59.9986,22.98,0.836568,4.3e-05,0.046225,8.1e-05,0.021308,0.000151,0.027283,9.9e-05,0.01181,2.9e-05,0.006679,5.1e-05,0.055256,9.7e-05,0.025471,0.032613,0.014117,0.007984,0.003519,61.04,17.29,0.006,4e-06,60.0
har_18_01,HAR_0018_3p_converter_cond18,har_sim_18,18,ABC,B,test,Harmonics,1,SCENARIO_CONTROLLER,0.604952,0.852263,1.40881,6.9692,0.0,60.0,59.9975,22.73,0.853261,8.8e-05,3.4e-05,5.9e-05,0.036641,6.9e-05,0.046836,0.000175,0.016088,0.000133,0.008957,0.000103,4e-05,6.9e-05,0.042942,0.054891,0.018855,0.010497,0.003875,61.76,24.98,0.0061,4e-06,60.0
har_18_02,HAR_0018_3p_converter_cond18,har_sim_18,18,ABC,B,test,Harmonics,1,SCENARIO_CONTROLLER,0.604951,0.852263,1.408814,6.9695,0.0,60.0,60.0042,22.73,0.853259,9e-05,2.1e-05,7.2e-05,0.036645,6.4e-05,0.046835,0.000176,0.016092,0.000127,0.00896,0.000105,2.5e-05,8.4e-05,0.042947,0.05489,0.018859,0.010501,0.003876,61.76,24.99,0.0061,4e-06,60.0
har_18_03,HAR_0018_3p_converter_cond18,har_sim_18,18,ABC,B,test,Harmonics,1,SCENARIO_CONTROLLER,0.604958,0.852263,1.408797,6.9692,0.0,60.0,60.0042,22.73,0.853269,0.000102,2.3e-05,6.9e-05,0.036647,7.2e-05,0.046831,0.000189,0.016093,0.000113,0.008957,0.00012,2.7e-05,8.1e-05,0.042949,0.054884,0.01886,0.010497,0.003875,61.76,24.98,0.0061,4e-06,60.0
har_18_04,HAR_0018_3p_converter_cond18,har_sim_18,18,ABC,B,test,Harmonics,1,SCENARIO_CONTROLLER,0.604939,0.852263,1.408841,6.9704,0.0,60.0,60.0042,22.73,0.853242,0.000124,3.7e-05,7.1e-05,0.036643,6.4e-05,0.046846,0.000198,0.016103,0.000111,0.008956,0.000145,4.3e-05,8.3e-05,0.042946,0.054904,0.018873,0.010496,0.003877,61.76,24.99,0.0061,4e-06,60.0
har_18_05,HAR_0018_3p_converter_cond18,har_sim_18,18,ABC,B,test,Harmonics,1,SCENARIO_CONTROLLER,0.604941,0.852263,1.408838,6.9712,0.0,60.0,60.0004,22.73,0.853243,0.000124,3.7e-05,6.9e-05,0.036649,6.2e-05,0.04685,0.000202,0.016109,0.000116,0.008963,0.000145,4.3e-05,8.1e-05,0.042953,0.054908,0.01888,0.010505,0.003878,61.76,24.99,0.0061,4e-06,60.0
har_18_06,HAR_0018_3p_converter_cond18,har_sim_18,18,ABC,B,test,Harmonics,1,SCENARIO_CONTROLLER,0.604936,0.852263,1.408849,6.9714,0.0,60.0,60.0004,22.73,0.853236,0.000129,2.9e-05,6.9e-05,0.036647,6.2e-05,0.046853,0.000195,0.016111,0.000138,0.008938,0.000151,3.4e-05,8.1e-05,0.042951,0.054912,0.018882,0.010475,0.003878,61.76,24.99,0.0061,4e-06,60.0
har_18_07,HAR_0018_3p_converter_cond18,har_sim_18,18,ABC,B,test,Harmonics,1,SCENARIO_CONTROLLER,0.604955,0.852263,1.408803,6.9725,0.0,60.0,60.0004,22.73,0.853263,0.000152,1.6e-05,6.8e-05,0.036641,8.5e-05,0.046872,0.000195,0.01612,0.000142,0.008942,0.000178,1.9e-05,8e-05,0.042942,0.054933,0.018892,0.01048,0.003879,61.76,25.0,0.0061,4e-06,60.0
har_18_08,HAR_0018_3p_converter_cond18,har_sim_18,18,ABC,B,test,Harmonics,1,SCENARIO_CONTROLLER,0.60495,0.852263,1.408816,6.9744,0.0,60.0,59.9967,22.73,0.853255,0.000144,1.3e-05,9.2e-05,0.036655,8.5e-05,0.04688,0.000187,0.016118,0.000149,0.008939,0.000169,1.5e-05,0.000108,0.042959,0.054943,0.01889,0.010476,0.003881,61.77,25.0,0.0062,4e-06,60.0
har_18_09,HAR_0018_3p_converter_cond18,har_sim_18,18,ABC,B,test,Harmonics,1,SCENARIO_CONTROLLER,0.60498,0.852263,1.408746,6.9757,0.0,60.0,59.9967,22.72,0.853296,0.00014,4.4e-05,0.000117,0.036671,9.4e-05,0.046885,0.000188,0.016112,0.000144,0.008941,0.000164,5.2e-05,0.000137,0.042976,0.054946,0.018882,0.010478,0.003883,61.77,25.0,0.0062,4e-06,60.0
har_18_10,HAR_0018_3p_converter_cond18,har_sim_18,18,ABC,B,test,Harmonics,1,SCENARIO_CONTROLLER,0.604992,0.852263,1.408718,6.9754,0.0,60.0,59.9995,22.73,0.853313,0.000118,2.4e-05,0.000101,0.036678,0.000107,0.046878,0.000195,0.016115,0.00016,0.00894,0.000138,2.8e-05,0.000118,0.042983,0.054936,0.018885,0.010477,0.003883,61.77,25.0,0.0062,4e-06,60.0
har_18_11,HAR_0018_3p_converter_cond18,har_sim_18,18,ABC,B,test,Harmonics,1,SCENARIO_CONTROLLER,0.604997,0.852263,1.408707,6.9751,0.0,60.0,60.003,22.72,0.85332,0.000109,1.8e-05,0.000104,0.036675,0.000109,0.046878,0.000195,0.016118,0.000167,0.008937,0.000128,2.1e-05,0.000122,0.042979,0.054936,0.018889,0.010473,0.003882,61.77,25.0,0.0062,4e-06,60.0
har_18_12,HAR_0018_3p_converter_cond18,har_sim_18,18,ABC,B,test,Harmonics,1,SCENARIO_CONTROLLER,0.60499,0.852263,1.408722,6.9741,0.0,60.0,60.003,22.73,0.853312,0.000116,1.4e-05,0.000118,0.036664,0.000117,0.046876,0.000204,0.016108,0.000158,0.008941,0.000136,1.6e-05,0.000138,0.042967,0.054934,0.018877,0.010478,0.003881,61.76,25.0,0.0061,4e-06,60.0
har_18_13,HAR_0018_3p_converter_cond18,har_sim_18,18,ABC,B,test,Harmonics,1,SCENARIO_CONTROLLER,0.604987,0.852263,1.408731,6.9749,0.0,60.0,59.9997,22.73,0.853305,0.000113,2.9e-05,0.00013,0.03667,0.000117,0.046879,0.000202,0.016124,0.000142,0.008944,0.000132,3.4e-05,0.000152,0.042974,0.054938,0.018896,0.010482,0.003882,61.77,25.0,0.0062,4e-06,60.0
har_18_14,HAR_0018_3p_converter_cond18,har_sim_18,18,ABC,B,test,Harmonics,1,SCENARIO_CONTROLLER,0.604996,0.852263,1.408709,6.9755,0.0,60.0,59.9997,22.73,0.853318,0.000129,1.4e-05,0.000124,0.036663,0.000114,0.046892,0.000185,0.01611,0.000154,0.008953,0.000151,1.6e-05,0.000145,0.042965,0.054953,0.018879,0.010492,0.003883,61.77,25.01,0.0062,4e-06,60.0
har_18_15,HAR_0018_3p_converter_cond18,har_sim_18,18,ABC,B,test,Harmonics,1,SCENARIO_CONTROLLER,0.605006,0.852263,1.408686,6.9748,0.0,60.0,59.9997,22.73,0.853333,0.000107,3.5e-05,0.000102,0.036642,0.000107,0.046902,0.000171,0.016087,0.000134,0.008921,0.000125,4.1e-05,0.00012,0.04294,0.054963,0.018852,0.010454,0.003881,61.76,25.0,0.0061,4e-06,60.0
har_18_16,HAR_0018_3p_converter_cond18,har_sim_18,18,ABC,B,test,Harmonics,1,SCENARIO_CONTROLLER,0.605015,0.852263,1.408665,6.9751,0.0,60.0,59.9999,22.73,0.853346,8.9e-05,4.2e-05,0.000109,0.036657,0.000103,0.046895,0.000154,0.016087,0.000131,0.008938,0.000104,4.9e-05,0.000128,0.042957,0.054954,0.018852,0.010474,0.003882,61.76,25.0,0.0061,4e-06,60.0
har_18_17,HAR_0018_3p_converter_cond18,har_sim_18,18,ABC,B,test,Harmonics,1,SCENARIO_CONTROLLER,0.605012,0.852263,1.408672,6.975,0.0,60.0,59.9999,22.73,0.853342,0.000111,5.2e-05,9.8e-05,0.036669,0.000108,0.046883,0.000168,0.016083,0.000106,0.008955,0.00013,6.1e-05,0.000115,0.042971,0.05494,0.018847,0.010494,0.003882,61.76,25.0,0.0061,4e-06,60.0
har_18_18,HAR_0018_3p_converter_cond18,har_sim_18,18,ABC,B,test,Harmonics,1,SCENARIO_CONTROLLER,0.605004,0.852263,1.408689,6.9755,0.0,60.0,59.9999,22.73,0.853331,9.8e-05,3.6e-05,8.1e-05,0.036686,0.000115,0.046875,0.000175,0.016084,0.000107,0.008967,0.000115,4.2e-05,9.5e-05,0.042992,0.054932,0.018848,0.010508,0.003882,61.77,25.0,0.0062,4e-06,60.0
har_18_19,HAR_0018_3p_converter_cond18,har_sim_18,18,ABC,B,test,Harmonics,1,SCENARIO_CONTROLLER,0.605001,0.852263,1.408698,6.9743,0.0,60.0,59.9986,22.73,0.853326,9.8e-05,4.7e-05,9.2e-05,0.036681,0.000105,0.046865,0.000185,0.016074,0.000117,0.008972,0.000115,5.5e-05,0.000108,0.042986,0.05492,0.018837,0.010514,0.003881,61.76,24.99,0.0061,4e-06,60.0
har_18_20,HAR_0018_3p_converter_cond18,har_sim_18,18,ABC,B,test,Harmonics,1,SCENARIO_CONTROLLER,0.604992,0.852263,1.408718,6.9737,0.0,60.0,59.9986,22.73,0.853314,8.6e-05,6.6e-05,8.9e-05,0.036686,9.9e-05,0.046854,0.000192,0.016083,0.000115,0.008971,0.000101,7.7e-05,0.000104,0.042992,0.054908,0.018848,0.010513,0.00388,61.76,24.99,0.0061,4e-06,60.0
har_18_21,HAR_0018_3p_converter_cond18,har_sim_18,18,ABC,B,test,Harmonics,1,SCENARIO_CONTROLLER,0.604991,0.852263,1.40872,6.9744,0.0,60.0,59.9986,22.73,0.853313,9.2e-05,5.5e-05,0.0001,0.036694,9.6e-05,0.046855,0.000198,0.016085,0.000125,0.00897,0.000108,6.4e-05,0.000117,0.043002,0.05491,0.01885,0.010512,0.003881,61.76,24.99,0.0061,4e-06,60.0
har_18_22,HAR_0018_3p_converter_cond18,har_sim_18,18,ABC,B,test,Harmonics,1,SCENARIO_CONTROLLER,0.604994,0.852263,1.408713,6.9734,0.0,60.0,60.0007,22.73,0.853317,8.8e-05,4.8e-05,0.000102,0.036686,0.000103,0.046851,0.000192,0.016072,0.000113,0.009,0.000103,5.6e-05,0.00012,0.042992,0.054905,0.018835,0.010547,0.00388,61.76,24.99,0.0061,4e-06,60.0
har_18_23,HAR_0018_3p_converter_cond18,har_sim_18,18,ABC,B,test,Harmonics,1,SCENARIO_CONTROLLER,0.604987,0.852263,1.408729,6.9732,0.0,60.0,60.0007,22.73,0.853308,8e-05,3.8e-05,8.7e-05,0.036705,0.000102,0.046833,0.000192,0.016072,0.000116,0.00899,9.4e-05,4.5e-05,0.000102,0.043015,0.054884,0.018835,0.010535,0.00388,61.76,24.98,0.0061,4e-06,60.0
har_18_24,HAR_0018_3p_converter_cond18,har_sim_18,18,ABC,B,test,Harmonics,1,SCENARIO_CONTROLLER,0.604989,0.852263,1.408726,6.9739,0.0,60.0,59.9997,22.73,0.853309,8.6e-05,4.5e-05,9.3e-05,0.036703,0.000101,0.046843,0.000175,0.016085,9.7e-05,0.008985,0.000101,5.3e-05,0.000109,0.043013,0.054896,0.01885,0.01053,0.003881,61.76,24.99,0.0061,4e-06,60.0
har_18_25,HAR_0018_3p_converter_cond18,har_sim_18,18,ABC,B,test,Harmonics,1,SCENARIO_CONTROLLER,0.604994,0.852263,1.408714,6.9741,0.0,60.0,59.9997,22.73,0.853316,8.7e-05,3.7e-05,9.4e-05,0.036703,0.000105,0.046845,0.000184,0.01608,8.9e-05,0.008987,0.000102,4.3e-05,0.00011,0.043012,0.054898,0.018844,0.010532,0.003881,61.76,24.99,0.0061,4e-06,60.0
har_18_26,HAR_0018_3p_converter_cond18,har_sim_18,18,ABC,B,test,Harmonics,1,SCENARIO_CONTROLLER,0.604993,0.852263,1.408715,6.973,0.0,60.0,59.9997,22.73,0.853317,8.4e-05,4e-05,0.000102,0.036708,7.8e-05,0.046829,0.000145,0.01604,8e-05,0.008961,9.8e-05,4.7e-05,0.00012,0.043018,0.054879,0.018797,0.010501,0.003878,61.76,24.98,0.0061,4e-06,60.0
har_18_27,HAR_0018_3p_converter_cond18,har_sim_18,18,ABC,B,test,Harmonics,1,SCENARIO_CONTROLLER,0.604991,0.852263,1.408719,6.9722,0.0,60.0,60.0009,22.73,0.853315,0.000101,3e-05,0.00011,0.036696,8.3e-05,0.04683,0.00015,0.016051,9.4e-05,0.008952,0.000118,3.5e-05,0.000129,0.043004,0.05488,0.01881,0.010491,0.003877,61.76,24.98,0.0061,4e-06,60.0
har_18_28,HAR_0018_3p_converter_cond18,har_sim_18,18,ABC,B,test,Harmonics,1,SCENARIO_CONTROLLER,0.604983,0.852263,1.408738,6.9724,0.0,60.0,60.0009,22.73,0.853304,0.000107,4.4e-05,0.000106,0.036704,8.2e-05,0.046825,0.000141,0.016049,9.5e-05,0.00896,0.000125,5.2e-05,0.000124,0.043014,0.054875,0.018808,0.0105,0.003878,61.76,24.98,0.0061,4e-06,60.0
har_18_29,HAR_0018_3p_converter_cond18,har_sim_18,18,ABC,B,test,Harmonics,1,SCENARIO_CONTROLLER,0.604983,0.852263,1.40874,6.9718,0.0,60.0,60.0009,22.73,0.853303,0.000107,4.2e-05,0.000116,0.036703,6.1e-05,0.046819,0.000127,0.016062,6.7e-05,0.008977,0.000125,4.9e-05,0.000136,0.043013,0.054868,0.018823,0.01052,0.003878,61.76,24.99,0.0061,4e-06,60.0
har_18_30,HAR_0018_3p_converter_cond18,har_sim_18,18,ABC,B,test,Harmonics,1,SCENARIO_CONTROLLER,0.60498,0.852263,1.408746,6.9721,0.0,60.0,60.0002,22.73,0.853299,9.6e-05,4e-05,0.000115,0.036697,6.1e-05,0.046826,0.000121,0.01605,7.9e-05,0.008967,0.000113,4.7e-05,0.000135,0.043006,0.054876,0.018809,0.010509,0.003877,61.76,24.98,0.0061,4e-06,60.0
har_18_31,HAR_0018_3p_converter_cond18,har_sim_18,18,ABC,B,test,Harmonics,1,SCENARIO_CONTROLLER,0.604975,0.852263,1.408759,6.9721,0.0,60.0,60.0002,22.73,0.853291,0.0001,3.6e-05,0.000107,0.03669,6e-05,0.046832,0.000115,0.016039,9.1e-05,0.008984,0.000117,4.2e-05,0.000125,0.042998,0.054884,0.018797,0.010529,0.003877,61.76,24.98,0.0061,4e-06,60.0
har_18_32,HAR_0018_3p_converter_cond18,har_sim_18,18,ABC,B,test,Harmonics,1,SCENARIO_CONTROLLER,0.604969,0.852263,1.408772,6.9721,0.0,60.0,60.0002,22.73,0.853283,0.000108,2.8e-05,0.000112,0.036701,6.1e-05,0.046821,0.000107,0.016035,8.6e-05,0.008987,0.000127,3.3e-05,0.000131,0.043012,0.054872,0.018792,0.010532,0.003877,61.76,24.98,0.0061,4e-06,60.0
har_19_01,HAR_0019_3p_h3h7h11_cond19,har_sim_19,19,ABC,B,val,Harmonics,1,SCENARIO_CONTROLLER,0.581857,0.825892,1.419409,8.3724,0.0,60.0,59.9982,21.45,0.819938,0.000175,0.05656,8.7e-05,7.6e-05,0.000188,0.038905,8.5e-05,6.2e-05,0.000177,0.009911,0.000213,0.068981,0.000106,9.3e-05,0.047449,7.6e-05,0.012087,0.004811,61.47,20.51,0.0076,4e-06,60.0
har_19_02,HAR_0019_3p_h3h7h11_cond19,har_sim_19,19,ABC,B,val,Harmonics,1,SCENARIO_CONTROLLER,0.581848,0.825892,1.419429,8.3694,0.0,60.0,59.9992,21.45,0.819929,0.000204,0.056532,7.1e-05,0.000102,0.000166,0.038901,8.7e-05,5.5e-05,0.000175,0.009913,0.000249,0.068947,8.7e-05,0.000124,0.047444,6.7e-05,0.01209,0.004808,61.47,20.5,0.0076,4e-06,60.0
har_19_03,HAR_0019_3p_h3h7h11_cond19,har_sim_19,19,ABC,B,val,Harmonics,1,SCENARIO_CONTROLLER,0.581848,0.825892,1.41943,8.3697,0.0,60.0,59.9992,21.45,0.819928,0.000205,0.056532,7.4e-05,0.000102,0.000158,0.038905,9.7e-05,6.3e-05,0.000166,0.009903,0.00025,0.068948,9e-05,0.000124,0.047449,7.7e-05,0.012078,0.004808,61.47,20.5,0.0076,4e-06,60.0
har_19_04,HAR_0019_3p_h3h7h11_cond19,har_sim_19,19,ABC,B,val,Harmonics,1,SCENARIO_CONTROLLER,0.581852,0.825892,1.419419,8.3694,0.0,60.0,59.9992,21.45,0.819934,0.000202,0.056526,6.9e-05,0.000101,0.000149,0.038911,9e-05,7.2e-05,0.000159,0.009898,0.000246,0.06894,8.4e-05,0.000123,0.047456,8.8e-05,0.012072,0.004807,61.47,20.51,0.0076,4e-06,60.0
har_19_05,HAR_0019_3p_h3h7h11_cond19,har_sim_19,19,ABC,B,val,Harmonics,1,SCENARIO_CONTROLLER,0.581858,0.825892,1.419405,8.3706,0.0,60.0,60.0019,21.45,0.819942,0.000212,0.056533,7.1e-05,8.7e-05,0.000138,0.038919,8.5e-05,8.6e-05,0.00017,0.009912,0.000259,0.068948,8.7e-05,0.000106,0.047466,0.000105,0.012089,0.004809,61.47,20.52,0.0076,4e-06,60.0
har_19_06,HAR_0019_3p_h3h7h11_cond19,har_sim_19,19,ABC,B,val,Harmonics,1,SCENARIO_CONTROLLER,0.581846,0.825892,1.419433,8.3687,0.0,60.0,60.0019,21.45,0.819927,0.000195,0.056516,8.4e-05,7.5e-05,0.00014,0.038913,7.5e-05,9.7e-05,0.000182,0.009911,0.000238,0.068928,0.000102,9.1e-05,0.047459,0.000118,0.012088,0.004807,61.47,20.51,0.0076,4e-06,60.0
har_19_07,HAR_0019_3p_h3h7h11_cond19,har_sim_19,19,ABC,B,val,Harmonics,1,SCENARIO_CONTROLLER,0.581833,0.825892,1.419465,8.3684,0.0,60.0,60.0019,21.45,0.819908,0.000213,0.056518,9.3e-05,7.9e-05,0.000132,0.038904,7e-05,7.7e-05,0.000177,0.009919,0.00026,0.068932,0.000113,9.6e-05,0.047449,9.4e-05,0.012098,0.004806,61.47,20.51,0.0076,4e-06,60.0
har_19_08,HAR_0019_3p_h3h7h11_cond19,har_sim_19,19,ABC,B,val,Harmonics,1,SCENARIO_CONTROLLER,0.581832,0.825892,1.419467,8.3684,0.0,60.0,60.0021,21.45,0.819907,0.000215,0.056514,9.1e-05,8e-05,0.000133,0.038909,6.9e-05,7.9e-05,0.000172,0.009922,0.000262,0.068927,0.000111,9.8e-05,0.047455,9.6e-05,0.012101,0.004806,61.47,20.52,0.0076,4e-06,60.0
har_19_09,HAR_0019_3p_h3h7h11_cond19,har_sim_19,19,ABC,B,val,Harmonics,1,SCENARIO_CONTROLLER,0.581847,0.825892,1.419433,8.3683,0.0,60.0,60.0021,21.45,0.819927,0.000201,0.056513,8.8e-05,8e-05,0.000133,0.038912,5.9e-05,7.5e-05,0.000167,0.009933,0.000245,0.068924,0.000107,9.8e-05,0.047458,9.1e-05,0.012114,0.004807,61.47,20.51,0.0076,4e-06,60.0
har_19_10,HAR_0019_3p_h3h7h11_cond19,har_sim_19,19,ABC,B,val,Harmonics,1,SCENARIO_CONTROLLER,0.581845,0.825892,1.419438,8.3654,0.0,60.0,60.0021,21.46,0.819926,0.000189,0.056498,8e-05,0.000103,0.000152,0.038893,6.7e-05,6.2e-05,0.000155,0.009916,0.000231,0.068906,9.8e-05,0.000126,0.047435,7.6e-05,0.012094,0.004803,61.46,20.5,0.0076,4e-06,60.0
har_19_11,HAR_0019_3p_h3h7h11_cond19,har_sim_19,19,ABC,B,val,Harmonics,1,SCENARIO_CONTROLLER,0.581848,0.825892,1.41943,8.3655,0.0,60.0,60.0007,21.46,0.819931,0.000189,0.056494,8.7e-05,9.7e-05,0.000141,0.0389,7.6e-05,6e-05,0.000162,0.009912,0.000231,0.068901,0.000106,0.000118,0.047443,7.3e-05,0.012089,0.004803,61.46,20.5,0.0076,4e-06,60.0
har_19_12,HAR_0019_3p_h3h7h11_cond19,har_sim_19,19,ABC,B,val,Harmonics,1,SCENARIO_CONTROLLER,0.581841,0.825892,1.419448,8.3664,0.0,60.0,60.0007,21.46,0.81992,0.00019,0.056506,7.9e-05,0.000103,0.000133,0.038894,7.5e-05,6.7e-05,0.000167,0.009908,0.000232,0.068916,9.6e-05,0.000126,0.047436,8.2e-05,0.012084,0.004804,61.46,20.5,0.0076,4e-06,60.0
har_19_13,HAR_0019_3p_h3h7h11_cond19,har_sim_19,19,ABC,B,val,Harmonics,1,SCENARIO_CONTROLLER,0.581836,0.825892,1.419458,8.3662,0.0,60.0,59.9985,21.46,0.819914,0.000195,0.056514,9.9e-05,0.000122,0.000111,0.038879,8.5e-05,6.4e-05,0.000182,0.009904,0.000238,0.068927,0.000121,0.000149,0.047418,7.8e-05,0.012079,0.004804,61.46,20.49,0.0076,4e-06,60.0
har_19_14,HAR_0019_3p_h3h7h11_cond19,har_sim_19,19,ABC,B,val,Harmonics,1,SCENARIO_CONTROLLER,0.581822,0.825892,1.419492,8.3669,0.0,60.0,59.9985,21.45,0.819894,0.000214,0.056504,0.000103,0.000132,9.3e-05,0.038901,7.2e-05,4.6e-05,0.000198,0.009909,0.000261,0.068916,0.000126,0.000161,0.047446,5.6e-05,0.012086,0.004804,61.47,20.5,0.0076,4e-06,60.0
har_19_15,HAR_0019_3p_h3h7h11_cond19,har_sim_19,19,ABC,B,val,Harmonics,1,SCENARIO_CONTROLLER,0.581829,0.82654,1.420589,8.3662,0.0,60.0,59.9985,21.45,0.819903,0.000218,0.056493,0.000101,0.000137,8.6e-05,0.038906,6.8e-05,4.3e-05,0.000205,0.009916,0.000266,0.068902,0.000123,0.000167,0.047452,5.2e-05,0.012094,0.004804,61.47,20.51,0.0076,4e-06,60.0
har_19_16,HAR_0019_3p_h3h7h11_cond19,har_sim_19,19,ABC,B,val,Harmonics,1,SCENARIO_CONTROLLER,0.581831,0.82654,1.420583,8.3653,0.0,60.0,59.9986,21.46,0.819907,0.000222,0.056494,0.000102,0.000131,8.6e-05,0.038894,7.2e-05,3.8e-05,0.000191,0.009916,0.000271,0.068903,0.000124,0.00016,0.047437,4.6e-05,0.012094,0.004803,61.46,20.5,0.0076,4e-06,60.0
har_19_17,HAR_0019_3p_h3h7h11_cond19,har_sim_19,19,ABC,B,val,Harmonics,1,SCENARIO_CONTROLLER,0.581827,0.82654,1.420592,8.3659,0.0,60.0,59.9986,21.46,0.819902,0.000217,0.056493,0.0001,0.000137,7.7e-05,0.038903,9.7e-05,2.6e-05,0.00017,0.009925,0.000265,0.068902,0.000122,0.000167,0.047448,3.2e-05,0.012105,0.004804,61.47,20.51,0.0076,4e-06,60.0
har_19_18,HAR_0019_3p_h3h7h11_cond19,har_sim_19,19,ABC,B,val,Harmonics,1,SCENARIO_CONTROLLER,0.581818,0.82654,1.420616,8.3663,0.0,60.0,59.9986,21.45,0.819887,0.000217,0.056506,9e-05,0.000138,6.2e-05,0.038888,8e-05,9e-06,0.000151,0.009945,0.000265,0.068919,0.00011,0.000168,0.047431,1.1e-05,0.01213,0.004804,61.47,20.51,0.0076,4e-06,60.0
har_19_19,HAR_0019_3p_h3h7h11_cond19,har_sim_19,19,ABC,B,val,Harmonics,1,SCENARIO_CONTROLLER,0.581813,0.82654,1.420627,8.3671,0.0,60.0,60.0004,21.45,0.81988,0.000227,0.056503,8.7e-05,0.000146,6.7e-05,0.038902,8e-05,7e-06,0.000149,0.009941,0.000277,0.068916,0.000106,0.000178,0.047448,9e-06,0.012125,0.004805,61.47,20.52,0.0076,4e-06,60.0
har_19_20,HAR_0019_3p_h3h7h11_cond19,har_sim_19,19,ABC,B,val,Harmonics,1,SCENARIO_CONTROLLER,0.581815,0.82654,1.420623,8.368,0.0,60.0,60.0004,21.45,0.819882,0.000223,0.056506,9e-05,0.000149,6.2e-05,0.038911,8e-05,1e-05,0.000159,0.009943,0.000272,0.06892,0.00011,0.000182,0.047459,1.2e-05,0.012127,0.004806,61.47,20.52,0.0076,4e-06,60.0
har_19_21,HAR_0019_3p_h3h7h11_cond19,har_sim_19,19,ABC,B,val,Harmonics,1,SCENARIO_CONTROLLER,0.581813,0.82654,1.420629,8.3715,0.0,60.0,60.0004,21.45,0.819876,0.000226,0.056531,8.2e-05,0.000123,4.1e-05,0.038924,7.4e-05,1.3e-05,0.000166,0.009953,0.000276,0.068951,0.0001,0.00015,0.047475,1.6e-05,0.01214,0.00481,61.47,20.53,0.0076,4e-06,60.0
har_19_22,HAR_0019_3p_h3h7h11_cond19,har_sim_19,19,ABC,B,val,Harmonics,1,SCENARIO_CONTROLLER,0.581811,0.82654,1.420633,8.3708,0.0,60.0,60.0069,21.45,0.819874,0.000221,0.056518,9.6e-05,0.000116,3e-05,0.038932,7.3e-05,2.2e-05,0.000175,0.009955,0.00027,0.068935,0.000117,0.000141,0.047485,2.7e-05,0.012142,0.004809,61.47,20.53,0.0076,4e-06,60.0
har_19_23,HAR_0019_3p_h3h7h11_cond19,har_sim_19,19,ABC,B,val,Harmonics,1,SCENARIO_CONTROLLER,0.581808,0.82654,1.420639,8.3728,0.0,60.0,60.0069,21.45,0.819869,0.000241,0.056543,9.8e-05,0.0001,4.1e-05,0.038926,6.1e-05,3.9e-05,0.000157,0.009965,0.000294,0.068966,0.00012,0.000122,0.047478,4.8e-05,0.012154,0.004812,61.47,20.53,0.0076,4e-06,60.0
har_19_24,HAR_0019_3p_h3h7h11_cond19,har_sim_19,19,ABC,B,val,Harmonics,1,SCENARIO_CONTROLLER,0.581808,0.82654,1.42064,8.3715,0.0,60.0,59.9992,21.45,0.81987,0.000245,0.056529,9.1e-05,0.000102,4.1e-05,0.038926,5.1e-05,5.5e-05,0.000141,0.009973,0.000299,0.068949,0.000111,0.000124,0.047478,6.7e-05,0.012164,0.00481,61.47,20.53,0.0076,4e-06,60.0
har_19_25,HAR_0019_3p_h3h7h11_cond19,har_sim_19,19,ABC,B,val,Harmonics,1,SCENARIO_CONTROLLER,0.581798,0.82654,1.420665,8.3696,0.0,60.0,59.9953,21.45,0.819857,0.000262,0.056511,7.6e-05,8.8e-05,3.3e-05,0.038923,6.4e-05,6.5e-05,0.000121,0.009972,0.00032,0.068928,9.3e-05,0.000107,0.047475,7.9e-05,0.012163,0.004808,61.47,20.53,0.0076,4e-06,60.0
har_19_26,HAR_0019_3p_h3h7h11_cond19,har_sim_19,19,ABC,B,val,Harmonics,1,SCENARIO_CONTROLLER,0.5818,0.82654,1.42066,8.3702,0.0,60.0,59.9953,21.44,0.819859,0.000257,0.056513,6.8e-05,7.9e-05,2.4e-05,0.038931,5.6e-05,5.6e-05,0.000111,0.009963,0.000313,0.06893,8.3e-05,9.6e-05,0.047485,6.8e-05,0.012152,0.004809,61.47,20.53,0.0076,4e-06,60.0
har_19_27,HAR_0019_3p_h3h7h11_cond19,har_sim_19,19,ABC,B,val,Harmonics,1,SCENARIO_CONTROLLER,0.581793,0.82654,1.420676,8.3706,0.0,60.0,59.9988,21.45,0.819849,0.000246,0.056523,4.3e-05,7.7e-05,4.3e-05,0.038919,6.3e-05,6.4e-05,0.00012,0.00998,0.0003,0.068943,5.2e-05,9.4e-05,0.047471,7.8e-05,0.012173,0.004809,61.47,20.53,0.0076,4e-06,60.0
har_19_28,HAR_0019_3p_h3h7h11_cond19,har_sim_19,19,ABC,B,val,Harmonics,1,SCENARIO_CONTROLLER,0.581795,0.82654,1.420672,8.3713,0.0,60.0,59.9988,21.45,0.819851,0.000251,0.05653,3.5e-05,8.4e-05,4e-05,0.038919,6.6e-05,5.8e-05,0.000129,0.009991,0.000306,0.068952,4.3e-05,0.000102,0.047471,7.1e-05,0.012186,0.00481,61.47,20.53,0.0076,4e-06,60.0
har_19_29,HAR_0019_3p_h3h7h11_cond19,har_sim_19,19,ABC,B,val,Harmonics,1,SCENARIO_CONTROLLER,0.581787,0.82654,1.420691,8.3707,0.0,60.0,59.9988,21.45,0.819841,0.000248,0.056539,2.2e-05,9.4e-05,4e-05,0.038896,3.9e-05,8.2e-05,0.000102,0.010011,0.000302,0.068963,2.7e-05,0.000115,0.047443,0.0001,0.012211,0.00481,61.47,20.53,0.0076,4e-06,60.0
har_19_30,HAR_0019_3p_h3h7h11_cond19,har_sim_19,19,ABC,B,val,Harmonics,1,SCENARIO_CONTROLLER,0.58179,0.82654,1.420684,8.3706,0.0,60.0,60.0054,21.44,0.819845,0.000239,0.05655,3.5e-05,9.1e-05,2.7e-05,0.03888,3.9e-05,6.8e-05,0.000113,0.010007,0.000292,0.068976,4.3e-05,0.000111,0.047424,8.3e-05,0.012206,0.00481,61.47,20.52,0.0076,4e-06,60.0
har_19_31,HAR_0019_3p_h3h7h11_cond19,har_sim_19,19,ABC,B,val,Harmonics,1,SCENARIO_CONTROLLER,0.58181,0.82654,1.420636,8.369,0.0,60.0,60.0054,21.45,0.819873,0.000229,0.056544,8e-06,6.4e-05,8e-06,0.038869,5.4e-05,7.9e-05,0.000114,0.010007,0.000279,0.068967,1e-05,7.8e-05,0.047409,9.6e-05,0.012206,0.004808,61.47,20.51,0.0076,4e-06,60.0
har_19_32,HAR_0019_3p_h3h7h11_cond19,har_sim_19,19,ABC,B,val,Harmonics,1,SCENARIO_CONTROLLER,0.581811,0.82654,1.420632,8.3712,0.0,60.0,60.0054,21.45,0.819874,0.000227,0.05655,7e-06,4.6e-05,3e-05,0.038892,3.7e-05,6.9e-05,0.000107,0.010001,0.000277,0.068974,9e-06,5.6e-05,0.047437,8.4e-05,0.012198,0.004811,61.47,20.52,0.0076,4e-06,60.0
har_20_01,HAR_0020_3p_h3h5h9h11_cond20,har_sim_20,20,ABC,B,train,Harmonics,1,SCENARIO_CONTROLLER,0.594432,0.834254,1.403448,7.7491,0.0,60.0,60.0022,21.82,0.837904,5.9e-05,0.059052,5.7e-05,0.026997,6.6e-05,0.000102,0.000146,0.017716,9.9e-05,0.008943,7e-05,0.070476,6.8e-05,0.03222,0.000122,0.021143,0.010673,0.00461,61.13,16.85,0.0071,4e-06,60.0
har_20_02,HAR_0020_3p_h3h5h9h11_cond20,har_sim_20,20,ABC,B,train,Harmonics,1,SCENARIO_CONTROLLER,0.594433,0.834254,1.403445,7.7487,0.0,60.0,60.0019,21.82,0.837906,6e-05,0.059049,6.4e-05,0.026994,5.4e-05,0.000108,0.000157,0.017706,0.000101,0.008935,7.2e-05,0.070472,7.6e-05,0.032216,0.000129,0.021131,0.010663,0.004609,61.13,16.85,0.0071,4e-06,60.0
har_20_03,HAR_0020_3p_h3h5h9h11_cond20,har_sim_20,20,ABC,B,train,Harmonics,1,SCENARIO_CONTROLLER,0.594436,0.834254,1.403437,7.7482,0.0,60.0,60.0019,21.82,0.837911,6.6e-05,0.05904,7.9e-05,0.027006,6.4e-05,0.000111,0.000158,0.017705,0.000104,0.008942,7.9e-05,0.070461,9.4e-05,0.03223,0.000132,0.02113,0.010672,0.004609,61.13,16.84,0.0071,4e-06,60.0
har_20_04,HAR_0020_3p_h3h5h9h11_cond20,har_sim_20,20,ABC,B,train,Harmonics,1,SCENARIO_CONTROLLER,0.594434,0.834254,1.403442,7.7474,0.0,60.0,60.0019,21.83,0.83791,6e-05,0.059039,6.9e-05,0.026992,5.4e-05,9.8e-05,0.000158,0.017691,9.5e-05,0.008926,7.2e-05,0.07046,8.2e-05,0.032213,0.000117,0.021113,0.010653,0.004607,61.13,16.83,0.0071,4e-06,60.0
har_20_05,HAR_0020_3p_h3h5h9h11_cond20,har_sim_20,20,ABC,B,train,Harmonics,1,SCENARIO_CONTROLLER,0.594433,0.834254,1.403444,7.7465,0.0,60.0,59.998,21.83,0.837909,6.3e-05,0.059039,7.7e-05,0.026973,7.5e-05,0.000118,0.000137,0.017677,8.8e-05,0.008931,7.5e-05,0.07046,9.2e-05,0.032191,0.000141,0.021097,0.010659,0.004605,61.13,16.83,0.0071,4e-06,60.0
har_20_06,HAR_0020_3p_h3h5h9h11_cond20,har_sim_20,20,ABC,B,train,Harmonics,1,SCENARIO_CONTROLLER,0.594434,0.834254,1.403442,7.7455,0.0,60.0,59.998,21.83,0.837911,6.2e-05,0.059026,6.5e-05,0.026981,7.6e-05,0.000113,0.000151,0.017669,6.4e-05,0.008962,7.4e-05,0.070444,7.8e-05,0.0322,0.000135,0.021087,0.010696,0.004605,61.13,16.84,0.0071,4e-06,60.0
har_20_07,HAR_0020_3p_h3h5h9h11_cond20,har_sim_20,20,ABC,B,train,Harmonics,1,SCENARIO_CONTROLLER,0.594426,0.834254,1.403462,7.7427,0.0,60.0,59.998,21.83,0.837901,3.9e-05,0.059007,6.9e-05,0.026965,6.8e-05,0.000125,0.000156,0.017664,4.7e-05,0.008957,4.7e-05,0.070422,8.2e-05,0.032182,0.000149,0.021081,0.01069,0.004601,61.13,16.84,0.0071,4e-06,60.0
har_20_08,HAR_0020_3p_h3h5h9h11_cond20,har_sim_20,20,ABC,B,train,Harmonics,1,SCENARIO_CONTROLLER,0.594425,0.834254,1.403464,7.7419,0.0,60.0,59.9987,21.83,0.8379,5.1e-05,0.059006,7.9e-05,0.026951,6e-05,0.000113,0.000146,0.017673,4.2e-05,0.008947,6.1e-05,0.070421,9.4e-05,0.032165,0.000135,0.021092,0.010678,0.0046,61.13,16.84,0.0071,4e-06,60.0
har_20_09,HAR_0020_3p_h3h5h9h11_cond20,har_sim_20,20,ABC,B,train,Harmonics,1,SCENARIO_CONTROLLER,0.594442,0.834613,1.404028,7.7416,0.0,60.0,59.9987,21.83,0.837924,7.4e-05,0.058999,9.4e-05,0.026963,5.9e-05,0.000119,0.000142,0.017687,5.7e-05,0.008965,8.8e-05,0.070411,0.000112,0.032178,0.000142,0.021108,0.010699,0.004601,61.13,16.85,0.0071,4e-06,60.0
har_20_10,HAR_0020_3p_h3h5h9h11_cond20,har_sim_20,20,ABC,B,train,Harmonics,1,SCENARIO_CONTROLLER,0.594464,0.834613,1.403976,7.7428,0.0,60.0,59.9987,21.83,0.837955,5.5e-05,0.059016,9.3e-05,0.026957,7.6e-05,0.000141,0.000141,0.017676,5.1e-05,0.008942,6.6e-05,0.070429,0.000111,0.03217,0.000168,0.021094,0.010671,0.004602,61.13,16.84,0.0071,4e-06,60.0
har_20_11,HAR_0020_3p_h3h5h9h11_cond20,har_sim_20,20,ABC,B,train,Harmonics,1,SCENARIO_CONTROLLER,0.594463,0.834613,1.403979,7.7426,0.0,60.0,60.0008,21.83,0.837954,4.2e-05,0.059017,9.2e-05,0.026949,8.2e-05,0.000146,0.00014,0.017673,5e-05,0.008929,5e-05,0.07043,0.00011,0.03216,0.000174,0.021091,0.010656,0.004601,61.13,16.84,0.0071,4e-06,60.0
har_20_12,HAR_0020_3p_h3h5h9h11_cond20,har_sim_20,20,ABC,B,train,Harmonics,1,SCENARIO_CONTROLLER,0.594479,0.834613,1.403941,7.7395,0.0,60.0,60.0008,21.84,0.837978,2.2e-05,0.058996,0.000105,0.026938,8.8e-05,0.000139,0.000137,0.017674,6.1e-05,0.008925,2.6e-05,0.070403,0.000125,0.032146,0.000166,0.021091,0.010651,0.004598,61.12,16.83,0.0071,4e-06,60.0
har_20_13,HAR_0020_3p_h3h5h9h11_cond20,har_sim_20,20,ABC,B,train,Harmonics,1,SCENARIO_CONTROLLER,0.594477,0.834613,1.403946,7.7383,0.0,60.0,59.9989,21.84,0.837976,1.5e-05,0.058977,0.00012,0.026955,9.7e-05,0.000128,0.000137,0.017673,6.4e-05,0.008916,1.8e-05,0.07038,0.000143,0.032167,0.000153,0.02109,0.01064,0.004597,61.12,16.83,0.0071,4e-06,60.0
har_20_14,HAR_0020_3p_h3h5h9h11_cond20,har_sim_20,20,ABC,B,train,Harmonics,1,SCENARIO_CONTROLLER,0.594466,0.834613,1.403972,7.7376,0.0,60.0,59.9989,21.84,0.837961,2.8e-05,0.058967,0.00011,0.02696,9.1e-05,0.000131,0.000133,0.017682,6.9e-05,0.00891,3.3e-05,0.07037,0.000131,0.032173,0.000156,0.021101,0.010633,0.004596,61.12,16.83,0.0071,4e-06,60.0
har_20_15,HAR_0020_3p_h3h5h9h11_cond20,har_sim_20,20,ABC,B,train,Harmonics,1,SCENARIO_CONTROLLER,0.594467,0.834613,1.403969,7.7369,0.0,60.0,59.9989,21.84,0.837963,2.9e-05,0.058964,0.000103,0.026953,9e-05,0.000128,0.000131,0.017681,7.9e-05,0.008923,3.5e-05,0.070366,0.000123,0.032165,0.000153,0.0211,0.010648,0.004596,61.12,16.83,0.0071,4e-06,60.0
har_20_16,HAR_0020_3p_h3h5h9h11_cond20,har_sim_20,20,ABC,B,train,Harmonics,1,SCENARIO_CONTROLLER,0.594472,0.834613,1.403958,7.7378,0.0,60.0,59.9988,21.84,0.837969,6.4e-05,0.058977,0.000106,0.026945,0.000103,0.000127,0.000101,0.01767,6.6e-05,0.008936,7.6e-05,0.070381,0.000126,0.032155,0.000152,0.021087,0.010664,0.004596,61.12,16.83,0.0071,4e-06,60.0
har_20_17,HAR_0020_3p_h3h5h9h11_cond20,har_sim_20,20,ABC,B,train,Harmonics,1,SCENARIO_CONTROLLER,0.594471,0.834613,1.40396,7.7365,0.0,60.0,59.9988,21.84,0.837969,7.2e-05,0.058959,9e-05,0.026957,0.000101,0.000128,0.000104,0.01768,6.7e-05,0.008923,8.6e-05,0.070359,0.000107,0.032169,0.000153,0.021099,0.010648,0.004595,61.12,16.83,0.0071,4e-06,60.0
har_20_18,HAR_0020_3p_h3h5h9h11_cond20,har_sim_20,20,ABC,B,train,Harmonics,1,SCENARIO_CONTROLLER,0.594476,0.834613,1.403947,7.7351,0.0,60.0,59.9988,21.84,0.837978,7.9e-05,0.05895,8.6e-05,0.026949,0.000128,9.6e-05,0.000105,0.017682,8.2e-05,0.008927,9.4e-05,0.070348,0.000103,0.03216,0.000115,0.021101,0.010653,0.004594,61.12,16.83,0.0071,4e-06,60.0
har_20_19,HAR_0020_3p_h3h5h9h11_cond20,har_sim_20,20,ABC,B,train,Harmonics,1,SCENARIO_CONTROLLER,0.594478,0.834613,1.403942,7.7348,0.0,60.0,60.0027,21.84,0.83798,8.4e-05,0.058952,8.7e-05,0.02694,0.000113,9.7e-05,0.000123,0.017698,6.4e-05,0.008925,0.0001,0.07035,0.000104,0.032149,0.000116,0.02112,0.010651,0.004594,61.12,16.83,0.0071,4e-06,60.0
har_20_20,HAR_0020_3p_h3h5h9h11_cond20,har_sim_20,20,ABC,B,train,Harmonics,1,SCENARIO_CONTROLLER,0.59448,0.834613,1.403939,7.7342,0.0,60.0,60.0027,21.84,0.837982,8.4e-05,0.058952,7.8e-05,0.026929,9.6e-05,9.1e-05,0.000113,0.017698,7.5e-05,0.008932,0.0001,0.07035,9.3e-05,0.032136,0.000109,0.02112,0.010659,0.004594,61.12,16.83,0.0071,4e-06,60.0
har_20_21,HAR_0020_3p_h3h5h9h11_cond20,har_sim_20,20,ABC,B,train,Harmonics,1,SCENARIO_CONTROLLER,0.59448,0.834613,1.403938,7.7366,0.0,60.0,60.0027,21.83,0.837982,9.7e-05,0.058968,0.000101,0.026942,7.1e-05,7e-05,0.000103,0.017698,6.2e-05,0.00893,0.000116,0.070369,0.000121,0.032151,8.4e-05,0.02112,0.010657,0.004596,61.12,16.83,0.0071,4e-06,60.0
har_20_22,HAR_0020_3p_h3h5h9h11_cond20,har_sim_20,20,ABC,B,train,Harmonics,1,SCENARIO_CONTROLLER,0.594482,0.834613,1.403933,7.7365,0.0,60.0,59.9957,21.83,0.837984,0.000105,0.058974,0.000104,0.026927,8.6e-05,8.2e-05,8.9e-05,0.01771,7.8e-05,0.008929,0.000125,0.070376,0.000124,0.032133,9.8e-05,0.021134,0.010655,0.004596,61.12,16.82,0.0071,4e-06,60.0
har_20_23,HAR_0020_3p_h3h5h9h11_cond20,har_sim_20,20,ABC,B,train,Harmonics,1,SCENARIO_CONTROLLER,0.594476,0.834613,1.403948,7.7363,0.0,60.0,59.9957,21.83,0.837976,9.8e-05,0.058976,0.000112,0.026917,9.9e-05,7.7e-05,0.000111,0.017691,6.8e-05,0.008937,0.000117,0.070379,0.000134,0.032121,9.2e-05,0.021112,0.010665,0.004596,61.12,16.82,0.0071,4e-06,60.0
har_20_24,HAR_0020_3p_h3h5h9h11_cond20,har_sim_20,20,ABC,B,train,Harmonics,1,SCENARIO_CONTROLLER,0.594473,0.834613,1.403955,7.7349,0.0,60.0,59.9979,21.84,0.837972,0.000102,0.058967,0.000121,0.026908,8.5e-05,9.3e-05,0.000126,0.017675,8.5e-05,0.008947,0.000122,0.070369,0.000144,0.032111,0.000111,0.021093,0.010677,0.004594,61.12,16.82,0.0071,4e-06,60.0
har_20_25,HAR_0020_3p_h3h5h9h11_cond20,har_sim_20,20,ABC,B,train,Harmonics,1,SCENARIO_CONTROLLER,0.594472,0.834613,1.403957,7.734,0.0,60.0,60.0,21.84,0.837972,8.8e-05,0.058962,0.000137,0.026899,8.4e-05,9.1e-05,0.000114,0.017685,8.6e-05,0.008944,0.000105,0.070363,0.000163,0.0321,0.000109,0.021105,0.010673,0.004593,61.12,16.81,0.0071,4e-06,60.0
har_20_26,HAR_0020_3p_h3h5h9h11_cond20,har_sim_20,20,ABC,B,train,Harmonics,1,SCENARIO_CONTROLLER,0.594466,0.834613,1.403971,7.7355,0.0,60.0,60.0,21.84,0.837963,9.4e-05,0.058971,0.000146,0.026911,8.1e-05,0.000105,0.000109,0.017678,9.1e-05,0.008939,0.000112,0.070374,0.000174,0.032115,0.000125,0.021096,0.010668,0.004594,61.12,16.81,0.0071,4e-06,60.0
har_20_27,HAR_0020_3p_h3h5h9h11_cond20,har_sim_20,20,ABC,B,train,Harmonics,1,SCENARIO_CONTROLLER,0.594477,0.834613,1.403945,7.7382,0.0,60.0,59.9988,21.84,0.837977,0.000123,0.058994,0.00016,0.026916,8.3e-05,0.000116,9.9e-05,0.017668,8.3e-05,0.008931,0.000147,0.070401,0.000191,0.03212,0.000138,0.021084,0.010658,0.004597,61.12,16.8,0.0071,4e-06,60.0
har_20_28,HAR_0020_3p_h3h5h9h11_cond20,har_sim_20,20,ABC,B,train,Harmonics,1,SCENARIO_CONTROLLER,0.594486,0.834613,1.403924,7.7382,0.0,60.0,59.9988,21.83,0.837989,0.000136,0.058995,0.000149,0.026917,8.5e-05,0.000124,9.4e-05,0.017687,9e-05,0.008921,0.000162,0.070401,0.000178,0.032121,0.000148,0.021106,0.010646,0.004597,61.12,16.81,0.0071,4e-06,60.0
har_20_29,HAR_0020_3p_h3h5h9h11_cond20,har_sim_20,20,ABC,B,train,Harmonics,1,SCENARIO_CONTROLLER,0.594488,0.834613,1.40392,7.7364,0.0,60.0,59.9988,21.84,0.837992,0.000143,0.058985,0.000159,0.026903,8.1e-05,0.000108,8e-05,0.017701,9.5e-05,0.00892,0.000171,0.070389,0.00019,0.032104,0.000129,0.021123,0.010644,0.004596,61.12,16.81,0.0071,4e-06,60.0
har_20_30,HAR_0020_3p_h3h5h9h11_cond20,har_sim_20,20,ABC,B,train,Harmonics,1,SCENARIO_CONTROLLER,0.594488,0.834613,1.403919,7.7372,0.0,60.0,59.9996,21.84,0.837992,0.000136,0.058985,0.00016,0.026918,9.8e-05,9.6e-05,7.2e-05,0.017723,7.8e-05,0.008919,0.000162,0.070389,0.000191,0.032122,0.000115,0.021149,0.010643,0.004598,61.12,16.82,0.0071,4e-06,60.0
har_20_31,HAR_0020_3p_h3h5h9h11_cond20,har_sim_20,20,ABC,B,train,Harmonics,1,SCENARIO_CONTROLLER,0.594494,0.834613,1.403904,7.7369,0.0,60.0,59.9996,21.84,0.838001,0.000129,0.058983,0.000164,0.02692,9.5e-05,0.000102,7.8e-05,0.017732,7.2e-05,0.008911,0.000154,0.070385,0.000196,0.032124,0.000122,0.02116,0.010634,0.004598,61.12,16.81,0.0071,4e-06,60.0
har_20_32,HAR_0020_3p_h3h5h9h11_cond20,har_sim_20,20,ABC,B,train,Harmonics,1,SCENARIO_CONTROLLER,0.594498,0.834613,1.403895,7.7401,0.0,60.0,59.9996,21.83,0.838004,0.000145,0.059003,0.000183,0.02694,8.5e-05,0.000106,7.4e-05,0.017737,8.1e-05,0.008917,0.000173,0.070409,0.000218,0.032148,0.000126,0.021166,0.010641,0.004601,61.13,16.82,0.0071,4e-06,60.0
har_21_01,HAR_0021_3p_even_odd_cond21,har_sim_21,21,ABC,A,train,Harmonics,1,SCENARIO_CONTROLLER,0.589881,0.850109,1.441154,7.0586,0.0,60.0,60.0333,22.57,0.831965,0.017295,0.053954,0.000162,0.023184,1.6e-05,4.9e-05,0.000128,6.2e-05,4.8e-05,5.6e-05,0.020788,0.064851,0.000195,0.027867,5.9e-05,7.5e-05,6.7e-05,0.003748,60.72,10.85,0.006,4e-06,60.0
har_21_02,HAR_0021_3p_even_odd_cond21,har_sim_21,21,ABC,A,train,Harmonics,1,SCENARIO_CONTROLLER,0.589888,0.850109,1.441136,7.0567,0.0,60.0,60.0333,22.6,0.831977,0.017282,0.053942,0.00015,0.023176,1.8e-05,5.2e-05,0.000131,6.4e-05,4.1e-05,6e-05,0.020772,0.064836,0.00018,0.027857,6.3e-05,7.7e-05,7.2e-05,0.003746,60.72,10.84,0.006,4e-06,60.0
har_21_03,HAR_0021_3p_even_odd_cond21,har_sim_21,21,ABC,A,train,Harmonics,1,SCENARIO_CONTROLLER,0.589879,0.850109,1.441157,7.0544,0.0,60.0,59.97,22.61,0.831966,0.017274,0.053929,0.000127,0.023156,6e-06,4.7e-05,0.000131,5.1e-05,5.1e-05,5.2e-05,0.020763,0.064821,0.000153,0.027833,5.6e-05,6.1e-05,6.3e-05,0.003743,60.72,10.84,0.006,4e-06,60.0
har_21_04,HAR_0021_3p_even_odd_cond21,har_sim_21,21,ABC,B,train,Harmonics,1,SCENARIO_CONTROLLER,0.592025,0.854428,1.443228,7.0666,0.0,60.0,60.0282,22.61,0.834992,0.01706,0.053841,3.3e-05,0.02414,8e-05,8.8e-05,7.7e-05,8.6e-05,4.6e-05,0.000142,0.020431,0.064481,4e-05,0.02891,0.000105,0.000103,0.00017,0.003773,60.73,10.93,0.006,4e-06,60.0
har_21_05,HAR_0021_3p_even_odd_cond21,har_sim_21,21,ABC,A,train,Harmonics,1,SCENARIO_CONTROLLER,0.589859,0.850109,1.441207,7.0603,0.0,60.0,59.97,22.56,0.831935,0.017252,0.053968,7.9e-05,0.023184,1.4e-05,5.5e-05,0.000129,6.3e-05,5.3e-05,2.2e-05,0.020737,0.06487,9.5e-05,0.027868,6.6e-05,7.6e-05,2.6e-05,0.003748,60.72,10.86,0.006,4e-06,60.0
har_21_06,HAR_0021_3p_even_odd_cond21,har_sim_21,21,ABC,A,train,Harmonics,1,SCENARIO_CONTROLLER,0.589858,0.850109,1.441209,7.0612,0.0,60.0,60.0283,22.57,0.831933,0.017234,0.053977,8.3e-05,0.023181,1.1e-05,6.3e-05,0.00014,6.7e-05,4.7e-05,2.9e-05,0.020716,0.064881,0.0001,0.027864,7.6e-05,8.1e-05,3.5e-05,0.003748,60.72,10.86,0.006,4e-06,60.0
har_21_07,HAR_0021_3p_even_odd_cond21,har_sim_21,21,ABC,A,train,Harmonics,1,SCENARIO_CONTROLLER,0.589855,0.850109,1.441216,7.0617,0.0,60.0,60.0283,22.6,0.831929,0.017237,0.05398,8.7e-05,0.023184,5e-06,6.9e-05,0.00014,6e-05,5e-05,2.9e-05,0.020719,0.064885,0.000105,0.027868,8.3e-05,7.2e-05,3.5e-05,0.003748,60.72,10.87,0.006,4e-06,60.0
har_21_08,HAR_0021_3p_even_odd_cond21,har_sim_21,21,ABC,A,train,Harmonics,1,SCENARIO_CONTROLLER,0.589853,0.850109,1.441221,7.0621,0.0,60.0,60.0283,22.57,0.831926,0.017239,0.053983,8.8e-05,0.023186,7e-06,6.6e-05,0.000141,5.7e-05,5.7e-05,4.2e-05,0.020722,0.064889,0.000106,0.02787,7.9e-05,6.9e-05,5e-05,0.003749,60.72,10.87,0.006,4e-06,60.0
har_21_09,HAR_0021_3p_even_odd_cond21,har_sim_21,21,ABC,A,train,Harmonics,1,SCENARIO_CONTROLLER,0.589855,0.850109,1.441216,7.0624,0.0,60.0,59.9718,22.6,0.831928,0.017246,0.053989,7.3e-05,0.023178,2e-05,6.7e-05,0.000129,5.1e-05,8.3e-05,5e-06,0.02073,0.064896,8.8e-05,0.027861,8.1e-05,6.1e-05,6e-06,0.003749,60.72,10.87,0.006,4e-06,60.0
har_21_10,HAR_0021_3p_even_odd_cond21,har_sim_21,21,ABC,A,train,Harmonics,1,SCENARIO_CONTROLLER,0.589856,0.850109,1.441213,7.0638,0.0,60.0,59.9718,22.56,0.831929,0.017246,0.053998,6.4e-05,0.023188,1e-05,5.6e-05,0.000133,6.8e-05,0.000101,1.7e-05,0.02073,0.064907,7.7e-05,0.027873,6.7e-05,8.2e-05,2e-05,0.003751,60.72,10.87,0.006,4e-06,60.0
har_21_11,HAR_0021_3p_even_odd_cond21,har_sim_21,21,ABC,A,train,Harmonics,1,SCENARIO_CONTROLLER,0.589862,0.850109,1.441198,7.0656,0.0,60.0,59.9984,22.66,0.831937,0.017236,0.054009,5e-05,0.023201,4e-06,4e-05,0.000118,5.3e-05,8e-05,2.5e-05,0.020718,0.06492,6e-05,0.027888,4.8e-05,6.4e-05,3e-05,0.003752,60.72,10.87,0.006,4e-06,60.0
har_21_12,HAR_0021_3p_even_odd_cond21,har_sim_21,21,ABC,A,train,Harmonics,1,SCENARIO_CONTROLLER,0.589869,0.850109,1.441182,7.066,0.0,60.0,60.0288,22.58,0.831946,0.01725,0.054008,4.6e-05,0.023213,1.7e-05,5.5e-05,0.000135,6.7e-05,7.2e-05,3.5e-05,0.020735,0.064918,5.5e-05,0.027902,6.6e-05,8.1e-05,4.2e-05,0.003753,60.72,10.87,0.006,4e-06,60.0
har_21_13,HAR_0021_3p_even_odd_cond21,har_sim_21,21,ABC,A,train,Harmonics,1,SCENARIO_CONTROLLER,0.58988,0.850109,1.441155,7.0647,0.0,60.0,60.0288,22.61,0.831962,0.017238,0.053999,4e-05,0.02321,2e-05,5.4e-05,0.00014,7e-05,8.2e-05,2.6e-05,0.02072,0.064906,4.8e-05,0.027898,6.5e-05,8.4e-05,3.1e-05,0.003752,60.72,10.88,0.006,4e-06,60.0
har_21_14,HAR_0021_3p_even_odd_cond21,har_sim_21,21,ABC,A,train,Harmonics,1,SCENARIO_CONTROLLER,0.589883,0.850109,1.441148,7.0641,0.0,60.0,59.9702,22.6,0.831967,0.017233,0.053994,3.8e-05,0.02321,2.5e-05,5.7e-05,0.000129,8.7e-05,8.8e-05,4.1e-05,0.020714,0.064899,4.6e-05,0.027898,6.9e-05,0.000105,4.9e-05,0.003751,60.72,10.88,0.006,4e-06,60.0
har_21_15,HAR_0021_3p_even_odd_cond21,har_sim_21,21,ABC,A,train,Harmonics,1,SCENARIO_CONTROLLER,0.589875,0.850109,1.441167,7.063,0.0,60.0,59.9702,22.56,0.831956,0.017222,0.053988,5.5e-05,0.023198,4.1e-05,4.2e-05,0.000131,9.9e-05,0.0001,4.1e-05,0.020701,0.064893,6.6e-05,0.027884,5e-05,0.000119,4.9e-05,0.003749,60.72,10.88,0.006,4e-06,60.0
har_21_16,HAR_0021_3p_even_odd_cond21,har_sim_21,21,ABC,A,train,Harmonics,1,SCENARIO_CONTROLLER,0.589873,0.850109,1.441173,7.0645,0.0,60.0,59.9702,22.55,0.831952,0.01722,0.053995,4.5e-05,0.023212,5.1e-05,2.8e-05,0.00013,0.00011,9.6e-05,4.4e-05,0.020698,0.064902,5.4e-05,0.027901,3.4e-05,0.000132,5.3e-05,0.003751,60.72,10.89,0.006,4e-06,60.0
har_21_17,HAR_0021_3p_even_odd_cond21,har_sim_21,21,ABC,A,train,Harmonics,1,SCENARIO_CONTROLLER,0.589873,0.850109,1.441172,7.0642,0.0,60.0,60.0291,22.55,0.831953,0.017224,0.053989,4.6e-05,0.02322,6e-05,2.2e-05,0.000123,0.000106,9.4e-05,4.8e-05,0.020703,0.064894,5.5e-05,0.02791,2.6e-05,0.000127,5.8e-05,0.003751,60.72,10.9,0.006,4e-06,60.0
har_21_18,HAR_0021_3p_even_odd_cond21,har_sim_21,21,ABC,A,train,Harmonics,1,SCENARIO_CONTROLLER,0.589879,0.850109,1.441157,7.0654,0.0,60.0,60.0291,22.59,0.831961,0.017222,0.053998,5.4e-05,0.023224,6.6e-05,2.6e-05,0.000116,9.8e-05,9.8e-05,5.2e-05,0.0207,0.064904,6.5e-05,0.027915,3.1e-05,0.000118,6.3e-05,0.003752,60.72,10.9,0.006,4e-06,60.0
har_21_19,HAR_0021_3p_even_odd_cond21,har_sim_21,21,ABC,A,train,Harmonics,1,SCENARIO_CONTROLLER,0.589874,0.850109,1.44117,7.0656,0.0,60.0,60.0291,22.58,0.831953,0.017225,0.054001,5.5e-05,0.023222,6.9e-05,3.4e-05,0.000111,9.8e-05,8.6e-05,4e-05,0.020704,0.064909,6.6e-05,0.027913,4.1e-05,0.000118,4.8e-05,0.003752,60.72,10.9,0.006,4e-06,60.0
har_21_20,HAR_0021_3p_even_odd_cond21,har_sim_21,21,ABC,A,train,Harmonics,1,SCENARIO_CONTROLLER,0.589874,0.850109,1.44117,7.0656,0.0,60.0,59.9709,22.6,0.831953,0.017228,0.054003,5.2e-05,0.023217,7.3e-05,2.7e-05,0.000119,9.2e-05,7.6e-05,3.8e-05,0.020708,0.064911,6.3e-05,0.027907,3.2e-05,0.000111,4.6e-05,0.003752,60.72,10.89,0.006,4e-06,60.0
har_21_21,HAR_0021_3p_even_odd_cond21,har_sim_21,21,ABC,A,train,Harmonics,1,SCENARIO_CONTROLLER,0.589859,0.850109,1.441208,7.0649,0.0,60.0,59.9709,22.56,0.831932,0.017216,0.053994,6e-05,0.023221,8e-05,2.7e-05,0.000134,9.1e-05,7.5e-05,4.5e-05,0.020694,0.064902,7.2e-05,0.027912,3.2e-05,0.000109,5.4e-05,0.003751,60.72,10.89,0.006,4e-06,60.0
har_21_22,HAR_0021_3p_even_odd_cond21,har_sim_21,21,ABC,A,train,Harmonics,1,SCENARIO_CONTROLLER,0.589871,0.850109,1.441178,7.064,0.0,60.0,59.9709,22.59,0.83195,0.017217,0.053991,6.4e-05,0.023211,6.8e-05,4.5e-05,0.000149,0.000103,7.8e-05,4.8e-05,0.020695,0.064897,7.7e-05,0.0279,5.4e-05,0.000124,5.8e-05,0.00375,60.72,10.9,0.006,4e-06,60.0
har_21_23,HAR_0021_3p_even_odd_cond21,har_sim_21,21,ABC,A,train,Harmonics,1,SCENARIO_CONTROLLER,0.589869,0.850109,1.441181,7.0644,0.0,60.0,60.0308,22.57,0.831948,0.017201,0.053999,7e-05,0.023202,5.8e-05,4.9e-05,0.000144,9e-05,8.7e-05,4.4e-05,0.020676,0.064907,8.4e-05,0.027889,5.9e-05,0.000108,5.3e-05,0.00375,60.72,10.89,0.006,4e-06,60.0
har_21_24,HAR_0021_3p_even_odd_cond21,har_sim_21,21,ABC,A,train,Harmonics,1,SCENARIO_CONTROLLER,0.589875,0.850109,1.441169,7.0632,0.0,60.0,60.0308,22.6,0.831956,0.017195,0.053992,6.3e-05,0.023193,6.8e-05,5.8e-05,0.00014,9e-05,8.1e-05,3.9e-05,0.020668,0.064898,7.6e-05,0.027878,7e-05,0.000108,4.7e-05,0.003749,60.72,10.89,0.006,4e-06,60.0
har_21_25,HAR_0021_3p_even_odd_cond21,har_sim_21,21,ABC,A,train,Harmonics,1,SCENARIO_CONTROLLER,0.589875,0.850109,1.441167,7.0634,0.0,60.0,59.9697,22.6,0.831957,0.017191,0.053988,6.9e-05,0.023205,5.6e-05,4e-05,0.00016,7e-05,8.3e-05,2.7e-05,0.020663,0.064893,8.3e-05,0.027892,4.8e-05,8.4e-05,3.2e-05,0.003749,60.72,10.89,0.006,4e-06,60.0
har_21_26,HAR_0021_3p_even_odd_cond21,har_sim_21,21,ABC,A,train,Harmonics,1,SCENARIO_CONTROLLER,0.589878,0.850109,1.441161,7.0637,0.0,60.0,59.9697,22.56,0.83196,0.017196,0.053989,6.6e-05,0.023211,5.2e-05,5.2e-05,0.00016,5.5e-05,7.5e-05,1.5e-05,0.020669,0.064894,7.9e-05,0.027899,6.3e-05,6.6e-05,1.8e-05,0.003749,60.72,10.9,0.006,4e-06,60.0
har_21_27,HAR_0021_3p_even_odd_cond21,har_sim_21,21,ABC,A,train,Harmonics,1,SCENARIO_CONTROLLER,0.58987,0.850109,1.441181,7.0656,0.0,60.0,59.9697,22.54,0.831948,0.017188,0.054,5.8e-05,0.023223,6.2e-05,4.7e-05,0.000162,6.2e-05,8.4e-05,1.3e-05,0.02066,0.064908,7e-05,0.027914,5.6e-05,7.5e-05,1.6e-05,0.003751,60.72,10.91,0.006,4e-06,60.0
har_21_28,HAR_0021_3p_even_odd_cond21,har_sim_21,21,ABC,A,train,Harmonics,1,SCENARIO_CONTROLLER,0.589869,0.850109,1.441182,7.0654,0.0,60.0,60.0299,22.54,0.831947,0.017198,0.053998,5.3e-05,0.023224,6.1e-05,4.4e-05,0.000149,4.6e-05,9.9e-05,3.2e-05,0.020672,0.064906,6.4e-05,0.027915,5.3e-05,5.5e-05,3.8e-05,0.003751,60.72,10.91,0.006,4e-06,60.0
har_21_29,HAR_0021_3p_even_odd_cond21,har_sim_21,21,ABC,A,train,Harmonics,1,SCENARIO_CONTROLLER,0.589872,0.850109,1.441175,7.0658,0.0,60.0,60.0299,22.59,0.831951,0.017205,0.054005,5.3e-05,0.023215,5e-05,4.6e-05,0.000133,5.6e-05,0.000114,2e-05,0.02068,0.064914,6.4e-05,0.027904,5.5e-05,6.7e-05,2.4e-05,0.003752,60.72,10.91,0.006,4e-06,60.0
har_21_30,HAR_0021_3p_even_odd_cond21,har_sim_21,21,ABC,A,train,Harmonics,1,SCENARIO_CONTROLLER,0.589878,0.850109,1.441159,7.0654,0.0,60.0,60.0299,22.59,0.83196,0.017197,0.054001,4.9e-05,0.02322,3.9e-05,3.9e-05,0.00014,4.8e-05,0.000119,1.2e-05,0.02067,0.064908,5.9e-05,0.02791,4.7e-05,5.8e-05,1.4e-05,0.003751,60.72,10.9,0.006,4e-06,60.0
har_21_31,HAR_0021_3p_even_odd_cond21,har_sim_21,21,ABC,A,train,Harmonics,1,SCENARIO_CONTROLLER,0.589876,0.850109,1.441166,7.0644,0.0,60.0,59.9742,22.62,0.831958,0.017173,0.053976,8e-05,0.023255,2e-05,3.7e-05,0.000118,5.2e-05,0.000132,9e-06,0.020642,0.064878,9.6e-05,0.027952,4.4e-05,6.3e-05,1.1e-05,0.003749,60.72,10.91,0.006,4e-06,60.0
har_21_32,HAR_0021_3p_even_odd_cond21,har_sim_21,21,ABC,A,train,Harmonics,1,SCENARIO_CONTROLLER,0.589851,0.850109,1.441226,7.0636,0.0,60.0,59.9742,22.59,0.831924,0.017152,0.053967,8.3e-05,0.023255,2.4e-05,4.5e-05,0.000121,5.3e-05,0.000136,1.8e-05,0.020617,0.06487,0.0001,0.027953,5.4e-05,6.4e-05,2.2e-05,0.003747,60.72,10.92,0.006,4e-06,60.0
har_22_01,HAR_0022_3p_even_odd_heavy_cond22,har_sim_22,22,ABC,B,train,Harmonics,1,SCENARIO_CONTROLLER,0.594027,0.861232,1.449818,9.0658,0.0,60.0,59.9222,20.41,0.83622,0.02141,0.06096,0.000191,0.028724,0.000295,0.034726,0.000148,0.000182,3.5e-05,5.3e-05,0.025603,0.072899,0.000228,0.03435,0.041527,0.000218,6.3e-05,0.006206,61.59,19.56,0.0104,1.1e-05,60.0
har_22_02,HAR_0022_3p_even_odd_heavy_cond22,har_sim_22,22,ABC,B,train,Harmonics,1,SCENARIO_CONTROLLER,0.594254,0.861232,1.449264,9.1311,0.0,60.0,59.9778,20.42,0.836518,0.020255,0.061907,0.000628,0.02834,0.000388,0.034623,0.000138,0.000124,0.000108,8.3e-05,0.024213,0.074006,0.000751,0.033879,0.041389,0.000148,9.9e-05,0.006245,61.6,19.6,0.0104,1.3e-05,60.0
har_22_03,HAR_0022_3p_even_odd_heavy_cond22,har_sim_22,22,ABC,B,train,Harmonics,1,SCENARIO_CONTROLLER,0.593854,0.861232,1.450242,9.0996,0.0,60.0,59.9778,20.43,0.835973,0.020416,0.061227,5.7e-05,0.028859,0.000303,0.034716,0.000237,0.0002,2.8e-05,8.2e-05,0.024422,0.07324,6.8e-05,0.034521,0.041528,0.000239,9.8e-05,0.006204,61.59,19.56,0.0103,9e-06,60.0
har_22_04,HAR_0022_3p_even_odd_heavy_cond22,har_sim_22,22,ABC,B,train,Harmonics,1,SCENARIO_CONTROLLER,0.594075,0.861232,1.449701,9.0695,0.0,60.0,59.9778,20.45,0.836309,0.020369,0.06101,0.000123,0.028831,0.000337,0.034637,0.000183,0.000103,5.3e-05,3.6e-05,0.024356,0.072952,0.000147,0.034474,0.041417,0.000123,4.3e-05,0.006168,61.59,19.52,0.0103,9e-06,60.0
har_22_05,HAR_0022_3p_even_odd_heavy_cond22,har_sim_22,22,ABC,B,train,Harmonics,1,SCENARIO_CONTROLLER,0.594202,0.861232,1.449392,9.1374,0.0,60.0,59.9234,20.46,0.836408,0.021548,0.061938,0.000696,0.028354,0.000259,0.03465,0.000246,9.9e-05,0.000138,0.000138,0.025763,0.074052,0.000832,0.0339,0.041427,0.000118,0.000165,0.006306,61.6,19.65,0.0105,1.4e-05,60.0
har_22_06,HAR_0022_3p_even_odd_heavy_cond22,har_sim_22,22,ABC,B,train,Harmonics,1,SCENARIO_CONTROLLER,0.593854,0.861232,1.450242,9.0931,0.0,60.0,59.9234,20.41,0.835956,0.021325,0.061189,7.7e-05,0.02889,0.000391,0.034634,9.8e-05,0.000129,7.2e-05,5.9e-05,0.02551,0.073196,9.2e-05,0.034559,0.04143,0.000154,7.1e-05,0.006233,61.59,19.55,0.0104,9e-06,60.0
har_22_07,HAR_0022_3p_even_odd_heavy_cond22,har_sim_22,22,ABC,B,train,Harmonics,1,SCENARIO_CONTROLLER,0.594167,0.861232,1.449477,9.0771,0.0,60.0,59.9234,20.44,0.836413,0.021192,0.061032,0.000198,0.028954,0.000433,0.034654,0.000172,0.000217,0.000123,6.6e-05,0.025337,0.072969,0.000237,0.034617,0.041432,0.000259,7.9e-05,0.006214,61.6,19.63,0.0104,1.3e-05,60.0
har_22_08,HAR_0022_3p_even_odd_heavy_cond22,har_sim_22,22,ABC,B,train,Harmonics,1,SCENARIO_CONTROLLER,0.59408,0.861232,1.44969,9.1363,0.0,60.0,59.9774,20.42,0.83627,0.020161,0.061627,0.000416,0.028662,0.000127,0.034902,0.000299,0.00018,0.000239,0.000129,0.024108,0.073693,0.000497,0.034274,0.041735,0.000215,0.000154,0.006244,61.61,19.82,0.0104,1.8e-05,60.0
har_22_09,HAR_0022_3p_even_odd_heavy_cond22,har_sim_22,22,ABC,B,train,Harmonics,1,SCENARIO_CONTROLLER,0.593911,0.861232,1.450103,9.089,0.0,60.0,59.9774,20.44,0.836064,0.020313,0.061177,0.000101,0.028841,0.000324,0.034642,0.000201,0.000148,9e-06,8.2e-05,0.024296,0.073173,0.000121,0.034496,0.041435,0.000177,9.8e-05,0.006187,61.59,19.53,0.0103,9e-06,60.0
har_22_10,HAR_0022_3p_even_odd_heavy_cond22,har_sim_22,22,ABC,B,train,Harmonics,1,SCENARIO_CONTROLLER,0.594267,0.861232,1.449233,9.1337,0.0,60.0,59.9774,20.42,0.836519,0.020896,0.061492,0.000372,0.028867,0.000235,0.034974,0.000521,0.000267,0.000299,0.000268,0.02498,0.073509,0.000445,0.034508,0.041809,0.000319,0.00032,0.006275,61.62,19.97,0.0104,2.2e-05,60.0
har_22_11,HAR_0022_3p_even_odd_heavy_cond22,har_sim_22,22,ABC,B,train,Harmonics,1,SCENARIO_CONTROLLER,0.593866,0.861232,1.450212,9.1111,0.0,60.0,59.9205,20.44,0.835959,0.021321,0.061319,9.9e-05,0.028832,0.000268,0.034783,0.000291,0.000245,0.000172,0.000165,0.025505,0.073352,0.000118,0.03449,0.041608,0.000293,0.000197,0.006256,61.6,19.68,0.0104,1.3e-05,60.0
har_22_12,HAR_0022_3p_even_odd_heavy_cond22,har_sim_22,22,ABC,B,train,Harmonics,1,SCENARIO_CONTROLLER,0.593992,0.861232,1.449905,9.0724,0.0,60.0,59.9205,20.4,0.836163,0.021421,0.061035,0.000156,0.02871,0.000256,0.034716,0.00018,0.000214,0.000135,4.7e-05,0.025618,0.072994,0.000187,0.034335,0.041518,0.000256,5.6e-05,0.006214,61.59,19.59,0.0104,1.2e-05,60.0
har_22_13,HAR_0022_3p_even_odd_heavy_cond22,har_sim_22,22,ABC,B,train,Harmonics,1,SCENARIO_CONTROLLER,0.594292,0.861232,1.449172,9.1305,0.0,60.0,59.9746,20.44,0.836568,0.020393,0.061826,0.000579,0.028388,0.000288,0.034728,0.000319,0.00018,0.000231,0.00013,0.024377,0.073904,0.000692,0.033934,0.041512,0.000215,0.000155,0.006251,61.6,19.73,0.0104,1.8e-05,60.0
har_22_14,HAR_0022_3p_even_odd_heavy_cond22,har_sim_22,22,ABC,B,train,Harmonics,1,SCENARIO_CONTROLLER,0.593808,0.861232,1.450354,9.086,0.0,60.0,59.9746,20.45,0.835916,0.020498,0.061178,2.3e-05,0.02873,0.000294,0.034648,0.000278,0.000142,3.3e-05,9.6e-05,0.024522,0.073187,2.8e-05,0.034369,0.041449,0.00017,0.000115,0.006189,61.59,19.53,0.0103,9e-06,60.0
har_22_15,HAR_0022_3p_even_odd_heavy_cond22,har_sim_22,22,ABC,B,train,Harmonics,1,SCENARIO_CONTROLLER,0.594042,0.861232,1.449781,9.0568,0.0,60.0,59.9746,20.46,0.836271,0.020378,0.060953,0.000127,0.028687,0.000282,0.034615,0.000283,9.2e-05,0.000118,5e-05,0.024368,0.072887,0.000152,0.034303,0.041392,0.00011,6e-05,0.006152,61.58,19.5,0.0103,9e-06,60.0
har_22_16,HAR_0022_3p_even_odd_heavy_cond22,har_sim_22,22,ABC,B,train,Harmonics,1,SCENARIO_CONTROLLER,0.594238,0.861232,1.449303,9.1217,0.0,60.0,59.9246,20.47,0.836468,0.021569,0.061941,0.000718,0.028191,0.00028,0.034502,0.000137,0.000103,0.000116,7.9e-05,0.025786,0.074051,0.000858,0.033702,0.041247,0.000123,9.4e-05,0.006288,61.6,19.54,0.0104,1.2e-05,60.0
har_22_17,HAR_0022_3p_even_odd_heavy_cond22,har_sim_22,22,ABC,B,train,Harmonics,1,SCENARIO_CONTROLLER,0.593841,0.861232,1.450272,9.0862,0.0,60.0,59.9246,20.42,0.835941,0.021363,0.061184,6e-05,0.02879,0.000362,0.034596,6.7e-05,0.000139,9.8e-05,8.9e-05,0.025556,0.073192,7.2e-05,0.03444,0.041386,0.000166,0.000106,0.006226,61.59,19.54,0.0104,9e-06,60.0
har_22_18,HAR_0022_3p_even_odd_heavy_cond22,har_sim_22,22,ABC,B,train,Harmonics,1,SCENARIO_CONTROLLER,0.594142,0.861232,1.449538,9.0512,0.0,60.0,59.9246,20.43,0.836391,0.021362,0.060919,0.000216,0.028774,0.000438,0.034524,4.3e-05,0.000101,7.9e-05,5.5e-05,0.025541,0.072836,0.000258,0.034403,0.041277,0.000121,6.6e-05,0.006188,61.58,19.52,0.0103,1e-05,60.0
har_22_19,HAR_0022_3p_even_odd_heavy_cond22,har_sim_22,22,ABC,B,train,Harmonics,1,SCENARIO_CONTROLLER,0.594176,0.861232,1.449455,9.1233,0.0,60.0,59.9772,20.43,0.836414,0.020197,0.061752,0.000545,0.028388,0.000299,0.034694,0.000203,0.000124,0.0002,0.000142,0.024147,0.073829,0.000652,0.03394,0.041479,0.000148,0.00017,0.006231,61.6,19.67,0.0104,1.6e-05,60.0
har_22_20,HAR_0022_3p_even_odd_heavy_cond22,har_sim_22,22,ABC,B,train,Harmonics,1,SCENARIO_CONTROLLER,0.593924,0.861232,1.450071,9.0808,0.0,60.0,59.9772,20.45,0.836085,0.020389,0.061154,0.000124,0.028784,0.000339,0.034583,0.000246,0.00011,3.8e-05,6.1e-05,0.024386,0.073143,0.000148,0.034427,0.041363,0.000132,7.3e-05,0.00618,61.59,19.51,0.0103,9e-06,60.0
har_22_21,HAR_0022_3p_even_odd_heavy_cond22,har_sim_22,22,ABC,B,train,Harmonics,1,SCENARIO_CONTROLLER,0.594212,0.861232,1.449366,9.0966,0.0,60.0,59.9772,20.44,0.836473,0.020709,0.061213,0.000241,0.028895,0.000337,0.034754,0.000452,0.000249,0.000251,0.000161,0.024758,0.07318,0.000288,0.034544,0.041548,0.000298,0.000192,0.006219,61.6,19.79,0.0104,1.9e-05,60.0
har_22_22,HAR_0022_3p_even_odd_heavy_cond22,har_sim_22,22,ABC,B,train,Harmonics,1,SCENARIO_CONTROLLER,0.593987,0.861232,1.449916,9.1243,0.0,60.0,59.9233,20.46,0.836114,0.021494,0.061467,0.000265,0.028725,0.000189,0.034881,0.000388,0.00028,0.000226,0.000156,0.025707,0.073515,0.000317,0.034355,0.041718,0.000335,0.000187,0.006282,61.61,19.83,0.0105,1.8e-05,60.0
har_22_23,HAR_0022_3p_even_odd_heavy_cond22,har_sim_22,22,ABC,B,train,Harmonics,1,SCENARIO_CONTROLLER,0.593941,0.861232,1.450028,9.0753,0.0,60.0,59.9233,20.42,0.836087,0.021455,0.061095,0.000127,0.028718,0.000336,0.034643,0.000152,0.000172,0.000122,8.9e-05,0.025661,0.073073,0.000152,0.034348,0.041435,0.000206,0.000106,0.006218,61.59,19.54,0.0104,1.1e-05,60.0
har_22_24,HAR_0022_3p_even_odd_heavy_cond22,har_sim_22,22,ABC,B,train,Harmonics,1,SCENARIO_CONTROLLER,0.594321,0.861232,1.449101,9.1311,0.0,60.0,59.9506,20.49,0.836601,0.020642,0.061626,0.000402,0.028594,8.7e-05,0.034931,0.000369,0.000229,0.000279,0.000231,0.024674,0.073662,0.000481,0.034179,0.041753,0.000274,0.000276,0.006262,61.61,19.89,0.0104,2.1e-05,60.0
har_22_25,HAR_0022_3p_even_odd_heavy_cond22,har_sim_22,22,ABC,B,train,Harmonics,1,SCENARIO_CONTROLLER,0.593876,0.861232,1.450187,9.0905,0.0,60.0,59.9777,20.44,0.836008,0.02049,0.061217,5.7e-05,0.028708,0.000257,0.034699,0.000296,0.000192,3.9e-05,7.5e-05,0.024509,0.073225,6.8e-05,0.034339,0.041506,0.00023,9e-05,0.006196,61.59,19.55,0.0103,9e-06,60.0
har_22_26,HAR_0022_3p_even_odd_heavy_cond22,har_sim_22,22,ABC,B,train,Harmonics,1,SCENARIO_CONTROLLER,0.594065,0.861232,1.449725,9.0652,0.0,60.0,59.9777,20.45,0.836298,0.020358,0.06102,7.4e-05,0.028651,0.000237,0.034688,0.000307,0.000125,0.000135,7e-05,0.024343,0.072964,8.8e-05,0.034259,0.041478,0.000149,8.4e-05,0.006162,61.58,19.54,0.0103,1e-05,60.0
har_22_27,HAR_0022_3p_even_odd_heavy_cond22,har_sim_22,22,ABC,B,train,Harmonics,1,SCENARIO_CONTROLLER,0.594325,0.861232,1.449093,9.1304,0.0,60.0,59.9234,20.46,0.836585,0.021501,0.061973,0.000746,0.028212,0.000291,0.034611,0.000176,0.000158,7.8e-05,0.000102,0.025701,0.074079,0.000892,0.033723,0.041372,0.000189,0.000122,0.006297,61.6,19.63,0.0105,1.4e-05,60.0
har_22_28,HAR_0022_3p_even_odd_heavy_cond22,har_sim_22,22,ABC,B,train,Harmonics,1,SCENARIO_CONTROLLER,0.593852,0.861232,1.450247,9.0926,0.0,60.0,59.9234,20.42,0.835952,0.021306,0.061229,4.5e-05,0.028734,0.000338,0.034683,0.000137,0.000176,0.00017,9.3e-05,0.025487,0.073245,5.4e-05,0.034373,0.041489,0.000211,0.000111,0.006232,61.59,19.55,0.0104,9e-06,60.0
har_22_29,HAR_0022_3p_even_odd_heavy_cond22,har_sim_22,22,ABC,B,train,Harmonics,1,SCENARIO_CONTROLLER,0.594134,0.861232,1.449557,9.0546,0.0,60.0,59.9234,20.41,0.836377,0.02139,0.060952,0.000275,0.028693,0.000431,0.034593,3.7e-05,4.4e-05,9.5e-05,8.9e-05,0.025575,0.072876,0.000329,0.034306,0.041361,5.3e-05,0.000106,0.006193,61.58,19.51,0.0103,9e-06,60.0
har_22_30,HAR_0022_3p_even_odd_heavy_cond22,har_sim_22,22,ABC,B,train,Harmonics,1,SCENARIO_CONTROLLER,0.594258,0.861232,1.449256,9.1258,0.0,60.0,59.9763,20.43,0.836526,0.020182,0.061916,0.000597,0.028238,0.000391,0.034594,6.6e-05,4.1e-05,0.000102,0.000105,0.024126,0.074016,0.000714,0.033756,0.041354,4.9e-05,0.000126,0.006236,61.59,19.54,0.0104,1.1e-05,60.0
har_22_31,HAR_0022_3p_even_odd_heavy_cond22,har_sim_22,22,ABC,B,train,Harmonics,1,SCENARIO_CONTROLLER,0.593925,0.861232,1.450068,9.0884,0.0,60.0,59.9763,20.44,0.83608,0.0204,0.061219,0.000142,0.028766,0.000345,0.034623,0.000246,0.000135,7.7e-05,4.9e-05,0.0244,0.073221,0.00017,0.034406,0.041411,0.000161,5.9e-05,0.00619,61.59,19.52,0.0103,9e-06,60.0
har_22_32,HAR_0022_3p_even_odd_heavy_cond22,har_sim_22,22,ABC,B,train,Harmonics,1,SCENARIO_CONTROLLER,0.594166,0.861232,1.449479,9.076,0.0,60.0,59.9763,20.46,0.836426,0.02054,0.0611,0.000135,0.028824,0.000377,0.034625,0.000296,0.00018,0.000172,9.6e-05,0.024557,0.073049,0.000161,0.034461,0.041396,0.000215,0.000115,0.006185,61.59,19.59,0.0103,1.2e-05,60.0
har_23_01,HAR_0023_3p_even_h5h7_cond23,har_sim_23,23,ABC,B,train,Harmonics,1,SCENARIO_CONTROLLER,0.592998,0.844156,1.42354,6.4423,0.0,60.0,60.0282,23.38,0.8366,0.014634,0.00048,0.000528,0.032932,0.000398,0.042662,0.000188,9.1e-05,0.000106,0.000182,0.017492,0.000574,0.000631,0.039364,0.050995,0.000109,0.000218,0.003119,61.35,21.06,0.0059,1.2e-05,60.0
har_23_02,HAR_0023_3p_even_h5h7_cond23,har_sim_23,23,ABC,B,train,Harmonics,1,SCENARIO_CONTROLLER,0.592814,0.844156,1.423982,6.4662,0.0,60.0,60.0718,23.4,0.836306,0.015797,0.00058,0.00059,0.033182,0.000398,0.042696,4.7e-05,5.2e-05,2.4e-05,0.000115,0.018889,0.000694,0.000705,0.039677,0.051053,6.2e-05,0.000138,0.003174,61.36,21.07,0.006,1e-05,60.0
har_23_03,HAR_0023_3p_even_h5h7_cond23,har_sim_23,23,ABC,B,train,Harmonics,1,SCENARIO_CONTROLLER,0.593199,0.844156,1.423056,6.4247,0.0,60.0,60.0718,23.4,0.836872,0.015862,0.000313,7.6e-05,0.032698,0.000449,0.04268,0.000199,0.000123,4.3e-05,9.2e-05,0.018954,0.000374,9.1e-05,0.039072,0.050999,0.000147,0.00011,0.003143,61.34,20.99,0.006,9e-06,60.0
har_23_04,HAR_0023_3p_even_h5h7_cond23,har_sim_23,23,ABC,B,train,Harmonics,1,SCENARIO_CONTROLLER,0.592929,0.844156,1.423706,6.4388,0.0,60.0,60.0718,23.39,0.83648,0.016,0.00038,0.000339,0.032774,0.000457,0.042738,0.000257,8.4e-05,7.1e-05,5.7e-05,0.019128,0.000454,0.000405,0.039181,0.051093,0.0001,6.8e-05,0.003157,61.35,21.05,0.006,1e-05,60.0
har_23_05,HAR_0023_3p_even_h5h7_cond23,har_sim_23,23,ABC,B,train,Harmonics,1,SCENARIO_CONTROLLER,0.592871,0.844156,1.423845,6.4468,0.0,60.0,60.0289,23.37,0.836416,0.014789,0.00062,0.000393,0.033108,0.000169,0.042557,0.000494,0.000148,0.000116,3.6e-05,0.017681,0.000741,0.00047,0.039583,0.05088,0.000177,4.3e-05,0.003127,61.35,21.1,0.0059,1.4e-05,60.0
har_23_06,HAR_0023_3p_even_h5h7_cond23,har_sim_23,23,ABC,B,train,Harmonics,1,SCENARIO_CONTROLLER,0.593274,0.844156,1.422876,6.4258,0.0,60.0,60.0289,23.4,0.836996,0.014851,0.000347,0.000279,0.032708,0.000375,0.042694,0.000308,0.000143,7.2e-05,6.9e-05,0.017743,0.000415,0.000333,0.039078,0.051009,0.000171,8.2e-05,0.003114,61.34,20.98,0.0059,8e-06,60.0
har_23_07,HAR_0023_3p_even_h5h7_cond23,har_sim_23,23,ABC,B,train,Harmonics,1,SCENARIO_CONTROLLER,0.592822,0.842531,1.421221,6.4031,0.0,60.0,60.0289,23.4,0.836369,0.014909,0.000325,0.000197,0.032571,0.000358,0.042509,0.000418,0.000284,0.000193,0.000277,0.017826,0.000389,0.000236,0.038943,0.050826,0.00034,0.000331,0.003091,61.34,21.15,0.0059,1.9e-05,60.0
har_23_08,HAR_0023_3p_even_h5h7_cond23,har_sim_23,23,ABC,B,train,Harmonics,1,SCENARIO_CONTROLLER,0.593036,0.842531,1.420708,6.404,0.0,60.0,60.0708,23.39,0.836652,0.015937,0.00042,0.000286,0.032722,0.000168,0.042424,0.00025,0.000277,0.000195,0.00025,0.019049,0.000502,0.000342,0.039111,0.050707,0.000331,0.000299,0.003125,61.34,21.09,0.0059,1.6e-05,60.0
har_23_09,HAR_0023_3p_even_h5h7_cond23,har_sim_23,23,ABC,B,train,Harmonics,1,SCENARIO_CONTROLLER,0.593187,0.842531,1.420347,6.4214,0.0,60.0,60.0708,23.41,0.836857,0.015874,0.00033,5.9e-05,0.032754,0.000325,0.042601,0.000238,0.000219,0.000105,4.6e-05,0.018969,0.000394,7.1e-05,0.039139,0.050906,0.000262,5.5e-05,0.00314,61.34,20.99,0.006,1e-05,60.0
har_23_10,HAR_0023_3p_even_h5h7_cond23,har_sim_23,23,ABC,B,train,Harmonics,1,SCENARIO_CONTROLLER,0.59277,0.842531,1.421347,6.4097,0.0,60.0,60.0505,23.43,0.836284,0.01534,0.000406,0.000407,0.032802,9.9e-05,0.042393,0.000605,0.00024,0.000253,0.000223,0.018343,0.000485,0.000487,0.039224,0.050692,0.000287,0.000267,0.003109,61.35,21.19,0.0059,2e-05,60.0
har_23_11,HAR_0023_3p_even_h5h7_cond23,har_sim_23,23,ABC,B,train,Harmonics,1,SCENARIO_CONTROLLER,0.593212,0.842531,1.420287,6.4219,0.0,60.0,60.0294,23.4,0.836911,0.014822,0.000344,0.000271,0.032648,0.000388,0.042691,0.000368,0.000187,7.8e-05,0.000157,0.01771,0.000411,0.000324,0.03901,0.05101,0.000223,0.000188,0.003109,61.34,21.02,0.0059,1e-05,60.0
har_23_12,HAR_0023_3p_even_h5h7_cond23,har_sim_23,23,ABC,B,train,Harmonics,1,SCENARIO_CONTROLLER,0.593041,0.842531,1.420695,6.4361,0.0,60.0,60.0294,23.39,0.836665,0.014665,0.000468,0.000508,0.032925,0.000233,0.042607,0.000314,0.000162,0.000169,0.000153,0.017528,0.000559,0.000607,0.039353,0.050925,0.000194,0.000183,0.003115,61.35,21.06,0.0059,1.3e-05,60.0
har_23_13,HAR_0023_3p_even_h5h7_cond23,har_sim_23,23,ABC,B,train,Harmonics,1,SCENARIO_CONTROLLER,0.592793,0.842531,1.42129,6.4621,0.0,60.0,60.0719,23.37,0.836281,0.015746,0.000538,0.000577,0.03313,0.000282,0.042692,4.1e-05,0.000106,4.3e-05,9e-05,0.018829,0.000643,0.00069,0.039616,0.05105,0.000127,0.000108,0.003169,61.36,21.08,0.006,1.1e-05,60.0
har_23_14,HAR_0023_3p_even_h5h7_cond23,har_sim_23,23,ABC,B,train,Harmonics,1,SCENARIO_CONTROLLER,0.593205,0.842531,1.420304,6.427,0.0,60.0,60.0719,23.4,0.836879,0.015843,0.000264,4e-05,0.03271,0.000396,0.042696,0.000112,0.000107,7.3e-05,0.000116,0.018931,0.000315,4.8e-05,0.039086,0.051018,0.000128,0.000139,0.003144,61.34,20.99,0.006,8e-06,60.0
har_23_15,HAR_0023_3p_even_h5h7_cond23,har_sim_23,23,ABC,B,train,Harmonics,1,SCENARIO_CONTROLLER,0.592953,0.842531,1.420908,6.4437,0.0,60.0,60.0719,23.4,0.836511,0.016015,0.000426,0.000345,0.032847,0.000427,0.042735,0.000209,7e-06,3.5e-05,0.000105,0.019145,0.000509,0.000412,0.039267,0.051087,8e-06,0.000126,0.003162,61.35,21.05,0.006,9e-06,60.0
har_23_16,HAR_0023_3p_even_h5h7_cond23,har_sim_23,23,ABC,B,train,Harmonics,1,SCENARIO_CONTROLLER,0.592822,0.842531,1.421221,6.4622,0.0,60.0,60.0269,23.36,0.836338,0.014859,0.000596,0.000454,0.033176,0.000288,0.04266,0.000311,6.8e-05,8.7e-05,6.7e-05,0.017767,0.000713,0.000543,0.039668,0.051008,8.1e-05,8e-05,0.003142,61.36,21.08,0.006,1e-05,60.0
har_23_17,HAR_0023_3p_even_h5h7_cond23,har_sim_23,23,ABC,B,train,Harmonics,1,SCENARIO_CONTROLLER,0.593229,0.842531,1.420245,6.4255,0.0,60.0,60.0269,23.39,0.836933,0.014833,0.000294,0.000315,0.032697,0.000429,0.042695,0.000302,0.000132,3.9e-05,9.3e-05,0.017723,0.000351,0.000376,0.039068,0.051014,0.000158,0.000111,0.003112,61.34,20.98,0.0059,9e-06,60.0
har_23_18,HAR_0023_3p_even_h5h7_cond23,har_sim_23,23,ABC,B,train,Harmonics,1,SCENARIO_CONTROLLER,0.59284,0.842531,1.421179,6.4265,0.0,60.0,60.0269,23.38,0.836383,0.014754,0.000438,0.000354,0.032636,0.000505,0.042705,0.000338,0.000188,0.000154,0.000159,0.01764,0.000524,0.000423,0.03902,0.051059,0.000225,0.00019,0.003107,61.35,21.14,0.0059,1.4e-05,60.0
har_23_19,HAR_0023_3p_even_h5h7_cond23,har_sim_23,23,ABC,B,train,Harmonics,1,SCENARIO_CONTROLLER,0.59291,0.842531,1.421011,6.4165,0.0,60.0,60.0729,23.38,0.836466,0.015918,0.000425,0.000434,0.032872,3.2e-05,0.042426,0.000319,0.000277,0.000199,0.000149,0.01903,0.000508,0.000519,0.039299,0.050721,0.000331,0.000178,0.003135,61.34,21.11,0.006,1.8e-05,60.0
har_23_20,HAR_0023_3p_even_h5h7_cond23,har_sim_23,23,ABC,B,train,Harmonics,1,SCENARIO_CONTROLLER,0.593192,0.842531,1.420334,6.4227,0.0,60.0,60.0729,23.4,0.836865,0.015805,0.000221,2.3e-05,0.032698,0.000339,0.042658,0.000154,0.000143,8.1e-05,9.5e-05,0.018886,0.000264,2.7e-05,0.039072,0.050974,0.000171,0.000114,0.003139,61.34,20.98,0.006,8e-06,60.0
har_23_21,HAR_0023_3p_even_h5h7_cond23,har_sim_23,23,ABC,B,train,Harmonics,1,SCENARIO_CONTROLLER,0.592762,0.842531,1.421365,6.3901,0.0,60.0,60.0729,23.35,0.83628,0.015528,0.000396,0.000347,0.032627,0.000157,0.042321,0.000513,0.00028,0.000259,0.000322,0.018568,0.000474,0.000415,0.039014,0.050606,0.000335,0.000385,0.003098,61.34,21.16,0.0059,2.2e-05,60.0
har_23_22,HAR_0023_3p_even_h5h7_cond23,har_sim_23,23,ABC,B,train,Harmonics,1,SCENARIO_CONTROLLER,0.593128,0.842531,1.420487,6.4057,0.0,60.0,60.028,23.41,0.836804,0.014726,0.000312,0.000184,0.03261,0.00039,0.042542,0.000408,0.000264,0.000155,0.000233,0.017598,0.000373,0.00022,0.03897,0.050839,0.000315,0.000278,0.003091,61.34,21.02,0.0059,1.3e-05,60.0
har_23_23,HAR_0023_3p_even_h5h7_cond23,har_sim_23,23,ABC,B,train,Harmonics,1,SCENARIO_CONTROLLER,0.593094,0.842531,1.420569,6.4204,0.0,60.0,60.028,23.41,0.836749,0.014665,0.000373,0.00042,0.032836,0.000277,0.042518,0.000378,0.0002,0.000142,4.1e-05,0.017526,0.000446,0.000502,0.039242,0.050813,0.000239,4.9e-05,0.003102,61.34,21.03,0.0059,1.2e-05,60.0
har_23_24,HAR_0023_3p_even_h5h7_cond23,har_sim_23,23,ABC,B,train,Harmonics,1,SCENARIO_CONTROLLER,0.592754,0.842531,1.421385,6.4384,0.0,60.0,60.0738,23.35,0.836242,0.015579,0.000535,0.000503,0.032991,0.000217,0.042546,0.000254,0.000238,0.000171,7.6e-05,0.01863,0.00064,0.000602,0.039451,0.050878,0.000285,9.1e-05,0.003142,61.35,21.1,0.006,1.5e-05,60.0
har_23_25,HAR_0023_3p_even_h5h7_cond23,har_sim_23,23,ABC,B,train,Harmonics,1,SCENARIO_CONTROLLER,0.593185,0.842531,1.42035,6.421,0.0,60.0,60.0738,23.4,0.836857,0.01579,0.000206,1.1e-05,0.032673,0.000332,0.04266,0.000137,0.00014,2.4e-05,0.000115,0.018868,0.000246,1.3e-05,0.039043,0.050976,0.000167,0.000137,0.003137,61.34,20.98,0.006,8e-06,60.0
har_23_26,HAR_0023_3p_even_h5h7_cond23,har_sim_23,23,ABC,B,train,Harmonics,1,SCENARIO_CONTROLLER,0.592959,0.842531,1.420892,6.4355,0.0,60.0,60.0738,23.4,0.836527,0.015967,0.000409,0.000355,0.032873,0.000285,0.04263,0.000216,2.1e-05,8.1e-05,0.000122,0.019087,0.000489,0.000424,0.039297,0.050961,2.5e-05,0.000146,0.003153,61.35,21.03,0.006,1e-05,60.0
har_23_27,HAR_0023_3p_even_h5h7_cond23,har_sim_23,23,ABC,B,train,Harmonics,1,SCENARIO_CONTROLLER,0.592787,0.842531,1.421304,6.4621,0.0,60.0,60.0266,23.36,0.83629,0.014843,0.000624,0.000472,0.033189,0.000334,0.042646,0.000199,7.4e-05,3.2e-05,0.000104,0.017749,0.000746,0.000564,0.039686,0.050994,8.8e-05,0.000124,0.003141,61.35,21.06,0.006,9e-06,60.0
har_23_28,HAR_0023_3p_even_h5h7_cond23,har_sim_23,23,ABC,B,train,Harmonics,1,SCENARIO_CONTROLLER,0.593221,0.842531,1.420265,6.4208,0.0,60.0,60.0266,23.4,0.836925,0.014757,0.000259,0.000284,0.032697,0.000512,0.042644,0.00021,0.00011,5.4e-05,0.000109,0.017632,0.000309,0.000339,0.039068,0.050953,0.000131,0.00013,0.003106,61.34,20.96,0.0059,9e-06,60.0
har_23_29,HAR_0023_3p_even_h5h7_cond23,har_sim_23,23,ABC,B,train,Harmonics,1,SCENARIO_CONTROLLER,0.5929,0.842531,1.421034,6.4355,0.0,60.0,60.0266,23.38,0.836467,0.014626,0.000474,0.00041,0.032765,0.00058,0.042708,0.000146,6.7e-05,5.7e-05,3.7e-05,0.017485,0.000567,0.00049,0.039171,0.051058,8e-05,4.4e-05,0.003112,61.35,21.05,0.0059,1e-05,60.0
har_23_30,HAR_0023_3p_even_h5h7_cond23,har_sim_23,23,ABC,B,train,Harmonics,1,SCENARIO_CONTROLLER,0.592865,0.842531,1.421118,6.4346,0.0,60.0,60.0694,23.4,0.836397,0.015828,0.000502,0.000514,0.033057,0.000232,0.042466,0.000314,0.00021,0.000147,7.9e-05,0.018924,0.0006,0.000615,0.039523,0.050773,0.000251,9.4e-05,0.003147,61.35,21.07,0.006,1.3e-05,60.0
har_23_31,HAR_0023_3p_even_h5h7_cond23,har_sim_23,23,ABC,B,train,Harmonics,1,SCENARIO_CONTROLLER,0.593225,0.842531,1.420255,6.4175,0.0,60.0,60.0694,23.43,0.836916,0.015732,0.000168,2.4e-05,0.032704,0.000295,0.042603,0.000188,9.8e-05,8.7e-05,0.00014,0.018798,0.000201,2.9e-05,0.039077,0.050905,0.000117,0.000167,0.003132,61.34,20.96,0.0059,8e-06,60.0
har_23_32,HAR_0023_3p_even_h5h7_cond23,har_sim_23,23,ABC,B,train,Harmonics,1,SCENARIO_CONTROLLER,0.592814,0.842531,1.42124,6.3956,0.0,60.0,60.0694,23.38,0.836348,0.015695,0.000426,0.000301,0.032604,0.000246,0.042402,0.000404,0.00025,0.000183,0.000271,0.018766,0.000509,0.00036,0.038984,0.050699,0.000299,0.000324,0.003108,61.34,21.11,0.0059,1.9e-05,60.0
har_24_01,HAR_0024_3p_even_h11_cond24,har_sim_24,24,ABC,C,test,Harmonics,1,SCENARIO_CONTROLLER,0.58408,0.835063,1.429707,6.4123,0.0,60.0,59.9571,23.48,0.824094,0.014372,0.046379,0.000253,0.025326,0.000228,0.000162,0.000144,9.3e-05,0.000171,0.009026,0.01744,0.056279,0.000307,0.030732,0.000197,0.000113,0.010953,0.003081,60.71,12.6,0.0055,9e-06,60.0
har_24_02,HAR_0024_3p_even_h11_cond24,har_sim_24,24,ABC,B,test,Harmonics,1,SCENARIO_CONTROLLER,0.592845,0.848254,1.43082,6.4773,0.0,60.0,59.9808,23.38,0.836441,0.013779,0.049081,0.000403,0.022944,0.000146,7e-05,0.000167,4.8e-05,8.7e-05,0.008855,0.016473,0.058678,0.000482,0.027431,8.4e-05,5.7e-05,0.010587,0.003204,60.69,12.19,0.0055,9e-06,60.0
har_24_03,HAR_0024_3p_even_h11_cond24,har_sim_24,24,ABC,A,test,Harmonics,1,SCENARIO_CONTROLLER,0.59062,0.844242,1.429418,6.4545,0.0,60.0,59.9562,23.43,0.833295,0.014837,0.049092,0.000406,0.021972,0.000109,0.000176,6.4e-05,0.000137,4.8e-05,0.008661,0.017805,0.058913,0.000487,0.026368,0.000211,0.000164,0.010394,0.003188,60.68,12.04,0.0055,9e-06,60.0
har_24_04,HAR_0024_3p_even_h11_cond24,har_sim_24,24,ABC,A,test,Harmonics,1,SCENARIO_CONTROLLER,0.590352,0.843957,1.429581,6.4261,0.0,60.0,59.9562,23.39,0.832941,0.014472,0.048711,9.9e-05,0.022185,5.6e-05,0.000122,1e-05,8e-05,9.1e-05,0.008584,0.017375,0.058481,0.000119,0.026635,0.000146,9.6e-05,0.010306,0.003148,60.67,11.89,0.0055,7e-06,60.0
har_24_05,HAR_0024_3p_even_h11_cond24,har_sim_24,24,ABC,B,test,Harmonics,1,SCENARIO_CONTROLLER,0.592787,0.848254,1.430959,6.4723,0.0,60.0,59.9573,23.4,0.836347,0.014701,0.049061,0.000231,0.022872,8.7e-05,0.000121,0.000101,0.000163,0.000139,0.00879,0.017578,0.058661,0.000276,0.027348,0.000145,0.000195,0.01051,0.003224,60.68,12.1,0.0056,8e-06,60.0
har_24_06,HAR_0024_3p_even_h11_cond24,har_sim_24,24,ABC,B,test,Harmonics,1,SCENARIO_CONTROLLER,0.592583,0.848254,1.431451,6.4486,0.0,60.0,59.9573,23.36,0.836077,0.014387,0.048719,7e-05,0.023094,9.1e-05,1.3e-05,5.9e-05,0.00011,8.6e-05,0.008826,0.017208,0.058271,8.4e-05,0.027622,1.6e-05,0.000132,0.010556,0.003192,60.68,12.06,0.0055,6e-06,60.0
har_24_07,HAR_0024_3p_even_h11_cond24,har_sim_24,24,ABC,B,test,Harmonics,1,SCENARIO_CONTROLLER,0.592813,0.848254,1.430897,6.4396,0.0,60.0,59.9573,23.38,0.836411,0.014134,0.048634,7.1e-05,0.023146,0.00014,0.000134,0.000181,2.2e-05,0.000101,0.008847,0.016898,0.058146,8.5e-05,0.027673,0.00016,2.6e-05,0.010577,0.003179,60.68,12.16,0.0055,9e-06,60.0
har_24_08,HAR_0024_3p_even_h11_cond24,har_sim_24,24,ABC,B,test,Harmonics,1,SCENARIO_CONTROLLER,0.592738,0.848254,1.431078,6.4626,0.0,60.0,59.9823,23.37,0.836296,0.013912,0.048908,0.000303,0.023,9.6e-05,0.00016,2.9e-05,0.000168,6.6e-05,0.008833,0.016635,0.058482,0.000362,0.027502,0.000191,0.000201,0.010562,0.003193,60.68,12.1,0.0055,8e-06,60.0
har_24_09,HAR_0024_3p_even_h11_cond24,har_sim_24,24,ABC,A,test,Harmonics,1,SCENARIO_CONTROLLER,0.590448,0.843957,1.429351,6.4459,0.0,60.0,59.9557,23.4,0.833062,0.014639,0.048904,0.000301,0.022177,0.000145,0.000124,9.3e-05,0.00017,0.000139,0.008653,0.017573,0.058704,0.000361,0.026621,0.000149,0.000204,0.010387,0.003173,60.67,11.98,0.0055,8e-06,60.0
har_24_10,HAR_0024_3p_even_h11_cond24,har_sim_24,24,ABC,B,test,Harmonics,1,SCENARIO_CONTROLLER,0.592858,0.848254,1.430787,6.4649,0.0,60.0,59.9823,23.37,0.836452,0.01462,0.048843,0.000243,0.023207,0.000253,0.000232,0.000198,0.000205,0.000134,0.008873,0.017479,0.058393,0.000291,0.027745,0.000277,0.000245,0.010608,0.003217,60.69,12.23,0.0056,1e-05,60.0
har_24_11,HAR_0024_3p_even_h11_cond24,har_sim_24,24,ABC,B,test,Harmonics,1,SCENARIO_CONTROLLER,0.592638,0.848254,1.431318,6.4528,0.0,60.0,59.955,23.38,0.83615,0.014501,0.048761,9.5e-05,0.023097,0.000164,0.000111,8.9e-05,4.3e-05,5e-05,0.008876,0.017343,0.058316,0.000114,0.027623,0.000133,5.1e-05,0.010615,0.0032,60.68,12.14,0.0055,8e-06,60.0
har_24_12,HAR_0024_3p_even_h11_cond24,har_sim_24,24,ABC,C,test,Harmonics,1,SCENARIO_CONTROLLER,0.584033,0.834774,1.429326,6.416,0.0,60.0,59.977,23.46,0.824027,0.014352,0.046335,0.000199,0.02546,0.000223,0.000132,0.000163,0.000165,0.000194,0.008905,0.017417,0.05623,0.000241,0.030897,0.00016,0.0002,0.010807,0.003081,60.71,12.55,0.0055,9e-06,60.0
har_24_13,HAR_0024_3p_even_h11_cond24,har_sim_24,24,ABC,B,test,Harmonics,1,SCENARIO_CONTROLLER,0.592885,0.848254,1.430722,6.4757,0.0,60.0,59.9808,23.38,0.836499,0.013831,0.049033,0.000334,0.023021,0.000171,0.000172,9.7e-05,0.000168,0.000121,0.008792,0.016534,0.058617,0.000399,0.027521,0.000206,0.000201,0.01051,0.003203,60.69,12.13,0.0055,9e-06,60.0
har_24_14,HAR_0024_3p_even_h11_cond24,har_sim_24,24,ABC,A,test,Harmonics,1,SCENARIO_CONTROLLER,0.590591,0.843957,1.429004,6.4643,0.0,60.0,59.9575,23.42,0.833251,0.01483,0.049138,0.000395,0.022063,0.000188,0.000227,8.5e-05,0.000224,0.000223,0.008616,0.017798,0.058971,0.000474,0.026478,0.000272,0.000269,0.01034,0.003196,60.68,12.04,0.0055,1e-05,60.0
har_24_15,HAR_0024_3p_even_h11_cond24,har_sim_24,24,ABC,A,test,Harmonics,1,SCENARIO_CONTROLLER,0.590297,0.843957,1.429715,6.4324,0.0,60.0,59.9575,23.39,0.83286,0.014463,0.048757,0.000151,0.0222,0.00013,0.000138,5.1e-05,6.6e-05,0.000123,0.008581,0.017365,0.058542,0.000181,0.026655,0.000166,7.9e-05,0.010303,0.003153,60.67,11.91,0.0055,7e-06,60.0
har_24_16,HAR_0024_3p_even_h11_cond24,har_sim_24,24,ABC,B,test,Harmonics,1,SCENARIO_CONTROLLER,0.592857,0.848254,1.43079,6.4728,0.0,60.0,59.9559,23.4,0.836443,0.014776,0.049079,0.000285,0.022858,8e-05,4.2e-05,3.2e-05,2.8e-05,6.4e-05,0.008962,0.017665,0.058676,0.000341,0.027328,5e-05,3.3e-05,0.010714,0.00323,60.69,12.19,0.0056,8e-06,60.0
har_24_17,HAR_0024_3p_even_h11_cond24,har_sim_24,24,ABC,B,test,Harmonics,1,SCENARIO_CONTROLLER,0.592596,0.848254,1.431422,6.4447,0.0,60.0,59.9559,23.36,0.836096,0.014402,0.048676,7.3e-05,0.023112,9.6e-05,4.5e-05,9e-06,7e-05,0.000108,0.00887,0.017225,0.058218,8.7e-05,0.027643,5.4e-05,8.4e-05,0.010609,0.00319,60.68,12.05,0.0055,7e-06,60.0
har_24_18,HAR_0024_3p_even_h11_cond24,har_sim_24,24,ABC,A,test,Harmonics,1,SCENARIO_CONTROLLER,0.590301,0.843957,1.429706,6.4281,0.0,60.0,59.9849,23.39,0.832871,0.01426,0.048714,0.00011,0.022208,1.7e-05,9.3e-05,8.4e-05,7.3e-05,0.000139,0.008593,0.017121,0.058489,0.000132,0.026664,0.000112,8.8e-05,0.010317,0.003143,60.67,11.92,0.0055,7e-06,60.0
har_24_19,HAR_0024_3p_even_h11_cond24,har_sim_24,24,ABC,B,test,Harmonics,1,SCENARIO_CONTROLLER,0.5928,0.848254,1.430927,6.462,0.0,60.0,59.9827,23.38,0.836386,0.013881,0.048934,0.000352,0.022946,0.000102,0.000161,0.000101,0.000136,8e-05,0.008806,0.016596,0.058506,0.000421,0.027435,0.000192,0.000163,0.010529,0.003191,60.68,12.07,0.0055,8e-06,60.0
har_24_20,HAR_0024_3p_even_h11_cond24,har_sim_24,24,ABC,A,test,Harmonics,1,SCENARIO_CONTROLLER,0.590466,0.843957,1.429306,6.4489,0.0,60.0,59.9549,23.41,0.833085,0.014762,0.048971,0.000384,0.022095,9.3e-05,7.5e-05,0.000153,0.000152,0.000213,0.008542,0.01772,0.058783,0.000461,0.026522,9e-05,0.000182,0.010253,0.003177,60.67,11.94,0.0055,9e-06,60.0
har_24_21,HAR_0024_3p_even_h11_cond24,har_sim_24,24,ABC,B,test,Harmonics,1,SCENARIO_CONTROLLER,0.592865,0.848254,1.43077,6.4515,0.0,60.0,59.9827,23.37,0.83647,0.014564,0.048685,0.00022,0.023279,0.000249,0.000214,0.000125,6.9e-05,5.9e-05,0.008956,0.017411,0.058203,0.000263,0.02783,0.000256,8.2e-05,0.010707,0.003205,60.69,12.22,0.0055,9e-06,60.0
har_24_22,HAR_0024_3p_even_h11_cond24,har_sim_24,24,ABC,B,test,Harmonics,1,SCENARIO_CONTROLLER,0.592718,0.848254,1.431127,6.4585,0.0,60.0,59.9562,23.38,0.836257,0.014624,0.048806,0.000168,0.02313,0.000185,0.000169,0.000133,9.2e-05,6.4e-05,0.008905,0.017487,0.058362,0.000201,0.027659,0.000202,0.00011,0.010649,0.00321,60.69,12.15,0.0055,8e-06,60.0
har_24_23,HAR_0024_3p_even_h11_cond24,har_sim_24,24,ABC,B,test,Harmonics,1,SCENARIO_CONTROLLER,0.592686,0.848254,1.431202,6.4289,0.0,60.0,59.9562,23.36,0.836233,0.014473,0.048537,0.00016,0.023116,2.2e-05,0.000112,0.000105,4.9e-05,9.4e-05,0.008832,0.017307,0.058042,0.000191,0.027643,0.000134,5.9e-05,0.010562,0.003178,60.68,12.04,0.0055,6e-06,60.0
har_24_24,HAR_0024_3p_even_h11_cond24,har_sim_24,24,ABC,B,test,Harmonics,1,SCENARIO_CONTROLLER,0.592882,0.848254,1.430729,6.4753,0.0,60.0,59.9715,23.39,0.836494,0.013929,0.048915,0.000321,0.023264,0.000163,0.000174,6.2e-05,0.000166,7.9e-05,0.008773,0.016652,0.058476,0.000384,0.027811,0.000208,0.000198,0.010488,0.003205,60.69,12.18,0.0055,9e-06,60.0
har_24_25,HAR_0024_3p_even_h11_cond24,har_sim_24,24,ABC,A,test,Harmonics,1,SCENARIO_CONTROLLER,0.590599,0.843957,1.428985,6.463,0.0,60.0,59.9696,23.42,0.833264,0.01479,0.049055,0.000262,0.022222,0.00024,0.000268,0.00015,0.000207,0.000236,0.008482,0.017749,0.058871,0.000314,0.026669,0.000322,0.000248,0.010179,0.003191,60.68,12.01,0.0055,1.1e-05,60.0
har_24_26,HAR_0024_3p_even_h11_cond24,har_sim_24,24,ABC,A,test,Harmonics,1,SCENARIO_CONTROLLER,0.590316,0.843957,1.429669,6.434,0.0,60.0,59.9548,23.38,0.832885,0.014487,0.048751,0.00015,0.022248,0.000146,0.000169,5.9e-05,7.2e-05,0.0001,0.008551,0.017394,0.058533,0.00018,0.026712,0.000203,8.6e-05,0.010267,0.003155,60.67,11.9,0.0055,7e-06,60.0
har_24_27,HAR_0024_3p_even_h11_cond24,har_sim_24,24,ABC,B,test,Harmonics,1,SCENARIO_CONTROLLER,0.592869,0.848254,1.430762,6.4843,0.0,60.0,59.9543,23.39,0.836453,0.014831,0.049081,0.000278,0.023082,0.000156,4.2e-05,0.000113,0.000104,7.5e-05,0.008867,0.017731,0.058678,0.000332,0.027595,5e-05,0.000124,0.010601,0.00324,60.69,12.2,0.0056,9e-06,60.0
har_24_28,HAR_0024_3p_even_h11_cond24,har_sim_24,24,ABC,B,test,Harmonics,1,SCENARIO_CONTROLLER,0.592586,0.848254,1.431444,6.454,0.0,60.0,59.9543,23.35,0.836077,0.014463,0.048702,4.7e-05,0.023234,9.9e-05,5.6e-05,6.9e-05,4.1e-05,0.000108,0.008808,0.017299,0.058251,5.6e-05,0.027789,6.7e-05,4.9e-05,0.010535,0.003198,60.68,12.06,0.0055,6e-06,60.0
har_24_29,HAR_0024_3p_even_h11_cond24,har_sim_24,24,ABC,B,test,Harmonics,1,SCENARIO_CONTROLLER,0.592765,0.848254,1.431012,6.4276,0.0,60.0,59.9543,23.34,0.836346,0.014385,0.048513,0.000113,0.023157,8.6e-05,9e-05,0.000141,8.3e-05,6.5e-05,0.008786,0.0172,0.058006,0.000135,0.027688,0.000108,9.9e-05,0.010505,0.003174,60.68,12.04,0.0055,7e-06,60.0
har_24_30,HAR_0024_3p_even_h11_cond24,har_sim_24,24,ABC,B,test,Harmonics,1,SCENARIO_CONTROLLER,0.592812,0.848254,1.4309,6.4753,0.0,60.0,59.9828,23.36,0.836394,0.013905,0.04903,0.000402,0.023006,9.8e-05,0.00018,0.000158,0.000108,6.9e-05,0.00879,0.016625,0.058621,0.000481,0.027506,0.000215,0.000129,0.010509,0.003204,60.68,12.09,0.0055,7e-06,60.0
har_24_31,HAR_0024_3p_even_h11_cond24,har_sim_24,24,ABC,A,test,Harmonics,1,SCENARIO_CONTROLLER,0.590527,0.843957,1.429159,6.4606,0.0,60.0,59.9583,23.41,0.833165,0.01476,0.049097,0.000357,0.022064,3.9e-05,6e-05,0.000125,1.4e-05,0.000141,0.008529,0.017716,0.058928,0.000428,0.026482,7.2e-05,1.7e-05,0.010237,0.003188,60.67,11.96,0.0055,8e-06,60.0
har_24_32,HAR_0024_3p_even_h11_cond24,har_sim_24,24,ABC,B,test,Harmonics,1,SCENARIO_CONTROLLER,0.59282,0.848254,1.430881,6.4409,0.0,60.0,59.9828,23.38,0.836413,0.014488,0.048591,0.000225,0.023263,0.000179,0.000227,2.4e-05,5.9e-05,8.8e-05,0.008836,0.017322,0.058095,0.000269,0.027813,0.000271,7.1e-05,0.010564,0.00319,60.68,12.12,0.0055,9e-06,60.0
har_25_01,HAR_0025_1p_a_h3h5h7_cond25,har_sim_25,25,A,A,val,Harmonics,1,SCENARIO_CONTROLLER,0.591297,0.827527,1.399513,7.7366,0.0,60.0,60.0305,22.22,0.833669,0.000239,0.042745,0.00019,0.035141,0.000186,0.033135,0.000196,5.6e-05,3.2e-05,9.4e-05,0.000287,0.051273,0.000228,0.042152,0.039746,6.7e-05,0.000113,0.00416,61.31,18.84,0.0072,7e-06,60.0
har_25_02,HAR_0025_1p_a_h3h5h7_cond25,har_sim_25,25,A,A,val,Harmonics,1,SCENARIO_CONTROLLER,0.591121,0.827527,1.399928,7.7701,0.0,60.0,60.0305,22.21,0.8334,0.000437,0.042999,5.9e-05,0.035347,0.000116,0.03309,0.000247,1.9e-05,8.2e-05,5.6e-05,0.000524,0.051595,7.1e-05,0.042413,0.039705,2.3e-05,6.7e-05,0.004194,61.32,18.88,0.0072,7e-06,60.0
har_25_03,HAR_0025_1p_a_h3h5h7_cond25,har_sim_25,25,A,A,val,Harmonics,1,SCENARIO_CONTROLLER,0.591053,0.827527,1.40009,7.7305,0.0,60.0,60.0305,22.2,0.83333,0.00048,0.042378,0.000459,0.035387,0.000281,0.033195,0.000162,3.3e-05,9.8e-05,5.3e-05,0.000576,0.050854,0.000551,0.042465,0.039834,4e-05,6.4e-05,0.004151,61.32,18.9,0.0072,7e-06,60.0
har_25_04,HAR_0025_1p_a_h3h5h7_cond25,har_sim_25,25,A,A,val,Harmonics,1,SCENARIO_CONTROLLER,0.591291,0.827527,1.399525,7.7385,0.0,60.0,60.0305,22.22,0.833661,0.000398,0.042745,0.000121,0.035156,0.000265,0.033149,8.1e-05,8.9e-05,0.000107,6.5e-05,0.000477,0.051274,0.000145,0.042171,0.039763,0.000107,7.8e-05,0.004162,61.32,18.85,0.0072,7e-06,60.0
har_25_05,HAR_0025_1p_a_h3h5h7_cond25,har_sim_25,25,A,A,val,Harmonics,1,SCENARIO_CONTROLLER,0.591094,0.827527,1.399993,7.7681,0.0,60.0,60.0305,22.2,0.833364,0.000662,0.042975,0.000324,0.035316,0.000185,0.033118,2.6e-05,8.6e-05,7.3e-05,3.3e-05,0.000794,0.051568,0.000389,0.042378,0.03974,0.000103,4e-05,0.004191,61.32,18.89,0.0072,8e-06,60.0
har_25_06,HAR_0025_1p_a_h3h5h7_cond25,har_sim_25,25,A,A,val,Harmonics,1,SCENARIO_CONTROLLER,0.5911,0.827527,1.399978,7.7261,0.0,60.0,60.03,22.21,0.833399,0.00046,0.042429,0.000314,0.03539,6.8e-05,0.033066,0.000128,6.4e-05,0.00015,7.4e-05,0.000552,0.050911,0.000377,0.042465,0.039676,7.7e-05,8.9e-05,0.004146,61.32,18.89,0.0072,9e-06,60.0
har_25_07,HAR_0025_1p_a_h3h5h7_cond25,har_sim_25,25,A,A,val,Harmonics,1,SCENARIO_CONTROLLER,0.591276,0.827527,1.399563,7.7381,0.0,60.0,60.03,22.22,0.833639,0.000247,0.042749,0.000138,0.035132,0.000185,0.033158,0.000154,0.000102,4.9e-05,5.2e-05,0.000296,0.05128,0.000166,0.042143,0.039775,0.000122,6.2e-05,0.004161,61.32,18.86,0.0072,7e-06,60.0
har_25_08,HAR_0025_1p_a_h3h5h7_cond25,har_sim_25,25,A,A,val,Harmonics,1,SCENARIO_CONTROLLER,0.591039,0.827527,1.400122,7.7371,0.0,60.0,60.03,22.2,0.833306,0.000424,0.042816,0.000134,0.03515,9.1e-05,0.032987,0.000324,0.000126,0.000205,0.000142,0.000509,0.051381,0.000161,0.042181,0.039586,0.000151,0.00017,0.004157,61.32,18.89,0.0072,1e-05,60.0
har_25_09,HAR_0025_1p_a_h3h5h7_cond25,har_sim_25,25,A,A,val,Harmonics,1,SCENARIO_CONTROLLER,0.591201,0.827527,1.39974,7.7278,0.0,60.0,60.0295,22.21,0.83354,0.00046,0.042591,0.000204,0.035234,0.000163,0.033072,0.000173,0.000165,0.0001,7.9e-05,0.000552,0.051097,0.000245,0.04227,0.039677,0.000198,9.5e-05,0.00415,61.31,18.86,0.0072,8e-06,60.0
har_25_10,HAR_0025_1p_a_h3h5h7_cond25,har_sim_25,25,A,A,val,Harmonics,1,SCENARIO_CONTROLLER,0.591194,0.827527,1.399756,7.7461,0.0,60.0,60.0295,22.21,0.833518,0.000557,0.042851,0.000154,0.035183,0.000196,0.033083,0.000125,0.000149,0.000147,8.5e-05,0.000668,0.05141,0.000185,0.04221,0.039691,0.000179,0.000102,0.004169,61.32,18.86,0.0072,9e-06,60.0
har_25_11,HAR_0025_1p_a_h3h5h7_cond25,har_sim_25,25,A,A,val,Harmonics,1,SCENARIO_CONTROLLER,0.590976,0.827527,1.400273,7.7122,0.0,60.0,60.0303,22.2,0.833232,0.00064,0.042523,0.000105,0.035095,0.000179,0.033008,0.000216,0.000132,0.000156,0.000129,0.000768,0.051034,0.000126,0.042119,0.039614,0.000158,0.000155,0.00413,61.31,18.9,0.0071,1.2e-05,60.0
har_25_12,HAR_0025_1p_a_h3h5h7_cond25,har_sim_25,25,A,A,val,Harmonics,1,SCENARIO_CONTROLLER,0.591247,0.827527,1.39963,7.7367,0.0,60.0,60.0309,22.21,0.8336,0.000215,0.042726,0.000162,0.035115,0.000199,0.033179,0.000142,9e-05,3.1e-05,4.9e-05,0.000258,0.051255,0.000194,0.042125,0.039802,0.000108,5.9e-05,0.00416,61.32,18.85,0.0072,7e-06,60.0
har_25_13,HAR_0025_1p_a_h3h5h7_cond25,har_sim_25,25,A,A,val,Harmonics,1,SCENARIO_CONTROLLER,0.591098,0.827527,1.399983,7.7657,0.0,60.0,60.0309,22.21,0.833371,0.000366,0.042969,8.5e-05,0.035296,0.000117,0.033108,0.000213,9.4e-05,9.1e-05,3.5e-05,0.000439,0.05156,0.000102,0.042353,0.039728,0.000113,4.2e-05,0.004189,61.32,18.89,0.0072,7e-06,60.0
har_25_14,HAR_0025_1p_a_h3h5h7_cond25,har_sim_25,25,A,A,val,Harmonics,1,SCENARIO_CONTROLLER,0.590995,0.827527,1.400228,7.7289,0.0,60.0,60.0303,22.2,0.833249,0.000467,0.042386,0.000441,0.035292,0.000325,0.033248,8.7e-05,9.9e-05,3e-05,3.8e-05,0.00056,0.050868,0.000529,0.042355,0.039902,0.000119,4.6e-05,0.004148,61.32,18.93,0.0072,8e-06,60.0
har_25_15,HAR_0025_1p_a_h3h5h7_cond25,har_sim_25,25,A,A,val,Harmonics,1,SCENARIO_CONTROLLER,0.591241,0.827527,1.399645,7.7411,0.0,60.0,60.0303,22.21,0.833588,0.000449,0.042739,0.000107,0.035125,0.000276,0.033221,7.3e-05,7.8e-05,7.3e-05,4.4e-05,0.000539,0.051271,0.000128,0.042137,0.039853,9.4e-05,5.3e-05,0.004164,61.32,18.87,0.0072,7e-06,60.0
har_25_16,HAR_0025_1p_a_h3h5h7_cond25,har_sim_25,25,A,A,val,Harmonics,1,SCENARIO_CONTROLLER,0.591055,0.826881,1.398992,7.7733,0.0,60.0,60.0303,22.21,0.833305,0.000709,0.042977,0.00027,0.035291,0.000173,0.033216,1.4e-05,4.1e-05,4.3e-05,4.5e-05,0.000851,0.051574,0.000324,0.042351,0.039861,4.9e-05,5.4e-05,0.004196,61.33,18.92,0.0072,7e-06,60.0
har_25_17,HAR_0025_1p_a_h3h5h7_cond25,har_sim_25,25,A,A,val,Harmonics,1,SCENARIO_CONTROLLER,0.591024,0.826881,1.399066,7.7305,0.0,60.0,60.0312,22.21,0.833288,0.000475,0.042384,0.000307,0.035355,7e-05,0.033215,6.1e-05,4.7e-05,6.2e-05,9.5e-05,0.00057,0.050864,0.000368,0.042428,0.03986,5.6e-05,0.000114,0.00415,61.32,18.91,0.0072,8e-06,60.0
har_25_18,HAR_0025_1p_a_h3h5h7_cond25,har_sim_25,25,A,A,val,Harmonics,1,SCENARIO_CONTROLLER,0.591242,0.82706,1.398852,7.7394,0.0,60.0,60.0312,22.22,0.833591,0.000174,0.042737,0.0001,0.035089,0.000181,0.033234,0.000123,5.1e-05,4.3e-05,5e-05,0.000209,0.051269,0.00012,0.042094,0.039868,6.1e-05,6e-05,0.004162,61.32,18.87,0.0072,7e-06,60.0
har_25_19,HAR_0025_1p_a_h3h5h7_cond25,har_sim_25,25,A,A,val,Harmonics,1,SCENARIO_CONTROLLER,0.591018,0.82706,1.399383,7.7577,0.0,60.0,60.0312,22.19,0.833262,0.000402,0.042925,9.5e-05,0.035189,0.000118,0.033134,0.000234,0.000113,0.000118,7.8e-05,0.000482,0.051514,0.000114,0.04223,0.039764,0.000136,9.4e-05,0.004179,61.32,18.94,0.0072,1e-05,60.0
har_25_20,HAR_0025_1p_a_h3h5h7_cond25,har_sim_25,25,A,A,val,Harmonics,1,SCENARIO_CONTROLLER,0.5911,0.82706,1.399189,7.7255,0.0,60.0,60.0286,22.21,0.833399,0.000519,0.042519,0.000312,0.035264,0.000139,0.033075,0.000219,0.000127,4.5e-05,4.5e-05,0.000623,0.051019,0.000374,0.042313,0.039687,0.000152,5.4e-05,0.004146,61.32,18.91,0.0072,9e-06,60.0
har_25_21,HAR_0025_1p_a_h3h5h7_cond25,har_sim_25,25,A,A,val,Harmonics,1,SCENARIO_CONTROLLER,0.591195,0.82706,1.398963,7.7391,0.0,60.0,60.0286,22.22,0.833525,0.000518,0.042782,8.5e-05,0.035106,0.000267,0.033143,0.000136,0.000122,0.000138,0.000121,0.000621,0.051327,0.000102,0.042118,0.039762,0.000146,0.000145,0.004162,61.32,18.87,0.0072,8e-06,60.0
har_25_22,HAR_0025_1p_a_h3h5h7_cond25,har_sim_25,25,A,A,val,Harmonics,1,SCENARIO_CONTROLLER,0.590959,0.82706,1.399521,7.7145,0.0,60.0,60.0286,22.21,0.833208,0.000647,0.042648,0.000157,0.035038,0.000206,0.032941,0.000219,0.000148,0.000115,0.000211,0.000777,0.051185,0.000188,0.042052,0.039535,0.000178,0.000253,0.004132,61.31,18.93,0.0071,1.1e-05,60.0
har_25_23,HAR_0025_1p_a_h3h5h7_cond25,har_sim_25,25,A,A,val,Harmonics,1,SCENARIO_CONTROLLER,0.591199,0.82706,1.398954,7.7322,0.0,60.0,60.0313,22.21,0.833534,0.000234,0.042663,0.000153,0.035141,0.000166,0.033149,0.000115,0.0001,5.8e-05,0.000127,0.000281,0.051183,0.000184,0.042159,0.039769,0.00012,0.000152,0.004154,61.32,18.89,0.0072,8e-06,60.0
har_25_24,HAR_0025_1p_a_h3h5h7_cond25,har_sim_25,25,A,A,val,Harmonics,1,SCENARIO_CONTROLLER,0.591117,0.82706,1.399149,7.7557,0.0,60.0,60.0313,22.21,0.833403,0.00034,0.042913,0.000116,0.035261,4.3e-05,0.033061,0.000176,0.000131,0.0001,1.2e-05,0.000408,0.051491,0.000139,0.04231,0.03967,0.000157,1.4e-05,0.004178,61.32,18.91,0.0072,8e-06,60.0
har_25_25,HAR_0025_1p_a_h3h5h7_cond25,har_sim_25,25,A,A,val,Harmonics,1,SCENARIO_CONTROLLER,0.590975,0.82706,1.399483,7.7218,0.0,60.0,60.0315,22.2,0.833225,0.000472,0.042421,0.000364,0.035221,0.000346,0.033158,0.000194,0.000106,2.8e-05,3.9e-05,0.000566,0.050912,0.000437,0.042271,0.039795,0.000127,4.7e-05,0.00414,61.32,18.96,0.0072,1.1e-05,60.0
har_25_26,HAR_0025_1p_a_h3h5h7_cond25,har_sim_25,25,A,A,val,Harmonics,1,SCENARIO_CONTROLLER,0.591257,0.82706,1.398816,7.7416,0.0,60.0,60.0315,22.21,0.833609,0.00043,0.042749,0.000105,0.035145,0.000328,0.033197,0.000105,4.8e-05,8e-05,6.9e-05,0.000516,0.051282,0.000126,0.04216,0.039823,5.8e-05,8.3e-05,0.004165,61.32,18.9,0.0072,7e-06,60.0
har_25_27,HAR_0025_1p_a_h3h5h7_cond25,har_sim_25,25,A,A,val,Harmonics,1,SCENARIO_CONTROLLER,0.591093,0.82706,1.399205,7.772,0.0,60.0,60.0315,22.21,0.833358,0.00067,0.04299,0.000227,0.035331,0.000178,0.033145,0.000104,5.1e-05,4.6e-05,6.6e-05,0.000804,0.051586,0.000272,0.042396,0.039773,6.1e-05,7.9e-05,0.004196,61.33,18.93,0.0072,8e-06,60.0
har_25_28,HAR_0025_1p_a_h3h5h7_cond25,har_sim_25,25,A,A,val,Harmonics,1,SCENARIO_CONTROLLER,0.591032,0.82706,1.39935,7.7314,0.0,60.0,60.0289,22.2,0.833298,0.000509,0.042377,0.00032,0.035369,0.000112,0.033225,3.2e-05,3.6e-05,3.3e-05,0.000102,0.000611,0.050855,0.000384,0.042445,0.039872,4.3e-05,0.000122,0.004151,61.32,18.97,0.0072,9e-06,60.0
har_25_29,HAR_0025_1p_a_h3h5h7_cond25,har_sim_25,25,A,A,val,Harmonics,1,SCENARIO_CONTROLLER,0.591268,0.82706,1.398791,7.7394,0.0,60.0,60.0289,22.22,0.833626,0.000207,0.042743,7.4e-05,0.035143,0.000159,0.033175,6.2e-05,5e-05,5.7e-05,7.7e-05,0.000248,0.051274,8.9e-05,0.042157,0.039796,6e-05,9.2e-05,0.004163,61.32,18.89,0.0072,7e-06,60.0
har_25_30,HAR_0025_1p_a_h3h5h7_cond25,har_sim_25,25,A,A,val,Harmonics,1,SCENARIO_CONTROLLER,0.591067,0.82706,1.399267,7.7704,0.0,60.0,60.0289,22.2,0.833322,0.000434,0.042975,0.000156,0.035305,0.000176,0.033159,8.3e-05,4.5e-05,7.6e-05,5.2e-05,0.000521,0.051571,0.000187,0.042367,0.039791,5.4e-05,6.2e-05,0.004193,61.33,18.94,0.0072,8e-06,60.0
har_25_31,HAR_0025_1p_a_h3h5h7_cond25,har_sim_25,25,A,A,val,Harmonics,1,SCENARIO_CONTROLLER,0.591079,0.82706,1.399238,7.7276,0.0,60.0,60.0309,22.21,0.833367,0.000497,0.042438,0.000355,0.035372,0.000212,0.033092,0.000193,0.000118,7.5e-05,4.5e-05,0.000596,0.050924,0.000426,0.042445,0.039709,0.000142,5.4e-05,0.004148,61.32,18.97,0.0072,1e-05,60.0
har_25_32,HAR_0025_1p_a_h3h5h7_cond25,har_sim_25,25,A,A,val,Harmonics,1,SCENARIO_CONTROLLER,0.591236,0.82706,1.398865,7.7389,0.0,60.0,60.0309,22.22,0.833582,0.000442,0.04274,6.8e-05,0.035116,0.000339,0.033191,0.000125,5.9e-05,0.000102,0.000115,0.00053,0.051273,8.2e-05,0.042127,0.039817,7.1e-05,0.000138,0.004162,61.32,18.91,0.0072,8e-06,60.0
har_26_01,HAR_0026_1p_a_full_odd_cond26,har_sim_26,26,A,A,train,Harmonics,1,SCENARIO_CONTROLLER,0.590728,0.822854,1.392951,6.8057,0.0,60.0,59.9937,23.14,0.833394,8.4e-05,0.03739,2.7e-05,0.030574,0.000159,0.029734,6.8e-05,0.009466,7.5e-05,0.007162,0.000101,0.044865,3.2e-05,0.036686,0.035678,0.011358,0.008594,0.003358,61.13,18.36,0.0059,6e-06,60.0
har_26_02,HAR_0026_1p_a_full_odd_cond26,har_sim_26,26,A,A,train,Harmonics,1,SCENARIO_CONTROLLER,0.590771,0.822854,1.392847,6.7986,0.0,60.0,59.9937,23.15,0.83346,0.000138,0.037366,8.9e-05,0.030514,0.000187,0.029723,6e-05,0.009485,0.0001,0.007183,0.000166,0.044832,0.000107,0.036611,0.035662,0.01138,0.008618,0.003352,61.13,18.35,0.0059,6e-06,60.0
har_26_03,HAR_0026_1p_a_full_odd_cond26,har_sim_26,26,A,A,train,Harmonics,1,SCENARIO_CONTROLLER,0.5908,0.822854,1.392779,6.811,0.0,60.0,59.9868,23.15,0.833493,0.000172,0.037501,0.000127,0.03055,0.000198,0.029718,5.7e-05,0.009509,0.000132,0.007182,0.000206,0.044993,0.000152,0.036653,0.035655,0.011409,0.008617,0.003365,61.13,18.37,0.0059,6e-06,60.0
har_26_04,HAR_0026_1p_a_full_odd_cond26,har_sim_26,26,A,A,train,Harmonics,1,SCENARIO_CONTROLLER,0.590711,0.822854,1.392991,6.8076,0.0,60.0,59.9868,23.14,0.833368,0.000113,0.037391,4e-05,0.030594,0.000163,0.02974,8.2e-05,0.009482,0.000121,0.007187,0.000136,0.044867,4.8e-05,0.036711,0.035687,0.011378,0.008624,0.00336,61.13,18.37,0.0059,6e-06,60.0
har_26_05,HAR_0026_1p_a_full_odd_cond26,har_sim_26,26,A,A,train,Harmonics,1,SCENARIO_CONTROLLER,0.590765,0.822854,1.392863,6.7986,0.0,60.0,59.9868,23.15,0.833449,0.000188,0.037368,0.000107,0.030513,9.4e-05,0.029719,6.9e-05,0.009507,9.8e-05,0.0072,0.000226,0.044835,0.000128,0.036611,0.035658,0.011407,0.008639,0.003353,61.13,18.36,0.0059,6e-06,60.0
har_26_06,HAR_0026_1p_a_full_odd_cond26,har_sim_26,26,A,A,train,Harmonics,1,SCENARIO_CONTROLLER,0.590774,0.822854,1.392841,6.8081,0.0,60.0,59.9895,23.15,0.833458,0.000171,0.037461,6.7e-05,0.030527,0.000109,0.029742,0.000103,0.009513,0.000138,0.007167,0.000205,0.044946,8e-05,0.036627,0.035685,0.011414,0.008599,0.003362,61.13,18.38,0.0059,6e-06,60.0
har_26_07,HAR_0026_1p_a_full_odd_cond26,har_sim_26,26,A,A,train,Harmonics,1,SCENARIO_CONTROLLER,0.59071,0.822854,1.392993,6.8057,0.0,60.0,59.9895,23.14,0.833368,0.000101,0.037387,1.8e-05,0.030591,0.000166,0.029719,6.2e-05,0.00949,8.7e-05,0.00716,0.000121,0.044863,2.2e-05,0.036708,0.035661,0.011388,0.008592,0.003358,61.13,18.38,0.0059,6e-06,60.0
har_26_08,HAR_0026_1p_a_full_odd_cond26,har_sim_26,26,A,A,train,Harmonics,1,SCENARIO_CONTROLLER,0.590797,0.822854,1.392787,6.8064,0.0,60.0,59.9895,23.16,0.833491,0.000163,0.037412,3.6e-05,0.030566,0.000157,0.02974,2e-05,0.009535,0.000113,0.007161,0.000196,0.044886,4.3e-05,0.036672,0.035681,0.01144,0.008592,0.003361,61.13,18.4,0.0059,6e-06,60.0
har_26_09,HAR_0026_1p_a_full_odd_cond26,har_sim_26,26,A,A,train,Harmonics,1,SCENARIO_CONTROLLER,0.590747,0.822854,1.392905,6.8007,0.0,60.0,59.9935,23.15,0.833425,0.000122,0.037368,7.8e-05,0.03056,0.000147,0.029701,7.8e-05,0.009466,9.3e-05,0.007142,0.000146,0.044837,9.4e-05,0.036668,0.035637,0.011358,0.008569,0.003353,61.13,18.35,0.0059,6e-06,60.0
har_26_10,HAR_0026_1p_a_full_odd_cond26,har_sim_26,26,A,A,train,Harmonics,1,SCENARIO_CONTROLLER,0.59073,0.822854,1.392944,6.7998,0.0,60.0,59.9935,23.15,0.833401,0.000114,0.03735,3.8e-05,0.030559,0.000164,0.029708,9.2e-05,0.009484,0.000101,0.007125,0.000137,0.044816,4.6e-05,0.036668,0.035647,0.01138,0.008549,0.003352,61.13,18.36,0.0059,6e-06,60.0
har_26_11,HAR_0026_1p_a_full_odd_cond26,har_sim_26,26,A,A,train,Harmonics,1,SCENARIO_CONTROLLER,0.590804,0.822854,1.392771,6.8102,0.0,60.0,59.991,23.16,0.833499,0.000168,0.037466,7.7e-05,0.03059,0.000199,0.029708,0.00014,0.009511,0.000112,0.007114,0.000202,0.04495,9.2e-05,0.036701,0.035643,0.011411,0.008535,0.003363,61.13,18.37,0.0059,6e-06,60.0
har_26_12,HAR_0026_1p_a_full_odd_cond26,har_sim_26,26,A,A,train,Harmonics,1,SCENARIO_CONTROLLER,0.590726,0.822854,1.392953,6.7954,0.0,60.0,59.9888,23.16,0.833398,0.00013,0.037339,1.8e-05,0.03056,0.000185,0.029649,6.3e-05,0.009504,4.4e-05,0.007152,0.000156,0.044803,2.2e-05,0.036669,0.035576,0.011404,0.008582,0.003349,61.13,18.35,0.0059,6e-06,60.0
har_26_13,HAR_0026_1p_a_full_odd_cond26,har_sim_26,26,A,A,train,Harmonics,1,SCENARIO_CONTROLLER,0.590736,0.822854,1.392932,6.7921,0.0,60.0,59.9888,23.16,0.833412,0.00014,0.037329,6e-05,0.030507,0.000159,0.029669,5.8e-05,0.009511,6.9e-05,0.007187,0.000168,0.044791,7.2e-05,0.036605,0.035599,0.011412,0.008624,0.003347,61.13,18.36,0.0059,6e-06,60.0
har_26_14,HAR_0026_1p_a_full_odd_cond26,har_sim_26,26,A,A,train,Harmonics,1,SCENARIO_CONTROLLER,0.59078,0.822854,1.392826,6.8066,0.0,60.0,59.9896,23.16,0.833468,0.000172,0.037494,0.000126,0.030568,0.000152,0.029634,8.9e-05,0.009468,3.8e-05,0.007156,0.000206,0.044986,0.000151,0.036676,0.035555,0.01136,0.008586,0.003359,61.13,18.35,0.0059,6e-06,60.0
har_26_15,HAR_0026_1p_a_full_odd_cond26,har_sim_26,26,A,A,train,Harmonics,1,SCENARIO_CONTROLLER,0.590693,0.822854,1.393032,6.7994,0.0,60.0,59.9896,23.15,0.833349,0.000138,0.037356,3.5e-05,0.030574,0.000112,0.029671,7e-05,0.009477,4.7e-05,0.007142,0.000166,0.044826,4.2e-05,0.036688,0.035605,0.011372,0.00857,0.003351,61.13,18.35,0.0059,6e-06,60.0
har_26_16,HAR_0026_1p_a_full_odd_cond26,har_sim_26,26,A,A,train,Harmonics,1,SCENARIO_CONTROLLER,0.590741,0.822854,1.39292,6.7921,0.0,60.0,59.9896,23.15,0.83342,0.000193,0.037341,8.5e-05,0.030523,6.8e-05,0.029636,3.9e-05,0.00948,1.1e-05,0.007154,0.000232,0.044805,0.000102,0.036624,0.03556,0.011375,0.008584,0.003345,61.13,18.33,0.0059,6e-06,60.0
har_26_17,HAR_0026_1p_a_full_odd_cond26,har_sim_26,26,A,A,train,Harmonics,1,SCENARIO_CONTROLLER,0.590758,0.822854,1.392878,6.801,0.0,60.0,59.9894,23.16,0.83344,0.000167,0.037455,9.3e-05,0.030522,6.5e-05,0.029638,6.2e-05,0.00951,3.7e-05,0.007126,0.0002,0.04494,0.000112,0.036622,0.035561,0.011411,0.00855,0.003354,61.13,18.34,0.0059,6e-06,60.0
har_26_18,HAR_0026_1p_a_full_odd_cond26,har_sim_26,26,A,A,train,Harmonics,1,SCENARIO_CONTROLLER,0.590672,0.822854,1.393081,6.7988,0.0,60.0,59.9894,23.15,0.83332,9.3e-05,0.037364,2e-05,0.030576,0.000106,0.029645,5.4e-05,0.009478,1.3e-05,0.007137,0.000112,0.044838,2.4e-05,0.036692,0.035575,0.011374,0.008565,0.003351,61.13,18.34,0.0059,6e-06,60.0
har_26_19,HAR_0026_1p_a_full_odd_cond26,har_sim_26,26,A,A,train,Harmonics,1,SCENARIO_CONTROLLER,0.590734,0.822854,1.392936,6.797,0.0,60.0,59.9894,23.16,0.833407,0.00016,0.037384,8.1e-05,0.030542,0.000128,0.029639,3.7e-05,0.009503,3.7e-05,0.007167,0.000192,0.044857,9.7e-05,0.036647,0.035564,0.011403,0.0086,0.003351,61.13,18.35,0.0059,6e-06,60.0
har_26_20,HAR_0026_1p_a_full_odd_cond26,har_sim_26,26,A,A,train,Harmonics,1,SCENARIO_CONTROLLER,0.590717,0.822854,1.392977,6.7997,0.0,60.0,59.9892,23.16,0.833382,0.000183,0.037411,8.8e-05,0.030524,0.000101,0.029663,5.9e-05,0.009486,2.6e-05,0.00713,0.00022,0.044891,0.000106,0.036627,0.035594,0.011383,0.008556,0.003352,61.13,18.34,0.0059,6e-06,60.0
har_26_21,HAR_0026_1p_a_full_odd_cond26,har_sim_26,26,A,A,train,Harmonics,1,SCENARIO_CONTROLLER,0.590675,0.822854,1.393075,6.7992,0.0,60.0,59.9892,23.15,0.833324,0.000139,0.037386,4.1e-05,0.030552,0.000108,0.02965,6.1e-05,0.009485,3e-05,0.007111,0.000167,0.044864,4.9e-05,0.036663,0.03558,0.011382,0.008533,0.003351,61.13,18.34,0.0059,6e-06,60.0
har_26_22,HAR_0026_1p_a_full_odd_cond26,har_sim_26,26,A,A,train,Harmonics,1,SCENARIO_CONTROLLER,0.590756,0.822854,1.392884,6.8145,0.0,60.0,59.9892,23.15,0.833428,0.000139,0.037496,9.7e-05,0.030607,0.000187,0.029713,0.000132,0.009576,7.3e-05,0.007095,0.000167,0.04499,0.000116,0.036724,0.035652,0.01149,0.008513,0.003368,61.13,18.4,0.0059,7e-06,60.0
har_26_23,HAR_0026_1p_a_full_odd_cond26,har_sim_26,26,A,A,train,Harmonics,1,SCENARIO_CONTROLLER,0.5907,0.822854,1.393016,6.8025,0.0,60.0,59.9881,23.15,0.833356,0.000119,0.037418,2.9e-05,0.030558,0.000176,0.02966,7.8e-05,0.009524,3.6e-05,0.007107,0.000143,0.0449,3.5e-05,0.036669,0.035591,0.011428,0.008528,0.003355,61.13,18.35,0.0059,6e-06,60.0
har_26_24,HAR_0026_1p_a_full_odd_cond26,har_sim_26,26,A,A,train,Harmonics,1,SCENARIO_CONTROLLER,0.590718,0.822854,1.392972,6.799,0.0,60.0,59.9881,23.15,0.833384,0.000144,0.03739,7.6e-05,0.030525,0.000149,0.029677,5e-05,0.009561,5e-05,0.007129,0.000173,0.044865,9.1e-05,0.036628,0.03561,0.011473,0.008554,0.003353,61.13,18.36,0.0059,6e-06,60.0
har_26_25,HAR_0026_1p_a_full_odd_cond26,har_sim_26,26,A,A,train,Harmonics,1,SCENARIO_CONTROLLER,0.590779,0.822854,1.39283,6.8085,0.0,60.0,59.9924,23.15,0.833464,0.000166,0.037537,4.8e-05,0.030558,0.000153,0.02962,9.8e-05,0.009512,4.6e-05,0.007102,0.000199,0.045037,5.8e-05,0.036664,0.035538,0.011413,0.008521,0.003361,61.13,18.35,0.0059,6e-06,60.0
har_26_26,HAR_0026_1p_a_full_odd_cond26,har_sim_26,26,A,A,train,Harmonics,1,SCENARIO_CONTROLLER,0.590695,0.822854,1.393027,6.7976,0.0,60.0,59.9924,23.15,0.833352,0.000114,0.037389,7.5e-05,0.030551,0.000127,0.029628,8.8e-05,0.009528,1.6e-05,0.007107,0.000137,0.044866,9e-05,0.03666,0.035553,0.011433,0.008528,0.00335,61.13,18.35,0.0059,6e-06,60.0
har_26_27,HAR_0026_1p_a_full_odd_cond26,har_sim_26,26,A,A,train,Harmonics,1,SCENARIO_CONTROLLER,0.590715,0.822854,1.392979,6.7936,0.0,60.0,59.9924,23.15,0.833383,0.000137,0.037386,2.9e-05,0.030502,0.000106,0.02962,7e-05,0.009518,4.1e-05,0.007117,0.000164,0.044861,3.5e-05,0.0366,0.035542,0.011421,0.00854,0.003347,61.13,18.33,0.0059,6e-06,60.0
har_26_28,HAR_0026_1p_a_full_odd_cond26,har_sim_26,26,A,A,train,Harmonics,1,SCENARIO_CONTROLLER,0.590746,0.822854,1.392907,6.8023,0.0,60.0,59.9893,23.16,0.833421,0.000177,0.03752,0.00016,0.030514,0.000114,0.029583,4.8e-05,0.009515,6e-05,0.007094,0.000212,0.045019,0.000192,0.036613,0.035496,0.011417,0.008512,0.003355,61.13,18.32,0.0059,6e-06,60.0
har_26_29,HAR_0026_1p_a_full_odd_cond26,har_sim_26,26,A,A,train,Harmonics,1,SCENARIO_CONTROLLER,0.590665,0.822854,1.393099,6.7989,0.0,60.0,59.9893,23.15,0.833309,0.000121,0.037419,9.7e-05,0.030561,0.000152,0.029593,2.3e-05,0.009497,5.8e-05,0.007088,0.000145,0.044904,0.000116,0.036674,0.035513,0.011397,0.008506,0.00335,61.13,18.33,0.0059,6e-06,60.0
har_26_30,HAR_0026_1p_a_full_odd_cond26,har_sim_26,26,A,A,train,Harmonics,1,SCENARIO_CONTROLLER,0.590728,0.822854,1.392949,6.7921,0.0,60.0,59.9893,23.16,0.833402,0.000196,0.037385,0.000161,0.030516,0.000157,0.029586,2.9e-05,0.009504,3.5e-05,0.007104,0.000235,0.044858,0.000193,0.036616,0.0355,0.011404,0.008524,0.003345,61.13,18.32,0.0059,6e-06,60.0
har_26_31,HAR_0026_1p_a_full_odd_cond26,har_sim_26,26,A,A,train,Harmonics,1,SCENARIO_CONTROLLER,0.590743,0.822854,1.392915,6.804,0.0,60.0,59.9883,23.15,0.833416,0.000152,0.037489,0.000124,0.030539,0.000115,0.029623,7.7e-05,0.00953,4.3e-05,0.00707,0.000182,0.044982,0.000149,0.036643,0.035544,0.011435,0.008483,0.003356,61.13,18.34,0.0059,6e-06,60.0
har_26_32,HAR_0026_1p_a_full_odd_cond26,har_sim_26,26,A,A,train,Harmonics,1,SCENARIO_CONTROLLER,0.590681,0.822854,1.393061,6.8021,0.0,60.0,59.9883,23.15,0.83333,7.6e-05,0.037421,6.3e-05,0.030603,0.000109,0.029599,7.6e-05,0.009511,1.4e-05,0.007087,9.1e-05,0.044905,7.6e-05,0.036724,0.035519,0.011413,0.008504,0.003354,61.13,18.34,0.0059,6e-06,60.0
har_27_01,HAR_0027_1p_b_h3h5h7_cond27,har_sim_27,27,B,B,train,Harmonics,1,SCENARIO_CONTROLLER,0.593545,0.850493,1.432904,8.2474,0.0,60.0,60.0096,21.68,0.83655,0.000187,0.044508,0.000103,0.037508,9.1e-05,0.037045,0.000151,1.7e-05,6.2e-05,6.3e-05,0.000224,0.053204,0.000123,0.044837,0.044283,2e-05,7.5e-05,0.00476,61.53,20.43,0.0077,5e-06,60.0
har_27_02,HAR_0027_1p_b_h3h5h7_cond27,har_sim_27,27,B,B,train,Harmonics,1,SCENARIO_CONTROLLER,0.593494,0.850493,1.433028,8.2371,0.0,60.0,60.011,21.68,0.836485,9.5e-05,0.044296,0.000236,0.037576,5.4e-05,0.03706,0.000107,3.3e-05,8.6e-05,4.7e-05,0.000114,0.052955,0.000282,0.044921,0.044304,3.9e-05,5.6e-05,0.004748,61.53,20.44,0.0077,5e-06,60.0
har_27_03,HAR_0027_1p_b_h3h5h7_cond27,har_sim_27,27,B,B,train,Harmonics,1,SCENARIO_CONTROLLER,0.593571,0.850493,1.432842,8.2382,0.0,60.0,60.011,21.68,0.836592,0.000129,0.044431,8.4e-05,0.037454,6.5e-05,0.037055,7e-05,2.7e-05,9.6e-05,3.3e-05,0.000154,0.05311,0.0001,0.04477,0.044293,3.2e-05,3.9e-05,0.00475,61.52,20.42,0.0077,5e-06,60.0
har_27_04,HAR_0027_1p_b_h3h5h7_cond27,har_sim_27,27,B,B,train,Harmonics,1,SCENARIO_CONTROLLER,0.593535,0.850493,1.432928,8.2431,0.0,60.0,60.011,21.68,0.836539,0.000184,0.04447,0.000125,0.037459,8.4e-05,0.037071,7.1e-05,1.3e-05,0.000108,5.2e-05,0.00022,0.05316,0.000149,0.044779,0.044315,1.6e-05,6.2e-05,0.004755,61.52,20.43,0.0077,5e-06,60.0
har_27_05,HAR_0027_1p_b_h3h5h7_cond27,har_sim_27,27,B,B,train,Harmonics,1,SCENARIO_CONTROLLER,0.593516,0.850493,1.432973,8.232,0.0,60.0,60.0097,21.68,0.83652,0.000223,0.04427,4e-05,0.037536,6.7e-05,0.037057,5.5e-05,2.5e-05,0.000103,4.8e-05,0.000267,0.052922,4.8e-05,0.044872,0.044299,3e-05,5.7e-05,0.004742,61.52,20.43,0.0077,6e-06,60.0
har_27_06,HAR_0027_1p_b_h3h5h7_cond27,har_sim_27,27,B,B,train,Harmonics,1,SCENARIO_CONTROLLER,0.59359,0.850493,1.432794,8.2372,0.0,60.0,60.0097,21.68,0.836621,0.000147,0.044411,0.000104,0.03745,7.2e-05,0.037073,9.4e-05,1.3e-05,0.000117,7.2e-05,0.000176,0.053084,0.000124,0.044763,0.044313,1.6e-05,8.6e-05,0.004749,61.52,20.43,0.0077,5e-06,60.0
har_27_07,HAR_0027_1p_b_h3h5h7_cond27,har_sim_27,27,B,B,train,Harmonics,1,SCENARIO_CONTROLLER,0.593518,0.850493,1.43297,8.239,0.0,60.0,60.0097,21.68,0.836517,0.000182,0.04445,3.1e-05,0.037434,6.9e-05,0.037054,0.000131,3.2e-05,7.5e-05,0.000105,0.000218,0.053137,3.7e-05,0.04475,0.044296,3.8e-05,0.000126,0.00475,61.52,20.43,0.0077,6e-06,60.0
har_27_08,HAR_0027_1p_b_h3h5h7_cond27,har_sim_27,27,B,B,train,Harmonics,1,SCENARIO_CONTROLLER,0.593548,0.850493,1.432896,8.2292,0.0,60.0,60.0105,21.68,0.836567,9.4e-05,0.044339,0.000118,0.03747,4.7e-05,0.037006,0.000124,6.2e-05,0.000109,0.000112,0.000112,0.053001,0.000141,0.04479,0.044236,7.4e-05,0.000134,0.004739,61.52,20.42,0.0077,6e-06,60.0
har_27_09,HAR_0027_1p_b_h3h5h7_cond27,har_sim_27,27,B,B,train,Harmonics,1,SCENARIO_CONTROLLER,0.593572,0.850493,1.432838,8.2383,0.0,60.0,60.0105,21.68,0.836594,0.000117,0.044435,3.8e-05,0.037457,8.8e-05,0.03705,7.1e-05,3e-05,7.9e-05,5.3e-05,0.00014,0.053114,4.5e-05,0.044773,0.044287,3.6e-05,6.3e-05,0.00475,61.52,20.43,0.0077,5e-06,60.0
har_27_10,HAR_0027_1p_b_h3h5h7_cond27,har_sim_27,27,B,B,train,Harmonics,1,SCENARIO_CONTROLLER,0.593488,0.850493,1.433041,8.2303,0.0,60.0,60.0105,21.68,0.836481,0.000211,0.044361,5.4e-05,0.037475,6e-06,0.036978,3.4e-05,5.8e-05,5.1e-05,3.1e-05,0.000252,0.053033,6.5e-05,0.044801,0.044207,6.9e-05,3.7e-05,0.00474,61.52,20.42,0.0077,5e-06,60.0
har_27_11,HAR_0027_1p_b_h3h5h7_cond27,har_sim_27,27,B,B,train,Harmonics,1,SCENARIO_CONTROLLER,0.593588,0.850493,1.432801,8.2375,0.0,60.0,60.0101,21.68,0.836616,0.000138,0.044414,5.8e-05,0.037468,8.3e-05,0.037054,0.00012,5.9e-05,0.000112,6.2e-05,0.000165,0.053088,6.9e-05,0.044785,0.04429,7.1e-05,7.4e-05,0.00475,61.52,20.43,0.0077,5e-06,60.0
har_27_12,HAR_0027_1p_b_h3h5h7_cond27,har_sim_27,27,B,B,train,Harmonics,1,SCENARIO_CONTROLLER,0.593565,0.850493,1.432856,8.2416,0.0,60.0,60.0101,21.68,0.836582,0.000169,0.044449,7.4e-05,0.037483,8.2e-05,0.037055,0.000138,5.3e-05,8.1e-05,4.6e-05,0.000202,0.053132,8.8e-05,0.044805,0.044293,6.3e-05,5.5e-05,0.004754,61.52,20.44,0.0077,5e-06,60.0
har_27_13,HAR_0027_1p_b_h3h5h7_cond27,har_sim_27,27,B,B,train,Harmonics,1,SCENARIO_CONTROLLER,0.593517,0.850493,1.432971,8.2341,0.0,60.0,60.011,21.68,0.836519,0.000114,0.044272,0.000195,0.037551,9e-06,0.037073,0.000109,6.3e-05,0.000117,4.1e-05,0.000136,0.052924,0.000233,0.04489,0.044318,7.5e-05,4.9e-05,0.004745,61.52,20.45,0.0077,6e-06,60.0
har_27_14,HAR_0027_1p_b_h3h5h7_cond27,har_sim_27,27,B,B,train,Harmonics,1,SCENARIO_CONTROLLER,0.593606,0.850493,1.432756,8.2368,0.0,60.0,60.011,21.68,0.836643,0.000101,0.044396,7e-05,0.037462,6e-05,0.037075,7.6e-05,7.5e-05,8.6e-05,3.3e-05,0.000121,0.053064,8.4e-05,0.044777,0.044314,9e-05,3.9e-05,0.004749,61.52,20.44,0.0077,5e-06,60.0
har_27_15,HAR_0027_1p_b_h3h5h7_cond27,har_sim_27,27,B,B,train,Harmonics,1,SCENARIO_CONTROLLER,0.593555,0.850493,1.432881,8.245,0.0,60.0,60.011,21.68,0.836565,0.000181,0.044463,0.000119,0.037492,6.9e-05,0.03708,7.4e-05,6.7e-05,7.7e-05,4.4e-05,0.000216,0.053149,0.000142,0.044817,0.044324,8e-05,5.3e-05,0.004758,61.53,20.45,0.0077,5e-06,60.0
har_27_16,HAR_0027_1p_b_h3h5h7_cond27,har_sim_27,27,B,B,train,Harmonics,1,SCENARIO_CONTROLLER,0.593525,0.850493,1.432953,8.2349,0.0,60.0,60.0118,21.68,0.836529,0.000225,0.044259,6.3e-05,0.037577,9.5e-05,0.037075,7.3e-05,6.6e-05,7.6e-05,4.8e-05,0.000269,0.052908,7.5e-05,0.04492,0.04432,7.9e-05,5.7e-05,0.004746,61.53,20.45,0.0077,6e-06,60.0
har_27_17,HAR_0027_1p_b_h3h5h7_cond27,har_sim_27,27,B,B,train,Harmonics,1,SCENARIO_CONTROLLER,0.593603,0.850493,1.432763,8.238,0.0,60.0,60.0118,21.68,0.836638,0.000133,0.044398,8e-05,0.037476,0.000125,0.037076,0.000101,7.1e-05,6.6e-05,3.3e-05,0.000159,0.053067,9.6e-05,0.044794,0.044315,8.5e-05,3.9e-05,0.00475,61.52,20.44,0.0077,5e-06,60.0
har_27_18,HAR_0027_1p_b_h3h5h7_cond27,har_sim_27,27,B,B,train,Harmonics,1,SCENARIO_CONTROLLER,0.593536,0.850493,1.432927,8.2445,0.0,60.0,60.0118,21.68,0.836538,0.000179,0.044466,3.3e-05,0.037491,0.000113,0.037066,0.000115,8e-05,7e-05,2.4e-05,0.000214,0.053155,3.9e-05,0.044817,0.044309,9.6e-05,2.9e-05,0.004757,61.53,20.45,0.0077,5e-06,60.0
har_27_19,HAR_0027_1p_b_h3h5h7_cond27,har_sim_27,27,B,B,train,Harmonics,1,SCENARIO_CONTROLLER,0.593531,0.850493,1.432939,8.2314,0.0,60.0,60.0106,21.68,0.83654,0.000114,0.044282,0.000164,0.03756,3.6e-05,0.037011,0.000156,9e-05,0.000121,3.6e-05,0.000136,0.052935,0.000196,0.044899,0.044243,0.000108,4.3e-05,0.004742,61.52,20.43,0.0077,5e-06,60.0
har_27_20,HAR_0027_1p_b_h3h5h7_cond27,har_sim_27,27,B,B,train,Harmonics,1,SCENARIO_CONTROLLER,0.593582,0.850493,1.432814,8.2389,0.0,60.0,60.0106,21.68,0.836608,0.000104,0.044397,6.2e-05,0.037506,6.8e-05,0.037057,0.000103,9.7e-05,7.6e-05,2.4e-05,0.000124,0.053068,7.4e-05,0.044831,0.044294,0.000116,2.9e-05,0.004751,61.52,20.44,0.0077,5e-06,60.0
har_27_21,HAR_0027_1p_b_h3h5h7_cond27,har_sim_27,27,B,B,train,Harmonics,1,SCENARIO_CONTROLLER,0.593508,0.850493,1.432993,8.2335,0.0,60.0,60.0106,21.68,0.836507,0.000181,0.04438,7e-05,0.037504,1.8e-05,0.036978,3.8e-05,2.1e-05,0.000132,6.6e-05,0.000216,0.053054,8.4e-05,0.044834,0.044205,2.5e-05,7.9e-05,0.004744,61.52,20.44,0.0077,5e-06,60.0
har_27_22,HAR_0027_1p_b_h3h5h7_cond27,har_sim_27,27,B,B,train,Harmonics,1,SCENARIO_CONTROLLER,0.593572,0.850493,1.432838,8.232,0.0,60.0,60.0118,21.68,0.836599,0.000165,0.04433,6.8e-05,0.037538,7.7e-05,0.036997,0.000108,0.000123,8.4e-05,3.8e-05,0.000197,0.052988,8.1e-05,0.04487,0.044223,0.000147,4.5e-05,0.004743,61.52,20.43,0.0077,6e-06,60.0
har_27_23,HAR_0027_1p_b_h3h5h7_cond27,har_sim_27,27,B,B,train,Harmonics,1,SCENARIO_CONTROLLER,0.593576,0.850493,1.432829,8.2428,0.0,60.0,60.0118,21.68,0.836596,0.000184,0.044416,6.7e-05,0.03757,0.000101,0.037027,0.000125,6.9e-05,0.000106,3e-05,0.00022,0.053091,8e-05,0.044908,0.044259,8.2e-05,3.6e-05,0.004755,61.53,20.44,0.0077,5e-06,60.0
har_27_24,HAR_0027_1p_b_h3h5h7_cond27,har_sim_27,27,B,B,train,Harmonics,1,SCENARIO_CONTROLLER,0.593518,0.850493,1.43297,8.237,0.0,60.0,60.0093,21.67,0.836518,0.00016,0.044297,0.000143,0.037625,1.2e-05,0.037011,0.000159,8.9e-05,0.000117,5.7e-05,0.000191,0.052954,0.000171,0.044978,0.044244,0.000106,6.8e-05,0.004748,61.52,20.44,0.0077,6e-06,60.0
har_27_25,HAR_0027_1p_b_h3h5h7_cond27,har_sim_27,27,B,B,train,Harmonics,1,SCENARIO_CONTROLLER,0.59361,0.850493,1.432747,8.2432,0.0,60.0,60.0093,21.67,0.836644,4.8e-05,0.044387,5.6e-05,0.037586,2.9e-05,0.037061,8.7e-05,7.1e-05,6.4e-05,4.7e-05,5.7e-05,0.053054,6.7e-05,0.044925,0.044297,8.5e-05,5.6e-05,0.004756,61.53,20.45,0.0077,5e-06,60.0
har_27_26,HAR_0027_1p_b_h3h5h7_cond27,har_sim_27,27,B,B,train,Harmonics,1,SCENARIO_CONTROLLER,0.593563,0.84887,1.430125,8.2482,0.0,60.0,60.0093,21.68,0.836575,0.000109,0.044433,7.8e-05,0.03761,3.8e-05,0.037047,6e-05,6e-05,6.5e-05,5.6e-05,0.00013,0.053113,9.3e-05,0.044957,0.044284,7.2e-05,6.7e-05,0.004761,61.53,20.45,0.0077,6e-06,60.0
har_27_27,HAR_0027_1p_b_h3h5h7_cond27,har_sim_27,27,B,B,train,Harmonics,1,SCENARIO_CONTROLLER,0.593519,0.84887,1.430231,8.2366,0.0,60.0,60.0082,21.68,0.836521,0.000214,0.044226,8.7e-05,0.037675,8.6e-05,0.03704,5.1e-05,6.5e-05,6.7e-05,7.2e-05,0.000256,0.052869,0.000104,0.045038,0.044279,7.8e-05,8.6e-05,0.004747,61.53,20.45,0.0077,6e-06,60.0
har_27_28,HAR_0027_1p_b_h3h5h7_cond27,har_sim_27,27,B,B,train,Harmonics,1,SCENARIO_CONTROLLER,0.593607,0.84887,1.430019,8.2383,0.0,60.0,60.0082,21.68,0.836644,0.000175,0.044367,8.1e-05,0.037568,0.000124,0.037026,6.2e-05,5.8e-05,7.6e-05,7.3e-05,0.000209,0.05303,9.7e-05,0.044903,0.044255,6.9e-05,8.7e-05,0.004751,61.52,20.44,0.0077,6e-06,60.0
har_27_29,HAR_0027_1p_b_h3h5h7_cond27,har_sim_27,27,B,B,train,Harmonics,1,SCENARIO_CONTROLLER,0.593535,0.84887,1.430195,8.2484,0.0,60.0,60.0082,21.67,0.836535,0.000259,0.044453,9e-05,0.037593,0.000132,0.037038,7.1e-05,4.5e-05,6.9e-05,6.1e-05,0.00031,0.053139,0.000108,0.044939,0.044275,5.4e-05,7.3e-05,0.004761,61.53,20.45,0.0077,6e-06,60.0
har_27_30,HAR_0027_1p_b_h3h5h7_cond27,har_sim_27,27,B,B,train,Harmonics,1,SCENARIO_CONTROLLER,0.593509,0.84887,1.430256,8.2346,0.0,60.0,60.0098,21.68,0.836508,0.000175,0.044247,0.000164,0.037664,6.4e-05,0.036993,0.000122,5.3e-05,5e-05,6.6e-05,0.000209,0.052895,0.000196,0.045025,0.044223,6.3e-05,7.9e-05,0.004745,61.52,20.44,0.0077,6e-06,60.0
har_27_31,HAR_0027_1p_b_h3h5h7_cond27,har_sim_27,27,B,B,train,Harmonics,1,SCENARIO_CONTROLLER,0.593573,0.84887,1.430102,8.2403,0.0,60.0,60.0098,21.68,0.836594,4.7e-05,0.044378,2.8e-05,0.037577,7.5e-05,0.037027,7.4e-05,3.7e-05,5e-05,6.9e-05,5.6e-05,0.053046,3.3e-05,0.044917,0.044259,4.4e-05,8.2e-05,0.004752,61.52,20.44,0.0077,6e-06,60.0
har_27_32,HAR_0027_1p_b_h3h5h7_cond27,har_sim_27,27,B,B,train,Harmonics,1,SCENARIO_CONTROLLER,0.593518,0.84887,1.430234,8.2377,0.0,60.0,60.0098,21.68,0.836519,6.1e-05,0.044383,8e-05,0.037547,8.8e-05,0.036999,8.2e-05,2.1e-05,5.9e-05,4.5e-05,7.3e-05,0.053057,9.6e-05,0.044885,0.04423,2.5e-05,5.4e-05,0.004749,61.52,20.43,0.0077,6e-06,60.0
har_28_01,HAR_0028_1p_b_even_odd_cond28,har_sim_28,28,B,B,train,Harmonics,1,SCENARIO_CONTROLLER,0.569401,0.838099,1.471895,6.0514,0.0,60.0,59.9403,23.56,0.803503,0.019222,0.037137,0.000183,0.031386,3e-05,2.8e-05,9.8e-05,0.000114,0.000126,3.2e-05,0.023923,0.046219,0.000228,0.039061,3.5e-05,0.000142,4e-05,0.002734,60.66,11.49,0.0053,6e-06,60.0
har_28_02,HAR_0028_1p_b_even_odd_cond28,har_sim_28,28,B,B,train,Harmonics,1,SCENARIO_CONTROLLER,0.569551,0.838099,1.471508,6.0963,0.0,60.0,59.996,23.61,0.803708,0.018552,0.037673,0.000398,0.031327,0.000125,0.000123,3.2e-05,0.000165,0.000135,9.2e-05,0.023083,0.046874,0.000495,0.038978,0.000153,0.000205,0.000114,0.002745,60.67,11.6,0.0053,9e-06,60.0
har_28_03,HAR_0028_1p_b_even_odd_cond28,har_sim_28,28,B,B,train,Harmonics,1,SCENARIO_CONTROLLER,0.569294,0.838099,1.472171,6.0785,0.0,60.0,59.996,23.62,0.803349,0.018771,0.03734,0.000128,0.031469,9.7e-05,5.5e-05,8.6e-05,0.000113,9.2e-05,4e-05,0.023366,0.04648,0.000159,0.039172,6.8e-05,0.000141,5e-05,0.002737,60.67,11.51,0.0053,6e-06,60.0
har_28_04,HAR_0028_1p_b_even_odd_cond28,har_sim_28,28,B,B,train,Harmonics,1,SCENARIO_CONTROLLER,0.569467,0.838099,1.471725,6.0556,0.0,60.0,59.996,23.65,0.803605,0.018743,0.037162,0.00018,0.031418,8.8e-05,8.1e-05,0.000139,8e-05,0.000125,3.8e-05,0.023324,0.046244,0.000224,0.039096,0.000101,0.0001,4.7e-05,0.002719,60.66,11.52,0.0053,7e-06,60.0
har_28_05,HAR_0028_1p_b_even_odd_cond28,har_sim_28,28,B,B,train,Harmonics,1,SCENARIO_CONTROLLER,0.569552,0.838099,1.471506,6.0963,0.0,60.0,59.9439,23.66,0.803689,0.019389,0.037708,0.00024,0.031284,8.1e-05,0.000113,9.8e-05,0.000179,8.1e-05,4.2e-05,0.024125,0.046919,0.000299,0.038926,0.000141,0.000223,5.2e-05,0.002777,60.67,11.55,0.0054,7e-06,60.0
har_28_06,HAR_0028_1p_b_even_odd_cond28,har_sim_28,28,B,B,train,Harmonics,1,SCENARIO_CONTROLLER,0.569326,0.838099,1.472089,6.0795,0.0,60.0,59.9439,23.6,0.803385,0.019125,0.037332,8.7e-05,0.031494,9.8e-05,6.4e-05,8e-05,0.000119,0.00011,4.8e-05,0.023806,0.046468,0.000108,0.039202,8e-05,0.000148,6e-05,0.002751,60.67,11.52,0.0053,6e-06,60.0
har_28_07,HAR_0028_1p_b_even_odd_cond28,har_sim_28,28,B,B,train,Harmonics,1,SCENARIO_CONTROLLER,0.569534,0.838099,1.471552,6.0721,0.0,60.0,59.9439,23.61,0.803685,0.018984,0.037235,3.4e-05,0.031544,0.00016,0.000159,0.000123,0.000226,0.000154,0.000102,0.023621,0.04633,4.2e-05,0.039249,0.000198,0.000281,0.000127,0.002742,60.67,11.63,0.0053,8e-06,60.0
har_28_08,HAR_0028_1p_b_even_odd_cond28,har_sim_28,28,B,B,train,Harmonics,1,SCENARIO_CONTROLLER,0.569475,0.838099,1.471704,6.0965,0.0,60.0,59.9946,23.62,0.803601,0.01851,0.037596,0.000317,0.031413,0.000134,0.000146,0.000176,3.5e-05,8.2e-05,0.000118,0.023034,0.046784,0.000394,0.03909,0.000182,4.4e-05,0.000147,0.002743,60.67,11.56,0.0053,8e-06,60.0
har_28_09,HAR_0028_1p_b_even_odd_cond28,har_sim_28,28,B,B,train,Harmonics,1,SCENARIO_CONTROLLER,0.569369,0.838099,1.471977,6.0717,0.0,60.0,59.9946,23.64,0.80346,0.018689,0.037288,6.8e-05,0.031456,0.00014,4.6e-05,0.000139,7.3e-05,8.6e-05,5.4e-05,0.023261,0.046409,8.5e-05,0.039151,5.7e-05,9.1e-05,6.7e-05,0.002729,60.66,11.5,0.0053,6e-06,60.0
har_28_10,HAR_0028_1p_b_even_odd_cond28,har_sim_28,28,B,B,train,Harmonics,1,SCENARIO_CONTROLLER,0.569571,0.838099,1.471457,6.0979,0.0,60.0,59.9946,23.6,0.803723,0.019079,0.037471,0.000205,0.03159,0.000193,0.000195,4.6e-05,0.000173,0.000136,1.7e-05,0.023738,0.046622,0.000255,0.039305,0.000243,0.000215,2.1e-05,0.002766,60.67,11.69,0.0054,9e-06,60.0
har_28_11,HAR_0028_1p_b_even_odd_cond28,har_sim_28,28,B,B,train,Harmonics,1,SCENARIO_CONTROLLER,0.569376,0.838099,1.47196,6.0931,0.0,60.0,59.9427,23.63,0.803447,0.019208,0.037461,0.000131,0.031516,0.000106,0.000111,0.00016,0.000158,5.7e-05,2.5e-05,0.023907,0.046625,0.000163,0.039226,0.000138,0.000197,3.1e-05,0.002766,60.67,11.59,0.0054,7e-06,60.0
har_28_12,HAR_0028_1p_b_even_odd_cond28,har_sim_28,28,B,B,train,Harmonics,1,SCENARIO_CONTROLLER,0.569415,0.838099,1.47186,6.0595,0.0,60.0,59.9427,23.59,0.803519,0.019171,0.037224,0.000172,0.031385,8.2e-05,5.9e-05,0.000105,0.000141,7.1e-05,0.000107,0.023859,0.046326,0.000214,0.039059,7.3e-05,0.000175,0.000133,0.002738,60.66,11.52,0.0053,6e-06,60.0
har_28_13,HAR_0028_1p_b_even_odd_cond28,har_sim_28,28,B,B,train,Harmonics,1,SCENARIO_CONTROLLER,0.569602,0.838099,1.471375,6.1006,0.0,60.0,59.9941,23.62,0.803778,0.018554,0.037662,0.000353,0.0314,0.000232,0.000146,0.000171,2.9e-05,8.4e-05,0.000155,0.023083,0.046856,0.000439,0.039066,0.000182,3.6e-05,0.000193,0.002749,60.67,11.64,0.0053,9e-06,60.0
har_28_14,HAR_0028_1p_b_even_odd_cond28,har_sim_28,28,B,B,train,Harmonics,1,SCENARIO_CONTROLLER,0.569336,0.838099,1.472063,6.082,0.0,60.0,59.9941,23.63,0.803408,0.018715,0.037363,7.8e-05,0.031491,0.000197,7.1e-05,5.1e-05,0.000168,4.6e-05,8.6e-05,0.023295,0.046506,9.7e-05,0.039197,8.8e-05,0.000209,0.000107,0.002738,60.67,11.53,0.0053,6e-06,60.0
har_28_15,HAR_0028_1p_b_even_odd_cond28,har_sim_28,28,B,B,train,Harmonics,1,SCENARIO_CONTROLLER,0.569453,0.838099,1.471761,6.0603,0.0,60.0,59.9941,23.65,0.803584,0.01868,0.037212,0.000144,0.031415,0.000149,3e-05,0.000101,0.000108,9.5e-05,4e-05,0.023246,0.046308,0.000179,0.039094,3.7e-05,0.000134,5e-05,0.002721,60.66,11.51,0.0053,6e-06,60.0
har_28_16,HAR_0028_1p_b_even_odd_cond28,har_sim_28,28,B,B,train,Harmonics,1,SCENARIO_CONTROLLER,0.569585,0.838099,1.47142,6.1033,0.0,60.0,59.9409,23.63,0.803733,0.019366,0.03779,0.000315,0.031277,0.000123,8.8e-05,0.000199,0.000215,3.3e-05,7.4e-05,0.024095,0.047018,0.000392,0.038915,0.000109,0.000268,9.2e-05,0.002782,60.67,11.61,0.0054,8e-06,60.0
har_28_17,HAR_0028_1p_b_even_odd_cond28,har_sim_28,28,B,B,train,Harmonics,1,SCENARIO_CONTROLLER,0.569295,0.838099,1.472168,6.0845,0.0,60.0,59.9409,23.58,0.80334,0.019069,0.037375,2.4e-05,0.0315,3.9e-05,3.5e-05,0.000132,0.000154,0.000111,7.4e-05,0.023737,0.046525,3e-05,0.039211,4.4e-05,0.000192,9.2e-05,0.002753,60.67,11.53,0.0054,6e-06,60.0
har_28_18,HAR_0028_1p_b_even_odd_cond28,har_sim_28,28,B,B,train,Harmonics,1,SCENARIO_CONTROLLER,0.569508,0.838099,1.471618,6.0649,0.0,60.0,59.9409,23.57,0.803652,0.019019,0.037198,0.00011,0.031495,1.9e-05,0.000105,2.5e-05,0.000134,0.000102,0.000102,0.023666,0.046286,0.000137,0.03919,0.000131,0.000167,0.000127,0.002737,60.67,11.57,0.0053,7e-06,60.0
har_28_19,HAR_0028_1p_b_even_odd_cond28,har_sim_28,28,B,B,train,Harmonics,1,SCENARIO_CONTROLLER,0.569521,0.838099,1.471586,6.099,0.0,60.0,59.9963,23.61,0.803666,0.018431,0.037689,0.000326,0.031338,4.8e-05,9.3e-05,0.000129,0.000119,3e-05,9.9e-05,0.022934,0.046896,0.000406,0.038994,0.000116,0.000148,0.000123,0.002742,60.67,11.58,0.0053,7e-06,60.0
har_28_20,HAR_0028_1p_b_even_odd_cond28,har_sim_28,28,B,B,train,Harmonics,1,SCENARIO_CONTROLLER,0.569358,0.838099,1.472006,6.0777,0.0,60.0,59.9963,23.62,0.803442,0.018664,0.037335,5.6e-05,0.031473,0.000238,7.9e-05,9.9e-05,8.5e-05,0.000123,5e-05,0.02323,0.046469,7e-05,0.039173,9.8e-05,0.000106,6.2e-05,0.002733,60.67,11.54,0.0053,6e-06,60.0
har_28_21,HAR_0028_1p_b_even_odd_cond28,har_sim_28,28,B,B,train,Harmonics,1,SCENARIO_CONTROLLER,0.569559,0.838099,1.471488,6.0907,0.0,60.0,59.9963,23.6,0.803712,0.018935,0.037377,0.000154,0.031609,0.000322,0.000174,0.000168,0.000228,8.7e-05,0.000105,0.023559,0.046505,0.000192,0.039329,0.000216,0.000284,0.000131,0.002755,60.67,11.65,0.0054,9e-06,60.0
har_28_22,HAR_0028_1p_b_even_odd_cond28,har_sim_28,28,B,B,train,Harmonics,1,SCENARIO_CONTROLLER,0.569435,0.838099,1.471807,6.1005,0.0,60.0,59.9441,23.64,0.803526,0.019237,0.037557,0.000197,0.031502,0.000271,0.00012,3.8e-05,7.8e-05,7.3e-05,7.6e-05,0.023941,0.04674,0.000245,0.039205,0.000149,9.7e-05,9.5e-05,0.002773,60.67,11.63,0.0054,8e-06,60.0
har_28_23,HAR_0028_1p_b_even_odd_cond28,har_sim_28,28,B,B,train,Harmonics,1,SCENARIO_CONTROLLER,0.569372,0.838099,1.47197,6.0681,0.0,60.0,59.9441,23.61,0.803456,0.019098,0.037263,0.000137,0.03144,0.000119,9.5e-05,4.8e-05,0.000123,0.000139,6.4e-05,0.02377,0.046378,0.000171,0.039131,0.000118,0.000153,8e-05,0.002742,60.67,11.53,0.0053,6e-06,60.0
har_28_24,HAR_0028_1p_b_even_odd_cond28,har_sim_28,28,B,B,train,Harmonics,1,SCENARIO_CONTROLLER,0.569568,0.838099,1.471463,6.1019,0.0,60.0,59.9712,23.7,0.803728,0.0186,0.037562,0.000266,0.031533,0.000286,0.000147,0.000209,0.000122,5.6e-05,8.6e-05,0.023142,0.046735,0.000331,0.039233,0.000183,0.000152,0.000107,0.002751,60.67,11.66,0.0053,8e-06,60.0
har_28_25,HAR_0028_1p_b_even_odd_cond28,har_sim_28,28,B,B,train,Harmonics,1,SCENARIO_CONTROLLER,0.569331,0.838099,1.472077,6.0878,0.0,60.0,59.9953,23.62,0.803399,0.018633,0.037387,5.7e-05,0.031533,0.00028,4.5e-05,6.2e-05,0.000195,0.000128,7.3e-05,0.023193,0.046536,7.1e-05,0.039249,5.6e-05,0.000243,9.1e-05,0.002739,60.67,11.56,0.0053,6e-06,60.0
har_28_26,HAR_0028_1p_b_even_odd_cond28,har_sim_28,28,B,B,train,Harmonics,1,SCENARIO_CONTROLLER,0.569374,0.838099,1.471965,6.0589,0.0,60.0,59.9953,23.65,0.803473,0.018666,0.037206,0.000172,0.031394,0.00022,7.2e-05,9.4e-05,0.000129,0.000138,6.9e-05,0.023232,0.046306,0.000214,0.039073,9e-05,0.000161,8.6e-05,0.002718,60.66,11.48,0.0053,6e-06,60.0
har_28_27,HAR_0028_1p_b_even_odd_cond28,har_sim_28,28,B,B,train,Harmonics,1,SCENARIO_CONTROLLER,0.569531,0.838099,1.471559,6.1018,0.0,60.0,59.9451,23.67,0.80366,0.0193,0.037733,0.000293,0.031319,7.7e-05,4.6e-05,0.00015,0.000102,7.9e-05,0.000113,0.024015,0.046951,0.000365,0.03897,5.7e-05,0.000127,0.000141,0.002777,60.67,11.61,0.0054,7e-06,60.0
har_28_28,HAR_0028_1p_b_even_odd_cond28,har_sim_28,28,B,B,train,Harmonics,1,SCENARIO_CONTROLLER,0.569225,0.838099,1.47235,6.0799,0.0,60.0,59.9451,23.62,0.803245,0.019026,0.037346,1.1e-05,0.031469,0.000118,5.7e-05,0.000131,0.000158,0.000163,5.2e-05,0.023686,0.046494,1.4e-05,0.039177,7.1e-05,0.000197,6.5e-05,0.002747,60.67,11.53,0.0053,6e-06,60.0
har_28_29,HAR_0028_1p_b_even_odd_cond28,har_sim_28,28,B,B,train,Harmonics,1,SCENARIO_CONTROLLER,0.5694,0.838099,1.471898,6.0572,0.0,60.0,59.9451,23.6,0.803502,0.019048,0.037167,0.000124,0.031421,0.000115,0.000108,0.000118,8.2e-05,0.000108,2.2e-05,0.023706,0.046256,0.000154,0.039105,0.000134,0.000102,2.7e-05,0.002732,60.66,11.53,0.0053,7e-06,60.0
har_28_30,HAR_0028_1p_b_even_odd_cond28,har_sim_28,28,B,B,train,Harmonics,1,SCENARIO_CONTROLLER,0.569468,0.838099,1.471722,6.097,0.0,60.0,59.9934,23.64,0.803594,0.018413,0.037698,0.000335,0.031295,0.000139,0.000154,7e-05,0.000205,0.000107,2.6e-05,0.022913,0.046912,0.000417,0.038944,0.000192,0.000255,3.2e-05,0.00274,60.67,11.57,0.0053,7e-06,60.0
har_28_31,HAR_0028_1p_b_even_odd_cond28,har_sim_28,28,B,B,train,Harmonics,1,SCENARIO_CONTROLLER,0.569258,0.838099,1.472265,6.081,0.0,60.0,59.9934,23.64,0.803299,0.018671,0.037339,4.2e-05,0.031496,0.000223,9.8e-05,7.5e-05,0.000157,0.000124,5.5e-05,0.023243,0.046482,5.2e-05,0.039208,0.000122,0.000195,6.8e-05,0.002735,60.67,11.55,0.0053,6e-06,60.0
har_28_32,HAR_0028_1p_b_even_odd_cond28,har_sim_28,28,B,B,train,Harmonics,1,SCENARIO_CONTROLLER,0.569455,0.838099,1.471755,6.0785,0.0,60.0,59.9934,23.64,0.803576,0.01882,0.037266,0.000135,0.031577,0.000321,0.000216,0.000213,0.000191,3.8e-05,0.00012,0.02342,0.046375,0.000168,0.039296,0.000269,0.000238,0.000149,0.00274,60.67,11.63,0.0053,8e-06,60.0
har_29_01,HAR_0029_1p_c_h3h5h7_cond29,har_sim_29,29,C,C,train,Harmonics,1,SCENARIO_CONTROLLER,0.610332,0.877493,1.437732,7.039,0.0,60.0,60.0298,23.01,0.86095,0.000408,0.036832,0.000355,0.040385,0.000115,0.026176,5.4e-05,0.0001,0.000138,6.3e-05,0.000474,0.042781,0.000412,0.046907,0.030404,0.000116,7.3e-05,0.003673,61.09,16.9,0.0061,9e-06,60.0
har_29_02,HAR_0029_1p_c_h3h5h7_cond29,har_sim_29,29,C,C,train,Harmonics,1,SCENARIO_CONTROLLER,0.610611,0.877493,1.437074,7.0515,0.0,60.0,60.0298,23.02,0.861337,0.000257,0.037174,6.6e-05,0.040305,9.1e-05,0.026125,8.6e-05,0.000103,0.000105,3.8e-05,0.000298,0.043158,7.7e-05,0.046794,0.030331,0.00012,4.4e-05,0.003689,61.09,16.83,0.0061,7e-06,60.0
har_29_03,HAR_0029_1p_c_h3h5h7_cond29,har_sim_29,29,C,C,train,Harmonics,1,SCENARIO_CONTROLLER,0.610413,0.877493,1.437539,7.0867,0.0,60.0,60.0298,23.01,0.861037,0.000568,0.037458,0.00032,0.040495,0.00013,0.026083,3.4e-05,7.4e-05,0.000105,3.8e-05,0.00066,0.043503,0.000372,0.04703,0.030293,8.6e-05,4.4e-05,0.003724,61.09,16.87,0.0062,8e-06,60.0
har_29_04,HAR_0029_1p_c_h3h5h7_cond29,har_sim_29,29,C,C,train,Harmonics,1,SCENARIO_CONTROLLER,0.610375,0.877493,1.43763,7.0463,0.0,60.0,60.0265,23.01,0.861006,0.000594,0.036843,0.00041,0.04052,0.000289,0.026105,5.4e-05,0.000134,0.000178,5e-05,0.00069,0.042791,0.000476,0.047061,0.030319,0.000156,5.8e-05,0.003681,61.09,16.89,0.0061,9e-06,60.0
har_29_05,HAR_0029_1p_c_h3h5h7_cond29,har_sim_29,29,C,C,train,Harmonics,1,SCENARIO_CONTROLLER,0.610625,0.877493,1.437041,7.0534,0.0,60.0,60.0265,23.02,0.861355,0.000336,0.037201,0.000185,0.040312,0.00034,0.026118,6.5e-05,0.000108,0.000112,2.8e-05,0.00039,0.043189,0.000215,0.046801,0.030322,0.000125,3.3e-05,0.003691,61.09,16.82,0.0061,7e-06,60.0
har_29_06,HAR_0029_1p_c_h3h5h7_cond29,har_sim_29,29,C,C,train,Harmonics,1,SCENARIO_CONTROLLER,0.610385,0.877493,1.437606,7.0736,0.0,60.0,60.0265,23.0,0.861004,0.00056,0.037422,0.000167,0.040404,0.000251,0.026007,0.000184,7.6e-05,0.000143,9.2e-05,0.00065,0.043463,0.000194,0.046927,0.030205,8.8e-05,0.000107,0.00371,61.09,16.88,0.0062,9e-06,60.0
har_29_07,HAR_0029_1p_c_h3h5h7_cond29,har_sim_29,29,C,C,train,Harmonics,1,SCENARIO_CONTROLLER,0.610452,0.877493,1.437449,7.0419,0.0,60.0,60.0299,23.02,0.861117,0.000364,0.036966,0.000222,0.040442,0.000123,0.025981,0.000201,0.00021,0.000195,0.000107,0.000423,0.042928,0.000258,0.046965,0.030171,0.000244,0.000124,0.003677,61.09,16.84,0.0061,9e-06,60.0
har_29_08,HAR_0029_1p_c_h3h5h7_cond29,har_sim_29,29,C,C,train,Harmonics,1,SCENARIO_CONTROLLER,0.610572,0.877493,1.437166,7.0508,0.0,60.0,60.0299,23.02,0.861281,0.000326,0.037257,0.000137,0.040271,3.9e-05,0.026037,0.000157,9.9e-05,9.9e-05,4.6e-05,0.000379,0.043258,0.000159,0.046757,0.030231,0.000115,5.3e-05,0.003688,61.08,16.83,0.0061,8e-06,60.0
har_29_09,HAR_0029_1p_c_h3h5h7_cond29,har_sim_29,29,C,C,train,Harmonics,1,SCENARIO_CONTROLLER,0.610313,0.877493,1.437775,7.0357,0.0,60.0,60.0299,23.01,0.860925,0.000608,0.037197,7.7e-05,0.0402,0.000214,0.02587,0.00021,0.00026,0.000243,0.000113,0.000706,0.043206,8.9e-05,0.046694,0.030049,0.000302,0.000131,0.00367,61.08,16.86,0.0061,1e-05,60.0
har_29_10,HAR_0029_1p_c_h3h5h7_cond29,har_sim_29,29,C,C,train,Harmonics,1,SCENARIO_CONTROLLER,0.610525,0.877493,1.437277,7.0471,0.0,60.0,60.0306,23.02,0.861217,0.000437,0.037125,0.000318,0.040315,0.000312,0.026073,0.000108,9.1e-05,8.7e-05,3e-05,0.000507,0.043108,0.000369,0.046812,0.030275,0.000106,3.5e-05,0.003684,61.09,16.84,0.0061,9e-06,60.0
har_29_11,HAR_0029_1p_c_h3h5h7_cond29,har_sim_29,29,C,C,train,Harmonics,1,SCENARIO_CONTROLLER,0.61047,0.877493,1.437405,7.0688,0.0,60.0,60.0306,23.01,0.861127,0.000492,0.037392,4.4e-05,0.040422,0.000157,0.025945,0.000194,2.2e-05,0.000148,9.4e-05,0.000571,0.043422,5.1e-05,0.046941,0.030129,2.6e-05,0.000109,0.003706,61.09,16.84,0.0062,8e-06,60.0
har_29_12,HAR_0029_1p_c_h3h5h7_cond29,har_sim_29,29,C,C,train,Harmonics,1,SCENARIO_CONTROLLER,0.610316,0.877493,1.437768,7.0323,0.0,60.0,60.0305,23.01,0.860933,0.000399,0.036911,0.00038,0.040293,0.000195,0.02607,0.00015,0.000201,0.000159,0.000111,0.000463,0.042873,0.000441,0.046802,0.030281,0.000233,0.000129,0.003666,61.09,16.9,0.0061,1.1e-05,60.0
har_29_13,HAR_0029_1p_c_h3h5h7_cond29,har_sim_29,29,C,C,train,Harmonics,1,SCENARIO_CONTROLLER,0.610591,0.877493,1.437122,7.0513,0.0,60.0,60.0305,23.02,0.861308,0.000298,0.037176,9.7e-05,0.040306,0.000157,0.026115,5.8e-05,9.9e-05,5e-05,2.8e-05,0.000346,0.043162,0.000113,0.046796,0.03032,0.000115,3.3e-05,0.003689,61.09,16.84,0.0061,8e-06,60.0
har_29_14,HAR_0029_1p_c_h3h5h7_cond29,har_sim_29,29,C,C,train,Harmonics,1,SCENARIO_CONTROLLER,0.610415,0.877493,1.437537,7.0861,0.0,60.0,60.0305,23.01,0.861038,0.000584,0.037457,0.000368,0.040505,0.000105,0.026058,2.3e-05,0.000102,6.3e-05,3.7e-05,0.000678,0.043502,0.000427,0.047042,0.030263,0.000118,4.3e-05,0.003723,61.09,16.88,0.0062,8e-06,60.0
har_29_15,HAR_0029_1p_c_h3h5h7_cond29,har_sim_29,29,C,C,train,Harmonics,1,SCENARIO_CONTROLLER,0.610341,0.877493,1.437711,7.0456,0.0,60.0,60.0308,23.01,0.860958,0.000625,0.036825,0.000385,0.040488,0.000298,0.026159,2.7e-05,9e-05,0.000108,8e-05,0.000726,0.042772,0.000447,0.047027,0.030384,0.000105,9.3e-05,0.00368,61.09,16.91,0.0061,1e-05,60.0
har_29_16,HAR_0029_1p_c_h3h5h7_cond29,har_sim_29,29,C,C,train,Harmonics,1,SCENARIO_CONTROLLER,0.610603,0.877493,1.437094,7.0532,0.0,60.0,60.0308,23.02,0.861323,0.000336,0.037174,0.000234,0.040349,0.000244,0.026091,0.000104,9.9e-05,6.5e-05,5.3e-05,0.00039,0.043159,0.000272,0.046845,0.030292,0.000115,6.2e-05,0.003691,61.09,16.85,0.0061,8e-06,60.0
har_29_17,HAR_0029_1p_c_h3h5h7_cond29,har_sim_29,29,C,C,train,Harmonics,1,SCENARIO_CONTROLLER,0.610381,0.877493,1.437615,7.0877,0.0,60.0,60.0308,23.0,0.86099,0.000553,0.037453,0.000172,0.04053,0.000117,0.02605,0.000153,5.6e-05,0.00011,2.1e-05,0.000642,0.0435,0.0002,0.047074,0.030256,6.5e-05,2.4e-05,0.003724,61.1,16.89,0.0062,8e-06,60.0
har_29_18,HAR_0029_1p_c_h3h5h7_cond29,har_sim_29,29,C,C,train,Harmonics,1,SCENARIO_CONTROLLER,0.610382,0.877493,1.437612,7.0465,0.0,60.0,60.0281,23.01,0.861017,0.000377,0.036881,0.00028,0.040554,4.2e-05,0.026004,0.000186,0.000212,0.000139,4.5e-05,0.000438,0.042834,0.000325,0.0471,0.030201,0.000246,5.2e-05,0.003681,61.09,16.9,0.0061,9e-06,60.0
har_29_19,HAR_0029_1p_c_h3h5h7_cond29,har_sim_29,29,C,C,train,Harmonics,1,SCENARIO_CONTROLLER,0.610571,0.877493,1.437168,7.0532,0.0,60.0,60.0281,23.02,0.861279,0.000272,0.037171,0.000142,0.040367,0.000166,0.02606,0.000123,0.000135,0.00011,5.2e-05,0.000316,0.043158,0.000165,0.046869,0.030257,0.000157,6e-05,0.00369,61.09,16.84,0.0061,8e-06,60.0
har_29_20,HAR_0029_1p_c_h3h5h7_cond29,har_sim_29,29,C,C,train,Harmonics,1,SCENARIO_CONTROLLER,0.610314,0.877493,1.437773,7.0538,0.0,60.0,60.0281,23.0,0.860916,0.000585,0.037268,0.000225,0.040366,7.6e-05,0.025875,0.000172,0.000196,0.000233,0.000142,0.00068,0.043289,0.000261,0.046887,0.030055,0.000228,0.000165,0.003688,61.09,16.9,0.0061,1.1e-05,60.0
har_29_21,HAR_0029_1p_c_h3h5h7_cond29,har_sim_29,29,C,C,train,Harmonics,1,SCENARIO_CONTROLLER,0.61047,0.877493,1.437406,7.0466,0.0,60.0,60.0289,23.02,0.86114,0.000487,0.037012,0.000371,0.040454,0.000148,0.025995,0.000138,0.000153,9.5e-05,9.5e-05,0.000566,0.04298,0.000431,0.046977,0.030187,0.000178,0.00011,0.003683,61.09,16.88,0.0061,9e-06,60.0
har_29_22,HAR_0029_1p_c_h3h5h7_cond29,har_sim_29,29,C,C,train,Harmonics,1,SCENARIO_CONTROLLER,0.610489,0.877493,1.437361,7.0606,0.0,60.0,60.0289,23.01,0.861158,0.000483,0.037296,0.0001,0.040407,0.000156,0.025947,0.000166,4.3e-05,0.0002,4.8e-05,0.000561,0.043309,0.000116,0.046922,0.03013,5e-05,5.6e-05,0.003697,61.09,16.86,0.0061,9e-06,60.0
har_29_23,HAR_0029_1p_c_h3h5h7_cond29,har_sim_29,29,C,C,train,Harmonics,1,SCENARIO_CONTROLLER,0.610267,0.877493,1.437884,7.0323,0.0,60.0,60.0284,23.01,0.860863,0.000499,0.036994,0.000353,0.040283,0.000252,0.025954,0.000255,0.00031,0.000161,9.6e-05,0.00058,0.042973,0.00041,0.046794,0.030149,0.00036,0.000112,0.003666,61.08,16.9,0.0061,1.1e-05,60.0
har_29_24,HAR_0029_1p_c_h3h5h7_cond29,har_sim_29,29,C,C,train,Harmonics,1,SCENARIO_CONTROLLER,0.610527,0.877493,1.437273,7.0541,0.0,60.0,60.0285,23.01,0.861215,0.000263,0.037133,8.6e-05,0.040369,0.000228,0.026118,5e-05,0.000127,7.5e-05,3.9e-05,0.000305,0.043117,0.0001,0.046874,0.030327,0.000147,4.5e-05,0.003691,61.09,16.87,0.0061,8e-06,60.0
har_29_25,HAR_0029_1p_c_h3h5h7_cond29,har_sim_29,29,C,C,train,Harmonics,1,SCENARIO_CONTROLLER,0.610398,0.877493,1.437575,7.0845,0.0,60.0,60.0285,23.0,0.861016,0.000483,0.03742,0.000371,0.040555,4.7e-05,0.025997,0.000103,0.000135,9.8e-05,4.1e-05,0.000561,0.04346,0.000431,0.047101,0.030193,0.000157,4.8e-05,0.003721,61.09,16.89,0.0062,8e-06,60.0
har_29_26,HAR_0029_1p_c_h3h5h7_cond29,har_sim_29,29,C,C,train,Harmonics,1,SCENARIO_CONTROLLER,0.610285,0.877493,1.437841,7.044,0.0,60.0,60.0309,23.0,0.86088,0.000588,0.036821,0.0003,0.040469,0.000281,0.026148,5.8e-05,7.8e-05,7.2e-05,8.1e-05,0.000683,0.042771,0.000348,0.047009,0.030374,9.1e-05,9.4e-05,0.003678,61.09,16.94,0.0061,9e-06,60.0
har_29_27,HAR_0029_1p_c_h3h5h7_cond29,har_sim_29,29,C,C,train,Harmonics,1,SCENARIO_CONTROLLER,0.610549,0.877493,1.43722,7.0551,0.0,60.0,60.0309,23.02,0.861245,0.000369,0.037151,0.000227,0.040389,0.000225,0.026087,1.9e-05,0.000122,7.6e-05,6.2e-05,0.000428,0.043136,0.000264,0.046896,0.03029,0.000142,7.2e-05,0.003692,61.09,16.86,0.0061,8e-06,60.0
har_29_28,HAR_0029_1p_c_h3h5h7_cond29,har_sim_29,29,C,C,train,Harmonics,1,SCENARIO_CONTROLLER,0.610347,0.877493,1.437695,7.0919,0.0,60.0,60.0309,23.01,0.860939,0.000608,0.037445,0.00012,0.040597,6.7e-05,0.02603,9.4e-05,8.8e-05,0.000109,3.8e-05,0.000706,0.043493,0.000139,0.047154,0.030234,0.000102,4.4e-05,0.003728,61.1,16.9,0.0062,8e-06,60.0
har_29_29,HAR_0029_1p_c_h3h5h7_cond29,har_sim_29,29,C,C,train,Harmonics,1,SCENARIO_CONTROLLER,0.610303,0.877493,1.437799,7.05,0.0,60.0,60.0297,23.01,0.860902,0.000419,0.036823,0.000363,0.040613,0.000135,0.026045,0.000136,0.000153,6.9e-05,5.9e-05,0.000487,0.042773,0.000422,0.047175,0.030253,0.000178,6.9e-05,0.003684,61.09,16.9,0.0061,9e-06,60.0
har_29_30,HAR_0029_1p_c_h3h5h7_cond29,har_sim_29,29,C,C,train,Harmonics,1,SCENARIO_CONTROLLER,0.610543,0.877493,1.437235,7.0565,0.0,60.0,60.0297,23.02,0.861236,0.000217,0.037168,0.000117,0.040406,0.000204,0.026063,7.8e-05,6.4e-05,0.000109,7.4e-05,0.000252,0.043157,0.000136,0.046916,0.030262,7.4e-05,8.6e-05,0.003694,61.09,16.85,0.0061,7e-06,60.0
har_29_31,HAR_0029_1p_c_h3h5h7_cond29,har_sim_29,29,C,C,train,Harmonics,1,SCENARIO_CONTROLLER,0.610303,0.877493,1.4378,7.0772,0.0,60.0,60.0297,22.99,0.860885,0.000534,0.037378,0.000302,0.040504,0.000126,0.025969,0.000136,0.000113,0.000139,0.000126,0.00062,0.043418,0.000351,0.047049,0.030165,0.000131,0.000146,0.003713,61.09,16.9,0.0062,9e-06,60.0
har_29_32,HAR_0029_1p_c_h3h5h7_cond29,har_sim_29,29,C,C,train,Harmonics,1,SCENARIO_CONTROLLER,0.610379,0.877493,1.43762,7.0498,0.0,60.0,60.0273,23.01,0.861009,0.000526,0.036944,0.000382,0.040571,3.2e-05,0.025952,0.000151,0.000157,4.6e-05,9e-05,0.000611,0.042908,0.000444,0.04712,0.030141,0.000182,0.000105,0.003685,61.09,16.89,0.0061,9e-06,60.0
har_30_01,HAR_0030_1p_c_12pulse_cond30,har_sim_30,30,C,C,train,Harmonics,1,SCENARIO_CONTROLLER,0.567577,0.826972,1.457021,7.6154,0.0,60.0,59.9775,22.18,0.800242,0.000369,0.00031,0.000301,0.050712,7.2e-05,0.033795,0.000112,7.9e-05,0.000106,0.011964,0.000461,0.000387,0.000376,0.063371,0.042231,9.9e-05,0.01495,0.003857,61.74,23.42,0.0068,7e-06,60.0
har_30_02,HAR_0030_1p_c_12pulse_cond30,har_sim_30,30,C,C,train,Harmonics,1,SCENARIO_CONTROLLER,0.56741,0.826972,1.45745,7.6298,0.0,60.0,59.9775,22.17,0.799997,0.000172,1.8e-05,0.000103,0.050856,0.000147,0.033755,6.9e-05,0.000132,5e-05,0.011971,0.000215,2.3e-05,0.000129,0.06357,0.042194,0.000165,0.014964,0.003869,61.74,23.45,0.0068,6e-06,60.0
har_30_03,HAR_0030_1p_c_12pulse_cond30,har_sim_30,30,C,C,train,Harmonics,1,SCENARIO_CONTROLLER,0.567494,0.826972,1.457234,7.6195,0.0,60.0,59.9775,22.17,0.800122,0.00028,0.000133,0.000246,0.050732,8.5e-05,0.033808,0.000112,0.000142,2.3e-05,0.011962,0.00035,0.000166,0.000307,0.063405,0.042254,0.000177,0.01495,0.00386,61.74,23.43,0.0068,7e-06,60.0
har_30_04,HAR_0030_1p_c_12pulse_cond30,har_sim_30,30,C,C,train,Harmonics,1,SCENARIO_CONTROLLER,0.567571,0.826972,1.457038,7.6161,0.0,60.0,59.9797,22.18,0.800232,0.000345,0.000275,0.000141,0.050676,0.000105,0.033858,0.000107,0.000143,0.000128,0.011944,0.000431,0.000344,0.000176,0.063327,0.04231,0.000179,0.014926,0.003857,61.74,23.45,0.0068,8e-06,60.0
har_30_05,HAR_0030_1p_c_12pulse_cond30,har_sim_30,30,C,C,train,Harmonics,1,SCENARIO_CONTROLLER,0.567404,0.826972,1.457465,7.6314,0.0,60.0,59.9797,22.17,0.799988,0.000178,5e-06,8.9e-05,0.050841,0.000233,0.033799,2e-06,0.000139,0.000118,0.011957,0.000223,6e-06,0.000111,0.063552,0.042249,0.000174,0.014946,0.00387,61.75,23.46,0.0068,6e-06,60.0
har_30_06,HAR_0030_1p_c_12pulse_cond30,har_sim_30,30,C,C,train,Harmonics,1,SCENARIO_CONTROLLER,0.567549,0.826972,1.457093,7.6293,0.0,60.0,59.9797,22.18,0.800194,0.000339,0.000154,5.5e-05,0.050805,0.000207,0.03385,6.8e-05,0.000188,0.000164,0.011939,0.000424,0.000192,6.9e-05,0.063491,0.042302,0.000235,0.01492,0.00387,61.75,23.46,0.0068,7e-06,60.0
har_30_07,HAR_0030_1p_c_12pulse_cond30,har_sim_30,30,C,C,train,Harmonics,1,SCENARIO_CONTROLLER,0.567564,0.826972,1.457055,7.6267,0.0,60.0,59.9837,22.18,0.800217,0.000295,0.00019,0.000229,0.050749,3.9e-05,0.033899,0.000172,8.1e-05,0.000154,0.0119,0.000369,0.000237,0.000286,0.063419,0.042362,0.000101,0.014871,0.003866,61.74,23.47,0.0068,7e-06,60.0
har_30_08,HAR_0030_1p_c_12pulse_cond30,har_sim_30,30,C,C,train,Harmonics,1,SCENARIO_CONTROLLER,0.567432,0.826972,1.457395,7.6272,0.0,60.0,59.9837,22.17,0.80003,0.000128,4.1e-05,0.000154,0.050793,7.4e-05,0.033816,0.000117,0.000121,5.9e-05,0.011927,0.00016,5.1e-05,0.000192,0.063489,0.042268,0.000151,0.014908,0.003866,61.74,23.45,0.0068,6e-06,60.0
har_30_09,HAR_0030_1p_c_12pulse_cond30,har_sim_30,30,C,C,train,Harmonics,1,SCENARIO_CONTROLLER,0.5676,0.826972,1.456963,7.6377,0.0,60.0,59.9837,22.18,0.800259,0.000293,0.000193,0.000102,0.050828,0.000146,0.033945,0.000183,0.000233,0.000169,0.011997,0.000366,0.000241,0.000127,0.063514,0.042418,0.000291,0.014991,0.00388,61.75,23.55,0.0068,8e-06,60.0
har_30_10,HAR_0030_1p_c_12pulse_cond30,har_sim_30,30,C,C,train,Harmonics,1,SCENARIO_CONTROLLER,0.567491,0.826972,1.457242,7.6302,0.0,60.0,59.9762,22.18,0.800111,0.000294,8.5e-05,0.000147,0.05084,0.00026,0.033799,5e-05,0.000109,8.4e-05,0.011963,0.000367,0.000106,0.000184,0.063541,0.042243,0.000136,0.014952,0.00387,61.75,23.48,0.0068,7e-06,60.0
har_30_11,HAR_0030_1p_c_12pulse_cond30,har_sim_30,30,C,C,train,Harmonics,1,SCENARIO_CONTROLLER,0.567447,0.826972,1.457356,7.6203,0.0,60.0,59.9762,22.18,0.800056,0.000285,0.000117,0.00013,0.050713,0.000164,0.03384,5.7e-05,0.000168,0.000155,0.011876,0.000356,0.000146,0.000162,0.063387,0.042297,0.00021,0.014844,0.003858,61.74,23.42,0.0068,7e-06,60.0
har_30_12,HAR_0030_1p_c_12pulse_cond30,har_sim_30,30,C,C,train,Harmonics,1,SCENARIO_CONTROLLER,0.567593,0.826972,1.456981,7.6139,0.0,60.0,59.9763,22.19,0.800266,0.000424,0.000287,0.000317,0.050695,6.4e-05,0.033803,0.000155,0.000103,0.000135,0.011863,0.00053,0.000359,0.000396,0.063348,0.04224,0.000129,0.014824,0.003854,61.74,23.41,0.0068,8e-06,60.0
har_30_13,HAR_0030_1p_c_12pulse_cond30,har_sim_30,30,C,C,train,Harmonics,1,SCENARIO_CONTROLLER,0.567427,0.826972,1.457406,7.624,0.0,60.0,59.9763,22.18,0.800026,0.000214,2e-05,0.000122,0.050825,0.00013,0.033721,8.5e-05,0.000144,5.1e-05,0.011903,0.000267,2.5e-05,0.000152,0.063529,0.04215,0.00018,0.014878,0.003862,61.74,23.42,0.0068,7e-06,60.0
har_30_14,HAR_0030_1p_c_12pulse_cond30,har_sim_30,30,C,C,train,Harmonics,1,SCENARIO_CONTROLLER,0.56749,0.825425,1.45452,7.6146,0.0,60.0,59.9763,22.18,0.800119,0.00027,0.000133,0.000248,0.050716,5.4e-05,0.033762,0.000123,0.000132,3.3e-05,0.011921,0.000337,0.000166,0.00031,0.063386,0.042196,0.000165,0.014899,0.003854,61.74,23.41,0.0068,7e-06,60.0
har_30_15,HAR_0030_1p_c_12pulse_cond30,har_sim_30,30,C,C,train,Harmonics,1,SCENARIO_CONTROLLER,0.567586,0.825425,1.454272,7.6059,0.0,60.0,59.9798,22.19,0.800261,0.000313,0.000297,0.000136,0.050656,0.000139,0.033743,6.1e-05,9.2e-05,7e-05,0.011906,0.000391,0.000371,0.00017,0.063299,0.042165,0.000115,0.014878,0.003847,61.73,23.39,0.0068,7e-06,60.0
har_30_16,HAR_0030_1p_c_12pulse_cond30,har_sim_30,30,C,C,train,Harmonics,1,SCENARIO_CONTROLLER,0.567404,0.825425,1.454738,7.6214,0.0,60.0,59.9798,22.18,0.799994,0.00017,3.8e-05,9.9e-05,0.050807,0.000244,0.033706,2e-06,8.8e-05,6.4e-05,0.01192,0.000213,4.8e-05,0.000124,0.063509,0.042133,0.00011,0.0149,0.00386,61.74,23.42,0.0068,7e-06,60.0
har_30_17,HAR_0030_1p_c_12pulse_cond30,har_sim_30,30,C,C,train,Harmonics,1,SCENARIO_CONTROLLER,0.567513,0.825425,1.454459,7.6138,0.0,60.0,59.9798,22.19,0.800153,0.000327,0.000179,0.000146,0.050726,0.000202,0.033739,5.1e-05,0.000115,0.000116,0.011882,0.000409,0.000224,0.000182,0.063395,0.042166,0.000144,0.01485,0.003853,61.74,23.4,0.0068,7e-06,60.0
har_30_18,HAR_0030_1p_c_12pulse_cond30,har_sim_30,30,C,C,train,Harmonics,1,SCENARIO_CONTROLLER,0.567564,0.825425,1.454328,7.6104,0.0,60.0,59.9789,22.19,0.800228,0.000396,0.000233,0.00028,0.050656,5.8e-05,0.033805,0.000138,8.3e-05,0.000109,0.011858,0.000495,0.000291,0.00035,0.063302,0.042244,0.000104,0.014818,0.00385,61.74,23.41,0.0068,8e-06,60.0
har_30_19,HAR_0030_1p_c_12pulse_cond30,har_sim_30,30,C,C,train,Harmonics,1,SCENARIO_CONTROLLER,0.567402,0.825425,1.454744,7.6209,0.0,60.0,59.9789,22.18,0.799991,0.000187,4.4e-05,8.2e-05,0.050798,0.000103,0.033712,9.2e-05,0.000116,4.1e-05,0.011945,0.000234,5.5e-05,0.000103,0.063498,0.04214,0.000145,0.014931,0.00386,61.74,23.43,0.0068,7e-06,60.0
har_30_20,HAR_0030_1p_c_12pulse_cond30,har_sim_30,30,C,C,train,Harmonics,1,SCENARIO_CONTROLLER,0.567558,0.825425,1.454345,7.6298,0.0,60.0,59.9789,22.19,0.800205,0.000281,0.000184,0.000129,0.050826,8.3e-05,0.033826,0.000186,0.000188,6.3e-05,0.012008,0.000351,0.00023,0.000161,0.063516,0.042272,0.000235,0.015006,0.003872,61.75,23.53,0.0068,8e-06,60.0
har_30_21,HAR_0030_1p_c_12pulse_cond30,har_sim_30,30,C,C,train,Harmonics,1,SCENARIO_CONTROLLER,0.567522,0.825425,1.454436,7.6238,0.0,60.0,59.9808,22.19,0.800159,0.000235,0.000124,4.5e-05,0.05079,0.000161,0.033788,0.000106,4.6e-05,7.3e-05,0.011973,0.000294,0.000155,5.6e-05,0.063475,0.042227,5.7e-05,0.014963,0.003865,61.74,23.47,0.0068,7e-06,60.0
har_30_22,HAR_0030_1p_c_12pulse_cond30,har_sim_30,30,C,C,train,Harmonics,1,SCENARIO_CONTROLLER,0.567437,0.825425,1.454655,7.6174,0.0,60.0,59.9808,22.19,0.800043,0.000202,0.000101,0.000168,0.05074,0.000155,0.033756,5.9e-05,0.000164,0.000173,0.011913,0.000252,0.000126,0.00021,0.063422,0.042193,0.000205,0.01489,0.003856,61.74,23.43,0.0068,7e-06,60.0
har_30_23,HAR_0030_1p_c_12pulse_cond30,har_sim_30,30,C,C,train,Harmonics,1,SCENARIO_CONTROLLER,0.567592,0.825425,1.454256,7.6208,0.0,60.0,59.9819,22.2,0.80026,0.000406,0.000254,0.000176,0.050756,8.3e-05,0.033808,0.000189,9.6e-05,7.7e-05,0.011923,0.000507,0.000317,0.00022,0.063424,0.042246,0.00012,0.014899,0.003862,61.74,23.48,0.0068,9e-06,60.0
har_30_24,HAR_0030_1p_c_12pulse_cond30,har_sim_30,30,C,C,train,Harmonics,1,SCENARIO_CONTROLLER,0.567444,0.825425,1.454637,7.6204,0.0,60.0,59.9821,22.19,0.80005,0.000275,2.5e-05,4.8e-05,0.050826,0.00016,0.03367,8.7e-05,0.000124,4.1e-05,0.011937,0.000344,3.1e-05,6e-05,0.063529,0.042085,0.000155,0.01492,0.00386,61.74,23.43,0.0068,7e-06,60.0
har_30_25,HAR_0030_1p_c_12pulse_cond30,har_sim_30,30,C,C,train,Harmonics,1,SCENARIO_CONTROLLER,0.56747,0.825789,1.455211,7.6117,0.0,60.0,59.9821,22.19,0.800093,0.000301,0.000149,0.000137,0.050682,3.3e-05,0.033768,0.000154,0.000132,4.9e-05,0.011947,0.000376,0.000186,0.000171,0.063345,0.042205,0.000165,0.014932,0.003852,61.74,23.43,0.0068,8e-06,60.0
har_30_26,HAR_0030_1p_c_12pulse_cond30,har_sim_30,30,C,C,train,Harmonics,1,SCENARIO_CONTROLLER,0.567584,0.825789,1.454918,7.6034,0.0,60.0,59.9801,22.19,0.800259,0.000298,0.000266,0.000181,0.050642,0.000173,0.033729,1.3e-05,3e-06,0.00015,0.011948,0.000372,0.000332,0.000226,0.063282,0.042148,4e-06,0.01493,0.003845,61.74,23.41,0.0067,8e-06,60.0
har_30_27,HAR_0030_1p_c_12pulse_cond30,har_sim_30,30,C,C,train,Harmonics,1,SCENARIO_CONTROLLER,0.567419,0.825789,1.455344,7.62,0.0,60.0,59.9801,22.18,0.800015,0.000186,5.3e-05,0.000106,0.050807,0.00025,0.033689,4e-05,6.3e-05,0.000181,0.011962,0.000232,6.6e-05,0.000132,0.063508,0.04211,7.9e-05,0.014952,0.00386,61.74,23.44,0.0068,7e-06,60.0
har_30_28,HAR_0030_1p_c_12pulse_cond30,har_sim_30,30,C,C,train,Harmonics,1,SCENARIO_CONTROLLER,0.56747,0.825789,1.455211,7.6118,0.0,60.0,59.9801,22.19,0.800093,0.000276,0.000148,0.000157,0.050702,0.000186,0.033738,6.2e-05,9.2e-05,0.000194,0.01195,0.000345,0.000185,0.000196,0.06337,0.042168,0.000115,0.014936,0.003852,61.74,23.42,0.0068,7e-06,60.0
har_30_29,HAR_0030_1p_c_12pulse_cond30,har_sim_30,30,C,C,train,Harmonics,1,SCENARIO_CONTROLLER,0.567542,0.825789,1.455026,7.6061,0.0,60.0,59.9798,22.19,0.800198,0.000405,0.000246,0.000289,0.050631,7.4e-05,0.033777,0.000154,7.9e-05,0.0001,0.011947,0.000506,0.000307,0.000361,0.063273,0.042211,9.9e-05,0.01493,0.003847,61.74,23.43,0.0068,8e-06,60.0
har_30_30,HAR_0030_1p_c_12pulse_cond30,har_sim_30,30,C,C,train,Harmonics,1,SCENARIO_CONTROLLER,0.567364,0.825789,1.455482,7.6211,0.0,60.0,59.9798,22.18,0.799938,0.000201,3.2e-05,9.3e-05,0.050783,0.000109,0.03373,0.000117,7.7e-05,0.000105,0.011963,0.000251,4e-05,0.000116,0.063484,0.042166,9.6e-05,0.014955,0.00386,61.74,23.45,0.0068,7e-06,60.0
har_30_31,HAR_0030_1p_c_12pulse_cond30,har_sim_30,30,C,C,train,Harmonics,1,SCENARIO_CONTROLLER,0.567494,0.825789,1.455149,7.6199,0.0,60.0,59.9798,22.19,0.800122,0.00032,0.000154,0.00018,0.050754,8.8e-05,0.033782,0.000175,0.000134,7.3e-05,0.011939,0.0004,0.000192,0.000225,0.063433,0.042221,0.000167,0.014921,0.00386,61.74,23.46,0.0068,8e-06,60.0
har_30_32,HAR_0030_1p_c_12pulse_cond30,har_sim_30,30,C,C,train,Harmonics,1,SCENARIO_CONTROLLER,0.567516,0.825789,1.455093,7.6189,0.0,60.0,59.9824,22.19,0.800154,0.000273,0.000206,0.000109,0.050699,0.000113,0.033854,8.2e-05,7.3e-05,0.000224,0.011889,0.000341,0.000257,0.000136,0.063362,0.042309,9.1e-05,0.014858,0.003858,61.74,23.46,0.0068,8e-06,60.0
har_31_01,HAR_0031_2p_ab_h3h5h7_cond31,har_sim_31,31,AB,A,test,Harmonics,1,SCENARIO_CONTROLLER,0.581877,0.827161,1.421539,7.9899,0.0,60.0,60.0204,21.95,0.820257,0.000189,0.048988,4.8e-05,0.034231,5.6e-05,0.026901,9.2e-05,8.9e-05,8.7e-05,6.7e-05,0.00023,0.059723,5.9e-05,0.041732,0.032796,0.000109,8.2e-05,0.004295,61.24,17.37,0.0073,7e-06,60.0
har_31_02,HAR_0031_2p_ab_h3h5h7_cond31,har_sim_31,31,AB,A,test,Harmonics,1,SCENARIO_CONTROLLER,0.581774,0.827161,1.42179,8.0082,0.0,60.0,60.0204,21.94,0.8201,0.000317,0.049118,8.3e-05,0.034318,4.6e-05,0.026887,4e-05,0.000134,5.2e-05,8.1e-05,0.000387,0.059893,0.000101,0.041846,0.032785,0.000163,9.9e-05,0.004313,61.24,17.39,0.0074,7e-06,60.0
har_31_03,HAR_0031_2p_ab_h3h5h7_cond31,har_sim_31,31,AB,A,test,Harmonics,1,SCENARIO_CONTROLLER,0.581711,0.827161,1.421945,7.978,0.0,60.0,60.019,21.94,0.82003,0.000334,0.048692,0.000261,0.034432,0.000151,0.0269,4.7e-05,0.000131,2.6e-05,8.7e-05,0.000407,0.059378,0.000318,0.041989,0.032804,0.00016,0.000106,0.00428,61.24,17.41,0.0073,7e-06,60.0
har_31_04,HAR_0031_2p_ab_h3h5h7_cond31,har_sim_31,31,AB,A,test,Harmonics,1,SCENARIO_CONTROLLER,0.581852,0.827161,1.421599,7.985,0.0,60.0,60.019,21.95,0.820226,0.00026,0.048945,3.5e-05,0.034227,0.00023,0.026881,7.8e-05,0.000124,4.5e-05,8.2e-05,0.000317,0.059673,4.3e-05,0.041729,0.032773,0.000151,0.0001,0.00429,61.23,17.36,0.0073,6e-06,60.0
har_31_05,HAR_0031_2p_ab_h3h5h7_cond31,har_sim_31,31,AB,A,test,Harmonics,1,SCENARIO_CONTROLLER,0.581736,0.827161,1.421884,7.9991,0.0,60.0,60.019,21.94,0.820052,0.000389,0.049053,0.000115,0.034255,0.000235,0.026893,5.4e-05,0.000106,4e-05,9.3e-05,0.000474,0.059817,0.00014,0.041772,0.032794,0.000129,0.000113,0.004303,61.24,17.38,0.0073,7e-06,60.0
har_31_06,HAR_0031_2p_ab_h3h5h7_cond31,har_sim_31,31,AB,A,test,Harmonics,1,SCENARIO_CONTROLLER,0.581737,0.827161,1.42188,7.9702,0.0,60.0,60.0187,21.95,0.820073,0.000235,0.048729,0.00023,0.034351,0.000138,0.026789,0.000178,0.000192,5.1e-05,8.6e-05,0.000287,0.05942,0.00028,0.041888,0.032667,0.000234,0.000105,0.004272,61.23,17.36,0.0073,8e-06,60.0
har_31_07,HAR_0031_2p_ab_h3h5h7_cond31,har_sim_31,31,AB,A,test,Harmonics,1,SCENARIO_CONTROLLER,0.581841,0.827161,1.421626,7.9845,0.0,60.0,60.0187,21.95,0.82021,0.000192,0.048966,3.8e-05,0.034192,4e-05,0.026873,9.6e-05,0.000136,4.6e-05,7.5e-05,0.000234,0.059699,4.6e-05,0.041687,0.032764,0.000166,9.1e-05,0.004289,61.23,17.35,0.0073,7e-06,60.0
har_31_08,HAR_0031_2p_ab_h3h5h7_cond31,har_sim_31,31,AB,A,test,Harmonics,1,SCENARIO_CONTROLLER,0.581685,0.827161,1.422009,7.9759,0.0,60.0,60.0187,21.94,0.819996,0.000363,0.048945,0.00011,0.034159,7.1e-05,0.026739,0.000127,0.000255,6.3e-05,0.000127,0.000443,0.059689,0.000134,0.041658,0.032609,0.000311,0.000155,0.004278,61.23,17.36,0.0073,8e-06,60.0
har_31_09,HAR_0031_2p_ab_h3h5h7_cond31,har_sim_31,31,AB,A,test,Harmonics,1,SCENARIO_CONTROLLER,0.58179,0.827161,1.421752,7.9719,0.0,60.0,60.0202,21.95,0.820146,0.000325,0.048833,9.4e-05,0.034252,0.000169,0.026773,8.3e-05,0.00011,8.4e-05,0.000109,0.000396,0.059542,0.000115,0.041763,0.032644,0.000134,0.000133,0.004275,61.23,17.35,0.0073,8e-06,60.0
har_31_10,HAR_0031_2p_ab_h3h5h7_cond31,har_sim_31,31,AB,A,test,Harmonics,1,SCENARIO_CONTROLLER,0.581779,0.827161,1.421778,7.9903,0.0,60.0,60.0202,21.95,0.820119,0.00036,0.048994,9.1e-05,0.034277,0.000203,0.026811,8.9e-05,0.000146,2.4e-05,6.4e-05,0.000439,0.05974,0.000111,0.041795,0.032692,0.000178,7.8e-05,0.004294,61.23,17.36,0.0073,7e-06,60.0
har_31_11,HAR_0031_2p_ab_h3h5h7_cond31,har_sim_31,31,AB,A,test,Harmonics,1,SCENARIO_CONTROLLER,0.581648,0.827161,1.422099,7.9645,0.0,60.0,60.0205,21.95,0.819951,0.000281,0.04873,0.000149,0.034287,8e-05,0.026731,0.000204,0.000228,7.3e-05,7e-05,0.000343,0.05943,0.000182,0.041816,0.032601,0.000278,8.5e-05,0.004265,61.23,17.35,0.0073,8e-06,60.0
har_31_12,HAR_0031_2p_ab_h3h5h7_cond31,har_sim_31,31,AB,A,test,Harmonics,1,SCENARIO_CONTROLLER,0.581845,0.827161,1.421617,7.9814,0.0,60.0,60.0205,21.95,0.820219,0.000161,0.048926,4.6e-05,0.034233,6.5e-05,0.026834,7.5e-05,0.000163,4.9e-05,4.1e-05,0.000196,0.05965,5.6e-05,0.041736,0.032716,0.000199,5e-05,0.004286,61.23,17.34,0.0073,7e-06,60.0
har_31_13,HAR_0031_2p_ab_h3h5h7_cond31,har_sim_31,31,AB,A,test,Harmonics,1,SCENARIO_CONTROLLER,0.581763,0.827161,1.421817,7.9982,0.0,60.0,60.0205,21.95,0.820092,0.000296,0.049048,6.2e-05,0.034311,7.2e-05,0.026823,4.2e-05,0.000203,2e-06,7.4e-05,0.000361,0.059808,7.6e-05,0.041838,0.032707,0.000248,9e-05,0.004303,61.24,17.36,0.0073,7e-06,60.0
har_31_14,HAR_0031_2p_ab_h3h5h7_cond31,har_sim_31,31,AB,A,test,Harmonics,1,SCENARIO_CONTROLLER,0.581686,0.827161,1.422005,7.9731,0.0,60.0,60.0199,21.95,0.82,0.000445,0.048661,0.000277,0.034414,0.000207,0.026876,9.4e-05,0.000139,4.2e-05,7e-05,0.000543,0.059343,0.000338,0.041968,0.032776,0.00017,8.5e-05,0.004275,61.23,17.38,0.0073,7e-06,60.0
har_31_15,HAR_0031_2p_ab_h3h5h7_cond31,har_sim_31,31,AB,A,test,Harmonics,1,SCENARIO_CONTROLLER,0.581845,0.827161,1.421618,7.9823,0.0,60.0,60.0199,21.95,0.820217,0.000305,0.048919,3.6e-05,0.034225,0.000238,0.026874,0.000132,0.000161,3.8e-05,2.2e-05,0.000372,0.059642,4.4e-05,0.041727,0.032765,0.000196,2.7e-05,0.004287,61.23,17.34,0.0073,6e-06,60.0
har_31_16,HAR_0031_2p_ab_h3h5h7_cond31,har_sim_31,31,AB,A,test,Harmonics,1,SCENARIO_CONTROLLER,0.581715,0.827161,1.421935,7.9999,0.0,60.0,60.0199,21.95,0.820023,0.000424,0.049048,0.000122,0.034259,0.000247,0.02691,0.000106,0.000168,3.4e-05,3.6e-05,0.000517,0.059813,0.000149,0.041778,0.032816,0.000205,4.4e-05,0.004304,61.24,17.36,0.0073,6e-06,60.0
har_31_17,HAR_0031_2p_ab_h3h5h7_cond31,har_sim_31,31,AB,A,test,Harmonics,1,SCENARIO_CONTROLLER,0.581685,0.827161,1.422007,7.9724,0.0,60.0,60.0202,21.95,0.819999,0.000166,0.048665,0.000249,0.034391,0.000148,0.026883,0.000154,0.000218,3.3e-05,2.5e-05,0.000202,0.059348,0.000304,0.04194,0.032784,0.000266,3e-05,0.004274,61.23,17.36,0.0073,7e-06,60.0
har_31_18,HAR_0031_2p_ab_h3h5h7_cond31,har_sim_31,31,AB,A,test,Harmonics,1,SCENARIO_CONTROLLER,0.581816,0.827161,1.421688,7.9842,0.0,60.0,60.0202,21.95,0.820175,0.000172,0.048925,2e-05,0.034199,4.3e-05,0.026925,9.5e-05,0.000183,3e-05,4.7e-05,0.00021,0.059652,2.4e-05,0.041697,0.032828,0.000223,5.7e-05,0.004288,61.23,17.35,0.0073,6e-06,60.0
har_31_19,HAR_0031_2p_ab_h3h5h7_cond31,har_sim_31,31,AB,A,test,Harmonics,1,SCENARIO_CONTROLLER,0.581676,0.827161,1.422031,7.9903,0.0,60.0,60.0202,21.94,0.819973,0.000379,0.048999,7.7e-05,0.034199,9e-06,0.026872,0.000122,0.00019,2.9e-05,8.9e-05,0.000462,0.059757,9.4e-05,0.041707,0.032772,0.000232,0.000109,0.004293,61.24,17.37,0.0073,7e-06,60.0
har_31_20,HAR_0031_2p_ab_h3h5h7_cond31,har_sim_31,31,AB,A,test,Harmonics,1,SCENARIO_CONTROLLER,0.58173,0.827161,1.421898,7.9724,0.0,60.0,60.0198,21.95,0.820062,0.0004,0.048773,0.000169,0.034304,0.000117,0.02681,7.1e-05,0.000177,9.1e-05,8e-05,0.000488,0.059475,0.000206,0.041831,0.032693,0.000216,9.8e-05,0.004275,61.23,17.36,0.0073,7e-06,60.0
har_31_21,HAR_0031_2p_ab_h3h5h7_cond31,har_sim_31,31,AB,A,test,Harmonics,1,SCENARIO_CONTROLLER,0.581787,0.827161,1.421759,7.9903,0.0,60.0,60.0198,21.95,0.820131,0.000356,0.048971,3.4e-05,0.034234,0.000257,0.026909,0.000106,0.000149,2.8e-05,1.9e-05,0.000434,0.059711,4.1e-05,0.041742,0.032811,0.000182,2.3e-05,0.004294,61.23,17.35,0.0073,6e-06,60.0
har_31_22,HAR_0031_2p_ab_h3h5h7_cond31,har_sim_31,31,AB,A,test,Harmonics,1,SCENARIO_CONTROLLER,0.581647,0.827161,1.422101,7.9717,0.0,60.0,60.0198,21.94,0.819945,0.000298,0.048835,0.000117,0.034202,0.000178,0.02679,0.000258,0.000294,9e-05,6.9e-05,0.000363,0.059559,0.000143,0.041713,0.032673,0.000359,8.4e-05,0.004273,61.23,17.36,0.0073,8e-06,60.0
har_31_23,HAR_0031_2p_ab_h3h5h7_cond31,har_sim_31,31,AB,A,test,Harmonics,1,SCENARIO_CONTROLLER,0.581807,0.827161,1.421709,7.9823,0.0,60.0,60.0191,21.95,0.820165,0.000157,0.048897,5.4e-05,0.034229,8.2e-05,0.026898,0.000144,0.000128,7.8e-05,2.5e-05,0.000191,0.059618,6.6e-05,0.041734,0.032796,0.000156,3e-05,0.004286,61.23,17.35,0.0073,6e-06,60.0
har_31_24,HAR_0031_2p_ab_h3h5h7_cond31,har_sim_31,31,AB,A,test,Harmonics,1,SCENARIO_CONTROLLER,0.581733,0.827161,1.42189,8.0006,0.0,60.0,60.0191,21.94,0.820048,0.000298,0.04904,7.6e-05,0.034295,7.9e-05,0.026897,0.000105,0.000193,2.2e-05,5.2e-05,0.000363,0.059801,9.3e-05,0.041821,0.032799,0.000235,6.3e-05,0.004305,61.24,17.37,0.0073,6e-06,60.0
har_31_25,HAR_0031_2p_ab_h3h5h7_cond31,har_sim_31,31,AB,A,test,Harmonics,1,SCENARIO_CONTROLLER,0.581632,0.827161,1.422137,7.9746,0.0,60.0,60.0197,21.94,0.819923,0.000445,0.048688,0.000261,0.034359,0.000255,0.02691,7.9e-05,0.000176,6.9e-05,7.7e-05,0.000543,0.059381,0.000318,0.041905,0.03282,0.000215,9.4e-05,0.004276,61.23,17.38,0.0073,7e-06,60.0
har_31_26,HAR_0031_2p_ab_h3h5h7_cond31,har_sim_31,31,AB,A,test,Harmonics,1,SCENARIO_CONTROLLER,0.581807,0.827161,1.42171,7.9857,0.0,60.0,60.0197,21.95,0.820161,0.000281,0.048919,4.8e-05,0.034234,0.00026,0.026919,0.000103,0.000169,1.1e-05,1.6e-05,0.000343,0.059646,5.9e-05,0.041741,0.032822,0.000206,2e-05,0.00429,61.23,17.36,0.0073,6e-06,60.0
har_31_27,HAR_0031_2p_ab_h3h5h7_cond31,har_sim_31,31,AB,A,test,Harmonics,1,SCENARIO_CONTROLLER,0.581708,0.827161,1.421953,8.0026,0.0,60.0,60.0197,21.95,0.82001,0.000368,0.049037,0.000129,0.034296,0.000242,0.026934,0.000119,0.000209,3.2e-05,3.2e-05,0.000449,0.0598,0.000157,0.041824,0.032846,0.000255,3.9e-05,0.004307,61.24,17.39,0.0073,6e-06,60.0
har_31_28,HAR_0031_2p_ab_h3h5h7_cond31,har_sim_31,31,AB,A,test,Harmonics,1,SCENARIO_CONTROLLER,0.581651,0.827161,1.422091,7.9761,0.0,60.0,60.019,21.95,0.819948,0.000203,0.048633,0.000209,0.03442,0.000158,0.026967,8.9e-05,0.000183,4.1e-05,3.9e-05,0.000248,0.059312,0.000255,0.041978,0.032889,0.000223,4.8e-05,0.004277,61.24,17.41,0.0073,7e-06,60.0
har_31_29,HAR_0031_2p_ab_h3h5h7_cond31,har_sim_31,31,AB,A,test,Harmonics,1,SCENARIO_CONTROLLER,0.581803,0.827161,1.421719,7.9844,0.0,60.0,60.019,21.95,0.820157,0.000213,0.048904,5.2e-05,0.034205,2.4e-05,0.026957,8.4e-05,0.000161,3.4e-05,3.5e-05,0.00026,0.059628,6.3e-05,0.041705,0.032868,0.000196,4.3e-05,0.004288,61.23,17.37,0.0073,6e-06,60.0
har_31_30,HAR_0031_2p_ab_h3h5h7_cond31,har_sim_31,31,AB,A,test,Harmonics,1,SCENARIO_CONTROLLER,0.581684,0.827161,1.422012,7.9983,0.0,60.0,60.019,21.94,0.819979,0.00039,0.049016,6.8e-05,0.034247,4.1e-05,0.026944,0.000108,0.000144,4.2e-05,5.2e-05,0.000476,0.059777,8.3e-05,0.041766,0.032859,0.000176,6.3e-05,0.004302,61.24,17.4,0.0073,6e-06,60.0
har_31_31,HAR_0031_2p_ab_h3h5h7_cond31,har_sim_31,31,AB,A,test,Harmonics,1,SCENARIO_CONTROLLER,0.581693,0.827161,1.421988,7.972,0.0,60.0,60.0207,21.95,0.82001,0.00039,0.048699,0.000269,0.03436,0.000117,0.026856,7e-05,0.000228,0.000109,5.5e-05,0.000476,0.059388,0.000328,0.041902,0.032751,0.000278,6.7e-05,0.004274,61.23,17.37,0.0073,7e-06,60.0
har_31_32,HAR_0031_2p_ab_h3h5h7_cond31,har_sim_31,31,AB,A,test,Harmonics,1,SCENARIO_CONTROLLER,0.581774,0.827161,1.421791,7.9867,0.0,60.0,60.0207,21.95,0.820114,0.000312,0.048926,3.7e-05,0.034217,0.000282,0.026938,2e-05,0.000166,3.5e-05,1.7e-05,0.00038,0.059658,4.5e-05,0.041722,0.032847,0.000202,2.1e-05,0.00429,61.23,17.36,0.0073,6e-06,60.0
har_32_01,HAR_0032_2p_ab_full_odd_cond32,har_sim_32,32,AB,A,val,Harmonics,1,SCENARIO_CONTROLLER,0.590675,0.830866,1.406639,7.2227,0.0,60.0,59.9573,22.54,0.832946,0.000572,0.044403,9.5e-05,0.031922,0.000258,0.025074,4.8e-05,0.012329,0.000164,0.007295,0.000687,0.053308,0.000114,0.038324,0.030103,0.014802,0.008758,0.003825,61.18,18.28,0.007,1e-05,60.0
har_32_02,HAR_0032_2p_ab_full_odd_cond32,har_sim_32,32,AB,A,val,Harmonics,1,SCENARIO_CONTROLLER,0.590785,0.830866,1.406376,7.204,0.0,60.0,59.9573,22.54,0.833113,0.000699,0.044355,0.000268,0.031682,0.000122,0.025119,8.2e-05,0.012274,6.4e-05,0.007378,0.000839,0.05324,0.000322,0.038028,0.030151,0.014733,0.008856,0.003808,61.18,18.25,0.007,1e-05,60.0
har_32_03,HAR_0032_2p_ab_full_odd_cond32,har_sim_32,32,AB,A,val,Harmonics,1,SCENARIO_CONTROLLER,0.590931,0.830866,1.406029,7.2466,0.0,60.0,59.9595,22.56,0.833293,0.000631,0.044886,0.000445,0.031747,0.00031,0.024975,2.4e-05,0.012315,5.5e-05,0.007397,0.000757,0.053866,0.000534,0.038098,0.029971,0.014779,0.008877,0.003853,61.19,18.33,0.007,1.2e-05,60.0
har_32_04,HAR_0032_2p_ab_full_odd_cond32,har_sim_32,32,AB,A,val,Harmonics,1,SCENARIO_CONTROLLER,0.590587,0.830866,1.406847,7.2259,0.0,60.0,59.9595,22.54,0.832821,0.000382,0.044446,0.000114,0.031863,0.000193,0.025116,0.000197,0.012262,0.000104,0.007358,0.000459,0.053368,0.000137,0.038259,0.030158,0.014723,0.008835,0.003826,61.18,18.26,0.007,1e-05,60.0
har_32_05,HAR_0032_2p_ab_full_odd_cond32,har_sim_32,32,AB,A,val,Harmonics,1,SCENARIO_CONTROLLER,0.590801,0.830866,1.406338,7.2055,0.0,60.0,59.9595,22.56,0.833136,0.000647,0.044375,0.000319,0.031699,0.00015,0.025097,0.000203,0.012225,5.2e-05,0.007338,0.000777,0.053263,0.000383,0.038048,0.030124,0.014673,0.008808,0.003808,61.17,18.22,0.007,1e-05,60.0
har_32_06,HAR_0032_2p_ab_full_odd_cond32,har_sim_32,32,AB,A,val,Harmonics,1,SCENARIO_CONTROLLER,0.590843,0.830866,1.406238,7.2332,0.0,60.0,59.9575,22.55,0.833176,0.000704,0.04465,0.000378,0.031685,4.6e-05,0.025187,0.000147,0.012392,0.000214,0.007217,0.000845,0.05359,0.000454,0.038029,0.03023,0.014873,0.008662,0.003838,61.18,18.32,0.007,1.2e-05,60.0
har_32_07,HAR_0032_2p_ab_full_odd_cond32,har_sim_32,32,AB,A,val,Harmonics,1,SCENARIO_CONTROLLER,0.590606,0.830866,1.406803,7.2259,0.0,60.0,59.9575,22.54,0.832847,0.000499,0.044424,0.000104,0.03187,0.000151,0.02515,0.000158,0.012209,5.6e-05,0.007382,0.000599,0.05334,0.000125,0.038266,0.030198,0.014659,0.008864,0.003826,61.18,18.28,0.007,9e-06,60.0
har_32_08,HAR_0032_2p_ab_full_odd_cond32,har_sim_32,32,AB,A,val,Harmonics,1,SCENARIO_CONTROLLER,0.590907,0.830866,1.406085,7.2535,0.0,60.0,59.9575,22.57,0.833252,0.000663,0.044647,0.000283,0.031943,0.000119,0.025284,0.00021,0.012412,0.000141,0.007561,0.000796,0.053582,0.00034,0.038335,0.030344,0.014896,0.009074,0.003865,61.2,18.59,0.007,1.6e-05,60.0
har_32_09,HAR_0032_2p_ab_full_odd_cond32,har_sim_32,32,AB,A,val,Harmonics,1,SCENARIO_CONTROLLER,0.590756,0.830866,1.406446,7.2246,0.0,60.0,59.9588,22.55,0.83306,0.000561,0.044482,0.000189,0.03183,0.000167,0.025108,0.000231,0.01221,0.000129,0.007392,0.000673,0.053396,0.000227,0.038209,0.030139,0.014657,0.008873,0.003826,61.18,18.28,0.007,1.1e-05,60.0
har_32_10,HAR_0032_2p_ab_full_odd_cond32,har_sim_32,32,AB,A,val,Harmonics,1,SCENARIO_CONTROLLER,0.590668,0.830866,1.406655,7.2221,0.0,60.0,59.9588,22.54,0.832938,0.000502,0.044381,0.000149,0.03184,0.00013,0.025204,0.000283,0.012172,0.000104,0.007328,0.000603,0.053282,0.000179,0.038226,0.030259,0.014613,0.008798,0.003821,61.18,18.26,0.007,9e-06,60.0
har_32_11,HAR_0032_2p_ab_full_odd_cond32,har_sim_32,32,AB,A,val,Harmonics,1,SCENARIO_CONTROLLER,0.590977,0.830866,1.405919,7.2826,0.0,60.0,59.9577,22.56,0.833336,0.000683,0.044971,0.000297,0.0321,0.000398,0.025106,0.000213,0.012371,0.00021,0.007272,0.00082,0.053965,0.000356,0.03852,0.030127,0.014845,0.008726,0.00389,61.2,18.48,0.0071,1.6e-05,60.0
har_32_12,HAR_0032_2p_ab_full_odd_cond32,har_sim_32,32,AB,A,val,Harmonics,1,SCENARIO_CONTROLLER,0.590688,0.830866,1.406608,7.2233,0.0,60.0,59.9574,22.54,0.832964,0.000597,0.04444,0.000172,0.031935,0.000314,0.025007,7.9e-05,0.012273,9.8e-05,0.007348,0.000717,0.053352,0.000206,0.038339,0.030022,0.014734,0.008822,0.003825,61.18,18.24,0.007,1e-05,60.0
har_32_13,HAR_0032_2p_ab_full_odd_cond32,har_sim_32,32,AB,A,val,Harmonics,1,SCENARIO_CONTROLLER,0.590766,0.830866,1.406421,7.2084,0.0,60.0,59.9574,22.54,0.833083,0.00069,0.044339,0.000183,0.031766,0.000122,0.025124,0.000137,0.012255,3.3e-05,0.007425,0.000828,0.053223,0.00022,0.038131,0.030158,0.01471,0.008913,0.003812,61.18,18.27,0.007,1e-05,60.0
har_32_14,HAR_0032_2p_ab_full_odd_cond32,har_sim_32,32,AB,A,val,Harmonics,1,SCENARIO_CONTROLLER,0.590976,0.830866,1.405921,7.2597,0.0,60.0,59.9578,22.56,0.833349,0.000595,0.044963,0.000461,0.031934,0.000364,0.024873,0.000158,0.012172,0.00013,0.007416,0.000714,0.053955,0.000553,0.03832,0.029847,0.014606,0.008899,0.003864,61.19,18.29,0.007,1.2e-05,60.0
har_32_15,HAR_0032_2p_ab_full_odd_cond32,har_sim_32,32,AB,A,val,Harmonics,1,SCENARIO_CONTROLLER,0.590655,0.830866,1.406686,7.2243,0.0,60.0,59.9578,22.54,0.832916,0.000407,0.04442,8.1e-05,0.031943,0.000184,0.025045,0.000148,0.012273,0.000205,0.007371,0.000489,0.053331,9.7e-05,0.038351,0.030069,0.014735,0.00885,0.003826,61.18,18.27,0.007,1e-05,60.0
har_32_16,HAR_0032_2p_ab_full_odd_cond32,har_sim_32,32,AB,A,val,Harmonics,1,SCENARIO_CONTROLLER,0.590818,0.830866,1.406297,7.204,0.0,60.0,59.9578,22.55,0.833159,0.000621,0.044362,0.000305,0.031742,0.000103,0.025038,0.000162,0.012212,0.000102,0.007395,0.000745,0.053246,0.000366,0.038098,0.030052,0.014657,0.008876,0.003807,61.17,18.22,0.007,1e-05,60.0
har_32_17,HAR_0032_2p_ab_full_odd_cond32,har_sim_32,32,AB,A,val,Harmonics,1,SCENARIO_CONTROLLER,0.590926,0.830866,1.406041,7.2433,0.0,60.0,59.9602,22.55,0.833286,0.000733,0.044796,0.000394,0.031761,0.000164,0.025052,0.000111,0.01239,0.000164,0.007341,0.00088,0.053758,0.000473,0.038115,0.030064,0.014869,0.00881,0.003851,61.19,18.36,0.007,1.2e-05,60.0
har_32_18,HAR_0032_2p_ab_full_odd_cond32,har_sim_32,32,AB,A,val,Harmonics,1,SCENARIO_CONTROLLER,0.59062,0.830866,1.406768,7.2304,0.0,60.0,59.9602,22.54,0.832864,0.000479,0.044463,0.0001,0.031929,0.000184,0.025099,0.000135,0.012224,4.4e-05,0.007403,0.000575,0.053386,0.00012,0.038336,0.030136,0.014677,0.008889,0.003831,61.18,18.27,0.007,1e-05,60.0
har_32_19,HAR_0032_2p_ab_full_odd_cond32,har_sim_32,32,AB,A,val,Harmonics,1,SCENARIO_CONTROLLER,0.590876,0.830866,1.406161,7.2246,0.0,60.0,59.9602,22.57,0.833226,0.000695,0.044483,0.000284,0.031842,0.000191,0.025122,0.000148,0.012253,1.6e-05,0.007482,0.000834,0.053386,0.000341,0.038215,0.03015,0.014705,0.00898,0.003831,61.18,18.37,0.007,1.2e-05,60.0
har_32_20,HAR_0032_2p_ab_full_odd_cond32,har_sim_32,32,AB,A,val,Harmonics,1,SCENARIO_CONTROLLER,0.590838,0.830866,1.406251,7.2332,0.0,60.0,59.9594,22.55,0.833168,0.000567,0.044575,0.000298,0.031811,4.3e-05,0.02516,0.000255,0.012303,0.000256,0.00737,0.000681,0.053501,0.000358,0.038181,0.030198,0.014767,0.008846,0.003838,61.18,18.33,0.007,1.2e-05,60.0
har_32_21,HAR_0032_2p_ab_full_odd_cond32,har_sim_32,32,AB,A,val,Harmonics,1,SCENARIO_CONTROLLER,0.590665,0.830866,1.406663,7.2284,0.0,60.0,59.9594,22.54,0.832928,0.000445,0.044411,6.8e-05,0.031957,0.000148,0.025126,0.000264,0.012199,0.000141,0.007425,0.000534,0.053319,8.2e-05,0.038367,0.030166,0.014646,0.008914,0.003829,61.18,18.28,0.007,1e-05,60.0
har_32_22,HAR_0032_2p_ab_full_odd_cond32,har_sim_32,32,AB,A,val,Harmonics,1,SCENARIO_CONTROLLER,0.590987,0.830866,1.405896,7.2797,0.0,60.0,59.9594,22.55,0.833346,0.000668,0.044827,0.000254,0.032159,0.000279,0.025231,0.000262,0.012512,0.000184,0.007524,0.000802,0.053792,0.000305,0.03859,0.030277,0.015014,0.009029,0.003894,61.21,18.69,0.0071,1.8e-05,60.0
har_32_23,HAR_0032_2p_ab_full_odd_cond32,har_sim_32,32,AB,A,val,Harmonics,1,SCENARIO_CONTROLLER,0.590747,0.830866,1.406466,7.2259,0.0,60.0,59.9606,22.54,0.833045,0.000618,0.044439,0.000163,0.031993,0.000286,0.025002,0.000101,0.012249,4.3e-05,0.00742,0.000742,0.053345,0.000196,0.038405,0.030013,0.014704,0.008907,0.003829,61.18,18.27,0.007,1.1e-05,60.0
har_32_24,HAR_0032_2p_ab_full_odd_cond32,har_sim_32,32,AB,A,val,Harmonics,1,SCENARIO_CONTROLLER,0.590718,0.830866,1.406536,7.2209,0.0,60.0,59.9606,22.54,0.833007,0.000592,0.044366,0.000189,0.031878,4.9e-05,0.02517,0.000201,0.01221,4.1e-05,0.007382,0.000711,0.05326,0.000227,0.038269,0.030216,0.014658,0.008862,0.003822,61.18,18.29,0.007,1e-05,60.0
har_32_25,HAR_0032_2p_ab_full_odd_cond32,har_sim_32,32,AB,A,val,Harmonics,1,SCENARIO_CONTROLLER,0.590995,0.830866,1.405876,7.2791,0.0,60.0,59.9611,22.55,0.833365,0.000647,0.045019,0.000362,0.03211,0.000396,0.024941,0.000216,0.012215,0.000265,0.007321,0.000776,0.054021,0.000434,0.038531,0.029928,0.014657,0.008785,0.003883,61.19,18.37,0.0071,1.4e-05,60.0
har_32_26,HAR_0032_2p_ab_full_odd_cond32,har_sim_32,32,AB,A,val,Harmonics,1,SCENARIO_CONTROLLER,0.590693,0.830866,1.406595,7.2301,0.0,60.0,59.9611,22.53,0.832966,0.000502,0.044459,0.000112,0.032004,0.000237,0.025021,0.000103,0.012312,0.000262,0.007372,0.000603,0.053374,0.000134,0.038422,0.030038,0.014781,0.00885,0.003833,61.18,18.28,0.007,1e-05,60.0
har_32_27,HAR_0032_2p_ab_full_odd_cond32,har_sim_32,32,AB,A,val,Harmonics,1,SCENARIO_CONTROLLER,0.590807,0.830866,1.406324,7.2105,0.0,60.0,59.9611,22.54,0.833138,0.000637,0.044398,0.00023,0.031782,9.5e-05,0.02505,0.00011,0.012288,0.000174,0.007457,0.000765,0.05329,0.000276,0.038147,0.030067,0.014749,0.00895,0.003816,61.18,18.26,0.007,1e-05,60.0
har_32_28,HAR_0032_2p_ab_full_odd_cond32,har_sim_32,32,AB,A,val,Harmonics,1,SCENARIO_CONTROLLER,0.590967,0.830866,1.405942,7.2574,0.0,60.0,59.961,22.54,0.833336,0.000661,0.044956,0.000456,0.031876,0.000284,0.02491,5.5e-05,0.012313,0.000125,0.007483,0.000793,0.053947,0.000547,0.038251,0.029892,0.014776,0.00898,0.003866,61.19,18.35,0.007,1.2e-05,60.0
har_32_29,HAR_0032_2p_ab_full_odd_cond32,har_sim_32,32,AB,A,val,Harmonics,1,SCENARIO_CONTROLLER,0.590633,0.830866,1.406738,7.2333,0.0,60.0,59.961,22.53,0.83288,0.000469,0.044476,9.7e-05,0.031976,0.000177,0.025075,0.00016,0.012286,7.4e-05,0.007427,0.000563,0.0534,0.000116,0.038392,0.030106,0.014751,0.008917,0.003836,61.18,18.29,0.007,9e-06,60.0
har_32_30,HAR_0032_2p_ab_full_odd_cond32,har_sim_32,32,AB,A,val,Harmonics,1,SCENARIO_CONTROLLER,0.590844,0.830866,1.406236,7.2154,0.0,60.0,59.961,22.55,0.833189,0.000714,0.044408,0.000292,0.031833,0.000168,0.025074,0.000196,0.012221,0.00011,0.007392,0.000857,0.053299,0.00035,0.038206,0.030094,0.014668,0.008872,0.003819,61.18,18.25,0.007,1e-05,60.0
har_32_31,HAR_0032_2p_ab_full_odd_cond32,har_sim_32,32,AB,A,val,Harmonics,1,SCENARIO_CONTROLLER,0.590896,0.830866,1.406112,7.2465,0.0,60.0,59.9635,22.54,0.833242,0.000628,0.044702,0.000379,0.031825,5.7e-05,0.025195,0.000169,0.012431,0.000365,0.00727,0.000754,0.053648,0.000455,0.038194,0.030237,0.014919,0.008725,0.003854,61.19,18.37,0.007,1.1e-05,60.0
har_32_32,HAR_0032_2p_ab_full_odd_cond32,har_sim_32,32,AB,A,val,Harmonics,1,SCENARIO_CONTROLLER,0.590631,0.830866,1.406743,7.239,0.0,60.0,59.9635,22.53,0.832874,0.000381,0.044467,0.000111,0.032005,0.000127,0.025169,0.000163,0.012247,0.000181,0.007422,0.000457,0.05339,0.000133,0.038427,0.030219,0.014705,0.008911,0.00384,61.19,18.31,0.007,9e-06,60.0
har_33_01,HAR_0033_2p_bc_h3h5h7_cond01,har_sim_33,1,BC,B,train,Harmonics,1,SCENARIO_CONTROLLER,0.593925,0.841843,1.417423,8.9496,0.0,60.0,60.002,20.96,0.836591,0.000108,0.053053,4.5e-05,0.040195,0.000104,0.034285,0.000114,0.000181,9.6e-05,8.5e-05,0.000129,0.063416,5.4e-05,0.048046,0.040982,0.000216,0.000102,0.005606,61.64,20.39,0.0088,4e-06,60.0
har_33_02,HAR_0033_2p_bc_h3h5h7_cond01,har_sim_33,1,BC,B,train,Harmonics,1,SCENARIO_CONTROLLER,0.593926,0.841843,1.417421,8.9492,0.0,60.0,60.0017,20.96,0.836592,0.000109,0.053052,4.6e-05,0.040192,0.000107,0.034284,0.000118,0.000185,0.000106,9.3e-05,0.00013,0.063414,5.5e-05,0.048043,0.040981,0.000221,0.000111,0.005605,61.64,20.39,0.0088,4e-06,60.0
har_33_03,HAR_0033_2p_bc_h3h5h7_cond01,har_sim_33,1,BC,B,train,Harmonics,1,SCENARIO_CONTROLLER,0.593925,0.841843,1.417424,8.9491,0.0,60.0,60.0017,20.96,0.83659,0.000104,0.05305,4.1e-05,0.040199,9.7e-05,0.034277,0.00012,0.000164,8.7e-05,9.6e-05,0.000124,0.063412,4.9e-05,0.048051,0.040972,0.000196,0.000115,0.005605,61.64,20.39,0.0088,4e-06,60.0
har_33_04,HAR_0033_2p_bc_h3h5h7_cond01,har_sim_33,1,BC,B,train,Harmonics,1,SCENARIO_CONTROLLER,0.593923,0.841843,1.417428,8.9497,0.0,60.0,60.0017,20.96,0.836588,9.6e-05,0.053054,5e-05,0.040202,8.8e-05,0.034277,0.000133,0.000144,8.3e-05,0.000112,0.000115,0.063417,6e-05,0.048055,0.040972,0.000172,0.000134,0.005606,61.64,20.38,0.0088,4e-06,60.0
har_33_05,HAR_0033_2p_bc_h3h5h7_cond01,har_sim_33,1,BC,B,train,Harmonics,1,SCENARIO_CONTROLLER,0.593929,0.841843,1.417414,8.9513,0.0,60.0,59.9992,20.96,0.836595,0.000109,0.053048,7.3e-05,0.04022,8.3e-05,0.034295,0.000146,0.000159,8.8e-05,0.000104,0.00013,0.063409,8.7e-05,0.048076,0.040994,0.00019,0.000124,0.005608,61.64,20.39,0.0088,4e-06,60.0
har_33_06,HAR_0033_2p_bc_h3h5h7_cond01,har_sim_33,1,BC,B,train,Harmonics,1,SCENARIO_CONTROLLER,0.593924,0.841843,1.417425,8.9508,0.0,60.0,59.9992,20.96,0.836589,0.000106,0.053032,8.6e-05,0.040231,8.7e-05,0.034296,0.000142,0.000156,9.5e-05,8.5e-05,0.000127,0.063391,0.000103,0.048089,0.040995,0.000186,0.000102,0.005607,61.64,20.39,0.0088,4e-06,60.0
har_33_07,HAR_0033_2p_bc_h3h5h7_cond01,har_sim_33,1,BC,B,train,Harmonics,1,SCENARIO_CONTROLLER,0.593911,0.841843,1.417457,8.9489,0.0,60.0,59.9992,20.96,0.836571,0.0001,0.053028,9.8e-05,0.040216,8.8e-05,0.034283,0.000153,0.000155,9.3e-05,9e-05,0.00012,0.063387,0.000117,0.048072,0.04098,0.000185,0.000108,0.005605,61.64,20.39,0.0088,4e-06,60.0
har_33_08,HAR_0033_2p_bc_h3h5h7_cond01,har_sim_33,1,BC,B,train,Harmonics,1,SCENARIO_CONTROLLER,0.593901,0.841843,1.41748,8.9468,0.0,60.0,59.9981,20.96,0.836559,9.1e-05,0.053001,9.2e-05,0.040223,8.5e-05,0.034275,0.000147,0.000139,7e-05,7.7e-05,0.000109,0.063356,0.00011,0.048081,0.040971,0.000166,9.2e-05,0.005602,61.64,20.38,0.0088,4e-06,60.0
har_33_09,HAR_0033_2p_bc_h3h5h7_cond01,har_sim_33,1,BC,B,train,Harmonics,1,SCENARIO_CONTROLLER,0.593913,0.841843,1.417452,8.947,0.0,60.0,59.9981,20.96,0.836575,0.000103,0.053005,9.8e-05,0.040222,8.4e-05,0.034278,0.000157,0.000135,8.4e-05,0.0001,0.000123,0.06336,0.000117,0.048079,0.040974,0.000161,0.00012,0.005602,61.64,20.38,0.0088,4e-06,60.0
har_33_10,HAR_0033_2p_bc_h3h5h7_cond01,har_sim_33,1,BC,B,train,Harmonics,1,SCENARIO_CONTROLLER,0.593917,0.841843,1.417442,8.9455,0.0,60.0,59.9981,20.97,0.836582,0.000107,0.052998,9.2e-05,0.040212,9e-05,0.034273,0.000147,0.00014,7.8e-05,0.000103,0.000128,0.063351,0.00011,0.048067,0.040968,0.000167,0.000123,0.005601,61.64,20.38,0.0088,4e-06,60.0
har_33_11,HAR_0033_2p_bc_h3h5h7_cond01,har_sim_33,1,BC,B,train,Harmonics,1,SCENARIO_CONTROLLER,0.593911,0.841843,1.417456,8.9453,0.0,60.0,59.999,20.96,0.836574,0.000102,0.05299,9.6e-05,0.040219,9.7e-05,0.034271,0.000142,0.000138,8e-05,0.000103,0.000122,0.063342,0.000115,0.048076,0.040966,0.000165,0.000123,0.0056,61.64,20.38,0.0088,4e-06,60.0
har_33_12,HAR_0033_2p_bc_h3h5h7_cond01,har_sim_33,1,BC,B,train,Harmonics,1,SCENARIO_CONTROLLER,0.593912,0.841843,1.417453,8.945,0.0,60.0,59.999,20.96,0.836576,0.000101,0.052985,0.000102,0.04021,8.3e-05,0.034285,0.000126,0.000141,5.4e-05,0.000115,0.000121,0.063336,0.000122,0.048065,0.040983,0.000169,0.000137,0.0056,61.64,20.38,0.0088,4e-06,60.0
har_33_13,HAR_0033_2p_bc_h3h5h7_cond01,har_sim_33,1,BC,B,train,Harmonics,1,SCENARIO_CONTROLLER,0.59391,0.841843,1.417459,8.9411,0.0,60.0,60.0005,20.97,0.836575,0.0001,0.052977,0.000123,0.040181,0.0001,0.03426,0.000129,0.000136,5.8e-05,0.000101,0.00012,0.063326,0.000147,0.04803,0.040953,0.000163,0.000121,0.005595,61.63,20.37,0.0088,4e-06,60.0
har_33_14,HAR_0033_2p_bc_h3h5h7_cond01,har_sim_33,1,BC,B,train,Harmonics,1,SCENARIO_CONTROLLER,0.593926,0.841843,1.41742,8.9417,0.0,60.0,60.0005,20.97,0.836598,9.3e-05,0.052992,0.000116,0.040192,8e-05,0.03424,0.000144,0.000128,7.1e-05,0.000103,0.000111,0.063342,0.000139,0.048042,0.040928,0.000153,0.000123,0.005596,61.63,20.37,0.0088,4e-06,60.0
har_33_15,HAR_0033_2p_bc_h3h5h7_cond01,har_sim_33,1,BC,B,train,Harmonics,1,SCENARIO_CONTROLLER,0.593921,0.841448,1.416768,8.9441,0.0,60.0,60.0005,20.97,0.836588,9.7e-05,0.052997,0.000109,0.0402,0.000101,0.034265,0.000171,0.000138,9.1e-05,0.000109,0.000116,0.063349,0.00013,0.048052,0.040958,0.000165,0.00013,0.005599,61.63,20.37,0.0088,4e-06,60.0
har_33_16,HAR_0033_2p_bc_h3h5h7_cond01,har_sim_33,1,BC,B,train,Harmonics,1,SCENARIO_CONTROLLER,0.593914,0.841448,1.416785,8.9426,0.0,60.0,59.9999,20.97,0.836579,0.000104,0.052993,9.1e-05,0.040185,9.4e-05,0.034261,0.000179,0.000152,7.1e-05,0.000114,0.000124,0.063345,0.000109,0.048035,0.040954,0.000182,0.000136,0.005597,61.63,20.37,0.0088,4e-06,60.0
har_33_17,HAR_0033_2p_bc_h3h5h7_cond01,har_sim_33,1,BC,B,train,Harmonics,1,SCENARIO_CONTROLLER,0.593911,0.841448,1.416792,8.9427,0.0,60.0,59.9999,20.97,0.836576,0.000108,0.052995,8.9e-05,0.040181,9.8e-05,0.034262,0.000165,0.000156,5.6e-05,0.000132,0.000129,0.063348,0.000106,0.04803,0.040955,0.000186,0.000158,0.005597,61.63,20.37,0.0088,4e-06,60.0
har_33_18,HAR_0033_2p_bc_h3h5h7_cond01,har_sim_33,1,BC,B,train,Harmonics,1,SCENARIO_CONTROLLER,0.59392,0.841448,1.41677,8.9405,0.0,60.0,59.9999,20.97,0.83659,0.000121,0.052991,8.3e-05,0.040172,0.000122,0.03424,0.000183,0.00014,6.4e-05,0.000143,0.000145,0.063342,9.9e-05,0.048019,0.040928,0.000167,0.000171,0.005594,61.63,20.36,0.0088,4e-06,60.0
har_33_19,HAR_0033_2p_bc_h3h5h7_cond01,har_sim_33,1,BC,B,train,Harmonics,1,SCENARIO_CONTROLLER,0.593928,0.841448,1.416751,8.9408,0.0,60.0,60.0,20.97,0.836601,0.00012,0.052995,6.6e-05,0.040178,0.000121,0.034236,0.000177,0.000148,7.6e-05,0.000157,0.000143,0.063346,7.9e-05,0.048025,0.040923,0.000177,0.000188,0.005595,61.63,20.36,0.0088,4e-06,60.0
har_33_20,HAR_0033_2p_bc_h3h5h7_cond01,har_sim_33,1,BC,B,train,Harmonics,1,SCENARIO_CONTROLLER,0.593936,0.841448,1.416733,8.94,0.0,60.0,60.0,20.97,0.836612,0.000128,0.05298,7e-05,0.040205,0.000111,0.034215,0.000164,0.000158,8.1e-05,0.000163,0.000153,0.063327,8.4e-05,0.048057,0.040897,0.000189,0.000195,0.005594,61.63,20.35,0.0088,4e-06,60.0
har_33_21,HAR_0033_2p_bc_h3h5h7_cond01,har_sim_33,1,BC,B,train,Harmonics,1,SCENARIO_CONTROLLER,0.593937,0.841448,1.416729,8.941,0.0,60.0,60.0,20.97,0.836614,0.000114,0.05299,8.1e-05,0.040213,0.000103,0.034209,0.000161,0.000152,8.2e-05,0.000158,0.000136,0.063339,9.7e-05,0.048066,0.04089,0.000182,0.000189,0.005595,61.63,20.35,0.0088,4e-06,60.0
har_33_22,HAR_0033_2p_bc_h3h5h7_cond01,har_sim_33,1,BC,B,train,Harmonics,1,SCENARIO_CONTROLLER,0.593945,0.841448,1.416711,8.9418,0.0,60.0,59.9968,20.97,0.836624,0.000104,0.053004,8.5e-05,0.040204,9.8e-05,0.034215,0.000157,0.000141,9.2e-05,0.000147,0.000124,0.063355,0.000102,0.048055,0.040897,0.000169,0.000176,0.005597,61.63,20.36,0.0088,4e-06,60.0
har_33_23,HAR_0033_2p_bc_h3h5h7_cond01,har_sim_33,1,BC,B,train,Harmonics,1,SCENARIO_CONTROLLER,0.593944,0.841448,1.416712,8.9424,0.0,60.0,59.9968,20.97,0.836623,0.000103,0.053016,8e-05,0.040198,0.000104,0.034213,0.000162,0.000141,0.000104,0.000129,0.000123,0.063369,9.6e-05,0.048048,0.040894,0.000169,0.000154,0.005597,61.63,20.36,0.0088,4e-06,60.0
har_33_24,HAR_0033_2p_bc_h3h5h7_cond01,har_sim_33,1,BC,B,train,Harmonics,1,SCENARIO_CONTROLLER,0.593935,0.841448,1.416735,8.9429,0.0,60.0,59.9984,20.97,0.836609,9.5e-05,0.053018,7.7e-05,0.0402,0.0001,0.034214,0.000166,0.000135,0.000106,0.000141,0.000114,0.063372,9.2e-05,0.048051,0.040896,0.000161,0.000169,0.005598,61.63,20.36,0.0088,4e-06,60.0
har_33_25,HAR_0033_2p_bc_h3h5h7_cond01,har_sim_33,1,BC,B,train,Harmonics,1,SCENARIO_CONTROLLER,0.593942,0.841448,1.416717,8.9436,0.0,60.0,60.0019,20.97,0.836619,9.3e-05,0.053021,7.5e-05,0.040207,8.9e-05,0.034217,0.000176,0.000128,0.000103,0.000141,0.000111,0.063375,9e-05,0.048059,0.040899,0.000153,0.000169,0.005599,61.63,20.36,0.0088,4e-06,60.0
har_33_26,HAR_0033_2p_bc_h3h5h7_cond01,har_sim_33,1,BC,B,train,Harmonics,1,SCENARIO_CONTROLLER,0.593947,0.841448,1.416706,8.9437,0.0,60.0,60.0019,20.97,0.836625,0.0001,0.053022,8.4e-05,0.040218,8.5e-05,0.034203,0.000161,0.000134,9.6e-05,0.000127,0.00012,0.063376,0.0001,0.048072,0.040882,0.00016,0.000152,0.005599,61.63,20.36,0.0088,4e-06,60.0
har_33_27,HAR_0033_2p_bc_h3h5h7_cond01,har_sim_33,1,BC,B,train,Harmonics,1,SCENARIO_CONTROLLER,0.593944,0.841448,1.416713,8.9449,0.0,60.0,59.9992,20.97,0.836621,9.3e-05,0.053035,9.2e-05,0.040217,8.9e-05,0.034208,0.000164,0.000151,7.2e-05,0.000143,0.000111,0.063392,0.00011,0.048071,0.040888,0.00018,0.000171,0.0056,61.63,20.36,0.0088,4e-06,60.0
har_33_28,HAR_0033_2p_bc_h3h5h7_cond01,har_sim_33,1,BC,B,train,Harmonics,1,SCENARIO_CONTROLLER,0.593942,0.841448,1.416718,8.9455,0.0,60.0,59.9992,20.96,0.836617,8.9e-05,0.053031,6.6e-05,0.040211,0.000107,0.034229,0.000156,0.000142,7.5e-05,0.000145,0.000106,0.063387,7.9e-05,0.048064,0.040914,0.00017,0.000173,0.005601,61.63,20.37,0.0088,4e-06,60.0
har_33_29,HAR_0033_2p_bc_h3h5h7_cond01,har_sim_33,1,BC,B,train,Harmonics,1,SCENARIO_CONTROLLER,0.593934,0.841448,1.416737,8.9474,0.0,60.0,59.9992,20.96,0.836605,7.4e-05,0.053042,4.7e-05,0.040228,9.7e-05,0.034226,0.000169,0.000135,0.0001,0.000159,8.8e-05,0.063401,5.6e-05,0.048085,0.040911,0.000161,0.00019,0.005603,61.63,20.37,0.0088,4e-06,60.0
har_33_30,HAR_0033_2p_bc_h3h5h7_cond01,har_sim_33,1,BC,B,train,Harmonics,1,SCENARIO_CONTROLLER,0.593935,0.841448,1.416733,8.9467,0.0,60.0,59.9965,20.96,0.836607,0.0001,0.053064,4.6e-05,0.040208,0.000124,0.034203,0.000176,0.000124,7.9e-05,0.000141,0.00012,0.063428,5.5e-05,0.048061,0.040883,0.000148,0.000169,0.005602,61.63,20.37,0.0088,4e-06,60.0
har_33_31,HAR_0033_2p_bc_h3h5h7_cond01,har_sim_33,1,BC,B,train,Harmonics,1,SCENARIO_CONTROLLER,0.593921,0.841448,1.416769,8.9454,0.0,60.0,59.9965,20.96,0.836587,9.1e-05,0.053032,5.7e-05,0.040235,0.000108,0.034193,0.000195,0.000115,7.6e-05,0.00015,0.000109,0.063391,6.8e-05,0.048094,0.040872,0.000137,0.000179,0.005601,61.63,20.36,0.0088,4e-06,60.0
har_33_32,HAR_0033_2p_bc_h3h5h7_cond01,har_sim_33,1,BC,B,train,Harmonics,1,SCENARIO_CONTROLLER,0.593924,0.841448,1.416759,8.942,0.0,60.0,59.9965,20.97,0.836595,0.000101,0.053017,3.9e-05,0.040217,8.9e-05,0.034176,0.00018,0.000104,7.5e-05,0.000157,0.000121,0.063372,4.7e-05,0.048072,0.040851,0.000124,0.000188,0.005596,61.63,20.35,0.0088,4e-06,60.0
har_34_01,HAR_0034_2p_bc_even_odd_cond05,har_sim_34,5,BC,B,train,Harmonics,1,SCENARIO_CONTROLLER,0.578722,0.795527,1.374626,7.8414,0.0,60.0,59.9846,21.85,0.815792,0.01507,0.046031,4.6e-05,0.034495,3.9e-05,0.027989,5.8e-05,2.1e-05,4.3e-05,6.5e-05,0.018473,0.056425,5.6e-05,0.042284,0.034309,2.6e-05,8e-05,0.004319,61.25,17.65,0.0075,4e-06,60.0
har_34_02,HAR_0034_2p_bc_even_odd_cond05,har_sim_34,5,BC,B,train,Harmonics,1,SCENARIO_CONTROLLER,0.578722,0.795527,1.374627,7.8403,0.0,60.0,60.0154,21.85,0.815791,0.015085,0.046027,5.3e-05,0.034488,4.1e-05,0.027984,5.5e-05,3.2e-05,3.6e-05,5.2e-05,0.018491,0.05642,6.5e-05,0.042276,0.034303,3.9e-05,6.4e-05,0.004319,61.25,17.65,0.0075,4e-06,60.0
har_34_03,HAR_0034_2p_bc_even_odd_cond05,har_sim_34,5,BC,B,train,Harmonics,1,SCENARIO_CONTROLLER,0.578715,0.795527,1.374643,7.8405,0.0,60.0,60.0154,21.86,0.815782,0.015091,0.046022,5.7e-05,0.034486,5.2e-05,0.027996,4.5e-05,3.4e-05,3.1e-05,5.7e-05,0.018499,0.056415,7e-05,0.042274,0.034318,4.2e-05,7e-05,0.004319,61.25,17.65,0.0075,4e-06,60.0
har_34_04,HAR_0034_2p_bc_even_odd_cond05,har_sim_34,5,BC,B,train,Harmonics,1,SCENARIO_CONTROLLER,0.578712,0.795527,1.374651,7.8417,0.0,60.0,60.0154,21.86,0.815776,0.015099,0.04603,5.3e-05,0.034479,5.8e-05,0.028012,4.5e-05,1.5e-05,4.9e-05,6.5e-05,0.018509,0.056425,6.5e-05,0.042265,0.034338,1.8e-05,8e-05,0.00432,61.26,17.65,0.0075,4e-06,60.0
har_34_05,HAR_0034_2p_bc_even_odd_cond05,har_sim_34,5,BC,B,train,Harmonics,1,SCENARIO_CONTROLLER,0.578709,0.795527,1.374658,7.8389,0.0,60.0,59.9837,21.86,0.815774,0.015089,0.046025,4.6e-05,0.034464,8e-05,0.027987,1.6e-05,3.2e-05,6.7e-05,7.8e-05,0.018497,0.056419,5.6e-05,0.042247,0.034307,3.9e-05,9.6e-05,0.004317,61.25,17.64,0.0075,4e-06,60.0
har_34_06,HAR_0034_2p_bc_even_odd_cond05,har_sim_34,5,BC,B,train,Harmonics,1,SCENARIO_CONTROLLER,0.578703,0.795527,1.374672,7.8393,0.0,60.0,59.9837,21.85,0.815766,0.015082,0.046027,4.7e-05,0.034462,7.5e-05,0.027992,2.1e-05,3.7e-05,7.6e-05,8.5e-05,0.018488,0.056422,5.8e-05,0.042245,0.034314,4.5e-05,0.000104,0.004317,61.25,17.64,0.0075,4e-06,60.0
har_34_07,HAR_0034_2p_bc_even_odd_cond05,har_sim_34,5,BC,B,train,Harmonics,1,SCENARIO_CONTROLLER,0.578693,0.795527,1.374696,7.8384,0.0,60.0,59.9837,21.87,0.815752,0.015078,0.046037,4.1e-05,0.03446,8.4e-05,0.027959,4.2e-05,6e-05,9.1e-05,6.9e-05,0.018484,0.056435,5e-05,0.042243,0.034274,7.4e-05,8.5e-05,0.004316,61.25,17.63,0.0075,4e-06,60.0
har_34_08,HAR_0034_2p_bc_even_odd_cond05,har_sim_34,5,BC,B,train,Harmonics,1,SCENARIO_CONTROLLER,0.578698,0.795527,1.374684,7.8391,0.0,60.0,60.0149,21.87,0.815759,0.015074,0.04605,2.9e-05,0.034459,7.8e-05,0.027953,4.4e-05,5.7e-05,9.1e-05,7.2e-05,0.018478,0.05645,3.6e-05,0.042242,0.034266,7e-05,8.8e-05,0.004317,61.25,17.62,0.0075,4e-06,60.0
har_34_09,HAR_0034_2p_bc_even_odd_cond05,har_sim_34,5,BC,B,train,Harmonics,1,SCENARIO_CONTROLLER,0.578683,0.795527,1.374721,7.84,0.0,60.0,60.0149,21.86,0.815736,0.015092,0.046059,2.6e-05,0.034461,7.4e-05,0.027949,5.2e-05,4.9e-05,9.5e-05,6.8e-05,0.018501,0.056463,3.2e-05,0.042245,0.034262,6e-05,8.3e-05,0.004318,61.25,17.61,0.0075,4e-06,60.0
har_34_10,HAR_0034_2p_bc_even_odd_cond05,har_sim_34,5,BC,B,train,Harmonics,1,SCENARIO_CONTROLLER,0.578685,0.795527,1.374715,7.8389,0.0,60.0,60.0149,21.83,0.81574,0.015088,0.046056,1.6e-05,0.034449,8.2e-05,0.027948,5.7e-05,5e-05,8.4e-05,6.2e-05,0.018496,0.056459,2e-05,0.04223,0.034261,6.1e-05,7.6e-05,0.004317,61.25,17.61,0.0075,4e-06,60.0
har_34_11,HAR_0034_2p_bc_even_odd_cond05,har_sim_34,5,BC,B,train,Harmonics,1,SCENARIO_CONTROLLER,0.578681,0.795527,1.374724,7.8394,0.0,60.0,59.9845,21.85,0.815735,0.015081,0.046059,2.7e-05,0.034461,9.8e-05,0.027937,4.1e-05,3.9e-05,7.5e-05,4.8e-05,0.018488,0.056463,3.3e-05,0.042245,0.034248,4.8e-05,5.9e-05,0.004317,61.25,17.61,0.0075,4e-06,60.0
har_34_12,HAR_0034_2p_bc_even_odd_cond05,har_sim_34,5,BC,B,train,Harmonics,1,SCENARIO_CONTROLLER,0.578676,0.795487,1.374666,7.8398,0.0,60.0,59.9845,21.85,0.815728,0.015074,0.046064,3.2e-05,0.034456,9.4e-05,0.027941,4.4e-05,4.3e-05,7.7e-05,4.8e-05,0.018479,0.05647,3.9e-05,0.04224,0.034253,5.3e-05,5.9e-05,0.004317,61.25,17.61,0.0075,4e-06,60.0
har_34_13,HAR_0034_2p_bc_even_odd_cond05,har_sim_34,5,BC,B,train,Harmonics,1,SCENARIO_CONTROLLER,0.578683,0.795487,1.37465,7.8398,0.0,60.0,60.015,21.84,0.815737,0.015067,0.046073,3.4e-05,0.034453,9.7e-05,0.027932,5.2e-05,5.4e-05,7.9e-05,4.5e-05,0.01847,0.05648,4.2e-05,0.042235,0.034241,6.6e-05,5.5e-05,0.004317,61.25,17.61,0.0075,4e-06,60.0
har_34_14,HAR_0034_2p_bc_even_odd_cond05,har_sim_34,5,BC,B,train,Harmonics,1,SCENARIO_CONTROLLER,0.578678,0.795487,1.374661,7.839,0.0,60.0,60.015,21.87,0.815731,0.015064,0.046051,5.7e-05,0.034454,0.000112,0.02795,6.2e-05,6.8e-05,6.6e-05,3.4e-05,0.018467,0.056454,7e-05,0.042237,0.034264,8.3e-05,4.2e-05,0.004316,61.25,17.61,0.0075,4e-06,60.0
har_34_15,HAR_0034_2p_bc_even_odd_cond05,har_sim_34,5,BC,B,train,Harmonics,1,SCENARIO_CONTROLLER,0.578671,0.795487,1.374679,7.8396,0.0,60.0,60.015,21.86,0.81572,0.01507,0.046062,6.3e-05,0.034453,0.000113,0.027943,6.2e-05,6.5e-05,6.1e-05,3.2e-05,0.018474,0.056468,7.7e-05,0.042236,0.034256,8e-05,3.9e-05,0.004317,61.25,17.61,0.0075,4e-06,60.0
har_34_16,HAR_0034_2p_bc_even_odd_cond05,har_sim_34,5,BC,B,train,Harmonics,1,SCENARIO_CONTROLLER,0.57868,0.795487,1.374656,7.8409,0.0,60.0,59.982,21.85,0.815732,0.015105,0.046081,8e-05,0.034458,0.000112,0.027931,5.4e-05,6.4e-05,7.8e-05,5.2e-05,0.018517,0.05649,9.8e-05,0.042242,0.03424,7.8e-05,6.4e-05,0.004319,61.25,17.61,0.0075,4e-06,60.0
har_34_17,HAR_0034_2p_bc_even_odd_cond05,har_sim_34,5,BC,B,train,Harmonics,1,SCENARIO_CONTROLLER,0.578689,0.795487,1.374635,7.8405,0.0,60.0,59.982,21.84,0.815745,0.015118,0.046073,7e-05,0.034462,0.000109,0.027934,5e-05,6.9e-05,8.3e-05,5.4e-05,0.018533,0.05648,8.6e-05,0.042246,0.034244,8.5e-05,6.6e-05,0.004319,61.25,17.61,0.0075,4e-06,60.0
har_34_18,HAR_0034_2p_bc_even_odd_cond05,har_sim_34,5,BC,B,train,Harmonics,1,SCENARIO_CONTROLLER,0.578682,0.795449,1.374588,7.8417,0.0,60.0,59.982,21.85,0.815734,0.015102,0.046096,6.3e-05,0.034463,0.000117,0.027915,6.4e-05,6.2e-05,9.4e-05,6.7e-05,0.018513,0.056509,7.7e-05,0.042248,0.034221,7.6e-05,8.2e-05,0.00432,61.25,17.6,0.0075,4e-06,60.0
har_34_19,HAR_0034_2p_bc_even_odd_cond05,har_sim_34,5,BC,B,train,Harmonics,1,SCENARIO_CONTROLLER,0.578675,0.795449,1.374605,7.8404,0.0,60.0,60.0177,21.86,0.815725,0.015096,0.046075,8.1e-05,0.034459,0.000137,0.027929,5.1e-05,5.7e-05,0.0001,6.7e-05,0.018506,0.056483,9.9e-05,0.042243,0.034238,7e-05,8.2e-05,0.004318,61.25,17.6,0.0075,4e-06,60.0
har_34_20,HAR_0034_2p_bc_even_odd_cond05,har_sim_34,5,BC,B,train,Harmonics,1,SCENARIO_CONTROLLER,0.578691,0.795449,1.374566,7.8407,0.0,60.0,60.0177,21.86,0.815748,0.015071,0.046075,9.9e-05,0.034447,0.000162,0.027954,8e-05,6.8e-05,0.00011,4.8e-05,0.018475,0.056482,0.000121,0.042228,0.034268,8.3e-05,5.9e-05,0.004318,61.25,17.61,0.0075,4e-06,60.0
har_34_21,HAR_0034_2p_bc_even_odd_cond05,har_sim_34,5,BC,B,train,Harmonics,1,SCENARIO_CONTROLLER,0.578673,0.795449,1.37461,7.8392,0.0,60.0,60.0177,21.82,0.815723,0.015051,0.046055,0.000102,0.034447,0.000163,0.027955,8.2e-05,6.6e-05,0.000108,5.9e-05,0.018451,0.056459,0.000125,0.042229,0.03427,8.1e-05,7.2e-05,0.004316,61.25,17.61,0.0075,4e-06,60.0
har_34_22,HAR_0034_2p_bc_even_odd_cond05,har_sim_34,5,BC,B,train,Harmonics,1,SCENARIO_CONTROLLER,0.578676,0.795449,1.374602,7.8406,0.0,60.0,59.9837,21.85,0.815727,0.015041,0.046069,0.000113,0.034457,0.000171,0.027947,8.6e-05,6e-05,9.5e-05,6.5e-05,0.018439,0.056476,0.000139,0.042241,0.03426,7.4e-05,8e-05,0.004317,61.25,17.61,0.0075,4e-06,60.0
har_34_23,HAR_0034_2p_bc_even_odd_cond05,har_sim_34,5,BC,B,train,Harmonics,1,SCENARIO_CONTROLLER,0.578676,0.795449,1.374602,7.8403,0.0,60.0,59.9837,21.85,0.815727,0.01504,0.046068,0.00011,0.03446,0.000175,0.027938,9.8e-05,4.4e-05,0.000103,7.9e-05,0.018438,0.056475,0.000135,0.042245,0.034249,5.4e-05,9.7e-05,0.004317,61.25,17.61,0.0075,4e-06,60.0
har_34_24,HAR_0034_2p_bc_even_odd_cond05,har_sim_34,5,BC,B,train,Harmonics,1,SCENARIO_CONTROLLER,0.578689,0.795449,1.374571,7.8432,0.0,60.0,60.0153,21.83,0.815745,0.015016,0.04609,0.0001,0.03447,0.000176,0.027947,9.6e-05,3.3e-05,0.000115,8.5e-05,0.018408,0.0565,0.000123,0.042256,0.034259,4e-05,0.000104,0.004319,61.25,17.62,0.0075,4e-06,60.0
har_34_25,HAR_0034_2p_bc_even_odd_cond05,har_sim_34,5,BC,B,train,Harmonics,1,SCENARIO_CONTROLLER,0.57868,0.795449,1.374592,7.8414,0.0,60.0,60.0153,21.86,0.815733,0.015023,0.046097,8e-05,0.034461,0.000155,0.027912,6.7e-05,1.4e-05,0.000125,8.3e-05,0.018417,0.05651,9.8e-05,0.042245,0.034217,1.7e-05,0.000102,0.004317,61.25,17.61,0.0075,4e-06,60.0
har_34_26,HAR_0034_2p_bc_even_odd_cond05,har_sim_34,5,BC,B,train,Harmonics,1,SCENARIO_CONTROLLER,0.578688,0.795449,1.374574,7.8406,0.0,60.0,60.0153,21.87,0.815744,0.015013,0.046085,8.8e-05,0.034473,0.000142,0.027902,6.1e-05,2e-05,0.000119,8.5e-05,0.018404,0.056494,0.000108,0.04226,0.034204,2.5e-05,0.000104,0.004316,61.25,17.61,0.0075,4e-06,60.0
har_34_27,HAR_0034_2p_bc_even_odd_cond05,har_sim_34,5,BC,B,train,Harmonics,1,SCENARIO_CONTROLLER,0.578686,0.795449,1.374578,7.8407,0.0,60.0,59.9796,21.86,0.815742,0.015021,0.046083,9.2e-05,0.034475,0.000132,0.027905,9.2e-05,3.1e-05,0.000117,0.000126,0.018414,0.056492,0.000113,0.042262,0.034208,3.8e-05,0.000154,0.004317,61.25,17.62,0.0075,4e-06,60.0
har_34_28,HAR_0034_2p_bc_even_odd_cond05,har_sim_34,5,BC,B,train,Harmonics,1,SCENARIO_CONTROLLER,0.578676,0.795449,1.374602,7.8404,0.0,60.0,59.9796,21.84,0.815728,0.015012,0.046078,9e-05,0.034465,0.000116,0.027918,8.9e-05,1.8e-05,0.000126,0.000131,0.018403,0.056487,0.00011,0.042251,0.034225,2.2e-05,0.000161,0.004316,61.25,17.62,0.0075,4e-06,60.0
har_34_29,HAR_0034_2p_bc_even_odd_cond05,har_sim_34,5,BC,B,train,Harmonics,1,SCENARIO_CONTROLLER,0.578678,0.795449,1.374598,7.8412,0.0,60.0,59.9796,21.84,0.81573,0.015001,0.046093,9.3e-05,0.034468,0.000129,0.027905,9.4e-05,2.6e-05,0.000118,0.000113,0.01839,0.056505,0.000114,0.042254,0.034209,3.2e-05,0.000139,0.004316,61.25,17.62,0.0075,4e-06,60.0
har_34_30,HAR_0034_2p_bc_even_odd_cond05,har_sim_34,5,BC,B,train,Harmonics,1,SCENARIO_CONTROLLER,0.578673,0.795449,1.374608,7.8384,0.0,60.0,60.0156,21.87,0.815726,0.014981,0.046082,8.4e-05,0.034448,0.000116,0.027894,0.000105,2.8e-05,0.000121,0.000103,0.018365,0.056492,0.000103,0.04223,0.034195,3.4e-05,0.000126,0.004313,61.25,17.62,0.0075,4e-06,60.0
har_34_31,HAR_0034_2p_bc_even_odd_cond05,har_sim_34,5,BC,B,train,Harmonics,1,SCENARIO_CONTROLLER,0.578668,0.795449,1.374622,7.8381,0.0,60.0,60.0156,21.87,0.815718,0.014988,0.046076,8.7e-05,0.034458,0.000107,0.027885,9.8e-05,1.8e-05,0.000138,8.6e-05,0.018374,0.056485,0.000107,0.042243,0.034185,2.2e-05,0.000105,0.004313,61.25,17.62,0.0075,4e-06,60.0
har_34_32,HAR_0034_2p_bc_even_odd_cond05,har_sim_34,5,BC,B,train,Harmonics,1,SCENARIO_CONTROLLER,0.578674,0.795449,1.374608,7.839,0.0,60.0,60.0156,21.84,0.815726,0.015,0.046089,8e-05,0.034449,0.000113,0.027891,0.000104,1.9e-05,0.000139,9.6e-05,0.018389,0.056501,9.8e-05,0.042231,0.034192,2.3e-05,0.000118,0.004314,61.25,17.62,0.0075,4e-06,60.0
har_35_01,HAR_0035_2p_ca_h3h5h7_cond10,har_sim_35,10,CA,C,train,Harmonics,1,SCENARIO_CONTROLLER,0.563402,0.784227,1.391949,7.8301,0.0,60.0,59.9996,22.12,0.794338,0.000141,0.044229,0.000108,0.037558,2.9e-05,0.022398,4.8e-05,9.4e-05,5.1e-05,8.2e-05,0.000178,0.05568,0.000136,0.047282,0.028197,0.000118,0.000103,0.003869,61.19,16.89,0.007,4e-06,60.0
har_35_02,HAR_0035_2p_ca_h3h5h7_cond10,har_sim_35,10,CA,C,train,Harmonics,1,SCENARIO_CONTROLLER,0.563399,0.784227,1.391957,7.829,0.0,60.0,59.9996,22.12,0.794333,0.000153,0.044217,9.7e-05,0.037554,3.5e-05,0.022404,4.3e-05,9e-05,4.7e-05,8.3e-05,0.000193,0.055666,0.000122,0.047277,0.028205,0.000113,0.000104,0.003867,61.19,16.9,0.007,4e-06,60.0
har_35_03,HAR_0035_2p_ca_h3h5h7_cond10,har_sim_35,10,CA,C,train,Harmonics,1,SCENARIO_CONTROLLER,0.563393,0.784227,1.391972,7.8301,0.0,60.0,59.9996,22.12,0.794324,0.000148,0.044229,9.4e-05,0.03755,3.8e-05,0.022411,4.9e-05,9.5e-05,5e-05,9.5e-05,0.000186,0.055681,0.000118,0.047273,0.028214,0.00012,0.00012,0.003869,61.19,16.89,0.007,4e-06,60.0
har_35_04,HAR_0035_2p_ca_h3h5h7_cond10,har_sim_35,10,CA,C,train,Harmonics,1,SCENARIO_CONTROLLER,0.563392,0.784227,1.391974,7.8309,0.0,60.0,60.0011,22.12,0.794323,0.000148,0.044229,9.2e-05,0.037554,3.2e-05,0.022419,6.1e-05,8.1e-05,3.6e-05,7.6e-05,0.000186,0.055681,0.000116,0.047278,0.028224,0.000102,9.6e-05,0.003869,61.2,16.9,0.007,4e-06,60.0
har_35_05,HAR_0035_2p_ca_h3h5h7_cond10,har_sim_35,10,CA,C,train,Harmonics,1,SCENARIO_CONTROLLER,0.563378,0.784227,1.392009,7.8309,0.0,60.0,60.0011,22.12,0.794303,0.00013,0.044217,9e-05,0.037573,3.9e-05,0.022409,5.2e-05,8e-05,3.4e-05,7.7e-05,0.000164,0.055668,0.000113,0.047303,0.028212,0.000101,9.7e-05,0.003869,61.2,16.9,0.007,4e-06,60.0
har_35_06,HAR_0035_2p_ca_h3h5h7_cond10,har_sim_35,10,CA,C,train,Harmonics,1,SCENARIO_CONTROLLER,0.56338,0.785257,1.393832,7.8303,0.0,60.0,60.0011,22.12,0.794306,0.000128,0.044204,8.5e-05,0.037572,3.3e-05,0.022422,4.1e-05,6.7e-05,4.2e-05,5.8e-05,0.000161,0.055651,0.000107,0.047302,0.028228,8.4e-05,7.3e-05,0.003868,61.2,16.9,0.007,4e-06,60.0
har_35_07,HAR_0035_2p_ca_h3h5h7_cond10,har_sim_35,10,CA,C,train,Harmonics,1,SCENARIO_CONTROLLER,0.563384,0.785257,1.393822,7.8306,0.0,60.0,59.9992,22.12,0.794311,0.000124,0.044213,9.4e-05,0.037568,2.7e-05,0.022419,3e-05,5.2e-05,4.6e-05,5.5e-05,0.000156,0.055662,0.000118,0.047296,0.028224,6.5e-05,6.9e-05,0.003869,61.2,16.9,0.007,4e-06,60.0
har_35_08,HAR_0035_2p_ca_h3h5h7_cond10,har_sim_35,10,CA,C,train,Harmonics,1,SCENARIO_CONTROLLER,0.563385,0.785257,1.393818,7.8309,0.0,60.0,59.9992,22.12,0.794313,0.00011,0.044225,9.8e-05,0.037554,3.6e-05,0.022425,2.6e-05,5.1e-05,4.1e-05,5.4e-05,0.000138,0.055677,0.000123,0.047279,0.028232,6.4e-05,6.8e-05,0.003869,61.2,16.9,0.007,4e-06,60.0
har_35_09,HAR_0035_2p_ca_h3h5h7_cond10,har_sim_35,10,CA,C,train,Harmonics,1,SCENARIO_CONTROLLER,0.56338,0.785257,1.393831,7.8313,0.0,60.0,59.9992,22.12,0.794306,0.000103,0.044213,9e-05,0.037561,4e-05,0.022444,4.4e-05,4.7e-05,3.5e-05,5.9e-05,0.00013,0.055662,0.000113,0.047288,0.028256,5.9e-05,7.4e-05,0.003869,61.2,16.9,0.007,4e-06,60.0
har_35_10,HAR_0035_2p_ca_h3h5h7_cond10,har_sim_35,10,CA,C,train,Harmonics,1,SCENARIO_CONTROLLER,0.56338,0.785257,1.393831,7.8316,0.0,60.0,60.0007,22.12,0.794305,0.000107,0.044213,9.4e-05,0.037565,3.9e-05,0.022447,3.8e-05,5.8e-05,4.1e-05,5.6e-05,0.000135,0.055662,0.000118,0.047293,0.02826,7.3e-05,7.1e-05,0.00387,61.2,16.9,0.007,4e-06,60.0
har_35_11,HAR_0035_2p_ca_h3h5h7_cond10,har_sim_35,10,CA,C,train,Harmonics,1,SCENARIO_CONTROLLER,0.563383,0.785257,1.393823,7.8313,0.0,60.0,60.0007,22.12,0.79431,0.0001,0.044212,8.4e-05,0.037558,3.1e-05,0.022452,3.6e-05,5.4e-05,4.6e-05,6.2e-05,0.000126,0.055661,0.000106,0.047284,0.028266,6.8e-05,7.8e-05,0.003869,61.2,16.9,0.007,4e-06,60.0
har_35_12,HAR_0035_2p_ca_h3h5h7_cond10,har_sim_35,10,CA,C,train,Harmonics,1,SCENARIO_CONTROLLER,0.56339,0.785257,1.393805,7.8282,0.0,60.0,60.0003,22.12,0.794322,7.2e-05,0.04421,4.8e-05,0.037532,4.9e-05,0.022434,4.6e-05,5e-05,5.5e-05,5.4e-05,9.1e-05,0.055658,6e-05,0.04725,0.028243,6.3e-05,6.8e-05,0.003866,61.19,16.89,0.007,4e-06,60.0
har_35_13,HAR_0035_2p_ca_h3h5h7_cond10,har_sim_35,10,CA,C,train,Harmonics,1,SCENARIO_CONTROLLER,0.563387,0.785257,1.393814,7.8281,0.0,60.0,60.0003,22.12,0.794317,7.4e-05,0.044212,5.5e-05,0.037535,4.6e-05,0.022421,5e-05,5.4e-05,5.1e-05,6.4e-05,9.3e-05,0.05566,6.9e-05,0.047254,0.028227,6.8e-05,8.1e-05,0.003866,61.19,16.89,0.007,4e-06,60.0
har_35_14,HAR_0035_2p_ca_h3h5h7_cond10,har_sim_35,10,CA,C,train,Harmonics,1,SCENARIO_CONTROLLER,0.563366,0.785257,1.393865,7.8304,0.0,60.0,60.0003,22.12,0.794287,4.5e-05,0.044223,3.7e-05,0.037548,4.2e-05,0.022422,4.9e-05,7e-05,6.7e-05,5.8e-05,5.7e-05,0.055676,4.7e-05,0.047273,0.028229,8.8e-05,7.3e-05,0.003868,61.2,16.89,0.007,4e-06,60.0
har_35_15,HAR_0035_2p_ca_h3h5h7_cond10,har_sim_35,10,CA,C,train,Harmonics,1,SCENARIO_CONTROLLER,0.563371,0.785257,1.393854,7.8323,0.0,60.0,60.0009,22.12,0.794292,4.6e-05,0.044234,2.7e-05,0.037558,5e-05,0.022427,5.2e-05,6.9e-05,6.4e-05,5.8e-05,5.8e-05,0.05569,3.4e-05,0.047285,0.028235,8.7e-05,7.3e-05,0.00387,61.2,16.9,0.007,4e-06,60.0
har_35_16,HAR_0035_2p_ca_h3h5h7_cond10,har_sim_35,10,CA,C,train,Harmonics,1,SCENARIO_CONTROLLER,0.563373,0.785257,1.39385,7.8331,0.0,60.0,60.0009,22.12,0.794294,5.3e-05,0.044242,2.4e-05,0.037569,5.5e-05,0.022411,5.5e-05,6.9e-05,6.6e-05,6.3e-05,6.7e-05,0.0557,3e-05,0.047299,0.028215,8.7e-05,7.9e-05,0.003871,61.2,16.9,0.007,4e-06,60.0
har_35_17,HAR_0035_2p_ca_h3h5h7_cond10,har_sim_35,10,CA,C,train,Harmonics,1,SCENARIO_CONTROLLER,0.563381,0.785257,1.393828,7.8329,0.0,60.0,60.0009,22.12,0.794306,3.9e-05,0.044252,8e-06,0.037557,6e-05,0.022409,5.5e-05,7.3e-05,6.3e-05,5.4e-05,4.9e-05,0.055712,1e-05,0.047283,0.028212,9.2e-05,6.8e-05,0.003871,61.2,16.9,0.007,4e-06,60.0
har_35_18,HAR_0035_2p_ca_h3h5h7_cond10,har_sim_35,10,CA,C,train,Harmonics,1,SCENARIO_CONTROLLER,0.563382,0.785257,1.393827,7.8335,0.0,60.0,59.9989,22.12,0.794306,4e-05,0.044252,3e-06,0.03756,6.3e-05,0.022419,4.3e-05,6.6e-05,7e-05,5.2e-05,5e-05,0.055712,4e-06,0.047287,0.028225,8.3e-05,6.5e-05,0.003872,61.2,16.9,0.007,4e-06,60.0
har_35_19,HAR_0035_2p_ca_h3h5h7_cond10,har_sim_35,10,CA,C,train,Harmonics,1,SCENARIO_CONTROLLER,0.563384,0.785257,1.393822,7.8331,0.0,60.0,59.9989,22.12,0.79431,4.5e-05,0.044244,1.6e-05,0.03756,5.7e-05,0.022425,6e-05,8.1e-05,7.6e-05,4.4e-05,5.7e-05,0.055701,2e-05,0.047286,0.028232,0.000102,5.5e-05,0.003871,61.2,16.9,0.007,4e-06,60.0
har_35_20,HAR_0035_2p_ca_h3h5h7_cond10,har_sim_35,10,CA,C,train,Harmonics,1,SCENARIO_CONTROLLER,0.563387,0.785257,1.393814,7.8326,0.0,60.0,59.9989,22.12,0.794314,5.1e-05,0.044242,1.1e-05,0.037558,5.5e-05,0.022423,5.8e-05,8.3e-05,7.4e-05,4.7e-05,6.4e-05,0.055698,1.4e-05,0.047284,0.028229,0.000104,5.9e-05,0.003871,61.2,16.9,0.007,4e-06,60.0
har_35_21,HAR_0035_2p_ca_h3h5h7_cond10,har_sim_35,10,CA,C,train,Harmonics,1,SCENARIO_CONTROLLER,0.563383,0.785257,1.393825,7.8309,0.0,60.0,59.9993,22.12,0.794309,2.7e-05,0.044232,1.2e-05,0.037557,6.7e-05,0.022406,4.8e-05,0.000107,7.6e-05,6.1e-05,3.4e-05,0.055686,1.5e-05,0.047283,0.028208,0.000135,7.7e-05,0.003869,61.2,16.9,0.007,4e-06,60.0
har_35_22,HAR_0035_2p_ca_h3h5h7_cond10,har_sim_35,10,CA,C,train,Harmonics,1,SCENARIO_CONTROLLER,0.563385,0.785257,1.393818,7.831,0.0,60.0,59.9993,22.12,0.794313,2.6e-05,0.044234,2e-05,0.037546,5.1e-05,0.022424,3e-05,0.000125,6.4e-05,4.2e-05,3.3e-05,0.055688,2.5e-05,0.047269,0.028231,0.000157,5.3e-05,0.003869,61.2,16.9,0.007,4e-06,60.0
har_35_23,HAR_0035_2p_ca_h3h5h7_cond10,har_sim_35,10,CA,C,train,Harmonics,1,SCENARIO_CONTROLLER,0.563385,0.785257,1.393819,7.8312,0.0,60.0,59.9993,22.12,0.794312,2.5e-05,0.044225,2.1e-05,0.037548,4.2e-05,0.022444,1.8e-05,0.000135,6.1e-05,7.8e-05,3.1e-05,0.055677,2.6e-05,0.047271,0.028256,0.00017,9.8e-05,0.003869,61.2,16.92,0.007,4e-06,60.0
har_35_24,HAR_0035_2p_ca_h3h5h7_cond10,har_sim_35,10,CA,C,train,Harmonics,1,SCENARIO_CONTROLLER,0.563397,0.785257,1.39379,7.8317,0.0,60.0,60.0003,22.12,0.794329,1.1e-05,0.044243,2e-05,0.037532,5.5e-05,0.022449,2.9e-05,0.000124,6.7e-05,7e-05,1.4e-05,0.055699,2.5e-05,0.04725,0.028262,0.000156,8.8e-05,0.00387,61.2,16.91,0.007,4e-06,60.0
har_35_25,HAR_0035_2p_ca_h3h5h7_cond10,har_sim_35,10,CA,C,train,Harmonics,1,SCENARIO_CONTROLLER,0.563388,0.785257,1.39381,7.8323,0.0,60.0,60.0003,22.12,0.794316,2.9e-05,0.044253,5.5e-05,0.037534,4.6e-05,0.022436,1.6e-05,0.000129,7.5e-05,6.4e-05,3.7e-05,0.055712,6.9e-05,0.047253,0.028246,0.000162,8.1e-05,0.003871,61.2,16.91,0.007,4e-06,60.0
har_35_26,HAR_0035_2p_ca_h3h5h7_cond10,har_sim_35,10,CA,C,train,Harmonics,1,SCENARIO_CONTROLLER,0.563398,0.785257,1.393787,7.8343,0.0,60.0,59.9998,22.12,0.794329,1.1e-05,0.044269,6.9e-05,0.037541,4.2e-05,0.022438,1.9e-05,0.00012,7.5e-05,5.9e-05,1.4e-05,0.055731,8.7e-05,0.047261,0.028248,0.000151,7.4e-05,0.003873,61.2,16.93,0.007,4e-06,60.0
har_35_27,HAR_0035_2p_ca_h3h5h7_cond10,har_sim_35,10,CA,C,train,Harmonics,1,SCENARIO_CONTROLLER,0.563406,0.785257,1.393767,7.8324,0.0,60.0,59.9998,22.12,0.794341,1.9e-05,0.044258,5.6e-05,0.037542,4.8e-05,0.022421,3.1e-05,0.000136,4.3e-05,2.6e-05,2.4e-05,0.055717,7e-05,0.047262,0.028226,0.000171,3.3e-05,0.003871,61.2,16.93,0.007,4e-06,60.0
har_35_28,HAR_0035_2p_ca_h3h5h7_cond10,har_sim_35,10,CA,C,train,Harmonics,1,SCENARIO_CONTROLLER,0.56342,0.785257,1.393733,7.831,0.0,60.0,59.9998,22.12,0.794361,3.4e-05,0.044254,5.2e-05,0.037548,7e-05,0.02239,3.3e-05,0.000104,6.4e-05,3.3e-05,4.3e-05,0.05571,6.5e-05,0.047268,0.028186,0.000131,4.2e-05,0.00387,61.2,16.92,0.007,4e-06,60.0
har_35_29,HAR_0035_2p_ca_h3h5h7_cond10,har_sim_35,10,CA,C,train,Harmonics,1,SCENARIO_CONTROLLER,0.563422,0.785257,1.393728,7.8335,0.0,60.0,60.0041,22.12,0.794363,5.4e-05,0.044261,3.5e-05,0.037563,8.6e-05,0.022409,3.3e-05,0.000105,7.8e-05,4.9e-05,6.8e-05,0.055719,4.4e-05,0.047287,0.02821,0.000132,6.2e-05,0.003872,61.2,16.93,0.007,4e-06,60.0
har_35_30,HAR_0035_2p_ca_h3h5h7_cond10,har_sim_35,10,CA,C,train,Harmonics,1,SCENARIO_CONTROLLER,0.563421,0.785257,1.39373,7.8336,0.0,60.0,60.0041,22.12,0.794361,5.5e-05,0.044262,3.4e-05,0.037561,8.7e-05,0.02241,3.3e-05,0.000106,8e-05,4.9e-05,6.9e-05,0.05572,4.3e-05,0.047285,0.028211,0.000133,6.2e-05,0.003872,61.2,16.92,0.007,4e-06,60.0
har_35_31,HAR_0035_2p_ca_h3h5h7_cond10,har_sim_35,10,CA,C,train,Harmonics,1,SCENARIO_CONTROLLER,0.563428,0.785257,1.393712,7.8323,0.0,60.0,60.0041,22.11,0.794373,4.1e-05,0.044244,2.1e-05,0.037563,9.4e-05,0.022415,3e-05,9.4e-05,6.4e-05,7.1e-05,5.2e-05,0.055697,2.6e-05,0.047286,0.028217,0.000118,8.9e-05,0.003871,61.2,16.92,0.007,4e-06,60.0
har_35_32,HAR_0035_2p_ca_h3h5h7_cond10,har_sim_35,10,CA,C,train,Harmonics,1,SCENARIO_CONTROLLER,0.563423,0.785257,1.393726,7.8311,0.0,60.0,59.9982,22.12,0.794366,3.5e-05,0.04423,1.8e-05,0.037557,7.2e-05,0.022427,2.9e-05,8.8e-05,6.1e-05,6.2e-05,4.4e-05,0.05568,2.3e-05,0.047279,0.028233,0.000111,7.8e-05,0.00387,61.2,16.92,0.007,4e-06,60.0
har_36_01,HAR_0036_2p_ca_12pulse_cond16,har_sim_36,16,CA,C,train,Harmonics,1,SCENARIO_CONTROLLER,0.584475,0.875467,1.497869,7.763,0.0,60.0,60.0008,22.01,0.823984,6e-05,0.000212,6.2e-05,0.05439,6.4e-05,0.033665,1.5e-05,7.5e-05,7.3e-05,0.013258,7.3e-05,0.000257,7.5e-05,0.066009,0.040856,9.1e-05,0.01609,0.004267,61.8,23.78,0.0069,4e-06,60.0
har_36_02,HAR_0036_2p_ca_12pulse_cond16,har_sim_36,16,CA,C,train,Harmonics,1,SCENARIO_CONTROLLER,0.584484,0.875467,1.497846,7.7633,0.0,60.0,60.0008,22.01,0.823997,7.1e-05,0.000217,7e-05,0.0544,7.2e-05,0.033655,1.2e-05,7.5e-05,6.7e-05,0.013249,8.6e-05,0.000263,8.5e-05,0.06602,0.040844,9.1e-05,0.016079,0.004268,61.8,23.77,0.0069,4e-06,60.0
har_36_03,HAR_0036_2p_ca_12pulse_cond16,har_sim_36,16,CA,C,train,Harmonics,1,SCENARIO_CONTROLLER,0.584487,0.875467,1.497838,7.763,0.0,60.0,60.0008,22.01,0.824001,7.5e-05,0.000217,7.5e-05,0.054404,7.4e-05,0.033645,5e-06,8.9e-05,8.6e-05,0.013265,9.1e-05,0.000263,9.1e-05,0.066024,0.040831,0.000108,0.016098,0.004268,61.8,23.77,0.0069,4e-06,60.0
har_36_04,HAR_0036_2p_ca_12pulse_cond16,har_sim_36,16,CA,C,train,Harmonics,1,SCENARIO_CONTROLLER,0.584481,0.875467,1.497852,7.7613,0.0,60.0,60.0008,22.02,0.823995,8.5e-05,0.000217,7.6e-05,0.054395,8.8e-05,0.033632,2.6e-05,8.8e-05,7.4e-05,0.013238,0.000103,0.000263,9.2e-05,0.066014,0.040816,0.000107,0.016066,0.004265,61.8,23.76,0.0069,4e-06,60.0
har_36_05,HAR_0036_2p_ca_12pulse_cond16,har_sim_36,16,CA,C,train,Harmonics,1,SCENARIO_CONTROLLER,0.584478,0.875467,1.49786,7.7624,0.0,60.0,60.0008,22.01,0.82399,9.7e-05,0.000208,5.9e-05,0.05441,8e-05,0.033624,3e-05,8.4e-05,7.3e-05,0.013243,0.000118,0.000252,7.2e-05,0.066032,0.040806,0.000102,0.016072,0.004266,61.8,23.76,0.0069,4e-06,60.0
har_36_06,HAR_0036_2p_ca_12pulse_cond16,har_sim_36,16,CA,C,train,Harmonics,1,SCENARIO_CONTROLLER,0.584477,0.875467,1.497864,7.7641,0.0,60.0,60.0008,22.01,0.823987,9e-05,0.000212,5.2e-05,0.054418,9.1e-05,0.033636,4.6e-05,6.4e-05,9.4e-05,0.013229,0.000109,0.000257,6.3e-05,0.066042,0.040821,7.8e-05,0.016055,0.004268,61.8,23.76,0.0069,4e-06,60.0
har_36_07,HAR_0036_2p_ca_12pulse_cond16,har_sim_36,16,CA,C,train,Harmonics,1,SCENARIO_CONTROLLER,0.584471,0.875467,1.497878,7.7632,0.0,60.0,60.0027,22.01,0.823979,7.8e-05,0.000202,6.9e-05,0.05441,9.5e-05,0.033636,5.2e-05,6.1e-05,9.2e-05,0.013232,9.5e-05,0.000245,8.4e-05,0.066033,0.040821,7.4e-05,0.016059,0.004267,61.8,23.76,0.0069,4e-06,60.0
har_36_08,HAR_0036_2p_ca_12pulse_cond16,har_sim_36,16,CA,C,train,Harmonics,1,SCENARIO_CONTROLLER,0.584479,0.875467,1.497857,7.7639,0.0,60.0,60.0027,22.01,0.823991,7.8e-05,0.000199,7.3e-05,0.054417,8.7e-05,0.033636,5.2e-05,5.9e-05,8.5e-05,0.013221,9.5e-05,0.000242,8.9e-05,0.066041,0.040821,7.2e-05,0.016045,0.004267,61.8,23.76,0.0069,4e-06,60.0
har_36_09,HAR_0036_2p_ca_12pulse_cond16,har_sim_36,16,CA,C,train,Harmonics,1,SCENARIO_CONTROLLER,0.58449,0.875467,1.497829,7.7627,0.0,60.0,60.0027,22.01,0.824007,5.2e-05,0.00019,6.8e-05,0.054415,8.6e-05,0.033623,5.6e-05,5.2e-05,8.2e-05,0.013224,6.3e-05,0.000231,8.3e-05,0.066037,0.040804,6.3e-05,0.016048,0.004266,61.8,23.75,0.0069,4e-06,60.0
har_36_10,HAR_0036_2p_ca_12pulse_cond16,har_sim_36,16,CA,C,train,Harmonics,1,SCENARIO_CONTROLLER,0.584493,0.875467,1.497822,7.7627,0.0,60.0,59.9994,22.01,0.824011,4.9e-05,0.000186,7.1e-05,0.054416,8.6e-05,0.033622,5.5e-05,4.7e-05,8.4e-05,0.013234,5.9e-05,0.000226,8.6e-05,0.066038,0.040803,5.7e-05,0.01606,0.004267,61.8,23.76,0.0069,4e-06,60.0
har_36_11,HAR_0036_2p_ca_12pulse_cond16,har_sim_36,16,CA,C,train,Harmonics,1,SCENARIO_CONTROLLER,0.584496,0.875467,1.497814,7.7619,0.0,60.0,59.9994,22.01,0.824016,4.6e-05,0.00019,7.2e-05,0.054405,7.4e-05,0.033628,6.6e-05,4.1e-05,8.7e-05,0.013232,5.6e-05,0.000231,8.7e-05,0.066024,0.04081,5e-05,0.016058,0.004266,61.8,23.76,0.0069,4e-06,60.0
har_36_12,HAR_0036_2p_ca_12pulse_cond16,har_sim_36,16,CA,C,train,Harmonics,1,SCENARIO_CONTROLLER,0.584495,0.875467,1.497817,7.7632,0.0,60.0,60.0006,22.01,0.824013,3.9e-05,0.000182,7.6e-05,0.054409,8.5e-05,0.033642,8.4e-05,5.7e-05,7.4e-05,0.013243,4.7e-05,0.000221,9.2e-05,0.066029,0.040827,6.9e-05,0.016071,0.004268,61.8,23.77,0.0069,4e-06,60.0
har_36_13,HAR_0036_2p_ca_12pulse_cond16,har_sim_36,16,CA,C,train,Harmonics,1,SCENARIO_CONTROLLER,0.584482,0.875467,1.497849,7.7642,0.0,60.0,60.0006,22.01,0.823995,1.7e-05,0.000165,7.8e-05,0.054417,8.2e-05,0.033642,8.9e-05,5.9e-05,8.5e-05,0.01325,2.1e-05,0.0002,9.5e-05,0.06604,0.040828,7.2e-05,0.01608,0.004269,61.8,23.77,0.0069,4e-06,60.0
har_36_14,HAR_0036_2p_ca_12pulse_cond16,har_sim_36,16,CA,C,train,Harmonics,1,SCENARIO_CONTROLLER,0.584476,0.875467,1.497866,7.7647,0.0,60.0,60.0006,22.01,0.823985,2.2e-05,0.000173,8.4e-05,0.054422,7.9e-05,0.033641,9.2e-05,5.5e-05,8.7e-05,0.013247,2.7e-05,0.00021,0.000102,0.066047,0.040827,6.7e-05,0.016077,0.004269,61.8,23.77,0.0069,4e-06,60.0
har_36_15,HAR_0036_2p_ca_12pulse_cond16,har_sim_36,16,CA,C,train,Harmonics,1,SCENARIO_CONTROLLER,0.584486,0.875467,1.49784,7.7672,0.0,60.0,60.0022,22.01,0.823998,7e-06,0.000161,8.2e-05,0.054435,6.2e-05,0.033661,6.9e-05,6.6e-05,9.4e-05,0.01324,8e-06,0.000195,0.0001,0.066062,0.040851,8e-05,0.016068,0.004272,61.8,23.77,0.0069,4e-06,60.0
har_36_16,HAR_0036_2p_ca_12pulse_cond16,har_sim_36,16,CA,C,train,Harmonics,1,SCENARIO_CONTROLLER,0.584481,0.875467,1.497854,7.7681,0.0,60.0,60.0022,22.01,0.82399,1.6e-05,0.000149,8e-05,0.054445,5.6e-05,0.033657,7.2e-05,6.3e-05,9.2e-05,0.013243,1.9e-05,0.000181,9.7e-05,0.066075,0.040846,7.6e-05,0.016072,0.004272,61.8,23.78,0.0069,4e-06,60.0
har_36_17,HAR_0036_2p_ca_12pulse_cond16,har_sim_36,16,CA,C,train,Harmonics,1,SCENARIO_CONTROLLER,0.584476,0.875467,1.497866,7.7688,0.0,60.0,60.0022,22.01,0.823982,1e-06,0.000153,8.4e-05,0.054447,6.3e-05,0.033663,7.9e-05,7.1e-05,9.2e-05,0.013245,1e-06,0.000186,0.000102,0.066078,0.040854,8.6e-05,0.016074,0.004273,61.8,23.78,0.0069,4e-06,60.0
har_36_18,HAR_0036_2p_ca_12pulse_cond16,har_sim_36,16,CA,C,train,Harmonics,1,SCENARIO_CONTROLLER,0.584478,0.875467,1.49786,7.7703,0.0,60.0,60.0005,22.0,0.823985,1.7e-05,0.000161,8e-05,0.054454,7.2e-05,0.033676,9.2e-05,8.2e-05,8.4e-05,0.013255,2.1e-05,0.000195,9.7e-05,0.066086,0.04087,0.0001,0.016086,0.004275,61.8,23.79,0.0069,4e-06,60.0
har_36_19,HAR_0036_2p_ca_12pulse_cond16,har_sim_36,16,CA,C,train,Harmonics,1,SCENARIO_CONTROLLER,0.584484,0.875821,1.498451,7.7708,0.0,60.0,60.0005,22.0,0.823992,2.7e-05,0.000166,9.1e-05,0.054453,8.3e-05,0.033687,8.1e-05,6.2e-05,9.4e-05,0.013262,3.3e-05,0.000201,0.00011,0.066084,0.040883,7.5e-05,0.016095,0.004276,61.8,23.79,0.0069,4e-06,60.0
har_36_20,HAR_0036_2p_ca_12pulse_cond16,har_sim_36,16,CA,C,train,Harmonics,1,SCENARIO_CONTROLLER,0.58449,0.875821,1.498436,7.7711,0.0,60.0,60.0005,22.0,0.824001,3.3e-05,0.00016,8.3e-05,0.054451,7.8e-05,0.033696,7.3e-05,6.5e-05,9.3e-05,0.013254,4e-05,0.000194,0.000101,0.066081,0.040893,7.9e-05,0.016085,0.004276,61.8,23.79,0.0069,4e-06,60.0
har_36_21,HAR_0036_2p_ca_12pulse_cond16,har_sim_36,16,CA,C,train,Harmonics,1,SCENARIO_CONTROLLER,0.584484,0.875821,1.498452,7.7709,0.0,60.0,59.9985,22.0,0.823992,3.1e-05,0.000159,6.7e-05,0.054444,7.5e-05,0.033702,7.2e-05,6.1e-05,8.4e-05,0.013268,3.8e-05,0.000193,8.1e-05,0.066073,0.040901,7.4e-05,0.016102,0.004276,61.8,23.79,0.0069,4e-06,60.0
har_36_22,HAR_0036_2p_ca_12pulse_cond16,har_sim_36,16,CA,C,train,Harmonics,1,SCENARIO_CONTROLLER,0.584486,0.875821,1.498447,7.7719,0.0,60.0,59.9985,22.0,0.823994,3.4e-05,0.000147,8.1e-05,0.054449,9.3e-05,0.033711,6.4e-05,4.8e-05,7.8e-05,0.013266,4.1e-05,0.000178,9.8e-05,0.066079,0.040912,5.8e-05,0.0161,0.004277,61.8,23.8,0.0069,4e-06,60.0
har_36_23,HAR_0036_2p_ca_12pulse_cond16,har_sim_36,16,CA,C,train,Harmonics,1,SCENARIO_CONTROLLER,0.584477,0.875821,1.498469,7.7741,0.0,60.0,59.9996,22.0,0.82398,3.6e-05,0.000168,7.3e-05,0.054465,0.000106,0.033718,6.6e-05,4.8e-05,7.4e-05,0.013259,4.4e-05,0.000204,8.9e-05,0.0661,0.040921,5.8e-05,0.016091,0.004279,61.8,23.8,0.0069,4e-06,60.0
har_36_24,HAR_0036_2p_ca_12pulse_cond16,har_sim_36,16,CA,C,train,Harmonics,1,SCENARIO_CONTROLLER,0.584481,0.875821,1.498458,7.7732,0.0,60.0,59.9986,22.0,0.823987,4.2e-05,0.000175,7.1e-05,0.054465,9.9e-05,0.033703,5.2e-05,3.6e-05,8.6e-05,0.013273,5.1e-05,0.000212,8.6e-05,0.066099,0.040902,4.4e-05,0.016108,0.004279,61.8,23.79,0.0069,4e-06,60.0
har_36_25,HAR_0036_2p_ca_12pulse_cond16,har_sim_36,16,CA,C,train,Harmonics,1,SCENARIO_CONTROLLER,0.584483,0.875821,1.498455,7.7733,0.0,60.0,59.9986,22.0,0.823989,5.4e-05,0.000197,9.1e-05,0.054478,0.000117,0.033685,6.1e-05,3.5e-05,8.9e-05,0.013266,6.6e-05,0.000239,0.00011,0.066115,0.04088,4.2e-05,0.0161,0.004279,61.8,23.79,0.0069,4e-06,60.0
har_36_26,HAR_0036_2p_ca_12pulse_cond16,har_sim_36,16,CA,C,train,Harmonics,1,SCENARIO_CONTROLLER,0.58449,0.875821,1.498436,7.7722,0.0,60.0,59.9994,22.0,0.824,4.7e-05,0.000183,0.000104,0.054475,0.00013,0.033674,7.3e-05,1.4e-05,7.3e-05,0.013253,5.7e-05,0.000222,0.000126,0.06611,0.040867,1.7e-05,0.016084,0.004277,61.8,23.78,0.0069,4e-06,60.0
har_36_27,HAR_0036_2p_ca_12pulse_cond16,har_sim_36,16,CA,C,train,Harmonics,1,SCENARIO_CONTROLLER,0.584489,0.875821,1.498438,7.7721,0.0,60.0,59.9994,22.0,0.823999,4.3e-05,0.00019,9e-05,0.054461,0.000135,0.033695,7.4e-05,7e-06,6.4e-05,0.013257,5.2e-05,0.000231,0.000109,0.066094,0.040892,8e-06,0.016089,0.004277,61.8,23.79,0.0069,4e-06,60.0
har_36_28,HAR_0036_2p_ca_12pulse_cond16,har_sim_36,16,CA,C,train,Harmonics,1,SCENARIO_CONTROLLER,0.584492,0.875821,1.498431,7.7683,0.0,60.0,59.9994,22.01,0.824005,6.6e-05,0.000174,8.2e-05,0.054436,0.000115,0.033677,6.2e-05,1.9e-05,5.6e-05,0.013263,8e-05,0.000211,0.0001,0.066063,0.04087,2.3e-05,0.016096,0.004273,61.8,23.78,0.0069,4e-06,60.0
har_36_29,HAR_0036_2p_ca_12pulse_cond16,har_sim_36,16,CA,C,train,Harmonics,1,SCENARIO_CONTROLLER,0.58449,0.875821,1.498435,7.7683,0.0,60.0,60.0017,22.01,0.824003,6e-05,0.000169,8.5e-05,0.054435,0.000115,0.033679,5.9e-05,2.3e-05,5.8e-05,0.013264,7.3e-05,0.000205,0.000103,0.066062,0.040872,2.8e-05,0.016097,0.004273,61.8,23.78,0.0069,4e-06,60.0
har_36_30,HAR_0036_2p_ca_12pulse_cond16,har_sim_36,16,CA,C,train,Harmonics,1,SCENARIO_CONTROLLER,0.584488,0.875821,1.49844,7.7694,0.0,60.0,60.0017,22.01,0.823999,5.5e-05,0.000158,8.3e-05,0.054455,0.000131,0.033662,6.5e-05,2.8e-05,5.7e-05,0.013271,6.7e-05,0.000192,0.000101,0.066086,0.040852,3.4e-05,0.016106,0.004275,61.8,23.79,0.0069,4e-06,60.0
har_36_31,HAR_0036_2p_ca_12pulse_cond16,har_sim_36,16,CA,C,train,Harmonics,1,SCENARIO_CONTROLLER,0.584501,0.875821,1.498408,7.7671,0.0,60.0,60.0017,22.01,0.824019,5e-05,0.000141,7.7e-05,0.054443,0.000143,0.033649,7.6e-05,3.2e-05,5.8e-05,0.013257,6.1e-05,0.000171,9.3e-05,0.06607,0.040835,3.9e-05,0.016088,0.004272,61.8,23.78,0.0069,4e-06,60.0
har_36_32,HAR_0036_2p_ca_12pulse_cond16,har_sim_36,16,CA,C,train,Harmonics,1,SCENARIO_CONTROLLER,0.584496,0.875821,1.498421,7.7682,0.0,60.0,59.9999,22.01,0.824011,7e-05,0.000119,7.6e-05,0.054447,0.000138,0.033657,8.8e-05,4.7e-05,5.4e-05,0.013251,8.5e-05,0.000144,9.2e-05,0.066076,0.040845,5.7e-05,0.016081,0.004273,61.8,23.78,0.0069,4e-06,60.0
