frame_idx,scenario_id,trajectory_id,class,label_idx,split,operating_condition_id,phase_configuration,notch_width_us,commutation_resistance_ohms,rms_voltage,peak_voltage,crest_factor,thd,duration,dominant_freq,system_freq,snr,h1,h2,h3,h4,h5,h6,h7,h8,h9,h10,h11,h2_ratio,h3_ratio,h4_ratio,h5_ratio,h7_ratio,h9_ratio,h11_ratio,harmonic_energy,spectral_centroid,spectral_bandwidth,spectral_entropy,spectral_flatness,true_dominant_freq
0,NOT_0001_3p_w600us_rf150_rep1_cond01,not_sim_01,Notch,4,train,1,ABC,600.0,150.0,0.462564,0.809057,1.749069,7.1805,180.2,60.0,59.9182,12.58,0.637093,0.121275,0.030779,0.034715,0.025508,0.041486,0.022244,0.019999,0.009846,0.018419,0.015401,0.190357,0.048312,0.05449,0.040038,0.034915,0.015455,0.024174,0.0208,69.08,70.45,0.0451,6.9e-05,60.0
1,NOT_0001_3p_w600us_rf150_rep1_cond01,not_sim_01,Notch,4,train,1,ABC,600.0,150.0,0.462506,0.809949,1.751218,7.1654,181.2,60.0,59.9233,12.63,0.637059,0.121173,0.030681,0.03457,0.025381,0.041394,0.022322,0.020016,0.009716,0.018346,0.015432,0.190207,0.04816,0.054265,0.039841,0.035039,0.015251,0.024224,0.020745,69.04,70.15,0.045,7e-05,60.0
2,NOT_0001_3p_w600us_rf150_rep1_cond01,not_sim_01,Notch,4,train,1,ABC,600.0,150.0,0.462361,0.811136,1.754334,7.1672,181.4,60.0,60.0714,12.56,0.636837,0.121134,0.030738,0.03469,0.025348,0.041475,0.022269,0.020009,0.009722,0.018484,0.015519,0.190212,0.048267,0.054472,0.039803,0.034968,0.015266,0.024369,0.020758,69.06,70.24,0.0451,6.9e-05,60.0
3,NOT_0001_3p_w600us_rf150_rep1_cond01,not_sim_01,Notch,4,train,1,ABC,600.0,150.0,0.462543,0.810068,1.751336,7.1659,180.4,60.0,60.0722,12.63,0.637091,0.121228,0.030696,0.034567,0.025412,0.041433,0.022276,0.020157,0.009744,0.018374,0.015384,0.190284,0.048181,0.054258,0.039888,0.034965,0.015295,0.024147,0.020768,69.06,70.31,0.0451,5e-05,60.0
4,NOT_0001_3p_w600us_rf150_rep1_cond01,not_sim_01,Notch,4,train,1,ABC,600.0,150.0,0.462521,0.810647,1.75267,7.1693,180.4,60.0,60.0736,12.63,0.637053,0.121206,0.030687,0.034636,0.025484,0.041564,0.022246,0.020151,0.009801,0.018394,0.015388,0.19026,0.04817,0.054369,0.040003,0.03492,0.015385,0.024155,0.020781,69.05,70.06,0.0451,4.6e-05,60.0
5,NOT_0001_3p_w600us_rf150_rep1_cond01,not_sim_01,Notch,4,train,1,ABC,600.0,150.0,0.462522,0.810913,1.753243,7.1674,180.4,60.0,59.9337,12.61,0.637063,0.121243,0.030695,0.034615,0.025364,0.041448,0.022348,0.019981,0.009751,0.018364,0.015424,0.190316,0.048182,0.054335,0.039814,0.03508,0.015306,0.024211,0.02077,69.05,70.21,0.0451,5e-05,60.0
6,NOT_0001_3p_w600us_rf150_rep1_cond01,not_sim_01,Notch,4,train,1,ABC,600.0,150.0,0.462434,0.810124,1.75187,7.1793,181.2,60.0,59.9279,12.61,0.636938,0.121181,0.030757,0.034588,0.0255,0.041425,0.022243,0.020024,0.009815,0.018349,0.015387,0.190256,0.048289,0.054304,0.040035,0.034922,0.01541,0.024158,0.020759,69.06,70.29,0.0451,4.9e-05,60.0
7,NOT_0001_3p_w600us_rf150_rep1_cond01,not_sim_01,Notch,4,train,1,ABC,600.0,150.0,0.462484,0.807833,1.746725,7.1618,181.2,60.0,60.0759,12.54,0.637004,0.121221,0.030602,0.034589,0.025476,0.041583,0.022266,0.019999,0.009634,0.018318,0.015324,0.190299,0.048041,0.0543,0.039993,0.034954,0.015124,0.024056,0.020765,69.07,70.34,0.0451,4.9e-05,60.0
8,NOT_0001_3p_w600us_rf150_rep1_cond01,not_sim_01,Notch,4,train,1,ABC,600.0,150.0,0.462546,0.809581,1.750272,7.1862,180.2,60.0,60.0726,12.62,0.637069,0.121298,0.030742,0.034586,0.025472,0.041534,0.022406,0.020012,0.009714,0.018372,0.015416,0.1904,0.048255,0.054289,0.039983,0.03517,0.015248,0.024198,0.0208,69.07,70.35,0.0451,5.1e-05,60.0
9,NOT_0001_3p_w600us_rf150_rep1_cond01,not_sim_01,Notch,4,train,1,ABC,600.0,150.0,0.462522,0.808828,1.748734,7.175,180.2,60.0,60.0763,12.64,0.637072,0.121182,0.030708,0.03464,0.025446,0.041392,0.022335,0.019905,0.009713,0.018289,0.015425,0.190217,0.048202,0.054374,0.039942,0.035059,0.015246,0.024212,0.020751,69.06,70.42,0.0451,4.5e-05,60.0
10,NOT_0001_3p_w600us_rf150_rep1_cond01,not_sim_01,Notch,4,train,1,ABC,600.0,150.0,0.462535,0.811108,1.753613,7.1587,180.2,60.0,59.925,12.59,0.63709,0.12119,0.030658,0.034642,0.025384,0.041425,0.022265,0.020019,0.009714,0.018336,0.015411,0.190224,0.048122,0.054375,0.039844,0.034948,0.015247,0.02419,0.020752,69.06,70.39,0.0451,4.6e-05,60.0
11,NOT_0001_3p_w600us_rf150_rep1_cond01,not_sim_01,Notch,4,train,1,ABC,600.0,150.0,0.462503,0.81243,1.756594,7.165,181.2,60.0,59.9261,12.59,0.637005,0.121267,0.030734,0.034659,0.025366,0.041616,0.022252,0.020083,0.009704,0.018349,0.015443,0.190371,0.048248,0.054409,0.039821,0.034932,0.015234,0.024243,0.020795,69.1,70.62,0.0452,4.5e-05,60.0
12,NOT_0001_3p_w600us_rf150_rep1_cond01,not_sim_01,Notch,4,train,1,ABC,600.0,150.0,0.462488,0.811091,1.753757,7.1698,181.2,60.0,60.0769,12.53,0.637012,0.121163,0.030708,0.034604,0.02544,0.041597,0.022267,0.020158,0.009779,0.018243,0.015357,0.190205,0.048206,0.054322,0.039936,0.034955,0.015351,0.024108,0.020765,69.08,70.44,0.0451,4.6e-05,60.0
13,NOT_0001_3p_w600us_rf150_rep1_cond01,not_sim_01,Notch,4,train,1,ABC,600.0,150.0,0.462498,0.811348,1.754275,7.1689,180.6,60.0,60.0763,12.63,0.637026,0.121197,0.030718,0.034661,0.025454,0.04143,0.022226,0.019999,0.009833,0.018403,0.015447,0.190254,0.048221,0.054411,0.039958,0.03489,0.015436,0.024249,0.020766,69.07,70.27,0.0451,4.8e-05,60.0
14,NOT_0001_3p_w600us_rf150_rep1_cond01,not_sim_01,Notch,4,train,1,ABC,600.0,150.0,0.462448,0.810799,1.753275,7.196,180.4,60.0,60.0756,12.63,0.636937,0.121234,0.030811,0.034568,0.025501,0.041481,0.022387,0.019934,0.009748,0.018325,0.015473,0.190339,0.048374,0.054272,0.040037,0.035148,0.015304,0.024293,0.020782,69.09,70.46,0.0451,4.7e-05,60.0
15,NOT_0001_3p_w600us_rf150_rep1_cond01,not_sim_01,Notch,4,train,1,ABC,600.0,150.0,0.462481,0.809944,1.751303,7.1742,180.2,60.0,59.9256,12.59,0.637023,0.121081,0.030767,0.034634,0.025431,0.04151,0.022254,0.020047,0.009704,0.018338,0.015396,0.190073,0.048298,0.054369,0.039922,0.034934,0.015233,0.024169,0.020741,69.06,70.22,0.0451,4.4e-05,60.0
16,NOT_0001_3p_w600us_rf150_rep1_cond01,not_sim_01,Notch,4,train,1,ABC,600.0,150.0,0.462477,0.809012,1.749302,7.1918,181.2,60.0,59.9204,12.58,0.636981,0.121234,0.03079,0.034671,0.025485,0.04159,0.022385,0.019951,0.009618,0.01827,0.015426,0.190326,0.048337,0.05443,0.040009,0.035142,0.015099,0.024217,0.02079,69.06,70.27,0.0451,4.6e-05,60.0
17,NOT_0001_3p_w600us_rf150_rep1_cond01,not_sim_01,Notch,4,train,1,ABC,600.0,150.0,0.462461,0.811253,1.754207,7.1533,181.2,60.0,59.9236,12.65,0.63697,0.121257,0.030636,0.034685,0.025363,0.041432,0.022231,0.020002,0.009794,0.018435,0.015312,0.190365,0.048096,0.054453,0.039818,0.034901,0.015376,0.024039,0.020769,69.07,70.38,0.0451,4.6e-05,60.0
18,NOT_0001_3p_w600us_rf150_rep1_cond01,not_sim_01,Notch,4,train,1,ABC,600.0,150.0,0.46242,0.810353,1.752417,7.1725,181.2,60.0,60.0787,12.6,0.636898,0.12127,0.030651,0.034539,0.025458,0.041628,0.022342,0.01996,0.009769,0.018389,0.015435,0.190407,0.048125,0.05423,0.039972,0.035079,0.015338,0.024235,0.020789,69.08,70.32,0.0451,4.5e-05,60.0
19,NOT_0001_3p_w600us_rf150_rep1_cond01,not_sim_01,Notch,4,train,1,ABC,600.0,150.0,0.462461,0.810023,1.751548,7.1835,180.4,60.0,60.0776,12.62,0.636958,0.121282,0.030735,0.034517,0.025466,0.041554,0.02237,0.019936,0.00966,0.018383,0.015401,0.190408,0.048253,0.05419,0.039981,0.03512,0.015166,0.024179,0.020787,69.07,70.36,0.0451,4.4e-05,60.0
20,NOT_0001_3p_w600us_rf150_rep1_cond01,not_sim_01,Notch,4,train,1,ABC,600.0,150.0,0.462496,0.810603,1.752671,7.1702,180.4,60.0,59.9209,12.57,0.637022,0.121234,0.030758,0.034624,0.025369,0.041456,0.022284,0.020009,0.009714,0.018362,0.0154,0.190314,0.048284,0.054353,0.039824,0.034982,0.015249,0.024175,0.02077,69.06,70.3,0.0451,4.7e-05,60.0
21,NOT_0001_3p_w600us_rf150_rep1_cond01,not_sim_01,Notch,4,train,1,ABC,600.0,150.0,0.46245,0.811371,1.754507,7.1764,181.4,60.0,59.921,12.58,0.636934,0.121289,0.030729,0.03461,0.025469,0.041503,0.022278,0.020081,0.009723,0.01844,0.015434,0.190426,0.048245,0.054338,0.039987,0.034977,0.015265,0.024232,0.020797,69.08,70.42,0.0451,4.6e-05,60.0
22,NOT_0001_3p_w600us_rf150_rep1_cond01,not_sim_01,Notch,4,train,1,ABC,600.0,150.0,0.46238,0.80944,1.750594,7.1655,181.4,60.0,59.9212,12.65,0.636855,0.121249,0.030693,0.034524,0.025407,0.041547,0.022247,0.020011,0.009656,0.018333,0.015377,0.190387,0.048195,0.05421,0.039894,0.034933,0.015162,0.024145,0.020768,69.07,70.36,0.0451,4.7e-05,60.0
23,NOT_0001_3p_w600us_rf150_rep1_cond01,not_sim_01,Notch,4,train,1,ABC,600.0,150.0,0.462386,0.810887,1.753702,7.1681,181.4,60.0,60.0788,12.59,0.636846,0.121277,0.030657,0.034631,0.025437,0.041551,0.022294,0.020029,0.009753,0.018355,0.015404,0.190434,0.048139,0.054379,0.039942,0.035007,0.015315,0.024188,0.020788,69.08,70.3,0.0451,4.7e-05,60.0
24,NOT_0001_3p_w600us_rf150_rep1_cond01,not_sim_01,Notch,4,train,1,ABC,600.0,150.0,0.462352,0.810068,1.75206,7.1738,180.4,60.0,60.0786,12.62,0.636821,0.121241,0.03074,0.034519,0.025376,0.04148,0.02232,0.020013,0.009635,0.018335,0.015294,0.190385,0.048271,0.054205,0.039848,0.035049,0.01513,0.024016,0.020762,69.06,70.31,0.0451,4.8e-05,60.0
25,NOT_0001_3p_w600us_rf150_rep1_cond01,not_sim_01,Notch,4,train,1,ABC,600.0,150.0,0.462489,0.812792,1.75743,7.1728,180.4,60.0,59.922,12.56,0.637002,0.121228,0.030663,0.034628,0.025483,0.041499,0.022318,0.020067,0.009727,0.018349,0.015368,0.19031,0.048136,0.054361,0.040005,0.035036,0.01527,0.024126,0.020775,69.09,70.51,0.0451,5.1e-05,60.0
26,NOT_0001_3p_w600us_rf150_rep1_cond01,not_sim_01,Notch,4,train,1,ABC,600.0,150.0,0.462387,0.811963,1.756025,7.1654,181.0,60.0,59.9195,12.58,0.636859,0.121225,0.030687,0.03468,0.025347,0.041541,0.022321,0.019963,0.009748,0.01846,0.015358,0.190348,0.048185,0.054455,0.0398,0.035049,0.015306,0.024115,0.020776,69.08,70.45,0.0451,5.2e-05,60.0
27,NOT_0001_3p_w600us_rf150_rep1_cond01,not_sim_01,Notch,4,train,1,ABC,600.0,150.0,0.462405,0.811036,1.753951,7.1649,181.4,60.0,59.9222,12.63,0.636879,0.121293,0.03069,0.034545,0.025417,0.041514,0.022233,0.020065,0.009684,0.018365,0.015332,0.190449,0.048188,0.054241,0.039909,0.034909,0.015205,0.024074,0.02078,69.07,70.36,0.0451,4.8e-05,60.0
28,NOT_0001_3p_w600us_rf150_rep1_cond01,not_sim_01,Notch,4,train,1,ABC,600.0,150.0,0.462417,0.809137,1.749798,7.1809,181.4,60.0,60.0769,12.57,0.636895,0.121228,0.030737,0.034678,0.025489,0.041503,0.022298,0.020064,0.009713,0.018391,0.015463,0.190342,0.048261,0.054449,0.040021,0.03501,0.015251,0.024279,0.020787,69.08,70.38,0.0451,5e-05,60.0
29,NOT_0001_3p_w600us_rf150_rep1_cond01,not_sim_01,Notch,4,train,1,ABC,600.0,150.0,0.462442,0.809164,1.749762,7.1777,180.4,60.0,60.0756,12.62,0.636949,0.121165,0.030725,0.034619,0.025444,0.041539,0.022332,0.02004,0.009728,0.018359,0.015424,0.190227,0.048238,0.054351,0.039947,0.035061,0.015273,0.024215,0.020766,69.07,70.32,0.0451,4.9e-05,60.0
30,NOT_0001_3p_w600us_rf150_rep1_cond01,not_sim_01,Notch,4,train,1,ABC,600.0,150.0,0.462435,0.810787,1.7533,7.1616,180.4,60.0,60.0757,12.63,0.636952,0.121126,0.030739,0.034566,0.025327,0.041552,0.022236,0.020072,0.009646,0.01837,0.015332,0.190165,0.04826,0.054268,0.039763,0.03491,0.015144,0.024071,0.020742,69.08,70.41,0.0451,5.2e-05,60.0
31,NOT_0001_3p_w600us_rf150_rep1_cond01,not_sim_01,Notch,4,train,1,ABC,600.0,150.0,0.462446,0.810087,1.751743,7.1602,180.4,60.0,59.9185,12.59,0.636968,0.121182,0.030661,0.03454,0.025396,0.041484,0.02225,0.02009,0.009735,0.018426,0.015334,0.190248,0.048136,0.054226,0.03987,0.034931,0.015283,0.024073,0.020752,69.06,70.33,0.045,5e-05,60.0
32,NOT_0002_3p_w650us_rf160_rep1_cond02,not_sim_02,Notch,4,test,2,ABC,650.0,160.0,0.492585,0.830588,1.686183,7.6735,156.0,60.0,59.8754,12.57,0.678785,0.127295,0.039816,0.032709,0.026588,0.043677,0.020513,0.021256,0.008319,0.023318,0.014797,0.187534,0.058658,0.048188,0.03917,0.03022,0.012256,0.021799,0.023178,68.78,68.22,0.0444,1.4e-05,60.0
33,NOT_0002_3p_w650us_rf160_rep1_cond02,not_sim_02,Notch,4,test,2,ABC,650.0,160.0,0.492421,0.829506,1.684548,7.6732,157.6,60.0,59.8813,12.64,0.678569,0.127232,0.039746,0.032802,0.026565,0.043613,0.02063,0.021233,0.008263,0.023412,0.014838,0.1875,0.058573,0.04834,0.039149,0.030402,0.012177,0.021867,0.023164,68.76,68.04,0.0444,1.2e-05,60.0
34,NOT_0002_3p_w650us_rf160_rep1_cond02,not_sim_02,Notch,4,test,2,ABC,650.0,160.0,0.492387,0.82802,1.681644,7.6672,157.8,60.0,60.1217,12.53,0.678519,0.12732,0.039719,0.032513,0.026535,0.043606,0.020609,0.021193,0.008185,0.023352,0.014708,0.187644,0.058538,0.047918,0.039107,0.030374,0.012063,0.021677,0.023153,68.77,68.14,0.0444,1.5e-05,60.0
35,NOT_0002_3p_w650us_rf160_rep1_cond02,not_sim_02,Notch,4,test,2,ABC,650.0,160.0,0.492483,0.830333,1.686013,7.6764,154.6,60.0,60.1248,12.61,0.678635,0.127289,0.039758,0.032733,0.026674,0.043714,0.020535,0.021181,0.008293,0.023407,0.014905,0.187566,0.058585,0.048234,0.039305,0.030259,0.01222,0.021963,0.023186,68.79,68.16,0.0444,1.2e-05,60.0
36,NOT_0002_3p_w650us_rf160_rep1_cond02,not_sim_02,Notch,4,test,2,ABC,650.0,160.0,0.492422,0.828664,1.682834,7.6883,154.8,60.0,60.1209,12.61,0.678545,0.127312,0.039829,0.032689,0.02661,0.04359,0.020667,0.021153,0.008305,0.023365,0.014799,0.187625,0.058698,0.048175,0.039216,0.030458,0.012239,0.02181,0.02318,68.8,68.34,0.0445,1.3e-05,60.0
37,NOT_0002_3p_w650us_rf160_rep1_cond02,not_sim_02,Notch,4,test,2,ABC,650.0,160.0,0.492421,0.829425,1.684381,7.674,155.8,60.0,59.8741,12.57,0.678559,0.127261,0.039896,0.032712,0.026501,0.043685,0.020434,0.021301,0.008319,0.02337,0.014749,0.187546,0.058795,0.048208,0.039055,0.030114,0.01226,0.021736,0.023172,68.77,68.06,0.0444,1.2e-05,60.0
38,NOT_0002_3p_w650us_rf160_rep1_cond02,not_sim_02,Notch,4,test,2,ABC,650.0,160.0,0.492401,0.830715,1.68707,7.691,157.8,60.0,59.8773,12.6,0.678517,0.127266,0.039884,0.032692,0.026589,0.04364,0.020629,0.021226,0.008297,0.023378,0.014832,0.187565,0.058781,0.048182,0.039187,0.030403,0.012228,0.021859,0.023179,68.8,68.35,0.0445,1.4e-05,60.0
39,NOT_0002_3p_w650us_rf160_rep1_cond02,not_sim_02,Notch,4,test,2,ABC,650.0,160.0,0.492323,0.829118,1.684092,7.6795,157.8,60.0,60.1234,12.49,0.678415,0.127282,0.039821,0.032732,0.026553,0.043679,0.020581,0.021276,0.008212,0.023326,0.01472,0.187617,0.058697,0.048248,0.03914,0.030337,0.012105,0.021698,0.023175,68.77,68.08,0.0444,1.3e-05,60.0
40,NOT_0002_3p_w650us_rf160_rep1_cond02,not_sim_02,Notch,4,test,2,ABC,650.0,160.0,0.492411,0.829563,1.684695,7.6817,155.0,60.0,60.1233,12.61,0.678545,0.127236,0.039807,0.032801,0.026637,0.04364,0.020559,0.02118,0.008149,0.023412,0.014865,0.187513,0.058665,0.04834,0.039256,0.030299,0.01201,0.021907,0.02317,68.78,68.08,0.0444,1.3e-05,60.0
41,NOT_0002_3p_w650us_rf160_rep1_cond02,not_sim_02,Notch,4,test,2,ABC,650.0,160.0,0.492398,0.829849,1.68532,7.6829,154.4,60.0,60.1218,12.63,0.678514,0.127329,0.03983,0.032696,0.026589,0.043688,0.020593,0.021221,0.008214,0.023453,0.014896,0.187659,0.058702,0.048188,0.039187,0.03035,0.012106,0.021954,0.023198,68.77,68.01,0.0444,1.3e-05,60.0
42,NOT_0002_3p_w650us_rf160_rep1_cond02,not_sim_02,Notch,4,test,2,ABC,650.0,160.0,0.492413,0.830736,1.687071,7.6943,155.2,60.0,59.8794,12.57,0.678528,0.127279,0.039927,0.032793,0.026606,0.043676,0.020581,0.021244,0.008217,0.023404,0.014893,0.187581,0.058844,0.04833,0.039211,0.030332,0.01211,0.021949,0.023197,68.79,68.16,0.0445,1.3e-05,60.0
43,NOT_0002_3p_w650us_rf160_rep1_cond02,not_sim_02,Notch,4,test,2,ABC,650.0,160.0,0.492443,0.830777,1.687052,7.6829,157.6,60.0,59.8815,12.6,0.6786,0.127212,0.039832,0.032708,0.026676,0.043574,0.020494,0.021243,0.008268,0.023374,0.014837,0.187462,0.058697,0.048199,0.03931,0.0302,0.012184,0.021864,0.023156,68.78,68.26,0.0444,1.1e-05,60.0
44,NOT_0002_3p_w650us_rf160_rep1_cond02,not_sim_02,Notch,4,test,2,ABC,650.0,160.0,0.492355,0.830261,1.686305,7.6849,158.0,60.0,60.121,12.48,0.678455,0.127255,0.03982,0.032797,0.026578,0.043635,0.020649,0.021315,0.008187,0.023405,0.014816,0.187566,0.058692,0.048341,0.039174,0.030435,0.012067,0.021838,0.023181,68.79,68.28,0.0444,1.2e-05,60.0
45,NOT_0002_3p_w650us_rf160_rep1_cond02,not_sim_02,Notch,4,test,2,ABC,650.0,160.0,0.492335,0.829969,1.685782,7.701,156.0,60.0,60.123,12.62,0.678437,0.127179,0.039987,0.032799,0.026622,0.043649,0.020543,0.021166,0.008255,0.023418,0.014759,0.187459,0.05894,0.048345,0.03924,0.03028,0.012168,0.021754,0.023168,68.78,68.21,0.0444,1.2e-05,60.0
46,NOT_0002_3p_w650us_rf160_rep1_cond02,not_sim_02,Notch,4,test,2,ABC,650.0,160.0,0.492386,0.829119,1.683879,7.6932,154.4,60.0,60.1246,12.63,0.6785,0.127291,0.039915,0.032734,0.026697,0.043597,0.020463,0.02119,0.008375,0.02337,0.014805,0.187606,0.058828,0.048245,0.039347,0.030159,0.012343,0.02182,0.023184,68.77,68.05,0.0444,1.3e-05,60.0
47,NOT_0002_3p_w650us_rf160_rep1_cond02,not_sim_02,Notch,4,test,2,ABC,650.0,160.0,0.492322,0.829694,1.685267,7.6792,155.0,60.0,59.8749,12.56,0.678417,0.127276,0.039801,0.032684,0.026575,0.043644,0.020587,0.02126,0.008291,0.023414,0.014747,0.187607,0.058667,0.048177,0.039172,0.030346,0.012221,0.021737,0.023173,68.77,68.08,0.0444,1.3e-05,60.0
48,NOT_0002_3p_w650us_rf160_rep1_cond02,not_sim_02,Notch,4,test,2,ABC,650.0,160.0,0.492401,0.832057,1.689796,7.6769,157.8,60.0,59.8767,12.58,0.678539,0.127227,0.039785,0.032719,0.026566,0.043637,0.020611,0.021257,0.008178,0.023342,0.014775,0.187501,0.058633,0.04822,0.039152,0.030376,0.012052,0.021775,0.023157,68.78,68.15,0.0444,1.3e-05,60.0
49,NOT_0002_3p_w650us_rf160_rep1_cond02,not_sim_02,Notch,4,test,2,ABC,650.0,160.0,0.492295,0.828541,1.683017,7.6932,158.0,60.0,59.8808,12.69,0.678409,0.127093,0.039867,0.032645,0.026628,0.0436,0.020629,0.021219,0.008228,0.023449,0.014847,0.18734,0.058765,0.04812,0.039251,0.030408,0.012128,0.021885,0.023132,68.77,68.11,0.0444,1.3e-05,60.0
50,NOT_0002_3p_w650us_rf160_rep1_cond02,not_sim_02,Notch,4,test,2,ABC,650.0,160.0,0.492272,0.830993,1.688077,7.6724,156.6,60.0,60.122,12.63,0.678362,0.127222,0.039774,0.032695,0.02662,0.04357,0.020451,0.021284,0.008252,0.023425,0.014702,0.187543,0.058632,0.048197,0.039242,0.030148,0.012165,0.021673,0.023148,68.77,68.09,0.0444,1.3e-05,60.0
51,NOT_0002_3p_w650us_rf160_rep1_cond02,not_sim_02,Notch,4,test,2,ABC,650.0,160.0,0.492363,0.830884,1.687543,7.7007,154.8,60.0,60.1223,12.62,0.67847,0.127233,0.039918,0.032737,0.026647,0.043608,0.020646,0.021189,0.008206,0.023478,0.014858,0.187529,0.058835,0.048251,0.039275,0.03043,0.012095,0.021899,0.02318,68.79,68.2,0.0444,1.4e-05,60.0
52,NOT_0002_3p_w650us_rf160_rep1_cond02,not_sim_02,Notch,4,test,2,ABC,650.0,160.0,0.492297,0.829847,1.685666,7.7043,155.0,60.0,59.8801,12.57,0.678393,0.127214,0.040011,0.032621,0.026595,0.043601,0.02058,0.021224,0.008316,0.023231,0.014707,0.187523,0.058979,0.048086,0.039203,0.030336,0.012258,0.021679,0.023156,68.76,68.02,0.0444,1.3e-05,60.0
53,NOT_0002_3p_w650us_rf160_rep1_cond02,not_sim_02,Notch,4,test,2,ABC,650.0,160.0,0.492305,0.828472,1.682844,7.6959,157.4,60.0,59.8758,12.57,0.678406,0.1272,0.039884,0.03268,0.026621,0.043573,0.020649,0.021205,0.008227,0.023345,0.014761,0.187498,0.058791,0.048172,0.039241,0.030438,0.012127,0.021758,0.023152,68.77,68.05,0.0444,1.3e-05,60.0
54,NOT_0002_3p_w650us_rf160_rep1_cond02,not_sim_02,Notch,4,test,2,ABC,650.0,160.0,0.492356,0.83047,1.686725,7.7021,158.0,60.0,59.8779,12.67,0.678461,0.127269,0.039983,0.032783,0.026641,0.043591,0.02055,0.021209,0.008304,0.023459,0.0147,0.187585,0.058932,0.04832,0.039267,0.030289,0.012239,0.021667,0.023188,68.76,67.94,0.0444,1.1e-05,60.0
55,NOT_0002_3p_w650us_rf160_rep1_cond02,not_sim_02,Notch,4,test,2,ABC,650.0,160.0,0.492223,0.829386,1.684981,7.7052,157.2,60.0,60.1223,12.6,0.678283,0.127159,0.03989,0.032773,0.026685,0.043651,0.02069,0.021289,0.008236,0.023324,0.014769,0.187472,0.05881,0.048318,0.039342,0.030503,0.012142,0.021774,0.023163,68.79,68.19,0.0444,1.2e-05,60.0
56,NOT_0002_3p_w650us_rf160_rep1_cond02,not_sim_02,Notch,4,test,2,ABC,650.0,160.0,0.492345,0.828372,1.682503,7.7007,155.0,60.0,60.1238,12.61,0.678446,0.12728,0.039924,0.032824,0.02667,0.043517,0.020599,0.021202,0.008206,0.02335,0.014875,0.187605,0.058846,0.048381,0.03931,0.030362,0.012095,0.021925,0.023184,68.77,68.04,0.0444,1.7e-05,60.0
57,NOT_0002_3p_w650us_rf160_rep1_cond02,not_sim_02,Notch,4,test,2,ABC,650.0,160.0,0.492344,0.830497,1.686823,7.6972,154.8,60.0,59.8772,12.54,0.678438,0.127264,0.039958,0.032822,0.026554,0.043587,0.020623,0.021167,0.008283,0.023394,0.014931,0.187584,0.058897,0.048379,0.03914,0.030398,0.012209,0.022008,0.023187,68.79,68.24,0.0444,1.6e-05,60.0
58,NOT_0002_3p_w650us_rf160_rep1_cond02,not_sim_02,Notch,4,test,2,ABC,650.0,160.0,0.492342,0.829693,1.685197,7.6814,156.8,60.0,59.8797,12.57,0.678425,0.127317,0.039831,0.032761,0.026587,0.043738,0.020552,0.021232,0.008375,0.023496,0.014823,0.187666,0.058711,0.04829,0.039189,0.030294,0.012345,0.021849,0.023204,68.79,68.18,0.0444,1.8e-05,60.0
59,NOT_0002_3p_w650us_rf160_rep1_cond02,not_sim_02,Notch,4,test,2,ABC,650.0,160.0,0.492297,0.830248,1.686478,7.6991,158.0,60.0,59.8759,12.64,0.678378,0.127204,0.0399,0.032734,0.026602,0.043611,0.020694,0.0213,0.008269,0.023475,0.014913,0.187512,0.058817,0.048253,0.039214,0.030505,0.012189,0.021983,0.023178,68.79,68.09,0.0444,1.5e-05,60.0
60,NOT_0002_3p_w650us_rf160_rep1_cond02,not_sim_02,Notch,4,test,2,ABC,650.0,160.0,0.492335,0.830349,1.686552,7.6944,157.8,60.0,60.1234,12.57,0.678439,0.12722,0.039908,0.032693,0.026619,0.043618,0.020588,0.021154,0.008299,0.023414,0.014795,0.187519,0.058823,0.048189,0.039236,0.030346,0.012232,0.021807,0.023165,68.79,68.25,0.0444,1.5e-05,60.0
61,NOT_0002_3p_w650us_rf160_rep1_cond02,not_sim_02,Notch,4,test,2,ABC,650.0,160.0,0.492374,0.829445,1.684582,7.6922,154.8,60.0,60.1248,12.61,0.678487,0.127218,0.039809,0.032844,0.026725,0.043641,0.020613,0.021325,0.008302,0.023381,0.014865,0.187502,0.058673,0.048408,0.039389,0.030381,0.012236,0.021909,0.023183,68.78,68.01,0.0444,2e-05,60.0
62,NOT_0002_3p_w650us_rf160_rep1_cond02,not_sim_02,Notch,4,test,2,ABC,650.0,160.0,0.492273,0.831192,1.688477,7.6919,155.2,60.0,60.1243,12.6,0.678347,0.127285,0.03987,0.032565,0.026648,0.043637,0.020561,0.021102,0.008324,0.023313,0.014741,0.18764,0.058775,0.048006,0.039284,0.03031,0.012271,0.021731,0.023164,68.79,68.25,0.0444,1.8e-05,60.0
63,NOT_0002_3p_w650us_rf160_rep1_cond02,not_sim_02,Notch,4,test,2,ABC,650.0,160.0,0.492296,0.831589,1.689205,7.6967,156.6,60.0,59.8802,12.58,0.678375,0.127205,0.039884,0.032684,0.026654,0.043746,0.020615,0.021186,0.008176,0.023471,0.014868,0.187514,0.058793,0.04818,0.039291,0.030389,0.012052,0.021917,0.023177,68.8,68.24,0.0444,2e-05,60.0
64,NOT_0003_3p_w500us_rf175_rep1_cond03,not_sim_03,Notch,4,val,3,ABC,500.0,175.0,0.509875,0.89942,1.764,7.8716,138.0,60.0,59.9248,12.77,0.70305,0.13515,0.024323,0.028343,0.030015,0.033621,0.039625,0.019252,0.014692,0.015061,0.014851,0.192234,0.034596,0.040314,0.042693,0.056362,0.020898,0.021124,0.024296,68.33,66.1,0.0425,5.2e-05,60.0
65,NOT_0003_3p_w500us_rf175_rep1_cond03,not_sim_03,Notch,4,val,3,ABC,500.0,175.0,0.509776,0.90066,1.766774,7.8747,141.2,60.0,59.9263,12.81,0.702909,0.135163,0.024302,0.028357,0.030039,0.033602,0.039635,0.019057,0.014629,0.014929,0.014892,0.192291,0.034573,0.040342,0.042735,0.056387,0.020812,0.021186,0.024288,68.34,66.15,0.0425,5.8e-05,60.0
66,NOT_0003_3p_w500us_rf175_rep1_cond03,not_sim_03,Notch,4,val,3,ABC,500.0,175.0,0.5097,0.898873,1.763534,7.8663,141.6,60.0,60.0753,12.74,0.702809,0.13514,0.024313,0.028303,0.029956,0.033558,0.039597,0.019141,0.014723,0.015073,0.014765,0.192286,0.034594,0.040271,0.042623,0.056341,0.020949,0.021009,0.024275,68.33,66.09,0.0425,5.9e-05,60.0
67,NOT_0003_3p_w500us_rf175_rep1_cond03,not_sim_03,Notch,4,val,3,ABC,500.0,175.0,0.509669,0.899519,1.764909,7.8762,138.2,60.0,60.0734,12.8,0.702773,0.135013,0.024268,0.028508,0.029976,0.033747,0.039703,0.019004,0.0148,0.015035,0.014684,0.192115,0.034532,0.040565,0.042654,0.056495,0.021059,0.020894,0.024266,68.34,66.23,0.0425,3.8e-05,60.0
68,NOT_0003_3p_w500us_rf175_rep1_cond03,not_sim_03,Notch,4,val,3,ABC,500.0,175.0,0.509726,0.899591,1.764851,7.8731,136.6,60.0,60.0774,12.83,0.702863,0.134986,0.024196,0.028401,0.030021,0.033709,0.039693,0.019121,0.014784,0.014979,0.014831,0.192052,0.034425,0.040408,0.042712,0.056473,0.021034,0.021101,0.024255,68.34,66.24,0.0425,3.9e-05,60.0
69,NOT_0003_3p_w500us_rf175_rep1_cond03,not_sim_03,Notch,4,val,3,ABC,500.0,175.0,0.509705,0.898902,1.763575,7.8836,137.8,60.0,59.9244,12.78,0.702831,0.135001,0.024338,0.028357,0.030001,0.033687,0.03972,0.019062,0.014749,0.014998,0.014788,0.192082,0.034629,0.040347,0.042686,0.056514,0.020985,0.021041,0.024259,68.33,66.09,0.0425,3.9e-05,60.0
70,NOT_0003_3p_w500us_rf175_rep1_cond03,not_sim_03,Notch,4,val,3,ABC,500.0,175.0,0.509718,0.900337,1.766344,7.8801,140.8,60.0,59.9281,12.81,0.702864,0.134965,0.02433,0.028282,0.029998,0.033616,0.039696,0.019161,0.014738,0.014976,0.014916,0.192022,0.034616,0.040238,0.04268,0.056477,0.020968,0.021222,0.024244,68.32,65.94,0.0424,4e-05,60.0
71,NOT_0003_3p_w500us_rf175_rep1_cond03,not_sim_03,Notch,4,val,3,ABC,500.0,175.0,0.509664,0.900436,1.766725,7.8747,141.4,60.0,60.0727,12.73,0.702767,0.135073,0.024333,0.028307,0.029845,0.033803,0.039747,0.01911,0.014727,0.014934,0.014772,0.192202,0.034625,0.040279,0.042468,0.056558,0.020956,0.02102,0.024275,68.32,65.9,0.0425,4e-05,60.0
72,NOT_0003_3p_w500us_rf175_rep1_cond03,not_sim_03,Notch,4,val,3,ABC,500.0,175.0,0.50982,0.901115,1.767517,7.869,139.0,60.0,60.0723,12.81,0.703021,0.134973,0.024292,0.02823,0.030003,0.03358,0.039625,0.019146,0.014733,0.015123,0.014818,0.19199,0.034554,0.040155,0.042677,0.056364,0.020957,0.021078,0.024235,68.32,66.11,0.0424,6.9e-05,60.0
73,NOT_0003_3p_w500us_rf175_rep1_cond03,not_sim_03,Notch,4,val,3,ABC,500.0,175.0,0.509822,0.899135,1.763625,7.8829,136.6,60.0,60.0736,12.83,0.70301,0.135046,0.024348,0.028094,0.029928,0.03346,0.039781,0.019176,0.014804,0.014902,0.01486,0.192097,0.034634,0.039962,0.042571,0.056587,0.021058,0.021138,0.024247,68.33,66.09,0.0424,6.3e-05,60.0
74,NOT_0003_3p_w500us_rf175_rep1_cond03,not_sim_03,Notch,4,val,3,ABC,500.0,175.0,0.50978,0.900377,1.766205,7.8802,137.0,60.0,59.9266,12.77,0.702925,0.135115,0.024309,0.028352,0.030035,0.033581,0.039689,0.019006,0.014638,0.015173,0.014835,0.192218,0.034583,0.040334,0.042729,0.056463,0.020824,0.021105,0.024282,68.33,66.04,0.0425,6.6e-05,60.0
75,NOT_0003_3p_w500us_rf175_rep1_cond03,not_sim_03,Notch,4,val,3,ABC,500.0,175.0,0.509768,0.899428,1.764388,7.8745,140.0,60.0,59.9238,12.78,0.702903,0.135173,0.024339,0.02827,0.029938,0.033597,0.039686,0.019107,0.014648,0.015038,0.014863,0.192307,0.034626,0.040219,0.042592,0.05646,0.020839,0.021145,0.02429,68.33,66.16,0.0425,6.2e-05,60.0
76,NOT_0003_3p_w500us_rf175_rep1_cond03,not_sim_03,Notch,4,val,3,ABC,500.0,175.0,0.509654,0.898921,1.763788,7.883,141.4,60.0,60.0735,12.72,0.702743,0.135095,0.024329,0.028408,0.02997,0.033626,0.039734,0.019226,0.01462,0.015066,0.014803,0.19224,0.03462,0.040424,0.042647,0.056541,0.020804,0.021065,0.024287,68.33,65.95,0.0425,6.3e-05,60.0
77,NOT_0003_3p_w500us_rf175_rep1_cond03,not_sim_03,Notch,4,val,3,ABC,500.0,175.0,0.509752,0.9,1.765564,7.8952,139.2,60.0,60.0768,12.8,0.702893,0.135052,0.024346,0.0283,0.029986,0.033639,0.039847,0.019079,0.014691,0.015074,0.014849,0.192137,0.034637,0.040262,0.042661,0.05669,0.020901,0.021126,0.024279,68.32,66.01,0.0424,6.4e-05,60.0
78,NOT_0003_3p_w500us_rf175_rep1_cond03,not_sim_03,Notch,4,val,3,ABC,500.0,175.0,0.509811,0.901259,1.767831,7.8803,136.6,60.0,60.074,12.82,0.702984,0.134994,0.024325,0.028314,0.029963,0.033718,0.039741,0.019107,0.014821,0.015129,0.014845,0.19203,0.034602,0.040277,0.042623,0.056532,0.021083,0.021117,0.024265,68.33,66.06,0.0424,6.3e-05,60.0
79,NOT_0003_3p_w500us_rf175_rep1_cond03,not_sim_03,Notch,4,val,3,ABC,500.0,175.0,0.509761,0.898942,1.763458,7.878,136.6,60.0,59.9271,12.76,0.702881,0.135176,0.024176,0.028433,0.029958,0.033671,0.039802,0.019178,0.014652,0.015069,0.014759,0.192317,0.034396,0.040452,0.042622,0.056627,0.020846,0.020998,0.024308,68.34,66.07,0.0425,6.4e-05,60.0
80,NOT_0003_3p_w500us_rf175_rep1_cond03,not_sim_03,Notch,4,val,3,ABC,500.0,175.0,0.509779,0.900012,1.765495,7.8805,139.8,60.0,59.9269,12.78,0.702901,0.135185,0.024242,0.028327,0.029951,0.033599,0.039794,0.019137,0.014726,0.015113,0.014767,0.192324,0.034488,0.0403,0.042611,0.056614,0.02095,0.021009,0.024304,68.36,66.3,0.0425,6e-05,60.0
81,NOT_0003_3p_w500us_rf175_rep1_cond03,not_sim_03,Notch,4,val,3,ABC,500.0,175.0,0.509734,0.898991,1.763646,7.89,141.4,60.0,59.9234,12.84,0.702856,0.135061,0.024332,0.028399,0.030032,0.033596,0.039766,0.019051,0.014797,0.015039,0.014812,0.19216,0.034619,0.040405,0.042729,0.056578,0.021053,0.021074,0.024279,68.35,66.21,0.0425,6.5e-05,60.0
82,NOT_0003_3p_w500us_rf175_rep1_cond03,not_sim_03,Notch,4,val,3,ABC,500.0,175.0,0.509759,0.900609,1.766734,7.89,139.8,60.0,60.0758,12.78,0.702886,0.135167,0.024259,0.028246,0.030041,0.033601,0.039807,0.019041,0.014759,0.014924,0.014831,0.192303,0.034513,0.040186,0.04274,0.056634,0.020998,0.0211,0.024296,68.34,66.17,0.0425,6.2e-05,60.0
83,NOT_0003_3p_w500us_rf175_rep1_cond03,not_sim_03,Notch,4,val,3,ABC,500.0,175.0,0.509836,0.901801,1.768806,7.879,136.6,60.0,60.0744,12.81,0.703002,0.135113,0.024165,0.028317,0.030007,0.033735,0.039796,0.019081,0.014709,0.014974,0.014896,0.192194,0.034374,0.04028,0.042684,0.056609,0.020923,0.021189,0.02429,68.34,66.08,0.0425,6.1e-05,60.0
84,NOT_0003_3p_w500us_rf175_rep1_cond03,not_sim_03,Notch,4,val,3,ABC,500.0,175.0,0.509719,0.899326,1.764356,7.8969,136.8,60.0,59.9258,12.75,0.702824,0.135125,0.024296,0.028387,0.030028,0.033657,0.039855,0.019069,0.014741,0.015145,0.0148,0.19226,0.034569,0.04039,0.042725,0.056707,0.020974,0.021058,0.024307,68.34,66.11,0.0425,6e-05,60.0
85,NOT_0003_3p_w500us_rf175_rep1_cond03,not_sim_03,Notch,4,val,3,ABC,500.0,175.0,0.509721,0.89913,1.763964,7.8861,139.4,60.0,59.924,12.77,0.702828,0.135118,0.024296,0.028267,0.029953,0.033754,0.039806,0.019136,0.01467,0.014971,0.014778,0.192249,0.034569,0.040219,0.042618,0.056637,0.020873,0.021026,0.024291,68.36,66.26,0.0425,6.1e-05,60.0
86,NOT_0003_3p_w500us_rf175_rep1_cond03,not_sim_03,Notch,4,val,3,ABC,500.0,175.0,0.509733,0.899852,1.765339,7.8765,141.4,60.0,59.925,12.84,0.702868,0.135075,0.024354,0.028358,0.029969,0.033583,0.039669,0.019078,0.014734,0.015073,0.014863,0.192177,0.034649,0.040346,0.042638,0.056439,0.020963,0.021146,0.024271,68.32,66.02,0.0424,6e-05,60.0
87,NOT_0003_3p_w500us_rf175_rep1_cond03,not_sim_03,Notch,4,val,3,ABC,500.0,175.0,0.509717,0.900628,1.766918,7.9125,140.6,60.0,60.0771,12.76,0.702814,0.135063,0.024423,0.028554,0.030076,0.033586,0.039893,0.019088,0.01476,0.01503,0.014864,0.192175,0.03475,0.040628,0.042794,0.056762,0.021001,0.021149,0.024307,68.36,66.19,0.0425,6e-05,60.0
88,NOT_0003_3p_w500us_rf175_rep1_cond03,not_sim_03,Notch,4,val,3,ABC,500.0,175.0,0.509735,0.900605,1.766811,7.8747,137.4,60.0,60.0734,12.81,0.702866,0.13508,0.024315,0.028355,0.030014,0.033797,0.039641,0.019072,0.014818,0.01501,0.014774,0.192185,0.034594,0.040342,0.042702,0.056399,0.021082,0.02102,0.024283,68.32,65.99,0.0424,5.2e-05,60.0
89,NOT_0003_3p_w500us_rf175_rep1_cond03,not_sim_03,Notch,4,val,3,ABC,500.0,175.0,0.50963,0.898832,1.763695,7.8871,137.0,60.0,59.9242,12.74,0.7027,0.135159,0.024292,0.028272,0.030055,0.033653,0.039727,0.019084,0.014774,0.015061,0.014742,0.192342,0.03457,0.040233,0.042771,0.056535,0.021025,0.020979,0.024298,68.34,66.08,0.0425,5.6e-05,60.0
90,NOT_0003_3p_w500us_rf175_rep1_cond03,not_sim_03,Notch,4,val,3,ABC,500.0,175.0,0.509738,0.901855,1.769251,7.8857,138.6,60.0,59.9247,12.76,0.702823,0.135252,0.024159,0.028319,0.030042,0.033801,0.039818,0.019162,0.014825,0.015022,0.014948,0.192441,0.034374,0.040293,0.042745,0.056654,0.021094,0.021269,0.024345,68.36,66.15,0.0425,5.1e-05,60.0
91,NOT_0003_3p_w500us_rf175_rep1_cond03,not_sim_03,Notch,4,val,3,ABC,500.0,175.0,0.509713,0.902427,1.770461,7.8796,141.4,60.0,59.9256,12.83,0.702844,0.135055,0.024291,0.028327,0.029944,0.033584,0.039755,0.019062,0.014603,0.014948,0.014919,0.192155,0.034561,0.040303,0.042604,0.056563,0.020777,0.021227,0.02426,68.34,66.17,0.0424,5.4e-05,60.0
92,NOT_0003_3p_w500us_rf175_rep1_cond03,not_sim_03,Notch,4,val,3,ABC,500.0,175.0,0.509731,0.900362,1.766346,7.8719,141.0,60.0,60.0759,12.76,0.70285,0.135143,0.024268,0.028241,0.02993,0.033733,0.039704,0.019018,0.014814,0.015044,0.014935,0.192279,0.034528,0.040181,0.042584,0.05649,0.021077,0.021249,0.024291,68.34,66.17,0.0425,5.6e-05,60.0
93,NOT_0003_3p_w500us_rf175_rep1_cond03,not_sim_03,Notch,4,val,3,ABC,500.0,175.0,0.509633,0.900936,1.767814,7.8806,137.8,60.0,60.075,12.8,0.702715,0.135066,0.024334,0.028285,0.029965,0.033771,0.039708,0.019052,0.014757,0.015093,0.014842,0.192206,0.034629,0.040251,0.042642,0.056507,0.021,0.021121,0.024279,68.34,66.11,0.0425,5.8e-05,60.0
94,NOT_0003_3p_w500us_rf175_rep1_cond03,not_sim_03,Notch,4,val,3,ABC,500.0,175.0,0.509691,0.901874,1.769452,7.8739,136.8,60.0,60.072,12.83,0.702817,0.13503,0.024347,0.028346,0.030007,0.033617,0.039612,0.019116,0.014831,0.014953,0.014918,0.192127,0.034642,0.040332,0.042695,0.056362,0.021102,0.021226,0.024261,68.33,66.16,0.0424,5.7e-05,60.0
95,NOT_0003_3p_w500us_rf175_rep1_cond03,not_sim_03,Notch,4,val,3,ABC,500.0,175.0,0.509692,0.901847,1.769398,7.8826,138.2,60.0,59.9259,12.77,0.702783,0.13515,0.024294,0.028267,0.029929,0.033804,0.039786,0.019111,0.014751,0.014973,0.014805,0.192307,0.034568,0.040222,0.042586,0.056612,0.020989,0.021066,0.024302,68.35,66.27,0.0425,5.6e-05,60.0
96,NOT_0004_3p_w700us_rf165_rep1_cond04,not_sim_04,Notch,4,train,4,ABC,700.0,165.0,0.470662,0.724729,1.539808,8.5232,187.6,60.0,59.8566,14.16,0.654027,0.095927,0.043523,0.02716,0.022985,0.02396,0.026169,0.01874,0.009024,0.014178,0.013791,0.146671,0.066546,0.041527,0.035144,0.040012,0.013798,0.021086,0.014445,66.15,57.27,0.0334,2.9e-05,60.0
97,NOT_0004_3p_w700us_rf165_rep1_cond04,not_sim_04,Notch,4,train,4,ABC,700.0,165.0,0.470574,0.72498,1.540629,8.5427,187.4,60.0,59.8573,14.22,0.653906,0.095876,0.043627,0.027118,0.02304,0.02395,0.026198,0.01871,0.008943,0.01412,0.01373,0.14662,0.066718,0.041471,0.035234,0.040064,0.013676,0.020997,0.01444,66.14,57.16,0.0334,3.4e-05,60.0
98,NOT_0004_3p_w700us_rf165_rep1_cond04,not_sim_04,Notch,4,train,4,ABC,700.0,165.0,0.47066,0.726442,1.543456,8.5342,187.6,60.0,60.1406,14.13,0.654022,0.095927,0.043604,0.02708,0.023002,0.023992,0.026172,0.018734,0.008987,0.01413,0.013793,0.146672,0.066671,0.041405,0.03517,0.040017,0.013741,0.02109,0.014448,66.14,57.12,0.0334,3.1e-05,60.0
99,NOT_0004_3p_w700us_rf165_rep1_cond04,not_sim_04,Notch,4,train,4,ABC,700.0,165.0,0.470683,0.72732,1.545245,8.5372,186.8,60.0,60.14,14.22,0.654061,0.095877,0.043538,0.027151,0.023101,0.024005,0.026244,0.018725,0.008941,0.014171,0.01383,0.146587,0.066566,0.041511,0.035319,0.040125,0.01367,0.021145,0.014446,66.14,57.15,0.0333,3.6e-05,60.0
100,NOT_0004_3p_w700us_rf165_rep1_cond04,not_sim_04,Notch,4,train,4,ABC,700.0,165.0,0.470735,0.724732,1.539575,8.5356,187.2,60.0,60.1422,14.2,0.654141,0.095865,0.043598,0.027141,0.023054,0.023983,0.026178,0.018644,0.008988,0.014115,0.013745,0.146551,0.066649,0.041491,0.035243,0.040019,0.01374,0.021012,0.014436,66.14,57.3,0.0333,3.6e-05,60.0
101,NOT_0004_3p_w700us_rf165_rep1_cond04,not_sim_04,Notch,4,train,4,ABC,700.0,165.0,0.470708,0.725285,1.54084,8.5235,187.0,60.0,59.8586,14.17,0.654089,0.09595,0.043538,0.027162,0.023012,0.024156,0.026136,0.018712,0.008971,0.014083,0.013743,0.146693,0.066563,0.041526,0.035182,0.039958,0.013715,0.021011,0.014454,66.14,57.11,0.0334,3.3e-05,60.0
102,NOT_0004_3p_w700us_rf165_rep1_cond04,not_sim_04,Notch,4,train,4,ABC,700.0,165.0,0.470652,0.725677,1.541854,8.549,187.6,60.0,59.857,14.18,0.654002,0.095872,0.043596,0.027242,0.023068,0.023969,0.02633,0.018723,0.009036,0.014183,0.013852,0.146593,0.06666,0.041654,0.035272,0.04026,0.013816,0.02118,0.014459,66.17,57.35,0.0334,3.5e-05,60.0
103,NOT_0004_3p_w700us_rf165_rep1_cond04,not_sim_04,Notch,4,train,4,ABC,700.0,165.0,0.470638,0.725161,1.540805,8.5501,187.6,60.0,60.1428,14.07,0.653985,0.095842,0.043643,0.02723,0.023043,0.024037,0.026285,0.01877,0.009064,0.01428,0.013675,0.146551,0.066734,0.041637,0.035235,0.040192,0.01386,0.02091,0.014457,66.16,57.29,0.0334,3.3e-05,60.0
104,NOT_0004_3p_w700us_rf165_rep1_cond04,not_sim_04,Notch,4,train,4,ABC,700.0,165.0,0.470646,0.725033,1.540508,8.5397,187.2,60.0,60.1432,14.21,0.654012,0.095848,0.043629,0.027184,0.023076,0.023949,0.02614,0.018748,0.009053,0.014227,0.013729,0.146554,0.06671,0.041565,0.035284,0.039969,0.013842,0.020992,0.014443,66.13,57.1,0.0333,3e-05,60.0
105,NOT_0004_3p_w700us_rf165_rep1_cond04,not_sim_04,Notch,4,train,4,ABC,700.0,165.0,0.470699,0.72477,1.539774,8.5398,187.0,60.0,60.1415,14.21,0.654086,0.095863,0.043595,0.027144,0.023085,0.024087,0.026204,0.018656,0.009082,0.014079,0.013762,0.14656,0.06665,0.041499,0.035294,0.040062,0.013885,0.02104,0.014445,66.13,57.0,0.0333,3e-05,60.0
106,NOT_0004_3p_w700us_rf165_rep1_cond04,not_sim_04,Notch,4,train,4,ABC,700.0,165.0,0.470684,0.72564,1.541674,8.527,187.0,60.0,59.8582,14.16,0.654074,0.095827,0.043568,0.027161,0.022951,0.023987,0.026185,0.018753,0.00904,0.014164,0.013829,0.146508,0.06661,0.041526,0.035089,0.040034,0.013821,0.021143,0.014432,66.14,57.1,0.0333,3.4e-05,60.0
107,NOT_0004_3p_w700us_rf165_rep1_cond04,not_sim_04,Notch,4,train,4,ABC,700.0,165.0,0.470618,0.72536,1.541291,8.5405,187.4,60.0,59.8574,14.16,0.653962,0.095964,0.043597,0.027129,0.023041,0.023985,0.026226,0.018639,0.009039,0.014086,0.013844,0.146742,0.066666,0.041484,0.035233,0.040103,0.013822,0.021169,0.014459,66.14,57.1,0.0333,3.3e-05,60.0
108,NOT_0004_3p_w700us_rf165_rep1_cond04,not_sim_04,Notch,4,train,4,ABC,700.0,165.0,0.470617,0.724286,1.539013,8.5359,187.4,60.0,60.1441,14.04,0.653959,0.095958,0.04356,0.02714,0.023021,0.023998,0.026242,0.018748,0.009043,0.014093,0.013678,0.146734,0.06661,0.041501,0.035203,0.040128,0.013828,0.020916,0.014455,66.15,57.24,0.0334,3.4e-05,60.0
109,NOT_0004_3p_w700us_rf165_rep1_cond04,not_sim_04,Notch,4,train,4,ABC,700.0,165.0,0.470674,0.725881,1.542218,8.5386,187.0,60.0,60.1429,14.21,0.654041,0.095876,0.043629,0.027264,0.023062,0.023957,0.026143,0.018702,0.008918,0.014286,0.013797,0.14659,0.066707,0.041685,0.035261,0.039972,0.013635,0.021095,0.014452,66.16,57.26,0.0334,3.8e-05,60.0
110,NOT_0004_3p_w700us_rf165_rep1_cond04,not_sim_04,Notch,4,train,4,ABC,700.0,165.0,0.470617,0.725038,1.540611,8.5517,187.0,60.0,60.1448,14.2,0.653953,0.095895,0.043639,0.027152,0.023166,0.024108,0.026201,0.018726,0.009042,0.014185,0.013722,0.146639,0.066731,0.04152,0.035425,0.040066,0.013827,0.020983,0.014464,66.15,57.14,0.0334,3.8e-05,60.0
111,NOT_0004_3p_w700us_rf165_rep1_cond04,not_sim_04,Notch,4,train,4,ABC,700.0,165.0,0.470605,0.724633,1.53979,8.5325,187.4,60.0,59.8569,14.15,0.653963,0.095806,0.043559,0.027153,0.02305,0.023969,0.02617,0.018712,0.009027,0.014131,0.013756,0.146501,0.066608,0.041521,0.035247,0.040018,0.013804,0.021035,0.014425,66.15,57.25,0.0333,3.9e-05,60.0
112,NOT_0004_3p_w700us_rf165_rep1_cond04,not_sim_04,Notch,4,train,4,ABC,700.0,165.0,0.47058,0.725395,1.541492,8.5348,187.4,60.0,59.8576,14.15,0.653908,0.095915,0.043623,0.027096,0.022932,0.024081,0.026189,0.018734,0.009038,0.014158,0.013826,0.14668,0.066711,0.041437,0.035069,0.04005,0.013822,0.021144,0.014453,66.15,57.15,0.0334,3.9e-05,60.0
113,NOT_0004_3p_w700us_rf165_rep1_cond04,not_sim_04,Notch,4,train,4,ABC,700.0,165.0,0.470619,0.724517,1.5395,8.5375,187.6,60.0,59.8581,14.26,0.653965,0.09589,0.043605,0.027162,0.023078,0.024007,0.02614,0.018693,0.009081,0.014197,0.013748,0.146629,0.066678,0.041534,0.035289,0.039972,0.013886,0.021023,0.014449,66.15,57.2,0.0334,3.4e-05,60.0
114,NOT_0004_3p_w700us_rf165_rep1_cond04,not_sim_04,Notch,4,train,4,ABC,700.0,165.0,0.470579,0.725322,1.541339,8.5451,187.4,60.0,60.1413,14.23,0.653905,0.095869,0.043658,0.027174,0.023059,0.024131,0.026163,0.018655,0.009051,0.014188,0.013718,0.14661,0.066765,0.041556,0.035264,0.04001,0.013841,0.020979,0.014453,66.15,57.19,0.0334,4.1e-05,60.0
115,NOT_0004_3p_w700us_rf165_rep1_cond04,not_sim_04,Notch,4,train,4,ABC,700.0,165.0,0.470596,0.724527,1.539594,8.5474,187.0,60.0,60.1473,14.19,0.653912,0.095966,0.043607,0.027215,0.023048,0.024074,0.02629,0.018728,0.009089,0.014221,0.013722,0.146757,0.066686,0.041619,0.035246,0.040204,0.013899,0.020984,0.014478,66.17,57.3,0.0334,3.9e-05,60.0
116,NOT_0004_3p_w700us_rf165_rep1_cond04,not_sim_04,Notch,4,train,4,ABC,700.0,165.0,0.470544,0.725007,1.540784,8.5472,187.4,60.0,59.8561,14.13,0.653856,0.095844,0.043677,0.027224,0.023103,0.02407,0.026112,0.018749,0.009037,0.014107,0.013813,0.146583,0.066799,0.041636,0.035333,0.039935,0.013821,0.021125,0.014453,66.16,57.2,0.0334,3.8e-05,60.0
117,NOT_0004_3p_w700us_rf165_rep1_cond04,not_sim_04,Notch,4,train,4,ABC,700.0,165.0,0.470573,0.725482,1.541699,8.558,187.6,60.0,59.8557,14.13,0.653869,0.095998,0.043663,0.027168,0.023137,0.024036,0.026259,0.018725,0.009028,0.014195,0.013695,0.146815,0.066776,0.04155,0.035385,0.040159,0.013807,0.020945,0.014484,66.17,57.31,0.0334,4.4e-05,60.0
118,NOT_0004_3p_w700us_rf165_rep1_cond04,not_sim_04,Notch,4,train,4,ABC,700.0,165.0,0.470556,0.724531,1.539733,8.5584,187.8,60.0,59.8573,14.26,0.653866,0.095881,0.043718,0.027082,0.023137,0.024043,0.026172,0.018763,0.009089,0.014257,0.013867,0.146637,0.066861,0.041418,0.035385,0.040027,0.0139,0.021208,0.014466,66.16,57.13,0.0334,3.8e-05,60.0
119,NOT_0004_3p_w700us_rf165_rep1_cond04,not_sim_04,Notch,4,train,4,ABC,700.0,165.0,0.470631,0.723854,1.538049,8.5359,187.6,60.0,60.1466,14.22,0.653954,0.095999,0.043572,0.02725,0.023013,0.024023,0.026227,0.018828,0.008984,0.014094,0.013822,0.146798,0.066629,0.04167,0.035191,0.040105,0.013738,0.021136,0.014476,66.21,57.94,0.0334,3.3e-05,60.0
120,NOT_0004_3p_w700us_rf165_rep1_cond04,not_sim_04,Notch,4,train,4,ABC,700.0,165.0,0.470517,0.724833,1.540505,8.5411,187.4,60.0,60.1436,14.2,0.653806,0.096001,0.043597,0.027202,0.023105,0.023997,0.026149,0.018757,0.008926,0.014106,0.013889,0.146834,0.066682,0.041606,0.035339,0.039995,0.013652,0.021243,0.014474,66.14,56.99,0.0334,2.3e-05,60.0
121,NOT_0004_3p_w700us_rf165_rep1_cond04,not_sim_04,Notch,4,train,4,ABC,700.0,165.0,0.470614,0.725221,1.54101,8.5408,187.4,60.0,60.0018,14.46,0.653942,0.095937,0.043597,0.027212,0.023139,0.02411,0.026141,0.01872,0.009001,0.014195,0.013793,0.146706,0.066668,0.041612,0.035384,0.039974,0.013764,0.021092,0.014468,66.17,57.32,0.0334,2.3e-05,60.0
122,NOT_0004_3p_w700us_rf165_rep1_cond04,not_sim_04,Notch,4,train,4,ABC,700.0,165.0,0.470622,0.723571,1.537477,8.546,187.8,60.0,59.8578,14.15,0.653945,0.095987,0.043672,0.027199,0.023076,0.02417,0.026144,0.018712,0.009015,0.014197,0.013772,0.146781,0.066782,0.041592,0.035287,0.039979,0.013786,0.02106,0.014483,66.17,57.31,0.0334,2.1e-05,60.0
123,NOT_0004_3p_w700us_rf165_rep1_cond04,not_sim_04,Notch,4,train,4,ABC,700.0,165.0,0.470461,0.724225,1.539393,8.5418,187.6,60.0,59.8572,14.24,0.653742,0.095861,0.043593,0.027192,0.023087,0.024042,0.026171,0.018628,0.009091,0.014292,0.013793,0.146634,0.066682,0.041594,0.035315,0.040033,0.013906,0.021099,0.014449,66.16,57.16,0.0334,2.3e-05,60.0
124,NOT_0004_3p_w700us_rf165_rep1_cond04,not_sim_04,Notch,4,train,4,ABC,700.0,165.0,0.47052,0.725064,1.540984,8.5459,187.8,60.0,60.1439,14.18,0.653802,0.095979,0.043564,0.02723,0.023191,0.024146,0.026195,0.018799,0.00894,0.014253,0.013799,0.146801,0.066632,0.041649,0.035471,0.040066,0.013674,0.021106,0.014485,66.16,57.11,0.0334,2.1e-05,60.0
125,NOT_0004_3p_w700us_rf165_rep1_cond04,not_sim_04,Notch,4,train,4,ABC,700.0,165.0,0.470511,0.724041,1.53884,8.548,187.4,60.0,60.1451,14.19,0.653809,0.095893,0.043642,0.027138,0.023156,0.023991,0.026126,0.018706,0.009066,0.014241,0.013751,0.146668,0.06675,0.041508,0.035417,0.03996,0.013866,0.021032,0.014455,66.16,57.22,0.0334,2.6e-05,60.0
126,NOT_0004_3p_w700us_rf165_rep1_cond04,not_sim_04,Notch,4,train,4,ABC,700.0,165.0,0.470555,0.724044,1.538703,8.5306,187.2,60.0,60.1453,14.15,0.65387,0.095948,0.043585,0.027183,0.023009,0.024047,0.02612,0.018713,0.009172,0.014117,0.013782,0.146739,0.066657,0.041572,0.035189,0.039947,0.014027,0.021078,0.014458,66.15,57.16,0.0333,2.7e-05,60.0
127,NOT_0004_3p_w700us_rf165_rep1_cond04,not_sim_04,Notch,4,train,4,ABC,700.0,165.0,0.470612,0.725129,1.54082,8.5509,187.8,60.0,59.8529,14.15,0.653936,0.096016,0.04362,0.027187,0.023207,0.023979,0.026182,0.018721,0.009018,0.014155,0.013689,0.146828,0.066704,0.041574,0.035488,0.040038,0.01379,0.020933,0.01448,66.15,57.07,0.0334,2.6e-05,60.0
128,NOT_0005_3p_w450us_rf190_rep1_cond05,not_sim_05,Notch,4,train,5,ABC,450.0,190.0,0.490746,0.832849,1.697107,7.4551,161.4,60.0,59.9402,14.12,0.681152,0.111299,0.024845,0.021795,0.028663,0.021082,0.033762,0.018635,0.011425,0.015973,0.011112,0.163398,0.036475,0.031997,0.04208,0.049566,0.016773,0.016314,0.016742,66.32,58.17,0.0337,5.2e-05,60.0
129,NOT_0005_3p_w450us_rf190_rep1_cond05,not_sim_05,Notch,4,train,5,ABC,450.0,190.0,0.490713,0.83435,1.700282,7.4549,164.0,60.0,59.9371,14.14,0.681091,0.111414,0.024845,0.021621,0.028613,0.021105,0.033795,0.018671,0.011459,0.015854,0.011246,0.163582,0.036478,0.031745,0.042011,0.049619,0.016824,0.016512,0.016762,66.31,58.06,0.0337,5.1e-05,60.0
130,NOT_0005_3p_w450us_rf190_rep1_cond05,not_sim_05,Notch,4,train,5,ABC,450.0,190.0,0.490724,0.832387,1.696244,7.4515,164.0,60.0,60.0641,14.08,0.681131,0.111295,0.02483,0.021668,0.028584,0.020874,0.0338,0.018588,0.011428,0.016015,0.011147,0.163397,0.036454,0.031812,0.041965,0.049623,0.016778,0.016365,0.016725,66.31,58.14,0.0336,5e-05,60.0
131,NOT_0005_3p_w450us_rf190_rep1_cond05,not_sim_05,Notch,4,train,5,ABC,450.0,190.0,0.490688,0.833244,1.698113,7.4323,162.0,60.0,60.0642,14.13,0.681072,0.111358,0.024793,0.021711,0.028536,0.021124,0.033664,0.018658,0.011515,0.015868,0.011181,0.163504,0.036403,0.031878,0.041899,0.049428,0.016907,0.016417,0.016738,66.31,58.2,0.0337,5.6e-05,60.0
132,NOT_0005_3p_w450us_rf190_rep1_cond05,not_sim_05,Notch,4,train,5,ABC,450.0,190.0,0.490744,0.83373,1.698908,7.4287,161.4,60.0,60.0683,14.16,0.681148,0.111388,0.024756,0.021702,0.028566,0.021099,0.033638,0.018599,0.011571,0.015895,0.011224,0.16353,0.036345,0.031861,0.041938,0.049384,0.016987,0.016478,0.016742,66.31,58.16,0.0337,5.7e-05,60.0
133,NOT_0005_3p_w450us_rf190_rep1_cond05,not_sim_05,Notch,4,train,5,ABC,450.0,190.0,0.4907,0.833001,1.697577,7.4472,161.2,60.0,59.9317,14.12,0.681115,0.111188,0.024856,0.021639,0.028503,0.020968,0.033803,0.018677,0.011559,0.015896,0.011196,0.163244,0.036493,0.03177,0.041848,0.049629,0.016971,0.016438,0.016704,66.3,57.98,0.0336,6.2e-05,60.0
134,NOT_0005_3p_w450us_rf190_rep1_cond05,not_sim_05,Notch,4,train,5,ABC,450.0,190.0,0.490635,0.83514,1.702161,7.4412,163.8,60.0,59.9345,14.13,0.680999,0.111358,0.024766,0.021706,0.028564,0.020993,0.033744,0.018605,0.011509,0.015883,0.011187,0.163522,0.036367,0.031874,0.041944,0.049551,0.0169,0.016427,0.016736,66.3,58.02,0.0336,5.8e-05,60.0
135,NOT_0005_3p_w450us_rf190_rep1_cond05,not_sim_05,Notch,4,train,5,ABC,450.0,190.0,0.490691,0.834288,1.700231,7.4499,163.8,60.0,60.0617,14.07,0.681073,0.111317,0.024797,0.021715,0.028606,0.021114,0.033782,0.018715,0.011572,0.015842,0.011075,0.163444,0.036409,0.031884,0.042001,0.049601,0.016991,0.016261,0.016741,66.32,58.14,0.0337,5.8e-05,60.0
136,NOT_0005_3p_w450us_rf190_rep1_cond05,not_sim_05,Notch,4,train,5,ABC,450.0,190.0,0.490694,0.83443,1.700509,7.4389,162.6,60.0,60.0628,14.13,0.681085,0.111334,0.0248,0.021612,0.02851,0.021027,0.033751,0.018564,0.011522,0.016045,0.01125,0.163466,0.036412,0.031732,0.04186,0.049555,0.016917,0.016518,0.016733,66.31,58.15,0.0336,6.4e-05,60.0
137,NOT_0005_3p_w450us_rf190_rep1_cond05,not_sim_05,Notch,4,train,5,ABC,450.0,190.0,0.490714,0.83331,1.698158,7.4453,161.0,60.0,60.062,14.16,0.68111,0.11138,0.02483,0.021737,0.028464,0.020986,0.033835,0.01855,0.01149,0.015806,0.011148,0.163527,0.036455,0.031914,0.041791,0.049676,0.01687,0.016367,0.01674,66.3,58.05,0.0336,5.7e-05,60.0
138,NOT_0005_3p_w450us_rf190_rep1_cond05,not_sim_05,Notch,4,train,5,ABC,450.0,190.0,0.490651,0.835044,1.701911,7.4297,161.4,60.0,59.9409,14.11,0.68101,0.111397,0.0248,0.021721,0.028426,0.021109,0.033719,0.018703,0.011475,0.01594,0.011171,0.163576,0.036416,0.031895,0.041741,0.049513,0.01685,0.016404,0.016747,66.32,58.24,0.0337,5.4e-05,60.0
139,NOT_0005_3p_w450us_rf190_rep1_cond05,not_sim_05,Notch,4,train,5,ABC,450.0,190.0,0.490654,0.835027,1.701865,7.4392,163.4,60.0,59.9386,14.12,0.681009,0.111445,0.02482,0.021635,0.028481,0.021087,0.033756,0.01865,0.011406,0.015958,0.011184,0.163647,0.036446,0.031769,0.041822,0.049568,0.016749,0.016423,0.016757,66.31,58.11,0.0337,5.7e-05,60.0
140,NOT_0005_3p_w450us_rf190_rep1_cond05,not_sim_05,Notch,4,train,5,ABC,450.0,190.0,0.490628,0.83348,1.698803,7.4401,164.2,60.0,60.0547,14.1,0.681006,0.111248,0.024798,0.021746,0.02852,0.020987,0.033747,0.018568,0.01149,0.015933,0.01118,0.163358,0.036414,0.031932,0.041879,0.049555,0.016872,0.016417,0.016712,66.3,58.02,0.0336,5.6e-05,60.0
141,NOT_0005_3p_w450us_rf190_rep1_cond05,not_sim_05,Notch,4,train,5,ABC,450.0,190.0,0.490606,0.834347,1.700646,7.4498,163.4,60.0,60.0577,14.13,0.680931,0.111502,0.024856,0.021694,0.028571,0.021048,0.033752,0.018575,0.011528,0.015877,0.011068,0.163749,0.036503,0.031859,0.041959,0.049567,0.01693,0.016254,0.016772,66.31,58.09,0.0337,5.8e-05,60.0
142,NOT_0005_3p_w450us_rf190_rep1_cond05,not_sim_05,Notch,4,train,5,ABC,450.0,190.0,0.490675,0.833723,1.699135,7.4473,161.0,60.0,60.0577,14.16,0.68105,0.111364,0.024703,0.021753,0.028627,0.020982,0.033805,0.018671,0.01146,0.015928,0.011277,0.163518,0.036272,0.03194,0.042034,0.049637,0.016827,0.016558,0.016749,66.31,58.06,0.0336,5.2e-05,60.0
143,NOT_0005_3p_w450us_rf190_rep1_cond05,not_sim_05,Notch,4,train,5,ABC,450.0,190.0,0.490684,0.835947,1.703635,7.4438,161.4,60.0,59.9412,14.11,0.681073,0.111318,0.024799,0.021787,0.028562,0.020994,0.033756,0.018668,0.011614,0.015815,0.011042,0.163445,0.036412,0.031989,0.041937,0.049563,0.017053,0.016213,0.016733,66.31,58.11,0.0336,5.9e-05,60.0
144,NOT_0005_3p_w450us_rf190_rep1_cond05,not_sim_05,Notch,4,train,5,ABC,450.0,190.0,0.490649,0.835418,1.70268,7.4391,163.4,60.0,59.9426,14.12,0.681002,0.111434,0.02479,0.021729,0.028534,0.02098,0.03373,0.018606,0.011514,0.015987,0.011184,0.163632,0.036402,0.031907,0.0419,0.04953,0.016907,0.016423,0.016756,66.32,58.13,0.0337,5.5e-05,60.0
145,NOT_0005_3p_w450us_rf190_rep1_cond05,not_sim_05,Notch,4,train,5,ABC,450.0,190.0,0.490678,0.834003,1.699694,7.4524,164.0,60.0,59.9405,14.18,0.681051,0.11132,0.024781,0.021695,0.028573,0.021145,0.033846,0.01869,0.011524,0.015898,0.011188,0.163453,0.036386,0.031855,0.041954,0.049697,0.016921,0.016428,0.016746,66.33,58.24,0.0337,5.7e-05,60.0
146,NOT_0005_3p_w450us_rf190_rep1_cond05,not_sim_05,Notch,4,train,5,ABC,450.0,190.0,0.490658,0.83488,1.701552,7.432,163.8,60.0,60.0527,14.14,0.681029,0.111353,0.024734,0.021663,0.028487,0.021087,0.033742,0.018592,0.011603,0.01594,0.011232,0.163507,0.036319,0.031809,0.041829,0.049546,0.017037,0.016493,0.016736,66.32,58.25,0.0336,5.7e-05,60.0
147,NOT_0005_3p_w450us_rf190_rep1_cond05,not_sim_05,Notch,4,train,5,ABC,450.0,190.0,0.490599,0.833749,1.699451,7.4522,161.6,60.0,60.0513,14.16,0.680938,0.111354,0.024813,0.021777,0.028589,0.021169,0.033794,0.01865,0.011528,0.015877,0.011139,0.16353,0.036439,0.031981,0.041985,0.049629,0.01693,0.016358,0.016754,66.31,58.02,0.0337,4e-05,60.0
148,NOT_0005_3p_w450us_rf190_rep1_cond05,not_sim_05,Notch,4,train,5,ABC,450.0,190.0,0.49055,0.833524,1.699162,7.45,161.6,60.0,59.939,14.1,0.680874,0.111359,0.024777,0.021648,0.028525,0.02108,0.033845,0.018553,0.011508,0.0159,0.011198,0.163553,0.03639,0.031794,0.041895,0.049708,0.016902,0.016447,0.016742,66.31,58.07,0.0336,4.2e-05,60.0
149,NOT_0005_3p_w450us_rf190_rep1_cond05,not_sim_05,Notch,4,train,5,ABC,450.0,190.0,0.49064,0.835746,1.703379,7.428,162.8,60.0,59.9416,14.12,0.680993,0.111425,0.024704,0.021717,0.02852,0.021086,0.033691,0.018634,0.01154,0.015955,0.011247,0.163621,0.036276,0.03189,0.04188,0.049473,0.016946,0.016516,0.016752,66.32,58.12,0.0337,4e-05,60.0
150,NOT_0005_3p_w450us_rf190_rep1_cond05,not_sim_05,Notch,4,train,5,ABC,450.0,190.0,0.490568,0.833849,1.699763,7.4381,164.0,60.0,59.9351,14.17,0.680897,0.111344,0.024833,0.021795,0.028469,0.02108,0.033732,0.018678,0.011583,0.015831,0.011243,0.163525,0.036471,0.032009,0.041811,0.049541,0.017011,0.016512,0.016742,66.32,58.21,0.0337,4e-05,60.0
151,NOT_0005_3p_w450us_rf190_rep1_cond05,not_sim_05,Notch,4,train,5,ABC,450.0,190.0,0.49061,0.833889,1.699699,7.4478,164.0,60.0,60.0654,14.1,0.680961,0.111343,0.024762,0.021672,0.028536,0.021052,0.033833,0.018559,0.011489,0.015904,0.011219,0.163509,0.036363,0.031826,0.041905,0.049684,0.016872,0.016475,0.016737,66.32,58.19,0.0336,4.4e-05,60.0
152,NOT_0005_3p_w450us_rf190_rep1_cond05,not_sim_05,Notch,4,train,5,ABC,450.0,190.0,0.490674,0.834068,1.699841,7.4538,161.4,60.0,60.0635,14.14,0.681051,0.111305,0.0249,0.021659,0.028511,0.021113,0.033824,0.018696,0.011471,0.015972,0.011214,0.163431,0.036561,0.031802,0.041863,0.049664,0.016843,0.016466,0.016743,66.32,58.2,0.0336,4.4e-05,60.0
153,NOT_0005_3p_w450us_rf190_rep1_cond05,not_sim_05,Notch,4,train,5,ABC,450.0,190.0,0.490573,0.833305,1.698637,7.4444,161.6,60.0,59.9371,14.08,0.680906,0.111332,0.024769,0.021775,0.02854,0.021073,0.033785,0.01867,0.011521,0.015872,0.011235,0.163506,0.036377,0.031979,0.041915,0.049618,0.01692,0.0165,0.016742,66.31,58.04,0.0336,4.1e-05,60.0
154,NOT_0005_3p_w450us_rf190_rep1_cond05,not_sim_05,Notch,4,train,5,ABC,450.0,190.0,0.490596,0.834819,1.701643,7.4386,162.2,60.0,59.9357,14.11,0.680926,0.111424,0.024717,0.021733,0.028468,0.021091,0.033826,0.018731,0.011502,0.015898,0.011239,0.163636,0.036299,0.031917,0.041808,0.049676,0.016892,0.016505,0.01676,66.32,58.13,0.0337,4.2e-05,60.0
155,NOT_0005_3p_w450us_rf190_rep1_cond05,not_sim_05,Notch,4,train,5,ABC,450.0,190.0,0.490641,0.835226,1.702317,7.4582,164.0,60.0,59.9384,14.16,0.681007,0.111282,0.024717,0.021698,0.02861,0.021119,0.033914,0.018612,0.011526,0.015938,0.011218,0.163408,0.036295,0.031862,0.042011,0.0498,0.016925,0.016473,0.016739,66.32,58.04,0.0336,4.5e-05,60.0
156,NOT_0005_3p_w450us_rf190_rep1_cond05,not_sim_05,Notch,4,train,5,ABC,450.0,190.0,0.490623,0.833281,1.698414,7.4434,164.2,60.0,60.0593,14.11,0.680987,0.111327,0.02485,0.021699,0.028509,0.02115,0.033749,0.018617,0.011544,0.01595,0.011183,0.163479,0.036491,0.031864,0.041864,0.049559,0.016952,0.016422,0.01674,66.3,57.89,0.0336,4e-05,60.0
157,NOT_0005_3p_w450us_rf190_rep1_cond05,not_sim_05,Notch,4,train,5,ABC,450.0,190.0,0.490546,0.834216,1.700586,7.456,161.6,60.0,60.0547,14.14,0.680841,0.111393,0.024703,0.021897,0.028576,0.021157,0.033913,0.018681,0.011643,0.015984,0.011188,0.163611,0.036283,0.032162,0.041972,0.04981,0.017101,0.016433,0.016778,66.34,58.15,0.0337,4.7e-05,60.0
158,NOT_0005_3p_w450us_rf190_rep1_cond05,not_sim_05,Notch,4,train,5,ABC,450.0,190.0,0.490538,0.833996,1.700168,7.4437,161.8,60.0,60.0591,14.17,0.68085,0.111333,0.024708,0.021811,0.028461,0.021126,0.033882,0.018706,0.011556,0.015862,0.011268,0.163521,0.03629,0.032035,0.041802,0.049764,0.016973,0.01655,0.016748,66.33,58.22,0.0337,4.9e-05,60.0
159,NOT_0005_3p_w450us_rf190_rep1_cond05,not_sim_05,Notch,4,train,5,ABC,450.0,190.0,0.490606,0.834257,1.700462,7.4502,161.8,60.0,59.9336,14.11,0.680948,0.111375,0.024751,0.021756,0.028545,0.021123,0.033857,0.018585,0.011549,0.0158,0.011149,0.163559,0.036348,0.03195,0.04192,0.04972,0.01696,0.016373,0.01675,66.31,58.09,0.0336,4.8e-05,60.0
160,NOT_0006_3p_w550us_rf170_rep1_cond06,not_sim_06,Notch,4,test,6,ABC,550.0,170.0,0.52759,0.814082,1.54302,6.1001,102.4,60.0,59.8425,14.68,0.734792,0.115091,0.03076,0.018359,0.02861,0.017023,0.015632,0.016017,0.003313,0.012832,0.006325,0.156631,0.041862,0.024985,0.038936,0.021274,0.004509,0.008608,0.016354,63.61,37.85,0.0267,1.7e-05,60.0
161,NOT_0006_3p_w550us_rf170_rep1_cond06,not_sim_06,Notch,4,test,6,ABC,550.0,170.0,0.527469,0.812728,1.540808,6.1177,99.4,60.0,59.845,14.69,0.734626,0.115012,0.030779,0.018368,0.028744,0.01698,0.015692,0.015918,0.003234,0.012931,0.00632,0.156559,0.041898,0.025003,0.039127,0.021361,0.004402,0.008603,0.016344,63.61,37.8,0.0267,1.5e-05,60.0
162,NOT_0006_3p_w550us_rf170_rep1_cond06,not_sim_06,Notch,4,test,6,ABC,550.0,170.0,0.527553,0.812289,1.539731,6.1202,96.2,60.0,60.1578,14.74,0.734738,0.115026,0.030885,0.018409,0.028693,0.017092,0.015649,0.016007,0.003222,0.012919,0.00634,0.156554,0.042035,0.025055,0.039052,0.021299,0.004385,0.008629,0.016358,63.61,37.82,0.0267,1.6e-05,60.0
163,NOT_0006_3p_w550us_rf170_rep1_cond06,not_sim_06,Notch,4,test,6,ABC,550.0,170.0,0.527507,0.812563,1.540382,6.1213,95.2,60.0,60.1586,14.7,0.734661,0.115099,0.030779,0.018378,0.028768,0.017086,0.015731,0.016009,0.00318,0.012902,0.006318,0.15667,0.041896,0.025016,0.039158,0.021413,0.004329,0.0086,0.016373,63.61,37.86,0.0267,1.4e-05,60.0
164,NOT_0006_3p_w550us_rf170_rep1_cond06,not_sim_06,Notch,4,test,6,ABC,550.0,170.0,0.527537,0.812883,1.540902,6.1251,98.6,60.0,60.1583,14.56,0.734699,0.115094,0.030809,0.018395,0.028744,0.01717,0.0158,0.016138,0.00323,0.012996,0.006408,0.156655,0.041934,0.025037,0.039124,0.021505,0.004396,0.008722,0.016386,63.61,37.74,0.0267,1.6e-05,60.0
165,NOT_0006_3p_w550us_rf170_rep1_cond06,not_sim_06,Notch,4,test,6,ABC,550.0,170.0,0.527552,0.812462,1.540059,6.1146,101.8,60.0,59.843,14.71,0.734747,0.11496,0.030775,0.018463,0.028697,0.017078,0.015743,0.016118,0.003206,0.012825,0.006349,0.156462,0.041885,0.025128,0.039057,0.021426,0.004363,0.008641,0.016342,63.61,37.92,0.0267,1.7e-05,60.0
166,NOT_0006_3p_w550us_rf170_rep1_cond06,not_sim_06,Notch,4,test,6,ABC,550.0,170.0,0.527481,0.812785,1.540881,6.1121,99.8,60.0,59.8412,14.66,0.734632,0.115069,0.030762,0.018385,0.028727,0.017025,0.015639,0.016014,0.003218,0.012977,0.006279,0.156635,0.041874,0.025026,0.039104,0.021288,0.00438,0.008547,0.016359,63.61,37.83,0.0267,1.5e-05,60.0
167,NOT_0006_3p_w550us_rf170_rep1_cond06,not_sim_06,Notch,4,test,6,ABC,550.0,170.0,0.527543,0.812859,1.540838,6.1148,96.6,60.0,60.158,14.68,0.734703,0.115181,0.030818,0.018299,0.028676,0.017122,0.015693,0.016039,0.003289,0.012835,0.006419,0.156772,0.041946,0.024907,0.039031,0.02136,0.004477,0.008737,0.016387,63.61,37.84,0.0267,1.5e-05,60.0
168,NOT_0006_3p_w550us_rf170_rep1_cond06,not_sim_06,Notch,4,test,6,ABC,550.0,170.0,0.52746,0.813889,1.543035,6.118,94.8,60.0,60.1583,14.7,0.734595,0.11507,0.03081,0.018536,0.028717,0.017034,0.015681,0.016116,0.003278,0.012927,0.006382,0.156644,0.041941,0.025233,0.039092,0.021346,0.004462,0.008688,0.016373,63.61,37.78,0.0267,1.7e-05,60.0
169,NOT_0006_3p_w550us_rf170_rep1_cond06,not_sim_06,Notch,4,test,6,ABC,550.0,170.0,0.527553,0.812208,1.539576,6.1131,98.0,60.0,60.1577,14.63,0.734718,0.115147,0.030654,0.018444,0.028823,0.017186,0.015711,0.016025,0.003143,0.012867,0.006482,0.156723,0.041722,0.025104,0.03923,0.021384,0.004278,0.008822,0.016386,63.62,37.9,0.0267,1.6e-05,60.0
170,NOT_0006_3p_w550us_rf170_rep1_cond06,not_sim_06,Notch,4,test,6,ABC,550.0,170.0,0.527456,0.812542,1.540492,6.1248,101.2,60.0,59.8458,14.76,0.7346,0.115012,0.030764,0.018453,0.02884,0.016988,0.015689,0.016023,0.003311,0.01288,0.006306,0.156564,0.041879,0.02512,0.039259,0.021357,0.004507,0.008584,0.016355,63.61,37.89,0.0267,1.7e-05,60.0
171,NOT_0006_3p_w550us_rf170_rep1_cond06,not_sim_06,Notch,4,test,6,ABC,550.0,170.0,0.527487,0.812288,1.53992,6.1263,100.6,60.0,59.8432,14.66,0.734629,0.115108,0.030817,0.018544,0.02879,0.017021,0.015713,0.015963,0.003374,0.012827,0.006326,0.156689,0.041949,0.025243,0.03919,0.021389,0.004593,0.008611,0.01638,63.61,37.8,0.0267,1.6e-05,60.0
172,NOT_0006_3p_w550us_rf170_rep1_cond06,not_sim_06,Notch,4,test,6,ABC,550.0,170.0,0.527467,0.814011,1.543246,6.1252,97.2,60.0,60.1585,14.64,0.734597,0.115143,0.030747,0.018389,0.028814,0.01695,0.01578,0.01604,0.003327,0.012841,0.006373,0.156743,0.041856,0.025033,0.039224,0.021481,0.004529,0.008676,0.016382,63.62,37.89,0.0267,1.6e-05,60.0
173,NOT_0006_3p_w550us_rf170_rep1_cond06,not_sim_06,Notch,4,test,6,ABC,550.0,170.0,0.527591,0.8139,1.542673,6.1277,94.4,60.0,60.1613,14.69,0.734782,0.115083,0.030852,0.018371,0.028803,0.017072,0.015678,0.015955,0.003309,0.012915,0.00642,0.156622,0.041988,0.025002,0.039199,0.021337,0.004503,0.008737,0.016374,63.61,37.8,0.0267,1.3e-05,60.0
174,NOT_0006_3p_w550us_rf170_rep1_cond06,not_sim_06,Notch,4,test,6,ABC,550.0,170.0,0.5276,0.813054,1.541041,6.1039,97.6,60.0,60.1592,14.66,0.734797,0.115154,0.030678,0.018353,0.028703,0.017063,0.015705,0.016018,0.003253,0.012908,0.00636,0.156715,0.04175,0.024977,0.039062,0.021373,0.004427,0.008655,0.016374,63.61,37.85,0.0267,1.3e-05,60.0
175,NOT_0006_3p_w550us_rf170_rep1_cond06,not_sim_06,Notch,4,test,6,ABC,550.0,170.0,0.52747,0.813534,1.542334,6.1244,100.8,60.0,59.8417,14.75,0.734605,0.115095,0.030773,0.018504,0.028763,0.01705,0.015806,0.016064,0.003193,0.012907,0.006319,0.156676,0.041891,0.025189,0.039154,0.021516,0.004347,0.008602,0.016379,63.61,37.8,0.0267,1.1e-05,60.0
176,NOT_0006_3p_w550us_rf170_rep1_cond06,not_sim_06,Notch,4,test,6,ABC,550.0,170.0,0.527544,0.812905,1.540924,6.1169,101.0,60.0,59.8448,14.66,0.734724,0.115063,0.03074,0.018342,0.028744,0.017077,0.015768,0.016096,0.003312,0.012836,0.006418,0.156607,0.041839,0.024964,0.039122,0.021461,0.004508,0.008735,0.016363,63.61,37.74,0.0267,1.2e-05,60.0
177,NOT_0006_3p_w550us_rf170_rep1_cond06,not_sim_06,Notch,4,test,6,ABC,550.0,170.0,0.527519,0.813101,1.541369,6.1137,97.8,60.0,59.8435,14.64,0.734662,0.115202,0.030764,0.018451,0.028738,0.017053,0.015655,0.016003,0.00329,0.013019,0.006435,0.15681,0.041875,0.025115,0.039117,0.021309,0.004478,0.008759,0.016398,63.61,37.8,0.0267,1.3e-05,60.0
178,NOT_0006_3p_w550us_rf170_rep1_cond06,not_sim_06,Notch,4,test,6,ABC,550.0,170.0,0.527575,0.812086,1.539281,6.1218,94.6,60.0,60.1566,14.73,0.734752,0.115104,0.030819,0.018425,0.028746,0.017086,0.015718,0.016097,0.003218,0.012903,0.006524,0.156657,0.041945,0.025076,0.039123,0.021392,0.00438,0.008879,0.016382,63.62,38.01,0.0267,1.1e-05,60.0
179,NOT_0006_3p_w550us_rf170_rep1_cond06,not_sim_06,Notch,4,test,6,ABC,550.0,170.0,0.527545,0.811264,1.53781,6.1279,96.8,60.0,60.1609,14.67,0.734701,0.11515,0.030847,0.018443,0.028768,0.017134,0.015744,0.016057,0.00333,0.012929,0.006334,0.15673,0.041986,0.025103,0.039156,0.021429,0.004532,0.008621,0.016396,63.62,37.94,0.0267,1.2e-05,60.0
180,NOT_0006_3p_w550us_rf170_rep1_cond06,not_sim_06,Notch,4,test,6,ABC,550.0,170.0,0.527539,0.81329,1.541668,6.1217,100.2,60.0,59.8409,14.75,0.734691,0.115188,0.030833,0.018418,0.028653,0.017138,0.015846,0.016063,0.003201,0.012835,0.006323,0.156784,0.041967,0.025069,0.039,0.021568,0.004357,0.008606,0.016397,63.62,37.9,0.0267,1.2e-05,60.0
181,NOT_0006_3p_w550us_rf170_rep1_cond06,not_sim_06,Notch,4,test,6,ABC,550.0,170.0,0.527522,0.811966,1.539208,6.1231,101.4,60.0,59.8412,14.64,0.734687,0.11507,0.030798,0.018342,0.028761,0.017124,0.015748,0.016049,0.003334,0.012949,0.006348,0.156625,0.04192,0.024966,0.039147,0.021435,0.004538,0.00864,0.016371,63.61,37.75,0.0267,1.3e-05,60.0
182,NOT_0006_3p_w550us_rf170_rep1_cond06,not_sim_06,Notch,4,test,6,ABC,550.0,170.0,0.527468,0.812817,1.540977,6.1244,98.2,60.0,59.842,14.66,0.734608,0.115056,0.030859,0.018374,0.028701,0.017176,0.015752,0.016093,0.003275,0.012871,0.006417,0.156622,0.042007,0.025012,0.03907,0.021443,0.004458,0.008735,0.016371,63.62,37.88,0.0267,1.3e-05,60.0
183,NOT_0006_3p_w550us_rf170_rep1_cond06,not_sim_06,Notch,4,test,6,ABC,550.0,170.0,0.5275,0.813486,1.542155,6.121,95.0,60.0,60.1574,14.75,0.734631,0.115211,0.030785,0.018453,0.02871,0.017078,0.015814,0.016106,0.003264,0.012922,0.006407,0.156828,0.041905,0.025119,0.039081,0.021526,0.004443,0.008721,0.016406,63.62,37.88,0.0267,1.2e-05,60.0
184,NOT_0006_3p_w550us_rf170_rep1_cond06,not_sim_06,Notch,4,test,6,ABC,550.0,170.0,0.527512,0.81315,1.541482,6.1186,96.4,60.0,60.157,14.7,0.734663,0.115102,0.030774,0.018358,0.028785,0.017101,0.015653,0.016039,0.003235,0.013074,0.006481,0.156673,0.041889,0.024988,0.039181,0.021306,0.004403,0.008822,0.016379,63.62,37.91,0.0267,1.3e-05,60.0
185,NOT_0006_3p_w550us_rf170_rep1_cond06,not_sim_06,Notch,4,test,6,ABC,550.0,170.0,0.527522,0.812154,1.539563,6.1445,99.6,60.0,59.9994,15.07,0.734678,0.115054,0.030914,0.018435,0.028837,0.017126,0.015829,0.016017,0.003258,0.0129,0.006445,0.156605,0.042078,0.025093,0.039251,0.021545,0.004435,0.008773,0.016383,63.62,37.85,0.0267,1.3e-05,60.0
186,NOT_0006_3p_w550us_rf170_rep1_cond06,not_sim_06,Notch,4,test,6,ABC,550.0,170.0,0.527438,0.811565,1.538693,6.1139,102.2,60.0,59.8432,14.66,0.734554,0.115165,0.030678,0.0184,0.02877,0.01716,0.015749,0.016167,0.003313,0.012856,0.006338,0.156782,0.041764,0.025049,0.039167,0.02144,0.00451,0.008628,0.016391,63.61,37.79,0.0267,1.3e-05,60.0
187,NOT_0006_3p_w550us_rf170_rep1_cond06,not_sim_06,Notch,4,test,6,ABC,550.0,170.0,0.527487,0.811593,1.538603,6.1214,99.0,60.0,59.8404,14.66,0.734628,0.115116,0.030812,0.018373,0.028721,0.017219,0.015748,0.016019,0.003246,0.012946,0.006488,0.1567,0.041942,0.02501,0.039096,0.021437,0.004419,0.008832,0.016385,63.61,37.77,0.0267,1.3e-05,60.0
188,NOT_0006_3p_w550us_rf170_rep1_cond06,not_sim_06,Notch,4,test,6,ABC,550.0,170.0,0.527483,0.81216,1.53969,6.1213,95.6,60.0,60.1608,14.77,0.734618,0.115158,0.030799,0.018379,0.028718,0.017144,0.015775,0.016122,0.003244,0.0129,0.006297,0.156759,0.041925,0.025018,0.039092,0.021474,0.004416,0.008572,0.016392,63.6,37.52,0.0267,1.4e-05,60.0
189,NOT_0006_3p_w550us_rf170_rep1_cond06,not_sim_06,Notch,4,test,6,ABC,550.0,170.0,0.52742,0.811583,1.538779,6.1193,96.0,60.0,60.1584,14.69,0.734536,0.11512,0.030742,0.018438,0.028761,0.016979,0.01575,0.016035,0.003308,0.012885,0.006444,0.156725,0.041852,0.025102,0.039155,0.021442,0.004504,0.008773,0.016377,63.61,37.8,0.0267,1.5e-05,60.0
190,NOT_0006_3p_w550us_rf170_rep1_cond06,not_sim_06,Notch,4,test,6,ABC,550.0,170.0,0.527505,0.813393,1.541962,6.1264,99.2,60.0,60.1589,14.5,0.734646,0.115166,0.030892,0.018486,0.028676,0.017027,0.01578,0.016149,0.003218,0.012802,0.006274,0.156764,0.04205,0.025163,0.039034,0.02148,0.00438,0.00854,0.016395,63.61,37.68,0.0267,1.5e-05,60.0
191,NOT_0006_3p_w550us_rf170_rep1_cond06,not_sim_06,Notch,4,test,6,ABC,550.0,170.0,0.527518,0.812654,1.540522,6.1082,102.4,60.0,59.8445,14.7,0.734683,0.115155,0.030721,0.018379,0.028686,0.017035,0.015723,0.015895,0.0032,0.012844,0.006277,0.156741,0.041815,0.025016,0.039045,0.021401,0.004356,0.008544,0.01637,63.6,37.67,0.0267,1.5e-05,60.0
192,NOT_0007_3p_w600us_rf160_rep1_cond07,not_sim_07,Notch,4,train,7,ABC,600.0,160.0,0.438566,0.71752,1.63606,6.5376,192.0,60.0,59.896,13.8,0.608089,0.097002,0.030073,0.0327,0.021241,0.033186,0.014996,0.0189,0.007559,0.017244,0.011892,0.159519,0.049455,0.053775,0.034931,0.024661,0.012431,0.019556,0.014014,67.09,62.79,0.0364,6.1e-05,60.0
193,NOT_0007_3p_w600us_rf160_rep1_cond07,not_sim_07,Notch,4,train,7,ABC,600.0,160.0,0.438503,0.716743,1.634522,6.5471,192.0,60.0,59.8938,13.84,0.608029,0.096875,0.03009,0.032636,0.021268,0.033085,0.015065,0.018837,0.007528,0.017288,0.011839,0.159326,0.049488,0.053675,0.034979,0.024777,0.012381,0.019471,0.01398,67.07,62.75,0.0363,6.3e-05,60.0
194,NOT_0007_3p_w600us_rf160_rep1_cond07,not_sim_07,Notch,4,train,7,ABC,600.0,160.0,0.438489,0.716128,1.633174,6.548,192.0,60.0,60.1051,13.74,0.607988,0.096943,0.030121,0.032624,0.021245,0.033131,0.015043,0.019002,0.007455,0.017246,0.01183,0.159449,0.049542,0.053659,0.034943,0.024742,0.012262,0.019458,0.013999,67.09,62.79,0.0364,6e-05,60.0
195,NOT_0007_3p_w600us_rf160_rep1_cond07,not_sim_07,Notch,4,train,7,ABC,600.0,160.0,0.438476,0.716016,1.632963,6.5387,192.0,60.0,60.1041,13.84,0.607987,0.096925,0.030068,0.03272,0.021258,0.033111,0.014981,0.018929,0.007592,0.01714,0.011871,0.15942,0.049455,0.053817,0.034965,0.02464,0.012487,0.019525,0.013992,67.05,62.49,0.0363,6.5e-05,60.0
196,NOT_0007_3p_w600us_rf160_rep1_cond07,not_sim_07,Notch,4,train,7,ABC,600.0,160.0,0.438516,0.717631,1.636501,6.538,192.0,60.0,60.1016,13.85,0.608055,0.096847,0.030078,0.032647,0.021253,0.033101,0.014969,0.01894,0.007492,0.017121,0.011907,0.159273,0.049466,0.053691,0.034952,0.024618,0.012321,0.019582,0.013971,67.06,62.54,0.0363,6.7e-05,60.0
197,NOT_0007_3p_w600us_rf160_rep1_cond07,not_sim_07,Notch,4,train,7,ABC,600.0,160.0,0.438517,0.718772,1.639095,6.5366,192.0,60.0,59.8957,13.8,0.608038,0.096937,0.030077,0.032689,0.02126,0.033162,0.014933,0.018896,0.007553,0.01718,0.011879,0.159426,0.049466,0.053761,0.034965,0.024559,0.012422,0.019537,0.013995,67.07,62.69,0.0363,6.5e-05,60.0
198,NOT_0007_3p_w600us_rf160_rep1_cond07,not_sim_07,Notch,4,train,7,ABC,600.0,160.0,0.438492,0.71754,1.636383,6.5483,192.0,60.0,59.8984,13.83,0.608007,0.09689,0.030114,0.032627,0.021315,0.033185,0.014968,0.019012,0.007404,0.017151,0.011728,0.159357,0.049529,0.053662,0.035057,0.024618,0.012177,0.019289,0.013987,67.07,62.64,0.0363,6.6e-05,60.0
199,NOT_0007_3p_w600us_rf160_rep1_cond07,not_sim_07,Notch,4,train,7,ABC,600.0,160.0,0.438444,0.717873,1.637322,6.5398,192.0,60.0,60.1049,13.72,0.60795,0.096862,0.030049,0.032608,0.021311,0.033074,0.014956,0.018936,0.007546,0.01712,0.011894,0.159326,0.049427,0.053636,0.035054,0.024601,0.012412,0.019564,0.01397,67.08,62.82,0.0363,6.9e-05,60.0
200,NOT_0007_3p_w600us_rf160_rep1_cond07,not_sim_07,Notch,4,train,7,ABC,600.0,160.0,0.438452,0.716748,1.634727,6.5446,192.0,60.0,60.1043,13.84,0.607955,0.096868,0.030122,0.032677,0.021298,0.033119,0.014905,0.018923,0.007535,0.017211,0.01186,0.159334,0.049546,0.053749,0.035032,0.024517,0.012394,0.019508,0.013983,67.08,62.79,0.0363,6.8e-05,60.0
201,NOT_0007_3p_w600us_rf160_rep1_cond07,not_sim_07,Notch,4,train,7,ABC,600.0,160.0,0.438441,0.716801,1.634887,6.5335,192.0,60.0,60.1041,13.85,0.607948,0.096903,0.030044,0.032569,0.021248,0.033031,0.014954,0.018942,0.007584,0.017198,0.01192,0.159394,0.049419,0.053572,0.03495,0.024597,0.012475,0.019607,0.013974,67.06,62.56,0.0363,6.5e-05,60.0
202,NOT_0007_3p_w600us_rf160_rep1_cond07,not_sim_07,Notch,4,train,7,ABC,600.0,160.0,0.438497,0.716747,1.634555,6.545,192.0,60.0,59.8932,13.79,0.60802,0.09682,0.030124,0.032671,0.021255,0.033097,0.014979,0.018942,0.007639,0.01722,0.01181,0.159238,0.049544,0.053733,0.034958,0.024636,0.012564,0.019424,0.013974,67.09,62.89,0.0363,7e-05,60.0
203,NOT_0007_3p_w600us_rf160_rep1_cond07,not_sim_07,Notch,4,train,7,ABC,600.0,160.0,0.438446,0.716991,1.6353,6.5604,192.0,60.0,59.8932,13.8,0.607938,0.096835,0.030179,0.032683,0.021316,0.033174,0.015018,0.018985,0.007622,0.017174,0.011905,0.159284,0.049642,0.05376,0.035063,0.024703,0.012537,0.019583,0.013992,67.08,62.66,0.0364,6.7e-05,60.0
204,NOT_0007_3p_w600us_rf160_rep1_cond07,not_sim_07,Notch,4,train,7,ABC,600.0,160.0,0.438397,0.717963,1.637699,6.5252,192.0,60.0,60.1072,13.7,0.607879,0.096896,0.030006,0.032704,0.021228,0.033099,0.014913,0.018909,0.007593,0.017227,0.011765,0.1594,0.049362,0.0538,0.034921,0.024533,0.012491,0.019354,0.013978,67.07,62.64,0.0363,6.8e-05,60.0
205,NOT_0007_3p_w600us_rf160_rep1_cond07,not_sim_07,Notch,4,train,7,ABC,600.0,160.0,0.438388,0.718256,1.638402,6.532,192.0,60.0,60.1076,13.84,0.607869,0.096889,0.030045,0.032595,0.021214,0.033088,0.014963,0.018987,0.007548,0.017193,0.011856,0.159391,0.049427,0.053622,0.034899,0.024616,0.012417,0.019504,0.013975,67.07,62.59,0.0363,6.7e-05,60.0
206,NOT_0007_3p_w600us_rf160_rep1_cond07,not_sim_07,Notch,4,train,7,ABC,600.0,160.0,0.438432,0.716403,1.634012,6.5597,192.0,60.0,60.1051,13.84,0.607916,0.096886,0.030195,0.032682,0.021238,0.033066,0.01508,0.018948,0.007597,0.01724,0.011845,0.159374,0.04967,0.053761,0.034936,0.024806,0.012497,0.019485,0.013993,67.09,62.75,0.0364,6.9e-05,60.0
207,NOT_0007_3p_w600us_rf160_rep1_cond07,not_sim_07,Notch,4,train,7,ABC,600.0,160.0,0.438456,0.716896,1.635047,6.5509,192.0,60.0,59.8932,13.78,0.607951,0.096916,0.030167,0.032643,0.021297,0.033099,0.014917,0.01891,0.007497,0.017221,0.011937,0.159414,0.049621,0.053693,0.035031,0.024537,0.012332,0.019635,0.013993,67.08,62.7,0.0363,6.8e-05,60.0
208,NOT_0007_3p_w600us_rf160_rep1_cond07,not_sim_07,Notch,4,train,7,ABC,600.0,160.0,0.438416,0.718056,1.637842,6.5444,192.0,60.0,59.8939,13.79,0.607891,0.096905,0.030072,0.032696,0.021307,0.033115,0.014979,0.018914,0.007617,0.017216,0.011874,0.159412,0.049469,0.053786,0.035051,0.024641,0.01253,0.019533,0.013992,67.1,62.94,0.0364,6.7e-05,60.0
209,NOT_0007_3p_w600us_rf160_rep1_cond07,not_sim_07,Notch,4,train,7,ABC,600.0,160.0,0.438373,0.716887,1.635336,6.5541,192.0,60.0,59.8939,13.88,0.607841,0.096817,0.030186,0.032681,0.021261,0.033092,0.014964,0.019002,0.007548,0.017222,0.011858,0.15928,0.049661,0.053766,0.034978,0.024618,0.012418,0.019508,0.013979,67.09,62.76,0.0363,7.1e-05,60.0
210,NOT_0007_3p_w600us_rf160_rep1_cond07,not_sim_07,Notch,4,train,7,ABC,600.0,160.0,0.438377,0.717416,1.636528,6.5493,192.0,60.0,60.1075,13.83,0.607846,0.096846,0.030164,0.032706,0.021222,0.033076,0.014986,0.018967,0.007513,0.017283,0.011868,0.159327,0.049624,0.053806,0.034913,0.024654,0.01236,0.019525,0.013983,67.09,62.76,0.0363,7e-05,60.0
211,NOT_0007_3p_w600us_rf160_rep1_cond07,not_sim_07,Notch,4,train,7,ABC,600.0,160.0,0.438434,0.717852,1.637307,6.5526,192.0,60.0,60.1066,13.83,0.607924,0.096858,0.030099,0.032608,0.021309,0.033136,0.01506,0.018951,0.007586,0.017189,0.011874,0.159326,0.049511,0.053638,0.035052,0.024773,0.012479,0.019532,0.013983,67.1,62.87,0.0363,6.7e-05,60.0
212,NOT_0007_3p_w600us_rf160_rep1_cond07,not_sim_07,Notch,4,train,7,ABC,600.0,160.0,0.438412,0.715832,1.632785,6.5432,192.0,60.0,59.8924,13.77,0.607897,0.096901,0.030051,0.032679,0.021305,0.033018,0.015005,0.019012,0.007482,0.017242,0.011906,0.159404,0.049434,0.053757,0.035047,0.024683,0.012308,0.019586,0.013987,67.07,62.54,0.0363,6.8e-05,60.0
213,NOT_0007_3p_w600us_rf160_rep1_cond07,not_sim_07,Notch,4,train,7,ABC,600.0,160.0,0.438467,0.717108,1.635489,6.5557,192.0,60.0,59.8906,13.78,0.607958,0.096919,0.030148,0.032742,0.02134,0.03308,0.014972,0.018893,0.007553,0.017179,0.011912,0.159417,0.049589,0.053856,0.035101,0.024627,0.012424,0.019593,0.013999,67.1,62.87,0.0364,6.6e-05,60.0
214,NOT_0007_3p_w600us_rf160_rep1_cond07,not_sim_07,Notch,4,train,7,ABC,600.0,160.0,0.438367,0.717238,1.636157,6.5497,192.0,60.0,59.8908,13.87,0.607836,0.09683,0.030118,0.032725,0.021352,0.03306,0.014898,0.018984,0.007528,0.017172,0.011824,0.159303,0.04955,0.053839,0.035128,0.02451,0.012385,0.019453,0.013977,67.09,62.78,0.0363,6.7e-05,60.0
215,NOT_0007_3p_w600us_rf160_rep1_cond07,not_sim_07,Notch,4,train,7,ABC,600.0,160.0,0.438359,0.717147,1.635981,6.5565,192.0,60.0,60.1055,13.8,0.607801,0.096951,0.030173,0.032742,0.021347,0.033068,0.014898,0.019002,0.007442,0.017262,0.011807,0.159511,0.049643,0.05387,0.035122,0.024511,0.012244,0.019426,0.014007,67.08,62.7,0.0364,7.3e-05,60.0
216,NOT_0007_3p_w600us_rf160_rep1_cond07,not_sim_07,Notch,4,train,7,ABC,600.0,160.0,0.438477,0.717781,1.636987,6.5446,192.0,60.0,60.108,13.83,0.607998,0.096858,0.03009,0.032667,0.021258,0.033092,0.015035,0.0189,0.007492,0.017217,0.011927,0.159306,0.04949,0.053729,0.034964,0.024729,0.012322,0.019617,0.013979,67.07,62.65,0.0363,6.4e-05,60.0
217,NOT_0007_3p_w600us_rf160_rep1_cond07,not_sim_07,Notch,4,train,7,ABC,600.0,160.0,0.438411,0.718571,1.639034,6.5586,192.0,60.0,60.0032,13.95,0.607886,0.096893,0.030173,0.032628,0.021296,0.033132,0.015019,0.01897,0.007557,0.017172,0.011903,0.159393,0.049636,0.053675,0.035033,0.024707,0.012432,0.019581,0.013994,67.09,62.8,0.0364,6.4e-05,60.0
218,NOT_0007_3p_w600us_rf160_rep1_cond07,not_sim_07,Notch,4,train,7,ABC,600.0,160.0,0.4384,0.716093,1.633425,6.5592,192.0,60.0,59.8935,13.8,0.607883,0.096783,0.03019,0.032663,0.021273,0.033152,0.015027,0.018996,0.007551,0.017209,0.011902,0.159213,0.049664,0.053732,0.034995,0.02472,0.012422,0.019579,0.013978,67.1,62.84,0.0363,6.7e-05,60.0
219,NOT_0007_3p_w600us_rf160_rep1_cond07,not_sim_07,Notch,4,train,7,ABC,600.0,160.0,0.438431,0.717689,1.636947,6.5682,192.0,60.0,59.8944,13.86,0.607931,0.096797,0.030237,0.032681,0.021317,0.03309,0.015024,0.018884,0.007561,0.017162,0.011883,0.159224,0.049738,0.053758,0.035065,0.024713,0.012437,0.019547,0.013977,67.08,62.72,0.0363,6.5e-05,60.0
220,NOT_0007_3p_w600us_rf160_rep1_cond07,not_sim_07,Notch,4,train,7,ABC,600.0,160.0,0.438351,0.717711,1.637297,6.5615,192.0,60.0,60.1089,13.76,0.607796,0.096891,0.030167,0.032759,0.021327,0.033059,0.01502,0.018864,0.007568,0.017273,0.011834,0.159414,0.049633,0.053898,0.035089,0.024712,0.012452,0.01947,0.013996,67.11,62.95,0.0364,6.8e-05,60.0
221,NOT_0007_3p_w600us_rf160_rep1_cond07,not_sim_07,Notch,4,train,7,ABC,600.0,160.0,0.438342,0.718259,1.638581,6.5647,192.0,60.0,60.1074,13.83,0.607798,0.096784,0.030215,0.032724,0.021307,0.033098,0.015003,0.019006,0.007605,0.017206,0.011838,0.159237,0.049712,0.05384,0.035056,0.024684,0.012512,0.019477,0.013981,67.09,62.83,0.0363,6.4e-05,60.0
222,NOT_0007_3p_w600us_rf160_rep1_cond07,not_sim_07,Notch,4,train,7,ABC,600.0,160.0,0.438363,0.717771,1.637388,6.552,192.0,60.0,60.1066,13.82,0.607833,0.096809,0.030109,0.03273,0.021356,0.03307,0.014946,0.018984,0.007597,0.017137,0.011839,0.159269,0.049535,0.053847,0.035135,0.024589,0.012498,0.019477,0.013975,67.09,62.81,0.0363,6.1e-05,60.0
223,NOT_0007_3p_w600us_rf160_rep1_cond07,not_sim_07,Notch,4,train,7,ABC,600.0,160.0,0.438396,0.717808,1.637351,6.5598,192.0,60.0,59.8909,13.79,0.60786,0.096905,0.030168,0.032687,0.021278,0.033116,0.015071,0.018936,0.007502,0.017226,0.011805,0.15942,0.04963,0.053774,0.035005,0.024794,0.012342,0.019421,0.013997,67.11,62.95,0.0364,6.2e-05,60.0
224,NOT_0008_3p_w650us_rf155_rep1_cond08,not_sim_08,Notch,4,train,8,ABC,650.0,155.0,0.494609,0.878172,1.775488,7.1539,154.4,60.0,59.9531,12.79,0.681881,0.127325,0.030072,0.035908,0.027689,0.043419,0.026619,0.020529,0.011325,0.017857,0.016729,0.186726,0.044102,0.05266,0.040607,0.039038,0.016608,0.024534,0.022914,68.83,69.34,0.044,0.00013,60.0
225,NOT_0008_3p_w650us_rf155_rep1_cond08,not_sim_08,Notch,4,train,8,ABC,650.0,155.0,0.494617,0.879901,1.778955,7.1557,156.4,60.0,59.9516,12.8,0.68187,0.127382,0.03011,0.035918,0.027705,0.043523,0.02658,0.02055,0.011207,0.017878,0.016757,0.186813,0.044158,0.052676,0.040631,0.038981,0.016436,0.024575,0.02294,68.85,69.44,0.044,0.000128,60.0
226,NOT_0008_3p_w650us_rf155_rep1_cond08,not_sim_08,Notch,4,train,8,ABC,650.0,155.0,0.49454,0.878514,1.776427,7.1565,156.4,60.0,60.0478,12.75,0.681748,0.127454,0.03012,0.03592,0.027781,0.043425,0.026484,0.0206,0.011344,0.017901,0.016717,0.186952,0.044181,0.052688,0.04075,0.038847,0.01664,0.024521,0.022954,68.85,69.46,0.0441,0.000124,60.0
227,NOT_0008_3p_w650us_rf155_rep1_cond08,not_sim_08,Notch,4,train,8,ABC,650.0,155.0,0.494683,0.879832,1.778578,7.1616,154.2,60.0,60.0508,12.8,0.681961,0.127427,0.030116,0.035986,0.027713,0.043278,0.026651,0.020644,0.011305,0.017851,0.016889,0.186854,0.044161,0.052768,0.040637,0.03908,0.016577,0.024765,0.022949,68.85,69.48,0.044,0.000126,60.0
228,NOT_0008_3p_w650us_rf155_rep1_cond08,not_sim_08,Notch,4,train,8,ABC,650.0,155.0,0.49468,0.880762,1.780468,7.1749,153.2,60.0,60.0541,12.8,0.681936,0.12749,0.030031,0.035895,0.027943,0.04338,0.02667,0.020577,0.011292,0.017835,0.016893,0.186953,0.044038,0.052637,0.040976,0.039109,0.016559,0.024772,0.022972,68.87,69.64,0.0441,0.00013,60.0
229,NOT_0008_3p_w650us_rf155_rep1_cond08,not_sim_08,Notch,4,train,8,ABC,650.0,155.0,0.494645,0.881907,1.782909,7.148,153.8,60.0,59.9489,12.78,0.681906,0.127452,0.029959,0.035942,0.027747,0.043384,0.026616,0.020482,0.011355,0.017935,0.016732,0.186906,0.043934,0.052708,0.04069,0.039032,0.016652,0.024537,0.022944,68.86,69.67,0.044,0.000129,60.0
230,NOT_0008_3p_w650us_rf155_rep1_cond08,not_sim_08,Notch,4,train,8,ABC,650.0,155.0,0.494571,0.880631,1.780596,7.1569,156.2,60.0,59.9505,12.79,0.681803,0.127451,0.030007,0.035829,0.02775,0.043351,0.026655,0.020576,0.011306,0.017825,0.016833,0.186932,0.044011,0.05255,0.040701,0.039095,0.016583,0.024689,0.02294,68.85,69.5,0.044,0.000129,60.0
231,NOT_0008_3p_w650us_rf155_rep1_cond08,not_sim_08,Notch,4,train,8,ABC,650.0,155.0,0.494573,0.880478,1.78028,7.1722,156.6,60.0,60.0532,12.74,0.681824,0.127288,0.030084,0.035943,0.027875,0.043376,0.026634,0.020581,0.011357,0.017816,0.016781,0.186687,0.044123,0.052716,0.040883,0.039063,0.016657,0.024612,0.022919,68.86,69.57,0.044,0.000125,60.0
232,NOT_0008_3p_w650us_rf155_rep1_cond08,not_sim_08,Notch,4,train,8,ABC,650.0,155.0,0.494764,0.882076,1.782822,7.1578,154.4,60.0,60.0513,12.8,0.682065,0.12758,0.030019,0.035894,0.027692,0.043249,0.026749,0.020603,0.01136,0.017825,0.016762,0.18705,0.044012,0.052625,0.0406,0.039218,0.016655,0.024575,0.022971,68.86,69.6,0.044,0.000101,60.0
233,NOT_0008_3p_w650us_rf155_rep1_cond08,not_sim_08,Notch,4,train,8,ABC,650.0,155.0,0.494701,0.878829,1.776485,7.1647,153.2,60.0,60.054,12.8,0.681968,0.127553,0.029986,0.035932,0.027842,0.043314,0.026703,0.020608,0.011376,0.017746,0.016884,0.187037,0.04397,0.052689,0.040826,0.039156,0.016681,0.024758,0.022978,68.86,69.63,0.044,0.000102,60.0
234,NOT_0008_3p_w650us_rf155_rep1_cond08,not_sim_08,Notch,4,train,8,ABC,650.0,155.0,0.494714,0.879249,1.777289,7.1856,153.2,60.0,59.9519,12.77,0.68197,0.127493,0.030078,0.035938,0.027871,0.043524,0.026831,0.020605,0.011313,0.017913,0.01688,0.186948,0.044105,0.052697,0.040868,0.039343,0.016589,0.024752,0.023,68.88,69.59,0.0441,0.000101,60.0
235,NOT_0008_3p_w650us_rf155_rep1_cond08,not_sim_08,Notch,4,train,8,ABC,650.0,155.0,0.494701,0.879781,1.778408,7.172,156.4,60.0,59.953,12.78,0.681964,0.127584,0.029983,0.035944,0.027865,0.043315,0.026773,0.020502,0.011309,0.017867,0.016902,0.187083,0.043966,0.052707,0.04086,0.039259,0.016583,0.024784,0.022991,68.85,69.46,0.044,0.000105,60.0
236,NOT_0008_3p_w650us_rf155_rep1_cond08,not_sim_08,Notch,4,train,8,ABC,650.0,155.0,0.494703,0.880277,1.779405,7.171,156.8,60.0,60.0446,12.74,0.681966,0.127567,0.030086,0.035894,0.027798,0.043361,0.026716,0.020572,0.011334,0.017901,0.016925,0.187058,0.044117,0.052633,0.040762,0.039175,0.01662,0.024818,0.022992,68.86,69.59,0.044,0.000107,60.0
237,NOT_0008_3p_w650us_rf155_rep1_cond08,not_sim_08,Notch,4,train,8,ABC,650.0,155.0,0.494665,0.877524,1.773975,7.1735,155.2,60.0,60.0457,12.8,0.681924,0.127516,0.029926,0.035877,0.027872,0.043369,0.026843,0.020429,0.011456,0.017951,0.016902,0.186994,0.043885,0.052611,0.040873,0.039364,0.0168,0.024786,0.022978,68.85,69.41,0.044,0.000101,60.0
238,NOT_0008_3p_w650us_rf155_rep1_cond08,not_sim_08,Notch,4,train,8,ABC,650.0,155.0,0.494683,0.879844,1.778604,7.1828,153.4,60.0,60.0465,12.79,0.681917,0.127587,0.030145,0.036013,0.02791,0.043399,0.026672,0.020547,0.011429,0.017819,0.016856,0.1871,0.044206,0.052811,0.040929,0.039113,0.01676,0.024719,0.023012,68.87,69.58,0.0441,0.000109,60.0
239,NOT_0008_3p_w650us_rf155_rep1_cond08,not_sim_08,Notch,4,train,8,ABC,650.0,155.0,0.49466,0.879199,1.777379,7.1523,153.6,60.0,59.9537,12.77,0.681913,0.127511,0.029908,0.036034,0.02779,0.043431,0.026683,0.020564,0.011346,0.017932,0.016893,0.18699,0.043859,0.052843,0.040753,0.03913,0.016638,0.024773,0.022981,68.86,69.5,0.044,0.000112,60.0
240,NOT_0008_3p_w650us_rf155_rep1_cond08,not_sim_08,Notch,4,train,8,ABC,650.0,155.0,0.494606,0.878939,1.777047,7.1917,155.8,60.0,59.9505,12.77,0.681814,0.127579,0.030075,0.035949,0.027961,0.043397,0.026797,0.020523,0.011272,0.017887,0.016757,0.187117,0.04411,0.052726,0.04101,0.039303,0.016532,0.024577,0.023005,68.87,69.63,0.0441,0.000117,60.0
241,NOT_0008_3p_w650us_rf155_rep1_cond08,not_sim_08,Notch,4,train,8,ABC,650.0,155.0,0.49468,0.877365,1.773601,7.1667,156.6,60.0,59.9527,12.81,0.681923,0.127579,0.02999,0.03601,0.027848,0.043391,0.026711,0.020576,0.011439,0.017824,0.016891,0.187087,0.043979,0.052807,0.040837,0.03917,0.016775,0.02477,0.023002,68.87,69.56,0.044,0.000107,60.0
242,NOT_0008_3p_w650us_rf155_rep1_cond08,not_sim_08,Notch,4,train,8,ABC,650.0,155.0,0.494666,0.879603,1.778177,7.1776,155.8,60.0,60.0472,12.78,0.6819,0.127563,0.02998,0.035942,0.02796,0.043393,0.026739,0.020565,0.011413,0.017933,0.016859,0.18707,0.043965,0.052709,0.041003,0.039212,0.016737,0.024724,0.023002,68.88,69.67,0.0441,0.000111,60.0
243,NOT_0008_3p_w650us_rf155_rep1_cond08,not_sim_08,Notch,4,train,8,ABC,650.0,155.0,0.494609,0.879423,1.778018,7.1791,153.6,60.0,60.0451,12.79,0.681818,0.127538,0.030033,0.036052,0.027904,0.043472,0.026746,0.020563,0.011397,0.017925,0.016774,0.187056,0.044048,0.052876,0.040926,0.039227,0.016716,0.024602,0.023007,68.87,69.52,0.0441,0.000106,60.0
244,NOT_0008_3p_w650us_rf155_rep1_cond08,not_sim_08,Notch,4,train,8,ABC,650.0,155.0,0.4947,0.87838,1.775581,7.1752,153.4,60.0,59.9505,12.76,0.681947,0.127612,0.030085,0.035963,0.027889,0.043422,0.026671,0.020576,0.011394,0.017862,0.016752,0.187129,0.044116,0.052736,0.040896,0.03911,0.016708,0.024565,0.023011,68.86,69.41,0.044,0.000102,60.0
245,NOT_0008_3p_w650us_rf155_rep1_cond08,not_sim_08,Notch,4,train,8,ABC,650.0,155.0,0.494692,0.878716,1.776291,7.1673,155.2,60.0,59.9525,12.77,0.681947,0.127501,0.030017,0.036026,0.027837,0.043378,0.026703,0.020692,0.011419,0.017928,0.016934,0.186966,0.044017,0.052828,0.04082,0.039157,0.016745,0.024832,0.022992,68.89,69.74,0.044,0.000108,60.0
246,NOT_0008_3p_w650us_rf155_rep1_cond08,not_sim_08,Notch,4,train,8,ABC,650.0,155.0,0.494555,0.878494,1.776334,7.1745,156.6,60.0,59.9511,12.81,0.681763,0.127512,0.030065,0.035939,0.027761,0.043446,0.026794,0.02046,0.011267,0.01795,0.016818,0.187033,0.044099,0.052715,0.040719,0.039301,0.016526,0.024668,0.022982,68.86,69.53,0.044,9.6e-05,60.0
247,NOT_0008_3p_w650us_rf155_rep1_cond08,not_sim_08,Notch,4,train,8,ABC,650.0,155.0,0.494615,0.878286,1.775694,7.1788,156.0,60.0,60.0569,12.76,0.681837,0.127485,0.030116,0.035986,0.027834,0.043412,0.026724,0.020638,0.011325,0.017856,0.016879,0.186973,0.044169,0.052778,0.040822,0.039194,0.01661,0.024755,0.022986,68.89,69.75,0.044,0.000106,60.0
248,NOT_0008_3p_w650us_rf155_rep1_cond08,not_sim_08,Notch,4,train,8,ABC,650.0,155.0,0.494791,0.879513,1.777544,7.1912,153.2,60.0,60.0534,12.79,0.682083,0.127553,0.030127,0.035938,0.027906,0.043374,0.026824,0.020641,0.011327,0.017813,0.01697,0.187005,0.044169,0.052689,0.040913,0.039327,0.016606,0.02488,0.023008,68.88,69.73,0.044,6.7e-05,60.0
249,NOT_0008_3p_w650us_rf155_rep1_cond08,not_sim_08,Notch,4,train,8,ABC,650.0,155.0,0.494696,0.879954,1.778777,7.1737,153.6,60.0,59.948,12.75,0.681953,0.127579,0.02998,0.035757,0.027885,0.043447,0.026776,0.020558,0.011381,0.017904,0.016831,0.187079,0.043962,0.052433,0.04089,0.039264,0.016689,0.024681,0.022992,68.89,69.84,0.044,7e-05,60.0
250,NOT_0008_3p_w650us_rf155_rep1_cond08,not_sim_08,Notch,4,train,8,ABC,650.0,155.0,0.494773,0.878839,1.776246,7.1754,154.6,60.0,59.9504,12.77,0.682052,0.127602,0.029971,0.035962,0.027871,0.043363,0.026834,0.020626,0.011503,0.017791,0.016936,0.187085,0.043942,0.052726,0.040863,0.039343,0.016865,0.024831,0.023012,68.89,69.7,0.044,6.9e-05,60.0
251,NOT_0008_3p_w650us_rf155_rep1_cond08,not_sim_08,Notch,4,train,8,ABC,650.0,155.0,0.494751,0.880662,1.780011,7.193,156.4,60.0,59.9504,12.8,0.682017,0.127618,0.030129,0.03592,0.027903,0.043327,0.026839,0.020569,0.011385,0.017803,0.016833,0.187119,0.044176,0.052667,0.040912,0.039352,0.016693,0.024681,0.023013,68.89,69.77,0.044,7.1e-05,60.0
252,NOT_0008_3p_w650us_rf155_rep1_cond08,not_sim_08,Notch,4,train,8,ABC,650.0,155.0,0.494755,0.877662,1.77393,7.1803,156.8,60.0,60.0539,12.75,0.682033,0.127612,0.029977,0.035945,0.027861,0.043318,0.026896,0.020577,0.011369,0.017859,0.016967,0.187105,0.043952,0.052703,0.04085,0.039435,0.016669,0.024877,0.023011,68.87,69.55,0.044,6.7e-05,60.0
253,NOT_0008_3p_w650us_rf155_rep1_cond08,not_sim_08,Notch,4,train,8,ABC,650.0,155.0,0.494788,0.878131,1.77476,7.1948,153.6,60.0,60.0539,12.78,0.682047,0.127708,0.030037,0.035925,0.027863,0.043449,0.027009,0.020588,0.01145,0.017851,0.016849,0.187242,0.044039,0.052672,0.040852,0.0396,0.016788,0.024704,0.023053,68.9,69.87,0.044,2.1e-05,60.0
254,NOT_0008_3p_w650us_rf155_rep1_cond08,not_sim_08,Notch,4,train,8,ABC,650.0,155.0,0.494853,0.880443,1.779203,7.1829,153.2,60.0,60.0515,12.79,0.682153,0.12766,0.030033,0.035973,0.02784,0.043423,0.026903,0.020719,0.011427,0.017796,0.016928,0.187143,0.044027,0.052735,0.040812,0.039438,0.016751,0.024816,0.023041,68.89,69.69,0.044,1.9e-05,60.0
255,NOT_0008_3p_w650us_rf155_rep1_cond08,not_sim_08,Notch,4,train,8,ABC,650.0,155.0,0.494795,0.877745,1.773956,7.1811,154.0,60.0,59.9536,12.77,0.682064,0.127791,0.029965,0.035845,0.027866,0.043334,0.026919,0.020623,0.011455,0.017781,0.016812,0.187359,0.043933,0.052554,0.040855,0.039467,0.016795,0.024649,0.023048,68.87,69.56,0.0439,1.8e-05,60.0
256,NOT_0009_3p_w500us_rf180_rep1_cond09,not_sim_09,Notch,4,val,9,ABC,500.0,180.0,0.45335,0.695479,1.534088,7.4861,192.0,60.0,59.8654,14.78,0.631429,0.086917,0.037381,0.025626,0.019293,0.023286,0.021561,0.017664,0.007535,0.013364,0.0114,0.137651,0.059201,0.040584,0.030555,0.034146,0.011933,0.018054,0.011665,65.29,52.71,0.0296,7.8e-05,60.0
257,NOT_0009_3p_w500us_rf180_rep1_cond09,not_sim_09,Notch,4,val,9,ABC,500.0,180.0,0.453384,0.695101,1.533138,7.4964,192.0,60.0,59.8674,14.85,0.631486,0.08677,0.037473,0.025644,0.019255,0.023373,0.021586,0.017703,0.007621,0.013363,0.011385,0.137406,0.059341,0.040609,0.030492,0.034183,0.012068,0.018029,0.011654,65.29,52.72,0.0296,8.2e-05,60.0
258,NOT_0009_3p_w500us_rf180_rep1_cond09,not_sim_09,Notch,4,val,9,ABC,500.0,180.0,0.453282,0.695099,1.533478,7.4766,192.0,60.0,60.134,14.76,0.631361,0.086749,0.037379,0.025504,0.019188,0.023357,0.021515,0.017781,0.007575,0.013302,0.011283,0.1374,0.059204,0.040395,0.030391,0.034077,0.011998,0.017871,0.011627,65.29,52.9,0.0296,7.7e-05,60.0
259,NOT_0009_3p_w500us_rf180_rep1_cond09,not_sim_09,Notch,4,val,9,ABC,500.0,180.0,0.453321,0.696381,1.536178,7.4923,192.0,60.0,60.1362,14.83,0.631411,0.086758,0.037436,0.025636,0.019292,0.023215,0.021549,0.017699,0.007655,0.01327,0.01141,0.137403,0.059289,0.040601,0.030554,0.034128,0.012124,0.018071,0.011639,65.27,52.53,0.0296,6.1e-05,60.0
260,NOT_0009_3p_w500us_rf180_rep1_cond09,not_sim_09,Notch,4,val,9,ABC,500.0,180.0,0.453344,0.695587,1.534348,7.4982,192.0,60.0,60.1391,14.79,0.631445,0.086701,0.037444,0.025622,0.019301,0.023373,0.021613,0.017677,0.007534,0.013264,0.011342,0.137306,0.059299,0.040577,0.030566,0.034228,0.011931,0.017962,0.011635,65.29,52.75,0.0296,6.4e-05,60.0
261,NOT_0009_3p_w500us_rf180_rep1_cond09,not_sim_09,Notch,4,val,9,ABC,500.0,180.0,0.453354,0.694581,1.532096,7.5012,192.0,60.0,59.8636,14.8,0.631469,0.086679,0.037474,0.025649,0.019223,0.023263,0.021676,0.017682,0.007632,0.013174,0.011348,0.137266,0.059344,0.040618,0.030442,0.034326,0.012086,0.017971,0.011629,65.26,52.44,0.0296,5.6e-05,60.0
262,NOT_0009_3p_w500us_rf180_rep1_cond09,not_sim_09,Notch,4,val,9,ABC,500.0,180.0,0.453325,0.696407,1.53622,7.4997,192.0,60.0,59.8612,14.81,0.631429,0.086616,0.03747,0.025561,0.019161,0.023312,0.021713,0.017669,0.007588,0.013274,0.011422,0.137175,0.059342,0.040481,0.030345,0.034387,0.012017,0.018089,0.011618,65.3,52.89,0.0296,6.2e-05,60.0
263,NOT_0009_3p_w500us_rf180_rep1_cond09,not_sim_09,Notch,4,val,9,ABC,500.0,180.0,0.453346,0.694141,1.531152,7.4931,192.0,60.0,60.1394,14.69,0.631457,0.086712,0.037441,0.025665,0.019222,0.023243,0.021621,0.017615,0.007645,0.013203,0.011351,0.137321,0.059293,0.040644,0.030441,0.03424,0.012107,0.017976,0.011629,65.27,52.62,0.0295,5.8e-05,60.0
264,NOT_0009_3p_w500us_rf180_rep1_cond09,not_sim_09,Notch,4,val,9,ABC,500.0,180.0,0.453345,0.694602,1.532172,7.5074,192.0,60.0,60.1395,14.82,0.631444,0.086721,0.037491,0.025568,0.019266,0.023317,0.02169,0.017691,0.007586,0.013249,0.011386,0.137338,0.059373,0.040491,0.030511,0.03435,0.012014,0.018032,0.011641,65.28,52.55,0.0296,6.8e-05,60.0
265,NOT_0009_3p_w500us_rf180_rep1_cond09,not_sim_09,Notch,4,val,9,ABC,500.0,180.0,0.453309,0.694488,1.532041,7.4969,192.0,60.0,60.1375,14.81,0.631391,0.086747,0.037497,0.025636,0.019201,0.023214,0.021586,0.017684,0.00763,0.013419,0.011401,0.13739,0.059388,0.040602,0.030411,0.034188,0.012084,0.018057,0.011643,65.29,52.71,0.0296,7e-05,60.0
266,NOT_0009_3p_w500us_rf180_rep1_cond09,not_sim_09,Notch,4,val,9,ABC,500.0,180.0,0.453327,0.696506,1.536433,7.4982,192.0,60.0,59.8625,14.77,0.631417,0.08678,0.037529,0.025573,0.019156,0.023298,0.021591,0.017757,0.007566,0.013179,0.01142,0.137437,0.059436,0.040501,0.030338,0.034195,0.011983,0.018086,0.011646,65.27,52.53,0.0296,6.6e-05,60.0
267,NOT_0009_3p_w500us_rf180_rep1_cond09,not_sim_09,Notch,4,val,9,ABC,500.0,180.0,0.45329,0.695669,1.53471,7.4862,192.0,60.0,59.8634,14.79,0.631375,0.086784,0.037456,0.025611,0.019129,0.023246,0.021567,0.017614,0.007603,0.013241,0.011385,0.137452,0.059324,0.040564,0.030297,0.034159,0.012042,0.018032,0.011635,65.26,52.46,0.0295,6.8e-05,60.0
268,NOT_0009_3p_w500us_rf180_rep1_cond09,not_sim_09,Notch,4,val,9,ABC,500.0,180.0,0.453196,0.694797,1.533103,7.4997,192.0,60.0,60.1391,14.65,0.631227,0.086755,0.037518,0.025643,0.019218,0.023268,0.021543,0.017693,0.007605,0.013321,0.011432,0.137439,0.059437,0.040624,0.030445,0.034129,0.012048,0.018111,0.011645,65.29,52.75,0.0296,7.4e-05,60.0
269,NOT_0009_3p_w500us_rf180_rep1_cond09,not_sim_09,Notch,4,val,9,ABC,500.0,180.0,0.453218,0.695614,1.534834,7.5047,192.0,60.0,60.1384,14.82,0.631256,0.086779,0.037517,0.025656,0.019217,0.0232,0.02162,0.017708,0.00762,0.01327,0.011324,0.13747,0.059432,0.040643,0.030442,0.034249,0.012071,0.017939,0.011647,65.29,52.71,0.0296,6e-05,60.0
270,NOT_0009_3p_w500us_rf180_rep1_cond09,not_sim_09,Notch,4,val,9,ABC,500.0,180.0,0.453358,0.696258,1.53578,7.4918,192.0,60.0,60.1371,14.82,0.631457,0.086776,0.037423,0.025601,0.019318,0.023308,0.021548,0.017818,0.007591,0.013319,0.011428,0.137422,0.059265,0.040543,0.030593,0.034124,0.012021,0.018098,0.01165,65.29,52.7,0.0296,6e-05,60.0
271,NOT_0009_3p_w500us_rf180_rep1_cond09,not_sim_09,Notch,4,val,9,ABC,500.0,180.0,0.453296,0.695891,1.535181,7.4909,192.0,60.0,59.8578,14.74,0.631371,0.08677,0.037439,0.025714,0.019247,0.023245,0.021558,0.017756,0.007578,0.013277,0.01134,0.137431,0.059298,0.040727,0.030484,0.034145,0.012002,0.017961,0.011645,65.29,52.77,0.0296,6e-05,60.0
272,NOT_0009_3p_w500us_rf180_rep1_cond09,not_sim_09,Notch,4,val,9,ABC,500.0,180.0,0.453294,0.695022,1.53327,7.4985,192.0,60.0,59.8628,14.77,0.631371,0.086758,0.037441,0.025584,0.019241,0.023196,0.021664,0.017699,0.007581,0.013341,0.011351,0.137412,0.059301,0.040521,0.030475,0.034313,0.012007,0.017978,0.011638,65.29,52.77,0.0296,6.4e-05,60.0
273,NOT_0009_3p_w500us_rf180_rep1_cond09,not_sim_09,Notch,4,val,9,ABC,500.0,180.0,0.453223,0.6963,1.536329,7.4898,192.0,60.0,59.8616,14.87,0.631277,0.086765,0.03745,0.025587,0.0192,0.02331,0.02155,0.017685,0.00759,0.013243,0.011294,0.137444,0.059324,0.040532,0.030415,0.034137,0.012023,0.017891,0.011635,65.27,52.55,0.0296,6.1e-05,60.0
274,NOT_0009_3p_w500us_rf180_rep1_cond09,not_sim_09,Notch,4,val,9,ABC,500.0,180.0,0.453372,0.695166,1.533324,7.4733,192.0,60.0,60.1389,14.83,0.631463,0.086889,0.037362,0.02562,0.019135,0.023314,0.021564,0.017825,0.00754,0.013355,0.011395,0.1376,0.059167,0.040572,0.030303,0.034149,0.011941,0.018045,0.011659,65.31,52.89,0.0296,5.5e-05,60.0
275,NOT_0009_3p_w500us_rf180_rep1_cond09,not_sim_09,Notch,4,val,9,ABC,500.0,180.0,0.453341,0.69423,1.531363,7.4886,192.0,60.0,60.1398,14.82,0.631424,0.086893,0.037434,0.025635,0.019228,0.023274,0.02156,0.017744,0.007571,0.013237,0.011399,0.137614,0.059285,0.040599,0.030452,0.034145,0.01199,0.018053,0.011662,65.28,52.57,0.0296,5.5e-05,60.0
276,NOT_0009_3p_w500us_rf180_rep1_cond09,not_sim_09,Notch,4,val,9,ABC,500.0,180.0,0.453339,0.694502,1.531969,7.4895,192.0,60.0,59.8648,14.76,0.631415,0.086861,0.037374,0.025633,0.01928,0.023409,0.021629,0.017749,0.00752,0.013314,0.011424,0.137566,0.059191,0.040596,0.030535,0.034255,0.01191,0.018093,0.011666,65.31,52.92,0.0296,5.3e-05,60.0
277,NOT_0009_3p_w500us_rf180_rep1_cond09,not_sim_09,Notch,4,val,9,ABC,500.0,180.0,0.453289,0.695391,1.534101,7.4839,192.0,60.0,59.8612,14.75,0.631344,0.086896,0.03738,0.025606,0.019248,0.023368,0.021559,0.017747,0.00761,0.013368,0.011387,0.137637,0.059207,0.040558,0.030487,0.034148,0.012054,0.018036,0.011666,65.3,52.8,0.0296,5.1e-05,60.0
278,NOT_0009_3p_w500us_rf180_rep1_cond09,not_sim_09,Notch,4,val,9,ABC,500.0,180.0,0.453218,0.695083,1.533662,7.4784,192.0,60.0,59.8605,14.87,0.631261,0.086844,0.037417,0.025611,0.019149,0.023347,0.021492,0.017691,0.00759,0.013283,0.011276,0.137572,0.059273,0.040571,0.030335,0.034046,0.012024,0.017863,0.011646,65.28,52.67,0.0296,5.2e-05,60.0
279,NOT_0009_3p_w500us_rf180_rep1_cond09,not_sim_09,Notch,4,val,9,ABC,500.0,180.0,0.453329,0.693825,1.530513,7.4979,192.0,60.0,60.141,14.84,0.631402,0.086826,0.0375,0.025627,0.019244,0.023256,0.021556,0.017787,0.00776,0.013346,0.011357,0.137513,0.059392,0.040587,0.030478,0.03414,0.01229,0.017987,0.011661,65.32,53.18,0.0296,6e-05,60.0
280,NOT_0009_3p_w500us_rf180_rep1_cond09,not_sim_09,Notch,4,val,9,ABC,500.0,180.0,0.453296,0.694358,1.531797,7.4864,192.0,60.0,60.1418,14.8,0.631352,0.086871,0.03738,0.025749,0.019304,0.023379,0.021544,0.017752,0.00747,0.013334,0.011429,0.137595,0.059206,0.040784,0.030576,0.034124,0.011832,0.018102,0.01167,65.3,52.82,0.0296,6.6e-05,60.0
281,NOT_0009_3p_w500us_rf180_rep1_cond09,not_sim_09,Notch,4,val,9,ABC,500.0,180.0,0.453293,0.695613,1.534578,7.4886,192.0,60.0,59.8637,14.72,0.631321,0.086971,0.037391,0.025734,0.019306,0.023434,0.021547,0.017781,0.007586,0.013469,0.01139,0.13776,0.059227,0.040762,0.03058,0.03413,0.012016,0.018042,0.011695,65.33,53.11,0.0297,6.9e-05,60.0
282,NOT_0009_3p_w500us_rf180_rep1_cond09,not_sim_09,Notch,4,val,9,ABC,500.0,180.0,0.453242,0.694671,1.532671,7.4867,192.0,60.0,59.862,14.76,0.631275,0.086915,0.037428,0.025613,0.019171,0.023403,0.021571,0.017658,0.00749,0.013383,0.011392,0.137682,0.05929,0.040573,0.030369,0.034171,0.011865,0.018046,0.011668,65.3,52.91,0.0296,6.5e-05,60.0
283,NOT_0009_3p_w500us_rf180_rep1_cond09,not_sim_09,Notch,4,val,9,ABC,500.0,180.0,0.453217,0.694142,1.531588,7.4847,192.0,60.0,59.8586,14.83,0.63123,0.086924,0.037308,0.025746,0.01932,0.023412,0.02161,0.017671,0.007526,0.013442,0.011395,0.137706,0.059104,0.040787,0.030607,0.034235,0.011923,0.018052,0.011678,65.32,52.92,0.0297,6.7e-05,60.0
284,NOT_0009_3p_w500us_rf180_rep1_cond09,not_sim_09,Notch,4,val,9,ABC,500.0,180.0,0.453205,0.694108,1.531553,7.4848,192.0,60.0,60.14,14.79,0.631217,0.08691,0.037452,0.025691,0.019235,0.02347,0.021435,0.017775,0.007675,0.013419,0.011311,0.137686,0.059333,0.040701,0.030473,0.033958,0.012159,0.017919,0.011679,65.3,52.73,0.0296,6.6e-05,60.0
285,NOT_0009_3p_w500us_rf180_rep1_cond09,not_sim_09,Notch,4,val,9,ABC,500.0,180.0,0.453211,0.693932,1.531145,7.4745,192.0,60.0,60.1422,14.8,0.631242,0.08689,0.037347,0.025564,0.019231,0.023423,0.021482,0.017628,0.007593,0.013436,0.011504,0.137649,0.059164,0.040498,0.030465,0.034031,0.012029,0.018224,0.011659,65.29,52.7,0.0296,6.9e-05,60.0
286,NOT_0009_3p_w500us_rf180_rep1_cond09,not_sim_09,Notch,4,val,9,ABC,500.0,180.0,0.453251,0.693831,1.530787,7.4849,192.0,60.0,60.1383,14.77,0.631299,0.086893,0.037406,0.025605,0.019222,0.023233,0.021542,0.017701,0.007597,0.013251,0.01138,0.137642,0.059252,0.040559,0.030448,0.034123,0.012034,0.018026,0.011655,65.3,52.85,0.0296,6.8e-05,60.0
287,NOT_0009_3p_w500us_rf180_rep1_cond09,not_sim_09,Notch,4,val,9,ABC,500.0,180.0,0.453271,0.694775,1.532801,7.4811,192.0,60.0,59.8618,14.77,0.63132,0.086859,0.037404,0.02567,0.019185,0.023357,0.021529,0.017714,0.007622,0.013386,0.011334,0.137583,0.059247,0.040661,0.030389,0.034102,0.012073,0.017953,0.011659,65.32,53.15,0.0296,6.9e-05,60.0
288,NOT_0010_3p_w700us_rf170_rep1_cond10,not_sim_10,Notch,4,train,10,ABC,700.0,170.0,0.458243,0.773301,1.687536,6.3174,191.2,60.0,59.9158,13.75,0.635098,0.10534,0.026194,0.030608,0.022847,0.03505,0.020041,0.017658,0.00876,0.01566,0.014117,0.165864,0.041244,0.048194,0.035974,0.031556,0.013793,0.022228,0.015705,66.97,61.52,0.0364,9e-06,60.0
289,NOT_0010_3p_w700us_rf170_rep1_cond10,not_sim_10,Notch,4,train,10,ABC,700.0,170.0,0.458104,0.772258,1.685771,6.3303,191.8,60.0,59.916,13.8,0.63493,0.105129,0.02614,0.030614,0.022888,0.034909,0.020207,0.017565,0.008897,0.015679,0.01419,0.165576,0.04117,0.048216,0.036048,0.031826,0.014013,0.022349,0.015658,66.98,61.62,0.0363,1e-05,60.0
290,NOT_0010_3p_w700us_rf170_rep1_cond10,not_sim_10,Notch,4,train,10,ABC,700.0,170.0,0.458094,0.774444,1.690579,6.323,191.8,60.0,60.0784,13.73,0.634912,0.105159,0.026193,0.030513,0.022804,0.03506,0.020139,0.017511,0.008822,0.015734,0.014159,0.165628,0.041255,0.048059,0.035917,0.031719,0.013895,0.022301,0.015663,66.98,61.66,0.0363,9e-06,60.0
291,NOT_0010_3p_w700us_rf170_rep1_cond10,not_sim_10,Notch,4,train,10,ABC,700.0,170.0,0.458088,0.773194,1.687871,6.332,191.6,60.0,60.0776,13.8,0.634911,0.10512,0.026148,0.030579,0.022873,0.034926,0.020233,0.017446,0.008914,0.015731,0.014127,0.165567,0.041184,0.048163,0.036026,0.031867,0.01404,0.02225,0.015652,66.98,61.7,0.0363,8e-06,60.0
292,NOT_0010_3p_w700us_rf170_rep1_cond10,not_sim_10,Notch,4,train,10,ABC,700.0,170.0,0.458121,0.773621,1.688684,6.3347,191.8,60.0,60.0786,13.81,0.634966,0.105094,0.026207,0.03052,0.022835,0.034922,0.02024,0.017574,0.008824,0.015678,0.014113,0.165511,0.041273,0.048066,0.035963,0.031876,0.013897,0.022226,0.015645,66.97,61.71,0.0363,8e-06,60.0
293,NOT_0010_3p_w700us_rf170_rep1_cond10,not_sim_10,Notch,4,train,10,ABC,700.0,170.0,0.458134,0.772302,1.685758,6.3336,191.8,60.0,59.9191,13.77,0.634976,0.105117,0.026156,0.030533,0.02285,0.035009,0.020275,0.017685,0.008762,0.015676,0.014105,0.165545,0.041192,0.048085,0.035986,0.03193,0.013799,0.022213,0.015659,66.97,61.53,0.0363,9e-06,60.0
294,NOT_0010_3p_w700us_rf170_rep1_cond10,not_sim_10,Notch,4,train,10,ABC,700.0,170.0,0.458047,0.772915,1.687413,6.3425,191.6,60.0,59.9169,13.78,0.634847,0.10516,0.026244,0.030603,0.022855,0.034867,0.020253,0.017597,0.008835,0.015667,0.014232,0.165646,0.041339,0.048205,0.036001,0.031902,0.013917,0.022418,0.015668,66.97,61.56,0.0363,9e-06,60.0
295,NOT_0010_3p_w700us_rf170_rep1_cond10,not_sim_10,Notch,4,train,10,ABC,700.0,170.0,0.458053,0.773725,1.689162,6.3279,191.8,60.0,60.0798,13.7,0.634852,0.105149,0.026154,0.030661,0.022883,0.034995,0.020153,0.01767,0.008795,0.015715,0.01411,0.165628,0.041197,0.048296,0.036045,0.031744,0.013854,0.022226,0.015671,66.97,61.49,0.0363,8e-06,60.0
296,NOT_0010_3p_w700us_rf170_rep1_cond10,not_sim_10,Notch,4,train,10,ABC,700.0,170.0,0.458108,0.773036,1.687453,6.3321,191.6,60.0,60.082,13.79,0.634921,0.105196,0.026192,0.030577,0.022872,0.035034,0.020179,0.017599,0.008798,0.015692,0.014085,0.165684,0.041252,0.048159,0.036023,0.031782,0.013857,0.022184,0.015677,66.99,61.73,0.0364,1e-05,60.0
297,NOT_0010_3p_w700us_rf170_rep1_cond10,not_sim_10,Notch,4,train,10,ABC,700.0,170.0,0.458069,0.772073,1.685494,6.322,191.6,60.0,60.0813,13.81,0.634884,0.105113,0.026129,0.030674,0.022841,0.035002,0.020164,0.017543,0.008811,0.015676,0.014151,0.165563,0.041156,0.048314,0.035977,0.03176,0.013878,0.022289,0.015657,66.97,61.53,0.0363,9e-06,60.0
298,NOT_0010_3p_w700us_rf170_rep1_cond10,not_sim_10,Notch,4,train,10,ABC,700.0,170.0,0.458119,0.77375,1.688971,6.3427,192.0,60.0,59.9207,13.77,0.634972,0.105042,0.026223,0.030528,0.022951,0.034889,0.02019,0.017587,0.008793,0.015712,0.014221,0.165428,0.041298,0.048078,0.036145,0.031797,0.013848,0.022396,0.015641,66.97,61.57,0.0363,9e-06,60.0
299,NOT_0010_3p_w700us_rf170_rep1_cond10,not_sim_10,Notch,4,train,10,ABC,700.0,170.0,0.458108,0.772651,1.686614,6.333,191.8,60.0,59.9175,13.77,0.634937,0.105126,0.026198,0.03055,0.022854,0.035009,0.020206,0.017588,0.008834,0.015752,0.014163,0.165569,0.041261,0.048115,0.035994,0.031824,0.013913,0.022306,0.015663,66.98,61.62,0.0363,8e-06,60.0
300,NOT_0010_3p_w700us_rf170_rep1_cond10,not_sim_10,Notch,4,train,10,ABC,700.0,170.0,0.458156,0.772003,1.685022,6.329,191.8,60.0,60.0802,13.7,0.635024,0.105069,0.026221,0.03052,0.022825,0.035025,0.020169,0.017519,0.008812,0.015642,0.014098,0.165457,0.041291,0.048061,0.035944,0.031761,0.013877,0.022201,0.015641,66.96,61.57,0.0363,9e-06,60.0
301,NOT_0010_3p_w700us_rf170_rep1_cond10,not_sim_10,Notch,4,train,10,ABC,700.0,170.0,0.457994,0.772602,1.686926,6.3326,191.8,60.0,60.0788,13.81,0.634777,0.105095,0.026193,0.030616,0.022904,0.034939,0.02013,0.017565,0.008802,0.015756,0.014119,0.165562,0.041263,0.048231,0.036082,0.031712,0.013866,0.022242,0.015653,66.99,61.75,0.0363,9e-06,60.0
302,NOT_0010_3p_w700us_rf170_rep1_cond10,not_sim_10,Notch,4,train,10,ABC,700.0,170.0,0.458127,0.772665,1.686574,6.3281,191.8,60.0,60.076,13.82,0.634972,0.105065,0.026211,0.030671,0.022884,0.034948,0.020097,0.017423,0.008843,0.015839,0.014201,0.165464,0.041279,0.048303,0.036039,0.03165,0.013927,0.022365,0.01565,66.98,61.71,0.0363,8e-06,60.0
303,NOT_0010_3p_w700us_rf170_rep1_cond10,not_sim_10,Notch,4,train,10,ABC,700.0,170.0,0.458081,0.772993,1.687459,6.3403,191.8,60.0,59.9206,13.76,0.634899,0.105107,0.026296,0.030597,0.022874,0.034886,0.020143,0.01768,0.008788,0.015676,0.014181,0.165549,0.041418,0.048192,0.036028,0.031726,0.013842,0.022336,0.015658,66.99,61.76,0.0363,9e-06,60.0
304,NOT_0010_3p_w700us_rf170_rep1_cond10,not_sim_10,Notch,4,train,10,ABC,700.0,170.0,0.458058,0.772205,1.685825,6.346,192.0,60.0,59.9174,13.76,0.634871,0.105051,0.026232,0.030628,0.022923,0.034923,0.020239,0.01757,0.008858,0.015727,0.014151,0.165468,0.041319,0.048243,0.036107,0.031879,0.013952,0.02229,0.015651,66.98,61.64,0.0363,8e-06,60.0
305,NOT_0010_3p_w700us_rf170_rep1_cond10,not_sim_10,Notch,4,train,10,ABC,700.0,170.0,0.458029,0.773472,1.688696,6.3453,192.0,60.0,59.9209,13.84,0.634833,0.105066,0.026246,0.030574,0.022889,0.03486,0.020246,0.017633,0.008738,0.015786,0.014072,0.165502,0.041343,0.048161,0.036055,0.031892,0.013764,0.022166,0.015646,66.99,61.78,0.0363,8e-06,60.0
306,NOT_0010_3p_w700us_rf170_rep1_cond10,not_sim_10,Notch,4,train,10,ABC,700.0,170.0,0.458006,0.772729,1.687158,6.3391,192.0,60.0,60.0833,13.78,0.634782,0.105188,0.026229,0.03061,0.022945,0.034923,0.020119,0.017577,0.008879,0.015654,0.014165,0.165707,0.04132,0.048221,0.036146,0.031694,0.013987,0.022315,0.015674,66.98,61.65,0.0363,9e-06,60.0
307,NOT_0010_3p_w700us_rf170_rep1_cond10,not_sim_10,Notch,4,train,10,ABC,700.0,170.0,0.458021,0.772811,1.687281,6.3388,192.0,60.0,60.0839,13.79,0.634804,0.105145,0.026209,0.030536,0.022909,0.035017,0.020186,0.017562,0.008824,0.015799,0.014115,0.165634,0.041287,0.048103,0.036088,0.031799,0.0139,0.022235,0.015668,66.99,61.66,0.0363,8e-06,60.0
308,NOT_0010_3p_w700us_rf170_rep1_cond10,not_sim_10,Notch,4,train,10,ABC,700.0,170.0,0.458006,0.77343,1.68869,6.335,192.0,60.0,59.9165,13.74,0.634797,0.105068,0.026209,0.030599,0.022846,0.034935,0.020207,0.017495,0.00882,0.015776,0.014201,0.165514,0.041287,0.048203,0.035989,0.031832,0.013894,0.022371,0.015648,67.0,61.9,0.0363,9e-06,60.0
309,NOT_0010_3p_w700us_rf170_rep1_cond10,not_sim_10,Notch,4,train,10,ABC,700.0,170.0,0.458042,0.773197,1.688049,6.3449,192.0,60.0,59.9202,13.77,0.634845,0.105096,0.026285,0.03062,0.022839,0.034915,0.020248,0.01755,0.008914,0.015746,0.014198,0.165546,0.041404,0.048232,0.035976,0.031894,0.014041,0.022365,0.015661,66.98,61.63,0.0363,8e-06,60.0
310,NOT_0010_3p_w700us_rf170_rep1_cond10,not_sim_10,Notch,4,train,10,ABC,700.0,170.0,0.458072,0.771724,1.684721,6.3322,192.0,60.0,59.9189,13.83,0.634883,0.105112,0.026233,0.030637,0.022853,0.034962,0.020144,0.017652,0.008795,0.015787,0.014157,0.165561,0.041319,0.048256,0.035996,0.031729,0.013853,0.022299,0.015664,66.99,61.66,0.0363,9e-06,60.0
311,NOT_0010_3p_w700us_rf170_rep1_cond10,not_sim_10,Notch,4,train,10,ABC,700.0,170.0,0.458033,0.773144,1.687966,6.3309,191.8,60.0,60.084,13.76,0.63482,0.105202,0.026217,0.03058,0.022837,0.034936,0.020159,0.01753,0.008773,0.015794,0.014164,0.165719,0.041298,0.048171,0.035974,0.031755,0.01382,0.022312,0.015673,66.98,61.64,0.0363,1e-05,60.0
312,NOT_0010_3p_w700us_rf170_rep1_cond10,not_sim_10,Notch,4,train,10,ABC,700.0,170.0,0.458047,0.772669,1.686878,6.3285,191.6,60.0,60.0847,13.79,0.634842,0.105183,0.026167,0.030595,0.022841,0.034972,0.020192,0.017566,0.00884,0.015694,0.014092,0.165684,0.041218,0.048193,0.035979,0.031806,0.013925,0.022198,0.015668,66.99,61.73,0.0363,8e-06,60.0
313,NOT_0010_3p_w700us_rf170_rep1_cond10,not_sim_10,Notch,4,train,10,ABC,700.0,170.0,0.458094,0.773688,1.68893,6.3296,191.8,60.0,59.9166,13.73,0.634912,0.105194,0.026204,0.03056,0.022877,0.034935,0.020124,0.017611,0.008747,0.015666,0.014176,0.165683,0.041272,0.048133,0.036032,0.031696,0.013777,0.022328,0.015668,66.98,61.62,0.0363,9e-06,60.0
314,NOT_0010_3p_w700us_rf170_rep1_cond10,not_sim_10,Notch,4,train,10,ABC,700.0,170.0,0.458049,0.7729,1.687376,6.3359,192.0,60.0,59.9145,13.75,0.634824,0.105264,0.026227,0.030576,0.022855,0.035036,0.020189,0.017626,0.008866,0.015668,0.014122,0.165816,0.041314,0.048165,0.036002,0.031803,0.013966,0.022246,0.015695,66.99,61.71,0.0364,9e-06,60.0
315,NOT_0010_3p_w700us_rf170_rep1_cond10,not_sim_10,Notch,4,train,10,ABC,700.0,170.0,0.457936,0.772696,1.687344,6.3383,192.0,60.0,59.9154,13.81,0.634702,0.10505,0.02623,0.030592,0.022855,0.034873,0.020201,0.017778,0.008826,0.015841,0.014104,0.165511,0.041326,0.048199,0.036009,0.031828,0.013906,0.022221,0.01565,66.98,61.63,0.0363,9e-06,60.0
316,NOT_0010_3p_w700us_rf170_rep1_cond10,not_sim_10,Notch,4,train,10,ABC,700.0,170.0,0.458072,0.773821,1.689299,6.338,191.8,60.0,60.0814,13.75,0.634888,0.105071,0.026289,0.030634,0.022807,0.034991,0.020198,0.017612,0.008807,0.015769,0.01408,0.165495,0.041407,0.048251,0.035923,0.031813,0.013872,0.022177,0.015657,66.99,61.68,0.0363,9e-06,60.0
317,NOT_0010_3p_w700us_rf170_rep1_cond10,not_sim_10,Notch,4,train,10,ABC,700.0,170.0,0.458032,0.773947,1.689723,6.3405,192.0,60.0,60.0836,13.79,0.634806,0.105196,0.026292,0.030651,0.02285,0.035023,0.020166,0.017571,0.008879,0.015722,0.014122,0.165714,0.041417,0.048284,0.035995,0.031767,0.013987,0.022246,0.015687,67.0,61.79,0.0364,9e-06,60.0
318,NOT_0010_3p_w700us_rf170_rep1_cond10,not_sim_10,Notch,4,train,10,ABC,700.0,170.0,0.457957,0.772576,1.687005,6.3426,192.0,60.0,60.0776,13.8,0.634719,0.105127,0.026298,0.030498,0.022845,0.034994,0.02018,0.017614,0.008883,0.015739,0.014176,0.165628,0.041433,0.04805,0.035992,0.031794,0.013995,0.022334,0.015665,66.99,61.67,0.0363,9e-06,60.0
319,NOT_0010_3p_w700us_rf170_rep1_cond10,not_sim_10,Notch,4,train,10,ABC,700.0,170.0,0.458008,0.771208,1.683833,6.3302,192.0,60.0,59.9146,13.76,0.634788,0.105142,0.026226,0.030597,0.022887,0.035065,0.020077,0.017658,0.00887,0.015685,0.014128,0.165633,0.041315,0.0482,0.036055,0.031628,0.013973,0.022256,0.015671,66.99,61.69,0.0363,9e-06,60.0
320,NOT_0011_3p_w600us_rf150_rep1_cond11,not_sim_11,Notch,4,train,11,ABC,600.0,150.0,0.466126,0.727654,1.561067,9.2249,183.8,60.0,59.8625,13.05,0.644211,0.108665,0.046493,0.032066,0.025938,0.03135,0.026407,0.0204,0.010164,0.017975,0.014827,0.168679,0.07217,0.049776,0.040263,0.040991,0.015777,0.023016,0.018413,68.12,66.08,0.0416,5.2e-05,60.0
321,NOT_0011_3p_w600us_rf150_rep1_cond11,not_sim_11,Notch,4,train,11,ABC,600.0,150.0,0.466108,0.727722,1.561275,9.2243,183.8,60.0,59.8609,13.1,0.644211,0.108543,0.046516,0.032082,0.025923,0.03131,0.026372,0.020453,0.010058,0.017972,0.014665,0.16849,0.072206,0.0498,0.04024,0.040937,0.015613,0.022764,0.01838,68.11,66.05,0.0415,5e-05,60.0
322,NOT_0011_3p_w600us_rf150_rep1_cond11,not_sim_11,Notch,4,train,11,ABC,600.0,150.0,0.46611,0.727743,1.56131,9.2083,183.6,60.0,60.1395,13.0,0.644205,0.108646,0.046355,0.032004,0.025968,0.031313,0.026379,0.020439,0.01012,0.017882,0.014845,0.168651,0.071957,0.04968,0.04031,0.040948,0.015709,0.023044,0.018388,68.12,66.18,0.0415,5e-05,60.0
323,NOT_0011_3p_w600us_rf150_rep1_cond11,not_sim_11,Notch,4,train,11,ABC,600.0,150.0,0.466187,0.728729,1.56317,9.215,183.0,60.0,60.1453,13.07,0.644297,0.108679,0.046466,0.032102,0.025949,0.031364,0.026318,0.020564,0.010079,0.017955,0.014733,0.168678,0.072119,0.049825,0.040275,0.040848,0.015643,0.022867,0.018414,68.13,66.25,0.0416,3.9e-05,60.0
324,NOT_0011_3p_w600us_rf150_rep1_cond11,not_sim_11,Notch,4,train,11,ABC,600.0,150.0,0.466124,0.728913,1.563774,9.2024,183.0,60.0,60.1421,13.07,0.644218,0.108633,0.04637,0.032137,0.025946,0.031466,0.02629,0.020395,0.01013,0.018005,0.01474,0.168628,0.071979,0.049885,0.040275,0.040809,0.015724,0.02288,0.018399,68.13,66.23,0.0415,4e-05,60.0
325,NOT_0011_3p_w600us_rf150_rep1_cond11,not_sim_11,Notch,4,train,11,ABC,600.0,150.0,0.46616,0.727538,1.560703,9.1976,183.2,60.0,59.8611,13.05,0.644263,0.108661,0.046352,0.032128,0.02594,0.031479,0.026268,0.020384,0.010117,0.017976,0.014843,0.168659,0.071946,0.049868,0.040263,0.040772,0.015703,0.023039,0.018403,68.14,66.39,0.0416,3.8e-05,60.0
326,NOT_0011_3p_w600us_rf150_rep1_cond11,not_sim_11,Notch,4,train,11,ABC,600.0,150.0,0.466076,0.727611,1.56114,9.2383,184.0,60.0,59.8587,13.06,0.644127,0.108673,0.046563,0.032074,0.026025,0.031423,0.026374,0.020447,0.010049,0.017976,0.014749,0.168714,0.072289,0.049795,0.040404,0.040945,0.015601,0.022898,0.018427,68.14,66.27,0.0416,3.6e-05,60.0
327,NOT_0011_3p_w600us_rf150_rep1_cond11,not_sim_11,Notch,4,train,11,ABC,600.0,150.0,0.466099,0.728485,1.56294,9.2298,184.0,60.0,60.1365,12.97,0.644171,0.108642,0.046497,0.032093,0.026053,0.031399,0.026349,0.020442,0.010083,0.018024,0.014699,0.168654,0.072181,0.049821,0.040444,0.040904,0.015653,0.022818,0.018414,68.14,66.29,0.0416,4.1e-05,60.0
328,NOT_0011_3p_w600us_rf150_rep1_cond11,not_sim_11,Notch,4,train,11,ABC,600.0,150.0,0.466115,0.728129,1.562123,9.2217,183.2,60.0,60.1408,13.08,0.64417,0.108759,0.046464,0.032001,0.026007,0.031463,0.026335,0.020516,0.010074,0.018036,0.014831,0.168836,0.07213,0.049678,0.040373,0.040882,0.015639,0.023023,0.018439,68.16,66.46,0.0416,4.9e-05,60.0
329,NOT_0011_3p_w600us_rf150_rep1_cond11,not_sim_11,Notch,4,train,11,ABC,600.0,150.0,0.466142,0.729302,1.564547,9.2037,183.0,60.0,60.1384,13.08,0.644213,0.108792,0.046425,0.032123,0.025989,0.031563,0.026168,0.020406,0.010021,0.017989,0.014794,0.168876,0.072065,0.049864,0.040342,0.04062,0.015555,0.022964,0.018439,68.14,66.28,0.0416,4.4e-05,60.0
330,NOT_0011_3p_w600us_rf150_rep1_cond11,not_sim_11,Notch,4,train,11,ABC,600.0,150.0,0.466127,0.728358,1.562573,9.1972,183.0,60.0,59.8624,13.03,0.644196,0.108767,0.046337,0.032173,0.026011,0.031532,0.026204,0.020446,0.010232,0.018022,0.014777,0.168841,0.07193,0.049943,0.040377,0.040677,0.015883,0.022939,0.018436,68.14,66.25,0.0416,4.5e-05,60.0
331,NOT_0011_3p_w600us_rf150_rep1_cond11,not_sim_11,Notch,4,train,11,ABC,600.0,150.0,0.466143,0.727601,1.560896,9.2159,183.8,60.0,59.8611,13.04,0.64419,0.108867,0.046401,0.032233,0.026066,0.031486,0.026308,0.020403,0.010069,0.018056,0.014772,0.168998,0.07203,0.050036,0.040463,0.040839,0.01563,0.022931,0.018469,68.15,66.3,0.0417,4.3e-05,60.0
332,NOT_0011_3p_w600us_rf150_rep1_cond11,not_sim_11,Notch,4,train,11,ABC,600.0,150.0,0.466049,0.728772,1.563726,9.2008,183.8,60.0,60.1391,12.92,0.644066,0.108844,0.046342,0.032168,0.025979,0.031584,0.026252,0.020446,0.010084,0.018083,0.014789,0.168995,0.071952,0.049945,0.040336,0.04076,0.015657,0.022962,0.018456,68.15,66.3,0.0416,4.7e-05,60.0
333,NOT_0011_3p_w600us_rf150_rep1_cond11,not_sim_11,Notch,4,train,11,ABC,600.0,150.0,0.466138,0.731824,1.569974,9.1958,183.2,60.0,60.1405,13.09,0.644211,0.108802,0.046344,0.032075,0.025916,0.031515,0.026269,0.020463,0.010042,0.018048,0.014753,0.168892,0.071939,0.04979,0.040229,0.040777,0.015588,0.022901,0.018432,68.14,66.26,0.0416,4.4e-05,60.0
334,NOT_0011_3p_w600us_rf150_rep1_cond11,not_sim_11,Notch,4,train,11,ABC,600.0,150.0,0.466088,0.733594,1.57394,9.1992,183.0,60.0,60.142,13.08,0.644138,0.108753,0.046381,0.032084,0.025965,0.031622,0.026189,0.020475,0.010183,0.018024,0.014788,0.168835,0.072005,0.049809,0.04031,0.040657,0.015809,0.022958,0.018434,68.14,66.24,0.0416,4.4e-05,60.0
335,NOT_0011_3p_w600us_rf150_rep1_cond11,not_sim_11,Notch,4,train,11,ABC,600.0,150.0,0.466082,0.733967,1.574759,9.1928,183.2,60.0,59.8577,13.01,0.644112,0.108878,0.046353,0.032206,0.025953,0.03165,0.026151,0.020383,0.010125,0.017976,0.014793,0.169036,0.071964,0.050001,0.040293,0.0406,0.015719,0.022967,0.018459,68.14,66.26,0.0416,4.3e-05,60.0
336,NOT_0011_3p_w600us_rf150_rep1_cond11,not_sim_11,Notch,4,train,11,ABC,600.0,150.0,0.46605,0.734007,1.574955,9.2075,184.0,60.0,59.8604,13.03,0.644086,0.108721,0.046381,0.032156,0.025937,0.031527,0.026327,0.020513,0.010138,0.017955,0.014719,0.168799,0.072011,0.049925,0.040269,0.040875,0.01574,0.022853,0.018428,68.16,66.43,0.0416,4.1e-05,60.0
337,NOT_0011_3p_w600us_rf150_rep1_cond11,not_sim_11,Notch,4,train,11,ABC,600.0,150.0,0.466066,0.733942,1.574759,9.2133,184.0,60.0,59.8604,13.13,0.644087,0.108802,0.046464,0.032172,0.025948,0.031569,0.026253,0.020461,0.010035,0.018124,0.014723,0.168924,0.072139,0.04995,0.040286,0.04076,0.01558,0.022859,0.018456,68.17,66.5,0.0417,4.4e-05,60.0
338,NOT_0011_3p_w600us_rf150_rep1_cond11,not_sim_11,Notch,4,train,11,ABC,600.0,150.0,0.466118,0.733882,1.574454,9.2054,183.4,60.0,60.1402,13.1,0.644148,0.108893,0.046427,0.032153,0.025917,0.031669,0.026247,0.020527,0.010077,0.018063,0.014671,0.16905,0.072075,0.049916,0.040235,0.040747,0.015644,0.022776,0.018475,68.16,66.36,0.0417,6.8e-05,60.0
339,NOT_0011_3p_w600us_rf150_rep1_cond11,not_sim_11,Notch,4,train,11,ABC,600.0,150.0,0.466035,0.734463,1.575983,9.1953,183.2,60.0,60.1411,13.08,0.644046,0.108861,0.046315,0.032122,0.025922,0.031662,0.026272,0.020465,0.010118,0.018095,0.01471,0.169027,0.071913,0.049875,0.040249,0.040792,0.01571,0.02284,0.018457,68.15,66.23,0.0416,6.3e-05,60.0
340,NOT_0011_3p_w600us_rf150_rep1_cond11,not_sim_11,Notch,4,train,11,ABC,600.0,150.0,0.466072,0.734387,1.575694,9.2068,183.2,60.0,59.8616,13.01,0.644094,0.108867,0.046464,0.032114,0.025949,0.031666,0.02616,0.020418,0.009956,0.018097,0.014688,0.169023,0.072139,0.049859,0.040288,0.040615,0.015457,0.022804,0.018462,68.15,66.23,0.0416,6.2e-05,60.0
341,NOT_0011_3p_w600us_rf150_rep1_cond11,not_sim_11,Notch,4,train,11,ABC,600.0,150.0,0.466091,0.731888,1.570269,9.2001,183.8,60.0,59.8623,13.02,0.644118,0.10891,0.04635,0.032169,0.026014,0.031621,0.026203,0.020295,0.010187,0.018018,0.014867,0.169084,0.071959,0.049943,0.040387,0.04068,0.015815,0.023081,0.018469,68.15,66.31,0.0416,6.4e-05,60.0
342,NOT_0011_3p_w600us_rf150_rep1_cond11,not_sim_11,Notch,4,train,11,ABC,600.0,150.0,0.465989,0.732065,1.570991,9.2002,184.0,60.0,59.8617,13.13,0.643981,0.108817,0.046384,0.032194,0.025924,0.031615,0.026206,0.020445,0.010197,0.018045,0.014745,0.168975,0.072027,0.049992,0.040256,0.040694,0.015834,0.022897,0.018452,68.16,66.4,0.0417,7e-05,60.0
343,NOT_0011_3p_w600us_rf150_rep1_cond11,not_sim_11,Notch,4,train,11,ABC,600.0,150.0,0.466067,0.733406,1.573606,9.2109,183.8,60.0,60.1409,13.09,0.644071,0.108884,0.046399,0.032214,0.02605,0.031689,0.026229,0.020474,0.010135,0.018027,0.014715,0.169056,0.07204,0.050016,0.040446,0.040724,0.015736,0.022847,0.01848,68.17,66.36,0.0417,6.2e-05,60.0
344,NOT_0011_3p_w600us_rf150_rep1_cond11,not_sim_11,Notch,4,train,11,ABC,600.0,150.0,0.4661,0.734559,1.575969,9.1945,183.2,60.0,60.1405,13.08,0.64414,0.108837,0.046337,0.03224,0.025989,0.031683,0.026174,0.020428,0.010007,0.018064,0.014733,0.168965,0.071936,0.050051,0.040347,0.040634,0.015535,0.022872,0.018457,68.15,66.25,0.0416,6.7e-05,60.0
345,NOT_0011_3p_w600us_rf150_rep1_cond11,not_sim_11,Notch,4,train,11,ABC,600.0,150.0,0.466158,0.733433,1.57336,9.2052,182.8,60.0,60.002,13.25,0.644192,0.108916,0.046348,0.032249,0.026065,0.031705,0.026245,0.020451,0.010176,0.018117,0.014794,0.169074,0.071947,0.050061,0.040462,0.040741,0.015797,0.022965,0.018493,68.18,66.47,0.0417,6.7e-05,60.0
346,NOT_0011_3p_w600us_rf150_rep1_cond11,not_sim_11,Notch,4,train,11,ABC,600.0,150.0,0.466116,0.735228,1.577352,9.1971,183.6,60.0,59.8609,13.02,0.644142,0.108893,0.046325,0.03224,0.026013,0.031719,0.026209,0.020493,0.01011,0.018148,0.014682,0.169051,0.071917,0.050051,0.040384,0.040688,0.015695,0.022793,0.01848,68.18,66.54,0.0417,6.8e-05,60.0
347,NOT_0011_3p_w600us_rf150_rep1_cond11,not_sim_11,Notch,4,train,11,ABC,600.0,150.0,0.466017,0.733078,1.573072,9.2032,183.8,60.0,59.8598,13.1,0.644006,0.108831,0.046378,0.032365,0.026014,0.031592,0.026177,0.020441,0.010049,0.018104,0.014871,0.168991,0.072015,0.050256,0.040394,0.040647,0.015604,0.023091,0.01847,68.18,66.52,0.0417,6.8e-05,60.0
348,NOT_0011_3p_w600us_rf150_rep1_cond11,not_sim_11,Notch,4,train,11,ABC,600.0,150.0,0.466064,0.734122,1.575154,9.2007,183.6,60.0,60.1402,13.04,0.644055,0.108939,0.046372,0.032174,0.025914,0.031752,0.026259,0.020524,0.010251,0.018088,0.014783,0.169145,0.072,0.049955,0.040236,0.040771,0.015916,0.022953,0.018495,68.18,66.43,0.0417,6.9e-05,60.0
349,NOT_0011_3p_w600us_rf150_rep1_cond11,not_sim_11,Notch,4,train,11,ABC,600.0,150.0,0.465998,0.734164,1.575465,9.1936,183.2,60.0,60.1412,13.07,0.64398,0.108928,0.046314,0.032267,0.026039,0.031649,0.02612,0.020427,0.009974,0.01808,0.014707,0.169148,0.071918,0.050106,0.040434,0.04056,0.015488,0.022838,0.018473,68.16,66.4,0.0417,6.4e-05,60.0
350,NOT_0011_3p_w600us_rf150_rep1_cond11,not_sim_11,Notch,4,train,11,ABC,600.0,150.0,0.466078,0.735848,1.578809,9.2031,183.2,60.0,60.14,13.04,0.644068,0.108963,0.046345,0.032165,0.025983,0.031712,0.026277,0.020433,0.010243,0.018185,0.014845,0.169179,0.071957,0.04994,0.040342,0.040798,0.015904,0.023049,0.0185,68.19,66.53,0.0417,6.5e-05,60.0
351,NOT_0011_3p_w600us_rf150_rep1_cond11,not_sim_11,Notch,4,train,11,ABC,600.0,150.0,0.466047,0.734453,1.575921,9.1826,183.6,60.0,59.8604,13.02,0.644037,0.10898,0.046274,0.032135,0.026025,0.031745,0.026054,0.020539,0.010057,0.018113,0.014808,0.169214,0.07185,0.049896,0.040409,0.040454,0.015616,0.022992,0.018485,68.18,66.45,0.0417,7.1e-05,60.0
352,NOT_0012_3p_w750us_rf165_rep1_cond12,not_sim_12,Notch,4,train,12,ABC,750.0,165.0,0.47846,0.837234,1.749852,8.1515,169.4,60.0,59.9233,13.12,0.660993,0.120288,0.023642,0.027398,0.030048,0.026957,0.037965,0.018494,0.014132,0.014957,0.011966,0.181981,0.035767,0.04145,0.045459,0.057436,0.02138,0.018103,0.019758,68.03,65.86,0.0405,6.5e-05,60.0
353,NOT_0012_3p_w750us_rf165_rep1_cond12,not_sim_12,Notch,4,train,12,ABC,750.0,165.0,0.478445,0.837821,1.751132,8.1511,171.2,60.0,59.9228,13.15,0.660968,0.120265,0.023628,0.027409,0.03001,0.026934,0.037997,0.018484,0.014171,0.014966,0.01194,0.181953,0.035748,0.041468,0.045403,0.057487,0.02144,0.018064,0.019752,68.06,66.13,0.0405,6.7e-05,60.0
354,NOT_0012_3p_w750us_rf165_rep1_cond12,not_sim_12,Notch,4,train,12,ABC,750.0,165.0,0.478451,0.836829,1.749039,8.1389,171.4,60.0,60.0793,13.07,0.660993,0.120245,0.023605,0.027341,0.030033,0.026971,0.037882,0.018438,0.014121,0.015038,0.011925,0.181916,0.035711,0.041364,0.045436,0.057311,0.021363,0.018041,0.019736,68.04,65.98,0.0405,6.4e-05,60.0
355,NOT_0012_3p_w750us_rf165_rep1_cond12,not_sim_12,Notch,4,train,12,ABC,750.0,165.0,0.478359,0.837795,1.751392,8.156,169.8,60.0,60.0758,13.13,0.660827,0.120281,0.023533,0.027524,0.030165,0.027067,0.037963,0.018537,0.014265,0.015075,0.011939,0.182016,0.035611,0.041651,0.045647,0.057448,0.021587,0.018067,0.01978,68.06,65.91,0.0406,6.9e-05,60.0
356,NOT_0012_3p_w750us_rf165_rep1_cond12,not_sim_12,Notch,4,train,12,ABC,750.0,165.0,0.478437,0.83597,1.747294,8.1415,169.4,60.0,60.0774,13.18,0.660999,0.120097,0.02356,0.027375,0.030144,0.02705,0.037847,0.018441,0.014123,0.014969,0.011903,0.18169,0.035643,0.041415,0.045604,0.057257,0.021366,0.018008,0.019706,68.02,65.84,0.0404,7e-05,60.0
357,NOT_0012_3p_w750us_rf165_rep1_cond12,not_sim_12,Notch,4,train,12,ABC,750.0,165.0,0.478383,0.838435,1.752643,8.1455,169.6,60.0,59.922,13.11,0.660895,0.120208,0.023701,0.027405,0.030079,0.026976,0.037835,0.018444,0.014129,0.014964,0.011931,0.181887,0.035862,0.041466,0.045513,0.057248,0.021379,0.018053,0.019733,68.05,66.03,0.0405,7.4e-05,60.0
358,NOT_0012_3p_w750us_rf165_rep1_cond12,not_sim_12,Notch,4,train,12,ABC,750.0,165.0,0.478391,0.836589,1.748757,8.1524,171.2,60.0,59.9216,13.13,0.660899,0.120197,0.023751,0.027401,0.030011,0.027084,0.037924,0.01842,0.014184,0.015025,0.011895,0.181869,0.035937,0.04146,0.045409,0.057382,0.021462,0.017998,0.019742,68.05,65.98,0.0405,6.8e-05,60.0
359,NOT_0012_3p_w750us_rf165_rep1_cond12,not_sim_12,Notch,4,train,12,ABC,750.0,165.0,0.478394,0.83665,1.748872,8.1351,171.0,60.0,60.0761,13.07,0.660909,0.120217,0.023648,0.027447,0.029957,0.027062,0.037869,0.018495,0.014144,0.015067,0.012014,0.181896,0.035781,0.041529,0.045327,0.057298,0.021401,0.018178,0.019742,68.04,65.82,0.0405,6.9e-05,60.0
360,NOT_0012_3p_w750us_rf165_rep1_cond12,not_sim_12,Notch,4,train,12,ABC,750.0,165.0,0.47844,0.836948,1.749328,8.1534,170.0,60.0,60.076,13.14,0.66097,0.120229,0.023641,0.027398,0.030117,0.026947,0.037925,0.018494,0.014118,0.015012,0.011825,0.181898,0.035767,0.041451,0.045565,0.057378,0.02136,0.01789,0.019743,68.05,66.06,0.0405,6.7e-05,60.0
361,NOT_0012_3p_w750us_rf165_rep1_cond12,not_sim_12,Notch,4,train,12,ABC,750.0,165.0,0.478397,0.83848,1.752686,8.1411,169.6,60.0,60.0763,13.16,0.660902,0.120278,0.023622,0.027402,0.030074,0.026961,0.037848,0.018537,0.014143,0.015096,0.011958,0.181991,0.035742,0.041462,0.045504,0.057267,0.0214,0.018093,0.019754,68.05,65.93,0.0405,5.3e-05,60.0
362,NOT_0012_3p_w750us_rf165_rep1_cond12,not_sim_12,Notch,4,train,12,ABC,750.0,165.0,0.478457,0.837883,1.75122,8.158,169.4,60.0,59.9218,13.1,0.660978,0.12033,0.02368,0.027343,0.030086,0.026932,0.03797,0.018468,0.014087,0.015003,0.011979,0.182048,0.035826,0.041367,0.045517,0.057445,0.021312,0.018123,0.019768,68.04,65.87,0.0405,5.8e-05,60.0
363,NOT_0012_3p_w750us_rf165_rep1_cond12,not_sim_12,Notch,4,train,12,ABC,750.0,165.0,0.478371,0.838265,1.752334,8.1578,171.2,60.0,59.9225,13.11,0.660844,0.120318,0.023689,0.02746,0.030116,0.026952,0.037924,0.018575,0.014168,0.015036,0.011993,0.182067,0.035847,0.041553,0.045572,0.057387,0.021439,0.018148,0.019779,68.06,66.06,0.0405,6e-05,60.0
364,NOT_0012_3p_w750us_rf165_rep1_cond12,not_sim_12,Notch,4,train,12,ABC,750.0,165.0,0.478356,0.839045,1.754019,8.1449,171.4,60.0,60.0786,13.05,0.660854,0.120226,0.023745,0.027486,0.030018,0.026941,0.037846,0.018514,0.01412,0.015022,0.011965,0.181925,0.035931,0.041592,0.045423,0.057268,0.021366,0.018105,0.019744,68.04,65.91,0.0405,5.9e-05,60.0
365,NOT_0012_3p_w750us_rf165_rep1_cond12,not_sim_12,Notch,4,train,12,ABC,750.0,165.0,0.478398,0.837821,1.751304,8.1479,170.6,60.0,60.0752,13.13,0.660911,0.120252,0.023634,0.027412,0.030023,0.026987,0.037946,0.01851,0.014093,0.015017,0.011989,0.181949,0.03576,0.041476,0.045427,0.057415,0.021324,0.01814,0.019751,68.04,66.01,0.0405,5.4e-05,60.0
366,NOT_0012_3p_w750us_rf165_rep1_cond12,not_sim_12,Notch,4,train,12,ABC,750.0,165.0,0.478418,0.837867,1.751326,8.1431,169.4,60.0,60.0769,13.15,0.660929,0.120321,0.023714,0.027455,0.030016,0.026995,0.037859,0.01854,0.014044,0.014993,0.011997,0.182048,0.03588,0.04154,0.045415,0.057281,0.021249,0.018152,0.019766,68.03,65.86,0.0405,6e-05,60.0
367,NOT_0012_3p_w750us_rf165_rep1_cond12,not_sim_12,Notch,4,train,12,ABC,750.0,165.0,0.478418,0.838335,1.752307,8.1388,169.4,60.0,59.9214,13.09,0.660939,0.12027,0.023574,0.027325,0.030017,0.026971,0.037906,0.018478,0.014183,0.015089,0.011948,0.181968,0.035667,0.041343,0.045416,0.057352,0.021459,0.018077,0.019746,68.05,65.99,0.0404,6e-05,60.0
368,NOT_0012_3p_w750us_rf165_rep1_cond12,not_sim_12,Notch,4,train,12,ABC,750.0,165.0,0.478479,0.838358,1.75213,8.1469,170.8,60.0,59.9251,13.12,0.661037,0.120182,0.023628,0.027419,0.030095,0.026999,0.037899,0.01849,0.014191,0.014803,0.011977,0.181808,0.035744,0.041479,0.045527,0.057333,0.021468,0.018119,0.019731,68.04,65.97,0.0404,5.9e-05,60.0
369,NOT_0012_3p_w750us_rf165_rep1_cond12,not_sim_12,Notch,4,train,12,ABC,750.0,165.0,0.478389,0.836585,1.748752,8.1502,171.4,60.0,59.922,13.18,0.660905,0.120199,0.023699,0.02741,0.030119,0.027033,0.03785,0.018491,0.014118,0.015011,0.01191,0.18187,0.035858,0.041473,0.045572,0.05727,0.021362,0.018021,0.01974,68.04,65.98,0.0404,5.7e-05,60.0
370,NOT_0012_3p_w750us_rf165_rep1_cond12,not_sim_12,Notch,4,train,12,ABC,750.0,165.0,0.4784,0.837413,1.750448,8.153,171.4,60.0,60.0795,13.12,0.660922,0.120238,0.023687,0.027298,0.030134,0.026918,0.037874,0.018462,0.014053,0.014996,0.012019,0.181925,0.035839,0.041303,0.045594,0.057305,0.021263,0.018185,0.019738,68.03,65.79,0.0404,5.7e-05,60.0
371,NOT_0012_3p_w750us_rf165_rep1_cond12,not_sim_12,Notch,4,train,12,ABC,750.0,165.0,0.478332,0.838023,1.751971,8.1398,169.6,60.0,60.0765,13.14,0.660809,0.120253,0.023539,0.027431,0.030052,0.027178,0.037895,0.018417,0.014137,0.015041,0.011947,0.181978,0.035621,0.041511,0.045478,0.057346,0.021393,0.018079,0.019753,68.05,65.96,0.0405,3.6e-05,60.0
372,NOT_0012_3p_w750us_rf165_rep1_cond12,not_sim_12,Notch,4,train,12,ABC,750.0,165.0,0.478348,0.838732,1.753393,8.1422,169.2,60.0,59.9213,13.08,0.660829,0.120267,0.02359,0.027522,0.029947,0.027027,0.03797,0.018451,0.014143,0.015074,0.011988,0.181994,0.035698,0.041648,0.045317,0.057458,0.021402,0.018141,0.019759,68.05,65.84,0.0405,3.6e-05,60.0
373,NOT_0012_3p_w750us_rf165_rep1_cond12,not_sim_12,Notch,4,train,12,ABC,750.0,165.0,0.478264,0.838132,1.752447,8.1518,170.4,60.0,59.9227,13.11,0.660697,0.120307,0.023713,0.027466,0.03003,0.027131,0.037903,0.018424,0.014061,0.014944,0.011905,0.182091,0.035891,0.041571,0.045452,0.057368,0.021282,0.018019,0.019767,68.06,65.99,0.0405,3.8e-05,60.0
374,NOT_0012_3p_w750us_rf165_rep1_cond12,not_sim_12,Notch,4,train,12,ABC,750.0,165.0,0.478309,0.839167,1.754446,8.1501,171.0,60.0,59.9224,13.17,0.660779,0.120196,0.023637,0.027489,0.029969,0.027129,0.037992,0.018412,0.014117,0.015029,0.012028,0.1819,0.035771,0.041601,0.045354,0.057496,0.021364,0.018203,0.019748,68.07,66.13,0.0405,3.5e-05,60.0
375,NOT_0012_3p_w750us_rf165_rep1_cond12,not_sim_12,Notch,4,train,12,ABC,750.0,165.0,0.478316,0.839013,1.754099,8.1493,171.0,60.0,60.0777,13.1,0.660785,0.120265,0.02357,0.027422,0.030019,0.026974,0.037987,0.018433,0.014069,0.015006,0.011992,0.182003,0.03567,0.041499,0.045429,0.057488,0.021291,0.018148,0.01975,68.06,66.1,0.0405,3.4e-05,60.0
376,NOT_0012_3p_w750us_rf165_rep1_cond12,not_sim_12,Notch,4,train,12,ABC,750.0,165.0,0.478297,0.837841,1.751718,8.1368,169.4,60.0,60.0772,13.14,0.660752,0.120223,0.02365,0.027591,0.029996,0.027164,0.037836,0.018511,0.014144,0.014977,0.011951,0.181949,0.035793,0.041757,0.045397,0.057262,0.021406,0.018087,0.019753,68.07,66.05,0.0405,3.9e-05,60.0
377,NOT_0012_3p_w750us_rf165_rep1_cond12,not_sim_12,Notch,4,train,12,ABC,750.0,165.0,0.478373,0.838083,1.751945,8.1444,169.2,60.0,59.9204,13.07,0.660854,0.120289,0.023657,0.027577,0.030041,0.027075,0.037879,0.018452,0.014119,0.01498,0.01211,0.182021,0.035798,0.041729,0.045458,0.057318,0.021365,0.018325,0.019771,68.06,65.94,0.0405,3.7e-05,60.0
378,NOT_0012_3p_w750us_rf165_rep1_cond12,not_sim_12,Notch,4,train,12,ABC,750.0,165.0,0.478312,0.837128,1.750171,8.1236,169.8,60.0,59.922,13.12,0.660799,0.120189,0.023534,0.027453,0.029979,0.02711,0.037803,0.018478,0.014311,0.014968,0.011985,0.181884,0.035614,0.041545,0.045368,0.057208,0.021657,0.018137,0.01973,68.05,66.03,0.0404,3.5e-05,60.0
379,NOT_0012_3p_w750us_rf165_rep1_cond12,not_sim_12,Notch,4,train,12,ABC,750.0,165.0,0.478254,0.838024,1.752259,8.137,171.2,60.0,59.9218,13.16,0.660703,0.120228,0.023632,0.027384,0.030036,0.027134,0.037811,0.018432,0.014193,0.014951,0.012015,0.18197,0.035768,0.041447,0.045461,0.057228,0.021482,0.018185,0.01974,68.06,66.08,0.0405,3.3e-05,60.0
380,NOT_0012_3p_w750us_rf165_rep1_cond12,not_sim_12,Notch,4,train,12,ABC,750.0,165.0,0.478288,0.837367,1.750759,8.1465,171.2,60.0,60.0809,13.08,0.660756,0.120203,0.023586,0.027498,0.030031,0.027083,0.037939,0.01856,0.014088,0.01505,0.012015,0.181917,0.035695,0.041616,0.045449,0.057418,0.021321,0.018184,0.01975,68.04,65.84,0.0405,3.5e-05,60.0
381,NOT_0012_3p_w750us_rf165_rep1_cond12,not_sim_12,Notch,4,train,12,ABC,750.0,165.0,0.47821,0.838627,1.753679,8.1474,169.4,60.0,60.0785,13.13,0.660619,0.120264,0.023723,0.027564,0.030028,0.02713,0.037847,0.018461,0.014063,0.014982,0.012072,0.182047,0.03591,0.041725,0.045454,0.05729,0.021288,0.018274,0.019765,68.08,66.22,0.0405,5.2e-05,60.0
382,NOT_0012_3p_w750us_rf165_rep1_cond12,not_sim_12,Notch,4,train,12,ABC,750.0,165.0,0.47826,0.837648,1.75145,8.1364,169.4,60.0,60.079,13.16,0.660702,0.12027,0.023511,0.027479,0.029979,0.027155,0.037925,0.018401,0.014108,0.015003,0.012047,0.182034,0.035585,0.041591,0.045374,0.057401,0.021353,0.018234,0.019755,68.06,66.02,0.0405,5.7e-05,60.0
383,NOT_0012_3p_w750us_rf165_rep1_cond12,not_sim_12,Notch,4,train,12,ABC,750.0,165.0,0.478271,0.838488,1.753166,8.1431,169.4,60.0,59.9217,13.11,0.660718,0.120259,0.023579,0.027436,0.029996,0.027124,0.037935,0.018505,0.014108,0.014976,0.012045,0.182013,0.035687,0.041525,0.045399,0.057415,0.021353,0.01823,0.019756,68.06,65.94,0.0405,5.4e-05,60.0
384,NOT_0013_3p_w450us_rf195_rep1_cond13,not_sim_13,Notch,4,train,13,ABC,450.0,195.0,0.49636,0.8308,1.673784,7.3129,157.0,60.0,60.0688,14.35,0.689612,0.109874,0.028084,0.019737,0.028341,0.019742,0.030843,0.018744,0.010669,0.015564,0.012435,0.159327,0.040724,0.02862,0.041097,0.044725,0.015471,0.018032,0.016257,65.91,56.12,0.0322,3.2e-05,60.0
385,NOT_0013_3p_w450us_rf195_rep1_cond13,not_sim_13,Notch,4,train,13,ABC,450.0,195.0,0.496356,0.830639,1.673473,7.3065,159.8,60.0,60.0688,14.32,0.689605,0.109916,0.028142,0.019724,0.028263,0.019631,0.030789,0.018823,0.010602,0.015563,0.012378,0.15939,0.040809,0.028602,0.040984,0.044647,0.015374,0.017949,0.016257,65.91,56.34,0.0322,3.1e-05,60.0
386,NOT_0013_3p_w450us_rf195_rep1_cond13,not_sim_13,Notch,4,train,13,ABC,450.0,195.0,0.496299,0.83203,1.67647,7.319,159.6,60.0,59.9202,14.37,0.689504,0.109984,0.028134,0.019885,0.028357,0.019684,0.030838,0.018801,0.010504,0.015502,0.012247,0.159512,0.040803,0.02884,0.041127,0.044725,0.015234,0.017762,0.01628,65.92,56.29,0.0322,2.9e-05,60.0
387,NOT_0013_3p_w450us_rf195_rep1_cond13,not_sim_13,Notch,4,train,13,ABC,450.0,195.0,0.496312,0.831108,1.674569,7.321,158.2,60.0,59.9246,14.32,0.689535,0.109901,0.028179,0.019762,0.028299,0.019625,0.030878,0.018848,0.010544,0.015617,0.01235,0.159384,0.040867,0.02866,0.041041,0.044781,0.015291,0.017911,0.016265,65.92,56.29,0.0322,3.1e-05,60.0
388,NOT_0013_3p_w450us_rf195_rep1_cond13,not_sim_13,Notch,4,train,13,ABC,450.0,195.0,0.496275,0.832367,1.677229,7.3341,156.6,60.0,59.9223,14.26,0.689465,0.109973,0.028232,0.019698,0.028401,0.019672,0.030874,0.018724,0.010635,0.015619,0.012347,0.159505,0.040948,0.02857,0.041193,0.04478,0.015425,0.017908,0.016286,65.93,56.35,0.0323,3e-05,60.0
389,NOT_0013_3p_w450us_rf195_rep1_cond13,not_sim_13,Notch,4,train,13,ABC,450.0,195.0,0.496269,0.831824,1.676157,7.3284,156.8,60.0,60.0674,14.35,0.689474,0.109858,0.028178,0.019722,0.028376,0.01964,0.030883,0.018831,0.010719,0.015576,0.012337,0.159336,0.040869,0.028604,0.041156,0.044792,0.015547,0.017893,0.016261,65.92,56.27,0.0322,3.1e-05,60.0
390,NOT_0013_3p_w450us_rf195_rep1_cond13,not_sim_13,Notch,4,train,13,ABC,450.0,195.0,0.496274,0.830608,1.673688,7.3187,160.0,60.0,60.0715,14.32,0.689472,0.109975,0.02812,0.019757,0.028356,0.019715,0.030847,0.018731,0.010651,0.015562,0.01233,0.159506,0.040785,0.028655,0.041127,0.04474,0.015448,0.017883,0.016278,65.92,56.27,0.0322,2.9e-05,60.0
391,NOT_0013_3p_w450us_rf195_rep1_cond13,not_sim_13,Notch,4,train,13,ABC,450.0,195.0,0.496298,0.830787,1.673967,7.3242,159.8,60.0,59.9219,14.38,0.689509,0.109902,0.028163,0.019699,0.028322,0.019759,0.030904,0.018817,0.010599,0.015563,0.012435,0.159392,0.040845,0.02857,0.041076,0.04482,0.015372,0.018035,0.016271,65.93,56.3,0.0322,3e-05,60.0
392,NOT_0013_3p_w450us_rf195_rep1_cond13,not_sim_13,Notch,4,train,13,ABC,450.0,195.0,0.496281,0.830983,1.674421,7.3053,158.6,60.0,59.9232,14.33,0.689507,0.109865,0.028128,0.01972,0.028248,0.019702,0.03079,0.018764,0.010586,0.015574,0.012334,0.159338,0.040794,0.0286,0.040968,0.044655,0.015353,0.017888,0.016243,65.91,56.23,0.0322,3e-05,60.0
393,NOT_0013_3p_w450us_rf195_rep1_cond13,not_sim_13,Notch,4,train,13,ABC,450.0,195.0,0.496294,0.829745,1.671882,7.3229,157.0,60.0,59.9168,14.26,0.689506,0.109906,0.028074,0.019749,0.028331,0.019777,0.030962,0.018751,0.010536,0.015708,0.012415,0.159398,0.040716,0.028642,0.041089,0.044905,0.015281,0.018006,0.016273,65.92,56.11,0.0322,3e-05,60.0
394,NOT_0013_3p_w450us_rf195_rep1_cond13,not_sim_13,Notch,4,train,13,ABC,450.0,195.0,0.49626,0.8327,1.677953,7.327,156.8,60.0,60.0751,14.34,0.689439,0.110035,0.028125,0.019753,0.028338,0.019712,0.030948,0.018718,0.010746,0.01558,0.012308,0.159601,0.040794,0.028651,0.041103,0.044889,0.015587,0.017852,0.016298,65.92,56.14,0.0323,3.2e-05,60.0
395,NOT_0013_3p_w450us_rf195_rep1_cond13,not_sim_13,Notch,4,train,13,ABC,450.0,195.0,0.496225,0.833466,1.679613,7.3186,159.2,60.0,60.0778,14.32,0.6894,0.109948,0.028112,0.019764,0.028276,0.019697,0.030916,0.01879,0.010661,0.015652,0.012347,0.159484,0.040777,0.028668,0.041015,0.044845,0.015464,0.01791,0.016277,65.92,56.24,0.0322,3e-05,60.0
396,NOT_0013_3p_w450us_rf195_rep1_cond13,not_sim_13,Notch,4,train,13,ABC,450.0,195.0,0.496219,0.832264,1.677211,7.3186,159.6,60.0,59.9225,14.39,0.689393,0.109963,0.028075,0.019693,0.028308,0.019596,0.03092,0.018799,0.010697,0.015645,0.012312,0.159507,0.040724,0.028566,0.041062,0.044851,0.015517,0.017859,0.016273,65.93,56.41,0.0322,3.4e-05,60.0
397,NOT_0013_3p_w450us_rf195_rep1_cond13,not_sim_13,Notch,4,train,13,ABC,450.0,195.0,0.496283,0.832134,1.676735,7.3337,159.4,60.0,59.923,14.32,0.689489,0.10987,0.028228,0.01986,0.028397,0.019747,0.030881,0.018719,0.010518,0.015665,0.012295,0.15935,0.04094,0.028804,0.041186,0.044788,0.015255,0.017832,0.01627,65.92,56.19,0.0322,3.4e-05,60.0
398,NOT_0013_3p_w450us_rf195_rep1_cond13,not_sim_13,Notch,4,train,13,ABC,450.0,195.0,0.49621,0.831388,1.675476,7.313,156.6,60.0,59.9245,14.29,0.68937,0.110029,0.027943,0.019862,0.028308,0.019664,0.030974,0.018682,0.010666,0.015657,0.012302,0.159608,0.040534,0.028812,0.041064,0.044931,0.015472,0.017845,0.016288,65.93,56.34,0.0323,3.5e-05,60.0
399,NOT_0013_3p_w450us_rf195_rep1_cond13,not_sim_13,Notch,4,train,13,ABC,450.0,195.0,0.496251,0.830523,1.673595,7.3228,156.6,60.0,60.0695,14.36,0.689431,0.109983,0.028138,0.019857,0.028321,0.01966,0.030902,0.018812,0.010559,0.015598,0.012328,0.159527,0.040813,0.028802,0.041079,0.044822,0.015316,0.017881,0.016286,65.93,56.34,0.0323,3.4e-05,60.0
400,NOT_0013_3p_w450us_rf195_rep1_cond13,not_sim_13,Notch,4,train,13,ABC,450.0,195.0,0.496207,0.830941,1.674583,7.3148,159.0,60.0,60.0706,14.34,0.68937,0.110024,0.02808,0.01983,0.02827,0.019639,0.030905,0.018788,0.010629,0.015558,0.012285,0.159601,0.040733,0.028765,0.041008,0.044831,0.015418,0.017821,0.016286,65.93,56.37,0.0322,3.5e-05,60.0
401,NOT_0013_3p_w450us_rf195_rep1_cond13,not_sim_13,Notch,4,train,13,ABC,450.0,195.0,0.496175,0.831512,1.675844,7.3171,159.6,60.0,60.0676,14.28,0.689336,0.109929,0.028036,0.019757,0.02832,0.019675,0.03092,0.018865,0.010612,0.015647,0.012327,0.159471,0.040671,0.028661,0.041083,0.044855,0.015395,0.017882,0.016271,65.92,56.26,0.0322,3.5e-05,60.0
402,NOT_0013_3p_w450us_rf195_rep1_cond13,not_sim_13,Notch,4,train,13,ABC,450.0,195.0,0.496171,0.833165,1.679189,7.3288,159.4,60.0,59.9316,14.34,0.689307,0.110035,0.028058,0.019777,0.028371,0.019686,0.030982,0.018804,0.010531,0.015569,0.012303,0.159631,0.040705,0.028691,0.041159,0.044947,0.015278,0.017848,0.016297,65.94,56.37,0.0323,3.3e-05,60.0
403,NOT_0013_3p_w450us_rf195_rep1_cond13,not_sim_13,Notch,4,train,13,ABC,450.0,195.0,0.496218,0.831959,1.6766,7.3327,156.8,60.0,59.9288,14.3,0.689384,0.109963,0.028212,0.019747,0.02836,0.019607,0.030905,0.018815,0.010626,0.015624,0.012321,0.159509,0.040923,0.028644,0.041138,0.04483,0.015414,0.017872,0.016284,65.94,56.45,0.0323,3.2e-05,60.0
404,NOT_0013_3p_w450us_rf195_rep1_cond13,not_sim_13,Notch,4,train,13,ABC,450.0,195.0,0.49624,0.831507,1.675613,7.3155,156.8,60.0,60.0703,14.37,0.689416,0.110012,0.028094,0.01979,0.028339,0.01965,0.030842,0.018841,0.010551,0.015535,0.012298,0.159573,0.04075,0.028705,0.041106,0.044736,0.015304,0.017838,0.016283,65.93,56.46,0.0322,3.4e-05,60.0
405,NOT_0013_3p_w450us_rf195_rep1_cond13,not_sim_13,Notch,4,train,13,ABC,450.0,195.0,0.496254,0.83128,1.675109,7.3264,158.4,60.0,60.0718,14.34,0.689441,0.109969,0.028134,0.01968,0.028298,0.019652,0.030969,0.018731,0.010573,0.015676,0.012344,0.159505,0.040807,0.028545,0.041045,0.044919,0.015336,0.017904,0.016279,65.93,56.35,0.0322,3.3e-05,60.0
406,NOT_0013_3p_w450us_rf195_rep1_cond13,not_sim_13,Notch,4,train,13,ABC,450.0,195.0,0.49621,0.832031,1.676771,7.3221,159.8,60.0,60.0687,14.28,0.689378,0.109949,0.028137,0.019746,0.028297,0.01971,0.030911,0.018858,0.010646,0.015615,0.012271,0.15949,0.040815,0.028643,0.041047,0.044839,0.015443,0.0178,0.016278,65.93,56.3,0.0322,3.3e-05,60.0
407,NOT_0013_3p_w450us_rf195_rep1_cond13,not_sim_13,Notch,4,train,13,ABC,450.0,195.0,0.496211,0.831183,1.675059,7.3169,159.6,60.0,59.9232,14.34,0.689389,0.109941,0.028054,0.019883,0.028323,0.019607,0.030905,0.018742,0.010651,0.015595,0.012411,0.159476,0.040694,0.028841,0.041084,0.04483,0.01545,0.018003,0.016273,65.92,56.26,0.0322,3.3e-05,60.0
408,NOT_0013_3p_w450us_rf195_rep1_cond13,not_sim_13,Notch,4,train,13,ABC,450.0,195.0,0.496323,0.831632,1.675586,7.328,156.6,60.0,59.9295,14.31,0.689527,0.110025,0.028216,0.019738,0.028235,0.019548,0.03098,0.018852,0.010604,0.015569,0.012436,0.159566,0.040921,0.028625,0.040948,0.044929,0.015379,0.018036,0.016295,65.94,56.42,0.0323,3.1e-05,60.0
409,NOT_0013_3p_w450us_rf195_rep1_cond13,not_sim_13,Notch,4,train,13,ABC,450.0,195.0,0.496227,0.830628,1.673886,7.3334,157.0,60.0,60.0833,14.36,0.689398,0.109951,0.028193,0.01972,0.028373,0.019723,0.03092,0.018907,0.010511,0.015493,0.012248,0.159488,0.040895,0.028605,0.041156,0.044851,0.015247,0.017766,0.016281,65.94,56.44,0.0322,2.8e-05,60.0
410,NOT_0013_3p_w450us_rf195_rep1_cond13,not_sim_13,Notch,4,train,13,ABC,450.0,195.0,0.496111,0.832336,1.677721,7.3111,157.6,60.0,60.0764,14.33,0.68925,0.109941,0.028123,0.019671,0.028247,0.019644,0.03083,0.018695,0.01057,0.015592,0.012344,0.159508,0.040802,0.02854,0.040982,0.04473,0.015336,0.017909,0.016256,65.93,56.43,0.0322,2.7e-05,60.0
411,NOT_0013_3p_w450us_rf195_rep1_cond13,not_sim_13,Notch,4,train,13,ABC,450.0,195.0,0.496258,0.829956,1.67243,7.3199,159.8,60.0,60.0807,14.27,0.68946,0.109923,0.028131,0.019682,0.028319,0.019728,0.030881,0.018676,0.010488,0.01559,0.012359,0.159433,0.040801,0.028547,0.041074,0.04479,0.015212,0.017926,0.016261,65.92,56.31,0.0322,3e-05,60.0
412,NOT_0013_3p_w450us_rf195_rep1_cond13,not_sim_13,Notch,4,train,13,ABC,450.0,195.0,0.496267,0.832419,1.67736,7.3178,159.8,60.0,59.9247,14.36,0.689459,0.109993,0.028171,0.019785,0.02823,0.01971,0.030904,0.018729,0.010522,0.015645,0.012346,0.159535,0.04086,0.028696,0.040945,0.044824,0.015261,0.017907,0.016283,65.92,56.29,0.0322,3e-05,60.0
413,NOT_0013_3p_w450us_rf195_rep1_cond13,not_sim_13,Notch,4,train,13,ABC,450.0,195.0,0.496268,0.831662,1.675832,7.3114,157.2,60.0,59.9198,14.29,0.689447,0.110013,0.028116,0.019808,0.028307,0.019743,0.03081,0.018772,0.010604,0.015686,0.012487,0.159567,0.040781,0.02873,0.041058,0.044688,0.01538,0.018112,0.016293,65.94,56.42,0.0323,2.9e-05,60.0
414,NOT_0013_3p_w450us_rf195_rep1_cond13,not_sim_13,Notch,4,train,13,ABC,450.0,195.0,0.496224,0.831564,1.675784,7.3164,156.8,60.0,60.0757,14.39,0.689413,0.109877,0.028092,0.01979,0.028274,0.019702,0.030913,0.018736,0.010542,0.01566,0.012462,0.159378,0.040748,0.028706,0.041012,0.04484,0.015291,0.018076,0.01626,65.92,56.3,0.0322,2.7e-05,60.0
415,NOT_0013_3p_w450us_rf195_rep1_cond13,not_sim_13,Notch,4,train,13,ABC,450.0,195.0,0.496281,0.830485,1.673417,7.3145,157.2,60.0,60.0721,14.34,0.689488,0.109958,0.028132,0.019701,0.028215,0.019614,0.030918,0.018813,0.010553,0.015636,0.012409,0.159478,0.040801,0.028573,0.040922,0.044842,0.015306,0.017997,0.016271,65.92,56.33,0.0322,2.6e-05,60.0
416,NOT_0014_3p_w550us_rf175_rep1_cond14,not_sim_14,Notch,4,train,14,ABC,550.0,175.0,0.541905,0.829939,1.53152,6.5094,93.8,60.0,59.8316,14.44,0.754165,0.118139,0.036122,0.016837,0.029355,0.024541,0.015602,0.020813,0.00634,0.012339,0.010402,0.156649,0.047897,0.022325,0.038924,0.020688,0.008407,0.013793,0.017986,64.18,42.42,0.0284,4.8e-05,60.0
417,NOT_0014_3p_w550us_rf175_rep1_cond14,not_sim_14,Notch,4,train,14,ABC,550.0,175.0,0.541791,0.830624,1.533107,6.5174,91.4,60.0,59.8314,14.43,0.753971,0.118252,0.036186,0.017012,0.02935,0.02449,0.015613,0.020942,0.006327,0.012416,0.010432,0.156839,0.047994,0.022563,0.038927,0.020708,0.008392,0.013836,0.018029,64.19,42.53,0.0285,4.9e-05,60.0
418,NOT_0014_3p_w550us_rf175_rep1_cond14,not_sim_14,Notch,4,train,14,ABC,550.0,175.0,0.541773,0.829964,1.53194,6.5096,88.2,60.0,60.1709,14.45,0.753953,0.118233,0.036154,0.016988,0.029325,0.024569,0.015546,0.020835,0.006362,0.012443,0.010454,0.156817,0.047953,0.022532,0.038895,0.020619,0.008438,0.013866,0.018019,64.19,42.47,0.0285,4.9e-05,60.0
419,NOT_0014_3p_w550us_rf175_rep1_cond14,not_sim_14,Notch,4,train,14,ABC,550.0,175.0,0.54184,0.829302,1.530529,6.5149,86.8,60.0,60.1725,14.44,0.754042,0.118272,0.036163,0.016859,0.029388,0.024443,0.015552,0.020892,0.006359,0.01239,0.010593,0.156851,0.047959,0.022358,0.038974,0.020625,0.008433,0.014048,0.018026,64.2,42.63,0.0285,4.4e-05,60.0
420,NOT_0014_3p_w550us_rf175_rep1_cond14,not_sim_14,Notch,4,train,14,ABC,550.0,175.0,0.541793,0.830242,1.532398,6.5183,90.2,60.0,60.1695,14.32,0.754001,0.118174,0.036206,0.016974,0.029333,0.02424,0.015629,0.020745,0.006341,0.012348,0.010426,0.156729,0.048019,0.022512,0.038903,0.020728,0.00841,0.013828,0.017988,64.18,42.34,0.0284,4e-05,60.0
421,NOT_0014_3p_w550us_rf175_rep1_cond14,not_sim_14,Notch,4,train,14,ABC,550.0,175.0,0.54183,0.829633,1.531169,6.5037,93.6,60.0,59.8312,14.45,0.754028,0.118374,0.036119,0.016967,0.029325,0.024295,0.015504,0.020809,0.006269,0.012374,0.010489,0.156989,0.047901,0.022502,0.038891,0.020562,0.008314,0.013911,0.018031,64.18,42.4,0.0285,4e-05,60.0
422,NOT_0014_3p_w550us_rf175_rep1_cond14,not_sim_14,Notch,4,train,14,ABC,550.0,175.0,0.541784,0.828798,1.529757,6.5182,91.8,60.0,59.8307,14.41,0.753975,0.118246,0.036181,0.017007,0.029286,0.024341,0.015766,0.020778,0.006297,0.012423,0.010365,0.15683,0.047987,0.022556,0.038842,0.020911,0.008352,0.013747,0.018012,64.18,42.39,0.0285,3.5e-05,60.0
423,NOT_0014_3p_w550us_rf175_rep1_cond14,not_sim_14,Notch,4,train,14,ABC,550.0,175.0,0.541845,0.829431,1.530754,6.4993,88.6,60.0,60.1701,14.41,0.754056,0.118309,0.036004,0.017013,0.029393,0.024472,0.015543,0.020837,0.006248,0.012414,0.010485,0.156897,0.047747,0.022562,0.03898,0.020613,0.008286,0.013905,0.018024,64.18,42.34,0.0285,4e-05,60.0
424,NOT_0014_3p_w550us_rf175_rep1_cond14,not_sim_14,Notch,4,train,14,ABC,550.0,175.0,0.541765,0.830941,1.533766,6.5174,86.4,60.0,60.1692,14.45,0.75393,0.118361,0.036121,0.017087,0.02942,0.024299,0.015627,0.020768,0.006251,0.01232,0.010458,0.156992,0.04791,0.022664,0.039022,0.020727,0.008291,0.013871,0.018038,64.18,42.37,0.0285,4.4e-05,60.0
425,NOT_0014_3p_w550us_rf175_rep1_cond14,not_sim_14,Notch,4,train,14,ABC,550.0,175.0,0.541836,0.830029,1.531882,6.5181,89.8,60.0,60.1707,14.37,0.754036,0.118356,0.036153,0.016944,0.029347,0.024353,0.015726,0.020793,0.006364,0.012407,0.010328,0.156963,0.047946,0.022471,0.03892,0.020856,0.00844,0.013697,0.018037,64.17,42.32,0.0285,4.7e-05,60.0
426,NOT_0014_3p_w550us_rf175_rep1_cond14,not_sim_14,Notch,4,train,14,ABC,550.0,175.0,0.541866,0.829231,1.530325,6.51,92.6,60.0,59.8316,14.48,0.754068,0.11844,0.036045,0.016941,0.029397,0.024351,0.015697,0.02078,0.006271,0.012463,0.010383,0.157068,0.047801,0.022466,0.038985,0.020816,0.008316,0.013769,0.018052,64.18,42.34,0.0285,4.7e-05,60.0
427,NOT_0014_3p_w550us_rf175_rep1_cond14,not_sim_14,Notch,4,train,14,ABC,550.0,175.0,0.541892,0.829525,1.530793,6.5234,92.2,60.0,59.8313,14.4,0.7541,0.118373,0.036086,0.016924,0.029571,0.024418,0.015596,0.020814,0.006329,0.012631,0.010445,0.156973,0.047853,0.022443,0.039214,0.020682,0.008393,0.013851,0.018057,64.2,42.49,0.0285,4.4e-05,60.0
428,NOT_0014_3p_w550us_rf175_rep1_cond14,not_sim_14,Notch,4,train,14,ABC,550.0,175.0,0.541781,0.831228,1.534252,6.4963,89.0,60.0,60.1704,14.36,0.753974,0.118301,0.036046,0.017016,0.02926,0.024343,0.01561,0.020777,0.006192,0.012482,0.010308,0.156903,0.047808,0.022568,0.038808,0.020704,0.008212,0.013672,0.018008,64.17,42.32,0.0284,4.5e-05,60.0
429,NOT_0014_3p_w550us_rf175_rep1_cond14,not_sim_14,Notch,4,train,14,ABC,550.0,175.0,0.541849,0.832024,1.535528,6.512,86.2,60.0,60.1708,14.46,0.754062,0.118297,0.03609,0.017057,0.029367,0.024373,0.015694,0.02078,0.006237,0.012396,0.01043,0.15688,0.047861,0.02262,0.038945,0.020813,0.008271,0.013832,0.018024,64.18,42.36,0.0285,4.6e-05,60.0
430,NOT_0014_3p_w550us_rf175_rep1_cond14,not_sim_14,Notch,4,train,14,ABC,550.0,175.0,0.54188,0.829861,1.531448,6.5124,89.0,60.0,60.1707,14.42,0.754128,0.118221,0.036101,0.016976,0.029407,0.024289,0.015616,0.020667,0.006279,0.012435,0.010327,0.156765,0.047871,0.022511,0.038995,0.020707,0.008326,0.013694,0.017994,64.16,42.23,0.0284,4.4e-05,60.0
431,NOT_0014_3p_w550us_rf175_rep1_cond14,not_sim_14,Notch,4,train,14,ABC,550.0,175.0,0.541837,0.829583,1.531056,6.5087,92.6,60.0,59.8301,14.49,0.754057,0.118223,0.036134,0.017038,0.029298,0.024398,0.015644,0.020696,0.006261,0.01236,0.010435,0.156783,0.047919,0.022595,0.038854,0.020746,0.008303,0.013838,0.018,64.18,42.44,0.0284,4.7e-05,60.0
432,NOT_0014_3p_w550us_rf175_rep1_cond14,not_sim_14,Notch,4,train,14,ABC,550.0,175.0,0.541803,0.829344,1.530712,6.5165,92.8,60.0,59.8294,14.39,0.754007,0.118236,0.036124,0.016932,0.029425,0.024353,0.015602,0.020786,0.006345,0.01236,0.010374,0.15681,0.047909,0.022456,0.039025,0.020692,0.008415,0.013758,0.018006,64.18,42.47,0.0284,4.6e-05,60.0
433,NOT_0014_3p_w550us_rf175_rep1_cond14,not_sim_14,Notch,4,train,14,ABC,550.0,175.0,0.541849,0.829449,1.530775,6.515,89.4,60.0,59.8286,14.38,0.75405,0.118355,0.036229,0.016896,0.029264,0.024357,0.015635,0.020914,0.006273,0.012421,0.010406,0.156959,0.048046,0.022407,0.038809,0.020735,0.008319,0.0138,0.018039,64.18,42.4,0.0285,4.9e-05,60.0
434,NOT_0014_3p_w550us_rf175_rep1_cond14,not_sim_14,Notch,4,train,14,ABC,550.0,175.0,0.541824,0.830071,1.531992,6.505,86.4,60.0,60.1729,14.48,0.754044,0.118214,0.036126,0.016919,0.029215,0.024422,0.015727,0.020811,0.006256,0.012446,0.010404,0.156773,0.04791,0.022438,0.038744,0.020857,0.008297,0.013798,0.017999,64.17,42.33,0.0284,4.2e-05,60.0
435,NOT_0014_3p_w550us_rf175_rep1_cond14,not_sim_14,Notch,4,train,14,ABC,550.0,175.0,0.541878,0.831984,1.535373,6.5169,88.4,60.0,60.1706,14.45,0.754086,0.11835,0.036237,0.016953,0.029326,0.02448,0.015552,0.020782,0.006235,0.0124,0.010423,0.156945,0.048054,0.022482,0.038889,0.020624,0.008268,0.013822,0.018042,64.19,42.55,0.0285,4.5e-05,60.0
436,NOT_0014_3p_w550us_rf175_rep1_cond14,not_sim_14,Notch,4,train,14,ABC,550.0,175.0,0.54184,0.830818,1.533327,6.5139,91.8,60.0,59.8285,14.48,0.754035,0.118315,0.036194,0.016943,0.029343,0.024491,0.01554,0.020808,0.006301,0.012615,0.010511,0.156909,0.048,0.02247,0.038915,0.020609,0.008356,0.01394,0.01804,64.19,42.45,0.0285,4.2e-05,60.0
437,NOT_0014_3p_w550us_rf175_rep1_cond14,not_sim_14,Notch,4,train,14,ABC,550.0,175.0,0.541797,0.829673,1.531335,6.5214,93.4,60.0,59.8287,14.37,0.75399,0.118263,0.036236,0.016923,0.029358,0.02438,0.015585,0.020785,0.006332,0.012399,0.010532,0.15685,0.048059,0.022445,0.038937,0.02067,0.008398,0.013968,0.018022,64.18,42.36,0.0285,4.2e-05,60.0
438,NOT_0014_3p_w550us_rf175_rep1_cond14,not_sim_14,Notch,4,train,14,ABC,550.0,175.0,0.541813,0.830825,1.533418,6.5088,90.2,60.0,59.8279,14.4,0.754019,0.118238,0.036025,0.016998,0.02947,0.024342,0.015566,0.02075,0.00635,0.012329,0.010498,0.15681,0.047777,0.022543,0.039084,0.020644,0.008422,0.013923,0.018003,64.19,42.55,0.0285,4.4e-05,60.0
439,NOT_0014_3p_w550us_rf175_rep1_cond14,not_sim_14,Notch,4,train,14,ABC,550.0,175.0,0.541788,0.82979,1.531577,6.512,86.6,60.0,60.169,14.52,0.753962,0.118349,0.036123,0.016957,0.029384,0.024322,0.015567,0.020797,0.00637,0.012403,0.010539,0.156969,0.047911,0.022491,0.038973,0.020647,0.008449,0.013978,0.018034,64.19,42.56,0.0285,4.5e-05,60.0
440,NOT_0014_3p_w550us_rf175_rep1_cond14,not_sim_14,Notch,4,train,14,ABC,550.0,175.0,0.541853,0.831804,1.535111,6.5188,87.8,60.0,60.1705,14.45,0.754058,0.118292,0.0362,0.016922,0.02935,0.024459,0.015632,0.020874,0.006361,0.012361,0.010464,0.156874,0.048007,0.022441,0.038923,0.020731,0.008436,0.013877,0.018032,64.19,42.55,0.0285,4.6e-05,60.0
441,NOT_0014_3p_w550us_rf175_rep1_cond14,not_sim_14,Notch,4,train,14,ABC,550.0,175.0,0.541889,0.830192,1.532032,6.5207,91.0,60.0,60.0012,14.85,0.754099,0.118367,0.036196,0.016878,0.029401,0.024359,0.015601,0.020907,0.00626,0.012429,0.010436,0.156965,0.047999,0.022382,0.038988,0.020688,0.008301,0.013839,0.018047,64.2,42.62,0.0285,4.4e-05,60.0
442,NOT_0014_3p_w550us_rf175_rep1_cond14,not_sim_14,Notch,4,train,14,ABC,550.0,175.0,0.541893,0.829879,1.531445,6.5271,93.4,60.0,59.8293,14.4,0.754117,0.11827,0.036224,0.016949,0.029395,0.024535,0.015702,0.020784,0.006348,0.012322,0.010528,0.156832,0.048035,0.022475,0.038979,0.020822,0.008418,0.013961,0.018035,64.18,42.36,0.0285,4.8e-05,60.0
443,NOT_0014_3p_w550us_rf175_rep1_cond14,not_sim_14,Notch,4,train,14,ABC,550.0,175.0,0.541882,0.82986,1.53144,6.5056,90.8,60.0,59.8315,14.44,0.754113,0.118289,0.036093,0.017005,0.029246,0.024322,0.015772,0.020811,0.006227,0.012373,0.010389,0.156858,0.047862,0.02255,0.038782,0.020915,0.008257,0.013776,0.018013,64.18,42.46,0.0285,4.4e-05,60.0
444,NOT_0014_3p_w550us_rf175_rep1_cond14,not_sim_14,Notch,4,train,14,ABC,550.0,175.0,0.541866,0.829475,1.530774,6.5234,87.4,60.0,60.1708,14.5,0.75408,0.118314,0.036226,0.016927,0.029346,0.024372,0.015695,0.020799,0.006384,0.0124,0.010353,0.156898,0.04804,0.022447,0.038916,0.020813,0.008466,0.013729,0.018033,64.18,42.43,0.0285,4.4e-05,60.0
445,NOT_0014_3p_w550us_rf175_rep1_cond14,not_sim_14,Notch,4,train,14,ABC,550.0,175.0,0.541837,0.830697,1.533113,6.5143,87.6,60.0,60.1727,14.44,0.754044,0.11824,0.03617,0.016982,0.02934,0.024436,0.015614,0.020811,0.006365,0.012379,0.010508,0.156808,0.047968,0.022521,0.03891,0.020707,0.008441,0.013936,0.018016,64.19,42.49,0.0285,4.6e-05,60.0
446,NOT_0014_3p_w550us_rf175_rep1_cond14,not_sim_14,Notch,4,train,14,ABC,550.0,175.0,0.54174,0.82893,1.530125,6.5118,90.8,60.0,60.1688,14.27,0.753901,0.118319,0.03613,0.016908,0.029315,0.024416,0.015662,0.020829,0.00638,0.012376,0.010534,0.156942,0.047924,0.022427,0.038884,0.020775,0.008463,0.013973,0.01803,64.18,42.47,0.0285,4.7e-05,60.0
447,NOT_0014_3p_w550us_rf175_rep1_cond14,not_sim_14,Notch,4,train,14,ABC,550.0,175.0,0.541847,0.829783,1.531398,6.5096,93.4,60.0,59.8287,14.41,0.754072,0.118224,0.036137,0.016928,0.029346,0.024456,0.015572,0.020782,0.006423,0.012309,0.01044,0.156781,0.047922,0.022449,0.038917,0.020651,0.008518,0.013845,0.018005,64.17,42.2,0.0284,4.4e-05,60.0
448,NOT_0015_3p_w650us_rf155_rep1_cond15,not_sim_15,Notch,4,train,15,ABC,650.0,155.0,0.466559,0.774246,1.65948,7.517,179.8,60.0,59.879,12.87,0.643973,0.114863,0.037367,0.034515,0.024844,0.040079,0.018158,0.020943,0.008375,0.021072,0.01338,0.178366,0.058026,0.053597,0.038579,0.028197,0.013005,0.020777,0.019466,68.48,67.59,0.0427,1.1e-05,60.0
449,NOT_0015_3p_w650us_rf155_rep1_cond15,not_sim_15,Notch,4,train,15,ABC,650.0,155.0,0.466557,0.77736,1.666165,7.5181,180.6,60.0,59.8818,12.92,0.643967,0.114812,0.037379,0.034619,0.024911,0.040064,0.018059,0.021129,0.008448,0.021003,0.013333,0.178289,0.058045,0.053759,0.038684,0.028043,0.013119,0.020704,0.019466,68.49,67.67,0.0427,1e-05,60.0
450,NOT_0015_3p_w650us_rf155_rep1_cond15,not_sim_15,Notch,4,train,15,ABC,650.0,155.0,0.466539,0.774417,1.659917,7.5304,180.6,60.0,60.1167,12.82,0.643945,0.114789,0.037454,0.034498,0.024921,0.040104,0.018099,0.021172,0.008484,0.021044,0.013421,0.178259,0.058163,0.053573,0.038701,0.028106,0.013175,0.020842,0.01947,68.49,67.72,0.0427,1e-05,60.0
451,NOT_0015_3p_w650us_rf155_rep1_cond15,not_sim_15,Notch,4,train,15,ABC,650.0,155.0,0.466478,0.77392,1.659072,7.5171,179.4,60.0,60.1139,12.92,0.643875,0.114741,0.037366,0.034531,0.024912,0.040071,0.01805,0.02108,0.008432,0.021145,0.013248,0.178204,0.058033,0.05363,0.038691,0.028033,0.013096,0.020575,0.019444,68.48,67.56,0.0427,1e-05,60.0
452,NOT_0015_3p_w650us_rf155_rep1_cond15,not_sim_15,Notch,4,train,15,ABC,650.0,155.0,0.466633,0.773657,1.657954,7.5319,179.4,60.0,60.1194,12.91,0.64409,0.11482,0.03749,0.034494,0.024873,0.039985,0.018145,0.021053,0.00836,0.021059,0.013348,0.178267,0.058206,0.053555,0.038617,0.028172,0.01298,0.020724,0.01946,68.47,67.46,0.0426,1.1e-05,60.0
453,NOT_0015_3p_w650us_rf155_rep1_cond15,not_sim_15,Notch,4,train,15,ABC,650.0,155.0,0.466511,0.77514,1.66157,7.519,179.6,60.0,59.8842,12.87,0.64389,0.114905,0.037413,0.034612,0.024822,0.040043,0.018112,0.021118,0.008454,0.021052,0.013278,0.178454,0.058105,0.053755,0.03855,0.028129,0.01313,0.020622,0.019485,68.48,67.53,0.0427,1.1e-05,60.0
454,NOT_0015_3p_w650us_rf155_rep1_cond15,not_sim_15,Notch,4,train,15,ABC,650.0,155.0,0.466467,0.774908,1.661228,7.5139,180.4,60.0,59.8813,12.9,0.643871,0.114773,0.037371,0.034464,0.024824,0.039956,0.018105,0.021069,0.008464,0.021005,0.013367,0.178255,0.058041,0.053526,0.038554,0.028119,0.013145,0.02076,0.019433,68.46,67.5,0.0426,1.1e-05,60.0
455,NOT_0015_3p_w650us_rf155_rep1_cond15,not_sim_15,Notch,4,train,15,ABC,650.0,155.0,0.46645,0.775346,1.662226,7.5292,180.4,60.0,60.1205,12.78,0.64382,0.114786,0.03745,0.034473,0.024846,0.04011,0.018163,0.021143,0.00847,0.021085,0.013307,0.178289,0.058168,0.053544,0.038592,0.028211,0.013156,0.020669,0.019463,68.49,67.65,0.0427,1.1e-05,60.0
456,NOT_0015_3p_w650us_rf155_rep1_cond15,not_sim_15,Notch,4,train,15,ABC,650.0,155.0,0.466581,0.775667,1.662448,7.5266,179.4,60.0,60.1175,12.91,0.643996,0.114785,0.037419,0.034656,0.024918,0.040122,0.018122,0.02109,0.008505,0.0211,0.013275,0.178239,0.058104,0.053814,0.038693,0.02814,0.013207,0.020613,0.019474,68.51,67.74,0.0427,1e-05,60.0
457,NOT_0015_3p_w650us_rf155_rep1_cond15,not_sim_15,Notch,4,train,15,ABC,650.0,155.0,0.466541,0.776326,1.664003,7.5285,179.4,60.0,60.1212,12.92,0.64397,0.11472,0.037408,0.034547,0.024895,0.039996,0.018204,0.021054,0.008436,0.021135,0.013277,0.178145,0.05809,0.053647,0.038659,0.028268,0.0131,0.020617,0.019442,68.47,67.5,0.0426,1e-05,60.0
458,NOT_0015_3p_w650us_rf155_rep1_cond15,not_sim_15,Notch,4,train,15,ABC,650.0,155.0,0.46656,0.774974,1.661038,7.5122,179.6,60.0,59.8801,12.86,0.643987,0.1148,0.037355,0.034517,0.024821,0.040038,0.018137,0.02107,0.008417,0.021062,0.013347,0.178264,0.058006,0.053599,0.038543,0.028164,0.01307,0.020726,0.01945,68.49,67.65,0.0427,1e-05,60.0
459,NOT_0015_3p_w650us_rf155_rep1_cond15,not_sim_15,Notch,4,train,15,ABC,650.0,155.0,0.466527,0.775127,1.661485,7.5318,180.8,60.0,59.8802,12.87,0.643928,0.11484,0.037432,0.034457,0.024973,0.040052,0.018094,0.02108,0.008407,0.021039,0.013336,0.178343,0.058131,0.053511,0.038782,0.028099,0.013056,0.02071,0.019467,68.49,67.63,0.0427,1e-05,60.0
460,NOT_0015_3p_w650us_rf155_rep1_cond15,not_sim_15,Notch,4,train,15,ABC,650.0,155.0,0.466469,0.77568,1.662874,7.534,180.8,60.0,60.1194,12.77,0.643842,0.11485,0.037475,0.034509,0.024915,0.039937,0.018105,0.021062,0.008491,0.021072,0.013372,0.178382,0.058205,0.053599,0.038697,0.02812,0.013188,0.020769,0.019468,68.49,67.67,0.0427,1e-05,60.0
461,NOT_0015_3p_w650us_rf155_rep1_cond15,not_sim_15,Notch,4,train,15,ABC,650.0,155.0,0.466393,0.77573,1.663255,7.5312,180.0,60.0,60.1185,12.91,0.643749,0.114735,0.037441,0.034573,0.024955,0.040006,0.018055,0.021126,0.008408,0.021048,0.013388,0.178229,0.058161,0.053706,0.038765,0.028047,0.013061,0.020797,0.01945,68.49,67.72,0.0427,1e-05,60.0
462,NOT_0015_3p_w650us_rf155_rep1_cond15,not_sim_15,Notch,4,train,15,ABC,650.0,155.0,0.466431,0.774636,1.660773,7.5345,180.0,60.0,60.1191,12.93,0.643822,0.114642,0.037478,0.034538,0.024895,0.04,0.018131,0.021103,0.00841,0.020976,0.013338,0.178065,0.058212,0.053645,0.038668,0.028162,0.013063,0.020717,0.019423,68.5,67.78,0.0426,9e-06,60.0
463,NOT_0015_3p_w650us_rf155_rep1_cond15,not_sim_15,Notch,4,train,15,ABC,650.0,155.0,0.466531,0.77561,1.662504,7.5392,179.8,60.0,59.8785,12.84,0.643919,0.114847,0.037521,0.034567,0.024859,0.040052,0.018193,0.021194,0.008511,0.02103,0.013309,0.178356,0.05827,0.053682,0.038606,0.028254,0.013218,0.020669,0.019487,68.51,67.73,0.0427,9e-06,60.0
464,NOT_0015_3p_w650us_rf155_rep1_cond15,not_sim_15,Notch,4,train,15,ABC,650.0,155.0,0.466424,0.774942,1.661454,7.5357,180.6,60.0,59.8814,12.86,0.643774,0.114823,0.037436,0.034577,0.02492,0.039969,0.018194,0.021085,0.008406,0.021089,0.013432,0.178359,0.058151,0.05371,0.038709,0.028261,0.013057,0.020864,0.019471,68.5,67.71,0.0427,8e-06,60.0
465,NOT_0015_3p_w650us_rf155_rep1_cond15,not_sim_15,Notch,4,train,15,ABC,650.0,155.0,0.46631,0.776269,1.664706,7.5388,181.0,60.0,59.882,12.96,0.643607,0.114816,0.037452,0.034554,0.024943,0.040088,0.018147,0.02116,0.008442,0.021065,0.013305,0.178395,0.058191,0.053688,0.038755,0.028196,0.013117,0.020673,0.019478,68.51,67.77,0.0427,9e-06,60.0
466,NOT_0015_3p_w650us_rf155_rep1_cond15,not_sim_15,Notch,4,train,15,ABC,650.0,155.0,0.466377,0.775353,1.662503,7.5224,180.4,60.0,60.1195,12.92,0.643735,0.114701,0.037395,0.034509,0.024836,0.040025,0.018157,0.021041,0.008524,0.02109,0.013324,0.17818,0.058091,0.053607,0.038581,0.028206,0.013241,0.020698,0.019432,68.5,67.82,0.0427,9e-06,60.0
467,NOT_0015_3p_w650us_rf155_rep1_cond15,not_sim_15,Notch,4,train,15,ABC,650.0,155.0,0.466419,0.775071,1.661749,7.5329,179.8,60.0,60.1229,12.9,0.643789,0.11474,0.037425,0.034455,0.024923,0.039981,0.018168,0.021117,0.008446,0.02108,0.01337,0.178226,0.058132,0.053519,0.038713,0.02822,0.013119,0.020768,0.019443,68.5,67.75,0.0427,1.1e-05,60.0
468,NOT_0015_3p_w650us_rf155_rep1_cond15,not_sim_15,Notch,4,train,15,ABC,650.0,155.0,0.466491,0.775702,1.662843,7.5395,179.6,60.0,59.8813,12.85,0.643886,0.114761,0.03752,0.034543,0.024869,0.040035,0.01818,0.021116,0.00846,0.021116,0.013266,0.178232,0.058271,0.053648,0.038623,0.028235,0.013139,0.020603,0.019462,68.48,67.43,0.0427,9e-06,60.0
469,NOT_0015_3p_w650us_rf155_rep1_cond15,not_sim_15,Notch,4,train,15,ABC,650.0,155.0,0.466438,0.775056,1.661649,7.5433,180.6,60.0,59.8817,12.87,0.643811,0.114753,0.037518,0.034549,0.024883,0.039927,0.018214,0.02107,0.008518,0.021047,0.013434,0.17824,0.058275,0.053663,0.03865,0.028291,0.013231,0.020866,0.019455,68.49,67.67,0.0427,9e-06,60.0
470,NOT_0015_3p_w650us_rf155_rep1_cond15,not_sim_15,Notch,4,train,15,ABC,650.0,155.0,0.466454,0.774203,1.659762,7.5314,180.6,60.0,59.8815,12.96,0.643837,0.114788,0.037476,0.034477,0.024797,0.039979,0.018219,0.021093,0.008484,0.02101,0.013318,0.178287,0.058207,0.053549,0.038514,0.028298,0.013177,0.020685,0.01945,68.5,67.75,0.0427,9e-06,60.0
471,NOT_0015_3p_w650us_rf155_rep1_cond15,not_sim_15,Notch,4,train,15,ABC,650.0,155.0,0.466434,0.776458,1.664668,7.5232,180.6,60.0,60.1181,12.89,0.643797,0.114859,0.037379,0.034502,0.024853,0.040017,0.018195,0.021077,0.008397,0.021038,0.013407,0.178409,0.05806,0.053591,0.038604,0.028262,0.013043,0.020825,0.019467,68.49,67.61,0.0427,9e-06,60.0
472,NOT_0015_3p_w650us_rf155_rep1_cond15,not_sim_15,Notch,4,train,15,ABC,650.0,155.0,0.466453,0.773478,1.658212,7.5413,179.6,60.0,60.1204,12.9,0.64381,0.114851,0.037552,0.034587,0.024845,0.040051,0.01816,0.021076,0.008367,0.02105,0.01335,0.178393,0.058328,0.053722,0.038591,0.028207,0.012996,0.020736,0.019484,68.5,67.76,0.0427,8e-06,60.0
473,NOT_0015_3p_w650us_rf155_rep1_cond15,not_sim_15,Notch,4,train,15,ABC,650.0,155.0,0.466459,0.774661,1.660729,7.5435,179.6,60.0,59.8792,12.84,0.643862,0.114618,0.037543,0.034469,0.024866,0.039994,0.018199,0.021088,0.008472,0.021013,0.013374,0.178016,0.058309,0.053535,0.03862,0.028265,0.013158,0.020772,0.019421,68.5,67.81,0.0426,9e-06,60.0
474,NOT_0015_3p_w650us_rf155_rep1_cond15,not_sim_15,Notch,4,train,15,ABC,650.0,155.0,0.466425,0.774167,1.659788,7.5425,180.6,60.0,59.8801,12.86,0.643775,0.114844,0.037514,0.034591,0.02493,0.039977,0.018136,0.021057,0.008488,0.021006,0.013347,0.178392,0.058272,0.053732,0.038725,0.028171,0.013185,0.020732,0.019476,68.5,67.66,0.0427,9e-06,60.0
475,NOT_0015_3p_w650us_rf155_rep1_cond15,not_sim_15,Notch,4,train,15,ABC,650.0,155.0,0.466315,0.775166,1.662323,7.5503,180.8,60.0,59.8823,12.93,0.643618,0.114806,0.037527,0.034446,0.024933,0.040059,0.018209,0.021079,0.008556,0.02105,0.013298,0.178376,0.058306,0.053519,0.038739,0.028292,0.013294,0.020661,0.019471,68.51,67.71,0.0427,9e-06,60.0
476,NOT_0015_3p_w650us_rf155_rep1_cond15,not_sim_15,Notch,4,train,15,ABC,650.0,155.0,0.466394,0.774509,1.660632,7.5463,181.0,60.0,60.1208,12.85,0.643742,0.11484,0.037512,0.034518,0.024912,0.039946,0.018222,0.020971,0.008475,0.020997,0.013375,0.178394,0.058272,0.053621,0.038699,0.028306,0.013165,0.020777,0.019467,68.48,67.5,0.0427,8e-06,60.0
477,NOT_0015_3p_w650us_rf155_rep1_cond15,not_sim_15,Notch,4,train,15,ABC,650.0,155.0,0.466448,0.77713,1.666061,7.5404,179.8,60.0,60.12,12.91,0.643822,0.114754,0.0375,0.03446,0.024861,0.040096,0.018234,0.021092,0.008429,0.021055,0.013314,0.178239,0.058246,0.053524,0.038615,0.028321,0.013092,0.02068,0.019457,68.5,67.75,0.0427,9e-06,60.0
478,NOT_0015_3p_w650us_rf155_rep1_cond15,not_sim_15,Notch,4,train,15,ABC,650.0,155.0,0.466416,0.776099,1.663961,7.544,179.8,60.0,60.12,12.9,0.643789,0.11468,0.037516,0.034503,0.02492,0.040009,0.018176,0.021078,0.008443,0.021063,0.013394,0.178133,0.058274,0.053594,0.038708,0.028233,0.013115,0.020805,0.01944,68.5,67.74,0.0427,9e-06,60.0
479,NOT_0015_3p_w650us_rf155_rep1_cond15,not_sim_15,Notch,4,train,15,ABC,650.0,155.0,0.4664,0.773277,1.657972,7.5286,180.0,60.0,59.8842,12.88,0.643756,0.114824,0.037391,0.034511,0.024891,0.039987,0.018203,0.021049,0.008448,0.021129,0.013311,0.178366,0.058083,0.053609,0.038665,0.028276,0.013123,0.020677,0.019462,68.48,67.61,0.0426,1e-05,60.0
480,NOT_0016_3p_w700us_rf165_rep1_cond16,not_sim_16,Notch,4,train,16,ABC,700.0,165.0,0.471345,0.812414,1.723609,6.7641,176.0,60.0,59.9252,13.15,0.651223,0.116715,0.027699,0.032743,0.024901,0.039154,0.023517,0.018848,0.010065,0.016552,0.015453,0.179224,0.042534,0.050279,0.038237,0.036112,0.015456,0.023729,0.019137,67.96,65.35,0.0407,1.4e-05,60.0
481,NOT_0016_3p_w700us_rf165_rep1_cond16,not_sim_16,Notch,4,train,16,ABC,700.0,165.0,0.47127,0.811181,1.721267,6.7799,177.2,60.0,59.9266,13.18,0.651115,0.116656,0.027728,0.032803,0.024985,0.039152,0.023572,0.018718,0.009978,0.016661,0.015503,0.179163,0.042585,0.05038,0.038373,0.036203,0.015324,0.02381,0.019134,67.97,65.38,0.0407,1.2e-05,60.0
482,NOT_0016_3p_w700us_rf165_rep1_cond16,not_sim_16,Notch,4,train,16,ABC,700.0,165.0,0.471347,0.812445,1.723668,6.767,177.2,60.0,60.0718,13.11,0.651234,0.116657,0.027697,0.032716,0.024923,0.039082,0.023533,0.018819,0.010007,0.016707,0.015445,0.179132,0.04253,0.050237,0.03827,0.036136,0.015366,0.023717,0.019121,67.97,65.5,0.0407,1.3e-05,60.0
483,NOT_0016_3p_w700us_rf165_rep1_cond16,not_sim_16,Notch,4,train,16,ABC,700.0,165.0,0.471293,0.812416,1.723803,6.7893,176.0,60.0,60.0677,13.17,0.651133,0.116683,0.027758,0.032799,0.02501,0.039148,0.023628,0.01878,0.009975,0.016631,0.015513,0.1792,0.04263,0.050372,0.03841,0.036288,0.015319,0.023825,0.019147,67.99,65.53,0.0407,1.2e-05,60.0
484,NOT_0016_3p_w700us_rf165_rep1_cond16,not_sim_16,Notch,4,train,16,ABC,700.0,165.0,0.471331,0.811903,1.722576,6.7697,176.0,60.0,60.0723,13.18,0.651192,0.116712,0.027757,0.032743,0.024889,0.039175,0.023525,0.01872,0.010102,0.016734,0.015474,0.179228,0.042625,0.050282,0.038221,0.036126,0.015513,0.023763,0.019144,67.98,65.53,0.0407,1.1e-05,60.0
485,NOT_0016_3p_w700us_rf165_rep1_cond16,not_sim_16,Notch,4,train,16,ABC,700.0,165.0,0.471279,0.811537,1.721988,6.7749,176.0,60.0,59.9248,13.14,0.651109,0.116754,0.027776,0.032841,0.024998,0.039206,0.023441,0.018715,0.010126,0.016642,0.015523,0.179316,0.04266,0.050439,0.038393,0.036002,0.015552,0.023841,0.019164,67.97,65.29,0.0407,1.2e-05,60.0
486,NOT_0016_3p_w700us_rf165_rep1_cond16,not_sim_16,Notch,4,train,16,ABC,700.0,165.0,0.471268,0.813642,1.726496,6.7687,177.4,60.0,59.9279,13.17,0.651121,0.116612,0.027787,0.032762,0.0249,0.039175,0.023457,0.018895,0.009837,0.01668,0.01549,0.179094,0.042676,0.050316,0.038242,0.036026,0.015108,0.02379,0.019121,67.98,65.48,0.0407,1.2e-05,60.0
487,NOT_0016_3p_w700us_rf165_rep1_cond16,not_sim_16,Notch,4,train,16,ABC,700.0,165.0,0.471273,0.811036,1.720948,6.7771,177.4,60.0,60.073,13.09,0.651102,0.116745,0.02779,0.0327,0.0249,0.039228,0.023554,0.01876,0.010007,0.016619,0.015476,0.179304,0.042681,0.050223,0.038243,0.036176,0.015369,0.023769,0.019152,67.99,65.59,0.0407,1.2e-05,60.0
488,NOT_0016_3p_w700us_rf165_rep1_cond16,not_sim_16,Notch,4,train,16,ABC,700.0,165.0,0.471271,0.810596,1.720022,6.7755,176.0,60.0,60.0692,13.17,0.651108,0.116688,0.027826,0.03277,0.024923,0.039233,0.023469,0.018755,0.010012,0.016615,0.015432,0.179215,0.042736,0.05033,0.038278,0.036045,0.015377,0.023701,0.019142,67.98,65.42,0.0407,1.1e-05,60.0
489,NOT_0016_3p_w700us_rf165_rep1_cond16,not_sim_16,Notch,4,train,16,ABC,700.0,165.0,0.471162,0.811838,1.723055,6.7784,176.0,60.0,60.0708,13.19,0.650958,0.116648,0.027693,0.03278,0.025048,0.039153,0.023508,0.018764,0.010079,0.016638,0.015541,0.179194,0.042542,0.050357,0.038479,0.036113,0.015483,0.023874,0.019133,67.99,65.53,0.0407,1.2e-05,60.0
490,NOT_0016_3p_w700us_rf165_rep1_cond16,not_sim_16,Notch,4,train,16,ABC,700.0,165.0,0.471218,0.80997,1.718887,6.7828,176.0,60.0,59.9245,13.14,0.651041,0.116666,0.027855,0.032715,0.025025,0.0392,0.023406,0.018723,0.009974,0.016663,0.015404,0.179199,0.042785,0.05025,0.038438,0.035952,0.01532,0.023661,0.019133,67.97,65.41,0.0407,1.2e-05,60.0
491,NOT_0016_3p_w700us_rf165_rep1_cond16,not_sim_16,Notch,4,train,16,ABC,700.0,165.0,0.47121,0.811782,1.722761,6.7733,177.4,60.0,59.9274,13.15,0.651041,0.116603,0.027784,0.032714,0.024929,0.039168,0.023476,0.018832,0.009979,0.016771,0.015332,0.179102,0.042676,0.050249,0.038291,0.036059,0.015328,0.02355,0.019116,67.98,65.55,0.0407,1e-05,60.0
492,NOT_0016_3p_w700us_rf165_rep1_cond16,not_sim_16,Notch,4,train,16,ABC,700.0,165.0,0.471237,0.810981,1.720963,6.7733,177.4,60.0,60.0701,13.09,0.651075,0.116628,0.027787,0.032762,0.024943,0.039179,0.023463,0.018845,0.009975,0.016732,0.015416,0.179131,0.042679,0.05032,0.03831,0.036037,0.015321,0.023678,0.019127,67.97,65.39,0.0406,1.1e-05,60.0
493,NOT_0016_3p_w700us_rf165_rep1_cond16,not_sim_16,Notch,4,train,16,ABC,700.0,165.0,0.47124,0.810069,1.719016,6.7893,176.4,60.0,60.0728,13.17,0.651058,0.116716,0.027883,0.032722,0.024928,0.039192,0.023557,0.018775,0.010001,0.01679,0.015373,0.179271,0.042827,0.05026,0.038288,0.036183,0.015361,0.023612,0.019154,67.97,65.34,0.0407,1.1e-05,60.0
494,NOT_0016_3p_w700us_rf165_rep1_cond16,not_sim_16,Notch,4,train,16,ABC,700.0,165.0,0.47121,0.809656,1.718249,6.764,176.0,60.0,60.0736,13.19,0.651056,0.116533,0.027752,0.032719,0.024863,0.039216,0.023472,0.0188,0.010024,0.016793,0.015451,0.178991,0.042626,0.050255,0.038189,0.036052,0.015397,0.023732,0.019102,67.96,65.35,0.0406,1.1e-05,60.0
495,NOT_0016_3p_w700us_rf165_rep1_cond16,not_sim_16,Notch,4,train,16,ABC,700.0,165.0,0.471301,0.809567,1.717727,6.7696,176.0,60.0,59.9263,13.14,0.651168,0.116586,0.027876,0.032774,0.024896,0.039251,0.023373,0.018825,0.010005,0.016709,0.015441,0.179041,0.042809,0.050331,0.038233,0.035894,0.015365,0.023713,0.019122,67.98,65.55,0.0407,1.1e-05,60.0
496,NOT_0016_3p_w700us_rf165_rep1_cond16,not_sim_16,Notch,4,train,16,ABC,700.0,165.0,0.471194,0.810705,1.720533,6.7634,177.2,60.0,59.9255,13.14,0.651007,0.116688,0.027834,0.032763,0.024833,0.039103,0.023393,0.01876,0.009903,0.016782,0.015446,0.179242,0.042755,0.050327,0.038146,0.035934,0.015212,0.023726,0.019127,67.98,65.54,0.0407,1.2e-05,60.0
497,NOT_0016_3p_w700us_rf165_rep1_cond16,not_sim_16,Notch,4,train,16,ABC,700.0,165.0,0.471158,0.811917,1.723237,6.7807,177.2,60.0,59.9254,13.21,0.650961,0.116661,0.027919,0.032674,0.024865,0.039151,0.023465,0.018796,0.009974,0.016621,0.0154,0.179214,0.042889,0.050193,0.038197,0.036047,0.015322,0.023657,0.019125,67.98,65.59,0.0407,1.1e-05,60.0
498,NOT_0016_3p_w700us_rf165_rep1_cond16,not_sim_16,Notch,4,train,16,ABC,700.0,165.0,0.47123,0.811039,1.72111,6.7682,177.0,60.0,60.0695,13.17,0.651052,0.116699,0.027842,0.032755,0.024904,0.039168,0.023372,0.018795,0.010038,0.016737,0.01547,0.179247,0.042765,0.050311,0.038252,0.035899,0.015418,0.023762,0.019141,67.99,65.55,0.0407,1.2e-05,60.0
499,NOT_0016_3p_w700us_rf165_rep1_cond16,not_sim_16,Notch,4,train,16,ABC,700.0,165.0,0.471201,0.809595,1.718154,6.7731,176.0,60.0,60.073,13.18,0.65104,0.116555,0.027734,0.032677,0.025031,0.039249,0.023425,0.018761,0.009973,0.01673,0.015442,0.179029,0.0426,0.050192,0.038448,0.035981,0.015319,0.023719,0.019108,67.97,65.41,0.0406,1.1e-05,60.0
500,NOT_0016_3p_w700us_rf165_rep1_cond16,not_sim_16,Notch,4,train,16,ABC,700.0,165.0,0.471235,0.811692,1.722477,6.785,176.0,60.0,59.9228,13.12,0.651072,0.116607,0.027905,0.032759,0.024908,0.039194,0.023502,0.018785,0.009932,0.016705,0.015378,0.1791,0.04286,0.050315,0.038257,0.036097,0.015255,0.02362,0.019125,67.98,65.5,0.0407,1.1e-05,60.0
501,NOT_0016_3p_w700us_rf165_rep1_cond16,not_sim_16,Notch,4,train,16,ABC,700.0,165.0,0.471223,0.811463,1.722035,6.7643,177.4,60.0,59.9241,13.14,0.651052,0.116665,0.027808,0.032717,0.024862,0.039232,0.02341,0.018776,0.00994,0.016737,0.015339,0.179195,0.042712,0.050253,0.038187,0.035957,0.015268,0.02356,0.019126,67.98,65.52,0.0407,1e-05,60.0
502,NOT_0016_3p_w700us_rf165_rep1_cond16,not_sim_16,Notch,4,train,16,ABC,700.0,165.0,0.471133,0.8099,1.719047,6.7717,177.4,60.0,59.9247,13.2,0.650926,0.116622,0.027772,0.0327,0.024977,0.039172,0.023405,0.01888,0.010016,0.016687,0.015438,0.179163,0.042665,0.050236,0.038371,0.035956,0.015387,0.023717,0.019121,67.98,65.49,0.0407,1.1e-05,60.0
503,NOT_0016_3p_w700us_rf165_rep1_cond16,not_sim_16,Notch,4,train,16,ABC,700.0,165.0,0.47118,0.810577,1.720314,6.7694,177.4,60.0,60.073,13.15,0.65101,0.116574,0.027813,0.0327,0.024935,0.039179,0.023384,0.018819,0.009938,0.01678,0.015425,0.179066,0.042723,0.05023,0.038302,0.03592,0.015266,0.023694,0.019108,67.96,65.35,0.0406,1.3e-05,60.0
504,NOT_0016_3p_w700us_rf165_rep1_cond16,not_sim_16,Notch,4,train,16,ABC,700.0,165.0,0.471168,0.810903,1.72105,6.7666,176.0,60.0,60.0708,13.18,0.650977,0.116606,0.027842,0.032727,0.0248,0.039145,0.023456,0.018869,0.009983,0.016799,0.015442,0.179125,0.04277,0.050274,0.038097,0.036032,0.015335,0.023721,0.019117,67.99,65.62,0.0407,1.1e-05,60.0
505,NOT_0016_3p_w700us_rf165_rep1_cond16,not_sim_16,Notch,4,train,16,ABC,700.0,165.0,0.471264,0.812671,1.72445,6.7701,176.0,60.0,59.9269,13.12,0.651106,0.116632,0.027892,0.032678,0.024859,0.039312,0.023392,0.018874,0.009937,0.016721,0.015428,0.179129,0.042838,0.050188,0.03818,0.035927,0.015262,0.023695,0.019132,67.99,65.61,0.0407,1.1e-05,60.0
506,NOT_0016_3p_w700us_rf165_rep1_cond16,not_sim_16,Notch,4,train,16,ABC,700.0,165.0,0.471194,0.8112,1.721584,6.7703,176.8,60.0,59.9265,13.14,0.651008,0.116689,0.027864,0.032768,0.024874,0.039157,0.023399,0.018815,0.00999,0.016655,0.015364,0.179244,0.042801,0.050334,0.038208,0.035943,0.015345,0.0236,0.019133,67.98,65.53,0.0406,1.1e-05,60.0
507,NOT_0016_3p_w700us_rf165_rep1_cond16,not_sim_16,Notch,4,train,16,ABC,700.0,165.0,0.471117,0.809369,1.717979,6.7612,177.4,60.0,59.9236,13.19,0.650912,0.116592,0.027731,0.03272,0.02493,0.039267,0.023374,0.018746,0.009912,0.016818,0.015329,0.179121,0.042603,0.050268,0.0383,0.03591,0.015228,0.02355,0.019111,67.99,65.74,0.0406,1.1e-05,60.0
508,NOT_0016_3p_w700us_rf165_rep1_cond16,not_sim_16,Notch,4,train,16,ABC,700.0,165.0,0.471146,0.812979,1.725534,6.7616,177.4,60.0,60.0735,13.13,0.650936,0.116687,0.027853,0.03271,0.024818,0.039159,0.023356,0.018791,0.01003,0.016822,0.015479,0.17926,0.042789,0.050251,0.038127,0.035881,0.015409,0.02378,0.019133,67.99,65.58,0.0407,1.1e-05,60.0
509,NOT_0016_3p_w700us_rf165_rep1_cond16,not_sim_16,Notch,4,train,16,ABC,700.0,165.0,0.471134,0.809493,1.718178,6.7606,176.0,60.0,60.0746,13.17,0.650927,0.116621,0.027822,0.032809,0.024866,0.039233,0.023328,0.01877,0.009928,0.016785,0.015438,0.179161,0.042742,0.050404,0.038201,0.035838,0.015252,0.023717,0.019124,67.98,65.48,0.0407,1.1e-05,60.0
510,NOT_0016_3p_w700us_rf165_rep1_cond16,not_sim_16,Notch,4,train,16,ABC,700.0,165.0,0.471112,0.81031,1.719994,6.7783,176.0,60.0,60.0753,13.17,0.650895,0.116623,0.027878,0.032691,0.024901,0.039233,0.023437,0.018754,0.01,0.016766,0.015437,0.179173,0.04283,0.050225,0.038257,0.036007,0.015363,0.023717,0.019127,67.99,65.55,0.0407,1e-05,60.0
511,NOT_0016_3p_w700us_rf165_rep1_cond16,not_sim_16,Notch,4,train,16,ABC,700.0,165.0,0.471153,0.810561,1.720377,6.7745,176.2,60.0,59.925,13.14,0.650939,0.116679,0.027846,0.032761,0.02499,0.039281,0.02334,0.018829,0.009864,0.016763,0.015359,0.179247,0.042778,0.050329,0.038391,0.035856,0.015153,0.023595,0.019144,67.99,65.6,0.0407,1e-05,60.0
512,NOT_0017_3p_w550us_rf170_rep1_cond17,not_sim_17,Notch,4,train,17,ABC,550.0,170.0,0.481912,0.843571,1.750466,7.4261,166.2,60.0,59.9372,13.13,0.665727,0.121274,0.02328,0.029965,0.027601,0.034164,0.033768,0.017674,0.013241,0.013138,0.014833,0.182168,0.034969,0.045011,0.04146,0.050723,0.01989,0.022281,0.020097,67.99,65.53,0.0405,1.7e-05,60.0
513,NOT_0017_3p_w550us_rf170_rep1_cond17,not_sim_17,Notch,4,train,17,ABC,550.0,170.0,0.481875,0.842796,1.748992,7.4408,168.0,60.0,59.9381,13.16,0.665671,0.121215,0.02339,0.02997,0.027617,0.034203,0.033816,0.017613,0.013272,0.01303,0.014904,0.182094,0.035137,0.045022,0.041487,0.0508,0.019938,0.022389,0.020093,68.01,65.66,0.0405,1.6e-05,60.0
514,NOT_0017_3p_w550us_rf170_rep1_cond17,not_sim_17,Notch,4,train,17,ABC,550.0,170.0,0.481792,0.844032,1.75186,7.4366,168.2,60.0,60.0614,13.09,0.665531,0.121345,0.023345,0.030013,0.027697,0.034148,0.033725,0.017699,0.013218,0.013093,0.014922,0.182328,0.035077,0.045096,0.041616,0.050674,0.019861,0.022421,0.020123,68.01,65.65,0.0406,1.6e-05,60.0
515,NOT_0017_3p_w550us_rf170_rep1_cond17,not_sim_17,Notch,4,train,17,ABC,550.0,170.0,0.481938,0.844564,1.752433,7.4227,166.2,60.0,60.0639,13.15,0.665755,0.121316,0.023282,0.029958,0.02756,0.034134,0.03377,0.017685,0.013277,0.013183,0.01489,0.182223,0.034971,0.044999,0.041397,0.050724,0.019943,0.022366,0.020107,68.0,65.58,0.0405,1.7e-05,60.0
516,NOT_0017_3p_w550us_rf170_rep1_cond17,not_sim_17,Notch,4,train,17,ABC,550.0,170.0,0.481832,0.843416,1.750436,7.434,166.0,60.0,60.0644,13.17,0.665608,0.121267,0.023282,0.029923,0.027561,0.034106,0.033864,0.01772,0.013246,0.013203,0.014965,0.18219,0.034979,0.044956,0.041407,0.050877,0.019901,0.022483,0.0201,68.01,65.64,0.0405,1.7e-05,60.0
517,NOT_0017_3p_w550us_rf170_rep1_cond17,not_sim_17,Notch,4,train,17,ABC,550.0,170.0,0.481799,0.843754,1.751257,7.4347,166.2,60.0,59.9361,13.13,0.665556,0.121227,0.023271,0.029966,0.027647,0.034273,0.033803,0.017677,0.013331,0.013185,0.014882,0.182144,0.034965,0.045024,0.04154,0.050789,0.02003,0.02236,0.020103,68.02,65.67,0.0406,1.8e-05,60.0
518,NOT_0017_3p_w550us_rf170_rep1_cond17,not_sim_17,Notch,4,train,17,ABC,550.0,170.0,0.481833,0.843753,1.751133,7.4451,168.0,60.0,59.9358,13.15,0.665609,0.12126,0.0234,0.029886,0.027659,0.034162,0.033811,0.017646,0.013309,0.013159,0.0149,0.182179,0.035156,0.0449,0.041554,0.050797,0.019995,0.022386,0.020104,67.99,65.49,0.0405,1.6e-05,60.0
519,NOT_0017_3p_w550us_rf170_rep1_cond17,not_sim_17,Notch,4,train,17,ABC,550.0,170.0,0.481822,0.842929,1.749462,7.4425,168.2,60.0,60.0661,13.08,0.665586,0.121292,0.023306,0.03001,0.027692,0.034205,0.03382,0.017611,0.013263,0.013114,0.014903,0.182233,0.035016,0.045088,0.041605,0.050812,0.019927,0.022391,0.020116,67.99,65.48,0.0405,1.5e-05,60.0
520,NOT_0017_3p_w550us_rf170_rep1_cond17,not_sim_17,Notch,4,train,17,ABC,550.0,170.0,0.481819,0.843752,1.751181,7.4526,166.8,60.0,60.0633,13.14,0.665566,0.121324,0.023387,0.029936,0.027735,0.034185,0.033825,0.017656,0.013257,0.013031,0.01497,0.182287,0.035139,0.044978,0.041671,0.050821,0.019918,0.022492,0.020126,68.02,65.74,0.0406,1.5e-05,60.0
521,NOT_0017_3p_w550us_rf170_rep1_cond17,not_sim_17,Notch,4,train,17,ABC,550.0,170.0,0.48179,0.843226,1.750196,7.4388,166.0,60.0,60.0646,13.16,0.665535,0.12127,0.023294,0.030065,0.02764,0.034336,0.03383,0.017544,0.013274,0.013115,0.014955,0.182214,0.035,0.045174,0.04153,0.050831,0.019945,0.022471,0.02012,68.01,65.57,0.0406,1.4e-05,60.0
522,NOT_0017_3p_w550us_rf170_rep1_cond17,not_sim_17,Notch,4,train,17,ABC,550.0,170.0,0.481774,0.843565,1.750957,7.4422,166.2,60.0,59.9364,13.12,0.665506,0.121258,0.023341,0.030065,0.027709,0.034267,0.033771,0.017619,0.013313,0.013117,0.014924,0.182204,0.035073,0.045176,0.041636,0.050745,0.020004,0.022425,0.020117,68.03,65.77,0.0406,1.3e-05,60.0
523,NOT_0017_3p_w550us_rf170_rep1_cond17,not_sim_17,Notch,4,train,17,ABC,550.0,170.0,0.481792,0.842584,1.748856,7.4377,168.2,60.0,59.938,13.14,0.665548,0.121231,0.023383,0.029959,0.027553,0.034217,0.03383,0.017619,0.013319,0.013135,0.014947,0.182152,0.035133,0.045014,0.041399,0.05083,0.020012,0.022458,0.020099,68.02,65.7,0.0405,1.3e-05,60.0
524,NOT_0017_3p_w550us_rf170_rep1_cond17,not_sim_17,Notch,4,train,17,ABC,550.0,170.0,0.481782,0.84194,1.747554,7.4281,168.4,60.0,60.0631,13.08,0.665539,0.121247,0.023277,0.029972,0.027648,0.034264,0.03373,0.017601,0.013363,0.013117,0.014855,0.182179,0.034975,0.045034,0.041542,0.050681,0.020078,0.02232,0.020098,68.0,65.55,0.0405,1.2e-05,60.0
525,NOT_0017_3p_w550us_rf170_rep1_cond17,not_sim_17,Notch,4,train,17,ABC,550.0,170.0,0.481772,0.844868,1.753669,7.4503,167.6,60.0,60.0646,13.14,0.665511,0.121285,0.023331,0.029964,0.027705,0.034201,0.03386,0.017622,0.01314,0.013167,0.014905,0.182243,0.035057,0.045024,0.04163,0.050878,0.019744,0.022396,0.020115,68.01,65.6,0.0405,1.4e-05,60.0
526,NOT_0017_3p_w550us_rf170_rep1_cond17,not_sim_17,Notch,4,train,17,ABC,550.0,170.0,0.481796,0.842579,1.748829,7.4528,166.2,60.0,60.0651,13.16,0.665553,0.121192,0.02344,0.030047,0.0277,0.034182,0.033819,0.017598,0.013304,0.013175,0.015033,0.182092,0.035219,0.045146,0.04162,0.050813,0.019989,0.022587,0.020105,68.01,65.62,0.0405,1.4e-05,60.0
527,NOT_0017_3p_w550us_rf170_rep1_cond17,not_sim_17,Notch,4,train,17,ABC,550.0,170.0,0.481791,0.843856,1.751496,7.4082,166.0,60.0,59.935,13.11,0.665551,0.121293,0.023283,0.030011,0.027499,0.034156,0.033656,0.017731,0.013294,0.013301,0.014815,0.182244,0.034983,0.045092,0.041318,0.050569,0.019974,0.02226,0.020098,68.0,65.66,0.0405,1.5e-05,60.0
528,NOT_0017_3p_w550us_rf170_rep1_cond17,not_sim_17,Notch,4,train,17,ABC,550.0,170.0,0.481709,0.843292,1.750626,7.4425,168.2,60.0,59.937,13.13,0.665427,0.12128,0.023256,0.029939,0.027688,0.034201,0.033841,0.017569,0.013267,0.013053,0.014918,0.182259,0.034949,0.044992,0.041609,0.050856,0.019938,0.022419,0.020105,68.01,65.71,0.0405,1.3e-05,60.0
529,NOT_0017_3p_w550us_rf170_rep1_cond17,not_sim_17,Notch,4,train,17,ABC,550.0,170.0,0.48177,0.844603,1.753124,7.4457,168.4,60.0,59.9365,13.19,0.665517,0.121186,0.023294,0.030017,0.027735,0.034215,0.033818,0.017635,0.013331,0.013167,0.014971,0.182093,0.035001,0.045103,0.041674,0.050815,0.020031,0.022495,0.020099,68.03,65.78,0.0406,1.6e-05,60.0
530,NOT_0017_3p_w550us_rf170_rep1_cond17,not_sim_17,Notch,4,train,17,ABC,550.0,170.0,0.481792,0.84435,1.752519,7.4299,168.0,60.0,60.0621,13.14,0.665542,0.121313,0.023263,0.030071,0.027548,0.034195,0.03384,0.017754,0.013303,0.013045,0.014865,0.182277,0.034953,0.045183,0.041392,0.050846,0.019988,0.022335,0.020119,67.99,65.45,0.0405,1.5e-05,60.0
531,NOT_0017_3p_w550us_rf170_rep1_cond17,not_sim_17,Notch,4,train,17,ABC,550.0,170.0,0.481758,0.844434,1.752819,7.4286,166.2,60.0,60.0648,13.15,0.665501,0.121237,0.023231,0.030023,0.027657,0.03424,0.033756,0.017682,0.013268,0.013135,0.014858,0.182174,0.034908,0.045113,0.041558,0.050723,0.019937,0.022326,0.020098,68.01,65.59,0.0405,1.5e-05,60.0
532,NOT_0017_3p_w550us_rf170_rep1_cond17,not_sim_17,Notch,4,train,17,ABC,550.0,170.0,0.48177,0.845484,1.754955,7.4221,166.2,60.0,59.9363,13.11,0.665521,0.121289,0.023203,0.030041,0.02759,0.034152,0.033768,0.017657,0.013211,0.01315,0.014898,0.182247,0.034864,0.045139,0.041456,0.050739,0.019851,0.022385,0.020101,68.0,65.58,0.0405,1.4e-05,60.0
533,NOT_0017_3p_w550us_rf170_rep1_cond17,not_sim_17,Notch,4,train,17,ABC,550.0,170.0,0.481772,0.843762,1.751373,7.4302,167.6,60.0,59.9366,13.12,0.665509,0.121334,0.023344,0.029962,0.027579,0.034243,0.033758,0.017655,0.013357,0.013128,0.014983,0.182318,0.035077,0.045021,0.04144,0.050725,0.02007,0.022514,0.020124,68.0,65.57,0.0405,1.4e-05,60.0
534,NOT_0017_3p_w550us_rf170_rep1_cond17,not_sim_17,Notch,4,train,17,ABC,550.0,170.0,0.481746,0.843605,1.751142,7.4244,168.2,60.0,59.9367,13.18,0.665481,0.121298,0.023296,0.030003,0.027513,0.03424,0.033786,0.017617,0.013267,0.013248,0.014927,0.182271,0.035006,0.045085,0.041343,0.050769,0.019936,0.02243,0.020112,68.0,65.55,0.0405,1.5e-05,60.0
535,NOT_0017_3p_w550us_rf170_rep1_cond17,not_sim_17,Notch,4,train,17,ABC,550.0,170.0,0.48174,0.844615,1.753259,7.4395,168.4,60.0,60.0635,13.12,0.665471,0.121266,0.023273,0.030003,0.027629,0.034208,0.033853,0.017638,0.013199,0.013054,0.014978,0.182226,0.034972,0.045085,0.041518,0.050871,0.019834,0.022507,0.020107,68.02,65.77,0.0405,1.4e-05,60.0
536,NOT_0017_3p_w550us_rf170_rep1_cond17,not_sim_17,Notch,4,train,17,ABC,550.0,170.0,0.4817,0.844796,1.753783,7.4325,166.2,60.0,60.0635,13.15,0.665419,0.121249,0.023331,0.03001,0.02765,0.034222,0.033721,0.017684,0.013243,0.013149,0.014828,0.182215,0.035062,0.045099,0.041553,0.050676,0.019902,0.022284,0.0201,68.0,65.51,0.0405,1.4e-05,60.0
537,NOT_0017_3p_w550us_rf170_rep1_cond17,not_sim_17,Notch,4,train,17,ABC,550.0,170.0,0.481722,0.843625,1.751272,7.4409,166.2,60.0,59.9361,13.1,0.665458,0.121213,0.023417,0.029974,0.027584,0.034256,0.033802,0.017589,0.013261,0.013,0.01489,0.18215,0.035189,0.045043,0.041451,0.050795,0.019928,0.022376,0.020092,67.99,65.52,0.0405,1.5e-05,60.0
538,NOT_0017_3p_w550us_rf170_rep1_cond17,not_sim_17,Notch,4,train,17,ABC,550.0,170.0,0.481702,0.844618,1.753403,7.4249,167.0,60.0,59.9364,13.13,0.66543,0.121194,0.02326,0.030005,0.027606,0.034263,0.033734,0.017584,0.013272,0.013115,0.014967,0.182129,0.034955,0.045091,0.041486,0.050695,0.019945,0.022492,0.020085,68.02,65.71,0.0405,1.4e-05,60.0
539,NOT_0017_3p_w550us_rf170_rep1_cond17,not_sim_17,Notch,4,train,17,ABC,550.0,170.0,0.481697,0.845099,1.754422,7.4361,168.4,60.0,59.9357,13.17,0.66542,0.121228,0.023289,0.029942,0.027705,0.034224,0.033741,0.017583,0.013343,0.013101,0.014896,0.182183,0.034999,0.044997,0.041635,0.050706,0.020052,0.022386,0.020093,68.01,65.66,0.0405,1.3e-05,60.0
540,NOT_0017_3p_w550us_rf170_rep1_cond17,not_sim_17,Notch,4,train,17,ABC,550.0,170.0,0.481685,0.843642,1.751442,7.4153,168.4,60.0,60.0616,13.12,0.665413,0.121186,0.023251,0.029988,0.027606,0.03429,0.033645,0.017541,0.013261,0.013158,0.015005,0.182121,0.034942,0.045067,0.041487,0.050563,0.019929,0.02255,0.020078,68.01,65.66,0.0405,1.5e-05,60.0
541,NOT_0017_3p_w550us_rf170_rep1_cond17,not_sim_17,Notch,4,train,17,ABC,550.0,170.0,0.481779,0.844845,1.753594,7.4294,166.2,60.0,60.0652,13.15,0.665511,0.121365,0.023304,0.02999,0.027626,0.034347,0.033739,0.017634,0.013266,0.013109,0.014947,0.182364,0.035017,0.045063,0.041511,0.050696,0.019934,0.022459,0.020135,68.01,65.56,0.0405,1.4e-05,60.0
542,NOT_0017_3p_w550us_rf170_rep1_cond17,not_sim_17,Notch,4,train,17,ABC,550.0,170.0,0.481795,0.844635,1.753102,7.4243,166.2,60.0,60.0644,13.16,0.665548,0.121271,0.023232,0.030051,0.027601,0.034314,0.033764,0.017646,0.013184,0.013157,0.014979,0.182212,0.034907,0.045152,0.041471,0.050731,0.019809,0.022506,0.020111,68.01,65.54,0.0405,1.4e-05,60.0
543,NOT_0017_3p_w550us_rf170_rep1_cond17,not_sim_17,Notch,4,train,17,ABC,550.0,170.0,0.481728,0.843918,1.751854,7.4431,166.6,60.0,59.9342,13.11,0.665425,0.12134,0.023311,0.030036,0.02769,0.03434,0.033806,0.017645,0.013298,0.013118,0.014966,0.18235,0.035032,0.045138,0.041613,0.050804,0.019984,0.022491,0.020142,68.04,65.79,0.0406,1.3e-05,60.0
544,NOT_0018_3p_w650us_rf160_rep1_cond18,not_sim_18,Notch,4,test,18,ABC,650.0,160.0,0.466328,0.720359,1.544748,8.7129,192.0,60.0,59.8598,14.28,0.648267,0.092942,0.04427,0.027439,0.022776,0.022147,0.026677,0.018376,0.009167,0.012969,0.013808,0.14337,0.06829,0.042327,0.035134,0.041151,0.014141,0.0213,0.013852,66.06,56.97,0.0329,4.6e-05,60.0
545,NOT_0018_3p_w650us_rf160_rep1_cond18,not_sim_18,Notch,4,test,18,ABC,650.0,160.0,0.466161,0.720517,1.54564,8.7191,192.0,60.0,59.8574,14.32,0.648045,0.092765,0.044313,0.027459,0.022858,0.022065,0.026581,0.01847,0.00917,0.013172,0.013765,0.143146,0.06838,0.042372,0.035272,0.041017,0.01415,0.021241,0.013827,66.06,57.02,0.0329,4.5e-05,60.0
546,NOT_0018_3p_w650us_rf160_rep1_cond18,not_sim_18,Notch,4,test,18,ABC,650.0,160.0,0.46622,0.720554,1.545524,8.7295,192.0,60.0,60.1443,14.21,0.648115,0.092839,0.044305,0.027476,0.022905,0.022102,0.026711,0.018488,0.009207,0.013045,0.013726,0.143245,0.06836,0.042394,0.035341,0.041213,0.014206,0.021178,0.013849,66.06,56.92,0.0329,4.6e-05,60.0
547,NOT_0018_3p_w650us_rf160_rep1_cond18,not_sim_18,Notch,4,test,18,ABC,650.0,160.0,0.466232,0.719941,1.544171,8.7094,192.0,60.0,60.142,14.31,0.648134,0.092912,0.044244,0.027397,0.022739,0.022131,0.026681,0.018471,0.009268,0.013033,0.013804,0.143353,0.068264,0.042271,0.035084,0.041166,0.0143,0.021298,0.013847,66.06,56.95,0.0329,2.9e-05,60.0
548,NOT_0018_3p_w650us_rf160_rep1_cond18,not_sim_18,Notch,4,test,18,ABC,650.0,160.0,0.466264,0.719775,1.543706,8.6876,192.0,60.0,60.1431,14.28,0.648188,0.092948,0.044142,0.027309,0.022764,0.022125,0.026539,0.018491,0.009302,0.013119,0.013805,0.143397,0.068101,0.042131,0.035119,0.040943,0.014351,0.021298,0.013837,66.06,56.94,0.0328,3.1e-05,60.0
549,NOT_0018_3p_w650us_rf160_rep1_cond18,not_sim_18,Notch,4,test,18,ABC,650.0,160.0,0.466253,0.720418,1.545122,8.7196,192.0,60.0,59.8549,14.25,0.648139,0.093015,0.044343,0.027502,0.022786,0.022175,0.026618,0.018517,0.009154,0.013121,0.013778,0.143511,0.068416,0.042432,0.035156,0.041068,0.014124,0.021258,0.013883,66.07,56.88,0.0329,3e-05,60.0
550,NOT_0018_3p_w650us_rf160_rep1_cond18,not_sim_18,Notch,4,test,18,ABC,650.0,160.0,0.466161,0.720137,1.544825,8.7233,192.0,60.0,59.8574,14.28,0.648019,0.092964,0.044263,0.02743,0.022928,0.022123,0.026656,0.018412,0.00917,0.013139,0.013839,0.143459,0.068305,0.042329,0.035382,0.041135,0.014151,0.021356,0.013867,66.07,56.94,0.0329,2.9e-05,60.0
551,NOT_0018_3p_w650us_rf160_rep1_cond18,not_sim_18,Notch,4,test,18,ABC,650.0,160.0,0.466163,0.718893,1.542152,8.7149,192.0,60.0,60.1413,14.17,0.648033,0.092908,0.04433,0.027454,0.022724,0.022085,0.026608,0.018553,0.009109,0.013092,0.01379,0.143369,0.068407,0.042365,0.035066,0.04106,0.014056,0.02128,0.013852,66.06,56.81,0.0329,3e-05,60.0
552,NOT_0018_3p_w650us_rf160_rep1_cond18,not_sim_18,Notch,4,test,18,ABC,650.0,160.0,0.466195,0.719209,1.542721,8.7241,192.0,60.0,60.1416,14.29,0.648044,0.093064,0.044283,0.027471,0.022839,0.022127,0.026716,0.018561,0.009176,0.013207,0.01388,0.143608,0.068333,0.042391,0.035243,0.041226,0.01416,0.021418,0.013897,66.09,57.07,0.033,3.3e-05,60.0
553,NOT_0018_3p_w650us_rf160_rep1_cond18,not_sim_18,Notch,4,test,18,ABC,650.0,160.0,0.466214,0.719766,1.543853,8.7149,192.0,60.0,60.1398,14.3,0.648101,0.092939,0.044268,0.027554,0.022852,0.022045,0.026613,0.018493,0.009063,0.01311,0.013717,0.143402,0.068304,0.042515,0.03526,0.041063,0.013984,0.021165,0.013857,66.07,57.1,0.0329,3.5e-05,60.0
554,NOT_0018_3p_w650us_rf160_rep1_cond18,not_sim_18,Notch,4,test,18,ABC,650.0,160.0,0.466185,0.719439,1.543246,8.7024,192.0,60.0,59.8585,14.25,0.648058,0.093026,0.044195,0.027419,0.022839,0.022123,0.026566,0.018431,0.009193,0.013126,0.013682,0.143546,0.068196,0.042309,0.035242,0.040993,0.014185,0.021112,0.013859,66.06,56.96,0.0329,3.3e-05,60.0
555,NOT_0018_3p_w650us_rf160_rep1_cond18,not_sim_18,Notch,4,test,18,ABC,650.0,160.0,0.466241,0.719356,1.542885,8.7144,192.0,60.0,59.8586,14.26,0.648137,0.092906,0.044321,0.027479,0.022765,0.022201,0.026599,0.018464,0.009151,0.013174,0.01379,0.143343,0.068382,0.042397,0.035124,0.041039,0.014119,0.021276,0.013858,66.08,57.09,0.0329,3.2e-05,60.0
556,NOT_0018_3p_w650us_rf160_rep1_cond18,not_sim_18,Notch,4,test,18,ABC,650.0,160.0,0.466085,0.719183,1.543029,8.7123,192.0,60.0,60.1414,14.14,0.647927,0.092903,0.044241,0.027389,0.022786,0.022156,0.026647,0.018552,0.009108,0.013124,0.013691,0.143385,0.068281,0.042272,0.035168,0.041127,0.014057,0.02113,0.013845,66.07,56.99,0.0329,3.4e-05,60.0
557,NOT_0018_3p_w650us_rf160_rep1_cond18,not_sim_18,Notch,4,test,18,ABC,650.0,160.0,0.466151,0.718909,1.542225,8.7141,192.0,60.0,60.1433,14.31,0.648032,0.092818,0.044244,0.027424,0.022913,0.022125,0.026577,0.018436,0.009163,0.013086,0.01369,0.143231,0.068274,0.042319,0.035358,0.041012,0.01414,0.021125,0.013828,66.07,57.06,0.0328,3.6e-05,60.0
558,NOT_0018_3p_w650us_rf160_rep1_cond18,not_sim_18,Notch,4,test,18,ABC,650.0,160.0,0.466158,0.718939,1.542265,8.7293,192.0,60.0,60.1434,14.3,0.648033,0.092819,0.044393,0.027415,0.022734,0.022075,0.026692,0.018433,0.00931,0.013067,0.013759,0.143232,0.068504,0.042305,0.035082,0.041189,0.014367,0.021232,0.013841,66.07,57.11,0.0329,3.6e-05,60.0
559,NOT_0018_3p_w650us_rf160_rep1_cond18,not_sim_18,Notch,4,test,18,ABC,650.0,160.0,0.466177,0.719482,1.543367,8.7177,192.0,60.0,59.8537,14.22,0.648042,0.092996,0.044329,0.027487,0.022758,0.02209,0.026618,0.018504,0.009189,0.013019,0.013693,0.143503,0.068405,0.042415,0.035118,0.041074,0.01418,0.02113,0.013867,66.07,57.03,0.0329,3.4e-05,60.0
560,NOT_0018_3p_w650us_rf160_rep1_cond18,not_sim_18,Notch,4,test,18,ABC,650.0,160.0,0.466135,0.72002,1.544659,8.7275,192.0,60.0,59.8596,14.26,0.647991,0.092938,0.044342,0.027406,0.022904,0.022038,0.026598,0.018413,0.009241,0.013018,0.013679,0.143425,0.06843,0.042294,0.035346,0.041047,0.014261,0.02111,0.013854,66.07,57.11,0.0329,3.4e-05,60.0
561,NOT_0018_3p_w650us_rf160_rep1_cond18,not_sim_18,Notch,4,test,18,ABC,650.0,160.0,0.466129,0.720278,1.545232,8.725,192.0,60.0,59.859,14.37,0.648002,0.09284,0.044344,0.027449,0.022782,0.02206,0.026668,0.018475,0.009133,0.012955,0.013752,0.143271,0.068432,0.042359,0.035157,0.041154,0.014094,0.021222,0.013838,66.05,56.88,0.0328,3.5e-05,60.0
562,NOT_0018_3p_w650us_rf160_rep1_cond18,not_sim_18,Notch,4,test,18,ABC,650.0,160.0,0.466192,0.718857,1.541974,8.7319,192.0,60.0,60.1448,14.31,0.648067,0.092923,0.044432,0.027447,0.02275,0.022131,0.026655,0.018501,0.009184,0.013015,0.013847,0.143385,0.068561,0.042352,0.035104,0.04113,0.014171,0.021367,0.013868,66.07,56.9,0.0329,3.1e-05,60.0
563,NOT_0018_3p_w650us_rf160_rep1_cond18,not_sim_18,Notch,4,test,18,ABC,650.0,160.0,0.466169,0.718276,1.540805,8.7253,192.0,60.0,60.1431,14.3,0.648036,0.092938,0.044339,0.027398,0.022846,0.022076,0.026631,0.018454,0.009242,0.013138,0.013697,0.143415,0.068421,0.042279,0.035254,0.041095,0.014262,0.021136,0.013859,66.08,57.08,0.0329,3.3e-05,60.0
564,NOT_0018_3p_w650us_rf160_rep1_cond18,not_sim_18,Notch,4,test,18,ABC,650.0,160.0,0.466067,0.719279,1.543294,8.7187,192.0,60.0,59.8568,14.24,0.647897,0.092875,0.044363,0.027532,0.022689,0.022084,0.026608,0.018549,0.009251,0.013174,0.013715,0.143348,0.068472,0.042494,0.035019,0.041068,0.014279,0.021168,0.013854,66.07,56.94,0.0329,3.3e-05,60.0
565,NOT_0018_3p_w650us_rf160_rep1_cond18,not_sim_18,Notch,4,test,18,ABC,650.0,160.0,0.466134,0.718231,1.540823,8.7413,192.0,60.0,59.8577,14.25,0.647986,0.092893,0.044459,0.027441,0.02281,0.022047,0.026673,0.018398,0.009154,0.013135,0.013734,0.143356,0.068611,0.042348,0.035201,0.041163,0.014127,0.021195,0.01386,66.08,57.09,0.0329,3.2e-05,60.0
566,NOT_0018_3p_w650us_rf160_rep1_cond18,not_sim_18,Notch,4,test,18,ABC,650.0,160.0,0.466094,0.719797,1.544318,8.7169,192.0,60.0,59.8575,14.37,0.647955,0.092855,0.04426,0.027431,0.022863,0.022056,0.026617,0.018401,0.00911,0.013019,0.013666,0.143305,0.068307,0.042335,0.035285,0.041078,0.01406,0.021091,0.013829,66.06,56.99,0.0328,3e-05,60.0
567,NOT_0018_3p_w650us_rf160_rep1_cond18,not_sim_18,Notch,4,test,18,ABC,650.0,160.0,0.466037,0.719195,1.543215,8.7266,192.0,60.0,60.1427,14.34,0.647874,0.0929,0.044287,0.027296,0.022874,0.021987,0.026681,0.0184,0.009244,0.013081,0.013737,0.143392,0.068357,0.042132,0.035306,0.041182,0.014268,0.021203,0.013839,66.02,56.44,0.0328,4.5e-05,60.0
568,NOT_0018_3p_w650us_rf160_rep1_cond18,not_sim_18,Notch,4,test,18,ABC,650.0,160.0,0.466072,0.719482,1.543713,8.7272,192.0,60.0,60.1424,14.31,0.647932,0.092783,0.044307,0.027345,0.022854,0.021989,0.026684,0.018391,0.009263,0.013075,0.013709,0.143199,0.068382,0.042204,0.035272,0.041183,0.014296,0.021158,0.01382,66.05,56.87,0.0328,4.2e-05,60.0
569,NOT_0018_3p_w650us_rf160_rep1_cond18,not_sim_18,Notch,4,test,18,ABC,650.0,160.0,0.466097,0.719126,1.542869,8.7419,192.0,60.0,59.9988,14.58,0.647961,0.092791,0.044406,0.027499,0.022843,0.02187,0.026737,0.018393,0.009121,0.013002,0.013736,0.143205,0.068532,0.042439,0.035254,0.041263,0.014076,0.021199,0.013832,66.05,56.84,0.0328,4.4e-05,60.0
570,NOT_0018_3p_w650us_rf160_rep1_cond18,not_sim_18,Notch,4,test,18,ABC,650.0,160.0,0.466056,0.717968,1.540517,8.7407,192.0,60.0,59.8589,14.27,0.647891,0.092844,0.044378,0.027372,0.022845,0.021977,0.026753,0.018427,0.0092,0.012919,0.013779,0.143302,0.068496,0.042248,0.035261,0.041292,0.0142,0.021267,0.01384,66.07,57.17,0.0328,4.3e-05,60.0
571,NOT_0018_3p_w650us_rf160_rep1_cond18,not_sim_18,Notch,4,test,18,ABC,650.0,160.0,0.466,0.718411,1.541655,8.739,192.0,60.0,59.8576,14.35,0.647821,0.092817,0.044333,0.027249,0.022898,0.021874,0.026746,0.018405,0.009203,0.013055,0.013803,0.143276,0.068434,0.042063,0.035346,0.041286,0.014206,0.021307,0.013825,66.07,57.14,0.0328,4e-05,60.0
572,NOT_0018_3p_w650us_rf160_rep1_cond18,not_sim_18,Notch,4,test,18,ABC,650.0,160.0,0.466017,0.71893,1.54271,8.7548,192.0,60.0,60.141,14.3,0.647839,0.092791,0.044453,0.027385,0.022856,0.021919,0.026803,0.018417,0.009077,0.013012,0.013753,0.143232,0.068617,0.042271,0.03528,0.041373,0.014011,0.021229,0.013837,66.06,56.94,0.0328,4.3e-05,60.0
573,NOT_0018_3p_w650us_rf160_rep1_cond18,not_sim_18,Notch,4,test,18,ABC,650.0,160.0,0.466007,0.719957,1.544948,8.7332,192.0,60.0,60.1428,14.31,0.647837,0.09285,0.0443,0.027379,0.022835,0.021809,0.026779,0.018382,0.00916,0.012942,0.013726,0.143323,0.068381,0.042262,0.035248,0.041336,0.014139,0.021187,0.013825,66.05,56.95,0.0328,4.2e-05,60.0
574,NOT_0018_3p_w650us_rf160_rep1_cond18,not_sim_18,Notch,4,test,18,ABC,650.0,160.0,0.466059,0.719223,1.543202,8.7446,192.0,60.0,60.1412,14.28,0.647926,0.092655,0.044471,0.027375,0.022746,0.021888,0.026743,0.018291,0.009207,0.012944,0.013839,0.143002,0.068636,0.04225,0.035106,0.041275,0.01421,0.021359,0.013802,66.06,57.01,0.0328,3.9e-05,60.0
575,NOT_0018_3p_w650us_rf160_rep1_cond18,not_sim_18,Notch,4,test,18,ABC,650.0,160.0,0.466088,0.718713,1.542012,8.7382,192.0,60.0,59.8588,14.28,0.647955,0.092747,0.044354,0.027399,0.022797,0.021939,0.02681,0.018426,0.009245,0.012936,0.01384,0.143138,0.068452,0.042285,0.035183,0.041376,0.014268,0.02136,0.013824,66.05,56.88,0.0328,4.1e-05,60.0
576,NOT_0019_3p_w700us_rf165_rep1_cond19,not_sim_19,Notch,4,val,19,ABC,700.0,165.0,0.465442,0.818031,1.757534,7.0794,180.2,60.0,59.9424,13.04,0.642619,0.117749,0.024825,0.031383,0.025757,0.03698,0.028106,0.017851,0.011598,0.014025,0.01548,0.183233,0.038631,0.048836,0.040081,0.043737,0.018048,0.024089,0.019176,68.19,66.39,0.0416,0.000121,60.0
577,NOT_0019_3p_w700us_rf165_rep1_cond19,not_sim_19,Notch,4,val,19,ABC,700.0,165.0,0.465417,0.818118,1.757816,7.0715,181.2,60.0,59.9407,13.07,0.6426,0.117703,0.024848,0.03129,0.025599,0.037126,0.028146,0.017749,0.011572,0.014136,0.015499,0.183167,0.038668,0.048693,0.039837,0.0438,0.018008,0.024119,0.019165,68.17,66.27,0.0415,0.000117,60.0
578,NOT_0019_3p_w700us_rf165_rep1_cond19,not_sim_19,Notch,4,val,19,ABC,700.0,165.0,0.465509,0.817742,1.756663,7.0943,181.2,60.0,60.0616,13.0,0.64272,0.117708,0.024873,0.031342,0.025833,0.036999,0.02816,0.017753,0.01168,0.014118,0.015531,0.18314,0.0387,0.048765,0.040193,0.043814,0.018173,0.024164,0.019178,68.18,66.31,0.0415,0.000119,60.0
579,NOT_0019_3p_w700us_rf165_rep1_cond19,not_sim_19,Notch,4,val,19,ABC,700.0,165.0,0.465515,0.818742,1.758789,7.0895,180.2,60.0,60.0605,13.06,0.642729,0.117733,0.024858,0.031353,0.025761,0.036978,0.028191,0.017851,0.011598,0.014038,0.015505,0.183177,0.038676,0.048781,0.040081,0.043861,0.018045,0.024124,0.019178,68.18,66.36,0.0415,0.000107,60.0
580,NOT_0019_3p_w700us_rf165_rep1_cond19,not_sim_19,Notch,4,val,19,ABC,700.0,165.0,0.465541,0.818365,1.757879,7.0981,180.2,60.0,60.0602,13.07,0.642761,0.117702,0.02484,0.031321,0.025812,0.036983,0.028253,0.017863,0.01156,0.014068,0.015503,0.183119,0.038646,0.048729,0.040158,0.043956,0.017985,0.024119,0.019175,68.2,66.48,0.0415,0.000104,60.0
581,NOT_0019_3p_w700us_rf165_rep1_cond19,not_sim_19,Notch,4,val,19,ABC,700.0,165.0,0.46558,0.819382,1.759918,7.0853,180.2,60.0,59.941,13.04,0.642805,0.117745,0.024819,0.031428,0.025695,0.03713,0.028251,0.017759,0.011558,0.014099,0.015514,0.183174,0.03861,0.048892,0.039973,0.04395,0.017981,0.024135,0.019193,68.21,66.57,0.0416,0.000107,60.0
582,NOT_0019_3p_w700us_rf165_rep1_cond19,not_sim_19,Notch,4,val,19,ABC,700.0,165.0,0.465435,0.816505,1.754282,7.0796,181.2,60.0,59.9421,13.05,0.642612,0.117747,0.024886,0.031287,0.025705,0.036989,0.0281,0.017749,0.011744,0.014041,0.015541,0.183232,0.038726,0.048687,0.040001,0.043728,0.018275,0.024184,0.019173,68.19,66.44,0.0415,0.000114,60.0
583,NOT_0019_3p_w700us_rf165_rep1_cond19,not_sim_19,Notch,4,val,19,ABC,700.0,165.0,0.465455,0.816525,1.754253,7.069,181.2,60.0,60.0547,13.01,0.642665,0.117628,0.024829,0.031331,0.025695,0.036978,0.028056,0.017812,0.011662,0.014113,0.015417,0.183032,0.038634,0.048752,0.039982,0.043656,0.018146,0.023989,0.019139,68.18,66.4,0.0415,0.00011,60.0
584,NOT_0019_3p_w700us_rf165_rep1_cond19,not_sim_19,Notch,4,val,19,ABC,700.0,165.0,0.465523,0.817415,1.755909,7.0792,180.2,60.0,60.0595,13.06,0.642728,0.117797,0.02485,0.03139,0.025715,0.036964,0.028133,0.017831,0.011596,0.014114,0.015474,0.183277,0.038663,0.048839,0.040009,0.043771,0.018042,0.024076,0.019189,68.19,66.47,0.0415,0.000112,60.0
585,NOT_0019_3p_w700us_rf165_rep1_cond19,not_sim_19,Notch,4,val,19,ABC,700.0,165.0,0.465508,0.818404,1.758089,7.0767,180.2,60.0,60.0566,13.07,0.642704,0.11777,0.024883,0.031315,0.025655,0.037099,0.02813,0.017801,0.011641,0.014118,0.015475,0.183241,0.038716,0.048724,0.039917,0.043768,0.018113,0.024078,0.019187,68.21,66.63,0.0416,0.00011,60.0
586,NOT_0019_3p_w700us_rf165_rep1_cond19,not_sim_19,Notch,4,val,19,ABC,700.0,165.0,0.465528,0.817446,1.755954,7.0951,180.2,60.0,59.9427,13.04,0.642744,0.117695,0.024839,0.031362,0.025769,0.037001,0.028261,0.0177,0.011592,0.014168,0.015542,0.183113,0.038645,0.048794,0.040092,0.043969,0.018035,0.024181,0.019174,68.2,66.51,0.0415,0.000112,60.0
587,NOT_0019_3p_w700us_rf165_rep1_cond19,not_sim_19,Notch,4,val,19,ABC,700.0,165.0,0.465512,0.819163,1.759704,7.0786,181.2,60.0,59.9458,13.05,0.642718,0.11776,0.02479,0.031288,0.025681,0.037053,0.028209,0.017775,0.011581,0.014118,0.015519,0.183222,0.038571,0.048681,0.039957,0.04389,0.018019,0.024146,0.019179,68.21,66.62,0.0415,0.00011,60.0
588,NOT_0019_3p_w700us_rf165_rep1_cond19,not_sim_19,Notch,4,val,19,ABC,700.0,165.0,0.465429,0.817115,1.755617,7.0893,181.2,60.0,60.0602,12.99,0.642612,0.117707,0.024808,0.031328,0.025726,0.037044,0.028252,0.017796,0.01151,0.014152,0.015454,0.18317,0.038605,0.048751,0.040033,0.043964,0.017911,0.024049,0.019172,68.18,66.35,0.0415,0.00011,60.0
589,NOT_0019_3p_w700us_rf165_rep1_cond19,not_sim_19,Notch,4,val,19,ABC,700.0,165.0,0.465438,0.819311,1.760301,7.084,180.6,60.0,60.0595,13.07,0.64263,0.117673,0.024833,0.031307,0.025682,0.037076,0.028217,0.017791,0.011631,0.014065,0.015583,0.183112,0.038643,0.048717,0.039964,0.043909,0.018099,0.024249,0.019167,68.18,66.26,0.0415,0.000104,60.0
590,NOT_0019_3p_w700us_rf165_rep1_cond19,not_sim_19,Notch,4,val,19,ABC,700.0,165.0,0.465473,0.816543,1.754221,7.0817,180.2,60.0,60.0592,13.07,0.64267,0.117714,0.024812,0.031268,0.025827,0.037091,0.028085,0.017687,0.011602,0.014259,0.015493,0.183164,0.038608,0.048653,0.040187,0.0437,0.018053,0.024107,0.019172,68.2,66.48,0.0415,7.4e-05,60.0
591,NOT_0019_3p_w700us_rf165_rep1_cond19,not_sim_19,Notch,4,val,19,ABC,700.0,165.0,0.465428,0.817098,1.755583,7.0878,180.4,60.0,59.9375,13.02,0.642609,0.117695,0.024981,0.031272,0.02563,0.03702,0.028171,0.017771,0.011548,0.014124,0.015624,0.183152,0.038874,0.048664,0.039884,0.043838,0.01797,0.024313,0.019168,68.19,66.48,0.0415,7e-05,60.0
592,NOT_0019_3p_w700us_rf165_rep1_cond19,not_sim_19,Notch,4,val,19,ABC,700.0,165.0,0.465434,0.816877,1.755087,7.0855,181.2,60.0,59.9384,13.03,0.6426,0.117728,0.024891,0.031448,0.02575,0.037117,0.028117,0.017705,0.011594,0.01411,0.015632,0.183206,0.038735,0.048939,0.040072,0.043755,0.018042,0.024326,0.019191,68.2,66.45,0.0415,6.4e-05,60.0
593,NOT_0019_3p_w700us_rf165_rep1_cond19,not_sim_19,Notch,4,val,19,ABC,700.0,165.0,0.465456,0.816924,1.755104,7.072,181.2,60.0,59.939,13.09,0.642669,0.117569,0.024838,0.031378,0.025701,0.037163,0.028075,0.017744,0.011474,0.014125,0.015543,0.182939,0.038648,0.048825,0.039991,0.043685,0.017854,0.024185,0.019141,68.2,66.51,0.0415,6.8e-05,60.0
594,NOT_0019_3p_w700us_rf165_rep1_cond19,not_sim_19,Notch,4,val,19,ABC,700.0,165.0,0.465422,0.816621,1.754584,7.0806,181.2,60.0,60.0605,13.05,0.642598,0.117688,0.024888,0.031454,0.025717,0.037105,0.028098,0.01778,0.011489,0.014189,0.015479,0.183144,0.03873,0.048948,0.04002,0.043726,0.017879,0.024088,0.019176,68.19,66.41,0.0415,7e-05,60.0
595,NOT_0019_3p_w700us_rf165_rep1_cond19,not_sim_19,Notch,4,val,19,ABC,700.0,165.0,0.465463,0.819118,1.75979,7.076,180.0,60.0,60.0616,13.07,0.64268,0.117596,0.024867,0.031285,0.025579,0.037106,0.028204,0.017838,0.01157,0.014101,0.015503,0.182978,0.038693,0.048679,0.039801,0.043885,0.018003,0.024122,0.019144,68.19,66.45,0.0415,8.7e-05,60.0
596,NOT_0019_3p_w700us_rf165_rep1_cond19,not_sim_19,Notch,4,val,19,ABC,700.0,165.0,0.465487,0.817348,1.755898,7.0647,180.0,60.0,59.9385,13.02,0.642682,0.117783,0.024708,0.031414,0.025729,0.037077,0.028089,0.017726,0.011564,0.014065,0.01553,0.183268,0.038445,0.04888,0.040034,0.043706,0.017993,0.024164,0.019183,68.2,66.67,0.0415,8.5e-05,60.0
597,NOT_0019_3p_w700us_rf165_rep1_cond19,not_sim_19,Notch,4,val,19,ABC,700.0,165.0,0.465418,0.817251,1.75595,7.0717,180.8,60.0,59.9394,13.03,0.642585,0.117766,0.024784,0.031381,0.025678,0.037032,0.028131,0.017812,0.011522,0.014143,0.015455,0.183269,0.038569,0.048836,0.03996,0.043778,0.017931,0.024051,0.019179,68.2,66.55,0.0415,8.2e-05,60.0
598,NOT_0019_3p_w700us_rf165_rep1_cond19,not_sim_19,Notch,4,val,19,ABC,700.0,165.0,0.465401,0.817578,1.756716,7.082,181.0,60.0,59.9411,13.08,0.642568,0.117718,0.024782,0.031347,0.025706,0.037033,0.028211,0.017775,0.011526,0.014035,0.01552,0.183199,0.038567,0.048784,0.040005,0.043904,0.017937,0.024153,0.019169,68.2,66.56,0.0415,8.2e-05,60.0
599,NOT_0019_3p_w700us_rf165_rep1_cond19,not_sim_19,Notch,4,val,19,ABC,700.0,165.0,0.465417,0.817525,1.756542,7.0751,181.0,60.0,60.0609,13.04,0.6426,0.117696,0.024889,0.031327,0.025672,0.036923,0.028081,0.017822,0.011596,0.014086,0.01556,0.183156,0.038732,0.04875,0.03995,0.043699,0.018045,0.024214,0.019157,68.2,66.62,0.0415,8.1e-05,60.0
600,NOT_0019_3p_w700us_rf165_rep1_cond19,not_sim_19,Notch,4,val,19,ABC,700.0,165.0,0.465605,0.817317,1.755389,7.0927,180.0,60.0,60.0607,13.05,0.642816,0.117933,0.02489,0.0314,0.025693,0.036988,0.028268,0.017858,0.011527,0.014116,0.015524,0.183463,0.03872,0.048848,0.039969,0.043975,0.017932,0.02415,0.019233,68.2,66.5,0.0416,8.5e-05,60.0
601,NOT_0019_3p_w700us_rf165_rep1_cond19,not_sim_19,Notch,4,val,19,ABC,700.0,165.0,0.465604,0.818021,1.756905,7.0952,179.8,60.0,59.9472,13.02,0.642837,0.117819,0.024713,0.031304,0.025726,0.036962,0.028421,0.017819,0.01158,0.01404,0.015557,0.18328,0.038444,0.048697,0.040019,0.044212,0.018014,0.024201,0.019199,68.21,66.65,0.0415,9.2e-05,60.0
602,NOT_0019_3p_w700us_rf165_rep1_cond19,not_sim_19,Notch,4,val,19,ABC,700.0,165.0,0.465621,0.817148,1.754962,7.089,180.2,60.0,59.9423,13.04,0.642863,0.117853,0.024871,0.031336,0.02571,0.036985,0.028236,0.017715,0.011664,0.014023,0.015493,0.183325,0.038688,0.048744,0.039993,0.043922,0.018144,0.0241,0.019203,68.2,66.57,0.0415,8.7e-05,60.0
603,NOT_0019_3p_w700us_rf165_rep1_cond19,not_sim_19,Notch,4,val,19,ABC,700.0,165.0,0.465517,0.818292,1.757814,7.0995,181.0,60.0,59.9402,13.07,0.642724,0.117759,0.024763,0.031287,0.025713,0.037023,0.028422,0.017694,0.011603,0.014057,0.015609,0.183219,0.038528,0.048679,0.040006,0.044221,0.018053,0.024286,0.019188,68.2,66.57,0.0415,8.4e-05,60.0
604,NOT_0019_3p_w700us_rf165_rep1_cond19,not_sim_19,Notch,4,val,19,ABC,700.0,165.0,0.465515,0.817355,1.75581,7.0924,181.0,60.0,60.0593,13.02,0.642703,0.117852,0.024779,0.031288,0.025783,0.036955,0.028268,0.017814,0.011627,0.014118,0.015573,0.183369,0.038554,0.048682,0.040117,0.043983,0.018091,0.02423,0.019206,68.21,66.6,0.0415,8.9e-05,60.0
605,NOT_0019_3p_w700us_rf165_rep1_cond19,not_sim_19,Notch,4,val,19,ABC,700.0,165.0,0.465554,0.818836,1.758844,7.1001,180.2,60.0,60.06,13.06,0.642782,0.11771,0.024827,0.031334,0.0258,0.036902,0.028298,0.01788,0.011644,0.014038,0.015527,0.183126,0.038624,0.048747,0.040138,0.044024,0.018115,0.024156,0.019175,68.22,66.68,0.0415,6.2e-05,60.0
606,NOT_0019_3p_w700us_rf165_rep1_cond19,not_sim_19,Notch,4,val,19,ABC,700.0,165.0,0.46557,0.816478,1.753716,7.1016,180.0,60.0,60.0613,13.06,0.642767,0.117912,0.024832,0.031315,0.0258,0.03705,0.028309,0.017862,0.011603,0.013987,0.015512,0.183444,0.038633,0.048719,0.040139,0.044042,0.018052,0.024133,0.01923,68.21,66.59,0.0415,6e-05,60.0
607,NOT_0019_3p_w700us_rf165_rep1_cond19,not_sim_19,Notch,4,val,19,ABC,700.0,165.0,0.465601,0.816422,1.753478,7.1011,179.8,60.0,59.9407,13.03,0.642826,0.117857,0.024775,0.031395,0.025826,0.036968,0.028337,0.017811,0.011617,0.014047,0.015547,0.183342,0.038541,0.048839,0.040176,0.044082,0.018072,0.024185,0.019218,68.2,66.59,0.0415,5.9e-05,60.0
608,NOT_0020_3p_w500us_rf175_rep1_cond20,not_sim_20,Notch,4,train,20,ABC,500.0,175.0,0.47018,0.743842,1.582035,6.6642,183.2,60.0,59.8836,13.96,0.652499,0.10238,0.03374,0.030911,0.021879,0.03426,0.016545,0.019828,0.007278,0.01889,0.011786,0.156904,0.051709,0.047373,0.033531,0.025356,0.011154,0.018063,0.015444,66.6,59.5,0.0348,8e-06,60.0
609,NOT_0020_3p_w500us_rf175_rep1_cond20,not_sim_20,Notch,4,train,20,ABC,500.0,175.0,0.470189,0.743025,1.580269,6.6893,183.8,60.0,59.8813,14.0,0.652516,0.102376,0.033942,0.030719,0.021943,0.034246,0.016482,0.019758,0.007373,0.01878,0.011799,0.156894,0.052017,0.047078,0.033628,0.025259,0.011299,0.018082,0.015439,66.59,59.41,0.0348,1e-05,60.0
610,NOT_0020_3p_w500us_rf175_rep1_cond20,not_sim_20,Notch,4,train,20,ABC,500.0,175.0,0.470176,0.741837,1.577786,6.6752,183.4,60.0,60.1155,13.9,0.652503,0.102378,0.033857,0.030672,0.021944,0.034256,0.01641,0.019738,0.007259,0.018889,0.011813,0.1569,0.051888,0.047007,0.03363,0.025149,0.011125,0.018104,0.015431,66.58,59.38,0.0348,9e-06,60.0
611,NOT_0020_3p_w500us_rf175_rep1_cond20,not_sim_20,Notch,4,train,20,ABC,500.0,175.0,0.47017,0.743278,1.580869,6.6786,182.6,60.0,60.115,14.0,0.652506,0.102323,0.033903,0.030695,0.021858,0.034208,0.016489,0.019693,0.007265,0.018845,0.011799,0.156815,0.051958,0.047042,0.033499,0.02527,0.011134,0.018083,0.015416,66.58,59.48,0.0348,9e-06,60.0
612,NOT_0020_3p_w500us_rf175_rep1_cond20,not_sim_20,Notch,4,train,20,ABC,500.0,175.0,0.470161,0.744466,1.583426,6.6688,183.2,60.0,60.1197,13.99,0.652491,0.102308,0.033792,0.030818,0.021866,0.034196,0.016535,0.019803,0.007158,0.018808,0.011854,0.156796,0.051789,0.047231,0.033512,0.025341,0.01097,0.018167,0.015417,66.6,59.59,0.0348,9e-06,60.0
613,NOT_0020_3p_w500us_rf175_rep1_cond20,not_sim_20,Notch,4,train,20,ABC,500.0,175.0,0.470209,0.742978,1.580101,6.6599,182.8,60.0,59.8829,13.96,0.652557,0.102356,0.033787,0.030753,0.021854,0.034238,0.016418,0.019812,0.00727,0.01883,0.011785,0.156854,0.051776,0.047127,0.03349,0.025159,0.011141,0.01806,0.015422,66.59,59.46,0.0348,9e-06,60.0
614,NOT_0020_3p_w500us_rf175_rep1_cond20,not_sim_20,Notch,4,train,20,ABC,500.0,175.0,0.470098,0.74352,1.581627,6.6871,183.6,60.0,59.8832,13.99,0.6524,0.102232,0.033934,0.030813,0.021881,0.03432,0.016522,0.0198,0.007293,0.018738,0.011839,0.156701,0.052014,0.04723,0.033539,0.025325,0.011179,0.018147,0.015418,66.6,59.56,0.0348,8e-06,60.0
615,NOT_0020_3p_w500us_rf175_rep1_cond20,not_sim_20,Notch,4,train,20,ABC,500.0,175.0,0.470139,0.744063,1.582644,6.6772,183.4,60.0,60.1203,13.86,0.65245,0.10237,0.033913,0.030691,0.021886,0.034301,0.016397,0.019704,0.007229,0.018862,0.011836,0.156901,0.051978,0.04704,0.033544,0.025131,0.01108,0.018141,0.015432,66.59,59.5,0.0348,9e-06,60.0
616,NOT_0020_3p_w500us_rf175_rep1_cond20,not_sim_20,Notch,4,train,20,ABC,500.0,175.0,0.470123,0.744316,1.583237,6.701,182.8,60.0,60.1201,13.99,0.652431,0.102303,0.03398,0.030819,0.021995,0.034153,0.016521,0.019756,0.007268,0.018736,0.011738,0.156803,0.052082,0.047237,0.033712,0.025322,0.01114,0.017991,0.015425,66.59,59.42,0.0348,8e-06,60.0
617,NOT_0020_3p_w500us_rf175_rep1_cond20,not_sim_20,Notch,4,train,20,ABC,500.0,175.0,0.470179,0.745354,1.585256,6.6693,182.8,60.0,60.1209,14.0,0.652529,0.102204,0.033862,0.030855,0.021839,0.034319,0.016442,0.019712,0.007316,0.018853,0.011771,0.156628,0.051893,0.047285,0.033468,0.025197,0.011212,0.018039,0.015405,66.59,59.52,0.0348,9e-06,60.0
618,NOT_0020_3p_w500us_rf175_rep1_cond20,not_sim_20,Notch,4,train,20,ABC,500.0,175.0,0.470153,0.744216,1.582924,6.6859,182.8,60.0,59.8809,13.95,0.652486,0.10224,0.033904,0.030707,0.021924,0.034314,0.016522,0.019724,0.007257,0.018822,0.011852,0.156693,0.051961,0.047062,0.033601,0.025322,0.011122,0.018164,0.015413,66.59,59.47,0.0348,9e-06,60.0
619,NOT_0020_3p_w500us_rf175_rep1_cond20,not_sim_20,Notch,4,train,20,ABC,500.0,175.0,0.470087,0.743454,1.581525,6.6885,183.8,60.0,59.8798,13.95,0.652372,0.102369,0.033939,0.030752,0.021924,0.034252,0.016473,0.019729,0.007278,0.018832,0.011805,0.156918,0.052024,0.047139,0.033607,0.025251,0.011156,0.018096,0.015438,66.59,59.48,0.0348,8e-06,60.0
620,NOT_0020_3p_w500us_rf175_rep1_cond20,not_sim_20,Notch,4,train,20,ABC,500.0,175.0,0.470041,0.744107,1.583069,6.6789,183.6,60.0,60.1178,13.84,0.652309,0.102357,0.03392,0.030771,0.021815,0.034162,0.016482,0.019748,0.007397,0.018835,0.011833,0.156915,0.052,0.047172,0.033443,0.025267,0.01134,0.01814,0.015428,66.6,59.5,0.0348,8e-06,60.0
621,NOT_0020_3p_w500us_rf175_rep1_cond20,not_sim_20,Notch,4,train,20,ABC,500.0,175.0,0.470034,0.743559,1.581924,6.6788,183.2,60.0,60.1156,14.01,0.652312,0.102309,0.03385,0.030787,0.021898,0.034177,0.016514,0.019773,0.007227,0.018802,0.011885,0.156841,0.051892,0.047197,0.03357,0.025316,0.011079,0.01822,0.015419,66.59,59.42,0.0348,8e-06,60.0
622,NOT_0020_3p_w500us_rf175_rep1_cond20,not_sim_20,Notch,4,train,20,ABC,500.0,175.0,0.470114,0.744143,1.582898,6.6907,183.2,60.0,60.119,14.01,0.65242,0.10232,0.033949,0.03073,0.021929,0.034187,0.016493,0.019674,0.00724,0.018896,0.011861,0.156831,0.052035,0.047102,0.033612,0.02528,0.011097,0.01818,0.015425,66.59,59.52,0.0348,8e-06,60.0
623,NOT_0020_3p_w500us_rf175_rep1_cond20,not_sim_20,Notch,4,train,20,ABC,500.0,175.0,0.470158,0.743946,1.582331,6.6728,183.0,60.0,59.8815,13.94,0.652479,0.102369,0.033877,0.030729,0.021819,0.034191,0.01649,0.019777,0.007355,0.018838,0.01191,0.156892,0.05192,0.047096,0.03344,0.025273,0.011272,0.018253,0.01543,66.6,59.51,0.0348,8e-06,60.0
624,NOT_0020_3p_w500us_rf175_rep1_cond20,not_sim_20,Notch,4,train,20,ABC,500.0,175.0,0.470089,0.742965,1.580476,6.6933,184.0,60.0,59.8808,13.94,0.652372,0.102329,0.03399,0.030793,0.021873,0.034233,0.01652,0.019756,0.007432,0.018816,0.011932,0.156857,0.052102,0.047202,0.033528,0.025323,0.011392,0.01829,0.01544,66.6,59.54,0.0348,8e-06,60.0
625,NOT_0020_3p_w500us_rf175_rep1_cond20,not_sim_20,Notch,4,train,20,ABC,500.0,175.0,0.470111,0.745046,1.584829,6.6834,184.0,60.0,59.88,14.04,0.652405,0.10237,0.033895,0.030738,0.021826,0.034252,0.016612,0.019766,0.007229,0.018827,0.01185,0.156912,0.051954,0.047115,0.033455,0.025463,0.011081,0.018164,0.015437,66.6,59.56,0.0348,9e-06,60.0
626,NOT_0020_3p_w500us_rf175_rep1_cond20,not_sim_20,Notch,4,train,20,ABC,500.0,175.0,0.470033,0.743145,1.58105,6.6816,183.6,60.0,60.12,14.01,0.652315,0.10227,0.033932,0.030784,0.021801,0.034168,0.016522,0.019798,0.007218,0.018864,0.011838,0.15678,0.052018,0.047192,0.033421,0.025328,0.011065,0.018148,0.015414,66.59,59.42,0.0348,8e-06,60.0
627,NOT_0020_3p_w500us_rf175_rep1_cond20,not_sim_20,Notch,4,train,20,ABC,500.0,175.0,0.470048,0.743796,1.582385,6.6847,183.2,60.0,60.1182,14.0,0.652325,0.102376,0.033875,0.030741,0.021963,0.034139,0.016478,0.019741,0.007276,0.018854,0.011821,0.15694,0.05193,0.047125,0.033669,0.02526,0.011154,0.018121,0.015431,66.58,59.29,0.0348,9e-06,60.0
628,NOT_0020_3p_w500us_rf175_rep1_cond20,not_sim_20,Notch,4,train,20,ABC,500.0,175.0,0.470041,0.745196,1.585383,6.685,183.2,60.0,59.8799,13.93,0.652338,0.102254,0.033947,0.030713,0.021844,0.034217,0.016497,0.019669,0.007322,0.018716,0.011822,0.15675,0.052039,0.047081,0.033486,0.025289,0.011224,0.018123,0.015402,66.58,59.38,0.0347,9e-06,60.0
629,NOT_0020_3p_w500us_rf175_rep1_cond20,not_sim_20,Notch,4,train,20,ABC,500.0,175.0,0.469996,0.743206,1.581302,6.6969,184.0,60.0,59.8829,13.95,0.65225,0.102342,0.033942,0.03079,0.021993,0.034137,0.016499,0.019734,0.007335,0.018763,0.011753,0.156906,0.052038,0.047206,0.033719,0.025296,0.011246,0.018019,0.015429,66.59,59.4,0.0348,7e-06,60.0
630,NOT_0020_3p_w500us_rf175_rep1_cond20,not_sim_20,Notch,4,train,20,ABC,500.0,175.0,0.469982,0.742959,1.580826,6.6937,183.8,60.0,59.8833,14.04,0.652225,0.102311,0.033939,0.030835,0.021926,0.034209,0.016535,0.019661,0.007392,0.018853,0.011873,0.156865,0.052036,0.047277,0.033617,0.025352,0.011334,0.018204,0.015432,66.6,59.52,0.0348,9e-06,60.0
631,NOT_0020_3p_w500us_rf175_rep1_cond20,not_sim_20,Notch,4,train,20,ABC,500.0,175.0,0.470025,0.745108,1.585253,6.6894,184.0,60.0,60.1172,13.98,0.652291,0.102263,0.033898,0.030848,0.021966,0.034276,0.016504,0.019764,0.007229,0.018916,0.011805,0.156775,0.051968,0.047292,0.033675,0.025302,0.011082,0.018098,0.015428,66.6,59.4,0.0348,9e-06,60.0
632,NOT_0020_3p_w500us_rf175_rep1_cond20,not_sim_20,Notch,4,train,20,ABC,500.0,175.0,0.470085,0.744898,1.584604,6.6934,183.0,60.0,60.1181,13.99,0.652366,0.10233,0.033956,0.030755,0.021898,0.034264,0.016556,0.019822,0.007238,0.018898,0.011813,0.15686,0.052051,0.047144,0.033567,0.025378,0.011095,0.018108,0.01544,66.61,59.63,0.0348,8e-06,60.0
633,NOT_0020_3p_w500us_rf175_rep1_cond20,not_sim_20,Notch,4,train,20,ABC,500.0,175.0,0.470117,0.7436,1.581734,6.7,183.2,60.0,60.0001,14.15,0.652427,0.102329,0.033932,0.030705,0.022007,0.034141,0.016587,0.019769,0.007359,0.018797,0.011808,0.156844,0.052009,0.047063,0.033731,0.025424,0.011279,0.018099,0.015428,66.59,59.42,0.0348,8e-06,60.0
634,NOT_0020_3p_w500us_rf175_rep1_cond20,not_sim_20,Notch,4,train,20,ABC,500.0,175.0,0.469993,0.743649,1.582257,6.6826,183.8,60.0,59.881,13.95,0.65224,0.102364,0.033842,0.030851,0.021926,0.034223,0.016545,0.019772,0.007345,0.018849,0.011891,0.156942,0.051886,0.0473,0.033616,0.025366,0.011261,0.018231,0.015443,66.59,59.34,0.0348,9e-06,60.0
635,NOT_0020_3p_w500us_rf175_rep1_cond20,not_sim_20,Notch,4,train,20,ABC,500.0,175.0,0.469982,0.744554,1.584219,6.697,183.8,60.0,59.8787,14.02,0.652241,0.102268,0.033945,0.030704,0.021931,0.0342,0.016575,0.019827,0.007295,0.018731,0.011809,0.156795,0.052044,0.047075,0.033624,0.025412,0.011185,0.018105,0.015416,66.59,59.48,0.0348,9e-06,60.0
636,NOT_0020_3p_w500us_rf175_rep1_cond20,not_sim_20,Notch,4,train,20,ABC,500.0,175.0,0.470002,0.745482,1.586126,6.6904,183.8,60.0,60.1199,13.94,0.652264,0.10233,0.0339,0.030743,0.021977,0.034224,0.016496,0.019603,0.007308,0.018783,0.011818,0.156884,0.051973,0.047133,0.033693,0.02529,0.011204,0.018118,0.015422,66.59,59.45,0.0348,9e-06,60.0
637,NOT_0020_3p_w500us_rf175_rep1_cond20,not_sim_20,Notch,4,train,20,ABC,500.0,175.0,0.470017,0.74394,1.582794,6.6879,183.2,60.0,60.1216,13.99,0.652298,0.102216,0.033938,0.030808,0.021845,0.034197,0.016558,0.019739,0.007258,0.01878,0.011764,0.156701,0.052028,0.04723,0.033489,0.025384,0.011127,0.018035,0.015403,66.59,59.51,0.0348,8e-06,60.0
638,NOT_0020_3p_w500us_rf175_rep1_cond20,not_sim_20,Notch,4,train,20,ABC,500.0,175.0,0.470014,0.744314,1.583599,6.6947,183.2,60.0,60.1193,13.98,0.652285,0.102237,0.033956,0.030778,0.021895,0.03428,0.016569,0.019753,0.007296,0.018903,0.011881,0.156737,0.052057,0.047185,0.033567,0.025401,0.011185,0.018214,0.015424,66.59,59.43,0.0348,9e-06,60.0
639,NOT_0020_3p_w500us_rf175_rep1_cond20,not_sim_20,Notch,4,train,20,ABC,500.0,175.0,0.470015,0.742832,1.580444,6.69,183.6,60.0,59.881,13.95,0.652275,0.102354,0.033956,0.030784,0.021874,0.034182,0.016514,0.019773,0.007319,0.018779,0.011774,0.156918,0.052058,0.047195,0.033535,0.025318,0.011221,0.018051,0.015432,66.58,59.33,0.0348,1e-05,60.0
640,NOT_0021_2p_phAB_w600us_rf95_cond21,not_sim_21,Notch,4,train,21,AB,600.0,95.0,0.543915,0.856892,1.575414,9.9029,94.0,60.0,59.7841,12.47,0.750343,0.136519,0.062666,0.029071,0.027029,0.031256,0.029389,0.021361,0.010663,0.020348,0.014285,0.181942,0.083516,0.038744,0.036022,0.039167,0.014211,0.019038,0.027169,67.98,66.67,0.0428,0.000168,60.0
641,NOT_0021_2p_phAB_w600us_rf95_cond21,not_sim_21,Notch,4,train,21,AB,600.0,95.0,0.543883,0.857368,1.576383,9.8848,93.2,60.0,59.7848,12.51,0.750315,0.136452,0.062541,0.029131,0.02707,0.031426,0.029268,0.021442,0.010584,0.020353,0.014309,0.18186,0.083353,0.038825,0.036078,0.039008,0.014106,0.019071,0.027147,67.98,66.63,0.0427,0.000164,60.0
642,NOT_0021_2p_phAB_w600us_rf95_cond21,not_sim_21,Notch,4,train,21,AB,600.0,95.0,0.543858,0.856715,1.575255,9.8877,90.0,60.0,60.2064,12.45,0.75029,0.13645,0.0626,0.029127,0.026857,0.031243,0.029386,0.021409,0.010632,0.020259,0.014297,0.181863,0.083434,0.038821,0.035795,0.039166,0.014171,0.019055,0.027133,67.96,66.49,0.0427,0.000167,60.0
643,NOT_0021_2p_phAB_w600us_rf95_cond21,not_sim_21,Notch,4,train,21,AB,600.0,95.0,0.543661,0.857003,1.576357,9.8917,87.0,60.0,60.2063,12.55,0.749967,0.13659,0.062571,0.029104,0.027058,0.031354,0.029257,0.021309,0.010728,0.02042,0.014266,0.182128,0.083432,0.038807,0.036079,0.039011,0.014305,0.019022,0.02718,67.98,66.5,0.0428,0.000133,60.0
644,NOT_0021_2p_phAB_w600us_rf95_cond21,not_sim_21,Notch,4,train,21,AB,600.0,95.0,0.543778,0.857006,1.576022,9.8897,90.4,60.0,60.2051,12.45,0.750112,0.136735,0.062577,0.029043,0.026969,0.031368,0.029325,0.021465,0.010822,0.020341,0.014298,0.182286,0.083424,0.038718,0.035953,0.039094,0.014427,0.019061,0.027223,67.98,66.47,0.0428,0.000126,60.0
645,NOT_0021_2p_phAB_w600us_rf95_cond21,not_sim_21,Notch,4,train,21,AB,600.0,95.0,0.543693,0.856911,1.576095,9.8962,93.6,60.0,59.7783,12.45,0.749969,0.136809,0.062642,0.029065,0.026932,0.031352,0.029309,0.021551,0.010677,0.020227,0.014319,0.18242,0.083526,0.038755,0.035911,0.03908,0.014237,0.019093,0.027245,67.99,66.5,0.0428,0.000131,60.0
646,NOT_0021_2p_phAB_w600us_rf95_cond21,not_sim_21,Notch,4,train,21,AB,600.0,95.0,0.543713,0.857428,1.576987,9.8788,93.6,60.0,59.7822,12.47,0.750033,0.136641,0.062604,0.029053,0.026865,0.031474,0.029137,0.021538,0.010658,0.02047,0.014269,0.18218,0.083468,0.038736,0.035818,0.038848,0.01421,0.019024,0.027196,67.99,66.59,0.0428,0.00013,60.0
647,NOT_0021_2p_phAB_w600us_rf95_cond21,not_sim_21,Notch,4,train,21,AB,600.0,95.0,0.543782,0.856932,1.575873,9.8856,90.2,60.0,60.2136,12.37,0.750132,0.136683,0.062599,0.029057,0.027006,0.031458,0.029174,0.021463,0.010654,0.020367,0.01427,0.182212,0.083451,0.038736,0.036002,0.038892,0.014203,0.019023,0.027208,67.98,66.53,0.0428,0.000131,60.0
648,NOT_0021_2p_phAB_w600us_rf95_cond21,not_sim_21,Notch,4,train,21,AB,600.0,95.0,0.543549,0.857288,1.577205,9.8963,87.4,60.0,60.2143,12.5,0.749723,0.137043,0.062617,0.028975,0.027092,0.031535,0.029155,0.021431,0.010797,0.020354,0.01419,0.182792,0.08352,0.038648,0.036136,0.038888,0.014401,0.018927,0.027311,67.99,66.46,0.0429,0.00012,60.0
649,NOT_0021_2p_phAB_w600us_rf95_cond21,not_sim_21,Notch,4,train,21,AB,600.0,95.0,0.543715,0.857454,1.577028,9.887,89.4,60.0,60.2102,12.48,0.749965,0.136971,0.062529,0.029037,0.027101,0.031556,0.029219,0.021389,0.010859,0.020345,0.014282,0.182637,0.083376,0.038718,0.036136,0.03896,0.014479,0.019044,0.027291,68.02,66.78,0.0429,0.00012,60.0
650,NOT_0021_2p_phAB_w600us_rf95_cond21,not_sim_21,Notch,4,train,21,AB,600.0,95.0,0.543648,0.857705,1.577683,9.881,92.8,60.0,59.78,12.48,0.749867,0.137091,0.062548,0.028957,0.027074,0.03142,0.029063,0.021389,0.010751,0.020315,0.014248,0.18282,0.083412,0.038616,0.036105,0.038758,0.014337,0.019001,0.027298,68.0,66.61,0.0429,0.000116,60.0
651,NOT_0021_2p_phAB_w600us_rf95_cond21,not_sim_21,Notch,4,train,21,AB,600.0,95.0,0.543655,0.858013,1.578231,9.868,94.2,60.0,59.783,12.44,0.749893,0.136985,0.062545,0.028929,0.026964,0.031557,0.028932,0.021556,0.010718,0.020513,0.014301,0.182673,0.083405,0.038578,0.035957,0.038582,0.014293,0.019071,0.027278,68.0,66.64,0.0429,0.000118,60.0
652,NOT_0021_2p_phAB_w600us_rf95_cond21,not_sim_21,Notch,4,train,21,AB,600.0,95.0,0.543622,0.855926,1.574487,9.8838,90.8,60.0,60.2209,12.3,0.749857,0.136932,0.062575,0.029032,0.027056,0.031543,0.029076,0.021381,0.010648,0.020363,0.014175,0.182611,0.083449,0.038717,0.036082,0.038775,0.0142,0.018904,0.027267,67.98,66.43,0.0429,0.000117,60.0
653,NOT_0021_2p_phAB_w600us_rf95_cond21,not_sim_21,Notch,4,train,21,AB,600.0,95.0,0.543681,0.856569,1.575499,9.8678,87.8,60.0,60.2211,12.49,0.749928,0.137086,0.062546,0.028797,0.026915,0.031453,0.028978,0.021518,0.010712,0.020342,0.014275,0.182799,0.083403,0.0384,0.03589,0.038641,0.014284,0.019035,0.027283,67.99,66.6,0.0429,0.000112,60.0
654,NOT_0021_2p_phAB_w600us_rf95_cond21,not_sim_21,Notch,4,train,21,AB,600.0,95.0,0.543739,0.856383,1.574988,9.8775,89.2,60.0,60.2199,12.47,0.749995,0.137051,0.062558,0.029162,0.026901,0.031606,0.02917,0.021491,0.010772,0.020285,0.01425,0.182736,0.083411,0.038883,0.035868,0.038894,0.014363,0.019,0.027313,67.99,66.46,0.0429,0.000107,60.0
655,NOT_0021_2p_phAB_w600us_rf95_cond21,not_sim_21,Notch,4,train,21,AB,600.0,95.0,0.54358,0.858349,1.579066,9.868,92.4,60.0,59.7845,12.52,0.749804,0.136975,0.062475,0.028901,0.026982,0.031547,0.029042,0.021489,0.010585,0.020465,0.014286,0.182681,0.083322,0.038545,0.035985,0.038733,0.014117,0.019053,0.027264,67.98,66.43,0.0428,0.000104,60.0
656,NOT_0021_2p_phAB_w600us_rf95_cond21,not_sim_21,Notch,4,train,21,AB,600.0,95.0,0.543613,0.855507,1.573743,9.8881,94.8,60.0,59.7828,12.43,0.749843,0.136928,0.062635,0.028923,0.026959,0.031496,0.029113,0.02146,0.010693,0.020421,0.014223,0.182609,0.083531,0.038572,0.035953,0.038825,0.01426,0.018968,0.027269,67.98,66.41,0.0428,0.000108,60.0
657,NOT_0021_2p_phAB_w600us_rf95_cond21,not_sim_21,Notch,4,train,21,AB,600.0,95.0,0.543648,0.856894,1.576191,9.8898,91.4,60.0,59.7843,12.5,0.749873,0.137009,0.062636,0.02896,0.027037,0.031515,0.029078,0.021478,0.010726,0.020375,0.014269,0.18271,0.083529,0.03862,0.036055,0.038777,0.014304,0.019029,0.027298,67.99,66.48,0.0429,0.000111,60.0
658,NOT_0021_2p_phAB_w600us_rf95_cond21,not_sim_21,Notch,4,train,21,AB,600.0,95.0,0.543661,0.858849,1.57975,9.87,88.4,60.0,60.214,12.5,0.749917,0.136963,0.062497,0.028931,0.027022,0.031568,0.029025,0.021535,0.01065,0.020334,0.014341,0.182638,0.083339,0.038579,0.036033,0.038704,0.014202,0.019123,0.027267,67.98,66.49,0.0428,0.000111,60.0
659,NOT_0021_2p_phAB_w600us_rf95_cond21,not_sim_21,Notch,4,train,21,AB,600.0,95.0,0.543753,0.857075,1.576221,9.8775,88.6,60.0,60.2157,12.5,0.750021,0.136986,0.062579,0.029052,0.027055,0.031543,0.028987,0.021584,0.010482,0.020447,0.014286,0.182643,0.083436,0.038735,0.036072,0.038648,0.013976,0.019047,0.02729,68.0,66.62,0.0429,0.000145,60.0
660,NOT_0021_2p_phAB_w600us_rf95_cond21,not_sim_21,Notch,4,train,21,AB,600.0,95.0,0.543682,0.856828,1.575974,9.8652,92.2,60.0,59.7932,12.55,0.749955,0.136898,0.062529,0.028941,0.026974,0.031453,0.028919,0.021521,0.010601,0.020489,0.014281,0.182542,0.083377,0.03859,0.035967,0.038561,0.014136,0.019042,0.027241,67.99,66.57,0.0429,0.000142,60.0
661,NOT_0021_2p_phAB_w600us_rf95_cond21,not_sim_21,Notch,4,train,21,AB,600.0,95.0,0.543663,0.856273,1.575008,9.8897,95.0,60.0,59.7946,12.48,0.749922,0.136809,0.062615,0.028934,0.027055,0.031454,0.029119,0.021499,0.010797,0.020365,0.014375,0.182431,0.083495,0.038583,0.036077,0.038829,0.014397,0.019169,0.027244,68.01,66.7,0.0429,0.000155,60.0
662,NOT_0021_2p_phAB_w600us_rf95_cond21,not_sim_21,Notch,4,train,21,AB,600.0,95.0,0.543681,0.857486,1.577187,9.8726,92.0,60.0,59.7905,12.53,0.749949,0.136923,0.062441,0.028944,0.027072,0.031481,0.029156,0.021484,0.010547,0.020263,0.0142,0.182576,0.08326,0.038595,0.036098,0.038877,0.014064,0.018935,0.027244,67.99,66.6,0.0429,0.000149,60.0
663,NOT_0021_2p_phAB_w600us_rf95_cond21,not_sim_21,Notch,4,train,21,AB,600.0,95.0,0.543725,0.85691,1.576,9.8731,88.6,60.0,60.2104,12.5,0.750038,0.136802,0.062499,0.028898,0.027029,0.03149,0.029104,0.021445,0.010677,0.020296,0.014271,0.182393,0.083328,0.038529,0.036037,0.038803,0.014235,0.019027,0.027215,67.97,66.45,0.0428,0.000148,60.0
664,NOT_0021_2p_phAB_w600us_rf95_cond21,not_sim_21,Notch,4,train,21,AB,600.0,95.0,0.543724,0.856775,1.575754,9.8918,87.8,60.0,60.2063,12.55,0.749992,0.136889,0.062659,0.029073,0.027021,0.031509,0.029113,0.021364,0.010684,0.020357,0.014251,0.182521,0.083546,0.038764,0.036028,0.038818,0.014245,0.019002,0.027269,68.01,66.71,0.0429,0.000145,60.0
665,NOT_0021_2p_phAB_w600us_rf95_cond21,not_sim_21,Notch,4,train,21,AB,600.0,95.0,0.543718,0.856363,1.575014,9.8836,91.2,60.0,60.2093,12.35,0.750014,0.136805,0.062601,0.028868,0.026968,0.031543,0.029136,0.021378,0.010782,0.020313,0.01426,0.182403,0.083466,0.03849,0.035957,0.038847,0.014376,0.019013,0.027228,67.99,66.58,0.0429,0.000144,60.0
666,NOT_0021_2p_phAB_w600us_rf95_cond21,not_sim_21,Notch,4,train,21,AB,600.0,95.0,0.543697,0.857128,1.576479,9.8632,94.2,60.0,59.7893,12.45,0.749965,0.136916,0.06249,0.028954,0.026872,0.031562,0.029061,0.021475,0.010641,0.02047,0.014262,0.182563,0.083324,0.038607,0.035831,0.03875,0.014189,0.019017,0.027249,68.01,66.75,0.0429,0.000142,60.0
667,NOT_0021_2p_phAB_w600us_rf95_cond21,not_sim_21,Notch,4,train,21,AB,600.0,95.0,0.543772,0.857009,1.576044,9.8969,93.0,60.0,59.7889,12.51,0.750066,0.13685,0.062639,0.029008,0.027101,0.031535,0.029198,0.021522,0.010555,0.020319,0.014295,0.182451,0.083511,0.038674,0.036131,0.038927,0.014072,0.019058,0.027266,68.01,66.76,0.0429,0.000138,60.0
668,NOT_0021_2p_phAB_w600us_rf95_cond21,not_sim_21,Notch,4,train,21,AB,600.0,95.0,0.543649,0.856662,1.575763,9.887,89.2,60.0,60.2129,12.45,0.749877,0.136969,0.062654,0.02897,0.027025,0.031572,0.029,0.021496,0.010619,0.020403,0.014234,0.182655,0.083552,0.038633,0.036039,0.038673,0.014161,0.018982,0.027287,67.99,66.52,0.0429,0.000142,60.0
669,NOT_0021_2p_phAB_w600us_rf95_cond21,not_sim_21,Notch,4,train,21,AB,600.0,95.0,0.543596,0.857045,1.576621,9.8815,87.6,60.0,60.2145,12.52,0.749799,0.137005,0.062553,0.028989,0.027054,0.03163,0.029064,0.021376,0.010813,0.020336,0.01411,0.182722,0.083426,0.038662,0.036082,0.038762,0.014421,0.018818,0.027287,68.0,66.65,0.0429,0.00021,60.0
670,NOT_0021_2p_phAB_w600us_rf95_cond21,not_sim_21,Notch,4,train,21,AB,600.0,95.0,0.543677,0.856528,1.575436,9.8971,91.0,60.0,60.2131,12.35,0.749899,0.137016,0.06265,0.028976,0.027077,0.031506,0.029156,0.021559,0.01073,0.020302,0.014228,0.182713,0.083545,0.03864,0.036108,0.03888,0.014309,0.018973,0.027308,68.02,66.73,0.043,0.000207,60.0
671,NOT_0021_2p_phAB_w600us_rf95_cond21,not_sim_21,Notch,4,train,21,AB,600.0,95.0,0.543668,0.857205,1.576708,9.8882,94.0,60.0,59.7802,12.43,0.749888,0.137014,0.062651,0.02894,0.027137,0.031658,0.028926,0.021462,0.010683,0.020277,0.014295,0.182713,0.083547,0.038592,0.036188,0.038574,0.014246,0.019063,0.027301,68.02,66.75,0.043,0.00021,60.0
672,NOT_0022_2p_phBC_w650us_rf75_cond22,not_sim_22,Notch,4,train,22,BC,650.0,75.0,0.581188,0.840658,1.446447,4.6285,0.0,60.0,59.9544,22.32,0.819383,0.02628,0.016879,0.013148,0.019794,0.029116,0.027597,0.01205,0.008686,0.007076,0.007443,0.032073,0.0206,0.016046,0.024157,0.03368,0.010601,0.009084,0.003476,62.05,36.28,0.0087,0.000124,60.0
673,NOT_0022_2p_phBC_w650us_rf75_cond22,not_sim_22,Notch,4,train,22,BC,650.0,75.0,0.581448,0.843378,1.45048,4.627,0.0,60.0,59.9446,22.35,0.819752,0.02638,0.017073,0.012638,0.020005,0.029242,0.027331,0.012268,0.008705,0.006999,0.007324,0.03218,0.020827,0.015417,0.024404,0.033341,0.010619,0.008934,0.003478,62.04,36.17,0.0087,0.000123,60.0
674,NOT_0022_2p_phBC_w650us_rf75_cond22,not_sim_22,Notch,4,train,22,BC,650.0,75.0,0.580909,0.839723,1.445534,4.6442,0.0,60.0,59.9433,22.31,0.819,0.025589,0.017136,0.013243,0.020008,0.029089,0.027437,0.012092,0.008631,0.007327,0.007196,0.031244,0.020923,0.01617,0.02443,0.033501,0.010538,0.008786,0.003449,62.05,36.31,0.0087,0.000111,60.0
675,NOT_0022_2p_phBC_w650us_rf75_cond22,not_sim_22,Notch,4,train,22,BC,650.0,75.0,0.581415,0.839786,1.444383,4.5959,0.0,60.0,59.9454,22.32,0.819764,0.02501,0.016597,0.012673,0.019622,0.028894,0.02755,0.012451,0.008781,0.007255,0.00754,0.030509,0.020246,0.015459,0.023936,0.033607,0.010712,0.009198,0.003382,62.03,36.27,0.0086,0.000119,60.0
676,NOT_0022_2p_phBC_w650us_rf75_cond22,not_sim_22,Notch,4,train,22,BC,650.0,75.0,0.581278,0.839897,1.444913,4.6538,0.0,60.0,59.957,22.33,0.819516,0.025727,0.017259,0.013074,0.019777,0.029126,0.027669,0.012278,0.008536,0.007361,0.007482,0.031393,0.02106,0.015953,0.024133,0.033763,0.010416,0.00913,0.003469,62.06,36.4,0.0087,0.000127,60.0
677,NOT_0022_2p_phBC_w650us_rf75_cond22,not_sim_22,Notch,4,train,22,BC,650.0,75.0,0.581083,0.841078,1.447432,4.664,0.0,60.0,59.9551,22.31,0.819233,0.025957,0.017059,0.01307,0.020164,0.029074,0.027611,0.0121,0.008642,0.007199,0.007262,0.031685,0.020823,0.015954,0.024613,0.033703,0.010549,0.008864,0.003476,62.05,36.27,0.0087,0.000118,60.0
678,NOT_0022_2p_phBC_w650us_rf75_cond22,not_sim_22,Notch,4,train,22,BC,650.0,75.0,0.581507,0.839893,1.444339,4.6434,0.0,60.0,59.9455,22.34,0.819831,0.026568,0.016837,0.012689,0.020219,0.029045,0.027512,0.012162,0.008455,0.007151,0.007379,0.032407,0.020537,0.015478,0.024662,0.033558,0.010313,0.009001,0.003485,62.05,36.28,0.0087,0.000127,60.0
679,NOT_0022_2p_phBC_w650us_rf75_cond22,not_sim_22,Notch,4,train,22,BC,650.0,75.0,0.581054,0.839279,1.444408,4.6444,0.0,60.0,59.9453,22.32,0.819208,0.025554,0.017219,0.013088,0.020061,0.029135,0.027362,0.012121,0.008666,0.007252,0.00738,0.031194,0.021019,0.015976,0.024488,0.033401,0.010579,0.009009,0.00345,62.04,36.18,0.0087,0.000114,60.0
680,NOT_0022_2p_phBC_w650us_rf75_cond22,not_sim_22,Notch,4,train,22,BC,650.0,75.0,0.581383,0.839891,1.444642,4.5916,0.0,60.0,59.9431,22.32,0.819727,0.024967,0.016533,0.012676,0.01959,0.028807,0.027559,0.012285,0.008818,0.00732,0.007454,0.030458,0.020169,0.015464,0.023898,0.03362,0.010757,0.009093,0.003368,62.03,36.13,0.0086,0.000131,60.0
681,NOT_0022_2p_phBC_w650us_rf75_cond22,not_sim_22,Notch,4,train,22,BC,650.0,75.0,0.581448,0.841914,1.447961,4.6312,0.0,60.0,59.9563,22.35,0.819784,0.025351,0.017236,0.013255,0.019692,0.028722,0.027505,0.012498,0.008472,0.007054,0.007326,0.030924,0.021025,0.016169,0.024021,0.033552,0.010334,0.008937,0.003416,62.04,36.22,0.0087,0.000132,60.0
682,NOT_0022_2p_phBC_w650us_rf75_cond22,not_sim_22,Notch,4,train,22,BC,650.0,75.0,0.580987,0.839557,1.445053,4.6583,0.0,60.0,59.9582,22.31,0.819104,0.025943,0.017102,0.01285,0.020084,0.028944,0.027569,0.012188,0.00869,0.007289,0.007242,0.031672,0.020879,0.015688,0.024519,0.033658,0.010609,0.008841,0.003461,62.04,36.12,0.0087,0.000118,60.0
683,NOT_0022_2p_phBC_w650us_rf75_cond22,not_sim_22,Notch,4,train,22,BC,650.0,75.0,0.581488,0.839754,1.444147,4.6532,0.0,60.0,59.9554,22.33,0.819798,0.026613,0.01659,0.013062,0.020227,0.028888,0.027764,0.012021,0.008661,0.007281,0.007128,0.032463,0.020237,0.015933,0.024673,0.033867,0.010565,0.008695,0.003492,62.05,36.25,0.0088,0.000133,60.0
684,NOT_0022_2p_phBC_w650us_rf75_cond22,not_sim_22,Notch,4,train,22,BC,650.0,75.0,0.581132,0.841054,1.447269,4.6571,0.0,60.0,59.945,22.31,0.819313,0.025545,0.017158,0.013253,0.020054,0.029066,0.027557,0.01235,0.008713,0.007219,0.007375,0.031179,0.020942,0.016176,0.024477,0.033634,0.010635,0.009001,0.003464,62.05,36.29,0.0087,0.00013,60.0
685,NOT_0022_2p_phBC_w650us_rf75_cond22,not_sim_22,Notch,4,train,22,BC,650.0,75.0,0.581391,0.841656,1.447658,4.5924,0.0,60.0,59.9442,22.37,0.819743,0.024891,0.016659,0.012692,0.019489,0.028763,0.027566,0.012291,0.008672,0.007258,0.007458,0.030364,0.020322,0.015483,0.023775,0.033628,0.010579,0.009098,0.00336,62.02,36.16,0.0085,0.000135,60.0
686,NOT_0022_2p_phBC_w650us_rf75_cond22,not_sim_22,Notch,4,train,22,BC,650.0,75.0,0.581529,0.842497,1.448762,4.6285,0.0,60.0,59.9562,22.34,0.819901,0.025262,0.017155,0.013465,0.019715,0.028795,0.027517,0.012384,0.008624,0.006935,0.007342,0.030811,0.020923,0.016423,0.024046,0.033561,0.010518,0.008955,0.003419,62.03,36.03,0.0086,0.000131,60.0
687,NOT_0022_2p_phBC_w650us_rf75_cond22,not_sim_22,Notch,4,train,22,BC,650.0,75.0,0.580963,0.840962,1.447532,4.6328,0.0,60.0,59.9536,22.32,0.819073,0.026004,0.01702,0.012976,0.019944,0.029159,0.027431,0.012192,0.008683,0.007157,0.007331,0.031748,0.02078,0.015842,0.024349,0.03349,0.010601,0.00895,0.003464,62.04,36.14,0.0087,0.000125,60.0
688,NOT_0022_2p_phBC_w650us_rf75_cond22,not_sim_22,Notch,4,train,22,BC,650.0,75.0,0.581552,0.839056,1.442787,4.6117,0.0,60.0,59.9567,22.33,0.819892,0.02669,0.016432,0.013256,0.020032,0.029076,0.027538,0.012036,0.00879,0.007078,0.007431,0.032553,0.020042,0.016168,0.024432,0.033587,0.010721,0.009063,0.003491,62.05,36.25,0.0088,0.000126,60.0
689,NOT_0022_2p_phBC_w650us_rf75_cond22,not_sim_22,Notch,4,train,22,BC,650.0,75.0,0.581171,0.839306,1.444164,4.6576,0.0,60.0,59.945,22.33,0.819366,0.02577,0.017249,0.01324,0.019849,0.028979,0.027656,0.012197,0.008562,0.007046,0.00747,0.031451,0.021052,0.016159,0.024225,0.033753,0.01045,0.009117,0.003463,62.05,36.32,0.0087,0.000136,60.0
690,NOT_0022_2p_phBC_w650us_rf75_cond22,not_sim_22,Notch,4,train,22,BC,650.0,75.0,0.581139,0.839305,1.444242,4.6383,0.0,60.0,59.9454,22.34,0.819333,0.025472,0.016979,0.013134,0.020065,0.029178,0.027447,0.012095,0.008729,0.007026,0.007293,0.031089,0.020723,0.01603,0.024489,0.033499,0.010654,0.008901,0.003442,62.04,36.07,0.0087,0.00012,60.0
691,NOT_0022_2p_phBC_w650us_rf75_cond22,not_sim_22,Notch,4,train,22,BC,650.0,75.0,0.581457,0.839694,1.444121,4.6456,0.0,60.0,59.9543,22.34,0.819796,0.025118,0.016942,0.013413,0.019996,0.028848,0.027632,0.012376,0.008449,0.007179,0.007343,0.030639,0.020666,0.016361,0.024391,0.033706,0.010306,0.008957,0.003423,62.05,36.34,0.0087,0.000126,60.0
692,NOT_0022_2p_phBC_w650us_rf75_cond22,not_sim_22,Notch,4,train,22,BC,650.0,75.0,0.58107,0.841397,1.448013,4.6462,0.0,60.0,59.9589,22.31,0.819223,0.025987,0.017038,0.012938,0.020089,0.029101,0.027476,0.012224,0.008512,0.007218,0.007373,0.031722,0.020798,0.015793,0.024522,0.033539,0.01039,0.009,0.003467,62.04,36.12,0.0087,0.000117,60.0
693,NOT_0022_2p_phBC_w650us_rf75_cond22,not_sim_22,Notch,4,train,22,BC,650.0,75.0,0.581418,0.839957,1.444671,4.5947,0.0,60.0,59.9583,22.31,0.819698,0.026592,0.016626,0.013318,0.019725,0.029356,0.027441,0.012205,0.008586,0.007127,0.007324,0.032441,0.020283,0.016247,0.024064,0.033477,0.010475,0.008935,0.003492,62.05,36.39,0.0088,0.000134,60.0
694,NOT_0022_2p_phBC_w650us_rf75_cond22,not_sim_22,Notch,4,train,22,BC,650.0,75.0,0.581372,0.840331,1.445427,4.6494,0.0,60.0,59.9467,22.34,0.819654,0.025918,0.017296,0.013118,0.019816,0.028978,0.027576,0.01204,0.008487,0.007235,0.00729,0.031621,0.021102,0.016004,0.024176,0.033643,0.010354,0.008894,0.003458,62.05,36.45,0.0087,0.000135,60.0
695,NOT_0022_2p_phBC_w650us_rf75_cond22,not_sim_22,Notch,4,train,22,BC,650.0,75.0,0.581166,0.839756,1.444951,4.6543,0.0,60.0,59.945,22.32,0.819365,0.025498,0.017218,0.013173,0.020108,0.02917,0.027451,0.012114,0.008627,0.007237,0.007129,0.031119,0.021014,0.016077,0.024541,0.033503,0.010529,0.008701,0.003453,62.04,36.13,0.0087,0.000118,60.0
696,NOT_0022_2p_phBC_w650us_rf75_cond22,not_sim_22,Notch,4,train,22,BC,650.0,75.0,0.58156,0.83948,1.443497,4.6487,0.0,60.0,59.948,22.34,0.819938,0.024975,0.016687,0.013229,0.020039,0.029159,0.027801,0.012637,0.008421,0.006899,0.007249,0.03046,0.020352,0.016134,0.02444,0.033906,0.01027,0.008841,0.003433,62.05,36.21,0.0087,0.000126,60.0
697,NOT_0022_2p_phBC_w650us_rf75_cond22,not_sim_22,Notch,4,train,22,BC,650.0,75.0,0.581095,0.840204,1.445898,4.6587,0.0,60.0,59.9534,22.31,0.819252,0.025997,0.017113,0.012847,0.020166,0.0291,0.027516,0.012191,0.008509,0.007235,0.007378,0.031733,0.020889,0.015681,0.024615,0.033587,0.010386,0.009006,0.003472,62.05,36.31,0.0087,0.000125,60.0
698,NOT_0022_2p_phBC_w650us_rf75_cond22,not_sim_22,Notch,4,train,22,BC,650.0,75.0,0.581226,0.840885,1.446743,4.6171,0.0,60.0,59.9545,22.32,0.819431,0.026291,0.016828,0.013292,0.019728,0.029328,0.027551,0.012189,0.008634,0.007205,0.007184,0.032084,0.020536,0.016221,0.024075,0.033622,0.010537,0.008767,0.003486,62.05,36.18,0.0088,0.000127,60.0
699,NOT_0022_2p_phBC_w650us_rf75_cond22,not_sim_22,Notch,4,train,22,BC,650.0,75.0,0.581527,0.840664,1.445615,4.6288,0.0,60.0,59.9448,22.33,0.819858,0.026176,0.017239,0.01285,0.019765,0.029393,0.027429,0.012087,0.008724,0.007216,0.007112,0.031927,0.021027,0.015673,0.024108,0.033456,0.010641,0.008675,0.003479,62.06,36.34,0.0088,0.000128,60.0
700,NOT_0022_2p_phBC_w650us_rf75_cond22,not_sim_22,Notch,4,train,22,BC,650.0,75.0,0.58108,0.840028,1.445632,4.6453,0.0,60.0,59.9445,22.32,0.819244,0.025588,0.017094,0.013157,0.019975,0.029168,0.027515,0.012028,0.008591,0.0072,0.007243,0.031234,0.020866,0.01606,0.024382,0.033586,0.010486,0.008841,0.00345,62.04,36.15,0.0087,0.000118,60.0
701,NOT_0022_2p_phBC_w650us_rf75_cond22,not_sim_22,Notch,4,train,22,BC,650.0,75.0,0.581486,0.83969,1.44404,4.6345,0.0,60.0,59.9428,22.34,0.819844,0.024924,0.0166,0.012847,0.019886,0.029081,0.027796,0.012555,0.008694,0.007103,0.007238,0.030401,0.020248,0.01567,0.024256,0.033904,0.010604,0.008829,0.003412,62.06,36.45,0.0086,0.000123,60.0
702,NOT_0022_2p_phBC_w650us_rf75_cond22,not_sim_22,Notch,4,train,22,BC,650.0,75.0,0.581208,0.839455,1.444329,4.6565,0.0,60.0,59.9568,22.33,0.819418,0.025889,0.017338,0.012895,0.019893,0.029011,0.02756,0.012127,0.008657,0.007415,0.007317,0.031594,0.021159,0.015737,0.024277,0.033634,0.010565,0.00893,0.003465,62.05,36.25,0.0087,0.000121,60.0
703,NOT_0022_2p_phBC_w650us_rf75_cond22,not_sim_22,Notch,4,train,22,BC,650.0,75.0,0.581228,0.839651,1.444615,4.6424,0.0,60.0,59.9537,22.31,0.819429,0.026269,0.016975,0.01322,0.019882,0.029184,0.027635,0.012106,0.008866,0.007088,0.007401,0.032058,0.020716,0.016133,0.024263,0.033725,0.01082,0.009032,0.003494,62.05,36.26,0.0088,0.000125,60.0
704,NOT_0023_2p_phCA_w500us_rf90_cond23,not_sim_23,Notch,4,train,23,CA,500.0,90.0,0.427006,0.827848,1.938724,5.6882,192.0,60.0,60.1051,10.67,0.579458,0.154276,0.025903,0.033558,0.015063,0.033508,0.013731,0.017696,0.010451,0.01363,0.008573,0.266242,0.044702,0.057913,0.025995,0.023696,0.018036,0.014795,0.027818,69.41,64.88,0.0569,0.000432,60.0
705,NOT_0023_2p_phCA_w500us_rf90_cond23,not_sim_23,Notch,4,train,23,CA,500.0,90.0,0.426969,0.829021,1.94164,5.6482,192.0,60.0,60.1057,10.63,0.579468,0.153964,0.025845,0.03367,0.014725,0.03387,0.013653,0.017638,0.010366,0.01369,0.008597,0.265699,0.044601,0.058105,0.025411,0.023561,0.017889,0.014836,0.027737,69.44,65.19,0.0569,0.000459,60.0
706,NOT_0023_2p_phCA_w500us_rf90_cond23,not_sim_23,Notch,4,train,23,CA,500.0,90.0,0.426873,0.830087,1.944578,5.5723,192.0,60.0,59.995,10.68,0.579418,0.153822,0.025135,0.033436,0.014915,0.033679,0.01372,0.017994,0.010418,0.013617,0.008471,0.265477,0.04338,0.057706,0.025741,0.023679,0.01798,0.01462,0.027645,69.42,65.15,0.0566,0.000448,60.0
707,NOT_0023_2p_phCA_w500us_rf90_cond23,not_sim_23,Notch,4,train,23,CA,500.0,90.0,0.426914,0.83048,1.945308,5.6774,192.0,60.0,59.9958,10.65,0.579325,0.154168,0.025816,0.033898,0.015152,0.033928,0.013628,0.017586,0.010358,0.013651,0.00843,0.266117,0.044562,0.058513,0.026155,0.023524,0.017879,0.014551,0.027824,69.45,64.98,0.0569,0.000409,60.0
708,NOT_0023_2p_phCA_w500us_rf90_cond23,not_sim_23,Notch,4,train,23,CA,500.0,90.0,0.42678,0.829827,1.94439,5.6526,192.0,60.0,59.993,10.61,0.578986,0.154774,0.025789,0.033535,0.014849,0.033924,0.013622,0.017635,0.010449,0.013709,0.008472,0.267319,0.044542,0.05792,0.025647,0.023527,0.018047,0.014632,0.027981,69.47,64.99,0.0571,0.000399,60.0
709,NOT_0023_2p_phCA_w500us_rf90_cond23,not_sim_23,Notch,4,train,23,CA,500.0,90.0,0.426878,0.828356,1.940498,5.6724,192.0,60.0,60.1033,10.66,0.57923,0.154376,0.025839,0.033602,0.014944,0.033681,0.013732,0.017788,0.010339,0.013744,0.008405,0.266519,0.044609,0.058011,0.0258,0.023707,0.01785,0.014511,0.027858,69.45,64.94,0.057,0.000397,60.0
710,NOT_0023_2p_phCA_w500us_rf90_cond23,not_sim_23,Notch,4,train,23,CA,500.0,90.0,0.426957,0.828599,1.940709,5.6641,192.0,60.0,60.1054,10.65,0.579427,0.15408,0.025937,0.033615,0.014893,0.033799,0.013512,0.017723,0.010342,0.013604,0.008535,0.265918,0.044763,0.058014,0.025703,0.02332,0.017849,0.01473,0.027769,69.42,64.96,0.0569,0.000422,60.0
711,NOT_0023_2p_phCA_w500us_rf90_cond23,not_sim_23,Notch,4,train,23,CA,500.0,90.0,0.426707,0.82785,1.94009,5.5791,192.0,60.0,59.9964,10.69,0.579235,0.153601,0.025044,0.033493,0.015076,0.033862,0.013778,0.017676,0.010179,0.013436,0.008666,0.265179,0.043236,0.057823,0.026027,0.023787,0.017573,0.014961,0.027578,69.4,65.02,0.0566,0.000426,60.0
712,NOT_0023_2p_phCA_w500us_rf90_cond23,not_sim_23,Notch,4,train,23,CA,500.0,90.0,0.426887,0.827997,1.939615,5.6779,192.0,60.0,59.9963,10.65,0.579299,0.154185,0.025834,0.033795,0.015068,0.033712,0.01369,0.017543,0.010506,0.013807,0.008423,0.266158,0.044595,0.058338,0.026011,0.023632,0.018136,0.01454,0.027813,69.44,65.0,0.0569,0.000428,60.0
713,NOT_0023_2p_phCA_w500us_rf90_cond23,not_sim_23,Notch,4,train,23,CA,500.0,90.0,0.426679,0.829495,1.944073,5.6645,192.0,60.0,59.9967,10.62,0.578882,0.154634,0.025861,0.033502,0.014804,0.033926,0.013686,0.017612,0.010344,0.013733,0.008382,0.267125,0.044674,0.057874,0.025573,0.023642,0.017869,0.01448,0.027936,69.46,64.96,0.057,0.000408,60.0
714,NOT_0023_2p_phCA_w500us_rf90_cond23,not_sim_23,Notch,4,train,23,CA,500.0,90.0,0.426775,0.829667,1.944039,5.6626,192.0,60.0,60.1075,10.66,0.579058,0.154435,0.025782,0.033719,0.014944,0.033788,0.013679,0.017808,0.010362,0.013713,0.008522,0.2667,0.044524,0.058231,0.025807,0.023623,0.017895,0.014717,0.027889,69.47,65.19,0.0571,0.000431,60.0
715,NOT_0023_2p_phCA_w500us_rf90_cond23,not_sim_23,Notch,4,train,23,CA,500.0,90.0,0.427016,0.829681,1.942976,5.6621,192.0,60.0,60.1064,10.66,0.579505,0.154142,0.025853,0.033657,0.014941,0.033716,0.013601,0.01763,0.010324,0.013671,0.008468,0.265989,0.044612,0.058079,0.025782,0.02347,0.017815,0.014612,0.027782,69.42,64.97,0.0569,0.000422,60.0
716,NOT_0023_2p_phCA_w500us_rf90_cond23,not_sim_23,Notch,4,train,23,CA,500.0,90.0,0.426601,0.828871,1.942963,5.584,192.0,60.0,59.9954,10.68,0.579079,0.153536,0.02511,0.033698,0.015253,0.033925,0.013507,0.017616,0.010306,0.013631,0.008692,0.265138,0.043362,0.058192,0.02634,0.023325,0.017797,0.01501,0.027583,69.43,65.15,0.0566,0.000428,60.0
717,NOT_0023_2p_phCA_w500us_rf90_cond23,not_sim_23,Notch,4,train,23,CA,500.0,90.0,0.426893,0.829715,1.943614,5.6675,192.0,60.0,59.9966,10.65,0.579314,0.154204,0.025791,0.033693,0.015103,0.033849,0.013591,0.017596,0.010268,0.013719,0.008423,0.266184,0.04452,0.05816,0.02607,0.023461,0.017724,0.01454,0.027812,69.43,65.04,0.0568,0.000449,60.0
718,NOT_0023_2p_phCA_w500us_rf90_cond23,not_sim_23,Notch,4,train,23,CA,500.0,90.0,0.426676,0.831626,1.949079,5.6762,192.0,60.0,59.9946,10.62,0.578892,0.154577,0.025951,0.033575,0.014771,0.033778,0.013714,0.017686,0.010459,0.013685,0.008309,0.267022,0.044829,0.057999,0.025516,0.02369,0.018067,0.014353,0.02792,69.47,65.14,0.057,0.000425,60.0
719,NOT_0023_2p_phCA_w500us_rf90_cond23,not_sim_23,Notch,4,train,23,CA,500.0,90.0,0.426668,0.82956,1.944273,5.658,192.0,60.0,60.1026,10.67,0.578912,0.154439,0.02571,0.033775,0.014874,0.033778,0.013808,0.017683,0.010445,0.013594,0.008397,0.266775,0.044411,0.058342,0.025693,0.023852,0.018042,0.014505,0.027883,69.45,65.0,0.057,0.000423,60.0
720,NOT_0023_2p_phCA_w500us_rf90_cond23,not_sim_23,Notch,4,train,23,CA,500.0,90.0,0.427017,0.829388,1.942285,5.6674,192.0,60.0,60.1036,10.67,0.579491,0.154204,0.025891,0.03364,0.014854,0.03372,0.013698,0.017654,0.010227,0.013722,0.008445,0.266102,0.044679,0.058051,0.025633,0.023638,0.017648,0.014573,0.027802,69.41,64.89,0.0569,0.000427,60.0
721,NOT_0023_2p_phCA_w500us_rf90_cond23,not_sim_23,Notch,4,train,23,CA,500.0,90.0,0.426538,0.83023,1.946438,5.5937,192.0,60.0,60.1043,10.6,0.578981,0.153491,0.025248,0.033974,0.015198,0.033626,0.013433,0.017887,0.010517,0.013626,0.008434,0.265105,0.043608,0.058679,0.02625,0.023201,0.018165,0.014567,0.027581,69.44,65.18,0.0567,0.000427,60.0
722,NOT_0023_2p_phCA_w500us_rf90_cond23,not_sim_23,Notch,4,train,23,CA,500.0,90.0,0.427132,0.829469,1.94195,5.6356,192.0,60.0,59.9951,10.65,0.57964,0.154322,0.02565,0.03379,0.01498,0.033831,0.013594,0.017758,0.010279,0.01361,0.008534,0.266238,0.044252,0.058295,0.025844,0.023452,0.017733,0.014723,0.027848,69.44,65.05,0.0568,0.000384,60.0
723,NOT_0023_2p_phCA_w500us_rf90_cond23,not_sim_23,Notch,4,train,23,CA,500.0,90.0,0.426656,0.829721,1.94471,5.6898,192.0,60.0,59.9959,10.63,0.578902,0.154388,0.026039,0.033723,0.014944,0.033683,0.013549,0.017569,0.01051,0.013843,0.008438,0.266691,0.04498,0.058253,0.025814,0.023405,0.018155,0.014576,0.027874,69.47,65.05,0.057,0.000409,60.0
724,NOT_0023_2p_phCA_w500us_rf90_cond23,not_sim_23,Notch,4,train,23,CA,500.0,90.0,0.426582,0.828638,1.942505,5.6488,192.0,60.0,60.1045,10.67,0.578763,0.154564,0.025677,0.0337,0.014896,0.0337,0.0137,0.017693,0.010425,0.013706,0.008382,0.267059,0.044365,0.058228,0.025738,0.023671,0.018013,0.014483,0.02791,69.46,64.88,0.057,0.000419,60.0
725,NOT_0023_2p_phCA_w500us_rf90_cond23,not_sim_23,Notch,4,train,23,CA,500.0,90.0,0.426935,0.828903,1.941521,5.6689,192.0,60.0,60.1032,10.67,0.579379,0.154167,0.025875,0.033718,0.014945,0.033701,0.013635,0.01759,0.01027,0.013723,0.0085,0.26609,0.04466,0.058197,0.025795,0.023534,0.017726,0.014671,0.027794,69.41,64.85,0.0569,0.00041,60.0
726,NOT_0023_2p_phCA_w500us_rf90_cond23,not_sim_23,Notch,4,train,23,CA,500.0,90.0,0.426531,0.828588,1.942623,5.6161,192.0,60.0,60.105,10.6,0.578966,0.153465,0.025461,0.034102,0.014938,0.033481,0.013632,0.018018,0.010422,0.013469,0.008625,0.265067,0.043977,0.058902,0.025801,0.023545,0.018001,0.014897,0.027582,69.43,65.1,0.0567,0.000411,60.0
727,NOT_0023_2p_phCA_w500us_rf90_cond23,not_sim_23,Notch,4,train,23,CA,500.0,90.0,0.42705,0.829149,1.941574,5.6215,192.0,60.0,59.996,10.65,0.579544,0.1543,0.025668,0.033679,0.014855,0.033608,0.013487,0.017635,0.010297,0.013575,0.008629,0.266244,0.04429,0.058113,0.025632,0.023272,0.017767,0.014889,0.027809,69.43,64.99,0.0567,0.000387,60.0
728,NOT_0023_2p_phCA_w500us_rf90_cond23,not_sim_23,Notch,4,train,23,CA,500.0,90.0,0.426724,0.830704,1.946702,5.6956,192.0,60.0,59.9939,10.64,0.579019,0.1543,0.025999,0.033889,0.015079,0.033782,0.013575,0.017518,0.010452,0.013894,0.008419,0.266485,0.044902,0.058528,0.026042,0.023445,0.018051,0.01454,0.027866,69.45,64.86,0.0569,0.000414,60.0
729,NOT_0023_2p_phCA_w500us_rf90_cond23,not_sim_23,Notch,4,train,23,CA,500.0,90.0,0.426605,0.829075,1.943426,5.657,192.0,60.0,60.1054,10.66,0.578747,0.154719,0.025672,0.033745,0.014984,0.03365,0.013722,0.017827,0.010328,0.013756,0.008453,0.267334,0.044358,0.058307,0.02589,0.02371,0.017845,0.014606,0.027966,69.49,65.11,0.0571,0.000406,60.0
730,NOT_0023_2p_phCA_w500us_rf90_cond23,not_sim_23,Notch,4,train,23,CA,500.0,90.0,0.426816,0.830218,1.945145,5.7016,192.0,60.0,60.1031,10.68,0.579222,0.154116,0.026,0.033568,0.014967,0.033609,0.013807,0.017533,0.010394,0.013635,0.008539,0.266074,0.044888,0.057954,0.02584,0.023837,0.017945,0.014742,0.027773,69.44,65.12,0.0569,0.000409,60.0
731,NOT_0023_2p_phCA_w500us_rf90_cond23,not_sim_23,Notch,4,train,23,CA,500.0,90.0,0.426687,0.829149,1.943225,5.6714,192.0,60.0,60.1049,10.61,0.579102,0.153788,0.025896,0.033897,0.01472,0.033747,0.013834,0.017726,0.010198,0.013692,0.008533,0.265563,0.044718,0.058534,0.025419,0.023889,0.01761,0.014735,0.027696,69.43,64.98,0.0568,0.000417,60.0
732,NOT_0023_2p_phCA_w500us_rf90_cond23,not_sim_23,Notch,4,train,23,CA,500.0,90.0,0.42678,0.828839,1.942073,5.5995,192.0,60.0,59.9948,10.67,0.57924,0.154029,0.025513,0.033451,0.01476,0.03354,0.013536,0.017788,0.010411,0.013711,0.008701,0.265916,0.044046,0.05775,0.025482,0.023369,0.017974,0.015021,0.027709,69.41,64.87,0.0566,0.000399,60.0
733,NOT_0023_2p_phCA_w500us_rf90_cond23,not_sim_23,Notch,4,train,23,CA,500.0,90.0,0.426719,0.829051,1.942849,5.7006,192.0,60.0,59.9965,10.65,0.579084,0.154039,0.026004,0.033796,0.015095,0.033828,0.013626,0.017565,0.010327,0.013728,0.008323,0.266005,0.044905,0.058361,0.026067,0.02353,0.017833,0.014373,0.027777,69.46,65.11,0.0568,0.000423,60.0
734,NOT_0023_2p_phCA_w500us_rf90_cond23,not_sim_23,Notch,4,train,23,CA,500.0,90.0,0.426508,0.828579,1.942707,5.655,192.0,60.0,60.1035,10.66,0.578606,0.15472,0.02574,0.033655,0.014954,0.033757,0.013582,0.01769,0.01042,0.013724,0.00847,0.267401,0.044486,0.058166,0.025845,0.023474,0.018009,0.014639,0.027963,69.5,65.26,0.0571,0.000414,60.0
735,NOT_0023_2p_phCA_w500us_rf90_cond23,not_sim_23,Notch,4,train,23,CA,500.0,90.0,0.426686,0.828684,1.942141,5.7035,192.0,60.0,60.1016,10.67,0.57901,0.154194,0.025999,0.033528,0.014946,0.033576,0.013829,0.017703,0.01037,0.013612,0.008563,0.266306,0.044903,0.057906,0.025813,0.023884,0.01791,0.014789,0.027797,69.45,65.19,0.0569,0.000418,60.0
736,NOT_0024_2p_phAB_w700us_rf100_cond24,not_sim_24,Notch,4,test,24,AB,700.0,100.0,0.536526,0.859129,1.601282,9.2664,97.6,60.0,59.729,11.43,0.73516,0.160801,0.051323,0.024077,0.03941,0.032834,0.021299,0.02903,0.01125,0.016242,0.015729,0.218729,0.069812,0.032751,0.053607,0.028972,0.015303,0.021395,0.033636,68.96,67.93,0.0497,0.000272,60.0
737,NOT_0024_2p_phAB_w700us_rf100_cond24,not_sim_24,Notch,4,test,24,AB,700.0,100.0,0.53659,0.858136,1.59924,9.2578,96.2,60.0,59.7286,11.43,0.735284,0.160724,0.051318,0.023768,0.039376,0.032963,0.021206,0.02894,0.011364,0.016284,0.015604,0.218588,0.069793,0.032325,0.053552,0.028841,0.015455,0.021222,0.033593,68.95,68.01,0.0496,0.000272,60.0
738,NOT_0024_2p_phAB_w700us_rf100_cond24,not_sim_24,Notch,4,test,24,AB,700.0,100.0,0.536649,0.859891,1.602333,9.3134,92.6,60.0,60.2122,11.4,0.735451,0.160169,0.051636,0.023791,0.039468,0.032898,0.021624,0.029093,0.01128,0.016242,0.015555,0.217783,0.07021,0.032349,0.053665,0.029402,0.015338,0.02115,0.033473,68.95,67.89,0.0496,0.000271,60.0
739,NOT_0024_2p_phAB_w700us_rf100_cond24,not_sim_24,Notch,4,test,24,AB,700.0,100.0,0.536548,0.859706,1.60229,9.3003,90.6,60.0,60.2091,11.48,0.735325,0.160068,0.051801,0.023813,0.039282,0.033035,0.021225,0.028968,0.01115,0.016014,0.015721,0.217683,0.070446,0.032384,0.053421,0.028865,0.015163,0.02138,0.033424,68.94,67.84,0.0496,0.000373,60.0
740,NOT_0024_2p_phAB_w700us_rf100_cond24,not_sim_24,Notch,4,test,24,AB,700.0,100.0,0.536753,0.859757,1.601775,9.2952,94.2,60.0,60.2106,11.36,0.735594,0.160225,0.051769,0.023859,0.039308,0.03302,0.021212,0.028908,0.011312,0.016144,0.015501,0.217817,0.070377,0.032435,0.053437,0.028837,0.015378,0.021073,0.033471,68.94,67.89,0.0496,0.000376,60.0
741,NOT_0024_2p_phAB_w700us_rf100_cond24,not_sim_24,Notch,4,test,24,AB,700.0,100.0,0.53657,0.85903,1.600967,9.2277,97.2,60.0,59.7337,11.47,0.735226,0.16086,0.051187,0.02412,0.039152,0.033007,0.021211,0.029086,0.011034,0.016222,0.015518,0.21879,0.069621,0.032806,0.053252,0.02885,0.015008,0.021106,0.033622,68.97,68.02,0.0497,0.000381,60.0
742,NOT_0024_2p_phAB_w700us_rf100_cond24,not_sim_24,Notch,4,test,24,AB,700.0,100.0,0.536576,0.857721,1.598508,9.2618,96.4,60.0,59.7307,11.41,0.735246,0.160785,0.051175,0.023827,0.039567,0.032837,0.021277,0.029014,0.011163,0.016202,0.01559,0.218682,0.069603,0.032407,0.053815,0.028939,0.015183,0.021204,0.033607,68.96,67.99,0.0497,0.00038,60.0
743,NOT_0024_2p_phAB_w700us_rf100_cond24,not_sim_24,Notch,4,test,24,AB,700.0,100.0,0.536686,0.86104,1.604366,9.3075,93.2,60.0,60.2111,11.37,0.735501,0.160185,0.051622,0.024094,0.039588,0.032817,0.021312,0.028947,0.01115,0.015992,0.015557,0.21779,0.070186,0.032759,0.053825,0.028976,0.01516,0.021152,0.033463,68.94,67.81,0.0496,0.000378,60.0
744,NOT_0024_2p_phAB_w700us_rf100_cond24,not_sim_24,Notch,4,test,24,AB,700.0,100.0,0.536712,0.85821,1.599014,9.2855,90.2,60.0,60.2131,11.47,0.735554,0.160151,0.051725,0.023874,0.039253,0.032928,0.02118,0.029318,0.011257,0.016211,0.015581,0.217728,0.070321,0.032457,0.053365,0.028795,0.015304,0.021183,0.033459,68.93,67.73,0.0496,0.000414,60.0
745,NOT_0024_2p_phAB_w700us_rf100_cond24,not_sim_24,Notch,4,test,24,AB,700.0,100.0,0.536676,0.860307,1.603028,9.2957,93.4,60.0,60.211,11.42,0.735481,0.160222,0.051788,0.023894,0.039293,0.032957,0.021171,0.029114,0.011224,0.016158,0.015645,0.217847,0.070414,0.032488,0.053425,0.028785,0.015261,0.021272,0.033482,68.94,67.8,0.0496,0.000418,60.0
746,NOT_0024_2p_phAB_w700us_rf100_cond24,not_sim_24,Notch,4,test,24,AB,700.0,100.0,0.53672,0.85793,1.59847,9.2476,96.4,60.0,59.7297,11.49,0.73544,0.160914,0.051322,0.024136,0.039307,0.032822,0.02113,0.029023,0.011231,0.016223,0.015578,0.2188,0.069784,0.032818,0.053447,0.028731,0.015271,0.021182,0.033653,68.92,67.52,0.0496,0.000411,60.0
747,NOT_0024_2p_phAB_w700us_rf100_cond24,not_sim_24,Notch,4,test,24,AB,700.0,100.0,0.536492,0.858582,1.600362,9.2792,96.6,60.0,59.7294,11.39,0.735152,0.160651,0.051337,0.023923,0.039523,0.032772,0.021353,0.028906,0.011179,0.0162,0.015786,0.218528,0.069832,0.032542,0.053762,0.029046,0.015206,0.021473,0.033581,68.94,67.72,0.0496,0.000402,60.0
748,NOT_0024_2p_phAB_w700us_rf100_cond24,not_sim_24,Notch,4,test,24,AB,700.0,100.0,0.536711,0.858404,1.599378,9.3177,93.4,60.0,60.2128,11.32,0.735501,0.160366,0.051782,0.02414,0.03956,0.032828,0.021219,0.028851,0.011213,0.016234,0.015639,0.218036,0.070404,0.032821,0.053786,0.02885,0.015245,0.021263,0.033541,68.92,67.58,0.0496,0.000414,60.0
749,NOT_0024_2p_phAB_w700us_rf100_cond24,not_sim_24,Notch,4,test,24,AB,700.0,100.0,0.536693,0.85794,1.598569,9.2834,90.4,60.0,60.212,11.49,0.735591,0.159862,0.05167,0.023736,0.039288,0.033079,0.021213,0.029161,0.011195,0.016206,0.015853,0.217325,0.070243,0.032268,0.05341,0.028838,0.015219,0.021551,0.033366,68.94,67.99,0.0494,0.000318,60.0
750,NOT_0024_2p_phAB_w700us_rf100_cond24,not_sim_24,Notch,4,test,24,AB,700.0,100.0,0.536601,0.858261,1.599438,9.2974,92.4,60.0,60.2134,11.44,0.735395,0.160137,0.051779,0.023962,0.039352,0.033038,0.021099,0.029108,0.01121,0.01619,0.015622,0.217756,0.07041,0.032584,0.053511,0.028691,0.015244,0.021243,0.033463,68.93,67.9,0.0495,0.000319,60.0
751,NOT_0024_2p_phAB_w700us_rf100_cond24,not_sim_24,Notch,4,test,24,AB,700.0,100.0,0.536751,0.858776,1.599954,9.2764,96.0,60.0,59.731,11.52,0.735487,0.160814,0.051564,0.024172,0.039265,0.032884,0.021312,0.028983,0.011209,0.016303,0.015578,0.21865,0.070109,0.032865,0.053386,0.028977,0.01524,0.021181,0.033656,68.94,67.73,0.0496,0.000312,60.0
752,NOT_0024_2p_phAB_w700us_rf100_cond24,not_sim_24,Notch,4,test,24,AB,700.0,100.0,0.536508,0.857523,1.598342,9.2744,97.4,60.0,59.7312,11.39,0.735142,0.160797,0.051261,0.02383,0.039537,0.032905,0.021392,0.028931,0.011315,0.016392,0.015765,0.218729,0.069729,0.032416,0.053781,0.029099,0.015392,0.021445,0.033637,68.96,67.91,0.0496,0.000315,60.0
753,NOT_0024_2p_phAB_w700us_rf100_cond24,not_sim_24,Notch,4,test,24,AB,700.0,100.0,0.536764,0.859522,1.601305,9.3046,94.4,60.0,59.7283,11.44,0.735547,0.160476,0.051754,0.024184,0.039409,0.032929,0.021271,0.029231,0.011377,0.016106,0.015581,0.218172,0.070361,0.032879,0.053578,0.028919,0.015467,0.021183,0.033592,68.95,67.92,0.0496,0.000321,60.0
754,NOT_0024_2p_phAB_w700us_rf100_cond24,not_sim_24,Notch,4,test,24,AB,700.0,100.0,0.536839,0.858828,1.599789,9.2267,91.0,60.0,60.2127,11.54,0.735915,0.159731,0.05149,0.023652,0.039027,0.032923,0.020885,0.029023,0.011027,0.016101,0.015606,0.217051,0.069967,0.03214,0.053032,0.02838,0.014984,0.021206,0.033235,68.8,67.05,0.0491,0.000189,60.0
755,NOT_0024_2p_phAB_w700us_rf100_cond24,not_sim_24,Notch,4,test,24,AB,700.0,100.0,0.536676,0.857829,1.598413,9.2949,92.0,60.0,60.2095,11.47,0.735514,0.160049,0.051861,0.023994,0.039265,0.033161,0.021036,0.029164,0.011266,0.016196,0.015747,0.217602,0.07051,0.032622,0.053384,0.0286,0.015317,0.02141,0.033453,68.92,67.71,0.0494,0.000201,60.0
756,NOT_0024_2p_phAB_w700us_rf100_cond24,not_sim_24,Notch,4,test,24,AB,700.0,100.0,0.536761,0.860793,1.60368,9.3197,95.6,60.0,59.7321,11.53,0.735505,0.160649,0.051892,0.023989,0.03949,0.032915,0.021131,0.0291,0.0111,0.016472,0.015646,0.21842,0.070553,0.032616,0.053691,0.02873,0.015092,0.021272,0.033652,68.95,67.78,0.0496,0.000202,60.0
757,NOT_0024_2p_phAB_w700us_rf100_cond24,not_sim_24,Notch,4,test,24,AB,700.0,100.0,0.536381,0.859319,1.602067,9.2792,98.0,60.0,59.7302,11.39,0.734977,0.160698,0.051376,0.02392,0.039496,0.032996,0.021257,0.02894,0.011266,0.016214,0.015827,0.218644,0.069902,0.032545,0.053738,0.028922,0.015328,0.021534,0.033614,68.95,67.85,0.0496,0.000192,60.0
758,NOT_0024_2p_phAB_w700us_rf100_cond24,not_sim_24,Notch,4,test,24,AB,700.0,100.0,0.536732,0.859724,1.601775,9.2972,94.8,60.0,59.7311,11.46,0.735461,0.160741,0.051777,0.023987,0.039215,0.033094,0.021373,0.029032,0.011259,0.016151,0.015729,0.218558,0.070401,0.032615,0.05332,0.029061,0.015309,0.021387,0.033662,68.94,67.67,0.0496,0.000196,60.0
759,NOT_0024_2p_phAB_w700us_rf100_cond24,not_sim_24,Notch,4,test,24,AB,700.0,100.0,0.536595,0.859157,1.601129,9.2618,91.6,60.0,60.2123,11.5,0.735444,0.160036,0.051419,0.023831,0.039275,0.032931,0.02129,0.028992,0.01127,0.016188,0.015736,0.217605,0.069916,0.032404,0.053403,0.028948,0.015324,0.021397,0.033381,68.9,67.63,0.0493,0.000191,60.0
760,NOT_0024_2p_phAB_w700us_rf100_cond24,not_sim_24,Notch,4,test,24,AB,700.0,100.0,0.53652,0.859691,1.602346,9.2893,91.6,60.0,60.2138,11.46,0.73529,0.160094,0.051773,0.023819,0.039248,0.033049,0.021081,0.029094,0.011227,0.016182,0.015591,0.217729,0.070412,0.032394,0.053378,0.02867,0.015269,0.021204,0.033432,68.94,67.91,0.0495,0.000295,60.0
761,NOT_0024_2p_phAB_w700us_rf100_cond24,not_sim_24,Notch,4,test,24,AB,700.0,100.0,0.536767,0.859026,1.60037,9.3265,94.6,60.0,60.2104,11.26,0.73552,0.160535,0.051962,0.023691,0.03954,0.033258,0.021029,0.029216,0.011134,0.016345,0.01585,0.218261,0.070647,0.03221,0.053758,0.028591,0.015138,0.021549,0.03364,68.97,67.84,0.0496,0.000292,60.0
762,NOT_0024_2p_phAB_w700us_rf100_cond24,not_sim_24,Notch,4,test,24,AB,700.0,100.0,0.536548,0.859428,1.601771,9.2827,97.8,60.0,59.7304,11.41,0.735209,0.160681,0.051402,0.02404,0.039497,0.033085,0.021343,0.028897,0.011248,0.016225,0.015831,0.218551,0.069915,0.032698,0.053722,0.02903,0.015299,0.021533,0.033624,68.97,67.98,0.0496,0.000282,60.0
763,NOT_0024_2p_phAB_w700us_rf100_cond24,not_sim_24,Notch,4,test,24,AB,700.0,100.0,0.536693,0.858645,1.599881,9.2828,95.2,60.0,59.728,11.44,0.735426,0.160719,0.051569,0.023798,0.039299,0.033037,0.021371,0.028915,0.011253,0.016208,0.015796,0.218539,0.070121,0.032359,0.053437,0.029059,0.015301,0.021479,0.033624,68.94,67.82,0.0496,0.00029,60.0
764,NOT_0024_2p_phAB_w700us_rf100_cond24,not_sim_24,Notch,4,test,24,AB,700.0,100.0,0.536604,0.858315,1.599531,9.2965,92.2,60.0,60.212,11.46,0.735432,0.159983,0.051579,0.023852,0.039458,0.033023,0.021378,0.029099,0.011423,0.016281,0.015811,0.217536,0.070134,0.032433,0.053653,0.029069,0.015532,0.021499,0.033421,68.94,67.94,0.0495,0.000288,60.0
765,NOT_0024_2p_phAB_w700us_rf100_cond24,not_sim_24,Notch,4,test,24,AB,700.0,100.0,0.53658,0.858662,1.60025,9.283,91.2,60.0,60.2121,11.47,0.735364,0.160193,0.051677,0.023897,0.039309,0.033109,0.021076,0.029035,0.011109,0.016169,0.015721,0.217842,0.070274,0.032497,0.053455,0.028661,0.015107,0.021379,0.033464,68.91,67.58,0.0495,0.000302,60.0
766,NOT_0024_2p_phAB_w700us_rf100_cond24,not_sim_24,Notch,4,test,24,AB,700.0,100.0,0.536695,0.859881,1.602177,9.3154,94.4,60.0,60.2128,11.3,0.73547,0.160336,0.051943,0.023781,0.03945,0.033286,0.020967,0.028965,0.011231,0.016093,0.01559,0.218005,0.070626,0.032334,0.053639,0.028508,0.015271,0.021197,0.033542,68.96,67.95,0.0496,0.000294,60.0
767,NOT_0024_2p_phAB_w700us_rf100_cond24,not_sim_24,Notch,4,test,24,AB,700.0,100.0,0.53649,0.861081,1.605026,9.2594,97.6,60.0,59.7292,11.43,0.735113,0.160816,0.051286,0.024128,0.039375,0.032989,0.02127,0.028999,0.011373,0.016178,0.015642,0.218764,0.069766,0.032822,0.053563,0.028934,0.015471,0.021278,0.033642,68.95,67.73,0.0497,0.000291,60.0
768,NOT_0025_2p_phBC_w650us_rf75_cond25,not_sim_25,Notch,4,val,25,BC,650.0,75.0,0.582512,0.840176,1.442332,4.4024,0.0,60.0,60.0406,22.85,0.821636,0.02278,0.015488,0.011908,0.018624,0.027571,0.026863,0.012298,0.008803,0.007649,0.007689,0.027725,0.01885,0.014493,0.022667,0.032695,0.010714,0.009358,0.003076,61.86,34.66,0.0074,5.5e-05,60.0
769,NOT_0025_2p_phBC_w650us_rf75_cond25,not_sim_25,Notch,4,val,25,BC,650.0,75.0,0.582446,0.83997,1.442142,4.3873,0.0,60.0,60.0254,22.87,0.821544,0.022802,0.015226,0.012344,0.018588,0.027676,0.026866,0.012106,0.008909,0.007633,0.007484,0.027755,0.018533,0.015025,0.022626,0.032702,0.010844,0.00911,0.003078,61.85,34.54,0.0074,5.8e-05,60.0
770,NOT_0025_2p_phBC_w650us_rf75_cond25,not_sim_25,Notch,4,val,25,BC,650.0,75.0,0.582741,0.839935,1.441352,4.3805,0.0,60.0,60.0225,22.87,0.821954,0.023223,0.015286,0.011929,0.018631,0.027788,0.026752,0.012114,0.008812,0.007635,0.007486,0.028253,0.018597,0.014513,0.022667,0.032547,0.010721,0.009108,0.003089,61.85,34.54,0.0075,4.9e-05,60.0
771,NOT_0025_2p_phBC_w650us_rf75_cond25,not_sim_25,Notch,4,val,25,BC,650.0,75.0,0.58246,0.840317,1.442704,4.4256,0.0,60.0,60.021,22.82,0.821521,0.023594,0.015577,0.012284,0.018914,0.02786,0.02686,0.011973,0.008901,0.007661,0.007491,0.02872,0.018961,0.014953,0.023023,0.032695,0.010835,0.009118,0.003143,61.87,34.59,0.0076,5e-05,60.0
772,NOT_0025_2p_phBC_w650us_rf75_cond25,not_sim_25,Notch,4,val,25,BC,650.0,75.0,0.582579,0.839397,1.440831,4.3862,0.0,60.0,60.0355,22.85,0.82172,0.023218,0.015215,0.012179,0.018803,0.027606,0.02672,0.012132,0.008828,0.007578,0.007535,0.028255,0.018516,0.014821,0.022882,0.032517,0.010743,0.00917,0.003088,61.86,34.65,0.0075,5.2e-05,60.0
773,NOT_0025_2p_phBC_w650us_rf75_cond25,not_sim_25,Notch,4,val,25,BC,650.0,75.0,0.58272,0.839692,1.440986,4.3843,0.0,60.0,60.0367,22.85,0.821924,0.023072,0.015321,0.012056,0.018576,0.027689,0.02681,0.012195,0.008919,0.007661,0.007523,0.028071,0.01864,0.014668,0.022601,0.032619,0.010851,0.009153,0.003086,61.86,34.61,0.0075,4.7e-05,60.0
774,NOT_0025_2p_phBC_w650us_rf75_cond25,not_sim_25,Notch,4,val,25,BC,650.0,75.0,0.58244,0.839211,1.440855,4.4147,0.0,60.0,60.0249,22.84,0.821527,0.022753,0.015406,0.012256,0.018569,0.027677,0.027079,0.01206,0.008847,0.00784,0.007469,0.027696,0.018753,0.014919,0.022603,0.032962,0.010769,0.009092,0.00309,61.87,34.77,0.0075,5.2e-05,60.0
775,NOT_0025_2p_phBC_w650us_rf75_cond25,not_sim_25,Notch,4,val,25,BC,650.0,75.0,0.582677,0.838685,1.439366,4.3878,0.0,60.0,60.0203,22.85,0.821857,0.023258,0.015242,0.012003,0.018504,0.027653,0.026938,0.01228,0.008936,0.007604,0.007572,0.028299,0.018546,0.014605,0.022515,0.032777,0.010873,0.009213,0.003096,61.86,34.6,0.0075,4.6e-05,60.0
776,NOT_0025_2p_phBC_w650us_rf75_cond25,not_sim_25,Notch,4,val,25,BC,650.0,75.0,0.58246,0.838725,1.43997,4.4271,0.0,60.0,60.0246,22.86,0.82153,0.023515,0.015674,0.012105,0.01886,0.02771,0.026859,0.01214,0.008915,0.007716,0.007462,0.028623,0.019079,0.014735,0.022957,0.032694,0.010852,0.009083,0.003132,61.86,34.55,0.0075,5.1e-05,60.0
777,NOT_0025_2p_phBC_w650us_rf75_cond25,not_sim_25,Notch,4,val,25,BC,650.0,75.0,0.582383,0.840727,1.443599,4.385,0.0,60.0,60.037,22.84,0.821436,0.02349,0.015114,0.011892,0.018822,0.027836,0.026734,0.011959,0.00907,0.007644,0.007419,0.028596,0.018399,0.014477,0.022914,0.032545,0.011042,0.009032,0.003104,61.86,34.52,0.0075,5.3e-05,60.0
778,NOT_0025_2p_phBC_w650us_rf75_cond25,not_sim_25,Notch,4,val,25,BC,650.0,75.0,0.582722,0.838911,1.439644,4.3956,0.0,60.0,60.0403,22.85,0.821923,0.023026,0.015311,0.012017,0.018659,0.027795,0.026883,0.012227,0.008902,0.007557,0.007484,0.028015,0.018628,0.014621,0.022702,0.032707,0.010831,0.009105,0.003094,61.86,34.62,0.0075,5.2e-05,60.0
779,NOT_0025_2p_phBC_w650us_rf75_cond25,not_sim_25,Notch,4,val,25,BC,650.0,75.0,0.58243,0.838542,1.439729,4.379,0.0,60.0,60.0394,22.83,0.821519,0.022695,0.015549,0.012041,0.018397,0.027887,0.02672,0.012306,0.009027,0.007596,0.007552,0.027626,0.018927,0.014657,0.022394,0.032525,0.010988,0.009193,0.00308,61.86,34.68,0.0074,5.4e-05,60.0
780,NOT_0025_2p_phBC_w650us_rf75_cond25,not_sim_25,Notch,4,val,25,BC,650.0,75.0,0.582606,0.839887,1.441606,4.3865,0.0,60.0,60.0237,22.88,0.821764,0.023105,0.015283,0.011921,0.018517,0.027695,0.026887,0.012192,0.008838,0.00773,0.00748,0.028116,0.018598,0.014507,0.022533,0.032719,0.010755,0.009102,0.003085,61.85,34.6,0.0074,4.9e-05,60.0
781,NOT_0025_2p_phBC_w650us_rf75_cond25,not_sim_25,Notch,4,val,25,BC,650.0,75.0,0.582518,0.839473,1.44111,4.4136,0.0,60.0,60.0238,22.85,0.821609,0.023667,0.015623,0.012151,0.018898,0.02784,0.026716,0.012066,0.008919,0.007681,0.007434,0.028806,0.019015,0.014789,0.023001,0.032517,0.010856,0.009048,0.003137,61.86,34.6,0.0075,5.3e-05,60.0
782,NOT_0025_2p_phBC_w650us_rf75_cond25,not_sim_25,Notch,4,val,25,BC,650.0,75.0,0.582441,0.839776,1.44182,4.3897,0.0,60.0,60.0373,22.87,0.82152,0.023405,0.015147,0.011773,0.018748,0.027869,0.026825,0.012011,0.008909,0.007742,0.007561,0.02849,0.018438,0.014331,0.022821,0.032653,0.010845,0.009204,0.003104,61.86,34.63,0.0075,5.1e-05,60.0
783,NOT_0025_2p_phBC_w650us_rf75_cond25,not_sim_25,Notch,4,val,25,BC,650.0,75.0,0.582713,0.839076,1.439946,4.3924,0.0,60.0,60.0368,22.87,0.821918,0.022894,0.015229,0.012038,0.018675,0.027708,0.026883,0.012138,0.008898,0.007613,0.007535,0.027854,0.018529,0.014646,0.022721,0.032708,0.010826,0.009168,0.003081,61.85,34.63,0.0074,4.8e-05,60.0
784,NOT_0025_2p_phBC_w650us_rf75_cond25,not_sim_25,Notch,4,val,25,BC,650.0,75.0,0.582408,0.839792,1.441931,4.3962,0.0,60.0,60.0353,22.86,0.821492,0.022527,0.015618,0.011987,0.018519,0.027772,0.026784,0.012255,0.008893,0.007637,0.007482,0.027422,0.019012,0.014592,0.022543,0.032604,0.010825,0.009108,0.00307,61.86,34.63,0.0074,5.6e-05,60.0
785,NOT_0025_2p_phBC_w650us_rf75_cond25,not_sim_25,Notch,4,val,25,BC,650.0,75.0,0.58255,0.839744,1.441498,4.3892,0.0,60.0,60.0188,22.86,0.821685,0.023111,0.015141,0.011809,0.0187,0.027736,0.026866,0.012199,0.008909,0.007697,0.007635,0.028126,0.018427,0.014372,0.022758,0.032696,0.010842,0.009292,0.003089,61.85,34.58,0.0074,5.3e-05,60.0
786,NOT_0025_2p_phBC_w650us_rf75_cond25,not_sim_25,Notch,4,val,25,BC,650.0,75.0,0.582571,0.838786,1.439801,4.4163,0.0,60.0,60.0227,22.83,0.821692,0.023457,0.015509,0.012206,0.018749,0.027818,0.026922,0.012004,0.008951,0.007593,0.007456,0.028547,0.018874,0.014855,0.022818,0.032764,0.010893,0.009074,0.003127,61.85,34.44,0.0075,5.3e-05,60.0
787,NOT_0025_2p_phBC_w650us_rf75_cond25,not_sim_25,Notch,4,val,25,BC,650.0,75.0,0.582436,0.838946,1.440409,4.3873,0.0,60.0,60.036,22.87,0.821513,0.023502,0.015221,0.011657,0.018695,0.027806,0.026793,0.012147,0.00897,0.007599,0.007413,0.028608,0.018528,0.01419,0.022757,0.032614,0.010919,0.009024,0.003101,61.86,34.62,0.0075,5.5e-05,60.0
788,NOT_0025_2p_phBC_w650us_rf75_cond25,not_sim_25,Notch,4,val,25,BC,650.0,75.0,0.582624,0.839768,1.441354,4.3778,0.0,60.0,60.0367,22.87,0.821793,0.023038,0.01528,0.012031,0.018506,0.027713,0.026803,0.012159,0.008874,0.007634,0.007534,0.028034,0.018593,0.01464,0.022519,0.032615,0.010798,0.009168,0.003079,61.85,34.6,0.0074,4.9e-05,60.0
789,NOT_0025_2p_phBC_w650us_rf75_cond25,not_sim_25,Notch,4,val,25,BC,650.0,75.0,0.582499,0.839594,1.441366,4.4239,0.0,60.0,60.0365,22.84,0.821609,0.022724,0.015725,0.011836,0.0188,0.027684,0.026841,0.012237,0.008821,0.007695,0.007452,0.027658,0.019139,0.014406,0.022882,0.032669,0.010736,0.00907,0.003086,61.86,34.57,0.0075,5.6e-05,60.0
790,NOT_0025_2p_phBC_w650us_rf75_cond25,not_sim_25,Notch,4,val,25,BC,650.0,75.0,0.582557,0.839796,1.441569,4.3848,0.0,60.0,60.0258,22.86,0.821692,0.023147,0.015116,0.011954,0.018675,0.027725,0.02685,0.012169,0.008909,0.007639,0.007488,0.02817,0.018396,0.014548,0.022727,0.032676,0.010842,0.009113,0.003087,61.86,34.65,0.0075,5.6e-05,60.0
791,NOT_0025_2p_phBC_w650us_rf75_cond25,not_sim_25,Notch,4,val,25,BC,650.0,75.0,0.582621,0.839395,1.440722,4.3743,0.0,60.0,60.0254,22.87,0.821785,0.023379,0.015311,0.012014,0.018529,0.02762,0.02673,0.012144,0.008882,0.007609,0.007565,0.028449,0.018631,0.014619,0.022547,0.032527,0.010808,0.009206,0.003088,61.84,34.41,0.0075,5e-05,60.0
792,NOT_0025_2p_phBC_w650us_rf75_cond25,not_sim_25,Notch,4,val,25,BC,650.0,75.0,0.58239,0.839929,1.44221,4.3794,0.0,60.0,60.0335,22.88,0.821457,0.023578,0.015339,0.011762,0.018583,0.027622,0.026713,0.011961,0.009028,0.007638,0.007408,0.028703,0.018673,0.014318,0.022622,0.032519,0.01099,0.009018,0.003089,61.85,34.64,0.0075,5.6e-05,60.0
793,NOT_0025_2p_phBC_w650us_rf75_cond25,not_sim_25,Notch,4,val,25,BC,650.0,75.0,0.582681,0.838881,1.439691,4.3772,0.0,60.0,60.0393,22.88,0.821878,0.023022,0.015228,0.01204,0.018495,0.027616,0.026838,0.012147,0.008981,0.00764,0.007575,0.028011,0.018528,0.014649,0.022503,0.032654,0.010927,0.009217,0.003076,61.84,34.35,0.0074,5.6e-05,60.0
794,NOT_0025_2p_phBC_w650us_rf75_cond25,not_sim_25,Notch,4,val,25,BC,650.0,75.0,0.582464,0.840034,1.442207,4.4195,0.0,60.0,60.0361,22.86,0.82157,0.022709,0.015575,0.011679,0.018671,0.027621,0.026966,0.012107,0.00894,0.007559,0.007665,0.027641,0.018958,0.014215,0.022726,0.032823,0.010882,0.00933,0.003076,61.85,34.47,0.0074,5.2e-05,60.0
795,NOT_0025_2p_phBC_w650us_rf75_cond25,not_sim_25,Notch,4,val,25,BC,650.0,75.0,0.582434,0.839386,1.44117,4.3878,0.0,60.0,60.0224,22.88,0.821531,0.022939,0.015262,0.012126,0.018655,0.027492,0.026804,0.012157,0.008957,0.007494,0.007648,0.027922,0.018578,0.01476,0.022708,0.032627,0.010903,0.009309,0.003071,61.85,34.43,0.0074,5.1e-05,60.0
796,NOT_0025_2p_phBC_w650us_rf75_cond25,not_sim_25,Notch,4,val,25,BC,650.0,75.0,0.582658,0.840983,1.443355,4.3785,0.0,60.0,60.0233,22.87,0.821838,0.023213,0.015264,0.01183,0.018541,0.027746,0.026798,0.012196,0.008986,0.007654,0.007556,0.028245,0.018573,0.014395,0.02256,0.032607,0.010934,0.009194,0.003089,61.84,34.25,0.0074,4.7e-05,60.0
797,NOT_0025_2p_phBC_w650us_rf75_cond25,not_sim_25,Notch,4,val,25,BC,650.0,75.0,0.582362,0.839092,1.440842,4.3777,0.0,60.0,60.0226,22.85,0.821406,0.023636,0.015551,0.012015,0.018455,0.027604,0.026657,0.011995,0.009091,0.007869,0.007649,0.028775,0.018932,0.014627,0.022468,0.032453,0.011068,0.009312,0.003105,61.86,34.63,0.0075,5.6e-05,60.0
798,NOT_0025_2p_phBC_w650us_rf75_cond25,not_sim_25,Notch,4,val,25,BC,650.0,75.0,0.582682,0.839371,1.44053,4.3735,0.0,60.0,60.0385,22.88,0.821883,0.022928,0.015123,0.012072,0.018408,0.027569,0.026917,0.012079,0.008948,0.007666,0.007502,0.027897,0.0184,0.014688,0.022397,0.03275,0.010887,0.009128,0.003065,61.85,34.59,0.0074,5.2e-05,60.0
799,NOT_0025_2p_phBC_w650us_rf75_cond25,not_sim_25,Notch,4,val,25,BC,650.0,75.0,0.582663,0.839131,1.440166,4.4088,0.0,60.0,60.0399,22.84,0.821844,0.022801,0.015462,0.011921,0.018709,0.02764,0.026902,0.012149,0.00893,0.007639,0.007587,0.027744,0.018814,0.014505,0.022765,0.032734,0.010866,0.009232,0.003082,61.86,34.62,0.0075,5.7e-05,60.0
800,NOT_0026_2p_phCA_w600us_rf85_cond26,not_sim_26,Notch,4,train,26,CA,600.0,85.0,0.430605,0.849066,1.971797,6.3539,190.2,60.0,60.0708,10.16,0.581728,0.163292,0.026004,0.036272,0.019607,0.034258,0.017481,0.01843,0.012974,0.013272,0.011956,0.280702,0.044701,0.062352,0.033705,0.03005,0.022303,0.020553,0.031347,70.82,71.31,0.0611,0.000164,60.0
801,NOT_0026_2p_phCA_w600us_rf85_cond26,not_sim_26,Notch,4,train,26,CA,600.0,85.0,0.430505,0.849892,1.974175,6.3373,190.2,60.0,60.0719,10.13,0.581597,0.163285,0.025963,0.036265,0.019521,0.034274,0.017416,0.01836,0.013013,0.013334,0.011865,0.280753,0.044641,0.062354,0.033564,0.029945,0.022375,0.020401,0.031335,70.8,71.22,0.0611,0.000153,60.0
802,NOT_0026_2p_phCA_w600us_rf85_cond26,not_sim_26,Notch,4,train,26,CA,600.0,85.0,0.430474,0.849963,1.974483,6.3846,190.4,60.0,59.9122,10.19,0.581511,0.163337,0.026275,0.036258,0.019495,0.034301,0.017549,0.018436,0.013012,0.013373,0.011904,0.280884,0.045184,0.062351,0.033525,0.030178,0.022376,0.020471,0.031378,70.83,71.37,0.0612,0.000159,60.0
803,NOT_0026_2p_phCA_w600us_rf85_cond26,not_sim_26,Notch,4,train,26,CA,600.0,85.0,0.430486,0.850623,1.97596,6.3648,190.2,60.0,59.9168,10.14,0.581559,0.163303,0.026052,0.036193,0.019647,0.034189,0.017476,0.018426,0.012991,0.013386,0.011985,0.280802,0.044797,0.062234,0.033783,0.03005,0.022338,0.020608,0.031348,70.81,71.24,0.0611,0.000164,60.0
804,NOT_0026_2p_phCA_w600us_rf85_cond26,not_sim_26,Notch,4,train,26,CA,600.0,85.0,0.430556,0.850626,1.975645,6.3628,190.4,60.0,59.9114,10.11,0.581691,0.163184,0.026034,0.036278,0.019606,0.034217,0.017542,0.018527,0.012997,0.01324,0.011955,0.280534,0.044756,0.062366,0.033705,0.030157,0.022343,0.020552,0.031316,70.81,71.26,0.061,0.00017,60.0
805,NOT_0026_2p_phCA_w600us_rf85_cond26,not_sim_26,Notch,4,train,26,CA,600.0,85.0,0.430553,0.850167,1.974593,6.3688,190.2,60.0,60.0631,10.17,0.58167,0.163256,0.026042,0.036257,0.019578,0.03426,0.017632,0.018416,0.012999,0.0133,0.011953,0.280668,0.044771,0.062333,0.033658,0.030313,0.022348,0.020549,0.031341,70.8,71.16,0.061,0.000161,60.0
806,NOT_0026_2p_phCA_w600us_rf85_cond26,not_sim_26,Notch,4,train,26,CA,600.0,85.0,0.430467,0.848823,1.971867,6.3583,190.4,60.0,60.0625,10.15,0.58155,0.163231,0.026053,0.036205,0.019603,0.034381,0.017441,0.018464,0.012878,0.013253,0.011882,0.280683,0.044799,0.062256,0.033708,0.029991,0.022144,0.020432,0.031328,70.81,71.26,0.061,0.00016,60.0
807,NOT_0026_2p_phCA_w600us_rf85_cond26,not_sim_26,Notch,4,train,26,CA,600.0,85.0,0.430469,0.84864,1.971432,6.3688,190.4,60.0,59.9109,10.2,0.58151,0.163367,0.026221,0.036254,0.019478,0.034224,0.017454,0.018436,0.01297,0.013367,0.011952,0.280936,0.045091,0.062345,0.033496,0.030015,0.022304,0.020553,0.031376,70.81,71.15,0.0611,0.000162,60.0
808,NOT_0026_2p_phCA_w600us_rf85_cond26,not_sim_26,Notch,4,train,26,CA,600.0,85.0,0.430597,0.851872,1.978349,6.3562,190.0,60.0,59.9169,10.14,0.581688,0.163423,0.02607,0.036189,0.019564,0.034204,0.017454,0.018462,0.012939,0.013353,0.012035,0.280946,0.044818,0.062214,0.033633,0.030006,0.022244,0.02069,0.031385,70.83,71.43,0.0611,0.000159,60.0
809,NOT_0026_2p_phCA_w600us_rf85_cond26,not_sim_26,Notch,4,train,26,CA,600.0,85.0,0.430561,0.850353,1.974991,6.3799,190.0,60.0,59.9108,10.12,0.581666,0.163249,0.026157,0.036379,0.019625,0.034188,0.017544,0.018481,0.012977,0.013345,0.012,0.280658,0.044969,0.062543,0.033739,0.030162,0.02231,0.02063,0.031352,70.82,71.3,0.0611,0.000153,60.0
810,NOT_0026_2p_phCA_w600us_rf85_cond26,not_sim_26,Notch,4,train,26,CA,600.0,85.0,0.430576,0.850451,1.975148,6.3859,190.2,60.0,60.0677,10.17,0.581675,0.163326,0.026159,0.036249,0.0196,0.034228,0.017645,0.018436,0.012942,0.013309,0.012041,0.280786,0.044972,0.062318,0.033696,0.030335,0.02225,0.020701,0.03137,70.82,71.2,0.0611,0.000148,60.0
811,NOT_0026_2p_phCA_w600us_rf85_cond26,not_sim_26,Notch,4,train,26,CA,600.0,85.0,0.430482,0.851729,1.978546,6.3871,190.4,60.0,60.0716,10.14,0.581505,0.163391,0.02616,0.036307,0.019594,0.034325,0.017641,0.018459,0.012989,0.013308,0.012013,0.28098,0.044987,0.062436,0.033695,0.030337,0.022337,0.020658,0.031403,70.85,71.35,0.0612,0.000151,60.0
812,NOT_0026_2p_phCA_w600us_rf85_cond26,not_sim_26,Notch,4,train,26,CA,600.0,85.0,0.430525,0.851043,1.976754,6.3734,190.4,60.0,59.9166,10.2,0.581566,0.16346,0.026181,0.036201,0.019534,0.034251,0.017517,0.018473,0.012913,0.013237,0.012015,0.281069,0.045018,0.062247,0.033589,0.03012,0.022204,0.02066,0.031404,70.83,71.31,0.0611,0.00015,60.0
813,NOT_0026_2p_phCA_w600us_rf85_cond26,not_sim_26,Notch,4,train,26,CA,600.0,85.0,0.430485,0.849445,1.973227,6.3761,190.2,60.0,59.9156,10.14,0.581522,0.16337,0.026108,0.036403,0.019604,0.034161,0.017575,0.018419,0.013078,0.013335,0.011997,0.280935,0.044896,0.0626,0.033712,0.030222,0.022489,0.02063,0.031389,70.83,71.31,0.0612,0.000152,60.0
814,NOT_0026_2p_phCA_w600us_rf85_cond26,not_sim_26,Notch,4,train,26,CA,600.0,85.0,0.430531,0.84941,1.972937,6.3642,190.2,60.0,59.9156,10.13,0.581634,0.163234,0.026026,0.036291,0.019581,0.034291,0.017591,0.018383,0.013005,0.013306,0.011997,0.280647,0.044746,0.062395,0.033666,0.030244,0.022359,0.020626,0.031337,70.83,71.39,0.0611,0.000175,60.0
815,NOT_0026_2p_phCA_w600us_rf85_cond26,not_sim_26,Notch,4,train,26,CA,600.0,85.0,0.430558,0.849841,1.973812,6.3723,190.4,60.0,60.0649,10.17,0.581663,0.163269,0.02612,0.036254,0.019623,0.034249,0.017507,0.01837,0.012934,0.013346,0.011933,0.280693,0.044906,0.062328,0.033736,0.030098,0.022236,0.020515,0.031343,70.85,71.56,0.0611,0.00017,60.0
816,NOT_0026_2p_phCA_w600us_rf85_cond26,not_sim_26,Notch,4,train,26,CA,600.0,85.0,0.430467,0.850504,1.975769,6.3562,190.4,60.0,60.0613,10.16,0.581486,0.163409,0.026057,0.036335,0.019503,0.034326,0.017514,0.018568,0.013041,0.013331,0.012013,0.28102,0.044811,0.062486,0.03354,0.030119,0.022427,0.020659,0.031404,70.85,71.41,0.0611,0.000178,60.0
817,NOT_0026_2p_phCA_w600us_rf85_cond26,not_sim_26,Notch,4,train,26,CA,600.0,85.0,0.430531,0.850033,1.974384,6.3608,190.4,60.0,60.0622,10.1,0.581563,0.163479,0.026069,0.036325,0.019567,0.034293,0.017492,0.018463,0.012978,0.013346,0.011998,0.281103,0.044826,0.062461,0.033646,0.030078,0.022316,0.020631,0.031421,70.84,71.38,0.0611,0.000168,60.0
818,NOT_0026_2p_phCA_w600us_rf85_cond26,not_sim_26,Notch,4,train,26,CA,600.0,85.0,0.430384,0.850321,1.975727,6.3837,190.4,60.0,59.9175,10.15,0.581396,0.163269,0.026179,0.036292,0.019611,0.034318,0.017536,0.018483,0.01298,0.013401,0.011988,0.280822,0.045028,0.062422,0.033731,0.030162,0.022326,0.020619,0.031362,70.84,71.36,0.0611,0.00017,60.0
819,NOT_0026_2p_phCA_w600us_rf85_cond26,not_sim_26,Notch,4,train,26,CA,600.0,85.0,0.430663,0.851686,1.977618,6.3845,189.8,60.0,59.9165,10.13,0.581768,0.163397,0.02611,0.036325,0.019624,0.034267,0.017685,0.018566,0.013093,0.013301,0.012099,0.280863,0.04488,0.062439,0.033732,0.030399,0.022506,0.020797,0.031411,70.85,71.34,0.0611,5.8e-05,60.0
820,NOT_0026_2p_phCA_w600us_rf85_cond26,not_sim_26,Notch,4,train,26,CA,600.0,85.0,0.430582,0.852892,1.980789,6.3951,190.2,60.0,60.0626,10.17,0.581663,0.163351,0.026139,0.036274,0.019745,0.034321,0.017622,0.018497,0.012904,0.013369,0.012084,0.280834,0.044938,0.062363,0.033946,0.030296,0.022185,0.020775,0.031394,70.86,71.51,0.0611,5.4e-05,60.0
821,NOT_0026_2p_phCA_w600us_rf85_cond26,not_sim_26,Notch,4,train,26,CA,600.0,85.0,0.430545,0.853166,1.981596,6.3801,190.0,60.0,60.0649,10.16,0.581597,0.163402,0.026073,0.036282,0.019706,0.034261,0.017571,0.018489,0.013035,0.013255,0.012135,0.280954,0.04483,0.062383,0.033883,0.030212,0.022412,0.020865,0.031402,70.87,71.61,0.0611,5.1e-05,60.0
822,NOT_0026_2p_phCA_w600us_rf85_cond26,not_sim_26,Notch,4,train,26,CA,600.0,85.0,0.430615,0.851438,1.977262,6.3836,190.0,60.0,60.0658,10.1,0.581658,0.163552,0.026063,0.036309,0.019759,0.034316,0.017579,0.018455,0.01305,0.013335,0.012044,0.281182,0.044808,0.062423,0.03397,0.030222,0.022436,0.020706,0.031458,70.85,71.24,0.0611,5.1e-05,60.0
823,NOT_0026_2p_phCA_w600us_rf85_cond26,not_sim_26,Notch,4,train,26,CA,600.0,85.0,0.430512,0.851685,1.978307,6.3951,190.0,60.0,59.9153,10.16,0.581537,0.163403,0.026147,0.036338,0.019735,0.034384,0.017607,0.018409,0.012979,0.013288,0.012016,0.280985,0.044962,0.062486,0.033936,0.030277,0.022318,0.020662,0.031415,70.87,71.49,0.0612,5.2e-05,60.0
824,NOT_0026_2p_phCA_w600us_rf85_cond26,not_sim_26,Notch,4,train,26,CA,600.0,85.0,0.430753,0.854088,1.982778,6.4122,190.0,60.0,59.9183,10.13,0.581858,0.163495,0.026236,0.036327,0.019737,0.034268,0.017725,0.018528,0.013074,0.013221,0.012152,0.280988,0.04509,0.062433,0.033921,0.030463,0.022469,0.020885,0.031453,70.88,71.6,0.0612,0.000211,60.0
825,NOT_0026_2p_phCA_w600us_rf85_cond26,not_sim_26,Notch,4,train,26,CA,600.0,85.0,0.430777,0.852952,1.980032,6.4059,190.0,60.0,60.0672,10.17,0.581911,0.163453,0.026163,0.036339,0.019842,0.034188,0.017645,0.018525,0.013046,0.01331,0.012252,0.28089,0.04496,0.062448,0.034098,0.030323,0.022419,0.021055,0.031436,70.88,71.61,0.0612,0.000207,60.0
826,NOT_0026_2p_phCA_w600us_rf85_cond26,not_sim_26,Notch,4,train,26,CA,600.0,85.0,0.430699,0.852338,1.978963,6.4062,189.6,60.0,60.0662,10.15,0.581772,0.163518,0.026128,0.036362,0.019747,0.034314,0.017788,0.018615,0.013113,0.013231,0.012144,0.281069,0.044911,0.062502,0.033943,0.030576,0.02254,0.020874,0.031468,70.88,71.58,0.0612,0.000211,60.0
827,NOT_0026_2p_phCA_w600us_rf85_cond26,not_sim_26,Notch,4,train,26,CA,600.0,85.0,0.430711,0.853655,1.981966,6.3962,190.0,60.0,60.071,10.1,0.581784,0.163549,0.026145,0.036383,0.019709,0.034247,0.017684,0.018447,0.013164,0.013331,0.012207,0.281116,0.044939,0.062537,0.033877,0.030396,0.022627,0.020982,0.03147,70.89,71.52,0.0612,0.000204,60.0
828,NOT_0026_2p_phCA_w600us_rf85_cond26,not_sim_26,Notch,4,train,26,CA,600.0,85.0,0.430659,0.850546,1.974987,6.3985,190.2,60.0,59.9091,10.16,0.581703,0.163567,0.026158,0.036342,0.019707,0.034339,0.017684,0.018378,0.01311,0.013313,0.012103,0.281186,0.044968,0.062475,0.033878,0.0304,0.022537,0.020806,0.031473,70.89,71.6,0.0612,0.000213,60.0
829,NOT_0026_2p_phCA_w600us_rf85_cond26,not_sim_26,Notch,4,train,26,CA,600.0,85.0,0.430594,0.852581,1.980012,6.3946,189.8,60.0,59.9128,10.13,0.581659,0.163463,0.02611,0.036232,0.019745,0.034252,0.01766,0.018385,0.013051,0.013291,0.012049,0.281029,0.044889,0.062291,0.033946,0.030361,0.022438,0.020715,0.03142,70.84,71.32,0.0611,0.000223,60.0
830,NOT_0026_2p_phCA_w600us_rf85_cond26,not_sim_26,Notch,4,train,26,CA,600.0,85.0,0.430644,0.851952,1.97832,6.3904,190.0,60.0,60.0606,10.18,0.58177,0.163296,0.026118,0.036303,0.019668,0.034295,0.017697,0.01848,0.013043,0.013261,0.012095,0.280688,0.044894,0.062401,0.033807,0.030419,0.02242,0.02079,0.031376,70.86,71.53,0.0611,0.000228,60.0
831,NOT_0026_2p_phCA_w600us_rf85_cond26,not_sim_26,Notch,4,train,26,CA,600.0,85.0,0.430649,0.851401,1.977019,6.3998,189.8,60.0,60.0613,10.16,0.581741,0.163426,0.026157,0.036362,0.01971,0.034231,0.017704,0.01848,0.013068,0.013302,0.012006,0.280926,0.044963,0.062505,0.033881,0.030433,0.022464,0.020638,0.031421,70.85,71.42,0.0611,0.000227,60.0
832,NOT_0027_2p_phAB_w450us_rf85_cond27,not_sim_27,Notch,4,train,27,AB,450.0,85.0,0.558715,0.858889,1.537258,8.0247,31.8,60.0,59.8434,15.43,0.780402,0.085929,0.049544,0.031199,0.033629,0.029136,0.01834,0.015892,0.009055,0.02131,0.016406,0.110109,0.063485,0.039978,0.043092,0.023501,0.011603,0.021022,0.014186,65.31,57.21,0.0262,3.2e-05,60.0
833,NOT_0027_2p_phAB_w450us_rf85_cond27,not_sim_27,Notch,4,train,27,AB,450.0,85.0,0.558567,0.859443,1.538657,8.0422,33.0,60.0,59.843,15.47,0.780206,0.085782,0.049671,0.030967,0.033644,0.028932,0.018382,0.01603,0.009123,0.021315,0.01644,0.109948,0.063664,0.039691,0.043122,0.02356,0.011693,0.021071,0.014156,65.32,57.26,0.0262,3.3e-05,60.0
834,NOT_0027_2p_phAB_w450us_rf85_cond27,not_sim_27,Notch,4,train,27,AB,450.0,85.0,0.558595,0.861468,1.542205,8.0089,33.0,60.0,60.1771,15.36,0.780242,0.085979,0.04935,0.03106,0.033672,0.029068,0.018321,0.015916,0.009102,0.021329,0.016385,0.110195,0.06325,0.039808,0.043156,0.023481,0.011666,0.021,0.014167,65.31,57.13,0.0262,3.1e-05,60.0
835,NOT_0027_2p_phAB_w450us_rf85_cond27,not_sim_27,Notch,4,train,27,AB,450.0,85.0,0.558481,0.858943,1.537999,8.0425,30.4,60.0,60.1806,15.44,0.780022,0.086239,0.049658,0.031272,0.03362,0.028992,0.018416,0.015937,0.009197,0.021257,0.016411,0.11056,0.063662,0.040091,0.043101,0.02361,0.011791,0.021039,0.014251,65.32,57.11,0.0263,8.3e-05,60.0
836,NOT_0027_2p_phAB_w450us_rf85_cond27,not_sim_27,Notch,4,train,27,AB,450.0,85.0,0.558505,0.861553,1.542606,8.0284,30.2,60.0,60.1796,15.44,0.780093,0.086101,0.049455,0.031088,0.033741,0.028992,0.018388,0.015805,0.009208,0.021246,0.016311,0.110373,0.063396,0.039852,0.043253,0.023572,0.011804,0.020909,0.014195,65.32,57.29,0.0262,7.9e-05,60.0
837,NOT_0027_2p_phAB_w450us_rf85_cond27,not_sim_27,Notch,4,train,27,AB,450.0,85.0,0.558604,0.859839,1.539265,8.0304,31.2,60.0,59.8398,15.42,0.780241,0.08596,0.049559,0.031236,0.033612,0.02894,0.018439,0.016077,0.009105,0.021142,0.016468,0.110171,0.063518,0.040034,0.043079,0.023632,0.011669,0.021106,0.014188,65.31,57.16,0.0262,7.7e-05,60.0
838,NOT_0027_2p_phAB_w450us_rf85_cond27,not_sim_27,Notch,4,train,27,AB,450.0,85.0,0.558515,0.858608,1.537307,8.0327,33.2,60.0,59.8407,15.43,0.780107,0.08606,0.049629,0.031084,0.033531,0.028848,0.018422,0.016078,0.008937,0.021244,0.016353,0.110318,0.063618,0.039846,0.042983,0.023615,0.011456,0.020963,0.014189,65.32,57.23,0.0262,8.3e-05,60.0
839,NOT_0027_2p_phAB_w450us_rf85_cond27,not_sim_27,Notch,4,train,27,AB,450.0,85.0,0.558491,0.860147,1.540126,8.0283,33.2,60.0,60.1765,15.32,0.780063,0.086115,0.049582,0.03113,0.033636,0.029017,0.018227,0.015957,0.009092,0.021191,0.016345,0.110395,0.063562,0.039907,0.04312,0.023366,0.011655,0.020953,0.014202,65.32,57.3,0.0263,7.8e-05,60.0
840,NOT_0027_2p_phAB_w450us_rf85_cond27,not_sim_27,Notch,4,train,27,AB,450.0,85.0,0.558669,0.859512,1.5385,8.0226,31.2,60.0,60.1787,15.45,0.78031,0.086207,0.049612,0.03117,0.033549,0.029002,0.018219,0.01592,0.009102,0.021298,0.0164,0.110478,0.06358,0.039946,0.042994,0.023348,0.011665,0.021017,0.014222,65.31,57.17,0.0263,7.8e-05,60.0
841,NOT_0027_2p_phAB_w450us_rf85_cond27,not_sim_27,Notch,4,train,27,AB,450.0,85.0,0.55845,0.860745,1.541309,8.0371,30.4,60.0,60.1765,15.48,0.779968,0.08639,0.049638,0.031235,0.033611,0.028886,0.018328,0.01587,0.009288,0.021256,0.01643,0.110761,0.063641,0.040047,0.043093,0.023498,0.011908,0.021065,0.014263,65.33,57.25,0.0263,7.1e-05,60.0
842,NOT_0027_2p_phAB_w450us_rf85_cond27,not_sim_27,Notch,4,train,27,AB,450.0,85.0,0.558479,0.860829,1.54138,8.0199,30.6,60.0,59.8423,15.44,0.780054,0.086147,0.049572,0.03113,0.033386,0.02883,0.018486,0.015891,0.009174,0.021234,0.016286,0.110437,0.063549,0.039907,0.0428,0.023698,0.011761,0.020878,0.014188,65.32,57.22,0.0263,7.2e-05,60.0
843,NOT_0027_2p_phAB_w450us_rf85_cond27,not_sim_27,Notch,4,train,27,AB,450.0,85.0,0.558572,0.860873,1.541205,8.0387,33.2,60.0,59.8424,15.42,0.780184,0.086026,0.049659,0.031152,0.03361,0.028796,0.018375,0.016043,0.009065,0.021326,0.016351,0.110264,0.06365,0.039929,0.04308,0.023552,0.011619,0.020958,0.014195,65.32,57.15,0.0263,6.9e-05,60.0
844,NOT_0027_2p_phAB_w450us_rf85_cond27,not_sim_27,Notch,4,train,27,AB,450.0,85.0,0.558438,0.85906,1.538327,8.02,33.0,60.0,60.1784,15.29,0.780002,0.086059,0.049506,0.031273,0.033543,0.028854,0.018369,0.015975,0.009119,0.021081,0.016332,0.110332,0.063469,0.040093,0.043004,0.02355,0.011691,0.020938,0.01418,65.31,57.12,0.0262,7e-05,60.0
845,NOT_0027_2p_phAB_w450us_rf85_cond27,not_sim_27,Notch,4,train,27,AB,450.0,85.0,0.558523,0.859186,1.538318,8.0535,31.6,60.0,60.1784,15.44,0.780079,0.086208,0.049753,0.031255,0.033622,0.028896,0.018468,0.015904,0.009052,0.021261,0.016415,0.110512,0.063779,0.040066,0.043101,0.023675,0.011604,0.021043,0.014247,65.34,57.39,0.0263,7e-05,60.0
846,NOT_0027_2p_phAB_w450us_rf85_cond27,not_sim_27,Notch,4,train,27,AB,450.0,85.0,0.558607,0.860682,1.540766,8.0401,30.4,60.0,60.1775,15.52,0.780225,0.086162,0.049716,0.031015,0.033536,0.02898,0.018407,0.015858,0.009094,0.021329,0.016451,0.110432,0.06372,0.039751,0.042982,0.023592,0.011656,0.021085,0.014221,65.31,57.02,0.0262,6.5e-05,60.0
847,NOT_0027_2p_phAB_w450us_rf85_cond27,not_sim_27,Notch,4,train,27,AB,450.0,85.0,0.558615,0.857552,1.535139,8.0236,30.4,60.0,59.8439,15.46,0.780271,0.085899,0.04948,0.031122,0.033635,0.028845,0.018436,0.016023,0.009122,0.021216,0.016551,0.110089,0.063414,0.039886,0.043107,0.023628,0.011691,0.021212,0.014163,65.31,57.15,0.0262,7.3e-05,60.0
848,NOT_0027_2p_phAB_w450us_rf85_cond27,not_sim_27,Notch,4,train,27,AB,450.0,85.0,0.558632,0.861485,1.542132,8.0336,33.0,60.0,59.8417,15.41,0.780274,0.085972,0.049675,0.031232,0.033554,0.02897,0.018325,0.015879,0.009077,0.021175,0.016427,0.110182,0.063664,0.040027,0.043003,0.023485,0.011633,0.021053,0.014188,65.32,57.28,0.0262,7e-05,60.0
849,NOT_0027_2p_phAB_w450us_rf85_cond27,not_sim_27,Notch,4,train,27,AB,450.0,85.0,0.55858,0.859436,1.538608,8.0316,33.0,60.0,59.8437,15.5,0.780228,0.085828,0.0496,0.031173,0.033564,0.028848,0.018444,0.015861,0.009059,0.021218,0.01641,0.110004,0.063571,0.039954,0.043018,0.023639,0.011611,0.021032,0.01415,65.31,57.12,0.0262,7.1e-05,60.0
850,NOT_0027_2p_phAB_w450us_rf85_cond27,not_sim_27,Notch,4,train,27,AB,450.0,85.0,0.558641,0.85965,1.538824,8.016,32.2,60.0,60.1792,15.43,0.7803,0.085976,0.049497,0.031177,0.033507,0.028976,0.018431,0.015903,0.009094,0.021169,0.016415,0.110183,0.063433,0.039955,0.042941,0.02362,0.011654,0.021037,0.014169,65.32,57.31,0.0262,7e-05,60.0
851,NOT_0027_2p_phAB_w450us_rf85_cond27,not_sim_27,Notch,4,train,27,AB,450.0,85.0,0.558718,0.860086,1.539392,8.0396,30.0,60.0,60.1795,15.52,0.780396,0.086011,0.049606,0.031115,0.033746,0.028897,0.018353,0.01584,0.009154,0.021196,0.01635,0.110215,0.063565,0.039871,0.043242,0.023518,0.01173,0.020951,0.014189,65.32,57.31,0.0262,7.2e-05,60.0
852,NOT_0027_2p_phAB_w450us_rf85_cond27,not_sim_27,Notch,4,train,27,AB,450.0,85.0,0.558586,0.858883,1.537603,8.0354,30.0,60.0,59.8384,15.41,0.780223,0.085865,0.049525,0.031196,0.033774,0.028964,0.01836,0.015965,0.009094,0.021156,0.01645,0.110052,0.063475,0.039983,0.043288,0.023532,0.011656,0.021084,0.014171,65.32,57.25,0.0262,7.2e-05,60.0
853,NOT_0027_2p_phAB_w450us_rf85_cond27,not_sim_27,Notch,4,train,27,AB,450.0,85.0,0.558672,0.8597,1.538828,8.0293,32.6,60.0,59.8411,15.41,0.78036,0.085795,0.049525,0.031125,0.033594,0.029112,0.018564,0.015856,0.009002,0.02112,0.016378,0.109943,0.063464,0.039885,0.043049,0.023789,0.011536,0.020988,0.01415,65.31,57.18,0.0262,7.1e-05,60.0
854,NOT_0027_2p_phAB_w450us_rf85_cond27,not_sim_27,Notch,4,train,27,AB,450.0,85.0,0.558528,0.860681,1.54098,8.0085,33.0,60.0,59.844,15.51,0.780161,0.0858,0.04948,0.031155,0.033423,0.02902,0.018393,0.015895,0.009108,0.021239,0.016475,0.109977,0.063423,0.039934,0.042841,0.023576,0.011675,0.021117,0.014136,65.32,57.29,0.0262,7.8e-05,60.0
855,NOT_0027_2p_phAB_w450us_rf85_cond27,not_sim_27,Notch,4,train,27,AB,450.0,85.0,0.558604,0.860034,1.539614,8.0232,32.2,60.0,60.1759,15.43,0.780239,0.086007,0.049525,0.031126,0.033563,0.028963,0.018426,0.015893,0.009173,0.021336,0.016358,0.110232,0.063474,0.039893,0.043016,0.023616,0.011757,0.020965,0.014183,65.32,57.26,0.0262,7.2e-05,60.0
856,NOT_0027_2p_phAB_w450us_rf85_cond27,not_sim_27,Notch,4,train,27,AB,450.0,85.0,0.55865,0.860618,1.54053,8.0211,30.2,60.0,60.1782,15.52,0.780302,0.086089,0.049518,0.031092,0.033575,0.029023,0.018387,0.015853,0.009147,0.021269,0.016436,0.110328,0.06346,0.039846,0.043028,0.023564,0.011722,0.021064,0.014195,65.31,57.11,0.0262,6.3e-05,60.0
857,NOT_0027_2p_phAB_w450us_rf85_cond27,not_sim_27,Notch,4,train,27,AB,450.0,85.0,0.558664,0.85955,1.538581,8.0089,29.8,60.0,60.0103,16.01,0.780341,0.086004,0.049424,0.031081,0.033567,0.029096,0.018342,0.015797,0.009134,0.021264,0.01626,0.110213,0.063336,0.03983,0.043016,0.023505,0.011705,0.020837,0.014165,65.3,57.11,0.0262,6.4e-05,60.0
858,NOT_0027_2p_phAB_w450us_rf85_cond27,not_sim_27,Notch,4,train,27,AB,450.0,85.0,0.558758,0.859591,1.538397,8.0066,32.0,60.0,59.8422,15.43,0.780506,0.085713,0.049464,0.031084,0.033553,0.029078,0.018241,0.015841,0.008991,0.021187,0.016497,0.109817,0.063374,0.039825,0.042989,0.023371,0.011519,0.021136,0.014117,65.29,57.05,0.0261,6.4e-05,60.0
859,NOT_0027_2p_phAB_w450us_rf85_cond27,not_sim_27,Notch,4,train,27,AB,450.0,85.0,0.55863,0.859038,1.537759,8.0132,32.8,60.0,59.8414,15.49,0.780317,0.08573,0.049533,0.031102,0.033459,0.029021,0.01835,0.01595,0.009054,0.02124,0.016428,0.109866,0.063478,0.039858,0.042879,0.023516,0.011603,0.021053,0.014126,65.3,57.08,0.0261,6.5e-05,60.0
860,NOT_0027_2p_phAB_w450us_rf85_cond27,not_sim_27,Notch,4,train,27,AB,450.0,85.0,0.558635,0.860176,1.539781,8.0031,32.6,60.0,60.1796,15.39,0.780311,0.085924,0.049338,0.031059,0.03355,0.029157,0.01844,0.015875,0.009012,0.021138,0.016448,0.110115,0.063229,0.039803,0.042996,0.023632,0.011549,0.021079,0.014148,65.3,57.1,0.0262,6.5e-05,60.0
861,NOT_0027_2p_phAB_w450us_rf85_cond27,not_sim_27,Notch,4,train,27,AB,450.0,85.0,0.558627,0.861323,1.541856,8.0349,30.0,60.0,60.1798,15.48,0.780263,0.085998,0.049672,0.031117,0.033583,0.029116,0.018314,0.016038,0.009131,0.021157,0.016427,0.110217,0.063661,0.03988,0.043041,0.023472,0.011702,0.021053,0.0142,65.32,57.3,0.0262,6.6e-05,60.0
862,NOT_0027_2p_phAB_w450us_rf85_cond27,not_sim_27,Notch,4,train,27,AB,450.0,85.0,0.55858,0.862136,1.543443,8.0126,29.8,60.0,60.1779,15.44,0.780225,0.085887,0.049406,0.031075,0.033527,0.029129,0.018527,0.015755,0.009121,0.021367,0.01633,0.11008,0.063323,0.039828,0.042971,0.023746,0.01169,0.02093,0.014154,65.32,57.3,0.0262,6.7e-05,60.0
863,NOT_0027_2p_phAB_w450us_rf85_cond27,not_sim_27,Notch,4,train,27,AB,450.0,85.0,0.558755,0.858331,1.536149,8.0178,31.2,60.0,59.8463,15.46,0.780506,0.085636,0.04949,0.031121,0.033603,0.029023,0.018378,0.015844,0.009068,0.021305,0.016424,0.109719,0.063408,0.039873,0.043053,0.023546,0.011618,0.021043,0.014117,65.28,56.91,0.0261,6.3e-05,60.0
864,NOT_0028_2p_phBC_w650us_rf85_cond28,not_sim_28,Notch,4,train,28,BC,650.0,85.0,0.557205,0.807086,1.448454,4.7472,0.0,60.0,59.9679,22.12,0.785547,0.026634,0.018348,0.014664,0.020454,0.027632,0.025212,0.011428,0.007696,0.006286,0.007081,0.033905,0.023357,0.018667,0.026038,0.032095,0.009797,0.009014,0.003358,62.06,36.27,0.0087,6.4e-05,60.0
865,NOT_0028_2p_phBC_w650us_rf85_cond28,not_sim_28,Notch,4,train,28,BC,650.0,85.0,0.557363,0.807649,1.449055,4.7624,0.0,60.0,59.9712,22.11,0.785758,0.026688,0.018479,0.014412,0.020442,0.02775,0.025318,0.011535,0.007698,0.006303,0.006999,0.033965,0.023517,0.018342,0.026016,0.032221,0.009797,0.008907,0.003371,62.08,36.54,0.0087,6.7e-05,60.0
866,NOT_0028_2p_phBC_w650us_rf85_cond28,not_sim_28,Notch,4,train,28,BC,650.0,85.0,0.557168,0.808067,1.450313,4.7519,0.0,60.0,59.9726,22.1,0.785495,0.026342,0.018263,0.014639,0.020562,0.027869,0.025237,0.011225,0.007643,0.006328,0.007007,0.033536,0.02325,0.018637,0.026177,0.032129,0.00973,0.00892,0.003352,62.07,36.22,0.0087,5.8e-05,60.0
867,NOT_0028_2p_phBC_w650us_rf85_cond28,not_sim_28,Notch,4,train,28,BC,650.0,85.0,0.557394,0.806617,1.447121,4.7294,0.0,60.0,59.9742,22.12,0.785843,0.025876,0.018129,0.014415,0.020264,0.027653,0.025339,0.011766,0.007759,0.006415,0.007118,0.032928,0.023069,0.018343,0.025786,0.032244,0.009873,0.009058,0.003314,62.06,36.27,0.0086,6e-05,60.0
868,NOT_0028_2p_phBC_w650us_rf85_cond28,not_sim_28,Notch,4,train,28,BC,650.0,85.0,0.557326,0.807895,1.449592,4.7728,0.0,60.0,59.9667,22.11,0.785713,0.026416,0.01849,0.014525,0.020494,0.027815,0.025385,0.011435,0.007472,0.006422,0.00699,0.03362,0.023533,0.018486,0.026083,0.032308,0.00951,0.008896,0.003365,62.07,36.26,0.0087,5.9e-05,60.0
869,NOT_0028_2p_phBC_w650us_rf85_cond28,not_sim_28,Notch,4,train,28,BC,650.0,85.0,0.557186,0.807617,1.449456,4.7604,0.0,60.0,59.966,22.12,0.785522,0.026546,0.018293,0.014604,0.020578,0.027648,0.025302,0.01139,0.007697,0.006251,0.006996,0.033794,0.023288,0.018591,0.026197,0.03221,0.009799,0.008906,0.003358,62.06,36.12,0.0086,5.8e-05,60.0
870,NOT_0028_2p_phBC_w650us_rf85_cond28,not_sim_28,Notch,4,train,28,BC,650.0,85.0,0.557525,0.80994,1.452741,4.77,0.0,60.0,59.973,22.11,0.785984,0.026923,0.018266,0.014281,0.020725,0.027684,0.025347,0.011549,0.007451,0.006281,0.007078,0.034254,0.02324,0.01817,0.026368,0.032249,0.00948,0.009005,0.003379,62.08,36.53,0.0087,6.3e-05,60.0
871,NOT_0028_2p_phBC_w650us_rf85_cond28,not_sim_28,Notch,4,train,28,BC,650.0,85.0,0.557187,0.808381,1.450827,4.7611,0.0,60.0,59.9717,22.1,0.785519,0.02624,0.018358,0.014719,0.020563,0.027776,0.025276,0.011413,0.007728,0.006358,0.006956,0.033405,0.023371,0.018738,0.026178,0.032177,0.009838,0.008855,0.003354,62.08,36.48,0.0087,5.4e-05,60.0
872,NOT_0028_2p_phBC_w650us_rf85_cond28,not_sim_28,Notch,4,train,28,BC,650.0,85.0,0.557446,0.806624,1.447,4.7258,0.0,60.0,59.9709,22.12,0.785925,0.025982,0.018151,0.014203,0.020248,0.027579,0.0253,0.011691,0.007772,0.006316,0.006982,0.033059,0.023095,0.018072,0.025763,0.032191,0.009889,0.008884,0.003303,62.05,36.3,0.0085,5.6e-05,60.0
873,NOT_0028_2p_phBC_w650us_rf85_cond28,not_sim_28,Notch,4,train,28,BC,650.0,85.0,0.557404,0.807404,1.448507,4.7494,0.0,60.0,59.9656,22.13,0.785845,0.026284,0.018511,0.014667,0.020343,0.027431,0.02523,0.011553,0.007717,0.006277,0.00686,0.033447,0.023556,0.018664,0.025887,0.032106,0.00982,0.008729,0.003331,62.06,36.39,0.0086,6e-05,60.0
874,NOT_0028_2p_phBC_w650us_rf85_cond28,not_sim_28,Notch,4,train,28,BC,650.0,85.0,0.557084,0.807368,1.449275,4.7612,0.0,60.0,59.9678,22.11,0.785378,0.026503,0.01833,0.014414,0.020566,0.027715,0.025285,0.011453,0.007589,0.006285,0.006934,0.033746,0.023339,0.018353,0.026186,0.032195,0.009663,0.008829,0.003353,62.07,36.36,0.0087,5.8e-05,60.0
875,NOT_0028_2p_phBC_w650us_rf85_cond28,not_sim_28,Notch,4,train,28,BC,650.0,85.0,0.557443,0.806822,1.447361,4.7632,0.0,60.0,59.9661,22.13,0.785879,0.026867,0.018007,0.014496,0.02082,0.027657,0.025367,0.011286,0.007609,0.00642,0.006882,0.034187,0.022913,0.018446,0.026493,0.032279,0.009682,0.008757,0.003372,62.07,36.31,0.0087,6.2e-05,60.0
876,NOT_0028_2p_phBC_w650us_rf85_cond28,not_sim_28,Notch,4,train,28,BC,650.0,85.0,0.557217,0.808719,1.451353,4.7642,0.0,60.0,59.9711,22.11,0.785564,0.026327,0.018516,0.014606,0.020572,0.027673,0.025192,0.01152,0.007749,0.006409,0.006926,0.033514,0.02357,0.018593,0.026188,0.032069,0.009864,0.008817,0.003355,62.07,36.42,0.0087,5.7e-05,60.0
877,NOT_0028_2p_phBC_w650us_rf85_cond28,not_sim_28,Notch,4,train,28,BC,650.0,85.0,0.557278,0.805544,1.445499,4.7263,0.0,60.0,59.9732,22.13,0.785684,0.025961,0.018031,0.01435,0.020325,0.02756,0.025312,0.011699,0.007675,0.006218,0.006995,0.033043,0.022949,0.018264,0.025869,0.032217,0.009769,0.008903,0.003302,62.06,36.4,0.0086,5.7e-05,60.0
878,NOT_0028_2p_phBC_w650us_rf85_cond28,not_sim_28,Notch,4,train,28,BC,650.0,85.0,0.557428,0.806494,1.446812,4.7406,0.0,60.0,59.9707,22.14,0.78589,0.026106,0.018389,0.014645,0.020366,0.027443,0.025201,0.011589,0.007763,0.006229,0.006925,0.033218,0.023399,0.018635,0.025915,0.032067,0.009878,0.008812,0.003318,62.05,36.24,0.0086,5.5e-05,60.0
879,NOT_0028_2p_phBC_w650us_rf85_cond28,not_sim_28,Notch,4,train,28,BC,650.0,85.0,0.557076,0.808427,1.451198,4.7646,0.0,60.0,59.9712,22.09,0.785352,0.026564,0.018366,0.014488,0.020533,0.027777,0.025323,0.011454,0.007724,0.006405,0.006988,0.033824,0.023386,0.018448,0.026145,0.032244,0.009835,0.008898,0.003368,62.08,36.49,0.0087,5.4e-05,60.0
880,NOT_0028_2p_phBC_w650us_rf85_cond28,not_sim_28,Notch,4,train,28,BC,650.0,85.0,0.557453,0.806337,1.446465,4.7327,0.0,60.0,59.9656,22.14,0.785898,0.026824,0.01792,0.014614,0.020551,0.027572,0.025297,0.011433,0.007723,0.006347,0.006978,0.034132,0.022802,0.018595,0.02615,0.032189,0.009827,0.008879,0.003356,62.07,36.43,0.0087,5.6e-05,60.0
881,NOT_0028_2p_phBC_w650us_rf85_cond28,not_sim_28,Notch,4,train,28,BC,650.0,85.0,0.557255,0.808067,1.450084,4.7705,0.0,60.0,59.9698,22.11,0.785614,0.026449,0.018523,0.014557,0.020456,0.027646,0.025358,0.011485,0.007594,0.006284,0.006946,0.033667,0.023578,0.018529,0.026038,0.032278,0.009666,0.008841,0.003358,62.08,36.55,0.0087,5.5e-05,60.0
882,NOT_0028_2p_phBC_w650us_rf85_cond28,not_sim_28,Notch,4,train,28,BC,650.0,85.0,0.557216,0.806615,1.447579,4.7579,0.0,60.0,59.9714,22.1,0.78556,0.026268,0.018208,0.014556,0.020549,0.027677,0.02536,0.011538,0.007785,0.006356,0.00702,0.033439,0.023178,0.018529,0.026158,0.032283,0.00991,0.008936,0.003348,62.1,36.84,0.0087,5.6e-05,60.0
883,NOT_0028_2p_phBC_w650us_rf85_cond28,not_sim_28,Notch,4,train,28,BC,650.0,85.0,0.557414,0.806343,1.44658,4.7714,0.0,60.0,59.9665,22.12,0.785856,0.02597,0.018378,0.014728,0.020577,0.027568,0.025393,0.011564,0.007488,0.006265,0.006963,0.033047,0.023386,0.018741,0.026184,0.032313,0.009528,0.00886,0.003335,62.07,36.49,0.0086,6.2e-05,60.0
884,NOT_0028_2p_phBC_w650us_rf85_cond28,not_sim_28,Notch,4,train,28,BC,650.0,85.0,0.557271,0.808286,1.450436,4.7699,0.0,60.0,59.9707,22.11,0.785641,0.026428,0.018469,0.014423,0.020625,0.027654,0.025255,0.011464,0.007613,0.006338,0.006884,0.033639,0.023508,0.018358,0.026252,0.032146,0.00969,0.008762,0.003352,62.07,36.38,0.0087,6.2e-05,60.0
885,NOT_0028_2p_phBC_w650us_rf85_cond28,not_sim_28,Notch,4,train,28,BC,650.0,85.0,0.557394,0.80856,1.450607,4.7175,0.0,60.0,59.9686,22.13,0.78581,0.026818,0.017979,0.014739,0.02051,0.027799,0.025106,0.011482,0.007529,0.006343,0.007085,0.034128,0.02288,0.018756,0.0261,0.031949,0.009581,0.009016,0.003362,62.07,36.47,0.0087,6.2e-05,60.0
886,NOT_0028_2p_phBC_w650us_rf85_cond28,not_sim_28,Notch,4,train,28,BC,650.0,85.0,0.557385,0.808471,1.450471,4.7635,0.0,60.0,59.9721,22.13,0.785806,0.026451,0.018478,0.014503,0.020381,0.027531,0.025383,0.011455,0.007526,0.006381,0.006955,0.033661,0.023515,0.018456,0.025936,0.032302,0.009577,0.008851,0.003346,62.07,36.36,0.0086,6.2e-05,60.0
887,NOT_0028_2p_phBC_w650us_rf85_cond28,not_sim_28,Notch,4,train,28,BC,650.0,85.0,0.557223,0.807857,1.44979,4.7642,0.0,60.0,59.9688,22.1,0.785568,0.02628,0.018268,0.014556,0.020626,0.027819,0.025329,0.011527,0.007665,0.006328,0.006912,0.033454,0.023255,0.018529,0.026256,0.032243,0.009757,0.008799,0.003357,62.09,36.59,0.0087,5.5e-05,60.0
888,NOT_0028_2p_phBC_w650us_rf85_cond28,not_sim_28,Notch,4,train,28,BC,650.0,85.0,0.557548,0.810285,1.453302,4.7583,0.0,60.0,59.9674,22.12,0.786044,0.025934,0.018149,0.014709,0.02052,0.027686,0.025465,0.011642,0.007574,0.00626,0.006953,0.032993,0.023089,0.018713,0.026105,0.032396,0.009636,0.008846,0.003335,62.08,36.58,0.0086,6.6e-05,60.0
889,NOT_0028_2p_phBC_w650us_rf85_cond28,not_sim_28,Notch,4,train,28,BC,650.0,85.0,0.557241,0.806854,1.447946,4.7731,0.0,60.0,59.9665,22.1,0.785588,0.026525,0.018373,0.014515,0.020722,0.02775,0.02528,0.011534,0.007749,0.006296,0.006877,0.033765,0.023388,0.018477,0.026378,0.03218,0.009864,0.008754,0.00337,62.07,36.37,0.0087,6.2e-05,60.0
890,NOT_0028_2p_phBC_w650us_rf85_cond28,not_sim_28,Notch,4,train,28,BC,650.0,85.0,0.557324,0.808398,1.4505,4.7375,0.0,60.0,59.9687,22.12,0.785708,0.026759,0.018174,0.014682,0.020346,0.027738,0.025324,0.011438,0.007552,0.006405,0.006886,0.034057,0.023131,0.018686,0.025895,0.032231,0.009612,0.008764,0.003363,62.07,36.46,0.0087,6.6e-05,60.0
891,NOT_0028_2p_phBC_w650us_rf85_cond28,not_sim_28,Notch,4,train,28,BC,650.0,85.0,0.557374,0.807302,1.448403,4.755,0.0,60.0,59.9718,22.12,0.78578,0.026623,0.018523,0.014361,0.020376,0.027776,0.025254,0.011539,0.007696,0.006379,0.006851,0.033881,0.023573,0.018276,0.025931,0.032139,0.009794,0.008719,0.003363,62.07,36.42,0.0087,6.4e-05,60.0
892,NOT_0028_2p_phBC_w650us_rf85_cond28,not_sim_28,Notch,4,train,28,BC,650.0,85.0,0.557132,0.806175,1.447009,4.7577,0.0,60.0,59.9713,22.11,0.785444,0.026227,0.018395,0.014586,0.020514,0.027769,0.025243,0.011539,0.007603,0.006357,0.006959,0.033391,0.02342,0.01857,0.026118,0.032139,0.00968,0.00886,0.003348,62.08,36.5,0.0087,5.9e-05,60.0
893,NOT_0028_2p_phBC_w650us_rf85_cond28,not_sim_28,Notch,4,train,28,BC,650.0,85.0,0.557413,0.808765,1.450926,4.7443,0.0,60.0,59.9699,22.12,0.785854,0.025855,0.017942,0.014389,0.020562,0.027837,0.025403,0.011681,0.007713,0.006175,0.007023,0.032901,0.022831,0.01831,0.026165,0.032325,0.009815,0.008937,0.003324,62.1,36.84,0.0086,5.5e-05,60.0
894,NOT_0028_2p_phBC_w650us_rf85_cond28,not_sim_28,Notch,4,train,28,BC,650.0,85.0,0.557329,0.807734,1.449295,4.7748,0.0,60.0,59.9691,22.11,0.785718,0.026503,0.018462,0.014353,0.02067,0.027713,0.025286,0.011354,0.007665,0.006387,0.006898,0.033731,0.023497,0.018267,0.026307,0.032182,0.009755,0.008779,0.00336,62.07,36.26,0.0087,5.5e-05,60.0
895,NOT_0028_2p_phBC_w650us_rf85_cond28,not_sim_28,Notch,4,train,28,BC,650.0,85.0,0.557228,0.807606,1.449327,4.747,0.0,60.0,59.9675,22.12,0.785578,0.026591,0.018238,0.014655,0.020425,0.027623,0.025315,0.011446,0.007639,0.006221,0.007097,0.033849,0.023216,0.018655,0.026,0.032225,0.009724,0.009034,0.003354,62.08,36.58,0.0087,5.6e-05,60.0
896,NOT_0029_1p_phA_w600us_rf150_cond29,not_sim_29,Notch,4,train,29,A,600.0,150.0,0.521113,0.867684,1.665057,10.8623,103.6,60.0,59.6751,9.96,0.708018,0.17668,0.051881,0.030973,0.046423,0.026341,0.032678,0.023244,0.014753,0.018294,0.015572,0.249542,0.073276,0.043746,0.065568,0.046154,0.020837,0.021994,0.040119,70.74,71.95,0.0589,0.000287,60.0
897,NOT_0029_1p_phA_w600us_rf150_cond29,not_sim_29,Notch,4,train,29,A,600.0,150.0,0.52095,0.869562,1.669183,10.8432,104.4,60.0,59.6748,10.06,0.707845,0.176387,0.051965,0.03129,0.046076,0.026572,0.032675,0.023229,0.014638,0.018265,0.0155,0.249189,0.073413,0.044205,0.065093,0.046161,0.02068,0.021897,0.040016,70.74,72.01,0.0589,0.000281,60.0
898,NOT_0029_1p_phA_w600us_rf150_cond29,not_sim_29,Notch,4,train,29,A,600.0,150.0,0.520979,0.868902,1.667827,10.8125,101.4,60.0,60.3878,9.86,0.707781,0.176972,0.051571,0.030998,0.046188,0.026578,0.032616,0.023352,0.014767,0.018182,0.01541,0.250038,0.072863,0.043796,0.065257,0.046082,0.020864,0.021772,0.040174,70.76,72.04,0.0589,0.000276,60.0
899,NOT_0029_1p_phA_w600us_rf150_cond29,not_sim_29,Notch,4,train,29,A,600.0,150.0,0.521034,0.86585,1.66179,10.8362,98.0,60.0,60.388,10.07,0.70779,0.177163,0.051545,0.031352,0.04641,0.026357,0.032738,0.023108,0.014744,0.018286,0.01547,0.250304,0.072825,0.044296,0.06557,0.046254,0.020831,0.021857,0.040272,70.77,71.93,0.0591,0.000358,60.0
900,NOT_0029_1p_phA_w600us_rf150_cond29,not_sim_29,Notch,4,train,29,A,600.0,150.0,0.520931,0.868555,1.667312,10.8389,100.0,60.0,60.3846,10.01,0.70764,0.177191,0.051521,0.031187,0.046458,0.026407,0.032716,0.023105,0.014741,0.018194,0.015431,0.250397,0.072807,0.044072,0.065652,0.046233,0.020831,0.021806,0.04027,70.78,72.07,0.0591,0.000359,60.0
901,NOT_0029_1p_phA_w600us_rf150_cond29,not_sim_29,Notch,4,train,29,A,600.0,150.0,0.521136,0.868004,1.665601,10.8566,103.2,60.0,59.6795,10.01,0.708034,0.176727,0.051789,0.03093,0.046441,0.026383,0.032708,0.023311,0.014696,0.018332,0.015587,0.249602,0.073145,0.043684,0.065591,0.046196,0.020756,0.022014,0.040132,70.76,72.09,0.059,0.000363,60.0
902,NOT_0029_1p_phA_w600us_rf150_cond29,not_sim_29,Notch,4,train,29,A,600.0,150.0,0.52114,0.867947,1.665477,10.8391,104.8,60.0,59.6765,10.04,0.708087,0.176542,0.052015,0.031209,0.046127,0.026536,0.032517,0.023295,0.014756,0.018165,0.015592,0.249322,0.073458,0.044075,0.065143,0.045922,0.020839,0.02202,0.040069,70.74,71.95,0.0589,0.000356,60.0
903,NOT_0029_1p_phA_w600us_rf150_cond29,not_sim_29,Notch,4,train,29,A,600.0,150.0,0.520988,0.867691,1.665471,10.8055,101.6,60.0,60.3844,9.81,0.707825,0.176885,0.051438,0.030885,0.046222,0.026659,0.032672,0.023196,0.01461,0.01819,0.015622,0.249899,0.072671,0.043634,0.065301,0.046158,0.020641,0.02207,0.040129,70.75,71.95,0.0589,0.000357,60.0
904,NOT_0029_1p_phA_w600us_rf150_cond29,not_sim_29,Notch,4,train,29,A,600.0,150.0,0.520917,0.868801,1.66783,10.8405,98.4,60.0,60.3795,10.09,0.707576,0.177383,0.051564,0.031399,0.046426,0.026302,0.032702,0.02296,0.014696,0.018121,0.015367,0.250691,0.072874,0.044375,0.065613,0.046217,0.02077,0.021718,0.040334,70.76,71.81,0.0591,0.000384,60.0
905,NOT_0029_1p_phA_w600us_rf150_cond29,not_sim_29,Notch,4,train,29,A,600.0,150.0,0.520897,0.868184,1.666711,10.8477,99.2,60.0,60.3846,10.06,0.707557,0.1773,0.051607,0.031369,0.046339,0.026248,0.032872,0.023171,0.014693,0.018383,0.015482,0.250581,0.072937,0.044334,0.065492,0.046458,0.020766,0.021881,0.04033,70.76,71.79,0.0591,0.000375,60.0
906,NOT_0029_1p_phA_w600us_rf150_cond29,not_sim_29,Notch,4,train,29,A,600.0,150.0,0.52094,0.865645,1.661699,10.8199,102.4,60.0,59.68,10.04,0.707784,0.176711,0.051691,0.031085,0.046178,0.026511,0.032563,0.023278,0.014595,0.018273,0.015609,0.249668,0.073032,0.043919,0.065243,0.046007,0.020621,0.022053,0.040093,70.73,71.83,0.0589,0.000398,60.0
907,NOT_0029_1p_phA_w600us_rf150_cond29,not_sim_29,Notch,4,train,29,A,600.0,150.0,0.521069,0.867565,1.664971,10.8344,105.4,60.0,59.6771,9.99,0.707965,0.176664,0.051791,0.031155,0.046337,0.026386,0.032466,0.02332,0.014596,0.018233,0.015577,0.249538,0.073155,0.044006,0.065451,0.045858,0.020617,0.022003,0.040092,70.74,71.96,0.0589,0.00039,60.0
908,NOT_0029_1p_phA_w600us_rf150_cond29,not_sim_29,Notch,4,train,29,A,600.0,150.0,0.520864,0.867678,1.665844,10.8149,102.2,60.0,60.3863,9.76,0.707652,0.176782,0.051418,0.03122,0.046371,0.026552,0.032604,0.023131,0.014629,0.018225,0.015775,0.249815,0.07266,0.044118,0.065528,0.046073,0.020673,0.022292,0.040119,70.76,71.92,0.0589,0.000376,60.0
909,NOT_0029_1p_phA_w600us_rf150_cond29,not_sim_29,Notch,4,train,29,A,600.0,150.0,0.520782,0.867714,1.666174,10.8657,99.0,60.0,60.3868,10.06,0.707285,0.177528,0.051431,0.031715,0.046627,0.026417,0.032968,0.023058,0.01482,0.0185,0.015465,0.250999,0.072716,0.04484,0.065924,0.046612,0.020953,0.021865,0.040459,70.82,71.84,0.0592,0.000151,60.0
910,NOT_0029_1p_phA_w600us_rf150_cond29,not_sim_29,Notch,4,train,29,A,600.0,150.0,0.520822,0.867752,1.66612,10.8315,99.0,60.0,60.3847,10.07,0.70745,0.177369,0.051435,0.031326,0.04629,0.02618,0.032916,0.02299,0.014741,0.018511,0.015544,0.250716,0.072705,0.04428,0.065432,0.046528,0.020837,0.021972,0.040328,70.78,71.94,0.059,0.000165,60.0
911,NOT_0029_1p_phA_w600us_rf150_cond29,not_sim_29,Notch,4,train,29,A,600.0,150.0,0.520854,0.868096,1.666677,10.7941,102.2,60.0,59.6765,10.02,0.707604,0.176981,0.051326,0.031421,0.046165,0.026261,0.032684,0.023167,0.014965,0.018289,0.015626,0.250113,0.072535,0.044405,0.065241,0.04619,0.021149,0.022083,0.040172,70.77,72.08,0.0589,0.000164,60.0
912,NOT_0029_1p_phA_w600us_rf150_cond29,not_sim_29,Notch,4,train,29,A,600.0,150.0,0.521052,0.868599,1.667008,10.8503,105.4,60.0,59.6773,9.96,0.707911,0.176777,0.05171,0.031189,0.046396,0.02628,0.032761,0.023254,0.014758,0.0184,0.015595,0.249716,0.073046,0.044058,0.065539,0.046278,0.020847,0.02203,0.040154,70.75,71.88,0.0589,0.000163,60.0
913,NOT_0029_1p_phA_w600us_rf150_cond29,not_sim_29,Notch,4,train,29,A,600.0,150.0,0.520717,0.867289,1.665565,10.8322,102.8,60.0,59.6781,10.12,0.707483,0.176607,0.051546,0.031312,0.046384,0.026182,0.032628,0.023341,0.014719,0.018296,0.015506,0.249627,0.072858,0.044258,0.065562,0.046118,0.020805,0.021917,0.040066,70.74,71.85,0.0588,0.000157,60.0
914,NOT_0029_1p_phA_w600us_rf150_cond29,not_sim_29,Notch,4,train,29,A,600.0,150.0,0.521042,0.86849,1.666835,10.8372,99.6,60.0,60.3919,10.03,0.70776,0.177336,0.051589,0.03139,0.04635,0.026295,0.032762,0.023217,0.014783,0.018341,0.015531,0.25056,0.072891,0.044351,0.065488,0.04629,0.020887,0.021944,0.040343,70.78,72.0,0.059,0.000156,60.0
915,NOT_0029_1p_phA_w600us_rf150_cond29,not_sim_29,Notch,4,train,29,A,600.0,150.0,0.52087,0.868464,1.667335,10.8243,98.2,60.0,60.3885,10.07,0.707516,0.177344,0.051476,0.031493,0.046339,0.026147,0.032678,0.02312,0.014835,0.018381,0.015479,0.250657,0.072756,0.044512,0.065495,0.046187,0.020968,0.021878,0.040323,70.79,72.04,0.0591,0.000206,60.0
916,NOT_0029_1p_phA_w600us_rf150_cond29,not_sim_29,Notch,4,train,29,A,600.0,150.0,0.520825,0.865827,1.662416,10.8107,101.6,60.0,59.6749,9.99,0.707497,0.177206,0.051304,0.031541,0.046217,0.026164,0.032893,0.023001,0.014834,0.018332,0.01542,0.250469,0.072515,0.044581,0.065325,0.046492,0.020967,0.021795,0.040254,70.79,72.15,0.059,0.000221,60.0
917,NOT_0029_1p_phA_w600us_rf150_cond29,not_sim_29,Notch,4,train,29,A,600.0,150.0,0.521175,0.867927,1.665326,10.8579,104.6,60.0,59.6744,9.94,0.708089,0.176749,0.051904,0.031236,0.046409,0.026306,0.032606,0.023227,0.014606,0.018321,0.015598,0.249614,0.073302,0.044113,0.065541,0.046048,0.020627,0.022028,0.040151,70.74,71.89,0.0589,0.000206,60.0
918,NOT_0029_1p_phA_w600us_rf150_cond29,not_sim_29,Notch,4,train,29,A,600.0,150.0,0.520774,0.867795,1.666357,10.8652,103.2,60.0,59.6738,10.1,0.707553,0.176508,0.051809,0.031424,0.046455,0.02628,0.032678,0.023377,0.014619,0.018204,0.015648,0.249463,0.073223,0.044412,0.065656,0.046185,0.020661,0.022116,0.04008,70.77,72.12,0.0589,0.000211,60.0
919,NOT_0029_1p_phA_w600us_rf150_cond29,not_sim_29,Notch,4,train,29,A,600.0,150.0,0.520981,0.869819,1.66958,10.8393,100.0,60.0,60.3878,9.99,0.707714,0.177207,0.051692,0.031183,0.046395,0.026387,0.032559,0.023232,0.014602,0.018155,0.01558,0.250394,0.073041,0.044062,0.065556,0.046006,0.020633,0.022015,0.040281,70.77,72.03,0.059,0.000193,60.0
920,NOT_0029_1p_phA_w600us_rf150_cond29,not_sim_29,Notch,4,train,29,A,600.0,150.0,0.520865,0.866552,1.663678,10.8312,97.8,60.0,60.3882,10.07,0.707531,0.177257,0.051421,0.0313,0.046347,0.026237,0.032872,0.023093,0.014822,0.018356,0.0155,0.250529,0.072677,0.044238,0.065505,0.04646,0.020949,0.021907,0.040291,70.79,72.03,0.059,0.000212,60.0
921,NOT_0029_1p_phA_w600us_rf150_cond29,not_sim_29,Notch,4,train,29,A,600.0,150.0,0.52072,0.869533,1.669868,10.8373,101.0,60.0,60.382,9.91,0.707306,0.177304,0.051389,0.031488,0.04635,0.026234,0.032961,0.023101,0.014673,0.018254,0.015496,0.250675,0.072655,0.044518,0.06553,0.046601,0.020745,0.021908,0.040314,70.79,71.97,0.0591,0.000213,60.0
922,NOT_0029_1p_phA_w600us_rf150_cond29,not_sim_29,Notch,4,train,29,A,600.0,150.0,0.520986,0.868356,1.666756,10.8512,104.0,60.0,59.678,9.96,0.70782,0.176745,0.051738,0.031055,0.046381,0.026329,0.03273,0.023262,0.014753,0.018335,0.015556,0.249703,0.073095,0.043874,0.065527,0.046241,0.020843,0.021977,0.040133,70.76,71.98,0.0589,0.000215,60.0
923,NOT_0029_1p_phA_w600us_rf150_cond29,not_sim_29,Notch,4,train,29,A,600.0,150.0,0.520797,0.868444,1.667529,10.8611,104.0,60.0,59.6779,10.1,0.707601,0.176471,0.052035,0.031508,0.046121,0.026401,0.032734,0.023127,0.014566,0.018177,0.015518,0.249393,0.073537,0.044528,0.065179,0.046261,0.020585,0.02193,0.040056,70.74,71.88,0.0589,0.000218,60.0
924,NOT_0029_1p_phA_w600us_rf150_cond29,not_sim_29,Notch,4,train,29,A,600.0,150.0,0.52095,0.870097,1.67021,10.818,100.6,60.0,60.3892,9.93,0.707684,0.177187,0.051556,0.031188,0.046292,0.026328,0.032559,0.023267,0.014549,0.018246,0.015706,0.250376,0.072852,0.044071,0.065413,0.046008,0.020559,0.022194,0.040255,70.78,72.02,0.059,0.000214,60.0
925,NOT_0029_1p_phA_w600us_rf150_cond29,not_sim_29,Notch,4,train,29,A,600.0,150.0,0.52079,0.868915,1.668456,10.8249,97.8,60.0,60.3916,10.05,0.707462,0.177168,0.051384,0.03132,0.046395,0.026314,0.032741,0.022981,0.014637,0.018289,0.015361,0.250428,0.072631,0.044271,0.065579,0.04628,0.020689,0.021713,0.040239,70.76,71.82,0.059,0.00023,60.0
926,NOT_0029_1p_phA_w600us_rf150_cond29,not_sim_29,Notch,4,train,29,A,600.0,150.0,0.520779,0.866462,1.663779,10.822,100.8,60.0,60.3908,9.93,0.707399,0.177315,0.051315,0.031436,0.046342,0.026232,0.03286,0.023067,0.014704,0.018257,0.015447,0.250658,0.07254,0.044439,0.06551,0.046452,0.020786,0.021836,0.040298,70.79,72.05,0.0591,0.000228,60.0
927,NOT_0029_1p_phA_w600us_rf150_cond29,not_sim_29,Notch,4,train,29,A,600.0,150.0,0.521051,0.868917,1.667625,10.8719,103.6,60.0,59.6741,9.96,0.70792,0.176699,0.051897,0.031028,0.046388,0.026288,0.032839,0.023137,0.014686,0.018285,0.015638,0.249603,0.073309,0.04383,0.065527,0.046388,0.020745,0.02209,0.04013,70.74,71.76,0.0589,0.00022,60.0
928,NOT_0030_1p_phB_w650us_rf145_cond30,not_sim_30,Notch,4,train,30,B,650.0,145.0,0.538697,0.819111,1.52054,8.8777,56.0,60.0,59.8569,15.42,0.7518,0.082646,0.055361,0.038,0.03105,0.021894,0.02063,0.016823,0.01487,0.01582,0.01185,0.109931,0.073638,0.050545,0.041301,0.027441,0.019779,0.015762,0.014103,65.39,56.13,0.0278,0.000146,60.0
929,NOT_0030_1p_phB_w650us_rf145_cond30,not_sim_30,Notch,4,train,30,B,650.0,145.0,0.538652,0.817794,1.518223,8.8567,56.4,60.0,60.1026,15.34,0.751734,0.082766,0.055265,0.038052,0.031026,0.021932,0.020395,0.016791,0.014753,0.015716,0.011735,0.1101,0.073517,0.050619,0.041273,0.027131,0.019625,0.015611,0.014096,65.39,56.16,0.0278,0.000139,60.0
930,NOT_0030_1p_phB_w650us_rf145_cond30,not_sim_30,Notch,4,train,30,B,650.0,145.0,0.538608,0.817423,1.517658,8.8877,54.2,60.0,60.1021,15.41,0.751676,0.082492,0.05549,0.038199,0.030988,0.021959,0.020584,0.016657,0.014677,0.015795,0.011758,0.109744,0.073822,0.050818,0.041225,0.027384,0.019526,0.015642,0.01409,65.39,56.22,0.0278,0.000139,60.0
931,NOT_0030_1p_phB_w650us_rf145_cond30,not_sim_30,Notch,4,train,30,B,650.0,145.0,0.538784,0.818276,1.518747,8.8564,51.4,60.0,60.1024,15.53,0.752006,0.08201,0.055271,0.038035,0.030937,0.021943,0.020583,0.016708,0.014715,0.015807,0.011947,0.109055,0.073498,0.050578,0.041139,0.027371,0.019568,0.015887,0.013978,65.38,56.18,0.0276,0.00015,60.0
932,NOT_0030_1p_phB_w650us_rf145_cond30,not_sim_30,Notch,4,train,30,B,650.0,145.0,0.538676,0.819127,1.520631,8.8922,52.2,60.0,59.8623,15.43,0.751796,0.08224,0.055547,0.038115,0.03103,0.021919,0.020511,0.016729,0.014657,0.015974,0.011886,0.109391,0.073886,0.050699,0.041274,0.027283,0.019496,0.01581,0.014057,65.4,56.21,0.0278,0.000154,60.0
933,NOT_0030_1p_phB_w650us_rf145_cond30,not_sim_30,Notch,4,train,30,B,650.0,145.0,0.538718,0.819208,1.520662,8.8821,55.4,60.0,59.8608,15.43,0.751847,0.082503,0.055336,0.037972,0.031144,0.021925,0.020676,0.016692,0.014812,0.015841,0.011708,0.109734,0.0736,0.050505,0.041423,0.0275,0.019701,0.015572,0.014075,65.39,56.2,0.0278,0.000154,60.0
934,NOT_0030_1p_phB_w650us_rf145_cond30,not_sim_30,Notch,4,train,30,B,650.0,145.0,0.538764,0.818734,1.519653,8.8536,56.4,60.0,60.0989,15.36,0.751917,0.082621,0.05514,0.038012,0.031129,0.021918,0.020552,0.016703,0.014613,0.015849,0.011859,0.10988,0.073333,0.050553,0.0414,0.027333,0.019434,0.015772,0.014068,65.38,56.14,0.0277,0.000153,60.0
935,NOT_0030_1p_phB_w650us_rf145_cond30,not_sim_30,Notch,4,train,30,B,650.0,145.0,0.538604,0.817556,1.517918,8.8635,54.6,60.0,60.0987,15.44,0.751718,0.082244,0.055315,0.038095,0.03096,0.021936,0.020519,0.016825,0.014759,0.015784,0.011758,0.109408,0.073585,0.050677,0.041186,0.027296,0.019634,0.015642,0.014024,65.37,55.93,0.0277,0.000148,60.0
936,NOT_0030_1p_phB_w650us_rf145_cond30,not_sim_30,Notch,4,train,30,B,650.0,145.0,0.538792,0.819037,1.520137,8.8553,51.6,60.0,60.0992,15.53,0.752032,0.081944,0.05523,0.037868,0.031043,0.021995,0.020514,0.016739,0.014786,0.016046,0.011919,0.108963,0.073441,0.050354,0.041279,0.027278,0.019661,0.015849,0.013966,65.38,56.22,0.0276,9.7e-05,60.0
937,NOT_0030_1p_phB_w650us_rf145_cond30,not_sim_30,Notch,4,train,30,B,650.0,145.0,0.538714,0.821027,1.52405,8.8869,51.8,60.0,59.8611,15.42,0.751901,0.081941,0.055474,0.038104,0.031085,0.021887,0.020528,0.016778,0.014747,0.015743,0.011808,0.108978,0.073778,0.050677,0.041342,0.027301,0.019613,0.015704,0.013997,65.37,55.96,0.0276,9.6e-05,60.0
938,NOT_0030_1p_phB_w650us_rf145_cond30,not_sim_30,Notch,4,train,30,B,650.0,145.0,0.538645,0.818043,1.518703,8.8701,54.6,60.0,59.8577,15.41,0.751772,0.082357,0.055349,0.038022,0.031085,0.021942,0.020418,0.016705,0.014778,0.015903,0.011736,0.109551,0.073625,0.050577,0.041349,0.02716,0.019658,0.015611,0.014045,65.36,55.84,0.0276,9.4e-05,60.0
939,NOT_0030_1p_phB_w650us_rf145_cond30,not_sim_30,Notch,4,train,30,B,650.0,145.0,0.5388,0.818414,1.518957,8.8406,56.4,60.0,59.8558,15.5,0.751976,0.082682,0.055057,0.038026,0.031012,0.02191,0.020651,0.016597,0.014781,0.015998,0.011828,0.109953,0.073216,0.050568,0.041241,0.027462,0.019656,0.015729,0.014072,65.37,56.05,0.0277,9.8e-05,60.0
940,NOT_0030_1p_phB_w650us_rf145_cond30,not_sim_30,Notch,4,train,30,B,650.0,145.0,0.538643,0.817784,1.518229,8.875,55.2,60.0,60.1041,15.41,0.751779,0.082241,0.055374,0.037977,0.031045,0.021983,0.020531,0.016652,0.01475,0.015869,0.011734,0.109395,0.073657,0.050516,0.041295,0.02731,0.01962,0.015608,0.014025,65.37,56.02,0.0276,0.0001,60.0
941,NOT_0030_1p_phB_w650us_rf145_cond30,not_sim_30,Notch,4,train,30,B,650.0,145.0,0.538726,0.81835,1.519045,8.862,52.0,60.0,60.0998,15.48,0.751919,0.081999,0.055238,0.038086,0.031096,0.022147,0.020543,0.01673,0.014695,0.01596,0.011866,0.109053,0.073463,0.050652,0.041356,0.027321,0.019543,0.015781,0.013996,65.39,56.32,0.0276,3.7e-05,60.0
942,NOT_0030_1p_phB_w650us_rf145_cond30,not_sim_30,Notch,4,train,30,B,650.0,145.0,0.538759,0.818434,1.51911,8.8725,51.6,60.0,59.8592,15.39,0.751966,0.08199,0.055299,0.038219,0.031114,0.021986,0.02062,0.016746,0.014747,0.015788,0.011892,0.109034,0.073539,0.050825,0.041377,0.027421,0.019611,0.015815,0.014006,65.37,56.05,0.0275,3.7e-05,60.0
943,NOT_0030_1p_phB_w650us_rf145_cond30,not_sim_30,Notch,4,train,30,B,650.0,145.0,0.538537,0.81858,1.520009,8.8779,54.2,60.0,59.8603,15.42,0.75161,0.082314,0.055331,0.038034,0.031029,0.022008,0.020692,0.016641,0.014743,0.016028,0.011824,0.109517,0.073617,0.050603,0.041283,0.02753,0.019615,0.015732,0.01405,65.4,56.33,0.0276,3.5e-05,60.0
944,NOT_0030_1p_phB_w650us_rf145_cond30,not_sim_30,Notch,4,train,30,B,650.0,145.0,0.538766,0.81807,1.518416,8.8474,56.6,60.0,59.8587,15.5,0.751918,0.08263,0.055103,0.038221,0.031034,0.022017,0.020644,0.016698,0.014806,0.015853,0.011864,0.109892,0.073283,0.050831,0.041273,0.027455,0.019691,0.015778,0.014089,65.38,56.12,0.0276,3.7e-05,60.0
945,NOT_0030_1p_phB_w650us_rf145_cond30,not_sim_30,Notch,4,train,30,B,650.0,145.0,0.538628,0.819604,1.521651,8.8722,55.8,60.0,60.105,15.37,0.751718,0.082491,0.055338,0.038128,0.030992,0.021971,0.020621,0.016901,0.014881,0.015845,0.011935,0.109737,0.073615,0.050721,0.041228,0.027432,0.019796,0.015877,0.01409,65.4,56.36,0.0277,3.7e-05,60.0
946,NOT_0030_1p_phB_w650us_rf145_cond30,not_sim_30,Notch,4,train,30,B,650.0,145.0,0.538653,0.816631,1.516063,8.8777,53.0,60.0,60.1022,15.39,0.751754,0.082337,0.055328,0.038118,0.031118,0.022136,0.020602,0.016782,0.014941,0.015968,0.0119,0.109527,0.073599,0.050705,0.041394,0.027405,0.019875,0.01583,0.014078,65.43,56.63,0.0277,3.8e-05,60.0
947,NOT_0030_1p_phB_w650us_rf145_cond30,not_sim_30,Notch,4,train,30,B,650.0,145.0,0.538705,0.818968,1.520254,8.8621,51.6,60.0,59.98,15.73,0.751879,0.082087,0.05526,0.038082,0.03107,0.022138,0.020517,0.016771,0.014766,0.016001,0.011922,0.109176,0.073496,0.050649,0.041323,0.027288,0.019639,0.015856,0.014016,65.38,56.1,0.0276,3.3e-05,60.0
948,NOT_0030_1p_phB_w650us_rf145_cond30,not_sim_30,Notch,4,train,30,B,650.0,145.0,0.538518,0.816883,1.516909,8.8825,54.2,60.0,59.8597,15.41,0.751562,0.082504,0.055446,0.037946,0.030982,0.021918,0.020552,0.016823,0.0148,0.016036,0.011866,0.109777,0.073774,0.05049,0.041223,0.027346,0.019692,0.015788,0.014084,65.4,56.25,0.0277,3.3e-05,60.0
949,NOT_0030_1p_phB_w650us_rf145_cond30,not_sim_30,Notch,4,train,30,B,650.0,145.0,0.538629,0.8183,1.519228,8.8615,56.6,60.0,59.8592,15.48,0.751699,0.082701,0.055285,0.038212,0.030946,0.02207,0.020568,0.016795,0.01478,0.015827,0.011811,0.110019,0.073547,0.050834,0.041168,0.027362,0.019662,0.015712,0.014114,65.4,56.32,0.0277,3.4e-05,60.0
950,NOT_0030_1p_phB_w650us_rf145_cond30,not_sim_30,Notch,4,train,30,B,650.0,145.0,0.538648,0.818394,1.519346,8.8973,56.2,60.0,60.101,15.36,0.751727,0.082564,0.055505,0.03805,0.031067,0.022062,0.020675,0.016728,0.014724,0.015881,0.011919,0.109832,0.073837,0.050617,0.041328,0.027503,0.019587,0.015855,0.014116,65.4,56.25,0.0277,3.5e-05,60.0
951,NOT_0030_1p_phB_w650us_rf145_cond30,not_sim_30,Notch,4,train,30,B,650.0,145.0,0.538631,0.819236,1.520961,8.9093,53.2,60.0,60.1008,15.4,0.751697,0.082513,0.055504,0.038179,0.031202,0.021952,0.020755,0.016746,0.014856,0.015788,0.011884,0.109769,0.073838,0.05079,0.041509,0.027611,0.019763,0.01581,0.014125,65.41,56.22,0.0277,3.5e-05,60.0
952,NOT_0030_1p_phB_w650us_rf145_cond30,not_sim_30,Notch,4,train,30,B,650.0,145.0,0.538752,0.818904,1.52,8.8563,51.8,60.0,60.0986,15.52,0.751935,0.082215,0.055172,0.038144,0.031042,0.022104,0.020668,0.016853,0.014724,0.015833,0.011958,0.109338,0.073373,0.050728,0.041283,0.027486,0.019581,0.015903,0.014032,65.39,56.24,0.0276,6.5e-05,60.0
953,NOT_0030_1p_phB_w650us_rf145_cond30,not_sim_30,Notch,4,train,30,B,650.0,145.0,0.538547,0.817283,1.517571,8.8918,53.2,60.0,59.8578,15.4,0.751598,0.082498,0.05551,0.037943,0.031052,0.021974,0.020511,0.016763,0.014744,0.015926,0.011852,0.109763,0.073856,0.050483,0.041315,0.02729,0.019617,0.015769,0.014087,65.4,56.33,0.0277,7.1e-05,60.0
954,NOT_0030_1p_phB_w650us_rf145_cond30,not_sim_30,Notch,4,train,30,B,650.0,145.0,0.538527,0.818606,1.520082,8.8827,56.4,60.0,59.8601,15.45,0.751549,0.082672,0.055374,0.038224,0.031065,0.021976,0.020622,0.016781,0.014822,0.015847,0.011825,0.110002,0.07368,0.05086,0.041335,0.027439,0.019722,0.015734,0.014128,65.39,56.06,0.0277,7.3e-05,60.0
955,NOT_0030_1p_phB_w650us_rf145_cond30,not_sim_30,Notch,4,train,30,B,650.0,145.0,0.538711,0.818656,1.519658,8.8907,56.2,60.0,60.1037,15.32,0.751796,0.082838,0.05542,0.037919,0.031126,0.021999,0.020672,0.016806,0.014904,0.015908,0.011772,0.110187,0.073717,0.050438,0.041402,0.027497,0.019825,0.015659,0.014148,65.4,56.17,0.0278,7.2e-05,60.0
956,NOT_0030_1p_phB_w650us_rf145_cond30,not_sim_30,Notch,4,train,30,B,650.0,145.0,0.538498,0.817067,1.517308,8.8824,53.4,60.0,60.0976,15.43,0.751525,0.082486,0.055342,0.038086,0.031098,0.022112,0.020645,0.01681,0.014779,0.015848,0.011829,0.109758,0.07364,0.050678,0.04138,0.027471,0.019665,0.01574,0.014092,65.41,56.41,0.0277,6.9e-05,60.0
957,NOT_0030_1p_phB_w650us_rf145_cond30,not_sim_30,Notch,4,train,30,B,650.0,145.0,0.538688,0.817433,1.517451,8.862,51.8,60.0,60.1029,15.51,0.751842,0.082192,0.055204,0.038004,0.031044,0.022054,0.020691,0.016953,0.014741,0.015916,0.011777,0.109321,0.073425,0.050548,0.041291,0.02752,0.019607,0.015664,0.014022,65.4,56.43,0.0276,7.4e-05,60.0
958,NOT_0030_1p_phB_w650us_rf145_cond30,not_sim_30,Notch,4,train,30,B,650.0,145.0,0.538579,0.818227,1.519233,8.9054,52.6,60.0,59.8565,15.39,0.751635,0.082463,0.055598,0.038002,0.031048,0.021942,0.020624,0.016755,0.014822,0.015884,0.01181,0.109711,0.073969,0.050559,0.041307,0.027439,0.01972,0.015712,0.014098,65.41,56.37,0.0277,8e-05,60.0
959,NOT_0030_1p_phB_w650us_rf145_cond30,not_sim_30,Notch,4,train,30,B,650.0,145.0,0.538507,0.818259,1.519496,8.8837,56.0,60.0,59.8617,15.45,0.751534,0.08266,0.055366,0.037985,0.031029,0.022066,0.020718,0.016647,0.014684,0.015925,0.011897,0.109988,0.073671,0.050543,0.041288,0.027568,0.019539,0.01583,0.014108,65.39,56.11,0.0277,7.5e-05,60.0
960,NOT_0031_1p_phC_w500us_rf165_cond31,not_sim_31,Notch,4,test,31,C,500.0,165.0,0.47265,0.771391,1.632055,3.8864,192.0,60.0,60.3806,12.52,0.656427,0.116859,0.018458,0.026949,0.012831,0.018176,0.012063,0.009327,0.009576,0.004859,0.006144,0.178023,0.028119,0.041054,0.019547,0.018377,0.014588,0.00936,0.015604,63.46,32.89,0.0291,4.9e-05,60.0
961,NOT_0031_1p_phC_w500us_rf165_cond31,not_sim_31,Notch,4,test,31,C,500.0,165.0,0.472796,0.772295,1.633462,3.8245,192.0,60.0,59.6693,12.77,0.656662,0.116747,0.018108,0.026999,0.012598,0.018334,0.012005,0.009101,0.009609,0.004804,0.006214,0.177789,0.027576,0.041116,0.019185,0.018282,0.014633,0.009463,0.015563,63.46,33.21,0.0291,5e-05,60.0
962,NOT_0031_1p_phC_w500us_rf165_cond31,not_sim_31,Notch,4,test,31,C,500.0,165.0,0.472579,0.772191,1.633995,3.8281,192.0,60.0,59.6687,12.84,0.656364,0.116715,0.018154,0.026726,0.012607,0.018361,0.011951,0.009292,0.009548,0.004885,0.006154,0.177821,0.027658,0.040718,0.019207,0.018208,0.014547,0.009376,0.015544,63.45,33.1,0.029,4.7e-05,60.0
963,NOT_0031_1p_phC_w500us_rf165_cond31,not_sim_31,Notch,4,test,31,C,500.0,165.0,0.47251,0.771932,1.633682,3.8824,192.0,60.0,60.3775,12.79,0.656174,0.117177,0.018483,0.026952,0.012688,0.018214,0.0121,0.009151,0.009712,0.004795,0.006182,0.178576,0.028168,0.041074,0.019336,0.01844,0.014801,0.009421,0.015677,63.46,32.81,0.0292,5.6e-05,60.0
964,NOT_0031_1p_phC_w500us_rf165_cond31,not_sim_31,Notch,4,test,31,C,500.0,165.0,0.472633,0.771839,1.633061,3.8523,192.0,60.0,60.3775,12.81,0.656392,0.11699,0.018211,0.026887,0.012765,0.018165,0.012034,0.009194,0.009696,0.00486,0.006255,0.178232,0.027744,0.040962,0.019447,0.018334,0.014772,0.009529,0.01562,63.46,33.06,0.0291,5.9e-05,60.0
965,NOT_0031_1p_phC_w500us_rf165_cond31,not_sim_31,Notch,4,test,31,C,500.0,165.0,0.472686,0.771411,1.631975,3.8832,192.0,60.0,60.3809,12.59,0.65648,0.116852,0.018379,0.026893,0.012824,0.018293,0.01215,0.009247,0.009644,0.004833,0.006201,0.177998,0.027996,0.040965,0.019534,0.018508,0.01469,0.009446,0.015602,63.47,33.02,0.0291,5.7e-05,60.0
966,NOT_0031_1p_phC_w500us_rf165_cond31,not_sim_31,Notch,4,test,31,C,500.0,165.0,0.472703,0.771308,1.631697,3.8407,192.0,60.0,59.6655,12.78,0.656544,0.116659,0.018186,0.026969,0.012664,0.018282,0.012031,0.00922,0.009604,0.004823,0.006165,0.177686,0.0277,0.041077,0.019289,0.018325,0.014628,0.00939,0.015545,63.45,33.09,0.029,5.8e-05,60.0
967,NOT_0031_1p_phC_w500us_rf165_cond31,not_sim_31,Notch,4,test,31,C,500.0,165.0,0.472606,0.770248,1.62979,3.8362,192.0,60.0,59.669,12.83,0.656417,0.116613,0.018094,0.026927,0.012771,0.018213,0.011984,0.009233,0.009595,0.004928,0.006227,0.177651,0.027565,0.041021,0.019456,0.018257,0.014617,0.009486,0.01553,63.45,33.05,0.029,6.1e-05,60.0
968,NOT_0031_1p_phC_w500us_rf165_cond31,not_sim_31,Notch,4,test,31,C,500.0,165.0,0.472543,0.771422,1.63249,3.8931,192.0,60.0,60.3746,12.81,0.656221,0.1171,0.018479,0.027002,0.012865,0.01838,0.01207,0.009282,0.009726,0.004916,0.006114,0.178446,0.02816,0.041148,0.019605,0.018393,0.014821,0.009317,0.015674,63.48,32.99,0.0292,5.7e-05,60.0
969,NOT_0031_1p_phC_w500us_rf165_cond31,not_sim_31,Notch,4,test,31,C,500.0,165.0,0.472603,0.77132,1.632068,3.8633,192.0,60.0,60.3704,12.86,0.656318,0.117102,0.018322,0.027027,0.012701,0.018245,0.012078,0.009364,0.009587,0.004933,0.00618,0.178423,0.027916,0.04118,0.019352,0.018403,0.014607,0.009416,0.015661,63.48,33.11,0.0291,6.1e-05,60.0
970,NOT_0031_1p_phC_w500us_rf165_cond31,not_sim_31,Notch,4,test,31,C,500.0,165.0,0.472598,0.770494,1.630336,3.8696,192.0,60.0,60.3758,12.7,0.656299,0.117128,0.018387,0.02706,0.012677,0.018276,0.01209,0.00935,0.009759,0.004823,0.006174,0.178467,0.028016,0.041231,0.019316,0.018421,0.01487,0.009407,0.015674,63.49,33.2,0.0292,6.2e-05,60.0
971,NOT_0031_1p_phC_w500us_rf165_cond31,not_sim_31,Notch,4,test,31,C,500.0,165.0,0.472553,0.771095,1.631764,3.8345,192.0,60.0,59.6651,12.84,0.656316,0.116742,0.018236,0.02692,0.012551,0.018362,0.01197,0.00935,0.0095,0.00492,0.006153,0.177875,0.027785,0.041017,0.019123,0.018238,0.014475,0.009375,0.015564,63.46,33.14,0.029,6e-05,60.0
972,NOT_0031_1p_phC_w500us_rf165_cond31,not_sim_31,Notch,4,test,31,C,500.0,165.0,0.472605,0.770433,1.630186,3.8452,192.0,60.0,59.6659,12.76,0.656376,0.11677,0.018185,0.027088,0.012769,0.018336,0.011969,0.009365,0.009599,0.004978,0.006145,0.177901,0.027705,0.041269,0.019454,0.018235,0.014624,0.009362,0.015585,63.46,33.0,0.0291,6.2e-05,60.0
973,NOT_0031_1p_phC_w500us_rf165_cond31,not_sim_31,Notch,4,test,31,C,500.0,165.0,0.472502,0.771597,1.633001,3.8878,192.0,60.0,60.3719,12.75,0.656161,0.117115,0.018487,0.027031,0.012781,0.018413,0.012068,0.009373,0.009584,0.00493,0.006152,0.178485,0.028174,0.041196,0.019478,0.018392,0.014606,0.009376,0.015678,63.48,32.9,0.0292,6e-05,60.0
974,NOT_0031_1p_phC_w500us_rf165_cond31,not_sim_31,Notch,4,test,31,C,500.0,165.0,0.472545,0.771002,1.631595,3.8403,192.0,60.0,60.3778,12.8,0.656212,0.117229,0.018164,0.027063,0.012649,0.018362,0.012048,0.009428,0.009612,0.004892,0.00608,0.178645,0.02768,0.041241,0.019276,0.01836,0.014648,0.009265,0.015689,63.49,33.26,0.0292,6.1e-05,60.0
975,NOT_0031_1p_phC_w500us_rf165_cond31,not_sim_31,Notch,4,test,31,C,500.0,165.0,0.472591,0.770637,1.630662,3.8736,192.0,60.0,60.3784,12.72,0.656259,0.117271,0.018354,0.027104,0.012738,0.018425,0.012128,0.009334,0.009568,0.004981,0.006189,0.178696,0.027968,0.041301,0.01941,0.018481,0.01458,0.009431,0.015715,63.5,33.17,0.0292,5.6e-05,60.0
976,NOT_0031_1p_phC_w500us_rf165_cond31,not_sim_31,Notch,4,test,31,C,500.0,165.0,0.472497,0.770142,1.629942,3.8447,192.0,60.0,59.6658,12.87,0.656185,0.116933,0.018269,0.027028,0.012615,0.018494,0.011982,0.009567,0.00956,0.005033,0.00604,0.178201,0.027841,0.04119,0.019225,0.01826,0.014569,0.009205,0.015627,63.49,33.35,0.0292,6.1e-05,60.0
977,NOT_0031_1p_phC_w500us_rf165_cond31,not_sim_31,Notch,4,test,31,C,500.0,165.0,0.472681,0.770434,1.629922,3.8245,192.0,60.0,59.6678,12.73,0.656451,0.116974,0.018074,0.02709,0.012625,0.018444,0.01201,0.009418,0.00964,0.004922,0.00607,0.178192,0.027533,0.041267,0.019232,0.018295,0.014685,0.009247,0.01563,63.48,33.24,0.0291,5.8e-05,60.0
978,NOT_0031_1p_phC_w500us_rf165_cond31,not_sim_31,Notch,4,test,31,C,500.0,165.0,0.472437,0.771469,1.632955,3.8657,192.0,60.0,60.3796,12.54,0.65606,0.117196,0.018448,0.026983,0.012701,0.018341,0.011898,0.009334,0.009446,0.005021,0.006243,0.178636,0.028119,0.041129,0.01936,0.018136,0.014398,0.009516,0.015683,63.49,33.17,0.0292,5.9e-05,60.0
979,NOT_0031_1p_phC_w500us_rf165_cond31,not_sim_31,Notch,4,test,31,C,500.0,165.0,0.472468,0.770656,1.63113,3.8585,192.0,60.0,60.3773,12.8,0.6561,0.117262,0.018231,0.0269,0.012771,0.018282,0.012059,0.009282,0.00967,0.004957,0.006095,0.178726,0.027787,0.041,0.019465,0.01838,0.014739,0.00929,0.01569,63.49,33.14,0.0292,5.8e-05,60.0
980,NOT_0031_1p_phC_w500us_rf165_cond31,not_sim_31,Notch,4,test,31,C,500.0,165.0,0.472484,0.770714,1.631195,3.8807,192.0,60.0,60.3769,12.77,0.656141,0.117144,0.018366,0.026941,0.012833,0.018266,0.012099,0.00933,0.009592,0.004987,0.006164,0.178535,0.027991,0.04106,0.019558,0.01844,0.014619,0.009394,0.015672,63.49,33.31,0.0292,6e-05,60.0
981,NOT_0031_1p_phC_w500us_rf165_cond31,not_sim_31,Notch,4,test,31,C,500.0,165.0,0.472504,0.770836,1.631385,3.878,192.0,60.0,59.6635,12.86,0.656235,0.116798,0.018384,0.026807,0.012773,0.018261,0.012103,0.009308,0.009687,0.004893,0.006135,0.177982,0.028014,0.04085,0.019464,0.018443,0.014761,0.009349,0.015584,63.47,33.05,0.029,5.7e-05,60.0
982,NOT_0031_1p_phC_w500us_rf165_cond31,not_sim_31,Notch,4,test,31,C,500.0,165.0,0.472544,0.769854,1.62917,3.8379,192.0,60.0,59.6662,12.7,0.656279,0.11683,0.018137,0.027084,0.012775,0.018343,0.011927,0.009412,0.00954,0.004951,0.006128,0.178019,0.027636,0.041269,0.019466,0.018174,0.014537,0.009337,0.015595,63.47,32.99,0.0291,5.9e-05,60.0
983,NOT_0031_1p_phC_w500us_rf165_cond31,not_sim_31,Notch,4,test,31,C,500.0,165.0,0.472391,0.769552,1.629058,3.8581,192.0,60.0,59.668,12.78,0.656038,0.116987,0.018322,0.026809,0.012725,0.01835,0.011959,0.009425,0.009589,0.004989,0.006176,0.178324,0.027928,0.040865,0.019397,0.018229,0.014617,0.009414,0.015626,63.49,33.32,0.0291,6.2e-05,60.0
984,NOT_0031_1p_phC_w500us_rf165_cond31,not_sim_31,Notch,4,test,31,C,500.0,165.0,0.472477,0.770717,1.631225,3.8636,192.0,60.0,60.379,12.78,0.656081,0.117359,0.018365,0.027051,0.012673,0.018406,0.012028,0.009482,0.009748,0.005022,0.006109,0.178879,0.027992,0.041231,0.019316,0.018333,0.014858,0.009311,0.015734,63.51,33.43,0.0292,6e-05,60.0
985,NOT_0031_1p_phC_w500us_rf165_cond31,not_sim_31,Notch,4,test,31,C,500.0,165.0,0.472514,0.770037,1.62966,3.8548,192.0,60.0,60.3767,12.79,0.656164,0.117251,0.018255,0.026965,0.012754,0.018424,0.011995,0.00939,0.009592,0.004928,0.006264,0.178692,0.027821,0.041095,0.019437,0.01828,0.014618,0.009546,0.015698,63.5,33.2,0.0292,5.5e-05,60.0
986,NOT_0031_1p_phC_w500us_rf165_cond31,not_sim_31,Notch,4,test,31,C,500.0,165.0,0.472434,0.769964,1.62978,3.8838,192.0,60.0,60.3794,12.45,0.656076,0.11702,0.01851,0.027089,0.012713,0.018394,0.012043,0.00927,0.009715,0.004953,0.006194,0.178363,0.028213,0.041289,0.019377,0.018356,0.014808,0.009441,0.015658,63.5,33.26,0.0292,5.8e-05,60.0
987,NOT_0031_1p_phC_w500us_rf165_cond31,not_sim_31,Notch,4,test,31,C,500.0,165.0,0.472582,0.770085,1.629525,3.8285,192.0,60.0,59.6622,12.67,0.6563,0.11699,0.018125,0.027259,0.012671,0.018446,0.011927,0.009462,0.009588,0.004977,0.006186,0.178257,0.027617,0.041534,0.019307,0.018173,0.014609,0.009426,0.015646,63.48,33.14,0.0291,5.7e-05,60.0
988,NOT_0031_1p_phC_w500us_rf165_cond31,not_sim_31,Notch,4,test,31,C,500.0,165.0,0.472311,0.769176,1.628538,3.8496,192.0,60.0,59.6646,12.79,0.655925,0.116919,0.018356,0.026958,0.012511,0.018488,0.012004,0.009598,0.009686,0.005004,0.00617,0.178251,0.027985,0.041099,0.019074,0.018301,0.014767,0.009407,0.015625,63.5,33.33,0.0291,5.6e-05,60.0
989,NOT_0031_1p_phC_w500us_rf165_cond31,not_sim_31,Notch,4,test,31,C,500.0,165.0,0.472371,0.769942,1.629952,3.8658,192.0,60.0,60.3753,12.8,0.655922,0.117426,0.01841,0.027035,0.012592,0.018373,0.012061,0.009423,0.009596,0.004898,0.006138,0.179024,0.028067,0.041217,0.019197,0.018388,0.01463,0.009358,0.015743,63.51,33.24,0.0292,5.1e-05,60.0
990,NOT_0031_1p_phC_w500us_rf165_cond31,not_sim_31,Notch,4,test,31,C,500.0,165.0,0.472456,0.771681,1.633339,3.869,192.0,60.0,60.3754,12.81,0.656072,0.117261,0.018279,0.02704,0.012726,0.01851,0.012176,0.009418,0.009567,0.005022,0.006155,0.178732,0.027861,0.041215,0.019397,0.018559,0.014582,0.009382,0.015712,63.5,33.1,0.0292,5.1e-05,60.0
991,NOT_0031_1p_phC_w500us_rf165_cond31,not_sim_31,Notch,4,test,31,C,500.0,165.0,0.472384,0.770226,1.630507,3.9073,192.0,60.0,60.3751,12.55,0.655997,0.117031,0.018494,0.02706,0.012944,0.018415,0.012141,0.009357,0.009706,0.004996,0.006231,0.178402,0.028192,0.04125,0.019732,0.018508,0.014796,0.009499,0.01567,63.5,33.32,0.0292,5.2e-05,60.0
992,NOT_0032_1p_phA_w550us_rf160_cond32,not_sim_32,Notch,4,val,32,A,550.0,160.0,0.486973,0.80406,1.651136,5.6342,126.0,60.0,59.6113,11.07,0.667887,0.151194,0.01943,0.03835,0.023509,0.026854,0.022042,0.015348,0.01463,0.009504,0.012933,0.226377,0.029092,0.05742,0.035199,0.033003,0.021905,0.019364,0.027175,67.35,57.24,0.0461,0.000209,60.0
993,NOT_0032_1p_phA_w550us_rf160_cond32,not_sim_32,Notch,4,val,32,A,550.0,160.0,0.486907,0.804879,1.653043,5.6725,126.2,60.0,59.6094,11.08,0.667784,0.151206,0.019814,0.038093,0.023724,0.027041,0.021898,0.015298,0.014718,0.009607,0.012854,0.22643,0.029671,0.057044,0.035526,0.032792,0.02204,0.019249,0.027189,67.35,57.15,0.0461,0.000211,60.0
994,NOT_0032_1p_phA_w550us_rf160_cond32,not_sim_32,Notch,4,val,32,A,550.0,160.0,0.487081,0.804523,1.651723,5.6996,122.8,60.0,60.3103,10.96,0.668151,0.150555,0.019869,0.038224,0.02381,0.027005,0.022102,0.015491,0.014791,0.009664,0.012892,0.225331,0.029737,0.057209,0.035636,0.033079,0.022137,0.019295,0.027026,67.36,57.45,0.046,0.000219,60.0
995,NOT_0032_1p_phA_w550us_rf160_cond32,not_sim_32,Notch,4,val,32,A,550.0,160.0,0.486966,0.805017,1.653128,5.7165,120.4,60.0,60.3126,11.1,0.668011,0.150529,0.019924,0.038153,0.023886,0.026687,0.022153,0.015263,0.014631,0.009462,0.012916,0.225339,0.029826,0.057114,0.035757,0.033163,0.021902,0.019335,0.026988,67.32,57.07,0.0459,0.000227,60.0
996,NOT_0032_1p_phA_w550us_rf160_cond32,not_sim_32,Notch,4,val,32,A,550.0,160.0,0.48717,0.803584,1.649492,5.7121,122.4,60.0,60.3107,11.03,0.668325,0.150464,0.020184,0.038029,0.023719,0.026847,0.022076,0.015124,0.014791,0.009544,0.012878,0.225136,0.030201,0.056902,0.03549,0.033032,0.022131,0.019269,0.026968,67.31,57.0,0.0459,0.000233,60.0
997,NOT_0032_1p_phA_w550us_rf160_cond32,not_sim_32,Notch,4,val,32,A,550.0,160.0,0.486984,0.804187,1.651362,5.6149,125.6,60.0,59.6101,11.09,0.66788,0.151285,0.019343,0.038503,0.023505,0.026991,0.021902,0.015394,0.01448,0.009639,0.012984,0.226515,0.028962,0.05765,0.035193,0.032793,0.021681,0.019441,0.027213,67.36,57.27,0.0461,0.000238,60.0
998,NOT_0032_1p_phA_w550us_rf160_cond32,not_sim_32,Notch,4,val,32,A,550.0,160.0,0.4868,0.803506,1.650588,5.6402,126.6,60.0,59.6113,11.05,0.667662,0.151112,0.019497,0.038121,0.023707,0.026995,0.021816,0.015433,0.014723,0.009539,0.012962,0.22633,0.029202,0.057096,0.035507,0.032675,0.022052,0.019414,0.027149,67.34,57.03,0.046,0.000239,60.0
999,NOT_0032_1p_phA_w550us_rf160_cond32,not_sim_32,Notch,4,val,32,A,550.0,160.0,0.487103,0.803765,1.650092,5.7039,123.4,60.0,60.3143,10.88,0.66819,0.150533,0.01997,0.038387,0.023947,0.027047,0.021916,0.015367,0.014573,0.009449,0.012851,0.225285,0.029887,0.057449,0.035839,0.032799,0.02181,0.019233,0.027021,67.33,57.13,0.046,0.000244,60.0
1000,NOT_0032_1p_phA_w550us_rf160_cond32,not_sim_32,Notch,4,val,32,A,550.0,160.0,0.486878,0.803479,1.650269,5.6705,120.6,60.0,60.3152,11.09,0.667911,0.150428,0.019672,0.038141,0.023684,0.026964,0.022057,0.015339,0.014612,0.009564,0.012992,0.225222,0.029453,0.057105,0.03546,0.033024,0.021877,0.019452,0.026954,67.33,57.23,0.0459,0.000203,60.0
1001,NOT_0032_1p_phA_w550us_rf160_cond32,not_sim_32,Notch,4,val,32,A,550.0,160.0,0.487018,0.80599,1.65495,5.6858,121.8,60.0,60.317,11.05,0.668147,0.150267,0.019898,0.038231,0.023637,0.02687,0.022102,0.015303,0.014556,0.009585,0.01294,0.224901,0.029781,0.057219,0.035377,0.03308,0.021786,0.019367,0.026912,67.31,57.16,0.0458,0.000209,60.0
1002,NOT_0032_1p_phA_w550us_rf160_cond32,not_sim_32,Notch,4,val,32,A,550.0,160.0,0.486957,0.805279,1.653694,5.6044,124.8,60.0,59.6095,11.13,0.667886,0.151101,0.019389,0.038488,0.023411,0.027072,0.021842,0.015432,0.014528,0.009533,0.013048,0.226238,0.02903,0.057627,0.035052,0.032703,0.021752,0.019536,0.027157,67.35,57.19,0.046,0.000241,60.0
1003,NOT_0032_1p_phA_w550us_rf160_cond32,not_sim_32,Notch,4,val,32,A,550.0,160.0,0.486612,0.804759,1.653798,5.6229,126.4,60.0,59.6095,11.0,0.667433,0.150967,0.019505,0.038251,0.023502,0.02692,0.021809,0.015446,0.01448,0.009577,0.012928,0.22619,0.029224,0.057311,0.035213,0.032676,0.021695,0.01937,0.027094,67.33,56.99,0.0459,0.000209,60.0
1004,NOT_0032_1p_phA_w550us_rf160_cond32,not_sim_32,Notch,4,val,32,A,550.0,160.0,0.486943,0.80363,1.650359,5.6406,124.0,60.0,60.3137,10.83,0.667928,0.150704,0.020092,0.038541,0.023513,0.027185,0.021513,0.015294,0.014486,0.009745,0.013008,0.225629,0.030081,0.057702,0.035203,0.032209,0.021688,0.019475,0.027063,67.34,57.18,0.046,0.000228,60.0
1005,NOT_0032_1p_phA_w550us_rf160_cond32,not_sim_32,Notch,4,val,32,A,550.0,160.0,0.486858,0.803427,1.650228,5.6505,120.6,60.0,60.3158,11.1,0.667947,0.150235,0.019642,0.038067,0.023617,0.02691,0.021929,0.015478,0.014757,0.009619,0.01311,0.224921,0.029407,0.056991,0.035358,0.03283,0.022093,0.019627,0.02689,67.29,57.02,0.0457,0.000232,60.0
1006,NOT_0032_1p_phA_w550us_rf160_cond32,not_sim_32,Notch,4,val,32,A,550.0,160.0,0.486874,0.802916,1.649124,5.6685,121.4,60.0,60.3121,11.09,0.667965,0.150223,0.019771,0.038228,0.023586,0.026758,0.022056,0.015432,0.014632,0.009554,0.012906,0.224897,0.029599,0.057231,0.03531,0.03302,0.021905,0.019321,0.026888,67.3,57.15,0.0457,0.000248,60.0
1007,NOT_0032_1p_phA_w550us_rf160_cond32,not_sim_32,Notch,4,val,32,A,550.0,160.0,0.487074,0.803273,1.649181,5.6582,124.8,60.0,59.6069,11.12,0.668097,0.150933,0.019559,0.038336,0.023622,0.026822,0.0221,0.015142,0.01477,0.009451,0.013091,0.225915,0.029276,0.057381,0.035357,0.033079,0.022108,0.019594,0.027107,67.33,57.21,0.0459,0.000238,60.0
1008,NOT_0032_1p_phA_w550us_rf160_cond32,not_sim_32,Notch,4,val,32,A,550.0,160.0,0.48663,0.805878,1.656039,5.6351,126.6,60.0,59.6052,10.96,0.667404,0.15113,0.019613,0.038382,0.023559,0.027046,0.021789,0.015463,0.014589,0.009615,0.013036,0.226445,0.029387,0.057509,0.035299,0.032647,0.021859,0.019532,0.027174,67.35,57.23,0.046,0.000244,60.0
1009,NOT_0032_1p_phA_w550us_rf160_cond32,not_sim_32,Notch,4,val,32,A,550.0,160.0,0.486999,0.80297,1.648813,5.6344,124.8,60.0,59.608,11.14,0.667965,0.151001,0.019993,0.038412,0.023346,0.026955,0.021717,0.01551,0.014725,0.009768,0.012939,0.226061,0.029931,0.057506,0.034951,0.032512,0.022045,0.019371,0.02714,67.34,57.27,0.0459,0.000246,60.0
1010,NOT_0032_1p_phA_w550us_rf160_cond32,not_sim_32,Notch,4,val,32,A,550.0,160.0,0.486917,0.804981,1.653222,5.6225,121.6,60.0,60.3171,11.11,0.668061,0.15018,0.019551,0.038101,0.023502,0.026753,0.021824,0.015542,0.014832,0.00963,0.013077,0.2248,0.029265,0.057032,0.035179,0.032668,0.022202,0.019575,0.026858,67.29,57.17,0.0456,0.000174,60.0
1011,NOT_0032_1p_phA_w550us_rf160_cond32,not_sim_32,Notch,4,val,32,A,550.0,160.0,0.486897,0.802683,1.64857,5.673,120.8,60.0,60.3152,11.08,0.667955,0.150405,0.019829,0.038191,0.023743,0.026986,0.021886,0.015377,0.014722,0.009641,0.01302,0.225172,0.029686,0.057176,0.035546,0.032766,0.02204,0.019492,0.02696,67.3,56.96,0.0457,0.000163,60.0
1012,NOT_0032_1p_phA_w550us_rf160_cond32,not_sim_32,Notch,4,val,32,A,550.0,160.0,0.48695,0.802225,1.647449,5.7087,124.2,60.0,59.9622,12.04,0.667955,0.150726,0.019875,0.03822,0.02389,0.026737,0.022097,0.01532,0.014787,0.009692,0.013,0.225653,0.029755,0.057219,0.035766,0.033082,0.022138,0.019462,0.027064,67.33,57.2,0.0458,0.000172,60.0
1013,NOT_0032_1p_phA_w550us_rf160_cond32,not_sim_32,Notch,4,val,32,A,550.0,160.0,0.486599,0.803446,1.651144,5.6317,126.8,60.0,59.6098,11.01,0.667383,0.151066,0.019462,0.038349,0.023553,0.027046,0.02189,0.015565,0.014522,0.009672,0.013016,0.226356,0.029162,0.057462,0.035292,0.0328,0.02176,0.019503,0.027152,67.34,57.1,0.0459,0.000174,60.0
1014,NOT_0032_1p_phA_w550us_rf160_cond32,not_sim_32,Notch,4,val,32,A,550.0,160.0,0.486858,0.802575,1.648479,5.647,125.2,60.0,59.6092,11.16,0.66772,0.15119,0.019977,0.038364,0.023265,0.027054,0.021941,0.015637,0.01461,0.009515,0.013121,0.226427,0.029918,0.057455,0.034842,0.03286,0.02188,0.01965,0.027205,67.35,57.15,0.0459,0.000184,60.0
1015,NOT_0032_1p_phA_w550us_rf160_cond32,not_sim_32,Notch,4,val,32,A,550.0,160.0,0.486706,0.802589,1.649024,5.6066,122.0,60.0,60.3136,11.12,0.667775,0.150123,0.019493,0.03813,0.023421,0.026981,0.021753,0.015413,0.014649,0.009689,0.013064,0.224811,0.029191,0.0571,0.035073,0.032575,0.021937,0.019563,0.026837,67.24,56.58,0.0455,0.000142,60.0
1016,NOT_0032_1p_phA_w550us_rf160_cond32,not_sim_32,Notch,4,val,32,A,550.0,160.0,0.486936,0.803359,1.649824,5.7061,120.8,60.0,60.3162,11.07,0.667968,0.150486,0.019979,0.038259,0.023828,0.026887,0.022042,0.015441,0.014625,0.009569,0.013227,0.225289,0.02991,0.057277,0.035672,0.032999,0.021895,0.019802,0.027004,67.34,57.38,0.0459,0.000285,60.0
1017,NOT_0032_1p_phA_w550us_rf160_cond32,not_sim_32,Notch,4,val,32,A,550.0,160.0,0.486973,0.802721,1.648391,5.6973,123.4,60.0,60.3143,10.91,0.668001,0.150693,0.020014,0.037963,0.023784,0.026776,0.02196,0.015527,0.014576,0.009707,0.013031,0.225588,0.029961,0.056831,0.035605,0.032874,0.02182,0.019507,0.027033,67.33,57.16,0.0459,0.000275,60.0
1018,NOT_0032_1p_phA_w550us_rf160_cond32,not_sim_32,Notch,4,val,32,A,550.0,160.0,0.48675,0.803719,1.651195,5.6338,126.6,60.0,59.6068,11.02,0.667568,0.151195,0.019385,0.038228,0.023618,0.027023,0.021929,0.015506,0.014706,0.009701,0.013106,0.226486,0.029038,0.057265,0.035379,0.032849,0.022029,0.019632,0.027189,67.36,57.18,0.046,0.000283,60.0
1019,NOT_0032_1p_phA_w550us_rf160_cond32,not_sim_32,Notch,4,val,32,A,550.0,160.0,0.486848,0.801537,1.64638,5.6611,126.0,60.0,59.6095,11.12,0.667672,0.151329,0.019842,0.038178,0.023488,0.02721,0.021983,0.015256,0.014658,0.009669,0.013083,0.226652,0.029718,0.057181,0.035179,0.032925,0.021954,0.019595,0.027239,67.36,57.28,0.046,0.000295,60.0
1020,NOT_0032_1p_phA_w550us_rf160_cond32,not_sim_32,Notch,4,val,32,A,550.0,160.0,0.486762,0.805022,1.653833,5.6386,122.8,60.0,60.3152,11.02,0.667738,0.150457,0.019642,0.038108,0.023523,0.027069,0.021875,0.015566,0.014836,0.009721,0.013058,0.225323,0.029416,0.05707,0.035228,0.03276,0.022218,0.019556,0.026967,67.35,57.4,0.0458,0.000275,60.0
1021,NOT_0032_1p_phA_w550us_rf160_cond32,not_sim_32,Notch,4,val,32,A,550.0,160.0,0.486746,0.802185,1.648056,5.6887,121.2,60.0,60.3137,11.09,0.667725,0.150434,0.019773,0.03823,0.023798,0.026859,0.022035,0.015291,0.014789,0.009488,0.012949,0.225293,0.029612,0.057254,0.03564,0.033,0.022148,0.019393,0.026966,67.3,56.88,0.0458,0.000248,60.0
1022,NOT_0032_1p_phA_w550us_rf160_cond32,not_sim_32,Notch,4,val,32,A,550.0,160.0,0.48696,0.801791,1.646524,5.6833,123.2,60.0,60.3136,10.97,0.668036,0.150462,0.01997,0.038,0.02366,0.026946,0.021975,0.015349,0.014759,0.009562,0.013029,0.22523,0.029894,0.056883,0.035417,0.032895,0.022093,0.019503,0.026965,67.31,57.05,0.0458,0.000254,60.0
1023,NOT_0032_1p_phA_w550us_rf160_cond32,not_sim_32,Notch,4,val,32,A,550.0,160.0,0.486699,0.802764,1.649404,5.5914,126.6,60.0,59.6083,11.06,0.667504,0.151188,0.019349,0.038503,0.023437,0.026987,0.021664,0.015493,0.014572,0.009581,0.013051,0.226498,0.028987,0.057682,0.035111,0.032455,0.021831,0.019552,0.027176,67.34,57.12,0.046,0.000261,60.0
1024,NOT_0033_1p_phB_w600us_rf155_cond01,not_sim_33,Notch,4,train,1,B,600.0,155.0,0.564753,0.838864,1.485364,7.4641,5.0,60.0,59.8993,17.22,0.791709,0.063616,0.045222,0.03458,0.033402,0.028566,0.018204,0.011261,0.012171,0.016004,0.013332,0.080353,0.057119,0.043678,0.04219,0.022993,0.015373,0.01684,0.01026,64.08,49.11,0.0201,1e-05,60.0
1025,NOT_0033_1p_phB_w600us_rf155_cond01,not_sim_33,Notch,4,train,1,B,600.0,155.0,0.564602,0.838601,1.485297,7.4437,7.0,60.0,60.0956,17.17,0.791516,0.063617,0.045083,0.034469,0.033346,0.028543,0.01808,0.011218,0.012096,0.01593,0.013353,0.080374,0.056958,0.043548,0.042129,0.022842,0.015282,0.01687,0.010225,64.06,48.99,0.02,1e-05,60.0
1026,NOT_0033_1p_phB_w600us_rf155_cond01,not_sim_33,Notch,4,train,1,B,600.0,155.0,0.564704,0.839154,1.486006,7.4468,4.0,60.0,60.0969,17.23,0.791661,0.063531,0.045133,0.034483,0.033277,0.028589,0.018196,0.011285,0.012055,0.015901,0.01325,0.08025,0.057011,0.043558,0.042034,0.022985,0.015227,0.016737,0.010219,64.08,49.16,0.02,1e-05,60.0
1027,NOT_0033_1p_phB_w600us_rf155_cond01,not_sim_33,Notch,4,train,1,B,600.0,155.0,0.564664,0.838018,1.484101,7.4462,4.6,60.0,60.0982,17.33,0.791597,0.063546,0.045114,0.034552,0.033343,0.028728,0.018095,0.011151,0.012151,0.015944,0.013213,0.080276,0.056991,0.043648,0.042121,0.022859,0.01535,0.016692,0.010232,64.07,49.06,0.02,1.2e-05,60.0
1028,NOT_0033_1p_phB_w600us_rf155_cond01,not_sim_33,Notch,4,train,1,B,600.0,155.0,0.564677,0.839074,1.485936,7.4604,4.0,60.0,59.9038,17.21,0.791592,0.063682,0.045218,0.034607,0.033373,0.02866,0.018141,0.011075,0.012217,0.016055,0.013294,0.080448,0.057123,0.043718,0.042159,0.022917,0.015433,0.016794,0.010268,64.09,49.14,0.0201,1.4e-05,60.0
1029,NOT_0033_1p_phB_w600us_rf155_cond01,not_sim_33,Notch,4,train,1,B,600.0,155.0,0.564668,0.838906,1.485662,7.4677,4.4,60.0,59.9028,17.22,0.791583,0.063533,0.045288,0.034734,0.033364,0.028762,0.018169,0.011239,0.012138,0.015927,0.013292,0.080261,0.057212,0.043879,0.042148,0.022953,0.015334,0.016792,0.010268,64.08,49.1,0.0201,1.4e-05,60.0
1030,NOT_0033_1p_phB_w600us_rf155_cond01,not_sim_33,Notch,4,train,1,B,600.0,155.0,0.564619,0.840126,1.487952,7.4603,5.6,60.0,60.0975,17.15,0.791523,0.063605,0.04526,0.034522,0.033353,0.028593,0.018056,0.011175,0.012114,0.015959,0.013322,0.080358,0.057181,0.043615,0.042138,0.022812,0.015305,0.016831,0.010246,64.08,49.15,0.0201,1.3e-05,60.0
1031,NOT_0033_1p_phB_w600us_rf155_cond01,not_sim_33,Notch,4,train,1,B,600.0,155.0,0.564653,0.840584,1.488673,7.4577,5.4,60.0,60.0991,17.21,0.791572,0.063567,0.045252,0.034634,0.033314,0.028687,0.018091,0.011283,0.01214,0.015979,0.013235,0.080305,0.057167,0.043753,0.042086,0.022855,0.015337,0.01672,0.010253,64.07,48.93,0.0201,1.3e-05,60.0
1032,NOT_0033_1p_phB_w600us_rf155_cond01,not_sim_33,Notch,4,train,1,B,600.0,155.0,0.564708,0.840131,1.487727,7.4659,5.0,60.0,60.0949,17.3,0.791642,0.063623,0.045273,0.034625,0.033306,0.028565,0.018284,0.011322,0.012064,0.016024,0.013295,0.080368,0.057189,0.043738,0.042072,0.023096,0.015239,0.016794,0.010263,64.08,49.11,0.0201,1.5e-05,60.0
1033,NOT_0033_1p_phB_w600us_rf155_cond01,not_sim_33,Notch,4,train,1,B,600.0,155.0,0.564665,0.840569,1.488616,7.4475,5.8,60.0,59.9018,17.19,0.791594,0.063543,0.045147,0.034561,0.033298,0.0287,0.018125,0.011223,0.012184,0.015963,0.013289,0.080272,0.057033,0.04366,0.042064,0.022897,0.015392,0.016788,0.010237,64.08,49.09,0.02,1.3e-05,60.0
1034,NOT_0033_1p_phB_w600us_rf155_cond01,not_sim_33,Notch,4,train,1,B,600.0,155.0,0.564658,0.839882,1.487418,7.4471,5.8,60.0,59.904,17.23,0.791587,0.063623,0.045221,0.034566,0.03319,0.028586,0.01813,0.011252,0.012065,0.015914,0.013213,0.080374,0.057127,0.043667,0.041928,0.022903,0.015242,0.016692,0.010235,64.07,49.09,0.02,1.5e-05,60.0
1035,NOT_0033_1p_phB_w600us_rf155_cond01,not_sim_33,Notch,4,train,1,B,600.0,155.0,0.564582,0.838849,1.485788,7.4515,5.6,60.0,59.9048,17.31,0.79148,0.063566,0.045186,0.034571,0.033267,0.028527,0.018161,0.011273,0.012096,0.015951,0.013232,0.080313,0.057091,0.043679,0.042031,0.022946,0.015283,0.016718,0.010231,64.08,49.05,0.02,1.4e-05,60.0
1036,NOT_0033_1p_phB_w600us_rf155_cond01,not_sim_33,Notch,4,train,1,B,600.0,155.0,0.564699,0.838777,1.485352,7.457,4.4,60.0,60.1008,17.2,0.79165,0.063507,0.045181,0.034529,0.033343,0.028662,0.018217,0.011191,0.012047,0.015921,0.01329,0.080221,0.057072,0.043616,0.042118,0.023011,0.015218,0.016788,0.010232,64.07,49.02,0.02,1.3e-05,60.0
1037,NOT_0033_1p_phB_w600us_rf155_cond01,not_sim_33,Notch,4,train,1,B,600.0,155.0,0.564651,0.838995,1.485864,7.4509,4.8,60.0,60.0991,17.23,0.791581,0.063514,0.045128,0.034527,0.033332,0.02862,0.018195,0.011184,0.012184,0.015943,0.013272,0.080237,0.05701,0.043618,0.042108,0.022986,0.015392,0.016766,0.010228,64.08,49.16,0.02,1.3e-05,60.0
1038,NOT_0033_1p_phB_w600us_rf155_cond01,not_sim_33,Notch,4,train,1,B,600.0,155.0,0.564609,0.838602,1.48528,7.4578,4.8,60.0,59.8969,17.15,0.791518,0.063454,0.04525,0.03461,0.033273,0.028566,0.018162,0.01137,0.012216,0.015905,0.013375,0.080167,0.057169,0.043726,0.042037,0.022946,0.015434,0.016898,0.010235,64.08,49.13,0.02,1.4e-05,60.0
1039,NOT_0033_1p_phB_w600us_rf155_cond01,not_sim_33,Notch,4,train,1,B,600.0,155.0,0.5647,0.83968,1.486949,7.4546,5.2,60.0,59.9021,17.21,0.791633,0.063698,0.045173,0.034655,0.033365,0.028633,0.018129,0.01111,0.012085,0.015952,0.013303,0.080464,0.057063,0.043777,0.042147,0.022901,0.015266,0.016805,0.010262,64.07,48.97,0.0201,1.5e-05,60.0
1040,NOT_0033_1p_phB_w600us_rf155_cond01,not_sim_33,Notch,4,train,1,B,600.0,155.0,0.564691,0.839467,1.486597,7.4475,4.4,60.0,59.9003,17.29,0.791642,0.063527,0.045204,0.03456,0.033249,0.028604,0.018087,0.011176,0.012102,0.016074,0.013237,0.080247,0.057102,0.043656,0.042,0.022847,0.015287,0.016721,0.010229,64.06,48.84,0.02,1.3e-05,60.0
1041,NOT_0033_1p_phB_w600us_rf155_cond01,not_sim_33,Notch,4,train,1,B,600.0,155.0,0.564605,0.839357,1.486627,7.4637,5.8,60.0,60.0983,17.19,0.791498,0.063592,0.045277,0.034571,0.033284,0.028592,0.018221,0.011165,0.012121,0.016035,0.013337,0.080344,0.057204,0.043678,0.042052,0.023021,0.015314,0.01685,0.010253,64.09,49.19,0.0201,1.4e-05,60.0
1042,NOT_0033_1p_phB_w600us_rf155_cond01,not_sim_33,Notch,4,train,1,B,600.0,155.0,0.564721,0.840483,1.488314,7.453,4.2,60.0,60.0948,17.21,0.79167,0.063553,0.045235,0.034653,0.033237,0.028541,0.01818,0.011285,0.012131,0.016063,0.013229,0.080277,0.057139,0.043772,0.041983,0.022964,0.015323,0.01671,0.010243,64.09,49.26,0.0201,1.4e-05,60.0
1043,NOT_0033_1p_phB_w600us_rf155_cond01,not_sim_33,Notch,4,train,1,B,600.0,155.0,0.564635,0.837932,1.484024,7.4488,5.8,60.0,59.9045,17.17,0.791546,0.063602,0.045163,0.034609,0.033253,0.028688,0.01819,0.011144,0.012226,0.016012,0.01322,0.080352,0.057057,0.043723,0.04201,0.02298,0.015446,0.016701,0.010247,64.09,49.23,0.0201,1.5e-05,60.0
1044,NOT_0033_1p_phB_w600us_rf155_cond01,not_sim_33,Notch,4,train,1,B,600.0,155.0,0.564712,0.839147,1.485974,7.4741,3.6,60.0,59.904,17.21,0.791647,0.063565,0.045328,0.034669,0.033395,0.028595,0.018195,0.011093,0.012106,0.015958,0.013256,0.080295,0.057258,0.043794,0.042184,0.022984,0.015292,0.016745,0.010261,64.08,49.17,0.0201,1.3e-05,60.0
1045,NOT_0033_1p_phB_w600us_rf155_cond01,not_sim_33,Notch,4,train,1,B,600.0,155.0,0.564733,0.83926,1.486118,7.4718,4.8,60.0,59.9038,17.28,0.791677,0.063656,0.045318,0.034535,0.033372,0.028614,0.018211,0.011186,0.012005,0.015892,0.013351,0.080407,0.057243,0.043623,0.042154,0.023003,0.015164,0.016864,0.010263,64.08,49.06,0.0201,1.5e-05,60.0
1046,NOT_0033_1p_phB_w600us_rf155_cond01,not_sim_33,Notch,4,train,1,B,600.0,155.0,0.564697,0.838927,1.485622,7.4458,5.0,60.0,60.0923,17.22,0.791652,0.063528,0.045171,0.034489,0.033239,0.028603,0.018145,0.011156,0.012103,0.015934,0.013276,0.080247,0.057059,0.043566,0.041987,0.02292,0.015288,0.01677,0.010219,64.08,49.2,0.02,1.3e-05,60.0
1047,NOT_0033_1p_phB_w600us_rf155_cond01,not_sim_33,Notch,4,train,1,B,600.0,155.0,0.564673,0.839027,1.485864,7.4584,4.2,60.0,60.0954,17.22,0.791605,0.06354,0.045244,0.034495,0.033322,0.028662,0.018124,0.01124,0.012112,0.016084,0.013232,0.080267,0.057155,0.043576,0.042094,0.022895,0.015301,0.016715,0.010241,64.08,49.14,0.02,1.4e-05,60.0
1048,NOT_0033_1p_phB_w600us_rf155_cond01,not_sim_33,Notch,4,train,1,B,600.0,155.0,0.564611,0.841057,1.489622,7.4467,6.2,60.0,60.0936,17.35,0.791524,0.063632,0.045107,0.034576,0.033338,0.028567,0.018114,0.011212,0.012007,0.015923,0.013298,0.080392,0.056988,0.043683,0.042119,0.022885,0.015169,0.016801,0.010235,64.06,48.98,0.02,1.4e-05,60.0
1049,NOT_0033_1p_phB_w600us_rf155_cond01,not_sim_33,Notch,4,train,1,B,600.0,155.0,0.564623,0.839651,1.4871,7.4606,5.6,60.0,59.9014,17.2,0.791528,0.063595,0.045249,0.034597,0.033335,0.028571,0.018125,0.011243,0.012178,0.015965,0.013311,0.080345,0.057167,0.043709,0.042115,0.022899,0.015385,0.016817,0.010252,64.08,49.12,0.0201,1.4e-05,60.0
1050,NOT_0033_1p_phB_w600us_rf155_cond01,not_sim_33,Notch,4,train,1,B,600.0,155.0,0.5647,0.84015,1.487782,7.4589,6.0,60.0,59.9079,17.29,0.791636,0.063677,0.045249,0.03451,0.033348,0.028601,0.018083,0.011247,0.012095,0.015944,0.013239,0.080437,0.057159,0.043593,0.042125,0.022843,0.015278,0.016724,0.010253,64.08,49.19,0.0201,1.3e-05,60.0
1051,NOT_0033_1p_phB_w600us_rf155_cond01,not_sim_33,Notch,4,train,1,B,600.0,155.0,0.564648,0.839504,1.486773,7.4547,4.0,60.0,60.1013,17.15,0.791585,0.063471,0.045226,0.0345,0.033274,0.028576,0.018155,0.011242,0.012112,0.015857,0.013288,0.080182,0.057133,0.043583,0.042035,0.022935,0.015301,0.016787,0.010219,64.07,49.1,0.02,1.4e-05,60.0
1052,NOT_0033_1p_phB_w600us_rf155_cond01,not_sim_33,Notch,4,train,1,B,600.0,155.0,0.564645,0.838584,1.485153,7.4692,5.0,60.0,60.0967,17.22,0.791564,0.063459,0.045276,0.034634,0.033356,0.028587,0.018252,0.011166,0.012131,0.015939,0.013264,0.080169,0.057198,0.043754,0.042139,0.023058,0.015325,0.016757,0.010241,64.08,49.12,0.0201,1.4e-05,60.0
1053,NOT_0033_1p_phB_w600us_rf155_cond01,not_sim_33,Notch,4,train,1,B,600.0,155.0,0.564661,0.839196,1.486194,7.4673,4.4,60.0,60.0986,17.33,0.791587,0.063474,0.045306,0.034623,0.033389,0.028699,0.018071,0.011257,0.012118,0.015951,0.013246,0.080186,0.057234,0.043739,0.04218,0.022829,0.015308,0.016733,0.010249,64.07,48.94,0.02,1.5e-05,60.0
1054,NOT_0033_1p_phB_w600us_rf155_cond01,not_sim_33,Notch,4,train,1,B,600.0,155.0,0.564643,0.838605,1.485195,7.4719,5.8,60.0,59.9029,17.21,0.791555,0.063639,0.045399,0.034491,0.033272,0.028581,0.018164,0.011231,0.012107,0.01597,0.013285,0.080397,0.057354,0.043574,0.042034,0.022947,0.015295,0.016783,0.010259,64.07,48.96,0.0201,1.6e-05,60.0
1055,NOT_0033_1p_phB_w600us_rf155_cond01,not_sim_33,Notch,4,train,1,B,600.0,155.0,0.564589,0.838686,1.48548,7.4694,6.4,60.0,59.9017,17.23,0.79147,0.063632,0.045335,0.034604,0.033345,0.028579,0.018106,0.011319,0.012209,0.01599,0.013274,0.080397,0.057279,0.043721,0.04213,0.022876,0.015426,0.016771,0.010267,64.08,49.04,0.0201,1.6e-05,60.0
1056,NOT_0034_1p_phC_w700us_rf140_cond02,not_sim_34,Notch,4,train,2,C,700.0,140.0,0.497494,0.830183,1.668731,5.8333,117.0,60.0,60.4301,11.24,0.687283,0.140335,0.028655,0.025403,0.021807,0.011818,0.017627,0.004067,0.012456,0.003048,0.007759,0.204188,0.041693,0.036961,0.031729,0.025647,0.018124,0.011289,0.022327,64.12,33.32,0.035,2.2e-05,60.0
1057,NOT_0034_1p_phC_w700us_rf140_cond02,not_sim_34,Notch,4,train,2,C,700.0,140.0,0.497415,0.828991,1.666601,5.8532,120.4,60.0,59.573,11.42,0.687146,0.140412,0.028846,0.025467,0.021838,0.011726,0.01757,0.003944,0.012453,0.00321,0.007901,0.204341,0.041979,0.037062,0.031781,0.02557,0.018123,0.011498,0.022363,64.13,33.35,0.0351,2.2e-05,60.0
1058,NOT_0034_1p_phC_w700us_rf140_cond02,not_sim_34,Notch,4,train,2,C,700.0,140.0,0.497321,0.829516,1.66797,5.865,119.0,60.0,59.5713,11.49,0.687026,0.140309,0.028865,0.025478,0.021926,0.011706,0.017596,0.004077,0.012547,0.003214,0.007805,0.204227,0.042014,0.037084,0.031914,0.025612,0.018263,0.011361,0.022342,64.13,33.39,0.0351,2.3e-05,60.0
1059,NOT_0034_1p_phC_w700us_rf140_cond02,not_sim_34,Notch,4,train,2,C,700.0,140.0,0.49736,0.828551,1.665899,5.8692,115.4,60.0,60.4324,11.43,0.687067,0.140357,0.028894,0.025542,0.021972,0.01168,0.017564,0.004062,0.012602,0.003103,0.007856,0.204284,0.042054,0.037175,0.031979,0.025564,0.018342,0.011434,0.022362,64.14,33.48,0.0351,2.3e-05,60.0
1060,NOT_0034_1p_phC_w700us_rf140_cond02,not_sim_34,Notch,4,train,2,C,700.0,140.0,0.497423,0.829014,1.666618,5.8747,113.8,60.0,60.4338,11.46,0.687153,0.140385,0.028994,0.025526,0.021869,0.011663,0.017625,0.003986,0.012455,0.003228,0.007872,0.204299,0.042194,0.037147,0.031826,0.025649,0.018126,0.011456,0.022368,64.14,33.61,0.0351,2.6e-05,60.0
1061,NOT_0034_1p_phC_w700us_rf140_cond02,not_sim_34,Notch,4,train,2,C,700.0,140.0,0.497421,0.828377,1.665344,5.8536,116.8,60.0,60.4342,11.28,0.68717,0.140356,0.028783,0.025397,0.021807,0.011605,0.01772,0.004028,0.012592,0.003099,0.007965,0.204252,0.041886,0.036959,0.031735,0.025787,0.018324,0.011591,0.022345,64.13,33.51,0.035,2.3e-05,60.0
1062,NOT_0034_1p_phC_w700us_rf140_cond02,not_sim_34,Notch,4,train,2,C,700.0,140.0,0.497419,0.829008,1.666617,5.8602,119.8,60.0,59.5732,11.47,0.687134,0.140502,0.028812,0.025432,0.021916,0.011774,0.017636,0.004055,0.012506,0.003143,0.007887,0.204475,0.041931,0.037012,0.031895,0.025666,0.0182,0.011478,0.022393,64.14,33.38,0.0351,2.5e-05,60.0
1063,NOT_0034_1p_phC_w700us_rf140_cond02,not_sim_34,Notch,4,train,2,C,700.0,140.0,0.497289,0.82734,1.6637,5.8684,119.2,60.0,59.5733,11.47,0.686968,0.140369,0.028829,0.025514,0.021951,0.011642,0.017672,0.00405,0.012539,0.003183,0.007853,0.204331,0.041966,0.03714,0.031953,0.025725,0.018253,0.011431,0.022361,64.14,33.59,0.0351,2.4e-05,60.0
1064,NOT_0034_1p_phC_w700us_rf140_cond02,not_sim_34,Notch,4,train,2,C,700.0,140.0,0.497387,0.829096,1.666902,5.8759,115.6,60.0,60.4334,11.39,0.687064,0.140569,0.028819,0.025559,0.021931,0.011737,0.017841,0.004028,0.012559,0.003161,0.007785,0.204594,0.041945,0.0372,0.03192,0.025967,0.018279,0.011331,0.022425,64.15,33.55,0.0351,2e-05,60.0
1065,NOT_0034_1p_phC_w700us_rf140_cond02,not_sim_34,Notch,4,train,2,C,700.0,140.0,0.497357,0.828989,1.666789,5.8664,114.2,60.0,60.4298,11.48,0.687034,0.140527,0.02885,0.025513,0.021876,0.011712,0.017708,0.00413,0.01261,0.003204,0.007896,0.204542,0.041992,0.037135,0.031841,0.025775,0.018354,0.011493,0.022409,64.15,33.5,0.0351,2.2e-05,60.0
1066,NOT_0034_1p_phC_w700us_rf140_cond02,not_sim_34,Notch,4,train,2,C,700.0,140.0,0.497389,0.82702,1.662723,5.8787,116.2,60.0,60.4316,11.37,0.687095,0.14042,0.028848,0.025644,0.021996,0.011739,0.017762,0.004035,0.012531,0.00311,0.007872,0.204368,0.041985,0.037322,0.032013,0.025851,0.018238,0.011457,0.02239,64.15,33.47,0.0351,2.3e-05,60.0
1067,NOT_0034_1p_phC_w700us_rf140_cond02,not_sim_34,Notch,4,train,2,C,700.0,140.0,0.497319,0.829317,1.667576,5.884,119.4,60.0,59.5749,11.55,0.686969,0.140536,0.028875,0.025526,0.021964,0.011732,0.017824,0.004048,0.012504,0.003157,0.00784,0.204574,0.042032,0.037157,0.031972,0.025946,0.018202,0.011412,0.022418,64.16,33.81,0.0351,2.1e-05,60.0
1068,NOT_0034_1p_phC_w700us_rf140_cond02,not_sim_34,Notch,4,train,2,C,700.0,140.0,0.49735,0.827486,1.663792,5.8687,119.6,60.0,59.5717,11.41,0.687029,0.140465,0.028734,0.025657,0.022014,0.01183,0.017759,0.004013,0.012562,0.003148,0.007829,0.204453,0.041824,0.037345,0.032042,0.025849,0.018285,0.011395,0.022399,64.16,33.71,0.0351,2.4e-05,60.0
1069,NOT_0034_1p_phC_w700us_rf140_cond02,not_sim_34,Notch,4,train,2,C,700.0,140.0,0.497241,0.827304,1.66379,5.8819,116.4,60.0,60.434,11.34,0.686872,0.140458,0.028879,0.025606,0.021974,0.011754,0.01776,0.004036,0.012612,0.003261,0.007694,0.204489,0.042044,0.037279,0.031991,0.025856,0.018361,0.011202,0.0224,64.16,33.71,0.0351,2.1e-05,60.0
1070,NOT_0034_1p_phC_w700us_rf140_cond02,not_sim_34,Notch,4,train,2,C,700.0,140.0,0.497222,0.82791,1.665071,5.873,114.0,60.0,60.4317,11.47,0.686861,0.140457,0.028823,0.025408,0.021976,0.011667,0.017707,0.004056,0.0126,0.003181,0.007746,0.204491,0.041963,0.036991,0.031995,0.02578,0.018344,0.011277,0.022382,64.14,33.47,0.0351,2.4e-05,60.0
1071,NOT_0034_1p_phC_w700us_rf140_cond02,not_sim_34,Notch,4,train,2,C,700.0,140.0,0.497304,0.828088,1.665155,5.886,115.8,60.0,60.4334,11.4,0.686996,0.140331,0.028921,0.025488,0.022049,0.011691,0.017679,0.004098,0.012465,0.003068,0.007782,0.204268,0.042098,0.037101,0.032095,0.025734,0.018144,0.011328,0.022356,64.15,33.73,0.035,2.5e-05,60.0
1072,NOT_0034_1p_phC_w700us_rf140_cond02,not_sim_34,Notch,4,train,2,C,700.0,140.0,0.497303,0.830217,1.66944,5.8914,118.6,60.0,59.572,11.57,0.686995,0.140326,0.028927,0.025451,0.022064,0.011603,0.017735,0.003859,0.012616,0.003259,0.007814,0.204261,0.042107,0.037047,0.032117,0.025815,0.018364,0.011374,0.022358,64.15,33.63,0.035,2.4e-05,60.0
1073,NOT_0034_1p_phC_w700us_rf140_cond02,not_sim_34,Notch,4,train,2,C,700.0,140.0,0.497266,0.82697,1.663035,5.8861,120.6,60.0,59.572,11.38,0.686946,0.140334,0.028926,0.025334,0.022018,0.011585,0.017703,0.004007,0.012466,0.003209,0.00789,0.204287,0.042108,0.036879,0.032052,0.025771,0.018147,0.011486,0.022349,64.15,33.69,0.035,2.7e-05,60.0
1074,NOT_0034_1p_phC_w700us_rf140_cond02,not_sim_34,Notch,4,train,2,C,700.0,140.0,0.497178,0.828305,1.666014,5.8787,117.2,60.0,60.4321,11.21,0.686827,0.140319,0.028984,0.025398,0.02187,0.0116,0.017661,0.004043,0.012532,0.003212,0.007873,0.2043,0.0422,0.036979,0.031842,0.025714,0.018246,0.011463,0.022345,64.14,33.46,0.035,2.6e-05,60.0
1075,NOT_0034_1p_phC_w700us_rf140_cond02,not_sim_34,Notch,4,train,2,C,700.0,140.0,0.497256,0.826861,1.662847,5.8811,114.2,60.0,60.4344,11.46,0.686921,0.140379,0.028819,0.025478,0.022029,0.011614,0.017783,0.004031,0.012582,0.003192,0.007838,0.20436,0.041954,0.03709,0.032069,0.025888,0.018317,0.01141,0.022369,64.16,33.72,0.035,2.9e-05,60.0
1076,NOT_0034_1p_phC_w700us_rf140_cond02,not_sim_34,Notch,4,train,2,C,700.0,140.0,0.497195,0.827253,1.66384,5.8973,115.4,60.0,60.4353,11.41,0.686824,0.140391,0.028955,0.025482,0.021972,0.011642,0.017871,0.004111,0.012573,0.00311,0.007764,0.204406,0.042158,0.037101,0.031991,0.02602,0.018306,0.011304,0.02238,64.16,33.67,0.0351,2.9e-05,60.0
1077,NOT_0034_1p_phC_w700us_rf140_cond02,not_sim_34,Notch,4,train,2,C,700.0,140.0,0.497234,0.825966,1.661122,5.8907,118.6,60.0,59.5721,11.55,0.686865,0.140437,0.028917,0.025587,0.022092,0.011803,0.017688,0.004006,0.012492,0.003106,0.007863,0.204461,0.0421,0.037252,0.032164,0.025752,0.018187,0.011448,0.022397,64.17,33.81,0.0351,3e-05,60.0
1078,NOT_0034_1p_phC_w700us_rf140_cond02,not_sim_34,Notch,4,train,2,C,700.0,140.0,0.4972,0.827722,1.664767,5.8761,120.6,60.0,59.5717,11.36,0.686846,0.140356,0.028852,0.025478,0.021926,0.011648,0.017769,0.004132,0.012518,0.003084,0.007881,0.204349,0.042007,0.037094,0.031923,0.02587,0.018225,0.011474,0.022359,64.15,33.7,0.035,2.9e-05,60.0
1079,NOT_0034_1p_phC_w700us_rf140_cond02,not_sim_34,Notch,4,train,2,C,700.0,140.0,0.497153,0.826655,1.662777,5.8846,118.0,60.0,59.5715,11.47,0.686762,0.140423,0.028893,0.025498,0.02202,0.011637,0.017707,0.004126,0.012592,0.003234,0.007961,0.204471,0.042071,0.037128,0.032064,0.025783,0.018335,0.011592,0.022387,64.16,33.63,0.0351,3.1e-05,60.0
1080,NOT_0034_1p_phC_w700us_rf140_cond02,not_sim_34,Notch,4,train,2,C,700.0,140.0,0.497196,0.827715,1.664766,5.8832,114.8,60.0,60.4298,11.49,0.686855,0.140307,0.028916,0.025392,0.021981,0.011589,0.017707,0.003925,0.012502,0.003284,0.007848,0.204275,0.042099,0.036969,0.032002,0.02578,0.018202,0.011426,0.022342,64.15,33.62,0.035,3e-05,60.0
1081,NOT_0034_1p_phC_w700us_rf140_cond02,not_sim_34,Notch,4,train,2,C,700.0,140.0,0.497191,0.827666,1.664683,5.8921,115.0,60.0,60.4321,11.47,0.686877,0.140167,0.029004,0.025439,0.02196,0.011539,0.017734,0.003951,0.012476,0.003293,0.007867,0.204064,0.042226,0.037036,0.031971,0.025818,0.018163,0.011453,0.022309,64.14,33.52,0.035,2.8e-05,60.0
1082,NOT_0034_1p_phC_w700us_rf140_cond02,not_sim_34,Notch,4,train,2,C,700.0,140.0,0.497181,0.827767,1.66492,5.8941,118.2,60.0,60.4304,11.18,0.686843,0.140269,0.028914,0.025365,0.022064,0.01149,0.017779,0.00398,0.012451,0.003263,0.007926,0.204223,0.042097,0.03693,0.032124,0.025885,0.018128,0.01154,0.022334,64.14,33.5,0.035,2.8e-05,60.0
1083,NOT_0034_1p_phC_w700us_rf140_cond02,not_sim_34,Notch,4,train,2,C,700.0,140.0,0.497199,0.826653,1.66262,5.8889,120.8,60.0,59.5717,11.38,0.686869,0.140271,0.028986,0.025321,0.021977,0.011588,0.01769,0.004063,0.012549,0.003189,0.007715,0.204218,0.0422,0.036864,0.031996,0.025755,0.01827,0.011232,0.022331,64.14,33.56,0.035,3.1e-05,60.0
1084,NOT_0034_1p_phC_w700us_rf140_cond02,not_sim_34,Notch,4,train,2,C,700.0,140.0,0.497114,0.826091,1.661774,5.8904,118.4,60.0,59.5701,11.49,0.686741,0.140278,0.028888,0.025453,0.02215,0.011542,0.01764,0.003962,0.012471,0.003275,0.007736,0.204266,0.042065,0.037063,0.032254,0.025687,0.01816,0.011265,0.022337,64.15,33.69,0.035,3e-05,60.0
1085,NOT_0034_1p_phC_w700us_rf140_cond02,not_sim_34,Notch,4,train,2,C,700.0,140.0,0.497177,0.827197,1.663788,5.8784,115.0,60.0,60.4357,11.43,0.686817,0.140383,0.028946,0.025384,0.02189,0.011548,0.017691,0.003999,0.01249,0.003168,0.00785,0.204397,0.042145,0.036959,0.031872,0.025758,0.018185,0.01143,0.022359,64.15,33.61,0.035,3.3e-05,60.0
1086,NOT_0034_1p_phC_w700us_rf140_cond02,not_sim_34,Notch,4,train,2,C,700.0,140.0,0.497147,0.82641,1.662306,5.8946,114.4,60.0,60.4354,11.45,0.686769,0.140348,0.029004,0.025486,0.021951,0.011514,0.017769,0.003947,0.012489,0.003204,0.007907,0.20436,0.042233,0.03711,0.031963,0.025873,0.018185,0.011513,0.022363,64.16,33.81,0.035,3.3e-05,60.0
1087,NOT_0034_1p_phC_w700us_rf140_cond02,not_sim_34,Notch,4,train,2,C,700.0,140.0,0.497147,0.827089,1.663669,5.8854,117.6,60.0,60.4344,11.21,0.686768,0.140367,0.028963,0.025471,0.021902,0.01177,0.017753,0.004108,0.012592,0.003288,0.007772,0.204388,0.042173,0.037088,0.031891,0.02585,0.018335,0.011317,0.022371,64.15,33.61,0.035,3.3e-05,60.0
1088,NOT_0035_1p_phA_w450us_rf175_cond03,not_sim_35,Notch,4,train,3,A,450.0,175.0,0.556106,0.902003,1.622,10.2711,45.8,60.0,59.7348,12.13,0.766907,0.138541,0.066958,0.030975,0.02817,0.037812,0.030459,0.016976,0.016949,0.018632,0.013449,0.180649,0.087309,0.04039,0.036732,0.039717,0.0221,0.017537,0.028891,67.93,63.84,0.0434,0.000126,60.0
1089,NOT_0035_1p_phA_w450us_rf175_cond03,not_sim_35,Notch,4,train,3,A,450.0,175.0,0.556189,0.899436,1.617142,10.2723,47.6,60.0,59.7363,12.24,0.767062,0.138371,0.066922,0.030902,0.028302,0.037897,0.030481,0.016927,0.016967,0.018613,0.013477,0.180391,0.087245,0.040286,0.036897,0.039737,0.022119,0.01757,0.028849,67.92,63.82,0.0433,0.000121,60.0
1090,NOT_0035_1p_phA_w450us_rf175_cond03,not_sim_35,Notch,4,train,3,A,450.0,175.0,0.556106,0.900658,1.619579,10.2688,47.4,60.0,60.2594,12.07,0.766939,0.138418,0.066955,0.030994,0.028145,0.037838,0.030452,0.016876,0.016957,0.01852,0.0135,0.180481,0.087302,0.040413,0.036698,0.039706,0.02211,0.017602,0.028852,67.91,63.77,0.0433,0.000125,60.0
1091,NOT_0035_1p_phA_w450us_rf175_cond03,not_sim_35,Notch,4,train,3,A,450.0,175.0,0.556047,0.901738,1.621693,10.2595,44.4,60.0,60.2611,12.22,0.766867,0.138433,0.066868,0.030838,0.028204,0.037793,0.030385,0.016806,0.016915,0.018501,0.013398,0.180518,0.087196,0.040213,0.036778,0.039622,0.022057,0.017471,0.028823,67.9,63.62,0.0433,0.000113,60.0
1092,NOT_0035_1p_phA_w450us_rf175_cond03,not_sim_35,Notch,4,train,3,A,450.0,175.0,0.556031,0.900607,1.619707,10.2686,43.2,60.0,60.2614,12.27,0.766822,0.13842,0.066869,0.031001,0.028243,0.037881,0.030514,0.016931,0.016959,0.018591,0.013429,0.180511,0.087203,0.040428,0.036831,0.039793,0.022116,0.017513,0.028857,67.93,63.79,0.0434,0.000116,60.0
1093,NOT_0035_1p_phA_w450us_rf175_cond03,not_sim_35,Notch,4,train,3,A,450.0,175.0,0.556074,0.900446,1.619292,10.2864,45.0,60.0,59.7424,12.18,0.766854,0.138559,0.067002,0.030793,0.028212,0.037742,0.030613,0.016942,0.017158,0.018558,0.013473,0.180685,0.087373,0.040155,0.036789,0.03992,0.022375,0.017569,0.028901,67.94,63.97,0.0434,0.000113,60.0
1094,NOT_0035_1p_phA_w450us_rf175_cond03,not_sim_35,Notch,4,train,3,A,450.0,175.0,0.556022,0.899896,1.618455,10.2641,47.8,60.0,59.7448,12.24,0.766812,0.138469,0.066796,0.03094,0.028253,0.037838,0.030574,0.016885,0.016988,0.018664,0.013484,0.180578,0.087109,0.040349,0.036845,0.039872,0.022154,0.017584,0.028861,67.92,63.75,0.0433,0.000108,60.0
1095,NOT_0035_1p_phA_w450us_rf175_cond03,not_sim_35,Notch,4,train,3,A,450.0,175.0,0.556018,0.900786,1.620066,10.2652,47.2,60.0,60.261,12.03,0.766809,0.138441,0.066827,0.030829,0.028275,0.037867,0.030506,0.016919,0.016941,0.018684,0.013447,0.180542,0.087149,0.040204,0.036874,0.039783,0.022093,0.017536,0.028849,67.93,63.95,0.0433,0.000107,60.0
1096,NOT_0035_1p_phA_w450us_rf175_cond03,not_sim_35,Notch,4,train,3,A,450.0,175.0,0.556076,0.902331,1.622676,10.2693,45.0,60.0,60.2612,12.21,0.766869,0.138587,0.066961,0.030829,0.028173,0.037852,0.030403,0.016873,0.016907,0.018437,0.013476,0.180718,0.087317,0.040201,0.036738,0.039646,0.022047,0.017573,0.028883,67.92,63.81,0.0433,0.000112,60.0
1097,NOT_0035_1p_phA_w450us_rf175_cond03,not_sim_35,Notch,4,train,3,A,450.0,175.0,0.555996,0.901078,1.620657,10.2686,43.6,60.0,60.2587,12.3,0.766777,0.138428,0.066887,0.03084,0.028211,0.037839,0.030494,0.016871,0.017016,0.018697,0.013427,0.180532,0.087231,0.04022,0.036792,0.039769,0.022192,0.017511,0.028849,67.92,63.71,0.0433,0.000127,60.0
1098,NOT_0035_1p_phA_w450us_rf175_cond03,not_sim_35,Notch,4,train,3,A,450.0,175.0,0.556042,0.903135,1.624221,10.2616,44.4,60.0,59.7422,12.19,0.766824,0.138586,0.066871,0.030789,0.028232,0.037832,0.030383,0.016949,0.017003,0.018459,0.013429,0.180727,0.087205,0.040151,0.036817,0.039622,0.022173,0.017512,0.028875,67.92,63.84,0.0434,0.000134,60.0
1099,NOT_0035_1p_phA_w450us_rf175_cond03,not_sim_35,Notch,4,train,3,A,450.0,175.0,0.555878,0.899625,1.618384,10.2533,47.4,60.0,59.7405,12.18,0.766584,0.138631,0.066729,0.030891,0.028231,0.037916,0.030467,0.016914,0.016978,0.018552,0.013291,0.180843,0.087047,0.040297,0.036827,0.039744,0.022148,0.017338,0.028884,67.93,63.83,0.0434,0.000126,60.0
1100,NOT_0035_1p_phA_w450us_rf175_cond03,not_sim_35,Notch,4,train,3,A,450.0,175.0,0.555986,0.901851,1.622077,10.2529,47.6,60.0,60.2608,12.0,0.76674,0.138606,0.066811,0.030879,0.028192,0.037848,0.030357,0.016941,0.016957,0.018605,0.013478,0.180773,0.087136,0.040273,0.036769,0.039592,0.022116,0.017578,0.02888,67.92,63.77,0.0434,0.000139,60.0
1101,NOT_0035_1p_phA_w450us_rf175_cond03,not_sim_35,Notch,4,train,3,A,450.0,175.0,0.555945,0.901806,1.622115,10.2596,45.6,60.0,60.2639,12.19,0.766683,0.13859,0.066856,0.030832,0.028178,0.037831,0.030387,0.016814,0.016987,0.018578,0.013451,0.180766,0.087202,0.040215,0.036753,0.039634,0.022156,0.017544,0.028873,67.92,63.78,0.0434,0.000133,60.0
1102,NOT_0035_1p_phA_w450us_rf175_cond03,not_sim_35,Notch,4,train,3,A,450.0,175.0,0.555929,0.901662,1.6219,10.2549,43.4,60.0,60.263,12.27,0.766646,0.138619,0.066774,0.030861,0.028213,0.037924,0.030433,0.016996,0.017119,0.018576,0.013314,0.180812,0.087099,0.040255,0.036801,0.039696,0.02233,0.017367,0.028891,67.94,63.91,0.0434,0.000111,60.0
1103,NOT_0035_1p_phA_w450us_rf175_cond03,not_sim_35,Notch,4,train,3,A,450.0,175.0,0.555876,0.901063,1.620976,10.2512,44.2,60.0,59.7383,12.16,0.766577,0.138722,0.066756,0.030855,0.028282,0.037803,0.030317,0.016887,0.017041,0.018484,0.013427,0.180963,0.087083,0.04025,0.036894,0.039549,0.02223,0.017516,0.028898,67.92,63.74,0.0434,0.000107,60.0
1104,NOT_0035_1p_phA_w450us_rf175_cond03,not_sim_35,Notch,4,train,3,A,450.0,175.0,0.555996,0.901196,1.620867,10.2636,47.0,60.0,59.7376,12.13,0.766706,0.138848,0.066849,0.030822,0.028396,0.037992,0.030287,0.016918,0.016993,0.018471,0.013474,0.181097,0.08719,0.040201,0.037036,0.039503,0.022164,0.017574,0.028962,67.93,63.76,0.0434,0.000108,60.0
1105,NOT_0035_1p_phA_w450us_rf175_cond03,not_sim_35,Notch,4,train,3,A,450.0,175.0,0.555769,0.901074,1.62131,10.26,47.8,60.0,59.7384,12.28,0.766404,0.138742,0.066801,0.030783,0.028295,0.037933,0.030336,0.016903,0.017023,0.018612,0.013317,0.18103,0.087162,0.040166,0.036919,0.039582,0.022212,0.017376,0.028918,67.93,63.71,0.0434,0.000111,60.0
1106,NOT_0035_1p_phA_w450us_rf175_cond03,not_sim_35,Notch,4,train,3,A,450.0,175.0,0.555873,0.900377,1.619753,10.2719,46.2,60.0,60.2614,12.17,0.766551,0.138659,0.066858,0.030787,0.028352,0.037949,0.03043,0.016919,0.017042,0.018615,0.013618,0.180887,0.087219,0.040163,0.036986,0.039697,0.022232,0.017765,0.028923,67.95,63.96,0.0434,0.00011,60.0
1107,NOT_0035_1p_phA_w450us_rf175_cond03,not_sim_35,Notch,4,train,3,A,450.0,175.0,0.555859,0.901596,1.621988,10.2613,43.2,60.0,60.2613,12.27,0.76651,0.138833,0.066848,0.030868,0.028256,0.037985,0.030323,0.016915,0.017062,0.018594,0.013217,0.181124,0.087211,0.040271,0.036863,0.03956,0.022259,0.017243,0.028954,67.94,63.91,0.0434,0.000106,60.0
1108,NOT_0035_1p_phA_w450us_rf175_cond03,not_sim_35,Notch,4,train,3,A,450.0,175.0,0.55578,0.901717,1.622435,10.2577,43.8,60.0,59.7391,12.14,0.766415,0.138763,0.066767,0.030735,0.028398,0.038013,0.030271,0.016966,0.017056,0.018565,0.013429,0.181055,0.087116,0.040102,0.037053,0.039497,0.022254,0.017522,0.028929,67.93,63.76,0.0434,0.000111,60.0
1109,NOT_0035_1p_phA_w450us_rf175_cond03,not_sim_35,Notch,4,train,3,A,450.0,175.0,0.555791,0.901565,1.622131,10.2568,46.8,60.0,59.7404,12.13,0.766385,0.138997,0.066812,0.030799,0.028317,0.038162,0.030222,0.01702,0.016976,0.018501,0.013422,0.181367,0.087178,0.040187,0.036949,0.039434,0.022151,0.017513,0.029004,67.93,63.69,0.0435,0.000111,60.0
1110,NOT_0035_1p_phA_w450us_rf175_cond03,not_sim_35,Notch,4,train,3,A,450.0,175.0,0.555792,0.901839,1.622619,10.2686,47.6,60.0,59.7422,12.29,0.766389,0.138958,0.066841,0.030783,0.02836,0.038057,0.030354,0.017005,0.017037,0.01858,0.013372,0.181315,0.087216,0.040166,0.037005,0.039607,0.02223,0.017448,0.029002,67.93,63.69,0.0435,0.000107,60.0
1111,NOT_0035_1p_phA_w450us_rf175_cond03,not_sim_35,Notch,4,train,3,A,450.0,175.0,0.555798,0.902046,1.622977,10.2633,46.6,60.0,60.263,12.12,0.766398,0.138899,0.066807,0.030741,0.028356,0.038037,0.030329,0.017127,0.017247,0.018625,0.013518,0.181236,0.08717,0.040111,0.036999,0.039573,0.022504,0.017638,0.028992,67.95,63.72,0.0435,0.000111,60.0
1112,NOT_0035_1p_phA_w450us_rf175_cond03,not_sim_35,Notch,4,train,3,A,450.0,175.0,0.555948,0.89984,1.618569,10.2552,43.4,60.0,60.2612,12.25,0.766614,0.138925,0.066805,0.030921,0.028323,0.038129,0.030258,0.017037,0.017074,0.01862,0.013436,0.181219,0.087143,0.040335,0.036946,0.03947,0.022272,0.017526,0.029,67.95,63.84,0.0434,6.2e-05,60.0
1113,NOT_0035_1p_phA_w450us_rf175_cond03,not_sim_35,Notch,4,train,3,A,450.0,175.0,0.555891,0.902458,1.623444,10.2798,43.4,60.0,60.2632,12.17,0.766536,0.138862,0.066925,0.030933,0.028467,0.038014,0.030328,0.016901,0.017087,0.018589,0.013411,0.181155,0.087308,0.040354,0.037137,0.039565,0.022291,0.017496,0.028997,67.95,63.87,0.0434,6.3e-05,60.0
1114,NOT_0035_1p_phA_w450us_rf175_cond03,not_sim_35,Notch,4,train,3,A,450.0,175.0,0.55582,0.90188,1.622612,10.2593,46.4,60.0,59.739,12.13,0.766449,0.138885,0.066815,0.030747,0.028333,0.037983,0.030267,0.016943,0.01707,0.018601,0.013513,0.181206,0.087175,0.040116,0.036967,0.03949,0.022272,0.017631,0.028967,67.95,63.94,0.0434,6.3e-05,60.0
1115,NOT_0035_1p_phA_w450us_rf175_cond03,not_sim_35,Notch,4,train,3,A,450.0,175.0,0.555905,0.904198,1.626533,10.2656,47.8,60.0,59.7429,12.28,0.766564,0.138869,0.066859,0.030863,0.028368,0.038068,0.030293,0.017006,0.017092,0.018659,0.013511,0.181158,0.087219,0.040261,0.037007,0.039518,0.022297,0.017625,0.028991,67.94,63.74,0.0434,6.1e-05,60.0
1116,NOT_0035_1p_phA_w450us_rf175_cond03,not_sim_35,Notch,4,train,3,A,450.0,175.0,0.555894,0.902139,1.622862,10.2553,46.4,60.0,60.2657,12.07,0.766574,0.13876,0.06677,0.030842,0.028375,0.038103,0.03028,0.017001,0.017113,0.01865,0.013371,0.181013,0.087102,0.040234,0.037015,0.0395,0.022324,0.017443,0.028946,67.93,63.74,0.0434,6.2e-05,60.0
1117,NOT_0035_1p_phA_w450us_rf175_cond03,not_sim_35,Notch,4,train,3,A,450.0,175.0,0.555848,0.901697,1.622202,10.2777,43.8,60.0,60.2616,12.23,0.766513,0.13867,0.066949,0.030762,0.02828,0.038027,0.030404,0.016908,0.017053,0.018619,0.013543,0.18091,0.087342,0.040132,0.036894,0.039665,0.022248,0.017668,0.028935,67.94,63.89,0.0434,6.8e-05,60.0
1118,NOT_0035_1p_phA_w450us_rf175_cond03,not_sim_35,Notch,4,train,3,A,450.0,175.0,0.555869,0.900358,1.61973,10.2671,43.6,60.0,60.2637,12.22,0.766541,0.138784,0.066837,0.030834,0.028325,0.037939,0.030406,0.017006,0.016971,0.01865,0.013367,0.181052,0.087193,0.040225,0.036952,0.039667,0.02214,0.017438,0.028949,67.92,63.61,0.0433,7e-05,60.0
1119,NOT_0035_1p_phA_w450us_rf175_cond03,not_sim_35,Notch,4,train,3,A,450.0,175.0,0.555891,0.901855,1.622361,10.2645,45.6,60.0,59.7373,12.14,0.766552,0.138874,0.066857,0.030877,0.028234,0.037994,0.030397,0.017006,0.01694,0.018657,0.01349,0.181167,0.087218,0.04028,0.036832,0.039654,0.022099,0.017598,0.02898,67.93,63.62,0.0434,6.3e-05,60.0
1120,NOT_0036_1p_phB_w650us_rf150_cond04,not_sim_36,Notch,4,train,4,B,650.0,150.0,0.574814,0.8621,1.49979,8.1613,0.0,60.0,59.8915,16.24,0.80399,0.077061,0.052212,0.038018,0.035117,0.027803,0.018605,0.01392,0.014404,0.017974,0.013949,0.095848,0.064941,0.047287,0.043678,0.023141,0.017916,0.01735,0.013381,64.84,53.59,0.0241,1.6e-05,60.0
1121,NOT_0036_1p_phB_w650us_rf150_cond04,not_sim_36,Notch,4,train,4,B,650.0,150.0,0.57474,0.86249,1.500663,8.1488,0.0,60.0,60.107,16.16,0.803909,0.076981,0.052126,0.037866,0.035004,0.027844,0.018683,0.0139,0.014594,0.01805,0.013889,0.095758,0.064841,0.047102,0.043542,0.02324,0.018154,0.017277,0.013352,64.81,53.25,0.024,1.7e-05,60.0
1122,NOT_0036_1p_phB_w650us_rf150_cond04,not_sim_36,Notch,4,train,4,B,650.0,150.0,0.574739,0.861256,1.498518,8.1615,0.0,60.0,60.1101,16.21,0.803898,0.077036,0.052223,0.03794,0.035044,0.027834,0.018692,0.013928,0.014546,0.018053,0.013892,0.095828,0.064962,0.047195,0.043593,0.023252,0.018094,0.017281,0.013378,64.8,53.06,0.024,1.5e-05,60.0
1123,NOT_0036_1p_phB_w650us_rf150_cond04,not_sim_36,Notch,4,train,4,B,650.0,150.0,0.574723,0.862254,1.500296,8.1589,0.0,60.0,60.1051,16.34,0.803855,0.077178,0.052156,0.037954,0.035112,0.027848,0.018665,0.013823,0.014634,0.018021,0.013823,0.09601,0.064882,0.047215,0.04368,0.023219,0.018205,0.017196,0.013395,64.83,53.35,0.0241,1.9e-05,60.0
1124,NOT_0036_1p_phB_w650us_rf150_cond04,not_sim_36,Notch,4,train,4,B,650.0,150.0,0.574696,0.861761,1.499508,8.1537,0.0,60.0,59.8891,16.2,0.803836,0.077045,0.052143,0.038015,0.035058,0.02783,0.018654,0.013909,0.014604,0.017992,0.013698,0.095847,0.064868,0.047292,0.043613,0.023206,0.018168,0.017041,0.01337,64.81,53.26,0.024,2.1e-05,60.0
1125,NOT_0036_1p_phB_w650us_rf150_cond04,not_sim_36,Notch,4,train,4,B,650.0,150.0,0.574736,0.861395,1.498765,8.1561,0.0,60.0,59.8877,16.21,0.803886,0.077032,0.052095,0.038063,0.035101,0.027874,0.018787,0.013871,0.014565,0.018033,0.013794,0.095825,0.064804,0.047349,0.043664,0.02337,0.018118,0.017159,0.013379,64.82,53.36,0.0241,2.1e-05,60.0
1126,NOT_0036_1p_phB_w650us_rf150_cond04,not_sim_36,Notch,4,train,4,B,650.0,150.0,0.574647,0.861145,1.498563,8.1553,0.0,60.0,60.1075,16.15,0.803776,0.077017,0.052204,0.037791,0.034924,0.027868,0.018757,0.013883,0.014597,0.018076,0.013883,0.095819,0.064948,0.047017,0.04345,0.023336,0.018161,0.017272,0.013358,64.81,53.13,0.024,2e-05,60.0
1127,NOT_0036_1p_phB_w650us_rf150_cond04,not_sim_36,Notch,4,train,4,B,650.0,150.0,0.574691,0.862231,1.500338,8.1709,0.0,60.0,60.1062,16.22,0.803811,0.077162,0.052239,0.037846,0.035181,0.027855,0.018628,0.013907,0.014555,0.017992,0.013885,0.095995,0.064989,0.047083,0.043768,0.023175,0.018107,0.017274,0.013398,64.82,53.28,0.0241,2.2e-05,60.0
1128,NOT_0036_1p_phB_w650us_rf150_cond04,not_sim_36,Notch,4,train,4,B,650.0,150.0,0.57477,0.861346,1.498593,8.1634,0.0,60.0,60.1107,16.29,0.803929,0.077048,0.05228,0.038034,0.034997,0.027826,0.018685,0.013834,0.014552,0.017996,0.01394,0.095839,0.065031,0.04731,0.043532,0.023242,0.018101,0.01734,0.013386,64.82,53.19,0.0241,2.1e-05,60.0
1129,NOT_0036_1p_phB_w650us_rf150_cond04,not_sim_36,Notch,4,train,4,B,650.0,150.0,0.574639,0.861362,1.498962,8.1541,0.0,60.0,59.8928,16.2,0.80376,0.076949,0.052142,0.037947,0.035068,0.027799,0.018627,0.013997,0.014674,0.018042,0.013939,0.095736,0.064873,0.047212,0.04363,0.023175,0.018257,0.017342,0.01336,64.82,53.22,0.024,2.1e-05,60.0
1130,NOT_0036_1p_phB_w650us_rf150_cond04,not_sim_36,Notch,4,train,4,B,650.0,150.0,0.574695,0.861385,1.498857,8.1832,0.0,60.0,59.8927,16.21,0.803807,0.077079,0.052267,0.037947,0.035267,0.027959,0.018736,0.013856,0.014742,0.017943,0.013823,0.095892,0.065024,0.047209,0.043875,0.023309,0.01834,0.017197,0.013412,64.83,53.35,0.0241,2.1e-05,60.0
1131,NOT_0036_1p_phB_w650us_rf150_cond04,not_sim_36,Notch,4,train,4,B,650.0,150.0,0.574757,0.861707,1.499256,8.1685,0.0,60.0,59.8911,16.3,0.803918,0.077099,0.052179,0.037878,0.035185,0.027815,0.018752,0.013915,0.014475,0.017968,0.013873,0.095904,0.064906,0.047117,0.043767,0.023326,0.018006,0.017257,0.013383,64.81,53.21,0.024,2.2e-05,60.0
1132,NOT_0036_1p_phB_w650us_rf150_cond04,not_sim_36,Notch,4,train,4,B,650.0,150.0,0.574709,0.860464,1.497218,8.1495,0.0,60.0,60.1119,16.19,0.803857,0.077074,0.052079,0.037943,0.03508,0.02785,0.018675,0.013982,0.014503,0.017978,0.013834,0.09588,0.064786,0.047201,0.04364,0.023232,0.018042,0.01721,0.013368,64.81,53.17,0.024,2.1e-05,60.0
1133,NOT_0036_1p_phB_w650us_rf150_cond04,not_sim_36,Notch,4,train,4,B,650.0,150.0,0.574716,0.861588,1.499155,8.1543,0.0,60.0,60.1081,16.25,0.80384,0.077261,0.052064,0.037939,0.035158,0.027801,0.018702,0.014033,0.01468,0.018039,0.013832,0.096115,0.064769,0.047197,0.043738,0.023266,0.018262,0.017207,0.013407,64.82,53.23,0.0241,2.1e-05,60.0
1134,NOT_0036_1p_phB_w650us_rf150_cond04,not_sim_36,Notch,4,train,4,B,650.0,150.0,0.574693,0.861519,1.499096,8.1744,0.0,60.0,59.8934,16.18,0.80381,0.077101,0.052318,0.037872,0.035076,0.027911,0.018706,0.013957,0.014658,0.018115,0.013881,0.095919,0.065088,0.047116,0.043637,0.023272,0.018236,0.017269,0.013406,64.82,53.26,0.0241,2.2e-05,60.0
1135,NOT_0036_1p_phB_w650us_rf150_cond04,not_sim_36,Notch,4,train,4,B,650.0,150.0,0.574647,0.861885,1.49985,8.1649,0.0,60.0,59.8874,16.19,0.803764,0.077053,0.052226,0.037917,0.035057,0.027845,0.018716,0.013846,0.014577,0.018112,0.013754,0.095865,0.064977,0.047174,0.043616,0.023285,0.018136,0.017112,0.013378,64.81,53.12,0.024,2.2e-05,60.0
1136,NOT_0036_1p_phB_w650us_rf150_cond04,not_sim_36,Notch,4,train,4,B,650.0,150.0,0.57478,0.863314,1.50199,8.157,0.0,60.0,59.8863,16.27,0.803957,0.077083,0.052115,0.037885,0.035105,0.027782,0.018768,0.01387,0.014591,0.017973,0.013824,0.09588,0.064823,0.047123,0.043665,0.023345,0.018149,0.017195,0.013369,64.81,53.26,0.024,2.1e-05,60.0
1137,NOT_0036_1p_phB_w650us_rf150_cond04,not_sim_36,Notch,4,train,4,B,650.0,150.0,0.57473,0.862748,1.501138,8.167,0.0,60.0,60.1086,16.18,0.803855,0.077273,0.052252,0.037999,0.035072,0.027807,0.018701,0.013903,0.014541,0.017987,0.013773,0.096128,0.065002,0.047271,0.04363,0.023264,0.018089,0.017134,0.013416,64.82,53.27,0.0241,2.2e-05,60.0
1138,NOT_0036_1p_phB_w650us_rf150_cond04,not_sim_36,Notch,4,train,4,B,650.0,150.0,0.574737,0.861659,1.499224,8.1569,0.0,60.0,60.1069,16.2,0.803877,0.077247,0.052156,0.037928,0.035063,0.027872,0.018704,0.013959,0.014493,0.017878,0.01396,0.096093,0.064881,0.047181,0.043617,0.023267,0.018029,0.017366,0.013401,64.81,53.14,0.0241,2.1e-05,60.0
1139,NOT_0036_1p_phB_w650us_rf150_cond04,not_sim_36,Notch,4,train,4,B,650.0,150.0,0.574777,0.862273,1.500187,8.154,0.0,60.0,59.8892,16.15,0.803951,0.076994,0.052101,0.037849,0.035063,0.027951,0.018802,0.013851,0.014679,0.018067,0.013927,0.09577,0.064806,0.047079,0.043613,0.023387,0.018259,0.017323,0.013367,64.83,53.48,0.024,2e-05,60.0
1140,NOT_0036_1p_phB_w650us_rf150_cond04,not_sim_36,Notch,4,train,4,B,650.0,150.0,0.574646,0.861626,1.499402,8.1517,0.0,60.0,59.8929,16.21,0.803764,0.077109,0.052106,0.03795,0.035098,0.027842,0.018603,0.013902,0.014536,0.018071,0.013812,0.095935,0.064827,0.047215,0.043667,0.023145,0.018085,0.017184,0.013376,64.81,53.21,0.024,2e-05,60.0
1141,NOT_0036_1p_phB_w650us_rf150_cond04,not_sim_36,Notch,4,train,4,B,650.0,150.0,0.574724,0.862624,1.500936,8.1554,0.0,60.0,59.8916,16.28,0.803862,0.077111,0.052098,0.037999,0.035119,0.027865,0.018715,0.013877,0.014714,0.018077,0.013841,0.095926,0.06481,0.047271,0.043688,0.023281,0.018304,0.017218,0.013392,64.82,53.29,0.0241,2e-05,60.0
1142,NOT_0036_1p_phB_w650us_rf150_cond04,not_sim_36,Notch,4,train,4,B,650.0,150.0,0.574694,0.860848,1.497923,8.1746,0.0,60.0,60.1085,16.17,0.803798,0.07721,0.052272,0.038004,0.035125,0.027866,0.018742,0.013973,0.014635,0.017952,0.013932,0.096056,0.065031,0.047281,0.043699,0.023317,0.018207,0.017333,0.013425,64.83,53.31,0.0241,2.1e-05,60.0
1143,NOT_0036_1p_phB_w650us_rf150_cond04,not_sim_36,Notch,4,train,4,B,650.0,150.0,0.574695,0.862117,1.500131,8.1602,0.0,60.0,60.1077,16.2,0.80381,0.077205,0.052187,0.037951,0.03505,0.027854,0.018719,0.013937,0.0146,0.018038,0.013945,0.096049,0.064925,0.047214,0.043605,0.023288,0.018163,0.017349,0.013406,64.83,53.3,0.0241,2.2e-05,60.0
1144,NOT_0036_1p_phB_w650us_rf150_cond04,not_sim_36,Notch,4,train,4,B,650.0,150.0,0.574724,0.861568,1.499099,8.1519,0.0,60.0,60.1125,16.29,0.803856,0.077251,0.052064,0.037962,0.035094,0.027864,0.018756,0.013924,0.014566,0.01801,0.013879,0.096101,0.064768,0.047225,0.043657,0.023333,0.01812,0.017266,0.013402,64.82,53.19,0.0241,2.2e-05,60.0
1145,NOT_0036_1p_phB_w650us_rf150_cond04,not_sim_36,Notch,4,train,4,B,650.0,150.0,0.574743,0.862427,1.500544,8.1599,0.0,60.0,59.8898,16.19,0.803887,0.077169,0.052202,0.037968,0.035023,0.027874,0.01874,0.013791,0.014539,0.017983,0.013832,0.095995,0.064937,0.047231,0.043567,0.023312,0.018086,0.017206,0.013393,64.82,53.25,0.0241,2.3e-05,60.0
1146,NOT_0036_1p_phB_w650us_rf150_cond04,not_sim_36,Notch,4,train,4,B,650.0,150.0,0.57465,0.862806,1.501447,8.1652,0.0,60.0,59.8913,16.25,0.803755,0.07711,0.052182,0.03798,0.035066,0.027862,0.018826,0.013951,0.01442,0.018064,0.013835,0.095937,0.064923,0.047253,0.043628,0.023423,0.017941,0.017213,0.013392,64.83,53.35,0.0241,2.2e-05,60.0
1147,NOT_0036_1p_phB_w650us_rf150_cond04,not_sim_36,Notch,4,train,4,B,650.0,150.0,0.574722,0.863935,1.503222,8.1634,0.0,60.0,60.1108,16.15,0.803872,0.07703,0.052159,0.037907,0.03511,0.027755,0.018791,0.013941,0.014486,0.018018,0.013834,0.095824,0.064885,0.047156,0.043676,0.023376,0.01802,0.017209,0.013368,64.82,53.24,0.024,2.1e-05,60.0
1148,NOT_0036_1p_phB_w650us_rf150_cond04,not_sim_36,Notch,4,train,4,B,650.0,150.0,0.574765,0.861229,1.498403,8.1707,0.0,60.0,60.1103,16.19,0.803904,0.077216,0.052239,0.038048,0.03515,0.027727,0.018711,0.013947,0.014661,0.018033,0.013756,0.096051,0.064982,0.047329,0.043724,0.023275,0.018237,0.017111,0.013417,64.82,53.32,0.0241,2.2e-05,60.0
1149,NOT_0036_1p_phB_w650us_rf150_cond04,not_sim_36,Notch,4,train,4,B,650.0,150.0,0.574699,0.863651,1.502788,8.1702,0.0,60.0,60.1109,16.32,0.803831,0.077081,0.052218,0.03792,0.035147,0.027903,0.018738,0.013796,0.014487,0.017936,0.01393,0.095892,0.064961,0.047174,0.043724,0.023311,0.018022,0.01733,0.013387,64.81,53.18,0.024,2e-05,60.0
1150,NOT_0036_1p_phB_w650us_rf150_cond04,not_sim_36,Notch,4,train,4,B,650.0,150.0,0.574781,0.863625,1.50253,8.149,0.0,60.0,59.8844,16.18,0.803961,0.077042,0.052031,0.037882,0.035118,0.027792,0.018752,0.013859,0.014624,0.017953,0.013872,0.095828,0.064718,0.047119,0.043681,0.023325,0.01819,0.017255,0.013356,64.82,53.36,0.024,2e-05,60.0
1151,NOT_0036_1p_phB_w650us_rf150_cond04,not_sim_36,Notch,4,train,4,B,650.0,150.0,0.574681,0.862457,1.50076,8.1582,0.0,60.0,59.8891,16.24,0.803823,0.076932,0.052155,0.037908,0.035029,0.027857,0.018796,0.013991,0.014602,0.018077,0.013926,0.095708,0.064884,0.04716,0.043578,0.023383,0.018166,0.017325,0.013362,64.81,53.14,0.024,2e-05,60.0
