frame_id,simulation_id,scenario_id,operating_condition_id,split,class,label_idx,label_source,phase_config,affected_phases,residual_voltage_pu,min_event_rms,duration_ms,start_time_s,end_time_s,event_start_idx,event_end_idx,rms_voltage,peak_voltage,crest_factor,thd,duration,dominant_freq,system_freq,snr,h1,h2,h3,h4,h5,h6,h7,h8,h9,h10,h11,h2_ratio,h3_ratio,h4_ratio,h5_ratio,h7_ratio,h9_ratio,h11_ratio,harmonic_energy,spectral_centroid,spectral_bandwidth,spectral_entropy,spectral_flatness,true_dominant_freq
int_01_01,int_sim_01,INT_0001_3p_nom_70ms,1,train,Interruption,2,SCENARIO_CONTROLLER,three-phase,"A,B,C",0.0017,0.001,68.6,0.023,0.0916,115,458,0.473602,0.843417,1.780857,1.0146,74.0,60.0,61.0021,1.91,0.550824,0.002547,0.004204,0.003911,0.003194,0.00158,0.001833,0.001957,0.001972,0.002041,0.001752,0.004624,0.007632,0.0071,0.005799,0.003328,0.00358,0.003181,7e-05,61.48,39.52,0.1933,0.001816,60.0
int_01_02,int_sim_01,INT_0001_3p_nom_70ms,1,train,Interruption,2,SCENARIO_CONTROLLER,three-phase,"A,B,C",0.0017,0.001,68.6,0.024,0.0926,120,463,0.473597,0.843417,1.780875,1.0134,74.0,60.0,61.0021,1.75,0.550818,0.002552,0.004199,0.003916,0.003188,0.001585,0.001834,0.001954,0.001978,0.002034,0.001757,0.004633,0.007623,0.007109,0.005788,0.00333,0.003591,0.00319,7e-05,61.48,39.52,0.1933,0.001816,60.0
int_01_03,int_sim_01,INT_0001_3p_nom_70ms,1,train,Interruption,2,SCENARIO_CONTROLLER,three-phase,"A,B,C",0.0017,0.001,68.6,0.025,0.0936,125,468,0.473588,0.843417,1.780907,1.0136,74.0,60.0,61.0021,1.55,0.550808,0.002555,0.004199,0.003913,0.003193,0.001582,0.001829,0.001958,0.001973,0.002038,0.001754,0.004639,0.007623,0.007104,0.005797,0.003321,0.003582,0.003184,7e-05,61.48,39.52,0.1933,0.001815,60.0
int_01_04,int_sim_01,INT_0001_3p_nom_70ms,1,train,Interruption,2,SCENARIO_CONTROLLER,three-phase,"A,B,C",0.0017,0.001,68.6,0.026,0.0946,130,473,0.473581,0.843417,1.780936,1.0174,74.0,60.0,61.0021,1.39,0.5508,0.002546,0.004215,0.003898,0.003202,0.001578,0.001839,0.001953,0.001976,0.002043,0.001752,0.004622,0.007653,0.007077,0.005813,0.003339,0.003588,0.003181,7.1e-05,61.48,39.52,0.1933,0.001815,60.0
int_01_05,int_sim_01,INT_0001_3p_nom_70ms,1,train,Interruption,2,SCENARIO_CONTROLLER,three-phase,"A,B,C",0.0017,0.001,68.6,0.027,0.0956,135,478,0.47358,0.843417,1.780939,1.017,74.0,60.0,60.9918,1.38,0.550799,0.002535,0.004222,0.003902,0.003193,0.001585,0.001832,0.001955,0.001978,0.002039,0.001754,0.004602,0.007665,0.007084,0.005797,0.003326,0.003591,0.003184,7.1e-05,61.48,39.52,0.1933,0.001815,60.0
int_01_06,int_sim_01,INT_0001_3p_nom_70ms,1,train,Interruption,2,SCENARIO_CONTROLLER,three-phase,"A,B,C",0.0017,0.001,68.6,0.028,0.0966,140,483,0.473584,0.843417,1.780922,1.0173,74.0,60.0,60.9918,1.46,0.550804,0.002524,0.004213,0.003913,0.0032,0.00157,0.001845,0.001957,0.001965,0.002044,0.001756,0.004582,0.007649,0.007104,0.00581,0.00335,0.003568,0.003188,7e-05,61.48,39.52,0.1933,0.001815,60.0
int_01_07,int_sim_01,INT_0001_3p_nom_70ms,1,train,Interruption,2,SCENARIO_CONTROLLER,three-phase,"A,B,C",0.0017,0.001,68.6,0.029,0.0976,145,488,0.473592,0.843417,1.780894,1.0162,74.0,60.0,60.9918,1.61,0.550813,0.002519,0.004198,0.003912,0.003213,0.001571,0.001839,0.001965,0.001965,0.002038,0.00176,0.004573,0.007621,0.007102,0.005833,0.003339,0.003567,0.003195,7e-05,61.48,39.52,0.1933,0.001816,60.0
int_01_08,int_sim_01,INT_0001_3p_nom_70ms,1,train,Interruption,2,SCENARIO_CONTROLLER,three-phase,"A,B,C",0.0017,0.001,68.6,0.03,0.0986,150,493,0.473605,0.843417,1.780844,1.014,74.0,60.0,60.9918,1.72,0.550828,0.002524,0.004187,0.003895,0.003209,0.001585,0.001835,0.001952,0.001968,0.002048,0.001756,0.004582,0.007601,0.007071,0.005826,0.003331,0.003573,0.003188,7e-05,61.48,39.52,0.1933,0.001816,60.0
int_01_09,int_sim_01,INT_0001_3p_nom_70ms,1,train,Interruption,2,SCENARIO_CONTROLLER,three-phase,"A,B,C",0.0017,0.001,68.6,0.031,0.0996,155,498,0.473608,0.843417,1.780832,1.0142,74.0,60.0,60.9918,1.73,0.550832,0.002528,0.004189,0.003896,0.003208,0.001581,0.001834,0.001954,0.001972,0.002052,0.001755,0.004589,0.007605,0.007073,0.005824,0.00333,0.00358,0.003186,7e-05,61.48,39.52,0.1933,0.001816,60.0
int_01_10,int_sim_01,INT_0001_3p_nom_70ms,1,train,Interruption,2,SCENARIO_CONTROLLER,three-phase,"A,B,C",0.0017,0.001,68.6,0.032,0.1006,160,503,0.473619,0.843417,1.780794,1.0165,74.0,60.0,60.9918,1.62,0.550844,0.002539,0.004201,0.003908,0.003219,0.001589,0.001827,0.001944,0.001962,0.002042,0.001755,0.004609,0.007626,0.007095,0.005844,0.003317,0.003562,0.003186,7e-05,61.48,39.51,0.1933,0.001816,60.0
int_01_11,int_sim_01,INT_0001_3p_nom_70ms,1,train,Interruption,2,SCENARIO_CONTROLLER,three-phase,"A,B,C",0.0017,0.001,68.6,0.033,0.1016,165,508,0.473637,0.843417,1.780725,1.0163,74.0,60.0,60.9918,1.43,0.550865,0.002546,0.004202,0.003902,0.003209,0.001581,0.001841,0.001959,0.001981,0.002054,0.001774,0.004622,0.007628,0.007083,0.005825,0.003342,0.003596,0.00322,7.1e-05,61.48,39.51,0.1933,0.001815,60.0
int_01_12,int_sim_01,INT_0001_3p_nom_70ms,1,train,Interruption,2,SCENARIO_CONTROLLER,three-phase,"A,B,C",0.0017,0.001,68.6,0.034,0.1026,170,513,0.473655,0.843417,1.780656,1.008,74.0,60.0,60.9918,1.26,0.550886,0.002535,0.004175,0.003869,0.00318,0.001556,0.001815,0.001935,0.001959,0.002041,0.001759,0.004602,0.007579,0.007023,0.005773,0.003295,0.003556,0.003193,6.9e-05,61.48,39.52,0.1932,0.001817,60.0
int_01_13,int_sim_01,INT_0001_3p_nom_70ms,1,train,Interruption,2,SCENARIO_CONTROLLER,three-phase,"A,B,C",0.0017,0.001,68.6,0.035,0.1036,175,518,0.473657,0.843417,1.780648,1.0078,74.0,60.0,61.0726,0.89,0.550888,0.002525,0.004166,0.003868,0.003186,0.001564,0.001821,0.00194,0.001963,0.002039,0.001758,0.004584,0.007562,0.007021,0.005783,0.003306,0.003563,0.003191,6.9e-05,61.48,39.51,0.1932,0.001817,60.0
int_01_14,int_sim_01,INT_0001_3p_nom_70ms,1,train,Interruption,2,SCENARIO_CONTROLLER,three-phase,"A,B,C",0.0017,0.001,68.6,0.036,0.1046,180,523,0.473655,0.843417,1.780657,1.008,74.0,60.0,61.004,1.18,0.550885,0.002512,0.004168,0.003881,0.00319,0.001556,0.001813,0.001931,0.001959,0.002047,0.001766,0.00456,0.007566,0.007045,0.005791,0.003291,0.003556,0.003206,7e-05,61.48,39.51,0.1933,0.001817,60.0
int_01_15,int_sim_01,INT_0001_3p_nom_70ms,1,train,Interruption,2,SCENARIO_CONTROLLER,three-phase,"A,B,C",0.0017,0.001,68.6,0.037,0.1056,185,528,0.473647,0.843417,1.780686,1.0087,74.0,60.0,61.004,1.32,0.550876,0.002504,0.004184,0.003885,0.003175,0.001552,0.001815,0.001943,0.001964,0.002038,0.001759,0.004545,0.007595,0.007052,0.005764,0.003295,0.003565,0.003193,7e-05,61.48,39.51,0.1933,0.001816,60.0
int_01_16,int_sim_01,INT_0001_3p_nom_70ms,1,train,Interruption,2,SCENARIO_CONTROLLER,three-phase,"A,B,C",0.0017,0.001,68.6,0.038,0.1066,190,533,0.473628,0.843417,1.780758,1.012,74.0,60.0,61.004,1.46,0.550854,0.00251,0.004203,0.003861,0.003177,0.00157,0.001821,0.001929,0.001962,0.002045,0.001757,0.004557,0.00763,0.007009,0.005767,0.003306,0.003562,0.00319,7e-05,61.48,39.52,0.1933,0.001818,60.0
int_01_17,int_sim_01,INT_0001_3p_nom_70ms,1,train,Interruption,2,SCENARIO_CONTROLLER,three-phase,"A,B,C",0.0017,0.001,68.6,0.039,0.1076,195,538,0.473619,0.843417,1.780792,1.0119,74.0,60.0,61.004,1.53,0.550844,0.002519,0.004198,0.00386,0.003184,0.001562,0.001817,0.001936,0.001959,0.002045,0.001762,0.004573,0.007621,0.007007,0.00578,0.003299,0.003556,0.003199,7e-05,61.48,39.52,0.1933,0.001817,60.0
int_01_18,int_sim_01,INT_0001_3p_nom_70ms,1,train,Interruption,2,SCENARIO_CONTROLLER,three-phase,"A,B,C",0.0017,0.001,68.6,0.04,0.1086,200,543,0.47361,0.843417,1.780826,1.0105,74.0,60.0,61.004,1.46,0.550833,0.00253,0.004188,0.003868,0.003179,0.001561,0.001826,0.00193,0.001958,0.002047,0.001756,0.004593,0.007603,0.007022,0.005771,0.003315,0.003555,0.003188,7e-05,61.48,39.52,0.1933,0.001817,60.0
int_01_19,int_sim_01,INT_0001_3p_nom_70ms,1,train,Interruption,2,SCENARIO_CONTROLLER,three-phase,"A,B,C",0.0017,0.001,68.6,0.041,0.1096,205,548,0.473603,0.843417,1.780854,1.0088,74.0,60.0,61.004,1.3,0.550825,0.002536,0.004183,0.003874,0.003174,0.001568,0.00182,0.001934,0.001957,0.002049,0.001759,0.004604,0.007594,0.007033,0.005762,0.003304,0.003553,0.003193,7e-05,61.48,39.52,0.1933,0.001818,60.0
int_01_20,int_sim_01,INT_0001_3p_nom_70ms,1,train,Interruption,2,SCENARIO_CONTROLLER,three-phase,"A,B,C",0.0017,0.001,68.6,0.042,0.1106,210,553,0.473601,0.843417,1.78086,1.0093,74.0,60.0,61.004,1.11,0.550823,0.002536,0.004183,0.003872,0.003176,0.001564,0.001822,0.001932,0.001959,0.002044,0.001761,0.004604,0.007594,0.007029,0.005766,0.003308,0.003556,0.003197,7e-05,61.48,39.52,0.1933,0.001817,60.0
int_01_21,int_sim_01,INT_0001_3p_nom_70ms,1,train,Interruption,2,SCENARIO_CONTROLLER,three-phase,"A,B,C",0.0017,0.001,68.6,0.043,0.1116,215,558,0.473595,0.843417,1.780882,1.0118,74.0,60.0,61.004,0.98,0.550816,0.002522,0.004201,0.003861,0.003177,0.001572,0.001821,0.001939,0.001951,0.002055,0.001752,0.004579,0.007627,0.00701,0.005768,0.003306,0.003542,0.003181,7e-05,61.48,39.52,0.1933,0.001817,60.0
int_01_22,int_sim_01,INT_0001_3p_nom_70ms,1,train,Interruption,2,SCENARIO_CONTROLLER,three-phase,"A,B,C",0.0017,0.001,68.6,0.044,0.1126,220,563,0.473595,0.843417,1.780883,1.0104,74.0,60.0,60.9983,1.01,0.550816,0.002498,0.004212,0.003875,0.003155,0.001582,0.00181,0.001936,0.001961,0.002042,0.001763,0.004535,0.007647,0.007035,0.005728,0.003286,0.00356,0.003201,7e-05,61.48,39.52,0.1933,0.001818,60.0
int_01_23,int_sim_01,INT_0001_3p_nom_70ms,1,train,Interruption,2,SCENARIO_CONTROLLER,three-phase,"A,B,C",0.0017,0.001,68.6,0.045,0.1136,225,568,0.473598,0.843417,1.780871,1.0103,74.0,60.0,60.9983,1.13,0.55082,0.002495,0.004205,0.003877,0.003163,0.001578,0.001811,0.001944,0.001954,0.002035,0.001772,0.00453,0.007634,0.007039,0.005742,0.003288,0.003547,0.003217,7e-05,61.48,39.52,0.1933,0.001817,60.0
int_01_24,int_sim_01,INT_0001_3p_nom_70ms,1,train,Interruption,2,SCENARIO_CONTROLLER,three-phase,"A,B,C",0.0017,0.001,68.6,0.046,0.1146,230,573,0.473611,0.843417,1.780821,1.0077,74.0,60.0,60.9983,1.29,0.550835,0.002495,0.004186,0.003862,0.003171,0.001594,0.001797,0.001937,0.001965,0.002044,0.001765,0.004529,0.007599,0.007011,0.005757,0.003262,0.003567,0.003204,6.9e-05,61.48,39.52,0.1933,0.001817,60.0
int_01_25,int_sim_01,INT_0001_3p_nom_70ms,1,train,Interruption,2,SCENARIO_CONTROLLER,three-phase,"A,B,C",0.0017,0.001,68.6,0.047,0.1156,235,578,0.473626,0.843417,1.780768,1.0066,74.0,60.0,60.9983,1.39,0.550852,0.002507,0.004185,0.00385,0.003156,0.001591,0.001809,0.001939,0.001955,0.002035,0.001769,0.004551,0.007597,0.006989,0.005729,0.003284,0.003549,0.003211,6.9e-05,61.48,39.52,0.1933,0.001817,60.0
int_01_26,int_sim_01,INT_0001_3p_nom_70ms,1,train,Interruption,2,SCENARIO_CONTROLLER,three-phase,"A,B,C",0.0017,0.001,68.6,0.048,0.1166,240,583,0.473629,0.843417,1.780754,1.0071,74.0,60.0,60.9983,1.38,0.550856,0.002511,0.004188,0.003853,0.003158,0.00159,0.001806,0.001937,0.001955,0.002036,0.001771,0.004558,0.007603,0.006995,0.005733,0.003279,0.003549,0.003215,6.9e-05,61.48,39.52,0.1933,0.001817,60.0
int_01_27,int_sim_01,INT_0001_3p_nom_70ms,1,train,Interruption,2,SCENARIO_CONTROLLER,three-phase,"A,B,C",0.0017,0.001,68.6,0.049,0.1176,245,588,0.473655,0.843417,1.780659,1.0135,74.0,60.0,60.9983,1.25,0.550885,0.002537,0.004216,0.003881,0.003186,0.001616,0.001801,0.001922,0.001931,0.002013,0.001757,0.004605,0.007653,0.007045,0.005783,0.003269,0.003505,0.003189,7e-05,61.48,39.52,0.1933,0.001818,60.0
int_01_28,int_sim_01,INT_0001_3p_nom_70ms,1,train,Interruption,2,SCENARIO_CONTROLLER,three-phase,"A,B,C",0.0017,0.001,68.6,0.05,0.1186,250,593,0.473671,0.843417,1.780595,1.0098,74.0,60.0,60.9983,1.07,0.550904,0.002538,0.004208,0.003864,0.003165,0.001595,0.001796,0.001915,0.001929,0.002,0.001756,0.004607,0.007638,0.007014,0.005745,0.00326,0.003502,0.003187,6.9e-05,61.48,39.52,0.1932,0.001819,60.0
int_01_29,int_sim_01,INT_0001_3p_nom_70ms,1,train,Interruption,2,SCENARIO_CONTROLLER,three-phase,"A,B,C",0.0017,0.001,68.6,0.051,0.1196,255,598,0.473678,0.843417,1.78057,1.0062,74.0,60.0,60.9983,0.92,0.550912,0.002531,0.004194,0.00385,0.003155,0.001589,0.001784,0.001906,0.001921,0.002001,0.001753,0.004594,0.007613,0.006988,0.005727,0.003238,0.003487,0.003182,6.9e-05,61.48,39.52,0.1932,0.001819,60.0
int_01_30,int_sim_01,INT_0001_3p_nom_70ms,1,train,Interruption,2,SCENARIO_CONTROLLER,three-phase,"A,B,C",0.0017,0.001,68.6,0.052,0.1206,260,603,0.473678,0.843417,1.78057,1.0074,74.0,60.0,60.9952,0.89,0.550912,0.002518,0.004188,0.003858,0.003168,0.001596,0.001793,0.001905,0.001912,0.001987,0.001738,0.004571,0.007602,0.007003,0.00575,0.003255,0.003471,0.003155,6.9e-05,61.48,39.52,0.1932,0.001819,60.0
int_01_31,int_sim_01,INT_0001_3p_nom_70ms,1,train,Interruption,2,SCENARIO_CONTROLLER,three-phase,"A,B,C",0.0017,0.001,68.6,0.053,0.1216,265,608,0.473676,0.843417,1.780577,1.0076,74.0,60.0,60.9952,0.98,0.55091,0.002511,0.004191,0.003866,0.003169,0.001592,0.001789,0.001902,0.00191,0.001988,0.001739,0.004558,0.007607,0.007017,0.005752,0.003247,0.003467,0.003157,6.9e-05,61.48,39.52,0.1932,0.001819,60.0
int_01_32,int_sim_01,INT_0001_3p_nom_70ms,1,train,Interruption,2,SCENARIO_CONTROLLER,three-phase,"A,B,C",0.0017,0.001,68.6,0.054,0.1226,270,613,0.473666,0.843417,1.780617,1.0092,74.0,60.0,60.9952,1.14,0.550897,0.002505,0.00421,0.003862,0.003153,0.001597,0.001801,0.001911,0.001904,0.001981,0.00174,0.004547,0.007642,0.00701,0.005723,0.003269,0.003456,0.003158,6.9e-05,61.48,39.52,0.1933,0.001819,60.0
int_02_01,int_sim_02,INT_0002_3p_light_50ms,2,test,Interruption,2,SCENARIO_CONTROLLER,three-phase,"A,B,C",0.0024,0.0015,52.2,0.02,0.0722,100,361,0.54662,0.893601,1.634775,0.7515,51.4,60.0,53.2911,-13.43,0.675679,0.006962,0.004618,0.003034,0.001988,0.001067,0.000707,0.000391,8.8e-05,0.000167,0.000306,0.010304,0.006835,0.00449,0.002942,0.001046,0.00013,0.000453,8.5e-05,59.43,10.6,0.1644,6.9e-05,60.0
int_02_02,int_sim_02,INT_0002_3p_light_50ms,2,test,Interruption,2,SCENARIO_CONTROLLER,three-phase,"A,B,C",0.0024,0.0015,52.2,0.021,0.0732,105,366,0.54661,0.893601,1.634805,0.7527,51.4,60.0,53.2911,-12.62,0.675667,0.006963,0.004629,0.003022,0.001986,0.001082,0.000703,0.000378,8.2e-05,0.000183,0.000323,0.010305,0.006851,0.004473,0.002939,0.00104,0.000121,0.000478,8.5e-05,59.43,10.6,0.1644,6.9e-05,60.0
int_02_03,int_sim_02,INT_0002_3p_light_50ms,2,test,Interruption,2,SCENARIO_CONTROLLER,three-phase,"A,B,C",0.0024,0.0015,52.2,0.022,0.0742,110,371,0.546595,0.893601,1.63485,0.7528,51.4,60.0,53.2911,-12.03,0.675649,0.006981,0.004622,0.003012,0.002005,0.001067,0.000699,0.000393,8.7e-05,0.00017,0.000309,0.010332,0.006841,0.004458,0.002968,0.001035,0.000129,0.000457,8.5e-05,59.43,10.6,0.1644,6.9e-05,60.0
int_02_04,int_sim_02,INT_0002_3p_light_50ms,2,test,Interruption,2,SCENARIO_CONTROLLER,three-phase,"A,B,C",0.0024,0.0015,52.2,0.023,0.0752,115,376,0.546584,0.893601,1.634884,0.7489,51.4,60.0,53.2911,-11.73,0.675635,0.007005,0.004598,0.003033,0.00199,0.001073,0.000709,0.000377,9.2e-05,0.000172,0.000306,0.010368,0.006805,0.004489,0.002945,0.001049,0.000136,0.000453,8.5e-05,59.43,10.6,0.1644,6.9e-05,60.0
int_02_05,int_sim_02,INT_0002_3p_light_50ms,2,test,Interruption,2,SCENARIO_CONTROLLER,three-phase,"A,B,C",0.0024,0.0015,52.2,0.024,0.0762,120,381,0.546582,0.893601,1.63489,0.7481,51.4,60.0,52.9579,-12.36,0.675632,0.007014,0.004593,0.003037,0.001988,0.001074,0.000703,0.000383,7.9e-05,0.000183,0.000313,0.010381,0.006798,0.004495,0.002942,0.001041,0.000117,0.000463,8.5e-05,59.43,10.6,0.1644,6.9e-05,60.0
int_02_06,int_sim_02,INT_0002_3p_light_50ms,2,test,Interruption,2,SCENARIO_CONTROLLER,three-phase,"A,B,C",0.0024,0.0015,52.2,0.025,0.0772,125,386,0.546587,0.893601,1.634875,0.7528,51.4,60.0,53.2871,-11.75,0.675638,0.007008,0.004614,0.003011,0.002015,0.001051,0.000724,0.000366,9.8e-05,0.000166,0.00031,0.010372,0.006829,0.004457,0.002982,0.001072,0.000145,0.000459,8.5e-05,59.43,10.6,0.1644,6.9e-05,60.0
int_02_07,int_sim_02,INT_0002_3p_light_50ms,2,test,Interruption,2,SCENARIO_CONTROLLER,three-phase,"A,B,C",0.0024,0.0015,52.2,0.026,0.0782,130,391,0.546601,0.893601,1.634831,0.7554,51.4,60.0,53.2871,-11.74,0.675656,0.006983,0.004641,0.003,0.002004,0.001074,0.000702,0.000381,8.2e-05,0.000175,0.000301,0.010335,0.006869,0.00444,0.002966,0.001039,0.000121,0.000445,8.5e-05,59.43,10.6,0.1644,6.9e-05,60.0
int_02_08,int_sim_02,INT_0002_3p_light_50ms,2,test,Interruption,2,SCENARIO_CONTROLLER,three-phase,"A,B,C",0.0024,0.0015,52.2,0.027,0.0792,135,396,0.546616,0.893601,1.634787,0.755,51.4,60.0,53.2871,-11.48,0.675674,0.006961,0.004642,0.003018,0.001989,0.001068,0.000717,0.000368,9.5e-05,0.000174,0.000312,0.010302,0.00687,0.004467,0.002944,0.001061,0.000141,0.000462,8.5e-05,59.43,10.6,0.1644,6.9e-05,60.0
int_02_09,int_sim_02,INT_0002_3p_light_50ms,2,test,Interruption,2,SCENARIO_CONTROLLER,three-phase,"A,B,C",0.0024,0.0015,52.2,0.028,0.0802,140,401,0.546641,0.893601,1.634714,0.7527,51.4,60.0,53.2871,-10.95,0.675704,0.006941,0.004618,0.003036,0.002008,0.00105,0.000712,0.000387,7.9e-05,0.000174,0.000303,0.010272,0.006834,0.004493,0.002972,0.001054,0.000117,0.000448,8.5e-05,59.43,10.6,0.1644,7e-05,60.0
int_02_10,int_sim_02,INT_0002_3p_light_50ms,2,test,Interruption,2,SCENARIO_CONTROLLER,three-phase,"A,B,C",0.0024,0.0015,52.2,0.029,0.0812,145,406,0.546672,0.893601,1.634621,0.7491,51.4,60.0,53.2871,-10.32,0.675742,0.006943,0.004587,0.003008,0.002019,0.001084,0.00071,0.000358,0.0001,0.000196,0.00029,0.010275,0.006788,0.004451,0.002988,0.001051,0.000148,0.000429,8.4e-05,59.43,10.59,0.1644,7e-05,60.0
int_02_11,int_sim_02,INT_0002_3p_light_50ms,2,test,Interruption,2,SCENARIO_CONTROLLER,three-phase,"A,B,C",0.0024,0.0015,52.2,0.03,0.0822,150,411,0.546684,0.893601,1.634584,0.7486,51.4,60.0,53.2871,-9.77,0.675757,0.006956,0.00459,0.002997,0.002003,0.001074,0.000718,0.000371,9.1e-05,0.000184,0.000301,0.010294,0.006792,0.004435,0.002964,0.001063,0.000135,0.000445,8.4e-05,59.43,10.59,0.1644,7e-05,60.0
int_02_12,int_sim_02,INT_0002_3p_light_50ms,2,test,Interruption,2,SCENARIO_CONTROLLER,three-phase,"A,B,C",0.0024,0.0015,52.2,0.031,0.0832,155,416,0.546693,0.893601,1.634558,0.7508,51.4,60.0,53.2871,-9.42,0.675768,0.006973,0.004606,0.003008,0.002008,0.001071,0.000706,0.000359,9.6e-05,0.000191,0.000296,0.010319,0.006816,0.004451,0.002971,0.001045,0.000142,0.000438,8.5e-05,59.43,10.59,0.1644,7e-05,60.0
int_02_13,int_sim_02,INT_0002_3p_light_50ms,2,test,Interruption,2,SCENARIO_CONTROLLER,three-phase,"A,B,C",0.0024,0.0015,52.2,0.032,0.0842,160,421,0.546698,0.893601,1.634543,0.7538,51.4,60.0,53.2871,-9.31,0.675775,0.006989,0.004619,0.003022,0.002022,0.001086,0.000726,0.00038,0.000105,0.0002,0.00028,0.010342,0.006835,0.004472,0.002992,0.001074,0.000155,0.000414,8.5e-05,59.43,10.59,0.1644,7e-05,60.0
int_02_14,int_sim_02,INT_0002_3p_light_50ms,2,test,Interruption,2,SCENARIO_CONTROLLER,three-phase,"A,B,C",0.0024,0.0015,52.2,0.033,0.0852,165,426,0.546697,0.893601,1.634545,0.7532,51.4,60.0,53.2935,-9.36,0.675774,0.006989,0.004616,0.003019,0.002019,0.001084,0.000726,0.000381,0.000107,0.000204,0.000272,0.010342,0.006831,0.004467,0.002988,0.001074,0.000158,0.000403,8.5e-05,59.43,10.59,0.1644,6.9e-05,60.0
int_02_15,int_sim_02,INT_0002_3p_light_50ms,2,test,Interruption,2,SCENARIO_CONTROLLER,three-phase,"A,B,C",0.0024,0.0015,52.2,0.034,0.0862,170,431,0.546689,0.893601,1.634569,0.7504,51.4,60.0,53.2935,-9.45,0.675764,0.006976,0.004595,0.003003,0.002014,0.001091,0.000736,0.000396,0.000115,0.000216,0.000266,0.010323,0.0068,0.004444,0.00298,0.001089,0.00017,0.000394,8.5e-05,59.43,10.59,0.1644,6.9e-05,60.0
int_02_16,int_sim_02,INT_0002_3p_light_50ms,2,test,Interruption,2,SCENARIO_CONTROLLER,three-phase,"A,B,C",0.0024,0.0015,52.2,0.035,0.0872,175,436,0.54668,0.893601,1.634597,0.7506,51.4,60.0,53.2935,-9.41,0.675753,0.006961,0.004592,0.003013,0.002027,0.001092,0.000728,0.000382,0.000102,0.000208,0.000255,0.010301,0.006795,0.004459,0.003,0.001077,0.000151,0.000377,8.5e-05,59.43,10.59,0.1644,7e-05,60.0
int_02_17,int_sim_02,INT_0002_3p_light_50ms,2,test,Interruption,2,SCENARIO_CONTROLLER,three-phase,"A,B,C",0.0024,0.0015,52.2,0.036,0.0882,180,441,0.546663,0.893601,1.634648,0.7517,51.4,60.0,53.2935,-9.12,0.675732,0.006941,0.004602,0.003036,0.002028,0.001071,0.000711,0.000389,0.000113,0.000228,0.000266,0.010272,0.00681,0.004493,0.003001,0.001052,0.000167,0.000394,8.5e-05,59.43,10.59,0.1644,7e-05,60.0
int_02_18,int_sim_02,INT_0002_3p_light_50ms,2,test,Interruption,2,SCENARIO_CONTROLLER,three-phase,"A,B,C",0.0024,0.0015,52.2,0.037,0.0892,185,446,0.546654,0.893601,1.634675,0.7527,51.4,60.0,53.2935,-8.65,0.675721,0.006939,0.004612,0.00303,0.002021,0.00108,0.000718,0.00038,0.000103,0.00023,0.000261,0.010269,0.006825,0.004484,0.002991,0.001063,0.000152,0.000386,8.5e-05,59.43,10.59,0.1644,7e-05,60.0
int_02_19,int_sim_02,INT_0002_3p_light_50ms,2,test,Interruption,2,SCENARIO_CONTROLLER,three-phase,"A,B,C",0.0024,0.0015,52.2,0.038,0.0902,190,451,0.546625,0.893601,1.634762,0.7548,51.4,60.0,53.2935,-8.15,0.675685,0.006961,0.004619,0.002997,0.00205,0.001079,0.00069,0.000401,0.000126,0.000213,0.000251,0.010302,0.006836,0.004435,0.003034,0.001021,0.000186,0.000371,8.5e-05,59.43,10.6,0.1644,7e-05,60.0
int_02_20,int_sim_02,INT_0002_3p_light_50ms,2,test,Interruption,2,SCENARIO_CONTROLLER,three-phase,"A,B,C",0.0024,0.0015,52.2,0.039,0.0912,195,456,0.546615,0.893601,1.634791,0.7539,51.4,60.0,53.2935,-7.76,0.675673,0.006976,0.004607,0.002999,0.002057,0.001067,0.0007,0.000398,0.000116,0.00022,0.000257,0.010325,0.006818,0.004439,0.003044,0.001036,0.000172,0.00038,8.5e-05,59.43,10.6,0.1644,6.9e-05,60.0
int_02_21,int_sim_02,INT_0002_3p_light_50ms,2,test,Interruption,2,SCENARIO_CONTROLLER,three-phase,"A,B,C",0.0024,0.0015,52.2,0.04,0.0922,200,461,0.546604,0.893601,1.634823,0.7476,51.4,60.0,53.2935,-7.58,0.67566,0.007005,0.004578,0.003031,0.002024,0.001099,0.000673,0.000419,0.000135,0.000198,0.000245,0.010368,0.006776,0.004486,0.002996,0.000996,0.0002,0.000363,8.5e-05,59.43,10.6,0.1644,6.9e-05,60.0
int_02_22,int_sim_02,INT_0002_3p_light_50ms,2,test,Interruption,2,SCENARIO_CONTROLLER,three-phase,"A,B,C",0.0024,0.0015,52.2,0.041,0.0932,205,466,0.546603,0.893601,1.634826,0.749,51.4,60.0,53.2885,-7.59,0.675658,0.007016,0.004581,0.003024,0.002037,0.001084,0.000684,0.000406,0.000122,0.000206,0.000237,0.010384,0.00678,0.004476,0.003015,0.001012,0.000181,0.000351,8.5e-05,59.43,10.6,0.1644,6.8e-05,60.0
int_02_23,int_sim_02,INT_0002_3p_light_50ms,2,test,Interruption,2,SCENARIO_CONTROLLER,three-phase,"A,B,C",0.0024,0.0015,52.2,0.042,0.0942,210,471,0.546609,0.893601,1.634808,0.7521,51.4,60.0,53.2885,-7.71,0.675666,0.007006,0.0046,0.003006,0.002048,0.001081,0.000682,0.000415,0.000122,0.000211,0.000248,0.010369,0.006808,0.004449,0.003031,0.001009,0.000181,0.000367,8.5e-05,59.43,10.61,0.1644,6.9e-05,60.0
int_02_24,int_sim_02,INT_0002_3p_light_50ms,2,test,Interruption,2,SCENARIO_CONTROLLER,three-phase,"A,B,C",0.0024,0.0015,52.2,0.043,0.0952,215,476,0.546627,0.893601,1.634754,0.7536,51.4,60.0,53.2885,-7.8,0.675688,0.006975,0.004625,0.003006,0.002024,0.001108,0.000664,0.000415,0.000116,0.000204,0.000233,0.010323,0.006845,0.004449,0.002995,0.000983,0.000172,0.000345,8.5e-05,59.43,10.62,0.1644,6.8e-05,60.0
int_02_25,int_sim_02,INT_0002_3p_light_50ms,2,test,Interruption,2,SCENARIO_CONTROLLER,three-phase,"A,B,C",0.0024,0.0015,52.2,0.044,0.0962,220,481,0.546637,0.893601,1.634725,0.7533,51.4,60.0,53.2885,-7.71,0.675699,0.00696,0.004625,0.00302,0.002014,0.001101,0.000681,0.000406,0.000123,0.000217,0.000241,0.0103,0.006845,0.004469,0.002981,0.001008,0.000182,0.000357,8.5e-05,59.43,10.61,0.1644,6.8e-05,60.0
int_02_26,int_sim_02,INT_0002_3p_light_50ms,2,test,Interruption,2,SCENARIO_CONTROLLER,three-phase,"A,B,C",0.0024,0.0015,52.2,0.045,0.0972,225,486,0.546661,0.893601,1.634654,0.7507,51.4,60.0,53.2885,-7.41,0.675728,0.006948,0.004598,0.003024,0.002037,0.0011,0.000664,0.000412,0.000123,0.000208,0.000242,0.010282,0.006805,0.004475,0.003015,0.000983,0.000182,0.000358,8.5e-05,59.43,10.63,0.1644,6.7e-05,60.0
int_02_27,int_sim_02,INT_0002_3p_light_50ms,2,test,Interruption,2,SCENARIO_CONTROLLER,three-phase,"A,B,C",0.0024,0.0015,52.2,0.046,0.0982,230,491,0.546691,0.893601,1.634564,0.7477,51.4,60.0,53.2885,-6.99,0.675766,0.006959,0.004577,0.002989,0.002027,0.001124,0.000686,0.000403,0.000113,0.000222,0.000226,0.010298,0.006773,0.004423,0.003,0.001015,0.000167,0.000334,8.4e-05,59.43,10.62,0.1644,6.7e-05,60.0
int_02_28,int_sim_02,INT_0002_3p_light_50ms,2,test,Interruption,2,SCENARIO_CONTROLLER,three-phase,"A,B,C",0.0024,0.0015,52.2,0.047,0.0992,235,496,0.54671,0.893601,1.634508,0.7483,51.4,60.0,53.2885,-6.6,0.675789,0.006985,0.004592,0.002984,0.002006,0.001099,0.000676,0.000411,0.000126,0.000221,0.000228,0.010336,0.006795,0.004416,0.002968,0.001,0.000186,0.000337,8.5e-05,59.43,10.62,0.1644,6.8e-05,60.0
int_02_29,int_sim_02,INT_0002_3p_light_50ms,2,test,Interruption,2,SCENARIO_CONTROLLER,three-phase,"A,B,C",0.0024,0.0015,52.2,0.048,0.1002,240,501,0.546718,0.893601,1.634483,0.751,51.4,60.0,53.2885,-6.35,0.6758,0.007003,0.00461,0.002998,0.002016,0.001101,0.000668,0.000398,0.000121,0.000222,0.000229,0.010363,0.006822,0.004436,0.002983,0.000988,0.000179,0.000339,8.5e-05,59.43,10.62,0.1644,6.8e-05,60.0
int_02_30,int_sim_02,INT_0002_3p_light_50ms,2,test,Interruption,2,SCENARIO_CONTROLLER,three-phase,"A,B,C",0.0024,0.0015,52.2,0.049,0.1012,245,506,0.546723,0.893601,1.634467,0.7538,51.4,60.0,52.964,-6.3,0.675806,0.007023,0.004622,0.003011,0.002028,0.001113,0.000687,0.000418,0.000147,0.000246,0.000207,0.010392,0.006839,0.004455,0.003001,0.001017,0.000218,0.000306,8.6e-05,59.43,10.62,0.1644,6.8e-05,60.0
int_02_31,int_sim_02,INT_0002_3p_light_50ms,2,test,Interruption,2,SCENARIO_CONTROLLER,three-phase,"A,B,C",0.0024,0.0015,52.2,0.05,0.1022,250,511,0.546722,0.893601,1.634472,0.7512,51.4,60.0,53.2932,-6.4,0.675804,0.007023,0.004613,0.002998,0.002011,0.001095,0.000668,0.0004,0.000135,0.000231,0.000224,0.010392,0.006826,0.004436,0.002976,0.000988,0.0002,0.000331,8.6e-05,59.43,10.62,0.1644,6.8e-05,60.0
int_02_32,int_sim_02,INT_0002_3p_light_50ms,2,test,Interruption,2,SCENARIO_CONTROLLER,three-phase,"A,B,C",0.0024,0.0015,52.2,0.051,0.1032,255,516,0.546708,0.893601,1.634514,0.7493,51.4,60.0,53.2932,-6.56,0.675788,0.006999,0.00459,0.002992,0.002025,0.001117,0.000687,0.000407,0.000147,0.000228,0.000236,0.010357,0.006792,0.004427,0.002997,0.001017,0.000218,0.000349,8.5e-05,59.43,10.63,0.1644,6.8e-05,60.0
int_03_01,int_sim_03,INT_0003_3p_light_83ms,3,val,Interruption,2,SCENARIO_CONTROLLER,three-phase,"A,B,C",0.0018,0.0011,78.8,0.0254,0.1042,127,521,0.470907,0.872872,1.853597,1.0052,84.8,60.0,59.6566,1.42,0.514763,0.007002,0.004719,0.003143,0.002005,0.001062,0.000696,0.00042,0.000218,0.000196,0.000529,0.013602,0.009167,0.006106,0.003895,0.001352,0.000423,0.001028,8.7e-05,59.33,14.09,0.2134,0.000169,60.0
int_03_02,int_sim_03,INT_0003_3p_light_83ms,3,val,Interruption,2,SCENARIO_CONTROLLER,three-phase,"A,B,C",0.0018,0.0011,78.8,0.0264,0.1052,132,526,0.470891,0.872872,1.853662,1.0075,84.8,60.0,59.6566,1.45,0.514745,0.007005,0.004733,0.003128,0.002002,0.001079,0.000699,0.000404,0.000202,0.000204,0.00054,0.013609,0.009195,0.006077,0.003889,0.001358,0.000392,0.001049,8.7e-05,59.33,14.09,0.2134,0.00017,60.0
int_03_03,int_sim_03,INT_0003_3p_light_83ms,3,val,Interruption,2,SCENARIO_CONTROLLER,three-phase,"A,B,C",0.0018,0.0011,78.8,0.0274,0.1062,137,531,0.470878,0.872872,1.853711,1.0068,84.8,60.0,59.6566,1.51,0.514732,0.00702,0.004725,0.003125,0.002012,0.00107,0.000698,0.000408,0.000205,0.000204,0.000537,0.013638,0.00918,0.006071,0.003909,0.001356,0.000398,0.001043,8.8e-05,59.33,14.09,0.2134,0.00017,60.0
int_03_04,int_sim_03,INT_0003_3p_light_83ms,3,val,Interruption,2,SCENARIO_CONTROLLER,three-phase,"A,B,C",0.0018,0.0011,78.8,0.0284,0.1072,142,536,0.470856,0.872872,1.8538,0.9965,84.8,60.0,59.6566,1.57,0.514707,0.007066,0.004678,0.003169,0.001977,0.00109,0.000716,0.000381,0.000199,0.000213,0.000521,0.013728,0.009089,0.006157,0.003841,0.001391,0.000387,0.001012,8.8e-05,59.33,14.09,0.2134,0.000171,60.0
int_03_05,int_sim_03,INT_0003_3p_light_83ms,3,val,Interruption,2,SCENARIO_CONTROLLER,three-phase,"A,B,C",0.0018,0.0011,78.8,0.0294,0.1082,147,541,0.470851,0.872872,1.853818,0.9939,84.8,60.0,59.6429,1.57,0.514702,0.007082,0.00467,0.003176,0.00197,0.001097,0.000694,0.000401,0.000193,0.000222,0.000534,0.013759,0.009073,0.006171,0.003827,0.001348,0.000375,0.001037,8.8e-05,59.33,14.08,0.2134,0.000171,60.0
int_03_06,int_sim_03,INT_0003_3p_light_83ms,3,val,Interruption,2,SCENARIO_CONTROLLER,three-phase,"A,B,C",0.0018,0.0011,78.8,0.0304,0.1092,152,546,0.470859,0.872872,1.853788,1.0018,84.8,60.0,59.6429,1.54,0.51471,0.007073,0.004697,0.003144,0.002002,0.001068,0.000721,0.000378,0.000197,0.00021,0.000528,0.013742,0.009126,0.006108,0.00389,0.001401,0.000383,0.001026,8.8e-05,59.33,14.08,0.2134,0.000171,60.0
int_03_07,int_sim_03,INT_0003_3p_light_83ms,3,val,Interruption,2,SCENARIO_CONTROLLER,three-phase,"A,B,C",0.0018,0.0011,78.8,0.0314,0.1102,157,551,0.470871,0.872872,1.85374,1.0039,84.8,60.0,59.6429,1.47,0.514723,0.007054,0.004715,0.003139,0.001993,0.001085,0.000705,0.00039,0.000186,0.00022,0.000519,0.013704,0.00916,0.006098,0.003872,0.00137,0.000361,0.001008,8.8e-05,59.33,14.09,0.2134,0.000171,60.0
int_03_08,int_sim_03,INT_0003_3p_light_83ms,3,val,Interruption,2,SCENARIO_CONTROLLER,three-phase,"A,B,C",0.0018,0.0011,78.8,0.0324,0.1112,162,556,0.470902,0.872872,1.853617,1.0022,84.8,60.0,59.6429,1.4,0.514756,0.007016,0.004711,0.003174,0.001971,0.001071,0.000731,0.000366,0.00021,0.000212,0.00053,0.01363,0.009152,0.006166,0.003829,0.00142,0.000408,0.00103,8.8e-05,59.33,14.08,0.2134,0.000171,60.0
int_03_09,int_sim_03,INT_0003_3p_light_83ms,3,val,Interruption,2,SCENARIO_CONTROLLER,three-phase,"A,B,C",0.0018,0.0011,78.8,0.0334,0.1122,167,561,0.470917,0.872872,1.853559,1.0007,84.8,60.0,59.6429,1.36,0.514772,0.007005,0.004698,0.003185,0.001981,0.001056,0.000735,0.000381,0.000201,0.000223,0.000518,0.013608,0.009126,0.006187,0.003848,0.001428,0.00039,0.001006,8.7e-05,59.33,14.08,0.2134,0.000171,60.0
int_03_10,int_sim_03,INT_0003_3p_light_83ms,3,val,Interruption,2,SCENARIO_CONTROLLER,three-phase,"A,B,C",0.0018,0.0011,78.8,0.0344,0.1132,172,566,0.470942,0.872872,1.853461,0.9973,84.8,60.0,59.6429,1.38,0.5148,0.007009,0.004677,0.003164,0.001988,0.001079,0.000728,0.000362,0.000218,0.000228,0.000511,0.013615,0.009085,0.006146,0.003862,0.001414,0.000423,0.000993,8.7e-05,59.33,14.08,0.2134,0.000171,60.0
int_03_11,int_sim_03,INT_0003_3p_light_83ms,3,val,Interruption,2,SCENARIO_CONTROLLER,three-phase,"A,B,C",0.0018,0.0011,78.8,0.0354,0.1142,177,571,0.470962,0.872872,1.853381,0.9968,84.8,60.0,59.6429,1.44,0.514822,0.007028,0.004682,0.003149,0.001965,0.001068,0.000744,0.000379,0.000201,0.000217,0.000524,0.013651,0.009094,0.006117,0.003817,0.001445,0.00039,0.001018,8.7e-05,59.33,14.08,0.2134,0.000171,60.0
int_03_12,int_sim_03,INT_0003_3p_light_83ms,3,val,Interruption,2,SCENARIO_CONTROLLER,three-phase,"A,B,C",0.0018,0.0011,78.8,0.0364,0.1152,182,576,0.470978,0.872872,1.853317,1.0025,84.8,60.0,59.6429,1.5,0.51484,0.007058,0.004711,0.003173,0.001979,0.001069,0.000725,0.000359,0.000214,0.00023,0.000527,0.013709,0.00915,0.006163,0.003844,0.001408,0.000416,0.001024,8.8e-05,59.33,14.1,0.2134,0.000171,60.0
int_03_13,int_sim_03,INT_0003_3p_light_83ms,3,val,Interruption,2,SCENARIO_CONTROLLER,three-phase,"A,B,C",0.0018,0.0011,78.8,0.0374,0.1162,187,581,0.470982,0.872872,1.853302,1.005,84.8,60.0,59.6429,1.53,0.514844,0.007068,0.00472,0.003182,0.001989,0.001079,0.000735,0.000367,0.00021,0.000229,0.000524,0.013728,0.009168,0.006181,0.003863,0.001428,0.000408,0.001018,8.9e-05,59.33,14.1,0.2134,0.000171,60.0
int_03_14,int_sim_03,INT_0003_3p_light_83ms,3,val,Interruption,2,SCENARIO_CONTROLLER,three-phase,"A,B,C",0.0018,0.0011,78.8,0.0384,0.1172,192,586,0.470981,0.872872,1.853305,1.0035,84.8,60.0,59.6513,1.53,0.514843,0.00707,0.004715,0.003175,0.001981,0.00107,0.000732,0.000364,0.000222,0.00024,0.000528,0.013732,0.009158,0.006167,0.003848,0.001422,0.000431,0.001026,8.8e-05,59.33,14.1,0.2134,0.000171,60.0
int_03_15,int_sim_03,INT_0003_3p_light_83ms,3,val,Interruption,2,SCENARIO_CONTROLLER,three-phase,"A,B,C",0.0018,0.0011,78.8,0.0394,0.1182,197,591,0.47097,0.872872,1.853349,0.9987,84.8,60.0,59.6513,1.47,0.514831,0.007053,0.004691,0.003157,0.001974,0.001074,0.000736,0.000373,0.000215,0.00024,0.000523,0.0137,0.009112,0.006132,0.003834,0.00143,0.000418,0.001016,8.8e-05,59.33,14.11,0.2134,0.000171,60.0
int_03_16,int_sim_03,INT_0003_3p_light_83ms,3,val,Interruption,2,SCENARIO_CONTROLLER,three-phase,"A,B,C",0.0018,0.0011,78.8,0.0404,0.1192,202,596,0.47095,0.872872,1.853427,0.9993,84.8,60.0,59.6513,1.4,0.51481,0.007026,0.004686,0.003176,0.001995,0.001077,0.000729,0.000356,0.000207,0.000227,0.000511,0.013648,0.009102,0.006169,0.003875,0.001416,0.000402,0.000993,8.8e-05,59.33,14.11,0.2134,0.00017,60.0
int_03_17,int_sim_03,INT_0003_3p_light_83ms,3,val,Interruption,2,SCENARIO_CONTROLLER,three-phase,"A,B,C",0.0018,0.0011,78.8,0.0414,0.1202,207,601,0.470922,0.872872,1.853538,1.0019,84.8,60.0,59.6513,1.35,0.514779,0.007002,0.004706,0.003202,0.001986,0.001049,0.000711,0.00037,0.000206,0.000248,0.000529,0.013602,0.009142,0.00622,0.003858,0.001381,0.0004,0.001028,8.7e-05,59.33,14.11,0.2134,0.00017,60.0
int_03_18,int_sim_03,INT_0003_3p_light_83ms,3,val,Interruption,2,SCENARIO_CONTROLLER,three-phase,"A,B,C",0.0018,0.0011,78.8,0.0424,0.1212,212,606,0.470902,0.872872,1.853617,1.0048,84.8,60.0,59.6513,1.35,0.514758,0.007,0.004726,0.003192,0.001971,0.001064,0.000728,0.00036,0.0002,0.000237,0.000521,0.013599,0.009181,0.006201,0.003829,0.001414,0.000389,0.001012,8.8e-05,59.33,14.1,0.2134,0.00017,60.0
int_03_19,int_sim_03,INT_0003_3p_light_83ms,3,val,Interruption,2,SCENARIO_CONTROLLER,three-phase,"A,B,C",0.0018,0.0011,78.8,0.0434,0.1222,217,611,0.470883,0.872872,1.853693,1.0062,84.8,60.0,59.6513,1.4,0.514737,0.007013,0.00473,0.003172,0.001987,0.001067,0.000711,0.000365,0.000206,0.000242,0.00052,0.013624,0.009189,0.006162,0.00386,0.001381,0.0004,0.00101,8.8e-05,59.33,14.11,0.2134,0.00017,60.0
int_03_20,int_sim_03,INT_0003_3p_light_83ms,3,val,Interruption,2,SCENARIO_CONTROLLER,three-phase,"A,B,C",0.0018,0.0011,78.8,0.0444,0.1232,222,616,0.470865,0.872872,1.853761,1.0034,84.8,60.0,59.6513,1.47,0.514718,0.007039,0.004709,0.003181,0.001993,0.00105,0.000725,0.000361,0.000198,0.000245,0.000525,0.013675,0.009149,0.00618,0.003872,0.001409,0.000385,0.00102,8.8e-05,59.33,14.11,0.2134,0.000169,60.0
int_03_21,int_sim_03,INT_0003_3p_light_83ms,3,val,Interruption,2,SCENARIO_CONTROLLER,three-phase,"A,B,C",0.0018,0.0011,78.8,0.0454,0.1242,227,621,0.470851,0.872872,1.853817,0.9942,84.8,60.0,59.6513,1.51,0.514702,0.007073,0.004676,0.003217,0.001955,0.001086,0.000705,0.000374,0.000225,0.000219,0.000515,0.013742,0.009085,0.00625,0.003798,0.00137,0.000437,0.001001,8.8e-05,59.33,14.11,0.2134,0.00017,60.0
int_03_22,int_sim_03,INT_0003_3p_light_83ms,3,val,Interruption,2,SCENARIO_CONTROLLER,three-phase,"A,B,C",0.0018,0.0011,78.8,0.0464,0.1252,232,626,0.470851,0.872872,1.853819,0.9944,84.8,60.0,59.6421,1.5,0.514702,0.007076,0.004676,0.003215,0.001958,0.001084,0.000703,0.000375,0.00022,0.000224,0.000516,0.013748,0.009085,0.006246,0.003804,0.001366,0.000427,0.001003,8.8e-05,59.33,14.11,0.2134,0.00017,60.0
int_03_23,int_sim_03,INT_0003_3p_light_83ms,3,val,Interruption,2,SCENARIO_CONTROLLER,three-phase,"A,B,C",0.0018,0.0011,78.8,0.0474,0.1262,237,631,0.470859,0.872872,1.853787,1.0012,84.8,60.0,59.6421,1.45,0.51471,0.007065,0.004701,0.003188,0.001982,0.001065,0.000723,0.000364,0.000238,0.000205,0.000526,0.013726,0.009133,0.006194,0.003851,0.001405,0.000462,0.001022,8.8e-05,59.33,14.11,0.2134,0.00017,60.0
int_03_24,int_sim_03,INT_0003_3p_light_83ms,3,val,Interruption,2,SCENARIO_CONTROLLER,three-phase,"A,B,C",0.0018,0.0011,78.8,0.0484,0.1272,242,636,0.47088,0.872872,1.853703,1.0034,84.8,60.0,59.6421,1.38,0.514733,0.007031,0.004727,0.003188,0.00196,0.001094,0.000697,0.000374,0.000217,0.000217,0.000511,0.01366,0.009183,0.006194,0.003808,0.001354,0.000422,0.000993,8.8e-05,59.33,14.11,0.2134,0.00017,60.0
int_03_25,int_sim_03,INT_0003_3p_light_83ms,3,val,Interruption,2,SCENARIO_CONTROLLER,three-phase,"A,B,C",0.0018,0.0011,78.8,0.0494,0.1282,247,641,0.470913,0.872872,1.853572,1.0011,84.8,60.0,59.6421,1.32,0.514769,0.006995,0.004716,0.003224,0.001947,0.001071,0.000726,0.000364,0.000239,0.000218,0.000514,0.013589,0.009161,0.006263,0.003782,0.00141,0.000464,0.000999,8.8e-05,59.33,14.11,0.2134,0.000171,60.0
int_03_26,int_sim_03,INT_0003_3p_light_83ms,3,val,Interruption,2,SCENARIO_CONTROLLER,three-phase,"A,B,C",0.0018,0.0011,78.8,0.0504,0.1292,252,646,0.470957,0.872872,1.853402,0.9954,84.8,60.0,59.6421,1.31,0.514816,0.006978,0.004671,0.003226,0.001987,0.00107,0.0007,0.000378,0.000218,0.000204,0.000527,0.013554,0.009073,0.006266,0.00386,0.00136,0.000423,0.001024,8.7e-05,59.33,14.12,0.2134,0.00017,60.0
int_03_27,int_sim_03,INT_0003_3p_light_83ms,3,val,Interruption,2,SCENARIO_CONTROLLER,three-phase,"A,B,C",0.0018,0.0011,78.8,0.0514,0.1302,257,651,0.470986,0.872872,1.853288,0.9925,84.8,60.0,59.6421,1.35,0.514848,0.006993,0.004659,0.003196,0.001972,0.001083,0.000718,0.000376,0.000219,0.000216,0.000525,0.013583,0.009049,0.006208,0.00383,0.001395,0.000425,0.00102,8.7e-05,59.33,14.11,0.2134,0.00017,60.0
int_03_28,int_sim_03,INT_0003_3p_light_83ms,3,val,Interruption,2,SCENARIO_CONTROLLER,three-phase,"A,B,C",0.0018,0.0011,78.8,0.0524,0.1312,262,656,0.471015,0.872872,1.853172,0.9943,84.8,60.0,59.6421,1.41,0.51488,0.00703,0.004682,0.003192,0.001944,0.001049,0.000716,0.000393,0.000212,0.000197,0.000522,0.013654,0.009093,0.0062,0.003776,0.001391,0.000412,0.001014,8.7e-05,59.33,14.11,0.2134,0.00017,60.0
int_03_29,int_sim_03,INT_0003_3p_light_83ms,3,val,Interruption,2,SCENARIO_CONTROLLER,three-phase,"A,B,C",0.0018,0.0011,78.8,0.0534,0.1322,267,661,0.47103,0.872872,1.853115,1.0011,84.8,60.0,59.6421,1.47,0.514896,0.00706,0.004712,0.003221,0.001967,0.001062,0.000705,0.000379,0.000212,0.000201,0.000533,0.013712,0.009151,0.006256,0.00382,0.001369,0.000412,0.001035,8.8e-05,59.33,14.1,0.2133,0.00017,60.0
int_03_30,int_sim_03,INT_0003_3p_light_83ms,3,val,Interruption,2,SCENARIO_CONTROLLER,three-phase,"A,B,C",0.0018,0.0011,78.8,0.0544,0.1332,272,666,0.471033,0.872872,1.853102,1.0029,84.8,60.0,59.6537,1.51,0.5149,0.007073,0.004718,0.003225,0.001971,0.001067,0.000724,0.000394,0.000222,0.000213,0.000521,0.013737,0.009163,0.006263,0.003828,0.001406,0.000431,0.001012,8.9e-05,59.33,14.1,0.2133,0.00017,60.0
int_03_31,int_sim_03,INT_0003_3p_light_83ms,3,val,Interruption,2,SCENARIO_CONTROLLER,three-phase,"A,B,C",0.0018,0.0011,78.8,0.0554,0.1342,277,671,0.471027,0.872872,1.853126,0.9969,84.8,60.0,59.6537,1.47,0.514894,0.007065,0.004697,0.003201,0.001946,0.001045,0.000702,0.000376,0.000213,0.000198,0.000523,0.013721,0.009122,0.006217,0.003779,0.001363,0.000414,0.001016,8.8e-05,59.33,14.1,0.2133,0.00017,60.0
int_03_32,int_sim_03,INT_0003_3p_light_83ms,3,val,Interruption,2,SCENARIO_CONTROLLER,three-phase,"A,B,C",0.0018,0.0011,78.8,0.0564,0.1352,282,676,0.471007,0.872872,1.853202,0.993,84.8,60.0,59.6537,1.41,0.514873,0.007035,0.004666,0.00319,0.001959,0.001071,0.000726,0.000397,0.000229,0.000216,0.000536,0.013664,0.009062,0.006196,0.003805,0.00141,0.000445,0.001041,8.7e-05,59.33,14.1,0.2134,0.00017,60.0
int_04_01,int_sim_04,INT_0004_3p_light_42ms,4,train,Interruption,2,SCENARIO_CONTROLLER,three-phase,"A,B,C",0.0039,0.0024,43.8,0.0202,0.064,101,320,0.534557,0.850917,1.591816,0.7516,43.6,60.0,59.7228,5.92,0.678574,0.012245,0.004704,0.001498,0.001907,0.000399,0.000502,0.000787,0.000162,0.000742,0.000487,0.018045,0.006932,0.002208,0.00281,0.00074,0.000239,0.000718,0.00018,59.5,11.69,0.1472,0.000109,60.0
int_04_02,int_sim_04,INT_0004_3p_light_42ms,4,train,Interruption,2,SCENARIO_CONTROLLER,three-phase,"A,B,C",0.0039,0.0024,43.8,0.0212,0.065,106,325,0.534582,0.850917,1.591742,0.7493,43.6,60.0,59.7228,5.94,0.678605,0.012266,0.004693,0.001501,0.001884,0.000403,0.000529,0.00076,0.000162,0.000756,0.000484,0.018075,0.006916,0.002212,0.002776,0.00078,0.000239,0.000713,0.00018,59.5,11.69,0.1472,0.000109,60.0
int_04_03,int_sim_04,INT_0004_3p_light_42ms,4,train,Interruption,2,SCENARIO_CONTROLLER,three-phase,"A,B,C",0.0039,0.0024,43.8,0.0222,0.066,111,330,0.534602,0.850917,1.591683,0.7507,43.6,60.0,59.7228,5.99,0.678631,0.012267,0.004712,0.001531,0.001865,0.000426,0.000523,0.000778,0.000157,0.000747,0.000482,0.018076,0.006943,0.002256,0.002748,0.000771,0.000231,0.00071,0.00018,59.5,11.69,0.1472,0.000109,60.0
int_04_04,int_sim_04,INT_0004_3p_light_42ms,4,train,Interruption,2,SCENARIO_CONTROLLER,three-phase,"A,B,C",0.0039,0.0024,43.8,0.0232,0.067,116,335,0.53461,0.850917,1.591658,0.7538,43.6,60.0,59.7228,6.02,0.678641,0.012256,0.004731,0.00154,0.001879,0.000413,0.000511,0.000772,0.000167,0.000757,0.000489,0.01806,0.006971,0.002269,0.002769,0.000753,0.000246,0.000721,0.00018,59.5,11.69,0.1472,0.00011,60.0
int_04_05,int_sim_04,INT_0004_3p_light_42ms,4,train,Interruption,2,SCENARIO_CONTROLLER,three-phase,"A,B,C",0.0039,0.0024,43.8,0.0242,0.068,121,340,0.534616,0.850917,1.591641,0.7566,43.6,60.0,59.7324,6.04,0.678649,0.012207,0.004745,0.001498,0.001887,0.000421,0.000538,0.000789,0.000166,0.000763,0.000474,0.017987,0.006992,0.002207,0.002781,0.000793,0.000245,0.000698,0.000179,59.5,11.7,0.1472,0.000109,60.0
int_04_06,int_sim_04,INT_0004_3p_light_42ms,4,train,Interruption,2,SCENARIO_CONTROLLER,three-phase,"A,B,C",0.0039,0.0024,43.8,0.0252,0.069,126,345,0.53461,0.850917,1.591659,0.7518,43.6,60.0,59.7324,6.02,0.678642,0.012185,0.004722,0.00149,0.001861,0.000432,0.000515,0.000771,0.000152,0.000741,0.000467,0.017955,0.006958,0.002196,0.002742,0.000759,0.000224,0.000688,0.000178,59.5,11.7,0.1472,0.00011,60.0
int_04_07,int_sim_04,INT_0004_3p_light_42ms,4,train,Interruption,2,SCENARIO_CONTROLLER,three-phase,"A,B,C",0.0039,0.0024,43.8,0.0262,0.07,131,350,0.534603,0.850917,1.591678,0.7511,43.6,60.0,59.7324,5.97,0.678634,0.012184,0.004712,0.001502,0.00187,0.000421,0.000526,0.00078,0.000162,0.000748,0.000477,0.017954,0.006943,0.002213,0.002756,0.000775,0.000239,0.000703,0.000178,59.5,11.7,0.1472,0.00011,60.0
int_04_08,int_sim_04,INT_0004_3p_light_42ms,4,train,Interruption,2,SCENARIO_CONTROLLER,three-phase,"A,B,C",0.0039,0.0024,43.8,0.0272,0.071,136,355,0.534593,0.850917,1.591709,0.7515,43.6,60.0,59.7324,5.93,0.67862,0.012194,0.004714,0.001505,0.001875,0.00043,0.000519,0.000775,0.000159,0.000752,0.000483,0.017969,0.006946,0.002218,0.002763,0.000765,0.000234,0.000712,0.000179,59.5,11.7,0.1472,0.00011,60.0
int_04_09,int_sim_04,INT_0004_3p_light_42ms,4,train,Interruption,2,SCENARIO_CONTROLLER,three-phase,"A,B,C",0.0039,0.0024,43.8,0.0282,0.072,141,360,0.534579,0.850917,1.59175,0.7531,43.6,60.0,59.7324,5.91,0.678603,0.012211,0.00473,0.00149,0.001859,0.000424,0.00053,0.000786,0.000169,0.000742,0.000474,0.017994,0.00697,0.002196,0.002739,0.000781,0.000249,0.000698,0.000179,59.5,11.7,0.1473,0.000109,60.0
int_04_10,int_sim_04,INT_0004_3p_light_42ms,4,train,Interruption,2,SCENARIO_CONTROLLER,three-phase,"A,B,C",0.0039,0.0024,43.8,0.0292,0.073,146,365,0.534554,0.850917,1.591825,0.7563,43.6,60.0,59.7324,5.92,0.678571,0.012238,0.004754,0.001473,0.001857,0.000403,0.000534,0.000782,0.00015,0.000753,0.000486,0.018035,0.007006,0.002171,0.002737,0.000787,0.000221,0.000716,0.00018,59.5,11.7,0.1473,0.00011,60.0
int_04_11,int_sim_04,INT_0004_3p_light_42ms,4,train,Interruption,2,SCENARIO_CONTROLLER,three-phase,"A,B,C",0.0039,0.0024,43.8,0.0302,0.074,151,370,0.534538,0.850917,1.591873,0.7568,43.6,60.0,59.7324,5.96,0.678551,0.012247,0.004751,0.001487,0.001877,0.000419,0.00052,0.000777,0.000163,0.000745,0.000476,0.018049,0.007002,0.002191,0.002766,0.000766,0.00024,0.000701,0.00018,59.5,11.7,0.1473,0.00011,60.0
int_04_12,int_sim_04,INT_0004_3p_light_42ms,4,train,Interruption,2,SCENARIO_CONTROLLER,three-phase,"A,B,C",0.0039,0.0024,43.8,0.0312,0.075,156,375,0.534525,0.850917,1.591911,0.753,43.6,60.0,59.7324,6.0,0.678535,0.012235,0.004726,0.001504,0.001865,0.00041,0.000539,0.000779,0.000147,0.000759,0.00048,0.018031,0.006965,0.002217,0.002749,0.000794,0.000217,0.000707,0.00018,59.5,11.7,0.1473,0.00011,60.0
int_04_13,int_sim_04,INT_0004_3p_light_42ms,4,train,Interruption,2,SCENARIO_CONTROLLER,three-phase,"A,B,C",0.0039,0.0024,43.8,0.0322,0.076,161,380,0.534519,0.850917,1.59193,0.7493,43.6,60.0,59.7324,6.02,0.678527,0.012207,0.004708,0.001485,0.001847,0.000399,0.000518,0.000775,0.00016,0.000751,0.000485,0.01799,0.006939,0.002189,0.002722,0.000763,0.000236,0.000715,0.000179,59.5,11.7,0.1473,0.00011,60.0
int_04_14,int_sim_04,INT_0004_3p_light_42ms,4,train,Interruption,2,SCENARIO_CONTROLLER,three-phase,"A,B,C",0.0039,0.0024,43.8,0.0332,0.077,166,385,0.534523,0.850917,1.591919,0.7529,43.6,60.0,59.7276,6.0,0.678531,0.012186,0.004724,0.001473,0.001869,0.000414,0.000537,0.000768,0.000163,0.000738,0.000482,0.017959,0.006962,0.002171,0.002754,0.000791,0.00024,0.00071,0.000178,59.5,11.69,0.1473,0.00011,60.0
int_04_15,int_sim_04,INT_0004_3p_light_42ms,4,train,Interruption,2,SCENARIO_CONTROLLER,three-phase,"A,B,C",0.0039,0.0024,43.8,0.0342,0.078,171,390,0.534531,0.850917,1.591895,0.7546,43.6,60.0,59.7276,5.96,0.678541,0.012182,0.004741,0.001488,0.001863,0.000397,0.000522,0.000772,0.000157,0.000754,0.000475,0.017953,0.006987,0.002193,0.002746,0.000769,0.000231,0.0007,0.000178,59.5,11.7,0.1473,0.00011,60.0
int_04_16,int_sim_04,INT_0004_3p_light_42ms,4,train,Interruption,2,SCENARIO_CONTROLLER,three-phase,"A,B,C",0.0039,0.0024,43.8,0.0352,0.079,176,395,0.534546,0.850917,1.591849,0.7549,43.6,60.0,59.7276,5.91,0.678561,0.012188,0.004753,0.00151,0.00184,0.000393,0.000515,0.000787,0.000148,0.000744,0.000476,0.017962,0.007005,0.002225,0.002712,0.000759,0.000218,0.000701,0.000179,59.5,11.69,0.1473,0.00011,60.0
int_04_17,int_sim_04,INT_0004_3p_light_42ms,4,train,Interruption,2,SCENARIO_CONTROLLER,three-phase,"A,B,C",0.0039,0.0024,43.8,0.0362,0.08,181,400,0.534566,0.850917,1.591788,0.7534,43.6,60.0,59.7276,5.88,0.678586,0.012211,0.004737,0.0015,0.001849,0.000412,0.00053,0.000771,0.000151,0.00076,0.000461,0.017995,0.006981,0.00221,0.002725,0.000781,0.000223,0.000679,0.000179,59.5,11.69,0.1473,0.00011,60.0
int_04_18,int_sim_04,INT_0004_3p_light_42ms,4,train,Interruption,2,SCENARIO_CONTROLLER,three-phase,"A,B,C",0.0039,0.0024,43.8,0.0372,0.081,186,405,0.534587,0.850917,1.591727,0.7507,43.6,60.0,59.7276,5.89,0.678613,0.012235,0.004715,0.001482,0.001857,0.000392,0.00052,0.000774,0.000166,0.000764,0.000454,0.018029,0.006948,0.002184,0.002736,0.000766,0.000245,0.000669,0.000179,59.5,11.69,0.1473,0.000111,60.0
int_04_19,int_sim_04,INT_0004_3p_light_42ms,4,train,Interruption,2,SCENARIO_CONTROLLER,three-phase,"A,B,C",0.0039,0.0024,43.8,0.0382,0.082,191,410,0.534604,0.850917,1.591675,0.7502,43.6,60.0,59.7276,5.92,0.678635,0.012244,0.00472,0.001501,0.001832,0.000415,0.000539,0.00077,0.000142,0.000746,0.000476,0.018042,0.006955,0.002212,0.0027,0.000794,0.000209,0.000701,0.00018,59.5,11.7,0.1473,0.000111,60.0
int_04_20,int_sim_04,INT_0004_3p_light_42ms,4,train,Interruption,2,SCENARIO_CONTROLLER,three-phase,"A,B,C",0.0039,0.0024,43.8,0.0392,0.083,196,415,0.534614,0.850917,1.591646,0.7525,43.6,60.0,59.7276,5.97,0.678647,0.012238,0.004736,0.001515,0.001836,0.000413,0.000526,0.000774,0.000152,0.000755,0.000475,0.018033,0.006979,0.002232,0.002705,0.000775,0.000224,0.0007,0.00018,59.5,11.71,0.1473,0.000111,60.0
int_04_21,int_sim_04,INT_0004_3p_light_42ms,4,train,Interruption,2,SCENARIO_CONTROLLER,three-phase,"A,B,C",0.0039,0.0024,43.8,0.0402,0.084,201,420,0.534624,0.850917,1.591618,0.7581,43.6,60.0,59.7276,6.0,0.67866,0.012205,0.004763,0.001499,0.001865,0.000391,0.00055,0.000757,0.000129,0.000735,0.00047,0.017984,0.007018,0.002209,0.002748,0.00081,0.00019,0.000693,0.000179,59.5,11.71,0.1473,0.000111,60.0
int_04_22,int_sim_04,INT_0004_3p_light_42ms,4,train,Interruption,2,SCENARIO_CONTROLLER,three-phase,"A,B,C",0.0039,0.0024,43.8,0.0412,0.085,206,425,0.534623,0.850917,1.591619,0.7569,43.6,60.0,59.7339,6.0,0.678659,0.012185,0.004759,0.001481,0.001854,0.000406,0.000546,0.000768,0.000139,0.000741,0.000475,0.017955,0.007012,0.002182,0.002732,0.000805,0.000205,0.0007,0.000179,59.5,11.71,0.1473,0.000111,60.0
int_04_23,int_sim_04,INT_0004_3p_light_42ms,4,train,Interruption,2,SCENARIO_CONTROLLER,three-phase,"A,B,C",0.0039,0.0024,43.8,0.0422,0.086,211,430,0.534613,0.850917,1.591648,0.7522,43.6,60.0,59.7339,5.97,0.678647,0.012168,0.004731,0.00149,0.00184,0.000394,0.000543,0.000748,0.000121,0.000739,0.000461,0.01793,0.006971,0.002196,0.002711,0.0008,0.000178,0.000679,0.000178,59.5,11.7,0.1473,0.000111,60.0
int_04_24,int_sim_04,INT_0004_3p_light_42ms,4,train,Interruption,2,SCENARIO_CONTROLLER,three-phase,"A,B,C",0.0039,0.0024,43.8,0.0432,0.087,216,435,0.5346,0.850917,1.591687,0.7512,43.6,60.0,59.7339,5.92,0.678631,0.012169,0.004713,0.001513,0.00186,0.000379,0.000561,0.000768,0.00014,0.000743,0.000475,0.017932,0.006945,0.002229,0.002741,0.000827,0.000206,0.0007,0.000178,59.5,11.71,0.1473,0.00011,60.0
int_04_25,int_sim_04,INT_0004_3p_light_42ms,4,train,Interruption,2,SCENARIO_CONTROLLER,three-phase,"A,B,C",0.0039,0.0024,43.8,0.0442,0.088,221,440,0.534574,0.850917,1.591766,0.7529,43.6,60.0,59.7339,5.88,0.678597,0.012198,0.00473,0.001507,0.001856,0.000407,0.000537,0.000743,0.000129,0.000762,0.000489,0.017975,0.00697,0.002221,0.002735,0.000791,0.00019,0.000721,0.000179,59.5,11.71,0.1473,0.000111,60.0
int_04_26,int_sim_04,INT_0004_3p_light_42ms,4,train,Interruption,2,SCENARIO_CONTROLLER,three-phase,"A,B,C",0.0039,0.0024,43.8,0.0452,0.089,226,445,0.534556,0.850917,1.591819,0.7552,43.6,60.0,59.7339,5.88,0.678575,0.01222,0.004752,0.001486,0.001838,0.000391,0.000555,0.000761,0.000134,0.000747,0.000476,0.018008,0.007003,0.00219,0.002709,0.000818,0.000197,0.000701,0.000179,59.5,11.71,0.1473,0.000111,60.0
int_04_27,int_sim_04,INT_0004_3p_light_42ms,4,train,Interruption,2,SCENARIO_CONTROLLER,three-phase,"A,B,C",0.0039,0.0024,43.8,0.0462,0.09,231,450,0.534537,0.850917,1.591874,0.7572,43.6,60.0,59.7339,5.9,0.678551,0.012237,0.004763,0.001483,0.001846,0.000387,0.000547,0.000751,0.000128,0.000753,0.00048,0.018034,0.007019,0.002186,0.002721,0.000806,0.000189,0.000707,0.00018,59.5,11.73,0.1473,0.000111,60.0
int_04_28,int_sim_04,INT_0004_3p_light_42ms,4,train,Interruption,2,SCENARIO_CONTROLLER,three-phase,"A,B,C",0.0039,0.0024,43.8,0.0472,0.091,236,455,0.534513,0.850917,1.591948,0.7545,43.6,60.0,59.7339,5.95,0.67852,0.012235,0.004735,0.001522,0.001864,0.000411,0.000567,0.000782,0.000121,0.000754,0.000499,0.018032,0.006978,0.002243,0.002747,0.000836,0.000178,0.000735,0.00018,59.5,11.73,0.1473,0.000111,60.0
int_04_29,int_sim_04,INT_0004_3p_light_42ms,4,train,Interruption,2,SCENARIO_CONTROLLER,three-phase,"A,B,C",0.0039,0.0024,43.8,0.0482,0.092,241,460,0.534501,0.850917,1.591983,0.7496,43.6,60.0,59.7339,5.98,0.678505,0.012216,0.004706,0.00153,0.001841,0.00039,0.000575,0.000768,0.000116,0.000757,0.000488,0.018004,0.006936,0.002255,0.002713,0.000847,0.000171,0.000719,0.000179,59.5,11.73,0.1473,0.000111,60.0
int_04_30,int_sim_04,INT_0004_3p_light_42ms,4,train,Interruption,2,SCENARIO_CONTROLLER,three-phase,"A,B,C",0.0039,0.0024,43.8,0.0492,0.093,246,465,0.534497,0.850917,1.591994,0.7481,43.6,60.0,59.7253,5.98,0.6785,0.012179,0.004698,0.001497,0.001839,0.000401,0.000557,0.000787,0.000111,0.00077,0.0005,0.01795,0.006924,0.002206,0.00271,0.000821,0.000164,0.000737,0.000178,59.5,11.74,0.1473,0.000111,60.0
int_04_31,int_sim_04,INT_0004_3p_light_42ms,4,train,Interruption,2,SCENARIO_CONTROLLER,three-phase,"A,B,C",0.0039,0.0024,43.8,0.0502,0.094,251,470,0.534504,0.850917,1.591975,0.7526,43.6,60.0,59.7253,5.95,0.678508,0.012158,0.004721,0.001492,0.001861,0.000406,0.000573,0.000769,0.000125,0.000755,0.000511,0.017919,0.006958,0.002199,0.002743,0.000844,0.000184,0.000753,0.000178,59.5,11.74,0.1473,0.000111,60.0
int_04_32,int_sim_04,INT_0004_3p_light_42ms,4,train,Interruption,2,SCENARIO_CONTROLLER,three-phase,"A,B,C",0.0039,0.0024,43.8,0.0512,0.095,256,475,0.534512,0.850917,1.591952,0.7546,43.6,60.0,59.7253,5.91,0.678518,0.012153,0.004738,0.001506,0.001857,0.00039,0.000561,0.000771,0.000125,0.000768,0.000507,0.017911,0.006983,0.00222,0.002737,0.000827,0.000184,0.000747,0.000178,59.5,11.73,0.1473,0.000111,60.0
int_05_01,int_sim_05,INT_0005_3p_heavy_100ms,5,train,Interruption,2,SCENARIO_CONTROLLER,three-phase,"A,B,C",0.0013,0.0008,102.2,0.0202,0.1224,101,612,0.403941,0.80805,2.000415,1.1739,102.8,60.0,59.531,-0.25,0.409687,0.006384,0.004408,0.002869,0.001863,0.000916,0.000475,0.000187,0.000156,0.000199,0.000433,0.015583,0.010759,0.007003,0.004547,0.001159,0.000381,0.001057,7.3e-05,59.18,14.26,0.2231,0.000157,60.0
int_05_02,int_sim_05,INT_0005_3p_heavy_100ms,5,train,Interruption,2,SCENARIO_CONTROLLER,three-phase,"A,B,C",0.0013,0.0008,102.2,0.0212,0.1234,106,617,0.403921,0.80805,2.000516,1.1761,102.8,60.0,59.531,-0.2,0.409667,0.006396,0.004413,0.00285,0.001879,0.000917,0.00046,0.00019,0.000162,0.000202,0.000429,0.015613,0.010772,0.006957,0.004587,0.001123,0.000395,0.001047,7.3e-05,59.18,14.26,0.2231,0.000156,60.0
int_05_03,int_sim_05,INT_0005_3p_heavy_100ms,5,train,Interruption,2,SCENARIO_CONTROLLER,three-phase,"A,B,C",0.0013,0.0008,102.2,0.0222,0.1244,111,622,0.403897,0.80805,2.000632,1.1732,102.8,60.0,59.531,-0.12,0.409643,0.006426,0.004392,0.002853,0.001893,0.000891,0.000477,0.0002,0.000159,0.000193,0.000437,0.015687,0.010722,0.006965,0.004621,0.001164,0.000388,0.001067,7.4e-05,59.18,14.25,0.2231,0.000156,60.0
int_05_04,int_sim_05,INT_0005_3p_heavy_100ms,5,train,Interruption,2,SCENARIO_CONTROLLER,three-phase,"A,B,C",0.0013,0.0008,102.2,0.0232,0.1254,116,627,0.403881,0.80805,2.00071,1.1634,102.8,60.0,59.531,-0.04,0.409627,0.006457,0.00436,0.002885,0.001865,0.000913,0.000474,0.000186,0.000163,0.000193,0.000425,0.015763,0.010644,0.007043,0.004553,0.001157,0.000398,0.001038,7.4e-05,59.18,14.26,0.2231,0.000157,60.0
int_05_05,int_sim_05,INT_0005_3p_heavy_100ms,5,train,Interruption,2,SCENARIO_CONTROLLER,three-phase,"A,B,C",0.0013,0.0008,102.2,0.0242,0.1264,121,632,0.403878,0.80805,2.000725,1.1626,102.8,60.0,59.5187,-0.04,0.409623,0.006469,0.004356,0.002886,0.001867,0.00091,0.000465,0.000204,0.000151,0.000208,0.000439,0.015793,0.010634,0.007046,0.004558,0.001135,0.000369,0.001072,7.4e-05,59.18,14.26,0.2231,0.000157,60.0
int_05_06,int_sim_05,INT_0005_3p_heavy_100ms,5,train,Interruption,2,SCENARIO_CONTROLLER,three-phase,"A,B,C",0.0013,0.0008,102.2,0.0252,0.1274,126,637,0.403888,0.80805,2.00068,1.1717,102.8,60.0,59.5187,-0.1,0.409632,0.006458,0.004383,0.002855,0.001895,0.000889,0.000485,0.000185,0.000162,0.000192,0.00044,0.015765,0.0107,0.00697,0.004626,0.001184,0.000395,0.001074,7.4e-05,59.18,14.26,0.2231,0.000157,60.0
int_05_07,int_sim_05,INT_0005_3p_heavy_100ms,5,train,Interruption,2,SCENARIO_CONTROLLER,three-phase,"A,B,C",0.0013,0.0008,102.2,0.0262,0.1284,131,642,0.403906,0.80805,2.000587,1.174,102.8,60.0,59.5187,-0.2,0.409651,0.006431,0.004404,0.002855,0.001875,0.000912,0.000467,0.000197,0.000144,0.000202,0.000426,0.015699,0.010751,0.006969,0.004577,0.00114,0.000352,0.00104,7.4e-05,59.18,14.26,0.2231,0.000157,60.0
int_05_08,int_sim_05,INT_0005_3p_heavy_100ms,5,train,Interruption,2,SCENARIO_CONTROLLER,three-phase,"A,B,C",0.0013,0.0008,102.2,0.0272,0.1294,136,647,0.403941,0.80805,2.000414,1.1721,102.8,60.0,59.5187,-0.3,0.409686,0.006391,0.004403,0.002891,0.00185,0.000901,0.000495,0.000167,0.000166,0.000182,0.000447,0.0156,0.010747,0.007057,0.004516,0.001208,0.000405,0.001091,7.3e-05,59.18,14.26,0.2231,0.000157,60.0
int_05_09,int_sim_05,INT_0005_3p_heavy_100ms,5,train,Interruption,2,SCENARIO_CONTROLLER,three-phase,"A,B,C",0.0013,0.0008,102.2,0.0282,0.1304,141,652,0.403977,0.80805,2.000239,1.1672,102.8,60.0,59.5187,-0.34,0.409722,0.006373,0.004371,0.002904,0.001882,0.000887,0.000475,0.000196,0.000139,0.000185,0.000447,0.015554,0.010668,0.007088,0.004593,0.001159,0.000339,0.001091,7.3e-05,59.18,14.27,0.2231,0.000157,60.0
int_05_10,int_sim_05,INT_0005_3p_heavy_100ms,5,train,Interruption,2,SCENARIO_CONTROLLER,three-phase,"A,B,C",0.0013,0.0008,102.2,0.0292,0.1314,146,657,0.404012,0.80805,2.000061,1.1617,102.8,60.0,59.5187,-0.31,0.409758,0.006383,0.004347,0.002871,0.001876,0.000914,0.000488,0.000171,0.000159,0.000199,0.000431,0.015577,0.010609,0.007007,0.004578,0.001191,0.000388,0.001052,7.3e-05,59.18,14.28,0.2231,0.000157,60.0
int_05_11,int_sim_05,INT_0005_3p_heavy_100ms,5,train,Interruption,2,SCENARIO_CONTROLLER,three-phase,"A,B,C",0.0013,0.0008,102.2,0.0302,0.1324,151,662,0.404038,0.80805,1.999933,1.1621,102.8,60.0,59.5187,-0.23,0.409784,0.006411,0.00436,0.00286,0.001852,0.000891,0.00049,0.000192,0.000145,0.000184,0.00044,0.015645,0.01064,0.006979,0.004519,0.001196,0.000354,0.001074,7.3e-05,59.18,14.26,0.2231,0.000156,60.0
int_05_12,int_sim_05,INT_0005_3p_heavy_100ms,5,train,Interruption,2,SCENARIO_CONTROLLER,three-phase,"A,B,C",0.0013,0.0008,102.2,0.0312,0.1334,156,667,0.404059,0.80805,1.999833,1.1724,102.8,60.0,59.5187,-0.14,0.409805,0.006447,0.004397,0.002894,0.001878,0.000903,0.000478,0.000165,0.000156,0.000201,0.000448,0.015732,0.010729,0.007062,0.004583,0.001166,0.000381,0.001093,7.4e-05,59.18,14.27,0.2231,0.000156,60.0
int_05_13,int_sim_05,INT_0005_3p_heavy_100ms,5,train,Interruption,2,SCENARIO_CONTROLLER,three-phase,"A,B,C",0.0013,0.0008,102.2,0.0322,0.1344,161,672,0.404067,0.80805,1.999794,1.1786,102.8,60.0,59.4885,-0.15,0.409814,0.006468,0.004414,0.002912,0.001895,0.000923,0.000502,0.000186,0.000143,0.000188,0.000441,0.015783,0.010771,0.007106,0.004624,0.001225,0.000349,0.001076,7.5e-05,59.18,14.26,0.2231,0.000155,60.0
int_05_14,int_sim_05,INT_0005_3p_heavy_100ms,5,train,Interruption,2,SCENARIO_CONTROLLER,three-phase,"A,B,C",0.0013,0.0008,102.2,0.0332,0.1354,166,677,0.404061,0.80805,1.999823,1.1707,102.8,60.0,59.5329,-0.11,0.409808,0.006463,0.004394,0.002885,0.001866,0.000895,0.000476,0.000164,0.000151,0.000191,0.000454,0.015771,0.010722,0.00704,0.004553,0.001162,0.000368,0.001108,7.4e-05,59.18,14.27,0.2231,0.000155,60.0
int_05_15,int_sim_05,INT_0005_3p_heavy_100ms,5,train,Interruption,2,SCENARIO_CONTROLLER,three-phase,"A,B,C",0.0013,0.0008,102.2,0.0342,0.1364,171,682,0.404049,0.80805,1.999879,1.1657,102.8,60.0,59.5329,-0.2,0.409797,0.006447,0.004372,0.00287,0.001863,0.000902,0.000486,0.000173,0.000142,0.000189,0.000445,0.015732,0.010669,0.007003,0.004546,0.001186,0.000347,0.001086,7.4e-05,59.18,14.27,0.2231,0.000156,60.0
int_05_16,int_sim_05,INT_0005_3p_heavy_100ms,5,train,Interruption,2,SCENARIO_CONTROLLER,three-phase,"A,B,C",0.0013,0.0008,102.2,0.0352,0.1374,176,687,0.404025,0.80805,1.999999,1.1666,102.8,60.0,59.5329,-0.3,0.409773,0.006417,0.004367,0.002893,0.001887,0.000903,0.00047,0.000151,0.000135,0.000169,0.000427,0.01566,0.010657,0.00706,0.004605,0.001147,0.000329,0.001042,7.3e-05,59.18,14.28,0.2231,0.000156,60.0
int_05_17,int_sim_05,INT_0005_3p_heavy_100ms,5,train,Interruption,2,SCENARIO_CONTROLLER,three-phase,"A,B,C",0.0013,0.0008,102.2,0.0362,0.1384,181,692,0.404005,0.80805,2.000098,1.1689,102.8,60.0,59.5329,-0.36,0.409753,0.006403,0.004381,0.002907,0.001877,0.000888,0.000467,0.000158,0.000135,0.000177,0.000434,0.015626,0.010692,0.007095,0.004581,0.00114,0.000329,0.001059,7.3e-05,59.18,14.27,0.2231,0.000155,60.0
int_05_18,int_sim_05,INT_0005_3p_heavy_100ms,5,train,Interruption,2,SCENARIO_CONTROLLER,three-phase,"A,B,C",0.0013,0.0008,102.2,0.0372,0.1394,186,697,0.403974,0.80805,2.000252,1.1739,102.8,60.0,59.5329,-0.35,0.409722,0.0064,0.00441,0.002893,0.001857,0.000909,0.000486,0.000151,0.000133,0.000159,0.000421,0.01562,0.010763,0.007061,0.004532,0.001186,0.000325,0.001028,7.4e-05,59.18,14.27,0.2231,0.000156,60.0
int_05_19,int_sim_05,INT_0005_3p_heavy_100ms,5,train,Interruption,2,SCENARIO_CONTROLLER,three-phase,"A,B,C",0.0013,0.0008,102.2,0.0382,0.1404,191,702,0.403944,0.80805,2.000402,1.1761,102.8,60.0,59.5329,-0.27,0.409691,0.006424,0.004409,0.002869,0.001886,0.000899,0.000465,0.000164,0.000147,0.000159,0.000412,0.01568,0.010762,0.007003,0.004603,0.001135,0.000359,0.001006,7.4e-05,59.17,14.28,0.2231,0.000156,60.0
int_05_20,int_sim_05,INT_0005_3p_heavy_100ms,5,train,Interruption,2,SCENARIO_CONTROLLER,three-phase,"A,B,C",0.0013,0.0008,102.2,0.0392,0.1414,196,707,0.403922,0.80805,2.000508,1.1695,102.8,60.0,59.5329,-0.18,0.409669,0.006457,0.004379,0.002889,0.00188,0.000887,0.000492,0.000148,0.000124,0.000176,0.000428,0.015762,0.010689,0.007052,0.004589,0.001201,0.000303,0.001045,7.4e-05,59.17,14.27,0.2231,0.000156,60.0
int_05_21,int_sim_05,INT_0005_3p_heavy_100ms,5,train,Interruption,2,SCENARIO_CONTROLLER,three-phase,"A,B,C",0.0013,0.0008,102.2,0.0402,0.1424,201,712,0.403908,0.80805,2.00058,1.1584,102.8,60.0,59.5329,-0.12,0.409654,0.00649,0.004347,0.002923,0.001846,0.000921,0.000465,0.000157,0.000146,0.000158,0.000422,0.015843,0.010611,0.007135,0.004506,0.001135,0.000356,0.00103,7.4e-05,59.17,14.27,0.2231,0.000156,60.0
int_05_22,int_sim_05,INT_0005_3p_heavy_100ms,5,train,Interruption,2,SCENARIO_CONTROLLER,three-phase,"A,B,C",0.0013,0.0008,102.2,0.0412,0.1434,206,717,0.403909,0.80805,2.000571,1.1632,102.8,60.0,59.5194,-0.15,0.409655,0.006493,0.004357,0.002906,0.001868,0.000898,0.000483,0.000148,0.000125,0.000175,0.000408,0.01585,0.010636,0.007094,0.00456,0.001179,0.000305,0.000996,7.4e-05,59.17,14.26,0.2231,0.000156,60.0
int_05_23,int_sim_05,INT_0005_3p_heavy_100ms,5,train,Interruption,2,SCENARIO_CONTROLLER,three-phase,"A,B,C",0.0013,0.0008,102.2,0.0422,0.1444,211,722,0.403925,0.80805,2.000492,1.1715,102.8,60.0,59.5194,-0.22,0.409671,0.006469,0.004392,0.002878,0.001878,0.000906,0.00047,0.000161,0.000144,0.000172,0.000424,0.015791,0.010721,0.007025,0.004584,0.001147,0.000352,0.001035,7.4e-05,59.17,14.27,0.2231,0.000156,60.0
int_05_24,int_sim_05,INT_0005_3p_heavy_100ms,5,train,Interruption,2,SCENARIO_CONTROLLER,three-phase,"A,B,C",0.0013,0.0008,102.2,0.0432,0.1454,216,727,0.403937,0.80805,2.000435,1.1711,102.8,60.0,59.5194,-0.33,0.409683,0.006455,0.004395,0.00289,0.001864,0.000908,0.000477,0.000149,0.000144,0.000158,0.000435,0.015756,0.010728,0.007054,0.00455,0.001164,0.000351,0.001062,7.4e-05,59.17,14.28,0.2231,0.000157,60.0
int_05_25,int_sim_05,INT_0005_3p_heavy_100ms,5,train,Interruption,2,SCENARIO_CONTROLLER,three-phase,"A,B,C",0.0013,0.0008,102.2,0.0442,0.1464,221,732,0.403962,0.80805,2.000311,1.1689,102.8,60.0,59.5194,-0.4,0.409708,0.006432,0.004383,0.002914,0.001864,0.000887,0.000494,0.000145,0.000158,0.000165,0.000431,0.015699,0.010698,0.007112,0.00455,0.001206,0.000386,0.001052,7.4e-05,59.17,14.28,0.2231,0.000158,60.0
int_05_26,int_sim_05,INT_0005_3p_heavy_100ms,5,train,Interruption,2,SCENARIO_CONTROLLER,three-phase,"A,B,C",0.0013,0.0008,102.2,0.0452,0.1474,226,737,0.403994,0.80805,2.000153,1.1638,102.8,60.0,59.5194,-0.41,0.40974,0.006424,0.004353,0.002908,0.001889,0.000899,0.000471,0.000148,0.000149,0.000149,0.000445,0.015678,0.010624,0.007097,0.00461,0.00115,0.000364,0.001086,7.4e-05,59.17,14.27,0.2231,0.000156,60.0
int_05_27,int_sim_05,INT_0005_3p_heavy_100ms,5,train,Interruption,2,SCENARIO_CONTROLLER,three-phase,"A,B,C",0.0013,0.0008,102.2,0.0462,0.1484,231,742,0.404026,0.80805,1.999993,1.1596,102.8,60.0,59.5194,-0.35,0.409773,0.00644,0.004339,0.002876,0.001872,0.000914,0.000494,0.000137,0.00016,0.000169,0.000431,0.015716,0.010589,0.007019,0.004568,0.001206,0.00039,0.001052,7.3e-05,59.17,14.27,0.2231,0.000158,60.0
int_05_28,int_sim_05,INT_0005_3p_heavy_100ms,5,train,Interruption,2,SCENARIO_CONTROLLER,three-phase,"A,B,C",0.0013,0.0008,102.2,0.0472,0.1494,236,747,0.404048,0.80805,1.999887,1.1613,102.8,60.0,59.5194,-0.25,0.409795,0.006466,0.004355,0.002874,0.001855,0.00089,0.000486,0.000151,0.00015,0.000154,0.000435,0.015779,0.010627,0.007013,0.004527,0.001186,0.000366,0.001062,7.4e-05,59.17,14.27,0.2231,0.000157,60.0
int_05_29,int_sim_05,INT_0005_3p_heavy_100ms,5,train,Interruption,2,SCENARIO_CONTROLLER,three-phase,"A,B,C",0.0013,0.0008,102.2,0.0482,0.1504,241,752,0.404057,0.80805,1.99984,1.167,102.8,60.0,59.5194,-0.17,0.409805,0.006484,0.004374,0.002892,0.001871,0.000902,0.000488,0.000145,0.000149,0.000153,0.00044,0.015822,0.010673,0.007057,0.004566,0.001191,0.000364,0.001074,7.4e-05,59.17,14.26,0.2231,0.000157,60.0
int_05_30,int_sim_05,INT_0005_3p_heavy_100ms,5,train,Interruption,2,SCENARIO_CONTROLLER,three-phase,"A,B,C",0.0013,0.0008,102.2,0.0492,0.1514,246,757,0.404059,0.80805,1.999831,1.1672,102.8,60.0,59.5333,-0.13,0.409807,0.006493,0.004376,0.002892,0.001867,0.000899,0.000493,0.000157,0.00016,0.000168,0.000431,0.015844,0.010678,0.007057,0.004556,0.001203,0.00039,0.001052,7.4e-05,59.17,14.27,0.2231,0.000157,60.0
int_05_31,int_sim_05,INT_0005_3p_heavy_100ms,5,train,Interruption,2,SCENARIO_CONTROLLER,three-phase,"A,B,C",0.0013,0.0008,102.2,0.0502,0.1524,251,762,0.404051,0.80805,1.999869,1.1598,102.8,60.0,59.5333,-0.19,0.409799,0.006483,0.004354,0.002867,0.001845,0.000882,0.000478,0.000143,0.000149,0.000153,0.000427,0.01582,0.010625,0.006996,0.004502,0.001166,0.000364,0.001042,7.4e-05,59.17,14.26,0.2231,0.000157,60.0
int_05_32,int_sim_05,INT_0005_3p_heavy_100ms,5,train,Interruption,2,SCENARIO_CONTROLLER,three-phase,"A,B,C",0.0013,0.0008,102.2,0.0512,0.1534,256,767,0.404031,0.80805,1.999968,1.156,102.8,60.0,59.5333,-0.28,0.40978,0.006454,0.004326,0.00286,0.001863,0.000909,0.000504,0.000165,0.000165,0.000173,0.000441,0.01575,0.010557,0.006979,0.004546,0.00123,0.000403,0.001076,7.3e-05,59.17,14.27,0.2231,0.000157,60.0
int_06_01,int_sim_06,INT_0006_3p_heavy_75ms,6,test,Interruption,2,SCENARIO_CONTROLLER,three-phase,"A,B,C",0.0019,0.0011,70.2,0.0256,0.0958,128,479,0.443983,0.793583,1.787419,0.9446,78.0,60.0,51.8305,-11.94,0.501961,0.011368,0.004329,0.00136,0.00186,0.000352,0.000534,0.00068,0.000193,0.000635,0.000406,0.022647,0.008624,0.002709,0.003705,0.001064,0.000384,0.000809,0.000155,59.35,13.18,0.2038,0.000139,60.0
int_06_02,int_sim_06,INT_0006_3p_heavy_75ms,6,test,Interruption,2,SCENARIO_CONTROLLER,three-phase,"A,B,C",0.0019,0.0011,70.2,0.0266,0.0968,133,484,0.444019,0.793583,1.787271,0.9408,78.0,60.0,51.8305,-11.18,0.502003,0.011395,0.004316,0.001363,0.001832,0.000359,0.000568,0.000649,0.000208,0.00065,0.000398,0.022699,0.008598,0.002715,0.003649,0.001131,0.000414,0.000793,0.000155,59.35,13.18,0.2038,0.000139,60.0
int_06_03,int_sim_06,INT_0006_3p_heavy_75ms,6,test,Interruption,2,SCENARIO_CONTROLLER,three-phase,"A,B,C",0.0019,0.0011,70.2,0.0276,0.0978,138,489,0.444045,0.793583,1.787167,0.9435,78.0,60.0,51.8305,-10.62,0.502032,0.011394,0.004342,0.001399,0.001812,0.000383,0.000548,0.000673,0.000194,0.000643,0.000393,0.022696,0.008649,0.002787,0.003609,0.001092,0.000386,0.000783,0.000155,59.35,13.18,0.2038,0.000139,60.0
int_06_04,int_sim_06,INT_0006_3p_heavy_75ms,6,test,Interruption,2,SCENARIO_CONTROLLER,three-phase,"A,B,C",0.0019,0.0011,70.2,0.0286,0.0988,143,494,0.44406,0.793583,1.787109,0.9523,78.0,60.0,51.8305,-10.33,0.502049,0.011365,0.004376,0.001401,0.001844,0.000353,0.000558,0.000651,0.000196,0.000634,0.000407,0.022637,0.008716,0.002791,0.003673,0.001111,0.00039,0.000811,0.000155,59.35,13.19,0.2038,0.000139,60.0
int_06_05,int_sim_06,INT_0006_3p_heavy_75ms,6,test,Interruption,2,SCENARIO_CONTROLLER,three-phase,"A,B,C",0.0019,0.0011,70.2,0.0296,0.0998,148,499,0.444061,0.793583,1.787103,0.9521,78.0,60.0,51.8367,-10.24,0.502051,0.011337,0.004377,0.001375,0.001839,0.000369,0.000559,0.000669,0.000201,0.000648,0.000403,0.022581,0.008718,0.002739,0.003663,0.001113,0.0004,0.000803,0.000154,59.35,13.19,0.2038,0.000139,60.0
int_06_06,int_sim_06,INT_0006_3p_heavy_75ms,6,test,Interruption,2,SCENARIO_CONTROLLER,three-phase,"A,B,C",0.0019,0.0011,70.2,0.0306,0.1008,153,504,0.444051,0.793583,1.787145,0.9422,78.0,60.0,51.8367,-10.28,0.502039,0.011304,0.004342,0.00136,0.0018,0.000388,0.000529,0.00065,0.000203,0.000618,0.000405,0.022516,0.008649,0.002709,0.003585,0.001054,0.000404,0.000807,0.000153,59.35,13.19,0.2038,0.000139,60.0
int_06_07,int_sim_06,INT_0006_3p_heavy_75ms,6,test,Interruption,2,SCENARIO_CONTROLLER,three-phase,"A,B,C",0.0019,0.0011,70.2,0.0316,0.1018,158,509,0.444038,0.793583,1.787195,0.9402,78.0,60.0,51.8367,-10.26,0.502025,0.011302,0.004325,0.001379,0.001812,0.000372,0.000543,0.000657,0.000206,0.000625,0.00041,0.022513,0.008615,0.002747,0.003609,0.001082,0.00041,0.000817,0.000153,59.35,13.19,0.2038,0.000139,60.0
int_06_08,int_sim_06,INT_0006_3p_heavy_75ms,6,test,Interruption,2,SCENARIO_CONTROLLER,three-phase,"A,B,C",0.0019,0.0011,70.2,0.0326,0.1028,163,514,0.444017,0.793583,1.787281,0.9416,78.0,60.0,51.8367,-10.02,0.502002,0.01132,0.004329,0.001387,0.001824,0.000392,0.000522,0.000646,0.000194,0.000622,0.000399,0.02255,0.008623,0.002763,0.003633,0.00104,0.000386,0.000795,0.000154,59.35,13.2,0.2038,0.000138,60.0
int_06_09,int_sim_06,INT_0006_3p_heavy_75ms,6,test,Interruption,2,SCENARIO_CONTROLLER,three-phase,"A,B,C",0.0019,0.0011,70.2,0.0336,0.1038,168,519,0.443986,0.793394,1.786981,0.9459,78.0,60.0,51.8367,-9.55,0.501967,0.011354,0.004362,0.001356,0.001793,0.00038,0.000547,0.000663,0.000215,0.000607,0.000388,0.022619,0.00869,0.002701,0.003572,0.00109,0.000428,0.000773,0.000154,59.35,13.19,0.2038,0.000139,60.0
int_06_10,int_sim_06,INT_0006_3p_heavy_75ms,6,test,Interruption,2,SCENARIO_CONTROLLER,three-phase,"A,B,C",0.0019,0.0011,70.2,0.0346,0.1048,173,524,0.443959,0.793394,1.787088,0.9495,78.0,60.0,51.8367,-8.96,0.501937,0.011379,0.004382,0.001342,0.001794,0.000363,0.000539,0.000659,0.0002,0.000619,0.000398,0.02267,0.00873,0.002674,0.003574,0.001074,0.000398,0.000793,0.000155,59.35,13.19,0.2038,0.000139,60.0
int_06_11,int_sim_06,INT_0006_3p_heavy_75ms,6,test,Interruption,2,SCENARIO_CONTROLLER,three-phase,"A,B,C",0.0019,0.0011,70.2,0.0356,0.1058,178,529,0.443941,0.793394,1.787162,0.9484,78.0,60.0,51.8367,-8.44,0.501916,0.01138,0.004368,0.001366,0.001811,0.000382,0.000548,0.000673,0.000213,0.000613,0.000401,0.022673,0.008703,0.002722,0.003608,0.001092,0.000424,0.000799,0.000155,59.35,13.2,0.2038,0.000139,60.0
int_06_12,int_sim_06,INT_0006_3p_heavy_75ms,6,test,Interruption,2,SCENARIO_CONTROLLER,three-phase,"A,B,C",0.0019,0.0011,70.2,0.0366,0.1068,183,534,0.443927,0.793394,1.787219,0.9424,78.0,60.0,51.8367,-8.09,0.5019,0.011365,0.00434,0.001381,0.001794,0.000368,0.00056,0.000671,0.000193,0.000626,0.0004,0.022644,0.008647,0.002752,0.003574,0.001116,0.000385,0.000797,0.000155,59.35,13.2,0.2038,0.000138,60.0
int_06_13,int_sim_06,INT_0006_3p_heavy_75ms,6,test,Interruption,2,SCENARIO_CONTROLLER,three-phase,"A,B,C",0.0019,0.0011,70.2,0.0376,0.1078,188,539,0.443924,0.793394,1.787231,0.9403,78.0,60.0,51.3641,-9.86,0.501896,0.011347,0.004333,0.001367,0.001787,0.000366,0.00055,0.000673,0.000202,0.000627,0.000408,0.022608,0.008633,0.002724,0.00356,0.001096,0.000402,0.000813,0.000154,59.35,13.2,0.2038,0.00014,60.0
int_06_14,int_sim_06,INT_0006_3p_heavy_75ms,6,test,Interruption,2,SCENARIO_CONTROLLER,three-phase,"A,B,C",0.0019,0.0011,70.2,0.0386,0.1088,193,544,0.44393,0.793394,1.787206,0.9477,78.0,60.0,51.8292,-8.03,0.501903,0.011313,0.004356,0.001342,0.00182,0.000395,0.000579,0.00068,0.000181,0.000619,0.000392,0.02254,0.008679,0.002674,0.003626,0.001154,0.000361,0.000781,0.000154,59.35,13.2,0.2038,0.00014,60.0
int_06_15,int_sim_06,INT_0006_3p_heavy_75ms,6,test,Interruption,2,SCENARIO_CONTROLLER,three-phase,"A,B,C",0.0019,0.0011,70.2,0.0396,0.1098,198,549,0.443944,0.793394,1.78715,0.9517,78.0,60.0,51.8292,-8.11,0.501918,0.011306,0.004383,0.001363,0.001816,0.000373,0.000559,0.000677,0.00019,0.000633,0.000387,0.022526,0.008733,0.002716,0.003618,0.001114,0.000379,0.000771,0.000154,59.35,13.21,0.2038,0.00014,60.0
int_06_16,int_sim_06,INT_0006_3p_heavy_75ms,6,test,Interruption,2,SCENARIO_CONTROLLER,three-phase,"A,B,C",0.0019,0.0011,70.2,0.0406,0.1108,203,554,0.44396,0.793394,1.787083,0.9515,78.0,60.0,51.8292,-8.09,0.501937,0.011315,0.004389,0.00138,0.001797,0.000375,0.000565,0.000685,0.000181,0.000624,0.000391,0.022543,0.008744,0.002749,0.00358,0.001126,0.000361,0.000779,0.000154,59.35,13.2,0.2038,0.00014,60.0
int_06_17,int_sim_06,INT_0006_3p_heavy_75ms,6,test,Interruption,2,SCENARIO_CONTROLLER,three-phase,"A,B,C",0.0019,0.0011,70.2,0.0416,0.1118,208,559,0.443985,0.793394,1.786981,0.9485,78.0,60.0,51.8292,-7.87,0.501966,0.011342,0.004365,0.001361,0.001816,0.000388,0.000561,0.000675,0.000186,0.000638,0.000373,0.022595,0.008696,0.002711,0.003618,0.001118,0.000371,0.000743,0.000154,59.35,13.19,0.2038,0.000139,60.0
int_06_18,int_sim_06,INT_0006_3p_heavy_75ms,6,test,Interruption,2,SCENARIO_CONTROLLER,three-phase,"A,B,C",0.0019,0.0011,70.2,0.0426,0.1128,213,564,0.444002,0.793394,1.786916,0.9461,78.0,60.0,51.8292,-7.47,0.501984,0.011359,0.004349,0.001346,0.001828,0.000374,0.000551,0.000687,0.000179,0.000631,0.00038,0.022628,0.008664,0.002681,0.003642,0.001098,0.000357,0.000757,0.000155,59.35,13.19,0.2038,0.000139,60.0
int_06_19,int_sim_06,INT_0006_3p_heavy_75ms,6,test,Interruption,2,SCENARIO_CONTROLLER,three-phase,"A,B,C",0.0019,0.0011,70.2,0.0436,0.1138,218,569,0.444027,0.793394,1.786815,0.9446,78.0,60.0,51.8292,-7.02,0.502012,0.011373,0.00435,0.001361,0.001801,0.000391,0.00057,0.000672,0.000177,0.000624,0.00039,0.022655,0.008665,0.002711,0.003588,0.001135,0.000353,0.000777,0.000155,59.35,13.19,0.2038,0.000139,60.0
int_06_20,int_sim_06,INT_0006_3p_heavy_75ms,6,test,Interruption,2,SCENARIO_CONTROLLER,three-phase,"A,B,C",0.0019,0.0011,70.2,0.0446,0.1148,223,574,0.444046,0.793394,1.786737,0.9498,78.0,60.0,51.8292,-6.66,0.502034,0.011362,0.00438,0.001387,0.001805,0.000393,0.000546,0.000687,0.000185,0.000637,0.00038,0.022632,0.008725,0.002763,0.003595,0.001088,0.000369,0.000757,0.000155,59.35,13.19,0.2038,0.000139,60.0
int_06_21,int_sim_06,INT_0006_3p_heavy_75ms,6,test,Interruption,2,SCENARIO_CONTROLLER,three-phase,"A,B,C",0.0019,0.0011,70.2,0.0456,0.1158,228,579,0.444052,0.793394,1.786713,0.9541,78.0,60.0,51.8292,-6.47,0.502041,0.011342,0.004395,0.001378,0.001821,0.00038,0.000561,0.000677,0.000177,0.00063,0.000379,0.022592,0.008754,0.002745,0.003627,0.001117,0.000353,0.000755,0.000155,59.35,13.19,0.2038,0.000139,60.0
int_06_22,int_sim_06,INT_0006_3p_heavy_75ms,6,test,Interruption,2,SCENARIO_CONTROLLER,three-phase,"A,B,C",0.0019,0.0011,70.2,0.0466,0.1168,233,584,0.444051,0.793394,1.786719,0.9511,78.0,60.0,51.8341,-6.46,0.50204,0.011318,0.004387,0.001356,0.001805,0.0004,0.000548,0.000693,0.00019,0.000638,0.000388,0.022544,0.008738,0.002701,0.003595,0.001092,0.000378,0.000773,0.000154,59.35,13.19,0.2038,0.000139,60.0
int_06_23,int_sim_06,INT_0006_3p_heavy_75ms,6,test,Interruption,2,SCENARIO_CONTROLLER,three-phase,"A,B,C",0.0019,0.0011,70.2,0.0476,0.1178,238,589,0.44404,0.793394,1.786763,0.9452,78.0,60.0,51.8341,-6.57,0.502028,0.011303,0.004359,0.001364,0.001792,0.000393,0.000551,0.000674,0.000175,0.000635,0.000376,0.022515,0.008683,0.002717,0.00357,0.001098,0.000349,0.000749,0.000153,59.35,13.19,0.2038,0.000139,60.0
int_06_24,int_sim_06,INT_0006_3p_heavy_75ms,6,test,Interruption,2,SCENARIO_CONTROLLER,three-phase,"A,B,C",0.0019,0.0011,70.2,0.0486,0.1188,243,594,0.444021,0.793394,1.786837,0.9448,78.0,60.0,51.8341,-6.68,0.502007,0.01131,0.004346,0.001389,0.001817,0.000384,0.000554,0.000694,0.000195,0.000623,0.000377,0.02253,0.008657,0.002767,0.003619,0.001104,0.000388,0.000751,0.000154,59.35,13.19,0.2038,0.000137,60.0
int_06_25,int_sim_06,INT_0006_3p_heavy_75ms,6,test,Interruption,2,SCENARIO_CONTROLLER,three-phase,"A,B,C",0.0019,0.0011,70.2,0.0496,0.1198,248,599,0.443999,0.793394,1.786926,0.9464,78.0,60.0,51.8341,-6.65,0.501983,0.011329,0.004354,0.001393,0.001825,0.00041,0.000527,0.000672,0.000174,0.000631,0.000372,0.022568,0.008674,0.002775,0.003636,0.00105,0.000347,0.000741,0.000154,59.35,13.19,0.2038,0.000138,60.0
int_06_26,int_sim_06,INT_0006_3p_heavy_75ms,6,test,Interruption,2,SCENARIO_CONTROLLER,three-phase,"A,B,C",0.0019,0.0011,70.2,0.0506,0.1208,253,604,0.443966,0.793394,1.787061,0.9513,78.0,60.0,51.8341,-6.43,0.501945,0.011366,0.004391,0.001358,0.001792,0.000394,0.000557,0.000695,0.000199,0.00061,0.000355,0.022644,0.008748,0.002705,0.00357,0.00111,0.000396,0.000707,0.000155,59.35,13.19,0.2039,0.00014,60.0
int_06_27,int_sim_06,INT_0006_3p_heavy_75ms,6,test,Interruption,2,SCENARIO_CONTROLLER,three-phase,"A,B,C",0.0019,0.0011,70.2,0.0516,0.1218,258,609,0.443924,0.793394,1.787229,0.9559,78.0,60.0,51.8341,-6.08,0.501898,0.011399,0.004409,0.001356,0.001817,0.000387,0.000522,0.000664,0.000168,0.000636,0.000376,0.022712,0.008785,0.002702,0.00362,0.00104,0.000335,0.000749,0.000156,59.35,13.19,0.2039,0.00014,60.0
int_06_28,int_sim_06,INT_0006_3p_heavy_75ms,6,test,Interruption,2,SCENARIO_CONTROLLER,three-phase,"A,B,C",0.0019,0.0011,70.2,0.0526,0.1228,263,614,0.443899,0.793394,1.787328,0.9533,78.0,60.0,51.8341,-5.73,0.50187,0.011397,0.004385,0.00139,0.001835,0.000412,0.00054,0.000687,0.000186,0.000631,0.000381,0.022709,0.008737,0.00277,0.003656,0.001076,0.000371,0.000759,0.000156,59.35,13.19,0.2039,0.00014,60.0
int_06_29,int_sim_06,INT_0006_3p_heavy_75ms,6,test,Interruption,2,SCENARIO_CONTROLLER,three-phase,"A,B,C",0.0019,0.0011,70.2,0.0536,0.1238,268,619,0.443888,0.793394,1.787372,0.9469,78.0,60.0,51.8341,-5.5,0.501858,0.011378,0.00436,0.001393,0.001812,0.00039,0.000537,0.000671,0.000175,0.000626,0.000368,0.022672,0.008688,0.002776,0.003611,0.00107,0.000349,0.000733,0.000155,59.35,13.19,0.2039,0.000141,60.0
int_06_30,int_sim_06,INT_0006_3p_heavy_75ms,6,test,Interruption,2,SCENARIO_CONTROLLER,three-phase,"A,B,C",0.0019,0.0011,70.2,0.0546,0.1248,273,624,0.443887,0.793394,1.787377,0.9471,78.0,60.0,51.8259,-5.48,0.501856,0.01135,0.004359,0.001367,0.001817,0.000404,0.000536,0.000689,0.000177,0.000641,0.000373,0.022616,0.008686,0.002724,0.003621,0.001068,0.000353,0.000743,0.000155,59.35,13.19,0.2039,0.00014,60.0
int_06_31,int_sim_06,INT_0006_3p_heavy_75ms,6,test,Interruption,2,SCENARIO_CONTROLLER,three-phase,"A,B,C",0.0019,0.0011,70.2,0.0556,0.1258,278,629,0.443896,0.793394,1.787342,0.9544,78.0,60.0,51.8259,-5.59,0.501866,0.011327,0.004386,0.001361,0.001844,0.000415,0.000552,0.000674,0.000174,0.000625,0.000376,0.02257,0.008739,0.002712,0.003674,0.0011,0.000347,0.000749,0.000154,59.35,13.2,0.2039,0.000141,60.0
int_06_32,int_sim_06,INT_0006_3p_heavy_75ms,6,test,Interruption,2,SCENARIO_CONTROLLER,three-phase,"A,B,C",0.0019,0.0011,70.2,0.0566,0.1268,283,634,0.443912,0.793394,1.787277,0.9567,78.0,60.0,51.8259,-5.78,0.501884,0.011325,0.004409,0.001387,0.001826,0.000391,0.000531,0.000688,0.00017,0.000637,0.00036,0.022565,0.008785,0.002764,0.003638,0.001058,0.000339,0.000717,0.000154,59.35,13.2,0.2039,0.00014,60.0
int_07_01,int_sim_07,INT_0007_3p_heavy_58ms,7,train,Interruption,2,SCENARIO_CONTROLLER,three-phase,"A,B,C",0.0019,0.0011,53.2,0.0256,0.0788,128,394,0.460553,0.774759,1.682235,0.8848,62.0,60.0,50.7852,-16.82,0.55362,0.011308,0.004493,0.001198,0.001922,0.000435,0.000342,0.000905,0.000332,0.000721,0.000652,0.020426,0.008116,0.002164,0.003472,0.000618,0.0006,0.001178,0.000155,59.52,15.57,0.1799,0.000248,60.0
int_07_02,int_sim_07,INT_0007_3p_heavy_58ms,7,train,Interruption,2,SCENARIO_CONTROLLER,three-phase,"A,B,C",0.0019,0.0011,53.2,0.0266,0.0798,133,399,0.460572,0.774759,1.682166,0.883,62.0,60.0,50.7852,-16.65,0.553643,0.011322,0.004488,0.0012,0.001905,0.000447,0.00036,0.000889,0.000339,0.000729,0.000652,0.02045,0.008106,0.002167,0.003441,0.00065,0.000612,0.001178,0.000156,59.52,15.57,0.1799,0.000248,60.0
int_07_03,int_sim_07,INT_0007_3p_heavy_58ms,7,train,Interruption,2,SCENARIO_CONTROLLER,three-phase,"A,B,C",0.0019,0.0011,53.2,0.0276,0.0808,138,404,0.460591,0.774759,1.682097,0.8857,62.0,60.0,50.7852,-16.66,0.553666,0.011319,0.004511,0.001228,0.001893,0.000457,0.000346,0.000908,0.000331,0.000724,0.000646,0.020444,0.008148,0.002218,0.003419,0.000625,0.000598,0.001167,0.000156,59.52,15.56,0.1799,0.000248,60.0
int_07_04,int_sim_07,INT_0007_3p_heavy_58ms,7,train,Interruption,2,SCENARIO_CONTROLLER,three-phase,"A,B,C",0.0019,0.0011,53.2,0.0286,0.0818,143,409,0.460598,0.774759,1.682073,0.8899,62.0,60.0,50.7852,-16.75,0.553674,0.011304,0.004528,0.001229,0.001911,0.00044,0.00035,0.000893,0.000333,0.00072,0.000658,0.020416,0.008178,0.00222,0.003451,0.000632,0.000601,0.001188,0.000156,59.52,15.55,0.1799,0.000248,60.0
int_07_05,int_sim_07,INT_0007_3p_heavy_58ms,7,train,Interruption,2,SCENARIO_CONTROLLER,three-phase,"A,B,C",0.0019,0.0011,53.2,0.0296,0.0828,148,414,0.4606,0.774759,1.682065,0.8908,62.0,60.0,50.7914,-16.81,0.553676,0.011276,0.004532,0.001204,0.001912,0.000457,0.000364,0.000909,0.000326,0.000728,0.000643,0.020366,0.008185,0.002175,0.003453,0.000657,0.000589,0.001161,0.000155,59.52,15.55,0.1799,0.000248,60.0
int_07_06,int_sim_07,INT_0007_3p_heavy_58ms,7,train,Interruption,2,SCENARIO_CONTROLLER,three-phase,"A,B,C",0.0019,0.0011,53.2,0.0306,0.0838,153,419,0.460592,0.774759,1.682095,0.8846,62.0,60.0,50.7914,-16.66,0.553667,0.011253,0.004506,0.001194,0.001887,0.00046,0.000345,0.000898,0.000329,0.000719,0.000647,0.020324,0.008138,0.002157,0.003408,0.000623,0.000594,0.001169,0.000154,59.52,15.56,0.1799,0.000248,60.0
int_07_07,int_sim_07,INT_0007_3p_heavy_58ms,7,train,Interruption,2,SCENARIO_CONTROLLER,three-phase,"A,B,C",0.0019,0.0011,53.2,0.0316,0.0848,158,424,0.460571,0.774759,1.682171,0.8818,62.0,60.0,50.7914,-16.27,0.553642,0.011252,0.004477,0.001227,0.00191,0.000437,0.000373,0.000918,0.00034,0.000736,0.000665,0.020324,0.008086,0.002216,0.00345,0.000674,0.000614,0.001201,0.000154,59.52,15.56,0.1799,0.000249,60.0
int_07_08,int_sim_07,INT_0007_3p_heavy_58ms,7,train,Interruption,2,SCENARIO_CONTROLLER,three-phase,"A,B,C",0.0019,0.0011,53.2,0.0326,0.0858,163,429,0.460547,0.774759,1.682258,0.8837,62.0,60.0,50.7914,-15.72,0.553614,0.011274,0.004486,0.001237,0.001922,0.000466,0.000347,0.000897,0.00032,0.000731,0.000654,0.020364,0.008103,0.002234,0.003472,0.000627,0.000578,0.001181,0.000155,59.52,15.56,0.1799,0.000249,60.0
int_07_09,int_sim_07,INT_0007_3p_heavy_58ms,7,train,Interruption,2,SCENARIO_CONTROLLER,three-phase,"A,B,C",0.0019,0.0011,53.2,0.0336,0.0868,168,434,0.460523,0.774759,1.682346,0.8867,62.0,60.0,50.7914,-15.13,0.553585,0.011302,0.004513,0.001212,0.001897,0.000451,0.000363,0.000911,0.000337,0.000726,0.000649,0.020416,0.008152,0.002189,0.003427,0.000656,0.000609,0.001172,0.000155,59.52,15.56,0.1799,0.000248,60.0
int_07_10,int_sim_07,INT_0007_3p_heavy_58ms,7,train,Interruption,2,SCENARIO_CONTROLLER,three-phase,"A,B,C",0.0019,0.0011,53.2,0.0346,0.0878,173,439,0.460496,0.774759,1.682445,0.8903,62.0,60.0,50.7914,-14.66,0.553553,0.011328,0.004533,0.001197,0.001901,0.000443,0.000357,0.000898,0.000314,0.000743,0.000668,0.020464,0.008189,0.002162,0.003434,0.000645,0.000567,0.001207,0.000156,59.52,15.56,0.1799,0.000248,60.0
int_07_11,int_sim_07,INT_0007_3p_heavy_58ms,7,train,Interruption,2,SCENARIO_CONTROLLER,three-phase,"A,B,C",0.0019,0.0011,53.2,0.0356,0.0888,178,444,0.460488,0.774759,1.682474,0.8897,62.0,60.0,50.7914,-14.35,0.553543,0.011329,0.004525,0.001209,0.00191,0.000452,0.000358,0.000908,0.000327,0.00073,0.000663,0.020466,0.008175,0.002184,0.00345,0.000647,0.000591,0.001198,0.000156,59.52,15.56,0.18,0.000249,60.0
int_07_12,int_sim_07,INT_0007_3p_heavy_58ms,7,train,Interruption,2,SCENARIO_CONTROLLER,three-phase,"A,B,C",0.0019,0.0011,53.2,0.0366,0.0898,183,449,0.460476,0.774759,1.682518,0.8848,62.0,60.0,50.7914,-14.21,0.553529,0.011315,0.0045,0.001224,0.001896,0.000435,0.000373,0.000907,0.000313,0.00074,0.000663,0.020442,0.00813,0.002211,0.003425,0.000674,0.000565,0.001198,0.000156,59.52,15.56,0.18,0.000248,60.0
int_07_13,int_sim_07,INT_0007_3p_heavy_58ms,7,train,Interruption,2,SCENARIO_CONTROLLER,three-phase,"A,B,C",0.0019,0.0011,53.2,0.0376,0.0908,188,454,0.460471,0.774759,1.682534,0.8815,62.0,60.0,50.3019,-14.32,0.553523,0.011295,0.004488,0.001214,0.001881,0.00043,0.000357,0.000898,0.000327,0.000727,0.000665,0.020406,0.008108,0.002193,0.003398,0.000645,0.000591,0.001201,0.000155,59.52,15.56,0.18,0.000248,60.0
int_07_14,int_sim_07,INT_0007_3p_heavy_58ms,7,train,Interruption,2,SCENARIO_CONTROLLER,three-phase,"A,B,C",0.0019,0.0011,53.2,0.0386,0.0918,193,459,0.460474,0.774759,1.682523,0.885,62.0,60.0,50.7837,-14.2,0.553527,0.011275,0.0045,0.001198,0.001899,0.000444,0.00037,0.000903,0.000315,0.000731,0.000657,0.020369,0.00813,0.002164,0.003431,0.000668,0.000569,0.001187,0.000155,59.52,15.56,0.18,0.000249,60.0
int_07_15,int_sim_07,INT_0007_3p_heavy_58ms,7,train,Interruption,2,SCENARIO_CONTROLLER,three-phase,"A,B,C",0.0019,0.0011,53.2,0.0396,0.0928,198,464,0.460486,0.774759,1.682481,0.8893,62.0,60.0,50.7837,-14.08,0.55354,0.011266,0.004526,0.001211,0.001902,0.000422,0.000361,0.000893,0.000332,0.000736,0.000665,0.020353,0.008176,0.002188,0.003436,0.000652,0.0006,0.001201,0.000155,59.52,15.56,0.18,0.000248,60.0
int_07_16,int_sim_07,INT_0007_3p_heavy_58ms,7,train,Interruption,2,SCENARIO_CONTROLLER,three-phase,"A,B,C",0.0019,0.0011,53.2,0.0406,0.0938,203,469,0.46051,0.774759,1.682394,0.888,62.0,60.0,50.7837,-13.79,0.553569,0.011283,0.004528,0.001234,0.001876,0.000446,0.000375,0.000893,0.00033,0.000713,0.000688,0.020382,0.00818,0.002229,0.003389,0.000677,0.000596,0.001243,0.000155,59.52,15.56,0.1799,0.000248,60.0
int_07_17,int_sim_07,INT_0007_3p_heavy_58ms,7,train,Interruption,2,SCENARIO_CONTROLLER,three-phase,"A,B,C",0.0019,0.0011,53.2,0.0416,0.0948,208,474,0.460538,0.774759,1.68229,0.885,62.0,60.0,50.7837,-13.36,0.553603,0.011316,0.004502,0.001218,0.001895,0.000456,0.000386,0.000878,0.000338,0.000733,0.000669,0.020441,0.008132,0.0022,0.003423,0.000697,0.000611,0.001208,0.000156,59.52,15.56,0.1799,0.000248,60.0
int_07_18,int_sim_07,INT_0007_3p_heavy_58ms,7,train,Interruption,2,SCENARIO_CONTROLLER,three-phase,"A,B,C",0.0019,0.0011,53.2,0.0426,0.0958,213,479,0.460556,0.774759,1.682224,0.8825,62.0,60.0,50.7837,-12.9,0.553625,0.011335,0.004484,0.001201,0.001902,0.000442,0.000377,0.000884,0.00034,0.000731,0.000669,0.020474,0.008099,0.002169,0.003436,0.000681,0.000614,0.001208,0.000156,59.52,15.56,0.1799,0.000248,60.0
int_07_19,int_sim_07,INT_0007_3p_heavy_58ms,7,train,Interruption,2,SCENARIO_CONTROLLER,three-phase,"A,B,C",0.0019,0.0011,53.2,0.0436,0.0968,218,484,0.460579,0.774759,1.68214,0.8807,62.0,60.0,50.7837,-12.51,0.553652,0.011349,0.004482,0.001209,0.001878,0.000462,0.000401,0.000863,0.000344,0.000739,0.000672,0.020498,0.008095,0.002184,0.003392,0.000724,0.000621,0.001214,0.000156,59.52,15.56,0.1799,0.000248,60.0
int_07_20,int_sim_07,INT_0007_3p_heavy_58ms,7,train,Interruption,2,SCENARIO_CONTROLLER,three-phase,"A,B,C",0.0019,0.0011,53.2,0.0446,0.0978,223,489,0.460591,0.774759,1.682098,0.8836,62.0,60.0,50.7837,-12.26,0.553666,0.011343,0.004501,0.001228,0.001877,0.000459,0.000385,0.000876,0.00035,0.000746,0.00066,0.020487,0.008129,0.002218,0.00339,0.000695,0.000632,0.001192,0.000156,59.52,15.56,0.1799,0.000248,60.0
int_07_21,int_sim_07,INT_0007_3p_heavy_58ms,7,train,Interruption,2,SCENARIO_CONTROLLER,three-phase,"A,B,C",0.0019,0.0011,53.2,0.0456,0.0988,228,494,0.4606,0.774759,1.682064,0.8904,62.0,60.0,50.7837,-12.15,0.553678,0.011308,0.004527,0.001214,0.001908,0.000444,0.000411,0.000855,0.00033,0.000724,0.000663,0.020423,0.008176,0.002193,0.003446,0.000742,0.000596,0.001197,0.000156,59.52,15.56,0.1799,0.000248,60.0
int_07_22,int_sim_07,INT_0007_3p_heavy_58ms,7,train,Interruption,2,SCENARIO_CONTROLLER,three-phase,"A,B,C",0.0019,0.0011,53.2,0.0466,0.0998,233,499,0.460596,0.774759,1.682078,0.8855,62.0,60.0,50.7894,-12.11,0.553674,0.011276,0.00451,0.001185,0.001881,0.000469,0.00039,0.000868,0.000352,0.00073,0.00068,0.020366,0.008146,0.00214,0.003397,0.000704,0.000636,0.001228,0.000155,59.52,15.56,0.1799,0.000248,60.0
int_07_23,int_sim_07,INT_0007_3p_heavy_58ms,7,train,Interruption,2,SCENARIO_CONTROLLER,three-phase,"A,B,C",0.0019,0.0011,53.2,0.0476,0.1008,238,504,0.46059,0.774759,1.682101,0.883,62.0,60.0,50.7894,-12.11,0.553666,0.01127,0.004496,0.001193,0.00188,0.000456,0.000396,0.000861,0.000341,0.000735,0.000675,0.020355,0.00812,0.002155,0.003396,0.000715,0.000616,0.001219,0.000154,59.52,15.57,0.1799,0.000248,60.0
int_07_24,int_sim_07,INT_0007_3p_heavy_58ms,7,train,Interruption,2,SCENARIO_CONTROLLER,three-phase,"A,B,C",0.0019,0.0011,53.2,0.0486,0.1018,243,509,0.460569,0.774759,1.682176,0.8822,62.0,60.0,50.7894,-12.02,0.553642,0.011276,0.004478,0.001223,0.001907,0.000452,0.000413,0.000882,0.000358,0.000737,0.000685,0.020367,0.008088,0.002209,0.003444,0.000746,0.000647,0.001237,0.000155,59.51,15.57,0.1799,0.000248,60.0
int_07_25,int_sim_07,INT_0007_3p_heavy_58ms,7,train,Interruption,2,SCENARIO_CONTROLLER,three-phase,"A,B,C",0.0019,0.0011,53.2,0.0496,0.1028,248,514,0.460532,0.774759,1.682314,0.8858,62.0,60.0,50.7894,-11.8,0.553597,0.011316,0.004505,0.001217,0.001899,0.00048,0.000383,0.000851,0.000332,0.000758,0.000701,0.020441,0.008138,0.002198,0.00343,0.000692,0.0006,0.001266,0.000156,59.51,15.57,0.1799,0.000248,60.0
int_07_26,int_sim_07,INT_0007_3p_heavy_58ms,7,train,Interruption,2,SCENARIO_CONTROLLER,three-phase,"A,B,C",0.0019,0.0011,53.2,0.0506,0.1038,253,519,0.460504,0.774759,1.682417,0.8896,62.0,60.0,50.7894,-11.48,0.553563,0.011349,0.004537,0.001186,0.001871,0.000454,0.000409,0.000875,0.000352,0.00074,0.000685,0.020502,0.008196,0.002142,0.00338,0.000739,0.000636,0.001237,0.000157,59.51,15.57,0.18,0.000248,60.0
int_07_27,int_sim_07,INT_0007_3p_heavy_58ms,7,train,Interruption,2,SCENARIO_CONTROLLER,three-phase,"A,B,C",0.0019,0.0011,53.2,0.0516,0.1048,258,524,0.460482,0.774759,1.682497,0.892,62.0,60.0,50.7894,-11.13,0.553537,0.011367,0.004547,0.001181,0.001885,0.00046,0.000392,0.000854,0.000334,0.000759,0.000698,0.020535,0.008214,0.002134,0.003405,0.000708,0.000603,0.001261,0.000157,59.51,15.57,0.18,0.000248,60.0
int_07_28,int_sim_07,INT_0007_3p_heavy_58ms,7,train,Interruption,2,SCENARIO_CONTROLLER,three-phase,"A,B,C",0.0019,0.0011,53.2,0.0526,0.1058,263,529,0.460474,0.774759,1.682527,0.8907,62.0,60.0,50.7894,-10.84,0.553527,0.011365,0.004536,0.001194,0.001889,0.000463,0.0004,0.000865,0.000337,0.000757,0.000704,0.020532,0.008195,0.002157,0.003413,0.000723,0.000609,0.001272,0.000157,59.51,15.57,0.18,0.000248,60.0
int_07_29,int_sim_07,INT_0007_3p_heavy_58ms,7,train,Interruption,2,SCENARIO_CONTROLLER,three-phase,"A,B,C",0.0019,0.0011,53.2,0.0536,0.1068,268,534,0.46046,0.774759,1.682576,0.8834,62.0,60.0,50.7894,-10.68,0.553511,0.01134,0.004504,0.001205,0.001861,0.000434,0.000406,0.000847,0.000323,0.000762,0.000691,0.020487,0.008137,0.002177,0.003362,0.000733,0.000584,0.001248,0.000156,59.51,15.57,0.18,0.000248,60.0
int_07_30,int_sim_07,INT_0007_3p_heavy_58ms,7,train,Interruption,2,SCENARIO_CONTROLLER,three-phase,"A,B,C",0.0019,0.0011,53.2,0.0546,0.1078,273,539,0.460459,0.774759,1.682579,0.8837,62.0,60.0,50.787,-10.64,0.55351,0.011315,0.004504,0.001182,0.001865,0.000452,0.0004,0.000863,0.000321,0.000774,0.000694,0.020442,0.008137,0.002135,0.003369,0.000723,0.00058,0.001254,0.000155,59.51,15.57,0.18,0.000249,60.0
int_07_31,int_sim_07,INT_0007_3p_heavy_58ms,7,train,Interruption,2,SCENARIO_CONTROLLER,three-phase,"A,B,C",0.0019,0.0011,53.2,0.0556,0.1088,278,544,0.460465,0.774759,1.682556,0.8881,62.0,60.0,50.787,-10.66,0.553517,0.011302,0.004523,0.001179,0.001881,0.000446,0.000412,0.000846,0.00033,0.000758,0.000704,0.020419,0.008171,0.00213,0.003398,0.000744,0.000596,0.001272,0.000155,59.51,15.57,0.18,0.000249,60.0
int_07_32,int_sim_07,INT_0007_3p_heavy_58ms,7,train,Interruption,2,SCENARIO_CONTROLLER,three-phase,"A,B,C",0.0019,0.0011,53.2,0.0566,0.1098,283,549,0.460487,0.774759,1.682478,0.8916,62.0,60.0,50.787,-10.69,0.553543,0.011299,0.004556,0.001213,0.00186,0.000418,0.00038,0.000862,0.000325,0.000781,0.000687,0.020412,0.008231,0.002191,0.00336,0.000686,0.000587,0.001241,0.000156,59.51,15.57,0.18,0.000248,60.0
int_08_01,int_sim_08,INT_0008_3p_highpf_117ms,8,train,Interruption,2,SCENARIO_CONTROLLER,three-phase,"A,B,C",0.0017,0.0011,118.8,0.0202,0.139,101,695,0.406524,0.888844,2.186451,1.2843,119.2,60.0,61.4057,-3.56,0.375219,0.005826,0.0043,0.002995,0.001992,0.001184,0.00087,0.000588,0.000359,0.000328,0.000329,0.015527,0.01146,0.007982,0.005309,0.002319,0.000957,0.000877,6.8e-05,58.87,17.45,0.2578,0.000269,60.0
int_08_02,int_sim_08,INT_0008_3p_highpf_117ms,8,train,Interruption,2,SCENARIO_CONTROLLER,three-phase,"A,B,C",0.0017,0.0011,118.8,0.0212,0.14,106,700,0.406497,0.888844,2.186592,1.2873,119.2,60.0,61.4057,-3.86,0.375194,0.005837,0.004311,0.002971,0.002002,0.0012,0.000859,0.000577,0.000367,0.000332,0.000333,0.015557,0.01149,0.007919,0.005336,0.002289,0.000978,0.000888,6.8e-05,58.87,17.45,0.2578,0.00027,60.0
int_08_03,int_sim_08,INT_0008_3p_highpf_117ms,8,train,Interruption,2,SCENARIO_CONTROLLER,three-phase,"A,B,C",0.0017,0.0011,118.8,0.0222,0.141,111,705,0.40648,0.888844,2.186683,1.2864,119.2,60.0,61.4057,-4.2,0.375179,0.005856,0.0043,0.002967,0.002018,0.001185,0.000855,0.00059,0.000364,0.000328,0.000331,0.015609,0.011461,0.007908,0.005379,0.002279,0.00097,0.000882,6.8e-05,58.87,17.46,0.2579,0.000269,60.0
int_08_04,int_sim_08,INT_0008_3p_highpf_117ms,8,train,Interruption,2,SCENARIO_CONTROLLER,three-phase,"A,B,C",0.0017,0.0011,118.8,0.0232,0.142,116,710,0.406479,0.888844,2.186692,1.2848,119.2,60.0,61.4057,-4.43,0.375177,0.00586,0.004296,0.002971,0.002014,0.00119,0.000852,0.000592,0.000366,0.000327,0.000334,0.015619,0.011451,0.007919,0.005368,0.002271,0.000976,0.00089,6.9e-05,58.87,17.46,0.2579,0.00027,60.0
int_08_05,int_sim_08,INT_0008_3p_highpf_117ms,8,train,Interruption,2,SCENARIO_CONTROLLER,three-phase,"A,B,C",0.0017,0.0011,118.8,0.0242,0.143,121,715,0.406478,0.888844,2.186697,1.2832,119.2,60.0,61.3956,-4.41,0.375176,0.005867,0.004293,0.002974,0.00201,0.001196,0.000841,0.000605,0.000355,0.000339,0.000341,0.015638,0.011443,0.007927,0.005357,0.002242,0.000946,0.000909,6.9e-05,58.87,17.46,0.2579,0.000271,60.0
int_08_06,int_sim_08,INT_0008_3p_highpf_117ms,8,train,Interruption,2,SCENARIO_CONTROLLER,three-phase,"A,B,C",0.0017,0.0011,118.8,0.0252,0.144,126,720,0.406481,0.888844,2.186678,1.2866,119.2,60.0,61.3956,-4.24,0.375179,0.005863,0.004301,0.002965,0.00202,0.001187,0.00085,0.000596,0.000363,0.000332,0.000341,0.015627,0.011464,0.007903,0.005384,0.002266,0.000968,0.000909,6.9e-05,58.87,17.46,0.2579,0.00027,60.0
int_08_07,int_sim_08,INT_0008_3p_highpf_117ms,8,train,Interruption,2,SCENARIO_CONTROLLER,three-phase,"A,B,C",0.0017,0.0011,118.8,0.0262,0.145,131,725,0.406497,0.888844,2.186596,1.289,119.2,60.0,61.3956,-4.01,0.375193,0.005845,0.004318,0.00296,0.002011,0.001201,0.000835,0.00061,0.000351,0.000334,0.000333,0.015579,0.011509,0.007889,0.00536,0.002226,0.000936,0.000888,6.8e-05,58.87,17.46,0.2579,0.000271,60.0
int_08_08,int_sim_08,INT_0008_3p_highpf_117ms,8,train,Interruption,2,SCENARIO_CONTROLLER,three-phase,"A,B,C",0.0017,0.0011,118.8,0.0272,0.146,136,730,0.406525,0.888844,2.186445,1.2873,119.2,60.0,61.3956,-3.87,0.375219,0.005817,0.004318,0.002984,0.001992,0.001201,0.000847,0.000591,0.000366,0.000335,0.000341,0.015503,0.011508,0.007953,0.005309,0.002257,0.000975,0.000909,6.8e-05,58.87,17.46,0.2578,0.000271,60.0
int_08_09,int_sim_08,INT_0008_3p_highpf_117ms,8,train,Interruption,2,SCENARIO_CONTROLLER,three-phase,"A,B,C",0.0017,0.0011,118.8,0.0282,0.147,141,735,0.406549,0.888844,2.186316,1.2845,119.2,60.0,61.3956,-3.9,0.375241,0.005803,0.004299,0.002996,0.002006,0.001185,0.00085,0.000604,0.000352,0.000333,0.000334,0.015465,0.011457,0.007984,0.005346,0.002265,0.000938,0.00089,6.8e-05,58.87,17.45,0.2578,0.00027,60.0
int_08_10,int_sim_08,INT_0008_3p_highpf_117ms,8,train,Interruption,2,SCENARIO_CONTROLLER,three-phase,"A,B,C",0.0017,0.0011,118.8,0.0292,0.148,146,740,0.406573,0.888844,2.186184,1.281,119.2,60.0,61.3956,-4.11,0.375264,0.005812,0.004286,0.002973,0.002002,0.001207,0.000855,0.000583,0.000354,0.00035,0.000315,0.015488,0.011421,0.007922,0.005335,0.002278,0.000943,0.000839,6.8e-05,58.87,17.45,0.2578,0.000271,60.0
int_08_11,int_sim_08,INT_0008_3p_highpf_117ms,8,train,Interruption,2,SCENARIO_CONTROLLER,three-phase,"A,B,C",0.0017,0.0011,118.8,0.0302,0.149,151,745,0.406596,0.888844,2.186064,1.281,119.2,60.0,61.3956,-4.42,0.375284,0.005833,0.004294,0.002961,0.001979,0.001194,0.000869,0.0006,0.000347,0.000338,0.000325,0.015543,0.011442,0.00789,0.005273,0.002316,0.000925,0.000866,6.8e-05,58.87,17.46,0.2578,0.000269,60.0
int_08_12,int_sim_08,INT_0008_3p_highpf_117ms,8,train,Interruption,2,SCENARIO_CONTROLLER,three-phase,"A,B,C",0.0017,0.0011,118.8,0.0312,0.15,156,750,0.406608,0.888844,2.185999,1.2873,119.2,60.0,61.3956,-4.69,0.375296,0.005855,0.004317,0.002981,0.001993,0.001196,0.000856,0.000584,0.000341,0.000333,0.000335,0.015601,0.011503,0.007943,0.00531,0.002281,0.000909,0.000893,6.9e-05,58.87,17.45,0.2578,0.000271,60.0
int_08_13,int_sim_08,INT_0008_3p_highpf_117ms,8,train,Interruption,2,SCENARIO_CONTROLLER,three-phase,"A,B,C",0.0017,0.0011,118.8,0.0322,0.151,161,755,0.40661,0.888844,2.185985,1.2907,119.2,60.0,61.5616,-5.61,0.375298,0.005865,0.004324,0.002989,0.002002,0.001207,0.000868,0.000595,0.000344,0.000338,0.000327,0.015628,0.011522,0.007964,0.005334,0.002313,0.000917,0.000871,6.9e-05,58.87,17.45,0.2578,0.00027,60.0
int_08_14,int_sim_08,INT_0008_3p_highpf_117ms,8,train,Interruption,2,SCENARIO_CONTROLLER,three-phase,"A,B,C",0.0017,0.0011,118.8,0.0332,0.152,166,760,0.406606,0.888844,2.186006,1.2865,119.2,60.0,61.4035,-4.71,0.375295,0.005864,0.004315,0.002977,0.001988,0.001193,0.000857,0.000584,0.000341,0.000328,0.000339,0.015625,0.011498,0.007932,0.005297,0.002284,0.000909,0.000903,6.9e-05,58.87,17.45,0.2578,0.000269,60.0
int_08_15,int_sim_08,INT_0008_3p_highpf_117ms,8,train,Interruption,2,SCENARIO_CONTROLLER,three-phase,"A,B,C",0.0017,0.0011,118.8,0.0342,0.153,171,765,0.406603,0.888844,2.186026,1.2838,119.2,60.0,61.4035,-4.45,0.375292,0.00586,0.004308,0.002969,0.001982,0.001189,0.000853,0.000582,0.000337,0.000331,0.000331,0.015615,0.011479,0.007911,0.005281,0.002273,0.000898,0.000882,6.8e-05,58.87,17.45,0.2578,0.00027,60.0
int_08_16,int_sim_08,INT_0008_3p_highpf_117ms,8,train,Interruption,2,SCENARIO_CONTROLLER,three-phase,"A,B,C",0.0017,0.0011,118.8,0.0352,0.154,176,770,0.406595,0.888844,2.186068,1.2842,119.2,60.0,61.4035,-4.22,0.375284,0.005852,0.004307,0.002976,0.001988,0.001189,0.000849,0.000576,0.000331,0.000333,0.000327,0.015594,0.011477,0.00793,0.005297,0.002262,0.000882,0.000871,6.8e-05,58.87,17.46,0.2578,0.00027,60.0
int_08_17,int_sim_08,INT_0008_3p_highpf_117ms,8,train,Interruption,2,SCENARIO_CONTROLLER,three-phase,"A,B,C",0.0017,0.0011,118.8,0.0362,0.155,181,775,0.406562,0.888844,2.186246,1.2876,119.2,60.0,61.4035,-4.12,0.375254,0.00583,0.004329,0.002998,0.001976,0.001165,0.000837,0.000586,0.000347,0.000338,0.000338,0.015536,0.011536,0.007989,0.005266,0.00223,0.000925,0.000901,6.8e-05,58.87,17.46,0.2578,0.000269,60.0
int_08_18,int_sim_08,INT_0008_3p_highpf_117ms,8,train,Interruption,2,SCENARIO_CONTROLLER,three-phase,"A,B,C",0.0017,0.0011,118.8,0.0372,0.156,186,780,0.406534,0.888844,2.186394,1.2921,119.2,60.0,61.4035,-4.21,0.375229,0.005834,0.004349,0.002977,0.001968,0.001189,0.000847,0.000564,0.000328,0.00036,0.000356,0.015548,0.01159,0.007934,0.005245,0.002257,0.000874,0.000949,6.8e-05,58.87,17.45,0.2579,0.00027,60.0
int_08_19,int_sim_08,INT_0008_3p_highpf_117ms,8,train,Interruption,2,SCENARIO_CONTROLLER,three-phase,"A,B,C",0.0017,0.0011,118.8,0.0382,0.157,191,785,0.406515,0.888844,2.186499,1.2925,119.2,60.0,61.4035,-4.46,0.375211,0.005851,0.004344,0.002963,0.001991,0.00118,0.000829,0.000582,0.000342,0.000339,0.000336,0.015594,0.011577,0.007897,0.005306,0.002209,0.000911,0.000895,6.9e-05,58.87,17.46,0.2579,0.00027,60.0
int_08_20,int_sim_08,INT_0008_3p_highpf_117ms,8,train,Interruption,2,SCENARIO_CONTROLLER,three-phase,"A,B,C",0.0017,0.0011,118.8,0.0392,0.158,196,790,0.4065,0.888844,2.18658,1.2896,119.2,60.0,61.4035,-4.75,0.375197,0.005873,0.004326,0.002971,0.001996,0.001163,0.000842,0.000583,0.000328,0.000352,0.000348,0.015653,0.01153,0.007919,0.00532,0.002244,0.000874,0.000928,6.9e-05,58.87,17.46,0.2579,0.000271,60.0
int_08_21,int_sim_08,INT_0008_3p_highpf_117ms,8,train,Interruption,2,SCENARIO_CONTROLLER,three-phase,"A,B,C",0.0017,0.0011,118.8,0.0402,0.159,201,795,0.406493,0.888844,2.186616,1.2834,119.2,60.0,61.4035,-4.91,0.37519,0.005889,0.00431,0.002988,0.001978,0.001179,0.000833,0.000584,0.000336,0.000346,0.000348,0.015696,0.011488,0.007964,0.005272,0.00222,0.000896,0.000928,6.9e-05,58.87,17.46,0.2579,0.000269,60.0
int_08_22,int_sim_08,INT_0008_3p_highpf_117ms,8,train,Interruption,2,SCENARIO_CONTROLLER,three-phase,"A,B,C",0.0017,0.0011,118.8,0.0412,0.16,206,800,0.406495,0.888844,2.186604,1.2857,119.2,60.0,61.3931,-4.82,0.375192,0.00589,0.004315,0.002981,0.001987,0.001171,0.000839,0.000579,0.000337,0.000341,0.000341,0.015699,0.011501,0.007945,0.005296,0.002236,0.000898,0.000909,6.9e-05,58.87,17.46,0.2579,0.000271,60.0
int_08_23,int_sim_08,INT_0008_3p_highpf_117ms,8,train,Interruption,2,SCENARIO_CONTROLLER,three-phase,"A,B,C",0.0017,0.0011,118.8,0.0422,0.161,211,805,0.406504,0.888844,2.186558,1.2903,119.2,60.0,61.3931,-4.58,0.3752,0.00588,0.004331,0.002968,0.001994,0.001168,0.00084,0.000582,0.000337,0.000349,0.000347,0.015672,0.011543,0.00791,0.005314,0.002239,0.000898,0.000925,6.9e-05,58.87,17.46,0.2579,0.00027,60.0
int_08_24,int_sim_08,INT_0008_3p_highpf_117ms,8,train,Interruption,2,SCENARIO_CONTROLLER,three-phase,"A,B,C",0.0017,0.0011,118.8,0.0432,0.162,216,810,0.406518,0.888844,2.18648,1.2905,119.2,60.0,61.3931,-4.29,0.375213,0.005863,0.004341,0.002972,0.001979,0.001184,0.000828,0.000586,0.000334,0.000338,0.000343,0.015626,0.011569,0.007921,0.005274,0.002207,0.00089,0.000914,6.9e-05,58.87,17.45,0.2579,0.00027,60.0
int_08_25,int_sim_08,INT_0008_3p_highpf_117ms,8,train,Interruption,2,SCENARIO_CONTROLLER,three-phase,"A,B,C",0.0017,0.0011,118.8,0.0442,0.163,221,815,0.406542,0.888844,2.186351,1.2886,119.2,60.0,61.3931,-4.08,0.375235,0.005842,0.004331,0.002994,0.001975,0.001169,0.000848,0.000577,0.000335,0.000354,0.000335,0.015569,0.011542,0.007979,0.005263,0.00226,0.000893,0.000893,6.9e-05,58.87,17.45,0.2579,0.00027,60.0
int_08_26,int_sim_08,INT_0008_3p_highpf_117ms,8,train,Interruption,2,SCENARIO_CONTROLLER,three-phase,"A,B,C",0.0017,0.0011,118.8,0.0452,0.164,226,820,0.406557,0.888844,2.186269,1.2862,119.2,60.0,61.3931,-4.04,0.375249,0.005838,0.004318,0.002993,0.001988,0.001168,0.000838,0.000584,0.000336,0.000346,0.000343,0.015558,0.011507,0.007976,0.005298,0.002233,0.000895,0.000914,6.8e-05,58.87,17.46,0.2579,0.000269,60.0
int_08_27,int_sim_08,INT_0008_3p_highpf_117ms,8,train,Interruption,2,SCENARIO_CONTROLLER,three-phase,"A,B,C",0.0017,0.0011,118.8,0.0462,0.165,231,825,0.406593,0.888844,2.186077,1.2825,119.2,60.0,61.3931,-4.19,0.375282,0.005857,0.004307,0.002961,0.001968,0.001185,0.00086,0.000577,0.000318,0.00034,0.000348,0.015607,0.011477,0.00789,0.005244,0.002292,0.000847,0.000927,6.8e-05,58.87,17.48,0.2578,0.00027,60.0
int_08_28,int_sim_08,INT_0008_3p_highpf_117ms,8,train,Interruption,2,SCENARIO_CONTROLLER,three-phase,"A,B,C",0.0017,0.0011,118.8,0.0472,0.166,236,830,0.406621,0.888844,2.185928,1.2846,119.2,60.0,61.3931,-4.44,0.375308,0.005889,0.004328,0.002957,0.001944,0.001157,0.00086,0.000598,0.00033,0.000342,0.000343,0.015691,0.011532,0.007879,0.00518,0.002291,0.000879,0.000914,6.9e-05,58.87,17.47,0.2578,0.000268,60.0
int_08_29,int_sim_08,INT_0008_3p_highpf_117ms,8,train,Interruption,2,SCENARIO_CONTROLLER,three-phase,"A,B,C",0.0017,0.0011,118.8,0.0482,0.167,241,835,0.406634,0.888844,2.185858,1.2923,119.2,60.0,61.3931,-4.64,0.37532,0.005915,0.004354,0.002983,0.001964,0.001162,0.000844,0.000573,0.000316,0.00033,0.000364,0.01576,0.011601,0.007948,0.005233,0.002249,0.000842,0.00097,6.9e-05,58.87,17.46,0.2578,0.000269,60.0
int_08_30,int_sim_08,INT_0008_3p_highpf_117ms,8,train,Interruption,2,SCENARIO_CONTROLLER,three-phase,"A,B,C",0.0017,0.0011,118.8,0.0492,0.168,246,840,0.406636,0.888844,2.185848,1.2951,119.2,60.0,61.4036,-4.72,0.375322,0.005922,0.00436,0.00299,0.001971,0.001173,0.000856,0.000585,0.00032,0.000336,0.000353,0.015778,0.011617,0.007966,0.005251,0.002281,0.000853,0.000941,7e-05,58.87,17.46,0.2578,0.00027,60.0
int_08_31,int_sim_08,INT_0008_3p_highpf_117ms,8,train,Interruption,2,SCENARIO_CONTROLLER,three-phase,"A,B,C",0.0017,0.0011,118.8,0.0502,0.169,251,845,0.406627,0.888844,2.185896,1.287,119.2,60.0,61.4036,-4.54,0.375314,0.005914,0.00434,0.002967,0.001949,0.001151,0.000836,0.000567,0.000303,0.000322,0.000348,0.015757,0.011564,0.007905,0.005193,0.002227,0.000807,0.000927,6.9e-05,58.87,17.46,0.2578,0.000272,60.0
int_08_32,int_sim_08,INT_0008_3p_highpf_117ms,8,train,Interruption,2,SCENARIO_CONTROLLER,three-phase,"A,B,C",0.0017,0.0011,118.8,0.0512,0.17,256,850,0.40661,0.888844,2.185987,1.2843,119.2,60.0,61.4036,-4.22,0.375299,0.005893,0.004321,0.002961,0.001958,0.001168,0.000853,0.000582,0.000317,0.000325,0.000359,0.015702,0.011513,0.00789,0.005217,0.002273,0.000845,0.000957,6.9e-05,58.87,17.47,0.2578,0.000271,60.0
int_09_01,int_sim_09,INT_0009_3p_lowpf_67ms,9,val,Interruption,2,SCENARIO_CONTROLLER,three-phase,"A,B,C",0.0016,0.0009,68.8,0.0202,0.089,101,445,0.457846,0.793312,1.732703,0.9698,69.8,60.0,53.7423,-8.68,0.535225,0.006829,0.00478,0.003004,0.001989,0.000986,0.000376,6.5e-05,0.00032,0.00025,0.000561,0.012759,0.008931,0.005613,0.003716,0.000703,0.000598,0.001048,8.4e-05,59.46,12.61,0.1905,0.000129,60.0
int_09_02,int_sim_09,INT_0009_3p_lowpf_67ms,9,val,Interruption,2,SCENARIO_CONTROLLER,three-phase,"A,B,C",0.0016,0.0009,68.8,0.0212,0.09,106,450,0.45783,0.793312,1.732766,0.9719,69.8,60.0,53.7423,-8.21,0.535206,0.006839,0.004788,0.002985,0.002001,0.000995,0.00036,4.7e-05,0.000304,0.000265,0.000569,0.012778,0.008946,0.005577,0.003739,0.000673,0.000568,0.001063,8.4e-05,59.46,12.62,0.1906,0.00013,60.0
int_09_03,int_sim_09,INT_0009_3p_lowpf_67ms,9,val,Interruption,2,SCENARIO_CONTROLLER,three-phase,"A,B,C",0.0016,0.0009,68.8,0.0222,0.091,111,455,0.457799,0.793312,1.732884,0.968,69.8,60.0,53.7423,-7.86,0.53517,0.006884,0.004756,0.002994,0.002018,0.000958,0.000389,8.2e-05,0.000331,0.000243,0.000587,0.012863,0.008887,0.005594,0.003771,0.000727,0.000618,0.001097,8.5e-05,59.46,12.62,0.1906,0.00013,60.0
int_09_04,int_sim_09,INT_0009_3p_lowpf_67ms,9,val,Interruption,2,SCENARIO_CONTROLLER,three-phase,"A,B,C",0.0016,0.0009,68.8,0.0232,0.092,116,460,0.457782,0.793312,1.732947,0.959,69.8,60.0,53.7423,-7.69,0.53515,0.00692,0.004719,0.003031,0.001983,0.000987,0.000379,5.3e-05,0.00031,0.000252,0.000566,0.012931,0.008818,0.005664,0.003706,0.000708,0.000579,0.001058,8.5e-05,59.46,12.62,0.1906,0.00013,60.0
int_09_05,int_sim_09,INT_0009_3p_lowpf_67ms,9,val,Interruption,2,SCENARIO_CONTROLLER,three-phase,"A,B,C",0.0016,0.0009,68.8,0.0242,0.093,121,465,0.457777,0.793312,1.732965,0.9572,69.8,60.0,53.736,-7.68,0.535144,0.006933,0.00471,0.003036,0.00198,0.000992,0.000366,6.9e-05,0.000329,0.000243,0.000581,0.012955,0.008801,0.005673,0.0037,0.000684,0.000615,0.001086,8.5e-05,59.46,12.62,0.1906,0.000129,60.0
int_09_06,int_sim_09,INT_0009_3p_lowpf_67ms,9,val,Interruption,2,SCENARIO_CONTROLLER,three-phase,"A,B,C",0.0016,0.0009,68.8,0.0252,0.094,126,470,0.457782,0.793312,1.732948,0.9624,69.8,60.0,53.736,-7.75,0.535149,0.006926,0.004729,0.003012,0.002003,0.000971,0.000385,6e-05,0.000314,0.000245,0.000573,0.012942,0.008837,0.005628,0.003743,0.000719,0.000587,0.001071,8.5e-05,59.46,12.62,0.1906,0.000129,60.0
int_09_07,int_sim_09,INT_0009_3p_lowpf_67ms,9,val,Interruption,2,SCENARIO_CONTROLLER,three-phase,"A,B,C",0.0016,0.0009,68.8,0.0262,0.095,131,475,0.457794,0.793312,1.732902,0.9648,69.8,60.0,53.736,-7.76,0.535163,0.006904,0.00475,0.003008,0.00199,0.000991,0.000367,7.1e-05,0.000319,0.000255,0.000565,0.012901,0.008876,0.005621,0.003718,0.000686,0.000596,0.001056,8.5e-05,59.46,12.62,0.1906,0.00013,60.0
int_09_08,int_sim_09,INT_0009_3p_lowpf_67ms,9,val,Interruption,2,SCENARIO_CONTROLLER,three-phase,"A,B,C",0.0016,0.0009,68.8,0.0272,0.096,136,480,0.457816,0.793312,1.732818,0.964,69.8,60.0,53.736,-7.61,0.535189,0.006873,0.004754,0.003034,0.001967,0.000988,0.000387,7.1e-05,0.000302,0.000236,0.000586,0.012842,0.008883,0.005669,0.003675,0.000723,0.000564,0.001095,8.5e-05,59.46,12.62,0.1906,0.00013,60.0
int_09_09,int_sim_09,INT_0009_3p_lowpf_67ms,9,val,Interruption,2,SCENARIO_CONTROLLER,three-phase,"A,B,C",0.0016,0.0009,68.8,0.0282,0.097,141,485,0.457855,0.793312,1.732672,0.9593,69.8,60.0,53.736,-7.28,0.535234,0.006851,0.004713,0.003045,0.002006,0.000977,0.000361,8.6e-05,0.000296,0.00025,0.000591,0.0128,0.008805,0.005689,0.003748,0.000674,0.000553,0.001104,8.4e-05,59.46,12.61,0.1906,0.000129,60.0
int_09_10,int_sim_09,INT_0009_3p_lowpf_67ms,9,val,Interruption,2,SCENARIO_CONTROLLER,three-phase,"A,B,C",0.0016,0.0009,68.8,0.0292,0.098,146,490,0.457887,0.793312,1.732551,0.9548,69.8,60.0,53.736,-6.87,0.535271,0.006862,0.004688,0.003012,0.002001,0.001005,0.000374,7.3e-05,0.000309,0.000251,0.000573,0.01282,0.008758,0.005627,0.003738,0.000699,0.000577,0.00107,8.4e-05,59.46,12.61,0.1906,0.000129,60.0
int_09_11,int_sim_09,INT_0009_3p_lowpf_67ms,9,val,Interruption,2,SCENARIO_CONTROLLER,three-phase,"A,B,C",0.0016,0.0009,68.8,0.0302,0.099,151,495,0.457906,0.793312,1.732477,0.955,69.8,60.0,53.736,-6.5,0.535294,0.006885,0.004698,0.003005,0.001982,0.000986,0.000373,8e-05,0.000298,0.000243,0.000575,0.012862,0.008776,0.005614,0.003703,0.000697,0.000557,0.001074,8.4e-05,59.46,12.62,0.1905,0.00013,60.0
int_09_12,int_sim_09,INT_0009_3p_lowpf_67ms,9,val,Interruption,2,SCENARIO_CONTROLLER,three-phase,"A,B,C",0.0016,0.0009,68.8,0.0312,0.1,156,500,0.457924,0.793312,1.73241,0.961,69.8,60.0,53.736,-6.27,0.535315,0.006917,0.004729,0.003029,0.001995,0.000984,0.000352,8.8e-05,0.000308,0.000254,0.000566,0.012921,0.008834,0.005658,0.003727,0.000658,0.000575,0.001057,8.5e-05,59.46,12.61,0.1905,0.00013,60.0
int_09_13,int_sim_09,INT_0009_3p_lowpf_67ms,9,val,Interruption,2,SCENARIO_CONTROLLER,three-phase,"A,B,C",0.0016,0.0009,68.8,0.0322,0.101,161,505,0.457933,0.793312,1.732377,0.9662,69.8,60.0,53.736,-6.2,0.535325,0.00694,0.004749,0.003048,0.002014,0.001006,0.00038,8.5e-05,0.000284,0.000232,0.000549,0.012964,0.008871,0.005694,0.003762,0.00071,0.000531,0.001026,8.6e-05,59.46,12.61,0.1905,0.00013,60.0
int_09_14,int_sim_09,INT_0009_3p_lowpf_67ms,9,val,Interruption,2,SCENARIO_CONTROLLER,three-phase,"A,B,C",0.0016,0.0009,68.8,0.0332,0.102,166,510,0.457929,0.793312,1.732391,0.9607,69.8,60.0,53.7432,-6.27,0.535321,0.006935,0.00473,0.003022,0.001986,0.00098,0.000356,8.5e-05,0.000303,0.000238,0.000558,0.012955,0.008836,0.005645,0.00371,0.000665,0.000566,0.001042,8.5e-05,59.46,12.61,0.1905,0.00013,60.0
int_09_15,int_sim_09,INT_0009_3p_lowpf_67ms,9,val,Interruption,2,SCENARIO_CONTROLLER,three-phase,"A,B,C",0.0016,0.0009,68.8,0.0342,0.103,171,515,0.457917,0.793312,1.732437,0.9569,69.8,60.0,53.7432,-6.36,0.535307,0.006912,0.004704,0.003009,0.001992,0.000998,0.000377,8.5e-05,0.000286,0.000244,0.000563,0.012912,0.008787,0.005621,0.003721,0.000704,0.000534,0.001052,8.5e-05,59.46,12.61,0.1905,0.000129,60.0
int_09_16,int_sim_09,INT_0009_3p_lowpf_67ms,9,val,Interruption,2,SCENARIO_CONTROLLER,three-phase,"A,B,C",0.0016,0.0009,68.8,0.0352,0.104,176,520,0.4579,0.793312,1.732499,0.9576,69.8,60.0,53.7432,-6.36,0.535288,0.00689,0.004703,0.00303,0.002008,0.000991,0.000358,8e-05,0.000296,0.000224,0.000545,0.012872,0.008786,0.005661,0.003751,0.000669,0.000553,0.001018,8.4e-05,59.46,12.62,0.1906,0.00013,60.0
int_09_17,int_sim_09,INT_0009_3p_lowpf_67ms,9,val,Interruption,2,SCENARIO_CONTROLLER,three-phase,"A,B,C",0.0016,0.0009,68.8,0.0362,0.105,181,525,0.457874,0.793312,1.732599,0.9604,69.8,60.0,53.7432,-6.2,0.535258,0.006869,0.004727,0.003049,0.001988,0.000971,0.000361,7.3e-05,0.000285,0.000239,0.000554,0.012833,0.008831,0.005696,0.003714,0.000674,0.000532,0.001035,8.4e-05,59.46,12.61,0.1906,0.00013,60.0
int_09_18,int_sim_09,INT_0009_3p_lowpf_67ms,9,val,Interruption,2,SCENARIO_CONTROLLER,three-phase,"A,B,C",0.0016,0.0009,68.8,0.0372,0.106,186,530,0.457849,0.793312,1.732692,0.964,69.8,60.0,53.7432,-5.88,0.535229,0.006871,0.004751,0.003029,0.001977,0.000996,0.000369,8.4e-05,0.000295,0.000222,0.000555,0.012837,0.008877,0.005659,0.003694,0.000689,0.000551,0.001037,8.4e-05,59.46,12.62,0.1906,0.00013,60.0
int_09_19,int_sim_09,INT_0009_3p_lowpf_67ms,9,val,Interruption,2,SCENARIO_CONTROLLER,three-phase,"A,B,C",0.0016,0.0009,68.8,0.0382,0.107,191,535,0.457838,0.793312,1.732737,0.9652,69.8,60.0,53.7432,-5.53,0.535216,0.00688,0.004754,0.003016,0.00199,0.000994,0.000356,7.1e-05,0.000286,0.000232,0.000548,0.012855,0.008882,0.005635,0.003718,0.000665,0.000534,0.001024,8.5e-05,59.46,12.62,0.1906,0.00013,60.0
int_09_20,int_sim_09,INT_0009_3p_lowpf_67ms,9,val,Interruption,2,SCENARIO_CONTROLLER,three-phase,"A,B,C",0.0016,0.0009,68.8,0.0392,0.108,196,540,0.457824,0.793312,1.732789,0.962,69.8,60.0,53.7432,-5.24,0.5352,0.006903,0.004734,0.003028,0.001989,0.000984,0.000373,8.5e-05,0.000288,0.000233,0.000557,0.012898,0.008845,0.005658,0.003716,0.000697,0.000538,0.001041,8.5e-05,59.46,12.62,0.1906,0.00013,60.0
int_09_21,int_sim_09,INT_0009_3p_lowpf_67ms,9,val,Interruption,2,SCENARIO_CONTROLLER,three-phase,"A,B,C",0.0016,0.0009,68.8,0.0402,0.109,201,545,0.457813,0.793312,1.732829,0.9554,69.8,60.0,53.7432,-5.11,0.535187,0.006928,0.004709,0.003054,0.001962,0.001012,0.000348,6.3e-05,0.000292,0.000218,0.000555,0.012945,0.008799,0.005706,0.003666,0.00065,0.000546,0.001037,8.5e-05,59.46,12.61,0.1906,0.00013,60.0
int_09_22,int_sim_09,INT_0009_3p_lowpf_67ms,9,val,Interruption,2,SCENARIO_CONTROLLER,three-phase,"A,B,C",0.0016,0.0009,68.8,0.0412,0.11,206,550,0.457813,0.793312,1.732831,0.9575,69.8,60.0,53.7342,-5.12,0.535186,0.006931,0.004714,0.003044,0.001977,0.000996,0.00036,8.2e-05,0.000287,0.000234,0.000545,0.012951,0.008808,0.005688,0.003694,0.000673,0.000536,0.001018,8.5e-05,59.46,12.61,0.1906,0.00013,60.0
int_09_23,int_sim_09,INT_0009_3p_lowpf_67ms,9,val,Interruption,2,SCENARIO_CONTROLLER,three-phase,"A,B,C",0.0016,0.0009,68.8,0.0422,0.111,211,555,0.457818,0.793312,1.732811,0.9597,69.8,60.0,53.7342,-5.23,0.535192,0.006921,0.004727,0.003034,0.001978,0.001002,0.000352,7.6e-05,0.000298,0.000231,0.000548,0.012932,0.008832,0.005669,0.003696,0.000658,0.000557,0.001024,8.5e-05,59.46,12.62,0.1906,0.00013,60.0
int_09_24,int_sim_09,INT_0009_3p_lowpf_67ms,9,val,Interruption,2,SCENARIO_CONTROLLER,three-phase,"A,B,C",0.0016,0.0009,68.8,0.0432,0.112,216,560,0.457843,0.793312,1.732717,0.9617,69.8,60.0,53.7342,-5.34,0.535221,0.00688,0.004754,0.003045,0.001943,0.001032,0.000337,0.000103,0.000285,0.000246,0.000538,0.012855,0.008882,0.005689,0.00363,0.00063,0.000532,0.001005,8.5e-05,59.46,12.62,0.1906,0.000131,60.0
int_09_25,int_sim_09,INT_0009_3p_lowpf_67ms,9,val,Interruption,2,SCENARIO_CONTROLLER,three-phase,"A,B,C",0.0016,0.0009,68.8,0.0442,0.113,221,565,0.457862,0.793312,1.732646,0.9601,69.8,60.0,53.7342,-5.32,0.535243,0.006861,0.004742,0.003065,0.001948,0.001012,0.000348,8.7e-05,0.0003,0.000251,0.000528,0.012818,0.00886,0.005726,0.003639,0.00065,0.00056,0.000986,8.4e-05,59.46,12.62,0.1906,0.000131,60.0
int_09_26,int_sim_09,INT_0009_3p_lowpf_67ms,9,val,Interruption,2,SCENARIO_CONTROLLER,three-phase,"A,B,C",0.0016,0.0009,68.8,0.0452,0.114,226,570,0.45789,0.793312,1.73254,0.9561,69.8,60.0,53.7342,-5.14,0.535275,0.006854,0.004711,0.003057,0.001975,0.001026,0.000322,0.000113,0.000277,0.000236,0.000548,0.012805,0.008801,0.005711,0.00369,0.000602,0.000517,0.001024,8.4e-05,59.46,12.61,0.1906,0.000131,60.0
int_09_27,int_sim_09,INT_0009_3p_lowpf_67ms,9,val,Interruption,2,SCENARIO_CONTROLLER,three-phase,"A,B,C",0.0016,0.0009,68.8,0.0462,0.115,231,575,0.457919,0.793312,1.732427,0.9526,69.8,60.0,53.7342,-4.85,0.53531,0.006872,0.004697,0.003025,0.001955,0.001037,0.000346,9.1e-05,0.000295,0.00025,0.000543,0.012837,0.008774,0.005651,0.003652,0.000646,0.000551,0.001014,8.4e-05,59.46,12.62,0.1906,0.000131,60.0
int_09_28,int_sim_09,INT_0009_3p_lowpf_67ms,9,val,Interruption,2,SCENARIO_CONTROLLER,three-phase,"A,B,C",0.0016,0.0009,68.8,0.0472,0.116,236,580,0.457939,0.793312,1.732352,0.9535,69.8,60.0,53.7342,-4.55,0.535334,0.006898,0.004711,0.00302,0.001934,0.001012,0.000337,0.00011,0.000274,0.000229,0.000546,0.012885,0.0088,0.005641,0.003613,0.00063,0.000512,0.00102,8.4e-05,59.46,12.61,0.1906,0.000131,60.0
int_09_29,int_sim_09,INT_0009_3p_lowpf_67ms,9,val,Interruption,2,SCENARIO_CONTROLLER,three-phase,"A,B,C",0.0016,0.0009,68.8,0.0482,0.117,241,585,0.457955,0.793312,1.732292,0.9625,69.8,60.0,53.7342,-4.35,0.535353,0.006932,0.004748,0.003058,0.001971,0.001043,0.000355,8e-05,0.000294,0.000235,0.000567,0.012948,0.008869,0.005712,0.003682,0.000663,0.000549,0.001059,8.6e-05,59.46,12.61,0.1905,0.000131,60.0
int_09_30,int_sim_09,INT_0009_3p_lowpf_67ms,9,val,Interruption,2,SCENARIO_CONTROLLER,three-phase,"A,B,C",0.0016,0.0009,68.8,0.0492,0.118,246,590,0.457961,0.793312,1.732269,0.9637,69.8,60.0,53.743,-4.33,0.53536,0.006952,0.004756,0.003059,0.001967,0.001041,0.000364,0.000117,0.000266,0.000234,0.000551,0.012986,0.008884,0.005714,0.003674,0.00068,0.000497,0.001029,8.6e-05,59.46,12.61,0.1905,0.00013,60.0
int_09_31,int_sim_09,INT_0009_3p_lowpf_67ms,9,val,Interruption,2,SCENARIO_CONTROLLER,three-phase,"A,B,C",0.0016,0.0009,68.8,0.0502,0.119,251,595,0.457953,0.793312,1.7323,0.9568,69.8,60.0,53.743,-4.43,0.535351,0.006937,0.004727,0.003027,0.001941,0.001024,0.000351,9.4e-05,0.000273,0.000219,0.000539,0.012958,0.00883,0.005654,0.003626,0.000656,0.00051,0.001007,8.5e-05,59.46,12.61,0.1905,0.00013,60.0
int_09_32,int_sim_09,INT_0009_3p_lowpf_67ms,9,val,Interruption,2,SCENARIO_CONTROLLER,three-phase,"A,B,C",0.0016,0.0009,68.8,0.0512,0.12,256,600,0.457939,0.793312,1.732352,0.954,69.8,60.0,53.743,-4.6,0.535335,0.006912,0.004703,0.003022,0.001956,0.001047,0.000373,0.000112,0.000262,0.000235,0.000554,0.012912,0.008785,0.005645,0.003654,0.000697,0.000489,0.001035,8.5e-05,59.46,12.61,0.1906,0.00013,60.0
int_10_01,int_sim_10,INT_0010_3p_bus5load_92ms,10,train,Interruption,2,SCENARIO_CONTROLLER,three-phase,"A,B,C",0.0017,0.001,93.0,0.0232,0.1162,116,581,0.416091,0.800609,1.924121,1.1073,94.6,60.0,48.9573,-19.57,0.438607,0.011146,0.004463,0.00123,0.001883,0.000356,0.000356,0.000765,0.000236,0.000635,0.000444,0.025412,0.010175,0.002804,0.004293,0.000812,0.000538,0.001012,0.000151,59.2,13.74,0.2208,0.000148,60.0
int_10_02,int_sim_10,INT_0010_3p_bus5load_92ms,10,train,Interruption,2,SCENARIO_CONTROLLER,three-phase,"A,B,C",0.0017,0.001,93.0,0.0242,0.1172,121,586,0.416116,0.800609,1.924006,1.104,94.6,60.0,48.9573,-19.15,0.438633,0.011164,0.004452,0.001231,0.001868,0.000351,0.000373,0.000747,0.000248,0.000646,0.000436,0.025452,0.01015,0.002806,0.004259,0.00085,0.000565,0.000994,0.000151,59.2,13.74,0.2208,0.000148,60.0
int_10_03,int_sim_10,INT_0010_3p_bus5load_92ms,10,train,Interruption,2,SCENARIO_CONTROLLER,three-phase,"A,B,C",0.0017,0.001,93.0,0.0252,0.1182,126,591,0.416139,0.800609,1.923899,1.1068,94.6,60.0,48.9573,-18.48,0.438658,0.011163,0.004473,0.001262,0.001853,0.000374,0.000361,0.000769,0.000239,0.000643,0.000432,0.025448,0.010197,0.002877,0.004224,0.000823,0.000545,0.000985,0.000151,59.2,13.75,0.2208,0.000149,60.0
int_10_04,int_sim_10,INT_0010_3p_bus5load_92ms,10,train,Interruption,2,SCENARIO_CONTROLLER,three-phase,"A,B,C",0.0017,0.001,93.0,0.0262,0.1192,131,596,0.41615,0.800609,1.923846,1.1143,94.6,60.0,48.9573,-17.99,0.43867,0.011143,0.004499,0.001263,0.001877,0.000352,0.000362,0.000749,0.000242,0.000634,0.000448,0.025402,0.010256,0.002879,0.004279,0.000825,0.000552,0.001021,0.000151,59.2,13.75,0.2208,0.000149,60.0
int_10_05,int_sim_10,INT_0010_3p_bus5load_92ms,10,train,Interruption,2,SCENARIO_CONTROLLER,three-phase,"A,B,C",0.0017,0.001,93.0,0.0272,0.1202,136,601,0.416153,0.800609,1.923835,1.116,94.6,60.0,48.9663,-17.94,0.438673,0.011122,0.004504,0.001244,0.001881,0.000352,0.000375,0.000758,0.000236,0.00064,0.000436,0.025354,0.010267,0.002836,0.004288,0.000855,0.000538,0.000994,0.000151,59.2,13.75,0.2208,0.000149,60.0
int_10_06,int_sim_10,INT_0010_3p_bus5load_92ms,10,train,Interruption,2,SCENARIO_CONTROLLER,three-phase,"A,B,C",0.0017,0.001,93.0,0.0282,0.1212,141,606,0.416143,0.800609,1.923878,1.107,94.6,60.0,48.9663,-18.29,0.438664,0.011094,0.004477,0.001233,0.001849,0.000374,0.000347,0.000742,0.000238,0.000619,0.000444,0.02529,0.010206,0.002811,0.004215,0.000791,0.000543,0.001012,0.00015,59.2,13.75,0.2208,0.000149,60.0
int_10_07,int_sim_10,INT_0010_3p_bus5load_92ms,10,train,Interruption,2,SCENARIO_CONTROLLER,three-phase,"A,B,C",0.0017,0.001,93.0,0.0292,0.1222,146,611,0.416122,0.800609,1.923977,1.1039,94.6,60.0,48.9663,-19.01,0.438641,0.011093,0.004451,0.001265,0.001871,0.000347,0.000372,0.000764,0.000254,0.000627,0.000461,0.025289,0.010147,0.002884,0.004265,0.000848,0.000579,0.001051,0.000149,59.2,13.75,0.2208,0.00015,60.0
int_10_08,int_sim_10,INT_0010_3p_bus5load_92ms,10,train,Interruption,2,SCENARIO_CONTROLLER,three-phase,"A,B,C",0.0017,0.001,93.0,0.0302,0.1232,151,616,0.416106,0.800609,1.924049,1.1051,94.6,60.0,48.9663,-19.81,0.438625,0.011106,0.004456,0.001266,0.001876,0.000362,0.000357,0.00075,0.000241,0.000632,0.000457,0.02532,0.010159,0.002886,0.004277,0.000814,0.000549,0.001042,0.00015,59.2,13.75,0.2208,0.000149,60.0
int_10_09,int_sim_10,INT_0010_3p_bus5load_92ms,10,train,Interruption,2,SCENARIO_CONTROLLER,three-phase,"A,B,C",0.0017,0.001,93.0,0.0312,0.1242,156,621,0.416085,0.800609,1.924146,1.108,94.6,60.0,48.9663,-20.22,0.438604,0.011127,0.004476,0.001247,0.001858,0.000359,0.000368,0.00076,0.00025,0.000626,0.000452,0.025369,0.010205,0.002843,0.004236,0.000839,0.00057,0.001031,0.00015,59.2,13.75,0.2209,0.000149,60.0
int_10_10,int_sim_10,INT_0010_3p_bus5load_92ms,10,train,Interruption,2,SCENARIO_CONTROLLER,three-phase,"A,B,C",0.0017,0.001,93.0,0.0322,0.1252,161,626,0.416057,0.800609,1.924276,1.1125,94.6,60.0,48.9663,-19.94,0.438574,0.011152,0.004497,0.001234,0.001858,0.000338,0.000367,0.000753,0.000233,0.000639,0.000462,0.025428,0.010254,0.002814,0.004236,0.000837,0.000531,0.001053,0.000151,59.2,13.76,0.2209,0.000148,60.0
int_10_11,int_sim_10,INT_0010_3p_bus5load_92ms,10,train,Interruption,2,SCENARIO_CONTROLLER,three-phase,"A,B,C",0.0017,0.001,93.0,0.0332,0.1262,166,631,0.416034,0.800609,1.924386,1.1126,94.6,60.0,48.9663,-19.24,0.438549,0.011158,0.004487,0.001258,0.001882,0.000361,0.000358,0.000758,0.00025,0.000624,0.000451,0.025443,0.010231,0.002869,0.004291,0.000816,0.00057,0.001028,0.000151,59.2,13.76,0.2209,0.00015,60.0
int_10_12,int_sim_10,INT_0010_3p_bus5load_92ms,10,train,Interruption,2,SCENARIO_CONTROLLER,three-phase,"A,B,C",0.0017,0.001,93.0,0.0342,0.1272,171,636,0.416017,0.800609,1.924464,1.1058,94.6,60.0,48.9663,-18.61,0.438531,0.011144,0.004458,0.001276,0.001869,0.000356,0.000379,0.000761,0.000233,0.000639,0.000459,0.025412,0.010166,0.00291,0.004262,0.000864,0.000531,0.001047,0.000151,59.2,13.76,0.2209,0.000149,60.0
int_10_13,int_sim_10,INT_0010_3p_bus5load_92ms,10,train,Interruption,2,SCENARIO_CONTROLLER,three-phase,"A,B,C",0.0017,0.001,93.0,0.0352,0.1282,176,641,0.416009,0.800609,1.9245,1.0996,94.6,60.0,48.2161,-14.71,0.438522,0.011107,0.004439,0.001247,0.00185,0.000341,0.000349,0.000762,0.000255,0.000634,0.000472,0.025328,0.010123,0.002844,0.004219,0.000796,0.000581,0.001076,0.00015,59.2,13.76,0.2209,0.000149,60.0
int_10_14,int_sim_10,INT_0010_3p_bus5load_92ms,10,train,Interruption,2,SCENARIO_CONTROLLER,three-phase,"A,B,C",0.0017,0.001,93.0,0.0362,0.1292,181,646,0.416014,0.800609,1.924474,1.1067,94.6,60.0,48.9518,-18.46,0.438528,0.011077,0.004458,0.001226,0.001881,0.00037,0.000376,0.000763,0.000236,0.000625,0.000454,0.02526,0.010166,0.002796,0.004289,0.000857,0.000538,0.001035,0.000149,59.2,13.76,0.2209,0.00015,60.0
int_10_15,int_sim_10,INT_0010_3p_bus5load_92ms,10,train,Interruption,2,SCENARIO_CONTROLLER,three-phase,"A,B,C",0.0017,0.001,93.0,0.0372,0.1302,186,651,0.416033,0.800609,1.92439,1.1135,94.6,60.0,48.9518,-19.09,0.438547,0.011065,0.004493,0.001251,0.001879,0.000347,0.000359,0.000758,0.000249,0.000637,0.000459,0.025231,0.010245,0.002853,0.004285,0.000819,0.000568,0.001047,0.000149,59.2,13.76,0.2209,0.000148,60.0
int_10_16,int_sim_10,INT_0010_3p_bus5load_92ms,10,train,Interruption,2,SCENARIO_CONTROLLER,three-phase,"A,B,C",0.0017,0.001,93.0,0.0382,0.1312,191,656,0.416061,0.800609,1.924256,1.1132,94.6,60.0,48.9518,-19.9,0.438577,0.011079,0.004505,0.001279,0.001846,0.000345,0.000363,0.000772,0.000234,0.000613,0.000469,0.025261,0.010272,0.002916,0.004209,0.000828,0.000534,0.001069,0.00015,59.2,13.76,0.2209,0.000149,60.0
int_10_17,int_sim_10,INT_0010_3p_bus5load_92ms,10,train,Interruption,2,SCENARIO_CONTROLLER,three-phase,"A,B,C",0.0017,0.001,93.0,0.0392,0.1322,196,661,0.416091,0.800609,1.924118,1.1096,94.6,60.0,48.9518,-20.42,0.438608,0.01111,0.004479,0.001255,0.001869,0.00036,0.000361,0.00077,0.000228,0.000621,0.000455,0.02533,0.010212,0.002861,0.004261,0.000823,0.00052,0.001037,0.00015,59.2,13.76,0.2209,0.000149,60.0
int_10_18,int_sim_10,INT_0010_3p_bus5load_92ms,10,train,Interruption,2,SCENARIO_CONTROLLER,three-phase,"A,B,C",0.0017,0.001,93.0,0.0402,0.1332,201,666,0.416116,0.800609,1.924004,1.1056,94.6,60.0,48.9518,-20.24,0.438634,0.011134,0.004456,0.001236,0.001882,0.000339,0.000346,0.00078,0.000228,0.000617,0.00046,0.025383,0.010159,0.002818,0.004291,0.000789,0.00052,0.001049,0.00015,59.2,13.75,0.2209,0.000149,60.0
int_10_19,int_sim_10,INT_0010_3p_bus5load_92ms,10,train,Interruption,2,SCENARIO_CONTROLLER,three-phase,"A,B,C",0.0017,0.001,93.0,0.0412,0.1342,206,671,0.416146,0.800609,1.923865,1.1032,94.6,60.0,48.9518,-19.53,0.438666,0.011149,0.004456,0.001255,0.001852,0.000355,0.000371,0.000766,0.00022,0.000608,0.000471,0.025416,0.010158,0.002861,0.004222,0.000846,0.000502,0.001074,0.000151,59.2,13.75,0.2209,0.00015,60.0
int_10_20,int_sim_10,INT_0010_3p_bus5load_92ms,10,train,Interruption,2,SCENARIO_CONTROLLER,three-phase,"A,B,C",0.0017,0.001,93.0,0.0422,0.1352,211,676,0.416164,0.800609,1.923784,1.1079,94.6,60.0,48.9518,-18.79,0.438685,0.011141,0.00448,0.001277,0.001852,0.000363,0.000352,0.00078,0.000227,0.000618,0.00046,0.025396,0.010212,0.002911,0.004222,0.000802,0.000517,0.001049,0.000151,59.2,13.75,0.2208,0.00015,60.0
int_10_21,int_sim_10,INT_0010_3p_bus5load_92ms,10,train,Interruption,2,SCENARIO_CONTROLLER,three-phase,"A,B,C",0.0017,0.001,93.0,0.0432,0.1362,216,681,0.416172,0.800609,1.923744,1.1145,94.6,60.0,48.9518,-18.39,0.438694,0.011116,0.004501,0.001264,0.001874,0.000343,0.000368,0.000768,0.000214,0.000608,0.00046,0.025339,0.01026,0.002881,0.004272,0.000839,0.000488,0.001049,0.00015,59.2,13.76,0.2208,0.00015,60.0
int_10_22,int_sim_10,INT_0010_3p_bus5load_92ms,10,train,Interruption,2,SCENARIO_CONTROLLER,three-phase,"A,B,C",0.0017,0.001,93.0,0.0442,0.1372,221,686,0.416171,0.800609,1.92375,1.1115,94.6,60.0,48.9622,-18.56,0.438693,0.011084,0.004494,0.001236,0.001857,0.000366,0.000361,0.000788,0.00023,0.000622,0.000464,0.025266,0.010244,0.002817,0.004233,0.000823,0.000524,0.001058,0.00015,59.2,13.75,0.2208,0.00015,60.0
int_10_23,int_sim_10,INT_0010_3p_bus5load_92ms,10,train,Interruption,2,SCENARIO_CONTROLLER,three-phase,"A,B,C",0.0017,0.001,93.0,0.0452,0.1382,226,691,0.41616,0.800609,1.923799,1.1061,94.6,60.0,48.9622,-19.08,0.438682,0.011073,0.004471,0.001248,0.00185,0.000355,0.000366,0.000775,0.000213,0.000628,0.000452,0.025242,0.010192,0.002845,0.004217,0.000834,0.000486,0.00103,0.000149,59.2,13.76,0.2209,0.000149,60.0
int_10_24,int_sim_10,INT_0010_3p_bus5load_92ms,10,train,Interruption,2,SCENARIO_CONTROLLER,three-phase,"A,B,C",0.0017,0.001,93.0,0.0462,0.1392,231,696,0.416143,0.800609,1.92388,1.1063,94.6,60.0,48.9622,-19.86,0.438664,0.011081,0.004462,0.001266,0.001872,0.000354,0.000365,0.000786,0.000226,0.000607,0.000442,0.025261,0.010172,0.002886,0.004268,0.000832,0.000515,0.001008,0.000149,59.2,13.75,0.2209,0.000149,60.0
int_10_25,int_sim_10,INT_0010_3p_bus5load_92ms,10,train,Interruption,2,SCENARIO_CONTROLLER,three-phase,"A,B,C",0.0017,0.001,93.0,0.0472,0.1402,236,701,0.416108,0.800609,1.924042,1.1095,94.6,60.0,48.9622,-20.48,0.438628,0.011112,0.00448,0.001259,0.001871,0.000386,0.000338,0.00076,0.000203,0.000623,0.000448,0.025334,0.010214,0.00287,0.004266,0.000771,0.000463,0.001021,0.00015,59.2,13.75,0.2209,0.000149,60.0
int_10_26,int_sim_10,INT_0010_3p_bus5load_92ms,10,train,Interruption,2,SCENARIO_CONTROLLER,three-phase,"A,B,C",0.0017,0.001,93.0,0.0482,0.1412,241,706,0.416073,0.800609,1.924205,1.1148,94.6,60.0,48.9622,-20.45,0.438591,0.011148,0.004515,0.001225,0.001841,0.000367,0.000365,0.000784,0.000223,0.000604,0.000432,0.025418,0.010294,0.002793,0.004198,0.000832,0.000508,0.000985,0.000151,59.2,13.75,0.2209,0.000149,60.0
int_10_27,int_sim_10,INT_0010_3p_bus5load_92ms,10,train,Interruption,2,SCENARIO_CONTROLLER,three-phase,"A,B,C",0.0017,0.001,93.0,0.0492,0.1422,246,711,0.416046,0.800609,1.924329,1.1185,94.6,60.0,48.9622,-19.78,0.438563,0.011168,0.004527,0.001226,0.001857,0.00036,0.000345,0.00076,0.000204,0.000623,0.000448,0.025465,0.010322,0.002795,0.004234,0.000787,0.000465,0.001022,0.000152,59.2,13.76,0.2209,0.000149,60.0
int_10_28,int_sim_10,INT_0010_3p_bus5load_92ms,10,train,Interruption,2,SCENARIO_CONTROLLER,three-phase,"A,B,C",0.0017,0.001,93.0,0.0502,0.1432,251,716,0.416027,0.800609,1.924417,1.1162,94.6,60.0,48.9622,-18.96,0.438543,0.011167,0.00451,0.00125,0.001869,0.000378,0.000354,0.000777,0.000212,0.00062,0.000451,0.025464,0.010284,0.00285,0.004262,0.000807,0.000483,0.001028,0.000152,59.2,13.76,0.2209,0.000149,60.0
int_10_29,int_sim_10,INT_0010_3p_bus5load_92ms,10,train,Interruption,2,SCENARIO_CONTROLLER,three-phase,"A,B,C",0.0017,0.001,93.0,0.0512,0.1442,256,721,0.416003,0.800609,1.924526,1.1019,94.6,60.0,48.9622,-18.42,0.438518,0.011129,0.00446,0.001255,0.001824,0.000338,0.000359,0.000745,0.0002,0.000614,0.000432,0.025379,0.010171,0.002862,0.004159,0.000819,0.000456,0.000985,0.00015,59.2,13.75,0.2209,0.000147,60.0
int_10_30,int_sim_10,INT_0010_3p_bus5load_92ms,10,train,Interruption,2,SCENARIO_CONTROLLER,three-phase,"A,B,C",0.0017,0.001,93.0,0.0522,0.1452,261,726,0.416,0.800609,1.92454,1.1,94.6,60.0,48.955,-18.25,0.438514,0.011099,0.004453,0.001228,0.001822,0.000342,0.000343,0.00076,0.000206,0.000623,0.000445,0.02531,0.010155,0.0028,0.004155,0.000782,0.00047,0.001015,0.000149,59.2,13.75,0.2209,0.000148,60.0
int_10_31,int_sim_10,INT_0010_3p_bus5load_92ms,10,train,Interruption,2,SCENARIO_CONTROLLER,three-phase,"A,B,C",0.0017,0.001,93.0,0.0532,0.1462,266,731,0.41601,0.800609,1.924492,1.1105,94.6,60.0,48.955,-18.61,0.438525,0.011066,0.004485,0.001214,0.00186,0.000368,0.000377,0.000742,0.000203,0.000598,0.000437,0.025235,0.010227,0.002768,0.004241,0.00086,0.000463,0.000997,0.000149,59.2,13.76,0.2209,0.000148,60.0
int_10_32,int_sim_10,INT_0010_3p_bus5load_92ms,10,train,Interruption,2,SCENARIO_CONTROLLER,three-phase,"A,B,C",0.0017,0.001,93.0,0.0542,0.1472,271,736,0.416038,0.800609,1.924366,1.1149,94.6,60.0,48.955,-19.28,0.438553,0.011064,0.004521,0.001256,0.001832,0.000331,0.000342,0.000769,0.000182,0.000615,0.000413,0.025228,0.010309,0.002864,0.004177,0.00078,0.000415,0.000942,0.000149,59.2,13.76,0.2209,0.00015,60.0
int_11_01,int_sim_11,INT_0011_3p_cond11_53ms,11,train,Interruption,2,SCENARIO_CONTROLLER,three-phase,"A,B,C",0.0023,0.0014,57.0,0.0202,0.0772,101,386,0.521602,0.87763,1.682567,0.9447,55.6,60.0,60.9376,3.57,0.642757,0.002735,0.004368,0.004301,0.003643,0.001897,0.002125,0.002208,0.002002,0.002134,0.001728,0.004255,0.006796,0.006691,0.005668,0.003306,0.003115,0.002688,8.3e-05,61.3,36.12,0.1673,0.001621,60.0
int_11_02,int_sim_11,INT_0011_3p_cond11_53ms,11,train,Interruption,2,SCENARIO_CONTROLLER,three-phase,"A,B,C",0.0023,0.0014,57.0,0.0212,0.0782,106,391,0.52159,0.87763,1.682604,0.9423,55.6,60.0,60.9376,3.44,0.642743,0.002742,0.004361,0.004309,0.003635,0.001908,0.002111,0.002219,0.001995,0.002142,0.001731,0.004266,0.006785,0.006704,0.005655,0.003284,0.003104,0.002693,8.3e-05,61.3,36.12,0.1673,0.001621,60.0
int_11_03,int_sim_11,INT_0011_3p_cond11_53ms,11,train,Interruption,2,SCENARIO_CONTROLLER,three-phase,"A,B,C",0.0023,0.0014,57.0,0.0222,0.0792,111,396,0.521582,0.87763,1.682629,0.9414,55.6,60.0,60.9376,3.26,0.642734,0.002745,0.004358,0.00431,0.003634,0.00191,0.0021,0.002231,0.001983,0.002153,0.001721,0.004271,0.00678,0.006706,0.005654,0.003267,0.003085,0.002678,8.3e-05,61.3,36.13,0.1673,0.001621,60.0
int_11_04,int_sim_11,INT_0011_3p_cond11_53ms,11,train,Interruption,2,SCENARIO_CONTROLLER,three-phase,"A,B,C",0.0023,0.0014,57.0,0.0232,0.0802,116,401,0.521578,0.87763,1.682643,0.9433,55.6,60.0,60.9376,3.1,0.642728,0.002737,0.00437,0.0043,0.003638,0.00191,0.002104,0.00223,0.001981,0.002162,0.001714,0.004258,0.006799,0.00669,0.00566,0.003274,0.003082,0.002667,8.3e-05,61.3,36.13,0.1673,0.00162,60.0
int_11_05,int_sim_11,INT_0011_3p_cond11_53ms,11,train,Interruption,2,SCENARIO_CONTROLLER,three-phase,"A,B,C",0.0023,0.0014,57.0,0.0242,0.0812,121,406,0.521577,0.87763,1.682647,0.9419,55.6,60.0,60.9308,3.08,0.642727,0.002716,0.004378,0.004312,0.003619,0.001921,0.002094,0.002228,0.001993,0.002148,0.001725,0.004226,0.006812,0.006709,0.005631,0.003258,0.003101,0.002684,8.3e-05,61.3,36.13,0.1673,0.00162,60.0
int_11_06,int_sim_11,INT_0011_3p_cond11_53ms,11,train,Interruption,2,SCENARIO_CONTROLLER,three-phase,"A,B,C",0.0023,0.0014,57.0,0.0252,0.0822,126,411,0.521577,0.87763,1.682646,0.9419,55.6,60.0,60.9308,3.14,0.642727,0.002717,0.004377,0.00431,0.003621,0.001922,0.002092,0.002232,0.001992,0.002143,0.00173,0.004227,0.00681,0.006706,0.005634,0.003255,0.003099,0.002692,8.3e-05,61.3,36.13,0.1673,0.001621,60.0
int_11_07,int_sim_11,INT_0011_3p_cond11_53ms,11,train,Interruption,2,SCENARIO_CONTROLLER,three-phase,"A,B,C",0.0023,0.0014,57.0,0.0262,0.0832,131,416,0.521585,0.87763,1.68262,0.9407,55.6,60.0,60.9308,3.28,0.642737,0.002716,0.004361,0.004306,0.003635,0.001928,0.002079,0.002239,0.002,0.002138,0.001726,0.004226,0.006785,0.006699,0.005656,0.003235,0.003112,0.002685,8.3e-05,61.3,36.13,0.1673,0.001621,60.0
int_11_08,int_sim_11,INT_0011_3p_cond11_53ms,11,train,Interruption,2,SCENARIO_CONTROLLER,three-phase,"A,B,C",0.0023,0.0014,57.0,0.0272,0.0842,136,421,0.521583,0.87763,1.682627,0.9411,55.6,60.0,60.9308,3.4,0.642735,0.002715,0.004364,0.00431,0.003636,0.001923,0.002079,0.002245,0.002003,0.002135,0.00172,0.004224,0.00679,0.006706,0.005657,0.003235,0.003116,0.002676,8.3e-05,61.3,36.12,0.1673,0.001622,60.0
int_11_09,int_sim_11,INT_0011_3p_cond11_53ms,11,train,Interruption,2,SCENARIO_CONTROLLER,three-phase,"A,B,C",0.0023,0.0014,57.0,0.0282,0.0852,141,426,0.521592,0.87763,1.682599,0.9413,55.6,60.0,60.9308,3.42,0.642746,0.002725,0.004371,0.00431,0.003629,0.001914,0.002081,0.002252,0.002006,0.002134,0.001715,0.00424,0.006801,0.006706,0.005646,0.003238,0.003121,0.002668,8.3e-05,61.3,36.12,0.1673,0.001622,60.0
int_11_10,int_sim_11,INT_0011_3p_cond11_53ms,11,train,Interruption,2,SCENARIO_CONTROLLER,three-phase,"A,B,C",0.0023,0.0014,57.0,0.0292,0.0862,146,431,0.521604,0.87763,1.682561,0.9443,55.6,60.0,60.9308,3.34,0.64276,0.002735,0.004383,0.004324,0.003644,0.00193,0.002085,0.002248,0.001994,0.002122,0.001702,0.004255,0.006819,0.006727,0.005669,0.003244,0.003102,0.002648,8.3e-05,61.3,36.12,0.1673,0.001622,60.0
int_11_11,int_sim_11,INT_0011_3p_cond11_53ms,11,train,Interruption,2,SCENARIO_CONTROLLER,three-phase,"A,B,C",0.0023,0.0014,57.0,0.0302,0.0872,151,436,0.52161,0.87763,1.682539,0.9447,55.6,60.0,60.9308,3.17,0.642768,0.002738,0.004384,0.004324,0.003644,0.00193,0.002092,0.002255,0.002002,0.002128,0.001708,0.00426,0.006821,0.006727,0.005669,0.003255,0.003115,0.002657,8.3e-05,61.3,36.12,0.1673,0.001622,60.0
int_11_12,int_sim_11,INT_0011_3p_cond11_53ms,11,train,Interruption,2,SCENARIO_CONTROLLER,three-phase,"A,B,C",0.0023,0.0014,57.0,0.0312,0.0882,156,441,0.52161,0.87763,1.682541,0.9446,55.6,60.0,60.9308,3.0,0.642767,0.002735,0.004381,0.004323,0.003645,0.001934,0.002092,0.002257,0.002004,0.002134,0.001712,0.004255,0.006816,0.006726,0.005671,0.003255,0.003118,0.002663,8.3e-05,61.3,36.12,0.1673,0.001622,60.0
int_11_13,int_sim_11,INT_0011_3p_cond11_53ms,11,train,Interruption,2,SCENARIO_CONTROLLER,three-phase,"A,B,C",0.0023,0.0014,57.0,0.0322,0.0892,161,446,0.521612,0.87763,1.682533,0.9446,55.6,60.0,60.9308,2.91,0.64277,0.002724,0.004372,0.004322,0.003652,0.001943,0.002101,0.002264,0.002009,0.002133,0.001711,0.004238,0.006802,0.006724,0.005682,0.003269,0.003126,0.002662,8.3e-05,61.3,36.12,0.1673,0.001622,60.0
int_11_14,int_sim_11,INT_0011_3p_cond11_53ms,11,train,Interruption,2,SCENARIO_CONTROLLER,three-phase,"A,B,C",0.0023,0.0014,57.0,0.0332,0.0902,166,451,0.521611,0.87763,1.682536,0.945,55.6,60.0,60.9333,2.94,0.642769,0.002716,0.004373,0.00433,0.003657,0.00194,0.002097,0.002257,0.002005,0.002136,0.001715,0.004225,0.006803,0.006736,0.005689,0.003262,0.003119,0.002668,8.3e-05,61.3,36.12,0.1673,0.001622,60.0
int_11_15,int_sim_11,INT_0011_3p_cond11_53ms,11,train,Interruption,2,SCENARIO_CONTROLLER,three-phase,"A,B,C",0.0023,0.0014,57.0,0.0342,0.0912,171,456,0.521608,0.87763,1.682548,0.9452,55.6,60.0,60.9333,3.06,0.642765,0.002712,0.004382,0.004334,0.003649,0.001935,0.002096,0.002265,0.002011,0.002131,0.001708,0.004219,0.006817,0.006743,0.005677,0.003261,0.003129,0.002657,8.3e-05,61.3,36.12,0.1673,0.001622,60.0
int_11_16,int_sim_11,INT_0011_3p_cond11_53ms,11,train,Interruption,2,SCENARIO_CONTROLLER,three-phase,"A,B,C",0.0023,0.0014,57.0,0.0352,0.0922,176,461,0.521593,0.87763,1.682596,0.9471,55.6,60.0,60.9333,3.2,0.642746,0.002722,0.004394,0.004313,0.003655,0.001951,0.002096,0.002248,0.002014,0.00214,0.001704,0.004235,0.006836,0.00671,0.005687,0.003261,0.003133,0.002651,8.3e-05,61.3,36.13,0.1673,0.001622,60.0
int_11_17,int_sim_11,INT_0011_3p_cond11_53ms,11,train,Interruption,2,SCENARIO_CONTROLLER,three-phase,"A,B,C",0.0023,0.0014,57.0,0.0362,0.0932,181,466,0.521587,0.87763,1.682614,0.9473,55.6,60.0,60.9333,3.27,0.642739,0.002729,0.004393,0.004308,0.003662,0.001947,0.002088,0.002254,0.002018,0.002133,0.001706,0.004246,0.006835,0.006703,0.005697,0.003249,0.00314,0.002654,8.3e-05,61.3,36.13,0.1673,0.001622,60.0
int_11_18,int_sim_11,INT_0011_3p_cond11_53ms,11,train,Interruption,2,SCENARIO_CONTROLLER,three-phase,"A,B,C",0.0023,0.0014,57.0,0.0372,0.0942,186,471,0.521578,0.87763,1.682643,0.9463,55.6,60.0,60.9333,3.22,0.642728,0.002739,0.004383,0.004315,0.00366,0.001945,0.002094,0.002252,0.002015,0.002137,0.001705,0.004262,0.006819,0.006714,0.005694,0.003258,0.003135,0.002653,8.4e-05,61.3,36.13,0.1673,0.001623,60.0
int_11_19,int_sim_11,INT_0011_3p_cond11_53ms,11,train,Interruption,2,SCENARIO_CONTROLLER,three-phase,"A,B,C",0.0023,0.0014,57.0,0.0382,0.0952,191,476,0.521576,0.87763,1.682649,0.9464,55.6,60.0,60.9333,3.08,0.642726,0.002739,0.004384,0.004313,0.003662,0.001943,0.00209,0.002258,0.002007,0.002145,0.001697,0.004262,0.006821,0.00671,0.005698,0.003252,0.003123,0.00264,8.3e-05,61.3,36.13,0.1673,0.001623,60.0
int_11_20,int_sim_11,INT_0011_3p_cond11_53ms,11,train,Interruption,2,SCENARIO_CONTROLLER,three-phase,"A,B,C",0.0023,0.0014,57.0,0.0392,0.0962,196,481,0.521566,0.87763,1.682684,0.951,55.6,60.0,60.9333,2.91,0.642713,0.002729,0.004401,0.004293,0.003681,0.001927,0.002108,0.002241,0.002024,0.002135,0.001712,0.004246,0.006848,0.006679,0.005727,0.00328,0.003149,0.002664,8.4e-05,61.3,36.14,0.1673,0.001623,60.0
int_11_21,int_sim_11,INT_0011_3p_cond11_53ms,11,train,Interruption,2,SCENARIO_CONTROLLER,three-phase,"A,B,C",0.0023,0.0014,57.0,0.0402,0.0972,201,486,0.521561,0.87763,1.682698,0.9525,55.6,60.0,60.9333,2.79,0.642708,0.002718,0.004414,0.004285,0.003682,0.001931,0.002107,0.002245,0.002018,0.002141,0.001707,0.004229,0.006868,0.006667,0.005729,0.003278,0.00314,0.002656,8.4e-05,61.3,36.14,0.1673,0.001623,60.0
int_11_22,int_sim_11,INT_0011_3p_cond11_53ms,11,train,Interruption,2,SCENARIO_CONTROLLER,three-phase,"A,B,C",0.0023,0.0014,57.0,0.0412,0.0982,206,491,0.521561,0.87763,1.682697,0.9516,55.6,60.0,60.9293,2.8,0.642708,0.0027,0.004416,0.0043,0.003669,0.001931,0.002109,0.002234,0.002029,0.002141,0.001703,0.004201,0.006871,0.00669,0.005709,0.003281,0.003157,0.00265,8.4e-05,61.3,36.14,0.1673,0.001623,60.0
int_11_23,int_sim_11,INT_0011_3p_cond11_53ms,11,train,Interruption,2,SCENARIO_CONTROLLER,three-phase,"A,B,C",0.0023,0.0014,57.0,0.0422,0.0992,211,496,0.521568,0.87763,1.682677,0.9514,55.6,60.0,60.9293,2.9,0.642716,0.002692,0.004401,0.004308,0.003682,0.00192,0.002113,0.002247,0.002017,0.002133,0.001715,0.004188,0.006848,0.006703,0.005729,0.003288,0.003138,0.002668,8.3e-05,61.3,36.14,0.1673,0.001623,60.0
int_11_24,int_sim_11,INT_0011_3p_cond11_53ms,11,train,Interruption,2,SCENARIO_CONTROLLER,three-phase,"A,B,C",0.0023,0.0014,57.0,0.0432,0.1002,216,501,0.521575,0.87763,1.682652,0.9502,55.6,60.0,60.9293,3.04,0.642726,0.002693,0.004387,0.004301,0.003692,0.001928,0.002102,0.002249,0.002025,0.002131,0.001712,0.00419,0.006826,0.006692,0.005744,0.00327,0.003151,0.002664,8.3e-05,61.3,36.14,0.1673,0.001623,60.0
int_11_25,int_sim_11,INT_0011_3p_cond11_53ms,11,train,Interruption,2,SCENARIO_CONTROLLER,three-phase,"A,B,C",0.0023,0.0014,57.0,0.0442,0.1012,221,506,0.521571,0.87763,1.682665,0.9505,55.6,60.0,60.9293,3.14,0.642721,0.002689,0.004388,0.004305,0.003696,0.001927,0.002099,0.002251,0.002027,0.002131,0.00171,0.004184,0.006827,0.006698,0.005751,0.003266,0.003154,0.002661,8.3e-05,61.3,36.14,0.1673,0.001623,60.0
int_11_26,int_sim_11,INT_0011_3p_cond11_53ms,11,train,Interruption,2,SCENARIO_CONTROLLER,three-phase,"A,B,C",0.0023,0.0014,57.0,0.0452,0.1022,226,511,0.52158,0.87763,1.682637,0.951,55.6,60.0,60.9293,3.14,0.642731,0.002699,0.004397,0.00431,0.003694,0.001919,0.002093,0.002253,0.002036,0.00214,0.001711,0.004199,0.006841,0.006706,0.005747,0.003256,0.003168,0.002662,8.4e-05,61.3,36.14,0.1673,0.001623,60.0
int_11_27,int_sim_11,INT_0011_3p_cond11_53ms,11,train,Interruption,2,SCENARIO_CONTROLLER,three-phase,"A,B,C",0.0023,0.0014,57.0,0.0462,0.1032,231,516,0.521595,0.87763,1.682588,0.9545,55.6,60.0,60.9293,3.03,0.64275,0.002713,0.004412,0.004326,0.003712,0.001936,0.002097,0.00225,0.002027,0.002131,0.001701,0.004221,0.006864,0.00673,0.005775,0.003263,0.003154,0.002646,8.4e-05,61.3,36.14,0.1673,0.001623,60.0
int_11_28,int_sim_11,INT_0011_3p_cond11_53ms,11,train,Interruption,2,SCENARIO_CONTROLLER,three-phase,"A,B,C",0.0023,0.0014,57.0,0.0472,0.1042,236,521,0.521601,0.87763,1.682569,0.9536,55.6,60.0,60.9293,2.87,0.642757,0.002712,0.004409,0.004321,0.003705,0.001929,0.002097,0.00225,0.002029,0.002131,0.001707,0.004219,0.00686,0.006723,0.005764,0.003263,0.003157,0.002656,8.4e-05,61.3,36.14,0.1673,0.001623,60.0
int_11_29,int_sim_11,INT_0011_3p_cond11_53ms,11,train,Interruption,2,SCENARIO_CONTROLLER,three-phase,"A,B,C",0.0023,0.0014,57.0,0.0482,0.1052,241,526,0.521609,0.87763,1.682542,0.9501,55.6,60.0,60.9293,2.72,0.642767,0.002697,0.004389,0.004304,0.003696,0.001928,0.00209,0.002248,0.00203,0.002139,0.001712,0.004196,0.006828,0.006696,0.00575,0.003252,0.003158,0.002663,8.3e-05,61.3,36.14,0.1673,0.001622,60.0
int_11_30,int_sim_11,INT_0011_3p_cond11_53ms,11,train,Interruption,2,SCENARIO_CONTROLLER,three-phase,"A,B,C",0.0023,0.0014,57.0,0.0492,0.1062,246,531,0.52161,0.87763,1.682539,0.9513,55.6,60.0,60.933,2.66,0.642768,0.00268,0.004382,0.004313,0.003712,0.001938,0.002099,0.002247,0.002021,0.002127,0.001702,0.004169,0.006817,0.00671,0.005775,0.003266,0.003144,0.002648,8.3e-05,61.3,36.13,0.1673,0.001622,60.0
int_11_31,int_sim_11,INT_0011_3p_cond11_53ms,11,train,Interruption,2,SCENARIO_CONTROLLER,three-phase,"A,B,C",0.0023,0.0014,57.0,0.0502,0.1072,251,536,0.521608,0.87763,1.682548,0.9514,55.6,60.0,60.933,2.74,0.642765,0.002667,0.004388,0.004328,0.003713,0.001925,0.002087,0.002239,0.002023,0.002137,0.001709,0.004149,0.006827,0.006733,0.005777,0.003247,0.003147,0.002659,8.4e-05,61.3,36.14,0.1673,0.001622,60.0
int_11_32,int_sim_11,INT_0011_3p_cond11_53ms,11,train,Interruption,2,SCENARIO_CONTROLLER,three-phase,"A,B,C",0.0023,0.0014,57.0,0.0512,0.1082,256,541,0.521601,0.87763,1.682569,0.952,55.6,60.0,60.933,2.88,0.642756,0.002663,0.004403,0.00433,0.003699,0.001922,0.002091,0.002252,0.002028,0.002125,0.001699,0.004143,0.00685,0.006737,0.005755,0.003253,0.003155,0.002643,8.4e-05,61.3,36.14,0.1673,0.001623,60.0
int_12_01,int_sim_12,INT_0012_3p_cond12_108ms,12,train,Interruption,2,SCENARIO_CONTROLLER,three-phase,"A,B,C",0.0017,0.0009,110.6,0.0202,0.1308,101,654,0.386065,0.805088,2.085372,1.2969,111.2,60.0,62.6875,-8.11,0.375455,0.011958,0.00438,0.001451,0.00206,0.00033,0.000533,0.00095,0.000364,0.000745,0.000617,0.031849,0.011666,0.003865,0.005487,0.00142,0.000969,0.001643,0.000171,59.26,18.55,0.2376,0.000348,60.0
int_12_02,int_sim_12,INT_0012_3p_cond12_108ms,12,train,Interruption,2,SCENARIO_CONTROLLER,three-phase,"A,B,C",0.0017,0.0009,110.6,0.0212,0.1318,106,659,0.386094,0.805088,2.085213,1.2942,111.2,60.0,62.6875,-8.78,0.375484,0.011974,0.004379,0.001461,0.00203,0.00036,0.000566,0.000921,0.000362,0.000748,0.000624,0.03189,0.011662,0.003891,0.005406,0.001507,0.000964,0.001662,0.000171,59.26,18.57,0.2376,0.000348,60.0
int_12_03,int_sim_12,INT_0012_3p_cond12_108ms,12,train,Interruption,2,SCENARIO_CONTROLLER,three-phase,"A,B,C",0.0017,0.0009,110.6,0.0222,0.1328,111,664,0.386116,0.805088,2.085094,1.2972,111.2,60.0,62.6875,-9.4,0.375505,0.011972,0.004399,0.001487,0.002016,0.000368,0.00056,0.000938,0.000356,0.000746,0.000619,0.031882,0.011715,0.00396,0.005369,0.001491,0.000948,0.001648,0.000171,59.26,18.57,0.2375,0.000347,60.0
int_12_04,int_sim_12,INT_0012_3p_cond12_108ms,12,train,Interruption,2,SCENARIO_CONTROLLER,three-phase,"A,B,C",0.0017,0.0009,110.6,0.0232,0.1338,116,669,0.386126,0.805088,2.085039,1.3044,111.2,60.0,62.6875,-9.79,0.375515,0.011955,0.004419,0.001489,0.002037,0.00035,0.00056,0.00092,0.000354,0.000735,0.000632,0.031836,0.011768,0.003965,0.005425,0.001491,0.000943,0.001683,0.000171,59.26,18.57,0.2375,0.000348,60.0
int_12_05,int_sim_12,INT_0012_3p_cond12_108ms,12,train,Interruption,2,SCENARIO_CONTROLLER,three-phase,"A,B,C",0.0017,0.0009,110.6,0.0242,0.1348,121,674,0.386126,0.805088,2.085038,1.3036,111.2,60.0,62.7032,-9.94,0.375516,0.011938,0.004417,0.001472,0.002032,0.000366,0.000565,0.000936,0.000362,0.00075,0.00063,0.031791,0.011762,0.00392,0.005411,0.001505,0.000964,0.001678,0.000171,59.26,18.57,0.2375,0.000347,60.0
int_12_06,int_sim_12,INT_0012_3p_cond12_108ms,12,train,Interruption,2,SCENARIO_CONTROLLER,three-phase,"A,B,C",0.0017,0.0009,110.6,0.0252,0.1358,126,679,0.386117,0.805088,2.085091,1.2933,111.2,60.0,62.7032,-9.83,0.375507,0.011913,0.00439,0.001461,0.002004,0.000366,0.000542,0.000921,0.00036,0.000735,0.000629,0.031725,0.011691,0.003891,0.005337,0.001443,0.000959,0.001675,0.00017,59.26,18.57,0.2376,0.000347,60.0
int_12_07,int_sim_12,INT_0012_3p_cond12_108ms,12,train,Interruption,2,SCENARIO_CONTROLLER,three-phase,"A,B,C",0.0017,0.0009,110.6,0.0262,0.1368,131,684,0.3861,0.805088,2.08518,1.2903,111.2,60.0,62.7032,-9.77,0.375491,0.01191,0.00437,0.001482,0.002016,0.00035,0.00056,0.000931,0.000365,0.000745,0.000638,0.031718,0.011638,0.003947,0.005369,0.001491,0.000972,0.001699,0.00017,59.26,18.57,0.2376,0.000347,60.0
int_12_08,int_sim_12,INT_0012_3p_cond12_108ms,12,train,Interruption,2,SCENARIO_CONTROLLER,three-phase,"A,B,C",0.0017,0.0009,110.6,0.0272,0.1378,136,689,0.386072,0.805088,2.085334,1.2927,111.2,60.0,62.7032,-9.92,0.375464,0.011929,0.004374,0.001495,0.002032,0.000376,0.000541,0.000919,0.000353,0.000738,0.000625,0.031771,0.01165,0.003982,0.005412,0.001441,0.00094,0.001665,0.00017,59.26,18.56,0.2376,0.000347,60.0
int_12_09,int_sim_12,INT_0012_3p_cond12_108ms,12,train,Interruption,2,SCENARIO_CONTROLLER,three-phase,"A,B,C",0.0017,0.0009,110.6,0.0282,0.1388,141,694,0.386037,0.803885,2.082407,1.2975,111.2,60.0,62.7032,-10.35,0.37543,0.011962,0.004405,0.001469,0.002005,0.000363,0.000549,0.000928,0.000368,0.000736,0.000627,0.031862,0.011733,0.003913,0.005341,0.001462,0.00098,0.00167,0.000171,59.26,18.55,0.2376,0.000347,60.0
int_12_10,int_sim_12,INT_0012_3p_cond12_108ms,12,train,Interruption,2,SCENARIO_CONTROLLER,three-phase,"A,B,C",0.0017,0.0009,110.6,0.0292,0.1398,146,699,0.386001,0.803885,2.082601,1.3031,111.2,60.0,62.7032,-11.03,0.375395,0.011991,0.004427,0.001452,0.002008,0.000356,0.000549,0.000913,0.000342,0.000758,0.000649,0.031942,0.011793,0.003868,0.005349,0.001462,0.000911,0.001729,0.000172,59.26,18.55,0.2376,0.000347,60.0
int_12_11,int_sim_12,INT_0012_3p_cond12_108ms,12,train,Interruption,2,SCENARIO_CONTROLLER,three-phase,"A,B,C",0.0017,0.0009,110.6,0.0302,0.1408,151,704,0.385986,0.803885,2.082683,1.3043,111.2,60.0,62.7032,-11.8,0.375381,0.011998,0.004426,0.00146,0.002025,0.000374,0.000531,0.000905,0.000354,0.000746,0.000632,0.031962,0.011791,0.003889,0.005395,0.001415,0.000943,0.001684,0.000172,59.26,18.55,0.2376,0.000347,60.0
int_12_12,int_sim_12,INT_0012_3p_cond12_108ms,12,train,Interruption,2,SCENARIO_CONTROLLER,three-phase,"A,B,C",0.0017,0.0009,110.6,0.0312,0.1418,156,709,0.385966,0.803885,2.082787,1.2943,111.2,60.0,62.7032,-12.41,0.375362,0.011978,0.004392,0.001478,0.002002,0.000345,0.000553,0.000894,0.000334,0.000757,0.000623,0.031911,0.011701,0.003938,0.005334,0.001473,0.00089,0.00166,0.000171,59.26,18.56,0.2376,0.000347,60.0
int_12_13,int_sim_12,INT_0012_3p_cond12_108ms,12,train,Interruption,2,SCENARIO_CONTROLLER,three-phase,"A,B,C",0.0017,0.0009,110.6,0.0322,0.1428,161,714,0.385957,0.803885,2.082838,1.2862,111.2,60.0,62.9715,-15.15,0.375352,0.011942,0.004372,0.001456,0.001979,0.000348,0.000525,0.000887,0.000358,0.000744,0.000633,0.031815,0.011648,0.003879,0.005272,0.001399,0.000954,0.001686,0.00017,59.26,18.56,0.2376,0.000346,60.0
int_12_14,int_sim_12,INT_0012_3p_cond12_108ms,12,train,Interruption,2,SCENARIO_CONTROLLER,three-phase,"A,B,C",0.0017,0.0009,110.6,0.0332,0.1438,166,719,0.385962,0.803885,2.082811,1.2938,111.2,60.0,62.6891,-12.4,0.375357,0.011914,0.00439,0.001433,0.002005,0.000364,0.000543,0.000893,0.000341,0.000742,0.000618,0.03174,0.011696,0.003818,0.005342,0.001447,0.000908,0.001646,0.00017,59.26,18.56,0.2376,0.000347,60.0
int_12_15,int_sim_12,INT_0012_3p_cond12_108ms,12,train,Interruption,2,SCENARIO_CONTROLLER,three-phase,"A,B,C",0.0017,0.0009,110.6,0.0342,0.1448,171,724,0.38598,0.803885,2.082714,1.3,111.2,60.0,62.6891,-12.16,0.375374,0.011905,0.00442,0.001453,0.002,0.000338,0.000528,0.000893,0.000347,0.00076,0.000613,0.031715,0.011775,0.003871,0.005328,0.001407,0.000924,0.001633,0.00017,59.26,18.55,0.2376,0.000346,60.0
int_12_16,int_sim_12,INT_0012_3p_cond12_108ms,12,train,Interruption,2,SCENARIO_CONTROLLER,three-phase,"A,B,C",0.0017,0.0009,110.6,0.0352,0.1458,176,729,0.386013,0.803885,2.082533,1.2983,111.2,60.0,62.6891,-12.04,0.375406,0.011921,0.004429,0.001486,0.001965,0.000362,0.000525,0.000905,0.000337,0.000735,0.000629,0.031755,0.011798,0.003958,0.005234,0.001398,0.000898,0.001676,0.00017,59.26,18.54,0.2376,0.000346,60.0
int_12_17,int_sim_12,INT_0012_3p_cond12_108ms,12,train,Interruption,2,SCENARIO_CONTROLLER,three-phase,"A,B,C",0.0017,0.0009,110.6,0.0362,0.1468,181,734,0.386037,0.803885,2.082405,1.2953,111.2,60.0,62.6891,-12.18,0.375429,0.011943,0.00441,0.001473,0.001979,0.00036,0.00053,0.000902,0.000333,0.000741,0.000623,0.031812,0.011747,0.003924,0.005271,0.001412,0.000887,0.001659,0.00017,59.26,18.54,0.2376,0.000346,60.0
int_12_18,int_sim_12,INT_0012_3p_cond12_108ms,12,train,Interruption,2,SCENARIO_CONTROLLER,three-phase,"A,B,C",0.0017,0.0009,110.6,0.0372,0.1478,186,739,0.386074,0.803885,2.082206,1.2891,111.2,60.0,62.6891,-12.64,0.375465,0.011975,0.004381,0.001445,0.001994,0.000339,0.00051,0.000912,0.000344,0.00074,0.000621,0.031894,0.011668,0.003849,0.005311,0.001358,0.000916,0.001654,0.000171,59.26,18.54,0.2376,0.000345,60.0
int_12_19,int_sim_12,INT_0012_3p_cond12_108ms,12,train,Interruption,2,SCENARIO_CONTROLLER,three-phase,"A,B,C",0.0017,0.0009,110.6,0.0382,0.1488,191,744,0.386097,0.803885,2.08208,1.2886,111.2,60.0,62.6891,-13.32,0.375487,0.011983,0.004388,0.001462,0.001971,0.000361,0.000526,0.000911,0.000326,0.000723,0.000636,0.031913,0.011686,0.003894,0.005249,0.001401,0.000868,0.001694,0.000171,59.26,18.54,0.2376,0.000346,60.0
int_12_20,int_sim_12,INT_0012_3p_cond12_108ms,12,train,Interruption,2,SCENARIO_CONTROLLER,three-phase,"A,B,C",0.0017,0.0009,110.6,0.0392,0.1498,196,749,0.386116,0.803885,2.081977,1.2947,111.2,60.0,62.6891,-14.03,0.375506,0.011974,0.004414,0.001485,0.001975,0.000347,0.000505,0.000922,0.000342,0.000739,0.000626,0.031888,0.011755,0.003955,0.00526,0.001345,0.000911,0.001667,0.000171,59.26,18.54,0.2376,0.000346,60.0
int_12_21,int_sim_12,INT_0012_3p_cond12_108ms,12,train,Interruption,2,SCENARIO_CONTROLLER,three-phase,"A,B,C",0.0017,0.0009,110.6,0.0402,0.1508,201,754,0.386129,0.803885,2.081908,1.3053,111.2,60.0,62.6891,-14.46,0.375519,0.011941,0.004441,0.001475,0.002007,0.000335,0.000524,0.000899,0.000319,0.000716,0.000633,0.031799,0.011826,0.003928,0.005345,0.001395,0.000849,0.001686,0.000171,59.26,18.54,0.2376,0.000345,60.0
int_12_22,int_sim_12,INT_0012_3p_cond12_108ms,12,train,Interruption,2,SCENARIO_CONTROLLER,three-phase,"A,B,C",0.0017,0.0009,110.6,0.0412,0.1518,206,759,0.386126,0.803885,2.081922,1.2998,111.2,60.0,62.7011,-14.59,0.375517,0.011908,0.004429,0.001444,0.001985,0.000361,0.000515,0.000919,0.000343,0.000728,0.000649,0.031711,0.011794,0.003845,0.005286,0.001371,0.000913,0.001728,0.00017,59.26,18.54,0.2376,0.000346,60.0
int_12_23,int_sim_12,INT_0012_3p_cond12_108ms,12,train,Interruption,2,SCENARIO_CONTROLLER,three-phase,"A,B,C",0.0017,0.0009,110.6,0.0422,0.1528,211,764,0.386111,0.803885,2.082006,1.2894,111.2,60.0,62.7011,-14.14,0.375502,0.011889,0.004395,0.00145,0.001967,0.000335,0.000506,0.000894,0.000319,0.000723,0.00063,0.031662,0.011704,0.003861,0.005238,0.001348,0.00085,0.001678,0.000169,59.26,18.54,0.2376,0.000345,60.0
int_12_24,int_sim_12,INT_0012_3p_cond12_108ms,12,train,Interruption,2,SCENARIO_CONTROLLER,three-phase,"A,B,C",0.0017,0.0009,110.6,0.0432,0.1538,216,769,0.38609,0.803885,2.082118,1.2889,111.2,60.0,62.7011,-13.6,0.375482,0.011894,0.004381,0.001475,0.00199,0.000338,0.000519,0.00091,0.000332,0.000717,0.000631,0.031677,0.011668,0.003928,0.0053,0.001382,0.000884,0.001681,0.000169,59.26,18.54,0.2376,0.000346,60.0
int_12_25,int_sim_12,INT_0012_3p_cond12_108ms,12,train,Interruption,2,SCENARIO_CONTROLLER,three-phase,"A,B,C",0.0017,0.0009,110.6,0.0442,0.1548,221,774,0.386061,0.803885,2.082273,1.2919,111.2,60.0,62.7011,-13.22,0.375455,0.011918,0.004397,0.001471,0.001986,0.000353,0.000498,0.00089,0.000317,0.000732,0.000641,0.031743,0.011711,0.003918,0.00529,0.001326,0.000844,0.001707,0.00017,59.26,18.54,0.2376,0.000346,60.0
int_12_26,int_sim_12,INT_0012_3p_cond12_108ms,12,train,Interruption,2,SCENARIO_CONTROLLER,three-phase,"A,B,C",0.0017,0.0009,110.6,0.0452,0.1558,226,779,0.386027,0.803792,2.082219,1.2974,111.2,60.0,62.7011,-13.12,0.375422,0.01195,0.004428,0.001441,0.00196,0.000327,0.000521,0.000911,0.00033,0.000718,0.00063,0.031831,0.011795,0.003838,0.005221,0.001388,0.000879,0.001678,0.000171,59.26,18.55,0.2376,0.000345,60.0
int_12_27,int_sim_12,INT_0012_3p_cond12_108ms,12,train,Interruption,2,SCENARIO_CONTROLLER,three-phase,"A,B,C",0.0017,0.0009,110.6,0.0462,0.1568,231,784,0.385983,0.803792,2.082456,1.3032,111.2,60.0,62.7011,-13.32,0.375379,0.01198,0.004445,0.001434,0.00198,0.000343,0.000502,0.000884,0.00031,0.000738,0.000645,0.031914,0.011841,0.00382,0.005275,0.001337,0.000826,0.001718,0.000171,59.26,18.55,0.2376,0.000346,60.0
int_12_28,int_sim_12,INT_0012_3p_cond12_108ms,12,train,Interruption,2,SCENARIO_CONTROLLER,three-phase,"A,B,C",0.0017,0.0009,110.6,0.0472,0.1578,236,789,0.385961,0.803792,2.082575,1.3002,111.2,60.0,62.7011,-13.74,0.375358,0.011979,0.004425,0.001461,0.001994,0.000349,0.000509,0.000905,0.000316,0.000734,0.000653,0.031914,0.011789,0.003892,0.005312,0.001356,0.000842,0.00174,0.000171,59.26,18.55,0.2376,0.000345,60.0
int_12_29,int_sim_12,INT_0012_3p_cond12_108ms,12,train,Interruption,2,SCENARIO_CONTROLLER,three-phase,"A,B,C",0.0017,0.0009,110.6,0.0482,0.1588,241,794,0.38595,0.803792,2.082635,1.2933,111.2,60.0,62.7011,-14.14,0.375347,0.011964,0.004404,0.001468,0.001976,0.00033,0.000517,0.000892,0.00031,0.000734,0.000642,0.031875,0.011733,0.003911,0.005264,0.001377,0.000826,0.00171,0.000171,59.26,18.54,0.2376,0.000345,60.0
int_12_30,int_sim_12,INT_0012_3p_cond12_108ms,12,train,Interruption,2,SCENARIO_CONTROLLER,three-phase,"A,B,C",0.0017,0.0009,110.6,0.0492,0.1598,246,799,0.385945,0.803792,2.082662,1.2904,111.2,60.0,62.688,-14.06,0.375342,0.011922,0.004397,0.001431,0.001972,0.00036,0.000489,0.000915,0.000315,0.000751,0.000664,0.031763,0.011715,0.003813,0.005254,0.001303,0.000839,0.001769,0.00017,59.26,18.55,0.2376,0.000346,60.0
int_12_31,int_sim_12,INT_0012_3p_cond12_108ms,12,train,Interruption,2,SCENARIO_CONTROLLER,three-phase,"A,B,C",0.0017,0.0009,110.6,0.0502,0.1608,251,804,0.385957,0.803792,2.082593,1.302,111.2,60.0,62.688,-13.68,0.375354,0.011896,0.00443,0.001425,0.002,0.000345,0.000512,0.00089,0.000332,0.000733,0.000679,0.031693,0.011802,0.003796,0.005328,0.001364,0.000884,0.001809,0.000169,59.26,18.56,0.2376,0.000345,60.0
int_12_32,int_sim_12,INT_0012_3p_cond12_108ms,12,train,Interruption,2,SCENARIO_CONTROLLER,three-phase,"A,B,C",0.0017,0.0009,110.6,0.0512,0.1618,256,809,0.38598,0.803792,2.082469,1.3054,111.2,60.0,62.688,-12.98,0.375376,0.011894,0.004457,0.001456,0.001979,0.00033,0.000485,0.000909,0.000317,0.000746,0.000662,0.031686,0.011873,0.003879,0.005272,0.001292,0.000844,0.001764,0.00017,59.26,18.56,0.2376,0.000345,60.0
int_13_01,int_sim_13,INT_0013_3p_cond13_80ms,13,train,Interruption,2,SCENARIO_CONTROLLER,three-phase,"A,B,C",0.0019,0.0011,84.4,0.0202,0.1046,101,523,0.44221,0.807396,1.825821,1.9648,85.6,60.0,61.9467,-2.06,0.492672,0.016999,0.008661,0.004039,0.004082,0.002055,0.001424,0.002246,0.001731,0.001856,0.001754,0.034504,0.01758,0.008198,0.008285,0.00289,0.003513,0.00356,0.000418,62.16,44.54,0.2088,0.002468,60.0
int_13_02,int_sim_13,INT_0013_3p_cond13_80ms,13,train,Interruption,2,SCENARIO_CONTROLLER,three-phase,"A,B,C",0.0019,0.0011,84.4,0.0212,0.1056,106,528,0.442212,0.807396,1.825814,1.9637,85.6,60.0,61.9467,-2.4,0.492674,0.016997,0.008657,0.004035,0.004079,0.002055,0.00142,0.002245,0.001732,0.00186,0.001757,0.034499,0.017571,0.00819,0.008279,0.002882,0.003516,0.003566,0.000418,62.16,44.54,0.2088,0.002468,60.0
int_13_03,int_sim_13,INT_0013_3p_cond13_80ms,13,train,Interruption,2,SCENARIO_CONTROLLER,three-phase,"A,B,C",0.0019,0.0011,84.4,0.0222,0.1066,111,533,0.442209,0.807396,1.825824,1.9648,85.6,60.0,61.9467,-2.77,0.492671,0.016998,0.008661,0.004039,0.004083,0.002055,0.001422,0.002243,0.001727,0.001855,0.001752,0.034502,0.01758,0.008198,0.008287,0.002886,0.003505,0.003556,0.000418,62.16,44.54,0.2088,0.002467,60.0
int_13_04,int_sim_13,INT_0013_3p_cond13_80ms,13,train,Interruption,2,SCENARIO_CONTROLLER,three-phase,"A,B,C",0.0019,0.0011,84.4,0.0232,0.1076,116,538,0.442208,0.807396,1.825828,1.9651,85.6,60.0,61.9467,-3.01,0.49267,0.016998,0.008665,0.004043,0.004081,0.002047,0.001414,0.002239,0.001734,0.001865,0.00176,0.034502,0.017588,0.008206,0.008283,0.00287,0.00352,0.003572,0.000418,62.16,44.54,0.2088,0.002467,60.0
int_13_05,int_sim_13,INT_0013_3p_cond13_80ms,13,train,Interruption,2,SCENARIO_CONTROLLER,three-phase,"A,B,C",0.0019,0.0011,84.4,0.0242,0.1086,121,543,0.44221,0.807396,1.82582,1.9653,85.6,60.0,61.9464,-3.05,0.492672,0.016994,0.008664,0.004049,0.004088,0.002039,0.001403,0.002233,0.001745,0.001873,0.001757,0.034494,0.017586,0.008218,0.008298,0.002848,0.003542,0.003566,0.000418,62.16,44.54,0.2088,0.002467,60.0
int_13_06,int_sim_13,INT_0013_3p_cond13_80ms,13,train,Interruption,2,SCENARIO_CONTROLLER,three-phase,"A,B,C",0.0019,0.0011,84.4,0.0252,0.1096,126,548,0.44221,0.807396,1.825819,1.9651,85.6,60.0,61.9464,-2.91,0.492673,0.016994,0.008663,0.00405,0.004089,0.002037,0.001401,0.002234,0.001747,0.00187,0.001754,0.034493,0.017584,0.00822,0.0083,0.002844,0.003546,0.00356,0.000418,62.16,44.54,0.2088,0.002467,60.0
int_13_07,int_sim_13,INT_0013_3p_cond13_80ms,13,train,Interruption,2,SCENARIO_CONTROLLER,three-phase,"A,B,C",0.0019,0.0011,84.4,0.0262,0.1106,131,553,0.442212,0.807396,1.825811,1.9658,85.6,60.0,61.9464,-2.73,0.492675,0.016991,0.008668,0.004045,0.004088,0.002044,0.001397,0.002229,0.00176,0.001857,0.00175,0.034487,0.017594,0.00821,0.008298,0.002836,0.003572,0.003552,0.000418,62.16,44.54,0.2088,0.002467,60.0
int_13_08,int_sim_13,INT_0013_3p_cond13_80ms,13,train,Interruption,2,SCENARIO_CONTROLLER,three-phase,"A,B,C",0.0019,0.0011,84.4,0.0272,0.1116,136,558,0.44222,0.807396,1.82578,1.9677,85.6,60.0,61.9464,-2.65,0.492683,0.016983,0.008676,0.004037,0.004094,0.002038,0.001392,0.002235,0.001752,0.001865,0.001742,0.03447,0.01761,0.008194,0.00831,0.002825,0.003556,0.003536,0.000417,62.16,44.53,0.2088,0.002467,60.0
int_13_09,int_sim_13,INT_0013_3p_cond13_80ms,13,train,Interruption,2,SCENARIO_CONTROLLER,three-phase,"A,B,C",0.0019,0.0011,84.4,0.0282,0.1126,141,563,0.442231,0.807396,1.825733,1.9698,85.6,60.0,61.9464,-2.75,0.492696,0.016973,0.008683,0.004027,0.004105,0.002028,0.001398,0.00223,0.001755,0.001863,0.00174,0.034449,0.017623,0.008173,0.008332,0.002837,0.003562,0.003532,0.000417,62.16,44.53,0.2088,0.002467,60.0
int_13_10,int_sim_13,INT_0013_3p_cond13_80ms,13,train,Interruption,2,SCENARIO_CONTROLLER,three-phase,"A,B,C",0.0019,0.0011,84.4,0.0292,0.1136,146,568,0.442235,0.807396,1.825719,1.9691,85.6,60.0,61.9464,-3.02,0.4927,0.016973,0.00868,0.00403,0.004102,0.002032,0.001396,0.002232,0.001753,0.001864,0.00174,0.034449,0.017617,0.008179,0.008326,0.002833,0.003558,0.003532,0.000417,62.16,44.53,0.2088,0.002467,60.0
int_13_11,int_sim_13,INT_0013_3p_cond13_80ms,13,train,Interruption,2,SCENARIO_CONTROLLER,three-phase,"A,B,C",0.0019,0.0011,84.4,0.0302,0.1146,151,573,0.442252,0.807396,1.825646,1.9645,85.6,60.0,61.9464,-3.38,0.492719,0.016989,0.008658,0.004047,0.004096,0.002021,0.001397,0.002221,0.001767,0.001857,0.001745,0.03448,0.017572,0.008214,0.008313,0.002835,0.003586,0.003542,0.000417,62.16,44.53,0.2088,0.002466,60.0
int_13_12,int_sim_13,INT_0013_3p_cond13_80ms,13,train,Interruption,2,SCENARIO_CONTROLLER,three-phase,"A,B,C",0.0019,0.0011,84.4,0.0312,0.1156,156,578,0.442254,0.807396,1.825638,1.965,85.6,60.0,61.9464,-3.67,0.492721,0.016994,0.008659,0.004042,0.0041,0.002022,0.001396,0.002226,0.001764,0.001853,0.00175,0.03449,0.017574,0.008203,0.008321,0.002833,0.00358,0.003552,0.000418,62.16,44.53,0.2088,0.002466,60.0
int_13_13,int_sim_13,INT_0013_3p_cond13_80ms,13,train,Interruption,2,SCENARIO_CONTROLLER,three-phase,"A,B,C",0.0019,0.0011,84.4,0.0322,0.1166,161,583,0.442253,0.807396,1.825641,1.9649,85.6,60.0,62.1009,-4.54,0.49272,0.016992,0.008659,0.004045,0.004098,0.00202,0.001399,0.002224,0.001761,0.001856,0.00175,0.034486,0.017574,0.00821,0.008317,0.002839,0.003574,0.003552,0.000417,62.16,44.53,0.2088,0.002467,60.0
int_13_14,int_sim_13,INT_0013_3p_cond13_80ms,13,train,Interruption,2,SCENARIO_CONTROLLER,three-phase,"A,B,C",0.0019,0.0011,84.4,0.0332,0.1176,166,588,0.44225,0.807396,1.825656,1.9673,85.6,60.0,61.9444,-3.68,0.492716,0.016995,0.008677,0.004053,0.004082,0.002004,0.001416,0.002229,0.001749,0.001846,0.001761,0.034492,0.017611,0.008226,0.008285,0.002874,0.00355,0.003574,0.000418,62.16,44.53,0.2088,0.002467,60.0
int_13_15,int_sim_13,INT_0013_3p_cond13_80ms,13,train,Interruption,2,SCENARIO_CONTROLLER,three-phase,"A,B,C",0.0019,0.0011,84.4,0.0342,0.1186,171,593,0.442244,0.807396,1.825678,1.9677,85.6,60.0,61.9444,-3.49,0.49271,0.01699,0.008677,0.004064,0.004089,0.002003,0.001409,0.00223,0.001757,0.001853,0.001756,0.034483,0.017611,0.008248,0.008299,0.00286,0.003566,0.003564,0.000418,62.16,44.53,0.2088,0.002467,60.0
int_13_16,int_sim_13,INT_0013_3p_cond13_80ms,13,train,Interruption,2,SCENARIO_CONTROLLER,three-phase,"A,B,C",0.0019,0.0011,84.4,0.0352,0.1196,176,598,0.442245,0.807396,1.825677,1.9677,85.6,60.0,61.9444,-3.33,0.49271,0.01699,0.008677,0.004063,0.004088,0.002003,0.001411,0.002232,0.001756,0.00185,0.001752,0.034483,0.017611,0.008246,0.008297,0.002864,0.003564,0.003556,0.000418,62.16,44.53,0.2088,0.002467,60.0
int_13_17,int_sim_13,INT_0013_3p_cond13_80ms,13,train,Interruption,2,SCENARIO_CONTROLLER,three-phase,"A,B,C",0.0019,0.0011,84.4,0.0362,0.1206,181,603,0.442248,0.807396,1.825664,1.9682,85.6,60.0,61.9444,-3.32,0.492714,0.016993,0.008679,0.004065,0.00409,0.002004,0.00141,0.00223,0.001755,0.00185,0.001755,0.034489,0.017615,0.00825,0.008301,0.002862,0.003562,0.003562,0.000418,62.16,44.53,0.2088,0.002467,60.0
int_13_18,int_sim_13,INT_0013_3p_cond13_80ms,13,train,Interruption,2,SCENARIO_CONTROLLER,three-phase,"A,B,C",0.0019,0.0011,84.4,0.0372,0.1216,186,608,0.442242,0.807396,1.825687,1.9676,85.6,60.0,61.9444,-3.51,0.492707,0.016989,0.008678,0.004062,0.004086,0.002002,0.001404,0.002224,0.001748,0.001842,0.00175,0.034481,0.017613,0.008244,0.008293,0.00285,0.003548,0.003552,0.000418,62.16,44.53,0.2088,0.002467,60.0
int_13_19,int_sim_13,INT_0013_3p_cond13_80ms,13,train,Interruption,2,SCENARIO_CONTROLLER,three-phase,"A,B,C",0.0019,0.0011,84.4,0.0382,0.1226,191,613,0.442242,0.807396,1.825686,1.9677,85.6,60.0,61.9444,-3.83,0.492708,0.016987,0.008677,0.004062,0.004089,0.002008,0.001408,0.002232,0.001757,0.001847,0.001756,0.034477,0.017611,0.008244,0.008299,0.002858,0.003566,0.003564,0.000418,62.16,44.53,0.2088,0.002467,60.0
int_13_20,int_sim_13,INT_0013_3p_cond13_80ms,13,train,Interruption,2,SCENARIO_CONTROLLER,three-phase,"A,B,C",0.0019,0.0011,84.4,0.0392,0.1236,196,618,0.442239,0.807396,1.8257,1.9689,85.6,60.0,61.9444,-4.15,0.492704,0.016989,0.008683,0.004068,0.004091,0.002001,0.001404,0.002221,0.001748,0.001849,0.00176,0.034481,0.017623,0.008256,0.008303,0.00285,0.003548,0.003572,0.000418,62.16,44.53,0.2088,0.002467,60.0
int_13_21,int_sim_13,INT_0013_3p_cond13_80ms,13,train,Interruption,2,SCENARIO_CONTROLLER,three-phase,"A,B,C",0.0019,0.0011,84.4,0.0402,0.1246,201,623,0.442237,0.807396,1.825709,1.9683,85.6,60.0,61.9444,-4.33,0.492702,0.016995,0.00868,0.004062,0.004088,0.002006,0.001408,0.002224,0.001746,0.001846,0.001758,0.034493,0.017617,0.008244,0.008297,0.002858,0.003544,0.003568,0.000418,62.16,44.53,0.2088,0.002467,60.0
int_13_22,int_sim_13,INT_0013_3p_cond13_80ms,13,train,Interruption,2,SCENARIO_CONTROLLER,three-phase,"A,B,C",0.0019,0.0011,84.4,0.0412,0.1256,206,628,0.442236,0.807396,1.825711,1.9679,85.6,60.0,61.9433,-4.3,0.492701,0.016998,0.008677,0.004059,0.004091,0.002009,0.001411,0.00222,0.001743,0.00185,0.001762,0.0345,0.017611,0.008238,0.008303,0.002864,0.003538,0.003576,0.000418,62.16,44.53,0.2088,0.002467,60.0
int_13_23,int_sim_13,INT_0013_3p_cond13_80ms,13,train,Interruption,2,SCENARIO_CONTROLLER,three-phase,"A,B,C",0.0019,0.0011,84.4,0.0422,0.1266,211,633,0.442238,0.807396,1.825705,1.9679,85.6,60.0,61.9433,-4.11,0.492703,0.016996,0.008678,0.004063,0.004087,0.00201,0.001416,0.00222,0.001737,0.001856,0.001767,0.034495,0.017613,0.008246,0.008295,0.002874,0.003525,0.003586,0.000418,62.16,44.53,0.2088,0.002467,60.0
int_13_24,int_sim_13,INT_0013_3p_cond13_80ms,13,train,Interruption,2,SCENARIO_CONTROLLER,three-phase,"A,B,C",0.0019,0.0011,84.4,0.0432,0.1276,216,638,0.442247,0.807396,1.825668,1.9689,85.6,60.0,61.9433,-3.89,0.492713,0.016984,0.008688,0.004064,0.004078,0.00202,0.001418,0.002214,0.001745,0.001851,0.001765,0.03447,0.017633,0.008248,0.008277,0.002878,0.003542,0.003582,0.000418,62.16,44.53,0.2088,0.002467,60.0
int_13_25,int_sim_13,INT_0013_3p_cond13_80ms,13,train,Interruption,2,SCENARIO_CONTROLLER,three-phase,"A,B,C",0.0019,0.0011,84.4,0.0442,0.1286,221,643,0.442253,0.807396,1.825643,1.9702,85.6,60.0,61.9433,-3.78,0.49272,0.016976,0.008695,0.004059,0.004079,0.002021,0.00141,0.00222,0.001741,0.001853,0.001771,0.034454,0.017647,0.008238,0.008279,0.002862,0.003533,0.003594,0.000418,62.16,44.53,0.2088,0.002466,60.0
int_13_26,int_sim_13,INT_0013_3p_cond13_80ms,13,train,Interruption,2,SCENARIO_CONTROLLER,three-phase,"A,B,C",0.0019,0.0011,84.4,0.0452,0.1296,226,648,0.442255,0.807396,1.825635,1.9713,85.6,60.0,61.9433,-3.87,0.492722,0.016974,0.008698,0.004055,0.004084,0.002015,0.001414,0.002216,0.001746,0.001846,0.001772,0.034449,0.017653,0.00823,0.008289,0.00287,0.003544,0.003596,0.000417,62.16,44.53,0.2088,0.002467,60.0
int_13_27,int_sim_13,INT_0013_3p_cond13_80ms,13,train,Interruption,2,SCENARIO_CONTROLLER,three-phase,"A,B,C",0.0019,0.0011,84.4,0.0462,0.1306,231,653,0.442261,0.807396,1.825609,1.9694,85.6,60.0,61.9433,-4.12,0.492729,0.016977,0.008691,0.004061,0.004079,0.002017,0.00141,0.002217,0.001748,0.001841,0.001778,0.034455,0.017638,0.008242,0.008278,0.002862,0.003548,0.003608,0.000417,62.16,44.53,0.2088,0.002466,60.0
int_13_28,int_sim_13,INT_0013_3p_cond13_80ms,13,train,Interruption,2,SCENARIO_CONTROLLER,three-phase,"A,B,C",0.0019,0.0011,84.4,0.0472,0.1316,236,658,0.442256,0.807396,1.825632,1.9702,85.6,60.0,61.9433,-4.43,0.492722,0.01697,0.008698,0.004058,0.004076,0.002024,0.001404,0.002224,0.001743,0.00184,0.00178,0.034441,0.017653,0.008236,0.008272,0.002849,0.003537,0.003613,0.000417,62.16,44.53,0.2088,0.002466,60.0
int_13_29,int_sim_13,INT_0013_3p_cond13_80ms,13,train,Interruption,2,SCENARIO_CONTROLLER,three-phase,"A,B,C",0.0019,0.0011,84.4,0.0482,0.1326,241,663,0.442256,0.807396,1.82563,1.9706,85.6,60.0,61.9433,-4.67,0.492723,0.016972,0.0087,0.004055,0.004077,0.002028,0.0014,0.002227,0.001746,0.001835,0.001783,0.034445,0.017657,0.00823,0.008274,0.002841,0.003544,0.003619,0.000417,62.16,44.53,0.2088,0.002466,60.0
int_13_30,int_sim_13,INT_0013_3p_cond13_80ms,13,train,Interruption,2,SCENARIO_CONTROLLER,three-phase,"A,B,C",0.0019,0.0011,84.4,0.0492,0.1336,246,668,0.442255,0.807396,1.825634,1.9696,85.6,60.0,61.9469,-4.74,0.492722,0.016965,0.008691,0.004061,0.004082,0.002022,0.001405,0.002233,0.001741,0.00183,0.00179,0.034431,0.017639,0.008242,0.008285,0.002852,0.003533,0.003633,0.000417,62.16,44.52,0.2088,0.002466,60.0
int_13_31,int_sim_13,INT_0013_3p_cond13_80ms,13,train,Interruption,2,SCENARIO_CONTROLLER,three-phase,"A,B,C",0.0019,0.0011,84.4,0.0502,0.1346,251,673,0.442251,0.807396,1.825651,1.9707,85.6,60.0,61.9469,-4.58,0.492717,0.016963,0.008697,0.004073,0.004081,0.002011,0.001409,0.002245,0.001748,0.001824,0.001782,0.034427,0.017651,0.008266,0.008283,0.00286,0.003548,0.003617,0.000417,62.16,44.52,0.2088,0.002467,60.0
int_13_32,int_sim_13,INT_0013_3p_cond13_80ms,13,train,Interruption,2,SCENARIO_CONTROLLER,three-phase,"A,B,C",0.0019,0.0011,84.4,0.0512,0.1356,256,678,0.442251,0.807396,1.82565,1.971,85.6,60.0,61.9469,-4.33,0.492718,0.016963,0.008699,0.004075,0.004081,0.002009,0.001408,0.002248,0.001752,0.001828,0.001779,0.034427,0.017655,0.00827,0.008283,0.002858,0.003556,0.003611,0.000417,62.16,44.53,0.2088,0.002467,60.0
int_14_01,int_sim_14,INT_0014_3p_cond14_63ms,14,train,Interruption,2,SCENARIO_CONTROLLER,three-phase,"A,B,C",0.0015,0.0009,68.0,0.0202,0.0882,101,441,0.475611,0.887485,1.865992,1.6987,68.8,60.0,61.6437,0.31,0.564473,0.016931,0.008468,0.004121,0.004061,0.001594,0.001936,0.002579,0.002001,0.001838,0.002245,0.029994,0.015002,0.007301,0.007194,0.00343,0.003545,0.003977,0.000417,62.61,53.21,0.1863,0.003278,60.0
int_14_02,int_sim_14,INT_0014_3p_cond14_63ms,14,train,Interruption,2,SCENARIO_CONTROLLER,three-phase,"A,B,C",0.0015,0.0009,68.0,0.0212,0.0892,106,446,0.475607,0.887485,1.866005,1.7002,68.8,60.0,61.6437,0.05,0.564468,0.016934,0.008473,0.004127,0.004066,0.001597,0.001942,0.002584,0.002004,0.001836,0.002246,0.03,0.015011,0.007311,0.007203,0.00344,0.00355,0.003979,0.000418,62.61,53.21,0.1863,0.003278,60.0
int_14_03,int_sim_14,INT_0014_3p_cond14_63ms,14,train,Interruption,2,SCENARIO_CONTROLLER,three-phase,"A,B,C",0.0015,0.0009,68.0,0.0222,0.0902,111,451,0.475622,0.887485,1.865949,1.6973,68.8,60.0,61.6437,-0.25,0.564485,0.016917,0.008454,0.004114,0.004067,0.001611,0.001947,0.002596,0.002014,0.001838,0.002247,0.029969,0.014976,0.007288,0.007205,0.003449,0.003568,0.003981,0.000417,62.61,53.21,0.1863,0.003278,60.0
int_14_04,int_sim_14,INT_0014_3p_cond14_63ms,14,train,Interruption,2,SCENARIO_CONTROLLER,three-phase,"A,B,C",0.0015,0.0009,68.0,0.0232,0.0912,116,456,0.47562,0.887485,1.865953,1.6969,68.8,60.0,61.6437,-0.47,0.564484,0.016921,0.008452,0.004109,0.004063,0.001614,0.001949,0.002603,0.002018,0.001833,0.00224,0.029976,0.014973,0.007279,0.007198,0.003453,0.003575,0.003968,0.000417,62.61,53.21,0.1863,0.003278,60.0
int_14_05,int_sim_14,INT_0014_3p_cond14_63ms,14,train,Interruption,2,SCENARIO_CONTROLLER,three-phase,"A,B,C",0.0015,0.0009,68.0,0.0242,0.0922,121,461,0.47562,0.887485,1.865954,1.6961,68.8,60.0,61.6424,-0.51,0.564484,0.016926,0.008444,0.004104,0.004069,0.001617,0.001951,0.002596,0.002016,0.001839,0.002244,0.029985,0.014959,0.00727,0.007208,0.003456,0.003571,0.003975,0.000417,62.61,53.21,0.1863,0.003277,60.0
int_14_06,int_sim_14,INT_0014_3p_cond14_63ms,14,train,Interruption,2,SCENARIO_CONTROLLER,three-phase,"A,B,C",0.0015,0.0009,68.0,0.0252,0.0932,126,466,0.47562,0.887485,1.865954,1.6963,68.8,60.0,61.6424,-0.38,0.564484,0.016925,0.008446,0.004105,0.004067,0.001618,0.001953,0.002597,0.002013,0.00184,0.002247,0.029983,0.014962,0.007272,0.007205,0.00346,0.003566,0.003981,0.000417,62.61,53.21,0.1863,0.003277,60.0
int_14_07,int_sim_14,INT_0014_3p_cond14_63ms,14,train,Interruption,2,SCENARIO_CONTROLLER,three-phase,"A,B,C",0.0015,0.0009,68.0,0.0262,0.0942,131,471,0.475626,0.887485,1.865929,1.6968,68.8,60.0,61.6424,-0.2,0.564491,0.016917,0.008452,0.004109,0.004057,0.001628,0.00196,0.002587,0.002021,0.001836,0.002238,0.029969,0.014973,0.007279,0.007187,0.003472,0.00358,0.003965,0.000417,62.61,53.21,0.1863,0.003277,60.0
int_14_08,int_sim_14,INT_0014_3p_cond14_63ms,14,train,Interruption,2,SCENARIO_CONTROLLER,three-phase,"A,B,C",0.0015,0.0009,68.0,0.0272,0.0952,136,476,0.475623,0.887485,1.865941,1.6963,68.8,60.0,61.6424,-0.08,0.564488,0.01692,0.008449,0.004112,0.004056,0.001629,0.001964,0.002584,0.002023,0.001834,0.002237,0.029974,0.014968,0.007284,0.007185,0.003479,0.003584,0.003963,0.000417,62.61,53.21,0.1863,0.003277,60.0
int_14_09,int_sim_14,INT_0014_3p_cond14_63ms,14,train,Interruption,2,SCENARIO_CONTROLLER,three-phase,"A,B,C",0.0015,0.0009,68.0,0.0282,0.0962,141,481,0.475634,0.887485,1.865899,1.6984,68.8,60.0,61.6424,-0.11,0.5645,0.01691,0.008456,0.004101,0.004067,0.001618,0.001967,0.002581,0.002022,0.001834,0.00223,0.029956,0.01498,0.007265,0.007205,0.003484,0.003582,0.00395,0.000416,62.61,53.2,0.1863,0.003277,60.0
int_14_10,int_sim_14,INT_0014_3p_cond14_63ms,14,train,Interruption,2,SCENARIO_CONTROLLER,three-phase,"A,B,C",0.0015,0.0009,68.0,0.0292,0.0972,146,486,0.475645,0.887485,1.865858,1.6959,68.8,60.0,61.6424,-0.31,0.564513,0.01691,0.008447,0.004109,0.004056,0.001631,0.001961,0.002591,0.002011,0.001846,0.002219,0.029955,0.014963,0.007279,0.007185,0.003474,0.003562,0.003931,0.000416,62.61,53.2,0.1863,0.003277,60.0
int_14_11,int_sim_14,INT_0014_3p_cond14_63ms,14,train,Interruption,2,SCENARIO_CONTROLLER,three-phase,"A,B,C",0.0015,0.0009,68.0,0.0302,0.0982,151,491,0.475649,0.887485,1.865841,1.6948,68.8,60.0,61.6424,-0.6,0.564518,0.016914,0.008442,0.004114,0.004053,0.00163,0.001959,0.002591,0.002012,0.001845,0.002218,0.029962,0.014954,0.007288,0.00718,0.00347,0.003564,0.003929,0.000416,62.61,53.2,0.1863,0.003277,60.0
int_14_12,int_sim_14,INT_0014_3p_cond14_63ms,14,train,Interruption,2,SCENARIO_CONTROLLER,three-phase,"A,B,C",0.0015,0.0009,68.0,0.0312,0.0992,156,496,0.475648,0.887485,1.865844,1.6945,68.8,60.0,61.6424,-0.85,0.564517,0.016911,0.008441,0.004117,0.004051,0.001628,0.00196,0.002587,0.002013,0.001849,0.002214,0.029957,0.014953,0.007293,0.007176,0.003472,0.003566,0.003922,0.000416,62.61,53.2,0.1863,0.003277,60.0
int_14_13,int_sim_14,INT_0014_3p_cond14_63ms,14,train,Interruption,2,SCENARIO_CONTROLLER,three-phase,"A,B,C",0.0015,0.0009,68.0,0.0322,0.1002,161,501,0.475649,0.887485,1.865842,1.6946,68.8,60.0,61.752,-1.44,0.564517,0.016913,0.008441,0.004116,0.004052,0.001629,0.00196,0.002588,0.002013,0.001849,0.002214,0.02996,0.014953,0.007291,0.007178,0.003472,0.003566,0.003922,0.000416,62.61,53.2,0.1863,0.003277,60.0
int_14_14,int_sim_14,INT_0014_3p_cond14_63ms,14,train,Interruption,2,SCENARIO_CONTROLLER,three-phase,"A,B,C",0.0015,0.0009,68.0,0.0332,0.1012,166,506,0.475649,0.887485,1.86584,1.6944,68.8,60.0,61.6398,-0.86,0.564518,0.016913,0.00844,0.004114,0.004052,0.001632,0.001958,0.002584,0.002014,0.001854,0.002212,0.02996,0.014951,0.007288,0.007178,0.003468,0.003568,0.003918,0.000416,62.61,53.2,0.1863,0.003277,60.0
int_14_15,int_sim_14,INT_0014_3p_cond14_63ms,14,train,Interruption,2,SCENARIO_CONTROLLER,three-phase,"A,B,C",0.0015,0.0009,68.0,0.0342,0.1022,171,511,0.475646,0.887485,1.865854,1.6952,68.8,60.0,61.6398,-0.68,0.564514,0.01691,0.008445,0.004124,0.004053,0.001624,0.001959,0.002592,0.00202,0.001854,0.002206,0.029955,0.01496,0.007305,0.00718,0.00347,0.003578,0.003908,0.000416,62.61,53.2,0.1863,0.003277,60.0
int_14_16,int_sim_14,INT_0014_3p_cond14_63ms,14,train,Interruption,2,SCENARIO_CONTROLLER,three-phase,"A,B,C",0.0015,0.0009,68.0,0.0352,0.1032,176,516,0.47564,0.887485,1.865874,1.6946,68.8,60.0,61.6398,-0.51,0.564508,0.016903,0.008439,0.004123,0.004056,0.001629,0.00196,0.002591,0.002017,0.001852,0.002204,0.029943,0.014949,0.007304,0.007185,0.003472,0.003573,0.003904,0.000416,62.61,53.21,0.1863,0.003277,60.0
int_14_17,int_sim_14,INT_0014_3p_cond14_63ms,14,train,Interruption,2,SCENARIO_CONTROLLER,three-phase,"A,B,C",0.0015,0.0009,68.0,0.0362,0.1042,181,521,0.475654,0.887485,1.865822,1.6973,68.8,60.0,61.6398,-0.47,0.564523,0.016917,0.008449,0.004137,0.00407,0.001642,0.001963,0.002594,0.002017,0.001854,0.002197,0.029967,0.014967,0.007328,0.00721,0.003477,0.003573,0.003892,0.000417,62.61,53.2,0.1863,0.003277,60.0
int_14_18,int_sim_14,INT_0014_3p_cond14_63ms,14,train,Interruption,2,SCENARIO_CONTROLLER,three-phase,"A,B,C",0.0015,0.0009,68.0,0.0372,0.1052,186,526,0.475644,0.887485,1.865861,1.6963,68.8,60.0,61.6398,-0.6,0.564512,0.01691,0.008447,0.004132,0.004066,0.00164,0.001951,0.002583,0.002006,0.001845,0.002187,0.029955,0.014963,0.00732,0.007203,0.003456,0.003554,0.003874,0.000416,62.61,53.2,0.1863,0.003277,60.0
int_14_19,int_sim_14,INT_0014_3p_cond14_63ms,14,train,Interruption,2,SCENARIO_CONTROLLER,three-phase,"A,B,C",0.0015,0.0009,68.0,0.0382,0.1062,191,531,0.475652,0.887485,1.865829,1.6937,68.8,60.0,61.6398,-0.85,0.564521,0.016907,0.008438,0.004122,0.004056,0.001633,0.001942,0.002576,0.002,0.001846,0.002186,0.029949,0.014947,0.007302,0.007185,0.00344,0.003543,0.003872,0.000416,62.61,53.2,0.1863,0.003277,60.0
int_14_20,int_sim_14,INT_0014_3p_cond14_63ms,14,train,Interruption,2,SCENARIO_CONTROLLER,three-phase,"A,B,C",0.0015,0.0009,68.0,0.0392,0.1072,196,536,0.475651,0.887485,1.865832,1.694,68.8,60.0,61.6398,-1.12,0.56452,0.016907,0.008439,0.004124,0.004057,0.001632,0.001941,0.002573,0.001996,0.001845,0.002185,0.029949,0.014949,0.007305,0.007187,0.003438,0.003536,0.003871,0.000416,62.61,53.2,0.1863,0.003277,60.0
int_14_21,int_sim_14,INT_0014_3p_cond14_63ms,14,train,Interruption,2,SCENARIO_CONTROLLER,three-phase,"A,B,C",0.0015,0.0009,68.0,0.0402,0.1082,201,541,0.47565,0.887485,1.865838,1.6934,68.8,60.0,61.6398,-1.28,0.564519,0.016914,0.008434,0.004115,0.004056,0.001641,0.001951,0.002577,0.00199,0.001836,0.00218,0.029962,0.01494,0.007289,0.007185,0.003456,0.003525,0.003862,0.000416,62.61,53.2,0.1863,0.003277,60.0
int_14_22,int_sim_14,INT_0014_3p_cond14_63ms,14,train,Interruption,2,SCENARIO_CONTROLLER,three-phase,"A,B,C",0.0015,0.0009,68.0,0.0412,0.1092,206,546,0.475651,0.887485,1.865833,1.6939,68.8,60.0,61.6393,-1.26,0.56452,0.016907,0.008442,0.004124,0.00405,0.001631,0.001942,0.002588,0.002,0.001823,0.002167,0.029949,0.014954,0.007305,0.007174,0.00344,0.003543,0.003839,0.000416,62.61,53.2,0.1863,0.003277,60.0
int_14_23,int_sim_14,INT_0014_3p_cond14_63ms,14,train,Interruption,2,SCENARIO_CONTROLLER,three-phase,"A,B,C",0.0015,0.0009,68.0,0.0422,0.1102,211,551,0.475649,0.887485,1.865842,1.6944,68.8,60.0,61.6393,-1.09,0.564517,0.016909,0.008445,0.004119,0.004051,0.001635,0.001944,0.002584,0.002002,0.001824,0.002164,0.029953,0.01496,0.007297,0.007176,0.003444,0.003546,0.003833,0.000416,62.61,53.2,0.1863,0.003277,60.0
int_14_24,int_sim_14,INT_0014_3p_cond14_63ms,14,train,Interruption,2,SCENARIO_CONTROLLER,three-phase,"A,B,C",0.0015,0.0009,68.0,0.0432,0.1112,216,556,0.475657,0.887485,1.865811,1.6955,68.8,60.0,61.6393,-0.89,0.564526,0.016898,0.008455,0.004118,0.004043,0.001647,0.001944,0.002577,0.002016,0.00181,0.002162,0.029933,0.014977,0.007295,0.007162,0.003444,0.003571,0.00383,0.000415,62.61,53.2,0.1863,0.003277,60.0
int_14_25,int_sim_14,INT_0014_3p_cond14_63ms,14,train,Interruption,2,SCENARIO_CONTROLLER,three-phase,"A,B,C",0.0015,0.0009,68.0,0.0442,0.1122,221,561,0.475656,0.887485,1.865814,1.6956,68.8,60.0,61.6393,-0.78,0.564526,0.0169,0.008453,0.004117,0.004047,0.001641,0.001948,0.002574,0.002012,0.001816,0.002148,0.029937,0.014974,0.007293,0.007169,0.003451,0.003564,0.003805,0.000415,62.61,53.2,0.1863,0.003277,60.0
int_14_26,int_sim_14,INT_0014_3p_cond14_63ms,14,train,Interruption,2,SCENARIO_CONTROLLER,three-phase,"A,B,C",0.0015,0.0009,68.0,0.0452,0.1132,226,566,0.475662,0.887485,1.86579,1.6959,68.8,60.0,61.6393,-0.83,0.564533,0.016896,0.008453,0.004115,0.004049,0.001641,0.001955,0.002569,0.002017,0.001812,0.002153,0.029929,0.014973,0.007289,0.007172,0.003463,0.003573,0.003814,0.000415,62.61,53.2,0.1863,0.003276,60.0
int_14_27,int_sim_14,INT_0014_3p_cond14_63ms,14,train,Interruption,2,SCENARIO_CONTROLLER,three-phase,"A,B,C",0.0015,0.0009,68.0,0.0462,0.1142,231,571,0.475659,0.887485,1.865802,1.6971,68.8,60.0,61.6393,-1.04,0.564529,0.016896,0.008456,0.004111,0.004055,0.001633,0.00196,0.002559,0.00203,0.0018,0.002168,0.029929,0.014979,0.007282,0.007183,0.003472,0.003596,0.00384,0.000415,62.61,53.2,0.1863,0.003277,60.0
int_14_28,int_sim_14,INT_0014_3p_cond14_63ms,14,train,Interruption,2,SCENARIO_CONTROLLER,three-phase,"A,B,C",0.0015,0.0009,68.0,0.0472,0.1152,236,576,0.475665,0.887485,1.865779,1.696,68.8,60.0,61.6393,-1.31,0.564536,0.016903,0.008448,0.004116,0.004056,0.001625,0.001964,0.00255,0.002037,0.001799,0.002169,0.029941,0.014965,0.007291,0.007185,0.003479,0.003608,0.003842,0.000416,62.61,53.19,0.1863,0.003277,60.0
int_14_29,int_sim_14,INT_0014_3p_cond14_63ms,14,train,Interruption,2,SCENARIO_CONTROLLER,three-phase,"A,B,C",0.0015,0.0009,68.0,0.0482,0.1162,241,581,0.47567,0.887485,1.86576,1.6964,68.8,60.0,61.6393,-1.51,0.564542,0.016913,0.008443,0.004115,0.004066,0.001616,0.001975,0.002551,0.002027,0.001808,0.002163,0.029959,0.014955,0.007289,0.007202,0.003498,0.003591,0.003831,0.000416,62.61,53.19,0.1863,0.003277,60.0
int_14_30,int_sim_14,INT_0014_3p_cond14_63ms,14,train,Interruption,2,SCENARIO_CONTROLLER,three-phase,"A,B,C",0.0015,0.0009,68.0,0.0492,0.1172,246,586,0.47567,0.887485,1.865759,1.6961,68.8,60.0,61.6454,-1.58,0.564542,0.016911,0.00844,0.004116,0.004069,0.001616,0.001975,0.002554,0.002028,0.001805,0.002164,0.029955,0.01495,0.007291,0.007208,0.003498,0.003592,0.003833,0.000416,62.61,53.19,0.1863,0.003276,60.0
int_14_31,int_sim_14,INT_0014_3p_cond14_63ms,14,train,Interruption,2,SCENARIO_CONTROLLER,three-phase,"A,B,C",0.0015,0.0009,68.0,0.0502,0.1182,251,591,0.475668,0.887485,1.865768,1.6972,68.8,60.0,61.6454,-1.45,0.564539,0.016912,0.008448,0.004121,0.004062,0.001608,0.001982,0.002558,0.002022,0.0018,0.002168,0.029957,0.014964,0.0073,0.007195,0.003511,0.003582,0.00384,0.000416,62.61,53.19,0.1863,0.003276,60.0
int_14_32,int_sim_14,INT_0014_3p_cond14_63ms,14,train,Interruption,2,SCENARIO_CONTROLLER,three-phase,"A,B,C",0.0015,0.0009,68.0,0.0512,0.1192,256,596,0.475671,0.887485,1.865756,1.6971,68.8,60.0,61.6454,-1.24,0.564543,0.016916,0.008449,0.004116,0.004058,0.001607,0.001985,0.002559,0.002021,0.001799,0.002169,0.029964,0.014966,0.007291,0.007188,0.003516,0.00358,0.003842,0.000416,62.61,53.19,0.1863,0.003276,60.0
int_15_01,int_sim_15,INT_0015_3p_cond15_87ms,15,train,Interruption,2,SCENARIO_CONTROLLER,three-phase,"A,B,C",0.0016,0.0009,90.6,0.02,0.1106,100,553,0.449338,0.858833,1.91133,1.1639,90.0,60.0,61.1325,0.16,0.489301,0.002721,0.004113,0.004056,0.003416,0.0018,0.001962,0.002019,0.001962,0.002028,0.001637,0.005561,0.008406,0.008289,0.006981,0.00401,0.00401,0.003346,7.4e-05,61.74,43.4,0.2154,0.002339,60.0
int_15_02,int_sim_15,INT_0015_3p_cond15_87ms,15,train,Interruption,2,SCENARIO_CONTROLLER,three-phase,"A,B,C",0.0016,0.0009,90.6,0.021,0.1116,105,558,0.449323,0.858833,1.911393,1.16,90.0,60.0,61.1325,-0.03,0.489285,0.002732,0.004099,0.00407,0.003401,0.001814,0.00196,0.002015,0.001972,0.002019,0.001646,0.005584,0.008378,0.008318,0.006951,0.004006,0.00403,0.003364,7.4e-05,61.74,43.4,0.2154,0.002339,60.0
int_15_03,int_sim_15,INT_0015_3p_cond15_87ms,15,train,Interruption,2,SCENARIO_CONTROLLER,three-phase,"A,B,C",0.0016,0.0009,90.6,0.022,0.1126,110,563,0.449312,0.858833,1.911438,1.1613,90.0,60.0,61.1325,-0.27,0.489274,0.002731,0.004103,0.004064,0.003408,0.001809,0.00196,0.002015,0.001972,0.002019,0.001649,0.005582,0.008386,0.008306,0.006965,0.004006,0.00403,0.00337,7.4e-05,61.74,43.4,0.2154,0.002339,60.0
int_15_04,int_sim_15,INT_0015_3p_cond15_87ms,15,train,Interruption,2,SCENARIO_CONTROLLER,three-phase,"A,B,C",0.0016,0.0009,90.6,0.023,0.1136,115,568,0.449302,0.858833,1.911483,1.167,90.0,60.0,61.1325,-0.46,0.489262,0.002715,0.004125,0.004044,0.00342,0.001804,0.001972,0.002009,0.001975,0.002027,0.001644,0.005549,0.008431,0.008266,0.00699,0.004031,0.004037,0.00336,7.4e-05,61.74,43.4,0.2154,0.00234,60.0
int_15_05,int_sim_15,INT_0015_3p_cond15_87ms,15,train,Interruption,2,SCENARIO_CONTROLLER,three-phase,"A,B,C",0.0016,0.0009,90.6,0.024,0.1146,120,573,0.449301,0.858833,1.911486,1.1663,90.0,60.0,61.1281,-0.49,0.489262,0.002708,0.004129,0.004047,0.003413,0.00181,0.001966,0.002011,0.001977,0.00202,0.001652,0.005535,0.008439,0.008272,0.006976,0.004018,0.004041,0.003377,7.4e-05,61.74,43.4,0.2154,0.00234,60.0
int_15_06,int_sim_15,INT_0015_3p_cond15_87ms,15,train,Interruption,2,SCENARIO_CONTROLLER,three-phase,"A,B,C",0.0016,0.0009,90.6,0.025,0.1156,125,578,0.449303,0.858833,1.911478,1.1663,90.0,60.0,61.1281,-0.4,0.489264,0.002705,0.004125,0.004051,0.003415,0.001805,0.00197,0.002011,0.001973,0.002021,0.001653,0.005529,0.008431,0.00828,0.00698,0.004026,0.004033,0.003379,7.4e-05,61.74,43.4,0.2154,0.00234,60.0
int_15_07,int_sim_15,INT_0015_3p_cond15_87ms,15,train,Interruption,2,SCENARIO_CONTROLLER,three-phase,"A,B,C",0.0016,0.0009,90.6,0.026,0.1166,130,583,0.449306,0.858833,1.911465,1.166,90.0,60.0,61.1281,-0.23,0.489267,0.002702,0.004118,0.004053,0.003422,0.001802,0.001968,0.002018,0.001971,0.002014,0.001658,0.005523,0.008417,0.008284,0.006994,0.004022,0.004028,0.003389,7.4e-05,61.74,43.39,0.2154,0.00234,60.0
int_15_08,int_sim_15,INT_0015_3p_cond15_87ms,15,train,Interruption,2,SCENARIO_CONTROLLER,three-phase,"A,B,C",0.0016,0.0009,90.6,0.027,0.1176,135,588,0.449307,0.858833,1.911459,1.1654,90.0,60.0,61.1281,-0.1,0.489269,0.002702,0.004114,0.00405,0.003425,0.001808,0.001964,0.002012,0.001974,0.002021,0.001658,0.005523,0.008408,0.008278,0.007,0.004014,0.004035,0.003389,7.4e-05,61.74,43.39,0.2154,0.00234,60.0
int_15_09,int_sim_15,INT_0015_3p_cond15_87ms,15,train,Interruption,2,SCENARIO_CONTROLLER,three-phase,"A,B,C",0.0016,0.0009,90.6,0.028,0.1186,140,593,0.449311,0.858833,1.911443,1.1651,90.0,60.0,61.1281,-0.1,0.489273,0.002706,0.004114,0.004045,0.003418,0.001804,0.001972,0.002019,0.001971,0.002015,0.001651,0.005531,0.008408,0.008267,0.006986,0.00403,0.004028,0.003374,7.4e-05,61.74,43.39,0.2154,0.002339,60.0
int_15_10,int_sim_15,INT_0015_3p_cond15_87ms,15,train,Interruption,2,SCENARIO_CONTROLLER,three-phase,"A,B,C",0.0016,0.0009,90.6,0.029,0.1196,145,598,0.449323,0.858833,1.911392,1.1678,90.0,60.0,61.1281,-0.24,0.489286,0.002717,0.004126,0.004057,0.003429,0.001812,0.001967,0.002011,0.001963,0.002008,0.001652,0.005553,0.008433,0.008292,0.007008,0.00402,0.004012,0.003376,7.4e-05,61.74,43.39,0.2154,0.002339,60.0
int_15_11,int_sim_15,INT_0015_3p_cond15_87ms,15,train,Interruption,2,SCENARIO_CONTROLLER,three-phase,"A,B,C",0.0016,0.0009,90.6,0.03,0.1206,150,603,0.44933,0.858833,1.911362,1.169,90.0,60.0,61.1281,-0.46,0.489293,0.002719,0.004128,0.004059,0.003431,0.001815,0.001976,0.002021,0.001973,0.002018,0.00166,0.005557,0.008437,0.008296,0.007012,0.004038,0.004032,0.003393,7.5e-05,61.74,43.39,0.2154,0.002339,60.0
int_15_12,int_sim_15,INT_0015_3p_cond15_87ms,15,train,Interruption,2,SCENARIO_CONTROLLER,three-phase,"A,B,C",0.0016,0.0009,90.6,0.031,0.1216,155,608,0.449344,0.858833,1.911303,1.1623,90.0,60.0,61.1281,-0.67,0.489308,0.002707,0.004109,0.004037,0.003409,0.001797,0.001958,0.002004,0.001958,0.002007,0.001648,0.005532,0.008398,0.00825,0.006967,0.004002,0.004002,0.003368,7.4e-05,61.74,43.38,0.2154,0.002338,60.0
int_15_13,int_sim_15,INT_0015_3p_cond15_87ms,15,train,Interruption,2,SCENARIO_CONTROLLER,three-phase,"A,B,C",0.0016,0.0009,90.6,0.032,0.1226,160,613,0.449347,0.858833,1.911291,1.1628,90.0,60.0,61.1281,-0.77,0.489311,0.002692,0.004098,0.004038,0.003421,0.00181,0.00197,0.002014,0.001963,0.002002,0.001643,0.005502,0.008375,0.008252,0.006991,0.004026,0.004012,0.003358,7.4e-05,61.74,43.39,0.2154,0.002338,60.0
int_15_14,int_sim_15,INT_0015_3p_cond15_87ms,15,train,Interruption,2,SCENARIO_CONTROLLER,three-phase,"A,B,C",0.0016,0.0009,90.6,0.033,0.1236,165,618,0.449346,0.858833,1.911294,1.1639,90.0,60.0,61.1346,-0.73,0.48931,0.002679,0.004097,0.00405,0.003432,0.001809,0.001968,0.002001,0.00195,0.002004,0.001649,0.005475,0.008373,0.008277,0.007014,0.004022,0.003985,0.00337,7.4e-05,61.74,43.39,0.2154,0.002338,60.0
int_15_15,int_sim_15,INT_0015_3p_cond15_87ms,15,train,Interruption,2,SCENARIO_CONTROLLER,three-phase,"A,B,C",0.0016,0.0009,90.6,0.034,0.1246,170,623,0.44934,0.858833,1.91132,1.1641,90.0,60.0,61.1346,-0.57,0.489303,0.002672,0.00411,0.004058,0.003421,0.001799,0.001963,0.00201,0.00196,0.001998,0.001641,0.005461,0.0084,0.008293,0.006992,0.004012,0.004006,0.003354,7.4e-05,61.74,43.39,0.2154,0.002339,60.0
int_15_16,int_sim_15,INT_0015_3p_cond15_87ms,15,train,Interruption,2,SCENARIO_CONTROLLER,three-phase,"A,B,C",0.0016,0.0009,90.6,0.035,0.1256,175,628,0.449329,0.858833,1.911368,1.1659,90.0,60.0,61.1346,-0.41,0.489291,0.002678,0.00412,0.004046,0.003419,0.00181,0.001969,0.002006,0.001955,0.002,0.001645,0.005473,0.00842,0.008269,0.006988,0.004024,0.003996,0.003362,7.4e-05,61.74,43.39,0.2154,0.002338,60.0
int_15_17,int_sim_15,INT_0015_3p_cond15_87ms,15,train,Interruption,2,SCENARIO_CONTROLLER,three-phase,"A,B,C",0.0016,0.0009,90.6,0.036,0.1266,180,633,0.449321,0.858833,1.911401,1.1656,90.0,60.0,61.1346,-0.34,0.489283,0.002686,0.004114,0.004047,0.003424,0.0018,0.001968,0.002015,0.001948,0.002004,0.001654,0.00549,0.008408,0.008271,0.006998,0.004022,0.003981,0.00338,7.4e-05,61.74,43.39,0.2154,0.002339,60.0
int_15_18,int_sim_15,INT_0015_3p_cond15_87ms,15,train,Interruption,2,SCENARIO_CONTROLLER,three-phase,"A,B,C",0.0016,0.0009,90.6,0.037,0.1276,185,638,0.44931,0.858833,1.911448,1.1639,90.0,60.0,61.1346,-0.42,0.489271,0.002697,0.004103,0.004055,0.00342,0.0018,0.001974,0.002012,0.001947,0.002006,0.001655,0.005512,0.008386,0.008288,0.00699,0.004035,0.003979,0.003383,7.4e-05,61.74,43.39,0.2154,0.002339,60.0
int_15_19,int_sim_15,INT_0015_3p_cond15_87ms,15,train,Interruption,2,SCENARIO_CONTROLLER,three-phase,"A,B,C",0.0016,0.0009,90.6,0.038,0.1286,190,643,0.449303,0.858833,1.911476,1.1634,90.0,60.0,61.1346,-0.61,0.489264,0.002698,0.004103,0.004055,0.003421,0.001799,0.001966,0.002021,0.001937,0.002015,0.001645,0.005514,0.008386,0.008288,0.006992,0.004018,0.003959,0.003362,7.4e-05,61.74,43.39,0.2154,0.002339,60.0
int_15_20,int_sim_15,INT_0015_3p_cond15_87ms,15,train,Interruption,2,SCENARIO_CONTROLLER,three-phase,"A,B,C",0.0016,0.0009,90.6,0.039,0.1296,195,648,0.449298,0.858833,1.911501,1.167,90.0,60.0,61.1346,-0.83,0.489258,0.002691,0.004113,0.004043,0.003431,0.001792,0.001977,0.002011,0.001946,0.002013,0.001651,0.0055,0.008407,0.008264,0.007013,0.004041,0.003977,0.003374,7.4e-05,61.74,43.39,0.2154,0.002339,60.0
int_15_21,int_sim_15,INT_0015_3p_cond15_87ms,15,train,Interruption,2,SCENARIO_CONTROLLER,three-phase,"A,B,C",0.0016,0.0009,90.6,0.04,0.1306,200,653,0.449292,0.858833,1.911527,1.1698,90.0,60.0,61.1346,-0.97,0.489251,0.002678,0.004129,0.004032,0.003434,0.001796,0.001978,0.002016,0.001938,0.002027,0.001638,0.005474,0.008439,0.008241,0.007019,0.004043,0.003961,0.003348,7.4e-05,61.74,43.39,0.2154,0.002339,60.0
int_15_22,int_sim_15,INT_0015_3p_cond15_87ms,15,train,Interruption,2,SCENARIO_CONTROLLER,three-phase,"A,B,C",0.0016,0.0009,90.6,0.041,0.1316,205,658,0.449293,0.858833,1.911521,1.1693,90.0,60.0,61.1351,-0.97,0.489253,0.002672,0.004127,0.00404,0.003429,0.001791,0.001984,0.002004,0.001947,0.002033,0.00163,0.005461,0.008435,0.008257,0.007009,0.004055,0.00398,0.003332,7.4e-05,61.74,43.39,0.2154,0.002339,60.0
int_15_23,int_sim_15,INT_0015_3p_cond15_87ms,15,train,Interruption,2,SCENARIO_CONTROLLER,three-phase,"A,B,C",0.0016,0.0009,90.6,0.042,0.1326,210,663,0.449296,0.858833,1.91151,1.1692,90.0,60.0,61.1351,-0.83,0.489256,0.00267,0.004122,0.004042,0.003434,0.001788,0.001985,0.002009,0.001944,0.002029,0.001633,0.005457,0.008425,0.008262,0.007019,0.004057,0.003973,0.003338,7.4e-05,61.74,43.39,0.2154,0.002339,60.0
int_15_24,int_sim_15,INT_0015_3p_cond15_87ms,15,train,Interruption,2,SCENARIO_CONTROLLER,three-phase,"A,B,C",0.0016,0.0009,90.6,0.043,0.1336,215,668,0.449296,0.858833,1.911509,1.1692,90.0,60.0,61.1351,-0.64,0.489256,0.002669,0.004121,0.004043,0.003435,0.001787,0.001985,0.002011,0.001943,0.002027,0.001635,0.005455,0.008423,0.008264,0.007021,0.004057,0.003971,0.003342,7.4e-05,61.74,43.39,0.2154,0.00234,60.0
int_15_25,int_sim_15,INT_0015_3p_cond15_87ms,15,train,Interruption,2,SCENARIO_CONTROLLER,three-phase,"A,B,C",0.0016,0.0009,90.6,0.044,0.1346,220,673,0.449307,0.858833,1.911461,1.1687,90.0,60.0,61.1351,-0.52,0.489268,0.00268,0.004122,0.004035,0.003425,0.001784,0.001992,0.002014,0.001942,0.002025,0.001632,0.005478,0.008425,0.008247,0.007,0.004071,0.003969,0.003336,7.4e-05,61.74,43.39,0.2154,0.002339,60.0
int_15_26,int_sim_15,INT_0015_3p_cond15_87ms,15,train,Interruption,2,SCENARIO_CONTROLLER,three-phase,"A,B,C",0.0016,0.0009,90.6,0.045,0.1356,225,678,0.449334,0.858833,1.911346,1.1717,90.0,60.0,61.1351,-0.53,0.489297,0.002708,0.004148,0.004054,0.003431,0.001774,0.001972,0.002006,0.00195,0.002035,0.001645,0.005534,0.008477,0.008285,0.007012,0.00403,0.003985,0.003362,7.4e-05,61.74,43.39,0.2154,0.002339,60.0
int_15_27,int_sim_15,INT_0015_3p_cond15_87ms,15,train,Interruption,2,SCENARIO_CONTROLLER,three-phase,"A,B,C",0.0016,0.0009,90.6,0.046,0.1366,230,683,0.449339,0.858833,1.911326,1.173,90.0,60.0,61.1351,-0.67,0.489302,0.002711,0.004152,0.004057,0.003435,0.001779,0.001977,0.002009,0.00195,0.002036,0.00164,0.005541,0.008486,0.008291,0.00702,0.00404,0.003985,0.003352,7.5e-05,61.74,43.39,0.2154,0.002339,60.0
int_15_28,int_sim_15,INT_0015_3p_cond15_87ms,15,train,Interruption,2,SCENARIO_CONTROLLER,three-phase,"A,B,C",0.0016,0.0009,90.6,0.047,0.1376,235,688,0.449347,0.858833,1.911293,1.1706,90.0,60.0,61.1351,-0.88,0.489311,0.002708,0.004146,0.004049,0.003425,0.001768,0.001973,0.002005,0.001948,0.002029,0.001641,0.005534,0.008473,0.008275,0.007,0.004032,0.003981,0.003354,7.4e-05,61.74,43.39,0.2154,0.00234,60.0
int_15_29,int_sim_15,INT_0015_3p_cond15_87ms,15,train,Interruption,2,SCENARIO_CONTROLLER,three-phase,"A,B,C",0.0016,0.0009,90.6,0.048,0.1386,240,693,0.449355,0.858833,1.911257,1.1663,90.0,60.0,61.1351,-1.06,0.48932,0.002692,0.004125,0.004032,0.003418,0.00177,0.001968,0.002007,0.001953,0.002042,0.001652,0.005502,0.00843,0.00824,0.006985,0.004022,0.003991,0.003376,7.4e-05,61.74,43.38,0.2154,0.00234,60.0
int_15_30,int_sim_15,INT_0015_3p_cond15_87ms,15,train,Interruption,2,SCENARIO_CONTROLLER,three-phase,"A,B,C",0.0016,0.0009,90.6,0.049,0.1396,245,698,0.449357,0.858833,1.911249,1.1669,90.0,60.0,61.1391,-1.12,0.489321,0.002682,0.004118,0.004033,0.003426,0.00178,0.001977,0.002015,0.001958,0.002037,0.001647,0.005481,0.008416,0.008242,0.007002,0.00404,0.004001,0.003366,7.4e-05,61.74,43.38,0.2154,0.002339,60.0
int_15_31,int_sim_15,INT_0015_3p_cond15_87ms,15,train,Interruption,2,SCENARIO_CONTROLLER,three-phase,"A,B,C",0.0016,0.0009,90.6,0.05,0.1406,250,703,0.449351,0.858833,1.911275,1.1674,90.0,60.0,61.1391,-1.02,0.489315,0.002659,0.004129,0.004061,0.00343,0.001757,0.001953,0.001996,0.001959,0.002059,0.001665,0.005434,0.008438,0.008299,0.00701,0.003991,0.004004,0.003403,7.4e-05,61.74,43.38,0.2154,0.00234,60.0
int_15_32,int_sim_15,INT_0015_3p_cond15_87ms,15,train,Interruption,2,SCENARIO_CONTROLLER,three-phase,"A,B,C",0.0016,0.0009,90.6,0.051,0.1416,255,708,0.449345,0.858833,1.911299,1.1684,90.0,60.0,61.1391,-0.83,0.489309,0.002659,0.004138,0.004057,0.003422,0.001763,0.001963,0.002001,0.001951,0.002056,0.00167,0.005434,0.008457,0.008291,0.006994,0.004012,0.003987,0.003413,7.4e-05,61.74,43.38,0.2154,0.00234,60.0
int_16_01,int_sim_16,INT_0016_3p_cond16_70ms,16,train,Interruption,2,SCENARIO_CONTROLLER,three-phase,"A,B,C",0.0018,0.001,73.8,0.0202,0.094,101,470,0.47356,0.842707,1.779515,0.9989,74.0,60.0,61.0019,1.9,0.550773,0.002541,0.00412,0.003906,0.003155,0.001645,0.001827,0.001988,0.001904,0.002106,0.001893,0.004614,0.00748,0.007092,0.005728,0.003317,0.003457,0.003437,7e-05,61.5,39.74,0.1932,0.001835,60.0
int_16_02,int_sim_16,INT_0016_3p_cond16_70ms,16,train,Interruption,2,SCENARIO_CONTROLLER,three-phase,"A,B,C",0.0018,0.001,73.8,0.0212,0.095,106,475,0.473539,0.842707,1.779595,0.994,74.0,60.0,61.0019,1.75,0.550749,0.002559,0.004101,0.003924,0.003136,0.001663,0.00182,0.001989,0.001908,0.002104,0.001897,0.004646,0.007446,0.007125,0.005694,0.003305,0.003464,0.003444,7e-05,61.5,39.74,0.1932,0.001835,60.0
int_16_03,int_sim_16,INT_0016_3p_cond16_70ms,16,train,Interruption,2,SCENARIO_CONTROLLER,three-phase,"A,B,C",0.0018,0.001,73.8,0.0222,0.096,111,480,0.473528,0.842707,1.779634,0.9961,74.0,60.0,61.0019,1.54,0.550737,0.00256,0.004106,0.003914,0.003149,0.00165,0.001822,0.001987,0.001908,0.002099,0.001895,0.004648,0.007455,0.007107,0.005718,0.003308,0.003464,0.003441,7e-05,61.5,39.74,0.1932,0.001837,60.0
int_16_04,int_sim_16,INT_0016_3p_cond16_70ms,16,train,Interruption,2,SCENARIO_CONTROLLER,three-phase,"A,B,C",0.0018,0.001,73.8,0.0232,0.097,116,485,0.473522,0.842707,1.779656,0.9987,74.0,60.0,61.0019,1.38,0.55073,0.002548,0.004123,0.003902,0.003151,0.001657,0.001823,0.001992,0.001899,0.002115,0.00188,0.004627,0.007486,0.007085,0.005721,0.00331,0.003448,0.003414,7e-05,61.5,39.75,0.1932,0.001837,60.0
int_16_05,int_sim_16,INT_0016_3p_cond16_70ms,16,train,Interruption,2,SCENARIO_CONTROLLER,three-phase,"A,B,C",0.0018,0.001,73.8,0.0242,0.098,121,490,0.473522,0.842707,1.779658,0.9982,74.0,60.0,60.9936,1.37,0.550729,0.002538,0.004129,0.003906,0.003142,0.001663,0.001817,0.001994,0.001902,0.002108,0.001886,0.004608,0.007497,0.007092,0.005705,0.003299,0.003454,0.003425,7e-05,61.5,39.75,0.1932,0.001837,60.0
int_16_06,int_sim_16,INT_0016_3p_cond16_70ms,16,train,Interruption,2,SCENARIO_CONTROLLER,three-phase,"A,B,C",0.0018,0.001,73.8,0.0252,0.099,126,495,0.473524,0.842707,1.779648,0.9983,74.0,60.0,60.9936,1.45,0.550733,0.002532,0.004124,0.003913,0.003146,0.001655,0.001824,0.001994,0.001896,0.002111,0.001887,0.004598,0.007488,0.007105,0.005712,0.003312,0.003443,0.003426,7e-05,61.5,39.75,0.1932,0.001837,60.0
int_16_07,int_sim_16,INT_0016_3p_cond16_70ms,16,train,Interruption,2,SCENARIO_CONTROLLER,three-phase,"A,B,C",0.0018,0.001,73.8,0.0262,0.1,131,500,0.47353,0.842707,1.779629,0.9976,74.0,60.0,60.9936,1.6,0.550739,0.002528,0.004114,0.003913,0.003155,0.001656,0.001819,0.002002,0.001897,0.002104,0.001889,0.00459,0.00747,0.007105,0.005729,0.003303,0.003444,0.00343,7e-05,61.5,39.74,0.1932,0.001837,60.0
int_16_08,int_sim_16,INT_0016_3p_cond16_70ms,16,train,Interruption,2,SCENARIO_CONTROLLER,three-phase,"A,B,C",0.0018,0.001,73.8,0.0272,0.101,136,505,0.473536,0.842707,1.779606,0.9969,74.0,60.0,60.9936,1.72,0.550746,0.002532,0.004111,0.003906,0.00315,0.001657,0.001823,0.001999,0.001892,0.002103,0.001893,0.004597,0.007464,0.007092,0.00572,0.00331,0.003435,0.003437,7e-05,61.5,39.74,0.1932,0.001837,60.0
int_16_09,int_sim_16,INT_0016_3p_cond16_70ms,16,train,Interruption,2,SCENARIO_CONTROLLER,three-phase,"A,B,C",0.0018,0.001,73.8,0.0282,0.102,141,510,0.473548,0.842707,1.779561,0.9972,74.0,60.0,60.9936,1.73,0.550759,0.002545,0.004118,0.003906,0.003142,0.001645,0.001826,0.002009,0.0019,0.002107,0.001886,0.004621,0.007477,0.007092,0.005705,0.003315,0.00345,0.003424,7e-05,61.5,39.74,0.1932,0.001837,60.0
int_16_10,int_sim_16,INT_0016_3p_cond16_70ms,16,train,Interruption,2,SCENARIO_CONTROLLER,three-phase,"A,B,C",0.0018,0.001,73.8,0.0292,0.103,146,515,0.473558,0.842707,1.779521,0.9997,74.0,60.0,60.9936,1.62,0.550772,0.002556,0.004129,0.003917,0.003152,0.001654,0.001826,0.002006,0.001895,0.002104,0.00188,0.004641,0.007497,0.007112,0.005723,0.003315,0.003441,0.003413,7.1e-05,61.5,39.74,0.1932,0.001837,60.0
int_16_11,int_sim_16,INT_0016_3p_cond16_70ms,16,train,Interruption,2,SCENARIO_CONTROLLER,three-phase,"A,B,C",0.0018,0.001,73.8,0.0302,0.104,151,520,0.473571,0.842707,1.779473,1.0017,74.0,60.0,60.9936,1.43,0.550786,0.002564,0.004135,0.003919,0.003154,0.001657,0.001843,0.002024,0.001913,0.002121,0.001894,0.004655,0.007507,0.007115,0.005726,0.003346,0.003473,0.003439,7.1e-05,61.5,39.74,0.1932,0.001837,60.0
int_16_12,int_sim_16,INT_0016_3p_cond16_70ms,16,train,Interruption,2,SCENARIO_CONTROLLER,three-phase,"A,B,C",0.0018,0.001,73.8,0.0312,0.105,156,525,0.473577,0.842707,1.779452,0.9993,74.0,60.0,60.9936,1.25,0.550793,0.002561,0.004128,0.00391,0.003144,0.001648,0.001835,0.002016,0.001906,0.002115,0.001888,0.00465,0.007495,0.007099,0.005708,0.003332,0.00346,0.003428,7.1e-05,61.5,39.74,0.1932,0.001837,60.0
int_16_13,int_sim_16,INT_0016_3p_cond16_70ms,16,train,Interruption,2,SCENARIO_CONTROLLER,three-phase,"A,B,C",0.0018,0.001,73.8,0.0322,0.106,161,530,0.473582,0.842707,1.779433,0.9985,74.0,60.0,61.0725,0.89,0.550798,0.002539,0.004107,0.003906,0.003157,0.001667,0.001848,0.00203,0.001916,0.002116,0.00189,0.00461,0.007456,0.007092,0.005732,0.003355,0.003479,0.003431,7.1e-05,61.5,39.74,0.1932,0.001837,60.0
int_16_14,int_sim_16,INT_0016_3p_cond16_70ms,16,train,Interruption,2,SCENARIO_CONTROLLER,three-phase,"A,B,C",0.0018,0.001,73.8,0.0332,0.107,166,535,0.473579,0.842707,1.779444,0.9992,74.0,60.0,60.9983,1.2,0.550795,0.002517,0.004107,0.003927,0.003169,0.001658,0.00184,0.002013,0.001905,0.002124,0.0019,0.00457,0.007456,0.00713,0.005754,0.003341,0.003459,0.00345,7.1e-05,61.5,39.74,0.1932,0.001837,60.0
int_16_15,int_sim_16,INT_0016_3p_cond16_70ms,16,train,Interruption,2,SCENARIO_CONTROLLER,three-phase,"A,B,C",0.0018,0.001,73.8,0.0342,0.108,171,540,0.473567,0.842707,1.779487,1.0004,74.0,60.0,60.9983,1.34,0.550782,0.002506,0.004129,0.00393,0.003147,0.001655,0.001846,0.002031,0.001908,0.00211,0.001893,0.00455,0.007497,0.007135,0.005714,0.003352,0.003464,0.003437,7.1e-05,61.5,39.75,0.1932,0.001837,60.0
int_16_16,int_sim_16,INT_0016_3p_cond16_70ms,16,train,Interruption,2,SCENARIO_CONTROLLER,three-phase,"A,B,C",0.0018,0.001,73.8,0.0352,0.109,176,545,0.47356,0.842707,1.779515,1.0018,74.0,60.0,60.9983,1.48,0.550773,0.002509,0.004137,0.003921,0.003148,0.001663,0.001849,0.002025,0.001907,0.002113,0.001892,0.004555,0.007511,0.007119,0.005716,0.003357,0.003462,0.003435,7.1e-05,61.5,39.75,0.1932,0.001837,60.0
int_16_17,int_sim_16,INT_0016_3p_cond16_70ms,16,train,Interruption,2,SCENARIO_CONTROLLER,three-phase,"A,B,C",0.0018,0.001,73.8,0.0362,0.11,181,550,0.473547,0.842707,1.779562,1.0017,74.0,60.0,60.9983,1.54,0.550759,0.002521,0.004132,0.003917,0.003158,0.001652,0.001842,0.002035,0.001904,0.002112,0.001899,0.004577,0.007502,0.007112,0.005734,0.003344,0.003457,0.003448,7.1e-05,61.5,39.75,0.1932,0.001837,60.0
int_16_18,int_sim_16,INT_0016_3p_cond16_70ms,16,train,Interruption,2,SCENARIO_CONTROLLER,three-phase,"A,B,C",0.0018,0.001,73.8,0.0372,0.111,186,555,0.47354,0.842707,1.779588,1.0009,74.0,60.0,60.9983,1.48,0.550751,0.002529,0.004125,0.003922,0.003157,0.001649,0.001846,0.002036,0.001899,0.002117,0.001899,0.004592,0.00749,0.007121,0.005732,0.003352,0.003448,0.003448,7.1e-05,61.5,39.75,0.1932,0.001837,60.0
int_16_19,int_sim_16,INT_0016_3p_cond16_70ms,16,train,Interruption,2,SCENARIO_CONTROLLER,three-phase,"A,B,C",0.0018,0.001,73.8,0.0382,0.112,191,560,0.473528,0.842707,1.779636,0.9972,74.0,60.0,60.9983,1.32,0.550736,0.00254,0.004113,0.003934,0.003144,0.001664,0.001833,0.002044,0.001898,0.002123,0.00191,0.004612,0.007468,0.007143,0.005709,0.003328,0.003446,0.003468,7.1e-05,61.5,39.75,0.1932,0.001836,60.0
int_16_20,int_sim_16,INT_0016_3p_cond16_70ms,16,train,Interruption,2,SCENARIO_CONTROLLER,three-phase,"A,B,C",0.0018,0.001,73.8,0.0392,0.113,196,565,0.473522,0.842707,1.779659,0.999,74.0,60.0,60.9983,1.13,0.550729,0.00254,0.004117,0.003926,0.003153,0.001655,0.001837,0.00204,0.001902,0.002116,0.001913,0.004612,0.007476,0.007129,0.005725,0.003336,0.003454,0.003474,7.1e-05,61.5,39.75,0.1932,0.001836,60.0
int_16_21,int_sim_16,INT_0016_3p_cond16_70ms,16,train,Interruption,2,SCENARIO_CONTROLLER,three-phase,"A,B,C",0.0018,0.001,73.8,0.0402,0.114,201,570,0.47352,0.842707,1.779666,0.9998,74.0,60.0,60.9983,1.01,0.550727,0.002536,0.004122,0.003923,0.003154,0.001656,0.001838,0.00204,0.001901,0.002117,0.001913,0.004605,0.007485,0.007123,0.005727,0.003337,0.003452,0.003474,7.1e-05,61.5,39.75,0.1932,0.001836,60.0
int_16_22,int_sim_16,INT_0016_3p_cond16_70ms,16,train,Interruption,2,SCENARIO_CONTROLLER,three-phase,"A,B,C",0.0018,0.001,73.8,0.0412,0.115,206,575,0.473521,0.842707,1.779661,0.999,74.0,60.0,60.9954,1.02,0.550728,0.002519,0.004125,0.003938,0.003142,0.001654,0.00184,0.002029,0.001913,0.002119,0.001908,0.004574,0.00749,0.007151,0.005705,0.003341,0.003474,0.003465,7.1e-05,61.5,39.75,0.1932,0.001836,60.0
int_16_23,int_sim_16,INT_0016_3p_cond16_70ms,16,train,Interruption,2,SCENARIO_CONTROLLER,three-phase,"A,B,C",0.0018,0.001,73.8,0.0422,0.116,211,580,0.473521,0.842707,1.77966,0.9991,74.0,60.0,60.9954,1.14,0.550729,0.002517,0.004125,0.00394,0.003141,0.001652,0.001843,0.002025,0.001914,0.002123,0.001904,0.00457,0.00749,0.007154,0.005703,0.003346,0.003475,0.003457,7.1e-05,61.5,39.75,0.1932,0.001836,60.0
int_16_24,int_sim_16,INT_0016_3p_cond16_70ms,16,train,Interruption,2,SCENARIO_CONTROLLER,three-phase,"A,B,C",0.0018,0.001,73.8,0.0432,0.117,216,585,0.473535,0.842707,1.779607,0.9961,74.0,60.0,60.9954,1.3,0.550745,0.002517,0.004104,0.003924,0.003151,0.001672,0.001823,0.002018,0.001933,0.002138,0.001887,0.00457,0.007452,0.007125,0.005721,0.00331,0.00351,0.003426,7.1e-05,61.5,39.75,0.1932,0.001836,60.0
int_16_25,int_sim_16,INT_0016_3p_cond16_70ms,16,train,Interruption,2,SCENARIO_CONTROLLER,three-phase,"A,B,C",0.0018,0.001,73.8,0.0442,0.118,221,590,0.473547,0.842707,1.779563,0.9957,74.0,60.0,60.9954,1.4,0.550759,0.002528,0.004106,0.003917,0.003137,0.001663,0.001836,0.002027,0.001927,0.002128,0.001882,0.00459,0.007455,0.007112,0.005696,0.003334,0.003499,0.003417,7e-05,61.5,39.75,0.1932,0.001836,60.0
int_16_26,int_sim_16,INT_0016_3p_cond16_70ms,16,train,Interruption,2,SCENARIO_CONTROLLER,three-phase,"A,B,C",0.0018,0.001,73.8,0.0452,0.119,226,595,0.473561,0.842707,1.779511,0.9972,74.0,60.0,60.9954,1.39,0.550775,0.002544,0.00412,0.003927,0.003141,0.001657,0.001823,0.002023,0.001936,0.002138,0.001891,0.004619,0.00748,0.00713,0.005703,0.00331,0.003515,0.003433,7.1e-05,61.5,39.74,0.1932,0.001836,60.0
int_16_27,int_sim_16,INT_0016_3p_cond16_70ms,16,train,Interruption,2,SCENARIO_CONTROLLER,three-phase,"A,B,C",0.0018,0.001,73.8,0.0462,0.12,231,600,0.473575,0.842707,1.779457,1.0008,74.0,60.0,60.9954,1.26,0.550791,0.002557,0.004134,0.00394,0.003155,0.001671,0.00183,0.002025,0.001931,0.002136,0.001882,0.004642,0.007506,0.007153,0.005728,0.003322,0.003506,0.003417,7.1e-05,61.5,39.74,0.1932,0.001836,60.0
int_16_28,int_sim_16,INT_0016_3p_cond16_70ms,16,train,Interruption,2,SCENARIO_CONTROLLER,three-phase,"A,B,C",0.0018,0.001,73.8,0.0472,0.121,236,605,0.473585,0.842707,1.77942,0.9989,74.0,60.0,60.9954,1.08,0.550802,0.002558,0.004129,0.003931,0.003143,0.001659,0.001829,0.002024,0.001932,0.00213,0.001885,0.004644,0.007496,0.007137,0.005706,0.003321,0.003508,0.003422,7.1e-05,61.5,39.74,0.1932,0.001836,60.0
int_16_29,int_sim_16,INT_0016_3p_cond16_70ms,16,train,Interruption,2,SCENARIO_CONTROLLER,three-phase,"A,B,C",0.0018,0.001,73.8,0.0482,0.122,241,610,0.473587,0.842707,1.779412,0.9984,74.0,60.0,60.9954,0.93,0.550805,0.002552,0.004122,0.003928,0.003145,0.001664,0.001833,0.00203,0.00194,0.002132,0.001889,0.004633,0.007484,0.007131,0.00571,0.003328,0.003522,0.00343,7.1e-05,61.5,39.74,0.1932,0.001835,60.0
int_16_30,int_sim_16,INT_0016_3p_cond16_70ms,16,train,Interruption,2,SCENARIO_CONTROLLER,three-phase,"A,B,C",0.0018,0.001,73.8,0.0492,0.123,246,615,0.473589,0.842707,1.779407,0.9994,74.0,60.0,61.0009,0.87,0.550806,0.002532,0.004111,0.003936,0.003162,0.001676,0.001846,0.002033,0.001935,0.00212,0.001878,0.004597,0.007464,0.007146,0.005741,0.003351,0.003513,0.00341,7.1e-05,61.5,39.74,0.1932,0.001835,60.0
int_16_31,int_sim_16,INT_0016_3p_cond16_70ms,16,train,Interruption,2,SCENARIO_CONTROLLER,three-phase,"A,B,C",0.0018,0.001,73.8,0.0502,0.124,251,620,0.473585,0.842707,1.779419,0.9993,74.0,60.0,61.0009,0.96,0.550803,0.002523,0.004117,0.003946,0.003159,0.001665,0.001836,0.00203,0.001941,0.002126,0.001881,0.004581,0.007475,0.007164,0.005735,0.003333,0.003524,0.003415,7.1e-05,61.5,39.74,0.1932,0.001835,60.0
int_16_32,int_sim_16,INT_0016_3p_cond16_70ms,16,train,Interruption,2,SCENARIO_CONTROLLER,three-phase,"A,B,C",0.0018,0.001,73.8,0.0512,0.125,256,625,0.473579,0.842707,1.779443,1.0,74.0,60.0,61.0009,1.12,0.550795,0.002518,0.004129,0.003947,0.003148,0.001665,0.00184,0.00204,0.001943,0.002118,0.001875,0.004572,0.007496,0.007166,0.005715,0.003341,0.003528,0.003404,7.1e-05,61.5,39.74,0.1932,0.001836,60.0
int_17_01,int_sim_17,INT_0017_1p_a_cond17_70ms,17,train,Interruption,2,SCENARIO_CONTROLLER,phase-to-ground,A,0.0021,0.0012,68.4,0.0258,0.0942,129,471,0.484266,0.837017,1.728425,1.5462,68.6,60.0,59.7605,3.38,0.569391,0.011987,0.008522,0.004542,0.001849,0.001204,0.00121,0.001663,0.001246,0.001267,0.001526,0.021052,0.014967,0.007977,0.003247,0.002125,0.002188,0.00268,0.000252,60.94,33.82,0.1884,0.001379,60.0
int_17_02,int_sim_17,INT_0017_1p_a_cond17_70ms,17,train,Interruption,2,SCENARIO_CONTROLLER,phase-to-ground,A,0.0021,0.0012,68.4,0.0268,0.0952,134,476,0.484277,0.837017,1.728384,1.5496,68.6,60.0,59.7605,3.33,0.569404,0.011969,0.008539,0.004526,0.001866,0.001193,0.001207,0.001669,0.001236,0.00128,0.001513,0.02102,0.014996,0.007949,0.003277,0.00212,0.002171,0.002657,0.000251,60.94,33.81,0.1884,0.001379,60.0
int_17_03,int_sim_17,INT_0017_1p_a_cond17_70ms,17,train,Interruption,2,SCENARIO_CONTROLLER,phase-to-ground,A,0.0021,0.0012,68.4,0.0278,0.0962,139,481,0.484283,0.837017,1.728363,1.5491,68.6,60.0,59.7605,3.3,0.569412,0.011965,0.008538,0.004531,0.00186,0.001197,0.001206,0.001672,0.001233,0.001283,0.001509,0.021013,0.014994,0.007957,0.003267,0.002118,0.002165,0.00265,0.000251,60.94,33.82,0.1884,0.001379,60.0
int_17_04,int_sim_17,INT_0017_1p_a_cond17_70ms,17,train,Interruption,2,SCENARIO_CONTROLLER,phase-to-ground,A,0.0021,0.0012,68.4,0.0288,0.0972,144,486,0.484312,0.837017,1.72826,1.543,68.6,60.0,59.7605,3.3,0.569445,0.011965,0.008509,0.004559,0.001841,0.001215,0.001187,0.001678,0.001237,0.001275,0.001522,0.021012,0.014943,0.008006,0.003233,0.002084,0.002172,0.002673,0.000251,60.94,33.81,0.1884,0.00138,60.0
int_17_05,int_sim_17,INT_0017_1p_a_cond17_70ms,17,train,Interruption,2,SCENARIO_CONTROLLER,phase-to-ground,A,0.0021,0.0012,68.4,0.0298,0.0982,149,491,0.484326,0.837017,1.72821,1.5416,68.6,60.0,59.7605,3.33,0.569461,0.011977,0.008496,0.004552,0.001856,0.0012,0.001201,0.001673,0.001231,0.001286,0.001513,0.021032,0.014919,0.007994,0.003259,0.002109,0.002162,0.002657,0.000251,60.94,33.81,0.1884,0.001379,60.0
int_17_06,int_sim_17,INT_0017_1p_a_cond17_70ms,17,train,Interruption,2,SCENARIO_CONTROLLER,phase-to-ground,A,0.0021,0.0012,68.4,0.0308,0.0992,154,496,0.484339,0.837017,1.728165,1.5414,68.6,60.0,59.7605,3.37,0.569476,0.011995,0.008493,0.004535,0.001867,0.001198,0.001195,0.001687,0.001224,0.001283,0.001524,0.021063,0.014914,0.007963,0.003278,0.002098,0.002149,0.002676,0.000251,60.94,33.81,0.1884,0.001379,60.0
int_17_07,int_sim_17,INT_0017_1p_a_cond17_70ms,17,train,Interruption,2,SCENARIO_CONTROLLER,phase-to-ground,A,0.0021,0.0012,68.4,0.0318,0.1002,159,501,0.484341,0.837017,1.728156,1.5432,68.6,60.0,59.7605,3.41,0.569479,0.012002,0.008504,0.004541,0.001857,0.001196,0.001207,0.001685,0.001211,0.001288,0.001537,0.021075,0.014933,0.007974,0.003261,0.002119,0.002127,0.002699,0.000252,60.94,33.81,0.1884,0.001378,60.0
int_17_08,int_sim_17,INT_0017_1p_a_cond17_70ms,17,train,Interruption,2,SCENARIO_CONTROLLER,phase-to-ground,A,0.0021,0.0012,68.4,0.0328,0.1012,164,506,0.484341,0.837017,1.728157,1.5461,68.6,60.0,59.7657,3.41,0.569478,0.012004,0.00852,0.004567,0.001874,0.001177,0.001197,0.001694,0.001229,0.001293,0.001528,0.021079,0.014961,0.00802,0.003291,0.002102,0.002158,0.002683,0.000252,60.94,33.8,0.1884,0.001378,60.0
int_17_09,int_sim_17,INT_0017_1p_a_cond17_70ms,17,train,Interruption,2,SCENARIO_CONTROLLER,phase-to-ground,A,0.0021,0.0012,68.4,0.0338,0.1022,169,511,0.48433,0.837017,1.728195,1.5447,68.6,60.0,59.7657,3.39,0.569466,0.011984,0.008507,0.004569,0.001902,0.001203,0.00118,0.001665,0.001205,0.001296,0.001545,0.021044,0.014939,0.008023,0.00334,0.002072,0.002116,0.002713,0.000252,60.94,33.8,0.1884,0.001379,60.0
int_17_10,int_sim_17,INT_0017_1p_a_cond17_70ms,17,train,Interruption,2,SCENARIO_CONTROLLER,phase-to-ground,A,0.0021,0.0012,68.4,0.0348,0.1032,174,516,0.484318,0.837017,1.728239,1.5408,68.6,60.0,59.7657,3.34,0.569451,0.011963,0.008486,0.004548,0.001885,0.001201,0.001195,0.001682,0.001223,0.001307,0.001552,0.021008,0.014902,0.007987,0.00331,0.002099,0.002148,0.002725,0.000251,60.94,33.8,0.1884,0.001378,60.0
int_17_11,int_sim_17,INT_0017_1p_a_cond17_70ms,17,train,Interruption,2,SCENARIO_CONTROLLER,phase-to-ground,A,0.0021,0.0012,68.4,0.0358,0.1042,179,521,0.484306,0.837017,1.728281,1.5386,68.6,60.0,59.7657,3.3,0.569438,0.011949,0.008476,0.004542,0.001877,0.001187,0.001183,0.001671,0.001213,0.001302,0.001547,0.020984,0.014885,0.007976,0.003296,0.002077,0.00213,0.002717,0.00025,60.94,33.8,0.1884,0.001378,60.0
int_17_12,int_sim_17,INT_0017_1p_a_cond17_70ms,17,train,Interruption,2,SCENARIO_CONTROLLER,phase-to-ground,A,0.0021,0.0012,68.4,0.0368,0.1052,184,526,0.484289,0.837017,1.728342,1.5413,68.6,60.0,59.7657,3.29,0.569418,0.011941,0.008486,0.004561,0.001895,0.001205,0.001197,0.001687,0.001229,0.001317,0.001561,0.020971,0.014903,0.00801,0.003328,0.002102,0.002158,0.002741,0.00025,60.94,33.8,0.1884,0.001379,60.0
int_17_13,int_sim_17,INT_0017_1p_a_cond17_70ms,17,train,Interruption,2,SCENARIO_CONTROLLER,phase-to-ground,A,0.0021,0.0012,68.4,0.0378,0.1062,189,531,0.484269,0.837017,1.728413,1.5447,68.6,60.0,59.7657,3.32,0.569395,0.011951,0.008508,0.004567,0.001889,0.001196,0.001187,0.001673,0.001218,0.00131,0.001561,0.020989,0.014942,0.008021,0.003318,0.002085,0.002139,0.002742,0.000251,60.94,33.8,0.1884,0.001379,60.0
int_17_14,int_sim_17,INT_0017_1p_a_cond17_70ms,17,train,Interruption,2,SCENARIO_CONTROLLER,phase-to-ground,A,0.0021,0.0012,68.4,0.0388,0.1072,194,536,0.484255,0.837017,1.728463,1.5452,68.6,60.0,59.7657,3.36,0.569379,0.011969,0.008514,0.00455,0.001874,0.001189,0.001187,0.001684,0.001227,0.001314,0.001557,0.021021,0.014953,0.007991,0.003291,0.002085,0.002155,0.002735,0.000251,60.94,33.8,0.1884,0.001379,60.0
int_17_15,int_sim_17,INT_0017_1p_a_cond17_70ms,17,train,Interruption,2,SCENARIO_CONTROLLER,phase-to-ground,A,0.0021,0.0012,68.4,0.0398,0.1082,199,541,0.484249,0.837017,1.728486,1.5441,68.6,60.0,59.7657,3.4,0.569371,0.011981,0.008505,0.004544,0.001882,0.001198,0.001191,0.00168,0.001224,0.001313,0.001557,0.021043,0.014938,0.007981,0.003305,0.002092,0.00215,0.002735,0.000251,60.94,33.79,0.1884,0.001379,60.0
int_17_16,int_sim_17,INT_0017_1p_a_cond17_70ms,17,train,Interruption,2,SCENARIO_CONTROLLER,phase-to-ground,A,0.0021,0.0012,68.4,0.0408,0.1092,204,546,0.484246,0.837017,1.728496,1.5406,68.6,60.0,59.7445,3.39,0.569368,0.01199,0.008485,0.004565,0.001884,0.001179,0.00118,0.001696,0.001223,0.001299,0.001563,0.021058,0.014902,0.008018,0.003309,0.002072,0.002148,0.002745,0.000251,60.94,33.8,0.1884,0.001379,60.0
int_17_17,int_sim_17,INT_0017_1p_a_cond17_70ms,17,train,Interruption,2,SCENARIO_CONTROLLER,phase-to-ground,A,0.0021,0.0012,68.4,0.0418,0.1102,209,551,0.484251,0.837017,1.728478,1.5404,68.6,60.0,59.7648,3.39,0.569374,0.011981,0.008487,0.004576,0.001859,0.001186,0.001203,0.001677,0.001226,0.001316,0.001545,0.021042,0.014906,0.008037,0.003265,0.002113,0.002153,0.002714,0.000251,60.94,33.8,0.1884,0.001379,60.0
int_17_18,int_sim_17,INT_0017_1p_a_cond17_70ms,17,train,Interruption,2,SCENARIO_CONTROLLER,phase-to-ground,A,0.0021,0.0012,68.4,0.0428,0.1112,214,556,0.484262,0.837017,1.728438,1.5438,68.6,60.0,59.7648,3.35,0.569387,0.011961,0.008507,0.004558,0.001869,0.001195,0.001186,0.00169,0.00122,0.001312,0.001552,0.021007,0.014941,0.008005,0.003282,0.002083,0.002143,0.002726,0.000251,60.94,33.79,0.1884,0.001379,60.0
int_17_19,int_sim_17,INT_0017_1p_a_cond17_70ms,17,train,Interruption,2,SCENARIO_CONTROLLER,phase-to-ground,A,0.0021,0.0012,68.4,0.0438,0.1122,219,561,0.484272,0.837017,1.728402,1.5458,68.6,60.0,59.7648,3.31,0.569399,0.011948,0.008516,0.004551,0.001877,0.001185,0.001193,0.001683,0.001224,0.001311,0.001553,0.020984,0.014956,0.007993,0.003296,0.002095,0.00215,0.002727,0.000251,60.94,33.8,0.1884,0.001379,60.0
int_17_20,int_sim_17,INT_0017_1p_a_cond17_70ms,17,train,Interruption,2,SCENARIO_CONTROLLER,phase-to-ground,A,0.0021,0.0012,68.4,0.0448,0.1132,224,566,0.484299,0.837017,1.728306,1.5433,68.6,60.0,59.7648,3.29,0.56943,0.011931,0.008508,0.004574,0.001854,0.001202,0.001187,0.001694,0.001214,0.001318,0.001546,0.020953,0.014941,0.008033,0.003256,0.002085,0.002132,0.002715,0.00025,60.94,33.79,0.1884,0.001378,60.0
int_17_21,int_sim_17,INT_0017_1p_a_cond17_70ms,17,train,Interruption,2,SCENARIO_CONTROLLER,phase-to-ground,A,0.0021,0.0012,68.4,0.0458,0.1142,229,571,0.484329,0.837017,1.728198,1.5372,68.6,60.0,59.7648,3.3,0.569466,0.011939,0.008474,0.004595,0.001848,0.001204,0.001184,0.001681,0.001233,0.001299,0.001558,0.020965,0.014881,0.008069,0.003245,0.002079,0.002165,0.002736,0.00025,60.94,33.79,0.1884,0.001378,60.0
int_17_22,int_sim_17,INT_0017_1p_a_cond17_70ms,17,train,Interruption,2,SCENARIO_CONTROLLER,phase-to-ground,A,0.0021,0.0012,68.4,0.0468,0.1152,234,576,0.48435,0.837017,1.728124,1.5357,68.6,60.0,59.7648,3.34,0.56949,0.011961,0.008458,0.004578,0.001873,0.001183,0.001199,0.001686,0.001216,0.001316,0.001555,0.021003,0.014852,0.008039,0.003289,0.002105,0.002135,0.002731,0.00025,60.94,33.78,0.1884,0.001378,60.0
int_17_23,int_sim_17,INT_0017_1p_a_cond17_70ms,17,train,Interruption,2,SCENARIO_CONTROLLER,phase-to-ground,A,0.0021,0.0012,68.4,0.0478,0.1162,239,581,0.484363,0.837017,1.728077,1.5369,68.6,60.0,59.7648,3.38,0.569505,0.011985,0.00847,0.00456,0.001864,0.001203,0.001181,0.001682,0.001232,0.001308,0.001545,0.021045,0.014873,0.008007,0.003273,0.002074,0.002163,0.002713,0.000251,60.94,33.78,0.1884,0.001378,60.0
int_17_24,int_sim_17,INT_0017_1p_a_cond17_70ms,17,train,Interruption,2,SCENARIO_CONTROLLER,phase-to-ground,A,0.0021,0.0012,68.4,0.0488,0.1172,244,586,0.484368,0.837017,1.728059,1.5406,68.6,60.0,59.7648,3.4,0.569511,0.011998,0.008492,0.004575,0.00185,0.001193,0.001201,0.001687,0.001215,0.001304,0.00156,0.021067,0.014911,0.008033,0.003248,0.002109,0.002133,0.002739,0.000252,60.94,33.78,0.1884,0.001378,60.0
int_17_25,int_sim_17,INT_0017_1p_a_cond17_70ms,17,train,Interruption,2,SCENARIO_CONTROLLER,phase-to-ground,A,0.0021,0.0012,68.4,0.0498,0.1182,249,591,0.484368,0.837017,1.728059,1.5436,68.6,60.0,59.7664,3.4,0.569511,0.012001,0.008507,0.0046,0.001864,0.001172,0.001194,0.001703,0.001235,0.001299,0.001541,0.021072,0.014937,0.008077,0.003273,0.002097,0.002169,0.002706,0.000252,60.94,33.78,0.1884,0.001378,60.0
int_17_26,int_sim_17,INT_0017_1p_a_cond17_70ms,17,train,Interruption,2,SCENARIO_CONTROLLER,phase-to-ground,A,0.0021,0.0012,68.4,0.0508,0.1192,254,596,0.484366,0.837017,1.728068,1.5428,68.6,60.0,59.7664,3.36,0.569508,0.011996,0.008503,0.004595,0.001862,0.001175,0.001199,0.001706,0.001236,0.001296,0.001539,0.021064,0.01493,0.008068,0.003269,0.002105,0.00217,0.002702,0.000252,60.94,33.78,0.1884,0.001378,60.0
int_17_27,int_sim_17,INT_0017_1p_a_cond17_70ms,17,train,Interruption,2,SCENARIO_CONTROLLER,phase-to-ground,A,0.0021,0.0012,68.4,0.0518,0.1202,259,601,0.484366,0.837017,1.728068,1.5427,68.6,60.0,59.7664,3.32,0.569508,0.011995,0.008501,0.004593,0.001862,0.001179,0.001204,0.001712,0.00124,0.001296,0.001536,0.021062,0.014927,0.008065,0.003269,0.002114,0.002177,0.002697,0.000252,60.94,33.78,0.1884,0.001378,60.0
int_17_28,int_sim_17,INT_0017_1p_a_cond17_70ms,17,train,Interruption,2,SCENARIO_CONTROLLER,phase-to-ground,A,0.0021,0.0012,68.4,0.0528,0.1212,264,606,0.484353,0.837017,1.728112,1.5413,68.6,60.0,59.7664,3.29,0.569493,0.011982,0.008495,0.004594,0.001861,0.00117,0.00119,0.001698,0.001226,0.001282,0.001523,0.02104,0.014917,0.008067,0.003268,0.00209,0.002153,0.002674,0.000251,60.94,33.79,0.1884,0.001378,60.0
int_17_29,int_sim_17,INT_0017_1p_a_cond17_70ms,17,train,Interruption,2,SCENARIO_CONTROLLER,phase-to-ground,A,0.0021,0.0012,68.4,0.0538,0.1222,269,611,0.48433,0.83561,1.725291,1.5464,68.6,60.0,59.7664,3.29,0.569466,0.011979,0.008517,0.00462,0.001883,0.001192,0.001213,0.001714,0.001233,0.001285,0.001516,0.021035,0.014956,0.008113,0.003307,0.00213,0.002165,0.002662,0.000252,60.94,33.79,0.1884,0.001378,60.0
int_17_30,int_sim_17,INT_0017_1p_a_cond17_70ms,17,train,Interruption,2,SCENARIO_CONTROLLER,phase-to-ground,A,0.0021,0.0012,68.4,0.0548,0.1232,274,616,0.48432,0.83561,1.725325,1.5475,68.6,60.0,59.7664,3.32,0.569455,0.011987,0.008527,0.004616,0.001873,0.001181,0.001203,0.001708,0.001236,0.001292,0.001524,0.02105,0.014974,0.008106,0.003289,0.002113,0.00217,0.002676,0.000252,60.94,33.79,0.1884,0.001378,60.0
int_17_31,int_sim_17,INT_0017_1p_a_cond17_70ms,17,train,Interruption,2,SCENARIO_CONTROLLER,phase-to-ground,A,0.0021,0.0012,68.4,0.0558,0.1242,279,621,0.484315,0.83561,1.725344,1.5472,68.6,60.0,59.7664,3.37,0.569449,0.011996,0.008523,0.004608,0.001874,0.001189,0.001212,0.001711,0.001228,0.001283,0.001526,0.021066,0.014967,0.008092,0.003291,0.002128,0.002156,0.00268,0.000253,60.94,33.79,0.1884,0.001378,60.0
int_17_32,int_sim_17,INT_0017_1p_a_cond17_70ms,17,train,Interruption,2,SCENARIO_CONTROLLER,phase-to-ground,A,0.0021,0.0012,68.4,0.0568,0.1252,284,626,0.484308,0.83561,1.72537,1.544,68.6,60.0,59.7664,3.4,0.56944,0.012013,0.008502,0.004614,0.001893,0.001192,0.0012,0.001703,0.00124,0.001291,0.001517,0.021096,0.01493,0.008103,0.003324,0.002107,0.002178,0.002664,0.000253,60.94,33.79,0.1884,0.001379,60.0
int_18_01,int_sim_18,INT_0018_1p_a_cond18_83ms,18,test,Interruption,2,SCENARIO_CONTROLLER,phase-to-ground,A,0.0018,0.0011,78.4,0.0258,0.1042,129,521,0.474529,0.854647,1.801043,0.6344,78.0,60.0,60.7386,1.52,0.535666,0.016549,0.002826,0.005431,0.001297,0.001656,0.001371,0.002606,0.001543,0.001982,0.001641,0.030894,0.005276,0.010139,0.002421,0.002559,0.002881,0.003063,0.000333,61.42,44.85,0.2048,0.002328,60.0
int_18_02,int_sim_18,INT_0018_1p_a_cond18_83ms,18,test,Interruption,2,SCENARIO_CONTROLLER,phase-to-ground,A,0.0018,0.0011,78.4,0.0268,0.1052,134,526,0.474509,0.854647,1.801117,0.6353,78.0,60.0,60.7386,1.64,0.535645,0.016561,0.00285,0.005435,0.001271,0.001639,0.001358,0.002628,0.001539,0.001964,0.001638,0.030918,0.005321,0.010147,0.002373,0.002535,0.002873,0.003058,0.000334,61.42,44.85,0.2048,0.002327,60.0
int_18_03,int_sim_18,INT_0018_1p_a_cond18_83ms,18,test,Interruption,2,SCENARIO_CONTROLLER,phase-to-ground,A,0.0018,0.0011,78.4,0.0278,0.1062,139,531,0.474489,0.854647,1.801194,0.6401,78.0,60.0,60.7386,1.71,0.535622,0.016584,0.00287,0.005413,0.001273,0.001659,0.001376,0.00261,0.001545,0.001978,0.00163,0.030962,0.005358,0.010106,0.002377,0.002569,0.002884,0.003043,0.000335,61.42,44.86,0.2048,0.002328,60.0
int_18_04,int_sim_18,INT_0018_1p_a_cond18_83ms,18,test,Interruption,2,SCENARIO_CONTROLLER,phase-to-ground,A,0.0018,0.0011,78.4,0.0288,0.1072,144,536,0.474482,0.854647,1.80122,0.6396,78.0,60.0,60.7386,1.67,0.535615,0.01659,0.002868,0.005414,0.001277,0.001653,0.001371,0.002614,0.001539,0.001982,0.001629,0.030974,0.005355,0.010108,0.002384,0.00256,0.002873,0.003041,0.000335,61.42,44.86,0.2048,0.002328,60.0
int_18_05,int_sim_18,INT_0018_1p_a_cond18_83ms,18,test,Interruption,2,SCENARIO_CONTROLLER,phase-to-ground,A,0.0018,0.0011,78.4,0.0298,0.1082,149,541,0.474467,0.854647,1.801279,0.6375,78.0,60.0,60.7386,1.55,0.535597,0.016601,0.002853,0.005428,0.001272,0.00164,0.001379,0.002604,0.001543,0.001993,0.001614,0.030995,0.005327,0.010134,0.002375,0.002575,0.002881,0.003013,0.000335,61.42,44.86,0.2048,0.002328,60.0
int_18_06,int_sim_18,INT_0018_1p_a_cond18_83ms,18,test,Interruption,2,SCENARIO_CONTROLLER,phase-to-ground,A,0.0018,0.0011,78.4,0.0308,0.1092,154,546,0.474448,0.854647,1.801349,0.6331,78.0,60.0,60.7386,1.4,0.535577,0.01659,0.002835,0.005436,0.001262,0.001659,0.001367,0.00262,0.001529,0.002002,0.001608,0.030976,0.005293,0.01015,0.002356,0.002552,0.002855,0.003002,0.000335,61.42,44.86,0.2048,0.002329,60.0
int_18_07,int_sim_18,INT_0018_1p_a_cond18_83ms,18,test,Interruption,2,SCENARIO_CONTROLLER,phase-to-ground,A,0.0018,0.0011,78.4,0.0318,0.1102,159,551,0.474441,0.854647,1.801375,0.6356,78.0,60.0,60.7386,1.3,0.535569,0.016574,0.002842,0.00542,0.001278,0.001645,0.00137,0.002609,0.001539,0.001993,0.001614,0.030947,0.005307,0.01012,0.002386,0.002558,0.002874,0.003014,0.000334,61.42,44.86,0.2048,0.002329,60.0
int_18_08,int_sim_18,INT_0018_1p_a_cond18_83ms,18,test,Interruption,2,SCENARIO_CONTROLLER,phase-to-ground,A,0.0018,0.0011,78.4,0.0328,0.1112,164,556,0.474438,0.854647,1.801388,0.6416,78.0,60.0,60.736,1.29,0.535565,0.016547,0.002868,0.0054,0.001284,0.00164,0.00139,0.002617,0.001519,0.002014,0.001594,0.030896,0.005355,0.010083,0.002397,0.002595,0.002836,0.002976,0.000333,61.42,44.86,0.2048,0.002328,60.0
int_18_09,int_sim_18,INT_0018_1p_a_cond18_83ms,18,test,Interruption,2,SCENARIO_CONTROLLER,phase-to-ground,A,0.0018,0.0011,78.4,0.0338,0.1122,169,561,0.474446,0.854647,1.801356,0.6408,78.0,60.0,60.736,1.37,0.535575,0.016536,0.002877,0.005423,0.001267,0.001646,0.001379,0.002597,0.001531,0.002014,0.001578,0.030875,0.005372,0.010126,0.002366,0.002575,0.002859,0.002946,0.000333,61.42,44.86,0.2048,0.002329,60.0
int_18_10,int_sim_18,INT_0018_1p_a_cond18_83ms,18,test,Interruption,2,SCENARIO_CONTROLLER,phase-to-ground,A,0.0018,0.0011,78.4,0.0348,0.1132,174,566,0.474464,0.854647,1.801288,0.641,78.0,60.0,60.736,1.49,0.535595,0.016544,0.002858,0.005437,0.001288,0.001623,0.0014,0.002613,0.001521,0.002007,0.00159,0.030889,0.005336,0.010151,0.002405,0.002614,0.00284,0.002969,0.000333,61.42,44.86,0.2048,0.002328,60.0
int_18_11,int_sim_18,INT_0018_1p_a_cond18_83ms,18,test,Interruption,2,SCENARIO_CONTROLLER,phase-to-ground,A,0.0018,0.0011,78.4,0.0358,0.1142,179,571,0.474489,0.854647,1.801193,0.6352,78.0,60.0,60.736,1.59,0.535623,0.016571,0.002829,0.005412,0.001295,0.001645,0.001377,0.002597,0.001525,0.002022,0.001591,0.030938,0.005282,0.010104,0.002418,0.002571,0.002847,0.00297,0.000334,61.42,44.86,0.2048,0.002328,60.0
int_18_12,int_sim_18,INT_0018_1p_a_cond18_83ms,18,test,Interruption,2,SCENARIO_CONTROLLER,phase-to-ground,A,0.0018,0.0011,78.4,0.0368,0.1152,184,576,0.474509,0.854647,1.801116,0.6339,78.0,60.0,60.736,1.6,0.535646,0.016593,0.002824,0.005398,0.001275,0.001646,0.001388,0.002604,0.001521,0.002011,0.001586,0.030978,0.005272,0.010078,0.00238,0.002591,0.00284,0.002961,0.000334,61.42,44.85,0.2048,0.002328,60.0
int_18_13,int_sim_18,INT_0018_1p_a_cond18_83ms,18,test,Interruption,2,SCENARIO_CONTROLLER,phase-to-ground,A,0.0018,0.0011,78.4,0.0378,0.1162,189,581,0.474524,0.854647,1.80106,0.636,78.0,60.0,60.736,1.51,0.535662,0.016602,0.002838,0.00541,0.00128,0.001637,0.001383,0.002598,0.001518,0.002015,0.00159,0.030993,0.005298,0.0101,0.00239,0.002582,0.002834,0.002968,0.000335,61.42,44.85,0.2048,0.002327,60.0
int_18_14,int_sim_18,INT_0018_1p_a_cond18_83ms,18,test,Interruption,2,SCENARIO_CONTROLLER,phase-to-ground,A,0.0018,0.0011,78.4,0.0388,0.1172,194,586,0.474545,0.854647,1.800983,0.6406,78.0,60.0,60.736,1.37,0.535685,0.016601,0.002863,0.005432,0.001303,0.001658,0.001373,0.002597,0.001515,0.002003,0.001578,0.03099,0.005345,0.01014,0.002432,0.002563,0.002828,0.002946,0.000335,61.42,44.85,0.2048,0.002328,60.0
int_18_15,int_sim_18,INT_0018_1p_a_cond18_83ms,18,test,Interruption,2,SCENARIO_CONTROLLER,phase-to-ground,A,0.0018,0.0011,78.4,0.0398,0.1182,199,591,0.474558,0.854647,1.800931,0.64,78.0,60.0,60.736,1.24,0.5357,0.016579,0.002861,0.005414,0.001283,0.001645,0.001386,0.002592,0.001506,0.001999,0.001572,0.030948,0.005341,0.010106,0.002395,0.002587,0.002811,0.002934,0.000334,61.42,44.85,0.2048,0.002327,60.0
int_18_16,int_sim_18,INT_0018_1p_a_cond18_83ms,18,test,Interruption,2,SCENARIO_CONTROLLER,phase-to-ground,A,0.0018,0.0011,78.4,0.0408,0.1192,204,596,0.474561,0.854647,1.800919,0.6359,78.0,60.0,60.7991,1.0,0.535704,0.01656,0.002845,0.005399,0.001275,0.001638,0.001373,0.002591,0.001511,0.002004,0.001579,0.030913,0.005311,0.010078,0.00238,0.002563,0.002821,0.002948,0.000333,61.42,44.85,0.2048,0.002327,60.0
int_18_17,int_sim_18,INT_0018_1p_a_cond18_83ms,18,test,Interruption,2,SCENARIO_CONTROLLER,phase-to-ground,A,0.0018,0.0011,78.4,0.0418,0.1202,209,601,0.474556,0.854647,1.800941,0.6359,78.0,60.0,60.74,1.24,0.535697,0.01654,0.002825,0.005413,0.001299,0.001658,0.001392,0.002591,0.001499,0.001993,0.001574,0.030876,0.005274,0.010105,0.002425,0.002598,0.002798,0.002938,0.000333,61.42,44.85,0.2048,0.002328,60.0
int_18_18,int_sim_18,INT_0018_1p_a_cond18_83ms,18,test,Interruption,2,SCENARIO_CONTROLLER,phase-to-ground,A,0.0018,0.0011,78.4,0.0428,0.1212,214,606,0.474544,0.854647,1.800983,0.6356,78.0,60.0,60.74,1.36,0.535685,0.01654,0.002831,0.005431,0.001294,0.001644,0.00138,0.002589,0.001509,0.001999,0.001572,0.030876,0.005285,0.010138,0.002416,0.002576,0.002817,0.002935,0.000333,61.42,44.85,0.2048,0.002328,60.0
int_18_19,int_sim_18,INT_0018_1p_a_cond18_83ms,18,test,Interruption,2,SCENARIO_CONTROLLER,phase-to-ground,A,0.0018,0.0011,78.4,0.0438,0.1222,219,611,0.474523,0.854647,1.801065,0.6393,78.0,60.0,60.74,1.47,0.535661,0.01656,0.002858,0.005418,0.001273,0.001649,0.001392,0.002594,0.001489,0.001994,0.001588,0.030915,0.005335,0.010115,0.002377,0.002599,0.00278,0.002965,0.000333,61.42,44.85,0.2048,0.002328,60.0
int_18_20,int_sim_18,INT_0018_1p_a_cond18_83ms,18,test,Interruption,2,SCENARIO_CONTROLLER,phase-to-ground,A,0.0018,0.0011,78.4,0.0448,0.1232,224,616,0.474511,0.854647,1.801109,0.6414,78.0,60.0,60.74,1.52,0.535648,0.016573,0.002866,0.005405,0.001283,0.001659,0.001393,0.002587,0.001504,0.00199,0.001577,0.03094,0.005351,0.010091,0.002395,0.002601,0.002808,0.002944,0.000334,61.42,44.85,0.2048,0.002328,60.0
int_18_21,int_sim_18,INT_0018_1p_a_cond18_83ms,18,test,Interruption,2,SCENARIO_CONTROLLER,phase-to-ground,A,0.0018,0.0011,78.4,0.0458,0.1242,229,621,0.474494,0.854647,1.801174,0.6397,78.0,60.0,60.74,1.47,0.535629,0.016588,0.002857,0.005411,0.001291,0.00164,0.001383,0.002598,0.001487,0.002003,0.001575,0.030969,0.005334,0.010102,0.00241,0.002582,0.002776,0.00294,0.000334,61.42,44.86,0.2048,0.002328,60.0
int_18_22,int_sim_18,INT_0018_1p_a_cond18_83ms,18,test,Interruption,2,SCENARIO_CONTROLLER,phase-to-ground,A,0.0018,0.0011,78.4,0.0468,0.1252,234,626,0.474469,0.854647,1.80127,0.6344,78.0,60.0,60.74,1.34,0.5356,0.016592,0.002825,0.00544,0.001263,0.001657,0.001403,0.002585,0.001501,0.001986,0.001588,0.030978,0.005274,0.010157,0.002358,0.002619,0.002802,0.002965,0.000335,61.42,44.86,0.2048,0.002328,60.0
int_18_23,int_sim_18,INT_0018_1p_a_cond18_83ms,18,test,Interruption,2,SCENARIO_CONTROLLER,phase-to-ground,A,0.0018,0.0011,78.4,0.0478,0.1262,239,631,0.474461,0.854647,1.8013,0.6331,78.0,60.0,60.74,1.2,0.535592,0.016585,0.00282,0.005439,0.001264,0.001661,0.001395,0.002591,0.001496,0.001991,0.001584,0.030966,0.005265,0.010155,0.00236,0.002605,0.002793,0.002957,0.000334,61.42,44.86,0.2048,0.002327,60.0
int_18_24,int_sim_18,INT_0018_1p_a_cond18_83ms,18,test,Interruption,2,SCENARIO_CONTROLLER,phase-to-ground,A,0.0018,0.0011,78.4,0.0488,0.1272,244,636,0.474453,0.854647,1.801329,0.6382,78.0,60.0,60.74,1.13,0.535583,0.01656,0.002836,0.005414,0.001286,0.001638,0.00141,0.002571,0.001511,0.001977,0.001592,0.03092,0.005295,0.010109,0.002401,0.002633,0.002821,0.002972,0.000333,61.42,44.86,0.2048,0.002329,60.0
int_18_25,int_sim_18,INT_0018_1p_a_cond18_83ms,18,test,Interruption,2,SCENARIO_CONTROLLER,phase-to-ground,A,0.0018,0.0011,78.4,0.0498,0.1282,249,641,0.474455,0.854647,1.801324,0.6398,78.0,60.0,60.7312,1.18,0.535585,0.016541,0.002857,0.005414,0.001272,0.001655,0.001401,0.002586,0.001508,0.001974,0.001602,0.030884,0.005334,0.010109,0.002375,0.002616,0.002816,0.002991,0.000333,61.42,44.86,0.2048,0.002328,60.0
int_18_26,int_sim_18,INT_0018_1p_a_cond18_83ms,18,test,Interruption,2,SCENARIO_CONTROLLER,phase-to-ground,A,0.0018,0.0011,78.4,0.0508,0.1292,254,646,0.47447,0.854647,1.801267,0.6396,78.0,60.0,60.7312,1.28,0.535602,0.016532,0.00286,0.005449,0.00126,0.001647,0.001404,0.002562,0.001505,0.00199,0.001586,0.030866,0.00534,0.010174,0.002352,0.002621,0.00281,0.002961,0.000333,61.42,44.86,0.2048,0.002328,60.0
int_18_27,int_sim_18,INT_0018_1p_a_cond18_83ms,18,test,Interruption,2,SCENARIO_CONTROLLER,phase-to-ground,A,0.0018,0.0011,78.4,0.0518,0.1302,259,651,0.474493,0.854647,1.801178,0.638,78.0,60.0,60.7312,1.41,0.535628,0.016548,0.002831,0.005451,0.00129,0.001631,0.001415,0.002585,0.001513,0.001972,0.001587,0.030895,0.005285,0.010177,0.002408,0.002642,0.002825,0.002963,0.000333,61.42,44.85,0.2048,0.002329,60.0
int_18_28,int_sim_18,INT_0018_1p_a_cond18_83ms,18,test,Interruption,2,SCENARIO_CONTROLLER,phase-to-ground,A,0.0018,0.0011,78.4,0.0528,0.1312,264,656,0.474527,0.854647,1.80105,0.6306,78.0,60.0,60.7312,1.49,0.535666,0.016586,0.0028,0.005413,0.001279,0.001664,0.001391,0.002555,0.001494,0.00199,0.001607,0.030963,0.005227,0.010105,0.002388,0.002597,0.002789,0.003,0.000334,61.42,44.85,0.2048,0.002325,60.0
int_18_29,int_sim_18,INT_0018_1p_a_cond18_83ms,18,test,Interruption,2,SCENARIO_CONTROLLER,phase-to-ground,A,0.0018,0.0011,78.4,0.0538,0.1322,269,661,0.474539,0.854647,1.801003,0.6304,78.0,60.0,60.7312,1.48,0.53568,0.016599,0.002799,0.005407,0.001267,0.00166,0.001402,0.002564,0.001496,0.001982,0.0016,0.030987,0.005225,0.010094,0.002365,0.002617,0.002793,0.002987,0.000334,61.42,44.85,0.2048,0.002325,60.0
int_18_30,int_sim_18,INT_0018_1p_a_cond18_83ms,18,test,Interruption,2,SCENARIO_CONTROLLER,phase-to-ground,A,0.0018,0.0011,78.4,0.0548,0.1332,274,666,0.474549,0.854647,1.800968,0.632,78.0,60.0,60.7312,1.38,0.53569,0.016603,0.002809,0.005416,0.001273,0.00166,0.001397,0.002562,0.001495,0.001983,0.0016,0.030994,0.005244,0.01011,0.002376,0.002608,0.002791,0.002987,0.000335,61.42,44.85,0.2048,0.002325,60.0
int_18_31,int_sim_18,INT_0018_1p_a_cond18_83ms,18,test,Interruption,2,SCENARIO_CONTROLLER,phase-to-ground,A,0.0018,0.0011,78.4,0.0558,0.1342,279,671,0.474568,0.854647,1.800892,0.6367,78.0,60.0,60.7312,1.24,0.535712,0.016589,0.002826,0.005421,0.001278,0.001677,0.001418,0.002583,0.001514,0.001999,0.001614,0.030966,0.005275,0.010119,0.002386,0.002647,0.002826,0.003013,0.000335,61.42,44.85,0.2048,0.002323,60.0
int_18_32,int_sim_18,INT_0018_1p_a_cond18_83ms,18,test,Interruption,2,SCENARIO_CONTROLLER,phase-to-ground,A,0.0018,0.0011,78.4,0.0568,0.1352,284,676,0.474582,0.854647,1.800842,0.633,78.0,60.0,60.7312,1.14,0.535727,0.016559,0.002816,0.005393,0.001249,0.001652,0.001418,0.002564,0.001494,0.001983,0.0016,0.030909,0.005256,0.010067,0.002331,0.002647,0.002789,0.002987,0.000333,61.42,44.85,0.2048,0.002325,60.0
int_19_01,int_sim_19,INT_0019_1p_a_cond19_50ms,19,val,Interruption,2,SCENARIO_CONTROLLER,phase-to-ground,A,0.0033,0.0019,45.8,0.0258,0.0716,129,358,0.512878,0.823236,1.60513,0.5252,48.2,60.0,60.6317,5.09,0.650175,0.016639,0.002662,0.005585,0.002095,0.001897,0.000428,0.002129,0.001242,0.001289,0.001284,0.025592,0.004094,0.00859,0.003222,0.000658,0.00191,0.001975,0.000333,60.71,30.22,0.1484,0.001106,60.0
int_19_02,int_sim_19,INT_0019_1p_a_cond19_50ms,19,val,Interruption,2,SCENARIO_CONTROLLER,phase-to-ground,A,0.0033,0.0019,45.8,0.0268,0.0726,134,363,0.51286,0.823236,1.605185,0.5268,48.2,60.0,60.6317,5.19,0.650153,0.016655,0.00269,0.00558,0.002074,0.001901,0.000438,0.002141,0.001223,0.001279,0.001297,0.025617,0.004137,0.008583,0.00319,0.000674,0.001881,0.001995,0.000333,60.71,30.22,0.1484,0.001106,60.0
int_19_03,int_sim_19,INT_0019_1p_a_cond19_50ms,19,val,Interruption,2,SCENARIO_CONTROLLER,phase-to-ground,A,0.0033,0.0019,45.8,0.0278,0.0736,139,368,0.512845,0.823236,1.605232,0.5291,48.2,60.0,60.6317,5.25,0.650135,0.016675,0.002697,0.005561,0.002091,0.00191,0.000435,0.002132,0.001239,0.001278,0.001286,0.025649,0.004148,0.008554,0.003216,0.000669,0.001906,0.001978,0.000334,60.71,30.22,0.1484,0.001106,60.0
int_19_04,int_sim_19,INT_0019_1p_a_cond19_50ms,19,val,Interruption,2,SCENARIO_CONTROLLER,phase-to-ground,A,0.0033,0.0019,45.8,0.0288,0.0746,144,373,0.512833,0.823236,1.605269,0.528,48.2,60.0,60.6317,5.23,0.650119,0.016686,0.002687,0.005565,0.002092,0.0019,0.000435,0.002134,0.001236,0.001284,0.001279,0.025666,0.004133,0.00856,0.003218,0.000669,0.001901,0.001967,0.000334,60.71,30.23,0.1484,0.001107,60.0
int_19_05,int_sim_19,INT_0019_1p_a_cond19_50ms,19,val,Interruption,2,SCENARIO_CONTROLLER,phase-to-ground,A,0.0033,0.0019,45.8,0.0298,0.0756,149,378,0.512823,0.823236,1.605303,0.5255,48.2,60.0,60.6317,5.14,0.650106,0.016691,0.002674,0.005578,0.00208,0.001905,0.000443,0.002128,0.001241,0.001283,0.001278,0.025674,0.004113,0.00858,0.003199,0.000681,0.001909,0.001966,0.000334,60.71,30.23,0.1484,0.001107,60.0
int_19_06,int_sim_19,INT_0019_1p_a_cond19_50ms,19,val,Interruption,2,SCENARIO_CONTROLLER,phase-to-ground,A,0.0033,0.0019,45.8,0.0308,0.0766,154,383,0.512817,0.823236,1.605319,0.5251,48.2,60.0,60.6317,5.02,0.6501,0.016687,0.002671,0.005579,0.002081,0.001907,0.000437,0.002133,0.001237,0.001286,0.001276,0.025668,0.004109,0.008582,0.003201,0.000672,0.001903,0.001963,0.000334,60.71,30.23,0.1484,0.001107,60.0
int_19_07,int_sim_19,INT_0019_1p_a_cond19_50ms,19,val,Interruption,2,SCENARIO_CONTROLLER,phase-to-ground,A,0.0033,0.0019,45.8,0.0318,0.0776,159,388,0.512811,0.823236,1.605339,0.5286,48.2,60.0,60.6317,4.93,0.650092,0.016668,0.002687,0.00556,0.002094,0.001894,0.000451,0.002122,0.001238,0.001284,0.001272,0.025639,0.004133,0.008553,0.003221,0.000694,0.001904,0.001957,0.000333,60.71,30.23,0.1484,0.001107,60.0
int_19_08,int_sim_19,INT_0019_1p_a_cond19_50ms,19,val,Interruption,2,SCENARIO_CONTROLLER,phase-to-ground,A,0.0033,0.0019,45.8,0.0328,0.0786,164,393,0.51281,0.823236,1.605342,0.5296,48.2,60.0,60.6261,4.93,0.650091,0.016653,0.002701,0.005554,0.002087,0.001904,0.000449,0.002133,0.001229,0.001292,0.001272,0.025616,0.004155,0.008543,0.00321,0.000691,0.001891,0.001957,0.000333,60.71,30.23,0.1484,0.001107,60.0
int_19_09,int_sim_19,INT_0019_1p_a_cond19_50ms,19,val,Interruption,2,SCENARIO_CONTROLLER,phase-to-ground,A,0.0033,0.0019,45.8,0.0338,0.0796,169,398,0.512821,0.823236,1.605309,0.5287,48.2,60.0,60.6261,4.99,0.650104,0.016639,0.002701,0.005587,0.002076,0.001895,0.000453,0.00211,0.001228,0.001302,0.001259,0.025594,0.004155,0.008594,0.003193,0.000697,0.001889,0.001937,0.000333,60.71,30.23,0.1484,0.001107,60.0
int_19_10,int_sim_19,INT_0019_1p_a_cond19_50ms,19,val,Interruption,2,SCENARIO_CONTROLLER,phase-to-ground,A,0.0033,0.0019,45.8,0.0348,0.0806,174,403,0.512828,0.823236,1.605285,0.5285,48.2,60.0,60.6261,5.09,0.650114,0.016644,0.002688,0.005592,0.00209,0.001888,0.000458,0.002121,0.00123,0.001293,0.001262,0.025602,0.004135,0.008602,0.003215,0.000704,0.001892,0.001941,0.000333,60.71,30.23,0.1484,0.001107,60.0
int_19_11,int_sim_19,INT_0019_1p_a_cond19_50ms,19,val,Interruption,2,SCENARIO_CONTROLLER,phase-to-ground,A,0.0033,0.0019,45.8,0.0358,0.0816,179,408,0.512845,0.823236,1.605234,0.5257,48.2,60.0,60.6261,5.17,0.650134,0.016663,0.002672,0.005572,0.002085,0.001905,0.000445,0.002108,0.001226,0.001303,0.001265,0.02563,0.00411,0.008571,0.003207,0.000684,0.001886,0.001946,0.000333,60.71,30.22,0.1484,0.001107,60.0
int_19_12,int_sim_19,INT_0019_1p_a_cond19_50ms,19,val,Interruption,2,SCENARIO_CONTROLLER,phase-to-ground,A,0.0033,0.0019,45.8,0.0368,0.0826,184,413,0.512857,0.823236,1.605194,0.5256,48.2,60.0,60.6261,5.18,0.65015,0.016678,0.002677,0.005569,0.002075,0.001894,0.000455,0.002119,0.001235,0.001301,0.001259,0.025653,0.004118,0.008566,0.003192,0.0007,0.0019,0.001936,0.000334,60.71,30.22,0.1484,0.001107,60.0
int_19_13,int_sim_19,INT_0019_1p_a_cond19_50ms,19,val,Interruption,2,SCENARIO_CONTROLLER,phase-to-ground,A,0.0033,0.0019,45.8,0.0378,0.0836,189,418,0.512879,0.823236,1.605126,0.5303,48.2,60.0,60.6261,5.12,0.650178,0.016693,0.002704,0.005592,0.002094,0.001891,0.000435,0.002102,0.00122,0.001302,0.001264,0.025675,0.004159,0.008601,0.003221,0.000669,0.001876,0.001944,0.000335,60.71,30.22,0.1484,0.001107,60.0
int_19_14,int_sim_19,INT_0019_1p_a_cond19_50ms,19,val,Interruption,2,SCENARIO_CONTROLLER,phase-to-ground,A,0.0033,0.0019,45.8,0.0388,0.0846,194,423,0.512885,0.823236,1.605107,0.5317,48.2,60.0,60.6261,5.0,0.650186,0.016692,0.002711,0.005598,0.0021,0.001901,0.000438,0.002106,0.001226,0.001301,0.001262,0.025673,0.00417,0.00861,0.00323,0.000674,0.001886,0.001941,0.000335,60.71,30.22,0.1484,0.001107,60.0
int_19_15,int_sim_19,INT_0019_1p_a_cond19_50ms,19,val,Interruption,2,SCENARIO_CONTROLLER,phase-to-ground,A,0.0033,0.0019,45.8,0.0398,0.0856,199,428,0.512897,0.823236,1.605071,0.5281,48.2,60.0,60.6261,4.9,0.6502,0.01667,0.0027,0.005579,0.002076,0.00188,0.000437,0.002095,0.00121,0.00129,0.001251,0.025638,0.004153,0.00858,0.003193,0.000672,0.001861,0.001924,0.000333,60.71,30.22,0.1484,0.001106,60.0
int_19_16,int_sim_19,INT_0019_1p_a_cond19_50ms,19,val,Interruption,2,SCENARIO_CONTROLLER,phase-to-ground,A,0.0033,0.0019,45.8,0.0408,0.0866,204,433,0.512899,0.823236,1.605063,0.5262,48.2,60.0,60.6672,4.71,0.650203,0.016661,0.002691,0.005569,0.00207,0.001873,0.000425,0.002088,0.001215,0.001294,0.001262,0.025624,0.004139,0.008565,0.003184,0.000654,0.001869,0.001941,0.000333,60.71,30.22,0.1484,0.001106,60.0
int_19_17,int_sim_19,INT_0019_1p_a_cond19_50ms,19,val,Interruption,2,SCENARIO_CONTROLLER,phase-to-ground,A,0.0033,0.0019,45.8,0.0418,0.0876,209,438,0.512895,0.823236,1.605075,0.5271,48.2,60.0,60.6326,4.88,0.650198,0.016643,0.002679,0.005583,0.002091,0.001889,0.000443,0.002087,0.0012,0.00128,0.001255,0.025597,0.00412,0.008587,0.003216,0.000681,0.001846,0.00193,0.000332,60.71,30.21,0.1484,0.001106,60.0
int_19_18,int_sim_19,INT_0019_1p_a_cond19_50ms,19,val,Interruption,2,SCENARIO_CONTROLLER,phase-to-ground,A,0.0033,0.0019,45.8,0.0428,0.0886,214,443,0.512886,0.823236,1.605104,0.527,48.2,60.0,60.6326,4.97,0.650186,0.016651,0.002696,0.005587,0.002071,0.001877,0.000432,0.00211,0.0012,0.001262,0.001237,0.02561,0.004147,0.008593,0.003185,0.000664,0.001846,0.001903,0.000333,60.71,30.22,0.1484,0.001107,60.0
int_19_19,int_sim_19,INT_0019_1p_a_cond19_50ms,19,val,Interruption,2,SCENARIO_CONTROLLER,phase-to-ground,A,0.0033,0.0019,45.8,0.0438,0.0896,219,448,0.512863,0.823236,1.605177,0.53,48.2,60.0,60.6326,5.07,0.650157,0.016675,0.00273,0.00557,0.002053,0.001893,0.000455,0.002114,0.001179,0.001259,0.001254,0.025648,0.004199,0.008567,0.003158,0.0007,0.001813,0.001929,0.000334,60.71,30.22,0.1484,0.001107,60.0
int_19_20,int_sim_19,INT_0019_1p_a_cond19_50ms,19,val,Interruption,2,SCENARIO_CONTROLLER,phase-to-ground,A,0.0033,0.0019,45.8,0.0448,0.0906,224,453,0.51284,0.823236,1.605249,0.533,48.2,60.0,60.6326,5.11,0.650128,0.016704,0.002737,0.005546,0.002079,0.001899,0.000444,0.002109,0.001194,0.001251,0.001248,0.025693,0.00421,0.008531,0.003198,0.000683,0.001837,0.00192,0.000334,60.71,30.22,0.1484,0.001107,60.0
int_19_21,int_sim_19,INT_0019_1p_a_cond19_50ms,19,val,Interruption,2,SCENARIO_CONTROLLER,phase-to-ground,A,0.0033,0.0019,45.8,0.0458,0.0916,229,458,0.512826,0.823236,1.605294,0.5311,48.2,60.0,60.6326,5.07,0.65011,0.016717,0.002723,0.005554,0.002076,0.001886,0.000446,0.002111,0.001189,0.001262,0.00124,0.025714,0.004189,0.008543,0.003193,0.000686,0.001829,0.001907,0.000335,60.71,30.22,0.1484,0.001107,60.0
int_19_22,int_sim_19,INT_0019_1p_a_cond19_50ms,19,val,Interruption,2,SCENARIO_CONTROLLER,phase-to-ground,A,0.0033,0.0019,45.8,0.0468,0.0926,234,463,0.512818,0.823236,1.605319,0.5294,48.2,60.0,60.6326,4.97,0.6501,0.016717,0.002714,0.005562,0.002069,0.001895,0.000445,0.002114,0.001185,0.001262,0.001239,0.025715,0.004175,0.008556,0.003183,0.000685,0.001823,0.001906,0.000335,60.71,30.22,0.1484,0.001107,60.0
int_19_23,int_sim_19,INT_0019_1p_a_cond19_50ms,19,val,Interruption,2,SCENARIO_CONTROLLER,phase-to-ground,A,0.0033,0.0019,45.8,0.0478,0.0936,239,468,0.512805,0.823236,1.605357,0.53,48.2,60.0,60.6326,4.85,0.650085,0.016704,0.002713,0.005558,0.002081,0.001892,0.000428,0.002126,0.00118,0.001274,0.00123,0.025695,0.004173,0.00855,0.003201,0.000658,0.001815,0.001892,0.000334,60.71,30.22,0.1484,0.001107,60.0
int_19_24,int_sim_19,INT_0019_1p_a_cond19_50ms,19,val,Interruption,2,SCENARIO_CONTROLLER,phase-to-ground,A,0.0033,0.0019,45.8,0.0488,0.0946,244,473,0.512801,0.823236,1.605371,0.5334,48.2,60.0,60.6326,4.79,0.65008,0.01668,0.002735,0.005538,0.002084,0.001889,0.000444,0.002125,0.001166,0.001285,0.001215,0.025658,0.004207,0.008519,0.003206,0.000683,0.001794,0.001869,0.000333,60.71,30.22,0.1484,0.001107,60.0
int_19_25,int_sim_19,INT_0019_1p_a_cond19_50ms,19,val,Interruption,2,SCENARIO_CONTROLLER,phase-to-ground,A,0.0033,0.0019,45.8,0.0498,0.0956,249,478,0.512802,0.823236,1.605367,0.5332,48.2,60.0,60.6235,4.83,0.650081,0.016658,0.002755,0.005542,0.002061,0.001913,0.000423,0.00214,0.001176,0.001273,0.001234,0.025624,0.004238,0.008525,0.00317,0.000651,0.001809,0.001898,0.000333,60.71,30.22,0.1484,0.001106,60.0
int_19_26,int_sim_19,INT_0019_1p_a_cond19_50ms,19,val,Interruption,2,SCENARIO_CONTROLLER,phase-to-ground,A,0.0033,0.0019,45.8,0.0508,0.0966,254,483,0.512811,0.823236,1.60534,0.533,48.2,60.0,60.6235,4.92,0.650092,0.016654,0.002748,0.005565,0.002065,0.001896,0.000437,0.002129,0.001162,0.001288,0.001233,0.025618,0.004227,0.00856,0.003176,0.000672,0.001787,0.001897,0.000333,60.71,30.22,0.1484,0.001106,60.0
int_19_27,int_sim_19,INT_0019_1p_a_cond19_50ms,19,val,Interruption,2,SCENARIO_CONTROLLER,phase-to-ground,A,0.0033,0.0019,45.8,0.0518,0.0976,259,488,0.51283,0.823236,1.605278,0.5313,48.2,60.0,60.6235,5.02,0.650117,0.016672,0.002716,0.00556,0.002091,0.001898,0.000429,0.002147,0.001183,0.001271,0.00122,0.025645,0.004178,0.008552,0.003216,0.00066,0.00182,0.001877,0.000334,60.71,30.22,0.1484,0.001106,60.0
int_19_28,int_sim_19,INT_0019_1p_a_cond19_50ms,19,val,Interruption,2,SCENARIO_CONTROLLER,phase-to-ground,A,0.0033,0.0019,45.8,0.0528,0.0986,264,493,0.512837,0.823236,1.605256,0.5301,48.2,60.0,60.6235,5.08,0.650126,0.01668,0.002707,0.005552,0.002091,0.001909,0.000417,0.002139,0.001185,0.001283,0.00122,0.025657,0.004164,0.00854,0.003216,0.000641,0.001823,0.001877,0.000334,60.71,30.22,0.1484,0.001106,60.0
int_19_29,int_sim_19,INT_0019_1p_a_cond19_50ms,19,val,Interruption,2,SCENARIO_CONTROLLER,phase-to-ground,A,0.0033,0.0019,45.8,0.0538,0.0996,269,498,0.512852,0.823236,1.60521,0.531,48.2,60.0,60.6235,5.07,0.650145,0.016696,0.002718,0.005553,0.002086,0.001893,0.000425,0.00215,0.001196,0.00129,0.00122,0.02568,0.004181,0.008541,0.003209,0.000654,0.00184,0.001877,0.000334,60.71,30.22,0.1484,0.001106,60.0
int_19_30,int_sim_19,INT_0019_1p_a_cond19_50ms,19,val,Interruption,2,SCENARIO_CONTROLLER,phase-to-ground,A,0.0033,0.0019,45.8,0.0548,0.1006,274,503,0.512861,0.823236,1.605183,0.5328,48.2,60.0,60.6235,4.99,0.650155,0.016702,0.002728,0.005562,0.002094,0.001891,0.000417,0.002143,0.00119,0.001295,0.001229,0.025689,0.004196,0.008555,0.003221,0.000641,0.00183,0.00189,0.000335,60.71,30.22,0.1484,0.001106,60.0
int_19_31,int_sim_19,INT_0019_1p_a_cond19_50ms,19,val,Interruption,2,SCENARIO_CONTROLLER,phase-to-ground,A,0.0033,0.0019,45.8,0.0558,0.1016,279,508,0.512875,0.823236,1.60514,0.5334,48.2,60.0,60.6235,4.87,0.650173,0.016691,0.002734,0.005564,0.002088,0.001896,0.000439,0.002162,0.001205,0.001314,0.001246,0.025672,0.004205,0.008558,0.003211,0.000675,0.001853,0.001916,0.000335,60.71,30.22,0.1484,0.001106,60.0
int_19_32,int_sim_19,INT_0019_1p_a_cond19_50ms,19,val,Interruption,2,SCENARIO_CONTROLLER,phase-to-ground,A,0.0033,0.0019,45.8,0.0568,0.1026,284,513,0.512879,0.823236,1.605126,0.5312,48.2,60.0,60.6235,4.79,0.650178,0.016678,0.002725,0.005551,0.002078,0.001886,0.000432,0.002155,0.001202,0.001311,0.001247,0.025651,0.004191,0.008538,0.003196,0.000664,0.001849,0.001918,0.000334,60.71,30.22,0.1484,0.001107,60.0
int_20_01,int_sim_20,INT_0020_1p_a_cond20_100ms,20,train,Interruption,2,SCENARIO_CONTROLLER,phase-to-ground,A,0.0019,0.0011,95.8,0.0258,0.1216,129,608,0.43334,0.839432,1.937122,0.7537,95.6,60.0,62.5584,-6.85,0.456002,0.016996,0.002774,0.005583,0.001989,0.001894,0.000404,0.002212,0.001441,0.001322,0.001376,0.037272,0.006083,0.012243,0.004362,0.000886,0.00316,0.003018,0.000346,61.03,36.41,0.2201,0.001616,60.0
int_20_02,int_sim_20,INT_0020_1p_a_cond20_100ms,20,train,Interruption,2,SCENARIO_CONTROLLER,phase-to-ground,A,0.0019,0.0011,95.8,0.0268,0.1226,134,613,0.433322,0.839432,1.937204,0.7555,95.6,60.0,62.5584,-6.8,0.455983,0.017008,0.002799,0.005582,0.001966,0.001893,0.00041,0.002231,0.001425,0.001305,0.001383,0.0373,0.006138,0.012242,0.004312,0.000899,0.003125,0.003033,0.000347,61.03,36.41,0.2201,0.001615,60.0
int_20_03,int_sim_20,INT_0020_1p_a_cond20_100ms,20,train,Interruption,2,SCENARIO_CONTROLLER,phase-to-ground,A,0.0019,0.0011,95.8,0.0278,0.1236,139,618,0.433298,0.839432,1.937311,0.7599,95.6,60.0,62.5584,-6.95,0.455958,0.017034,0.002811,0.005558,0.001984,0.001906,0.000409,0.002217,0.001441,0.001307,0.001373,0.037359,0.006165,0.01219,0.004351,0.000897,0.00316,0.003011,0.000347,61.03,36.41,0.2201,0.001616,60.0
int_20_04,int_sim_20,INT_0020_1p_a_cond20_100ms,20,train,Interruption,2,SCENARIO_CONTROLLER,phase-to-ground,A,0.0019,0.0011,95.8,0.0288,0.1246,144,623,0.433281,0.839432,1.937387,0.7594,95.6,60.0,62.5584,-7.32,0.455941,0.017049,0.002803,0.005556,0.001993,0.001893,0.0004,0.002228,0.001431,0.001305,0.001379,0.037393,0.006148,0.012186,0.004371,0.000877,0.003139,0.003025,0.000348,61.03,36.41,0.2201,0.001616,60.0
int_20_05,int_sim_20,INT_0020_1p_a_cond20_100ms,20,train,Interruption,2,SCENARIO_CONTROLLER,phase-to-ground,A,0.0019,0.0011,95.8,0.0298,0.1256,149,628,0.433262,0.839432,1.937468,0.7543,95.6,60.0,62.5584,-7.83,0.455922,0.017059,0.002783,0.005574,0.001976,0.001893,0.000422,0.002208,0.001452,0.001304,0.001374,0.037416,0.006104,0.012226,0.004334,0.000926,0.003185,0.003014,0.000348,61.03,36.41,0.2201,0.001617,60.0
int_20_06,int_sim_20,INT_0020_1p_a_cond20_100ms,20,train,Interruption,2,SCENARIO_CONTROLLER,phase-to-ground,A,0.0019,0.0011,95.8,0.0308,0.1266,154,633,0.433244,0.839432,1.937552,0.7522,95.6,60.0,62.5584,-8.33,0.455902,0.01705,0.002773,0.00558,0.001976,0.001903,0.000404,0.002224,0.001438,0.001313,0.001366,0.037398,0.006082,0.012239,0.004334,0.000886,0.003154,0.002996,0.000348,61.03,36.42,0.2202,0.001617,60.0
int_20_07,int_sim_20,INT_0020_1p_a_cond20_100ms,20,train,Interruption,2,SCENARIO_CONTROLLER,phase-to-ground,A,0.0019,0.0011,95.8,0.0318,0.1276,159,638,0.433236,0.839432,1.937587,0.7564,95.6,60.0,62.5584,-8.64,0.455894,0.017033,0.002785,0.005565,0.001991,0.001888,0.000413,0.002213,0.001448,0.001304,0.001373,0.037362,0.006109,0.012207,0.004367,0.000906,0.003176,0.003012,0.000347,61.03,36.42,0.2202,0.001617,60.0
int_20_08,int_sim_20,INT_0020_1p_a_cond20_100ms,20,train,Interruption,2,SCENARIO_CONTROLLER,phase-to-ground,A,0.0019,0.0011,95.8,0.0328,0.1286,164,643,0.433236,0.839432,1.937587,0.7573,95.6,60.0,62.5502,-8.62,0.455894,0.01701,0.002807,0.005562,0.001971,0.001911,0.000396,0.002233,0.001448,0.001303,0.001388,0.037311,0.006157,0.0122,0.004323,0.000869,0.003176,0.003045,0.000347,61.03,36.42,0.2202,0.001617,60.0
int_20_09,int_sim_20,INT_0020_1p_a_cond20_100ms,20,train,Interruption,2,SCENARIO_CONTROLLER,phase-to-ground,A,0.0019,0.0011,95.8,0.0338,0.1296,169,648,0.433249,0.839432,1.937529,0.7561,95.6,60.0,62.5502,-8.47,0.455908,0.016996,0.002806,0.005597,0.001961,0.001898,0.000406,0.002204,0.001445,0.001316,0.001368,0.037279,0.006155,0.012277,0.004301,0.000891,0.003169,0.003001,0.000346,61.03,36.42,0.2202,0.001617,60.0
int_20_10,int_sim_20,INT_0020_1p_a_cond20_100ms,20,train,Interruption,2,SCENARIO_CONTROLLER,phase-to-ground,A,0.0019,0.0011,95.8,0.0348,0.1306,174,653,0.433261,0.839432,1.937477,0.7555,95.6,60.0,62.5502,-8.31,0.45592,0.017002,0.00279,0.005604,0.001977,0.001888,0.000411,0.002217,0.001445,0.001308,0.001374,0.037292,0.006119,0.012292,0.004336,0.000901,0.003169,0.003014,0.000347,61.03,36.42,0.2202,0.001617,60.0
int_20_11,int_sim_20,INT_0020_1p_a_cond20_100ms,20,train,Interruption,2,SCENARIO_CONTROLLER,phase-to-ground,A,0.0019,0.0011,95.8,0.0358,0.1316,179,658,0.433276,0.839432,1.937407,0.7524,95.6,60.0,62.5502,-8.3,0.455937,0.017017,0.002775,0.005589,0.001977,0.001904,0.000398,0.002207,0.001446,0.001318,0.001373,0.037323,0.006086,0.012258,0.004336,0.000873,0.003171,0.003011,0.000347,61.03,36.42,0.2201,0.001617,60.0
int_20_12,int_sim_20,INT_0020_1p_a_cond20_100ms,20,train,Interruption,2,SCENARIO_CONTROLLER,phase-to-ground,A,0.0019,0.0011,95.8,0.0368,0.1326,184,663,0.433304,0.839432,1.937283,0.7516,95.6,60.0,62.5502,-8.54,0.455966,0.017044,0.002782,0.005579,0.001955,0.001884,0.000421,0.002229,0.001461,0.001303,0.001353,0.03738,0.006101,0.012236,0.004288,0.000923,0.003204,0.002967,0.000348,61.03,36.42,0.2201,0.001617,60.0
int_20_13,int_sim_20,INT_0020_1p_a_cond20_100ms,20,train,Interruption,2,SCENARIO_CONTROLLER,phase-to-ground,A,0.0019,0.0011,95.8,0.0378,0.1336,189,668,0.433343,0.839432,1.937106,0.7617,95.6,60.0,62.5502,-8.98,0.456007,0.017066,0.002823,0.005613,0.001985,0.001883,0.000391,0.002205,0.001441,0.001305,0.00136,0.037425,0.006191,0.012309,0.004353,0.000857,0.00316,0.002982,0.000349,61.02,36.41,0.2201,0.001616,60.0
int_20_14,int_sim_20,INT_0020_1p_a_cond20_100ms,20,train,Interruption,2,SCENARIO_CONTROLLER,phase-to-ground,A,0.0019,0.0011,95.8,0.0388,0.1346,194,673,0.433364,0.839432,1.937015,0.7655,95.6,60.0,62.5502,-9.5,0.456028,0.017059,0.002838,0.005626,0.001992,0.001901,0.000408,0.002222,0.001459,0.001314,0.001369,0.037408,0.006223,0.012337,0.004368,0.000895,0.003199,0.003002,0.000349,61.02,36.41,0.2201,0.001616,60.0
int_20_15,int_sim_20,INT_0020_1p_a_cond20_100ms,20,train,Interruption,2,SCENARIO_CONTROLLER,phase-to-ground,A,0.0019,0.0011,95.8,0.0398,0.1356,199,678,0.433384,0.839432,1.936927,0.7592,95.6,60.0,62.5502,-9.92,0.456048,0.01703,0.002825,0.005602,0.00196,0.001874,0.000408,0.002213,0.00144,0.001305,0.001357,0.037343,0.006195,0.012284,0.004298,0.000895,0.003158,0.002976,0.000347,61.02,36.4,0.2201,0.001616,60.0
int_20_16,int_sim_20,INT_0020_1p_a_cond20_100ms,20,train,Interruption,2,SCENARIO_CONTROLLER,phase-to-ground,A,0.0019,0.0011,95.8,0.0408,0.1366,204,683,0.433389,0.839432,1.936902,0.7537,95.6,60.0,62.7824,-12.23,0.456054,0.016992,0.002787,0.005579,0.00197,0.001888,0.000405,0.002228,0.001461,0.001322,0.001363,0.037259,0.006111,0.012233,0.00432,0.000888,0.003204,0.002989,0.000346,61.02,36.41,0.2201,0.001616,60.0
int_20_17,int_sim_20,INT_0020_1p_a_cond20_100ms,20,train,Interruption,2,SCENARIO_CONTROLLER,phase-to-ground,A,0.0019,0.0011,95.8,0.0418,0.1376,209,688,0.433384,0.839432,1.936926,0.7546,95.6,60.0,62.5527,-9.93,0.456048,0.016977,0.002779,0.005595,0.001987,0.001896,0.000415,0.00222,0.001449,0.001314,0.001367,0.037226,0.006094,0.012268,0.004357,0.00091,0.003177,0.002997,0.000346,61.02,36.41,0.2201,0.001616,60.0
int_20_18,int_sim_20,INT_0020_1p_a_cond20_100ms,20,train,Interruption,2,SCENARIO_CONTROLLER,phase-to-ground,A,0.0019,0.0011,95.8,0.0428,0.1386,214,693,0.433373,0.839432,1.936973,0.7549,95.6,60.0,62.5527,-9.66,0.456037,0.01698,0.002792,0.005607,0.001974,0.001882,0.000404,0.002227,0.001455,0.001314,0.00136,0.037234,0.006122,0.012295,0.004329,0.000886,0.003191,0.002982,0.000346,61.02,36.41,0.2201,0.001616,60.0
int_20_19,int_sim_20,INT_0020_1p_a_cond20_100ms,20,train,Interruption,2,SCENARIO_CONTROLLER,phase-to-ground,A,0.0019,0.0011,95.8,0.0438,0.1396,219,698,0.433351,0.839432,1.937073,0.7587,95.6,60.0,62.5527,-9.47,0.456014,0.016999,0.002819,0.005593,0.00196,0.001898,0.000425,0.002229,0.001437,0.001313,0.001376,0.037277,0.006182,0.012265,0.004298,0.000932,0.003151,0.003017,0.000346,61.02,36.41,0.2201,0.001617,60.0
int_20_20,int_sim_20,INT_0020_1p_a_cond20_100ms,20,train,Interruption,2,SCENARIO_CONTROLLER,phase-to-ground,A,0.0019,0.0011,95.8,0.0448,0.1406,224,703,0.433312,0.839432,1.937247,0.7642,95.6,60.0,62.5527,-9.48,0.455974,0.01704,0.002827,0.00556,0.001997,0.001902,0.000402,0.002226,0.001455,0.001296,0.001374,0.037371,0.0062,0.012194,0.00438,0.000882,0.003191,0.003013,0.000348,61.02,36.42,0.2201,0.001616,60.0
int_20_21,int_sim_20,INT_0020_1p_a_cond20_100ms,20,train,Interruption,2,SCENARIO_CONTROLLER,phase-to-ground,A,0.0019,0.0011,95.8,0.0458,0.1416,229,708,0.433294,0.839432,1.937327,0.7605,95.6,60.0,62.5527,-9.74,0.455955,0.017052,0.002811,0.005572,0.001988,0.001893,0.000413,0.00222,0.001459,0.001306,0.001362,0.037398,0.006165,0.012221,0.00436,0.000906,0.0032,0.002987,0.000348,61.02,36.42,0.2202,0.001617,60.0
int_20_22,int_sim_20,INT_0020_1p_a_cond20_100ms,20,train,Interruption,2,SCENARIO_CONTROLLER,phase-to-ground,A,0.0019,0.0011,95.8,0.0468,0.1426,234,713,0.433267,0.839432,1.93745,0.7528,95.6,60.0,62.5527,-10.18,0.455926,0.017052,0.002784,0.005599,0.001965,0.001923,0.000412,0.00222,0.001454,0.001292,0.001375,0.037401,0.006106,0.012281,0.00431,0.000904,0.003189,0.003016,0.000348,61.02,36.42,0.2202,0.001617,60.0
int_20_23,int_sim_20,INT_0020_1p_a_cond20_100ms,20,train,Interruption,2,SCENARIO_CONTROLLER,phase-to-ground,A,0.0019,0.0011,95.8,0.0478,0.1436,239,718,0.433253,0.839432,1.93751,0.7533,95.6,60.0,62.5527,-10.64,0.455913,0.017041,0.002782,0.005596,0.001975,0.001921,0.000397,0.002232,0.001447,0.001303,0.001366,0.037378,0.006102,0.012274,0.004332,0.000871,0.003174,0.002996,0.000348,61.02,36.42,0.2202,0.001617,60.0
int_20_24,int_sim_20,INT_0020_1p_a_cond20_100ms,20,train,Interruption,2,SCENARIO_CONTROLLER,phase-to-ground,A,0.0019,0.0011,95.8,0.0488,0.1446,244,723,0.433248,0.839432,1.937533,0.7584,95.6,60.0,62.5527,-10.89,0.455908,0.017015,0.002807,0.005575,0.001975,0.001922,0.000415,0.002233,0.001425,0.001323,0.001341,0.037321,0.006157,0.012228,0.004332,0.00091,0.003126,0.002941,0.000347,61.02,36.42,0.2202,0.001618,60.0
int_20_25,int_sim_20,INT_0020_1p_a_cond20_100ms,20,train,Interruption,2,SCENARIO_CONTROLLER,phase-to-ground,A,0.0019,0.0011,95.8,0.0498,0.1456,249,728,0.43325,0.839432,1.937524,0.7582,95.6,60.0,62.5446,-10.73,0.45591,0.016996,0.002824,0.00558,0.001954,0.001941,0.000396,0.002243,0.001436,0.001311,0.001354,0.037279,0.006194,0.012239,0.004286,0.000869,0.00315,0.00297,0.000346,61.02,36.42,0.2202,0.001618,60.0
int_20_26,int_sim_20,INT_0020_1p_a_cond20_100ms,20,train,Interruption,2,SCENARIO_CONTROLLER,phase-to-ground,A,0.0019,0.0011,95.8,0.0508,0.1466,254,733,0.433261,0.839432,1.937474,0.7579,95.6,60.0,62.5446,-10.41,0.455922,0.016992,0.002815,0.005603,0.001961,0.001923,0.000413,0.002233,0.001421,0.001325,0.001355,0.03727,0.006174,0.012289,0.004301,0.000906,0.003117,0.002972,0.000346,61.02,36.42,0.2202,0.001618,60.0
int_20_27,int_sim_20,INT_0020_1p_a_cond20_100ms,20,train,Interruption,2,SCENARIO_CONTROLLER,phase-to-ground,A,0.0019,0.0011,95.8,0.0518,0.1476,259,738,0.43328,0.839432,1.937389,0.7562,95.6,60.0,62.5446,-10.02,0.455942,0.017005,0.00279,0.005604,0.001984,0.001919,0.000412,0.002253,0.001435,0.001307,0.001351,0.037296,0.006119,0.012291,0.004351,0.000904,0.003147,0.002963,0.000347,61.02,36.42,0.2202,0.001618,60.0
int_20_28,int_sim_20,INT_0020_1p_a_cond20_100ms,20,train,Interruption,2,SCENARIO_CONTROLLER,phase-to-ground,A,0.0019,0.0011,95.8,0.0528,0.1486,264,743,0.433307,0.839432,1.93727,0.7509,95.6,60.0,62.5446,-9.78,0.455969,0.017033,0.002773,0.005577,0.001967,0.001937,0.000405,0.002236,0.001419,0.001316,0.001362,0.037356,0.006082,0.012231,0.004314,0.000888,0.003112,0.002987,0.000347,61.02,36.42,0.2202,0.001618,60.0
int_20_29,int_sim_20,INT_0020_1p_a_cond20_100ms,20,train,Interruption,2,SCENARIO_CONTROLLER,phase-to-ground,A,0.0019,0.0011,95.8,0.0538,0.1496,269,748,0.433346,0.839432,1.937097,0.7531,95.6,60.0,62.5446,-9.77,0.456009,0.017068,0.002794,0.005576,0.001951,0.001902,0.000427,0.002265,0.001449,0.001322,0.001353,0.037429,0.006127,0.012228,0.004278,0.000936,0.003178,0.002967,0.000349,61.02,36.41,0.2201,0.001617,60.0
int_20_30,int_sim_20,INT_0020_1p_a_cond20_100ms,20,train,Interruption,2,SCENARIO_CONTROLLER,phase-to-ground,A,0.0019,0.0011,95.8,0.0548,0.1506,274,753,0.433366,0.839432,1.937005,0.7588,95.6,60.0,62.5446,-9.99,0.456031,0.017075,0.002815,0.005596,0.00197,0.001911,0.000414,0.002254,0.001441,0.001318,0.001351,0.037443,0.006173,0.012271,0.00432,0.000908,0.00316,0.002963,0.000349,61.02,36.41,0.2201,0.001617,60.0
int_20_31,int_sim_20,INT_0020_1p_a_cond20_100ms,20,train,Interruption,2,SCENARIO_CONTROLLER,phase-to-ground,A,0.0019,0.0011,95.8,0.0558,0.1516,279,758,0.433383,0.839432,1.93693,0.7588,95.6,60.0,62.5446,-10.34,0.456048,0.017063,0.002819,0.005595,0.001959,0.001911,0.000434,0.002271,0.001451,0.001333,0.001363,0.037415,0.006181,0.012268,0.004296,0.000952,0.003182,0.002989,0.000349,61.02,36.41,0.2201,0.001617,60.0
int_20_32,int_sim_20,INT_0020_1p_a_cond20_100ms,20,train,Interruption,2,SCENARIO_CONTROLLER,phase-to-ground,A,0.0019,0.0011,95.8,0.0568,0.1526,284,763,0.433398,0.839432,1.936862,0.7496,95.6,60.0,62.5446,-10.63,0.456064,0.017026,0.002791,0.005559,0.001931,0.001883,0.000411,0.002246,0.001438,0.00132,0.001359,0.037332,0.00612,0.012189,0.004234,0.000901,0.003153,0.00298,0.000347,61.02,36.41,0.2201,0.001617,60.0
int_21_01,int_sim_21,INT_0021_1p_b_cond21_70ms,21,train,Interruption,2,SCENARIO_CONTROLLER,phase-to-ground,B,0.0021,0.0012,68.6,0.023,0.0916,115,458,0.48413,0.840221,1.73553,0.7604,69.0,60.0,59.6944,3.15,0.564845,0.005881,0.00393,0.002571,0.00167,0.00101,0.000465,0.000288,0.00024,2.8e-05,0.000199,0.010412,0.006958,0.004552,0.002957,0.000823,0.000425,0.000352,6.1e-05,59.33,10.0,0.1912,4.4e-05,60.0
int_21_02,int_sim_21,INT_0021_1p_b_cond21_70ms,21,train,Interruption,2,SCENARIO_CONTROLLER,phase-to-ground,B,0.0021,0.0012,68.6,0.024,0.0926,120,463,0.484122,0.840221,1.735557,0.7549,69.0,60.0,59.6619,3.14,0.564836,0.005906,0.003907,0.002592,0.00165,0.001032,0.000439,0.000312,0.000217,2e-05,0.000214,0.010456,0.006917,0.004589,0.002921,0.000777,0.000384,0.000379,6.1e-05,59.33,9.99,0.1912,4.4e-05,60.0
int_21_03,int_sim_21,INT_0021_1p_b_cond21_70ms,21,train,Interruption,2,SCENARIO_CONTROLLER,phase-to-ground,B,0.0021,0.0012,68.6,0.025,0.0936,125,468,0.484128,0.840221,1.735537,0.7601,69.0,60.0,59.6765,3.14,0.564843,0.005899,0.003926,0.002566,0.001676,0.001008,0.00046,0.000298,0.00023,4.2e-05,0.000227,0.010444,0.006951,0.004543,0.002967,0.000814,0.000407,0.000402,6.1e-05,59.33,10.0,0.1912,4.5e-05,60.0
int_21_04,int_sim_21,INT_0021_1p_b_cond21_70ms,21,train,Interruption,2,SCENARIO_CONTROLLER,phase-to-ground,B,0.0021,0.0012,68.6,0.026,0.0946,130,473,0.484145,0.840221,1.735474,0.7662,69.0,60.0,59.6765,3.08,0.564863,0.00587,0.003965,0.00254,0.001679,0.001027,0.000435,0.000327,0.000205,2.1e-05,0.000215,0.010392,0.007019,0.004497,0.002972,0.00077,0.000363,0.000381,6.1e-05,59.33,9.99,0.1912,4.4e-05,60.0
int_21_05,int_sim_21,INT_0021_1p_b_cond21_70ms,21,train,Interruption,2,SCENARIO_CONTROLLER,phase-to-ground,B,0.0021,0.0012,68.6,0.027,0.0956,135,478,0.484163,0.840221,1.735409,0.7659,69.0,60.0,59.6765,3.02,0.564884,0.005845,0.00397,0.00256,0.00166,0.001024,0.000451,0.000312,0.00021,3.4e-05,0.000222,0.010347,0.007028,0.004532,0.002939,0.000798,0.000372,0.000393,6.1e-05,59.33,9.99,0.1912,4.4e-05,60.0
int_21_06,int_sim_21,INT_0021_1p_b_cond21_70ms,21,train,Interruption,2,SCENARIO_CONTROLLER,phase-to-ground,B,0.0021,0.0012,68.6,0.028,0.0966,140,483,0.484204,0.840221,1.735262,0.7619,69.0,60.0,59.6765,2.98,0.564932,0.005813,0.003933,0.002591,0.001692,0.00099,0.000442,0.000349,0.000201,2.4e-05,0.000223,0.01029,0.006962,0.004586,0.002995,0.000782,0.000356,0.000395,6e-05,59.33,10.0,0.1911,4.5e-05,60.0
int_21_07,int_sim_21,INT_0021_1p_b_cond21_70ms,21,train,Interruption,2,SCENARIO_CONTROLLER,phase-to-ground,B,0.0021,0.0012,68.6,0.029,0.0976,145,488,0.484242,0.840221,1.735127,0.7567,69.0,60.0,59.6765,2.99,0.564975,0.005812,0.003894,0.002564,0.001713,0.001025,0.000428,0.000318,0.000204,1.7e-05,0.000206,0.010287,0.006892,0.004538,0.003032,0.000758,0.000361,0.000365,6e-05,59.33,9.99,0.1911,4.4e-05,60.0
int_21_08,int_sim_21,INT_0021_1p_b_cond21_70ms,21,train,Interruption,2,SCENARIO_CONTROLLER,phase-to-ground,B,0.0021,0.0012,68.6,0.03,0.0986,150,493,0.484279,0.840221,1.734995,0.7538,69.0,60.0,59.6765,3.03,0.565018,0.005845,0.00389,0.002528,0.001672,0.001011,0.000458,0.000351,0.000206,3.3e-05,0.000228,0.010345,0.006885,0.004474,0.002959,0.000811,0.000365,0.000404,6e-05,59.33,9.99,0.1911,4.4e-05,60.0
int_21_09,int_sim_21,INT_0021_1p_b_cond21_70ms,21,train,Interruption,2,SCENARIO_CONTROLLER,phase-to-ground,B,0.0021,0.0012,68.6,0.031,0.0996,155,498,0.484298,0.840221,1.734925,0.7576,69.0,60.0,59.6765,3.09,0.565041,0.005878,0.003918,0.002543,0.00167,0.000994,0.000433,0.000332,0.000205,1.7e-05,0.000218,0.010403,0.006934,0.004501,0.002956,0.000766,0.000363,0.000386,6.1e-05,59.33,9.98,0.1911,4.5e-05,60.0
int_21_10,int_sim_21,INT_0021_1p_b_cond21_70ms,21,train,Interruption,2,SCENARIO_CONTROLLER,phase-to-ground,B,0.0021,0.0012,68.6,0.032,0.1006,160,503,0.484309,0.840221,1.734888,0.7648,69.0,60.0,59.6765,3.13,0.565054,0.005907,0.003946,0.002572,0.0017,0.001024,0.000461,0.000357,0.000222,3.4e-05,0.000203,0.010454,0.006983,0.004552,0.003009,0.000816,0.000393,0.000359,6.1e-05,59.33,9.98,0.1911,4.5e-05,60.0
int_21_11,int_sim_21,INT_0021_1p_b_cond21_70ms,21,train,Interruption,2,SCENARIO_CONTROLLER,phase-to-ground,B,0.0021,0.0012,68.6,0.033,0.1016,165,508,0.484307,0.840221,1.734893,0.7624,69.0,60.0,59.6896,3.13,0.565052,0.005911,0.003941,0.002559,0.001682,0.001004,0.000446,0.000339,0.000207,2.3e-05,0.000218,0.010461,0.006975,0.004529,0.002977,0.000789,0.000366,0.000386,6.1e-05,59.33,9.98,0.1911,4.4e-05,60.0
int_21_12,int_sim_21,INT_0021_1p_b_cond21_70ms,21,train,Interruption,2,SCENARIO_CONTROLLER,phase-to-ground,B,0.0021,0.0012,68.6,0.034,0.1026,170,513,0.484296,0.840221,1.734934,0.7568,69.0,60.0,59.6896,3.09,0.565039,0.005893,0.003912,0.002533,0.001668,0.001004,0.000452,0.000357,0.000225,2.3e-05,0.000214,0.010429,0.006923,0.004483,0.002952,0.0008,0.000398,0.000379,6.1e-05,59.33,9.98,0.1911,4.5e-05,60.0
int_21_13,int_sim_21,INT_0021_1p_b_cond21_70ms,21,train,Interruption,2,SCENARIO_CONTROLLER,phase-to-ground,B,0.0021,0.0012,68.6,0.035,0.1036,175,518,0.484274,0.840221,1.735013,0.7551,69.0,60.0,59.6896,3.03,0.565014,0.005858,0.003887,0.00254,0.001696,0.001029,0.000464,0.000348,0.000211,2.2e-05,0.000214,0.010368,0.006879,0.004495,0.003002,0.000821,0.000373,0.000379,6e-05,59.33,9.98,0.1911,4.4e-05,60.0
int_21_14,int_sim_21,INT_0021_1p_b_cond21_70ms,21,train,Interruption,2,SCENARIO_CONTROLLER,phase-to-ground,B,0.0021,0.0012,68.6,0.036,0.1046,180,523,0.48425,0.840221,1.735098,0.7565,69.0,60.0,59.6896,2.98,0.564987,0.005832,0.003897,0.002568,0.001698,0.001003,0.000442,0.000357,0.000235,1.1e-05,0.000236,0.010322,0.006898,0.004545,0.003005,0.000782,0.000416,0.000418,6e-05,59.33,9.99,0.1912,4.5e-05,60.0
int_21_15,int_sim_21,INT_0021_1p_b_cond21_70ms,21,train,Interruption,2,SCENARIO_CONTROLLER,phase-to-ground,B,0.0021,0.0012,68.6,0.037,0.1056,185,528,0.484221,0.840221,1.735203,0.7603,69.0,60.0,59.6896,2.98,0.564953,0.005822,0.00393,0.002564,0.00167,0.001012,0.000466,0.000352,0.000216,2e-05,0.000225,0.010305,0.006956,0.004538,0.002956,0.000825,0.000382,0.000398,6e-05,59.33,10.0,0.1912,4.5e-05,60.0
int_21_16,int_sim_21,INT_0021_1p_b_cond21_70ms,21,train,Interruption,2,SCENARIO_CONTROLLER,phase-to-ground,B,0.0021,0.0012,68.6,0.038,0.1066,190,533,0.484182,0.840221,1.735342,0.7646,69.0,60.0,59.6896,3.01,0.564908,0.005846,0.003948,0.002521,0.001698,0.001025,0.00043,0.000366,0.00024,1.3e-05,0.000214,0.010349,0.006989,0.004463,0.003006,0.000761,0.000425,0.000379,6e-05,59.33,9.99,0.1912,4.5e-05,60.0
int_21_17,int_sim_21,INT_0021_1p_b_cond21_70ms,21,train,Interruption,2,SCENARIO_CONTROLLER,phase-to-ground,B,0.0021,0.0012,68.6,0.039,0.1076,195,538,0.484168,0.840221,1.735394,0.7632,69.0,60.0,59.6896,3.07,0.564891,0.005867,0.003934,0.002523,0.001708,0.001009,0.000443,0.000361,0.000233,5e-06,0.000221,0.010386,0.006964,0.004466,0.003024,0.000784,0.000412,0.000391,6.1e-05,59.33,9.99,0.1912,4.5e-05,60.0
int_21_18,int_sim_21,INT_0021_1p_b_cond21_70ms,21,train,Interruption,2,SCENARIO_CONTROLLER,phase-to-ground,B,0.0021,0.0012,68.6,0.04,0.1086,200,543,0.484151,0.840221,1.735452,0.7545,69.0,60.0,59.6896,3.11,0.564872,0.005905,0.003895,0.002561,0.001674,0.001035,0.000438,0.000361,0.000251,2.7e-05,0.000206,0.010454,0.006895,0.004534,0.002964,0.000775,0.000444,0.000365,6.1e-05,59.33,9.99,0.1912,4.4e-05,60.0
int_21_19,int_sim_21,INT_0021_1p_b_cond21_70ms,21,train,Interruption,2,SCENARIO_CONTROLLER,phase-to-ground,B,0.0021,0.0012,68.6,0.041,0.1096,205,548,0.48415,0.840221,1.735456,0.7542,69.0,60.0,59.6781,3.1,0.56487,0.005912,0.003892,0.00256,0.001677,0.00103,0.000436,0.000357,0.000249,2.3e-05,0.000199,0.010466,0.00689,0.004532,0.002969,0.000772,0.000441,0.000352,6.1e-05,59.33,9.99,0.1912,4.4e-05,60.0
int_21_20,int_sim_21,INT_0021_1p_b_cond21_70ms,21,train,Interruption,2,SCENARIO_CONTROLLER,phase-to-ground,B,0.0021,0.0012,68.6,0.042,0.1106,210,553,0.484159,0.840221,1.735423,0.7609,69.0,60.0,59.6781,3.07,0.564881,0.005899,0.00392,0.002529,0.001704,0.001013,0.000451,0.000361,0.000246,2.3e-05,0.00022,0.010443,0.00694,0.004477,0.003017,0.000798,0.000435,0.000389,6.1e-05,59.33,9.99,0.1912,4.5e-05,60.0
int_21_21,int_sim_21,INT_0021_1p_b_cond21_70ms,21,train,Interruption,2,SCENARIO_CONTROLLER,phase-to-ground,B,0.0021,0.0012,68.6,0.043,0.1116,215,558,0.484177,0.840221,1.735359,0.7633,69.0,60.0,59.6781,3.01,0.564902,0.005869,0.003947,0.002526,0.001684,0.001042,0.000427,0.000363,0.000252,3.1e-05,0.000209,0.010389,0.006987,0.004472,0.002981,0.000756,0.000446,0.00037,6.1e-05,59.33,9.99,0.1912,4.6e-05,60.0
int_21_22,int_sim_21,INT_0021_1p_b_cond21_70ms,21,train,Interruption,2,SCENARIO_CONTROLLER,phase-to-ground,B,0.0021,0.0012,68.6,0.044,0.1126,220,563,0.484204,0.840221,1.735262,0.7622,69.0,60.0,59.6781,2.96,0.564933,0.005836,0.003944,0.002559,0.001668,0.001023,0.000454,0.000357,0.000242,1.4e-05,0.000204,0.01033,0.006981,0.00453,0.002953,0.000804,0.000428,0.000361,6e-05,59.33,9.99,0.1912,4.6e-05,60.0
int_21_23,int_sim_21,INT_0021_1p_b_cond21_70ms,21,train,Interruption,2,SCENARIO_CONTROLLER,phase-to-ground,B,0.0021,0.0012,68.6,0.045,0.1136,225,568,0.484242,0.840221,1.735126,0.7579,69.0,60.0,59.6781,2.94,0.564977,0.005814,0.003904,0.002571,0.001707,0.001012,0.000426,0.000374,0.00026,4.5e-05,0.000229,0.010291,0.00691,0.004551,0.003021,0.000754,0.00046,0.000405,6e-05,59.33,10.0,0.1912,4.6e-05,60.0
int_21_24,int_sim_21,INT_0021_1p_b_cond21_70ms,21,train,Interruption,2,SCENARIO_CONTROLLER,phase-to-ground,B,0.0021,0.0012,68.6,0.046,0.1146,230,573,0.484276,0.840221,1.735004,0.7534,69.0,60.0,59.6781,2.96,0.565017,0.005825,0.003877,0.002535,0.001702,0.00104,0.000441,0.000364,0.000239,3.7e-05,0.000221,0.010309,0.006862,0.004487,0.003012,0.000781,0.000423,0.000391,6e-05,59.33,10.0,0.1912,4.6e-05,60.0
int_21_25,int_sim_21,INT_0021_1p_b_cond21_70ms,21,train,Interruption,2,SCENARIO_CONTROLLER,phase-to-ground,B,0.0021,0.0012,68.6,0.047,0.1156,235,578,0.484305,0.840221,1.734902,0.7528,69.0,60.0,59.6781,3.01,0.56505,0.005858,0.003887,0.002519,0.001668,0.001011,0.000448,0.000383,0.00026,4.1e-05,0.000222,0.010367,0.006879,0.004458,0.002952,0.000793,0.00046,0.000393,6e-05,59.33,10.0,0.1911,4.5e-05,60.0
int_21_26,int_sim_21,INT_0021_1p_b_cond21_70ms,21,train,Interruption,2,SCENARIO_CONTROLLER,phase-to-ground,B,0.0021,0.0012,68.6,0.048,0.1166,240,583,0.48432,0.840221,1.734849,0.7597,69.0,60.0,59.6781,3.07,0.565068,0.00589,0.00392,0.00255,0.001693,0.001027,0.000441,0.000374,0.000238,6.1e-05,0.000242,0.010424,0.006937,0.004513,0.002996,0.00078,0.000421,0.000428,6.1e-05,59.33,10.0,0.1911,4.6e-05,60.0
int_21_27,int_sim_21,INT_0021_1p_b_cond21_70ms,21,train,Interruption,2,SCENARIO_CONTROLLER,phase-to-ground,B,0.0021,0.0012,68.6,0.049,0.1176,245,588,0.484326,0.840221,1.734826,0.7645,69.0,60.0,59.6669,3.07,0.565075,0.005911,0.003939,0.002568,0.001712,0.001047,0.000465,0.000395,0.000259,5e-05,0.000226,0.010461,0.006971,0.004545,0.00303,0.000823,0.000458,0.0004,6.2e-05,59.33,10.0,0.1911,4.6e-05,60.0
int_21_28,int_sim_21,INT_0021_1p_b_cond21_70ms,21,train,Interruption,2,SCENARIO_CONTROLLER,phase-to-ground,B,0.0021,0.0012,68.6,0.05,0.1186,250,593,0.484323,0.840221,1.734836,0.7615,69.0,60.0,59.6899,3.08,0.565072,0.00591,0.00393,0.002553,0.001694,0.001028,0.000449,0.000379,0.000244,6e-05,0.000234,0.010459,0.006955,0.004518,0.002998,0.000795,0.000432,0.000414,6.1e-05,59.33,10.0,0.1911,4.6e-05,60.0
int_21_29,int_sim_21,INT_0021_1p_b_cond21_70ms,21,train,Interruption,2,SCENARIO_CONTROLLER,phase-to-ground,B,0.0021,0.0012,68.6,0.051,0.1196,255,598,0.484311,0.840221,1.734882,0.7572,69.0,60.0,59.6899,3.03,0.565058,0.005889,0.003902,0.002534,0.001693,0.001043,0.000467,0.000401,0.000263,4.4e-05,0.000245,0.010422,0.006905,0.004484,0.002996,0.000826,0.000465,0.000434,6.1e-05,59.33,10.0,0.1911,4.6e-05,60.0
int_21_30,int_sim_21,INT_0021_1p_b_cond21_70ms,21,train,Interruption,2,SCENARIO_CONTROLLER,phase-to-ground,B,0.0021,0.0012,68.6,0.052,0.1206,260,603,0.484282,0.840221,1.734984,0.7569,69.0,60.0,59.6899,2.97,0.565025,0.005847,0.003884,0.002558,0.001729,0.001057,0.000463,0.000373,0.000239,6.1e-05,0.000227,0.010348,0.006874,0.004527,0.00306,0.000819,0.000423,0.000402,6e-05,59.33,10.0,0.1912,4.6e-05,60.0
int_21_31,int_sim_21,INT_0021_1p_b_cond21_70ms,21,train,Interruption,2,SCENARIO_CONTROLLER,phase-to-ground,B,0.0021,0.0012,68.6,0.053,0.1216,265,608,0.484254,0.840221,1.735084,0.7595,69.0,60.0,59.6899,2.94,0.564993,0.005826,0.003909,0.002577,0.001708,0.001036,0.000468,0.000395,0.000242,7.3e-05,0.000224,0.010312,0.006919,0.004561,0.003023,0.000828,0.000428,0.000396,6e-05,59.33,10.01,0.1912,4.6e-05,60.0
int_21_32,int_sim_21,INT_0021_1p_b_cond21_70ms,21,train,Interruption,2,SCENARIO_CONTROLLER,phase-to-ground,B,0.0021,0.0012,68.6,0.054,0.1226,270,613,0.484227,0.840221,1.73518,0.7632,69.0,60.0,59.6899,2.95,0.564962,0.005826,0.003936,0.002558,0.001694,0.00106,0.000479,0.000374,0.00024,5.9e-05,0.000234,0.010312,0.006967,0.004528,0.002998,0.000848,0.000425,0.000414,6e-05,59.33,10.0,0.1912,4.5e-05,60.0
int_22_01,int_sim_22,INT_0022_1p_b_cond22_92ms,22,train,Interruption,2,SCENARIO_CONTROLLER,phase-to-ground,B,0.0019,0.0011,93.0,0.0232,0.1162,116,581,0.44132,0.86814,1.967143,1.9197,93.4,60.0,62.293,-5.51,0.47306,0.011193,0.008386,0.006078,0.003197,0.000549,0.001384,0.002972,0.002404,0.001838,0.00201,0.023661,0.017727,0.012848,0.006758,0.002926,0.005082,0.004249,0.000267,62.68,53.4,0.2178,0.003229,60.0
int_22_02,int_sim_22,INT_0022_1p_b_cond22_92ms,22,train,Interruption,2,SCENARIO_CONTROLLER,phase-to-ground,B,0.0019,0.0011,93.0,0.0242,0.1172,121,586,0.441391,0.86814,1.966828,1.9924,93.4,60.0,62.5033,-6.51,0.473125,0.010916,0.008895,0.005857,0.002824,0.000761,0.001325,0.002632,0.002285,0.002113,0.001994,0.023072,0.018801,0.012379,0.005969,0.002801,0.00483,0.004215,0.000263,62.68,53.41,0.2178,0.003243,60.0
int_22_03,int_sim_22,INT_0022_1p_b_cond22_92ms,22,train,Interruption,2,SCENARIO_CONTROLLER,phase-to-ground,B,0.0019,0.0011,93.0,0.0252,0.1182,126,591,0.441277,0.86814,1.967335,2.0422,93.4,60.0,62.297,-5.5,0.472996,0.010428,0.009146,0.006277,0.002691,0.000345,0.001553,0.002975,0.002463,0.001893,0.00181,0.022047,0.019336,0.013271,0.005689,0.003283,0.005207,0.003827,0.000263,62.68,53.39,0.2177,0.003203,60.0
int_22_04,int_sim_22,INT_0022_1p_b_cond22_92ms,22,train,Interruption,2,SCENARIO_CONTROLLER,phase-to-ground,B,0.0019,0.0011,93.0,0.0262,0.1192,131,596,0.441041,0.86814,1.968389,2.0149,93.4,60.0,62.297,-5.35,0.47274,0.010042,0.008931,0.006495,0.003071,0.000591,0.001243,0.002678,0.00227,0.001984,0.001997,0.021242,0.018892,0.013739,0.006496,0.002629,0.004802,0.004224,0.000254,62.68,53.39,0.2178,0.00321,60.0
int_22_05,int_sim_22,INT_0022_1p_b_cond22_92ms,22,train,Interruption,2,SCENARIO_CONTROLLER,phase-to-ground,B,0.0019,0.0011,93.0,0.0272,0.1202,136,601,0.440816,0.86814,1.969396,1.9633,93.4,60.0,62.297,-5.31,0.4725,0.009942,0.008655,0.006296,0.003003,0.000624,0.001458,0.002874,0.002414,0.001994,0.001937,0.021041,0.018317,0.013325,0.006356,0.003086,0.005109,0.004099,0.000247,62.67,53.37,0.2179,0.003237,60.0
int_22_06,int_sim_22,INT_0022_1p_b_cond22_92ms,22,train,Interruption,2,SCENARIO_CONTROLLER,phase-to-ground,B,0.0019,0.0011,93.0,0.0282,0.1212,141,606,0.440702,0.86814,1.969903,1.9448,93.4,60.0,62.297,-5.47,0.472379,0.009985,0.008603,0.006207,0.002903,0.000523,0.001396,0.002795,0.002346,0.001961,0.00192,0.021138,0.018212,0.01314,0.006145,0.002955,0.004966,0.004065,0.000244,62.67,53.37,0.2179,0.00323,60.0
int_22_07,int_sim_22,INT_0022_1p_b_cond22_92ms,22,train,Interruption,2,SCENARIO_CONTROLLER,phase-to-ground,B,0.0019,0.0011,93.0,0.0292,0.1222,146,611,0.440767,0.86814,1.969614,1.9259,93.4,60.0,62.297,-5.83,0.472447,0.009916,0.008542,0.006144,0.002835,0.000456,0.001337,0.002736,0.002304,0.001921,0.001899,0.020989,0.01808,0.013005,0.006001,0.00283,0.004877,0.004019,0.000239,62.67,53.38,0.2179,0.003221,60.0
int_22_08,int_sim_22,INT_0022_1p_b_cond22_92ms,22,train,Interruption,2,SCENARIO_CONTROLLER,phase-to-ground,B,0.0019,0.0011,93.0,0.0302,0.1232,151,616,0.440978,0.86814,1.968672,1.8777,93.4,60.0,62.297,-6.29,0.472667,0.00968,0.008311,0.005976,0.002798,0.000586,0.001366,0.002912,0.002447,0.002017,0.001905,0.02048,0.017583,0.012643,0.00592,0.00289,0.005177,0.00403,0.000231,62.67,53.38,0.2178,0.003224,60.0
int_22_09,int_sim_22,INT_0022_1p_b_cond22_92ms,22,train,Interruption,2,SCENARIO_CONTROLLER,phase-to-ground,B,0.0019,0.0011,93.0,0.0312,0.1242,156,621,0.4412,0.86814,1.967682,1.9027,93.4,60.0,62.297,-6.68,0.472895,0.009534,0.008299,0.006214,0.003135,0.000709,0.0015,0.002682,0.002257,0.001966,0.00202,0.020161,0.017549,0.01314,0.006629,0.003172,0.004773,0.004272,0.000231,62.68,53.39,0.2177,0.003232,60.0
int_22_10,int_sim_22,INT_0022_1p_b_cond22_92ms,22,train,Interruption,2,SCENARIO_CONTROLLER,phase-to-ground,B,0.0019,0.0011,93.0,0.0322,0.1252,161,626,0.441323,0.86814,1.967133,1.9648,93.4,60.0,62.297,-6.86,0.473016,0.009719,0.008718,0.006568,0.002992,0.000317,0.001191,0.002941,0.002453,0.001888,0.001815,0.020547,0.018431,0.013885,0.006325,0.002518,0.005186,0.003837,0.000246,62.68,53.39,0.2177,0.003202,60.0
int_22_11,int_sim_22,INT_0022_1p_b_cond22_92ms,22,train,Interruption,2,SCENARIO_CONTROLLER,phase-to-ground,B,0.0019,0.0011,93.0,0.0332,0.1262,166,631,0.441273,0.86814,1.967356,2.0281,93.4,60.0,62.2951,-6.78,0.472955,0.01017,0.009087,0.006336,0.002645,0.000668,0.00156,0.002706,0.002313,0.002093,0.00191,0.021503,0.019213,0.013397,0.005592,0.003298,0.004891,0.004038,0.000257,62.68,53.39,0.2177,0.003225,60.0
int_22_12,int_sim_22,INT_0022_1p_b_cond22_92ms,22,train,Interruption,2,SCENARIO_CONTROLLER,phase-to-ground,B,0.0019,0.0011,93.0,0.0342,0.1272,171,636,0.441083,0.86814,1.968202,2.0256,93.4,60.0,62.2951,-6.59,0.472748,0.010575,0.009015,0.00597,0.002963,0.000657,0.001281,0.002865,0.002397,0.00187,0.001985,0.022369,0.019069,0.012628,0.006268,0.00271,0.00507,0.004199,0.000261,62.68,53.38,0.2178,0.003235,60.0
int_22_13,int_sim_22,INT_0022_1p_b_cond22_92ms,22,train,Interruption,2,SCENARIO_CONTROLLER,phase-to-ground,B,0.0019,0.0011,93.0,0.0352,0.1282,176,641,0.440857,0.86814,1.96921,1.9782,93.4,60.0,62.2951,-6.45,0.472506,0.010724,0.008726,0.006075,0.003046,0.000432,0.001395,0.002781,0.002367,0.002023,0.001846,0.022696,0.018467,0.012857,0.006446,0.002952,0.005009,0.003907,0.00026,62.67,53.36,0.2179,0.003218,60.0
int_22_14,int_sim_22,INT_0022_1p_b_cond22_92ms,22,train,Interruption,2,SCENARIO_CONTROLLER,phase-to-ground,B,0.0019,0.0011,93.0,0.0362,0.1292,181,646,0.440719,0.86814,1.969825,1.9485,93.4,60.0,62.2951,-6.47,0.47236,0.010695,0.008617,0.006216,0.00291,0.000555,0.001411,0.002787,0.002379,0.001958,0.001917,0.022642,0.018242,0.013159,0.006161,0.002987,0.005036,0.004058,0.000259,62.67,53.37,0.2179,0.003231,60.0
int_22_15,int_sim_22,INT_0022_1p_b_cond22_92ms,22,train,Interruption,2,SCENARIO_CONTROLLER,phase-to-ground,B,0.0019,0.0011,93.0,0.0372,0.1302,186,651,0.440748,0.86814,1.969698,1.9388,93.4,60.0,62.2951,-6.72,0.47239,0.010727,0.008587,0.00625,0.002871,0.000599,0.001382,0.002837,0.002329,0.00201,0.001866,0.022708,0.018178,0.013231,0.006078,0.002926,0.00493,0.00395,0.000259,62.67,53.37,0.2179,0.003233,60.0
int_22_16,int_sim_22,INT_0022_1p_b_cond22_92ms,22,train,Interruption,2,SCENARIO_CONTROLLER,phase-to-ground,B,0.0019,0.0011,93.0,0.0382,0.1312,191,656,0.440934,0.86814,1.968867,1.8848,93.4,60.0,62.2951,-7.13,0.472585,0.010935,0.008379,0.006437,0.00274,0.00064,0.001276,0.002783,0.002444,0.0019,0.001963,0.023139,0.01773,0.013621,0.005798,0.0027,0.005172,0.004154,0.000262,62.68,53.38,0.2178,0.003227,60.0
int_22_17,int_sim_22,INT_0022_1p_b_cond22_92ms,22,train,Interruption,2,SCENARIO_CONTROLLER,phase-to-ground,B,0.0019,0.0011,93.0,0.0392,0.1322,196,661,0.441182,0.86814,1.967759,1.8856,93.4,60.0,62.2951,-7.56,0.472842,0.011151,0.008239,0.006365,0.003036,0.000348,0.001549,0.002822,0.002233,0.002098,0.001886,0.023583,0.017424,0.013461,0.006421,0.003276,0.004723,0.003989,0.000265,62.68,53.39,0.2177,0.003218,60.0
int_22_18,int_sim_22,INT_0022_1p_b_cond22_92ms,22,train,Interruption,2,SCENARIO_CONTROLLER,phase-to-ground,B,0.0019,0.0011,93.0,0.0402,0.1332,201,666,0.441358,0.86814,1.966976,1.9424,93.4,60.0,62.2951,-7.84,0.473021,0.011112,0.00855,0.005925,0.003136,0.000717,0.001214,0.00285,0.002508,0.001899,0.001817,0.023492,0.018075,0.012526,0.00663,0.002566,0.005302,0.003841,0.000265,62.68,53.39,0.2177,0.003233,60.0
int_22_19,int_sim_22,INT_0022_1p_b_cond22_92ms,22,train,Interruption,2,SCENARIO_CONTROLLER,phase-to-ground,B,0.0019,0.0011,93.0,0.0412,0.1342,206,671,0.441369,0.86814,1.966927,2.0152,93.4,60.0,62.3026,-7.91,0.473026,0.010747,0.009027,0.005945,0.002682,0.000662,0.001476,0.002762,0.002194,0.002002,0.002035,0.02272,0.019084,0.012568,0.00567,0.00312,0.004638,0.004302,0.000263,62.68,53.39,0.2177,0.003217,60.0
int_22_20,int_sim_22,INT_0022_1p_b_cond22_92ms,22,train,Interruption,2,SCENARIO_CONTROLLER,phase-to-ground,B,0.0019,0.0011,93.0,0.0422,0.1352,211,676,0.441206,0.86814,1.967652,2.0396,93.4,60.0,62.3026,-7.71,0.472848,0.010258,0.009111,0.006401,0.002834,0.000361,0.001402,0.002889,0.002491,0.00206,0.00187,0.021694,0.019268,0.013537,0.005993,0.002965,0.005268,0.003955,0.000262,62.68,53.37,0.2178,0.003226,60.0
int_22_21,int_sim_22,INT_0022_1p_b_cond22_92ms,22,train,Interruption,2,SCENARIO_CONTROLLER,phase-to-ground,B,0.0019,0.0011,93.0,0.0432,0.1362,216,681,0.440963,0.86814,1.968735,1.9977,93.4,60.0,62.3026,-7.46,0.472587,0.009963,0.008823,0.006445,0.003104,0.000679,0.001282,0.002731,0.002261,0.00192,0.001875,0.021082,0.01867,0.013638,0.006568,0.002713,0.004784,0.003968,0.00025,62.67,53.37,0.2179,0.003239,60.0
int_22_22,int_sim_22,INT_0022_1p_b_cond22_92ms,22,train,Interruption,2,SCENARIO_CONTROLLER,phase-to-ground,B,0.0019,0.0011,93.0,0.0442,0.1372,221,686,0.440749,0.86814,1.969691,1.9476,93.4,60.0,62.3026,-7.33,0.47236,0.009937,0.008601,0.006218,0.002933,0.000566,0.001433,0.002855,0.0024,0.00205,0.001964,0.021037,0.018209,0.013164,0.006209,0.003034,0.005081,0.004158,0.000244,62.67,53.37,0.218,0.003232,60.0
int_22_23,int_sim_22,INT_0022_1p_b_cond22_92ms,22,train,Interruption,2,SCENARIO_CONTROLLER,phase-to-ground,B,0.0019,0.0011,93.0,0.0452,0.1382,226,691,0.440708,0.86814,1.969878,1.9412,93.4,60.0,62.3026,-7.42,0.472316,0.009956,0.008587,0.006188,0.002897,0.000526,0.001393,0.002807,0.002353,0.002009,0.001923,0.021079,0.018181,0.013101,0.006134,0.002949,0.004982,0.004071,0.000243,62.67,53.37,0.218,0.003235,60.0
int_22_24,int_sim_22,INT_0022_1p_b_cond22_92ms,22,train,Interruption,2,SCENARIO_CONTROLLER,phase-to-ground,B,0.0019,0.0011,93.0,0.0462,0.1392,231,696,0.440848,0.86814,1.969251,1.8993,93.4,60.0,62.3026,-7.72,0.472463,0.009803,0.008443,0.006045,0.002762,0.000428,0.001271,0.002748,0.002351,0.002015,0.001964,0.020749,0.01787,0.012795,0.005846,0.00269,0.004976,0.004157,0.000234,62.67,53.37,0.218,0.003237,60.0
int_22_25,int_sim_22,INT_0022_1p_b_cond22_92ms,22,train,Interruption,2,SCENARIO_CONTROLLER,phase-to-ground,B,0.0019,0.0011,93.0,0.0472,0.1402,236,701,0.441073,0.86814,1.968246,1.8726,93.4,60.0,62.3026,-8.12,0.472698,0.009569,0.008238,0.005973,0.002886,0.000677,0.001467,0.002907,0.002343,0.001936,0.001823,0.020243,0.017428,0.012636,0.006105,0.003103,0.004957,0.003857,0.000227,62.67,53.38,0.2178,0.003232,60.0
int_22_26,int_sim_22,INT_0022_1p_b_cond22_92ms,22,train,Interruption,2,SCENARIO_CONTROLLER,phase-to-ground,B,0.0019,0.0011,93.0,0.0482,0.1412,241,706,0.441274,0.86814,1.96735,1.9164,93.4,60.0,62.3026,-8.47,0.472904,0.009521,0.008389,0.006347,0.003154,0.000579,0.001343,0.002662,0.002407,0.002128,0.001971,0.020133,0.017739,0.013421,0.006669,0.00284,0.00509,0.004168,0.000235,62.68,53.4,0.2177,0.003228,60.0
int_22_27,int_sim_22,INT_0022_1p_b_cond22_92ms,22,train,Interruption,2,SCENARIO_CONTROLLER,phase-to-ground,B,0.0019,0.0011,93.0,0.0492,0.1422,246,711,0.441344,0.86814,1.967039,1.9841,93.4,60.0,62.5019,-10.37,0.472971,0.009821,0.008862,0.006539,0.002804,0.00035,0.001288,0.002978,0.002294,0.001869,0.001962,0.020764,0.018737,0.013825,0.005928,0.002723,0.00485,0.004148,0.000249,62.68,53.38,0.2177,0.003229,60.0
int_22_28,int_sim_22,INT_0022_1p_b_cond22_92ms,22,train,Interruption,2,SCENARIO_CONTROLLER,phase-to-ground,B,0.0019,0.0011,93.0,0.0502,0.1432,251,716,0.441243,0.86814,1.967489,2.0313,93.4,60.0,62.2943,-8.35,0.472858,0.010292,0.0091,0.006166,0.002678,0.00072,0.001508,0.002657,0.002451,0.002085,0.001798,0.021766,0.019245,0.01304,0.005663,0.003189,0.005183,0.003802,0.000257,62.68,53.38,0.2177,0.003228,60.0
int_22_29,int_sim_22,INT_0022_1p_b_cond22_92ms,22,train,Interruption,2,SCENARIO_CONTROLLER,phase-to-ground,B,0.0019,0.0011,93.0,0.0512,0.1442,256,721,0.441026,0.86814,1.968455,2.0065,93.4,60.0,62.2943,-8.04,0.472624,0.010626,0.008902,0.005937,0.003035,0.00051,0.001211,0.002939,0.002276,0.001982,0.001982,0.022483,0.018835,0.012562,0.006422,0.002562,0.004816,0.004194,0.00026,62.68,53.37,0.2178,0.003226,60.0
int_22_30,int_sim_22,INT_0022_1p_b_cond22_92ms,22,train,Interruption,2,SCENARIO_CONTROLLER,phase-to-ground,B,0.0019,0.0011,93.0,0.0522,0.1452,261,726,0.440806,0.86814,1.969437,1.9554,93.4,60.0,62.2943,-7.76,0.47239,0.010695,0.008634,0.006137,0.002962,0.000457,0.001418,0.002751,0.002415,0.001967,0.001932,0.02264,0.018277,0.012991,0.00627,0.003002,0.005112,0.00409,0.000259,62.67,53.37,0.2179,0.00323,60.0
int_22_31,int_sim_22,INT_0022_1p_b_cond22_92ms,22,train,Interruption,2,SCENARIO_CONTROLLER,phase-to-ground,B,0.0019,0.0011,93.0,0.0532,0.1462,266,731,0.440706,0.86814,1.969886,1.9385,93.4,60.0,62.2943,-7.65,0.472284,0.010651,0.008585,0.006216,0.002871,0.000543,0.001367,0.00282,0.002355,0.00199,0.001921,0.022552,0.018178,0.013162,0.006079,0.002894,0.004986,0.004067,0.000257,62.67,53.37,0.218,0.00323,60.0
int_22_32,int_sim_22,INT_0022_1p_b_cond22_92ms,22,train,Interruption,2,SCENARIO_CONTROLLER,phase-to-ground,B,0.0019,0.0011,93.0,0.0542,0.1472,271,736,0.440791,0.86814,1.969505,1.9154,93.4,60.0,62.2943,-7.77,0.472374,0.010742,0.008509,0.006295,0.002788,0.000624,0.001303,0.002893,0.0023,0.002042,0.001891,0.02274,0.018013,0.013326,0.005902,0.002758,0.004869,0.004003,0.000259,62.67,53.37,0.2179,0.003227,60.0
int_23_01,int_sim_23,INT_0023_1p_b_cond23_58ms,23,train,Interruption,2,SCENARIO_CONTROLLER,phase-to-ground,B,0.0021,0.0013,59.4,0.023,0.0824,115,412,0.50233,0.890288,1.772318,1.5541,60.0,60.0,61.9421,-0.91,0.610166,0.009679,0.009058,0.005921,0.002191,0.000576,0.001752,0.002759,0.002227,0.001966,0.001883,0.015863,0.014845,0.009704,0.003591,0.002871,0.00365,0.003086,0.000239,62.11,50.08,0.1753,0.002855,60.0
int_23_02,int_sim_23,INT_0023_1p_b_cond23_58ms,23,train,Interruption,2,SCENARIO_CONTROLLER,phase-to-ground,B,0.0021,0.0013,59.4,0.024,0.0834,120,417,0.502223,0.890288,1.772693,1.499,60.0,60.0,61.9421,-1.04,0.610039,0.009937,0.008607,0.006159,0.002536,0.000307,0.001767,0.003075,0.002272,0.001715,0.0019,0.016289,0.014109,0.010096,0.004157,0.002897,0.003724,0.003115,0.000242,62.12,50.08,0.1753,0.002855,60.0
int_23_03,int_sim_23,INT_0023_1p_b_cond23_58ms,23,train,Interruption,2,SCENARIO_CONTROLLER,phase-to-ground,B,0.0021,0.0013,59.4,0.025,0.0844,125,422,0.502267,0.890288,1.772537,1.4533,60.0,60.0,61.9514,-1.02,0.610093,0.010401,0.008304,0.005816,0.002684,0.000692,0.001565,0.002748,0.002168,0.001949,0.002059,0.017048,0.013611,0.009533,0.004399,0.002565,0.003554,0.003375,0.000241,62.12,50.08,0.1752,0.002856,60.0
int_23_04,int_sim_23,INT_0023_1p_b_cond23_58ms,23,train,Interruption,2,SCENARIO_CONTROLLER,phase-to-ground,B,0.0021,0.0013,59.4,0.026,0.0854,130,427,0.502447,0.890288,1.771905,1.4741,60.0,60.0,61.9514,-0.85,0.61031,0.010803,0.008497,0.005517,0.002285,0.000496,0.001873,0.003063,0.002313,0.001813,0.001859,0.017701,0.013922,0.00904,0.003744,0.003069,0.00379,0.003046,0.00025,62.11,50.02,0.1752,0.002856,60.0
int_23_05,int_sim_23,INT_0023_1p_b_cond23_58ms,23,train,Interruption,2,SCENARIO_CONTROLLER,phase-to-ground,B,0.0021,0.0013,59.4,0.027,0.0864,135,432,0.50265,0.890288,1.771188,1.516,60.0,60.0,61.9514,-0.68,0.610555,0.010913,0.008808,0.005721,0.002332,0.000388,0.001629,0.002845,0.002177,0.001821,0.001926,0.017874,0.014426,0.00937,0.003819,0.002668,0.003566,0.003155,0.000258,62.11,49.98,0.1752,0.002854,60.0
int_23_06,int_sim_23,INT_0023_1p_b_cond23_58ms,23,train,Interruption,2,SCENARIO_CONTROLLER,phase-to-ground,B,0.0021,0.0013,59.4,0.028,0.0874,140,437,0.502772,0.890288,1.77076,1.5338,60.0,60.0,61.9514,-0.65,0.610701,0.010859,0.008876,0.005835,0.002453,0.000503,0.001718,0.002941,0.002249,0.001854,0.001951,0.017781,0.014534,0.009555,0.004017,0.002813,0.003683,0.003195,0.000261,62.1,49.95,0.1752,0.002851,60.0
int_23_07,int_sim_23,INT_0023_1p_b_cond23_58ms,23,train,Interruption,2,SCENARIO_CONTROLLER,phase-to-ground,B,0.0021,0.0013,59.4,0.029,0.0884,145,442,0.50273,0.890288,1.770906,1.5445,60.0,60.0,61.9514,-0.79,0.610651,0.010909,0.00892,0.005881,0.002503,0.000552,0.001767,0.002985,0.002286,0.001887,0.001965,0.017865,0.014607,0.009631,0.004099,0.002894,0.003744,0.003218,0.000264,62.1,49.96,0.1752,0.002851,60.0
int_23_08,int_sim_23,INT_0023_1p_b_cond23_58ms,23,train,Interruption,2,SCENARIO_CONTROLLER,phase-to-ground,B,0.0021,0.0013,59.4,0.03,0.0894,150,447,0.50256,0.890288,1.771505,1.5767,60.0,60.0,61.9514,-1.07,0.610447,0.011116,0.009122,0.006035,0.002546,0.000482,0.001715,0.002823,0.00215,0.001801,0.00198,0.01821,0.014943,0.009886,0.004171,0.002809,0.003522,0.003244,0.000273,62.11,50.01,0.1752,0.002854,60.0
int_23_09,int_sim_23,INT_0023_1p_b_cond23_58ms,23,train,Interruption,2,SCENARIO_CONTROLLER,phase-to-ground,B,0.0021,0.0013,59.4,0.031,0.0904,155,452,0.502335,0.890288,1.772301,1.5692,60.0,60.0,61.9514,-1.36,0.610177,0.011295,0.009177,0.005845,0.002204,0.000324,0.001612,0.003057,0.002367,0.001878,0.001854,0.018511,0.01504,0.009579,0.003612,0.002642,0.003879,0.003038,0.000275,62.11,50.05,0.1752,0.002855,60.0
int_23_10,int_sim_23,INT_0023_1p_b_cond23_58ms,23,train,Interruption,2,SCENARIO_CONTROLLER,phase-to-ground,B,0.0021,0.0013,59.4,0.032,0.0914,160,457,0.502178,0.890288,1.772853,1.5237,60.0,60.0,61.9514,-1.55,0.60999,0.011184,0.008793,0.005435,0.002335,0.000703,0.0019,0.002796,0.002127,0.001931,0.002072,0.018335,0.014415,0.00891,0.003828,0.003115,0.003487,0.003397,0.000262,62.12,50.1,0.1753,0.002855,60.0
int_23_11,int_sim_23,INT_0023_1p_b_cond23_58ms,23,train,Interruption,2,SCENARIO_CONTROLLER,phase-to-ground,B,0.0021,0.0013,59.4,0.033,0.0924,165,462,0.50217,0.890288,1.77288,1.4573,60.0,60.0,61.9476,-1.54,0.609984,0.010756,0.008329,0.005642,0.002722,0.000459,0.001493,0.003032,0.002357,0.00174,0.001951,0.017633,0.013654,0.009249,0.004462,0.002448,0.003864,0.003198,0.000248,62.12,50.09,0.1752,0.002853,60.0
int_23_12,int_sim_23,INT_0023_1p_b_cond23_58ms,23,train,Interruption,2,SCENARIO_CONTROLLER,phase-to-ground,B,0.0021,0.0013,59.4,0.034,0.0934,170,467,0.502315,0.890288,1.772372,1.4572,60.0,60.0,61.9476,-1.39,0.610159,0.010272,0.008359,0.006062,0.002412,0.000376,0.001833,0.002858,0.002202,0.001988,0.001858,0.016835,0.0137,0.009935,0.003953,0.003004,0.003609,0.003045,0.000242,62.11,50.06,0.1752,0.00285,60.0
int_23_13,int_sim_23,INT_0023_1p_b_cond23_58ms,23,train,Interruption,2,SCENARIO_CONTROLLER,phase-to-ground,B,0.0021,0.0013,59.4,0.035,0.0944,175,472,0.502531,0.890288,1.771607,1.499,60.0,60.0,61.9476,-1.2,0.610422,0.01002,0.008709,0.005972,0.002256,0.000616,0.001669,0.002952,0.002286,0.00179,0.002027,0.016415,0.014267,0.009783,0.003696,0.002734,0.003745,0.003321,0.000241,62.11,50.01,0.1751,0.002844,60.0
int_23_14,int_sim_23,INT_0023_1p_b_cond23_58ms,23,train,Interruption,2,SCENARIO_CONTROLLER,phase-to-ground,B,0.0021,0.0013,59.4,0.036,0.0954,180,477,0.50271,0.890288,1.770978,1.5339,60.0,60.0,61.9476,-1.09,0.610637,0.010028,0.008882,0.005751,0.002465,0.000447,0.00166,0.002934,0.002243,0.001889,0.00193,0.016422,0.014545,0.009418,0.004037,0.002718,0.003673,0.003161,0.000242,62.1,49.97,0.1751,0.002844,60.0
int_23_15,int_sim_23,INT_0023_1p_b_cond23_58ms,23,train,Interruption,2,SCENARIO_CONTROLLER,phase-to-ground,B,0.0021,0.0013,59.4,0.037,0.0964,185,482,0.502747,0.890288,1.770848,1.5364,60.0,60.0,61.9476,-1.16,0.610681,0.010053,0.008885,0.005733,0.002483,0.000423,0.001707,0.0029,0.002277,0.001847,0.001964,0.016462,0.014549,0.009388,0.004066,0.002795,0.003729,0.003216,0.000243,62.1,49.96,0.1751,0.002844,60.0
int_23_16,int_sim_23,INT_0023_1p_b_cond23_58ms,23,train,Interruption,2,SCENARIO_CONTROLLER,phase-to-ground,B,0.0021,0.0013,59.4,0.038,0.0974,190,487,0.502646,0.890288,1.771202,1.561,60.0,60.0,61.9476,-1.38,0.610561,0.009927,0.009008,0.005617,0.002567,0.000398,0.001761,0.002935,0.002215,0.001915,0.001902,0.016259,0.014754,0.0092,0.004204,0.002884,0.003628,0.003115,0.000242,62.1,49.98,0.1751,0.002844,60.0
int_23_17,int_sim_23,INT_0023_1p_b_cond23_58ms,23,train,Interruption,2,SCENARIO_CONTROLLER,phase-to-ground,B,0.0021,0.0013,59.4,0.039,0.0984,195,492,0.502446,0.890288,1.771907,1.5691,60.0,60.0,61.9476,-1.68,0.61032,0.009719,0.009154,0.005647,0.002354,0.000636,0.00154,0.002923,0.002362,0.001752,0.001979,0.015924,0.014999,0.009253,0.003857,0.002523,0.00387,0.003243,0.00024,62.11,50.03,0.1752,0.002858,60.0
int_23_18,int_sim_23,INT_0023_1p_b_cond23_58ms,23,train,Interruption,2,SCENARIO_CONTROLLER,phase-to-ground,B,0.0021,0.0013,59.4,0.04,0.0994,200,497,0.502268,0.890288,1.772536,1.5384,60.0,60.0,61.9476,-1.91,0.610107,0.009734,0.008925,0.006053,0.002223,0.000409,0.001868,0.00289,0.002123,0.001961,0.002044,0.015955,0.014629,0.009921,0.003644,0.003062,0.00348,0.00335,0.000241,62.11,50.06,0.1752,0.002859,60.0
int_23_19,int_sim_23,INT_0023_1p_b_cond23_58ms,23,train,Interruption,2,SCENARIO_CONTROLLER,phase-to-ground,B,0.0021,0.0013,59.4,0.041,0.1004,205,502,0.502213,0.890288,1.772731,1.4746,60.0,60.0,61.9519,-2.0,0.610043,0.0101,0.008445,0.006081,0.002663,0.000415,0.001587,0.002971,0.002419,0.001854,0.001825,0.016556,0.013843,0.009968,0.004365,0.002601,0.003965,0.002992,0.000242,62.12,50.09,0.1753,0.002857,60.0
int_23_20,int_sim_23,INT_0023_1p_b_cond23_58ms,23,train,Interruption,2,SCENARIO_CONTROLLER,phase-to-ground,B,0.0021,0.0013,59.4,0.042,0.1014,210,507,0.502311,0.890288,1.772384,1.4505,60.0,60.0,61.9519,-1.88,0.610163,0.010587,0.008299,0.005635,0.002558,0.000679,0.001706,0.002832,0.002115,0.001821,0.002001,0.017351,0.013601,0.009235,0.004192,0.002796,0.003466,0.003279,0.000242,62.11,50.06,0.1752,0.002866,60.0
int_23_21,int_sim_23,INT_0023_1p_b_cond23_58ms,23,train,Interruption,2,SCENARIO_CONTROLLER,phase-to-ground,B,0.0021,0.0013,59.4,0.043,0.1024,215,512,0.502511,0.890288,1.771677,1.4839,60.0,60.0,61.9519,-1.68,0.610406,0.010891,0.008597,0.005535,0.002232,0.000371,0.001776,0.002995,0.002369,0.001951,0.002,0.017842,0.014084,0.009068,0.003657,0.00291,0.003881,0.003277,0.000254,62.11,50.02,0.1751,0.002852,60.0
int_23_22,int_sim_23,INT_0023_1p_b_cond23_58ms,23,train,Interruption,2,SCENARIO_CONTROLLER,phase-to-ground,B,0.0021,0.0013,59.4,0.044,0.1034,220,517,0.502703,0.890288,1.771002,1.5241,60.0,60.0,61.9519,-1.52,0.610637,0.010925,0.008844,0.005776,0.002405,0.000433,0.001618,0.002854,0.002208,0.00182,0.001908,0.017891,0.014483,0.009459,0.003939,0.00265,0.003616,0.003125,0.000259,62.1,49.97,0.175,0.002848,60.0
int_23_23,int_sim_23,INT_0023_1p_b_cond23_58ms,23,train,Interruption,2,SCENARIO_CONTROLLER,phase-to-ground,B,0.0021,0.0013,59.4,0.045,0.1044,225,522,0.502773,0.890288,1.770757,1.5312,60.0,60.0,61.9519,-1.5,0.61072,0.010883,0.008863,0.005823,0.002456,0.000484,0.001691,0.002923,0.002273,0.001877,0.001962,0.01782,0.014512,0.009535,0.004021,0.002769,0.003722,0.003213,0.000261,62.1,49.96,0.175,0.00285,60.0
int_23_24,int_sim_23,INT_0023_1p_b_cond23_58ms,23,train,Interruption,2,SCENARIO_CONTROLLER,phase-to-ground,B,0.0021,0.0013,59.4,0.046,0.1054,230,527,0.502691,0.890288,1.771043,1.5521,60.0,60.0,61.9519,-1.66,0.610623,0.010982,0.008957,0.005917,0.002543,0.00055,0.001768,0.002949,0.00227,0.00186,0.001914,0.017985,0.014669,0.00969,0.004165,0.002895,0.003718,0.003135,0.000267,62.1,49.99,0.1751,0.002854,60.0
int_23_25,int_sim_23,INT_0023_1p_b_cond23_58ms,23,train,Interruption,2,SCENARIO_CONTROLLER,phase-to-ground,B,0.0021,0.0013,59.4,0.047,0.1064,235,532,0.502484,0.890288,1.771774,1.5767,60.0,60.0,61.9519,-1.93,0.610375,0.01122,0.009171,0.006019,0.002461,0.000358,0.00157,0.002795,0.002246,0.001922,0.002046,0.018382,0.015025,0.009861,0.004032,0.002572,0.00368,0.003352,0.000276,62.11,50.03,0.1751,0.00285,60.0
int_23_26,int_sim_23,INT_0023_1p_b_cond23_58ms,23,train,Interruption,2,SCENARIO_CONTROLLER,phase-to-ground,B,0.0021,0.0013,59.4,0.048,0.1074,240,537,0.502276,0.890288,1.772509,1.5561,60.0,60.0,61.9519,-2.2,0.610127,0.011322,0.009084,0.005683,0.002152,0.000436,0.001731,0.003046,0.002251,0.001755,0.001898,0.018557,0.014889,0.009314,0.003527,0.002837,0.003689,0.003111,0.000272,62.12,50.09,0.1752,0.002852,60.0
int_23_27,int_sim_23,INT_0023_1p_b_cond23_58ms,23,train,Interruption,2,SCENARIO_CONTROLLER,phase-to-ground,B,0.0021,0.0013,59.4,0.049,0.1084,245,542,0.502165,0.890288,1.772899,1.4974,60.0,60.0,61.9519,-2.32,0.609996,0.011095,0.008602,0.005412,0.002524,0.000688,0.001751,0.002707,0.002305,0.002024,0.001918,0.018189,0.014102,0.008872,0.004138,0.002871,0.003779,0.003144,0.000257,62.12,50.11,0.1753,0.002859,60.0
int_23_28,int_sim_23,INT_0023_1p_b_cond23_58ms,23,train,Interruption,2,SCENARIO_CONTROLLER,phase-to-ground,B,0.0021,0.0013,59.4,0.05,0.1094,250,547,0.502217,0.890288,1.772715,1.4475,60.0,60.0,61.9449,-2.23,0.610062,0.010613,0.008274,0.005812,0.002677,0.000287,0.001534,0.003061,0.002179,0.001779,0.002095,0.017397,0.013563,0.009527,0.004388,0.002514,0.003572,0.003434,0.000246,62.12,50.11,0.1753,0.002848,60.0
int_23_29,int_sim_23,INT_0023_1p_b_cond23_58ms,23,train,Interruption,2,SCENARIO_CONTROLLER,phase-to-ground,B,0.0021,0.0013,59.4,0.051,0.1104,255,552,0.502401,0.890288,1.772066,1.4686,60.0,60.0,61.9449,-2.03,0.610286,0.010177,0.008471,0.00609,0.002274,0.000489,0.001844,0.002744,0.002329,0.001914,0.001896,0.016676,0.01388,0.009979,0.003726,0.003022,0.003816,0.003107,0.000241,62.11,50.05,0.1752,0.002855,60.0
int_23_30,int_sim_23,INT_0023_1p_b_cond23_58ms,23,train,Interruption,2,SCENARIO_CONTROLLER,phase-to-ground,B,0.0021,0.0013,59.4,0.052,0.1114,260,557,0.502624,0.890288,1.771281,1.5146,60.0,60.0,61.9449,-1.83,0.610555,0.010024,0.008808,0.005871,0.002332,0.000557,0.001579,0.002983,0.002174,0.001913,0.00196,0.016418,0.014426,0.009616,0.003819,0.002586,0.003561,0.00321,0.000242,62.1,50.0,0.1752,0.002853,60.0
int_23_31,int_sim_23,INT_0023_1p_b_cond23_58ms,23,train,Interruption,2,SCENARIO_CONTROLLER,phase-to-ground,B,0.0021,0.0013,59.4,0.053,0.1124,265,562,0.502769,0.890288,1.77077,1.5368,60.0,60.0,61.9449,-1.74,0.61073,0.010074,0.008894,0.005725,0.002482,0.000403,0.001681,0.00287,0.002256,0.001879,0.00198,0.016495,0.014563,0.009374,0.004064,0.002752,0.003694,0.003242,0.000243,62.1,49.97,0.1751,0.002847,60.0
int_23_32,int_sim_23,INT_0023_1p_b_cond23_58ms,23,train,Interruption,2,SCENARIO_CONTROLLER,phase-to-ground,B,0.0021,0.0013,59.4,0.054,0.1134,270,567,0.502762,0.890288,1.770794,1.5423,60.0,60.0,61.9449,-1.82,0.610722,0.01006,0.008914,0.005699,0.002508,0.000375,0.00172,0.002846,0.002274,0.00186,0.001982,0.016472,0.014596,0.009332,0.004107,0.002816,0.003723,0.003245,0.000243,62.1,49.98,0.1751,0.002847,60.0
int_24_01,int_sim_24,INT_0024_1p_c_cond24_70ms,24,test,Interruption,2,SCENARIO_CONTROLLER,phase-to-ground,C,0.0022,0.0013,73.6,0.0202,0.0938,101,469,0.473597,0.83429,1.761603,0.762,73.6,60.0,63.1839,-6.32,0.551166,0.001903,0.003327,0.00271,0.001951,0.000741,0.001663,0.001775,0.001967,0.001725,0.001974,0.003453,0.006036,0.004917,0.00354,0.003017,0.003569,0.003581,4.3e-05,61.73,46.14,0.1929,0.002407,60.0
int_24_02,int_sim_24,INT_0024_1p_c_cond24_70ms,24,test,Interruption,2,SCENARIO_CONTROLLER,phase-to-ground,C,0.0022,0.0013,73.6,0.0212,0.0948,106,474,0.473681,0.83429,1.76129,0.7814,73.6,60.0,63.1839,-6.75,0.551262,0.001832,0.003406,0.002632,0.002031,0.000661,0.001681,0.001785,0.001926,0.001761,0.001919,0.003323,0.006179,0.004774,0.003684,0.003049,0.003494,0.003481,4.3e-05,61.73,46.14,0.1929,0.002406,60.0
int_24_03,int_sim_24,INT_0024_1p_c_cond24_70ms,24,test,Interruption,2,SCENARIO_CONTROLLER,phase-to-ground,C,0.0022,0.0013,73.6,0.0222,0.0958,111,479,0.473801,0.83429,1.760844,0.7732,73.6,60.0,63.1839,-7.16,0.551399,0.001837,0.003381,0.002724,0.001922,0.000691,0.001748,0.001727,0.001995,0.001736,0.001971,0.003332,0.006132,0.00494,0.003486,0.00317,0.003618,0.003575,4.3e-05,61.73,46.15,0.1928,0.002405,60.0
int_24_04,int_sim_24,INT_0024_1p_c_cond24_70ms,24,test,Interruption,2,SCENARIO_CONTROLLER,phase-to-ground,C,0.0022,0.0013,73.6,0.0232,0.0968,116,484,0.473898,0.83429,1.760482,0.7163,73.6,60.0,63.1839,-7.41,0.551508,0.002032,0.003148,0.002942,0.001793,0.000838,0.001575,0.001839,0.001923,0.001705,0.001998,0.003684,0.005708,0.005334,0.003251,0.002856,0.003487,0.003623,4.3e-05,61.73,46.15,0.1928,0.002406,60.0
int_24_05,int_sim_24,INT_0024_1p_c_cond24_70ms,24,test,Interruption,2,SCENARIO_CONTROLLER,phase-to-ground,C,0.0022,0.0013,73.6,0.0242,0.0978,121,489,0.473915,0.83429,1.760419,0.7263,73.6,60.0,63.18,-7.46,0.551524,0.002318,0.002945,0.002863,0.002039,0.000608,0.001793,0.00169,0.001972,0.001814,0.001879,0.004203,0.00534,0.005191,0.003697,0.003251,0.003576,0.003407,4.4e-05,61.73,46.14,0.1929,0.002407,60.0
int_24_06,int_sim_24,INT_0024_1p_c_cond24_70ms,24,test,Interruption,2,SCENARIO_CONTROLLER,phase-to-ground,C,0.0022,0.0013,73.6,0.0252,0.0988,126,494,0.473843,0.83429,1.76069,0.7266,73.6,60.0,63.18,-7.4,0.551437,0.002519,0.003041,0.002608,0.002043,0.000721,0.001622,0.001856,0.001949,0.001672,0.00199,0.004568,0.005515,0.004729,0.003705,0.002941,0.003534,0.003609,4.4e-05,61.73,46.16,0.1929,0.002408,60.0
int_24_07,int_sim_24,INT_0024_1p_c_cond24_70ms,24,test,Interruption,2,SCENARIO_CONTROLLER,phase-to-ground,C,0.0022,0.0013,73.6,0.0262,0.0998,131,499,0.473722,0.83429,1.761136,0.7451,73.6,60.0,63.18,-7.36,0.551298,0.002551,0.003252,0.002634,0.001856,0.000784,0.001689,0.001716,0.001939,0.001781,0.001974,0.004627,0.005899,0.004778,0.003367,0.003064,0.003517,0.003581,4.5e-05,61.73,46.15,0.1929,0.002409,60.0
int_24_08,int_sim_24,INT_0024_1p_c_cond24_70ms,24,test,Interruption,2,SCENARIO_CONTROLLER,phase-to-ground,C,0.0022,0.0013,73.6,0.0272,0.1008,136,504,0.473637,0.83429,1.761455,0.7594,73.6,60.0,63.18,-7.47,0.551198,0.002497,0.003313,0.002742,0.0019,0.000686,0.001713,0.001802,0.001944,0.001724,0.001941,0.00453,0.006011,0.004975,0.003447,0.003108,0.003527,0.003521,4.6e-05,61.73,46.14,0.1929,0.00241,60.0
int_24_09,int_sim_24,INT_0024_1p_c_cond24_70ms,24,test,Interruption,2,SCENARIO_CONTROLLER,phase-to-ground,C,0.0022,0.0013,73.6,0.0282,0.1018,141,509,0.473634,0.83429,1.761466,0.7602,73.6,60.0,63.18,-7.78,0.551195,0.002495,0.00332,0.002756,0.001916,0.000676,0.001692,0.001797,0.001964,0.001751,0.001951,0.004527,0.006023,0.005,0.003476,0.00307,0.003563,0.00354,4.6e-05,61.73,46.14,0.1929,0.00241,60.0
int_24_10,int_sim_24,INT_0024_1p_c_cond24_70ms,24,test,Interruption,2,SCENARIO_CONTROLLER,phase-to-ground,C,0.0022,0.0013,73.6,0.0292,0.1028,146,514,0.47373,0.83429,1.761109,0.7793,73.6,60.0,63.18,-8.23,0.551305,0.002593,0.003425,0.002861,0.002016,0.000713,0.001634,0.001724,0.001897,0.001694,0.001931,0.004703,0.006213,0.00519,0.003657,0.002964,0.003441,0.003503,4.7e-05,61.73,46.14,0.1929,0.002409,60.0
int_24_11,int_sim_24,INT_0024_1p_c_cond24_70ms,24,test,Interruption,2,SCENARIO_CONTROLLER,phase-to-ground,C,0.0022,0.0013,73.6,0.0302,0.1038,151,519,0.473879,0.83429,1.760556,0.7968,73.6,60.0,63.18,-8.71,0.551476,0.00267,0.003474,0.002869,0.002009,0.000818,0.00179,0.001867,0.002019,0.001803,0.002009,0.004842,0.006299,0.005202,0.003643,0.003246,0.003661,0.003643,5e-05,61.73,46.14,0.1929,0.002408,60.0
int_24_12,int_sim_24,INT_0024_1p_c_cond24_70ms,24,test,Interruption,2,SCENARIO_CONTROLLER,phase-to-ground,C,0.0022,0.0013,73.6,0.0312,0.1048,156,524,0.473996,0.83429,1.76012,0.7403,73.6,60.0,63.18,-9.06,0.551609,0.002596,0.003293,0.002638,0.001799,0.000611,0.001611,0.001694,0.001864,0.001694,0.00191,0.004706,0.00597,0.004782,0.003261,0.002921,0.003379,0.003463,4.4e-05,61.73,46.13,0.1929,0.002409,60.0
int_24_13,int_sim_24,INT_0024_1p_c_cond24_70ms,24,test,Interruption,2,SCENARIO_CONTROLLER,phase-to-ground,C,0.0022,0.0013,73.6,0.0322,0.1058,161,529,0.474047,0.83429,1.759929,0.7264,73.6,60.0,63.4114,-10.26,0.551666,0.002347,0.003015,0.002584,0.001969,0.00078,0.001757,0.001898,0.002051,0.001767,0.001939,0.004254,0.005465,0.004684,0.003569,0.003185,0.003718,0.003515,4.4e-05,61.73,46.13,0.1929,0.002412,60.0
int_24_14,int_sim_24,INT_0024_1p_c_cond24_70ms,24,test,Interruption,2,SCENARIO_CONTROLLER,phase-to-ground,C,0.0022,0.0013,73.6,0.0332,0.1068,166,534,0.473998,0.83429,1.760113,0.7369,73.6,60.0,63.1862,-9.18,0.551607,0.002044,0.003013,0.002864,0.002117,0.000825,0.00172,0.001703,0.001879,0.001796,0.002039,0.003706,0.005462,0.005192,0.003838,0.003118,0.003406,0.003696,4.3e-05,61.73,46.14,0.1929,0.002411,60.0
int_24_15,int_sim_24,INT_0024_1p_c_cond24_70ms,24,test,Interruption,2,SCENARIO_CONTROLLER,phase-to-ground,C,0.0022,0.0013,73.6,0.0342,0.1078,171,539,0.473873,0.83429,1.760576,0.7447,73.6,60.0,63.1862,-9.11,0.551461,0.001878,0.003252,0.002941,0.001899,0.000619,0.001637,0.001852,0.002013,0.001708,0.001926,0.003405,0.005897,0.005333,0.003444,0.002968,0.00365,0.003493,4.4e-05,61.73,46.14,0.1929,0.002411,60.0
int_24_16,int_sim_24,INT_0024_1p_c_cond24_70ms,24,test,Interruption,2,SCENARIO_CONTROLLER,phase-to-ground,C,0.0022,0.0013,73.6,0.0352,0.1088,176,544,0.473738,0.83429,1.761078,0.7729,73.6,60.0,63.1862,-9.16,0.551305,0.001913,0.003394,0.002781,0.001885,0.000762,0.001756,0.001759,0.001927,0.001805,0.001973,0.00347,0.006156,0.005044,0.003419,0.003185,0.003495,0.003579,4.4e-05,61.73,46.13,0.1929,0.002412,60.0
int_24_17,int_sim_24,INT_0024_1p_c_cond24_70ms,24,test,Interruption,2,SCENARIO_CONTROLLER,phase-to-ground,C,0.0022,0.0013,73.6,0.0362,0.1098,181,549,0.473647,0.83429,1.761418,0.7721,73.6,60.0,63.1862,-9.41,0.5512,0.002002,0.003376,0.002725,0.00198,0.000751,0.001672,0.001796,0.001974,0.001743,0.001984,0.003632,0.006125,0.004944,0.003592,0.003033,0.003581,0.003599,4.4e-05,61.73,46.14,0.193,0.002413,60.0
int_24_18,int_sim_24,INT_0024_1p_c_cond24_70ms,24,test,Interruption,2,SCENARIO_CONTROLLER,phase-to-ground,C,0.0022,0.0013,73.6,0.0372,0.1108,186,554,0.473651,0.83429,1.7614,0.7738,73.6,60.0,63.1862,-9.87,0.551205,0.001998,0.003383,0.002713,0.001997,0.000738,0.001661,0.001817,0.001949,0.001766,0.001982,0.003625,0.006137,0.004922,0.003623,0.003013,0.003536,0.003596,4.4e-05,61.73,46.14,0.193,0.002413,60.0
int_24_19,int_sim_24,INT_0024_1p_c_cond24_70ms,24,test,Interruption,2,SCENARIO_CONTROLLER,phase-to-ground,C,0.0022,0.0013,73.6,0.0382,0.1118,191,559,0.473752,0.83429,1.761028,0.7942,73.6,60.0,63.1862,-10.42,0.55132,0.001934,0.003452,0.002659,0.002053,0.000632,0.001745,0.001755,0.001978,0.001733,0.001977,0.003508,0.006261,0.004823,0.003724,0.003165,0.003588,0.003586,4.4e-05,61.73,46.13,0.1929,0.002412,60.0
int_24_20,int_sim_24,INT_0024_1p_c_cond24_70ms,24,test,Interruption,2,SCENARIO_CONTROLLER,phase-to-ground,C,0.0022,0.0013,73.6,0.0392,0.1128,196,564,0.473866,0.83429,1.760604,0.7613,73.6,60.0,63.1862,-10.89,0.551449,0.001996,0.003357,0.002827,0.001877,0.000771,0.001684,0.001833,0.001913,0.001829,0.001907,0.00362,0.006088,0.005126,0.003404,0.003054,0.003469,0.003458,4.4e-05,61.73,46.13,0.1929,0.002411,60.0
int_24_21,int_sim_24,INT_0024_1p_c_cond24_70ms,24,test,Interruption,2,SCENARIO_CONTROLLER,phase-to-ground,C,0.0022,0.0013,73.6,0.0402,0.1138,201,569,0.473939,0.83429,1.760331,0.7222,73.6,60.0,63.1862,-11.14,0.551532,0.002237,0.003096,0.002975,0.001887,0.000787,0.001649,0.001773,0.002015,0.001686,0.002029,0.004056,0.005613,0.005394,0.003421,0.00299,0.003653,0.003679,4.5e-05,61.73,46.14,0.1929,0.002409,60.0
int_24_22,int_sim_24,INT_0024_1p_c_cond24_70ms,24,test,Interruption,2,SCENARIO_CONTROLLER,phase-to-ground,C,0.0022,0.0013,73.6,0.0412,0.1148,206,574,0.473926,0.83429,1.760381,0.7398,73.6,60.0,63.1767,-11.07,0.551514,0.002521,0.002977,0.002784,0.002132,0.000573,0.001798,0.001797,0.001885,0.001826,0.001952,0.004571,0.005398,0.005048,0.003866,0.00326,0.003418,0.003539,4.5e-05,61.73,46.13,0.1929,0.00241,60.0
int_24_23,int_sim_24,INT_0024_1p_c_cond24_70ms,24,test,Interruption,2,SCENARIO_CONTROLLER,phase-to-ground,C,0.0022,0.0013,73.6,0.0422,0.1158,211,579,0.473832,0.83429,1.760727,0.7376,73.6,60.0,63.1767,-10.96,0.551404,0.002661,0.003151,0.002601,0.002005,0.00078,0.00161,0.001798,0.002026,0.001756,0.00191,0.004826,0.005715,0.004717,0.003636,0.00292,0.003674,0.003464,4.5e-05,61.73,46.13,0.1929,0.002412,60.0
int_24_24,int_sim_24,INT_0024_1p_c_cond24_70ms,24,test,Interruption,2,SCENARIO_CONTROLLER,phase-to-ground,C,0.0022,0.0013,73.6,0.0432,0.1168,216,584,0.473706,0.83429,1.761196,0.7652,73.6,60.0,63.1767,-10.92,0.551258,0.002643,0.003332,0.002719,0.001895,0.000719,0.001761,0.001779,0.001904,0.001742,0.002002,0.004794,0.006044,0.004932,0.003438,0.003195,0.003454,0.003632,4.7e-05,61.73,46.14,0.1929,0.002414,60.0
int_24_25,int_sim_24,INT_0024_1p_c_cond24_70ms,24,test,Interruption,2,SCENARIO_CONTROLLER,phase-to-ground,C,0.0022,0.0013,73.6,0.0442,0.1178,221,589,0.473628,0.83429,1.761487,0.7709,73.6,60.0,63.1767,-11.08,0.551168,0.002577,0.00335,0.002798,0.001974,0.000662,0.001712,0.001813,0.001967,0.001765,0.001951,0.004676,0.006078,0.005076,0.003581,0.003106,0.003569,0.00354,4.7e-05,61.73,46.14,0.193,0.002415,60.0
int_24_26,int_sim_24,INT_0024_1p_c_cond24_70ms,24,test,Interruption,2,SCENARIO_CONTROLLER,phase-to-ground,C,0.0022,0.0013,73.6,0.0452,0.1188,226,594,0.473646,0.83429,1.761421,0.7738,73.6,60.0,63.1767,-11.48,0.551188,0.002598,0.003374,0.002822,0.001996,0.000651,0.001681,0.001791,0.001972,0.001781,0.001985,0.004713,0.006121,0.00512,0.003621,0.00305,0.003578,0.003601,4.8e-05,61.73,46.14,0.193,0.002415,60.0
int_24_27,int_sim_24,INT_0024_1p_c_cond24_70ms,24,test,Interruption,2,SCENARIO_CONTROLLER,phase-to-ground,C,0.0022,0.0013,73.6,0.0462,0.1198,231,599,0.47374,0.83429,1.761071,0.7951,73.6,60.0,63.1767,-12.06,0.551296,0.002681,0.003463,0.00291,0.002086,0.000739,0.001694,0.001775,0.001924,0.001739,0.00193,0.004863,0.006282,0.005278,0.003784,0.003073,0.00349,0.003501,4.9e-05,61.73,46.14,0.1929,0.002414,60.0
int_24_28,int_sim_24,INT_0024_1p_c_cond24_70ms,24,test,Interruption,2,SCENARIO_CONTROLLER,phase-to-ground,C,0.0022,0.0013,73.6,0.0472,0.1208,236,604,0.473882,0.83429,1.760543,0.7859,73.6,60.0,63.1767,-12.65,0.551459,0.002711,0.003434,0.002816,0.001963,0.000724,0.001772,0.001843,0.002001,0.00177,0.001985,0.004916,0.006227,0.005106,0.00356,0.003213,0.003629,0.0036,4.9e-05,61.73,46.15,0.1929,0.002413,60.0
int_24_29,int_sim_24,INT_0024_1p_c_cond24_70ms,24,test,Interruption,2,SCENARIO_CONTROLLER,phase-to-ground,C,0.0022,0.0013,73.6,0.0482,0.1218,241,609,0.473993,0.83429,1.76013,0.721,73.6,60.0,63.1767,-13.05,0.551585,0.002565,0.003166,0.002558,0.001818,0.000541,0.001577,0.001721,0.001927,0.001812,0.002023,0.00465,0.00574,0.004638,0.003296,0.002859,0.003494,0.003668,4.3e-05,61.73,46.15,0.1929,0.002412,60.0
int_24_30,int_sim_24,INT_0024_1p_c_cond24_70ms,24,test,Interruption,2,SCENARIO_CONTROLLER,phase-to-ground,C,0.0022,0.0013,73.6,0.0492,0.1228,246,614,0.474013,0.83429,1.760058,0.7338,73.6,60.0,63.1785,-13.15,0.551605,0.002258,0.002934,0.002668,0.002104,0.000815,0.00183,0.001887,0.001975,0.001679,0.001881,0.004094,0.005319,0.004837,0.003814,0.003318,0.00358,0.00341,4.3e-05,61.73,46.13,0.1929,0.00241,60.0
int_24_31,int_sim_24,INT_0024_1p_c_cond24_70ms,24,test,Interruption,2,SCENARIO_CONTROLLER,phase-to-ground,C,0.0022,0.0013,73.6,0.0502,0.1238,251,619,0.473931,0.83429,1.760361,0.7329,73.6,60.0,63.1785,-13.0,0.55151,0.001977,0.00305,0.002934,0.002092,0.000691,0.001631,0.001716,0.001975,0.001841,0.001993,0.003585,0.00553,0.00532,0.003793,0.002957,0.003581,0.003614,4.4e-05,61.73,46.14,0.1929,0.002414,60.0
int_24_32,int_sim_24,INT_0024_1p_c_cond24_70ms,24,test,Interruption,2,SCENARIO_CONTROLLER,phase-to-ground,C,0.0022,0.0013,73.6,0.0512,0.1248,256,624,0.473794,0.83429,1.760872,0.7547,73.6,60.0,63.1785,-12.82,0.55135,0.001884,0.003291,0.002893,0.00188,0.000605,0.001717,0.001872,0.001952,0.001719,0.001984,0.003417,0.005969,0.005247,0.00341,0.003114,0.00354,0.003598,4.4e-05,61.73,46.15,0.193,0.002415,60.0
int_25_01,int_sim_25,INT_0025_1p_c_cond25_83ms,25,val,Interruption,2,SCENARIO_CONTROLLER,phase-to-ground,C,0.0018,0.0011,85.4,0.0202,0.1056,101,528,0.447786,0.83096,1.855708,0.9625,85.6,60.0,49.3318,-16.53,0.489452,0.00624,0.00439,0.00282,0.001648,0.000933,0.000448,0.000252,0.000205,0.000324,0.00043,0.012749,0.008969,0.005762,0.003367,0.000915,0.000419,0.000879,7e-05,59.29,13.88,0.2133,0.000163,60.0
int_25_02,int_sim_25,INT_0025_1p_c_cond25_83ms,25,val,Interruption,2,SCENARIO_CONTROLLER,phase-to-ground,C,0.0018,0.0011,85.4,0.0212,0.1066,106,533,0.447679,0.83096,1.856153,0.9755,85.6,60.0,49.3318,-16.62,0.489335,0.006304,0.004442,0.002707,0.001707,0.000998,0.000372,0.000197,0.000173,0.000385,0.000459,0.012883,0.009078,0.005532,0.003488,0.00076,0.000354,0.000938,7.1e-05,59.29,13.93,0.2133,0.000166,60.0
int_25_03,int_sim_25,INT_0025_1p_c_cond25_83ms,25,val,Interruption,2,SCENARIO_CONTROLLER,phase-to-ground,C,0.0018,0.0011,85.4,0.0222,0.1076,111,538,0.447518,0.83096,1.856819,0.9652,85.6,60.0,49.3318,-16.49,0.489159,0.006517,0.004323,0.002703,0.001847,0.000817,0.000445,0.000331,0.000245,0.000264,0.000477,0.013323,0.008838,0.005526,0.003776,0.00091,0.000501,0.000975,7.3e-05,59.29,13.98,0.2133,0.000163,60.0
int_25_04,int_sim_25,INT_0025_1p_c_cond25_83ms,25,val,Interruption,2,SCENARIO_CONTROLLER,phase-to-ground,C,0.0018,0.0011,85.4,0.0232,0.1086,116,543,0.447377,0.83096,1.857405,0.8933,85.6,60.0,49.3318,-16.31,0.489003,0.006795,0.004025,0.002989,0.001622,0.000946,0.000494,0.000127,0.000196,0.000414,0.000355,0.013896,0.008231,0.006112,0.003317,0.00101,0.000401,0.000726,7.5e-05,59.3,14.05,0.2133,0.000165,60.0
int_25_05,int_sim_25,INT_0025_1p_c_cond25_83ms,25,val,Interruption,2,SCENARIO_CONTROLLER,phase-to-ground,C,0.0018,0.0011,85.4,0.0242,0.1096,121,548,0.447333,0.83096,1.85759,0.8644,85.6,60.0,49.3217,-16.19,0.48895,0.006932,0.003923,0.003057,0.001541,0.001056,0.000309,0.000359,0.000229,0.000329,0.000505,0.014177,0.008023,0.006252,0.003152,0.000632,0.000468,0.001033,7.7e-05,59.29,14.04,0.2133,0.000164,60.0
int_25_06,int_sim_25,INT_0025_1p_c_cond25_83ms,25,val,Interruption,2,SCENARIO_CONTROLLER,phase-to-ground,C,0.0018,0.0011,85.4,0.0252,0.1106,126,553,0.447404,0.83096,1.857292,0.9375,85.6,60.0,49.3217,-16.33,0.489025,0.006839,0.004169,0.002769,0.001829,0.000789,0.000539,0.000135,0.000235,0.000313,0.000471,0.013985,0.008525,0.005662,0.00374,0.001102,0.000481,0.000963,7.6e-05,59.29,14.05,0.2133,0.000167,60.0
int_25_07,int_sim_25,INT_0025_1p_c_cond25_83ms,25,val,Interruption,2,SCENARIO_CONTROLLER,phase-to-ground,C,0.0018,0.0011,85.4,0.0262,0.1116,131,558,0.44755,0.83096,1.856686,0.9736,85.6,60.0,49.3217,-16.7,0.489181,0.006609,0.004414,0.002662,0.001756,0.000972,0.000341,0.000324,0.000194,0.00039,0.000391,0.01351,0.009023,0.005442,0.00359,0.000697,0.000397,0.000799,7.5e-05,59.29,13.96,0.2133,0.000167,60.0
int_25_08,int_sim_25,INT_0025_1p_c_cond25_83ms,25,val,Interruption,2,SCENARIO_CONTROLLER,phase-to-ground,C,0.0018,0.0011,85.4,0.0272,0.1126,136,563,0.44771,0.83096,1.856026,0.9661,85.6,60.0,49.3217,-17.25,0.489353,0.006407,0.004423,0.002835,0.001606,0.000965,0.000448,0.000192,0.000237,0.000288,0.000479,0.013093,0.009038,0.005793,0.003282,0.000915,0.000484,0.000979,7.3e-05,59.29,13.95,0.2133,0.000166,60.0
int_25_09,int_sim_25,INT_0025_1p_c_cond25_83ms,25,val,Interruption,2,SCENARIO_CONTROLLER,phase-to-ground,C,0.0018,0.0011,85.4,0.0282,0.1136,141,568,0.447804,0.83096,1.855635,0.9545,85.6,60.0,49.3217,-17.83,0.489455,0.006341,0.004339,0.00289,0.001675,0.000888,0.000438,0.000252,0.000206,0.000349,0.000438,0.012955,0.008865,0.005905,0.003422,0.000895,0.000421,0.000895,7.2e-05,59.29,13.89,0.2133,0.000166,60.0
int_25_10,int_sim_25,INT_0025_1p_c_cond25_83ms,25,val,Interruption,2,SCENARIO_CONTROLLER,phase-to-ground,C,0.0018,0.0011,85.4,0.0292,0.1146,146,573,0.447796,0.83096,1.855667,0.9554,85.6,60.0,49.3217,-18.25,0.489447,0.006331,0.004339,0.002905,0.001692,0.000878,0.000416,0.000268,0.000186,0.000326,0.000464,0.012935,0.008865,0.005935,0.003457,0.00085,0.00038,0.000948,7.2e-05,59.29,13.89,0.2133,0.000166,60.0
int_25_11,int_sim_25,INT_0025_1p_c_cond25_83ms,25,val,Interruption,2,SCENARIO_CONTROLLER,phase-to-ground,C,0.0018,0.0011,85.4,0.0302,0.1156,151,578,0.447695,0.83096,1.856087,0.957,85.6,60.0,49.3217,-18.37,0.489336,0.006225,0.004304,0.002961,0.001804,0.00096,0.00038,0.00018,0.000269,0.000369,0.000412,0.012721,0.008796,0.006051,0.003687,0.000777,0.00055,0.000842,7.1e-05,59.29,13.93,0.2133,0.000165,60.0
int_25_12,int_sim_25,INT_0025_1p_c_cond25_83ms,25,val,Interruption,2,SCENARIO_CONTROLLER,phase-to-ground,C,0.0018,0.0011,85.4,0.0312,0.1166,156,583,0.447583,0.83096,1.856551,0.9173,85.6,60.0,49.3217,-18.28,0.489212,0.006021,0.00411,0.002807,0.001728,0.000991,0.00051,0.000306,0.000144,0.000271,0.000432,0.012308,0.008401,0.005738,0.003532,0.001042,0.000294,0.000883,6.6e-05,59.29,13.98,0.2133,0.000166,60.0
int_25_13,int_sim_25,INT_0025_1p_c_cond25_83ms,25,val,Interruption,2,SCENARIO_CONTROLLER,phase-to-ground,C,0.0018,0.0011,85.4,0.0322,0.1176,161,588,0.447521,0.83096,1.856809,0.8693,85.6,60.0,49.3217,-18.17,0.48914,0.005846,0.003948,0.002641,0.001547,0.000791,0.000315,0.000195,0.000295,0.000404,0.000489,0.011952,0.008071,0.005399,0.003163,0.000644,0.000603,0.001,6e-05,59.29,14.01,0.2133,0.000168,60.0
int_25_14,int_sim_25,INT_0025_1p_c_cond25_83ms,25,val,Interruption,2,SCENARIO_CONTROLLER,phase-to-ground,C,0.0018,0.0011,85.4,0.0332,0.1186,166,593,0.447549,0.83096,1.856692,0.9094,85.6,60.0,49.3317,-18.27,0.489167,0.005861,0.004064,0.002816,0.001744,0.000984,0.000481,0.000288,0.000163,0.000288,0.000374,0.011982,0.008308,0.005757,0.003565,0.000983,0.000333,0.000765,6.3e-05,59.29,13.99,0.2133,0.000164,60.0
int_25_15,int_sim_25,INT_0025_1p_c_cond25_83ms,25,val,Interruption,2,SCENARIO_CONTROLLER,phase-to-ground,C,0.0018,0.0011,85.4,0.0342,0.1196,171,598,0.447648,0.83096,1.856282,0.9532,85.6,60.0,49.3317,-18.6,0.489271,0.006027,0.004283,0.002974,0.001798,0.000954,0.000415,0.000231,0.000265,0.000349,0.000441,0.012318,0.008754,0.006078,0.003675,0.000848,0.000542,0.000901,6.8e-05,59.29,13.95,0.2132,0.000169,60.0
int_25_16,int_sim_25,INT_0025_1p_c_cond25_83ms,25,val,Interruption,2,SCENARIO_CONTROLLER,phase-to-ground,C,0.0018,0.0011,85.4,0.0352,0.1206,176,603,0.447756,0.83096,1.855835,0.9544,85.6,60.0,49.3317,-19.23,0.489387,0.00618,0.004347,0.002897,0.001663,0.00086,0.000388,0.000241,0.0002,0.000342,0.000448,0.012628,0.008883,0.00592,0.003398,0.000793,0.000409,0.000915,7e-05,59.29,13.89,0.2132,0.000163,60.0
int_25_17,int_sim_25,INT_0025_1p_c_cond25_83ms,25,val,Interruption,2,SCENARIO_CONTROLLER,phase-to-ground,C,0.0018,0.0011,85.4,0.0362,0.1216,181,608,0.447805,0.83096,1.855631,0.9497,85.6,60.0,49.3317,-20.07,0.48944,0.006224,0.004318,0.002846,0.001668,0.000909,0.000425,0.000249,0.000229,0.000332,0.000423,0.012717,0.008822,0.005815,0.003408,0.000868,0.000468,0.000864,7e-05,59.29,13.88,0.2132,0.000166,60.0
int_25_18,int_sim_25,INT_0025_1p_c_cond25_83ms,25,val,Interruption,2,SCENARIO_CONTROLLER,phase-to-ground,C,0.0018,0.0011,85.4,0.0372,0.1226,186,613,0.447751,0.83096,1.855855,0.958,85.6,60.0,49.3317,-20.93,0.489381,0.006228,0.00437,0.002811,0.001635,0.000953,0.000459,0.000234,0.000217,0.000295,0.000417,0.012726,0.00893,0.005744,0.003341,0.000938,0.000443,0.000852,7e-05,59.29,13.9,0.2132,0.000166,60.0
int_25_19,int_sim_25,INT_0025_1p_c_cond25_83ms,25,val,Interruption,2,SCENARIO_CONTROLLER,phase-to-ground,C,0.0018,0.0011,85.4,0.0382,0.1236,191,618,0.447625,0.83096,1.856376,0.9682,85.6,60.0,49.3317,-21.54,0.489244,0.006335,0.004385,0.002693,0.001757,0.000953,0.000347,0.000256,0.000262,0.000352,0.000371,0.012949,0.008963,0.005504,0.003591,0.000709,0.000536,0.000758,7.1e-05,59.29,13.96,0.2132,0.000166,60.0
int_25_20,int_sim_25,INT_0025_1p_c_cond25_83ms,25,val,Interruption,2,SCENARIO_CONTROLLER,phase-to-ground,C,0.0018,0.0011,85.4,0.0392,0.1246,196,623,0.447462,0.83096,1.85705,0.9384,85.6,60.0,49.3317,-21.76,0.489066,0.006588,0.004186,0.002799,0.001805,0.000778,0.000528,0.00029,0.000197,0.000316,0.000482,0.013471,0.008559,0.005723,0.003691,0.00108,0.000403,0.000986,7.3e-05,59.29,14.05,0.2133,0.000166,60.0
int_25_21,int_sim_25,INT_0025_1p_c_cond25_83ms,25,val,Interruption,2,SCENARIO_CONTROLLER,phase-to-ground,C,0.0018,0.0011,85.4,0.0402,0.1256,201,628,0.447344,0.83096,1.85754,0.8587,85.6,60.0,49.3317,-21.73,0.488935,0.006848,0.003898,0.003088,0.001508,0.001048,0.000397,0.000231,0.000324,0.000283,0.000387,0.014006,0.007972,0.006316,0.003084,0.000812,0.000663,0.000792,7.6e-05,59.29,14.07,0.2134,0.000167,60.0
int_25_22,int_sim_25,INT_0025_1p_c_cond25_83ms,25,val,Interruption,2,SCENARIO_CONTROLLER,phase-to-ground,C,0.0018,0.0011,85.4,0.0412,0.1266,206,633,0.44734,0.83096,1.85756,0.8725,85.6,60.0,49.3236,-21.72,0.488927,0.006908,0.003927,0.003013,0.001616,0.000962,0.000408,0.000317,0.000166,0.000388,0.000358,0.014129,0.008032,0.006162,0.003305,0.000834,0.00034,0.000732,7.6e-05,59.29,14.05,0.2134,0.000168,60.0
int_25_23,int_sim_25,INT_0025_1p_c_cond25_83ms,25,val,Interruption,2,SCENARIO_CONTROLLER,phase-to-ground,C,0.0018,0.0011,85.4,0.0422,0.1276,211,638,0.447443,0.83096,1.857131,0.9459,85.6,60.0,49.3236,-22.04,0.489037,0.006752,0.004218,0.002721,0.001829,0.000814,0.00051,0.000193,0.000333,0.000224,0.000479,0.013807,0.008625,0.005564,0.00374,0.001043,0.000681,0.000979,7.5e-05,59.29,14.02,0.2133,0.000163,60.0
int_25_24,int_sim_25,INT_0025_1p_c_cond25_83ms,25,val,Interruption,2,SCENARIO_CONTROLLER,phase-to-ground,C,0.0018,0.0011,85.4,0.0432,0.1286,216,643,0.447604,0.83096,1.856465,0.9619,85.6,60.0,49.3236,-22.79,0.48921,0.006509,0.004394,0.002741,0.001651,0.001025,0.000333,0.000307,0.000178,0.000359,0.000376,0.013305,0.008982,0.005603,0.003375,0.000681,0.000364,0.000769,7.3e-05,59.29,13.96,0.2132,0.000166,60.0
int_25_25,int_sim_25,INT_0025_1p_c_cond25_83ms,25,val,Interruption,2,SCENARIO_CONTROLLER,phase-to-ground,C,0.0018,0.0011,85.4,0.0442,0.1296,221,648,0.447743,0.83096,1.855888,0.9508,85.6,60.0,49.3236,-24.0,0.489361,0.006356,0.004346,0.002897,0.001595,0.00093,0.000462,0.000207,0.000283,0.000295,0.000391,0.012988,0.008881,0.00592,0.003259,0.000944,0.000578,0.000799,7.2e-05,59.29,13.92,0.2131,0.000165,60.0
int_25_26,int_sim_25,INT_0025_1p_c_cond25_83ms,25,val,Interruption,2,SCENARIO_CONTROLLER,phase-to-ground,C,0.0018,0.0011,85.4,0.0452,0.1306,226,653,0.447806,0.83096,1.855628,0.9421,85.6,60.0,49.3236,-25.61,0.489429,0.006324,0.004282,0.00291,0.001655,0.000906,0.000424,0.000258,0.000236,0.000317,0.000402,0.012921,0.008749,0.005946,0.003381,0.000866,0.000482,0.000821,7.1e-05,59.29,13.89,0.2131,0.000166,60.0
int_25_27,int_sim_25,INT_0025_1p_c_cond25_83ms,25,val,Interruption,2,SCENARIO_CONTROLLER,phase-to-ground,C,0.0018,0.0011,85.4,0.0462,0.1316,231,658,0.447766,0.83096,1.855792,0.9466,85.6,60.0,49.3236,-27.29,0.489386,0.006301,0.004298,0.002953,0.001684,0.000888,0.000389,0.000276,0.000226,0.000285,0.00041,0.012875,0.008782,0.006034,0.003441,0.000795,0.000462,0.000838,7.1e-05,59.29,13.91,0.2131,0.000166,60.0
int_25_28,int_sim_25,INT_0025_1p_c_cond25_83ms,25,val,Interruption,2,SCENARIO_CONTROLLER,phase-to-ground,C,0.0018,0.0011,85.4,0.0472,0.1326,236,663,0.447651,0.83096,1.85627,0.9381,85.6,60.0,49.3236,-28.46,0.489259,0.006151,0.004206,0.002959,0.001784,0.001024,0.000439,0.000187,0.00028,0.000377,0.000439,0.012572,0.008597,0.006048,0.003646,0.000897,0.000572,0.000897,6.9e-05,59.29,13.94,0.2132,0.000164,60.0
int_25_29,int_sim_25,INT_0025_1p_c_cond25_83ms,25,val,Interruption,2,SCENARIO_CONTROLLER,phase-to-ground,C,0.0018,0.0011,85.4,0.0482,0.1336,241,668,0.447553,0.83096,1.856673,0.8866,85.6,60.0,49.3236,-28.8,0.489151,0.005945,0.003995,0.002756,0.001619,0.000929,0.000476,0.000323,0.000238,0.000282,0.000339,0.012154,0.008167,0.005634,0.00331,0.000973,0.000487,0.000693,6.3e-05,59.29,13.98,0.2132,0.000165,60.0
int_25_30,int_sim_25,INT_0025_1p_c_cond25_83ms,25,val,Interruption,2,SCENARIO_CONTROLLER,phase-to-ground,C,0.0018,0.0011,85.4,0.0492,0.1346,246,673,0.447522,0.83096,1.856802,0.866,85.6,60.0,49.3304,-28.88,0.489114,0.005828,0.003923,0.002702,0.001562,0.000853,0.000332,0.000149,0.00027,0.000344,0.000441,0.011915,0.008021,0.005524,0.003194,0.000679,0.000552,0.000902,6e-05,59.29,13.98,0.2133,0.000162,60.0
int_25_31,int_sim_25,INT_0025_1p_c_cond25_83ms,25,val,Interruption,2,SCENARIO_CONTROLLER,phase-to-ground,C,0.0018,0.0011,85.4,0.0502,0.1356,251,678,0.447578,0.83096,1.85657,0.9209,85.6,60.0,49.3304,-29.25,0.489171,0.005905,0.004107,0.002924,0.001779,0.001044,0.000511,0.000319,0.000263,0.000353,0.000424,0.012071,0.008396,0.005977,0.003637,0.001045,0.000538,0.000867,6.5e-05,59.29,13.96,0.2132,0.000166,60.0
int_25_32,int_sim_25,INT_0025_1p_c_cond25_83ms,25,val,Interruption,2,SCENARIO_CONTROLLER,phase-to-ground,C,0.0018,0.0011,85.4,0.0512,0.1366,256,683,0.447688,0.83096,1.856114,0.947,85.6,60.0,49.3304,-30.36,0.489289,0.006085,0.004287,0.002992,0.001721,0.000908,0.000363,0.000177,0.000238,0.000281,0.000352,0.012436,0.008762,0.006115,0.003517,0.000742,0.000486,0.000719,6.9e-05,59.29,13.95,0.2132,0.000164,60.0
int_26_01,int_sim_26,INT_0026_1p_c_cond26_53ms,26,train,Interruption,2,SCENARIO_CONTROLLER,phase-to-ground,C,0.0023,0.0014,57.0,0.0202,0.0772,101,386,0.502575,0.841867,1.675105,0.6747,57.2,60.0,60.8021,3.93,0.619645,0.002023,0.003238,0.002962,0.001923,0.000769,0.001815,0.001888,0.002121,0.001944,0.002113,0.003265,0.005226,0.00478,0.003103,0.002929,0.003423,0.00341,4.7e-05,61.68,45.85,0.1669,0.002374,60.0
int_26_02,int_sim_26,INT_0026_1p_c_cond26_53ms,26,train,Interruption,2,SCENARIO_CONTROLLER,phase-to-ground,C,0.0023,0.0014,57.0,0.0212,0.0782,106,391,0.502593,0.841867,1.675046,0.6786,57.2,60.0,60.8021,3.81,0.619666,0.002009,0.003253,0.002947,0.001939,0.000747,0.001828,0.001882,0.002117,0.001947,0.0021,0.003242,0.00525,0.004756,0.003129,0.00295,0.003416,0.003389,4.7e-05,61.68,45.85,0.1669,0.002374,60.0
int_26_03,int_sim_26,INT_0026_1p_c_cond26_53ms,26,train,Interruption,2,SCENARIO_CONTROLLER,phase-to-ground,C,0.0023,0.0014,57.0,0.0222,0.0792,111,396,0.502628,0.841867,1.674929,0.6767,57.2,60.0,60.8021,3.65,0.619709,0.002006,0.003245,0.002974,0.001907,0.000744,0.00185,0.001861,0.002142,0.001935,0.002121,0.003237,0.005236,0.004799,0.003077,0.002985,0.003456,0.003423,4.7e-05,61.68,45.85,0.1669,0.002374,60.0
int_26_04,int_sim_26,INT_0026_1p_c_cond26_53ms,26,train,Interruption,2,SCENARIO_CONTROLLER,phase-to-ground,C,0.0023,0.0014,57.0,0.0232,0.0802,116,401,0.502657,0.841867,1.674833,0.6613,57.2,60.0,60.8021,3.52,0.619743,0.002058,0.003173,0.003039,0.001868,0.000796,0.0018,0.001893,0.002121,0.001926,0.002129,0.003321,0.00512,0.004904,0.003014,0.002904,0.003422,0.003435,4.7e-05,61.68,45.84,0.1669,0.002374,60.0
int_26_05,int_sim_26,INT_0026_1p_c_cond26_53ms,26,train,Interruption,2,SCENARIO_CONTROLLER,phase-to-ground,C,0.0023,0.0014,57.0,0.0242,0.0812,121,406,0.50266,0.841867,1.674823,0.6641,57.2,60.0,60.7978,3.5,0.619747,0.002121,0.003135,0.003014,0.001923,0.000744,0.001848,0.001868,0.002121,0.001958,0.002098,0.003422,0.005059,0.004863,0.003103,0.002982,0.003422,0.003385,4.7e-05,61.68,45.84,0.1669,0.002374,60.0
int_26_06,int_sim_26,INT_0026_1p_c_cond26_53ms,26,train,Interruption,2,SCENARIO_CONTROLLER,phase-to-ground,C,0.0023,0.0014,57.0,0.0252,0.0822,126,411,0.502643,0.841867,1.674879,0.6639,57.2,60.0,60.7978,3.57,0.619726,0.002175,0.003161,0.002952,0.001921,0.000767,0.001802,0.001906,0.002121,0.001922,0.002122,0.00351,0.005101,0.004763,0.0031,0.002908,0.003422,0.003424,4.7e-05,61.68,45.84,0.1669,0.002374,60.0
int_26_07,int_sim_26,INT_0026_1p_c_cond26_53ms,26,train,Interruption,2,SCENARIO_CONTROLLER,phase-to-ground,C,0.0023,0.0014,57.0,0.0262,0.0832,131,416,0.502608,0.841867,1.674996,0.6697,57.2,60.0,60.7978,3.69,0.619682,0.002188,0.003227,0.002964,0.001864,0.000795,0.001826,0.001866,0.002116,0.001951,0.00212,0.003531,0.005208,0.004783,0.003008,0.002947,0.003415,0.003421,4.8e-05,61.68,45.85,0.1669,0.002375,60.0
int_26_08,int_sim_26,INT_0026_1p_c_cond26_53ms,26,train,Interruption,2,SCENARIO_CONTROLLER,phase-to-ground,C,0.0023,0.0014,57.0,0.0272,0.0842,136,421,0.502587,0.841867,1.675066,0.6732,57.2,60.0,60.7978,3.79,0.619657,0.002174,0.003244,0.002992,0.001874,0.00077,0.001834,0.001887,0.002113,0.001935,0.002116,0.003508,0.005235,0.004828,0.003024,0.00296,0.00341,0.003415,4.8e-05,61.68,45.84,0.1669,0.002375,60.0
int_26_09,int_sim_26,INT_0026_1p_c_cond26_53ms,26,train,Interruption,2,SCENARIO_CONTROLLER,phase-to-ground,C,0.0023,0.0014,57.0,0.0282,0.0852,141,426,0.502581,0.841867,1.675086,0.6731,57.2,60.0,60.7978,3.81,0.619649,0.002168,0.003245,0.003,0.001886,0.000767,0.001819,0.001879,0.002122,0.00195,0.002127,0.003499,0.005237,0.004841,0.003044,0.002936,0.003425,0.003433,4.8e-05,61.68,45.84,0.1669,0.002375,60.0
int_26_10,int_sim_26,INT_0026_1p_c_cond26_53ms,26,train,Interruption,2,SCENARIO_CONTROLLER,phase-to-ground,C,0.0023,0.0014,57.0,0.0292,0.0862,146,431,0.502621,0.841867,1.674954,0.6801,57.2,60.0,60.7978,3.73,0.619698,0.002211,0.003292,0.003047,0.001931,0.000773,0.001788,0.00184,0.002088,0.001921,0.002123,0.003568,0.005312,0.004917,0.003116,0.002885,0.003369,0.003426,4.8e-05,61.68,45.84,0.1669,0.002374,60.0
int_26_11,int_sim_26,INT_0026_1p_c_cond26_53ms,26,train,Interruption,2,SCENARIO_CONTROLLER,phase-to-ground,C,0.0023,0.0014,57.0,0.0302,0.0872,151,436,0.502668,0.841867,1.674797,0.6859,57.2,60.0,60.7978,3.58,0.619755,0.002236,0.00331,0.00305,0.001932,0.000816,0.00184,0.001887,0.002127,0.001956,0.002146,0.003608,0.005341,0.004921,0.003117,0.002969,0.003432,0.003463,5e-05,61.68,45.84,0.1669,0.002374,60.0
int_26_12,int_sim_26,INT_0026_1p_c_cond26_53ms,26,train,Interruption,2,SCENARIO_CONTROLLER,phase-to-ground,C,0.0023,0.0014,57.0,0.0312,0.0882,156,441,0.502716,0.841867,1.674636,0.664,57.2,60.0,60.7978,3.44,0.619814,0.002197,0.003231,0.002952,0.001843,0.000728,0.001762,0.001812,0.00206,0.001907,0.0021,0.003545,0.005213,0.004763,0.002973,0.002843,0.003324,0.003388,4.7e-05,61.68,45.84,0.1669,0.002374,60.0
int_26_13,int_sim_26,INT_0026_1p_c_cond26_53ms,26,train,Interruption,2,SCENARIO_CONTROLLER,phase-to-ground,C,0.0023,0.0014,57.0,0.0322,0.0892,161,446,0.502737,0.841867,1.674568,0.66,57.2,60.0,60.8528,3.18,0.619838,0.00209,0.003124,0.002935,0.00191,0.000784,0.001825,0.001895,0.002134,0.001931,0.002107,0.003372,0.00504,0.004735,0.003081,0.002944,0.003443,0.003399,4.7e-05,61.67,45.83,0.1669,0.002373,60.0
int_26_14,int_sim_26,INT_0026_1p_c_cond26_53ms,26,train,Interruption,2,SCENARIO_CONTROLLER,phase-to-ground,C,0.0023,0.0014,57.0,0.0332,0.0902,166,451,0.502721,0.841867,1.674621,0.6632,57.2,60.0,60.8026,3.39,0.619818,0.001979,0.003124,0.003041,0.001967,0.000814,0.001807,0.00182,0.002068,0.001943,0.002146,0.003193,0.00504,0.004906,0.003174,0.002915,0.003336,0.003462,4.7e-05,61.67,45.83,0.1669,0.002374,60.0
int_26_15,int_sim_26,INT_0026_1p_c_cond26_53ms,26,train,Interruption,2,SCENARIO_CONTROLLER,phase-to-ground,C,0.0023,0.0014,57.0,0.0342,0.0912,171,456,0.502683,0.841867,1.674748,0.6657,57.2,60.0,60.8026,3.51,0.619771,0.001933,0.003203,0.003065,0.001893,0.000742,0.001783,0.001873,0.002115,0.00191,0.002103,0.003119,0.005168,0.004945,0.003054,0.002877,0.003413,0.003393,4.7e-05,61.67,45.84,0.1669,0.002375,60.0
int_26_16,int_sim_26,INT_0026_1p_c_cond26_53ms,26,train,Interruption,2,SCENARIO_CONTROLLER,phase-to-ground,C,0.0023,0.0014,57.0,0.0352,0.0922,176,461,0.502622,0.841867,1.67495,0.6776,57.2,60.0,60.8026,3.63,0.619697,0.001958,0.003269,0.002985,0.001894,0.000807,0.001832,0.001824,0.002083,0.001955,0.002114,0.00316,0.005275,0.004817,0.003056,0.002956,0.003361,0.003411,4.7e-05,61.67,45.84,0.1669,0.002376,60.0
int_26_17,int_sim_26,INT_0026_1p_c_cond26_53ms,26,train,Interruption,2,SCENARIO_CONTROLLER,phase-to-ground,C,0.0023,0.0014,57.0,0.0362,0.0932,181,466,0.502596,0.841867,1.675035,0.6772,57.2,60.0,60.8026,3.68,0.619665,0.001984,0.003263,0.002971,0.001922,0.000806,0.001808,0.001836,0.002094,0.00194,0.00212,0.003202,0.005266,0.004795,0.003102,0.002918,0.003379,0.003421,4.7e-05,61.67,45.84,0.1669,0.002376,60.0
int_26_18,int_sim_26,INT_0026_1p_c_cond26_53ms,26,train,Interruption,2,SCENARIO_CONTROLLER,phase-to-ground,C,0.0023,0.0014,57.0,0.0372,0.0942,186,471,0.502598,0.841867,1.675031,0.6773,57.2,60.0,60.8026,3.63,0.619667,0.001983,0.003265,0.00297,0.001921,0.000808,0.001807,0.001835,0.002096,0.001938,0.002121,0.0032,0.005269,0.004793,0.0031,0.002916,0.003382,0.003423,4.7e-05,61.67,45.84,0.1669,0.002376,60.0
int_26_19,int_sim_26,INT_0026_1p_c_cond26_53ms,26,train,Interruption,2,SCENARIO_CONTROLLER,phase-to-ground,C,0.0023,0.0014,57.0,0.0382,0.0952,191,476,0.502607,0.841867,1.675001,0.679,57.2,60.0,60.8026,3.51,0.619678,0.001978,0.003269,0.002969,0.001923,0.000795,0.001823,0.00182,0.002108,0.001924,0.002127,0.003192,0.005275,0.004791,0.003103,0.002942,0.003402,0.003432,4.7e-05,61.67,45.84,0.1669,0.002376,60.0
int_26_20,int_sim_26,INT_0026_1p_c_cond26_53ms,26,train,Interruption,2,SCENARIO_CONTROLLER,phase-to-ground,C,0.0023,0.0014,57.0,0.0392,0.0962,196,481,0.502637,0.841867,1.674899,0.6703,57.2,60.0,60.8026,3.35,0.619715,0.001991,0.003239,0.003015,0.001873,0.00083,0.001804,0.001843,0.002089,0.001951,0.002107,0.003213,0.005227,0.004865,0.003022,0.002911,0.003371,0.0034,4.7e-05,61.67,45.84,0.1669,0.002376,60.0
int_26_21,int_sim_26,INT_0026_1p_c_cond26_53ms,26,train,Interruption,2,SCENARIO_CONTROLLER,phase-to-ground,C,0.0023,0.0014,57.0,0.0402,0.0972,201,486,0.502656,0.841867,1.674836,0.6611,57.2,60.0,60.8026,3.26,0.619737,0.002045,0.003174,0.003056,0.001873,0.000844,0.00179,0.001832,0.002111,0.001912,0.002141,0.0033,0.005122,0.004931,0.003022,0.002888,0.003406,0.003455,4.7e-05,61.67,45.84,0.1669,0.002376,60.0
int_26_22,int_sim_26,INT_0026_1p_c_cond26_53ms,26,train,Interruption,2,SCENARIO_CONTROLLER,phase-to-ground,C,0.0023,0.0014,57.0,0.0412,0.0982,206,491,0.502652,0.841867,1.67485,0.6658,57.2,60.0,60.7959,3.29,0.619732,0.002131,0.003147,0.002991,0.001944,0.000782,0.001828,0.001854,0.002059,0.001953,0.002127,0.003439,0.005078,0.004826,0.003137,0.00295,0.003322,0.003432,4.7e-05,61.67,45.84,0.1669,0.002376,60.0
int_26_23,int_sim_26,INT_0026_1p_c_cond26_53ms,26,train,Interruption,2,SCENARIO_CONTROLLER,phase-to-ground,C,0.0023,0.0014,57.0,0.0422,0.0992,211,496,0.502628,0.841867,1.67493,0.6653,57.2,60.0,60.7959,3.38,0.619702,0.002178,0.003195,0.002939,0.001908,0.000837,0.001774,0.001857,0.002095,0.00193,0.002119,0.003515,0.005156,0.004743,0.003079,0.002863,0.003381,0.003419,4.7e-05,61.67,45.84,0.1669,0.002376,60.0
int_26_24,int_sim_26,INT_0026_1p_c_cond26_53ms,26,train,Interruption,2,SCENARIO_CONTROLLER,phase-to-ground,C,0.0023,0.0014,57.0,0.0432,0.1002,216,501,0.502603,0.841867,1.675012,0.6706,57.2,60.0,60.7959,3.51,0.619672,0.002178,0.003235,0.002962,0.001883,0.00083,0.001805,0.001849,0.002071,0.001933,0.002138,0.003515,0.005221,0.00478,0.003039,0.002913,0.003342,0.00345,4.7e-05,61.68,45.84,0.1669,0.002376,60.0
int_26_25,int_sim_26,INT_0026_1p_c_cond26_53ms,26,train,Interruption,2,SCENARIO_CONTROLLER,phase-to-ground,C,0.0023,0.0014,57.0,0.0442,0.1012,221,506,0.502586,0.841867,1.675069,0.6728,57.2,60.0,60.7959,3.59,0.619651,0.002165,0.003245,0.002986,0.001899,0.000808,0.001801,0.001869,0.002086,0.001929,0.002116,0.003494,0.005237,0.004819,0.003065,0.002906,0.003366,0.003415,4.8e-05,61.68,45.84,0.1669,0.002376,60.0
int_26_26,int_sim_26,INT_0026_1p_c_cond26_53ms,26,train,Interruption,2,SCENARIO_CONTROLLER,phase-to-ground,C,0.0023,0.0014,57.0,0.0452,0.1022,226,511,0.502587,0.841867,1.675065,0.6729,57.2,60.0,60.7959,3.59,0.619652,0.002166,0.003246,0.002986,0.001898,0.000807,0.001802,0.001871,0.002087,0.001929,0.002114,0.003496,0.005238,0.004819,0.003063,0.002908,0.003368,0.003412,4.8e-05,61.68,45.84,0.1669,0.002376,60.0
int_26_27,int_sim_26,INT_0026_1p_c_cond26_53ms,26,train,Interruption,2,SCENARIO_CONTROLLER,phase-to-ground,C,0.0023,0.0014,57.0,0.0462,0.1032,231,516,0.502629,0.841867,1.674925,0.6813,57.2,60.0,60.7959,3.49,0.619703,0.002207,0.00329,0.003029,0.001943,0.000838,0.001797,0.001854,0.00206,0.001905,0.002093,0.003561,0.005309,0.004888,0.003135,0.0029,0.003324,0.003377,4.8e-05,61.67,45.84,0.1669,0.002377,60.0
int_26_28,int_sim_26,INT_0026_1p_c_cond26_53ms,26,train,Interruption,2,SCENARIO_CONTROLLER,phase-to-ground,C,0.0023,0.0014,57.0,0.0472,0.1042,236,521,0.502675,0.841867,1.674774,0.6797,57.2,60.0,60.7959,3.34,0.619759,0.002217,0.003282,0.003001,0.001906,0.000843,0.001829,0.001883,0.002092,0.001924,0.002118,0.003577,0.005296,0.004842,0.003075,0.002951,0.003376,0.003417,4.8e-05,61.67,45.84,0.1669,0.002375,60.0
int_26_29,int_sim_26,INT_0026_1p_c_cond26_53ms,26,train,Interruption,2,SCENARIO_CONTROLLER,phase-to-ground,C,0.0023,0.0014,57.0,0.0482,0.1052,241,526,0.502717,0.841867,1.674633,0.6569,57.2,60.0,60.7959,3.22,0.61981,0.002155,0.003179,0.002902,0.001846,0.000765,0.00175,0.001829,0.002052,0.001929,0.002122,0.003477,0.005129,0.004682,0.002978,0.002823,0.003311,0.003424,4.6e-05,61.67,45.83,0.1669,0.002374,60.0
int_26_30,int_sim_26,INT_0026_1p_c_cond26_53ms,26,train,Interruption,2,SCENARIO_CONTROLLER,phase-to-ground,C,0.0023,0.0014,57.0,0.0492,0.1062,246,531,0.502726,0.841867,1.674604,0.6607,57.2,60.0,60.803,3.16,0.61982,0.002037,0.003096,0.002939,0.001948,0.000862,0.001841,0.00189,0.002074,0.001886,0.002076,0.003286,0.004995,0.004742,0.003143,0.00297,0.003346,0.003349,4.6e-05,61.67,45.83,0.1669,0.002374,60.0
int_26_31,int_sim_26,INT_0026_1p_c_cond26_53ms,26,train,Interruption,2,SCENARIO_CONTROLLER,phase-to-ground,C,0.0023,0.0014,57.0,0.0502,0.1072,251,536,0.502702,0.841867,1.674684,0.6604,57.2,60.0,60.803,3.24,0.61979,0.001951,0.003134,0.003028,0.001945,0.000824,0.001775,0.001835,0.002074,0.00194,0.002111,0.003148,0.005057,0.004886,0.003138,0.002864,0.003346,0.003406,4.6e-05,61.67,45.83,0.1669,0.002371,60.0
int_26_32,int_sim_26,INT_0026_1p_c_cond26_53ms,26,train,Interruption,2,SCENARIO_CONTROLLER,phase-to-ground,C,0.0023,0.0014,57.0,0.0512,0.1082,256,541,0.502659,0.841867,1.674828,0.6673,57.2,60.0,60.803,3.37,0.619737,0.001925,0.003216,0.003014,0.001872,0.000791,0.001804,0.00189,0.002069,0.001896,0.002107,0.003106,0.005189,0.004863,0.003021,0.002911,0.003339,0.0034,4.6e-05,61.67,45.84,0.1669,0.002372,60.0
int_27_01,int_sim_27,INT_0027_2p_ab_cond27_70ms,27,train,Interruption,2,SCENARIO_CONTROLLER,phase-to-phase,"A,B",0.0018,0.0011,68.4,0.0258,0.0942,129,471,0.484555,0.836317,1.725947,1.462,68.6,60.0,59.7032,3.31,0.569943,0.012309,0.008001,0.003767,0.001667,0.001637,0.001623,0.001812,0.001645,0.001719,0.00184,0.021597,0.014038,0.006609,0.002925,0.002848,0.002886,0.003228,0.00025,61.24,39.62,0.1886,0.001767,60.0
int_27_02,int_sim_27,INT_0027_2p_ab_cond27_70ms,27,train,Interruption,2,SCENARIO_CONTROLLER,phase-to-phase,"A,B",0.0018,0.0011,68.4,0.0268,0.0952,134,476,0.484612,0.836317,1.725746,1.4774,68.6,60.0,59.7032,3.25,0.570009,0.012222,0.008081,0.00369,0.001738,0.001611,0.001609,0.001838,0.001603,0.001763,0.001801,0.021442,0.014177,0.006474,0.003049,0.002823,0.002812,0.00316,0.000249,61.24,39.61,0.1886,0.00177,60.0
int_27_03,int_sim_27,INT_0027_2p_ab_cond27_70ms,27,train,Interruption,2,SCENARIO_CONTROLLER,phase-to-phase,"A,B",0.0018,0.0011,68.4,0.0278,0.0962,139,481,0.484643,0.836317,1.725636,1.4797,68.6,60.0,59.7032,3.21,0.570045,0.012193,0.008089,0.003695,0.001746,0.001591,0.001632,0.001819,0.00162,0.001748,0.001813,0.02139,0.01419,0.006482,0.003063,0.002863,0.002842,0.00318,0.000248,61.24,39.61,0.1886,0.00177,60.0
int_27_04,int_sim_27,INT_0027_2p_ab_cond27_70ms,27,train,Interruption,2,SCENARIO_CONTROLLER,phase-to-phase,"A,B",0.0018,0.0011,68.4,0.0288,0.0972,144,486,0.484651,0.836317,1.725608,1.4783,68.6,60.0,59.7032,3.21,0.570055,0.012188,0.008085,0.003706,0.001736,0.0016,0.00162,0.001835,0.001603,0.001765,0.001799,0.02138,0.014183,0.006501,0.003045,0.002842,0.002812,0.003156,0.000248,61.24,39.61,0.1886,0.001769,60.0
int_27_05,int_sim_27,INT_0027_2p_ab_cond27_70ms,27,train,Interruption,2,SCENARIO_CONTROLLER,phase-to-phase,"A,B",0.0018,0.0011,68.4,0.0298,0.0982,149,491,0.48462,0.836317,1.725718,1.4822,68.6,60.0,59.7032,3.25,0.570019,0.012163,0.008117,0.003711,0.00172,0.001624,0.001591,0.001855,0.001599,0.001753,0.001817,0.021338,0.01424,0.00651,0.003017,0.002791,0.002805,0.003188,0.000248,61.24,39.61,0.1886,0.001767,60.0
int_27_06,int_sim_27,INT_0027_2p_ab_cond27_70ms,27,train,Interruption,2,SCENARIO_CONTROLLER,phase-to-phase,"A,B",0.0018,0.0011,68.4,0.0308,0.0992,154,496,0.48458,0.836317,1.725858,1.4811,68.6,60.0,59.7032,3.3,0.569973,0.012101,0.008111,0.00377,0.001681,0.001626,0.00163,0.001817,0.001597,0.001786,0.001799,0.021231,0.01423,0.006614,0.002949,0.00286,0.002802,0.003156,0.000247,61.24,39.62,0.1886,0.00177,60.0
int_27_07,int_sim_27,INT_0027_2p_ab_cond27_70ms,27,train,Interruption,2,SCENARIO_CONTROLLER,phase-to-phase,"A,B",0.0018,0.0011,68.4,0.0318,0.1002,159,501,0.484556,0.836317,1.725944,1.4728,68.6,60.0,59.7032,3.34,0.569945,0.012048,0.008053,0.003773,0.00173,0.001582,0.001619,0.001857,0.001599,0.001758,0.001799,0.021139,0.014129,0.00662,0.003035,0.002841,0.002806,0.003156,0.000245,61.24,39.62,0.1886,0.00177,60.0
int_27_08,int_sim_27,INT_0027_2p_ab_cond27_70ms,27,train,Interruption,2,SCENARIO_CONTROLLER,phase-to-phase,"A,B",0.0018,0.0011,68.4,0.0328,0.1012,164,506,0.484554,0.836317,1.725953,1.4635,68.6,60.0,59.7019,3.34,0.569943,0.012035,0.007997,0.003693,0.001735,0.001652,0.001617,0.001802,0.001567,0.001782,0.001839,0.021116,0.014031,0.00648,0.003044,0.002837,0.002749,0.003227,0.000243,61.24,39.62,0.1886,0.001767,60.0
int_27_09,int_sim_27,INT_0027_2p_ab_cond27_70ms,27,train,Interruption,2,SCENARIO_CONTROLLER,phase-to-phase,"A,B",0.0018,0.0011,68.4,0.0338,0.1022,169,511,0.484575,0.836317,1.725877,1.4664,68.6,60.0,59.7019,3.31,0.569968,0.012077,0.008021,0.003682,0.001668,0.001629,0.001654,0.001854,0.001595,0.001773,0.001812,0.021189,0.014073,0.00646,0.002926,0.002902,0.002798,0.003179,0.000244,61.24,39.62,0.1886,0.001772,60.0
int_27_10,int_sim_27,INT_0027_2p_ab_cond27_70ms,27,train,Interruption,2,SCENARIO_CONTROLLER,phase-to-phase,"A,B",0.0018,0.0011,68.4,0.0348,0.1032,174,516,0.484609,0.836317,1.725757,1.4753,68.6,60.0,59.7019,3.25,0.570007,0.012135,0.00808,0.003737,0.001688,0.001601,0.00161,0.001813,0.001568,0.001764,0.001815,0.021289,0.014175,0.006556,0.002961,0.002825,0.002751,0.003184,0.000247,61.24,39.62,0.1886,0.00177,60.0
int_27_11,int_sim_27,INT_0027_2p_ab_cond27_70ms,27,train,Interruption,2,SCENARIO_CONTROLLER,phase-to-phase,"A,B",0.0018,0.0011,68.4,0.0358,0.1042,179,521,0.484635,0.836317,1.725663,1.4813,68.6,60.0,59.7019,3.2,0.570038,0.012169,0.008104,0.003756,0.001719,0.001632,0.001634,0.001834,0.001581,0.001771,0.00182,0.021348,0.014217,0.006589,0.003016,0.002866,0.002773,0.003193,0.000248,61.24,39.61,0.1886,0.001769,60.0
int_27_12,int_sim_27,INT_0027_2p_ab_cond27_70ms,27,train,Interruption,2,SCENARIO_CONTROLLER,phase-to-phase,"A,B",0.0018,0.0011,68.4,0.0368,0.1052,184,526,0.484648,0.836317,1.725616,1.4791,68.6,60.0,59.7019,3.19,0.570054,0.012173,0.008096,0.003742,0.001707,0.001623,0.001625,0.001824,0.001571,0.001762,0.001813,0.021354,0.014202,0.006564,0.002994,0.002851,0.002756,0.00318,0.000248,61.24,39.61,0.1886,0.001769,60.0
int_27_13,int_sim_27,INT_0027_2p_ab_cond27_70ms,27,train,Interruption,2,SCENARIO_CONTROLLER,phase-to-phase,"A,B",0.0018,0.0011,68.4,0.0378,0.1062,189,531,0.484608,0.836317,1.72576,1.4867,68.6,60.0,59.7019,3.22,0.570007,0.012195,0.008142,0.003759,0.001714,0.001621,0.001607,0.001789,0.001538,0.001741,0.001814,0.021394,0.014284,0.006595,0.003007,0.002819,0.002698,0.003182,0.000249,61.24,39.61,0.1886,0.001769,60.0
int_27_14,int_sim_27,INT_0027_2p_ab_cond27_70ms,27,train,Interruption,2,SCENARIO_CONTROLLER,phase-to-phase,"A,B",0.0018,0.0011,68.4,0.0388,0.1072,194,536,0.484543,0.836317,1.72599,1.4878,68.6,60.0,59.7019,3.27,0.569932,0.012284,0.008162,0.003677,0.001633,0.00157,0.001617,0.001853,0.001586,0.001735,0.001769,0.021553,0.014321,0.006452,0.002865,0.002837,0.002783,0.003104,0.000251,61.24,39.62,0.1886,0.001771,60.0
int_27_15,int_sim_27,INT_0027_2p_ab_cond27_70ms,27,train,Interruption,2,SCENARIO_CONTROLLER,phase-to-phase,"A,B",0.0018,0.0011,68.4,0.0398,0.1082,199,541,0.484499,0.836317,1.726148,1.4776,68.6,60.0,59.7019,3.32,0.569881,0.012375,0.008085,0.00364,0.001685,0.001655,0.001643,0.001786,0.001548,0.001776,0.001802,0.021715,0.014187,0.006387,0.002957,0.002883,0.002716,0.003162,0.000252,61.24,39.63,0.1886,0.001767,60.0
int_27_16,int_sim_27,INT_0027_2p_ab_cond27_70ms,27,train,Interruption,2,SCENARIO_CONTROLLER,phase-to-phase,"A,B",0.0018,0.0011,68.4,0.0408,0.1092,204,546,0.484482,0.836317,1.726209,1.4608,68.6,60.0,59.6778,3.3,0.569862,0.012421,0.007985,0.003728,0.001754,0.001609,0.001569,0.001843,0.00159,0.001723,0.001796,0.021797,0.014012,0.006542,0.003078,0.002753,0.00279,0.003152,0.000252,61.24,39.63,0.1886,0.001773,60.0
int_27_17,int_sim_27,INT_0027_2p_ab_cond27_70ms,27,train,Interruption,2,SCENARIO_CONTROLLER,phase-to-phase,"A,B",0.0018,0.0011,68.4,0.0418,0.1102,209,551,0.484506,0.836317,1.726123,1.4598,68.6,60.0,59.7009,3.31,0.569891,0.012377,0.007981,0.003802,0.001645,0.001571,0.001675,0.00178,0.001557,0.001798,0.001745,0.021718,0.014004,0.006671,0.002887,0.002939,0.002732,0.003062,0.000251,61.24,39.63,0.1886,0.001765,60.0
int_27_18,int_sim_27,INT_0027_2p_ab_cond27_70ms,27,train,Interruption,2,SCENARIO_CONTROLLER,phase-to-phase,"A,B",0.0018,0.0011,68.4,0.0428,0.1112,214,556,0.484547,0.836317,1.725977,1.4697,68.6,60.0,59.7009,3.26,0.569939,0.012302,0.008056,0.003743,0.001627,0.001639,0.00162,0.001807,0.00157,0.001762,0.001782,0.021585,0.014135,0.006567,0.002855,0.002842,0.002755,0.003127,0.00025,61.24,39.62,0.1886,0.001768,60.0
int_27_19,int_sim_27,INT_0027_2p_ab_cond27_70ms,27,train,Interruption,2,SCENARIO_CONTROLLER,phase-to-phase,"A,B",0.0018,0.0011,68.4,0.0438,0.1122,219,561,0.484583,0.836317,1.725848,1.4791,68.6,60.0,59.7009,3.21,0.569981,0.01225,0.0081,0.003701,0.001675,0.001609,0.001629,0.001806,0.001556,0.001785,0.001758,0.021492,0.014211,0.006493,0.002939,0.002858,0.00273,0.003084,0.000249,61.24,39.61,0.1886,0.001766,60.0
int_27_20,int_sim_27,INT_0027_2p_ab_cond27_70ms,27,train,Interruption,2,SCENARIO_CONTROLLER,phase-to-phase,"A,B",0.0018,0.0011,68.4,0.0448,0.1132,224,566,0.484604,0.836317,1.725774,1.4782,68.6,60.0,59.7009,3.18,0.570006,0.012235,0.008097,0.003716,0.001667,0.001609,0.00163,0.001808,0.001554,0.001788,0.001752,0.021465,0.014205,0.006519,0.002925,0.00286,0.002726,0.003074,0.000249,61.24,39.61,0.1886,0.001765,60.0
int_27_21,int_sim_27,INT_0027_2p_ab_cond27_70ms,27,train,Interruption,2,SCENARIO_CONTROLLER,phase-to-phase,"A,B",0.0018,0.0011,68.4,0.0458,0.1142,229,571,0.484619,0.836317,1.725721,1.4746,68.6,60.0,59.7009,3.19,0.570023,0.012234,0.008082,0.003732,0.001651,0.001626,0.001615,0.001818,0.001549,0.001787,0.001761,0.021462,0.014178,0.006547,0.002896,0.002833,0.002717,0.003089,0.000249,61.24,39.62,0.1886,0.001767,60.0
int_27_22,int_sim_27,INT_0027_2p_ab_cond27_70ms,27,train,Interruption,2,SCENARIO_CONTROLLER,phase-to-phase,"A,B",0.0018,0.0011,68.4,0.0468,0.1152,234,576,0.48459,0.836317,1.725822,1.4762,68.6,60.0,59.7009,3.24,0.56999,0.012202,0.008101,0.003758,0.001618,0.001655,0.001601,0.001806,0.001571,0.001774,0.001752,0.021407,0.014213,0.006593,0.002839,0.002809,0.002756,0.003074,0.000249,61.24,39.62,0.1886,0.001771,60.0
int_27_23,int_sim_27,INT_0027_2p_ab_cond27_70ms,27,train,Interruption,2,SCENARIO_CONTROLLER,phase-to-phase,"A,B",0.0018,0.0011,68.4,0.0478,0.1162,239,581,0.484554,0.836317,1.725951,1.4726,68.6,60.0,59.7009,3.29,0.569948,0.012136,0.00807,0.00381,0.001612,0.001619,0.001651,0.001807,0.001532,0.001797,0.001774,0.021293,0.014159,0.006685,0.002828,0.002897,0.002688,0.003113,0.000247,61.24,39.62,0.1886,0.00177,60.0
int_27_24,int_sim_27,INT_0027_2p_ab_cond27_70ms,27,train,Interruption,2,SCENARIO_CONTROLLER,phase-to-phase,"A,B",0.0018,0.0011,68.4,0.0488,0.1172,244,586,0.48453,0.836317,1.726035,1.4581,68.6,60.0,59.7009,3.32,0.569921,0.012077,0.00798,0.003768,0.001692,0.001605,0.001584,0.001815,0.001587,0.001793,0.001735,0.021191,0.014002,0.006611,0.002969,0.002779,0.002785,0.003044,0.000244,61.24,39.63,0.1886,0.001769,60.0
int_27_25,int_sim_27,INT_0027_2p_ab_cond27_70ms,27,train,Interruption,2,SCENARIO_CONTROLLER,phase-to-phase,"A,B",0.0018,0.0011,68.4,0.0498,0.1182,249,591,0.484537,0.836317,1.726012,1.453,68.6,60.0,59.7015,3.32,0.569929,0.012085,0.007948,0.003693,0.001653,0.001671,0.001636,0.0018,0.001526,0.001762,0.001752,0.021204,0.013946,0.00648,0.0029,0.002871,0.002678,0.003074,0.000243,61.24,39.63,0.1886,0.001771,60.0
int_27_26,int_sim_27,INT_0027_2p_ab_cond27_70ms,27,train,Interruption,2,SCENARIO_CONTROLLER,phase-to-phase,"A,B",0.0018,0.0011,68.4,0.0508,0.1192,254,596,0.484567,0.836317,1.725906,1.4591,68.6,60.0,59.7015,3.27,0.569964,0.012143,0.007997,0.003715,0.001598,0.001613,0.00163,0.001831,0.001574,0.001793,0.00176,0.021305,0.014031,0.006518,0.002804,0.00286,0.002762,0.003088,0.000245,61.24,39.63,0.1886,0.001773,60.0
int_27_27,int_sim_27,INT_0027_2p_ab_cond27_70ms,27,train,Interruption,2,SCENARIO_CONTROLLER,phase-to-phase,"A,B",0.0018,0.0011,68.4,0.0518,0.1202,259,601,0.484597,0.836317,1.725797,1.4674,68.6,60.0,59.7015,3.22,0.57,0.01219,0.008041,0.003757,0.001636,0.001624,0.001619,0.001812,0.001547,0.001766,0.001735,0.021386,0.014107,0.006591,0.00287,0.00284,0.002714,0.003044,0.000247,61.24,39.62,0.1886,0.001771,60.0
int_27_28,int_sim_27,INT_0027_2p_ab_cond27_70ms,27,train,Interruption,2,SCENARIO_CONTROLLER,phase-to-phase,"A,B",0.0018,0.0011,68.4,0.0528,0.1212,264,606,0.484617,0.836317,1.725727,1.469,68.6,60.0,59.7015,3.18,0.570023,0.012208,0.008047,0.003755,0.001642,0.001638,0.001634,0.001825,0.001559,0.001776,0.001744,0.021417,0.014117,0.006587,0.002881,0.002867,0.002735,0.00306,0.000248,61.24,39.62,0.1885,0.001772,60.0
int_27_29,int_sim_27,INT_0027_2p_ab_cond27_70ms,27,train,Interruption,2,SCENARIO_CONTROLLER,phase-to-phase,"A,B",0.0018,0.0011,68.4,0.0538,0.1222,269,611,0.484602,0.836317,1.725781,1.4727,68.6,60.0,59.7015,3.18,0.570005,0.012211,0.008063,0.00377,0.001656,0.001651,0.001644,0.001827,0.001556,0.001768,0.001732,0.021423,0.014145,0.006614,0.002905,0.002884,0.00273,0.003039,0.000248,61.24,39.62,0.1886,0.001773,60.0
int_27_30,int_sim_27,INT_0027_2p_ab_cond27_70ms,27,train,Interruption,2,SCENARIO_CONTROLLER,phase-to-phase,"A,B",0.0018,0.0011,68.4,0.0548,0.1232,274,616,0.484554,0.836317,1.725951,1.4779,68.6,60.0,59.7015,3.22,0.56995,0.012253,0.00811,0.003755,0.001622,0.001607,0.001596,0.001802,0.001563,0.001798,0.001763,0.021498,0.014229,0.006588,0.002846,0.0028,0.002742,0.003093,0.00025,61.24,39.62,0.1886,0.001772,60.0
int_27_31,int_sim_27,INT_0027_2p_ab_cond27_70ms,27,train,Interruption,2,SCENARIO_CONTROLLER,phase-to-phase,"A,B",0.0018,0.0011,68.4,0.0558,0.1242,279,621,0.484515,0.836317,1.72609,1.4766,68.6,60.0,59.7015,3.27,0.569905,0.012317,0.0081,0.003696,0.001587,0.001609,0.001637,0.001836,0.001553,0.001764,0.001751,0.021612,0.014213,0.006485,0.002785,0.002872,0.002725,0.003072,0.000251,61.24,39.63,0.1886,0.001772,60.0
int_27_32,int_sim_27,INT_0027_2p_ab_cond27_70ms,27,train,Interruption,2,SCENARIO_CONTROLLER,phase-to-phase,"A,B",0.0018,0.0011,68.4,0.0568,0.1252,284,626,0.484474,0.836317,1.726235,1.4626,68.6,60.0,59.7015,3.31,0.569858,0.012405,0.008004,0.003688,0.001669,0.001689,0.00162,0.001762,0.00156,0.001824,0.001748,0.021769,0.014046,0.006472,0.002929,0.002843,0.002738,0.003067,0.000252,61.24,39.63,0.1886,0.001775,60.0
int_28_01,int_sim_28,INT_0028_2p_ab_cond28_83ms,28,train,Interruption,2,SCENARIO_CONTROLLER,phase-to-phase,"A,B",0.0016,0.0009,84.2,0.0232,0.1074,116,537,0.440121,0.918093,2.086001,1.8696,85.8,60.0,62.105,-3.83,0.48881,0.015387,0.008395,0.00374,0.003363,0.001878,0.001319,0.003048,0.002461,0.001704,0.002029,0.031478,0.017174,0.007651,0.00688,0.002698,0.005035,0.004151,0.00036,63.02,57.67,0.2106,0.003798,60.0
int_28_02,int_sim_28,INT_0028_2p_ab_cond28_83ms,28,train,Interruption,2,SCENARIO_CONTROLLER,phase-to-phase,"A,B",0.0016,0.0009,84.2,0.0242,0.1084,121,542,0.440154,0.918093,2.085846,1.9041,85.8,60.0,62.2735,-4.61,0.488842,0.015214,0.008662,0.00379,0.003161,0.00179,0.001268,0.003235,0.002384,0.001563,0.002008,0.031123,0.017719,0.007753,0.006466,0.002594,0.004877,0.004108,0.000358,63.02,57.67,0.2106,0.003795,60.0
int_28_03,int_sim_28,INT_0028_2p_ab_cond28_83ms,28,train,Interruption,2,SCENARIO_CONTROLLER,phase-to-phase,"A,B",0.0016,0.0009,84.2,0.0252,0.1094,126,547,0.440092,0.918093,2.086141,1.9333,85.8,60.0,62.1002,-3.77,0.488769,0.015235,0.008819,0.003539,0.003079,0.002019,0.001427,0.003046,0.002482,0.001696,0.001934,0.03117,0.018043,0.007241,0.006299,0.00292,0.005078,0.003957,0.00036,63.02,57.67,0.2106,0.003795,60.0
int_28_04,int_sim_28,INT_0028_2p_ab_cond28_83ms,28,train,Interruption,2,SCENARIO_CONTROLLER,phase-to-phase,"A,B",0.0016,0.0009,84.2,0.0262,0.1104,131,552,0.439979,0.918093,2.086677,1.9237,85.8,60.0,62.1002,-3.6,0.488642,0.015392,0.008722,0.003456,0.003268,0.001885,0.001266,0.003177,0.002391,0.001637,0.002029,0.0315,0.017849,0.007073,0.006688,0.002591,0.004893,0.004152,0.000363,63.02,57.68,0.2106,0.0038,60.0
int_28_05,int_sim_28,INT_0028_2p_ab_cond28_83ms,28,train,Interruption,2,SCENARIO_CONTROLLER,phase-to-phase,"A,B",0.0016,0.0009,84.2,0.0272,0.1114,136,557,0.439878,0.918093,2.087151,1.9008,85.8,60.0,62.1002,-3.52,0.488531,0.015522,0.008595,0.003563,0.003241,0.001876,0.001358,0.003106,0.002456,0.001639,0.001986,0.031773,0.017594,0.007293,0.006634,0.00278,0.005027,0.004065,0.000366,63.02,57.68,0.2106,0.0038,60.0
int_28_06,int_sim_28,INT_0028_2p_ab_cond28_83ms,28,train,Interruption,2,SCENARIO_CONTROLLER,phase-to-phase,"A,B",0.0016,0.0009,84.2,0.0282,0.1124,141,562,0.439847,0.918093,2.087301,1.8927,85.8,60.0,62.1002,-3.62,0.488496,0.015555,0.008568,0.003597,0.0032,0.001919,0.001359,0.003108,0.002436,0.001632,0.002008,0.031843,0.01754,0.007363,0.006551,0.002782,0.004987,0.004111,0.000366,63.02,57.68,0.2106,0.003801,60.0
int_28_07,int_sim_28,INT_0028_2p_ab_cond28_83ms,28,train,Interruption,2,SCENARIO_CONTROLLER,phase-to-phase,"A,B",0.0016,0.0009,84.2,0.0292,0.1134,146,567,0.439918,0.918093,2.086963,1.876,85.8,60.0,62.1002,-3.9,0.488574,0.015558,0.008509,0.003665,0.003136,0.001986,0.001327,0.00316,0.002389,0.001676,0.001972,0.031844,0.017416,0.007501,0.006419,0.002716,0.00489,0.004036,0.000366,63.02,57.67,0.2106,0.003799,60.0
int_28_08,int_sim_28,INT_0028_2p_ab_cond28_83ms,28,train,Interruption,2,SCENARIO_CONTROLLER,phase-to-phase,"A,B",0.0016,0.0009,84.2,0.0302,0.1144,151,572,0.44005,0.918093,2.086335,1.8441,85.8,60.0,62.1002,-4.29,0.488718,0.015677,0.008356,0.003746,0.003107,0.001898,0.001321,0.003069,0.002479,0.001614,0.001995,0.032078,0.017098,0.007665,0.006357,0.002703,0.005072,0.004082,0.000367,63.02,57.67,0.2106,0.003798,60.0
int_28_09,int_sim_28,INT_0028_2p_ab_cond28_83ms,28,train,Interruption,2,SCENARIO_CONTROLLER,phase-to-phase,"A,B",0.0016,0.0009,84.2,0.0312,0.1154,156,577,0.440182,0.918093,2.085711,1.8596,85.8,60.0,62.1002,-4.62,0.48886,0.01592,0.008342,0.003566,0.00332,0.001856,0.001424,0.003179,0.002371,0.001637,0.00206,0.032566,0.017064,0.007295,0.006791,0.002913,0.00485,0.004214,0.000375,63.02,57.66,0.2106,0.003795,60.0
int_28_10,int_sim_28,INT_0028_2p_ab_cond28_83ms,28,train,Interruption,2,SCENARIO_CONTROLLER,phase-to-phase,"A,B",0.0016,0.0009,84.2,0.0322,0.1164,161,582,0.440253,0.918093,2.085374,1.8951,85.8,60.0,62.1002,-4.76,0.488934,0.016155,0.008599,0.003374,0.003233,0.002083,0.001209,0.003081,0.002492,0.001686,0.001923,0.033041,0.017587,0.006901,0.006612,0.002473,0.005097,0.003933,0.000385,63.02,57.65,0.2106,0.003795,60.0
int_28_11,int_sim_28,INT_0028_2p_ab_cond28_83ms,28,train,Interruption,2,SCENARIO_CONTROLLER,phase-to-phase,"A,B",0.0016,0.0009,84.2,0.0332,0.1174,166,587,0.440219,0.918093,2.085536,1.9326,85.8,60.0,62.1067,-4.73,0.488893,0.0162,0.008837,0.003582,0.00302,0.001863,0.001436,0.003159,0.002418,0.001556,0.001999,0.033136,0.018076,0.007327,0.006177,0.002937,0.004946,0.004089,0.00039,63.02,57.67,0.2106,0.003795,60.0
int_28_12,int_sim_28,INT_0028_2p_ab_cond28_83ms,28,train,Interruption,2,SCENARIO_CONTROLLER,phase-to-phase,"A,B",0.0016,0.0009,84.2,0.0342,0.1184,171,592,0.440095,0.918093,2.086122,1.935,85.8,60.0,62.1067,-4.54,0.488754,0.016047,0.008799,0.003779,0.003226,0.001904,0.00127,0.003125,0.002465,0.001706,0.002027,0.032832,0.018003,0.007732,0.0066,0.002598,0.005043,0.004147,0.000388,63.02,57.67,0.2106,0.003796,60.0
int_28_13,int_sim_28,INT_0028_2p_ab_cond28_83ms,28,train,Interruption,2,SCENARIO_CONTROLLER,phase-to-phase,"A,B",0.0016,0.0009,84.2,0.0352,0.1194,176,597,0.439947,0.918093,2.086826,1.9049,85.8,60.0,62.1067,-4.38,0.48859,0.015844,0.008606,0.003669,0.003287,0.002018,0.001321,0.003122,0.002453,0.001609,0.001944,0.032428,0.017614,0.007509,0.006728,0.002704,0.005021,0.003979,0.000377,63.02,57.67,0.2107,0.003799,60.0
int_28_14,int_sim_28,INT_0028_2p_ab_cond28_83ms,28,train,Interruption,2,SCENARIO_CONTROLLER,phase-to-phase,"A,B",0.0016,0.0009,84.2,0.0362,0.1204,181,602,0.439838,0.918093,2.087344,1.8811,85.8,60.0,62.1067,-4.37,0.48847,0.015731,0.008516,0.003563,0.003176,0.001914,0.001349,0.003148,0.002455,0.001656,0.002003,0.032205,0.017434,0.007294,0.006502,0.002762,0.005026,0.004101,0.000371,63.02,57.68,0.2107,0.0038,60.0
int_28_15,int_sim_28,INT_0028_2p_ab_cond28_83ms,28,train,Interruption,2,SCENARIO_CONTROLLER,phase-to-phase,"A,B",0.0016,0.0009,84.2,0.0372,0.1214,186,607,0.43982,0.918093,2.08743,1.8802,85.8,60.0,62.1067,-4.56,0.48845,0.015721,0.008516,0.003563,0.00317,0.001914,0.001329,0.00313,0.002446,0.001641,0.001987,0.032185,0.017435,0.007295,0.00649,0.002721,0.005008,0.004068,0.00037,63.02,57.68,0.2107,0.0038,60.0
int_28_16,int_sim_28,INT_0028_2p_ab_cond28_83ms,28,train,Interruption,2,SCENARIO_CONTROLLER,phase-to-phase,"A,B",0.0016,0.0009,84.2,0.0382,0.1224,191,612,0.4399,0.918093,2.087049,1.8561,85.8,60.0,62.1067,-4.9,0.488537,0.015676,0.008423,0.003487,0.003109,0.001912,0.00127,0.003124,0.002496,0.001689,0.002031,0.032088,0.017241,0.007138,0.006364,0.0026,0.005109,0.004157,0.000367,63.02,57.68,0.2107,0.003799,60.0
int_28_17,int_sim_28,INT_0028_2p_ab_cond28_83ms,28,train,Interruption,2,SCENARIO_CONTROLLER,phase-to-phase,"A,B",0.0016,0.0009,84.2,0.0392,0.1234,196,617,0.440016,0.918093,2.086497,1.8561,85.8,60.0,62.1067,-5.26,0.488663,0.015503,0.008349,0.003567,0.003252,0.002034,0.001409,0.003157,0.00239,0.001592,0.001979,0.031725,0.017085,0.0073,0.006655,0.002883,0.004891,0.00405,0.000362,63.02,57.68,0.2107,0.0038,60.0
int_28_18,int_sim_28,INT_0028_2p_ab_cond28_83ms,28,train,Interruption,2,SCENARIO_CONTROLLER,phase-to-phase,"A,B",0.0016,0.0009,84.2,0.0402,0.1244,201,622,0.440109,0.918093,2.086058,1.8863,85.8,60.0,62.1067,-5.48,0.48876,0.015255,0.008516,0.003798,0.003312,0.001825,0.001229,0.003073,0.002552,0.001704,0.001958,0.031212,0.017424,0.007771,0.006776,0.002515,0.005221,0.004006,0.000358,63.02,57.68,0.2106,0.003802,60.0
int_28_19,int_sim_28,INT_0028_2p_ab_cond28_83ms,28,train,Interruption,2,SCENARIO_CONTROLLER,phase-to-phase,"A,B",0.0016,0.0009,84.2,0.0412,0.1254,206,627,0.440113,0.918093,2.086041,1.9228,85.8,60.0,62.0939,-5.41,0.48876,0.015137,0.008784,0.003732,0.00306,0.001902,0.001341,0.003195,0.002377,0.001653,0.002069,0.03097,0.017972,0.007636,0.006261,0.002744,0.004863,0.004233,0.000358,63.02,57.66,0.2106,0.003807,60.0
int_28_20,int_sim_28,INT_0028_2p_ab_cond28_83ms,28,train,Interruption,2,SCENARIO_CONTROLLER,phase-to-phase,"A,B",0.0016,0.0009,84.2,0.0422,0.1264,211,632,0.44003,0.918093,2.086432,1.9394,85.8,60.0,62.0939,-5.23,0.488667,0.015218,0.008846,0.003494,0.003123,0.002022,0.001349,0.003055,0.002537,0.001631,0.001955,0.031142,0.018102,0.00715,0.006391,0.002761,0.005192,0.004001,0.00036,63.02,57.68,0.2106,0.003782,60.0
int_28_21,int_sim_28,INT_0028_2p_ab_cond28_83ms,28,train,Interruption,2,SCENARIO_CONTROLLER,phase-to-phase,"A,B",0.0016,0.0009,84.2,0.0432,0.1274,216,637,0.439906,0.918093,2.087021,1.9202,85.8,60.0,62.0939,-5.01,0.488528,0.015396,0.008701,0.003501,0.003275,0.001855,0.001254,0.003179,0.002418,0.00169,0.001993,0.031515,0.017811,0.007166,0.006704,0.002567,0.00495,0.00408,0.000364,63.02,57.68,0.2107,0.003792,60.0
int_28_22,int_sim_28,INT_0028_2p_ab_cond28_83ms,28,train,Interruption,2,SCENARIO_CONTROLLER,phase-to-phase,"A,B",0.0016,0.0009,84.2,0.0442,0.1284,221,642,0.439815,0.918093,2.087451,1.8986,85.8,60.0,62.0939,-4.89,0.488429,0.015503,0.0086,0.003606,0.003201,0.001915,0.001335,0.0031,0.002486,0.001624,0.002029,0.031741,0.017607,0.007383,0.006554,0.002733,0.00509,0.004154,0.000366,63.02,57.68,0.2107,0.003798,60.0
int_28_23,int_sim_28,INT_0028_2p_ab_cond28_83ms,28,train,Interruption,2,SCENARIO_CONTROLLER,phase-to-phase,"A,B",0.0016,0.0009,84.2,0.0452,0.1294,226,647,0.439811,0.918093,2.08747,1.8949,85.8,60.0,62.0939,-4.96,0.488424,0.015512,0.008589,0.003621,0.003182,0.001936,0.001329,0.003115,0.002461,0.001644,0.002015,0.031759,0.017585,0.007414,0.006515,0.002721,0.005039,0.004126,0.000366,63.02,57.68,0.2107,0.003797,60.0
int_28_24,int_sim_28,INT_0028_2p_ab_cond28_83ms,28,train,Interruption,2,SCENARIO_CONTROLLER,phase-to-phase,"A,B",0.0016,0.0009,84.2,0.0462,0.1304,231,652,0.439888,0.918093,2.087108,1.8714,85.8,60.0,62.0939,-5.22,0.488507,0.015542,0.008506,0.003702,0.003106,0.001977,0.001258,0.003161,0.002476,0.001624,0.002044,0.031815,0.017412,0.007578,0.006358,0.002575,0.005069,0.004184,0.000366,63.02,57.68,0.2107,0.003786,60.0
int_28_25,int_sim_28,INT_0028_2p_ab_cond28_83ms,28,train,Interruption,2,SCENARIO_CONTROLLER,phase-to-phase,"A,B",0.0016,0.0009,84.2,0.0472,0.1314,236,657,0.440036,0.918093,2.086406,1.8522,85.8,60.0,62.0939,-5.56,0.488668,0.01572,0.008359,0.003713,0.003186,0.001803,0.001378,0.003018,0.002466,0.001684,0.001953,0.032169,0.017106,0.007598,0.00652,0.00282,0.005046,0.003997,0.000368,63.02,57.68,0.2106,0.003798,60.0
int_28_26,int_sim_28,INT_0028_2p_ab_cond28_83ms,28,train,Interruption,2,SCENARIO_CONTROLLER,phase-to-phase,"A,B",0.0016,0.0009,84.2,0.0482,0.1324,241,662,0.440153,0.918093,2.085849,1.8785,85.8,60.0,62.0939,-5.84,0.488794,0.015978,0.00844,0.00347,0.003362,0.001917,0.00133,0.003202,0.002509,0.001555,0.002069,0.032689,0.017267,0.007099,0.006878,0.002721,0.005133,0.004233,0.000379,63.02,57.66,0.2105,0.003799,60.0
int_28_27,int_sim_28,INT_0028_2p_ab_cond28_83ms,28,train,Interruption,2,SCENARIO_CONTROLLER,phase-to-phase,"A,B",0.0016,0.0009,84.2,0.0492,0.1334,246,667,0.440194,0.918093,2.085655,1.9193,85.8,60.0,62.2763,-7.17,0.488835,0.016175,0.008757,0.003399,0.003126,0.002023,0.001254,0.002975,0.002426,0.001731,0.002029,0.033089,0.017914,0.006953,0.006395,0.002565,0.004963,0.004151,0.000387,63.02,57.67,0.2105,0.003781,60.0
int_28_28,int_sim_28,INT_0028_2p_ab_cond28_83ms,28,train,Interruption,2,SCENARIO_CONTROLLER,phase-to-phase,"A,B",0.0016,0.0009,84.2,0.0502,0.1344,251,672,0.440129,0.918093,2.085961,1.9496,85.8,60.0,62.1078,-5.87,0.488762,0.016151,0.008918,0.003666,0.003041,0.001782,0.00142,0.003174,0.002527,0.001598,0.001951,0.033045,0.018246,0.007501,0.006222,0.002905,0.00517,0.003992,0.000391,63.02,57.68,0.2105,0.003801,60.0
int_28_29,int_sim_28,INT_0028_2p_ab_cond28_83ms,28,train,Interruption,2,SCENARIO_CONTROLLER,phase-to-phase,"A,B",0.0016,0.0009,84.2,0.0512,0.1354,256,677,0.439996,0.918093,2.086592,1.9375,85.8,60.0,62.1078,-5.61,0.488614,0.015969,0.008801,0.003749,0.003263,0.001947,0.001232,0.003014,0.002413,0.001651,0.002066,0.032682,0.018012,0.007673,0.006678,0.002521,0.004938,0.004228,0.000384,63.02,57.68,0.2106,0.003797,60.0
int_28_30,int_sim_28,INT_0028_2p_ab_cond28_83ms,28,train,Interruption,2,SCENARIO_CONTROLLER,phase-to-phase,"A,B",0.0016,0.0009,84.2,0.0522,0.1364,261,682,0.439861,0.918093,2.087236,1.9064,85.8,60.0,62.1078,-5.39,0.488464,0.015793,0.00863,0.003604,0.003224,0.001951,0.00136,0.003116,0.002505,0.00166,0.002011,0.032332,0.017668,0.007378,0.0066,0.002784,0.005128,0.004117,0.000376,63.02,57.68,0.2107,0.003796,60.0
int_28_31,int_sim_28,INT_0028_2p_ab_cond28_83ms,28,train,Interruption,2,SCENARIO_CONTROLLER,phase-to-phase,"A,B",0.0016,0.0009,84.2,0.0532,0.1374,266,687,0.439804,0.918093,2.087502,1.896,85.8,60.0,62.1078,-5.33,0.488403,0.015742,0.008597,0.003563,0.003168,0.001899,0.001342,0.003096,0.002475,0.001652,0.002023,0.032232,0.017602,0.007295,0.006486,0.002748,0.005068,0.004142,0.000372,63.02,57.68,0.2107,0.003801,60.0
int_28_32,int_sim_28,INT_0028_2p_ab_cond28_83ms,28,train,Interruption,2,SCENARIO_CONTROLLER,phase-to-phase,"A,B",0.0016,0.0009,84.2,0.0542,0.1384,271,692,0.439839,0.918093,2.087337,1.8861,85.8,60.0,62.1078,-5.47,0.488441,0.015738,0.008564,0.003525,0.003131,0.001863,0.001315,0.003059,0.002448,0.001626,0.001999,0.032221,0.017533,0.007217,0.00641,0.002692,0.005012,0.004093,0.00037,63.02,57.68,0.2107,0.003802,60.0
int_29_01,int_sim_29,INT_0029_2p_ab_cond29_58ms,29,train,Interruption,2,SCENARIO_CONTROLLER,phase-to-phase,"A,B",0.0017,0.0011,59.6,0.0228,0.0824,114,412,0.523265,0.876616,1.675279,1.6964,59.2,60.0,59.7976,4.37,0.635416,0.010807,0.010288,0.006765,0.003011,0.001378,0.001133,0.003116,0.002297,0.00143,0.001616,0.017008,0.016191,0.010647,0.004739,0.001783,0.003615,0.002543,0.0003,61.71,42.4,0.1754,0.002186,60.0
int_29_02,int_sim_29,INT_0029_2p_ab_cond29_58ms,29,train,Interruption,2,SCENARIO_CONTROLLER,phase-to-phase,"A,B",0.0017,0.0011,59.6,0.0238,0.0834,119,417,0.523196,0.876616,1.6755,1.6641,59.2,60.0,59.7976,4.39,0.635334,0.010949,0.010006,0.006901,0.00326,0.001454,0.001017,0.003305,0.00241,0.001271,0.001586,0.017233,0.015749,0.010862,0.005131,0.001601,0.003793,0.002496,0.000302,61.71,42.41,0.1754,0.002188,60.0
int_29_03,int_sim_29,INT_0029_2p_ab_cond29_58ms,29,train,Interruption,2,SCENARIO_CONTROLLER,phase-to-phase,"A,B",0.0017,0.0011,59.6,0.0248,0.0844,124,422,0.523222,0.876616,1.675418,1.6364,59.2,60.0,59.8039,4.38,0.635367,0.011244,0.009813,0.006666,0.003282,0.001594,0.001023,0.003099,0.002264,0.0014,0.001712,0.017697,0.015445,0.010492,0.005166,0.00161,0.003563,0.002695,0.000301,61.71,42.4,0.1754,0.002188,60.0
int_29_04,int_sim_29,INT_0029_2p_ab_cond29_58ms,29,train,Interruption,2,SCENARIO_CONTROLLER,phase-to-phase,"A,B",0.0017,0.0011,59.6,0.0258,0.0854,129,427,0.52332,0.876616,1.675105,1.6428,59.2,60.0,59.8039,4.35,0.635485,0.011476,0.009918,0.006512,0.003061,0.001385,0.001113,0.003271,0.002397,0.001354,0.001617,0.018059,0.015607,0.010247,0.004817,0.001751,0.003772,0.002545,0.000306,61.7,42.38,0.1754,0.002186,60.0
int_29_05,int_sim_29,INT_0029_2p_ab_cond29_58ms,29,train,Interruption,2,SCENARIO_CONTROLLER,phase-to-phase,"A,B",0.0017,0.0011,59.6,0.0268,0.0864,134,432,0.52344,0.876616,1.67472,1.6717,59.2,60.0,59.8039,4.32,0.63563,0.011551,0.010103,0.006642,0.003142,0.00149,0.000985,0.003137,0.002281,0.00133,0.001627,0.018173,0.015894,0.010449,0.004943,0.00155,0.003589,0.00256,0.000312,61.7,42.36,0.1754,0.002185,60.0
int_29_06,int_sim_29,INT_0029_2p_ab_cond29_58ms,29,train,Interruption,2,SCENARIO_CONTROLLER,phase-to-phase,"A,B",0.0017,0.0011,59.6,0.0278,0.0874,139,437,0.523514,0.876616,1.674483,1.682,59.2,60.0,59.8039,4.29,0.635719,0.011524,0.010147,0.00671,0.003204,0.001511,0.001058,0.0032,0.00234,0.001361,0.001654,0.018128,0.015961,0.010555,0.00504,0.001664,0.003681,0.002602,0.000315,61.7,42.35,0.1753,0.002185,60.0
int_29_07,int_sim_29,INT_0029_2p_ab_cond29_58ms,29,train,Interruption,2,SCENARIO_CONTROLLER,phase-to-phase,"A,B",0.0017,0.0011,59.6,0.0288,0.0884,144,442,0.523492,0.876616,1.674553,1.6875,59.2,60.0,59.8039,4.3,0.635693,0.01155,0.010171,0.006736,0.003233,0.001522,0.001086,0.003226,0.002354,0.00138,0.001662,0.018169,0.016,0.010596,0.005086,0.001708,0.003703,0.002614,0.000317,61.7,42.35,0.1753,0.002185,60.0
int_29_08,int_sim_29,INT_0029_2p_ab_cond29_58ms,29,train,Interruption,2,SCENARIO_CONTROLLER,phase-to-phase,"A,B",0.0017,0.0011,59.6,0.0298,0.0894,149,447,0.523393,0.876616,1.674871,1.7036,59.2,60.0,59.8039,4.32,0.635574,0.011673,0.010289,0.006821,0.003221,0.001411,0.001002,0.003129,0.002303,0.001347,0.001693,0.018366,0.016189,0.010732,0.005068,0.001577,0.003623,0.002664,0.000322,61.7,42.38,0.1754,0.002186,60.0
int_29_09,int_sim_29,INT_0029_2p_ab_cond29_58ms,29,train,Interruption,2,SCENARIO_CONTROLLER,phase-to-phase,"A,B",0.0017,0.0011,59.6,0.0308,0.0904,154,452,0.523252,0.876616,1.675322,1.7011,59.2,60.0,59.8039,4.36,0.635405,0.011793,0.010327,0.006696,0.003016,0.001498,0.001046,0.003279,0.002399,0.001374,0.001601,0.01856,0.016253,0.010538,0.004747,0.001646,0.003776,0.00252,0.000324,61.71,42.4,0.1754,0.002186,60.0
int_29_10,int_sim_29,INT_0029_2p_ab_cond29_58ms,29,train,Interruption,2,SCENARIO_CONTROLLER,phase-to-phase,"A,B",0.0017,0.0011,59.6,0.0318,0.0914,159,457,0.523147,0.876616,1.67566,1.6723,59.2,60.0,59.8039,4.38,0.635281,0.011732,0.010078,0.00644,0.003171,0.001612,0.001116,0.003097,0.002313,0.00144,0.001732,0.018467,0.015864,0.010137,0.004991,0.001757,0.003641,0.002726,0.000315,61.71,42.43,0.1754,0.002186,60.0
int_29_11,int_sim_29,INT_0029_2p_ab_cond29_58ms,29,train,Interruption,2,SCENARIO_CONTROLLER,phase-to-phase,"A,B",0.0017,0.0011,59.6,0.0328,0.0924,164,462,0.523139,0.876616,1.675685,1.6371,59.2,60.0,59.7917,4.37,0.635274,0.011475,0.009801,0.006579,0.003351,0.001348,0.000931,0.003264,0.002361,0.001292,0.001704,0.018063,0.015428,0.010356,0.005275,0.001466,0.003717,0.002682,0.000306,61.71,42.42,0.1754,0.002185,60.0
int_29_12,int_sim_29,INT_0029_2p_ab_cond29_58ms,29,train,Interruption,2,SCENARIO_CONTROLLER,phase-to-phase,"A,B",0.0017,0.0011,59.6,0.0338,0.0934,169,467,0.523234,0.876616,1.675379,1.6305,59.2,60.0,59.7917,4.35,0.635391,0.011141,0.009819,0.006867,0.003086,0.001563,0.001179,0.003124,0.002348,0.001469,0.001606,0.017534,0.015453,0.010808,0.004857,0.001856,0.003695,0.002528,0.000301,61.71,42.4,0.1754,0.002184,60.0
int_29_13,int_sim_29,INT_0029_2p_ab_cond29_58ms,29,train,Interruption,2,SCENARIO_CONTROLLER,phase-to-phase,"A,B",0.0017,0.0011,59.6,0.0348,0.0944,174,472,0.523377,0.876616,1.674922,1.6602,59.2,60.0,59.7917,4.31,0.635564,0.01097,0.010051,0.006797,0.003052,0.001569,0.000995,0.003208,0.002325,0.001348,0.001728,0.01726,0.015814,0.010694,0.004802,0.001566,0.003658,0.002719,0.000301,61.7,42.39,0.1753,0.002182,60.0
int_29_14,int_sim_29,INT_0029_2p_ab_cond29_58ms,29,train,Interruption,2,SCENARIO_CONTROLLER,phase-to-phase,"A,B",0.0017,0.0011,59.6,0.0358,0.0954,179,477,0.523496,0.876616,1.67454,1.685,59.2,60.0,59.7917,4.28,0.635708,0.010972,0.01017,0.006649,0.003192,0.001454,0.001061,0.003185,0.002343,0.001397,0.001677,0.017259,0.015998,0.010459,0.005021,0.001669,0.003686,0.002638,0.000302,61.7,42.36,0.1753,0.002182,60.0
int_29_15,int_sim_29,INT_0029_2p_ab_cond29_58ms,29,train,Interruption,2,SCENARIO_CONTROLLER,phase-to-phase,"A,B",0.0017,0.0011,59.6,0.0368,0.0964,184,482,0.523535,0.876616,1.674415,1.6836,59.2,60.0,59.7917,4.27,0.635755,0.011002,0.010164,0.006646,0.003183,0.001491,0.001069,0.003175,0.002338,0.001384,0.001681,0.017305,0.015987,0.010454,0.005007,0.001681,0.003678,0.002644,0.000302,61.7,42.36,0.1753,0.002182,60.0
int_29_16,int_sim_29,INT_0029_2p_ab_cond29_58ms,29,train,Interruption,2,SCENARIO_CONTROLLER,phase-to-phase,"A,B",0.0017,0.0011,59.6,0.0378,0.0974,189,487,0.523477,0.876616,1.674601,1.6959,59.2,60.0,59.7917,4.29,0.635685,0.010929,0.010235,0.00658,0.003215,0.001536,0.001064,0.003205,0.002288,0.001431,0.001647,0.017192,0.016101,0.010351,0.005058,0.001674,0.003599,0.002591,0.000302,61.7,42.36,0.1753,0.002183,60.0
int_29_17,int_sim_29,INT_0029_2p_ab_cond29_58ms,29,train,Interruption,2,SCENARIO_CONTROLLER,phase-to-phase,"A,B",0.0017,0.0011,59.6,0.0388,0.0984,194,492,0.523353,0.876616,1.674998,1.7015,59.2,60.0,59.7917,4.33,0.635536,0.010796,0.010326,0.006604,0.003059,0.001583,0.00098,0.003183,0.002403,0.00133,0.001677,0.016987,0.016248,0.010391,0.004813,0.001542,0.003781,0.002639,0.0003,61.7,42.4,0.1753,0.002187,60.0
int_29_18,int_sim_29,INT_0029_2p_ab_cond29_58ms,29,train,Interruption,2,SCENARIO_CONTROLLER,phase-to-phase,"A,B",0.0017,0.0011,59.6,0.0398,0.0994,199,497,0.523246,0.876616,1.675341,1.6837,59.2,60.0,59.7917,4.36,0.635409,0.010792,0.01019,0.006841,0.00305,0.001386,0.001154,0.003189,0.002249,0.001424,0.001745,0.016984,0.016037,0.010766,0.0048,0.001816,0.003539,0.002746,0.0003,61.71,42.4,0.1754,0.002186,60.0
int_29_19,int_sim_29,INT_0029_2p_ab_cond29_58ms,29,train,Interruption,2,SCENARIO_CONTROLLER,phase-to-phase,"A,B",0.0017,0.0011,59.6,0.0408,0.1004,204,502,0.523208,0.876616,1.675462,1.6495,59.2,60.0,59.7984,4.38,0.635365,0.010994,0.009902,0.006852,0.003305,0.001601,0.000929,0.003226,0.00243,0.001383,0.001609,0.017303,0.015585,0.010784,0.005202,0.001462,0.003825,0.002532,0.000301,61.71,42.41,0.1754,0.002189,60.0
int_29_20,int_sim_29,INT_0029_2p_ab_cond29_58ms,29,train,Interruption,2,SCENARIO_CONTROLLER,phase-to-phase,"A,B",0.0017,0.0011,59.6,0.0418,0.1014,209,507,0.52326,0.876616,1.675297,1.6331,59.2,60.0,59.7984,4.36,0.635428,0.011269,0.009814,0.006597,0.003189,0.001577,0.001094,0.003157,0.00227,0.001339,0.001696,0.017735,0.015445,0.010382,0.005019,0.001722,0.003572,0.002669,0.0003,61.71,42.39,0.1754,0.002189,60.0
int_29_21,int_sim_29,INT_0029_2p_ab_cond29_58ms,29,train,Interruption,2,SCENARIO_CONTROLLER,phase-to-phase,"A,B",0.0017,0.0011,59.6,0.0428,0.1024,214,512,0.523378,0.876616,1.674919,1.6506,59.2,60.0,59.7984,4.32,0.635571,0.011465,0.00999,0.006548,0.003032,0.001425,0.001029,0.003243,0.0024,0.001445,0.001724,0.018039,0.015718,0.010303,0.004771,0.001619,0.003776,0.002713,0.000308,61.7,42.38,0.1753,0.002185,60.0
int_29_22,int_sim_29,INT_0029_2p_ab_cond29_58ms,29,train,Interruption,2,SCENARIO_CONTROLLER,phase-to-phase,"A,B",0.0017,0.0011,59.6,0.0438,0.1034,219,517,0.523489,0.876616,1.674563,1.6775,59.2,60.0,59.7984,4.29,0.635705,0.011493,0.010136,0.006692,0.003159,0.001558,0.000997,0.003167,0.002324,0.001357,0.001655,0.018079,0.015945,0.010527,0.004969,0.001568,0.003656,0.002603,0.000313,61.7,42.36,0.1753,0.002186,60.0
int_29_23,int_sim_29,INT_0029_2p_ab_cond29_58ms,29,train,Interruption,2,SCENARIO_CONTROLLER,phase-to-phase,"A,B",0.0017,0.0011,59.6,0.0448,0.1044,224,522,0.523529,0.876616,1.674436,1.6809,59.2,60.0,59.7984,4.27,0.635753,0.011472,0.010149,0.006718,0.003179,0.001549,0.001036,0.003207,0.00236,0.001394,0.001689,0.018045,0.015964,0.010567,0.005,0.00163,0.003712,0.002657,0.000314,61.7,42.36,0.1753,0.002184,60.0
int_29_24,int_sim_29,INT_0029_2p_ab_cond29_58ms,29,train,Interruption,2,SCENARIO_CONTROLLER,phase-to-phase,"A,B",0.0017,0.0011,59.6,0.0458,0.1054,229,527,0.523482,0.876616,1.674587,1.6917,59.2,60.0,59.7984,4.29,0.635696,0.011529,0.010205,0.006774,0.003223,0.001537,0.001062,0.003215,0.002334,0.00137,0.001652,0.018136,0.016053,0.010656,0.00507,0.001671,0.003672,0.002599,0.000317,61.7,42.37,0.1753,0.002183,60.0
int_29_25,int_sim_29,INT_0029_2p_ab_cond29_58ms,29,train,Interruption,2,SCENARIO_CONTROLLER,phase-to-phase,"A,B",0.0017,0.0011,59.6,0.0468,0.1064,234,532,0.523345,0.876616,1.675024,1.7073,59.2,60.0,59.7984,4.32,0.635533,0.01169,0.010348,0.00684,0.003132,0.001399,0.000915,0.003114,0.002361,0.001421,0.001743,0.018394,0.016282,0.010763,0.004928,0.00144,0.003715,0.002743,0.000323,61.7,42.38,0.1753,0.002185,60.0
int_29_26,int_sim_29,INT_0029_2p_ab_cond29_58ms,29,train,Interruption,2,SCENARIO_CONTROLLER,phase-to-phase,"A,B",0.0017,0.0011,59.6,0.0478,0.1074,239,537,0.523208,0.876616,1.675462,1.6951,59.2,60.0,59.7984,4.35,0.63537,0.011763,0.010289,0.006612,0.002987,0.001614,0.001104,0.003264,0.002277,0.001287,0.001672,0.018514,0.016194,0.010407,0.004701,0.001738,0.003584,0.002632,0.000321,61.71,42.43,0.1754,0.002188,60.0
int_29_27,int_sim_29,INT_0029_2p_ab_cond29_58ms,29,train,Interruption,2,SCENARIO_CONTROLLER,phase-to-phase,"A,B",0.0017,0.0011,59.6,0.0488,0.1084,244,542,0.523135,0.876616,1.675695,1.6614,59.2,60.0,59.7984,4.37,0.635285,0.011632,0.009995,0.006459,0.003244,0.001548,0.000992,0.003069,0.002386,0.001443,0.001651,0.01831,0.015733,0.010167,0.005106,0.001562,0.003756,0.002599,0.000311,61.71,42.41,0.1754,0.002183,60.0
int_29_28,int_sim_29,INT_0029_2p_ab_cond29_58ms,29,train,Interruption,2,SCENARIO_CONTROLLER,phase-to-phase,"A,B",0.0017,0.0011,59.6,0.0498,0.1094,249,547,0.523165,0.876616,1.675599,1.6307,59.2,60.0,59.7975,4.36,0.635324,0.011315,0.00978,0.006728,0.003266,0.001384,0.001003,0.0033,0.002218,0.001308,0.001798,0.01781,0.015394,0.01059,0.005141,0.001579,0.003491,0.00283,0.000303,61.71,42.42,0.1754,0.002189,60.0
int_29_29,int_sim_29,INT_0029_2p_ab_cond29_58ms,29,train,Interruption,2,SCENARIO_CONTROLLER,phase-to-phase,"A,B",0.0017,0.0011,59.6,0.0508,0.1104,254,552,0.523282,0.876616,1.675226,1.6379,59.2,60.0,59.7975,4.33,0.635466,0.011027,0.009904,0.006908,0.002999,0.001636,0.001117,0.003087,0.002381,0.001361,0.001672,0.017353,0.015585,0.010871,0.004719,0.001758,0.003747,0.002631,0.0003,61.7,42.39,0.1754,0.002184,60.0
int_29_30,int_sim_29,INT_0029_2p_ab_cond29_58ms,29,train,Interruption,2,SCENARIO_CONTROLLER,phase-to-phase,"A,B",0.0017,0.0011,59.6,0.0518,0.1114,259,557,0.523422,0.876616,1.674778,1.6714,59.2,60.0,59.7975,4.3,0.635636,0.010922,0.010121,0.006766,0.003084,0.001524,0.000962,0.003237,0.002257,0.001376,0.0017,0.017183,0.015923,0.010644,0.004852,0.001513,0.003551,0.002674,0.000301,61.7,42.37,0.1754,0.002185,60.0
int_29_31,int_sim_29,INT_0029_2p_ab_cond29_58ms,29,train,Interruption,2,SCENARIO_CONTROLLER,phase-to-phase,"A,B",0.0017,0.0011,59.6,0.0528,0.1124,264,562,0.523523,0.876616,1.674456,1.685,59.2,60.0,59.7975,4.27,0.635757,0.010956,0.010179,0.006672,0.003167,0.001496,0.001062,0.00315,0.002339,0.001326,0.001741,0.017233,0.016011,0.010495,0.004981,0.00167,0.003679,0.002738,0.000302,61.7,42.36,0.1753,0.002185,60.0
int_29_32,int_sim_29,INT_0029_2p_ab_cond29_58ms,29,train,Interruption,2,SCENARIO_CONTROLLER,phase-to-phase,"A,B",0.0017,0.0011,59.6,0.0538,0.1134,269,567,0.52353,0.876616,1.674434,1.6849,59.2,60.0,59.7975,4.28,0.635766,0.010961,0.010179,0.00667,0.003165,0.001508,0.001063,0.003151,0.002331,0.001329,0.001733,0.017241,0.016011,0.010491,0.004978,0.001672,0.003666,0.002726,0.000302,61.7,42.36,0.1753,0.002185,60.0
int_30_01,int_sim_30,INT_0030_2p_ab_cond30_103ms,30,train,Interruption,2,SCENARIO_CONTROLLER,phase-to-phase,"A,B",0.0018,0.001,101.4,0.026,0.1274,130,637,0.409422,0.827278,2.020599,1.9914,102.6,60.0,53.2142,-4.37,0.420307,0.012203,0.007927,0.003218,0.002035,0.001844,0.001757,0.002243,0.001966,0.002042,0.001752,0.029034,0.01886,0.007656,0.004842,0.00418,0.004678,0.004168,0.000249,62.64,58.5,0.2228,0.003841,60.0
int_30_02,int_sim_30,INT_0030_2p_ab_cond30_103ms,30,train,Interruption,2,SCENARIO_CONTROLLER,phase-to-phase,"A,B",0.0018,0.001,101.4,0.027,0.1284,135,642,0.409342,0.827278,2.020995,1.9689,102.6,60.0,53.2142,-4.48,0.420225,0.012307,0.007828,0.003315,0.001977,0.001858,0.001809,0.002179,0.002031,0.001987,0.00179,0.029287,0.018628,0.007889,0.004705,0.004305,0.004833,0.00426,0.00025,62.64,58.51,0.2228,0.003836,60.0
int_30_03,int_sim_30,INT_0030_2p_ab_cond30_103ms,30,train,Interruption,2,SCENARIO_CONTROLLER,phase-to-phase,"A,B",0.0018,0.001,101.4,0.028,0.1294,140,647,0.409304,0.827278,2.021183,1.9641,102.6,60.0,53.2142,-4.38,0.420186,0.012337,0.007818,0.003316,0.001955,0.001882,0.00178,0.002205,0.002008,0.002007,0.001772,0.029361,0.018606,0.007892,0.004653,0.004236,0.004779,0.004217,0.000251,62.64,58.51,0.2228,0.003838,60.0
int_30_04,int_sim_30,INT_0030_2p_ab_cond30_103ms,30,train,Interruption,2,SCENARIO_CONTROLLER,phase-to-phase,"A,B",0.0018,0.001,101.4,0.029,0.1304,145,652,0.409338,0.827278,2.021012,1.9533,102.6,60.0,53.2142,-4.08,0.420221,0.012341,0.007785,0.003348,0.001922,0.00191,0.001752,0.002222,0.002003,0.001998,0.00179,0.029368,0.018526,0.007967,0.004574,0.004169,0.004767,0.00426,0.000251,62.64,58.51,0.2228,0.003839,60.0
int_30_05,int_sim_30,INT_0030_2p_ab_cond30_103ms,30,train,Interruption,2,SCENARIO_CONTROLLER,phase-to-phase,"A,B",0.0018,0.001,101.4,0.03,0.1314,150,657,0.409302,0.823307,2.01149,1.0114,102.6,60.0,50.2173,-24.69,0.415009,0.005937,0.00386,0.002639,0.00163,0.000803,0.000249,0.000763,0.00061,0.000243,0.000263,0.014306,0.009301,0.006359,0.003928,0.0006,0.00147,0.000634,6.2e-05,59.18,11.66,0.2234,5.4e-05,60.0
int_30_06,int_sim_30,INT_0030_2p_ab_cond30_103ms,30,train,Interruption,2,SCENARIO_CONTROLLER,phase-to-phase,"A,B",0.0018,0.001,101.4,0.031,0.1324,155,662,0.409287,0.823307,2.011562,1.013,102.6,60.0,50.2173,-24.53,0.414994,0.005948,0.003872,0.002627,0.001618,0.000815,0.000255,0.000751,0.000606,0.000244,0.000278,0.014333,0.00933,0.00633,0.003899,0.000614,0.00146,0.00067,6.2e-05,59.18,11.65,0.2234,5.4e-05,60.0
int_30_07,int_sim_30,INT_0030_2p_ab_cond30_103ms,30,train,Interruption,2,SCENARIO_CONTROLLER,phase-to-phase,"A,B",0.0018,0.001,101.4,0.032,0.1334,160,667,0.409354,0.823307,2.011234,1.0025,102.6,60.0,50.2173,-24.22,0.415061,0.005967,0.003827,0.002566,0.001606,0.000859,0.000298,0.000701,0.00056,0.000203,0.000248,0.014376,0.00922,0.006182,0.003869,0.000718,0.001349,0.000598,6.1e-05,59.18,11.67,0.2234,5.5e-05,60.0
int_30_08,int_sim_30,INT_0030_2p_ab_cond30_103ms,30,train,Interruption,2,SCENARIO_CONTROLLER,phase-to-phase,"A,B",0.0018,0.001,101.4,0.033,0.1344,165,672,0.409467,0.823307,2.010677,1.0012,102.6,60.0,50.2173,-23.87,0.415177,0.006075,0.003866,0.002511,0.001498,0.000762,0.000292,0.000785,0.000638,0.000264,0.000304,0.014632,0.009312,0.006048,0.003608,0.000703,0.001537,0.000732,6.2e-05,59.19,11.71,0.2233,5.6e-05,60.0
int_30_09,int_sim_30,INT_0030_2p_ab_cond30_103ms,30,train,Interruption,2,SCENARIO_CONTROLLER,phase-to-phase,"A,B",0.0018,0.001,101.4,0.034,0.1354,170,677,0.409543,0.827278,2.020003,2.0006,102.6,60.0,53.2139,-3.28,0.42042,0.01266,0.007981,0.003421,0.002013,0.001857,0.001732,0.002135,0.001973,0.002013,0.001824,0.030113,0.018983,0.008137,0.004788,0.00412,0.004693,0.004339,0.000262,62.64,58.48,0.2228,0.003832,60.0
int_30_10,int_sim_30,INT_0030_2p_ab_cond30_103ms,30,train,Interruption,2,SCENARIO_CONTROLLER,phase-to-phase,"A,B",0.0018,0.001,101.4,0.035,0.1364,175,682,0.409436,0.827278,2.020531,1.9728,102.6,60.0,53.2139,-3.49,0.420311,0.012509,0.00783,0.003286,0.002004,0.00193,0.001854,0.002233,0.002024,0.002016,0.001789,0.029761,0.018629,0.007818,0.004768,0.004411,0.004815,0.004256,0.000256,62.64,58.5,0.2228,0.003841,60.0
int_30_11,int_sim_30,INT_0030_2p_ab_cond30_103ms,30,train,Interruption,2,SCENARIO_CONTROLLER,phase-to-phase,"A,B",0.0018,0.001,101.4,0.036,0.1374,180,687,0.409337,0.827278,2.021018,1.9512,102.6,60.0,53.2139,-3.57,0.42021,0.012412,0.007771,0.00324,0.001914,0.001841,0.001781,0.002171,0.001975,0.001979,0.001763,0.029538,0.018493,0.00771,0.004555,0.004238,0.0047,0.004196,0.000251,62.64,58.51,0.2229,0.003839,60.0
int_30_12,int_sim_30,INT_0030_2p_ab_cond30_103ms,30,train,Interruption,2,SCENARIO_CONTROLLER,phase-to-phase,"A,B",0.0018,0.001,101.4,0.037,0.1384,185,692,0.409323,0.827278,2.021089,1.9509,102.6,60.0,53.2139,-3.44,0.420196,0.012403,0.007772,0.003246,0.001912,0.001838,0.001773,0.002165,0.001972,0.001979,0.001766,0.029517,0.018496,0.007725,0.00455,0.004219,0.004693,0.004203,0.000251,62.64,58.51,0.2229,0.003838,60.0
int_30_13,int_sim_30,INT_0030_2p_ab_cond30_103ms,30,train,Interruption,2,SCENARIO_CONTROLLER,phase-to-phase,"A,B",0.0018,0.001,101.4,0.038,0.1394,190,697,0.409359,0.827278,2.02091,1.9432,102.6,60.0,53.2139,-3.12,0.420232,0.012381,0.007735,0.003236,0.001906,0.001852,0.001793,0.002198,0.002001,0.001991,0.001758,0.029462,0.018406,0.007701,0.004536,0.004267,0.004762,0.004183,0.00025,62.64,58.5,0.2229,0.003837,60.0
int_30_14,int_sim_30,INT_0030_2p_ab_cond30_103ms,30,train,Interruption,2,SCENARIO_CONTROLLER,phase-to-phase,"A,B",0.0018,0.001,101.4,0.039,0.1404,195,702,0.409309,0.823307,2.011456,1.0101,102.6,60.0,50.2336,-23.25,0.415028,0.006006,0.003859,0.002664,0.001615,0.000789,0.000275,0.000734,0.000588,0.000212,0.000279,0.014471,0.009298,0.006419,0.003891,0.000663,0.001417,0.000672,6.2e-05,59.18,11.67,0.2234,5.3e-05,60.0
int_30_15,int_sim_30,INT_0030_2p_ab_cond30_103ms,30,train,Interruption,2,SCENARIO_CONTROLLER,phase-to-phase,"A,B",0.0018,0.001,101.4,0.04,0.1414,200,707,0.409259,0.823307,2.011701,1.018,102.6,60.0,50.2336,-23.1,0.414978,0.005996,0.003906,0.002644,0.001582,0.000823,0.000297,0.000737,0.000574,0.000225,0.000251,0.014449,0.009413,0.006371,0.003812,0.000716,0.001383,0.000605,6.2e-05,59.18,11.64,0.2235,5.2e-05,60.0
int_30_16,int_sim_30,INT_0030_2p_ab_cond30_103ms,30,train,Interruption,2,SCENARIO_CONTROLLER,phase-to-phase,"A,B",0.0018,0.001,101.4,0.041,0.1424,205,712,0.409298,0.823307,2.011509,1.0157,102.6,60.0,50.2336,-22.85,0.415018,0.005965,0.003911,0.002671,0.001543,0.000851,0.000306,0.000713,0.000601,0.000199,0.000275,0.014373,0.009424,0.006436,0.003718,0.000737,0.001448,0.000663,6.2e-05,59.18,11.67,0.2234,5.4e-05,60.0
int_30_17,int_sim_30,INT_0030_2p_ab_cond30_103ms,30,train,Interruption,2,SCENARIO_CONTROLLER,phase-to-phase,"A,B",0.0018,0.001,101.4,0.042,0.1434,210,717,0.409379,0.823307,2.011109,1.0382,102.6,60.0,50.2336,-22.58,0.4151,0.005851,0.004011,0.002613,0.00156,0.000883,0.000226,0.000738,0.000549,0.000258,0.000224,0.014095,0.009663,0.006295,0.003758,0.000544,0.001323,0.00054,6.1e-05,59.18,11.67,0.2234,5.3e-05,60.0
int_30_18,int_sim_30,INT_0030_2p_ab_cond30_103ms,30,train,Interruption,2,SCENARIO_CONTROLLER,phase-to-phase,"A,B",0.0018,0.001,101.4,0.043,0.1444,215,722,0.409413,0.827278,2.020641,1.9801,102.6,60.0,53.2111,-2.83,0.42028,0.01224,0.007869,0.003259,0.002012,0.001801,0.001813,0.002173,0.001957,0.002005,0.001725,0.029123,0.018723,0.007754,0.004787,0.004314,0.004656,0.004104,0.000248,62.64,58.5,0.2228,0.003835,60.0
int_30_19,int_sim_30,INT_0030_2p_ab_cond30_103ms,30,train,Interruption,2,SCENARIO_CONTROLLER,phase-to-phase,"A,B",0.0018,0.001,101.4,0.044,0.1454,220,727,0.409337,0.827278,2.021018,1.959,102.6,60.0,53.2111,-3.05,0.420202,0.012328,0.007795,0.00333,0.001935,0.001858,0.001805,0.002165,0.00198,0.001973,0.00176,0.029338,0.018551,0.007925,0.004605,0.004296,0.004712,0.004188,0.00025,62.64,58.51,0.2229,0.003838,60.0
int_30_20,int_sim_30,INT_0030_2p_ab_cond30_103ms,30,train,Interruption,2,SCENARIO_CONTROLLER,phase-to-phase,"A,B",0.0018,0.001,101.4,0.045,0.1464,225,732,0.409308,0.827278,2.021164,1.9577,102.6,60.0,53.2111,-3.1,0.420172,0.012347,0.007794,0.003321,0.001928,0.001867,0.001787,0.00218,0.001966,0.001985,0.00175,0.029386,0.01855,0.007904,0.004589,0.004253,0.004679,0.004165,0.00025,62.64,58.51,0.2229,0.00384,60.0
int_30_21,int_sim_30,INT_0030_2p_ab_cond30_103ms,30,train,Interruption,2,SCENARIO_CONTROLLER,phase-to-phase,"A,B",0.0018,0.001,101.4,0.046,0.1474,230,737,0.409323,0.823307,2.011384,1.0155,102.6,60.0,50.22,-23.07,0.415047,0.005879,0.003888,0.002663,0.0016,0.000802,0.000299,0.000714,0.000565,0.000196,0.00027,0.014165,0.009368,0.006416,0.003855,0.00072,0.001361,0.000651,6.1e-05,59.18,11.66,0.2234,5.5e-05,60.0
int_30_22,int_sim_30,INT_0030_2p_ab_cond30_103ms,30,train,Interruption,2,SCENARIO_CONTROLLER,phase-to-phase,"A,B",0.0018,0.001,101.4,0.047,0.1484,235,742,0.409267,0.823307,2.011661,1.0196,102.6,60.0,50.22,-23.25,0.414991,0.005937,0.003906,0.002602,0.001605,0.000854,0.000259,0.000746,0.000608,0.000231,0.000254,0.014306,0.009412,0.00627,0.003868,0.000624,0.001465,0.000612,6.2e-05,59.18,11.64,0.2234,5.5e-05,60.0
int_30_23,int_sim_30,INT_0030_2p_ab_cond30_103ms,30,train,Interruption,2,SCENARIO_CONTROLLER,phase-to-phase,"A,B",0.0018,0.001,101.4,0.048,0.1494,240,747,0.409288,0.823307,2.011559,1.0162,102.6,60.0,50.22,-23.3,0.415012,0.005935,0.003886,0.002591,0.001619,0.000875,0.000251,0.000744,0.000612,0.000234,0.000274,0.014301,0.009364,0.006243,0.003901,0.000605,0.001475,0.00066,6.2e-05,59.18,11.63,0.2234,5.4e-05,60.0
int_30_24,int_sim_30,INT_0030_2p_ab_cond30_103ms,30,train,Interruption,2,SCENARIO_CONTROLLER,phase-to-phase,"A,B",0.0018,0.001,101.4,0.049,0.1504,245,752,0.409381,0.823307,2.0111,1.0038,102.6,60.0,50.22,-23.22,0.415106,0.005985,0.003852,0.002501,0.001554,0.000886,0.000325,0.000714,0.00059,0.000242,0.000245,0.014418,0.00928,0.006025,0.003744,0.000783,0.001421,0.00059,6.1e-05,59.18,11.67,0.2234,5.6e-05,60.0
int_30_25,int_sim_30,INT_0030_2p_ab_cond30_103ms,30,train,Interruption,2,SCENARIO_CONTROLLER,phase-to-phase,"A,B",0.0018,0.001,101.4,0.05,0.1514,250,757,0.409509,0.823307,2.010471,1.019,102.6,60.0,50.22,-23.05,0.415237,0.006139,0.003957,0.002513,0.001482,0.000762,0.000221,0.000793,0.000625,0.000207,0.000245,0.014784,0.009529,0.006052,0.003569,0.000532,0.001505,0.00059,6.4e-05,59.18,11.71,0.2233,5.6e-05,60.0
int_30_26,int_sim_30,INT_0030_2p_ab_cond30_103ms,30,train,Interruption,2,SCENARIO_CONTROLLER,phase-to-phase,"A,B",0.0018,0.001,101.4,0.051,0.1524,255,762,0.409494,0.827278,2.020242,1.9901,102.6,60.0,53.2189,-2.53,0.420354,0.012611,0.007923,0.00338,0.002035,0.001914,0.001749,0.002097,0.001936,0.001939,0.00175,0.030001,0.018848,0.008041,0.004841,0.004161,0.004606,0.004163,0.000259,62.64,58.49,0.2229,0.003838,60.0
int_30_27,int_sim_30,INT_0030_2p_ab_cond30_103ms,30,train,Interruption,2,SCENARIO_CONTROLLER,phase-to-phase,"A,B",0.0018,0.001,101.4,0.052,0.1534,260,767,0.409392,0.827278,2.020747,1.9611,102.6,60.0,53.2189,-2.85,0.42025,0.012479,0.007799,0.003258,0.001957,0.00189,0.001806,0.002171,0.002015,0.002008,0.001802,0.029694,0.018558,0.007753,0.004657,0.004297,0.004795,0.004288,0.000254,62.64,58.5,0.2229,0.003838,60.0
int_30_28,int_sim_30,INT_0030_2p_ab_cond30_103ms,30,train,Interruption,2,SCENARIO_CONTROLLER,phase-to-phase,"A,B",0.0018,0.001,101.4,0.053,0.1544,265,772,0.409331,0.827278,2.021048,1.9527,102.6,60.0,53.2189,-3.07,0.420188,0.012429,0.007782,0.003254,0.001919,0.001847,0.001756,0.002124,0.001971,0.001969,0.001766,0.02958,0.01852,0.007744,0.004567,0.004179,0.004691,0.004203,0.000251,62.64,58.51,0.2229,0.00384,60.0
int_30_29,int_sim_30,INT_0030_2p_ab_cond30_103ms,30,train,Interruption,2,SCENARIO_CONTROLLER,phase-to-phase,"A,B",0.0018,0.001,101.4,0.054,0.1554,270,777,0.409334,0.827278,2.021031,1.9503,102.6,60.0,53.2189,-3.08,0.420192,0.012424,0.007774,0.003251,0.001913,0.001844,0.001751,0.002127,0.001981,0.001985,0.001787,0.029567,0.018501,0.007737,0.004553,0.004167,0.004715,0.004253,0.000251,62.64,58.51,0.2229,0.00384,60.0
int_30_30,int_sim_30,INT_0030_2p_ab_cond30_103ms,30,train,Interruption,2,SCENARIO_CONTROLLER,phase-to-phase,"A,B",0.0018,0.001,101.4,0.055,0.1564,275,782,0.409356,0.823307,2.011222,1.006,102.6,60.0,50.2323,-23.09,0.415095,0.006028,0.003833,0.002596,0.001643,0.000848,0.000218,0.000696,0.000616,0.000225,0.000243,0.014522,0.009234,0.006254,0.003958,0.000525,0.001484,0.000585,6.2e-05,59.18,11.69,0.2234,5.4e-05,60.0
int_30_31,int_sim_30,INT_0030_2p_ab_cond30_103ms,30,train,Interruption,2,SCENARIO_CONTROLLER,phase-to-phase,"A,B",0.0018,0.001,101.4,0.056,0.1574,280,787,0.409276,0.823307,2.011618,1.0165,102.6,60.0,50.2323,-23.3,0.415014,0.005977,0.003904,0.00263,0.001576,0.000819,0.000268,0.000751,0.000581,0.000251,0.000272,0.014402,0.009407,0.006337,0.003797,0.000646,0.0014,0.000655,6.2e-05,59.18,11.67,0.2234,5.4e-05,60.0
int_30_32,int_sim_30,INT_0030_2p_ab_cond30_103ms,30,train,Interruption,2,SCENARIO_CONTROLLER,phase-to-phase,"A,B",0.0018,0.001,101.4,0.057,0.1584,285,792,0.409258,0.823307,2.011706,1.0195,102.6,60.0,50.2323,-23.36,0.414996,0.005975,0.003921,0.002619,0.001566,0.000838,0.000271,0.000743,0.000586,0.00024,0.000262,0.014398,0.009448,0.006311,0.003774,0.000653,0.001412,0.000631,6.2e-05,59.18,11.66,0.2234,5.3e-05,60.0
int_31_01,int_sim_31,INT_0031_2p_bc_cond31_70ms,31,test,Interruption,2,SCENARIO_CONTROLLER,phase-to-phase,"B,C",0.0017,0.001,68.6,0.023,0.0916,115,458,0.465795,0.83334,1.789069,0.9415,74.8,60.0,52.0654,-12.9,0.54201,0.003036,0.003906,0.003777,0.002875,0.001368,0.001588,0.00162,0.001748,0.00184,0.001672,0.005601,0.007207,0.006969,0.005304,0.00293,0.003225,0.003085,6.3e-05,61.37,37.39,0.1922,0.001668,60.0
int_31_02,int_sim_31,INT_0031_2p_bc_cond31_70ms,31,test,Interruption,2,SCENARIO_CONTROLLER,phase-to-phase,"B,C",0.0017,0.001,68.6,0.024,0.0926,120,463,0.465732,0.83334,1.789313,0.9286,74.8,60.0,52.0654,-12.02,0.541937,0.003069,0.003865,0.003819,0.002829,0.001421,0.001544,0.001652,0.00175,0.001845,0.001698,0.005663,0.007132,0.007047,0.00522,0.002849,0.003229,0.003133,6.3e-05,61.37,37.4,0.1922,0.001668,60.0
int_31_03,int_sim_31,INT_0031_2p_bc_cond31_70ms,31,test,Interruption,2,SCENARIO_CONTROLLER,phase-to-phase,"B,C",0.0017,0.001,68.6,0.025,0.0936,125,468,0.465636,0.83334,1.789681,0.9497,74.8,60.0,52.0654,-11.35,0.541827,0.00304,0.003928,0.003728,0.002937,0.001316,0.001558,0.001631,0.001742,0.001816,0.001689,0.005611,0.00725,0.00688,0.005421,0.002875,0.003215,0.003117,6.3e-05,61.37,37.41,0.1922,0.00167,60.0
int_31_04,int_sim_31,INT_0031_2p_bc_cond31_70ms,31,test,Interruption,2,SCENARIO_CONTROLLER,phase-to-phase,"B,C",0.0017,0.001,68.6,0.026,0.0946,130,473,0.465557,0.83334,1.789984,0.9827,74.8,60.0,52.0654,-10.98,0.541737,0.002894,0.004107,0.003595,0.002978,0.001353,0.001613,0.001642,0.001725,0.001903,0.00162,0.005342,0.007581,0.006636,0.005497,0.002977,0.003184,0.00299,6.3e-05,61.37,37.42,0.1922,0.00167,60.0
int_31_05,int_sim_31,INT_0031_2p_bc_cond31_70ms,31,test,Interruption,2,SCENARIO_CONTROLLER,phase-to-phase,"B,C",0.0017,0.001,68.6,0.027,0.0956,135,478,0.465532,0.83334,1.790082,0.9697,74.8,60.0,52.063,-10.89,0.541709,0.002688,0.004194,0.003706,0.002796,0.001464,0.001479,0.001665,0.001757,0.001794,0.001712,0.004962,0.007742,0.006841,0.005161,0.00273,0.003243,0.00316,6.3e-05,61.37,37.43,0.1922,0.001669,60.0
int_31_06,int_sim_31,INT_0031_2p_bc_cond31_70ms,31,test,Interruption,2,SCENARIO_CONTROLLER,phase-to-phase,"B,C",0.0017,0.001,68.6,0.028,0.0966,140,483,0.465573,0.83334,1.789922,0.9663,74.8,60.0,52.063,-10.94,0.541758,0.002549,0.004078,0.003872,0.002845,0.001294,0.001638,0.001616,0.001702,0.001899,0.00166,0.004705,0.007527,0.007147,0.005251,0.003023,0.003142,0.003064,6.2e-05,61.37,37.42,0.1922,0.001669,60.0
int_31_07,int_sim_31,INT_0031_2p_bc_cond31_70ms,31,test,Interruption,2,SCENARIO_CONTROLLER,phase-to-phase,"B,C",0.0017,0.001,68.6,0.029,0.0976,145,488,0.46566,0.83334,1.789588,0.9493,74.8,60.0,52.063,-10.94,0.541859,0.002561,0.003911,0.003806,0.002975,0.001374,0.001521,0.001678,0.001767,0.001841,0.001631,0.004726,0.007218,0.007024,0.00549,0.002807,0.003261,0.00301,6.1e-05,61.37,37.41,0.1922,0.001668,60.0
int_31_08,int_sim_31,INT_0031_2p_bc_cond31_70ms,31,test,Interruption,2,SCENARIO_CONTROLLER,phase-to-phase,"B,C",0.0017,0.001,68.6,0.03,0.0986,150,493,0.465747,0.83334,1.789255,0.939,74.8,60.0,52.063,-10.72,0.541959,0.002652,0.00388,0.003701,0.002894,0.001401,0.00157,0.001628,0.001706,0.001836,0.00169,0.004893,0.007159,0.006829,0.00534,0.002897,0.003148,0.003118,6e-05,61.37,37.4,0.1922,0.001667,60.0
int_31_09,int_sim_31,INT_0031_2p_bc_cond31_70ms,31,test,Interruption,2,SCENARIO_CONTROLLER,phase-to-phase,"B,C",0.0017,0.001,68.6,0.031,0.0996,155,498,0.465786,0.83334,1.789104,0.9417,74.8,60.0,52.063,-10.22,0.542004,0.002697,0.003913,0.00371,0.002874,0.001364,0.001574,0.001654,0.001729,0.001846,0.00167,0.004976,0.00722,0.006845,0.005303,0.002904,0.00319,0.003081,6.1e-05,61.37,37.39,0.1922,0.001667,60.0
int_31_10,int_sim_31,INT_0031_2p_bc_cond31_70ms,31,test,Interruption,2,SCENARIO_CONTROLLER,phase-to-phase,"B,C",0.0017,0.001,68.6,0.032,0.1006,160,503,0.465768,0.83334,1.789176,0.9369,74.8,60.0,52.063,-9.59,0.541983,0.002687,0.003897,0.003693,0.002853,0.00134,0.001567,0.001654,0.001747,0.001864,0.001693,0.004958,0.00719,0.006814,0.005264,0.002891,0.003223,0.003124,6.1e-05,61.37,37.39,0.1922,0.001668,60.0
int_31_11,int_sim_31,INT_0031_2p_bc_cond31_70ms,31,test,Interruption,2,SCENARIO_CONTROLLER,phase-to-phase,"B,C",0.0017,0.001,68.6,0.033,0.1016,165,508,0.465701,0.83334,1.789431,0.9374,74.8,60.0,52.063,-8.99,0.541906,0.002691,0.003902,0.003712,0.002879,0.001362,0.001513,0.001604,0.00169,0.001819,0.001648,0.004966,0.007201,0.00685,0.005313,0.002792,0.003119,0.003041,6e-05,61.37,37.4,0.1922,0.001667,60.0
int_31_12,int_sim_31,INT_0031_2p_bc_cond31_70ms,31,test,Interruption,2,SCENARIO_CONTROLLER,phase-to-phase,"B,C",0.0017,0.001,68.6,0.034,0.1026,170,513,0.46562,0.83334,1.789744,0.9748,74.8,60.0,52.063,-8.59,0.541813,0.002802,0.004038,0.003852,0.002991,0.001439,0.001628,0.001698,0.001777,0.001863,0.0017,0.005172,0.007453,0.007109,0.00552,0.003005,0.00328,0.003138,6.5e-05,61.37,37.41,0.1922,0.001668,60.0
int_31_13,int_sim_31,INT_0031_2p_bc_cond31_70ms,31,test,Interruption,2,SCENARIO_CONTROLLER,phase-to-phase,"B,C",0.0017,0.001,68.6,0.035,0.1036,175,518,0.465576,0.83334,1.789913,0.9731,74.8,60.0,52.063,-8.42,0.541763,0.002994,0.004174,0.003837,0.002856,0.001281,0.001489,0.001577,0.001688,0.001883,0.001726,0.005526,0.007704,0.007082,0.005272,0.002748,0.003116,0.003186,6.5e-05,61.37,37.42,0.1922,0.001669,60.0
int_31_14,int_sim_31,INT_0031_2p_bc_cond31_70ms,31,test,Interruption,2,SCENARIO_CONTROLLER,phase-to-phase,"B,C",0.0017,0.001,68.6,0.036,0.1046,180,523,0.465594,0.83334,1.789844,0.9652,74.8,60.0,52.063,-8.44,0.541785,0.003134,0.004127,0.003658,0.002794,0.001388,0.001583,0.001705,0.001763,0.001819,0.00165,0.005785,0.007617,0.006752,0.005157,0.002922,0.003254,0.003045,6.5e-05,61.37,37.42,0.1922,0.001667,60.0
int_31_15,int_sim_31,INT_0031_2p_bc_cond31_70ms,31,test,Interruption,2,SCENARIO_CONTROLLER,phase-to-phase,"B,C",0.0017,0.001,68.6,0.037,0.1056,185,528,0.465662,0.83334,1.789582,0.9565,74.8,60.0,52.063,-8.53,0.541864,0.003155,0.003967,0.00364,0.002945,0.001416,0.001566,0.001584,0.001707,0.00191,0.001724,0.005822,0.007321,0.006718,0.005435,0.00289,0.00315,0.003182,6.4e-05,61.37,37.4,0.1921,0.001667,60.0
int_31_16,int_sim_31,INT_0031_2p_bc_cond31_70ms,31,test,Interruption,2,SCENARIO_CONTROLLER,phase-to-phase,"B,C",0.0017,0.001,68.6,0.038,0.1066,190,533,0.465755,0.83334,1.789226,0.9395,74.8,60.0,52.063,-8.53,0.541971,0.003078,0.003885,0.003769,0.002914,0.001315,0.001531,0.001682,0.001726,0.001838,0.001725,0.005679,0.007168,0.006954,0.005377,0.002825,0.003185,0.003183,6.3e-05,61.37,37.39,0.1921,0.001666,60.0
int_31_17,int_sim_31,INT_0031_2p_bc_cond31_70ms,31,test,Interruption,2,SCENARIO_CONTROLLER,phase-to-phase,"B,C",0.0017,0.001,68.6,0.039,0.1076,195,538,0.465801,0.83334,1.789048,0.9398,74.8,60.0,52.063,-8.3,0.542024,0.003024,0.003907,0.003785,0.002867,0.001357,0.001569,0.001643,0.001716,0.001865,0.001705,0.005579,0.007208,0.006983,0.005289,0.002895,0.003166,0.003146,6.3e-05,61.37,37.38,0.1921,0.001666,60.0
int_31_18,int_sim_31,INT_0031_2p_bc_cond31_70ms,31,test,Interruption,2,SCENARIO_CONTROLLER,phase-to-phase,"B,C",0.0017,0.001,68.6,0.04,0.1086,200,543,0.465793,0.83334,1.789079,0.9376,74.8,60.0,52.063,-7.87,0.542015,0.00303,0.003898,0.003795,0.002855,0.001369,0.001574,0.001632,0.001731,0.00185,0.001706,0.00559,0.007192,0.007002,0.005267,0.002904,0.003194,0.003148,6.3e-05,61.37,37.39,0.1921,0.001666,60.0
int_31_19,int_sim_31,INT_0031_2p_bc_cond31_70ms,31,test,Interruption,2,SCENARIO_CONTROLLER,phase-to-phase,"B,C",0.0017,0.001,68.6,0.041,0.1096,205,548,0.465713,0.83334,1.789385,0.928,74.8,60.0,52.063,-7.37,0.541924,0.003057,0.003872,0.003814,0.002837,0.001397,0.0015,0.001698,0.001686,0.001896,0.001689,0.005641,0.007145,0.007038,0.005235,0.002768,0.003111,0.003117,6.3e-05,61.37,37.4,0.1921,0.001666,60.0
int_31_20,int_sim_31,INT_0031_2p_bc_cond31_70ms,31,test,Interruption,2,SCENARIO_CONTROLLER,phase-to-phase,"B,C",0.0017,0.001,68.6,0.042,0.1106,210,553,0.465614,0.83334,1.789768,0.9659,74.8,60.0,52.063,-6.95,0.54181,0.002989,0.003992,0.003671,0.002981,0.001266,0.001603,0.001594,0.00177,0.001809,0.001757,0.005517,0.007368,0.006775,0.005502,0.002959,0.003267,0.003243,6.3e-05,61.37,37.41,0.1922,0.001668,60.0
int_31_21,int_sim_31,INT_0031_2p_bc_cond31_70ms,31,test,Interruption,2,SCENARIO_CONTROLLER,phase-to-phase,"B,C",0.0017,0.001,68.6,0.043,0.1116,215,558,0.465549,0.83334,1.790015,0.9813,74.8,60.0,52.063,-6.72,0.541738,0.002812,0.004165,0.003602,0.002924,0.001401,0.001538,0.001711,0.001657,0.001894,0.001687,0.005191,0.007688,0.006649,0.005397,0.002839,0.003059,0.003114,6.3e-05,61.38,37.43,0.1922,0.001666,60.0
int_31_22,int_sim_31,INT_0031_2p_bc_cond31_70ms,31,test,Interruption,2,SCENARIO_CONTROLLER,phase-to-phase,"B,C",0.0017,0.001,68.6,0.044,0.1126,220,563,0.465546,0.83334,1.790029,0.9677,74.8,60.0,52.0617,-6.7,0.541735,0.002614,0.004186,0.003774,0.00277,0.001403,0.001514,0.001611,0.001779,0.00184,0.001703,0.004825,0.007727,0.006967,0.005113,0.002795,0.003284,0.003144,6.3e-05,61.37,37.42,0.1922,0.001667,60.0
int_31_23,int_sim_31,INT_0031_2p_bc_cond31_70ms,31,test,Interruption,2,SCENARIO_CONTROLLER,phase-to-phase,"B,C",0.0017,0.001,68.6,0.045,0.1136,225,568,0.465607,0.83334,1.789795,0.9634,74.8,60.0,52.0617,-6.81,0.541806,0.00252,0.004026,0.003874,0.002906,0.001268,0.001611,0.001687,0.001658,0.00184,0.001759,0.004651,0.007431,0.00715,0.005364,0.002973,0.00306,0.003247,6.2e-05,61.37,37.42,0.1922,0.001665,60.0
int_31_24,int_sim_31,INT_0031_2p_bc_cond31_70ms,31,test,Interruption,2,SCENARIO_CONTROLLER,phase-to-phase,"B,C",0.0017,0.001,68.6,0.046,0.1146,230,573,0.4657,0.83334,1.789434,0.9435,74.8,60.0,52.0617,-6.92,0.541915,0.00257,0.003893,0.003758,0.002957,0.001395,0.001499,0.001638,0.001752,0.001888,0.001691,0.004742,0.007184,0.006935,0.005457,0.002766,0.003233,0.00312,6.1e-05,61.37,37.41,0.1921,0.001665,60.0
int_31_25,int_sim_31,INT_0031_2p_bc_cond31_70ms,31,test,Interruption,2,SCENARIO_CONTROLLER,phase-to-phase,"B,C",0.0017,0.001,68.6,0.047,0.1156,235,578,0.465774,0.83334,1.78915,0.9397,74.8,60.0,52.0617,-6.9,0.542,0.002654,0.003901,0.003698,0.002874,0.001364,0.001569,0.001656,0.001698,0.001842,0.001711,0.004897,0.007197,0.006823,0.005303,0.002895,0.003133,0.003157,6e-05,61.37,37.39,0.1921,0.001664,60.0
int_31_26,int_sim_31,INT_0031_2p_bc_cond31_70ms,31,test,Interruption,2,SCENARIO_CONTROLLER,phase-to-phase,"B,C",0.0017,0.001,68.6,0.048,0.1166,240,583,0.465796,0.83334,1.789067,0.9416,74.8,60.0,52.0617,-6.67,0.542025,0.002679,0.003922,0.003708,0.002868,0.001343,0.001562,0.001667,0.001722,0.001862,0.001705,0.004943,0.007236,0.006841,0.005291,0.002882,0.003177,0.003146,6.1e-05,61.37,37.39,0.1921,0.001664,60.0
int_31_27,int_sim_31,INT_0031_2p_bc_cond31_70ms,31,test,Interruption,2,SCENARIO_CONTROLLER,phase-to-phase,"B,C",0.0017,0.001,68.6,0.049,0.1176,245,588,0.465758,0.83334,1.789212,0.9335,74.8,60.0,52.0617,-6.3,0.541982,0.002659,0.003894,0.003679,0.002837,0.001309,0.001544,0.001659,0.001733,0.001871,0.001723,0.004906,0.007185,0.006788,0.005234,0.002849,0.003198,0.003179,6e-05,61.37,37.39,0.1921,0.001665,60.0
int_31_28,int_sim_31,INT_0031_2p_bc_cond31_70ms,31,test,Interruption,2,SCENARIO_CONTROLLER,phase-to-phase,"B,C",0.0017,0.001,68.6,0.05,0.1186,250,593,0.465663,0.83334,1.789577,0.9539,74.8,60.0,52.0617,-5.9,0.541873,0.002704,0.003956,0.00377,0.002941,0.001413,0.001556,0.001679,0.001725,0.001897,0.001716,0.00499,0.007301,0.006957,0.005427,0.002872,0.003183,0.003167,6.3e-05,61.37,37.41,0.1921,0.001664,60.0
int_31_29,int_sim_31,INT_0031_2p_bc_cond31_70ms,31,test,Interruption,2,SCENARIO_CONTROLLER,phase-to-phase,"B,C",0.0017,0.001,68.6,0.051,0.1196,255,598,0.465588,0.83334,1.789866,0.9869,74.8,60.0,52.0617,-5.63,0.541787,0.002856,0.004122,0.003898,0.002994,0.001399,0.001622,0.00169,0.001731,0.001836,0.001673,0.005271,0.007608,0.007195,0.005526,0.002994,0.003195,0.003088,6.6e-05,61.37,37.42,0.1921,0.001665,60.0
int_31_30,int_sim_31,INT_0031_2p_bc_cond31_70ms,31,test,Interruption,2,SCENARIO_CONTROLLER,phase-to-phase,"B,C",0.0017,0.001,68.6,0.052,0.1206,260,603,0.465567,0.83334,1.789946,0.9755,74.8,60.0,52.0637,-5.53,0.541765,0.003027,0.004194,0.003804,0.002837,0.001304,0.001514,0.001678,0.001766,0.001927,0.001746,0.005587,0.007741,0.007021,0.005237,0.002795,0.00326,0.003223,6.6e-05,61.37,37.42,0.1921,0.001665,60.0
int_31_31,int_sim_31,INT_0031_2p_bc_cond31_70ms,31,test,Interruption,2,SCENARIO_CONTROLLER,phase-to-phase,"B,C",0.0017,0.001,68.6,0.053,0.1216,265,608,0.465608,0.83334,1.78979,0.9722,74.8,60.0,52.0637,-5.63,0.541812,0.003135,0.004081,0.00364,0.002884,0.001467,0.001664,0.001726,0.001716,0.00183,0.001699,0.005786,0.007532,0.006718,0.005323,0.003071,0.003167,0.003136,6.5e-05,61.37,37.42,0.1921,0.001664,60.0
int_31_32,int_sim_31,INT_0031_2p_bc_cond31_70ms,31,test,Interruption,2,SCENARIO_CONTROLLER,phase-to-phase,"B,C",0.0017,0.001,68.6,0.054,0.1226,270,613,0.465685,0.83334,1.789494,0.9575,74.8,60.0,52.0637,-5.81,0.541901,0.003119,0.003933,0.003696,0.003001,0.001404,0.001565,0.001666,0.001765,0.001882,0.001681,0.005756,0.007258,0.00682,0.005538,0.002888,0.003257,0.003102,6.5e-05,61.37,37.4,0.1921,0.001663,60.0
int_32_01,int_sim_32,INT_0032_2p_bc_cond32_92ms,32,val,Interruption,2,SCENARIO_CONTROLLER,phase-to-phase,"B,C",0.0015,0.0009,93.0,0.0232,0.1162,116,581,0.431079,0.83122,1.928231,1.1768,94.0,60.0,59.6952,0.77,0.454599,0.013247,0.004754,0.002088,0.002404,0.000153,0.00049,0.000968,0.000224,0.000896,0.000573,0.02914,0.010458,0.004593,0.005288,0.001078,0.000493,0.00126,0.000211,59.49,16.52,0.2212,0.000251,60.0
int_32_02,int_sim_32,INT_0032_2p_bc_cond32_92ms,32,val,Interruption,2,SCENARIO_CONTROLLER,phase-to-phase,"B,C",0.0015,0.0009,93.0,0.0242,0.1172,121,586,0.431249,0.83122,1.92747,1.1631,94.0,60.0,59.6952,0.81,0.454778,0.013366,0.00474,0.002088,0.00226,3.3e-05,0.000633,0.000841,0.000173,0.000917,0.000535,0.02939,0.010423,0.004591,0.004969,0.001392,0.00038,0.001176,0.000213,59.49,16.58,0.2212,0.000248,60.0
int_32_03,int_sim_32,INT_0032_2p_bc_cond32_92ms,32,val,Interruption,2,SCENARIO_CONTROLLER,phase-to-phase,"B,C",0.0015,0.0009,93.0,0.0252,0.1182,126,591,0.431464,0.83122,1.92651,1.2058,94.0,60.0,59.6952,0.87,0.455005,0.01335,0.005005,0.002378,0.00219,0.000276,0.0005,0.001049,0.000289,0.000974,0.000478,0.02934,0.011,0.005226,0.004813,0.001099,0.000635,0.001051,0.000216,59.49,16.66,0.2212,0.000255,60.0
int_32_04,int_sim_32,INT_0032_2p_bc_cond32_92ms,32,val,Interruption,2,SCENARIO_CONTROLLER,phase-to-phase,"B,C",0.0015,0.0009,93.0,0.0262,0.1192,131,596,0.431621,0.83122,1.925808,1.3018,94.0,60.0,59.6952,0.91,0.455171,0.01307,0.005324,0.002452,0.002542,0.000242,0.000555,0.000775,0.000114,0.000802,0.000649,0.028714,0.011697,0.005387,0.005585,0.001219,0.00025,0.001426,0.000214,59.49,16.74,0.2212,0.000261,60.0
int_32_05,int_sim_32,INT_0032_2p_bc_cond32_92ms,32,val,Interruption,2,SCENARIO_CONTROLLER,phase-to-phase,"B,C",0.0015,0.0009,93.0,0.0272,0.1202,136,601,0.431641,0.83122,1.925721,1.2867,94.0,60.0,59.7083,0.93,0.455194,0.012636,0.005286,0.002078,0.002431,0.000117,0.000671,0.001068,0.000324,0.001028,0.000513,0.02776,0.011613,0.004565,0.005341,0.001474,0.000712,0.001127,0.000201,59.49,16.72,0.2212,0.000254,60.0
int_32_06,int_sim_32,INT_0032_2p_bc_cond32_92ms,32,val,Interruption,2,SCENARIO_CONTROLLER,phase-to-phase,"B,C",0.0015,0.0009,93.0,0.0282,0.1212,141,606,0.431513,0.83122,1.926291,1.1809,94.0,60.0,59.7083,0.89,0.455062,0.012318,0.00492,0.001919,0.002121,0.000292,0.00041,0.000803,8.2e-05,0.000838,0.000498,0.027069,0.010812,0.004217,0.004661,0.000901,0.00018,0.001094,0.000186,59.49,16.68,0.2213,0.000254,60.0
int_32_07,int_sim_32,INT_0032_2p_bc_cond32_92ms,32,val,Interruption,2,SCENARIO_CONTROLLER,phase-to-phase,"B,C",0.0015,0.0009,93.0,0.0292,0.1222,146,611,0.431311,0.83122,1.927194,1.1589,94.0,60.0,59.7083,0.83,0.454851,0.012277,0.004674,0.002198,0.002347,0.00017,0.000656,0.000993,0.000277,0.000937,0.000605,0.026991,0.010276,0.004832,0.00516,0.001442,0.000609,0.00133,0.000186,59.48,16.62,0.2214,0.000254,60.0
int_32_08,int_sim_32,INT_0032_2p_bc_cond32_92ms,32,val,Interruption,2,SCENARIO_CONTROLLER,phase-to-phase,"B,C",0.0015,0.0009,93.0,0.0302,0.1232,151,616,0.431109,0.83122,1.928097,1.1758,94.0,60.0,59.7083,0.78,0.454641,0.012418,0.004736,0.002308,0.002429,8.9e-05,0.000497,0.000871,0.000128,0.000927,0.000497,0.027314,0.010417,0.005077,0.005343,0.001093,0.000282,0.001093,0.00019,59.48,16.57,0.2215,0.000251,60.0
int_32_09,int_sim_32,INT_0032_2p_bc_cond32_92ms,32,val,Interruption,2,SCENARIO_CONTROLLER,phase-to-phase,"B,C",0.0015,0.0009,93.0,0.0312,0.1242,156,621,0.431022,0.83122,1.928484,1.1856,94.0,60.0,59.7083,0.76,0.45455,0.012506,0.004822,0.002248,0.002351,0.000147,0.000515,0.000893,0.000192,0.000919,0.000536,0.027513,0.010608,0.004946,0.005172,0.001133,0.000422,0.001179,0.000192,59.48,16.54,0.2215,0.000255,60.0
int_32_10,int_sim_32,INT_0032_2p_bc_cond32_92ms,32,val,Interruption,2,SCENARIO_CONTROLLER,phase-to-phase,"B,C",0.0015,0.0009,93.0,0.0322,0.1252,161,626,0.431086,0.83122,1.928201,1.1786,94.0,60.0,59.7083,0.79,0.454617,0.012456,0.0048,0.002274,0.002317,0.000203,0.000552,0.000942,0.000203,0.000884,0.0005,0.027399,0.010558,0.005002,0.005097,0.001214,0.000447,0.0011,0.000191,59.48,16.59,0.2215,0.000255,60.0
int_32_11,int_sim_32,INT_0032_2p_bc_cond32_92ms,32,val,Interruption,2,SCENARIO_CONTROLLER,phase-to-phase,"B,C",0.0015,0.0009,93.0,0.0332,0.1262,166,631,0.431243,0.83122,1.927499,1.1907,94.0,60.0,59.7083,0.84,0.454781,0.012424,0.004924,0.002128,0.002177,0.00016,0.000581,0.000847,0.000177,0.000968,0.000576,0.027319,0.010827,0.004679,0.004787,0.001278,0.000389,0.001267,0.00019,59.48,16.58,0.2214,0.000252,60.0
int_32_12,int_sim_32,INT_0032_2p_bc_cond32_92ms,32,val,Interruption,2,SCENARIO_CONTROLLER,phase-to-phase,"B,C",0.0015,0.0009,93.0,0.0342,0.1272,171,636,0.431391,0.83122,1.926838,1.2628,94.0,60.0,59.7083,0.89,0.454937,0.012593,0.005202,0.001942,0.0024,0.000119,0.000437,0.000965,0.000206,0.000929,0.000585,0.027681,0.011435,0.004269,0.005275,0.000961,0.000453,0.001286,0.000198,59.49,16.68,0.2213,0.000254,60.0
int_32_13,int_sim_32,INT_0032_2p_bc_cond32_92ms,32,val,Interruption,2,SCENARIO_CONTROLLER,phase-to-phase,"B,C",0.0015,0.0009,93.0,0.0352,0.1282,176,641,0.431456,0.83122,1.926546,1.2981,94.0,60.0,59.6642,0.87,0.455006,0.01295,0.005301,0.002189,0.002509,0.000326,0.0007,0.000889,0.000211,0.0009,0.000463,0.028461,0.01165,0.004811,0.005514,0.001538,0.000464,0.001018,0.000209,59.49,16.68,0.2213,0.000251,60.0
int_32_14,int_sim_32,INT_0032_2p_bc_cond32_92ms,32,val,Interruption,2,SCENARIO_CONTROLLER,phase-to-phase,"B,C",0.0015,0.0009,93.0,0.0362,0.1292,181,646,0.43139,0.83122,1.926841,1.2159,94.0,60.0,59.6939,0.88,0.454937,0.013253,0.005056,0.002425,0.0022,0.000152,0.000444,0.000938,0.000145,0.001029,0.000614,0.029132,0.011114,0.00533,0.004836,0.000976,0.000319,0.00135,0.000214,59.49,16.68,0.2213,0.000255,60.0
int_32_15,int_sim_32,INT_0032_2p_bc_cond32_92ms,32,val,Interruption,2,SCENARIO_CONTROLLER,phase-to-phase,"B,C",0.0015,0.0009,93.0,0.0372,0.1302,186,651,0.431236,0.83122,1.927529,1.1706,94.0,60.0,59.6939,0.82,0.454777,0.013347,0.00478,0.002276,0.002262,0.000152,0.00061,0.000937,0.000209,0.000872,0.000553,0.029348,0.010511,0.005005,0.004974,0.001341,0.00046,0.001216,0.000214,59.49,16.59,0.2213,0.000253,60.0
int_32_16,int_sim_32,INT_0032_2p_bc_cond32_92ms,32,val,Interruption,2,SCENARIO_CONTROLLER,phase-to-phase,"B,C",0.0015,0.0009,93.0,0.0382,0.1312,191,656,0.431079,0.83122,1.92823,1.1804,94.0,60.0,59.6939,0.76,0.454613,0.013267,0.004759,0.002107,0.002413,0.000222,0.000566,0.000909,0.000121,0.000977,0.000507,0.029183,0.010468,0.004635,0.005308,0.001245,0.000266,0.001115,0.000211,59.48,16.53,0.2214,0.000254,60.0
int_32_17,int_sim_32,INT_0032_2p_bc_cond32_92ms,32,val,Interruption,2,SCENARIO_CONTROLLER,phase-to-phase,"B,C",0.0015,0.0009,93.0,0.0392,0.1322,196,661,0.431029,0.83122,1.928457,1.1853,94.0,60.0,59.6939,0.73,0.454559,0.01322,0.004802,0.002117,0.002385,0.000177,0.000533,0.000941,0.000138,0.000936,0.00054,0.029083,0.010564,0.004657,0.005247,0.001173,0.000304,0.001188,0.00021,59.48,16.53,0.2214,0.000255,60.0
int_32_18,int_sim_32,INT_0032_2p_bc_cond32_92ms,32,val,Interruption,2,SCENARIO_CONTROLLER,phase-to-phase,"B,C",0.0015,0.0009,93.0,0.0402,0.1332,201,666,0.431114,0.83122,1.928074,1.1737,94.0,60.0,59.6939,0.74,0.454649,0.0133,0.004741,0.002048,0.002394,0.00013,0.000518,0.000933,0.000197,0.000975,0.00053,0.029253,0.010428,0.004505,0.005266,0.001139,0.000433,0.001166,0.000212,59.48,16.57,0.2213,0.000255,60.0
int_32_19,int_sim_32,INT_0032_2p_bc_cond32_92ms,32,val,Interruption,2,SCENARIO_CONTROLLER,phase-to-phase,"B,C",0.0015,0.0009,93.0,0.0412,0.1342,206,671,0.431313,0.83122,1.927184,1.1707,94.0,60.0,59.6939,0.79,0.454859,0.0134,0.004811,0.002157,0.002183,0.000159,0.00067,0.000895,6e-05,0.000863,0.000612,0.02946,0.010577,0.004742,0.004799,0.001473,0.000132,0.001345,0.000215,59.49,16.64,0.2213,0.000255,60.0
int_32_20,int_sim_32,INT_0032_2p_bc_cond32_92ms,32,val,Interruption,2,SCENARIO_CONTROLLER,phase-to-phase,"B,C",0.0015,0.0009,93.0,0.0422,0.1352,211,676,0.431521,0.83122,1.926257,1.2396,94.0,60.0,59.6939,0.85,0.455079,0.013304,0.005141,0.002449,0.002287,0.000338,0.000409,0.001004,0.000253,0.001046,0.00046,0.029234,0.011297,0.005381,0.005026,0.000899,0.000556,0.001011,0.000217,59.49,16.68,0.2212,0.000257,60.0
int_32_21,int_sim_32,INT_0032_2p_bc_cond32_92ms,32,val,Interruption,2,SCENARIO_CONTROLLER,phase-to-phase,"B,C",0.0015,0.0009,93.0,0.0432,0.1362,216,681,0.431639,0.83122,1.92573,1.3163,94.0,60.0,59.6939,0.88,0.455205,0.012958,0.00537,0.002359,0.00257,0.000138,0.000679,0.000843,0.0001,0.00087,0.00055,0.028466,0.011797,0.005182,0.005646,0.001492,0.00022,0.001208,0.000211,59.49,16.75,0.2212,0.000252,60.0
int_32_22,int_sim_32,INT_0032_2p_bc_cond32_92ms,32,val,Interruption,2,SCENARIO_CONTROLLER,phase-to-phase,"B,C",0.0015,0.0009,93.0,0.0442,0.1372,221,686,0.431609,0.83122,1.925863,1.2509,94.0,60.0,59.7122,0.89,0.455178,0.012522,0.00519,0.001948,0.002276,0.000249,0.000548,0.001058,0.000256,0.000981,0.00062,0.02751,0.011402,0.00428,0.005,0.001204,0.000562,0.001362,0.000196,59.49,16.72,0.2212,0.000257,60.0
int_32_23,int_sim_32,INT_0032_2p_bc_cond32_92ms,32,val,Interruption,2,SCENARIO_CONTROLLER,phase-to-phase,"B,C",0.0015,0.0009,93.0,0.0452,0.1382,226,691,0.431443,0.83122,1.926605,1.1619,94.0,60.0,59.7122,0.85,0.455007,0.012289,0.004805,0.001992,0.002143,0.000317,0.000521,0.000836,0.000155,0.001006,0.000443,0.027008,0.01056,0.004378,0.00471,0.001145,0.000341,0.000974,0.000185,59.49,16.73,0.2213,0.000253,60.0
int_32_24,int_sim_32,INT_0032_2p_bc_cond32_92ms,32,val,Interruption,2,SCENARIO_CONTROLLER,phase-to-phase,"B,C",0.0015,0.0009,93.0,0.0462,0.1392,231,696,0.431221,0.83122,1.927598,1.1634,94.0,60.0,59.7122,0.79,0.454777,0.012331,0.00466,0.002283,0.00242,7.3e-05,0.000648,0.00103,0.000197,0.000907,0.00055,0.027114,0.010247,0.00502,0.005321,0.001425,0.000433,0.001209,0.000187,59.48,16.6,0.2214,0.000255,60.0
int_32_25,int_sim_32,INT_0032_2p_bc_cond32_92ms,32,val,Interruption,2,SCENARIO_CONTROLLER,phase-to-phase,"B,C",0.0015,0.0009,93.0,0.0472,0.1402,236,701,0.431056,0.83122,1.928335,1.1788,94.0,60.0,59.7122,0.74,0.454605,0.012473,0.004769,0.002289,0.002388,0.000163,0.000516,0.000907,0.000167,0.000996,0.000552,0.027437,0.01049,0.005035,0.005253,0.001135,0.000367,0.001214,0.000192,59.48,16.54,0.2215,0.000255,60.0
int_32_26,int_sim_32,INT_0032_2p_bc_cond32_92ms,32,val,Interruption,2,SCENARIO_CONTROLLER,phase-to-phase,"B,C",0.0015,0.0009,93.0,0.0482,0.1412,241,706,0.431023,0.83122,1.928483,1.1829,94.0,60.0,59.7122,0.74,0.45457,0.012508,0.004805,0.002258,0.002352,0.000177,0.000543,0.000937,0.000183,0.000967,0.000542,0.027516,0.01057,0.004967,0.005174,0.001195,0.000403,0.001192,0.000193,59.47,16.54,0.2215,0.000255,60.0
int_32_27,int_sim_32,INT_0032_2p_bc_cond32_92ms,32,val,Interruption,2,SCENARIO_CONTROLLER,phase-to-phase,"B,C",0.0015,0.0009,93.0,0.0492,0.1422,246,711,0.431111,0.83122,1.92809,1.1764,94.0,60.0,59.7122,0.78,0.454662,0.012449,0.004801,0.00226,0.002276,0.000229,0.000618,0.001,0.00014,0.000963,0.000528,0.027381,0.010559,0.004971,0.005006,0.001359,0.000308,0.001161,0.000191,59.48,16.55,0.2215,0.000255,60.0
int_32_28,int_sim_32,INT_0032_2p_bc_cond32_92ms,32,val,Interruption,2,SCENARIO_CONTROLLER,phase-to-phase,"B,C",0.0015,0.0009,93.0,0.0502,0.1432,251,716,0.431277,0.83122,1.927347,1.21,94.0,60.0,59.7122,0.84,0.454837,0.012477,0.005007,0.002038,0.002229,5.3e-05,0.000499,0.000836,0.000269,0.000909,0.00047,0.027432,0.011008,0.004481,0.004901,0.001097,0.000591,0.001033,0.000192,59.48,16.66,0.2214,0.000257,60.0
int_32_29,int_sim_32,INT_0032_2p_bc_cond32_92ms,32,val,Interruption,2,SCENARIO_CONTROLLER,phase-to-phase,"B,C",0.0015,0.0009,93.0,0.0512,0.1442,256,721,0.431411,0.83122,1.926747,1.2908,94.0,60.0,59.7122,0.88,0.454979,0.012728,0.005275,0.001976,0.002523,0.000255,0.000549,0.001066,9.1e-05,0.001044,0.000614,0.027975,0.011594,0.004343,0.005545,0.001207,0.0002,0.00135,0.000203,59.49,16.66,0.2213,0.000255,60.0
int_32_30,int_sim_32,INT_0032_2p_bc_cond32_92ms,32,val,Interruption,2,SCENARIO_CONTROLLER,phase-to-phase,"B,C",0.0015,0.0009,93.0,0.0522,0.1452,261,726,0.431433,0.83122,1.926649,1.2791,94.0,60.0,59.6939,0.87,0.455004,0.013095,0.005246,0.002313,0.002436,0.000299,0.000649,0.000816,0.000301,0.000847,0.000485,0.02878,0.01153,0.005083,0.005354,0.001426,0.000662,0.001066,0.000213,59.49,16.7,0.2213,0.000258,60.0
int_32_31,int_sim_32,INT_0032_2p_bc_cond32_92ms,32,val,Interruption,2,SCENARIO_CONTROLLER,phase-to-phase,"B,C",0.0015,0.0009,93.0,0.0532,0.1462,266,731,0.431329,0.83122,1.927113,1.1883,94.0,60.0,59.6939,0.84,0.454897,0.013348,0.004935,0.002422,0.002166,1.5e-05,0.000422,0.001046,8.1e-05,0.001027,0.000485,0.029343,0.010849,0.005324,0.004762,0.000928,0.000178,0.001066,0.000216,59.49,16.6,0.2213,0.000253,60.0
int_32_32,int_sim_32,INT_0032_2p_bc_cond32_92ms,32,val,Interruption,2,SCENARIO_CONTROLLER,phase-to-phase,"B,C",0.0015,0.0009,93.0,0.0542,0.1472,271,736,0.431164,0.83122,1.927852,1.1698,94.0,60.0,59.6939,0.78,0.454725,0.013371,0.00473,0.002202,0.00235,0.000219,0.000629,0.000887,0.00025,0.000934,0.000574,0.029405,0.010402,0.004842,0.005168,0.001383,0.00055,0.001262,0.000214,59.48,16.61,0.2213,0.000255,60.0
int_33_01,int_sim_33,INT_0033_2p_bc_cond01_53ms,1,train,Interruption,2,SCENARIO_CONTROLLER,phase-to-phase,"B,C",0.0023,0.0014,57.0,0.0202,0.0772,101,386,0.502746,0.846869,1.684487,0.714,57.0,60.0,60.825,3.89,0.619816,0.002627,0.003502,0.003059,0.002063,0.000748,0.00175,0.001749,0.00216,0.001931,0.002138,0.004238,0.00565,0.004935,0.003328,0.002823,0.003485,0.003449,5.2e-05,61.63,44.86,0.167,0.002283,60.0
int_33_02,int_sim_33,INT_0033_2p_bc_cond01_53ms,1,train,Interruption,2,SCENARIO_CONTROLLER,phase-to-phase,"B,C",0.0023,0.0014,57.0,0.0212,0.0782,106,391,0.502738,0.846869,1.684516,0.7123,57.0,60.0,60.825,3.78,0.619806,0.002633,0.003496,0.003065,0.002057,0.000758,0.001743,0.001754,0.002159,0.001933,0.00214,0.004248,0.00564,0.004945,0.003319,0.002812,0.003483,0.003453,5.2e-05,61.63,44.86,0.167,0.002283,60.0
int_33_03,int_sim_33,INT_0033_2p_bc_cond01_53ms,1,train,Interruption,2,SCENARIO_CONTROLLER,phase-to-phase,"B,C",0.0023,0.0014,57.0,0.0222,0.0792,111,396,0.502738,0.846869,1.684513,0.7131,57.0,60.0,60.825,3.62,0.619807,0.002631,0.003499,0.003063,0.002059,0.000753,0.001748,0.001749,0.002164,0.001926,0.002145,0.004245,0.005645,0.004942,0.003322,0.00282,0.003491,0.003461,5.2e-05,61.63,44.86,0.167,0.002284,60.0
int_33_04,int_sim_33,INT_0033_2p_bc_cond01_53ms,1,train,Interruption,2,SCENARIO_CONTROLLER,phase-to-phase,"B,C",0.0023,0.0014,57.0,0.0232,0.0802,116,401,0.502732,0.846869,1.684535,0.7166,57.0,60.0,60.825,3.48,0.619799,0.002624,0.003511,0.003048,0.002072,0.000739,0.001763,0.001735,0.002177,0.001919,0.002153,0.004234,0.005665,0.004918,0.003343,0.002844,0.003512,0.003474,5.3e-05,61.63,44.87,0.167,0.002284,60.0
int_33_05,int_sim_33,INT_0033_2p_bc_cond01_53ms,1,train,Interruption,2,SCENARIO_CONTROLLER,phase-to-phase,"B,C",0.0023,0.0014,57.0,0.0242,0.0812,121,406,0.502731,0.846869,1.684539,0.7158,57.0,60.0,60.8213,3.46,0.619797,0.002607,0.00352,0.003056,0.002057,0.000753,0.00175,0.00174,0.002179,0.001909,0.002161,0.004206,0.005679,0.004931,0.003319,0.002824,0.003516,0.003487,5.2e-05,61.63,44.87,0.167,0.002284,60.0
int_33_06,int_sim_33,INT_0033_2p_bc_cond01_53ms,1,train,Interruption,2,SCENARIO_CONTROLLER,phase-to-phase,"B,C",0.0023,0.0014,57.0,0.0252,0.0822,126,411,0.502732,0.846869,1.684533,0.7156,57.0,60.0,60.8213,3.52,0.6198,0.0026,0.003518,0.003063,0.002056,0.000751,0.001753,0.001735,0.002182,0.00191,0.002159,0.004195,0.005676,0.004942,0.003317,0.002828,0.00352,0.003483,5.2e-05,61.63,44.87,0.167,0.002284,60.0
int_33_07,int_sim_33,INT_0033_2p_bc_cond01_53ms,1,train,Interruption,2,SCENARIO_CONTROLLER,phase-to-phase,"B,C",0.0023,0.0014,57.0,0.0262,0.0832,131,416,0.502733,0.846869,1.684531,0.7162,57.0,60.0,60.8213,3.65,0.6198,0.002595,0.003513,0.00307,0.002063,0.00074,0.001762,0.001745,0.002169,0.0019,0.002174,0.004187,0.005668,0.004953,0.003328,0.002843,0.0035,0.003508,5.2e-05,61.63,44.87,0.167,0.002284,60.0
int_33_08,int_sim_33,INT_0033_2p_bc_cond01_53ms,1,train,Interruption,2,SCENARIO_CONTROLLER,phase-to-phase,"B,C",0.0023,0.0014,57.0,0.0272,0.0842,136,421,0.502742,0.846869,1.6845,0.715,57.0,60.0,60.8213,3.75,0.619812,0.002602,0.003508,0.003058,0.002055,0.00075,0.001763,0.001736,0.002164,0.001903,0.002181,0.004198,0.00566,0.004934,0.003316,0.002844,0.003491,0.003519,5.2e-05,61.63,44.87,0.167,0.002284,60.0
int_33_09,int_sim_33,INT_0033_2p_bc_cond01_53ms,1,train,Interruption,2,SCENARIO_CONTROLLER,phase-to-phase,"B,C",0.0023,0.0014,57.0,0.0282,0.0852,141,426,0.502754,0.846869,1.68446,0.7156,57.0,60.0,60.8213,3.77,0.619826,0.002616,0.003514,0.003053,0.002041,0.000743,0.001777,0.001749,0.002161,0.001892,0.002169,0.004221,0.005669,0.004926,0.003293,0.002867,0.003486,0.003499,5.2e-05,61.63,44.87,0.167,0.002284,60.0
int_33_10,int_sim_33,INT_0033_2p_bc_cond01_53ms,1,train,Interruption,2,SCENARIO_CONTROLLER,phase-to-phase,"B,C",0.0023,0.0014,57.0,0.0292,0.0862,146,431,0.502763,0.846869,1.684431,0.7171,57.0,60.0,60.8213,3.69,0.619837,0.002625,0.003524,0.003063,0.002051,0.000744,0.001769,0.001741,0.002155,0.001888,0.002171,0.004235,0.005685,0.004942,0.003309,0.002854,0.003477,0.003503,5.3e-05,61.63,44.87,0.167,0.002283,60.0
int_33_11,int_sim_33,INT_0033_2p_bc_cond01_53ms,1,train,Interruption,2,SCENARIO_CONTROLLER,phase-to-phase,"B,C",0.0023,0.0014,57.0,0.0302,0.0872,151,436,0.50277,0.846869,1.684406,0.7187,57.0,60.0,60.8213,3.54,0.619846,0.00263,0.003529,0.003067,0.002054,0.000755,0.001781,0.001752,0.002163,0.001898,0.002176,0.004243,0.005693,0.004948,0.003314,0.002873,0.00349,0.003511,5.3e-05,61.63,44.87,0.167,0.002284,60.0
int_33_12,int_sim_33,INT_0033_2p_bc_cond01_53ms,1,train,Interruption,2,SCENARIO_CONTROLLER,phase-to-phase,"B,C",0.0023,0.0014,57.0,0.0312,0.0882,156,441,0.502782,0.846869,1.684366,0.7135,57.0,60.0,60.8213,3.4,0.61986,0.002619,0.003508,0.003044,0.002035,0.000735,0.001763,0.001736,0.002149,0.001888,0.002168,0.004225,0.005659,0.004911,0.003283,0.002844,0.003467,0.003498,5.2e-05,61.63,44.86,0.167,0.002283,60.0
int_33_13,int_sim_33,INT_0033_2p_bc_cond01_53ms,1,train,Interruption,2,SCENARIO_CONTROLLER,phase-to-phase,"B,C",0.0023,0.0014,57.0,0.0322,0.0892,161,446,0.502787,0.846869,1.684349,0.7119,57.0,60.0,60.8812,3.11,0.619866,0.0026,0.003488,0.003036,0.002043,0.000742,0.001769,0.00175,0.002165,0.001903,0.002181,0.004194,0.005627,0.004898,0.003296,0.002854,0.003493,0.003519,5.2e-05,61.63,44.86,0.167,0.002283,60.0
int_33_14,int_sim_33,INT_0033_2p_bc_cond01_53ms,1,train,Interruption,2,SCENARIO_CONTROLLER,phase-to-phase,"B,C",0.0023,0.0014,57.0,0.0332,0.0902,166,451,0.502786,0.846869,1.684353,0.7129,57.0,60.0,60.8238,3.35,0.619865,0.002581,0.003486,0.003053,0.002057,0.000751,0.001774,0.001741,0.002151,0.001895,0.002179,0.004164,0.005624,0.004925,0.003318,0.002862,0.00347,0.003515,5.2e-05,61.63,44.86,0.167,0.002283,60.0
int_33_15,int_sim_33,INT_0033_2p_bc_cond01_53ms,1,train,Interruption,2,SCENARIO_CONTROLLER,phase-to-phase,"B,C",0.0023,0.0014,57.0,0.0342,0.0912,171,456,0.50279,0.846869,1.684341,0.7132,57.0,60.0,60.8238,3.47,0.619869,0.002589,0.003477,0.003044,0.002066,0.000764,0.001785,0.001737,0.002138,0.001893,0.002188,0.004177,0.005609,0.004911,0.003333,0.00288,0.003449,0.00353,5.2e-05,61.63,44.86,0.167,0.002283,60.0
int_33_16,int_sim_33,INT_0033_2p_bc_cond01_53ms,1,train,Interruption,2,SCENARIO_CONTROLLER,phase-to-phase,"B,C",0.0023,0.0014,57.0,0.0352,0.0922,176,461,0.502803,0.846869,1.684295,0.7108,57.0,60.0,60.8238,3.59,0.619886,0.00258,0.003465,0.003063,0.002059,0.000747,0.001779,0.001752,0.00214,0.001882,0.002192,0.004162,0.00559,0.004941,0.003322,0.00287,0.003452,0.003536,5.2e-05,61.63,44.86,0.167,0.002283,60.0
int_33_17,int_sim_33,INT_0033_2p_bc_cond01_53ms,1,train,Interruption,2,SCENARIO_CONTROLLER,phase-to-phase,"B,C",0.0023,0.0014,57.0,0.0362,0.0932,181,466,0.502796,0.846869,1.684321,0.7105,57.0,60.0,60.8238,3.65,0.619877,0.002589,0.003462,0.00306,0.002068,0.000745,0.001771,0.001757,0.002144,0.001876,0.002195,0.004177,0.005585,0.004936,0.003336,0.002857,0.003459,0.003541,5.2e-05,61.63,44.86,0.167,0.002283,60.0
int_33_18,int_sim_33,INT_0033_2p_bc_cond01_53ms,1,train,Interruption,2,SCENARIO_CONTROLLER,phase-to-phase,"B,C",0.0023,0.0014,57.0,0.0372,0.0942,186,471,0.502786,0.846869,1.684355,0.7092,57.0,60.0,60.8238,3.6,0.619865,0.002601,0.003451,0.00307,0.002061,0.000739,0.00178,0.001751,0.002143,0.001879,0.002188,0.004196,0.005567,0.004953,0.003325,0.002872,0.003457,0.00353,5.2e-05,61.63,44.86,0.167,0.002284,60.0
int_33_19,int_sim_33,INT_0033_2p_bc_cond01_53ms,1,train,Interruption,2,SCENARIO_CONTROLLER,phase-to-phase,"B,C",0.0023,0.0014,57.0,0.0382,0.0952,191,476,0.502788,0.846869,1.684347,0.7095,57.0,60.0,60.8238,3.47,0.619867,0.002599,0.003452,0.003069,0.002061,0.000737,0.001782,0.001749,0.002143,0.001879,0.002188,0.004193,0.005569,0.004951,0.003325,0.002875,0.003457,0.00353,5.2e-05,61.63,44.86,0.167,0.002284,60.0
int_33_20,int_sim_33,INT_0033_2p_bc_cond01_53ms,1,train,Interruption,2,SCENARIO_CONTROLLER,phase-to-phase,"B,C",0.0023,0.0014,57.0,0.0392,0.0962,196,481,0.502788,0.846869,1.684347,0.7099,57.0,60.0,60.8238,3.32,0.619867,0.002598,0.003453,0.003068,0.002063,0.000735,0.001785,0.001746,0.002146,0.001875,0.002191,0.004191,0.005571,0.004949,0.003328,0.00288,0.003462,0.003535,5.2e-05,61.63,44.86,0.167,0.002283,60.0
int_33_21,int_sim_33,INT_0033_2p_bc_cond01_53ms,1,train,Interruption,2,SCENARIO_CONTROLLER,phase-to-phase,"B,C",0.0023,0.0014,57.0,0.0402,0.0972,201,486,0.502784,0.846869,1.684359,0.7111,57.0,60.0,60.8238,3.22,0.619863,0.002588,0.003465,0.003063,0.00206,0.000737,0.001783,0.00175,0.002143,0.001877,0.002192,0.004175,0.00559,0.004941,0.003323,0.002876,0.003457,0.003536,5.2e-05,61.63,44.86,0.167,0.002283,60.0
int_33_22,int_sim_33,INT_0033_2p_bc_cond01_53ms,1,train,Interruption,2,SCENARIO_CONTROLLER,phase-to-phase,"B,C",0.0023,0.0014,57.0,0.0412,0.0982,206,491,0.502784,0.846869,1.68436,0.7103,57.0,60.0,60.8218,3.23,0.619863,0.00258,0.003468,0.003068,0.002051,0.000746,0.001775,0.001752,0.002148,0.001864,0.002203,0.004162,0.005595,0.004949,0.003309,0.002864,0.003465,0.003554,5.2e-05,61.63,44.86,0.167,0.002283,60.0
int_33_23,int_sim_33,INT_0033_2p_bc_cond01_53ms,1,train,Interruption,2,SCENARIO_CONTROLLER,phase-to-phase,"B,C",0.0023,0.0014,57.0,0.0422,0.0992,211,496,0.502786,0.846869,1.684353,0.7102,57.0,60.0,60.8218,3.32,0.619865,0.002579,0.003463,0.003068,0.002057,0.000741,0.001776,0.001759,0.002141,0.001859,0.002211,0.004161,0.005587,0.004949,0.003318,0.002865,0.003454,0.003567,5.2e-05,61.63,44.86,0.167,0.002283,60.0
int_33_24,int_sim_33,INT_0033_2p_bc_cond01_53ms,1,train,Interruption,2,SCENARIO_CONTROLLER,phase-to-phase,"B,C",0.0023,0.0014,57.0,0.0432,0.1002,216,501,0.502794,0.846869,1.684327,0.7087,57.0,60.0,60.8218,3.45,0.619875,0.002576,0.003446,0.003064,0.002074,0.000736,0.001767,0.001775,0.002146,0.001844,0.002209,0.004156,0.005559,0.004943,0.003346,0.002851,0.003462,0.003564,5.2e-05,61.63,44.86,0.167,0.002283,60.0
int_33_25,int_sim_33,INT_0033_2p_bc_cond01_53ms,1,train,Interruption,2,SCENARIO_CONTROLLER,phase-to-phase,"B,C",0.0023,0.0014,57.0,0.0442,0.1012,221,506,0.5028,0.846869,1.684308,0.7088,57.0,60.0,60.8218,3.54,0.619882,0.002582,0.003448,0.003061,0.002068,0.000735,0.001772,0.001778,0.002143,0.00184,0.002207,0.004165,0.005562,0.004938,0.003336,0.002859,0.003457,0.00356,5.2e-05,61.63,44.85,0.167,0.002283,60.0
int_33_26,int_sim_33,INT_0033_2p_bc_cond01_53ms,1,train,Interruption,2,SCENARIO_CONTROLLER,phase-to-phase,"B,C",0.0023,0.0014,57.0,0.0452,0.1022,226,511,0.502815,0.846869,1.684255,0.7103,57.0,60.0,60.8218,3.54,0.619901,0.002601,0.003463,0.003068,0.002063,0.000717,0.001773,0.00179,0.002157,0.001849,0.0022,0.004196,0.005586,0.004949,0.003328,0.00286,0.00348,0.003549,5.2e-05,61.63,44.85,0.167,0.002283,60.0
int_33_27,int_sim_33,INT_0033_2p_bc_cond01_53ms,1,train,Interruption,2,SCENARIO_CONTROLLER,phase-to-phase,"B,C",0.0023,0.0014,57.0,0.0462,0.1032,231,516,0.502821,0.846869,1.684237,0.7115,57.0,60.0,60.8218,3.44,0.619908,0.002605,0.003467,0.003072,0.002068,0.000726,0.001777,0.001792,0.002154,0.001846,0.002193,0.004202,0.005593,0.004956,0.003336,0.002867,0.003475,0.003538,5.2e-05,61.63,44.86,0.167,0.002283,60.0
int_33_28,int_sim_33,INT_0033_2p_bc_cond01_53ms,1,train,Interruption,2,SCENARIO_CONTROLLER,phase-to-phase,"B,C",0.0023,0.0014,57.0,0.0472,0.1042,236,521,0.502824,0.846869,1.684227,0.7113,57.0,60.0,60.8218,3.28,0.619911,0.002605,0.003466,0.003069,0.002065,0.000724,0.00178,0.001794,0.002159,0.001849,0.002198,0.004202,0.005591,0.004951,0.003331,0.002871,0.003483,0.003546,5.2e-05,61.63,44.86,0.167,0.002283,60.0
int_33_29,int_sim_33,INT_0033_2p_bc_cond01_53ms,1,train,Interruption,2,SCENARIO_CONTROLLER,phase-to-phase,"B,C",0.0023,0.0014,57.0,0.0482,0.1052,241,526,0.502825,0.846869,1.684223,0.7108,57.0,60.0,60.8218,3.16,0.619913,0.002602,0.003462,0.003067,0.002065,0.000725,0.00178,0.001796,0.002161,0.001852,0.002201,0.004197,0.005585,0.004947,0.003331,0.002871,0.003486,0.00355,5.2e-05,61.63,44.86,0.167,0.002283,60.0
int_33_30,int_sim_33,INT_0033_2p_bc_cond01_53ms,1,train,Interruption,2,SCENARIO_CONTROLLER,phase-to-phase,"B,C",0.0023,0.0014,57.0,0.0492,0.1062,246,531,0.502826,0.846869,1.684219,0.7114,57.0,60.0,60.8224,3.13,0.619914,0.002589,0.003453,0.00307,0.002077,0.000737,0.001792,0.001807,0.002168,0.001846,0.002193,0.004176,0.00557,0.004952,0.00335,0.002891,0.003497,0.003538,5.2e-05,61.63,44.85,0.167,0.002283,60.0
int_33_31,int_sim_33,INT_0033_2p_bc_cond01_53ms,1,train,Interruption,2,SCENARIO_CONTROLLER,phase-to-phase,"B,C",0.0023,0.0014,57.0,0.0502,0.1072,251,536,0.502823,0.846869,1.684231,0.7114,57.0,60.0,60.8224,3.2,0.61991,0.002579,0.003461,0.003081,0.002073,0.000728,0.001782,0.001803,0.002172,0.001852,0.002194,0.00416,0.005583,0.00497,0.003344,0.002875,0.003504,0.003539,5.2e-05,61.62,44.85,0.167,0.002283,60.0
int_33_32,int_sim_33,INT_0033_2p_bc_cond01_53ms,1,train,Interruption,2,SCENARIO_CONTROLLER,phase-to-phase,"B,C",0.0023,0.0014,57.0,0.0512,0.1082,256,541,0.502816,0.846869,1.684254,0.7131,57.0,60.0,60.8224,3.33,0.619901,0.002579,0.003472,0.003074,0.002066,0.000733,0.001793,0.001805,0.002161,0.001852,0.002203,0.00416,0.005601,0.004959,0.003333,0.002892,0.003486,0.003554,5.2e-05,61.63,44.85,0.167,0.002283,60.0
int_34_01,int_sim_34,INT_0034_2p_ca_cond05_70ms,5,train,Interruption,2,SCENARIO_CONTROLLER,phase-to-phase,"A,C",0.0018,0.0011,74.0,0.0202,0.0942,101,471,0.461151,0.808509,1.753241,0.9646,76.8,60.0,60.9819,1.96,0.536365,0.002283,0.00369,0.003818,0.003201,0.001652,0.001705,0.001771,0.001746,0.002226,0.001547,0.004256,0.00688,0.007118,0.005968,0.003179,0.003255,0.002884,6.3e-05,61.4,38.89,0.1928,0.001825,60.0
int_34_02,int_sim_34,INT_0034_2p_ca_cond05_70ms,5,train,Interruption,2,SCENARIO_CONTROLLER,phase-to-phase,"A,C",0.0018,0.0011,74.0,0.0212,0.0952,106,476,0.461121,0.808509,1.753357,0.9566,76.8,60.0,60.9819,1.8,0.53633,0.002308,0.003664,0.003843,0.003174,0.001679,0.00168,0.001786,0.001745,0.002228,0.001562,0.004303,0.006832,0.007165,0.005918,0.003132,0.003254,0.002912,6.3e-05,61.4,38.89,0.1928,0.001825,60.0
int_34_03,int_sim_34,INT_0034_2p_ca_cond05_70ms,5,train,Interruption,2,SCENARIO_CONTROLLER,phase-to-phase,"A,C",0.0018,0.0011,74.0,0.0222,0.0962,111,481,0.461116,0.808509,1.753377,0.9589,76.8,60.0,60.9819,1.6,0.536324,0.002306,0.003669,0.003835,0.003184,0.001669,0.001688,0.001779,0.001752,0.002219,0.001568,0.0043,0.006841,0.007151,0.005937,0.003147,0.003267,0.002924,6.3e-05,61.4,38.89,0.1928,0.001825,60.0
int_34_04,int_sim_34,INT_0034_2p_ca_cond05_70ms,5,train,Interruption,2,SCENARIO_CONTROLLER,phase-to-phase,"A,C",0.0018,0.0011,74.0,0.0232,0.0972,116,486,0.461105,0.808509,1.753415,0.9642,76.8,60.0,60.9819,1.45,0.536313,0.002291,0.003692,0.003813,0.003197,0.001668,0.001699,0.001773,0.001755,0.002225,0.001564,0.004272,0.006884,0.00711,0.005961,0.003168,0.003272,0.002916,6.3e-05,61.4,38.89,0.1928,0.001825,60.0
int_34_05,int_sim_34,INT_0034_2p_ca_cond05_70ms,5,train,Interruption,2,SCENARIO_CONTROLLER,phase-to-phase,"A,C",0.0018,0.0011,74.0,0.0242,0.0982,121,491,0.461102,0.808509,1.753428,0.9619,76.8,60.0,60.9729,1.44,0.536309,0.002253,0.003717,0.003826,0.003162,0.001694,0.001671,0.001783,0.00176,0.0022,0.001588,0.004201,0.006931,0.007134,0.005896,0.003116,0.003282,0.002961,6.3e-05,61.4,38.89,0.1928,0.001825,60.0
int_34_06,int_sim_34,INT_0034_2p_ca_cond05_70ms,5,train,Interruption,2,SCENARIO_CONTROLLER,phase-to-phase,"A,C",0.0018,0.0011,74.0,0.0252,0.0992,126,496,0.461108,0.808509,1.753406,0.9621,76.8,60.0,60.9729,1.53,0.536316,0.002239,0.003706,0.003841,0.00317,0.001677,0.001685,0.001786,0.001746,0.002206,0.001592,0.004175,0.00691,0.007162,0.005911,0.003142,0.003256,0.002968,6.3e-05,61.4,38.89,0.1928,0.001825,60.0
int_34_07,int_sim_34,INT_0034_2p_ca_cond05_70ms,5,train,Interruption,2,SCENARIO_CONTROLLER,phase-to-phase,"A,C",0.0018,0.0011,74.0,0.0262,0.1002,131,501,0.461125,0.808509,1.753339,0.9594,76.8,60.0,60.9729,1.67,0.536336,0.002234,0.003675,0.003832,0.003196,0.001693,0.001662,0.001795,0.001762,0.002199,0.001583,0.004165,0.006852,0.007145,0.005959,0.003099,0.003285,0.002952,6.3e-05,61.4,38.89,0.1928,0.001824,60.0
int_34_08,int_sim_34,INT_0034_2p_ca_cond05_70ms,5,train,Interruption,2,SCENARIO_CONTROLLER,phase-to-phase,"A,C",0.0018,0.0011,74.0,0.0272,0.1012,136,506,0.461145,0.808509,1.753263,0.9569,76.8,60.0,60.9729,1.78,0.536359,0.002248,0.003664,0.003808,0.00318,0.0017,0.001675,0.001784,0.001746,0.002197,0.001597,0.004191,0.006831,0.0071,0.005929,0.003123,0.003255,0.002977,6.2e-05,61.4,38.89,0.1928,0.001824,60.0
int_34_09,int_sim_34,INT_0034_2p_ca_cond05_70ms,5,train,Interruption,2,SCENARIO_CONTROLLER,phase-to-phase,"A,C",0.0018,0.0011,74.0,0.0282,0.1022,141,511,0.461171,0.808509,1.753165,0.9579,76.8,60.0,60.9729,1.79,0.536389,0.002277,0.003685,0.003815,0.00317,0.001678,0.001665,0.001794,0.001767,0.002214,0.001595,0.004245,0.00687,0.007112,0.00591,0.003104,0.003294,0.002974,6.3e-05,61.4,38.89,0.1928,0.001824,60.0
int_34_10,int_sim_34,INT_0034_2p_ca_cond05_70ms,5,train,Interruption,2,SCENARIO_CONTROLLER,phase-to-phase,"A,C",0.0018,0.0011,74.0,0.0292,0.1032,146,516,0.461195,0.808509,1.753076,0.9642,76.8,60.0,60.9729,1.68,0.536416,0.0023,0.00371,0.003841,0.003196,0.001703,0.001666,0.001784,0.001748,0.002196,0.00158,0.004288,0.006916,0.00716,0.005958,0.003106,0.003259,0.002945,6.3e-05,61.4,38.89,0.1928,0.001824,60.0
int_34_11,int_sim_34,INT_0034_2p_ca_cond05_70ms,5,train,Interruption,2,SCENARIO_CONTROLLER,phase-to-phase,"A,C",0.0018,0.0011,74.0,0.0302,0.1042,151,521,0.461215,0.808509,1.752998,0.9646,76.8,60.0,60.9729,1.49,0.53644,0.002307,0.003712,0.003838,0.00319,0.001695,0.001678,0.001796,0.001761,0.002204,0.00159,0.004301,0.00692,0.007155,0.005947,0.003128,0.003283,0.002964,6.3e-05,61.4,38.88,0.1928,0.001823,60.0
int_34_12,int_sim_34,INT_0034_2p_ca_cond05_70ms,5,train,Interruption,2,SCENARIO_CONTROLLER,phase-to-phase,"A,C",0.0018,0.0011,74.0,0.0312,0.1052,156,526,0.461227,0.808509,1.752954,0.9591,76.8,60.0,60.9729,1.31,0.536453,0.002297,0.003693,0.003816,0.003172,0.001684,0.001663,0.001785,0.001752,0.002202,0.001587,0.004282,0.006884,0.007113,0.005913,0.0031,0.003266,0.002958,6.3e-05,61.4,38.88,0.1928,0.001823,60.0
int_34_13,int_sim_34,INT_0034_2p_ca_cond05_70ms,5,train,Interruption,2,SCENARIO_CONTROLLER,phase-to-phase,"A,C",0.0018,0.0011,74.0,0.0322,0.1062,161,531,0.46123,0.808509,1.752943,0.9588,76.8,60.0,61.0533,0.95,0.536456,0.002284,0.003681,0.003813,0.003179,0.001696,0.001673,0.001796,0.001761,0.002204,0.001588,0.004258,0.006862,0.007108,0.005926,0.003119,0.003283,0.00296,6.3e-05,61.4,38.88,0.1928,0.001823,60.0
int_34_14,int_sim_34,INT_0034_2p_ca_cond05_70ms,5,train,Interruption,2,SCENARIO_CONTROLLER,phase-to-phase,"A,C",0.0018,0.0011,74.0,0.0332,0.1072,166,536,0.461225,0.808509,1.752961,0.9593,76.8,60.0,60.9843,1.25,0.53645,0.00226,0.003686,0.003838,0.003187,0.001677,0.001654,0.001779,0.001758,0.00222,0.001602,0.004213,0.006871,0.007154,0.005941,0.003083,0.003277,0.002986,6.3e-05,61.4,38.89,0.1928,0.001823,60.0
int_34_15,int_sim_34,INT_0034_2p_ca_cond05_70ms,5,train,Interruption,2,SCENARIO_CONTROLLER,phase-to-phase,"A,C",0.0018,0.0011,74.0,0.0342,0.1082,171,541,0.461213,0.808509,1.753006,0.9596,76.8,60.0,60.9843,1.39,0.536437,0.002244,0.00371,0.003853,0.003165,0.001662,0.001648,0.001797,0.001777,0.00221,0.001586,0.004183,0.006916,0.007183,0.0059,0.003072,0.003313,0.002957,6.3e-05,61.4,38.89,0.1928,0.001823,60.0
int_34_16,int_sim_34,INT_0034_2p_ca_cond05_70ms,5,train,Interruption,2,SCENARIO_CONTROLLER,phase-to-phase,"A,C",0.0018,0.0011,74.0,0.0352,0.1092,176,546,0.461191,0.808509,1.753089,0.9631,76.8,60.0,60.9843,1.53,0.536411,0.002254,0.003731,0.003825,0.003168,0.001684,0.001651,0.001775,0.001777,0.002225,0.001583,0.004202,0.006955,0.007131,0.005906,0.003078,0.003313,0.002951,6.3e-05,61.4,38.89,0.1928,0.001824,60.0
int_34_17,int_sim_34,INT_0034_2p_ca_cond05_70ms,5,train,Interruption,2,SCENARIO_CONTROLLER,phase-to-phase,"A,C",0.0018,0.0011,74.0,0.0362,0.1102,181,551,0.461183,0.808509,1.75312,0.9636,76.8,60.0,60.9843,1.59,0.536402,0.002262,0.00373,0.003819,0.003178,0.001677,0.001643,0.001783,0.001779,0.002218,0.001588,0.004217,0.006954,0.00712,0.005925,0.003063,0.003317,0.00296,6.3e-05,61.4,38.89,0.1928,0.001824,60.0
int_34_18,int_sim_34,INT_0034_2p_ca_cond05_70ms,5,train,Interruption,2,SCENARIO_CONTROLLER,phase-to-phase,"A,C",0.0018,0.0011,74.0,0.0372,0.1112,186,556,0.461156,0.808509,1.753224,0.9597,76.8,60.0,60.9843,1.52,0.536371,0.002293,0.0037,0.003843,0.003165,0.001678,0.00167,0.001763,0.00178,0.002225,0.001567,0.004275,0.006898,0.007165,0.005901,0.003114,0.003319,0.002921,6.3e-05,61.4,38.89,0.1928,0.001824,60.0
int_34_19,int_sim_34,INT_0034_2p_ca_cond05_70ms,5,train,Interruption,2,SCENARIO_CONTROLLER,phase-to-phase,"A,C",0.0018,0.0011,74.0,0.0382,0.1122,191,561,0.461141,0.808509,1.753278,0.9577,76.8,60.0,60.9843,1.36,0.536354,0.002301,0.003694,0.003847,0.003162,0.001679,0.001656,0.001776,0.001767,0.002236,0.001559,0.00429,0.006887,0.007173,0.005895,0.003088,0.003294,0.002907,6.3e-05,61.4,38.89,0.1928,0.001824,60.0
int_34_20,int_sim_34,INT_0034_2p_ca_cond05_70ms,5,train,Interruption,2,SCENARIO_CONTROLLER,phase-to-phase,"A,C",0.0018,0.0011,74.0,0.0392,0.1132,196,566,0.461126,0.808509,1.753338,0.9631,76.8,60.0,60.9843,1.17,0.536337,0.002296,0.003708,0.003827,0.003184,0.001658,0.001671,0.001762,0.001779,0.002223,0.001567,0.004281,0.006914,0.007135,0.005937,0.003116,0.003317,0.002922,6.3e-05,61.4,38.9,0.1928,0.001824,60.0
int_34_21,int_sim_34,INT_0034_2p_ca_cond05_70ms,5,train,Interruption,2,SCENARIO_CONTROLLER,phase-to-phase,"A,C",0.0018,0.0011,74.0,0.0402,0.1142,201,571,0.461117,0.808509,1.75337,0.9664,76.8,60.0,60.9843,1.06,0.536327,0.002274,0.003735,0.00381,0.003185,0.001672,0.001665,0.001774,0.001765,0.002238,0.001554,0.00424,0.006964,0.007104,0.005939,0.003104,0.003291,0.002897,6.3e-05,61.4,38.9,0.1928,0.001825,60.0
int_34_22,int_sim_34,INT_0034_2p_ca_cond05_70ms,5,train,Interruption,2,SCENARIO_CONTROLLER,phase-to-phase,"A,C",0.0018,0.0011,74.0,0.0412,0.1152,206,576,0.461119,0.808509,1.753361,0.9653,76.8,60.0,60.9679,1.13,0.53633,0.002251,0.003737,0.003831,0.003169,0.001664,0.001674,0.001755,0.001781,0.002242,0.001544,0.004197,0.006968,0.007143,0.005909,0.003121,0.003321,0.002879,6.3e-05,61.4,38.9,0.1928,0.001825,60.0
int_34_23,int_sim_34,INT_0034_2p_ca_cond05_70ms,5,train,Interruption,2,SCENARIO_CONTROLLER,phase-to-phase,"A,C",0.0018,0.0011,74.0,0.0422,0.1162,211,581,0.461123,0.808509,1.753346,0.9656,76.8,60.0,60.9679,1.25,0.536335,0.002238,0.003729,0.003847,0.003171,0.001647,0.001691,0.001751,0.00177,0.002254,0.001541,0.004173,0.006953,0.007173,0.005912,0.003153,0.0033,0.002873,6.3e-05,61.4,38.9,0.1928,0.001825,60.0
int_34_24,int_sim_34,INT_0034_2p_ca_cond05_70ms,5,train,Interruption,2,SCENARIO_CONTROLLER,phase-to-phase,"A,C",0.0018,0.0011,74.0,0.0432,0.1172,216,586,0.461137,0.808509,1.753296,0.9634,76.8,60.0,60.9679,1.4,0.53635,0.002237,0.003708,0.003837,0.003185,0.001662,0.001675,0.001752,0.001782,0.002253,0.001533,0.004171,0.006913,0.007154,0.005938,0.003123,0.003322,0.002858,6.3e-05,61.4,38.9,0.1928,0.001825,60.0
int_34_25,int_sim_34,INT_0034_2p_ca_cond05_70ms,5,train,Interruption,2,SCENARIO_CONTROLLER,phase-to-phase,"A,C",0.0018,0.0011,74.0,0.0442,0.1182,221,591,0.461153,0.808509,1.753234,0.9622,76.8,60.0,60.9679,1.5,0.536369,0.002251,0.003708,0.003823,0.003168,0.001654,0.00169,0.001759,0.001773,0.002241,0.001533,0.004197,0.006913,0.007128,0.005906,0.003151,0.003306,0.002858,6.3e-05,61.4,38.9,0.1928,0.001824,60.0
int_34_26,int_sim_34,INT_0034_2p_ca_cond05_70ms,5,train,Interruption,2,SCENARIO_CONTROLLER,phase-to-phase,"A,C",0.0018,0.0011,74.0,0.0452,0.1192,226,596,0.461167,0.808509,1.753181,0.9633,76.8,60.0,60.9679,1.48,0.536385,0.002267,0.003721,0.00383,0.003166,0.001645,0.001682,0.00176,0.001782,0.00225,0.001534,0.004226,0.006937,0.00714,0.005902,0.003136,0.003322,0.00286,6.3e-05,61.4,38.89,0.1928,0.001824,60.0
int_34_27,int_sim_34,INT_0034_2p_ca_cond05_70ms,5,train,Interruption,2,SCENARIO_CONTROLLER,phase-to-phase,"A,C",0.0018,0.0011,74.0,0.0462,0.1202,231,601,0.461178,0.808509,1.753138,0.9661,76.8,60.0,60.9679,1.35,0.536398,0.002277,0.003732,0.003841,0.003177,0.001655,0.001684,0.001759,0.001778,0.002248,0.001533,0.004245,0.006958,0.007161,0.005923,0.003139,0.003315,0.002858,6.3e-05,61.4,38.89,0.1928,0.001824,60.0
int_34_28,int_sim_34,INT_0034_2p_ca_cond05_70ms,5,train,Interruption,2,SCENARIO_CONTROLLER,phase-to-phase,"A,C",0.0018,0.0011,74.0,0.0472,0.1212,236,606,0.4612,0.808509,1.753057,0.9625,76.8,60.0,60.9679,1.17,0.536422,0.002279,0.003724,0.003825,0.003156,0.001631,0.001681,0.001757,0.00178,0.002242,0.001538,0.004249,0.006942,0.007131,0.005883,0.003134,0.003318,0.002867,6.3e-05,61.4,38.89,0.1928,0.001824,60.0
int_34_29,int_sim_34,INT_0034_2p_ca_cond05_70ms,5,train,Interruption,2,SCENARIO_CONTROLLER,phase-to-phase,"A,C",0.0018,0.0011,74.0,0.0482,0.1222,241,611,0.461204,0.808509,1.753039,0.9605,76.8,60.0,60.9679,1.03,0.536428,0.002266,0.003708,0.003814,0.003156,0.001643,0.001685,0.001768,0.001795,0.00226,0.001555,0.004224,0.006912,0.00711,0.005883,0.003141,0.003346,0.002899,6.3e-05,61.4,38.89,0.1928,0.001824,60.0
int_34_30,int_sim_34,INT_0034_2p_ca_cond05_70ms,5,train,Interruption,2,SCENARIO_CONTROLLER,phase-to-phase,"A,C",0.0018,0.0011,74.0,0.0492,0.1232,246,616,0.461207,0.808509,1.753028,0.9631,76.8,60.0,60.9794,0.96,0.536431,0.002223,0.003682,0.003831,0.003195,0.001668,0.001712,0.001773,0.001783,0.002235,0.001533,0.004144,0.006864,0.007142,0.005956,0.003191,0.003324,0.002858,6.3e-05,61.4,38.89,0.1928,0.001824,60.0
int_34_31,int_sim_34,INT_0034_2p_ca_cond05_70ms,5,train,Interruption,2,SCENARIO_CONTROLLER,phase-to-phase,"A,C",0.0018,0.0011,74.0,0.0502,0.1242,251,621,0.461199,0.808509,1.753058,0.9633,76.8,60.0,60.9794,1.05,0.536421,0.002192,0.003694,0.003864,0.003197,0.001639,0.001683,0.001757,0.00179,0.002257,0.001548,0.004086,0.006886,0.007203,0.00596,0.003137,0.003337,0.002886,6.3e-05,61.4,38.89,0.1928,0.001824,60.0
int_34_32,int_sim_34,INT_0034_2p_ca_cond05_70ms,5,train,Interruption,2,SCENARIO_CONTROLLER,phase-to-phase,"A,C",0.0018,0.0011,74.0,0.0512,0.1252,256,626,0.461183,0.808509,1.753119,0.9656,76.8,60.0,60.9794,1.21,0.536403,0.002187,0.003722,0.003856,0.003175,0.001652,0.001702,0.001764,0.001778,0.002253,0.001555,0.004077,0.006939,0.007189,0.005919,0.003173,0.003315,0.002899,6.3e-05,61.4,38.9,0.1928,0.001825,60.0
int_35_01,int_sim_35,INT_0035_2p_ca_cond10_83ms,10,train,Interruption,2,SCENARIO_CONTROLLER,phase-to-phase,"A,C",0.0017,0.001,78.4,0.0256,0.104,128,520,0.431431,0.800388,1.855195,0.9482,86.4,60.0,59.4831,1.13,0.471428,0.006148,0.004152,0.002542,0.001602,0.000875,0.000417,0.000311,0.000501,0.000712,0.000614,0.013041,0.008807,0.005392,0.003398,0.000885,0.001063,0.001302,6.6e-05,59.33,18.05,0.2137,0.000342,60.0
int_35_02,int_sim_35,INT_0035_2p_ca_cond10_83ms,10,train,Interruption,2,SCENARIO_CONTROLLER,phase-to-phase,"A,C",0.0017,0.001,78.4,0.0266,0.105,133,525,0.431404,0.800388,1.855308,0.9514,86.4,60.0,59.4831,1.18,0.471399,0.006162,0.004166,0.002513,0.001612,0.000895,0.000405,0.000295,0.000487,0.00073,0.000614,0.013072,0.008838,0.005331,0.00342,0.000859,0.001033,0.001303,6.6e-05,59.33,18.05,0.2137,0.000341,60.0
int_35_03,int_sim_35,INT_0035_2p_ca_cond10_83ms,10,train,Interruption,2,SCENARIO_CONTROLLER,phase-to-phase,"A,C",0.0017,0.001,78.4,0.0276,0.106,138,530,0.431374,0.800388,1.855439,0.9493,86.4,60.0,59.4831,1.27,0.471366,0.006203,0.004142,0.002507,0.001645,0.000862,0.0004,0.000309,0.000504,0.000707,0.000626,0.01316,0.008787,0.005319,0.00349,0.000849,0.001069,0.001328,6.7e-05,59.33,18.05,0.2137,0.000342,60.0
int_35_04,int_sim_35,INT_0035_2p_ca_cond10_83ms,10,train,Interruption,2,SCENARIO_CONTROLLER,phase-to-phase,"A,C",0.0017,0.001,78.4,0.0286,0.107,143,535,0.431357,0.800388,1.855513,0.9407,86.4,60.0,59.4831,1.35,0.471347,0.006241,0.004104,0.002542,0.001624,0.000863,0.000427,0.000311,0.000482,0.000733,0.000606,0.013241,0.008707,0.005393,0.003445,0.000906,0.001023,0.001286,6.7e-05,59.33,18.05,0.2137,0.000342,60.0
int_35_05,int_sim_35,INT_0035_2p_ca_cond10_83ms,10,train,Interruption,2,SCENARIO_CONTROLLER,phase-to-phase,"A,C",0.0017,0.001,78.4,0.0296,0.108,148,540,0.431355,0.800388,1.855522,0.9375,86.4,60.0,59.4717,1.34,0.471344,0.006257,0.004094,0.00255,0.001613,0.000877,0.000403,0.000318,0.000484,0.00073,0.000611,0.013275,0.008686,0.00541,0.003422,0.000855,0.001027,0.001296,6.7e-05,59.33,18.06,0.2137,0.000342,60.0
int_35_06,int_sim_35,INT_0035_2p_ca_cond10_83ms,10,train,Interruption,2,SCENARIO_CONTROLLER,phase-to-phase,"A,C",0.0017,0.001,78.4,0.0306,0.109,153,545,0.431363,0.800388,1.855487,0.9439,86.4,60.0,59.4717,1.28,0.471353,0.006249,0.004114,0.002524,0.001639,0.000852,0.000426,0.000316,0.000484,0.000724,0.000619,0.013258,0.008728,0.005355,0.003477,0.000904,0.001027,0.001313,6.7e-05,59.33,18.06,0.2137,0.000342,60.0
int_35_07,int_sim_35,INT_0035_2p_ca_cond10_83ms,10,train,Interruption,2,SCENARIO_CONTROLLER,phase-to-phase,"A,C",0.0017,0.001,78.4,0.0316,0.11,158,550,0.431389,0.800388,1.855373,0.9496,86.4,60.0,59.4717,1.18,0.471381,0.006211,0.004152,0.002512,0.001625,0.000883,0.000394,0.000322,0.00047,0.000749,0.000595,0.013176,0.008808,0.005329,0.003447,0.000836,0.000997,0.001262,6.7e-05,59.33,18.06,0.2137,0.000342,60.0
int_35_08,int_sim_35,INT_0035_2p_ca_cond10_83ms,10,train,Interruption,2,SCENARIO_CONTROLLER,phase-to-phase,"A,C",0.0017,0.001,78.4,0.0326,0.111,163,555,0.431412,0.800388,1.855275,0.9488,86.4,60.0,59.4717,1.08,0.471406,0.006183,0.004157,0.002534,0.001601,0.00089,0.000398,0.000332,0.00047,0.000737,0.000608,0.013116,0.008818,0.005375,0.003396,0.000844,0.000997,0.00129,6.7e-05,59.33,18.06,0.2137,0.000342,60.0
int_35_09,int_sim_35,INT_0035_2p_ca_cond10_83ms,10,train,Interruption,2,SCENARIO_CONTROLLER,phase-to-phase,"A,C",0.0017,0.001,78.4,0.0336,0.112,168,560,0.431443,0.800388,1.855141,0.945,86.4,60.0,59.4717,1.03,0.47144,0.006162,0.004131,0.002552,0.001619,0.000866,0.000405,0.000319,0.000466,0.00075,0.000603,0.013071,0.008763,0.005413,0.003434,0.000859,0.000988,0.001279,6.6e-05,59.33,18.06,0.2137,0.000342,60.0
int_35_10,int_sim_35,INT_0035_2p_ca_cond10_83ms,10,train,Interruption,2,SCENARIO_CONTROLLER,phase-to-phase,"A,C",0.0017,0.001,78.4,0.0346,0.113,173,565,0.431473,0.800388,1.855011,0.9403,86.4,60.0,59.4717,1.06,0.471473,0.006164,0.004102,0.00253,0.001636,0.000892,0.000385,0.000337,0.000479,0.000735,0.000589,0.013074,0.0087,0.005366,0.00347,0.000817,0.001016,0.001249,6.6e-05,59.33,18.05,0.2137,0.000341,60.0
int_35_11,int_sim_35,INT_0035_2p_ca_cond10_83ms,10,train,Interruption,2,SCENARIO_CONTROLLER,phase-to-phase,"A,C",0.0017,0.001,78.4,0.0356,0.114,178,570,0.431511,0.800388,1.854848,0.9388,86.4,60.0,59.4717,1.15,0.471514,0.006202,0.004109,0.002498,0.001593,0.000879,0.00042,0.000314,0.000453,0.000735,0.00061,0.013153,0.008714,0.005298,0.003378,0.000891,0.000961,0.001294,6.6e-05,59.33,18.05,0.2137,0.000342,60.0
int_35_12,int_sim_35,INT_0035_2p_ca_cond10_83ms,10,train,Interruption,2,SCENARIO_CONTROLLER,phase-to-phase,"A,C",0.0017,0.001,78.4,0.0366,0.115,183,575,0.431537,0.800388,1.854738,0.9471,86.4,60.0,59.4717,1.24,0.471543,0.006251,0.004153,0.002529,0.001596,0.000855,0.000384,0.000342,0.00048,0.000747,0.000602,0.013256,0.008807,0.005363,0.003385,0.000814,0.001018,0.001277,6.7e-05,59.33,18.06,0.2137,0.000342,60.0
int_35_13,int_sim_35,INT_0035_2p_ca_cond10_83ms,10,train,Interruption,2,SCENARIO_CONTROLLER,phase-to-phase,"A,C",0.0017,0.001,78.4,0.0376,0.116,188,580,0.431543,0.800388,1.85471,0.9541,86.4,60.0,59.4396,1.22,0.47155,0.006275,0.004176,0.002553,0.001624,0.000884,0.000408,0.000324,0.000458,0.000728,0.000587,0.013307,0.008856,0.005414,0.003444,0.000865,0.000971,0.001245,6.8e-05,59.33,18.05,0.2137,0.000342,60.0
int_35_14,int_sim_35,INT_0035_2p_ca_cond10_83ms,10,train,Interruption,2,SCENARIO_CONTROLLER,phase-to-phase,"A,C",0.0017,0.001,78.4,0.0386,0.117,193,585,0.431539,0.800388,1.854729,0.9506,86.4,60.0,59.4811,1.26,0.471546,0.006275,0.004166,0.002537,0.001606,0.000867,0.000399,0.000342,0.000476,0.000743,0.000601,0.013307,0.008835,0.00538,0.003406,0.000846,0.001009,0.001275,6.8e-05,59.33,18.05,0.2137,0.000342,60.0
int_35_15,int_sim_35,INT_0035_2p_ca_cond10_83ms,10,train,Interruption,2,SCENARIO_CONTROLLER,phase-to-phase,"A,C",0.0017,0.001,78.4,0.0396,0.118,198,590,0.431521,0.800388,1.854805,0.9415,86.4,60.0,59.4811,1.16,0.471527,0.006251,0.004128,0.002504,0.001585,0.000858,0.00039,0.000311,0.000448,0.000721,0.000586,0.013257,0.008755,0.00531,0.003361,0.000827,0.00095,0.001243,6.7e-05,59.33,18.05,0.2137,0.000342,60.0
int_35_16,int_sim_35,INT_0035_2p_ca_cond10_83ms,10,train,Interruption,2,SCENARIO_CONTROLLER,phase-to-phase,"A,C",0.0017,0.001,78.4,0.0406,0.119,203,595,0.431492,0.800388,1.85493,0.9407,86.4,60.0,59.4811,1.06,0.471496,0.006213,0.00411,0.002522,0.001617,0.000883,0.000404,0.000333,0.000462,0.000722,0.00058,0.013177,0.008717,0.005349,0.00343,0.000857,0.00098,0.00123,6.7e-05,59.33,18.05,0.2137,0.000343,60.0
int_35_17,int_sim_35,INT_0035_2p_ca_cond10_83ms,10,train,Interruption,2,SCENARIO_CONTROLLER,phase-to-phase,"A,C",0.0017,0.001,78.4,0.0416,0.12,208,600,0.431463,0.800388,1.855056,0.9439,86.4,60.0,59.4811,0.99,0.471464,0.006188,0.004131,0.002548,0.00161,0.000855,0.000382,0.000309,0.000453,0.000737,0.000597,0.013125,0.008762,0.005404,0.003415,0.00081,0.000961,0.001266,6.7e-05,59.33,18.06,0.2137,0.000341,60.0
int_35_18,int_sim_35,INT_0035_2p_ca_cond10_83ms,10,train,Interruption,2,SCENARIO_CONTROLLER,phase-to-phase,"A,C",0.0017,0.001,78.4,0.0426,0.121,213,605,0.431437,0.800388,1.855168,0.9479,86.4,60.0,59.4811,1.01,0.471436,0.006184,0.004157,0.002538,0.001589,0.000865,0.000403,0.000327,0.000457,0.000725,0.000593,0.013117,0.008818,0.005384,0.003371,0.000855,0.000969,0.001258,6.7e-05,59.33,18.06,0.2138,0.000341,60.0
int_35_19,int_sim_35,INT_0035_2p_ca_cond10_83ms,10,train,Interruption,2,SCENARIO_CONTROLLER,phase-to-phase,"A,C",0.0017,0.001,78.4,0.0436,0.122,218,610,0.431406,0.800388,1.855302,0.9507,86.4,60.0,59.4811,1.08,0.471402,0.006207,0.004164,0.002505,0.001614,0.000875,0.000376,0.000301,0.00046,0.000742,0.00058,0.013167,0.008833,0.005314,0.003424,0.000798,0.000976,0.00123,6.7e-05,59.33,18.06,0.2138,0.000341,60.0
int_35_20,int_sim_35,INT_0035_2p_ca_cond10_83ms,10,train,Interruption,2,SCENARIO_CONTROLLER,phase-to-phase,"A,C",0.0017,0.001,78.4,0.0446,0.123,223,615,0.431387,0.800388,1.855383,0.9472,86.4,60.0,59.4811,1.18,0.471381,0.006238,0.00414,0.002515,0.001626,0.00085,0.000391,0.000323,0.000453,0.000734,0.000596,0.013233,0.008783,0.005335,0.003449,0.000829,0.000961,0.001264,6.7e-05,59.33,18.06,0.2138,0.000342,60.0
int_35_21,int_sim_35,INT_0035_2p_ca_cond10_83ms,10,train,Interruption,2,SCENARIO_CONTROLLER,phase-to-phase,"A,C",0.0017,0.001,78.4,0.0456,0.124,228,620,0.431378,0.800388,1.85542,0.9406,86.4,60.0,59.4811,1.24,0.471372,0.006261,0.004116,0.00254,0.001602,0.000868,0.000388,0.000307,0.00046,0.000733,0.000592,0.013283,0.008732,0.005389,0.003399,0.000823,0.000976,0.001256,6.7e-05,59.33,18.05,0.2138,0.000342,60.0
int_35_22,int_sim_35,INT_0035_2p_ca_cond10_83ms,10,train,Interruption,2,SCENARIO_CONTROLLER,phase-to-phase,"A,C",0.0017,0.001,78.4,0.0466,0.125,233,625,0.43138,0.800388,1.855411,0.9419,86.4,60.0,59.4703,1.2,0.471374,0.006265,0.00412,0.002532,0.00161,0.000861,0.000388,0.000322,0.000448,0.000744,0.000583,0.013291,0.00874,0.005372,0.003416,0.000823,0.00095,0.001237,6.7e-05,59.33,18.05,0.2138,0.000341,60.0
int_35_23,int_sim_35,INT_0035_2p_ca_cond10_83ms,10,train,Interruption,2,SCENARIO_CONTROLLER,phase-to-phase,"A,C",0.0017,0.001,78.4,0.0476,0.126,238,630,0.431393,0.800388,1.855358,0.9504,86.4,60.0,59.4703,1.13,0.471387,0.00625,0.004149,0.002499,0.001639,0.000838,0.000412,0.000306,0.000463,0.000727,0.000599,0.013259,0.008802,0.005301,0.003477,0.000874,0.000982,0.001271,6.7e-05,59.33,18.05,0.2138,0.000343,60.0
int_35_24,int_sim_35,INT_0035_2p_ca_cond10_83ms,10,train,Interruption,2,SCENARIO_CONTROLLER,phase-to-phase,"A,C",0.0017,0.001,78.4,0.0486,0.127,243,635,0.431418,0.800388,1.855252,0.9529,86.4,60.0,59.4703,1.02,0.471414,0.006215,0.004175,0.002504,0.001614,0.000869,0.000384,0.000328,0.000438,0.000746,0.000594,0.013184,0.008856,0.005312,0.003424,0.000815,0.000929,0.00126,6.7e-05,59.33,18.05,0.2138,0.000342,60.0
int_35_25,int_sim_35,INT_0035_2p_ca_cond10_83ms,10,train,Interruption,2,SCENARIO_CONTROLLER,phase-to-phase,"A,C",0.0017,0.001,78.4,0.0496,0.128,248,640,0.43145,0.800388,1.855112,0.9501,86.4,60.0,59.4703,0.94,0.471449,0.006182,0.004163,0.002539,0.001602,0.000848,0.000413,0.000307,0.000461,0.000741,0.00058,0.013113,0.00883,0.005386,0.003398,0.000876,0.000978,0.00123,6.7e-05,59.33,18.05,0.2137,0.000341,60.0
int_35_26,int_sim_35,INT_0035_2p_ca_cond10_83ms,10,train,Interruption,2,SCENARIO_CONTROLLER,phase-to-phase,"A,C",0.0017,0.001,78.4,0.0506,0.129,253,645,0.431498,0.800388,1.854905,0.9433,86.4,60.0,59.4703,0.93,0.471501,0.006162,0.004113,0.002543,0.001648,0.000835,0.000386,0.000328,0.000427,0.000739,0.000608,0.013069,0.008723,0.005393,0.003495,0.000819,0.000906,0.001289,6.6e-05,59.33,18.04,0.2137,0.000342,60.0
int_35_27,int_sim_35,INT_0035_2p_ca_cond10_83ms,10,train,Interruption,2,SCENARIO_CONTROLLER,phase-to-phase,"A,C",0.0017,0.001,78.4,0.0516,0.13,258,650,0.431525,0.800388,1.854789,0.9397,86.4,60.0,59.4703,0.99,0.471531,0.006175,0.004097,0.002515,0.001642,0.000856,0.000393,0.000316,0.000439,0.00075,0.000606,0.013096,0.008689,0.005334,0.003482,0.000833,0.000931,0.001285,6.6e-05,59.33,18.05,0.2137,0.000342,60.0
int_35_28,int_sim_35,INT_0035_2p_ca_cond10_83ms,10,train,Interruption,2,SCENARIO_CONTROLLER,phase-to-phase,"A,C",0.0017,0.001,78.4,0.0526,0.131,263,655,0.431547,0.800388,1.854697,0.9411,86.4,60.0,59.4703,1.09,0.471554,0.006203,0.004113,0.00251,0.001618,0.000833,0.000398,0.000325,0.000427,0.000736,0.000601,0.013154,0.008722,0.005323,0.003431,0.000844,0.000906,0.001275,6.6e-05,59.33,18.05,0.2137,0.000342,60.0
int_35_29,int_sim_35,INT_0035_2p_ca_cond10_83ms,10,train,Interruption,2,SCENARIO_CONTROLLER,phase-to-phase,"A,C",0.0017,0.001,78.4,0.0536,0.132,268,660,0.431563,0.800388,1.854628,0.9504,86.4,60.0,59.4703,1.17,0.471573,0.006241,0.004152,0.002547,0.001645,0.000842,0.000378,0.000317,0.000439,0.000754,0.000618,0.013234,0.008805,0.005401,0.003488,0.000802,0.000931,0.001311,6.7e-05,59.33,18.04,0.2137,0.000342,60.0
int_35_30,int_sim_35,INT_0035_2p_ca_cond10_83ms,10,train,Interruption,2,SCENARIO_CONTROLLER,phase-to-phase,"A,C",0.0017,0.001,78.4,0.0546,0.133,273,665,0.431565,0.800388,1.854616,0.9544,86.4,60.0,59.482,1.2,0.471576,0.006258,0.004164,0.002558,0.001659,0.00086,0.000404,0.000319,0.000431,0.000744,0.000607,0.01327,0.00883,0.005424,0.003518,0.000857,0.000914,0.001287,6.8e-05,59.33,18.05,0.2137,0.000342,60.0
int_35_31,int_sim_35,INT_0035_2p_ca_cond10_83ms,10,train,Interruption,2,SCENARIO_CONTROLLER,phase-to-phase,"A,C",0.0017,0.001,78.4,0.0556,0.134,278,670,0.431556,0.800388,1.854658,0.9471,86.4,60.0,59.482,1.15,0.471566,0.006249,0.00414,0.002529,0.001631,0.000834,0.000379,0.000313,0.000426,0.000735,0.000596,0.013252,0.008779,0.005363,0.003459,0.000804,0.000903,0.001264,6.7e-05,59.33,18.04,0.2137,0.000343,60.0
int_35_32,int_sim_35,INT_0035_2p_ca_cond10_83ms,10,train,Interruption,2,SCENARIO_CONTROLLER,phase-to-phase,"A,C",0.0017,0.001,78.4,0.0566,0.135,283,675,0.43153,0.800388,1.854769,0.9416,86.4,60.0,59.482,1.05,0.471538,0.006212,0.004103,0.002518,0.001646,0.000866,0.000412,0.000321,0.000443,0.000762,0.000621,0.013174,0.008701,0.00534,0.003491,0.000874,0.000939,0.001317,6.7e-05,59.33,18.04,0.2137,0.000342,60.0
int_36_01,int_sim_36,INT_0036_2p_ca_cond16_63ms,16,train,Interruption,2,SCENARIO_CONTROLLER,phase-to-phase,"A,C",0.0017,0.001,68.0,0.0202,0.0882,101,441,0.482578,0.988063,2.047466,1.573,68.4,60.0,61.6588,0.27,0.572723,0.016823,0.007866,0.00354,0.00378,0.001451,0.002235,0.002733,0.002281,0.001876,0.002421,0.029374,0.013734,0.006181,0.0066,0.003902,0.003983,0.004227,0.000401,62.8,55.84,0.1862,0.003595,60.0
int_36_02,int_sim_36,INT_0036_2p_ca_cond16_63ms,16,train,Interruption,2,SCENARIO_CONTROLLER,phase-to-phase,"A,C",0.0017,0.001,68.0,0.0212,0.0892,106,446,0.482578,0.988063,2.047466,1.5734,68.4,60.0,61.6588,0.01,0.572723,0.016823,0.007867,0.003541,0.003781,0.001453,0.002238,0.002737,0.002285,0.001879,0.002425,0.029374,0.013736,0.006183,0.006602,0.003908,0.00399,0.004234,0.000401,62.8,55.84,0.1862,0.003595,60.0
int_36_03,int_sim_36,INT_0036_2p_ca_cond16_63ms,16,train,Interruption,2,SCENARIO_CONTROLLER,phase-to-phase,"A,C",0.0017,0.001,68.0,0.0222,0.0902,111,451,0.48258,0.988063,2.047457,1.5727,68.4,60.0,61.6588,-0.3,0.572725,0.016821,0.007864,0.003538,0.00378,0.001453,0.002236,0.002737,0.002286,0.001882,0.002428,0.02937,0.013731,0.006177,0.0066,0.003904,0.003991,0.004239,0.000401,62.8,55.84,0.1862,0.003595,60.0
int_36_04,int_sim_36,INT_0036_2p_ca_cond16_63ms,16,train,Interruption,2,SCENARIO_CONTROLLER,phase-to-phase,"A,C",0.0017,0.001,68.0,0.0232,0.0912,116,456,0.482584,0.988063,2.04744,1.5734,68.4,60.0,61.6588,-0.52,0.57273,0.016811,0.007864,0.003543,0.003787,0.001455,0.002239,0.002734,0.002284,0.001881,0.002427,0.029352,0.013731,0.006186,0.006612,0.003909,0.003988,0.004238,0.000401,62.8,55.84,0.1862,0.003595,60.0
int_36_05,int_sim_36,INT_0036_2p_ca_cond16_63ms,16,train,Interruption,2,SCENARIO_CONTROLLER,phase-to-phase,"A,C",0.0017,0.001,68.0,0.0242,0.0922,121,461,0.482585,0.988063,2.047438,1.5736,68.4,60.0,61.6601,-0.57,0.57273,0.016809,0.007867,0.003547,0.003787,0.001451,0.002234,0.002736,0.002289,0.001879,0.002421,0.029349,0.013736,0.006193,0.006612,0.003901,0.003997,0.004227,0.000401,62.8,55.84,0.1862,0.003595,60.0
int_36_06,int_sim_36,INT_0036_2p_ca_cond16_63ms,16,train,Interruption,2,SCENARIO_CONTROLLER,phase-to-phase,"A,C",0.0017,0.001,68.0,0.0252,0.0932,126,466,0.482587,0.988063,2.047429,1.5729,68.4,60.0,61.6601,-0.46,0.572733,0.016808,0.007862,0.003551,0.003791,0.001446,0.00223,0.00274,0.00229,0.001877,0.002421,0.029347,0.013727,0.0062,0.006619,0.003894,0.003998,0.004227,0.000401,62.8,55.84,0.1862,0.003595,60.0
int_36_07,int_sim_36,INT_0036_2p_ca_cond16_63ms,16,train,Interruption,2,SCENARIO_CONTROLLER,phase-to-phase,"A,C",0.0017,0.001,68.0,0.0262,0.0942,131,471,0.482587,0.988063,2.047429,1.5729,68.4,60.0,61.6601,-0.27,0.572733,0.016808,0.007863,0.00355,0.003791,0.001447,0.002228,0.00274,0.002293,0.001872,0.002423,0.029347,0.013729,0.006198,0.006619,0.00389,0.004004,0.004231,0.000401,62.8,55.84,0.1862,0.003595,60.0
int_36_08,int_sim_36,INT_0036_2p_ca_cond16_63ms,16,train,Interruption,2,SCENARIO_CONTROLLER,phase-to-phase,"A,C",0.0017,0.001,68.0,0.0272,0.0952,136,476,0.482594,0.988063,2.047399,1.5741,68.4,60.0,61.6601,-0.14,0.572741,0.016799,0.007872,0.003542,0.003795,0.001448,0.002218,0.002749,0.002289,0.001873,0.00243,0.029331,0.013744,0.006184,0.006626,0.003873,0.003997,0.004243,0.0004,62.8,55.84,0.1862,0.003595,60.0
int_36_09,int_sim_36,INT_0036_2p_ca_cond16_63ms,16,train,Interruption,2,SCENARIO_CONTROLLER,phase-to-phase,"A,C",0.0017,0.001,68.0,0.0282,0.0962,141,481,0.482585,0.988063,2.047438,1.5722,68.4,60.0,61.6601,-0.17,0.57273,0.016809,0.007864,0.003553,0.003784,0.001458,0.00222,0.002745,0.002295,0.001867,0.002441,0.029349,0.013731,0.006204,0.006607,0.003876,0.004007,0.004262,0.000401,62.8,55.84,0.1862,0.003595,60.0
int_36_10,int_sim_36,INT_0036_2p_ca_cond16_63ms,16,train,Interruption,2,SCENARIO_CONTROLLER,phase-to-phase,"A,C",0.0017,0.001,68.0,0.0292,0.0972,146,486,0.48258,0.988063,2.047459,1.5733,68.4,60.0,61.6601,-0.37,0.572724,0.016809,0.007868,0.00355,0.003788,0.001453,0.002222,0.002742,0.002299,0.001861,0.002445,0.029349,0.013738,0.006198,0.006614,0.00388,0.004014,0.004269,0.000401,62.8,55.84,0.1862,0.003595,60.0
int_36_11,int_sim_36,INT_0036_2p_ca_cond16_63ms,16,train,Interruption,2,SCENARIO_CONTROLLER,phase-to-phase,"A,C",0.0017,0.001,68.0,0.0302,0.0982,151,491,0.48258,0.988063,2.047458,1.5732,68.4,60.0,61.6601,-0.66,0.572725,0.01681,0.007867,0.00355,0.003788,0.001451,0.002222,0.002739,0.002303,0.001857,0.002449,0.029351,0.013736,0.006198,0.006614,0.00388,0.004021,0.004276,0.000401,62.8,55.84,0.1862,0.003595,60.0
int_36_12,int_sim_36,INT_0036_2p_ca_cond16_63ms,16,train,Interruption,2,SCENARIO_CONTROLLER,phase-to-phase,"A,C",0.0017,0.001,68.0,0.0312,0.0992,156,496,0.482585,0.988063,2.047437,1.5734,68.4,60.0,61.6601,-0.92,0.57273,0.016819,0.007863,0.003551,0.003795,0.001442,0.002231,0.002735,0.0023,0.001866,0.002441,0.029366,0.013729,0.0062,0.006626,0.003895,0.004016,0.004262,0.000401,62.8,55.84,0.1862,0.003595,60.0
int_36_13,int_sim_36,INT_0036_2p_ca_cond16_63ms,16,train,Interruption,2,SCENARIO_CONTROLLER,phase-to-phase,"A,C",0.0017,0.001,68.0,0.0322,0.1002,161,501,0.482585,0.988063,2.047438,1.5732,68.4,60.0,61.6601,-1.03,0.57273,0.016817,0.007861,0.003552,0.003797,0.001441,0.002231,0.002737,0.002301,0.001862,0.002442,0.029363,0.013725,0.006202,0.00663,0.003895,0.004018,0.004264,0.000401,62.8,55.84,0.1862,0.003595,60.0
int_36_14,int_sim_36,INT_0036_2p_ca_cond16_63ms,16,train,Interruption,2,SCENARIO_CONTROLLER,phase-to-phase,"A,C",0.0017,0.001,68.0,0.0332,0.1012,166,506,0.482582,0.988063,2.047449,1.5742,68.4,60.0,61.6584,-0.95,0.572727,0.016816,0.007867,0.003558,0.003789,0.00143,0.002244,0.002744,0.002289,0.001851,0.002454,0.029361,0.013736,0.006212,0.006616,0.003918,0.003997,0.004285,0.000401,62.8,55.84,0.1862,0.003595,60.0
int_36_15,int_sim_36,INT_0036_2p_ca_cond16_63ms,16,train,Interruption,2,SCENARIO_CONTROLLER,phase-to-phase,"A,C",0.0017,0.001,68.0,0.0342,0.1022,171,511,0.482591,0.988063,2.04741,1.5734,68.4,60.0,61.6584,-0.76,0.572738,0.016826,0.007864,0.003538,0.003783,0.001443,0.002248,0.002733,0.002274,0.001846,0.002465,0.029378,0.013731,0.006177,0.006605,0.003925,0.00397,0.004304,0.000401,62.8,55.84,0.1862,0.003595,60.0
int_36_16,int_sim_36,INT_0036_2p_ca_cond16_63ms,16,train,Interruption,2,SCENARIO_CONTROLLER,phase-to-phase,"A,C",0.0017,0.001,68.0,0.0352,0.1032,176,516,0.482592,0.988063,2.047408,1.5733,68.4,60.0,61.6584,-0.59,0.572739,0.016827,0.007864,0.003534,0.003779,0.001442,0.002254,0.002739,0.002275,0.001843,0.002458,0.02938,0.013731,0.00617,0.006598,0.003935,0.003972,0.004292,0.000401,62.8,55.84,0.1862,0.003595,60.0
int_36_17,int_sim_36,INT_0036_2p_ca_cond16_63ms,16,train,Interruption,2,SCENARIO_CONTROLLER,phase-to-phase,"A,C",0.0017,0.001,68.0,0.0362,0.1042,181,521,0.482598,0.988063,2.047382,1.5746,68.4,60.0,61.6584,-0.55,0.572746,0.016832,0.007868,0.003541,0.003786,0.001449,0.002255,0.002739,0.002273,0.001841,0.002452,0.029388,0.013737,0.006182,0.00661,0.003937,0.003969,0.004281,0.000401,62.8,55.83,0.1862,0.003594,60.0
int_36_18,int_sim_36,INT_0036_2p_ca_cond16_63ms,16,train,Interruption,2,SCENARIO_CONTROLLER,phase-to-phase,"A,C",0.0017,0.001,68.0,0.0372,0.1052,186,526,0.482593,0.988063,2.047402,1.5744,68.4,60.0,61.6584,-0.67,0.57274,0.01683,0.007869,0.00354,0.003785,0.001448,0.00225,0.002735,0.002269,0.001837,0.002446,0.029385,0.013739,0.006181,0.006609,0.003928,0.003962,0.004271,0.000401,62.8,55.83,0.1862,0.003594,60.0
int_36_19,int_sim_36,INT_0036_2p_ca_cond16_63ms,16,train,Interruption,2,SCENARIO_CONTROLLER,phase-to-phase,"A,C",0.0017,0.001,68.0,0.0382,0.1062,191,531,0.482586,0.988063,2.047433,1.5767,68.4,60.0,61.6584,-0.93,0.572732,0.016833,0.007878,0.003548,0.003794,0.001457,0.002257,0.002742,0.002275,0.001841,0.00245,0.029391,0.013755,0.006195,0.006624,0.003941,0.003972,0.004278,0.000402,62.8,55.84,0.1862,0.003595,60.0
int_36_20,int_sim_36,INT_0036_2p_ca_cond16_63ms,16,train,Interruption,2,SCENARIO_CONTROLLER,phase-to-phase,"A,C",0.0017,0.001,68.0,0.0392,0.1072,196,536,0.482591,0.988063,2.047412,1.5759,68.4,60.0,61.6584,-1.2,0.572738,0.016827,0.007872,0.003544,0.003794,0.00146,0.002259,0.002746,0.002278,0.001842,0.002452,0.02938,0.013745,0.006188,0.006624,0.003944,0.003977,0.004281,0.000401,62.8,55.84,0.1862,0.003595,60.0
int_36_21,int_sim_36,INT_0036_2p_ca_cond16_63ms,16,train,Interruption,2,SCENARIO_CONTROLLER,phase-to-phase,"A,C",0.0017,0.001,68.0,0.0402,0.1082,201,541,0.48259,0.988063,2.047414,1.5756,68.4,60.0,61.6584,-1.37,0.572737,0.016829,0.007869,0.00354,0.003794,0.001464,0.002264,0.002746,0.002274,0.001839,0.002453,0.029383,0.013739,0.006181,0.006624,0.003953,0.00397,0.004283,0.000401,62.8,55.84,0.1862,0.003595,60.0
int_36_22,int_sim_36,INT_0036_2p_ca_cond16_63ms,16,train,Interruption,2,SCENARIO_CONTROLLER,phase-to-phase,"A,C",0.0017,0.001,68.0,0.0412,0.1092,206,546,0.482589,0.988063,2.047419,1.5763,68.4,60.0,61.6614,-1.37,0.572736,0.016829,0.007874,0.003538,0.003789,0.001469,0.00227,0.002743,0.002266,0.001847,0.002463,0.029384,0.013748,0.006177,0.006616,0.003963,0.003956,0.0043,0.000402,62.8,55.84,0.1862,0.003595,60.0
int_36_23,int_sim_36,INT_0036_2p_ca_cond16_63ms,16,train,Interruption,2,SCENARIO_CONTROLLER,phase-to-phase,"A,C",0.0017,0.001,68.0,0.0422,0.1102,211,551,0.482588,0.988063,2.047424,1.5763,68.4,60.0,61.6614,-1.2,0.572734,0.016831,0.007873,0.003534,0.003792,0.001471,0.002268,0.002739,0.002273,0.001845,0.002454,0.029387,0.013746,0.00617,0.006621,0.00396,0.003969,0.004285,0.000402,62.8,55.84,0.1862,0.003595,60.0
int_36_24,int_sim_36,INT_0036_2p_ca_cond16_63ms,16,train,Interruption,2,SCENARIO_CONTROLLER,phase-to-phase,"A,C",0.0017,0.001,68.0,0.0432,0.1112,216,556,0.482584,0.988063,2.047441,1.5761,68.4,60.0,61.6614,-1.0,0.572729,0.016836,0.007871,0.003527,0.0038,0.001469,0.002258,0.002747,0.002274,0.001838,0.002464,0.029396,0.013743,0.006158,0.006635,0.003943,0.00397,0.004302,0.000402,62.8,55.84,0.1862,0.003595,60.0
int_36_25,int_sim_36,INT_0036_2p_ca_cond16_63ms,16,train,Interruption,2,SCENARIO_CONTROLLER,phase-to-phase,"A,C",0.0017,0.001,68.0,0.0442,0.1122,221,561,0.482574,0.988063,2.047484,1.5746,68.4,60.0,61.6614,-0.89,0.572717,0.016849,0.007858,0.003535,0.003799,0.001464,0.002268,0.002739,0.002276,0.001839,0.002457,0.029419,0.013721,0.006172,0.006633,0.00396,0.003974,0.00429,0.000402,62.8,55.84,0.1863,0.003595,60.0
int_36_26,int_sim_36,INT_0036_2p_ca_cond16_63ms,16,train,Interruption,2,SCENARIO_CONTROLLER,phase-to-phase,"A,C",0.0017,0.001,68.0,0.0452,0.1132,226,566,0.482575,0.988063,2.047479,1.5747,68.4,60.0,61.6614,-0.94,0.572719,0.016848,0.007858,0.003534,0.0038,0.001463,0.002269,0.002738,0.002277,0.001838,0.002457,0.029418,0.013721,0.006171,0.006635,0.003962,0.003976,0.00429,0.000402,62.8,55.84,0.1863,0.003595,60.0
int_36_27,int_sim_36,INT_0036_2p_ca_cond16_63ms,16,train,Interruption,2,SCENARIO_CONTROLLER,phase-to-phase,"A,C",0.0017,0.001,68.0,0.0462,0.1142,231,571,0.482579,0.988063,2.047464,1.5737,68.4,60.0,61.6614,-1.14,0.572723,0.016849,0.007854,0.003537,0.003796,0.001467,0.002266,0.002742,0.002273,0.001841,0.002454,0.029419,0.013713,0.006176,0.006628,0.003957,0.003969,0.004285,0.000402,62.8,55.84,0.1863,0.003595,60.0
int_36_28,int_sim_36,INT_0036_2p_ca_cond16_63ms,16,train,Interruption,2,SCENARIO_CONTROLLER,phase-to-phase,"A,C",0.0017,0.001,68.0,0.0472,0.1152,236,576,0.482578,0.988063,2.047467,1.5729,68.4,60.0,61.6614,-1.41,0.572722,0.016846,0.007855,0.003539,0.00379,0.001475,0.002257,0.00275,0.002269,0.001837,0.002462,0.029414,0.013715,0.006179,0.006618,0.003941,0.003962,0.004299,0.000402,62.8,55.84,0.1863,0.003595,60.0
int_36_29,int_sim_36,INT_0036_2p_ca_cond16_63ms,16,train,Interruption,2,SCENARIO_CONTROLLER,phase-to-phase,"A,C",0.0017,0.001,68.0,0.0482,0.1162,241,581,0.482571,0.988063,2.047498,1.5711,68.4,60.0,61.6614,-1.62,0.572714,0.016825,0.007851,0.003554,0.003772,0.001477,0.002258,0.002734,0.002279,0.001845,0.002448,0.029378,0.013708,0.006206,0.006586,0.003943,0.003979,0.004274,0.000401,62.8,55.84,0.1863,0.003595,60.0
int_36_30,int_sim_36,INT_0036_2p_ca_cond16_63ms,16,train,Interruption,2,SCENARIO_CONTROLLER,phase-to-phase,"A,C",0.0017,0.001,68.0,0.0492,0.1172,246,586,0.482572,0.988063,2.047492,1.5723,68.4,60.0,61.6536,-1.63,0.572715,0.016835,0.007863,0.003543,0.003768,0.001489,0.002248,0.002728,0.002289,0.001848,0.00244,0.029395,0.013729,0.006186,0.006579,0.003925,0.003997,0.00426,0.000401,62.8,55.84,0.1863,0.003595,60.0
int_36_31,int_sim_36,INT_0036_2p_ca_cond16_63ms,16,train,Interruption,2,SCENARIO_CONTROLLER,phase-to-phase,"A,C",0.0017,0.001,68.0,0.0502,0.1182,251,591,0.482573,0.988063,2.047487,1.5715,68.4,60.0,61.6536,-1.5,0.572717,0.016834,0.007857,0.003541,0.003775,0.001493,0.00224,0.002726,0.002296,0.001854,0.002434,0.029393,0.013719,0.006183,0.006591,0.003911,0.004009,0.00425,0.000401,62.8,55.84,0.1863,0.003595,60.0
int_36_32,int_sim_36,INT_0036_2p_ca_cond16_63ms,16,train,Interruption,2,SCENARIO_CONTROLLER,phase-to-phase,"A,C",0.0017,0.001,68.0,0.0512,0.1192,256,596,0.482577,0.988063,2.04747,1.5715,68.4,60.0,61.6536,-1.29,0.572722,0.016839,0.007859,0.003533,0.003769,0.001494,0.002246,0.002728,0.002292,0.001849,0.002433,0.029402,0.013722,0.006169,0.006581,0.003922,0.004002,0.004248,0.000401,62.8,55.84,0.1863,0.003595,60.0
