frame_id,split,ground_truth,label_idx,rms_voltage,peak_voltage,crest_factor,thd,duration,dominant_freq,system_freq,snr,windowed_duration_ms,mean,variance,std,min,max,peak_to_peak,median,mad,skewness,kurtosis,abs_mean,waveform_factor,impulse_factor,clearance_factor,zero_crossing_rate,h1,h2,h3,h4,h5,h6,h7,h8,h9,h10,h11,h2_ratio,h3_ratio,h4_ratio,h5_ratio,h7_ratio,h9_ratio,h11_ratio,harmonic_energy,thd_2_11,spectral_centroid,spectral_bandwidth,spectral_entropy,spectral_flatness,true_dominant_freq
TRAN_F0000_tran_sim_01_W00,train,Transient,7,0.628665,1.172527,1.865107,0.9542,37.6,60.0,59.9985,14.52,129.0,-0.000145,0.39522,0.628665,-1.141847,1.172527,2.314374,0.007899,0.613159,-0.0031,-1.3745,0.561252,1.1201,2.0891,2.2933,0.024,0.873792,0.006657,0.005674,0.005941,0.005565,0.004137,0.002519,0.001621,0.00191,0.001847,0.001791,0.007619,0.006494,0.006799,0.006369,0.002883,0.002186,0.00205,0.000179,1.5312,61.14,26.85,0.0387,0.000879,60.0
TRAN_F0001_tran_sim_01_W01,train,Transient,7,0.6286,1.17161,1.86384,0.9509,37.6,60.0,60.0017,14.54,127.0,-0.000244,0.395138,0.6286,-1.142815,1.17161,2.314425,0.007389,0.613775,-0.0029,-1.3741,0.561129,1.1202,2.088,2.2928,0.024,0.873721,0.006611,0.005715,0.005743,0.005477,0.003985,0.002523,0.001687,0.001707,0.001768,0.001798,0.007566,0.006541,0.006573,0.006269,0.002888,0.001954,0.002058,0.000174,1.5097,61.13,26.64,0.0387,0.000869,60.0
TRAN_F0002_tran_sim_01_W02,train,Transient,7,0.628692,1.172015,1.864212,0.9374,37.6,60.0,59.999,14.53,125.2,-0.000257,0.395254,0.628692,-1.14458,1.172015,2.316595,0.00655,0.613248,-0.003,-1.3749,0.561218,1.1202,2.0883,2.2932,0.024,0.873872,0.006583,0.00566,0.005747,0.005356,0.004144,0.002526,0.001675,0.001691,0.001973,0.001644,0.007533,0.006477,0.006576,0.006129,0.002891,0.001935,0.001881,0.000173,1.5051,61.13,26.84,0.0386,0.000877,60.0
TRAN_F0003_tran_sim_01_W03,train,Transient,7,0.628567,1.171163,1.863227,0.9327,37.6,60.0,60.0004,14.54,123.2,-0.000235,0.395096,0.628567,-1.145946,1.171163,2.317109,0.006694,0.613376,-0.0031,-1.3743,0.561059,1.1203,2.0874,2.2926,0.024,0.87368,0.006647,0.005588,0.005807,0.005397,0.004218,0.002459,0.001604,0.001665,0.001878,0.001699,0.007608,0.006396,0.006647,0.006177,0.002815,0.001906,0.001945,0.000174,1.5098,61.13,26.81,0.0387,0.000877,60.0
TRAN_F0004_tran_sim_01_W04,train,Transient,7,0.628691,1.169644,1.860445,0.9443,37.6,60.0,59.9989,14.53,121.2,-0.000198,0.395252,0.628691,-1.145056,1.169644,2.3147,0.007777,0.613313,-0.0029,-1.375,0.561227,1.1202,2.0841,2.2884,0.024,0.873859,0.006577,0.00562,0.005864,0.005502,0.00407,0.002496,0.001888,0.001744,0.001824,0.001841,0.007526,0.006431,0.00671,0.006296,0.002856,0.001996,0.002107,0.000176,1.5182,61.14,26.85,0.0387,0.00088,60.0
TRAN_F0005_tran_sim_01_W05,train,Transient,7,0.628637,1.17233,1.864874,0.9409,37.4,60.0,59.9996,14.52,119.4,-0.000133,0.395185,0.628637,-1.144455,1.17233,2.316785,0.007332,0.612189,-0.0029,-1.3744,0.561167,1.1202,2.0891,2.2939,0.024,0.873754,0.006578,0.005599,0.005826,0.005478,0.004204,0.002497,0.001709,0.001727,0.001843,0.001794,0.007528,0.006408,0.006668,0.006269,0.002858,0.001977,0.002053,0.000175,1.514,61.14,26.83,0.0387,0.000877,60.0
TRAN_F0006_tran_sim_01_W06,train,Transient,7,0.628538,1.171219,1.863403,0.9467,37.6,60.0,60.0001,14.53,117.4,-0.000152,0.39506,0.628538,-1.14564,1.171219,2.316859,0.006695,0.611671,-0.003,-1.3742,0.561111,1.1202,2.0873,2.2916,0.024,0.873621,0.006681,0.005564,0.005765,0.005615,0.00416,0.00243,0.001659,0.001743,0.001798,0.001777,0.007647,0.006369,0.006599,0.006427,0.002782,0.001995,0.002034,0.000176,1.5186,61.14,26.84,0.0387,0.000874,60.0
TRAN_F0007_tran_sim_01_W07,train,Transient,7,0.628645,1.173977,1.867471,0.9537,37.6,60.0,59.9985,14.52,115.4,-0.000111,0.395195,0.628645,-1.144612,1.173977,2.318589,0.00847,0.613612,-0.0026,-1.3746,0.561212,1.1202,2.0919,2.2966,0.024,0.873783,0.006547,0.005708,0.00588,0.005535,0.004284,0.002495,0.001742,0.001843,0.001817,0.001707,0.007493,0.006533,0.006729,0.006335,0.002855,0.002109,0.001954,0.000178,1.5269,61.13,26.54,0.0387,0.000861,60.0
TRAN_F0008_tran_sim_01_W08,train,Transient,7,0.628592,1.171196,1.863207,0.9304,37.4,60.0,60.0012,14.54,113.6,-0.000131,0.395128,0.628592,-1.14758,1.171196,2.318776,0.007511,0.613316,-0.0032,-1.3743,0.561138,1.1202,2.0872,2.2918,0.024,0.873713,0.006658,0.005557,0.005797,0.005455,0.004168,0.002333,0.001572,0.00167,0.001749,0.001752,0.00762,0.00636,0.006635,0.006243,0.00267,0.001911,0.002005,0.000173,1.5054,61.13,26.76,0.0387,0.000843,60.0
TRAN_F0009_tran_sim_01_W09,train,Transient,7,0.628512,1.171029,1.863177,0.9422,37.6,60.0,60.001,14.54,111.6,-0.000124,0.395027,0.628512,-1.145318,1.171029,2.316347,0.005996,0.612722,-0.003,-1.3749,0.561074,1.1202,2.0871,2.2915,0.024,0.873611,0.006563,0.005692,0.005892,0.00543,0.004233,0.002425,0.001667,0.001669,0.001889,0.001703,0.007512,0.006515,0.006744,0.006216,0.002776,0.00191,0.001949,0.000176,1.5186,61.13,26.45,0.0387,0.00085,60.0
TRAN_F0010_tran_sim_01_W10,train,Transient,7,0.62861,1.172363,1.865007,0.938,37.6,60.0,60.0006,14.54,109.6,-0.00014,0.395151,0.62861,-1.145196,1.172363,2.317559,0.009451,0.611599,-0.0029,-1.3745,0.561174,1.1202,2.0891,2.2933,0.024,0.873752,0.006525,0.005528,0.005876,0.005513,0.004247,0.002495,0.001693,0.001649,0.001793,0.001767,0.007468,0.006327,0.006725,0.00631,0.002856,0.001887,0.002022,0.000174,1.5097,61.13,26.74,0.0386,0.000862,60.0
TRAN_F0011_tran_sim_01_W11,train,Transient,7,0.628616,1.171391,1.863443,0.9384,37.6,60.0,60.0001,14.53,107.8,-0.000147,0.395158,0.628616,-1.144257,1.171391,2.315647,0.00831,0.61149,-0.0028,-1.374,0.561113,1.1203,2.0876,2.2923,0.024,0.873728,0.006602,0.00567,0.005728,0.005337,0.00409,0.002567,0.001726,0.001763,0.001811,0.001805,0.007556,0.006489,0.006556,0.006108,0.002938,0.002018,0.002066,0.000173,1.5054,61.13,26.57,0.0387,0.000853,60.0
TRAN_F0012_tran_sim_01_W12,train,Transient,7,0.628595,1.171167,1.86315,0.9478,37.6,60.0,60.0002,14.53,105.8,-8.5e-05,0.395132,0.628595,-1.144809,1.171167,2.315975,0.008254,0.612077,-0.0031,-1.3745,0.561149,1.1202,2.0871,2.2916,0.024,0.873716,0.006626,0.005708,0.005765,0.005472,0.004084,0.002461,0.00168,0.001683,0.001967,0.001724,0.007584,0.006533,0.006598,0.006263,0.002817,0.001926,0.001973,0.000175,1.5141,61.14,26.75,0.0387,0.000848,60.0
TRAN_F0013_tran_sim_01_W13,train,Transient,7,0.628647,1.1721,1.864481,0.9371,37.6,60.0,60.0006,14.53,103.8,-0.000203,0.395197,0.628647,-1.144277,1.1721,2.316377,0.008296,0.613494,-0.0028,-1.3744,0.561189,1.1202,2.0886,2.2933,0.024,0.873766,0.006513,0.00566,0.005916,0.005402,0.004306,0.002413,0.001784,0.001765,0.001837,0.001729,0.007454,0.006478,0.006771,0.006182,0.002762,0.00202,0.001979,0.000176,1.5183,61.14,26.79,0.0387,0.000869,60.0
TRAN_F0014_tran_sim_01_W14,train,Transient,7,0.628689,1.171728,1.863765,0.9386,37.6,60.0,59.9992,14.53,102.0,-0.000162,0.39525,0.628689,-1.148974,1.171728,2.320702,0.007315,0.613002,-0.0031,-1.3741,0.561238,1.1202,2.0878,2.2922,0.024,0.873831,0.006607,0.005772,0.005856,0.005296,0.004137,0.002428,0.001798,0.001764,0.001881,0.001632,0.007561,0.006605,0.006702,0.006061,0.002779,0.002019,0.001868,0.000175,1.5139,61.14,26.76,0.0387,0.000864,60.0
TRAN_F0015_tran_sim_01_W15,train,Transient,7,0.628645,1.173393,1.866542,0.9458,37.6,60.0,60.0022,14.53,100.0,-0.000157,0.395195,0.628645,-1.145158,1.173393,2.318552,0.007268,0.61302,-0.0028,-1.3745,0.561216,1.1201,2.0908,2.2951,0.024,0.873772,0.006446,0.005785,0.005786,0.005326,0.004233,0.002542,0.001712,0.001717,0.001869,0.001747,0.007377,0.006621,0.006622,0.006095,0.002909,0.001965,0.001999,0.000174,1.5097,61.14,26.84,0.0387,0.00085,60.0
TRAN_F0016_tran_sim_01_W16,train,Transient,7,0.628623,1.173764,1.867197,0.947,37.6,60.0,59.9983,14.52,98.0,-0.000169,0.395167,0.628623,-1.144733,1.173764,2.318497,0.007124,0.613852,-0.003,-1.3743,0.561184,1.1202,2.0916,2.2964,0.024,0.873732,0.006688,0.005705,0.005786,0.005489,0.004176,0.002406,0.001792,0.001869,0.001988,0.001671,0.007655,0.006529,0.006622,0.006282,0.002754,0.002139,0.001912,0.000178,1.527,61.14,26.96,0.0387,0.000878,60.0
TRAN_F0017_tran_sim_01_W17,train,Transient,7,0.628597,1.169704,1.860817,0.9513,37.6,60.0,60.0021,14.53,96.0,-0.000168,0.395134,0.628597,-1.146196,1.169704,2.3159,0.008685,0.61216,-0.0027,-1.3739,0.561089,1.1203,2.0847,2.2893,0.024,0.873694,0.006598,0.005649,0.005945,0.005602,0.004224,0.002406,0.001664,0.001675,0.001679,0.001637,0.007552,0.006466,0.006804,0.006412,0.002754,0.001917,0.001874,0.000177,1.5227,61.13,26.7,0.0387,0.000874,60.0
TRAN_F0018_tran_sim_01_W18,train,Transient,7,0.628595,1.172304,1.864958,0.9479,37.6,60.0,60.0016,14.53,94.2,-5.8e-05,0.395132,0.628595,-1.145299,1.172304,2.317603,0.007852,0.612693,-0.0029,-1.3741,0.561124,1.1202,2.0892,2.2941,0.024,0.873697,0.006671,0.005676,0.00573,0.005457,0.003989,0.002567,0.001771,0.001792,0.001886,0.00176,0.007635,0.006497,0.006558,0.006246,0.002938,0.002051,0.002014,0.000175,1.5141,61.14,26.84,0.0387,0.000881,60.0
TRAN_F0019_tran_sim_01_W19,train,Transient,7,0.628581,1.171608,1.863894,0.9373,37.6,60.0,60.0019,14.54,92.2,-0.000177,0.395114,0.628581,-1.144019,1.171608,2.315627,0.008172,0.613085,-0.0031,-1.3744,0.561111,1.1202,2.088,2.2925,0.024,0.873701,0.006571,0.005595,0.005903,0.005401,0.004122,0.002567,0.001568,0.001772,0.001876,0.001689,0.007521,0.006404,0.006756,0.006182,0.002938,0.002028,0.001933,0.000174,1.5098,61.13,26.84,0.0387,0.000882,60.0
TRAN_F0020_tran_sim_01_W20,train,Transient,7,0.628528,1.171191,1.863386,0.9269,37.6,60.0,60.002,14.53,90.2,-0.000206,0.395048,0.628528,-1.146052,1.171191,2.317243,0.007577,0.612189,-0.0027,-1.3742,0.561086,1.1202,2.0874,2.2915,0.024,0.873606,0.006511,0.005583,0.005798,0.005344,0.004256,0.002418,0.001783,0.001736,0.001858,0.001707,0.007453,0.006391,0.006637,0.006117,0.002768,0.001987,0.001954,0.000172,1.5012,61.13,26.54,0.0387,0.000854,60.0
TRAN_F0021_tran_sim_01_W21,train,Transient,7,0.628626,1.171303,1.863275,0.9377,37.6,60.0,59.9992,14.53,88.4,-0.000225,0.39517,0.628626,-1.14669,1.171303,2.317993,0.008436,0.613293,-0.0031,-1.3744,0.561164,1.1202,2.0873,2.2918,0.024,0.873748,0.006603,0.005636,0.005815,0.005399,0.004176,0.002492,0.00178,0.001763,0.001955,0.001686,0.007557,0.00645,0.006655,0.006179,0.002852,0.002018,0.00193,0.000175,1.514,61.13,26.64,0.0387,0.000856,60.0
TRAN_F0022_tran_sim_01_W22,train,Transient,7,0.628506,1.168911,1.859825,0.9263,37.6,60.0,59.9984,14.53,86.4,-0.000142,0.39502,0.628506,-1.143063,1.168911,2.311974,0.006332,0.61231,-0.0029,-1.3746,0.561054,1.1202,2.0834,2.2878,0.024,0.873577,0.006586,0.005547,0.005767,0.005366,0.004245,0.002433,0.001734,0.001802,0.00179,0.001696,0.007539,0.00635,0.006602,0.006143,0.002785,0.002063,0.001941,0.000172,1.5013,61.13,26.69,0.0387,0.00085,60.0
TRAN_F0023_tran_sim_01_W23,train,Transient,7,0.628574,1.169801,1.861039,0.9459,37.6,60.0,60.0024,14.54,84.4,-0.000272,0.395106,0.628574,-1.144199,1.169801,2.314,0.007597,0.61402,-0.0031,-1.3745,0.56112,1.1202,2.0848,2.2892,0.024,0.87369,0.006655,0.005671,0.005834,0.005431,0.004167,0.002577,0.001669,0.001756,0.001876,0.001696,0.007617,0.006491,0.006677,0.006216,0.00295,0.00201,0.001941,0.000176,1.5184,61.13,26.64,0.0387,0.000866,60.0
TRAN_F0024_tran_sim_01_W24,train,Transient,7,0.628735,1.173157,1.8659,0.9389,37.6,60.0,59.9997,14.53,82.6,-0.000258,0.395308,0.628735,-1.144674,1.173157,2.317831,0.007886,0.613037,-0.0029,-1.3745,0.561264,1.1202,2.0902,2.2951,0.024,0.873915,0.006622,0.005713,0.00588,0.005316,0.004265,0.002537,0.001782,0.001714,0.00188,0.001796,0.007577,0.006537,0.006728,0.006083,0.002903,0.001961,0.002055,0.000177,1.5224,61.13,26.64,0.0387,0.000877,60.0
TRAN_F0025_tran_sim_01_W25,train,Transient,7,0.628656,1.174806,1.86876,0.9252,37.6,60.0,59.9991,14.52,80.6,-0.000126,0.395208,0.628656,-1.146438,1.174806,2.321245,0.008662,0.611502,-0.003,-1.3741,0.561145,1.1203,2.0936,2.2988,0.024,0.873766,0.006538,0.00552,0.005883,0.00531,0.004198,0.002586,0.001757,0.001677,0.001955,0.001696,0.007483,0.006317,0.006733,0.006077,0.00296,0.001919,0.001941,0.000173,1.5053,61.13,26.66,0.0388,0.000877,60.0
TRAN_F0026_tran_sim_01_W26,train,Transient,7,0.628613,1.170681,1.862323,0.9589,37.6,60.0,60.001,14.53,78.6,-0.000185,0.395155,0.628613,-1.145444,1.170681,2.316125,0.008581,0.612455,-0.0029,-1.3746,0.561151,1.1202,2.0862,2.2908,0.024,0.873724,0.00658,0.005645,0.005885,0.005628,0.004144,0.002581,0.001729,0.001697,0.001734,0.001759,0.007531,0.006461,0.006736,0.006441,0.002954,0.001942,0.002013,0.000177,1.5227,61.13,26.57,0.0387,0.000864,60.0
TRAN_F0027_tran_sim_01_W27,train,Transient,7,0.628573,1.173588,1.867068,0.9471,37.6,60.0,59.9994,14.54,77.0,-0.000295,0.395103,0.628572,-1.145036,1.173588,2.318624,0.008099,0.612971,-0.0031,-1.3744,0.561122,1.1202,2.0915,2.2962,0.024,0.873695,0.006544,0.00557,0.00583,0.005561,0.00408,0.002554,0.001668,0.001647,0.001865,0.001749,0.00749,0.006375,0.006673,0.006365,0.002923,0.001885,0.002002,0.000174,1.5098,61.14,26.8,0.0387,0.000873,60.0
TRAN_F0028_tran_sim_01_W28,train,Transient,7,0.628518,1.17264,1.865723,0.9353,37.6,60.0,60.003,14.54,79.0,-0.000173,0.395035,0.628518,-1.14795,1.17264,2.32059,0.007586,0.612791,-0.0026,-1.3746,0.561102,1.1201,2.0899,2.2946,0.024,0.873617,0.00655,0.005606,0.005783,0.005419,0.004126,0.002443,0.001652,0.001699,0.001865,0.00166,0.007498,0.006417,0.00662,0.006203,0.002796,0.001945,0.0019,0.000172,1.5012,61.13,26.65,0.0386,0.000859,60.0
TRAN_F0029_tran_sim_01_W29,train,Transient,7,0.628643,1.172684,1.865421,0.9499,37.6,60.0,59.9984,14.53,81.0,-0.000234,0.395192,0.628643,-1.145936,1.172684,2.31862,0.006083,0.612656,-0.0027,-1.374,0.561164,1.1202,2.0897,2.2946,0.024,0.873764,0.006545,0.005643,0.005736,0.005498,0.004197,0.002612,0.001585,0.001707,0.001792,0.00175,0.007491,0.006458,0.006565,0.006292,0.002989,0.001954,0.002003,0.000174,1.5097,61.13,26.66,0.0387,0.000878,60.0
TRAN_F0030_tran_sim_01_W30,train,Transient,7,0.628618,1.17264,1.865424,0.9549,37.6,60.0,59.9995,14.53,82.8,-0.000121,0.395161,0.628618,-1.144361,1.17264,2.317,0.008178,0.612729,-0.0034,-1.3746,0.561161,1.1202,2.0897,2.2944,0.024,0.873739,0.006758,0.005705,0.005789,0.005584,0.004268,0.002426,0.001598,0.00183,0.001866,0.001698,0.007735,0.006529,0.006626,0.006391,0.002777,0.002094,0.001943,0.000179,1.5312,61.13,26.61,0.0387,0.000861,60.0
TRAN_F0031_tran_sim_01_W31,train,Transient,7,0.628575,1.1719,1.864376,0.9293,37.6,60.0,60.0012,14.53,84.8,-0.00017,0.395106,0.628575,-1.14467,1.1719,2.31657,0.008692,0.612252,-0.0025,-1.3737,0.561068,1.1203,2.0887,2.2935,0.024,0.873672,0.006515,0.005561,0.005845,0.00539,0.004134,0.002438,0.001795,0.001814,0.00191,0.001789,0.007457,0.006365,0.00669,0.006169,0.002791,0.002076,0.002048,0.000173,1.5055,61.14,26.8,0.0387,0.000873,60.0
TRAN_F0032_tran_sim_02_W00,train,Transient,7,0.676741,1.25417,1.85325,0.5105,42.6,60.0,59.9984,15.68,22.6,0.000108,0.457978,0.676741,-1.25417,1.222262,2.476432,-0.003169,0.660649,-0.0069,-1.378,0.603523,1.1213,2.0781,2.2864,0.023,0.944391,0.007043,0.004594,0.002431,0.000659,0.001167,0.001302,0.000345,0.00048,0.000789,0.000183,0.007458,0.004865,0.002574,0.000698,0.001379,0.000508,0.000194,8.1e-05,0.953,60.25,6.46,0.0291,3e-05,60.0
TRAN_F0033_tran_sim_02_W01,train,Transient,7,0.67677,1.255809,1.855593,0.5159,42.8,60.0,60.0019,15.7,22.8,0.000179,0.458017,0.67677,-1.255809,1.221629,2.477439,-0.004524,0.660463,-0.0064,-1.3778,0.603545,1.1213,2.0807,2.2891,0.024,0.944438,0.006878,0.004608,0.002451,0.000742,0.001278,0.001399,0.000308,0.000428,0.000854,0.000192,0.007283,0.004879,0.002595,0.000786,0.001481,0.000453,0.000203,8e-05,0.947,60.25,6.32,0.0291,2.9e-05,60.0
TRAN_F0034_tran_sim_02_W02,train,Transient,7,0.676762,1.255193,1.854705,0.5198,42.6,60.0,60.002,15.7,22.8,0.000141,0.458007,0.676762,-1.255193,1.223078,2.478272,-0.00331,0.659171,-0.0065,-1.3778,0.603517,1.1214,2.0798,2.2888,0.024,0.94442,0.006915,0.004696,0.002364,0.000578,0.001217,0.001309,0.000362,0.000419,0.00078,0.000285,0.007322,0.004972,0.002503,0.000612,0.001386,0.000444,0.000302,8e-05,0.9471,60.25,6.38,0.0291,3e-05,60.0
TRAN_F0035_tran_sim_02_W03,train,Transient,7,0.676746,1.259248,1.86074,0.5168,42.8,60.0,60.0018,15.7,22.6,0.000184,0.457985,0.676746,-1.259248,1.221856,2.481104,-0.002844,0.660207,-0.0068,-1.3778,0.603513,1.1213,2.0865,2.2956,0.024,0.9444,0.006967,0.004648,0.002349,0.000577,0.001263,0.00137,0.000178,0.000499,0.000848,0.000281,0.007377,0.004922,0.002487,0.000611,0.001451,0.000528,0.000298,8.1e-05,0.953,60.25,6.37,0.0291,3e-05,60.0
TRAN_F0036_tran_sim_02_W04,train,Transient,7,0.676719,1.25933,1.860936,0.5055,42.6,60.0,60.0002,15.69,22.6,0.000172,0.457948,0.676719,-1.25933,1.224199,2.483528,-0.002772,0.661261,-0.0066,-1.3781,0.603493,1.1213,2.0867,2.2963,0.024,0.944372,0.007009,0.004573,0.002314,0.000623,0.001036,0.001219,0.000263,0.000542,0.000849,0.00024,0.007422,0.004842,0.00245,0.00066,0.001291,0.000574,0.000254,7.9e-05,0.9412,60.25,6.23,0.0291,2.7e-05,60.0
TRAN_F0037_tran_sim_02_W05,train,Transient,7,0.676824,1.25295,1.851221,0.5047,42.8,60.0,60.0,15.69,22.8,0.000152,0.45809,0.676824,-1.25295,1.222427,2.475377,-0.004224,0.660376,-0.0066,-1.3782,0.603561,1.1214,2.0759,2.2846,0.024,0.944528,0.006986,0.004529,0.002337,0.000602,0.001176,0.001358,0.000309,0.000381,0.000887,0.000174,0.007396,0.004795,0.002474,0.000637,0.001438,0.000403,0.000184,7.9e-05,0.941,60.25,6.2,0.0291,2.7e-05,60.0
TRAN_F0038_tran_sim_02_W06,train,Transient,7,0.676784,1.254959,1.854297,0.4925,42.8,60.0,60.0009,15.7,22.8,9.9e-05,0.458037,0.676784,-1.254959,1.221422,2.476381,-0.002403,0.659639,-0.0067,-1.3782,0.603603,1.1212,2.0791,2.2878,0.024,0.944465,0.006879,0.004388,0.002336,0.000755,0.001001,0.001344,0.000327,0.000439,0.000833,0.000163,0.007283,0.004646,0.002473,0.000799,0.001423,0.000465,0.000173,7.6e-05,0.923,60.25,6.32,0.0291,2.9e-05,60.0
TRAN_F0039_tran_sim_02_W07,train,Transient,7,0.676694,1.255573,1.855452,0.5055,42.6,60.0,59.9997,15.68,22.8,0.000158,0.457914,0.676694,-1.255573,1.222334,2.477906,-0.003032,0.659688,-0.0066,-1.3777,0.603468,1.1213,2.0806,2.2892,0.024,0.944307,0.006998,0.004547,0.002336,0.000674,0.001198,0.001287,0.000258,0.000602,0.000866,9.2e-05,0.007411,0.004815,0.002474,0.000714,0.001363,0.000638,9.7e-05,8e-05,0.9472,60.25,6.25,0.0291,2.9e-05,60.0
TRAN_F0040_tran_sim_02_W08,train,Transient,7,0.676739,1.255383,1.855047,0.5008,42.6,60.0,60.0018,15.7,22.8,0.000195,0.457976,0.676739,-1.255383,1.2225,2.477883,-0.001148,0.660618,-0.0063,-1.3781,0.603528,1.1213,2.0801,2.2893,0.024,0.944402,0.006955,0.004523,0.002387,0.000638,0.001186,0.001226,0.000321,0.000413,0.00078,0.000145,0.007364,0.004789,0.002528,0.000676,0.001298,0.000437,0.000154,7.9e-05,0.9411,60.25,6.26,0.0291,2.7e-05,60.0
TRAN_F0041_tran_sim_02_W09,train,Transient,7,0.676818,1.259139,1.86038,0.4992,42.8,60.0,59.998,15.68,22.6,0.000271,0.458083,0.676818,-1.259139,1.224201,2.483339,-0.003754,0.660961,-0.0066,-1.378,0.603616,1.1213,2.086,2.2946,0.024,0.944514,0.007058,0.004488,0.002348,0.000653,0.001022,0.00129,0.000195,0.000393,0.000849,6.4e-05,0.007473,0.004752,0.002486,0.000691,0.001366,0.000416,6.8e-05,8e-05,0.947,60.25,6.37,0.0291,2.9e-05,60.0
TRAN_F0042_tran_sim_02_W10,train,Transient,7,0.676762,1.255786,1.855581,0.5223,42.8,60.0,60.0019,15.7,22.6,0.00019,0.458006,0.676761,-1.255786,1.224634,2.48042,-0.001798,0.659006,-0.0065,-1.3783,0.603565,1.1213,2.0806,2.2896,0.024,0.944443,0.006905,0.004702,0.002457,0.000699,0.001297,0.001316,0.000342,0.000523,0.000846,0.000404,0.007311,0.004979,0.002602,0.00074,0.001393,0.000554,0.000428,8.1e-05,0.9529,60.25,6.41,0.0291,3.1e-05,60.0
TRAN_F0043_tran_sim_02_W11,train,Transient,7,0.676872,1.255707,1.855161,0.5023,42.6,60.0,60.0003,15.69,22.8,0.00012,0.458156,0.676872,-1.255707,1.222991,2.478698,-0.002196,0.659439,-0.0063,-1.3781,0.603646,1.1213,2.0802,2.2892,0.024,0.944586,0.006892,0.004492,0.002365,0.000773,0.001069,0.001317,0.000389,0.000375,0.000757,0.000192,0.007296,0.004756,0.002504,0.000818,0.001394,0.000397,0.000203,7.8e-05,0.935,60.25,6.29,0.0291,2.8e-05,60.0
TRAN_F0044_tran_sim_02_W12,train,Transient,7,0.676777,1.25274,1.851039,0.5123,42.8,60.0,60.0016,15.7,22.8,0.000168,0.458027,0.676777,-1.25274,1.223693,2.476433,-0.003224,0.659525,-0.0064,-1.3783,0.603591,1.1213,2.0755,2.2834,0.024,0.944462,0.006932,0.004571,0.00233,0.000747,0.001135,0.0014,0.000157,0.000366,0.000874,0.000196,0.00734,0.00484,0.002467,0.000791,0.001482,0.000388,0.000208,7.9e-05,0.9411,60.25,6.19,0.0291,2.7e-05,60.0
TRAN_F0045_tran_sim_02_W13,train,Transient,7,0.6768,1.257895,1.858592,0.5148,42.8,60.0,59.9998,15.69,22.6,0.000217,0.458058,0.6768,-1.257895,1.221158,2.479052,-0.003979,0.660632,-0.0069,-1.3786,0.603594,1.1213,2.084,2.293,0.024,0.94449,0.007021,0.00467,0.002427,0.000587,0.001188,0.001218,0.000263,0.000437,0.000779,0.000225,0.007434,0.004944,0.00257,0.000621,0.00129,0.000463,0.000238,8.1e-05,0.9529,60.25,6.41,0.0291,3e-05,60.0
TRAN_F0046_tran_sim_02_W14,train,Transient,7,0.676796,1.254849,1.854102,0.508,42.6,60.0,59.9995,15.69,22.8,0.000249,0.458052,0.676796,-1.254849,1.221891,2.47674,-0.000824,0.660715,-0.0068,-1.378,0.603597,1.1213,2.079,2.2876,0.024,0.944477,0.007027,0.004559,0.002321,0.000598,0.001203,0.001369,0.000322,0.000389,0.00083,0.00016,0.00744,0.004827,0.002457,0.000633,0.001449,0.000412,0.000169,8e-05,0.947,60.25,6.45,0.0291,3e-05,60.0
TRAN_F0047_tran_sim_02_W15,train,Transient,7,0.676824,1.257885,1.858512,0.5169,42.6,60.0,59.9972,15.68,22.8,0.000153,0.45809,0.676824,-1.257885,1.223501,2.481386,-0.001101,0.660243,-0.0063,-1.3778,0.603607,1.1213,2.0839,2.2928,0.024,0.944516,0.006752,0.004622,0.002331,0.000725,0.00114,0.001397,0.000404,0.000403,0.000726,7e-05,0.007149,0.004894,0.002468,0.000768,0.001479,0.000427,7.4e-05,7.7e-05,0.929,60.25,6.33,0.0291,3e-05,60.0
TRAN_F0048_tran_sim_02_W16,train,Transient,7,0.676737,1.256885,1.857271,0.521,42.8,60.0,60.003,15.71,22.6,0.000221,0.457973,0.676737,-1.256885,1.222004,2.478889,-0.002308,0.660915,-0.0068,-1.3781,0.603475,1.1214,2.0827,2.292,0.024,0.944417,0.007075,0.004708,0.002333,0.000751,0.00118,0.001217,0.000408,0.0005,0.000884,0.000229,0.007491,0.004985,0.00247,0.000795,0.001289,0.000529,0.000242,8.2e-05,0.9588,60.25,6.29,0.029,2.8e-05,60.0
TRAN_F0049_tran_sim_02_W17,train,Transient,7,0.676765,1.255947,1.855808,0.5062,42.6,60.0,60.0009,15.69,22.8,0.000204,0.458011,0.676765,-1.255947,1.224513,2.48046,-0.002659,0.66,-0.0062,-1.3784,0.603592,1.1212,2.0808,2.2893,0.024,0.944442,0.006779,0.00459,0.002302,0.000619,0.001232,0.001183,0.000357,0.000447,0.000688,0.000248,0.007178,0.00486,0.002437,0.000655,0.001253,0.000473,0.000263,7.6e-05,0.9231,60.25,6.32,0.0291,2.9e-05,60.0
TRAN_F0050_tran_sim_02_W18,train,Transient,7,0.676714,1.255586,1.855418,0.5123,42.8,60.0,60.0019,15.69,22.8,0.000137,0.457941,0.676714,-1.255586,1.221391,2.476977,-0.001929,0.659255,-0.0065,-1.3781,0.603523,1.1213,2.0804,2.2888,0.024,0.944352,0.006944,0.004645,0.002378,0.000664,0.001049,0.001179,0.000242,0.000548,0.000813,0.000293,0.007353,0.004919,0.002518,0.000703,0.001248,0.00058,0.00031,7.9e-05,0.9412,60.25,6.33,0.0291,3e-05,60.0
TRAN_F0051_tran_sim_02_W19,train,Transient,7,0.676763,1.258921,1.86021,0.5112,42.8,60.0,59.9984,15.68,22.6,0.000171,0.458008,0.676763,-1.258921,1.222634,2.481555,-0.002189,0.659408,-0.0069,-1.3777,0.603528,1.1213,2.0859,2.2954,0.024,0.944415,0.006978,0.004588,0.002333,0.000658,0.001147,0.001351,0.000297,0.000519,0.00075,0.000132,0.007389,0.004858,0.00247,0.000697,0.001431,0.00055,0.00014,8e-05,0.9471,60.25,6.22,0.0291,2.7e-05,60.0
TRAN_F0052_tran_sim_02_W20,train,Transient,7,0.676758,1.2556,1.855317,0.5069,42.6,60.0,59.9964,15.67,22.8,0.000195,0.458001,0.676758,-1.2556,1.220723,2.476324,-0.001395,0.660404,-0.0065,-1.3777,0.603516,1.1214,2.0805,2.2898,0.024,0.944406,0.00693,0.004549,0.002461,0.000612,0.001079,0.00136,0.00031,0.000393,0.000662,0.000267,0.007338,0.004817,0.002606,0.000648,0.00144,0.000416,0.000283,7.9e-05,0.9411,60.25,6.3,0.0291,2.9e-05,60.0
TRAN_F0053_tran_sim_02_W21,train,Transient,7,0.676761,1.257278,1.857788,0.507,42.6,60.0,60.0001,15.69,22.8,0.00019,0.458005,0.676761,-1.257278,1.220975,2.478253,-0.002532,0.660277,-0.0066,-1.3781,0.603527,1.1213,2.0832,2.2927,0.024,0.944424,0.006946,0.004566,0.002371,0.000734,0.00115,0.001241,0.000337,0.000507,0.000768,0.000241,0.007355,0.004835,0.002511,0.000777,0.001314,0.000537,0.000255,7.9e-05,0.9411,60.25,6.34,0.0291,2.9e-05,60.0
TRAN_F0054_tran_sim_02_W22,train,Transient,7,0.676697,1.257929,1.858924,0.5207,42.6,60.0,59.9999,15.69,22.6,0.000148,0.457919,0.676697,-1.257929,1.221027,2.478956,-0.003967,0.659463,-0.0069,-1.3779,0.603482,1.1213,2.0845,2.2936,0.024,0.944342,0.007016,0.00466,0.002459,0.000779,0.001226,0.001362,0.000311,0.000512,0.000897,8.9e-05,0.00743,0.004935,0.002604,0.000825,0.001442,0.000542,9.4e-05,8.2e-05,0.9589,60.25,6.23,0.0291,2.7e-05,60.0
TRAN_F0055_tran_sim_02_W23,train,Transient,7,0.676698,1.255572,1.855438,0.4997,42.8,60.0,60.0,15.69,22.8,0.000332,0.457921,0.676698,-1.255572,1.222321,2.477893,-0.001139,0.658912,-0.0067,-1.378,0.603513,1.1213,2.0804,2.2889,0.024,0.944345,0.006905,0.0045,0.002298,0.000608,0.001135,0.001281,0.00042,0.000542,0.000852,0.00023,0.007312,0.004765,0.002433,0.000644,0.001356,0.000574,0.000244,7.8e-05,0.9352,60.25,6.3,0.0291,2.7e-05,60.0
TRAN_F0056_tran_sim_02_W24,train,Transient,7,0.676861,1.256257,1.856005,0.5137,42.6,60.0,59.9987,15.69,22.8,0.000188,0.458141,0.676861,-1.256257,1.223777,2.480035,-0.002775,0.659972,-0.0066,-1.3781,0.603629,1.1213,2.0812,2.29,0.024,0.944578,0.006895,0.004613,0.002243,0.000694,0.001144,0.001338,0.00035,0.000514,0.000777,0.000243,0.0073,0.004884,0.002375,0.000735,0.001417,0.000544,0.000257,7.8e-05,0.935,60.25,6.33,0.0291,3e-05,60.0
TRAN_F0057_tran_sim_02_W25,train,Transient,7,0.676756,1.25869,1.859887,0.5222,42.8,60.0,59.9992,15.69,22.6,0.00018,0.457999,0.676756,-1.25869,1.222633,2.481324,-0.003156,0.661168,-0.0062,-1.378,0.60349,1.1214,2.0857,2.2953,0.024,0.944438,0.006896,0.004697,0.002378,0.000667,0.001135,0.001347,0.000349,0.000409,0.000812,0.000264,0.007302,0.004973,0.002518,0.000706,0.001426,0.000433,0.00028,8e-05,0.947,60.25,6.31,0.0291,2.8e-05,60.0
TRAN_F0058_tran_sim_02_W26,train,Transient,7,0.67683,1.255894,1.855552,0.5087,42.6,60.0,60.0007,15.7,22.6,0.0002,0.458099,0.67683,-1.255894,1.222482,2.478375,-0.003382,0.659697,-0.0065,-1.3785,0.603626,1.1213,2.0806,2.2897,0.024,0.944549,0.006845,0.004552,0.002418,0.000601,0.001306,0.001416,0.000294,0.000591,0.000672,0.000189,0.007247,0.004819,0.00256,0.000636,0.001499,0.000626,0.0002,7.8e-05,0.935,60.25,6.35,0.029,3.1e-05,60.0
TRAN_F0059_tran_sim_02_W27,train,Transient,7,0.676813,1.254842,1.854047,0.5003,43.6,60.0,59.9981,15.69,22.6,0.000151,0.458075,0.676813,-1.254842,1.223234,2.478076,-0.001539,0.659515,-0.0065,-1.3782,0.603595,1.1213,2.0789,2.2877,0.024,0.944501,0.006961,0.00451,0.00231,0.000642,0.001226,0.001252,0.000292,0.000494,0.000652,0.000382,0.00737,0.004775,0.002446,0.00068,0.001326,0.000523,0.000404,7.9e-05,0.941,60.25,6.16,0.0291,2.5e-05,60.0
TRAN_F0060_tran_sim_02_W28,train,Transient,7,0.6767,1.256781,1.857221,0.526,42.6,60.0,60.002,15.69,22.6,0.00019,0.457922,0.6767,-1.256781,1.222143,2.478923,-0.002572,0.660073,-0.0068,-1.3776,0.60347,1.1213,2.0826,2.2918,0.024,0.944334,0.007005,0.004751,0.002414,0.000665,0.00103,0.001286,0.000298,0.00046,0.000777,0.00021,0.007418,0.005031,0.002556,0.000704,0.001362,0.000487,0.000222,8.2e-05,0.9589,60.25,6.3,0.0291,2.8e-05,60.0
TRAN_F0061_tran_sim_02_W29,train,Transient,7,0.676821,1.255931,1.855632,0.5169,42.8,60.0,60.0023,15.7,22.6,0.000125,0.458087,0.676821,-1.255931,1.222092,2.478023,-0.003001,0.660765,-0.0064,-1.3781,0.603612,1.1213,2.0807,2.2892,0.024,0.944537,0.006913,0.004635,0.002326,0.000786,0.001151,0.001318,0.000434,0.00039,0.0009,0.000243,0.007319,0.004907,0.002463,0.000832,0.001395,0.000413,0.000257,8e-05,0.9469,60.25,6.23,0.029,2.9e-05,60.0
TRAN_F0062_tran_sim_02_W30,train,Transient,7,0.676715,1.255213,1.854861,0.5103,42.6,60.0,59.9994,15.69,22.6,0.000243,0.457944,0.676715,-1.255213,1.22211,2.477323,-0.002977,0.659546,-0.0063,-1.378,0.603491,1.1213,2.0799,2.2887,0.024,0.944367,0.006983,0.004598,0.002125,0.000761,0.001172,0.001228,0.000272,0.000426,0.000909,9.4e-05,0.007394,0.004869,0.00225,0.000806,0.0013,0.000451,0.0001,7.9e-05,0.9412,60.25,6.25,0.0291,2.8e-05,60.0
TRAN_F0063_tran_sim_02_W31,train,Transient,7,0.676893,1.25864,1.859439,0.5059,42.8,60.0,59.9985,15.69,22.6,0.000104,0.458184,0.676893,-1.25864,1.224596,2.483237,-0.002194,0.661,-0.0068,-1.3781,0.603685,1.1213,2.0849,2.294,0.024,0.944615,0.007099,0.004558,0.002456,0.000703,0.001125,0.001252,0.000379,0.000371,0.000917,0.000143,0.007515,0.004825,0.0026,0.000744,0.001325,0.000393,0.000151,8.2e-05,0.9586,60.25,6.4,0.0291,2.9e-05,60.0
TRAN_F0064_tran_sim_03_W00,train,Transient,7,0.643544,1.132756,1.760184,0.6218,32.0,60.0,60.002,18.26,7.2,0.000148,0.414149,0.643544,-1.132756,1.129921,2.262677,0.001861,0.631526,-0.015,-1.4331,0.576058,1.1172,1.9664,2.1593,0.024,0.903372,0.010391,0.004709,0.002591,0.002655,0.002416,0.001526,0.000676,0.000695,0.001137,0.000721,0.011502,0.005213,0.002868,0.002939,0.001689,0.000769,0.000798,0.000155,1.3782,60.32,12.39,0.0186,0.000191,60.0
TRAN_F0065_tran_sim_03_W01,train,Transient,7,0.643527,1.131768,1.758696,0.6046,32.0,60.0,60.0,18.24,7.2,0.000156,0.414127,0.643527,-1.131768,1.129587,2.261356,0.002515,0.631558,-0.0144,-1.4332,0.57608,1.1171,1.9646,2.1572,0.024,0.903343,0.010207,0.004614,0.002492,0.002524,0.002344,0.00147,0.0008,0.0008,0.001277,0.000848,0.011299,0.005108,0.002759,0.002794,0.001627,0.000886,0.000939,0.000149,1.3513,60.33,12.75,0.0186,0.000197,60.0
TRAN_F0066_tran_sim_03_W02,train,Transient,7,0.64358,1.129486,1.755004,0.6034,32.0,60.0,60.0021,18.26,7.2,0.000158,0.414195,0.64358,-1.129414,1.129486,2.2589,0.001219,0.632384,-0.0146,-1.4331,0.576088,1.1172,1.9606,2.1532,0.024,0.903414,0.010382,0.004616,0.002458,0.00257,0.002418,0.001343,0.000775,0.00065,0.001362,0.000762,0.011492,0.00511,0.002721,0.002845,0.001487,0.000719,0.000843,0.000153,1.3692,60.33,12.57,0.0186,0.000194,60.0
TRAN_F0067_tran_sim_03_W03,train,Transient,7,0.643527,1.132965,1.760555,0.612,32.0,60.0,60.0001,18.25,7.2,0.000183,0.414127,0.643527,-1.132965,1.132343,2.265308,0.001297,0.631209,-0.0146,-1.4332,0.576024,1.1172,1.9669,2.1606,0.024,0.903358,0.010347,0.00463,0.002277,0.002686,0.00233,0.001383,0.000752,0.000785,0.001221,0.000581,0.011454,0.005125,0.002521,0.002973,0.001531,0.000869,0.000643,0.000151,1.3603,60.32,12.4,0.0186,0.000189,60.0
TRAN_F0068_tran_sim_03_W04,train,Transient,7,0.643557,1.132223,1.75932,0.6255,32.0,60.0,59.9998,18.25,7.2,0.000108,0.414166,0.643557,-1.131416,1.132223,2.263639,0.001935,0.6331,-0.0149,-1.4331,0.576068,1.1172,1.9654,2.1587,0.024,0.903398,0.010419,0.004731,0.002372,0.002691,0.00228,0.001516,0.000741,0.0007,0.001149,0.000759,0.011533,0.005237,0.002626,0.002979,0.001678,0.000775,0.00084,0.000154,1.3737,60.32,12.39,0.0186,0.000188,60.0
TRAN_F0069_tran_sim_03_W05,train,Transient,7,0.643497,1.13047,1.756762,0.6071,32.0,60.0,59.9986,18.24,7.2,0.000104,0.414088,0.643497,-1.13047,1.127847,2.258317,0.000951,0.63242,-0.0149,-1.4333,0.576045,1.1171,1.9625,2.1548,0.024,0.903315,0.010283,0.004524,0.002428,0.002687,0.002422,0.001544,0.000755,0.000678,0.001153,0.000711,0.011384,0.005008,0.002688,0.002975,0.001709,0.000751,0.000787,0.00015,1.3558,60.32,12.48,0.0186,0.000191,60.0
TRAN_F0070_tran_sim_03_W06,train,Transient,7,0.64362,1.131052,1.75733,0.6179,32.0,60.0,60.0019,18.26,7.2,7.8e-05,0.414247,0.64362,-1.131052,1.130725,2.261777,-0.000108,0.6316,-0.0145,-1.433,0.576117,1.1172,1.9632,2.1563,0.024,0.903486,0.010331,0.004637,0.002405,0.00271,0.00232,0.001524,0.000786,0.000663,0.001215,0.00084,0.011435,0.005132,0.002662,0.002999,0.001687,0.000734,0.00093,0.000152,1.3646,60.32,12.41,0.0186,0.000189,60.0
TRAN_F0071_tran_sim_03_W07,train,Transient,7,0.643529,1.129324,1.754893,0.5959,32.0,60.0,60.0063,18.29,7.2,0.000154,0.414129,0.643529,-1.129324,1.128751,2.258075,0.001688,0.632579,-0.0147,-1.4336,0.576058,1.1171,1.9604,2.1531,0.024,0.903361,0.010292,0.004475,0.00247,0.002595,0.002449,0.001486,0.000874,0.000742,0.00124,0.000803,0.011393,0.004954,0.002734,0.002873,0.001645,0.000821,0.000889,0.00015,1.3558,60.32,12.51,0.0186,0.000191,60.0
TRAN_F0072_tran_sim_03_W08,train,Transient,7,0.643562,1.130798,1.757091,0.597,32.0,60.0,59.9991,18.24,7.2,0.00023,0.414173,0.643562,-1.130798,1.128531,2.259328,0.001789,0.631911,-0.0147,-1.4332,0.576093,1.1171,1.9629,2.1555,0.024,0.903396,0.010239,0.004527,0.002479,0.002545,0.002386,0.001457,0.000871,0.000779,0.001033,0.000718,0.011334,0.005011,0.002744,0.002817,0.001613,0.000862,0.000795,0.000149,1.3512,60.32,12.59,0.0186,0.000196,60.0
TRAN_F0073_tran_sim_03_W09,train,Transient,7,0.643609,1.132362,1.759394,0.6158,32.0,60.0,60.0045,18.28,7.2,0.000215,0.414232,0.643609,-1.13145,1.132362,2.263812,0.000671,0.631171,-0.015,-1.4332,0.576121,1.1171,1.9655,2.1586,0.023,0.903468,0.010429,0.004681,0.002172,0.002617,0.002565,0.001481,0.000788,0.00075,0.001228,0.000599,0.011543,0.005181,0.002404,0.002897,0.001639,0.00083,0.000663,0.000154,1.3736,60.32,12.45,0.0186,0.000187,60.0
TRAN_F0074_tran_sim_03_W10,train,Transient,7,0.643633,1.131718,1.758328,0.6152,32.0,60.0,59.9977,18.24,7.0,0.000179,0.414264,0.643633,-1.130221,1.131718,2.26194,0.001035,0.63197,-0.0149,-1.4332,0.576138,1.1171,1.9643,2.1573,0.024,0.903498,0.010415,0.004589,0.002411,0.00268,0.002441,0.001628,0.000959,0.000769,0.001095,0.000702,0.011527,0.005079,0.002669,0.002966,0.001802,0.000851,0.000777,0.000154,1.3735,60.32,12.54,0.0186,0.00019,60.0
TRAN_F0075_tran_sim_03_W11,train,Transient,7,0.64356,1.132912,1.760383,0.612,32.0,60.0,60.0004,18.25,7.2,0.00021,0.41417,0.64356,-1.132912,1.131679,2.264592,0.000604,0.631671,-0.0148,-1.433,0.576072,1.1172,1.9666,2.16,0.024,0.903397,0.010271,0.004683,0.002405,0.002483,0.002446,0.001571,0.000825,0.000636,0.00121,0.000785,0.011369,0.005184,0.002662,0.002749,0.001739,0.000704,0.000869,0.000151,1.3602,60.33,12.75,0.0186,0.000198,60.0
TRAN_F0076_tran_sim_03_W12,train,Transient,7,0.643428,1.130445,1.756908,0.6168,32.0,60.0,59.9996,18.26,7.2,0.000127,0.414,0.643428,-1.128879,1.130445,2.259324,0.002258,0.633439,-0.0148,-1.4334,0.575955,1.1171,1.9627,2.1557,0.024,0.903232,0.010365,0.004677,0.002443,0.002667,0.002266,0.001431,0.000661,0.000711,0.001203,0.000793,0.011475,0.005178,0.002705,0.002953,0.001584,0.000787,0.000878,0.000153,1.3695,60.32,12.39,0.0186,0.000187,60.0
TRAN_F0077_tran_sim_03_W13,train,Transient,7,0.643526,1.131646,1.75851,0.6129,32.0,60.0,59.9972,18.23,7.2,8.1e-05,0.414125,0.643526,-1.131646,1.129908,2.261554,0.002054,0.63236,-0.0144,-1.4334,0.576084,1.1171,1.9644,2.1569,0.024,0.903343,0.010243,0.004632,0.002427,0.002585,0.0024,0.001589,0.000759,0.00063,0.001255,0.000824,0.011339,0.005128,0.002687,0.002862,0.001759,0.000697,0.000912,0.00015,1.3558,60.32,12.39,0.0186,0.000187,60.0
TRAN_F0078_tran_sim_03_W14,train,Transient,7,0.643501,1.131312,1.758057,0.6118,32.0,60.0,60.0006,18.25,7.2,5.7e-05,0.414094,0.643501,-1.131312,1.130593,2.261906,0.002637,0.633792,-0.0147,-1.4333,0.576051,1.1171,1.9639,2.1566,0.024,0.903304,0.010417,0.004608,0.00248,0.002621,0.002469,0.001559,0.000811,0.00069,0.001347,0.000791,0.011532,0.005101,0.002745,0.002902,0.001726,0.000764,0.000876,0.000155,1.3783,60.32,12.32,0.0186,0.000186,60.0
TRAN_F0079_tran_sim_03_W15,train,Transient,7,0.643477,1.131875,1.758999,0.6024,32.0,60.0,60.0005,18.26,7.2,0.000109,0.414062,0.643477,-1.130125,1.131875,2.261999,0.0013,0.632696,-0.0146,-1.4333,0.57601,1.1171,1.965,2.1581,0.024,0.903297,0.010341,0.004552,0.002263,0.002587,0.002306,0.001483,0.00089,0.000789,0.001276,0.00066,0.011448,0.005039,0.002505,0.002864,0.001642,0.000873,0.000731,0.00015,1.3559,60.32,12.4,0.0186,0.000188,60.0
TRAN_F0080_tran_sim_03_W16,train,Transient,7,0.64358,1.132889,1.760293,0.6125,32.0,60.0,59.9981,18.24,7.2,0.00014,0.414195,0.64358,-1.132889,1.131172,2.264062,0.002994,0.632781,-0.0149,-1.4331,0.576093,1.1171,1.9665,2.1598,0.024,0.90342,0.010336,0.004563,0.002427,0.002733,0.002354,0.001525,0.000934,0.000709,0.001228,0.000685,0.011441,0.005051,0.002686,0.003025,0.001688,0.000785,0.000758,0.000152,1.3647,60.32,12.31,0.0186,0.000186,60.0
TRAN_F0081_tran_sim_03_W17,train,Transient,7,0.643558,1.131228,1.757772,0.6045,32.0,60.0,60.0027,18.26,7.2,0.000108,0.414167,0.643558,-1.130347,1.131228,2.261576,0.001424,0.632556,-0.0149,-1.4335,0.576102,1.1171,1.9636,2.1561,0.024,0.903391,0.01039,0.004573,0.002481,0.002616,0.002428,0.001437,0.000716,0.000757,0.001219,0.000769,0.011501,0.005062,0.002746,0.002896,0.001591,0.000838,0.000851,0.000153,1.3692,60.32,12.56,0.0186,0.00019,60.0
TRAN_F0082_tran_sim_03_W18,train,Transient,7,0.64358,1.132679,1.759967,0.6086,32.0,60.0,59.9995,18.24,7.2,7.4e-05,0.414195,0.64358,-1.132679,1.130388,2.263068,0.002489,0.632529,-0.0148,-1.4329,0.576105,1.1171,1.9661,2.1589,0.024,0.903408,0.010419,0.004619,0.002292,0.002553,0.0024,0.001543,0.00089,0.000725,0.001278,0.000735,0.011533,0.005113,0.002537,0.002826,0.001708,0.000803,0.000814,0.000153,1.3692,60.33,12.54,0.0186,0.000193,60.0
TRAN_F0083_tran_sim_03_W19,train,Transient,7,0.64365,1.134026,1.761868,0.617,32.0,60.0,60.0003,18.25,7.2,0.0001,0.414285,0.64365,-1.132635,1.134026,2.26666,0.00271,0.633568,-0.0148,-1.4328,0.576157,1.1171,1.9683,2.1614,0.024,0.903526,0.010316,0.004737,0.002441,0.002481,0.00246,0.001575,0.000949,0.000734,0.001215,0.000702,0.011417,0.005243,0.002702,0.002746,0.001743,0.000812,0.000777,0.000153,1.369,60.32,12.32,0.0186,0.000186,60.0
TRAN_F0084_tran_sim_03_W20,train,Transient,7,0.643629,1.135051,1.763517,0.6104,32.0,60.0,59.9998,18.25,7.2,0.000223,0.414258,0.643629,-1.130039,1.135051,2.26509,0.001069,0.631135,-0.0146,-1.4333,0.576136,1.1171,1.9701,2.1639,0.024,0.903492,0.010267,0.004588,0.002386,0.002627,0.002325,0.00157,0.000914,0.000689,0.001194,0.000714,0.011364,0.005078,0.002641,0.002908,0.001738,0.000763,0.00079,0.00015,1.3556,60.32,12.18,0.0186,0.000182,60.0
TRAN_F0085_tran_sim_03_W21,train,Transient,7,0.643532,1.130364,1.756499,0.6115,32.0,60.0,60.0005,18.25,7.2,7.3e-05,0.414134,0.643532,-1.129647,1.130364,2.260011,0.001124,0.63141,-0.0145,-1.4331,0.57602,1.1172,1.9624,2.1554,0.024,0.903354,0.010349,0.004625,0.002347,0.00268,0.002505,0.001392,0.000797,0.000579,0.00109,0.000689,0.011456,0.00512,0.002598,0.002967,0.001541,0.000641,0.000763,0.000152,1.3648,60.32,12.58,0.0186,0.000192,60.0
TRAN_F0086_tran_sim_03_W22,train,Transient,7,0.643588,1.132461,1.759607,0.6276,32.0,60.0,59.9972,18.24,7.2,1.4e-05,0.414205,0.643588,-1.132461,1.129254,2.261715,0.000685,0.630729,-0.015,-1.4328,0.576062,1.1172,1.9659,2.1594,0.023,0.903427,0.010402,0.004764,0.002447,0.002619,0.00249,0.001611,0.00075,0.000708,0.001221,0.000717,0.011514,0.005273,0.002709,0.002899,0.001783,0.000784,0.000794,0.000156,1.3825,60.32,12.5,0.0186,0.000185,60.0
TRAN_F0087_tran_sim_03_W23,train,Transient,7,0.643486,1.133165,1.760979,0.6097,32.0,60.0,60.0014,18.25,7.2,0.000163,0.414074,0.643486,-1.132204,1.133165,2.26537,0.001778,0.631699,-0.0146,-1.4326,0.57597,1.1172,1.9674,2.1609,0.024,0.903284,0.010195,0.00471,0.002258,0.002518,0.002518,0.001343,0.000791,0.000702,0.001159,0.000803,0.011287,0.005214,0.0025,0.002788,0.001487,0.000777,0.000889,0.000149,1.3514,60.32,12.3,0.0186,0.000187,60.0
TRAN_F0088_tran_sim_03_W24,train,Transient,7,0.643498,1.132921,1.760568,0.6139,32.0,60.0,59.9995,18.25,7.2,8.3e-05,0.414089,0.643498,-1.129272,1.132921,2.262193,0.001641,0.633086,-0.0147,-1.4331,0.575969,1.1172,1.967,2.1602,0.024,0.903318,0.010354,0.004711,0.002407,0.002532,0.002249,0.001465,0.000775,0.0006,0.001138,0.000772,0.011462,0.005215,0.002665,0.002803,0.001622,0.000664,0.000855,0.000152,1.3648,60.32,12.39,0.0186,0.000189,60.0
TRAN_F0089_tran_sim_03_W25,train,Transient,7,0.64341,1.130651,1.75728,0.6036,32.0,60.0,60.0,18.25,7.2,0.000161,0.413976,0.64341,-1.130403,1.130651,2.261054,0.001451,0.632734,-0.0146,-1.4333,0.575957,1.1171,1.9631,2.1556,0.024,0.903191,0.010249,0.004606,0.002429,0.00251,0.002477,0.001483,0.000856,0.000586,0.00122,0.000763,0.011348,0.0051,0.002689,0.002779,0.001642,0.000649,0.000845,0.00015,1.356,60.32,12.41,0.0186,0.000189,60.0
TRAN_F0090_tran_sim_03_W26,train,Transient,7,0.643528,1.133292,1.761062,0.6054,32.0,60.0,59.9995,18.25,7.2,0.000107,0.414128,0.643528,-1.129354,1.133292,2.262646,0.001513,0.632236,-0.0146,-1.4336,0.576123,1.117,1.9671,2.1603,0.024,0.903361,0.010472,0.004431,0.00239,0.00277,0.002378,0.001614,0.000903,0.000825,0.001187,0.000812,0.011592,0.004905,0.002646,0.003066,0.001787,0.000913,0.000899,0.000155,1.3782,60.32,12.52,0.0186,0.000192,60.0
TRAN_F0091_tran_sim_03_W27,train,Transient,7,0.643465,1.131004,1.757677,0.6087,32.0,60.0,60.0,18.26,7.2,0.00018,0.414047,0.643465,-1.131004,1.129234,2.260237,0.002602,0.632739,-0.0149,-1.4335,0.575987,1.1172,1.9636,2.1565,0.024,0.903281,0.010402,0.004593,0.002495,0.002653,0.002268,0.001448,0.000894,0.000588,0.001129,0.000647,0.011516,0.005085,0.002762,0.002937,0.001603,0.000651,0.000716,0.000153,1.3694,60.32,12.3,0.0186,0.000186,60.0
TRAN_F0092_tran_sim_03_W28,train,Transient,7,0.6436,1.13195,1.758778,0.6103,32.0,60.0,59.9968,18.25,7.2,9.6e-05,0.414221,0.6436,-1.130252,1.13195,2.262202,0.000671,0.632187,-0.0146,-1.4332,0.576127,1.1171,1.9648,2.1575,0.024,0.903453,0.010385,0.00461,0.002562,0.002585,0.002456,0.001568,0.000712,0.000797,0.001177,0.000846,0.011495,0.005103,0.002836,0.002861,0.001736,0.000882,0.000936,0.000154,1.3736,60.32,12.45,0.0186,0.000187,60.0
TRAN_F0093_tran_sim_03_W29,train,Transient,7,0.643483,1.130712,1.757174,0.6287,32.0,60.0,60.0007,18.26,7.2,9.4e-05,0.414071,0.643483,-1.130712,1.128376,2.259089,0.000655,0.630642,-0.0147,-1.4332,0.575969,1.1172,1.9631,2.1563,0.024,0.903306,0.010306,0.004779,0.002507,0.002683,0.002427,0.001489,0.00088,0.000656,0.001098,0.000752,0.011409,0.005291,0.002775,0.00297,0.001648,0.000726,0.000832,0.000154,1.3738,60.32,12.48,0.0186,0.000192,60.0
TRAN_F0094_tran_sim_03_W30,train,Transient,7,0.643541,1.131179,1.757741,0.5938,32.0,60.0,60.0002,18.24,7.2,0.000157,0.414145,0.643541,-1.131179,1.130441,2.261619,0.001733,0.631759,-0.0147,-1.4332,0.576046,1.1172,1.9637,2.1572,0.024,0.903354,0.010401,0.004484,0.002422,0.00259,0.002442,0.001401,0.000855,0.000691,0.001305,0.000772,0.011514,0.004964,0.002681,0.002867,0.001551,0.000765,0.000855,0.000152,1.3648,60.33,12.49,0.0186,0.000194,60.0
TRAN_F0095_tran_sim_03_W31,train,Transient,7,0.643499,1.133416,1.761332,0.612,32.0,60.0,59.9997,18.25,7.2,0.000179,0.414091,0.643499,-1.130483,1.133416,2.263899,0.0025,0.634635,-0.0149,-1.4333,0.576068,1.1171,1.9675,2.1603,0.024,0.90332,0.010452,0.00464,0.002483,0.002509,0.002262,0.001657,0.000814,0.000747,0.001177,0.000704,0.011571,0.005137,0.002749,0.002778,0.001834,0.000827,0.000779,0.000154,1.3738,60.32,12.35,0.0186,0.000188,60.0
TRAN_F0096_tran_sim_04_W00,train,Transient,7,0.631483,1.071126,1.696208,0.9328,41.0,60.0,59.998,18.06,7.8,-7e-05,0.398771,0.631483,-1.05853,1.071126,2.129656,-0.005355,0.618716,0.0201,-1.4411,0.565824,1.116,1.893,2.0766,0.024,0.886176,0.012775,0.004396,0.004828,0.006214,0.003414,0.003222,0.002085,0.002282,0.001938,0.001814,0.014416,0.004961,0.005448,0.007012,0.003636,0.002575,0.002047,0.000283,1.8983,61.24,32.72,0.0207,0.001215,60.0
TRAN_F0097_tran_sim_04_W01,train,Transient,7,0.631502,1.071137,1.696172,0.912,41.0,60.0,59.9986,18.06,7.8,-7.5e-05,0.398795,0.631502,-1.058216,1.071137,2.129353,-0.005641,0.618907,0.0199,-1.4415,0.565863,1.116,1.8929,2.0764,0.024,0.886198,0.012709,0.00425,0.004911,0.006046,0.003288,0.003272,0.002185,0.002209,0.001846,0.001899,0.014341,0.004796,0.005542,0.006822,0.003692,0.002493,0.002143,0.000278,1.8814,61.25,32.95,0.0207,0.001223,60.0
TRAN_F0098_tran_sim_04_W02,train,Transient,7,0.631452,1.070844,1.695845,0.9161,41.0,60.0,60.0002,18.07,7.8,-0.000122,0.398731,0.631452,-1.05454,1.070844,2.125384,-0.006923,0.617666,0.0197,-1.4412,0.565808,1.116,1.8926,2.0758,0.024,0.886128,0.012552,0.004349,0.004726,0.00602,0.003331,0.003278,0.00217,0.002313,0.001872,0.001773,0.014165,0.004908,0.005333,0.006794,0.003699,0.00261,0.002001,0.000274,1.868,61.23,32.65,0.0207,0.001216,60.0
TRAN_F0099_tran_sim_04_W03,train,Transient,7,0.631476,1.06994,1.694347,0.908,41.0,60.0,59.9996,18.06,7.8,-1e-06,0.398762,0.631476,-1.057817,1.06994,2.127757,-0.007336,0.618183,0.0197,-1.4406,0.565761,1.1162,1.8912,2.0747,0.024,0.886154,0.01257,0.004308,0.004834,0.006012,0.003233,0.003169,0.002082,0.002177,0.001957,0.001884,0.014185,0.004861,0.005455,0.006784,0.003576,0.002457,0.002126,0.000273,1.8645,61.24,32.87,0.0207,0.001198,60.0
TRAN_F0100_tran_sim_04_W04,train,Transient,7,0.631454,1.07162,1.697066,0.9253,41.0,60.0,59.9994,18.07,7.8,2e-06,0.398735,0.631454,-1.058865,1.07162,2.130484,-0.005703,0.618377,0.0198,-1.4411,0.565792,1.1161,1.894,2.0777,0.024,0.886128,0.012709,0.004356,0.004871,0.006094,0.003432,0.003335,0.002023,0.002213,0.001978,0.001846,0.014342,0.004916,0.005497,0.006877,0.003764,0.002497,0.002083,0.000281,1.8917,61.25,32.94,0.0207,0.001202,60.0
TRAN_F0101_tran_sim_04_W05,train,Transient,7,0.63145,1.069567,1.693828,0.9153,41.0,60.0,59.9989,18.07,7.8,-0.000152,0.398729,0.63145,-1.058451,1.069567,2.128019,-0.006241,0.617963,0.0198,-1.441,0.565796,1.116,1.8904,2.0734,0.024,0.886134,0.012634,0.00424,0.004778,0.006102,0.003493,0.003252,0.002028,0.002243,0.002004,0.001797,0.014257,0.004785,0.005392,0.006886,0.00367,0.002531,0.002028,0.000277,1.8782,61.24,32.91,0.0207,0.001226,60.0
TRAN_F0102_tran_sim_04_W06,train,Transient,7,0.631375,1.070042,1.694782,0.9271,41.0,60.0,60.0006,18.07,7.8,2.6e-05,0.398634,0.631375,-1.055491,1.070042,2.125533,-0.00691,0.618051,0.0197,-1.4409,0.565722,1.1161,1.8915,2.0746,0.024,0.886014,0.012645,0.004257,0.00494,0.006114,0.003179,0.003461,0.002041,0.002373,0.001854,0.001785,0.014272,0.004805,0.005576,0.006901,0.003906,0.002678,0.002015,0.000278,1.8818,61.25,32.98,0.0207,0.001227,60.0
TRAN_F0103_tran_sim_04_W07,train,Transient,7,0.631473,1.070433,1.695138,0.9262,41.0,60.0,59.9987,18.07,7.8,-9.9e-05,0.398758,0.631473,-1.055891,1.070433,2.126325,-0.007023,0.619369,0.02,-1.4412,0.565822,1.116,1.8918,2.0751,0.024,0.886161,0.012712,0.004383,0.004847,0.006102,0.003282,0.003305,0.002042,0.002228,0.001899,0.0017,0.014345,0.004946,0.00547,0.006886,0.00373,0.002514,0.001918,0.000279,1.8849,61.23,32.6,0.0207,0.001208,60.0
TRAN_F0104_tran_sim_04_W08,train,Transient,7,0.631518,1.068839,1.692491,0.9236,41.0,60.0,60.0029,18.08,7.8,-0.000174,0.398815,0.631518,-1.057665,1.068839,2.126504,-0.005793,0.617717,0.0196,-1.4412,0.565869,1.116,1.8888,2.0718,0.024,0.886208,0.012566,0.004374,0.004811,0.006109,0.003438,0.003245,0.002023,0.002202,0.001932,0.0019,0.01418,0.004936,0.005429,0.006893,0.003662,0.002485,0.002144,0.000276,1.8746,61.24,32.88,0.0208,0.001227,60.0
TRAN_F0105_tran_sim_04_W09,train,Transient,7,0.631403,1.070064,1.694741,0.9083,41.0,60.0,60.0012,18.08,7.8,-6.5e-05,0.398669,0.631403,-1.059672,1.070064,2.129737,-0.006896,0.618075,0.0197,-1.4411,0.565756,1.116,1.8914,2.0747,0.024,0.886056,0.012635,0.004318,0.004897,0.00596,0.003255,0.003256,0.001954,0.002363,0.001838,0.001778,0.01426,0.004873,0.005527,0.006726,0.003675,0.002667,0.002007,0.000275,1.8716,61.24,32.79,0.0207,0.00121,60.0
TRAN_F0106_tran_sim_04_W10,train,Transient,7,0.631426,1.068769,1.692628,0.9139,41.0,60.0,60.0001,18.07,7.8,-8e-05,0.398699,0.631426,-1.056978,1.068769,2.125747,-0.0049,0.617352,0.0201,-1.441,0.565764,1.1161,1.8891,2.0724,0.024,0.886091,0.012742,0.004283,0.004829,0.006023,0.003213,0.003312,0.002053,0.002195,0.00191,0.001964,0.01438,0.004834,0.00545,0.006797,0.003738,0.002477,0.002216,0.000278,1.8817,61.24,32.9,0.0207,0.001214,60.0
TRAN_F0107_tran_sim_04_W11,train,Transient,7,0.631414,1.071239,1.696571,0.9061,41.0,60.0,60.003,18.09,7.8,3.6e-05,0.398684,0.631414,-1.058397,1.071239,2.129636,-0.006574,0.618302,0.0202,-1.4411,0.565773,1.116,1.8934,2.0768,0.024,0.886075,0.012749,0.004377,0.004783,0.005964,0.003297,0.003121,0.001981,0.002294,0.001759,0.001721,0.014388,0.00494,0.005398,0.006731,0.003522,0.002589,0.001942,0.000276,1.8749,61.24,32.79,0.0207,0.001209,60.0
TRAN_F0108_tran_sim_04_W12,train,Transient,7,0.631493,1.071586,1.696907,0.9193,41.0,60.0,60.0008,18.07,7.8,-2.2e-05,0.398784,0.631493,-1.05767,1.071586,2.129255,-0.007056,0.617875,0.0199,-1.4412,0.565876,1.116,1.8937,2.0767,0.024,0.886177,0.0128,0.00426,0.004758,0.006118,0.003336,0.003285,0.002009,0.002275,0.001755,0.001702,0.014444,0.004807,0.005369,0.006904,0.003707,0.002567,0.001921,0.000279,1.8849,61.24,32.68,0.0207,0.001203,60.0
TRAN_F0109_tran_sim_04_W13,train,Transient,7,0.631458,1.067309,1.690228,0.9166,41.0,60.0,59.9998,18.06,7.8,-8.3e-05,0.39874,0.631458,-1.060531,1.067309,2.12784,-0.004746,0.618212,0.02,-1.4411,0.565805,1.116,1.8864,2.0692,0.024,0.886127,0.012737,0.004268,0.004725,0.006101,0.003262,0.003246,0.001935,0.00233,0.001868,0.001757,0.014374,0.004816,0.005332,0.006885,0.003663,0.002629,0.001983,0.000277,1.8782,61.24,32.93,0.0207,0.001222,60.0
TRAN_F0110_tran_sim_04_W14,train,Transient,7,0.6314,1.068912,1.692923,0.9152,41.0,60.0,59.9997,18.07,7.8,-0.00017,0.398666,0.6314,-1.058229,1.068912,2.127141,-0.006508,0.618185,0.0197,-1.4409,0.565692,1.1162,1.8896,2.073,0.024,0.886057,0.012616,0.004308,0.004776,0.005958,0.003286,0.003423,0.002116,0.002325,0.001871,0.001861,0.014238,0.004862,0.00539,0.006724,0.003863,0.002624,0.0021,0.000275,1.8716,61.24,32.83,0.0207,0.001225,60.0
TRAN_F0111_tran_sim_04_W15,train,Transient,7,0.631411,1.068368,1.692034,0.9214,41.0,60.0,59.9992,18.08,7.8,-5.9e-05,0.398679,0.631411,-1.059347,1.068368,2.127715,-0.005693,0.619065,0.0202,-1.4409,0.565737,1.1161,1.8885,2.0717,0.024,0.886085,0.012803,0.004365,0.004767,0.006065,0.003465,0.00329,0.002046,0.002237,0.001968,0.001773,0.014449,0.004926,0.00538,0.006845,0.003713,0.002525,0.002001,0.000282,1.8952,61.23,32.5,0.0207,0.001194,60.0
TRAN_F0112_tran_sim_04_W16,train,Transient,7,0.631413,1.070767,1.695826,0.9317,41.0,60.0,59.9993,18.08,7.8,-8.2e-05,0.398683,0.631413,-1.058024,1.070767,2.128791,-0.007052,0.618119,0.0198,-1.4412,0.565783,1.116,1.8925,2.0759,0.024,0.886096,0.012642,0.004316,0.004895,0.006234,0.003301,0.003265,0.002053,0.002282,0.001896,0.001819,0.014267,0.004871,0.005524,0.007035,0.003685,0.002575,0.002053,0.000279,1.885,61.23,32.72,0.0207,0.001211,60.0
TRAN_F0113_tran_sim_04_W17,train,Transient,7,0.631402,1.069772,1.694281,0.9146,41.0,60.0,59.9995,18.07,7.8,-0.000151,0.398668,0.631402,-1.057354,1.069772,2.127126,-0.008279,0.618435,0.0201,-1.441,0.565781,1.116,1.8908,2.0736,0.024,0.886059,0.012714,0.004322,0.004859,0.00608,0.003316,0.003169,0.002054,0.002242,0.001712,0.001822,0.014349,0.004878,0.005484,0.006862,0.003577,0.00253,0.002056,0.000277,1.8784,61.24,32.91,0.0207,0.001225,60.0
TRAN_F0114_tran_sim_04_W18,train,Transient,7,0.631476,1.069734,1.694022,0.9062,41.0,60.0,60.003,18.07,7.8,-0.000125,0.398762,0.631476,-1.056601,1.069734,2.126335,-0.006798,0.618384,0.0198,-1.4411,0.565834,1.116,1.8905,2.0736,0.024,0.88615,0.012706,0.004177,0.004773,0.006059,0.003385,0.003214,0.002098,0.0023,0.00178,0.001849,0.014338,0.004714,0.005386,0.006837,0.003627,0.002595,0.002087,0.000276,1.8748,61.24,32.72,0.0207,0.001217,60.0
TRAN_F0115_tran_sim_04_W19,train,Transient,7,0.631489,1.071937,1.697476,0.9218,41.0,60.0,59.9993,18.08,7.8,-0.000186,0.398778,0.631489,-1.058956,1.071937,2.130893,-0.007466,0.617784,0.02,-1.4412,0.565846,1.116,1.8944,2.0779,0.024,0.886197,0.012749,0.004247,0.004875,0.006118,0.003397,0.003358,0.002033,0.002326,0.001905,0.002022,0.014386,0.004792,0.005501,0.006904,0.003789,0.002625,0.002282,0.000282,1.8949,61.23,32.62,0.0207,0.001205,60.0
TRAN_F0116_tran_sim_04_W20,train,Transient,7,0.631519,1.070589,1.695259,0.9185,41.0,60.0,60.0035,18.08,7.8,-0.000112,0.398816,0.631519,-1.057381,1.070589,2.12797,-0.007333,0.616181,0.0199,-1.4414,0.56587,1.116,1.8919,2.0753,0.024,0.886226,0.012627,0.004319,0.004618,0.006004,0.003381,0.003399,0.002093,0.002257,0.001796,0.001833,0.014248,0.004873,0.005211,0.006775,0.003835,0.002547,0.002068,0.000275,1.8712,61.24,32.76,0.0207,0.001214,60.0
TRAN_F0117_tran_sim_04_W21,train,Transient,7,0.631436,1.071457,1.696859,0.925,41.0,60.0,60.0022,18.09,7.8,-0.000132,0.398711,0.631436,-1.054654,1.071457,2.126111,-0.007315,0.619414,0.0198,-1.4415,0.565808,1.116,1.8937,2.0772,0.024,0.886125,0.012604,0.00431,0.004813,0.006202,0.003287,0.003184,0.001924,0.002276,0.001906,0.0019,0.014224,0.004864,0.005432,0.006999,0.003593,0.002568,0.002144,0.000276,1.8748,61.24,32.77,0.0207,0.001222,60.0
TRAN_F0118_tran_sim_04_W22,train,Transient,7,0.63148,1.0689,1.69269,0.9346,41.0,60.0,59.9994,18.08,7.8,-5.2e-05,0.398767,0.63148,-1.058017,1.0689,2.126917,-0.006999,0.618301,0.0197,-1.4414,0.56587,1.1159,1.8889,2.0715,0.024,0.886179,0.012652,0.00444,0.004838,0.006187,0.003253,0.003256,0.001918,0.002229,0.001996,0.001953,0.014277,0.00501,0.005459,0.006982,0.003674,0.002515,0.002204,0.000279,1.8849,61.23,32.6,0.0207,0.001203,60.0
TRAN_F0119_tran_sim_04_W23,train,Transient,7,0.631443,1.06795,1.691284,0.9315,41.0,60.0,59.9968,18.07,7.8,-8.8e-05,0.398721,0.631443,-1.056352,1.06795,2.124302,-0.007042,0.618634,0.0196,-1.4413,0.565804,1.116,1.8875,2.0703,0.024,0.886115,0.012576,0.004259,0.004922,0.006254,0.003372,0.003299,0.002167,0.002247,0.001892,0.00181,0.014192,0.004806,0.005555,0.007058,0.003723,0.002536,0.002043,0.000278,1.8816,61.24,32.94,0.0207,0.001219,60.0
TRAN_F0120_tran_sim_04_W24,train,Transient,7,0.631477,1.069804,1.694129,0.9252,41.0,60.0,60.0027,18.07,7.8,-0.000129,0.398763,0.631477,-1.057411,1.069804,2.127214,-0.007428,0.617239,0.02,-1.4412,0.565862,1.116,1.8906,2.0734,0.024,0.886163,0.012778,0.004326,0.004837,0.006198,0.003311,0.003177,0.002063,0.002232,0.00187,0.001867,0.014419,0.004882,0.005458,0.006994,0.003585,0.002519,0.002107,0.000281,1.8916,61.24,32.89,0.0207,0.001227,60.0
TRAN_F0121_tran_sim_04_W25,train,Transient,7,0.631499,1.068105,1.691379,0.9134,41.0,60.0,59.9981,18.07,7.8,-9.6e-05,0.398791,0.631499,-1.060408,1.068105,2.128512,-0.008028,0.619002,0.0196,-1.4411,0.565831,1.1161,1.8877,2.0704,0.024,0.886199,0.012531,0.004352,0.004765,0.006034,0.003298,0.00319,0.002142,0.002308,0.00193,0.001794,0.01414,0.004911,0.005377,0.006809,0.0036,0.002604,0.002024,0.000273,1.8644,61.24,32.87,0.0207,0.001216,60.0
TRAN_F0122_tran_sim_04_W26,train,Transient,7,0.631408,1.068412,1.69211,0.9112,41.0,60.0,60.0002,18.07,7.8,-9.6e-05,0.398676,0.631408,-1.056994,1.068412,2.125406,-0.005515,0.618727,0.0198,-1.4409,0.565753,1.116,1.8885,2.0713,0.024,0.88607,0.012651,0.004267,0.00483,0.006045,0.003409,0.00323,0.002106,0.00228,0.001892,0.001773,0.014278,0.004816,0.005451,0.006822,0.003645,0.002573,0.002001,0.000277,1.8783,61.24,32.81,0.0207,0.001215,60.0
TRAN_F0123_tran_sim_04_W27,train,Transient,7,0.631487,1.071047,1.696072,0.9246,41.0,60.0,60.0006,18.07,7.8,-0.000157,0.398775,0.631487,-1.059895,1.071047,2.130942,-0.005801,0.617267,0.0196,-1.4408,0.56583,1.116,1.8929,2.0761,0.024,0.886176,0.012513,0.004444,0.004938,0.006076,0.003353,0.003236,0.002217,0.00231,0.001761,0.001821,0.01412,0.005015,0.005572,0.006856,0.003652,0.002607,0.002055,0.000276,1.8747,61.23,32.6,0.0207,0.001215,60.0
TRAN_F0124_tran_sim_04_W28,train,Transient,7,0.631417,1.070224,1.694955,0.9236,41.0,60.0,60.0018,18.07,7.8,1.3e-05,0.398688,0.631417,-1.058291,1.070224,2.128515,-0.005857,0.616003,0.0198,-1.4411,0.565761,1.116,1.8917,2.075,0.024,0.886078,0.012609,0.004419,0.004846,0.00614,0.003296,0.003123,0.002039,0.002204,0.001898,0.001807,0.01423,0.004987,0.005469,0.006929,0.003525,0.002487,0.002039,0.000276,1.8749,61.23,32.75,0.0207,0.001211,60.0
TRAN_F0125_tran_sim_04_W29,train,Transient,7,0.63148,1.069706,1.693968,0.917,41.0,60.0,59.9976,18.07,7.8,-9.7e-05,0.398766,0.63148,-1.057716,1.069706,2.127422,-0.00536,0.618364,0.0198,-1.4411,0.565799,1.1161,1.8906,2.0741,0.024,0.886171,0.012663,0.004277,0.004894,0.006066,0.003487,0.003308,0.001956,0.002319,0.001856,0.001791,0.01429,0.004826,0.005523,0.006845,0.003733,0.002617,0.002021,0.000278,1.8815,61.24,32.96,0.0207,0.001231,60.0
TRAN_F0126_tran_sim_04_W30,train,Transient,7,0.631468,1.068447,1.692006,0.9161,41.0,60.0,59.9981,18.07,7.8,-3.8e-05,0.398751,0.631468,-1.059549,1.068447,2.127996,-0.005165,0.618438,0.0195,-1.4409,0.56582,1.116,1.8883,2.0712,0.024,0.886148,0.012577,0.004382,0.004825,0.006068,0.003351,0.003142,0.002031,0.002157,0.001902,0.001716,0.014193,0.004945,0.005445,0.006848,0.003546,0.002434,0.001936,0.000274,1.868,61.23,32.68,0.0207,0.0012,60.0
TRAN_F0127_tran_sim_04_W31,train,Transient,7,0.631531,1.071161,1.696132,0.909,41.0,60.0,59.9977,18.07,7.8,-0.000128,0.398832,0.631531,-1.057134,1.071161,2.128295,-0.005932,0.618193,0.0198,-1.441,0.56586,1.1161,1.893,2.0764,0.024,0.886236,0.012569,0.004347,0.00489,0.006016,0.003355,0.003131,0.002013,0.002237,0.001872,0.001876,0.014182,0.004905,0.005518,0.006788,0.003533,0.002524,0.002117,0.000274,1.8678,61.24,32.87,0.0207,0.001222,60.0
TRAN_F0128_tran_sim_05_W00,train,Transient,7,0.605686,1.152725,1.903171,0.858,33.8,60.0,59.9994,15.16,133.0,-0.000126,0.366856,0.605687,-1.128693,1.152725,2.281418,0.002393,0.588874,0.0201,-1.3818,0.540153,1.1213,2.1341,2.3479,0.024,0.843806,0.011472,0.006156,0.005296,0.003486,0.002181,0.001536,0.001237,0.0011,0.000986,0.001088,0.013596,0.007296,0.006276,0.004131,0.00182,0.001304,0.001289,0.000222,1.7658,60.74,19.87,0.0342,0.000509,60.0
TRAN_F0129_tran_sim_05_W01,train,Transient,7,0.605692,1.155239,1.907305,0.8637,33.8,60.0,59.9982,15.16,131.2,-0.000139,0.366862,0.605692,-1.128156,1.155239,2.283395,0.001179,0.588326,0.0197,-1.3818,0.540173,1.1213,2.1386,2.3529,0.024,0.843845,0.011376,0.006187,0.00521,0.003578,0.002034,0.001428,0.001295,0.001029,0.001074,0.001001,0.013481,0.007332,0.006174,0.00424,0.001692,0.001219,0.001186,0.000219,1.7537,60.74,20.03,0.0341,0.000515,60.0
TRAN_F0130_tran_sim_05_W02,train,Transient,7,0.60566,1.156438,1.909384,0.8651,33.8,60.0,59.9992,15.17,129.2,-8.7e-05,0.366824,0.60566,-1.128059,1.156438,2.284497,0.003456,0.589922,0.0198,-1.3821,0.540145,1.1213,2.141,2.3551,0.024,0.843806,0.011341,0.006149,0.005279,0.003593,0.002254,0.001604,0.001379,0.00091,0.000884,0.000967,0.01344,0.007287,0.006256,0.004258,0.001901,0.001078,0.001146,0.000219,1.7538,60.74,19.86,0.0341,0.000507,60.0
TRAN_F0131_tran_sim_05_W03,train,Transient,7,0.605677,1.151705,1.901516,0.8632,33.8,60.0,60.0003,15.17,127.2,-0.000181,0.366845,0.605677,-1.127863,1.151705,2.279568,0.002337,0.588949,0.0199,-1.382,0.540149,1.1213,2.1322,2.3457,0.024,0.843811,0.011366,0.006181,0.005257,0.003585,0.002191,0.001412,0.001255,0.001003,0.001052,0.001048,0.01347,0.007325,0.00623,0.004249,0.001673,0.001189,0.001242,0.000219,1.7538,60.74,19.9,0.0341,0.000512,60.0
TRAN_F0132_tran_sim_05_W04,train,Transient,7,0.605722,1.15057,1.899502,0.8667,33.8,60.0,59.9971,15.15,125.4,-0.000114,0.366899,0.605722,-1.126984,1.15057,2.277553,0.000579,0.58844,0.0198,-1.3817,0.540171,1.1214,2.13,2.3438,0.024,0.843863,0.01138,0.006243,0.005254,0.003521,0.002241,0.001458,0.001221,0.00094,0.000969,0.001076,0.013486,0.007398,0.006226,0.004172,0.001728,0.001114,0.001275,0.00022,1.7577,60.74,20.02,0.0342,0.00052,60.0
TRAN_F0133_tran_sim_05_W05,train,Transient,7,0.605646,1.15528,1.907516,0.8711,33.8,60.0,59.9994,15.16,123.4,-0.000219,0.366808,0.605646,-1.129021,1.15528,2.284302,0.003466,0.58903,0.0193,-1.3816,0.540084,1.1214,2.1391,2.3536,0.024,0.843774,0.011285,0.006219,0.005211,0.003622,0.002291,0.001494,0.00129,0.000927,0.001005,0.001057,0.013374,0.00737,0.006176,0.004293,0.001771,0.001099,0.001253,0.000218,1.7499,60.74,19.85,0.0341,0.000508,60.0
TRAN_F0134_tran_sim_05_W06,train,Transient,7,0.605705,1.150806,1.899946,0.8637,33.8,60.0,60.001,15.17,121.4,-0.000208,0.366878,0.605705,-1.127884,1.150806,2.27869,0.000495,0.589543,0.0201,-1.3819,0.540161,1.1213,2.1305,2.3444,0.024,0.843851,0.011383,0.006203,0.00525,0.003495,0.002113,0.00156,0.001241,0.001149,0.000965,0.000991,0.013489,0.007351,0.006221,0.004142,0.001849,0.001362,0.001174,0.000219,1.7537,60.74,20.03,0.0341,0.000515,60.0
TRAN_F0135_tran_sim_05_W07,train,Transient,7,0.605716,1.154266,1.905623,0.862,33.8,60.0,60.0003,15.17,119.6,-0.000149,0.366892,0.605716,-1.129212,1.154266,2.283477,0.003264,0.589825,0.0202,-1.3819,0.540205,1.1213,2.1367,2.3504,0.024,0.843863,0.011425,0.006171,0.00523,0.003524,0.00217,0.001553,0.001088,0.001036,0.000926,0.000889,0.013539,0.007313,0.006198,0.004176,0.00184,0.001228,0.001053,0.000219,1.7537,60.75,20.2,0.0342,0.000527,60.0
TRAN_F0136_tran_sim_05_W08,train,Transient,7,0.605662,1.150925,1.900275,0.8578,33.8,60.0,59.9967,15.14,117.6,-0.000201,0.366827,0.605662,-1.126972,1.150925,2.277897,0.001081,0.587786,0.02,-1.3818,0.540149,1.1213,2.1308,2.3444,0.024,0.843768,0.011459,0.006148,0.005326,0.003481,0.002224,0.00157,0.001185,0.00105,0.001152,0.000957,0.013581,0.007286,0.006312,0.004126,0.001861,0.001244,0.001134,0.000222,1.7658,60.74,19.94,0.0342,0.000512,60.0
TRAN_F0137_tran_sim_05_W09,train,Transient,7,0.605712,1.153168,1.903822,0.8736,33.8,60.0,59.9983,15.16,115.6,-0.000146,0.366887,0.605712,-1.126429,1.153168,2.279597,0.002677,0.589528,0.0199,-1.3818,0.540178,1.1213,2.1348,2.3484,0.024,0.843858,0.011429,0.006202,0.005352,0.003644,0.002213,0.001615,0.001258,0.001023,0.001086,0.000946,0.013544,0.00735,0.006342,0.004318,0.001914,0.001212,0.001121,0.000223,1.7696,60.74,19.83,0.0341,0.00051,60.0
TRAN_F0138_tran_sim_05_W10,train,Transient,7,0.605668,1.153415,1.904368,0.8481,33.8,60.0,60.0012,15.16,113.8,-0.000176,0.366834,0.605668,-1.12743,1.153415,2.280846,0.002607,0.589998,0.0202,-1.3817,0.540142,1.1213,2.1354,2.3495,0.024,0.843778,0.011424,0.006144,0.005286,0.003375,0.002152,0.001438,0.001261,0.001027,0.000977,0.001027,0.013539,0.007282,0.006265,0.004,0.001704,0.001217,0.001217,0.000219,1.7539,60.74,19.82,0.0342,0.000508,60.0
TRAN_F0139_tran_sim_05_W11,train,Transient,7,0.605726,1.153755,1.904748,0.8783,33.8,60.0,59.9997,15.16,111.8,-0.000156,0.366904,0.605726,-1.127033,1.153755,2.280788,0.00139,0.587793,0.0198,-1.3819,0.540189,1.1213,2.1358,2.3502,0.024,0.843879,0.011284,0.006261,0.005313,0.003611,0.00225,0.001641,0.001197,0.000877,0.000981,0.000993,0.013372,0.007419,0.006296,0.004279,0.001945,0.001039,0.001177,0.00022,1.7576,60.74,19.98,0.0341,0.000516,60.0
TRAN_F0140_tran_sim_05_W12,train,Transient,7,0.605692,1.153392,1.904256,0.8666,33.8,60.0,60.0019,15.18,109.8,-0.000168,0.366863,0.605692,-1.126794,1.153392,2.280186,0.003451,0.590052,0.02,-1.3822,0.540191,1.1213,2.1352,2.3486,0.024,0.843856,0.011313,0.006147,0.005289,0.00365,0.00212,0.001541,0.001173,0.000949,0.000954,0.001107,0.013406,0.007284,0.006268,0.004325,0.001826,0.001125,0.001312,0.000218,1.7497,60.74,19.85,0.0341,0.000509,60.0
TRAN_F0141_tran_sim_05_W13,train,Transient,7,0.6057,1.153513,1.904428,0.8785,33.8,60.0,60.0017,15.17,108.0,-0.000218,0.366873,0.6057,-1.127986,1.153513,2.281499,0.001694,0.589423,0.0204,-1.3816,0.540174,1.1213,2.1354,2.3492,0.024,0.843836,0.011481,0.00624,0.005308,0.003674,0.002039,0.001588,0.001257,0.001126,0.001064,0.001173,0.013606,0.007395,0.00629,0.004354,0.001882,0.001334,0.00139,0.000224,1.7736,60.75,20.14,0.0342,0.000522,60.0
TRAN_F0142_tran_sim_05_W14,train,Transient,7,0.605642,1.153596,1.904748,0.8644,33.8,60.0,59.9989,15.16,106.0,-0.000138,0.366803,0.605642,-1.128374,1.153596,2.281971,0.002355,0.588665,0.0201,-1.3814,0.540126,1.1213,2.1358,2.3496,0.024,0.84375,0.011328,0.006186,0.005317,0.003544,0.002231,0.001539,0.001243,0.001096,0.001049,0.001138,0.013426,0.007332,0.006302,0.0042,0.001824,0.001299,0.001349,0.00022,1.7579,60.74,20.03,0.0342,0.000516,60.0
TRAN_F0143_tran_sim_05_W15,train,Transient,7,0.605662,1.152211,1.9024,0.8714,33.8,60.0,59.9996,15.16,104.0,-0.000253,0.366826,0.605662,-1.12933,1.152211,2.281542,0.000846,0.589916,0.0199,-1.3817,0.540127,1.1213,2.1332,2.3474,0.024,0.843778,0.011317,0.006262,0.005248,0.003548,0.002266,0.001504,0.001141,0.000972,0.000947,0.001196,0.013412,0.007421,0.00622,0.004205,0.001782,0.001152,0.001417,0.000219,1.7539,60.74,19.95,0.0342,0.000516,60.0
TRAN_F0144_tran_sim_05_W16,train,Transient,7,0.605714,1.151363,1.900837,0.8602,33.8,60.0,60.0025,15.18,102.2,-0.000169,0.366889,0.605714,-1.126553,1.151363,2.277917,0.002733,0.588936,0.0196,-1.3825,0.540228,1.1212,2.1313,2.344,0.024,0.843884,0.011232,0.00616,0.005257,0.003553,0.002267,0.001456,0.001164,0.00099,0.001033,0.001154,0.01331,0.0073,0.00623,0.00421,0.001725,0.001173,0.001367,0.000216,1.7416,60.74,20.08,0.0341,0.00052,60.0
TRAN_F0145_tran_sim_05_W17,train,Transient,7,0.60576,1.155017,1.906722,0.8669,33.8,60.0,59.9979,15.15,100.2,-0.000161,0.366946,0.60576,-1.128487,1.155017,2.283503,0.0025,0.588974,0.02,-1.3814,0.5402,1.1214,2.1381,2.3521,0.024,0.843908,0.011337,0.006187,0.00531,0.003617,0.002291,0.001471,0.001168,0.001023,0.001068,0.00099,0.013434,0.007331,0.006292,0.004286,0.001743,0.001212,0.001173,0.00022,1.7576,60.75,20.09,0.0342,0.00052,60.0
TRAN_F0146_tran_sim_05_W18,train,Transient,7,0.605724,1.15445,1.905903,0.8908,33.8,60.0,60.0001,15.16,98.2,-0.000159,0.366901,0.605724,-1.127937,1.15445,2.282387,0.001207,0.587435,0.02,-1.3815,0.540169,1.1214,2.1372,2.3515,0.024,0.843871,0.01134,0.00638,0.005249,0.003644,0.002217,0.00159,0.001133,0.000947,0.001031,0.000972,0.013438,0.00756,0.00622,0.004318,0.001884,0.001122,0.001152,0.000222,1.7656,60.74,19.77,0.0341,0.000502,60.0
TRAN_F0147_tran_sim_05_W19,train,Transient,7,0.605703,1.152882,1.90338,0.8638,33.8,60.0,59.9983,15.16,96.4,-0.000112,0.366876,0.605703,-1.129315,1.152882,2.282197,0.002503,0.587834,0.0197,-1.382,0.540167,1.1213,2.1343,2.3481,0.024,0.843847,0.011394,0.006162,0.005296,0.003571,0.002297,0.001553,0.001123,0.000909,0.000953,0.001097,0.013502,0.007302,0.006276,0.004232,0.00184,0.001077,0.0013,0.00022,1.7577,60.75,20.19,0.0341,0.000524,60.0
TRAN_F0148_tran_sim_05_W20,train,Transient,7,0.605594,1.15246,1.903025,0.8602,33.8,60.0,59.9973,15.16,94.4,-0.000107,0.366744,0.605594,-1.130286,1.15246,2.282746,0.003382,0.590601,0.0198,-1.3817,0.540114,1.1212,2.1337,2.3467,0.024,0.843683,0.011365,0.006119,0.005369,0.003535,0.00219,0.001655,0.001125,0.001035,0.001149,0.001031,0.013471,0.007253,0.006364,0.00419,0.001962,0.001227,0.001222,0.00022,1.7581,60.74,20.06,0.0342,0.000516,60.0
TRAN_F0149_tran_sim_05_W21,train,Transient,7,0.605599,1.151847,1.901997,0.8613,33.8,60.0,59.9988,15.17,92.4,-0.00011,0.36675,0.605599,-1.127998,1.151847,2.279846,0.000316,0.588925,0.02,-1.3821,0.540093,1.1213,2.1327,2.3464,0.024,0.843715,0.011386,0.006159,0.005253,0.003595,0.002132,0.001396,0.001195,0.001005,0.00103,0.00118,0.013495,0.0073,0.006226,0.004261,0.001655,0.001191,0.001399,0.000219,1.754,60.74,19.88,0.0341,0.00051,60.0
TRAN_F0150_tran_sim_05_W22,train,Transient,7,0.605715,1.154154,1.90544,0.872,33.8,60.0,59.9995,15.17,90.6,-0.000214,0.366891,0.605715,-1.129827,1.154154,2.283981,0.002414,0.588099,0.0201,-1.3815,0.540167,1.1213,2.1367,2.3505,0.024,0.843868,0.011455,0.006248,0.00539,0.003611,0.002207,0.001441,0.00109,0.001025,0.001085,0.001094,0.013574,0.007404,0.006387,0.004279,0.001708,0.001215,0.001296,0.000224,1.7736,60.74,19.9,0.0341,0.000511,60.0
TRAN_F0151_tran_sim_05_W23,train,Transient,7,0.605665,1.155442,1.907724,0.8548,33.8,60.0,60.0032,15.17,88.6,-0.000224,0.36683,0.605665,-1.127792,1.155442,2.283234,0.002842,0.589835,0.0202,-1.382,0.540157,1.1213,2.1391,2.3532,0.024,0.843793,0.011361,0.00615,0.005313,0.003523,0.002201,0.001338,0.001164,0.001077,0.001029,0.00105,0.013464,0.007289,0.006297,0.004175,0.001586,0.001276,0.001244,0.000219,1.7538,60.74,20.01,0.0341,0.000515,60.0
TRAN_F0152_tran_sim_05_W24,train,Transient,7,0.605741,1.153264,1.903891,0.8688,33.8,60.0,60.0004,15.17,86.6,-9.5e-05,0.366922,0.605741,-1.12773,1.153264,2.280994,0.001547,0.588642,0.0202,-1.3815,0.5402,1.1213,2.1349,2.3485,0.024,0.843904,0.011474,0.006301,0.005294,0.003428,0.002205,0.001515,0.001196,0.00105,0.000939,0.00105,0.013596,0.007466,0.006273,0.004062,0.001795,0.001244,0.001244,0.000223,1.7695,60.74,19.81,0.0341,0.000503,60.0
TRAN_F0153_tran_sim_05_W25,train,Transient,7,0.605759,1.151301,1.900593,0.8519,33.8,60.0,60.0012,15.17,84.8,-0.000203,0.366944,0.605759,-1.127398,1.151301,2.278699,0.002155,0.588108,0.0203,-1.3821,0.540249,1.1213,2.1311,2.3444,0.024,0.843928,0.011434,0.006142,0.005214,0.003408,0.002173,0.001531,0.00126,0.000998,0.00108,0.001116,0.013549,0.007278,0.006178,0.004038,0.001814,0.001183,0.001322,0.000219,1.7535,60.74,20.01,0.0341,0.000517,60.0
TRAN_F0154_tran_sim_05_W26,train,Transient,7,0.605686,1.155772,1.908203,0.8677,33.8,60.0,59.999,15.15,82.8,-0.000216,0.366856,0.605686,-1.129353,1.155772,2.285125,0.000742,0.588431,0.0202,-1.3813,0.540147,1.1213,2.1397,2.3542,0.024,0.843793,0.01149,0.00627,0.005227,0.003446,0.002231,0.001554,0.001239,0.000925,0.001167,0.001137,0.013617,0.007431,0.006195,0.004084,0.001842,0.001096,0.001347,0.000223,1.7698,60.74,19.92,0.0342,0.000513,60.0
TRAN_F0155_tran_sim_05_W27,train,Transient,7,0.605642,1.155203,1.907403,0.8644,33.8,60.0,60.0026,15.17,80.8,-0.000241,0.366802,0.605642,-1.126256,1.155203,2.281459,-0.000142,0.588679,0.0204,-1.3819,0.540126,1.1213,2.1388,2.3531,0.024,0.843767,0.011483,0.006211,0.005271,0.003442,0.002208,0.001665,0.001133,0.00097,0.001068,0.001042,0.013609,0.007361,0.006247,0.004079,0.001973,0.00115,0.001235,0.000222,1.7659,60.74,20.01,0.0341,0.000519,60.0
TRAN_F0156_tran_sim_05_W28,train,Transient,7,0.605671,1.153389,1.904316,0.8557,33.8,60.0,59.998,15.17,82.4,-0.00013,0.366837,0.605671,-1.12823,1.153389,2.281619,0.00078,0.588142,0.0202,-1.382,0.540171,1.1213,2.1352,2.3495,0.024,0.843823,0.011385,0.006142,0.00536,0.003514,0.002117,0.001436,0.001199,0.001005,0.001057,0.001096,0.013492,0.007279,0.006352,0.004164,0.001702,0.001191,0.001299,0.00022,1.7578,60.74,19.87,0.0341,0.000509,60.0
TRAN_F0157_tran_sim_05_W29,train,Transient,7,0.605737,1.15564,1.907824,0.8617,33.8,60.0,60.0006,15.16,84.4,-0.000254,0.366918,0.605737,-1.129276,1.15564,2.284916,0.000916,0.587611,0.0199,-1.3815,0.540179,1.1214,2.1394,2.3545,0.024,0.843886,0.011348,0.006213,0.005189,0.003547,0.002137,0.001298,0.00125,0.001004,0.001054,0.001081,0.013447,0.007362,0.006149,0.004203,0.001538,0.00119,0.001281,0.000218,1.7496,60.74,20.15,0.0342,0.000522,60.0
TRAN_F0158_tran_sim_05_W30,train,Transient,7,0.605684,1.151892,1.901806,0.8652,33.8,60.0,60.0,15.16,86.4,-0.000171,0.366852,0.605683,-1.129159,1.151892,2.281051,0.00255,0.588585,0.02,-1.3817,0.540121,1.1214,2.1327,2.3462,0.024,0.843808,0.011409,0.006217,0.005317,0.003531,0.002078,0.001475,0.001199,0.000951,0.001135,0.000921,0.013521,0.007368,0.006301,0.004185,0.001748,0.001127,0.001091,0.000221,1.7618,60.74,19.96,0.0342,0.000511,60.0
TRAN_F0159_tran_sim_05_W31,train,Transient,7,0.605691,1.152611,1.90297,0.871,33.8,60.0,60.0001,15.16,88.4,-0.000238,0.366861,0.60569,-1.128423,1.152611,2.281034,0.002811,0.589376,0.0201,-1.3817,0.540169,1.1213,2.1338,2.3471,0.024,0.843819,0.01137,0.006219,0.005317,0.003584,0.002238,0.001579,0.001192,0.001047,0.001079,0.001005,0.013474,0.00737,0.006301,0.004247,0.001871,0.001241,0.001191,0.000221,1.7618,60.74,19.99,0.0342,0.000517,60.0
TRAN_F0160_tran_sim_06_W00,train,Transient,7,0.584268,0.96157,1.64577,0.6387,28.8,60.0,60.0013,20.83,129.2,-0.000111,0.341369,0.584268,-0.954258,0.96157,1.915828,0.00348,0.578182,0.0042,-1.4655,0.524504,1.1139,1.8333,2.0084,0.024,0.822877,0.005029,0.003606,0.00318,0.003559,0.002183,0.001396,0.001282,0.001164,0.001295,0.000871,0.006111,0.004382,0.003864,0.004325,0.001696,0.001415,0.001058,7.3e-05,1.0383,60.43,17.98,0.0116,0.000373,60.0
TRAN_F0161_tran_sim_06_W01,train,Transient,7,0.584238,0.961492,1.64572,0.6309,28.2,60.0,59.9995,20.83,127.2,-4.9e-05,0.341334,0.584238,-0.951221,0.961492,1.912713,0.003937,0.578411,0.0044,-1.4657,0.524481,1.1139,1.8332,2.0082,0.024,0.82285,0.004995,0.003595,0.003315,0.00346,0.002322,0.001434,0.001154,0.001266,0.001413,0.000984,0.00607,0.004369,0.004029,0.004205,0.001743,0.001539,0.001196,7.4e-05,1.0454,60.43,17.74,0.0115,0.000373,60.0
TRAN_F0162_tran_sim_06_W02,train,Transient,7,0.584305,0.960634,1.644061,0.6349,28.8,60.0,59.9991,20.79,125.4,1.8e-05,0.341413,0.584305,-0.953548,0.960634,1.914181,0.003555,0.578237,0.0039,-1.4654,0.524494,1.114,1.8315,2.0067,0.024,0.822919,0.004996,0.003668,0.003257,0.003488,0.002324,0.001296,0.001301,0.001057,0.001372,0.001004,0.006071,0.004457,0.003958,0.004239,0.001575,0.001284,0.00122,7.4e-05,1.0453,60.44,18.02,0.0116,0.000381,60.0
TRAN_F0163_tran_sim_06_W03,train,Transient,7,0.584199,0.961525,1.645886,0.6257,28.8,60.0,59.9984,20.81,123.4,-0.000108,0.341288,0.584199,-0.953657,0.961525,1.915182,0.003495,0.577004,0.0041,-1.4656,0.524443,1.1139,1.8334,2.0085,0.024,0.822788,0.005058,0.003498,0.003244,0.0035,0.002234,0.001423,0.001262,0.001131,0.001363,0.000869,0.006147,0.004251,0.003943,0.004254,0.001729,0.001375,0.001056,7.3e-05,1.0384,60.43,18.04,0.0115,0.000376,60.0
TRAN_F0164_tran_sim_06_W04,train,Transient,7,0.58423,0.961493,1.645743,0.6199,28.8,60.0,59.9972,20.79,121.4,-9.4e-05,0.341325,0.58423,-0.951998,0.961493,1.913491,0.002182,0.578689,0.0041,-1.4656,0.524428,1.114,1.8334,2.009,0.024,0.822824,0.005006,0.003559,0.003333,0.00341,0.002292,0.001314,0.001147,0.001195,0.001348,0.000968,0.006084,0.004325,0.004051,0.004144,0.001597,0.001452,0.001176,7.3e-05,1.0384,60.43,17.88,0.0116,0.000376,60.0
TRAN_F0165_tran_sim_06_W05,train,Transient,7,0.584298,0.960789,1.644347,0.6288,28.6,60.0,60.003,20.85,119.6,-7.1e-05,0.341404,0.584298,-0.952645,0.960789,1.913433,0.003423,0.579724,0.0038,-1.4655,0.52451,1.114,1.8318,2.0068,0.024,0.822927,0.00493,0.003615,0.003241,0.00343,0.002259,0.001395,0.001371,0.001303,0.001257,0.000901,0.005991,0.004393,0.003938,0.004168,0.001695,0.001583,0.001095,7.3e-05,1.0382,60.43,17.92,0.0115,0.000373,60.0
TRAN_F0166_tran_sim_06_W06,train,Transient,7,0.584223,0.958647,1.640892,0.6312,28.6,60.0,60.0006,20.83,117.6,-8.7e-05,0.341317,0.584223,-0.952294,0.958647,1.910942,0.003144,0.576622,0.0042,-1.4655,0.524413,1.1141,1.828,2.0031,0.024,0.82282,0.004902,0.00361,0.003263,0.003396,0.002283,0.001552,0.001307,0.001283,0.001236,0.001004,0.005958,0.004387,0.003966,0.004127,0.001886,0.001559,0.00122,7.3e-05,1.0384,60.43,17.99,0.0115,0.000374,60.0
TRAN_F0167_tran_sim_06_W07,train,Transient,7,0.584215,0.961926,1.646528,0.6274,28.6,60.0,60.0011,20.83,115.6,-5.1e-05,0.341307,0.584215,-0.953085,0.961926,1.915012,0.004079,0.577192,0.0044,-1.4657,0.524459,1.1139,1.8341,2.0091,0.024,0.822806,0.005,0.003563,0.003139,0.003496,0.002178,0.001319,0.001293,0.001297,0.001435,0.000907,0.006077,0.00433,0.003815,0.004249,0.001603,0.001576,0.001102,7.2e-05,1.0313,60.44,18.09,0.0116,0.000378,60.0
TRAN_F0168_tran_sim_06_W08,train,Transient,7,0.584331,0.962256,1.646766,0.616,28.6,60.0,60.0008,20.81,113.8,-0.000109,0.341442,0.584331,-0.953737,0.962256,1.915993,0.003652,0.577873,0.0041,-1.4655,0.524516,1.114,1.8346,2.0102,0.024,0.822959,0.004988,0.003521,0.003338,0.003405,0.002266,0.001308,0.001321,0.001246,0.001293,0.000977,0.006061,0.004278,0.004056,0.004138,0.001589,0.001514,0.001187,7.3e-05,1.0382,60.43,17.9,0.0116,0.000373,60.0
TRAN_F0169_tran_sim_06_W09,train,Transient,7,0.584267,0.959813,1.642765,0.641,28.6,60.0,60.0027,20.84,111.8,-7.2e-05,0.341368,0.584267,-0.951678,0.959813,1.911491,0.003022,0.577694,0.0042,-1.4655,0.524466,1.114,1.8301,2.0051,0.024,0.82288,0.004948,0.003719,0.00326,0.003472,0.00228,0.001388,0.001317,0.001263,0.001378,0.000827,0.006013,0.004519,0.003962,0.004219,0.001687,0.001535,0.001005,7.4e-05,1.0454,60.43,17.92,0.0115,0.000375,60.0
TRAN_F0170_tran_sim_06_W10,train,Transient,7,0.584213,0.959523,1.64242,0.6523,28.8,60.0,59.9995,20.81,109.8,-0.000135,0.341304,0.584213,-0.950929,0.959523,1.910452,0.002522,0.576823,0.0039,-1.4653,0.524419,1.114,1.8297,2.0047,0.024,0.822799,0.005042,0.003711,0.003262,0.003593,0.002142,0.001457,0.001223,0.001186,0.001361,0.000876,0.006128,0.00451,0.003965,0.004367,0.001771,0.001441,0.001065,7.5e-05,1.0525,60.43,17.94,0.0116,0.000374,60.0
TRAN_F0171_tran_sim_06_W11,train,Transient,7,0.584291,0.963572,1.64913,0.6314,28.8,60.0,60.0012,20.82,108.0,-6.1e-05,0.341396,0.584291,-0.955083,0.963572,1.918655,0.004099,0.578436,0.0041,-1.4652,0.524481,1.114,1.8372,2.0129,0.024,0.822905,0.005034,0.003614,0.003389,0.003432,0.002229,0.001467,0.001215,0.001242,0.001369,0.00088,0.006117,0.004392,0.004118,0.004171,0.001783,0.001509,0.001069,7.4e-05,1.0454,60.43,17.82,0.0116,0.000372,60.0
TRAN_F0172_tran_sim_06_W12,train,Transient,7,0.584252,0.964354,1.65058,0.6352,28.8,60.0,60.0008,20.8,106.0,-0.000154,0.34135,0.584252,-0.954089,0.964354,1.918444,0.002777,0.576781,0.0045,-1.4653,0.524463,1.114,1.8387,2.0146,0.024,0.822841,0.00502,0.003589,0.003361,0.00355,0.00211,0.001355,0.001207,0.001214,0.001302,0.001016,0.006101,0.004362,0.004085,0.004314,0.001647,0.001475,0.001235,7.4e-05,1.0454,60.44,18.04,0.0116,0.000379,60.0
TRAN_F0173_tran_sim_06_W13,train,Transient,7,0.584265,0.962279,1.64699,0.6293,28.4,60.0,59.9967,20.8,104.0,-7.8e-05,0.341366,0.584265,-0.95277,0.962279,1.915049,0.00122,0.578289,0.0039,-1.4654,0.524445,1.1141,1.8349,2.0108,0.024,0.822874,0.005029,0.003652,0.003294,0.00342,0.002275,0.001333,0.001194,0.001285,0.001336,0.001069,0.006112,0.004438,0.004003,0.004156,0.00162,0.001562,0.001299,7.4e-05,1.0454,60.43,17.89,0.0116,0.000369,60.0
TRAN_F0174_tran_sim_06_W14,train,Transient,7,0.584197,0.960584,1.64428,0.613,28.6,60.0,60.0016,20.83,102.2,-8e-06,0.341286,0.584197,-0.951667,0.960584,1.912251,0.003613,0.57694,0.0041,-1.4658,0.524415,1.114,1.8317,2.0069,0.024,0.822779,0.00491,0.003457,0.003357,0.003407,0.002315,0.001371,0.001229,0.001318,0.001347,0.000953,0.005968,0.004202,0.00408,0.004141,0.001666,0.001602,0.001158,7.2e-05,1.0313,60.44,18.14,0.0116,0.00038,60.0
TRAN_F0175_tran_sim_06_W15,train,Transient,7,0.584281,0.959525,1.642232,0.6193,28.8,60.0,59.9984,20.79,100.2,-0.000134,0.341384,0.584281,-0.953763,0.959525,1.913288,0.004537,0.577026,0.004,-1.4652,0.524468,1.114,1.8295,2.0045,0.024,0.822884,0.004932,0.003584,0.00331,0.003321,0.002301,0.001447,0.001224,0.001312,0.001388,0.000861,0.005994,0.004355,0.004022,0.004036,0.001758,0.001594,0.001046,7.2e-05,1.0312,60.43,17.75,0.0116,0.000367,60.0
TRAN_F0176_tran_sim_06_W16,train,Transient,7,0.584282,0.963301,1.648693,0.6276,28.6,60.0,59.9994,20.81,98.2,-0.000118,0.341385,0.584282,-0.952802,0.963301,1.916103,0.003674,0.57696,0.0041,-1.4655,0.524484,1.114,1.8367,2.0124,0.024,0.822897,0.004959,0.003546,0.00322,0.003486,0.002184,0.001395,0.001342,0.001148,0.001382,0.000947,0.006026,0.004309,0.003913,0.004236,0.001695,0.001395,0.001151,7.2e-05,1.0311,60.43,17.93,0.0116,0.000376,60.0
TRAN_F0177_tran_sim_06_W17,train,Transient,7,0.584188,0.959125,1.641808,0.6345,28.4,60.0,59.9997,20.82,96.2,-6.6e-05,0.341276,0.584188,-0.954707,0.959125,1.913832,0.00406,0.577955,0.0038,-1.4657,0.524426,1.114,1.8289,2.0035,0.024,0.822768,0.004939,0.003542,0.003232,0.003534,0.002153,0.001489,0.001277,0.001259,0.001195,0.001006,0.006003,0.004305,0.003928,0.004295,0.00181,0.00153,0.001223,7.2e-05,1.0313,60.43,17.83,0.0115,0.000374,60.0
TRAN_F0178_tran_sim_06_W18,train,Transient,7,0.584267,0.960182,1.643396,0.6179,28.6,60.0,59.9987,20.81,94.4,-8e-05,0.341368,0.584267,-0.954726,0.960182,1.914908,0.003803,0.578036,0.0041,-1.4655,0.524494,1.114,1.8307,2.0056,0.023,0.822872,0.005065,0.003496,0.003261,0.003423,0.002198,0.001383,0.00125,0.00128,0.001328,0.001065,0.006155,0.004249,0.003963,0.00416,0.001681,0.001556,0.001294,7.3e-05,1.0383,60.44,18.16,0.0116,0.000383,60.0
TRAN_F0179_tran_sim_06_W19,train,Transient,7,0.584264,0.959857,1.642849,0.6337,28.8,60.0,59.9984,20.82,92.4,-1e-05,0.341364,0.584264,-0.954349,0.959857,1.914206,0.003335,0.577581,0.004,-1.4655,0.524463,1.114,1.8302,2.0055,0.024,0.822878,0.005159,0.003609,0.003385,0.003507,0.002343,0.001368,0.001307,0.001186,0.001289,0.001,0.006269,0.004386,0.004114,0.004262,0.001662,0.001441,0.001215,7.7e-05,1.0664,60.43,17.71,0.0115,0.000361,60.0
TRAN_F0180_tran_sim_06_W20,train,Transient,7,0.584335,0.961211,1.644966,0.6343,28.6,60.0,59.9992,20.83,90.4,3e-05,0.341447,0.584335,-0.954187,0.961211,1.915399,0.003077,0.578039,0.0042,-1.4656,0.524553,1.114,1.8324,2.0076,0.024,0.822981,0.004964,0.00354,0.003296,0.00353,0.002314,0.001504,0.001181,0.001354,0.001308,0.000883,0.006032,0.004301,0.004005,0.004289,0.001828,0.001645,0.001073,7.4e-05,1.0453,60.43,17.86,0.0115,0.000369,60.0
TRAN_F0181_tran_sim_06_W21,train,Transient,7,0.584192,0.960237,1.643701,0.628,28.6,60.0,59.9999,20.83,88.6,-6.7e-05,0.34128,0.584192,-0.951771,0.960237,1.912008,0.002695,0.577252,0.0042,-1.4654,0.524395,1.114,1.8311,2.0064,0.024,0.822781,0.004981,0.003596,0.003314,0.003449,0.002227,0.001369,0.00137,0.00119,0.00135,0.000986,0.006054,0.004371,0.004028,0.004192,0.001664,0.001446,0.001198,7.4e-05,1.0455,60.43,17.94,0.0115,0.000377,60.0
TRAN_F0182_tran_sim_06_W22,train,Transient,7,0.584296,0.960208,1.64336,0.6292,28.8,60.0,59.9976,20.81,86.6,-8.1e-05,0.341401,0.584296,-0.953316,0.960208,1.913524,0.003932,0.576601,0.0043,-1.4653,0.524483,1.114,1.8308,2.0058,0.024,0.822914,0.005035,0.003548,0.003319,0.003528,0.002175,0.001332,0.001275,0.001237,0.001316,0.000934,0.006119,0.004312,0.004033,0.004287,0.001619,0.001503,0.001135,7.4e-05,1.0453,60.43,17.89,0.0116,0.000379,60.0
TRAN_F0183_tran_sim_06_W23,train,Transient,7,0.584254,0.960053,1.643211,0.6268,28.8,60.0,60.0005,20.83,84.6,-6.7e-05,0.341353,0.584254,-0.953604,0.960053,1.913657,0.002906,0.577805,0.0044,-1.4653,0.524438,1.1141,1.8306,2.0058,0.024,0.822864,0.004906,0.003653,0.00325,0.003393,0.002156,0.001319,0.001235,0.001207,0.001415,0.000897,0.005962,0.004439,0.00395,0.004123,0.001603,0.001467,0.00109,7.2e-05,1.0312,60.43,17.75,0.0115,0.000365,60.0
TRAN_F0184_tran_sim_06_W24,train,Transient,7,0.584227,0.958959,1.641413,0.6312,28.8,60.0,59.9992,20.82,82.8,-0.000122,0.341322,0.584227,-0.953907,0.958959,1.912866,0.00332,0.576243,0.0042,-1.4654,0.524467,1.1139,1.8284,2.0031,0.024,0.822821,0.004985,0.003594,0.003198,0.003444,0.002237,0.001481,0.001256,0.001276,0.00153,0.000781,0.006058,0.004368,0.003887,0.004186,0.0018,0.001551,0.000949,7.3e-05,1.0384,60.43,17.9,0.0116,0.000376,60.0
TRAN_F0185_tran_sim_06_W25,train,Transient,7,0.58423,0.961153,1.645161,0.6463,28.8,60.0,60.0013,20.81,80.8,-9.9e-05,0.341325,0.58423,-0.955321,0.961153,1.916474,0.002829,0.577191,0.0041,-1.4651,0.524418,1.1141,1.8328,2.0081,0.024,0.822818,0.005089,0.00364,0.003283,0.003588,0.002278,0.001466,0.001341,0.001245,0.001266,0.000972,0.006185,0.004424,0.00399,0.004361,0.001782,0.001513,0.001181,7.6e-05,1.0595,60.43,17.85,0.0116,0.000366,60.0
TRAN_F0186_tran_sim_06_W26,train,Transient,7,0.584213,0.960401,1.643922,0.6284,28.6,60.0,59.9967,20.81,78.8,-0.000126,0.341305,0.584213,-0.951777,0.960401,1.912178,0.003383,0.578161,0.004,-1.4658,0.524443,1.114,1.8313,2.0066,0.024,0.8228,0.005126,0.003564,0.003299,0.003478,0.002297,0.001389,0.001395,0.001284,0.001389,0.001007,0.00623,0.004332,0.004009,0.004227,0.001688,0.001561,0.001224,7.6e-05,1.0595,60.43,17.86,0.0116,0.000378,60.0
TRAN_F0187_tran_sim_06_W27,train,Transient,7,0.584263,0.96325,1.648658,0.6237,28.6,60.0,59.9986,20.81,77.8,-7.4e-05,0.341363,0.584263,-0.953583,0.96325,1.916833,0.003688,0.576733,0.0042,-1.4653,0.524454,1.114,1.8367,2.0122,0.024,0.82287,0.00498,0.003613,0.003408,0.003364,0.002124,0.001404,0.00132,0.001207,0.001334,0.001014,0.006052,0.004391,0.004142,0.004088,0.001706,0.001467,0.001232,7.3e-05,1.0383,60.43,17.96,0.0116,0.000376,60.0
TRAN_F0188_tran_sim_06_W28,train,Transient,7,0.58424,0.958301,1.640254,0.6417,28.6,60.0,59.9973,20.81,80.0,1.7e-05,0.341336,0.584239,-0.951218,0.958301,1.909519,0.00206,0.57811,0.0042,-1.4653,0.524436,1.114,1.8273,2.0022,0.024,0.822831,0.005021,0.003651,0.003184,0.003534,0.002132,0.001433,0.001395,0.001306,0.001324,0.000989,0.006102,0.004437,0.00387,0.004295,0.001742,0.001587,0.001202,7.4e-05,1.0455,60.43,17.89,0.0116,0.000373,60.0
TRAN_F0189_tran_sim_06_W29,train,Transient,7,0.58417,0.963703,1.649697,0.6355,28.6,60.0,60.0011,20.81,82.0,-0.000103,0.341254,0.58417,-0.951801,0.963703,1.915504,0.003261,0.577264,0.0043,-1.4653,0.524363,1.1141,1.8379,2.0138,0.024,0.82273,0.005046,0.00363,0.003202,0.003491,0.00225,0.001403,0.001213,0.001358,0.001443,0.001002,0.006133,0.004412,0.003892,0.004243,0.001705,0.001651,0.001218,7.5e-05,1.0526,60.43,17.67,0.0116,0.000362,60.0
TRAN_F0190_tran_sim_06_W30,train,Transient,7,0.584196,0.960358,1.643898,0.6433,28.4,60.0,59.9999,20.82,83.8,-1.5e-05,0.341285,0.584196,-0.954527,0.960358,1.914885,0.00211,0.577555,0.004,-1.4655,0.524379,1.1141,1.8314,2.007,0.024,0.822777,0.005002,0.003745,0.00327,0.003482,0.002258,0.001367,0.001434,0.001272,0.001409,0.000893,0.006079,0.004552,0.003974,0.004232,0.001661,0.001546,0.001085,7.5e-05,1.0526,60.43,17.93,0.0116,0.000377,60.0
TRAN_F0191_tran_sim_06_W31,train,Transient,7,0.584212,0.962758,1.64796,0.6295,28.8,60.0,60.0013,20.82,85.6,2e-06,0.341304,0.584212,-0.953206,0.962758,1.915965,0.004301,0.577908,0.0042,-1.4656,0.524427,1.114,1.8358,2.0112,0.024,0.822803,0.00503,0.003549,0.003331,0.003559,0.002258,0.001252,0.001308,0.001035,0.001286,0.001035,0.006113,0.004313,0.004048,0.004325,0.001522,0.001258,0.001258,7.4e-05,1.0455,60.44,17.96,0.0116,0.000376,60.0
TRAN_F0192_tran_sim_07_W00,train,Transient,7,0.581339,1.044078,1.795989,0.8479,35.4,60.0,60.0007,15.76,130.4,-0.000117,0.337955,0.581339,-1.018236,1.044078,2.062314,0.008422,0.565312,-0.0053,-1.4139,0.520224,1.1175,2.007,2.2011,0.024,0.811437,0.006298,0.00403,0.005191,0.004527,0.00374,0.003256,0.00242,0.002105,0.001914,0.001543,0.007762,0.004966,0.006397,0.005579,0.004013,0.002594,0.001902,0.000144,1.4789,61.31,29.99,0.0317,0.001062,60.0
TRAN_F0193_tran_sim_07_W01,train,Transient,7,0.581299,1.043719,1.795492,0.8499,35.4,60.0,60.0007,15.77,128.4,-6.8e-05,0.337909,0.581299,-1.020066,1.043719,2.063784,0.008364,0.564943,-0.0052,-1.4138,0.520182,1.1175,2.0065,2.2004,0.024,0.811389,0.006307,0.00406,0.005084,0.00453,0.003751,0.003248,0.00258,0.002034,0.001802,0.001564,0.007773,0.005004,0.006266,0.005583,0.004003,0.002507,0.001928,0.000144,1.4789,61.3,29.75,0.0317,0.001051,60.0
TRAN_F0194_tran_sim_07_W02,train,Transient,7,0.581331,1.043454,1.794939,0.8419,35.6,60.0,60.0026,15.77,126.6,4.7e-05,0.337946,0.581331,-1.018677,1.043454,2.062131,0.010615,0.568028,-0.0052,-1.4138,0.520237,1.1174,2.0057,2.1994,0.024,0.81142,0.006305,0.004049,0.005169,0.004461,0.003824,0.003221,0.002564,0.002213,0.001796,0.001577,0.00777,0.00499,0.00637,0.005498,0.00397,0.002727,0.001944,0.000145,1.484,61.3,29.88,0.0317,0.001057,60.0
TRAN_F0195_tran_sim_07_W03,train,Transient,7,0.58131,1.041404,1.791477,0.846,35.4,60.0,59.9987,15.75,124.6,-7.1e-05,0.337921,0.58131,-1.017875,1.041404,2.059279,0.008605,0.566084,-0.005,-1.4134,0.520184,1.1175,2.002,2.1954,0.024,0.811401,0.006256,0.003983,0.005133,0.00456,0.003684,0.003235,0.002426,0.001972,0.001846,0.001497,0.00771,0.004909,0.006326,0.00562,0.003987,0.00243,0.001845,0.000142,1.4686,61.3,29.58,0.0317,0.00104,60.0
TRAN_F0196_tran_sim_07_W04,train,Transient,7,0.581354,1.044792,1.797169,0.838,35.6,60.0,60.0,15.77,122.6,-0.000155,0.337973,0.581354,-1.017643,1.044792,2.062434,0.008735,0.567372,-0.0055,-1.4139,0.520238,1.1175,2.0083,2.2027,0.024,0.811477,0.006346,0.004048,0.005069,0.004426,0.00366,0.003203,0.002483,0.002185,0.001912,0.001603,0.00782,0.004988,0.006247,0.005454,0.003947,0.002693,0.001975,0.000143,1.4736,61.3,29.71,0.0316,0.001055,60.0
TRAN_F0197_tran_sim_07_W05,train,Transient,7,0.581342,1.044112,1.796037,0.8448,35.4,60.0,59.9973,15.74,120.8,-0.000136,0.337958,0.581342,-1.018682,1.044112,2.062794,0.008269,0.566586,-0.0054,-1.4134,0.520201,1.1175,2.0071,2.2013,0.024,0.811438,0.0063,0.004031,0.005216,0.004513,0.00379,0.00322,0.002483,0.002092,0.001848,0.001505,0.007764,0.004968,0.006428,0.005562,0.003968,0.002578,0.001855,0.000144,1.4789,61.3,29.64,0.0317,0.001057,60.0
TRAN_F0198_tran_sim_07_W06,train,Transient,7,0.581299,1.043942,1.795876,0.8435,35.4,60.0,60.0003,15.76,118.8,-0.000145,0.337909,0.581299,-1.018143,1.043942,2.062085,0.008354,0.56757,-0.0052,-1.4138,0.520181,1.1175,2.0069,2.201,0.024,0.811387,0.006326,0.004054,0.005185,0.004485,0.003734,0.003207,0.002525,0.002043,0.001872,0.001716,0.007797,0.004996,0.00639,0.005528,0.003952,0.002518,0.002115,0.000145,1.4841,61.29,29.52,0.0317,0.001024,60.0
TRAN_F0199_tran_sim_07_W07,train,Transient,7,0.581311,1.044945,1.797568,0.8576,35.4,60.0,59.9978,15.75,116.8,-7.3e-05,0.337922,0.581311,-1.018033,1.044945,2.062978,0.007023,0.56455,-0.0051,-1.414,0.520222,1.1174,2.0087,2.2026,0.024,0.811412,0.006246,0.004118,0.005222,0.004573,0.003623,0.003249,0.00255,0.002102,0.00183,0.001555,0.007698,0.005075,0.006436,0.005636,0.004004,0.002591,0.001916,0.000145,1.484,61.29,29.65,0.0316,0.001033,60.0
TRAN_F0200_tran_sim_07_W08,train,Transient,7,0.581322,1.043032,1.794243,0.8446,35.4,60.0,59.9988,15.76,115.0,-0.000108,0.337935,0.581322,-1.018727,1.043032,2.061759,0.007869,0.565215,-0.0052,-1.4139,0.520209,1.1175,2.005,2.1989,0.024,0.811432,0.006243,0.003994,0.005228,0.004513,0.003741,0.003264,0.00244,0.002123,0.001815,0.001553,0.007694,0.004922,0.006443,0.005562,0.004023,0.002616,0.001914,0.000143,1.4737,61.3,29.81,0.0316,0.001058,60.0
TRAN_F0201_tran_sim_07_W09,train,Transient,7,0.581315,1.043447,1.794977,0.8544,35.4,60.0,59.9987,15.75,113.0,-8.1e-05,0.337927,0.581315,-1.0177,1.043447,2.061147,0.007477,0.566723,-0.0051,-1.4142,0.520226,1.1174,2.0058,2.1996,0.024,0.811404,0.006268,0.004126,0.005036,0.004507,0.003735,0.003274,0.002446,0.002179,0.001833,0.001373,0.007725,0.005085,0.006207,0.005555,0.004035,0.002685,0.001692,0.000143,1.4738,61.3,29.71,0.0317,0.001054,60.0
TRAN_F0202_tran_sim_07_W10,train,Transient,7,0.581331,1.043634,1.795248,0.8445,35.4,60.0,60.0013,15.77,111.0,-0.000123,0.337946,0.581331,-1.019823,1.043634,2.063457,0.00878,0.566189,-0.0051,-1.4137,0.520198,1.1175,2.0062,2.2002,0.024,0.811432,0.006208,0.003975,0.005172,0.004592,0.003661,0.003174,0.002521,0.002177,0.001837,0.001448,0.007651,0.004899,0.006374,0.005659,0.003912,0.002683,0.001784,0.000142,1.4686,61.31,29.94,0.0317,0.00106,60.0
TRAN_F0203_tran_sim_07_W11,train,Transient,7,0.581341,1.043966,1.795789,0.8572,35.6,60.0,59.9986,15.75,109.2,-5.8e-05,0.337957,0.581341,-1.017927,1.043966,2.061893,0.008041,0.565556,-0.005,-1.4135,0.520207,1.1175,2.0068,2.2008,0.024,0.811435,0.006229,0.004021,0.005101,0.004609,0.003583,0.003312,0.002537,0.001915,0.001812,0.001474,0.007677,0.004955,0.006286,0.00568,0.004082,0.00236,0.001817,0.000142,1.4686,61.29,29.53,0.0317,0.001038,60.0
TRAN_F0204_tran_sim_07_W12,train,Transient,7,0.581388,1.04564,1.798525,0.8381,35.6,60.0,60.0001,15.76,107.2,-5.4e-05,0.338012,0.581388,-1.017633,1.04564,2.063273,0.008596,0.566615,-0.0052,-1.4136,0.520254,1.1175,2.0099,2.204,0.024,0.811515,0.006276,0.003896,0.005147,0.004606,0.003698,0.003142,0.002426,0.001993,0.001837,0.0014,0.007734,0.004801,0.006342,0.005676,0.003872,0.002456,0.001725,0.000141,1.4632,61.3,29.75,0.0317,0.001053,60.0
TRAN_F0205_tran_sim_07_W13,train,Transient,7,0.581277,1.043787,1.795679,0.8371,35.6,60.0,60.0006,15.76,105.2,-6.8e-05,0.337883,0.581277,-1.018901,1.043787,2.062687,0.008342,0.565704,-0.0051,-1.4135,0.520125,1.1176,2.0068,2.2011,0.024,0.811357,0.006285,0.003889,0.005057,0.004564,0.003626,0.003189,0.002578,0.002048,0.001811,0.001596,0.007746,0.004793,0.006233,0.005625,0.00393,0.002524,0.001967,0.000141,1.4635,61.29,29.65,0.0316,0.001063,60.0
TRAN_F0206_tran_sim_07_W14,train,Transient,7,0.581326,1.045005,1.797623,0.8529,35.6,60.0,59.9994,15.76,103.4,-1.1e-05,0.33794,0.581326,-1.020037,1.045005,2.065042,0.009627,0.568023,-0.0051,-1.4139,0.520212,1.1175,2.0088,2.203,0.024,0.811422,0.006243,0.004089,0.005148,0.004578,0.003631,0.003197,0.002484,0.002161,0.001847,0.001451,0.007694,0.005039,0.006344,0.005642,0.00394,0.002663,0.001788,0.000143,1.4737,61.29,29.56,0.0317,0.001045,60.0
TRAN_F0207_tran_sim_07_W15,train,Transient,7,0.581358,1.044472,1.796608,0.8537,35.6,60.0,60.0009,15.76,101.4,-0.000113,0.337977,0.581358,-1.018077,1.044472,2.06255,0.008517,0.566539,-0.0054,-1.4139,0.520244,1.1175,2.0077,2.2018,0.024,0.811464,0.006367,0.004038,0.005165,0.004536,0.003646,0.003333,0.00245,0.002092,0.001819,0.001669,0.007846,0.004976,0.006365,0.00559,0.004107,0.002578,0.002057,0.000145,1.4839,61.3,29.85,0.0317,0.001062,60.0
TRAN_F0208_tran_sim_07_W16,train,Transient,7,0.581309,1.044395,1.796627,0.8535,35.4,60.0,59.9976,15.76,99.4,-1.7e-05,0.33792,0.581309,-1.017671,1.044395,2.062066,0.008321,0.564997,-0.0055,-1.4135,0.520182,1.1175,2.0077,2.2018,0.024,0.811405,0.006364,0.004078,0.005105,0.004582,0.003628,0.003214,0.00251,0.00202,0.001891,0.001539,0.007843,0.005026,0.006292,0.005647,0.003961,0.00249,0.001897,0.000144,1.4789,61.29,29.57,0.0316,0.001024,60.0
TRAN_F0209_tran_sim_07_W17,train,Transient,7,0.581324,1.045632,1.798709,0.8424,35.6,60.0,59.9988,15.77,97.4,-0.000103,0.337937,0.581324,-1.020546,1.045632,2.066179,0.007514,0.565796,-0.0053,-1.4141,0.520214,1.1175,2.01,2.2043,0.024,0.811438,0.006311,0.004026,0.005167,0.004491,0.003631,0.003217,0.002521,0.002095,0.001873,0.001538,0.007778,0.004962,0.006368,0.005535,0.003965,0.002582,0.001895,0.000143,1.4737,61.3,29.8,0.0316,0.001063,60.0
TRAN_F0210_tran_sim_07_W18,train,Transient,7,0.581359,1.046541,1.800162,0.8425,35.4,60.0,59.9976,15.76,95.6,-0.000103,0.337979,0.581359,-1.018345,1.046541,2.064886,0.008593,0.56695,-0.0051,-1.4138,0.520257,1.1174,2.0116,2.2058,0.024,0.811477,0.006244,0.004038,0.00516,0.004468,0.003716,0.003235,0.002461,0.002014,0.001824,0.001525,0.007695,0.004976,0.006359,0.005506,0.003987,0.002482,0.001879,0.000142,1.4685,61.29,29.59,0.0316,0.001045,60.0
TRAN_F0211_tran_sim_07_W19,train,Transient,7,0.581345,1.043729,1.795369,0.8551,35.6,60.0,59.9985,15.75,93.6,-8.2e-05,0.337962,0.581345,-1.018951,1.043729,2.06268,0.008316,0.564872,-0.005,-1.4138,0.520244,1.1174,2.0062,2.1999,0.024,0.811434,0.006274,0.004117,0.005196,0.0045,0.003589,0.003306,0.002451,0.002133,0.001809,0.001625,0.007732,0.005074,0.006403,0.005546,0.004074,0.002629,0.002003,0.000144,1.4789,61.3,29.64,0.0317,0.001047,60.0
TRAN_F0212_tran_sim_07_W20,train,Transient,7,0.581311,1.045376,1.79831,0.8617,35.4,60.0,60.0005,15.76,91.6,-6.4e-05,0.337922,0.581311,-1.019374,1.045376,2.064751,0.008968,0.566962,-0.005,-1.4138,0.520186,1.1175,2.0096,2.204,0.024,0.811394,0.006223,0.004163,0.005063,0.004592,0.003613,0.003235,0.002405,0.002045,0.001821,0.001523,0.00767,0.005131,0.00624,0.005659,0.003987,0.00252,0.001877,0.000142,1.4686,61.29,29.62,0.0317,0.001048,60.0
TRAN_F0213_tran_sim_07_W21,train,Transient,7,0.581255,1.045416,1.798548,0.8466,35.4,60.0,59.9995,15.76,89.8,-7.6e-05,0.337858,0.581255,-1.018709,1.045416,2.064124,0.008572,0.565604,-0.0053,-1.4139,0.52018,1.1174,2.0097,2.2036,0.024,0.811327,0.006316,0.004031,0.00523,0.004488,0.003612,0.003285,0.002442,0.002107,0.001761,0.001507,0.007785,0.004968,0.006446,0.005532,0.004049,0.002597,0.001857,0.000143,1.4739,61.3,29.79,0.0317,0.001063,60.0
TRAN_F0214_tran_sim_07_W22,train,Transient,7,0.581288,1.043779,1.795629,0.8678,35.4,60.0,59.9985,15.76,87.8,-4.1e-05,0.337896,0.581288,-1.020016,1.043779,2.063795,0.00913,0.566154,-0.0052,-1.4137,0.520144,1.1176,2.0067,2.2012,0.024,0.811368,0.006304,0.004039,0.005205,0.004659,0.003561,0.0034,0.002437,0.002072,0.001848,0.001518,0.00777,0.004978,0.006415,0.005742,0.00419,0.002554,0.001871,0.000145,1.4841,61.29,29.54,0.0317,0.001038,60.0
TRAN_F0215_tran_sim_07_W23,train,Transient,7,0.581279,1.042067,1.792713,0.847,35.4,60.0,59.9987,15.76,85.8,-0.000148,0.337886,0.581279,-1.018826,1.042067,2.060893,0.007708,0.564601,-0.0055,-1.4139,0.520183,1.1175,2.0033,2.1967,0.024,0.811357,0.006405,0.004159,0.005047,0.004491,0.003632,0.003124,0.002554,0.002118,0.001783,0.001585,0.007894,0.005126,0.00622,0.005535,0.00385,0.00261,0.001954,0.000144,1.479,61.29,29.59,0.0317,0.001043,60.0
TRAN_F0216_tran_sim_07_W24,train,Transient,7,0.581223,1.04422,1.796592,0.8573,35.4,60.0,60.0,15.75,84.0,-3.2e-05,0.33782,0.581223,-1.018595,1.04422,2.062815,0.008644,0.56758,-0.0051,-1.4138,0.520126,1.1175,2.0076,2.2017,0.024,0.811258,0.006286,0.00409,0.005059,0.004555,0.003671,0.003301,0.002545,0.001982,0.001828,0.00153,0.007748,0.005042,0.006236,0.005615,0.004069,0.002443,0.001886,0.000143,1.474,61.29,29.63,0.0317,0.001049,60.0
TRAN_F0217_tran_sim_07_W25,train,Transient,7,0.581362,1.043246,1.794487,0.8597,35.4,60.0,59.9998,15.77,82.0,-0.000138,0.337981,0.581362,-1.018675,1.043246,2.061921,0.008014,0.56696,-0.0051,-1.4139,0.520244,1.1175,2.0053,2.1991,0.024,0.811485,0.00628,0.004076,0.005073,0.004569,0.003585,0.003344,0.002505,0.002084,0.001888,0.001566,0.007739,0.005023,0.006252,0.00563,0.004121,0.002568,0.00193,0.000143,1.4736,61.3,29.64,0.0316,0.001058,60.0
TRAN_F0218_tran_sim_07_W26,train,Transient,7,0.581325,1.044689,1.797083,0.8519,35.6,60.0,60.0003,15.75,80.0,-4e-05,0.337938,0.581325,-1.019307,1.044689,2.063996,0.007585,0.566011,-0.0048,-1.4137,0.520225,1.1174,2.0081,2.202,0.024,0.811401,0.006123,0.004096,0.005074,0.004542,0.003693,0.003221,0.00243,0.002081,0.001822,0.001522,0.007546,0.005048,0.006253,0.005598,0.00397,0.002565,0.001876,0.000141,1.4634,61.29,29.51,0.0317,0.001037,60.0
TRAN_F0219_tran_sim_07_W27,train,Transient,7,0.581324,1.042989,1.794161,0.8464,35.6,60.0,60.0019,15.77,78.2,-2.7e-05,0.337937,0.581324,-1.019613,1.042989,2.062602,0.008601,0.566183,-0.0053,-1.414,0.52024,1.1174,2.0048,2.1983,0.024,0.811433,0.006367,0.004118,0.005194,0.004467,0.003696,0.003204,0.002411,0.00206,0.001934,0.001467,0.007847,0.005075,0.006401,0.005505,0.003949,0.002539,0.001808,0.000144,1.4789,61.3,29.67,0.0316,0.001049,60.0
TRAN_F0220_tran_sim_07_W28,train,Transient,7,0.581394,1.043807,1.795354,0.8447,35.6,60.0,60.0003,15.76,79.6,-7.4e-05,0.338019,0.581394,-1.020397,1.043807,2.064205,0.007389,0.565148,-0.0052,-1.4136,0.520268,1.1175,2.0063,2.2003,0.024,0.811509,0.006203,0.004016,0.00506,0.004497,0.003639,0.003262,0.002543,0.002131,0.001913,0.001566,0.007644,0.004949,0.006235,0.005542,0.00402,0.002626,0.00193,0.000141,1.4632,61.29,29.73,0.0317,0.001049,60.0
TRAN_F0221_tran_sim_07_W29,train,Transient,7,0.581245,1.04389,1.795954,0.8565,35.4,60.0,60.0016,15.76,81.6,-0.000145,0.337846,0.581245,-1.020418,1.04389,2.064307,0.009773,0.568902,-0.0049,-1.4137,0.520148,1.1175,2.0069,2.2007,0.024,0.811318,0.006161,0.004069,0.005196,0.004594,0.003675,0.003259,0.002539,0.002156,0.001827,0.001472,0.007594,0.005015,0.006404,0.005662,0.004017,0.002657,0.001814,0.000143,1.4739,61.3,29.73,0.0316,0.001068,60.0
TRAN_F0222_tran_sim_07_W30,train,Transient,7,0.581279,1.043603,1.795357,0.8387,35.4,60.0,60.0009,15.76,83.4,-9.7e-05,0.337885,0.581279,-1.019337,1.043603,2.06294,0.008254,0.566284,-0.0053,-1.4133,0.52015,1.1175,2.0064,2.2005,0.024,0.811355,0.006345,0.003994,0.005223,0.004488,0.003698,0.003195,0.002467,0.002142,0.001733,0.001493,0.00782,0.004923,0.006437,0.005531,0.003938,0.00264,0.00184,0.000143,1.4739,61.3,29.82,0.0317,0.001055,60.0
TRAN_F0223_tran_sim_07_W31,train,Transient,7,0.58134,1.045506,1.798442,0.8437,35.4,60.0,59.9989,15.76,85.4,-1.4e-05,0.337956,0.58134,-1.01737,1.045506,2.062875,0.009159,0.566603,-0.0054,-1.4135,0.520199,1.1175,2.0098,2.2041,0.024,0.811447,0.006323,0.003939,0.005211,0.004553,0.003575,0.003259,0.002393,0.002157,0.001815,0.00155,0.007792,0.004854,0.006422,0.005611,0.004016,0.002658,0.00191,0.000143,1.4737,61.3,29.65,0.0317,0.001051,60.0
TRAN_F0224_tran_sim_08_W00,train,Transient,7,0.665394,1.162518,1.747112,0.8319,41.0,60.0,59.9993,16.28,12.6,0.000167,0.44275,0.665394,-1.162518,1.160383,2.322901,-0.007474,0.646271,0.0051,-1.4215,0.595594,1.1172,1.9519,2.1413,0.024,0.930122,0.006365,0.005131,0.005514,0.00523,0.004024,0.002489,0.001823,0.001962,0.001843,0.001722,0.006843,0.005516,0.005928,0.005623,0.002676,0.002109,0.001851,0.000161,1.3642,61.12,32.73,0.0281,0.001108,60.0
TRAN_F0225_tran_sim_08_W01,train,Transient,7,0.665498,1.162995,1.747555,0.8114,41.0,60.0,59.9997,16.27,12.6,0.000159,0.442888,0.665498,-1.162995,1.157493,2.320488,-0.004683,0.648753,0.0051,-1.4217,0.595697,1.1172,1.9523,2.142,0.024,0.93026,0.006317,0.005017,0.00551,0.00505,0.003949,0.002509,0.001965,0.001699,0.001977,0.001642,0.006791,0.005393,0.005923,0.005429,0.002697,0.001826,0.001765,0.000156,1.3426,61.12,32.53,0.0281,0.001103,60.0
TRAN_F0226_tran_sim_08_W02,train,Transient,7,0.665414,1.160325,1.743764,0.8261,41.0,60.0,60.0002,16.28,12.6,0.000231,0.442776,0.665414,-1.160042,1.160325,2.320366,-0.006179,0.646123,0.0048,-1.4216,0.595659,1.1171,1.948,2.1365,0.024,0.930153,0.006302,0.005073,0.005386,0.005148,0.004059,0.002607,0.001902,0.001708,0.001887,0.001631,0.006775,0.005454,0.00579,0.005535,0.002803,0.001836,0.001753,0.000157,1.3471,61.12,32.5,0.028,0.001105,60.0
TRAN_F0227_tran_sim_08_W03,train,Transient,7,0.665438,1.161749,1.745842,0.8201,41.0,60.0,59.9987,16.27,12.6,9.2e-05,0.442807,0.665438,-1.161749,1.159874,2.321622,-0.005116,0.649791,0.0048,-1.4216,0.595617,1.1172,1.9505,2.14,0.024,0.93018,0.006284,0.005109,0.00566,0.005061,0.003929,0.002544,0.001822,0.001919,0.00202,0.001612,0.006756,0.005492,0.006085,0.005441,0.002735,0.002063,0.001733,0.000159,1.3556,61.12,32.54,0.028,0.0011,60.0
TRAN_F0228_tran_sim_08_W04,train,Transient,7,0.665334,1.164181,1.749771,0.8199,41.0,60.0,59.9988,16.27,12.6,0.000146,0.442669,0.665334,-1.164181,1.158334,2.322516,-0.008181,0.646772,0.0051,-1.4212,0.595535,1.1172,1.9548,2.1442,0.024,0.930023,0.006448,0.005048,0.005484,0.0051,0.004051,0.00258,0.002005,0.001839,0.002059,0.001792,0.006933,0.005428,0.005897,0.005484,0.002774,0.001977,0.001927,0.000161,1.3643,61.11,32.22,0.0281,0.001087,60.0
TRAN_F0229_tran_sim_08_W05,train,Transient,7,0.665412,1.162212,1.746606,0.8124,41.0,60.0,60.0007,16.28,12.6,0.000208,0.442773,0.665412,-1.162212,1.157619,2.319831,-0.007152,0.648263,0.0051,-1.4216,0.595648,1.1171,1.9512,2.1398,0.024,0.930126,0.006455,0.004979,0.005612,0.005088,0.003928,0.002532,0.001869,0.001988,0.001877,0.001727,0.00694,0.005353,0.006034,0.00547,0.002722,0.002137,0.001857,0.00016,1.3599,61.12,32.4,0.0281,0.001101,60.0
TRAN_F0230_tran_sim_08_W06,train,Transient,7,0.665534,1.161351,1.744992,0.8256,41.2,60.0,60.0013,16.29,12.6,4.8e-05,0.442935,0.665534,-1.161351,1.158385,2.319736,-0.004143,0.65149,0.0047,-1.4216,0.595744,1.1171,1.9494,2.1385,0.024,0.930314,0.006318,0.005023,0.005595,0.005202,0.004117,0.00259,0.001839,0.00187,0.001809,0.001778,0.006791,0.005399,0.006014,0.005592,0.002784,0.00201,0.001911,0.00016,1.3597,61.12,32.58,0.0281,0.001105,60.0
TRAN_F0231_tran_sim_08_W07,train,Transient,7,0.665456,1.159229,1.742005,0.8375,41.0,60.0,60.0011,16.28,12.6,0.000147,0.442832,0.665456,-1.159229,1.158972,2.3182,-0.007568,0.647114,0.005,-1.4217,0.595712,1.1171,1.946,2.1341,0.024,0.930186,0.006529,0.005145,0.005554,0.005249,0.004048,0.002581,0.00188,0.00176,0.001802,0.001698,0.007019,0.005531,0.005971,0.005643,0.002775,0.001892,0.001825,0.000163,1.3725,61.14,33.04,0.0281,0.001121,60.0
TRAN_F0232_tran_sim_08_W08,train,Transient,7,0.665406,1.161572,1.745661,0.8163,41.0,60.0,60.0002,16.28,12.6,0.000172,0.442765,0.665406,-1.161572,1.160601,2.322173,-0.005688,0.648849,0.0047,-1.4216,0.595633,1.1171,1.9501,2.1392,0.024,0.930135,0.006308,0.00499,0.005597,0.005112,0.004157,0.002573,0.001841,0.001801,0.001963,0.001798,0.006782,0.005365,0.006017,0.005496,0.002766,0.001936,0.001933,0.00016,1.3599,61.12,32.58,0.0281,0.001105,60.0
TRAN_F0233_tran_sim_08_W09,train,Transient,7,0.665452,1.161885,1.74601,0.8166,41.2,60.0,60.0011,16.28,12.6,0.000156,0.442826,0.665452,-1.161885,1.156721,2.318606,-0.006053,0.648211,0.0048,-1.4215,0.595648,1.1172,1.9506,2.1399,0.024,0.930187,0.006404,0.00503,0.005479,0.005135,0.003883,0.002456,0.001899,0.001793,0.001891,0.001741,0.006885,0.005408,0.00589,0.00552,0.00264,0.001928,0.001872,0.000157,1.347,61.12,32.46,0.0281,0.001102,60.0
TRAN_F0234_tran_sim_08_W10,train,Transient,7,0.665514,1.160728,1.744107,0.823,41.0,60.0,60.0005,16.27,12.6,0.000104,0.442909,0.665514,-1.160728,1.155755,2.316484,-0.00657,0.647017,0.0051,-1.4216,0.595734,1.1171,1.9484,2.1371,0.024,0.93026,0.006506,0.004978,0.005595,0.00518,0.004192,0.002648,0.001882,0.001758,0.001733,0.001718,0.006994,0.005351,0.006014,0.005568,0.002847,0.00189,0.001847,0.000162,1.3682,61.12,32.65,0.0281,0.001106,60.0
TRAN_F0235_tran_sim_08_W11,train,Transient,7,0.665405,1.160569,1.744154,0.8194,41.0,60.0,60.002,16.29,12.6,0.000144,0.442764,0.665405,-1.160569,1.158002,2.31857,-0.005291,0.649651,0.0048,-1.4215,0.595631,1.1171,1.9485,2.1372,0.024,0.93013,0.006361,0.005101,0.005576,0.005085,0.003987,0.002492,0.001932,0.001743,0.001864,0.001558,0.006839,0.005484,0.005995,0.005467,0.002679,0.001874,0.001675,0.000158,1.3514,61.12,32.68,0.0281,0.001105,60.0
TRAN_F0236_tran_sim_08_W12,train,Transient,7,0.665443,1.164868,1.750515,0.8121,41.2,60.0,59.9992,16.27,12.6,0.00023,0.442814,0.665443,-1.164868,1.158893,2.32376,-0.007913,0.647025,0.0048,-1.4213,0.595612,1.1172,1.9558,2.1455,0.024,0.930175,0.006336,0.004942,0.005615,0.005062,0.004035,0.002649,0.001892,0.001667,0.001748,0.001523,0.006812,0.005313,0.006036,0.005442,0.002848,0.001792,0.001637,0.000157,1.3471,61.12,32.59,0.0281,0.001105,60.0
TRAN_F0237_tran_sim_08_W13,train,Transient,7,0.665414,1.163525,1.748573,0.8224,41.0,60.0,59.9998,16.28,12.6,0.00021,0.442775,0.665414,-1.163525,1.159419,2.322944,-0.006917,0.647588,0.0052,-1.4221,0.595685,1.1171,1.9533,2.1423,0.024,0.930146,0.006435,0.005125,0.005567,0.005111,0.004061,0.002477,0.002029,0.001702,0.00169,0.00157,0.006918,0.00551,0.005985,0.005495,0.002663,0.00183,0.001688,0.00016,1.3599,61.12,32.39,0.0281,0.001101,60.0
TRAN_F0238_tran_sim_08_W14,train,Transient,7,0.665433,1.162049,1.746304,0.8161,41.0,60.0,60.0011,16.27,12.6,0.000151,0.442802,0.665433,-1.162049,1.160878,2.322927,-0.006587,0.64667,0.0053,-1.4208,0.595644,1.1172,1.9509,2.1396,0.024,0.93015,0.006441,0.005013,0.005485,0.005106,0.004014,0.002534,0.001859,0.001811,0.001905,0.001725,0.006925,0.005389,0.005897,0.005489,0.002724,0.001947,0.001855,0.000159,1.3556,61.11,32.33,0.0281,0.001089,60.0
TRAN_F0239_tran_sim_08_W15,train,Transient,7,0.665457,1.162216,1.746493,0.8286,41.0,60.0,60.0017,16.28,12.6,0.00012,0.442833,0.665457,-1.162216,1.160299,2.322515,-0.006377,0.646427,0.0048,-1.4216,0.595706,1.1171,1.951,2.1399,0.024,0.930193,0.006345,0.005138,0.005697,0.005214,0.004065,0.002413,0.001854,0.001797,0.001961,0.00158,0.006821,0.005524,0.006125,0.005605,0.002594,0.001932,0.001699,0.000162,1.3683,61.12,32.52,0.0281,0.001104,60.0
TRAN_F0240_tran_sim_08_W16,train,Transient,7,0.665534,1.160684,1.743988,0.8384,41.0,60.0,59.9999,16.28,12.6,0.000153,0.442936,0.665534,-1.160684,1.158796,2.31948,-0.007405,0.647048,0.0048,-1.4214,0.595731,1.1172,1.9483,2.1372,0.024,0.930308,0.006352,0.005113,0.005466,0.005287,0.004057,0.002595,0.001795,0.001718,0.001917,0.001688,0.006828,0.005496,0.005875,0.005683,0.002789,0.001847,0.001814,0.00016,1.3597,61.12,32.57,0.0281,0.001098,60.0
TRAN_F0241_tran_sim_08_W17,train,Transient,7,0.665438,1.163036,1.747774,0.8225,41.0,60.0,60.0011,16.28,12.6,0.000237,0.442808,0.665438,-1.163036,1.159145,2.322181,-0.006787,0.648026,0.0051,-1.4217,0.595687,1.1171,1.9524,2.1414,0.024,0.930162,0.006466,0.005047,0.005413,0.00514,0.003991,0.002578,0.001769,0.001669,0.001797,0.001761,0.006951,0.005426,0.005819,0.005526,0.002772,0.001794,0.001893,0.000158,1.3514,61.12,32.58,0.0281,0.001101,60.0
TRAN_F0242_tran_sim_08_W18,train,Transient,7,0.665473,1.164276,1.749547,0.8225,41.0,60.0,59.9991,16.27,12.6,0.000209,0.442854,0.665473,-1.164276,1.159163,2.323439,-0.00611,0.647195,0.0049,-1.4214,0.595703,1.1171,1.9545,2.1436,0.024,0.930209,0.006388,0.004986,0.005526,0.005266,0.003984,0.002437,0.001859,0.001794,0.001914,0.001679,0.006867,0.00536,0.005941,0.005661,0.00262,0.001929,0.001805,0.000159,1.3556,61.13,32.71,0.0281,0.001109,60.0
TRAN_F0243_tran_sim_08_W19,train,Transient,7,0.665492,1.161941,1.745988,0.819,41.0,60.0,59.9996,16.28,12.6,0.000215,0.44288,0.665492,-1.161941,1.159198,2.321139,-0.007874,0.648111,0.0048,-1.4212,0.59565,1.1173,1.9507,2.14,0.024,0.930261,0.006381,0.005127,0.00569,0.005021,0.003972,0.002559,0.00191,0.001953,0.001913,0.001544,0.006859,0.005511,0.006117,0.005397,0.002751,0.002099,0.00166,0.00016,1.3597,61.12,32.6,0.028,0.001103,60.0
TRAN_F0244_tran_sim_08_W20,train,Transient,7,0.66541,1.161713,1.74586,0.8186,41.0,60.0,59.9986,16.28,12.6,0.000175,0.442771,0.66541,-1.161713,1.158015,2.319728,-0.0047,0.649689,0.0047,-1.4217,0.595623,1.1172,1.9504,2.1398,0.024,0.93014,0.006235,0.005066,0.005493,0.005091,0.003914,0.002527,0.001861,0.001865,0.001867,0.001788,0.006703,0.005446,0.005906,0.005473,0.002717,0.002005,0.001922,0.000156,1.3428,61.11,32.42,0.0281,0.001095,60.0
TRAN_F0245_tran_sim_08_W21,train,Transient,7,0.665486,1.160616,1.744012,0.8147,41.2,60.0,60.0008,16.28,12.6,0.000188,0.442872,0.665486,-1.160616,1.159095,2.31971,-0.006047,0.649001,0.0051,-1.4215,0.595714,1.1171,1.9483,2.1368,0.024,0.930247,0.006487,0.005022,0.005348,0.005094,0.004063,0.002503,0.001705,0.001838,0.001816,0.001775,0.006973,0.005399,0.005749,0.005476,0.002691,0.001976,0.001908,0.000157,1.347,61.11,32.43,0.0281,0.001097,60.0
TRAN_F0246_tran_sim_08_W22,train,Transient,7,0.665485,1.163811,1.748817,0.8454,41.0,60.0,59.9999,16.28,12.6,0.000268,0.44287,0.665485,-1.163811,1.158142,2.321954,-0.006759,0.64823,0.0048,-1.4216,0.595704,1.1171,1.9537,2.1429,0.024,0.930251,0.006374,0.005228,0.005456,0.005241,0.004002,0.002654,0.0018,0.001899,0.001848,0.001628,0.006852,0.00562,0.005865,0.005634,0.002853,0.002041,0.00175,0.000161,1.364,61.12,32.4,0.028,0.001095,60.0
TRAN_F0247_tran_sim_08_W23,train,Transient,7,0.665484,1.164355,1.749636,0.8195,41.0,60.0,60.0027,16.28,12.6,0.000206,0.442869,0.665484,-1.164355,1.158378,2.322733,-0.007517,0.648919,0.005,-1.4215,0.595682,1.1172,1.9547,2.1441,0.024,0.930237,0.006453,0.005056,0.005577,0.005122,0.004001,0.002512,0.001755,0.001953,0.00185,0.001636,0.006937,0.005435,0.005995,0.005506,0.0027,0.002099,0.001759,0.00016,1.3598,61.12,32.62,0.0281,0.001109,60.0
TRAN_F0248_tran_sim_08_W24,train,Transient,7,0.66549,1.165887,1.751923,0.8135,41.0,60.0,59.9966,16.27,12.6,0.000169,0.442877,0.66549,-1.165887,1.157353,2.323241,-0.00776,0.648623,0.0049,-1.4217,0.595738,1.1171,1.957,2.1462,0.024,0.930252,0.006323,0.005022,0.005556,0.0051,0.004057,0.002456,0.001854,0.00167,0.001825,0.001787,0.006797,0.005399,0.005973,0.005482,0.00264,0.001795,0.001921,0.000157,1.3469,61.12,32.56,0.0281,0.001102,60.0
TRAN_F0249_tran_sim_08_W25,train,Transient,7,0.665644,1.161925,1.745566,0.8196,41.0,60.0,60.0024,16.28,12.6,0.000178,0.443082,0.665644,-1.161925,1.157864,2.319789,-0.006356,0.648781,0.0046,-1.4211,0.595819,1.1172,1.9501,2.1392,0.024,0.930451,0.006252,0.005083,0.005645,0.005046,0.0041,0.00262,0.001884,0.001795,0.002005,0.001654,0.006719,0.005463,0.006067,0.005423,0.002816,0.001929,0.001778,0.000159,1.3552,61.12,32.55,0.0281,0.001096,60.0
TRAN_F0250_tran_sim_08_W26,train,Transient,7,0.665382,1.159889,1.743194,0.826,41.0,60.0,59.9985,16.27,12.6,0.000174,0.442733,0.665382,-1.159889,1.158848,2.318737,-0.006706,0.646749,0.0049,-1.4215,0.59561,1.1171,1.9474,2.136,0.024,0.930093,0.006521,0.005103,0.005418,0.005143,0.004017,0.002553,0.001821,0.001731,0.001743,0.001731,0.007011,0.005487,0.005825,0.00553,0.002745,0.001861,0.001861,0.000159,1.3557,61.12,32.67,0.0281,0.001106,60.0
TRAN_F0251_tran_sim_08_W27,train,Transient,7,0.665476,1.163169,1.747877,0.8175,41.0,60.0,59.9955,16.27,12.6,0.000236,0.442858,0.665476,-1.163169,1.158754,2.321924,-0.006113,0.647519,0.0051,-1.4214,0.595686,1.1172,1.9527,2.1419,0.023,0.930225,0.006407,0.004929,0.005574,0.005218,0.004057,0.002512,0.001712,0.001824,0.001745,0.001602,0.006888,0.005299,0.005992,0.005609,0.0027,0.001961,0.001722,0.000158,1.3513,61.11,32.36,0.0281,0.001092,60.0
TRAN_F0252_tran_sim_08_W28,train,Transient,7,0.665386,1.163651,1.748836,0.8399,41.0,60.0,60.0016,16.27,12.6,0.000162,0.442739,0.665386,-1.163651,1.157326,2.320978,-0.007165,0.647289,0.0054,-1.4214,0.595601,1.1172,1.9537,2.1432,0.024,0.930093,0.006569,0.005164,0.005595,0.005252,0.004095,0.002605,0.001908,0.001778,0.001822,0.001621,0.007063,0.005552,0.006016,0.005647,0.002801,0.001912,0.001743,0.000165,1.3811,61.12,32.48,0.0281,0.001093,60.0
TRAN_F0253_tran_sim_08_W29,train,Transient,7,0.665468,1.160875,1.744449,0.8211,41.0,60.0,60.0028,16.28,12.6,0.00013,0.442848,0.665468,-1.160875,1.156366,2.317241,-0.00691,0.646603,0.0051,-1.4215,0.595669,1.1172,1.9489,2.1376,0.024,0.930222,0.006444,0.005066,0.00547,0.005102,0.003986,0.002578,0.001791,0.001855,0.001909,0.001618,0.006927,0.005446,0.00588,0.005485,0.002771,0.001994,0.001739,0.000159,1.3555,61.12,32.74,0.028,0.001105,60.0
TRAN_F0254_tran_sim_08_W30,train,Transient,7,0.665479,1.16255,1.746936,0.8254,41.0,60.0,59.9987,16.27,12.6,0.000149,0.442863,0.665479,-1.16255,1.156675,2.319225,-0.006136,0.648349,0.0048,-1.4211,0.595641,1.1172,1.9518,2.1414,0.024,0.930224,0.006319,0.005162,0.005389,0.005063,0.004088,0.002582,0.001803,0.001759,0.001836,0.001655,0.006793,0.005549,0.005793,0.005443,0.002776,0.001891,0.001779,0.000157,1.347,61.11,32.3,0.0281,0.001095,60.0
TRAN_F0255_tran_sim_08_W31,train,Transient,7,0.665311,1.161805,1.746259,0.8264,41.0,60.0,59.9994,16.28,12.6,0.000156,0.442638,0.665311,-1.161805,1.159688,2.321492,-0.00587,0.647325,0.005,-1.4215,0.595529,1.1172,1.9509,2.1401,0.024,0.929995,0.006303,0.005029,0.005512,0.005198,0.003899,0.002597,0.001777,0.001955,0.001878,0.001575,0.006777,0.005408,0.005927,0.005589,0.002792,0.002102,0.001694,0.000157,1.3473,61.12,32.57,0.0281,0.001108,60.0
TRAN_F0256_tran_sim_09_W00,train,Transient,7,0.582714,0.991267,1.701122,0.4186,24.6,60.0,60.0013,20.18,136.0,0.000121,0.339556,0.582714,-0.991267,0.988141,1.979409,0.006227,0.577231,-0.0098,-1.4539,0.522296,1.1157,1.8979,2.0829,0.024,0.820151,0.007602,0.003195,0.001502,0.000938,0.001114,0.000837,0.000608,0.000328,0.000603,0.00022,0.009269,0.003896,0.001831,0.001144,0.001021,0.0004,0.000268,7.4e-05,1.0489,60.13,5.53,0.0125,2.6e-05,60.0
TRAN_F0257_tran_sim_09_W01,train,Transient,7,0.582687,0.992467,1.703259,0.4369,24.6,60.0,59.9976,20.15,134.0,8.3e-05,0.339524,0.582687,-0.992467,0.986079,1.978546,0.003638,0.577139,-0.0095,-1.4537,0.522243,1.1157,1.9004,2.0861,0.024,0.820113,0.007396,0.003325,0.001585,0.001073,0.001042,0.000795,0.000499,0.000243,0.000736,0.000318,0.009018,0.004054,0.001933,0.001308,0.000969,0.000296,0.000388,7.2e-05,1.0346,60.13,5.81,0.0125,3.1e-05,60.0
TRAN_F0258_tran_sim_09_W02,train,Transient,7,0.582702,0.992026,1.702458,0.4314,24.6,60.0,59.9989,20.17,132.2,4.7e-05,0.339542,0.582702,-0.992026,0.985765,1.977791,0.005489,0.57724,-0.0098,-1.454,0.522266,1.1157,1.8995,2.0848,0.024,0.820143,0.0076,0.003274,0.001691,0.001034,0.001104,0.000856,0.000507,0.000191,0.000557,0.000463,0.009267,0.003992,0.002062,0.001261,0.001044,0.000233,0.000565,7.5e-05,1.0559,60.14,5.8,0.0125,3e-05,60.0
TRAN_F0259_tran_sim_09_W03,train,Transient,7,0.58277,0.993315,1.704472,0.4406,24.6,60.0,60.0015,20.19,130.2,4.6e-05,0.339621,0.58277,-0.993315,0.985,1.978316,0.004548,0.575921,-0.0097,-1.4535,0.522291,1.1158,1.9018,2.0877,0.024,0.820229,0.00743,0.003364,0.001657,0.001065,0.001005,0.000781,0.000572,0.000317,0.000565,0.000422,0.009058,0.004101,0.00202,0.001298,0.000952,0.000386,0.000514,7.3e-05,1.0417,60.13,5.75,0.0125,2.9e-05,60.0
TRAN_F0260_tran_sim_09_W04,train,Transient,7,0.582782,0.992811,1.703571,0.4275,24.8,60.0,59.9981,20.15,128.2,0.000139,0.339635,0.582782,-0.992811,0.986294,1.979105,0.004749,0.577116,-0.0095,-1.4536,0.522327,1.1157,1.9007,2.0864,0.024,0.820237,0.007427,0.003283,0.00166,0.00087,0.001255,0.000875,0.00054,0.000354,0.000569,0.000424,0.009055,0.004003,0.002024,0.001061,0.001067,0.000432,0.000517,7.3e-05,1.0417,60.13,5.72,0.0126,2.8e-05,60.0
TRAN_F0261_tran_sim_09_W05,train,Transient,7,0.582762,0.995053,1.70748,0.4426,24.8,60.0,60.0014,20.19,126.4,4.1e-05,0.339611,0.582762,-0.995053,0.985894,1.980948,0.004473,0.575646,-0.0096,-1.4536,0.522298,1.1158,1.9051,2.0912,0.024,0.820227,0.007338,0.003383,0.001578,0.001051,0.00111,0.000791,0.000395,0.000211,0.000656,0.000184,0.008946,0.004124,0.001924,0.001281,0.000964,0.000257,0.000224,7.1e-05,1.0273,60.13,5.58,0.0125,2.6e-05,60.0
TRAN_F0262_tran_sim_09_W06,train,Transient,7,0.582793,0.99104,1.700502,0.4294,24.6,60.0,59.9978,20.17,124.4,3.8e-05,0.339647,0.582793,-0.99104,0.98433,1.97537,0.005593,0.576273,-0.0093,-1.4538,0.522339,1.1157,1.8973,2.0827,0.024,0.820271,0.007386,0.003288,0.001654,0.001059,0.001233,0.000688,0.000586,0.000289,0.000668,0.000262,0.009004,0.004008,0.002016,0.001291,0.000839,0.000352,0.000319,7.2e-05,1.0344,60.13,5.71,0.0125,2.6e-05,60.0
TRAN_F0263_tran_sim_09_W07,train,Transient,7,0.582731,0.992555,1.703283,0.4321,25.0,60.0,59.9937,20.12,122.4,0.000126,0.339575,0.582731,-0.992555,0.984914,1.977469,0.00516,0.577561,-0.0094,-1.4538,0.522287,1.1157,1.9004,2.086,0.024,0.820175,0.007455,0.003286,0.001632,0.000996,0.001058,0.000876,0.000562,0.000286,0.000687,0.000364,0.00909,0.004006,0.00199,0.001214,0.001068,0.000349,0.000444,7.3e-05,1.0417,60.13,5.66,0.0125,2.8e-05,60.0
TRAN_F0264_tran_sim_09_W08,train,Transient,7,0.582787,0.993463,1.704676,0.4422,25.0,60.0,59.9986,20.16,120.6,0.000157,0.33964,0.582787,-0.993463,0.98552,1.978982,0.005284,0.577313,-0.0096,-1.4537,0.522347,1.1157,1.9019,2.0874,0.024,0.820248,0.007399,0.003323,0.001507,0.001159,0.000996,0.000879,0.000569,0.000219,0.000644,0.000331,0.00902,0.004051,0.001837,0.001413,0.001072,0.000267,0.000404,7.2e-05,1.0345,60.13,5.7,0.0125,2.8e-05,60.0
TRAN_F0265_tran_sim_09_W09,train,Transient,7,0.58273,0.993734,1.705307,0.4306,24.8,60.0,59.998,20.16,118.6,5e-06,0.339575,0.58273,-0.993734,0.98667,1.980403,0.004007,0.575514,-0.0095,-1.4537,0.522307,1.1157,1.9026,2.0884,0.024,0.820173,0.007419,0.003277,0.001579,0.001006,0.000975,0.000851,0.000465,0.000198,0.00048,0.000376,0.009046,0.003995,0.001925,0.001227,0.001038,0.000241,0.000458,7.2e-05,1.0346,60.13,5.75,0.0125,2.9e-05,60.0
TRAN_F0266_tran_sim_09_W10,train,Transient,7,0.58286,0.994363,1.706007,0.4188,24.8,60.0,59.9968,20.15,116.6,9.1e-05,0.339726,0.58286,-0.994363,0.988979,1.983342,0.005221,0.576372,-0.0096,-1.4539,0.522422,1.1157,1.9034,2.0893,0.024,0.820359,0.007497,0.003179,0.001671,0.000951,0.001107,0.00089,0.000549,0.000232,0.000676,0.00046,0.009139,0.003875,0.002037,0.001159,0.001085,0.000283,0.000561,7.3e-05,1.0415,60.13,5.59,0.0125,2.7e-05,60.0
TRAN_F0267_tran_sim_09_W11,train,Transient,7,0.582731,0.991624,1.701685,0.4408,25.0,60.0,60.002,20.2,114.8,5.1e-05,0.339575,0.582731,-0.991624,0.987508,1.979132,0.004134,0.576265,-0.0097,-1.4537,0.5223,1.1157,1.8986,2.0841,0.024,0.820186,0.007427,0.00333,0.001606,0.001119,0.001063,0.000855,0.000592,0.000282,0.000592,0.000346,0.009055,0.00406,0.001958,0.001364,0.001042,0.000344,0.000422,7.3e-05,1.0417,60.13,5.7,0.0125,2.8e-05,60.0
TRAN_F0268_tran_sim_09_W12,train,Transient,7,0.582709,0.992189,1.702719,0.4263,24.8,60.0,59.9997,20.17,112.8,8.9e-05,0.339549,0.582709,-0.992189,0.986268,1.978457,0.005487,0.577168,-0.0095,-1.4539,0.522273,1.1157,1.8998,2.0854,0.024,0.820146,0.007432,0.003212,0.001641,0.001037,0.001139,0.000912,0.000533,0.000282,0.00067,0.000281,0.009062,0.003916,0.002001,0.001264,0.001112,0.000344,0.000343,7.2e-05,1.0346,60.13,5.7,0.0125,2.7e-05,60.0
TRAN_F0269_tran_sim_09_W13,train,Transient,7,0.582679,0.990933,1.700649,0.4248,25.0,60.0,59.9994,20.18,110.8,5.4e-05,0.339515,0.582679,-0.990933,0.986495,1.977427,0.005835,0.577417,-0.0091,-1.4539,0.522272,1.1157,1.8974,2.0821,0.023,0.820111,0.007289,0.00319,0.001502,0.001079,0.001126,0.000893,0.000503,0.00023,0.000558,0.000201,0.008888,0.00389,0.001831,0.001316,0.001089,0.00028,0.000245,6.9e-05,1.0129,60.13,5.56,0.0125,2.6e-05,60.0
TRAN_F0270_tran_sim_09_W14,train,Transient,7,0.582693,0.992267,1.702898,0.4332,25.0,60.0,60.0021,20.19,109.0,9.4e-05,0.339531,0.582693,-0.992267,0.989145,1.981413,0.004802,0.577241,-0.0095,-1.4539,0.522249,1.1157,1.9,2.0854,0.024,0.820127,0.007434,0.003281,0.001621,0.001097,0.001043,0.00081,0.000595,0.000208,0.00062,0.000323,0.009064,0.004001,0.001977,0.001338,0.000988,0.000254,0.000394,7.2e-05,1.0346,60.13,5.56,0.0125,2.6e-05,60.0
TRAN_F0271_tran_sim_09_W15,train,Transient,7,0.582769,0.991771,1.701825,0.4229,24.6,60.0,60.0028,20.18,107.0,8.1e-05,0.33962,0.582769,-0.991771,0.987236,1.979007,0.004145,0.575631,-0.0095,-1.4537,0.522315,1.1157,1.8988,2.0843,0.024,0.820225,0.007433,0.003271,0.001564,0.000866,0.001112,0.000764,0.000504,0.000259,0.000509,0.00031,0.009062,0.003988,0.001907,0.001056,0.000931,0.000316,0.000378,7.2e-05,1.0345,60.13,5.67,0.0125,2.6e-05,60.0
TRAN_F0272_tran_sim_09_W16,train,Transient,7,0.582762,0.992398,1.702922,0.4299,25.0,60.0,60.003,20.18,105.0,0.000125,0.339612,0.582762,-0.992398,0.985548,1.977946,0.003486,0.576194,-0.0096,-1.4537,0.522303,1.1158,1.9,2.0857,0.024,0.820213,0.007435,0.003266,0.001559,0.001031,0.00108,0.00084,0.00047,0.000199,0.000488,0.000343,0.009065,0.003982,0.001901,0.001257,0.001024,0.000243,0.000418,7.2e-05,1.0345,60.13,5.79,0.0125,2.8e-05,60.0
TRAN_F0273_tran_sim_09_W17,train,Transient,7,0.582778,0.99361,1.704955,0.4348,24.6,60.0,60.0019,20.19,103.0,0.00015,0.33963,0.582778,-0.99361,0.986281,1.97989,0.005505,0.577752,-0.0097,-1.4537,0.522305,1.1158,1.9024,2.0884,0.024,0.820247,0.007459,0.003297,0.001559,0.000976,0.001179,0.000946,0.000563,0.000174,0.000701,0.000336,0.009094,0.00402,0.001901,0.00119,0.001153,0.000212,0.00041,7.3e-05,1.0416,60.13,5.62,0.0125,2.7e-05,60.0
TRAN_F0274_tran_sim_09_W18,train,Transient,7,0.582784,0.993925,1.705478,0.4216,25.0,60.0,60.0012,20.17,101.2,7.2e-05,0.339637,0.582784,-0.993925,0.986692,1.980617,0.005643,0.577336,-0.0094,-1.4538,0.522347,1.1157,1.9028,2.0885,0.024,0.820242,0.007437,0.003197,0.001642,0.001023,0.001112,0.000831,0.000555,0.000237,0.000474,0.000329,0.009067,0.003898,0.002002,0.001247,0.001013,0.000289,0.000401,7.2e-05,1.0345,60.13,5.45,0.0125,2.5e-05,60.0
TRAN_F0275_tran_sim_09_W19,train,Transient,7,0.582773,0.993555,1.704875,0.427,24.8,60.0,59.9986,20.17,99.2,0.000146,0.339624,0.582773,-0.993555,0.985292,1.978847,0.005087,0.57605,-0.0097,-1.4538,0.522342,1.1157,1.9021,2.0875,0.024,0.820237,0.007504,0.003257,0.001597,0.001017,0.001014,0.00079,0.000632,0.000349,0.000697,0.000374,0.009149,0.003971,0.001947,0.00124,0.000963,0.000425,0.000456,7.3e-05,1.0417,60.13,5.71,0.0125,3e-05,60.0
TRAN_F0276_tran_sim_09_W20,train,Transient,7,0.582807,0.993362,1.704444,0.4395,24.8,60.0,59.9993,20.16,97.2,2.7e-05,0.339664,0.582807,-0.993362,0.986818,1.98018,0.003737,0.576201,-0.0096,-1.4537,0.522346,1.1157,1.9017,2.0875,0.024,0.820274,0.007502,0.003339,0.00155,0.000966,0.001025,0.000957,0.000572,0.000234,0.000574,0.000415,0.009146,0.004071,0.00189,0.001178,0.001167,0.000285,0.000506,7.4e-05,1.0487,60.13,5.63,0.0125,2.7e-05,60.0
TRAN_F0277_tran_sim_09_W21,train,Transient,7,0.582734,0.990541,1.699815,0.417,24.6,60.0,59.9996,20.18,95.4,4.4e-05,0.339579,0.582734,-0.990541,0.985118,1.975658,0.005465,0.577561,-0.0096,-1.4541,0.522325,1.1157,1.8964,2.0813,0.024,0.820188,0.007462,0.003154,0.001452,0.001016,0.001085,0.000848,0.000545,0.000254,0.000709,0.000383,0.009098,0.003845,0.00177,0.001239,0.001034,0.00031,0.000467,7.2e-05,1.0346,60.13,5.7,0.0125,2.8e-05,60.0
TRAN_F0278_tran_sim_09_W22,train,Transient,7,0.582735,0.994691,1.706936,0.4338,24.8,60.0,60.0026,20.18,93.4,0.000115,0.33958,0.582735,-0.994691,0.986608,1.981299,0.00432,0.576456,-0.0093,-1.4537,0.522269,1.1158,1.9046,2.0908,0.024,0.820179,0.007325,0.003255,0.001678,0.001149,0.001189,0.000865,0.000466,0.000297,0.000468,0.000356,0.008931,0.003969,0.002046,0.001401,0.001055,0.000362,0.000434,7.1e-05,1.0274,60.13,5.66,0.0125,2.7e-05,60.0
TRAN_F0279_tran_sim_09_W23,train,Transient,7,0.582787,0.995578,1.708305,0.4221,24.6,60.0,60.003,20.17,91.4,9.1e-05,0.339641,0.582787,-0.995578,0.987032,1.98261,0.004796,0.577396,-0.0099,-1.4538,0.522376,1.1156,1.9059,2.0917,0.024,0.820248,0.007552,0.003195,0.00171,0.001037,0.001044,0.00084,0.000503,1.9e-05,0.000568,0.000457,0.009207,0.003895,0.002085,0.001264,0.001024,2.3e-05,0.000557,7.4e-05,1.0487,60.13,5.71,0.0125,2.6e-05,60.0
TRAN_F0280_tran_sim_09_W24,train,Transient,7,0.58275,0.99092,1.700421,0.4363,24.6,60.0,59.999,20.18,89.6,0.000137,0.339597,0.58275,-0.99092,0.986832,1.977752,0.005283,0.57771,-0.0092,-1.4535,0.522298,1.1157,1.8972,2.0821,0.024,0.820206,0.007392,0.003374,0.001702,0.000886,0.001038,0.000799,0.000421,0.00026,0.000554,0.000257,0.009012,0.004114,0.002075,0.00108,0.000974,0.000317,0.000313,7.2e-05,1.0345,60.13,5.48,0.0125,2.4e-05,60.0
TRAN_F0281_tran_sim_09_W25,train,Transient,7,0.582751,0.992696,1.703465,0.4327,24.6,60.0,60.0012,20.17,87.6,8.5e-05,0.339599,0.582751,-0.992696,0.986373,1.979069,0.00337,0.575336,-0.0095,-1.4537,0.522299,1.1157,1.9006,2.0864,0.024,0.820196,0.007397,0.003307,0.00165,0.001007,0.001151,0.000803,0.000529,0.000253,0.000701,0.000342,0.009019,0.004032,0.002012,0.001228,0.000979,0.000308,0.000417,7.2e-05,1.0345,60.13,5.63,0.0125,2.7e-05,60.0
TRAN_F0282_tran_sim_09_W26,train,Transient,7,0.58273,0.991035,1.700676,0.4264,24.8,60.0,60.0016,20.17,85.6,0.000135,0.339574,0.58273,-0.991035,0.986319,1.977354,0.005548,0.576653,-0.0098,-1.454,0.522308,1.1157,1.8974,2.0825,0.024,0.820171,0.007511,0.003217,0.001625,0.001068,0.001071,0.000859,0.00044,0.0003,0.000617,0.000354,0.009158,0.003922,0.001981,0.001302,0.001047,0.000366,0.000432,7.3e-05,1.0417,60.13,5.57,0.0125,2.8e-05,60.0
TRAN_F0283_tran_sim_09_W27,train,Transient,7,0.582803,0.992365,1.702746,0.4459,24.6,60.0,59.9986,20.17,83.8,5.2e-05,0.339659,0.582803,-0.992365,0.985473,1.977838,0.004576,0.577041,-0.0095,-1.4537,0.522349,1.1157,1.8998,2.085,0.024,0.820271,0.007337,0.003361,0.001573,0.001084,0.00111,0.000951,0.000542,0.000323,0.000574,0.000311,0.008945,0.004097,0.001918,0.001322,0.001159,0.000394,0.000379,7.2e-05,1.0344,60.13,5.69,0.0125,2.9e-05,60.0
TRAN_F0284_tran_sim_09_W28,train,Transient,7,0.582703,0.989903,1.698813,0.4404,25.0,60.0,60.0017,20.17,81.8,0.000181,0.339542,0.582702,-0.989903,0.983585,1.973488,0.004739,0.576551,-0.0097,-1.4537,0.522252,1.1158,1.8955,2.0807,0.024,0.820133,0.007489,0.003342,0.001597,0.001005,0.00102,0.000932,0.000483,0.000117,0.000529,0.000283,0.009131,0.004075,0.001947,0.001225,0.001136,0.000143,0.000345,7.3e-05,1.0418,60.13,5.63,0.0125,2.8e-05,60.0
TRAN_F0285_tran_sim_09_W29,train,Transient,7,0.582757,0.991321,1.701088,0.436,24.8,60.0,59.9983,20.17,83.0,9.1e-05,0.339606,0.582757,-0.991321,0.986583,1.977904,0.003831,0.5758,-0.0096,-1.4537,0.522317,1.1157,1.8979,2.0833,0.024,0.820209,0.007456,0.003275,0.001623,0.001099,0.001079,0.000924,0.000509,0.000249,0.000534,0.00017,0.00909,0.003993,0.001979,0.00134,0.001127,0.000304,0.000207,7.3e-05,1.0417,60.14,5.77,0.0125,2.9e-05,60.0
TRAN_F0286_tran_sim_09_W30,train,Transient,7,0.582776,0.994022,1.705669,0.4258,25.0,60.0,60.0008,20.17,84.8,5.7e-05,0.339628,0.582776,-0.994022,0.988117,1.982139,0.005274,0.577653,-0.0096,-1.4538,0.522333,1.1157,1.903,2.0888,0.024,0.820233,0.007447,0.003222,0.001694,0.001032,0.001058,0.000867,0.000554,0.000192,0.000709,0.000301,0.009079,0.003928,0.002065,0.001258,0.001057,0.000234,0.000367,7.3e-05,1.0417,60.13,5.67,0.0125,2.8e-05,60.0
TRAN_F0287_tran_sim_09_W31,train,Transient,7,0.58273,0.993228,1.704441,0.4322,24.8,60.0,59.9994,20.18,86.8,0.000118,0.339574,0.58273,-0.993228,0.984661,1.977889,0.006337,0.577976,-0.0097,-1.454,0.522305,1.1157,1.9016,2.087,0.024,0.82018,0.00756,0.003245,0.001538,0.001122,0.001105,0.000879,0.000627,0.00013,0.000638,0.000403,0.009217,0.003956,0.001875,0.001368,0.001072,0.000159,0.000491,7.4e-05,1.0488,60.13,5.77,0.0125,2.9e-05,60.0
TRAN_F0288_tran_sim_10_W00,train,Transient,7,0.585083,0.933622,1.595708,0.3299,26.2,60.0,60.0977,22.95,127.4,-4e-06,0.342322,0.585083,-0.933622,0.931746,1.865368,0.007123,0.580717,0.0035,-1.4741,0.525187,1.114,1.7777,1.9498,0.026,0.82517,0.003464,0.002388,0.001101,0.001088,0.000675,0.000725,0.000607,0.000284,0.000704,0.000337,0.004198,0.002894,0.001334,0.001319,0.000879,0.000344,0.000408,2.2e-05,0.5684,60.09,6.41,0.0076,4e-05,60.0
TRAN_F0289_tran_sim_10_W01,train,Transient,7,0.585009,0.933819,1.596249,0.3174,26.2,60.0,60.0029,22.62,125.4,-8.6e-05,0.342235,0.585008,-0.933819,0.93085,1.864669,0.006317,0.579483,0.003,-1.4742,0.525099,1.1141,1.7784,1.9513,0.024,0.825056,0.003252,0.002298,0.001053,0.00102,0.000649,0.000731,0.000334,0.000186,0.000694,0.000276,0.003942,0.002785,0.001276,0.001236,0.000886,0.000225,0.000335,2e-05,0.542,60.09,6.58,0.0076,4e-05,60.0
TRAN_F0290_tran_sim_10_W02,train,Transient,7,0.585001,0.932933,1.594754,0.336,26.0,60.0,60.0006,22.6,123.6,-3e-05,0.342227,0.585001,-0.932933,0.931912,1.864845,0.006209,0.58109,0.0034,-1.474,0.525072,1.1141,1.7768,1.9492,0.024,0.825047,0.003172,0.002386,0.001229,0.001168,0.000732,0.000794,0.000459,0.000206,0.000512,0.000329,0.003845,0.002892,0.00149,0.001416,0.000962,0.00025,0.000399,2e-05,0.542,60.09,6.4,0.0076,4e-05,60.0
TRAN_F0291_tran_sim_10_W03,train,Transient,7,0.584975,0.935738,1.599622,0.3215,26.0,60.0,60.0012,22.62,121.6,-7.4e-05,0.342195,0.584975,-0.935738,0.93292,1.868658,0.005366,0.580482,0.0032,-1.4741,0.525075,1.1141,1.7821,1.9549,0.024,0.825016,0.00314,0.002326,0.001064,0.001066,0.000628,0.0007,0.000565,0.000289,0.000587,0.000347,0.003806,0.002819,0.00129,0.001292,0.000848,0.00035,0.000421,1.9e-05,0.5283,60.09,6.29,0.0076,3.8e-05,60.0
TRAN_F0292_tran_sim_10_W04,train,Transient,7,0.585018,0.934962,1.598175,0.3326,26.2,60.0,60.0002,22.59,119.6,-1.8e-05,0.342246,0.585018,-0.934962,0.93067,1.865632,0.00532,0.581005,0.003,-1.4739,0.525079,1.1142,1.7806,1.9537,0.023,0.825071,0.003204,0.002378,0.001045,0.001128,0.000716,0.000777,0.00036,0.000201,0.000601,0.000265,0.003883,0.002882,0.001267,0.001367,0.000942,0.000244,0.000321,2e-05,0.542,60.09,6.15,0.0076,3.7e-05,60.0
TRAN_F0293_tran_sim_10_W05,train,Transient,7,0.585042,0.934255,1.596903,0.325,26.2,60.0,60.0,22.58,117.8,2e-05,0.342274,0.585042,-0.934255,0.932386,1.866641,0.006351,0.580907,0.0036,-1.474,0.525123,1.1141,1.7791,1.9516,0.024,0.825101,0.003144,0.002339,0.001178,0.001041,0.000603,0.000797,0.000352,0.000337,0.000695,0.000406,0.00381,0.002835,0.001428,0.001262,0.000966,0.000408,0.000492,2e-05,0.542,60.09,6.39,0.0076,4.1e-05,60.0
TRAN_F0294_tran_sim_10_W06,train,Transient,7,0.584951,0.935404,1.599114,0.3171,26.0,60.0,60.0021,22.61,115.8,-8.5e-05,0.342168,0.584951,-0.935404,0.931538,1.866942,0.007692,0.580799,0.0032,-1.4742,0.525069,1.114,1.7815,1.954,0.024,0.824975,0.003236,0.002277,0.001107,0.001069,0.000756,0.000718,0.000435,0.00023,0.000578,0.00036,0.003923,0.00276,0.001342,0.001296,0.00087,0.000279,0.000436,2e-05,0.5421,60.09,6.49,0.0076,4e-05,60.0
TRAN_F0295_tran_sim_10_W07,train,Transient,7,0.585038,0.935396,1.598864,0.3273,26.2,60.0,60.001,22.59,113.8,-1e-06,0.342269,0.585038,-0.935396,0.933083,1.868479,0.00648,0.58117,0.0034,-1.474,0.5251,1.1141,1.7814,1.9545,0.024,0.825092,0.003244,0.002342,0.001258,0.00109,0.000504,0.000786,0.000343,0.000187,0.000649,0.000288,0.003932,0.002838,0.001525,0.001321,0.000953,0.000227,0.000349,2e-05,0.542,60.09,6.45,0.0076,3.8e-05,60.0
TRAN_F0296_tran_sim_10_W08,train,Transient,7,0.584906,0.934712,1.598056,0.3324,26.0,60.0,60.0979,22.59,112.0,-3.9e-05,0.342115,0.584906,-0.934712,0.931181,1.865893,0.004012,0.582723,0.0032,-1.474,0.524986,1.1141,1.7804,1.9534,0.026,0.824908,0.003276,0.002373,0.001054,0.001159,0.000738,0.000738,0.000465,0.000211,0.000615,0.000386,0.003971,0.002877,0.001278,0.001405,0.000895,0.000256,0.000468,2.1e-05,0.5555,60.09,6.61,0.0076,4.2e-05,60.0
TRAN_F0297_tran_sim_10_W09,train,Transient,7,0.584952,0.932095,1.593454,0.3328,26.2,60.0,60.1012,22.46,110.0,-0.000115,0.342169,0.584952,-0.932095,0.932061,1.864156,0.004109,0.581376,0.0032,-1.4739,0.525032,1.1141,1.7753,1.9477,0.026,0.82498,0.003225,0.002444,0.001107,0.001029,0.00072,0.000714,0.000471,0.000251,0.000587,0.000348,0.003909,0.002962,0.001342,0.001247,0.000865,0.000304,0.000422,2e-05,0.5421,60.09,6.61,0.0076,4.2e-05,60.0
TRAN_F0298_tran_sim_10_W10,train,Transient,7,0.585057,0.93285,1.594461,0.3218,26.2,60.0,60.0013,22.61,108.0,-8.5e-05,0.342291,0.585057,-0.93285,0.931823,1.864673,0.005338,0.581307,0.003,-1.4743,0.525153,1.1141,1.7763,1.9487,0.024,0.82513,0.003117,0.002322,0.001091,0.001099,0.000563,0.000675,0.000456,0.000388,0.000721,0.00025,0.003778,0.002814,0.001322,0.001332,0.000818,0.00047,0.000303,1.9e-05,0.5283,60.09,6.34,0.0076,3.9e-05,60.0
TRAN_F0299_tran_sim_10_W11,train,Transient,7,0.584899,0.932874,1.594933,0.3207,26.2,60.0,60.001,22.59,106.2,-7.1e-05,0.342106,0.584899,-0.932874,0.932577,1.865451,0.007825,0.579956,0.0033,-1.4741,0.525009,1.1141,1.7769,1.9491,0.024,0.824898,0.003278,0.00234,0.001072,0.000977,0.00057,0.000753,0.000417,0.000252,0.000697,0.000292,0.003974,0.002837,0.0013,0.001184,0.000913,0.000305,0.000354,2e-05,0.5421,60.09,6.38,0.0076,3.9e-05,60.0
TRAN_F0300_tran_sim_10_W12,train,Transient,7,0.585144,0.936402,1.600293,0.3292,26.2,60.0,60.1002,22.4,104.2,-5.2e-05,0.342394,0.585144,-0.936402,0.932627,1.86903,0.00644,0.581683,0.0032,-1.4739,0.525214,1.1141,1.7829,1.9557,0.026,0.825252,0.003243,0.00241,0.001028,0.001058,0.000552,0.000675,0.000356,0.000177,0.000706,0.000357,0.00393,0.00292,0.001246,0.001282,0.000818,0.000214,0.000433,2e-05,0.5419,60.09,6.53,0.0076,4.2e-05,60.0
TRAN_F0301_tran_sim_10_W13,train,Transient,7,0.585076,0.934928,1.597959,0.3337,26.0,60.0,59.9985,22.58,102.2,-9.6e-05,0.342314,0.585076,-0.934928,0.931338,1.866266,0.005319,0.581296,0.0033,-1.4738,0.525127,1.1142,1.7804,1.9535,0.024,0.825155,0.003168,0.002417,0.001208,0.001072,0.000686,0.00077,0.000456,0.00016,0.000523,0.000249,0.003839,0.002929,0.001464,0.001299,0.000933,0.000194,0.000302,2e-05,0.542,60.09,6.37,0.0076,4e-05,60.0
TRAN_F0302_tran_sim_10_W14,train,Transient,7,0.584942,0.934414,1.597448,0.329,26.2,60.0,60.0013,22.6,100.4,-2e-06,0.342157,0.584942,-0.934414,0.932319,1.866732,0.006079,0.57999,0.0035,-1.4741,0.525,1.1142,1.7798,1.9528,0.024,0.824966,0.003256,0.002366,0.001021,0.001081,0.000675,0.000774,0.000277,0.000222,0.000513,0.000391,0.003947,0.002868,0.001238,0.00131,0.000938,0.000269,0.000474,2e-05,0.5421,60.09,6.32,0.0076,3.9e-05,60.0
TRAN_F0303_tran_sim_10_W15,train,Transient,7,0.584956,0.933598,1.596013,0.3399,26.0,60.0,60.0005,22.6,98.4,-9.5e-05,0.342174,0.584956,-0.933598,0.930825,1.864424,0.004961,0.580675,0.0032,-1.4739,0.525039,1.1141,1.7781,1.9506,0.024,0.82499,0.003182,0.002477,0.001,0.001084,0.000573,0.000743,0.000355,0.00025,0.00067,0.000253,0.003857,0.003002,0.001212,0.001314,0.000901,0.000303,0.000307,2e-05,0.5421,60.09,6.44,0.0076,4e-05,60.0
TRAN_F0304_tran_sim_10_W16,train,Transient,7,0.584952,0.935467,1.599222,0.3295,26.2,60.0,60.0943,22.27,96.4,-2.8e-05,0.342168,0.584952,-0.935467,0.932278,1.867746,0.005658,0.58106,0.0033,-1.4738,0.525031,1.1141,1.7817,1.9548,0.026,0.824962,0.003108,0.002364,0.001154,0.001104,0.000586,0.000765,0.000388,0.000274,0.000798,0.000273,0.003767,0.002866,0.001399,0.001338,0.000927,0.000332,0.000331,2e-05,0.5421,60.09,6.31,0.0076,3.9e-05,60.0
TRAN_F0305_tran_sim_10_W17,train,Transient,7,0.585011,0.933966,1.596492,0.3322,26.2,60.0,60.0988,22.16,94.4,-0.000109,0.342238,0.585011,-0.933966,0.930313,1.864279,0.005839,0.580006,0.0033,-1.474,0.525085,1.1141,1.7787,1.9514,0.026,0.825054,0.003266,0.002381,0.001089,0.001104,0.000509,0.00079,0.000418,0.000218,0.000746,0.000363,0.003959,0.002886,0.00132,0.001338,0.000958,0.000264,0.00044,2.1e-05,0.5554,60.09,6.51,0.0076,4.1e-05,60.0
TRAN_F0306_tran_sim_10_W18,train,Transient,7,0.584927,0.932787,1.594706,0.3259,26.2,60.0,60.1018,22.08,92.6,-2.9e-05,0.34214,0.584927,-0.932762,0.932787,1.865549,0.006273,0.580091,0.0034,-1.4741,0.525053,1.114,1.7766,1.9485,0.026,0.82495,0.003334,0.002331,0.001092,0.001151,0.000626,0.000684,0.000448,0.000217,0.000566,0.000328,0.004041,0.002826,0.001324,0.001395,0.000829,0.000263,0.000398,2.1e-05,0.5555,60.09,6.58,0.0076,4.2e-05,60.0
TRAN_F0307_tran_sim_10_W19,train,Transient,7,0.584982,0.934033,1.596688,0.3257,26.2,60.0,59.999,22.57,90.6,-9.4e-05,0.342203,0.584982,-0.934033,0.92945,1.863484,0.006405,0.581209,0.0032,-1.474,0.525062,1.1141,1.7789,1.9516,0.024,0.825012,0.003312,0.002328,0.001115,0.001145,0.000603,0.000698,0.000403,0.000234,0.000704,0.000273,0.004014,0.002822,0.001351,0.001388,0.000846,0.000284,0.000331,2.1e-05,0.5555,60.09,6.42,0.0076,4.2e-05,60.0
TRAN_F0308_tran_sim_10_W20,train,Transient,7,0.585054,0.934396,1.59711,0.3113,26.2,60.0,60.0026,22.61,88.6,-3.7e-05,0.342288,0.585054,-0.934396,0.931616,1.866012,0.005313,0.580599,0.003,-1.4742,0.525165,1.114,1.7792,1.9519,0.024,0.825127,0.003197,0.002296,0.001111,0.000913,0.000727,0.000702,0.00033,0.000161,0.000707,0.000199,0.003875,0.002783,0.001346,0.001106,0.000851,0.000195,0.000241,1.9e-05,0.5283,60.09,6.57,0.0076,3.9e-05,60.0
TRAN_F0309_tran_sim_10_W21,train,Transient,7,0.585071,0.93459,1.597397,0.3158,26.2,60.0,59.9989,22.58,86.8,-4.5e-05,0.342308,0.585071,-0.93459,0.931321,1.865911,0.004086,0.581107,0.0033,-1.4743,0.525174,1.1141,1.7796,1.9524,0.024,0.825143,0.003176,0.002267,0.001101,0.001017,0.000777,0.000786,0.000381,0.000356,0.000598,0.000351,0.003849,0.002747,0.001334,0.001233,0.000953,0.000431,0.000425,1.9e-05,0.5283,60.09,6.33,0.0076,3.9e-05,60.0
TRAN_F0310_tran_sim_10_W22,train,Transient,7,0.585067,0.933901,1.596229,0.3173,26.2,60.0,60.0016,22.59,84.8,-3.2e-05,0.342303,0.585067,-0.933901,0.933486,1.867387,0.006943,0.580769,0.0033,-1.4741,0.525173,1.114,1.7783,1.9507,0.024,0.825137,0.0032,0.002294,0.001065,0.001067,0.00063,0.000674,0.000546,0.000101,0.000546,0.000287,0.003878,0.00278,0.001291,0.001293,0.000817,0.000122,0.000348,1.9e-05,0.5283,60.09,6.32,0.0076,3.7e-05,60.0
TRAN_F0311_tran_sim_10_W23,train,Transient,7,0.584927,0.935529,1.599394,0.3244,26.0,60.0,60.1,21.89,82.8,5e-06,0.34214,0.584927,-0.935529,0.929304,1.864833,0.006471,0.580092,0.0035,-1.4741,0.525012,1.1141,1.7819,1.9548,0.026,0.824947,0.003179,0.002379,0.0012,0.001057,0.000624,0.000619,0.000413,0.000254,0.000554,0.000271,0.003854,0.002884,0.001455,0.001281,0.00075,0.000308,0.000329,2e-05,0.5421,60.09,6.42,0.0076,3.8e-05,60.0
TRAN_F0312_tran_sim_10_W24,train,Transient,7,0.584967,0.937685,1.602972,0.336,26.2,60.0,59.9993,22.57,81.0,-7.9e-05,0.342186,0.584967,-0.937685,0.93113,1.868815,0.005449,0.581269,0.0035,-1.4738,0.52503,1.1142,1.786,1.9595,0.024,0.824987,0.00341,0.002417,0.001108,0.001092,0.000683,0.000806,0.000356,0.000238,0.00072,0.000267,0.004133,0.00293,0.001343,0.001324,0.000977,0.000288,0.000324,2.2e-05,0.5685,60.09,6.41,0.0076,3.9e-05,60.0
TRAN_F0313_tran_sim_10_W25,train,Transient,7,0.585057,0.933214,1.595084,0.3236,26.2,60.0,60.0986,21.88,79.0,-4.9e-05,0.342291,0.585057,-0.933214,0.931715,1.864929,0.007298,0.580098,0.0036,-1.4741,0.525158,1.1141,1.777,1.9493,0.026,0.825125,0.003165,0.002327,0.001137,0.001075,0.000636,0.000747,0.000449,0.000225,0.000599,0.000278,0.003836,0.00282,0.001378,0.001303,0.000905,0.000273,0.000337,2e-05,0.542,60.09,6.51,0.0076,4.2e-05,60.0
TRAN_F0314_tran_sim_10_W26,train,Transient,7,0.584986,0.932864,1.594677,0.3252,26.0,60.0,59.9989,22.59,78.0,-7.6e-05,0.342209,0.584986,-0.931603,0.932864,1.864467,0.005485,0.581109,0.0034,-1.474,0.525095,1.1141,1.7766,1.9487,0.024,0.825029,0.003427,0.002366,0.001165,0.001072,0.000535,0.000672,0.000368,0.000262,0.00078,0.000305,0.004154,0.002868,0.001412,0.001299,0.000815,0.000318,0.00037,2.1e-05,0.5554,60.09,6.37,0.0076,4e-05,60.0
TRAN_F0315_tran_sim_10_W27,train,Transient,7,0.585081,0.933784,1.595992,0.3301,26.2,60.0,60.1002,21.73,79.8,-0.000102,0.342319,0.585081,-0.933784,0.931451,1.865235,0.006631,0.581192,0.0035,-1.474,0.525162,1.1141,1.7781,1.9506,0.026,0.825157,0.003202,0.002381,0.001145,0.001075,0.000718,0.000771,0.000668,0.000261,0.000707,0.00025,0.00388,0.002886,0.001388,0.001303,0.000934,0.000316,0.000303,2.1e-05,0.5554,60.09,6.41,0.0076,4.1e-05,60.0
TRAN_F0316_tran_sim_10_W28,train,Transient,7,0.585056,0.936262,1.600296,0.3409,26.0,60.0,60.0958,21.79,81.8,-9.2e-05,0.34229,0.585056,-0.936262,0.929894,1.866156,0.005231,0.580724,0.0032,-1.4739,0.52509,1.1142,1.783,1.9565,0.026,0.825124,0.003258,0.002416,0.001164,0.001214,0.000691,0.000775,0.00045,0.00024,0.000682,0.000269,0.003948,0.002928,0.001411,0.001471,0.000939,0.000291,0.000326,2.1e-05,0.5554,60.09,6.52,0.0076,4.1e-05,60.0
TRAN_F0317_tran_sim_10_W29,train,Transient,7,0.585008,0.935277,1.598742,0.3276,26.0,60.0,60.0008,22.58,83.8,-8.9e-05,0.342234,0.585008,-0.935277,0.930926,1.866203,0.005563,0.580802,0.0032,-1.4738,0.525103,1.1141,1.7811,1.9537,0.024,0.825052,0.003304,0.002408,0.001194,0.001003,0.000558,0.000709,0.000358,0.000216,0.000675,0.000237,0.004005,0.002919,0.001447,0.001216,0.000859,0.000262,0.000287,2.1e-05,0.5554,60.09,6.52,0.0076,4.2e-05,60.0
TRAN_F0318_tran_sim_10_W30,train,Transient,7,0.585095,0.9323,1.593415,0.3326,26.2,60.0,60.1031,21.6,85.6,-2.1e-05,0.342336,0.585095,-0.9323,0.931582,1.863882,0.004626,0.581014,0.0034,-1.4739,0.525153,1.1141,1.7753,1.9478,0.026,0.825177,0.003173,0.00242,0.001264,0.001074,0.000646,0.000724,0.000417,0.000309,0.000665,0.000282,0.003845,0.002933,0.001532,0.001302,0.000877,0.000374,0.000342,2e-05,0.542,60.09,6.54,0.0076,4.1e-05,60.0
TRAN_F0319_tran_sim_10_W31,train,Transient,7,0.584974,0.932599,1.594257,0.3302,26.2,60.0,60.0957,21.66,87.6,-8.6e-05,0.342195,0.584974,-0.932599,0.93213,1.864729,0.005024,0.58244,0.0034,-1.474,0.525043,1.1141,1.7762,1.9489,0.026,0.82501,0.003163,0.002342,0.001201,0.001133,0.000658,0.000805,0.000502,0.000324,0.000637,0.000325,0.003834,0.002839,0.001456,0.001373,0.000976,0.000393,0.000394,2e-05,0.5421,60.09,6.57,0.0076,4.2e-05,60.0
TRAN_F0320_tran_sim_11_W00,train,Transient,7,0.64342,1.190322,1.849991,0.981,33.2,60.0,60.0,15.44,8.0,-0.000107,0.41399,0.64342,-1.162726,1.190322,2.353048,0.006915,0.623093,0.0044,-1.3894,0.57455,1.1199,2.0717,2.2754,0.024,0.897215,0.012234,0.00574,0.005535,0.005778,0.004613,0.003338,0.002644,0.00227,0.002072,0.001949,0.013636,0.006398,0.006169,0.00644,0.00372,0.00253,0.002172,0.000299,1.9273,61.43,32.78,0.0338,0.001289,60.0
TRAN_F0321_tran_sim_11_W01,train,Transient,7,0.643538,1.193702,1.854906,1.0,33.2,60.0,60.0028,15.46,8.0,-3.6e-05,0.414141,0.643538,-1.163785,1.193702,2.357487,0.007663,0.621392,0.0046,-1.3891,0.574615,1.1199,2.0774,2.2818,0.024,0.897374,0.012145,0.005831,0.005576,0.005926,0.004642,0.003377,0.002604,0.002359,0.002081,0.001796,0.013534,0.006498,0.006214,0.006604,0.003763,0.002629,0.002001,0.000301,1.9333,61.44,33.06,0.0338,0.001299,60.0
TRAN_F0322_tran_sim_11_W02,train,Transient,7,0.643429,1.192896,1.853968,0.9868,33.2,60.0,59.9994,15.44,8.0,-9.2e-05,0.414,0.643429,-1.164945,1.192896,2.357841,0.006707,0.621106,0.0043,-1.3895,0.574576,1.1198,2.0761,2.2803,0.024,0.89722,0.012198,0.005637,0.005685,0.005954,0.004675,0.003341,0.002494,0.002352,0.00219,0.002104,0.013595,0.006283,0.006336,0.006636,0.003724,0.002621,0.002345,0.000302,1.9369,61.44,32.96,0.0338,0.0013,60.0
TRAN_F0323_tran_sim_11_W03,train,Transient,7,0.643375,1.193901,1.855684,0.9857,33.2,60.0,60.0039,15.46,8.0,-4.7e-05,0.413931,0.643375,-1.164905,1.193901,2.358806,0.008305,0.622403,0.0045,-1.3892,0.574473,1.1199,2.0783,2.283,0.024,0.897154,0.012023,0.005748,0.00556,0.005833,0.004636,0.003337,0.002572,0.002291,0.00211,0.001966,0.013401,0.006407,0.006197,0.006502,0.00372,0.002554,0.002191,0.000295,1.9144,61.44,32.97,0.0338,0.001292,60.0
TRAN_F0324_tran_sim_11_W04,train,Transient,7,0.643421,1.193919,1.855579,0.998,33.2,60.0,60.0001,15.44,8.0,-6e-05,0.413991,0.643421,-1.163891,1.193919,2.357809,0.007768,0.623001,0.0046,-1.3892,0.574559,1.1199,2.078,2.2821,0.024,0.897198,0.012161,0.005753,0.005646,0.00594,0.004655,0.003433,0.002562,0.002289,0.002047,0.002045,0.013554,0.006412,0.006293,0.006621,0.003826,0.002551,0.002279,0.000302,1.9369,61.44,32.82,0.0338,0.001287,60.0
TRAN_F0325_tran_sim_11_W05,train,Transient,7,0.643441,1.190754,1.850602,0.9823,33.2,60.0,60.0011,15.44,8.0,-9.6e-05,0.414016,0.643441,-1.163729,1.190754,2.354483,0.005917,0.621227,0.0046,-1.3891,0.574585,1.1198,2.0724,2.2761,0.024,0.897227,0.012083,0.005715,0.005563,0.005838,0.004631,0.003307,0.00258,0.002401,0.002087,0.001897,0.013467,0.00637,0.0062,0.006507,0.003686,0.002676,0.002114,0.000296,1.9175,61.44,32.9,0.0338,0.001292,60.0
TRAN_F0326_tran_sim_11_W06,train,Transient,7,0.643449,1.193429,1.854737,0.9769,33.2,60.0,59.9989,15.45,8.0,-0.000166,0.414027,0.643449,-1.1633,1.193429,2.356729,0.007211,0.622507,0.0045,-1.3889,0.574498,1.12,2.0773,2.2821,0.024,0.89728,0.012173,0.005705,0.005641,0.005807,0.004652,0.003251,0.002485,0.002403,0.002041,0.001908,0.013567,0.006358,0.006287,0.006472,0.003623,0.002678,0.002126,0.000298,1.9239,61.44,32.96,0.0337,0.001301,60.0
TRAN_F0327_tran_sim_11_W07,train,Transient,7,0.643462,1.191704,1.852019,0.9897,33.2,60.0,60.0027,15.46,8.0,-7.5e-05,0.414043,0.643462,-1.163469,1.191704,2.355172,0.006579,0.622745,0.0047,-1.3891,0.574597,1.1198,2.074,2.2778,0.024,0.897299,0.011907,0.005635,0.005545,0.006005,0.004664,0.003326,0.00251,0.002318,0.002117,0.001899,0.01327,0.00628,0.00618,0.006692,0.003707,0.002583,0.002116,0.000293,1.9076,61.44,32.95,0.0337,0.001292,60.0
TRAN_F0328_tran_sim_11_W08,train,Transient,7,0.643547,1.193229,1.854145,0.981,33.2,60.0,60.0005,15.45,8.0,-0.000165,0.414152,0.643547,-1.165198,1.193229,2.358427,0.008859,0.621837,0.0043,-1.3891,0.57465,1.1199,2.0764,2.2804,0.024,0.8974,0.012261,0.005679,0.005406,0.005827,0.004657,0.003362,0.002593,0.002318,0.002114,0.001876,0.013663,0.006328,0.006024,0.006493,0.003746,0.002583,0.00209,0.000299,1.9269,61.43,32.67,0.0338,0.001284,60.0
TRAN_F0329_tran_sim_11_W09,train,Transient,7,0.643499,1.194193,1.855781,0.9785,33.2,60.0,60.0005,15.45,8.0,-0.000117,0.414091,0.643499,-1.167149,1.194193,2.361342,0.007086,0.623904,0.0043,-1.3894,0.574584,1.1199,2.0784,2.2833,0.024,0.897334,0.012104,0.005676,0.005584,0.005814,0.004647,0.003327,0.002578,0.002449,0.002093,0.001932,0.013489,0.006325,0.006223,0.006479,0.003708,0.002729,0.002153,0.000297,1.9205,61.44,32.92,0.0338,0.0013,60.0
TRAN_F0330_tran_sim_11_W10,train,Transient,7,0.643456,1.193154,1.854292,0.9929,33.2,60.0,60.002,15.45,8.0,-7.6e-05,0.414035,0.643456,-1.163633,1.193154,2.356787,0.008167,0.622076,0.0044,-1.389,0.574577,1.1199,2.0766,2.2806,0.024,0.897259,0.012128,0.005728,0.005514,0.005962,0.004604,0.003318,0.002555,0.002458,0.00215,0.001952,0.013517,0.006384,0.006145,0.006645,0.003698,0.002739,0.002176,0.000299,1.9272,61.45,33.12,0.0338,0.001305,60.0
TRAN_F0331_tran_sim_11_W11,train,Transient,7,0.643428,1.194537,1.856521,0.9886,33.2,60.0,60.0014,15.44,8.0,-9e-06,0.413999,0.643428,-1.165374,1.194537,2.359911,0.006791,0.62199,0.0049,-1.3891,0.574522,1.1199,2.0792,2.2838,0.024,0.89721,0.012052,0.005731,0.005671,0.005856,0.004672,0.003397,0.002592,0.002267,0.002125,0.002054,0.013433,0.006388,0.006321,0.006527,0.003786,0.002527,0.002289,0.000299,1.9273,61.45,33.16,0.0338,0.001304,60.0
TRAN_F0332_tran_sim_11_W12,train,Transient,7,0.643475,1.194083,1.85568,0.9909,33.2,60.0,59.9997,15.45,8.0,-0.000115,0.41406,0.643475,-1.16257,1.194083,2.356653,0.007268,0.622513,0.0042,-1.3889,0.574571,1.1199,2.0782,2.2828,0.024,0.897304,0.012093,0.005741,0.005614,0.005882,0.004613,0.00339,0.002567,0.002272,0.002145,0.001956,0.013477,0.006398,0.006257,0.006555,0.003778,0.002532,0.00218,0.000298,1.9238,61.44,32.98,0.0337,0.001298,60.0
TRAN_F0333_tran_sim_11_W13,train,Transient,7,0.643514,1.191567,1.851658,0.9969,33.2,60.0,60.0012,15.45,8.0,-6.8e-05,0.41411,0.643514,-1.164201,1.191567,2.355768,0.007538,0.621125,0.0043,-1.3888,0.57463,1.1199,2.0736,2.2771,0.024,0.897342,0.012151,0.005765,0.005546,0.005953,0.004717,0.003369,0.002559,0.002388,0.002056,0.001925,0.013541,0.006425,0.00618,0.006634,0.003754,0.002661,0.002145,0.000301,1.9334,61.44,33.06,0.0338,0.001299,60.0
TRAN_F0334_tran_sim_11_W14,train,Transient,7,0.643463,1.190951,1.850847,0.9906,33.2,60.0,59.9995,15.45,8.0,-0.000196,0.414044,0.643463,-1.16286,1.190951,2.353811,0.008205,0.622043,0.0042,-1.3894,0.574565,1.1199,2.0728,2.2766,0.024,0.897302,0.012175,0.005786,0.005664,0.005828,0.004682,0.003401,0.002579,0.002228,0.002248,0.001945,0.013568,0.006448,0.006312,0.006495,0.00379,0.002483,0.002168,0.000302,1.9367,61.44,32.82,0.0337,0.001295,60.0
TRAN_F0335_tran_sim_11_W15,train,Transient,7,0.643564,1.191922,1.852064,0.988,33.2,60.0,59.9998,15.43,8.0,-0.000103,0.414175,0.643564,-1.166642,1.191922,2.358564,0.008249,0.622055,0.0043,-1.3888,0.574664,1.1199,2.0741,2.2777,0.024,0.897393,0.012152,0.005744,0.005529,0.005926,0.00468,0.003241,0.002633,0.002394,0.00195,0.001912,0.013541,0.006401,0.006161,0.006604,0.003612,0.002668,0.002131,0.000299,1.9269,61.44,32.93,0.0338,0.001294,60.0
TRAN_F0336_tran_sim_11_W16,train,Transient,7,0.643505,1.195666,1.858052,0.985,33.2,60.0,60.0001,15.46,8.0,-3.2e-05,0.414099,0.643505,-1.165426,1.195666,2.361091,0.00663,0.622178,0.004,-1.3893,0.574608,1.1199,2.0808,2.2854,0.024,0.897367,0.012194,0.005709,0.005662,0.005774,0.004654,0.003492,0.002602,0.002372,0.002089,0.001893,0.013589,0.006362,0.00631,0.006434,0.003891,0.002643,0.00211,0.000301,1.9334,61.44,32.96,0.0337,0.001292,60.0
TRAN_F0337_tran_sim_11_W17,train,Transient,7,0.643439,1.193349,1.854642,1.0047,33.2,60.0,60.002,15.44,8.0,-0.000102,0.414014,0.643439,-1.164768,1.193349,2.358116,0.006581,0.622,0.0046,-1.3887,0.574543,1.1199,2.077,2.2814,0.024,0.897212,0.01211,0.005919,0.005622,0.00596,0.004573,0.003271,0.002551,0.002489,0.002204,0.002129,0.013497,0.006597,0.006266,0.006643,0.003646,0.002774,0.002373,0.000303,1.9401,61.45,33.09,0.0339,0.001309,60.0
TRAN_F0338_tran_sim_11_W18,train,Transient,7,0.643464,1.194609,1.856526,0.9814,33.2,60.0,59.9994,15.46,8.0,-5.7e-05,0.414046,0.643464,-1.163876,1.194609,2.358484,0.007578,0.623563,0.0046,-1.389,0.574565,1.1199,2.0792,2.2835,0.024,0.897317,0.012215,0.005684,0.005575,0.005876,0.004556,0.003274,0.002554,0.002298,0.002201,0.00192,0.013613,0.006334,0.006213,0.006548,0.003649,0.002561,0.00214,0.000299,1.927,61.44,33.16,0.0337,0.001303,60.0
TRAN_F0339_tran_sim_11_W19,train,Transient,7,0.643433,1.190976,1.850972,0.9992,33.2,60.0,60.0009,15.45,8.0,-0.000205,0.414006,0.643433,-1.161515,1.190976,2.352491,0.006887,0.622249,0.0044,-1.3896,0.574588,1.1198,2.0727,2.2763,0.024,0.897236,0.012139,0.005771,0.005676,0.005997,0.004629,0.003333,0.002571,0.002423,0.002138,0.001888,0.013529,0.006432,0.006326,0.006684,0.003715,0.002701,0.002104,0.000302,1.9369,61.44,33.02,0.0338,0.001302,60.0
TRAN_F0340_tran_sim_11_W20,train,Transient,7,0.643446,1.192616,1.853483,0.988,33.2,60.0,60.0023,15.45,8.0,-5.2e-05,0.414023,0.643446,-1.164829,1.192616,2.357446,0.008811,0.622565,0.0046,-1.3889,0.574514,1.12,2.0759,2.2804,0.024,0.897246,0.012131,0.005692,0.005538,0.005911,0.004512,0.003354,0.002617,0.002347,0.002098,0.001959,0.01352,0.006344,0.006172,0.006588,0.003738,0.002616,0.002183,0.000297,1.9207,61.45,33.27,0.0338,0.001306,60.0
TRAN_F0341_tran_sim_11_W21,train,Transient,7,0.643433,1.195331,1.85774,0.9855,33.2,60.0,59.9995,15.45,8.0,-0.000119,0.414006,0.643433,-1.162198,1.195331,2.357529,0.007708,0.622835,0.0044,-1.3895,0.574557,1.1199,2.0804,2.2849,0.024,0.897252,0.012191,0.005743,0.005594,0.005811,0.004757,0.003383,0.002686,0.002454,0.002228,0.00215,0.013587,0.006401,0.006235,0.006476,0.00377,0.002735,0.002396,0.000304,1.9432,61.44,32.93,0.0338,0.001294,60.0
TRAN_F0342_tran_sim_11_W22,train,Transient,7,0.643588,1.191824,1.851845,0.9813,33.2,60.0,60.0014,15.46,8.0,-1.8e-05,0.414205,0.643588,-1.16413,1.191824,2.355954,0.00743,0.622424,0.0039,-1.3896,0.574681,1.1199,2.0739,2.2782,0.024,0.897477,0.01215,0.005694,0.005458,0.005817,0.00469,0.003362,0.002528,0.002393,0.002169,0.001927,0.013538,0.006344,0.006081,0.006482,0.003746,0.002666,0.002147,0.000298,1.9235,61.44,32.86,0.0337,0.001286,60.0
TRAN_F0343_tran_sim_11_W23,train,Transient,7,0.643478,1.193776,1.855193,0.9893,33.2,60.0,60.002,15.45,8.0,3.3e-05,0.414064,0.643478,-1.162913,1.193776,2.356689,0.00667,0.621891,0.0044,-1.3894,0.574568,1.1199,2.0777,2.2822,0.024,0.897308,0.012196,0.005698,0.005543,0.005892,0.004768,0.003409,0.00249,0.002311,0.002147,0.001971,0.013592,0.00635,0.006177,0.006566,0.003799,0.002575,0.002197,0.000301,1.9335,61.43,32.81,0.0338,0.001284,60.0
TRAN_F0344_tran_sim_11_W24,train,Transient,7,0.643428,1.191558,1.85189,0.9942,33.2,60.0,60.0026,15.45,8.0,-2.3e-05,0.413999,0.643428,-1.164522,1.191558,2.35608,0.00932,0.622536,0.0044,-1.3891,0.574546,1.1199,2.0739,2.2777,0.024,0.897236,0.012051,0.00573,0.005469,0.00591,0.004674,0.003437,0.002502,0.002443,0.00209,0.001918,0.013431,0.006386,0.006095,0.006587,0.003831,0.002723,0.002138,0.000297,1.9208,61.43,32.72,0.0338,0.001277,60.0
TRAN_F0345_tran_sim_11_W25,train,Transient,7,0.643401,1.195952,1.858796,0.9907,33.2,60.0,59.9984,15.43,8.0,-7.1e-05,0.413965,0.643401,-1.165576,1.195952,2.361529,0.007474,0.62202,0.0045,-1.3889,0.574524,1.1199,2.0816,2.286,0.024,0.897166,0.012121,0.005785,0.005686,0.005885,0.004587,0.0033,0.002556,0.002442,0.002078,0.001927,0.01351,0.006448,0.006338,0.00656,0.003678,0.002722,0.002148,0.0003,1.9306,61.45,33.04,0.0339,0.001305,60.0
TRAN_F0346_tran_sim_11_W26,train,Transient,7,0.643517,1.193006,1.853883,0.9961,33.2,60.0,59.9993,15.44,8.0,-3.8e-05,0.414115,0.643517,-1.163846,1.193006,2.356852,0.005211,0.62231,0.0045,-1.389,0.574599,1.1199,2.0762,2.2809,0.024,0.897356,0.012078,0.00577,0.005461,0.005886,0.004593,0.003458,0.002451,0.002221,0.002177,0.001867,0.01346,0.00643,0.006086,0.006559,0.003854,0.002475,0.002081,0.000296,1.9173,61.44,32.95,0.0338,0.001292,60.0
TRAN_F0347_tran_sim_11_W27,train,Transient,7,0.643355,1.193658,1.855363,0.9933,33.2,60.0,59.9965,15.44,8.0,-5.1e-05,0.413906,0.643355,-1.163266,1.193658,2.356925,0.006933,0.621921,0.0043,-1.3892,0.574464,1.1199,2.0779,2.2823,0.024,0.897123,0.012259,0.005799,0.005377,0.00586,0.004816,0.003382,0.00252,0.00241,0.002124,0.001796,0.013665,0.006464,0.005994,0.006532,0.00377,0.002686,0.002002,0.000302,1.9371,61.45,33.24,0.0338,0.001307,60.0
TRAN_F0348_tran_sim_11_W28,train,Transient,7,0.643483,1.191665,1.851898,1.0007,33.2,60.0,60.0004,15.44,8.0,-0.000101,0.414071,0.643483,-1.164715,1.191665,2.35638,0.006681,0.622358,0.0044,-1.3886,0.574581,1.1199,2.074,2.2779,0.024,0.897284,0.012128,0.005789,0.005535,0.005923,0.004744,0.003469,0.002559,0.002231,0.002064,0.00201,0.013516,0.006452,0.006169,0.006601,0.003866,0.002486,0.00224,0.000301,1.9335,61.43,32.82,0.0338,0.001286,60.0
TRAN_F0349_tran_sim_11_W29,train,Transient,7,0.643372,1.190649,1.850638,0.9883,33.2,60.0,60.0051,15.45,8.0,-0.000101,0.413927,0.643372,-1.165713,1.190649,2.356362,0.007649,0.623145,0.0041,-1.3892,0.574489,1.1199,2.0725,2.2763,0.024,0.897166,0.012231,0.005692,0.005662,0.005917,0.004593,0.003349,0.002461,0.002295,0.002069,0.001875,0.013633,0.006344,0.006311,0.006595,0.003733,0.002558,0.00209,0.0003,1.9306,61.44,33.07,0.0338,0.001301,60.0
TRAN_F0350_tran_sim_11_W30,train,Transient,7,0.643459,1.191085,1.851064,0.9857,33.2,60.0,60.0002,15.45,8.0,-0.000228,0.41404,0.643459,-1.164292,1.191085,2.355377,0.007653,0.622531,0.0042,-1.3893,0.574563,1.1199,2.073,2.2769,0.024,0.897295,0.012121,0.00573,0.005532,0.005895,0.004669,0.003263,0.002578,0.002567,0.002093,0.001913,0.013508,0.006386,0.006165,0.00657,0.003636,0.002861,0.002132,0.000299,1.9271,61.44,32.96,0.0337,0.001301,60.0
TRAN_F0351_tran_sim_11_W31,train,Transient,7,0.643491,1.194213,1.855836,0.9942,33.2,60.0,59.9976,15.44,8.0,-0.000182,0.41408,0.643491,-1.164816,1.194213,2.359029,0.008668,0.622665,0.0046,-1.3893,0.574615,1.1199,2.0783,2.2825,0.024,0.89731,0.012212,0.005644,0.005686,0.005926,0.004618,0.003552,0.00255,0.00234,0.002089,0.001988,0.01361,0.00629,0.006337,0.006604,0.003958,0.002608,0.002216,0.000303,1.9399,61.45,33.11,0.0338,0.001312,60.0
TRAN_F0352_tran_sim_12_W00,train,Transient,7,0.595078,0.989587,1.662951,0.8337,32.2,60.0,60.0025,18.8,131.4,0.000181,0.354118,0.595078,-0.985651,0.989587,1.975237,-0.00186,0.586729,0.0095,-1.4568,0.533849,1.1147,1.8537,2.0322,0.024,0.836045,0.007827,0.003668,0.004474,0.005315,0.003571,0.002622,0.002148,0.00195,0.001879,0.001699,0.009362,0.004387,0.005351,0.006357,0.003136,0.002332,0.002032,0.000157,1.4987,61.28,32.16,0.0187,0.00119,60.0
TRAN_F0353_tran_sim_12_W01,train,Transient,7,0.594984,0.988232,1.660939,0.8335,32.2,60.0,59.9978,18.77,129.6,6.3e-05,0.354006,0.594984,-0.988232,0.987985,1.976218,-0.002479,0.587402,0.0092,-1.4569,0.533758,1.1147,1.8515,2.0301,0.024,0.835927,0.007721,0.003616,0.004393,0.00535,0.003486,0.002617,0.00211,0.002031,0.00184,0.001589,0.009236,0.004326,0.005255,0.0064,0.003131,0.00243,0.001901,0.000154,1.4845,61.28,32.12,0.0186,0.001175,60.0
TRAN_F0354_tran_sim_12_W02,train,Transient,7,0.595042,0.9892,1.662404,0.8245,32.2,60.0,60.0004,18.78,127.8,1.2e-05,0.354075,0.595042,-0.9892,0.987676,1.976876,-0.002823,0.586598,0.0091,-1.4567,0.533824,1.1147,1.853,2.0312,0.024,0.835997,0.007669,0.003576,0.004447,0.005271,0.003508,0.002633,0.001999,0.001929,0.001927,0.001823,0.009173,0.004278,0.005319,0.006305,0.00315,0.002307,0.002181,0.000153,1.4796,61.28,32.05,0.0186,0.001159,60.0
TRAN_F0355_tran_sim_12_W03,train,Transient,7,0.595014,0.990515,1.664692,0.8226,32.2,60.0,60.0013,18.8,125.6,8.3e-05,0.354042,0.595014,-0.990353,0.990515,1.980868,-0.002607,0.586826,0.0092,-1.4566,0.533791,1.1147,1.8556,2.0346,0.024,0.835968,0.007699,0.003485,0.004532,0.005358,0.003571,0.002536,0.001974,0.00188,0.001997,0.001712,0.00921,0.004169,0.005421,0.006409,0.003034,0.002249,0.002048,0.000154,1.4845,61.27,32.1,0.0186,0.001171,60.0
TRAN_F0356_tran_sim_12_W04,train,Transient,7,0.59511,0.988295,1.660691,0.8209,32.2,60.0,59.9999,18.78,123.8,-2.1e-05,0.354156,0.59511,-0.988295,0.986298,1.974593,-0.002596,0.587017,0.0096,-1.4567,0.533884,1.1147,1.8511,2.0296,0.024,0.836095,0.007849,0.003583,0.004439,0.005247,0.003503,0.002596,0.002121,0.00205,0.001946,0.001776,0.009388,0.004285,0.005309,0.006276,0.003105,0.002452,0.002124,0.000156,1.4938,61.27,31.99,0.0186,0.001168,60.0
TRAN_F0357_tran_sim_12_W05,train,Transient,7,0.594993,0.991732,1.666797,0.8309,32.2,60.0,59.9996,18.78,122.0,7.4e-05,0.354017,0.594993,-0.991732,0.986172,1.977905,-0.001833,0.587333,0.0089,-1.4569,0.533762,1.1147,1.858,2.0374,0.024,0.835933,0.007678,0.003677,0.004423,0.005353,0.003567,0.002463,0.002084,0.001943,0.001902,0.001687,0.009185,0.004399,0.005291,0.006404,0.002946,0.002324,0.002018,0.000154,1.4845,61.27,32.0,0.0186,0.001154,60.0
TRAN_F0358_tran_sim_12_W06,train,Transient,7,0.594963,0.988254,1.661035,0.8348,32.2,60.0,60.0015,18.8,120.0,5.3e-05,0.353981,0.594963,-0.988079,0.988254,1.976333,-0.002705,0.58761,0.009,-1.4564,0.533721,1.1147,1.8516,2.0299,0.024,0.835896,0.007627,0.003596,0.004463,0.005375,0.003445,0.002622,0.002089,0.001872,0.001938,0.001723,0.009124,0.004302,0.005339,0.00643,0.003137,0.00224,0.002061,0.000153,1.4798,61.28,32.11,0.0186,0.001175,60.0
TRAN_F0359_tran_sim_12_W07,train,Transient,7,0.594998,0.988231,1.660898,0.8162,32.2,60.0,60.003,18.8,118.0,9.5e-05,0.354023,0.594998,-0.988231,0.985959,1.97419,-0.001469,0.588131,0.0091,-1.4567,0.533751,1.1147,1.8515,2.0303,0.024,0.835947,0.007712,0.003517,0.004564,0.005226,0.003541,0.00262,0.00214,0.001928,0.001907,0.001736,0.009225,0.004207,0.00546,0.006252,0.003134,0.002306,0.002077,0.000154,1.4845,61.28,32.02,0.0186,0.001188,60.0
TRAN_F0360_tran_sim_12_W08,train,Transient,7,0.595105,0.988434,1.660942,0.8191,32.2,60.0,60.0006,18.79,116.2,0.000112,0.354149,0.595105,-0.988434,0.987563,1.975998,-0.001565,0.586832,0.0092,-1.4567,0.533852,1.1147,1.8515,2.0303,0.024,0.83609,0.007667,0.003616,0.004423,0.005218,0.003431,0.00257,0.002098,0.001888,0.001953,0.001621,0.00917,0.004325,0.00529,0.006241,0.003074,0.002258,0.001939,0.000151,1.4697,61.28,32.32,0.0186,0.001184,60.0
TRAN_F0361_tran_sim_12_W09,train,Transient,7,0.594989,0.988287,1.661019,0.8383,32.2,60.0,60.0001,18.8,114.2,6e-05,0.354011,0.594989,-0.98706,0.988287,1.975348,-0.001469,0.587015,0.0089,-1.457,0.533762,1.1147,1.8515,2.0302,0.024,0.835943,0.007618,0.003615,0.004419,0.005387,0.003475,0.002649,0.002135,0.001984,0.002047,0.001723,0.009113,0.004324,0.005286,0.006444,0.003169,0.002373,0.002061,0.000154,1.4845,61.27,32.1,0.0186,0.001168,60.0
TRAN_F0362_tran_sim_12_W10,train,Transient,7,0.595011,0.989498,1.662991,0.8287,32.2,60.0,59.9994,18.78,112.0,0.000114,0.354038,0.595011,-0.989498,0.983876,1.973374,-0.001668,0.587653,0.0087,-1.4567,0.533765,1.1147,1.8538,2.0327,0.024,0.835965,0.007566,0.003544,0.004478,0.005348,0.003398,0.002613,0.002123,0.001838,0.001887,0.001752,0.009051,0.004239,0.005357,0.006397,0.003126,0.002199,0.002096,0.000151,1.4699,61.27,31.93,0.0186,0.001168,60.0
TRAN_F0363_tran_sim_12_W11,train,Transient,7,0.594967,0.988499,1.661435,0.8314,32.2,60.0,60.0014,18.79,110.4,0.000158,0.353986,0.594967,-0.988499,0.986909,1.975408,-0.001977,0.586901,0.0092,-1.4566,0.533705,1.1148,1.8521,2.0313,0.024,0.835892,0.007761,0.003529,0.004421,0.005409,0.003542,0.002565,0.002202,0.001914,0.001857,0.001795,0.009285,0.004222,0.005289,0.006471,0.003069,0.00229,0.002147,0.000156,1.4942,61.28,32.19,0.0186,0.001188,60.0
TRAN_F0364_tran_sim_12_W12,train,Transient,7,0.595001,0.988894,1.662003,0.8308,32.2,60.0,59.9971,18.76,108.4,0.00015,0.354026,0.595001,-0.988894,0.987233,1.976127,-0.001853,0.586242,0.0089,-1.4568,0.533744,1.1148,1.8528,2.0315,0.024,0.835937,0.007604,0.003519,0.004513,0.005387,0.003603,0.002615,0.002172,0.001987,0.001973,0.001676,0.009096,0.00421,0.005399,0.006444,0.003128,0.002377,0.002005,0.000155,1.4893,61.28,32.04,0.0186,0.001181,60.0
TRAN_F0365_tran_sim_12_W13,train,Transient,7,0.595023,0.989457,1.662888,0.8333,32.2,60.0,59.9996,18.79,106.4,3.5e-05,0.354053,0.595023,-0.987114,0.989457,1.976572,-0.001436,0.58657,0.0091,-1.4569,0.533827,1.1146,1.8535,2.0319,0.024,0.835982,0.007675,0.00361,0.004502,0.005351,0.00354,0.002621,0.002074,0.001933,0.001946,0.001825,0.009181,0.004318,0.005385,0.006401,0.003135,0.002312,0.002183,0.000155,1.4893,61.28,32.19,0.0186,0.001164,60.0
TRAN_F0366_tran_sim_12_W14,train,Transient,7,0.594969,0.98504,1.655614,0.8361,32.2,60.0,59.9966,18.77,104.4,7e-05,0.353989,0.594969,-0.98504,0.985035,1.970075,-0.002997,0.586527,0.0089,-1.4572,0.533777,1.1146,1.8454,2.0229,0.024,0.835901,0.007693,0.003655,0.004363,0.005306,0.003539,0.002706,0.002062,0.001855,0.001969,0.001688,0.009203,0.004373,0.00522,0.006348,0.003237,0.002219,0.002019,0.000154,1.4846,61.27,32.03,0.0186,0.001173,60.0
TRAN_F0367_tran_sim_12_W15,train,Transient,7,0.595005,0.989766,1.663457,0.8264,32.2,60.0,60.0034,18.79,102.6,0.000118,0.354031,0.595005,-0.989766,0.987558,1.977323,-0.001322,0.58697,0.009,-1.4565,0.533763,1.1147,1.8543,2.0332,0.024,0.835948,0.007666,0.003494,0.004391,0.005347,0.003485,0.002631,0.002099,0.001991,0.001964,0.00169,0.00917,0.00418,0.005253,0.006396,0.003147,0.002382,0.002022,0.000153,1.4797,61.28,32.16,0.0186,0.001194,60.0
TRAN_F0368_tran_sim_12_W16,train,Transient,7,0.594906,0.986209,1.657756,0.8354,32.2,60.0,59.9998,18.78,100.6,5.5e-05,0.353913,0.594906,-0.986209,0.985588,1.971797,-0.002834,0.586854,0.0087,-1.4569,0.533672,1.1147,1.848,2.0265,0.024,0.835804,0.007537,0.003588,0.004498,0.005417,0.003511,0.002558,0.002122,0.001847,0.002214,0.001703,0.009018,0.004293,0.005382,0.006481,0.003061,0.00221,0.002038,0.000154,1.4848,61.27,32.08,0.0186,0.001163,60.0
TRAN_F0369_tran_sim_12_W17,train,Transient,7,0.595014,0.989398,1.662813,0.8235,32.2,60.0,60.0009,18.79,98.6,0.000108,0.354042,0.595014,-0.989398,0.985434,1.974832,-0.001479,0.5868,0.0088,-1.457,0.533826,1.1146,1.8534,2.0318,0.024,0.835965,0.007565,0.00368,0.004325,0.005241,0.003594,0.002526,0.002068,0.001966,0.001932,0.001789,0.009049,0.004402,0.005174,0.006269,0.003022,0.002352,0.00214,0.000151,1.4699,61.27,31.96,0.0186,0.001173,60.0
TRAN_F0370_tran_sim_12_W18,train,Transient,7,0.595038,0.987611,1.659745,0.8376,32.2,60.0,60.0026,18.79,96.6,4.2e-05,0.35407,0.595038,-0.986907,0.987611,1.974518,-0.002507,0.587896,0.0088,-1.4568,0.533789,1.1147,1.8502,2.0285,0.024,0.835999,0.007609,0.003605,0.004578,0.005433,0.003531,0.002554,0.002131,0.00196,0.00196,0.001734,0.009102,0.004312,0.005476,0.006499,0.003055,0.002345,0.002074,0.000156,1.494,61.27,31.97,0.0186,0.001175,60.0
TRAN_F0371_tran_sim_12_W19,train,Transient,7,0.594989,0.989386,1.662865,0.833,32.2,60.0,59.9995,18.79,94.8,0.000142,0.354012,0.594989,-0.986784,0.989386,1.976171,-0.002543,0.586983,0.0094,-1.457,0.533769,1.1147,1.8536,2.0325,0.024,0.835933,0.007713,0.003628,0.004574,0.005363,0.003452,0.002563,0.002132,0.001894,0.001996,0.001707,0.009227,0.00434,0.005472,0.006416,0.003066,0.002266,0.002042,0.000156,1.4941,61.27,32.08,0.0186,0.001181,60.0
TRAN_F0372_tran_sim_12_W20,train,Transient,7,0.595005,0.991244,1.665944,0.8262,32.2,60.0,59.9958,18.77,92.8,0.000142,0.35403,0.595005,-0.989353,0.991244,1.980598,-0.002129,0.587836,0.009,-1.4568,0.533781,1.1147,1.857,2.0361,0.024,0.835944,0.007718,0.003599,0.004549,0.005318,0.003605,0.002541,0.002079,0.001847,0.00204,0.001703,0.009233,0.004305,0.005442,0.006362,0.00304,0.002209,0.002037,0.000156,1.4941,61.28,32.22,0.0186,0.001168,60.0
TRAN_F0373_tran_sim_12_W21,train,Transient,7,0.594978,0.989601,1.663257,0.8219,32.2,60.0,60.0028,18.79,91.0,0.0001,0.353999,0.594978,-0.989375,0.989601,1.978977,-0.001653,0.586536,0.0091,-1.4564,0.533727,1.1148,1.8541,2.0329,0.024,0.835913,0.007631,0.003487,0.004432,0.005346,0.003461,0.002542,0.002058,0.00205,0.001889,0.001727,0.009129,0.004171,0.005302,0.006395,0.003041,0.002452,0.002066,0.000152,1.4749,61.27,31.97,0.0186,0.001169,60.0
TRAN_F0374_tran_sim_12_W22,train,Transient,7,0.595031,0.988175,1.660714,0.8323,32.2,60.0,60.001,18.8,89.0,7.9e-05,0.354061,0.595031,-0.987389,0.988175,1.975564,-0.002847,0.58788,0.0088,-1.4568,0.533798,1.1147,1.8512,2.0295,0.024,0.836,0.007556,0.003513,0.004424,0.005383,0.003417,0.002663,0.002169,0.001855,0.001968,0.00172,0.009038,0.004202,0.005292,0.006439,0.003185,0.002219,0.002057,0.000152,1.4747,61.27,31.9,0.0186,0.001168,60.0
TRAN_F0375_tran_sim_12_W23,train,Transient,7,0.59501,0.989841,1.66357,0.8411,32.2,60.0,60.001,18.79,87.0,3.8e-05,0.354037,0.59501,-0.988465,0.989841,1.978305,-0.002593,0.587215,0.0091,-1.4568,0.533786,1.1147,1.8544,2.033,0.024,0.835961,0.007642,0.003654,0.004446,0.005363,0.003382,0.002706,0.002068,0.001828,0.001922,0.001569,0.009142,0.004371,0.005318,0.006415,0.003237,0.002187,0.001877,0.000153,1.4797,61.27,31.98,0.0186,0.001164,60.0
TRAN_F0376_tran_sim_12_W24,train,Transient,7,0.595005,0.988336,1.661054,0.8266,32.2,60.0,59.9982,18.79,85.2,7.5e-05,0.354031,0.595005,-0.985854,0.988336,1.97419,-0.001974,0.58692,0.009,-1.457,0.533778,1.1147,1.8516,2.0302,0.024,0.835959,0.007681,0.003554,0.004621,0.005388,0.003566,0.002465,0.002026,0.002051,0.001908,0.001687,0.009188,0.004251,0.005528,0.006445,0.002949,0.002453,0.002018,0.000156,1.4941,61.27,32.08,0.0186,0.00118,60.0
TRAN_F0377_tran_sim_12_W25,train,Transient,7,0.595078,0.989961,1.663582,0.8347,32.2,60.0,59.9991,18.79,83.2,0.000131,0.354118,0.595078,-0.989961,0.988101,1.978061,-0.003086,0.587987,0.0093,-1.4568,0.533842,1.1147,1.8544,2.0327,0.024,0.836058,0.007782,0.003558,0.004552,0.005414,0.003522,0.002593,0.002026,0.001927,0.001939,0.001849,0.009308,0.004256,0.005445,0.006476,0.003101,0.002305,0.002212,0.000157,1.4987,61.27,32.03,0.0186,0.00117,60.0
TRAN_F0378_tran_sim_12_W26,train,Transient,7,0.59498,0.988027,1.660607,0.8402,32.2,60.0,59.9978,18.77,81.2,0.000128,0.354001,0.59498,-0.988027,0.987101,1.975129,-0.001606,0.586343,0.0091,-1.4567,0.533736,1.1147,1.8512,2.0301,0.024,0.835908,0.007748,0.003609,0.004429,0.005378,0.003536,0.002717,0.00207,0.001738,0.001948,0.001685,0.009269,0.004317,0.005298,0.006434,0.00325,0.002079,0.002016,0.000155,1.4894,61.28,32.02,0.0186,0.001171,60.0
TRAN_F0379_tran_sim_12_W27,train,Transient,7,0.595036,0.987264,1.659168,0.8345,32.2,60.0,60.0026,18.79,79.4,5.5e-05,0.354067,0.595036,-0.987264,0.984034,1.971298,-0.001141,0.586109,0.0091,-1.4569,0.5338,1.1147,1.8495,2.0279,0.024,0.836002,0.007673,0.003535,0.004489,0.005377,0.003486,0.002695,0.002106,0.001956,0.001973,0.001776,0.009178,0.004228,0.00537,0.006432,0.003224,0.00234,0.002124,0.000155,1.4892,61.27,31.89,0.0186,0.001155,60.0
TRAN_F0380_tran_sim_12_W28,train,Transient,7,0.595107,0.991018,1.665276,0.828,32.2,60.0,60.0,18.78,78.4,9.3e-05,0.354153,0.595107,-0.991018,0.988056,1.979074,-0.002447,0.586984,0.0092,-1.4567,0.533862,1.1147,1.8563,2.0353,0.024,0.836097,0.007681,0.003603,0.004495,0.005274,0.003522,0.002669,0.001975,0.001898,0.001956,0.001683,0.009187,0.004309,0.005376,0.006308,0.003192,0.00227,0.002013,0.000154,1.4842,61.28,32.18,0.0186,0.001175,60.0
TRAN_F0381_tran_sim_12_W29,train,Transient,7,0.595027,0.989169,1.662394,0.8447,32.2,60.0,59.9964,18.78,80.4,0.000142,0.354057,0.595027,-0.989169,0.986397,1.975566,-0.002363,0.586666,0.0091,-1.4573,0.533843,1.1146,1.8529,2.0314,0.024,0.835981,0.007723,0.003753,0.004509,0.005414,0.00358,0.002542,0.002158,0.001914,0.002067,0.001706,0.009238,0.004489,0.005394,0.006476,0.003041,0.00229,0.002041,0.000158,1.5036,61.27,32.03,0.0186,0.001172,60.0
TRAN_F0382_tran_sim_12_W30,train,Transient,7,0.595033,0.988106,1.66059,0.8252,32.2,60.0,59.9998,18.79,82.2,0.0001,0.354064,0.595033,-0.988106,0.987765,1.975871,-0.002227,0.586689,0.0091,-1.4565,0.533766,1.1148,1.8512,2.0298,0.024,0.835996,0.007719,0.003541,0.00453,0.005318,0.003536,0.002604,0.002129,0.001981,0.0021,0.001784,0.009233,0.004236,0.005419,0.006361,0.003115,0.00237,0.002134,0.000156,1.494,61.27,31.94,0.0186,0.001167,60.0
TRAN_F0383_tran_sim_12_W31,train,Transient,7,0.595062,0.991367,1.665989,0.8343,32.2,60.0,60.0018,18.77,84.2,0.000105,0.354099,0.595062,-0.991367,0.98579,1.977157,-0.002272,0.586892,0.0091,-1.4569,0.533853,1.1147,1.857,2.036,0.024,0.83602,0.007663,0.003601,0.004496,0.005351,0.00352,0.002654,0.002129,0.002047,0.001992,0.001661,0.009166,0.004307,0.005378,0.006401,0.003175,0.002449,0.001987,0.000155,1.4892,61.28,32.11,0.0187,0.001174,60.0
TRAN_F0384_tran_sim_13_W00,train,Transient,7,0.612515,1.133722,1.850929,0.8489,38.2,60.0,59.9989,15.09,128.4,-0.000155,0.375175,0.612515,-1.103092,1.133722,2.236814,0.002093,0.596476,0.003,-1.3808,0.5466,1.1206,2.0741,2.2792,0.024,0.853139,0.007193,0.006048,0.004839,0.003681,0.001687,0.001523,0.001717,0.001452,0.001198,0.000982,0.008431,0.007089,0.005672,0.004315,0.001785,0.001702,0.001151,0.000138,1.377,60.67,19.91,0.0338,0.0005,60.0
TRAN_F0385_tran_sim_13_W01,train,Transient,7,0.612469,1.129473,1.844131,0.8532,38.2,60.0,60.0012,15.11,126.4,-9.7e-05,0.375118,0.612469,-1.107188,1.129473,2.236661,0.002838,0.596903,0.0027,-1.3808,0.546608,1.1205,2.0663,2.2701,0.024,0.853084,0.007225,0.006034,0.004865,0.003718,0.001701,0.001658,0.001781,0.00147,0.001261,0.000879,0.008469,0.007073,0.005703,0.004358,0.001944,0.001723,0.00103,0.000139,1.382,60.67,19.72,0.0338,0.00049,60.0
TRAN_F0386_tran_sim_13_W02,train,Transient,7,0.612548,1.131818,1.847721,0.8543,38.2,60.0,60.0003,15.1,124.4,-7.7e-05,0.375215,0.612548,-1.106153,1.131818,2.23797,0.004027,0.594364,0.003,-1.3807,0.546667,1.1205,2.0704,2.2743,0.024,0.853174,0.007219,0.006052,0.004953,0.003727,0.001683,0.001617,0.001704,0.001469,0.001338,0.000736,0.008461,0.007094,0.005805,0.004368,0.001895,0.001722,0.000863,0.00014,1.3868,60.67,19.79,0.0338,0.000495,60.0
TRAN_F0387_tran_sim_13_W03,train,Transient,7,0.612463,1.131413,1.847318,0.8541,38.2,60.0,59.9982,15.08,122.4,-0.00024,0.375111,0.612463,-1.102214,1.131413,2.233627,0.00102,0.596911,0.0032,-1.3804,0.546566,1.1206,2.07,2.2748,0.024,0.853054,0.007142,0.006024,0.0048,0.003743,0.001582,0.00167,0.001931,0.001532,0.001175,0.000925,0.008372,0.007062,0.005627,0.004388,0.001958,0.001796,0.001084,0.000138,1.3771,60.68,20.04,0.0338,0.000501,60.0
TRAN_F0388_tran_sim_13_W04,train,Transient,7,0.612575,1.135008,1.852847,0.8467,38.2,60.0,59.9997,15.09,120.6,-2.9e-05,0.375248,0.612575,-1.104594,1.135008,2.239602,0.004405,0.596818,0.0028,-1.3804,0.546648,1.1206,2.0763,2.2809,0.024,0.853213,0.007215,0.006018,0.004865,0.00366,0.001549,0.001606,0.001702,0.001502,0.001204,0.000845,0.008456,0.007053,0.005702,0.00429,0.001882,0.00176,0.00099,0.000138,1.3768,60.68,19.93,0.0338,0.000497,60.0
TRAN_F0389_tran_sim_13_W05,train,Transient,7,0.612463,1.128385,1.842372,0.8358,38.2,60.0,59.9985,15.09,118.6,-0.000171,0.375111,0.612463,-1.102245,1.128385,2.230629,0.002938,0.597207,0.003,-1.3807,0.54655,1.1206,2.0646,2.2683,0.024,0.853078,0.00713,0.005973,0.004838,0.003599,0.001607,0.001487,0.001602,0.001537,0.001181,0.000976,0.008358,0.007002,0.005671,0.004219,0.001743,0.001802,0.001144,0.000135,1.362,60.67,19.78,0.0337,0.000494,60.0
TRAN_F0390_tran_sim_13_W06,train,Transient,7,0.612533,1.133234,1.850078,0.8546,38.2,60.0,60.0013,15.1,116.6,-0.000173,0.375196,0.612533,-1.104402,1.133234,2.237635,0.002389,0.594957,0.0027,-1.3807,0.546636,1.1205,2.0731,2.2777,0.024,0.853151,0.00715,0.006052,0.004846,0.00372,0.001608,0.00164,0.001768,0.001475,0.0012,0.000856,0.008381,0.007094,0.00568,0.00436,0.001922,0.001729,0.001003,0.000138,1.3769,60.67,19.64,0.0338,0.000488,60.0
TRAN_F0391_tran_sim_13_W07,train,Transient,7,0.612555,1.133992,1.851249,0.8485,38.2,60.0,60.0031,15.11,114.8,-0.000253,0.375224,0.612555,-1.101922,1.133992,2.235914,0.000973,0.596557,0.0025,-1.3803,0.546632,1.1206,2.0745,2.2798,0.024,0.853174,0.007109,0.006046,0.004849,0.003673,0.001661,0.001536,0.001728,0.001469,0.001207,0.001024,0.008332,0.007086,0.005683,0.004305,0.0018,0.001722,0.0012,0.000137,1.3719,60.68,19.95,0.0338,0.000499,60.0
TRAN_F0392_tran_sim_13_W08,train,Transient,7,0.612451,1.134995,1.853203,0.8391,38.2,60.0,60.0029,15.11,112.8,-0.000147,0.375096,0.612451,-1.103375,1.134995,2.23837,0.001363,0.595953,0.0031,-1.3804,0.546545,1.1206,2.0767,2.2817,0.024,0.853035,0.007208,0.005964,0.004822,0.003641,0.001625,0.001552,0.001703,0.001477,0.001174,0.000873,0.00845,0.006992,0.005653,0.004268,0.001819,0.001731,0.001023,0.000136,1.3671,60.67,19.64,0.0338,0.000485,60.0
TRAN_F0393_tran_sim_13_W09,train,Transient,7,0.612603,1.131239,1.84661,0.8436,38.2,60.0,60.0,15.1,110.8,-0.000131,0.375282,0.612603,-1.104743,1.131239,2.235981,0.002524,0.595081,0.0026,-1.3808,0.546693,1.1206,2.0692,2.2739,0.024,0.853263,0.007155,0.005968,0.004858,0.003661,0.001576,0.001671,0.001683,0.001637,0.001397,0.00084,0.008385,0.006994,0.005693,0.004291,0.001958,0.001919,0.000984,0.000137,1.3718,60.67,19.74,0.0338,0.000492,60.0
TRAN_F0394_tran_sim_13_W10,train,Transient,7,0.612576,1.133583,1.850518,0.8578,38.2,60.0,60.0016,15.1,109.0,-0.00021,0.375249,0.612576,-1.102065,1.133583,2.235648,0.003954,0.594552,0.0025,-1.3805,0.546681,1.1205,2.0736,2.2779,0.024,0.853209,0.00719,0.005997,0.004813,0.00385,0.001605,0.001664,0.001703,0.001633,0.001268,0.000885,0.008427,0.007029,0.005641,0.004512,0.00195,0.001914,0.001037,0.000139,1.3818,60.67,19.86,0.0338,0.000496,60.0
TRAN_F0395_tran_sim_13_W11,train,Transient,7,0.612502,1.130868,1.84631,0.8334,38.2,60.0,59.9998,15.1,107.0,-0.000185,0.375159,0.612502,-1.105224,1.130868,2.236093,0.002763,0.596202,0.003,-1.3809,0.54664,1.1205,2.0688,2.2729,0.024,0.853119,0.007167,0.005907,0.004946,0.003619,0.001705,0.001601,0.001718,0.001548,0.001197,0.000862,0.008401,0.006924,0.005798,0.004242,0.001877,0.001815,0.00101,0.000137,1.372,60.67,19.58,0.0338,0.000488,60.0
TRAN_F0396_tran_sim_13_W12,train,Transient,7,0.612543,1.130505,1.845592,0.8344,38.2,60.0,59.9983,15.08,105.0,-0.000129,0.375209,0.612543,-1.104246,1.130505,2.23475,0.002692,0.594709,0.0025,-1.3807,0.546643,1.1206,2.0681,2.2727,0.024,0.853155,0.007263,0.005895,0.004908,0.003664,0.001554,0.001578,0.001694,0.001558,0.001177,0.000895,0.008513,0.00691,0.005753,0.004295,0.00185,0.001826,0.001049,0.000137,1.3719,60.67,19.73,0.0338,0.000492,60.0
TRAN_F0397_tran_sim_13_W13,train,Transient,7,0.612545,1.132367,1.848626,0.8398,38.2,60.0,60.0007,15.1,103.2,-0.000135,0.375212,0.612545,-1.10325,1.132367,2.235617,0.003158,0.597448,0.0031,-1.3813,0.546701,1.1204,2.0713,2.2754,0.024,0.853187,0.007186,0.005877,0.004888,0.003752,0.001644,0.001648,0.001806,0.001582,0.001206,0.000871,0.008423,0.006888,0.005729,0.004398,0.001932,0.001854,0.001021,0.000138,1.3769,60.67,19.68,0.0338,0.000488,60.0
TRAN_F0398_tran_sim_13_W14,train,Transient,7,0.612529,1.130612,1.845809,0.8587,38.2,60.0,60.001,15.1,101.2,-0.000109,0.375192,0.612529,-1.104311,1.130612,2.234924,0.002135,0.596267,0.0027,-1.3803,0.546594,1.1206,2.0685,2.2733,0.024,0.853146,0.007061,0.006141,0.00491,0.003676,0.001666,0.001565,0.001665,0.001569,0.001264,0.000881,0.008276,0.007198,0.005755,0.004309,0.001834,0.001839,0.001033,0.000138,1.3769,60.67,19.86,0.0338,0.000494,60.0
TRAN_F0399_tran_sim_13_W15,train,Transient,7,0.612515,1.134679,1.85249,0.8401,38.2,60.0,59.9993,15.09,99.2,-0.000163,0.375175,0.612515,-1.104983,1.134679,2.239662,0.002525,0.596452,0.0026,-1.3808,0.546608,1.1206,2.0759,2.2809,0.024,0.853126,0.007185,0.005953,0.00468,0.00368,0.001684,0.001543,0.001702,0.001448,0.001192,0.000859,0.008422,0.006978,0.005486,0.004314,0.001809,0.001697,0.001007,0.000135,1.3619,60.67,19.75,0.0338,0.000493,60.0
TRAN_F0400_tran_sim_13_W16,train,Transient,7,0.612545,1.13227,1.84847,0.8442,38.2,60.0,59.9999,15.09,97.4,-0.000143,0.375211,0.612545,-1.105533,1.13227,2.237803,0.00243,0.59565,0.0027,-1.3808,0.546632,1.1206,2.0714,2.276,0.024,0.853161,0.007127,0.005987,0.004761,0.003715,0.0018,0.001497,0.001779,0.001496,0.001149,0.000916,0.008354,0.007017,0.00558,0.004354,0.001755,0.001753,0.001074,0.000136,1.3669,60.68,20.11,0.0338,0.000507,60.0
TRAN_F0401_tran_sim_13_W17,train,Transient,7,0.612569,1.131737,1.847526,0.8493,38.2,60.0,59.9991,15.1,95.4,-0.00016,0.375241,0.612569,-1.102297,1.131737,2.234034,0.002092,0.596271,0.0028,-1.3809,0.546685,1.1205,2.0702,2.2751,0.024,0.853215,0.007131,0.006002,0.004814,0.003682,0.001709,0.001709,0.001666,0.001405,0.001288,0.000884,0.008358,0.007035,0.005642,0.004315,0.002003,0.001647,0.001036,0.000137,1.3718,60.67,19.72,0.0338,0.000492,60.0
TRAN_F0402_tran_sim_13_W18,train,Transient,7,0.612528,1.131631,1.847477,0.8392,38.2,60.0,60.002,15.1,93.4,-0.000187,0.375191,0.612528,-1.104335,1.131631,2.235966,0.000269,0.596612,0.0028,-1.3807,0.546604,1.1206,2.0703,2.2751,0.023,0.853154,0.007294,0.005991,0.004821,0.003598,0.001621,0.001556,0.001745,0.00161,0.001208,0.000909,0.008549,0.007022,0.005651,0.004217,0.001824,0.001887,0.001065,0.000138,1.3769,60.67,19.7,0.0338,0.000489,60.0
TRAN_F0403_tran_sim_13_W19,train,Transient,7,0.612502,1.129929,1.844776,0.8517,38.2,60.0,59.9986,15.08,91.6,-0.000159,0.375159,0.612502,-1.103138,1.129929,2.233067,0.001583,0.59691,0.0028,-1.3803,0.546575,1.1206,2.0673,2.2716,0.024,0.853089,0.007183,0.006016,0.004805,0.003756,0.001609,0.00158,0.001789,0.001491,0.001265,0.000991,0.00842,0.007052,0.005632,0.004403,0.001852,0.001748,0.001162,0.000138,1.377,60.67,19.77,0.0339,0.000493,60.0
TRAN_F0404_tran_sim_13_W20,train,Transient,7,0.612414,1.131634,1.847827,0.8409,38.2,60.0,59.9996,15.1,89.6,-0.000171,0.375051,0.612414,-1.105758,1.131634,2.237393,0.004051,0.59433,0.0028,-1.3808,0.54653,1.1206,2.0706,2.2748,0.024,0.853003,0.007131,0.005935,0.004784,0.003709,0.001644,0.001569,0.00182,0.001422,0.001308,0.000981,0.00836,0.006958,0.005608,0.004348,0.001839,0.001667,0.00115,0.000136,1.3672,60.67,19.74,0.0338,0.00049,60.0
TRAN_F0405_tran_sim_13_W21,train,Transient,7,0.612437,1.130312,1.845596,0.8475,38.2,60.0,60.0011,15.1,87.6,-0.000141,0.375079,0.612437,-1.104408,1.130312,2.23472,0.003649,0.596126,0.003,-1.3806,0.546563,1.1205,2.068,2.2718,0.024,0.853041,0.007223,0.005993,0.004723,0.003688,0.001734,0.001658,0.001803,0.001498,0.001183,0.000913,0.008467,0.007025,0.005537,0.004323,0.001944,0.001756,0.00107,0.000137,1.3721,60.67,19.82,0.0338,0.000494,60.0
TRAN_F0406_tran_sim_13_W22,train,Transient,7,0.612502,1.132483,1.848945,0.8516,38.2,60.0,60.0008,15.1,85.8,-0.000246,0.375159,0.612502,-1.105739,1.132483,2.238222,0.002586,0.595938,0.0027,-1.3809,0.546606,1.1206,2.0718,2.2766,0.024,0.85312,0.007072,0.006046,0.004811,0.003672,0.001604,0.001655,0.001837,0.001508,0.00121,0.000792,0.00829,0.007087,0.005639,0.004304,0.00194,0.001768,0.000928,0.000136,1.367,60.67,19.67,0.0338,0.000488,60.0
TRAN_F0407_tran_sim_13_W23,train,Transient,7,0.612498,1.132086,1.848309,0.8336,38.2,60.0,59.9962,15.09,83.8,-3e-05,0.375154,0.612498,-1.103263,1.132086,2.235349,0.001824,0.59665,0.0029,-1.3808,0.546592,1.1206,2.0712,2.2761,0.024,0.853113,0.007112,0.005927,0.004809,0.003605,0.001755,0.001562,0.001769,0.001427,0.001266,0.000799,0.008337,0.006947,0.005637,0.004226,0.001831,0.001673,0.000937,0.000135,1.3619,60.66,19.44,0.0338,0.000474,60.0
TRAN_F0408_tran_sim_13_W24,train,Transient,7,0.612433,1.132483,1.849155,0.8534,38.4,60.0,60.0011,15.09,81.8,-0.000257,0.375074,0.612433,-1.105852,1.132483,2.238336,0.003326,0.596197,0.0025,-1.3806,0.546524,1.1206,2.0722,2.277,0.024,0.853006,0.007135,0.006082,0.004825,0.003706,0.001611,0.001503,0.001781,0.001556,0.001197,0.000932,0.008365,0.00713,0.005656,0.004345,0.001762,0.001824,0.001093,0.000138,1.3772,60.68,19.9,0.0338,0.000501,60.0
TRAN_F0409_tran_sim_13_W25,train,Transient,7,0.612513,1.129305,1.843723,0.843,38.2,60.0,60.0018,15.09,80.0,-0.000206,0.375172,0.612513,-1.105035,1.129305,2.23434,0.0033,0.595827,0.0027,-1.3807,0.546603,1.1206,2.066,2.2699,0.024,0.853113,0.007119,0.006037,0.00491,0.003612,0.00169,0.001493,0.001806,0.001422,0.001283,0.000977,0.008345,0.007076,0.005755,0.004234,0.00175,0.001667,0.001145,0.000137,1.372,60.67,19.84,0.0338,0.000499,60.0
TRAN_F0410_tran_sim_13_W26,train,Transient,7,0.612404,1.129475,1.844331,0.8361,38.2,60.0,60.0019,15.09,78.0,-0.000166,0.375038,0.612404,-1.103967,1.129475,2.233442,0.003629,0.59576,0.0029,-1.3808,0.54654,1.1205,2.0666,2.2702,0.024,0.852969,0.007088,0.005943,0.004726,0.003609,0.001605,0.001585,0.001726,0.001563,0.001291,0.000837,0.00831,0.006967,0.005541,0.004231,0.001858,0.001832,0.000981,0.000134,1.3571,60.67,19.91,0.0338,0.000497,60.0
TRAN_F0411_tran_sim_13_W27,train,Transient,7,0.612442,1.130509,1.845904,0.8463,38.2,60.0,59.9993,15.1,77.8,-0.000191,0.375085,0.612442,-1.104518,1.130509,2.235028,0.003164,0.595749,0.0026,-1.3811,0.546571,1.1205,2.0684,2.2723,0.024,0.853043,0.007201,0.006008,0.004813,0.00368,0.001546,0.001579,0.001691,0.001671,0.001211,0.000873,0.008442,0.007043,0.005642,0.004314,0.001851,0.001959,0.001023,0.000137,1.3721,60.67,19.87,0.0338,0.000496,60.0
TRAN_F0412_tran_sim_13_W28,train,Transient,7,0.612507,1.13191,1.847996,0.8407,38.2,60.0,60.0015,15.09,79.6,-0.000241,0.375165,0.612507,-1.104218,1.13191,2.236129,0.001744,0.597888,0.0029,-1.3807,0.546602,1.1206,2.0708,2.2753,0.024,0.853098,0.007142,0.006006,0.004802,0.003599,0.001609,0.001551,0.001884,0.00161,0.001287,0.000888,0.008372,0.00704,0.005629,0.004219,0.001818,0.001887,0.001041,0.000137,1.372,60.66,19.47,0.0338,0.000478,60.0
TRAN_F0413_tran_sim_13_W29,train,Transient,7,0.612465,1.13369,1.851027,0.8489,38.2,60.0,59.9994,15.1,81.6,-0.000126,0.375114,0.612465,-1.105174,1.13369,2.238864,0.00246,0.595726,0.0028,-1.3808,0.546572,1.1206,2.0742,2.2793,0.024,0.853082,0.007046,0.006013,0.004909,0.003659,0.001559,0.001703,0.001804,0.00148,0.001294,0.001041,0.008259,0.007049,0.005754,0.004289,0.001996,0.001735,0.00122,0.000137,1.372,60.67,19.7,0.0337,0.000487,60.0
TRAN_F0414_tran_sim_13_W30,train,Transient,7,0.612483,1.131295,1.847063,0.8429,38.2,60.0,60.001,15.09,83.6,-0.000243,0.375136,0.612483,-1.10449,1.131295,2.235785,0.001646,0.59591,0.0025,-1.3808,0.54657,1.1206,2.0698,2.2743,0.024,0.853077,0.007163,0.006038,0.004822,0.003576,0.001624,0.001569,0.001685,0.001395,0.001298,0.000743,0.008397,0.007078,0.005652,0.004192,0.001839,0.001635,0.000871,0.000136,1.367,60.67,19.76,0.0338,0.000493,60.0
TRAN_F0415_tran_sim_13_W31,train,Transient,7,0.612539,1.130869,1.846201,0.8406,38.2,60.0,60.0022,15.1,85.6,-0.000186,0.375204,0.612539,-1.104261,1.130869,2.23513,0.001752,0.595624,0.0026,-1.3809,0.546648,1.1205,2.0687,2.273,0.024,0.853187,0.00709,0.005968,0.004809,0.003598,0.001718,0.001694,0.001869,0.001496,0.001273,0.000857,0.00831,0.006995,0.005637,0.004217,0.001985,0.001753,0.001004,0.000136,1.3669,60.67,19.8,0.0337,0.000499,60.0
TRAN_F0416_tran_sim_14_W00,train,Transient,7,0.606195,1.028161,1.696089,0.5909,35.4,60.0,60.0011,18.25,128.0,0.000179,0.367472,0.606195,-1.028161,1.026998,2.055159,-0.003338,0.597833,-0.0021,-1.4369,0.542708,1.117,1.8945,2.0802,0.024,0.850933,0.00474,0.004218,0.002266,0.002385,0.001136,0.001343,0.001144,0.000702,0.001079,0.000678,0.00557,0.004957,0.002663,0.002803,0.001578,0.000825,0.000797,5.8e-05,0.895,60.31,13.23,0.0182,0.000209,60.0
TRAN_F0417_tran_sim_14_W01,train,Transient,7,0.606187,1.030872,1.700583,0.5768,35.4,60.0,60.0048,18.28,126.0,9.4e-05,0.367463,0.606187,-1.030872,1.030374,2.061246,-0.001771,0.599538,-0.0019,-1.4371,0.542709,1.117,1.8995,2.0857,0.024,0.850926,0.004526,0.004138,0.002358,0.002319,0.001013,0.001259,0.001016,0.000582,0.000896,0.000741,0.005319,0.004863,0.002771,0.002725,0.00148,0.000684,0.000871,5.4e-05,0.8636,60.31,13.49,0.0182,0.000218,60.0
TRAN_F0418_tran_sim_14_W02,train,Transient,7,0.606236,1.03162,1.701679,0.5809,35.4,60.0,59.9989,18.24,124.2,6.6e-05,0.367523,0.606236,-1.03162,1.027445,2.059065,-0.002248,0.600392,-0.0019,-1.437,0.542745,1.117,1.9007,2.0871,0.024,0.851009,0.004762,0.0042,0.002293,0.002299,0.000941,0.001229,0.001157,0.000701,0.000789,0.000675,0.005596,0.004935,0.002694,0.002701,0.001444,0.000824,0.000793,5.6e-05,0.8793,60.3,13.31,0.0182,0.000211,60.0
TRAN_F0419_tran_sim_14_W03,train,Transient,7,0.606239,1.029187,1.697658,0.5792,35.4,60.0,60.0009,18.25,122.2,0.000101,0.367526,0.606239,-1.029187,1.02759,2.056777,-0.003401,0.59913,-0.0019,-1.4372,0.542762,1.117,1.8962,2.0821,0.024,0.850997,0.004667,0.004131,0.002409,0.002291,0.000954,0.001409,0.001072,0.000752,0.000877,0.000525,0.005484,0.004854,0.002831,0.002692,0.001656,0.000884,0.000617,5.6e-05,0.8794,60.31,13.66,0.0182,0.000218,60.0
TRAN_F0420_tran_sim_14_W04,train,Transient,7,0.606168,1.028917,1.697412,0.5817,35.4,60.0,60.0019,18.26,120.2,0.000135,0.36744,0.606168,-1.027255,1.028917,2.056172,-0.000103,0.601131,-0.0014,-1.4373,0.542722,1.1169,1.8958,2.0821,0.024,0.8509,0.004584,0.004101,0.002336,0.00238,0.001198,0.001423,0.001094,0.000699,0.000907,0.000731,0.005387,0.00482,0.002745,0.002797,0.001672,0.000821,0.000859,5.5e-05,0.8716,60.31,13.39,0.0182,0.000201,60.0
TRAN_F0421_tran_sim_14_W05,train,Transient,7,0.606254,1.029526,1.698176,0.5773,35.4,60.0,59.9984,18.23,118.4,0.000177,0.367544,0.606254,-1.029526,1.029219,2.058746,-0.001148,0.600106,-0.0016,-1.4372,0.542775,1.117,1.8968,2.0831,0.024,0.85102,0.004574,0.004098,0.002303,0.002358,0.000977,0.001335,0.001209,0.000635,0.000848,0.000637,0.005375,0.004815,0.002706,0.002771,0.001569,0.000746,0.000749,5.4e-05,0.8635,60.31,13.33,0.0182,0.00021,60.0
TRAN_F0422_tran_sim_14_W06,train,Transient,7,0.606279,1.029289,1.697715,0.5847,35.4,60.0,60.0011,18.26,116.4,2.6e-05,0.367574,0.606279,-1.029289,1.028399,2.057688,-0.001272,0.600217,-0.0016,-1.4372,0.542815,1.1169,1.8962,2.0821,0.024,0.851068,0.004636,0.004101,0.002204,0.002387,0.000944,0.001498,0.001114,0.000706,0.000894,0.000707,0.005447,0.004819,0.00259,0.002805,0.00176,0.00083,0.000831,5.5e-05,0.8714,60.31,13.3,0.0182,0.000212,60.0
TRAN_F0423_tran_sim_14_W07,train,Transient,7,0.606196,1.027721,1.695361,0.5633,35.4,60.0,59.9999,18.26,114.4,0.000148,0.367473,0.606196,-1.027524,1.027721,2.055245,-0.003238,0.598527,-0.0015,-1.4377,0.542777,1.1168,1.8934,2.0788,0.024,0.850961,0.004655,0.003995,0.00224,0.002334,0.001093,0.001254,0.001064,0.000761,0.000881,0.000692,0.00547,0.004695,0.002632,0.002743,0.001474,0.000894,0.000813,5.4e-05,0.8635,60.31,13.48,0.0182,0.000213,60.0
TRAN_F0424_tran_sim_14_W08,train,Transient,7,0.606124,1.029635,1.698721,0.5768,35.4,60.0,59.999,18.25,112.6,0.000147,0.367386,0.606124,-1.029635,1.027667,2.057302,-0.001209,0.600507,-0.0019,-1.4374,0.542654,1.117,1.8974,2.0838,0.024,0.850858,0.004568,0.004179,0.002327,0.002133,0.001087,0.001439,0.001241,0.000735,0.000738,0.000592,0.005369,0.004912,0.002735,0.002507,0.001691,0.000864,0.000696,5.5e-05,0.8716,60.3,13.38,0.0182,0.000212,60.0
TRAN_F0425_tran_sim_14_W09,train,Transient,7,0.606194,1.030865,1.700553,0.5833,35.4,60.0,59.999,18.24,110.6,4.1e-05,0.367471,0.606194,-1.030865,1.026151,2.057016,-0.000286,0.599225,-0.0021,-1.4371,0.54274,1.1169,1.8994,2.0853,0.024,0.850944,0.00463,0.004188,0.002286,0.002358,0.001018,0.00124,0.001134,0.000837,0.000856,0.000573,0.005441,0.004922,0.002686,0.002771,0.001457,0.000984,0.000673,5.5e-05,0.8715,60.31,13.4,0.0182,0.000209,60.0
TRAN_F0426_tran_sim_14_W10,train,Transient,7,0.606231,1.030371,1.699635,0.5788,35.4,60.0,60.0005,18.25,108.6,0.000138,0.367516,0.606231,-1.030371,1.026007,2.056378,-0.001041,0.602009,-0.0015,-1.4375,0.542766,1.1169,1.8984,2.0848,0.024,0.850992,0.004815,0.004071,0.002192,0.002411,0.001034,0.001371,0.001243,0.000705,0.000858,0.000741,0.005658,0.004784,0.002576,0.002833,0.001611,0.000828,0.000871,5.7e-05,0.8872,60.3,13.16,0.0182,0.000211,60.0
TRAN_F0427_tran_sim_14_W11,train,Transient,7,0.606302,1.031093,1.700627,0.5794,35.4,60.0,60.0032,18.26,106.8,0.000165,0.367602,0.606301,-1.03073,1.031093,2.061823,-0.001661,0.601532,-0.0017,-1.4373,0.542863,1.1169,1.8994,2.0855,0.024,0.851089,0.004586,0.004018,0.002253,0.002459,0.00104,0.001459,0.001012,0.000653,0.001021,0.000641,0.005388,0.004721,0.002647,0.002889,0.001714,0.000767,0.000753,5.4e-05,0.8634,60.3,13.29,0.0182,0.000211,60.0
TRAN_F0428_tran_sim_14_W12,train,Transient,7,0.606228,1.030087,1.699174,0.5765,35.4,60.0,59.9992,18.25,104.8,3.1e-05,0.367512,0.606228,-1.030087,1.029342,2.059429,-0.0007,0.601921,-0.0016,-1.4376,0.54278,1.1169,1.8978,2.0837,0.024,0.850993,0.004648,0.004045,0.002291,0.002421,0.000948,0.001357,0.001133,0.000828,0.000757,0.000652,0.005462,0.004753,0.002692,0.002845,0.001595,0.000973,0.000766,5.5e-05,0.8715,60.31,13.41,0.0182,0.000213,60.0
TRAN_F0429_tran_sim_14_W13,train,Transient,7,0.606282,1.027894,1.695407,0.5891,35.4,60.0,59.9997,18.24,102.8,8.1e-05,0.367578,0.606282,-1.027894,1.027577,2.055471,-0.000771,0.600903,-0.0018,-1.4369,0.542796,1.117,1.8937,2.0796,0.024,0.851054,0.004635,0.004229,0.002409,0.002325,0.001087,0.001358,0.001196,0.000783,0.000858,0.000645,0.005446,0.004969,0.002831,0.002732,0.001596,0.00092,0.000758,5.7e-05,0.8871,60.31,13.31,0.0182,0.000212,60.0
TRAN_F0430_tran_sim_14_W14,train,Transient,7,0.606289,1.031124,1.700714,0.5808,35.4,60.0,59.9996,18.25,101.0,0.000263,0.367586,0.606289,-1.031124,1.02864,2.059764,-0.001785,0.59844,-0.0014,-1.4373,0.542823,1.1169,1.8996,2.086,0.024,0.851084,0.00471,0.004121,0.002264,0.002308,0.001056,0.001457,0.001178,0.00072,0.00084,0.00061,0.005534,0.004842,0.00266,0.002712,0.001712,0.000846,0.000717,5.6e-05,0.8793,60.3,13.21,0.0182,0.000213,60.0
TRAN_F0431_tran_sim_14_W15,train,Transient,7,0.606259,1.02912,1.697494,0.5667,35.4,60.0,60.0012,18.26,99.0,0.000111,0.367549,0.606259,-1.02633,1.02912,2.055451,-0.001676,0.600191,-0.0019,-1.4373,0.542768,1.117,1.8961,2.0824,0.024,0.851048,0.004586,0.00409,0.002223,0.002191,0.000961,0.001314,0.001049,0.000727,0.000816,0.000629,0.005389,0.004806,0.002612,0.002574,0.001544,0.000854,0.000739,5.3e-05,0.8554,60.31,13.44,0.0182,0.000218,60.0
TRAN_F0432_tran_sim_14_W16,train,Transient,7,0.606249,1.02964,1.69838,0.5718,35.4,60.0,60.0032,18.26,97.0,0.000112,0.367537,0.606249,-1.02964,1.02723,2.05687,-0.002626,0.600162,-0.0018,-1.4376,0.542792,1.1169,1.8969,2.0828,0.024,0.85102,0.00474,0.004058,0.002324,0.002328,0.001023,0.001338,0.001126,0.000597,0.000815,0.000697,0.00557,0.004768,0.002731,0.002736,0.001572,0.000702,0.000819,5.5e-05,0.8714,60.31,13.34,0.0182,0.00021,60.0
TRAN_F0433_tran_sim_14_W17,train,Transient,7,0.606279,1.030017,1.698916,0.5615,35.4,60.0,59.9953,18.23,95.0,0.000197,0.367574,0.606279,-1.030017,1.028744,2.058761,-0.002967,0.600127,-0.0018,-1.4373,0.542824,1.1169,1.8975,2.0837,0.024,0.85106,0.004729,0.003969,0.002153,0.00234,0.001027,0.001268,0.001137,0.000749,0.000854,0.00069,0.005557,0.004664,0.00253,0.00275,0.00149,0.00088,0.000811,5.4e-05,0.8634,60.31,13.35,0.0182,0.000215,60.0
TRAN_F0434_tran_sim_14_W18,train,Transient,7,0.606286,1.030744,1.700096,0.5863,35.4,60.0,59.9964,18.24,93.2,0.000188,0.367583,0.606286,-1.030744,1.026387,2.057132,-0.002296,0.599622,-0.002,-1.4372,0.542798,1.117,1.8989,2.085,0.024,0.851077,0.004747,0.004176,0.002279,0.002287,0.001002,0.001493,0.001173,0.000597,0.000884,0.000719,0.005578,0.004907,0.002678,0.002687,0.001754,0.000701,0.000845,5.7e-05,0.8871,60.31,13.34,0.0182,0.000211,60.0
TRAN_F0435_tran_sim_14_W19,train,Transient,7,0.606204,1.030706,1.700262,0.5773,35.4,60.0,59.9983,18.25,91.2,1.9e-05,0.367484,0.606204,-1.030706,1.028401,2.059107,-0.003591,0.599242,-0.0017,-1.4371,0.542731,1.117,1.8991,2.0848,0.024,0.850963,0.004555,0.00412,0.002185,0.002352,0.001091,0.001277,0.001087,0.000641,0.000836,0.000652,0.005353,0.004842,0.002568,0.002764,0.001501,0.000753,0.000766,5.4e-05,0.8635,60.3,13.29,0.0182,0.000208,60.0
TRAN_F0436_tran_sim_14_W20,train,Transient,7,0.606193,1.030043,1.6992,0.5908,35.4,60.0,60.0008,18.25,89.2,0.000118,0.36747,0.606193,-1.029682,1.030043,2.059725,-0.003313,0.598726,-0.0019,-1.437,0.542697,1.117,1.898,2.0841,0.024,0.850936,0.004684,0.004211,0.002253,0.00238,0.001057,0.001373,0.001144,0.00069,0.000774,0.000564,0.005505,0.004949,0.002648,0.002797,0.001614,0.000811,0.000663,5.6e-05,0.8794,60.31,13.36,0.0182,0.000214,60.0
TRAN_F0437_tran_sim_14_W21,train,Transient,7,0.60623,1.02997,1.698977,0.5904,35.4,60.0,60.0019,18.26,87.4,0.00016,0.367514,0.60623,-1.02997,1.02776,2.05773,-0.003109,0.59931,-0.0016,-1.4372,0.54276,1.1169,1.8977,2.0835,0.024,0.851004,0.004725,0.004261,0.002254,0.002285,0.000949,0.001369,0.001092,0.000695,0.000808,0.000587,0.005552,0.005007,0.002649,0.002685,0.001609,0.000817,0.00069,5.6e-05,0.8794,60.31,13.32,0.0182,0.000213,60.0
TRAN_F0438_tran_sim_14_W22,train,Transient,7,0.6062,1.03014,1.699339,0.5718,35.4,60.0,59.9989,18.25,85.4,0.000112,0.367479,0.6062,-1.03014,1.026789,2.056929,-0.0031,0.598336,-0.0016,-1.4378,0.542771,1.1169,1.8979,2.0838,0.023,0.850959,0.004619,0.003983,0.002377,0.002449,0.000928,0.001347,0.001192,0.000723,0.000915,0.000672,0.005428,0.004681,0.002793,0.002878,0.001583,0.00085,0.00079,5.5e-05,0.8715,60.31,13.47,0.0182,0.000218,60.0
TRAN_F0439_tran_sim_14_W23,train,Transient,7,0.606134,1.028499,1.696818,0.5834,35.4,60.0,59.9968,18.24,83.4,0.000133,0.367398,0.606134,-1.02814,1.028499,2.056638,-0.001248,0.600498,-0.0017,-1.437,0.542639,1.117,1.8954,2.0814,0.024,0.850859,0.004721,0.004188,0.002314,0.002317,0.001084,0.001317,0.001142,0.000739,0.000837,0.000613,0.005549,0.004922,0.00272,0.002723,0.001548,0.000869,0.00072,5.6e-05,0.8795,60.31,13.44,0.0182,0.000214,60.0
TRAN_F0440_tran_sim_14_W24,train,Transient,7,0.606291,1.030645,1.699916,0.5803,35.4,60.0,60.0002,18.24,81.6,0.000147,0.367589,0.606291,-1.029715,1.030645,2.060359,-0.001632,0.601755,-0.0019,-1.4372,0.542828,1.1169,1.8987,2.0848,0.024,0.851072,0.004688,0.004151,0.00235,0.002305,0.001018,0.001359,0.001069,0.000706,0.000881,0.000696,0.005508,0.004877,0.002761,0.002708,0.001597,0.00083,0.000818,5.6e-05,0.8793,60.3,13.24,0.0182,0.000209,60.0
TRAN_F0441_tran_sim_14_W25,train,Transient,7,0.606215,1.031054,1.700806,0.5749,35.4,60.0,59.9995,18.25,79.6,9.2e-05,0.367497,0.606215,-1.031054,1.029438,2.060493,-0.001583,0.59989,-0.0014,-1.4373,0.542763,1.1169,1.8996,2.0861,0.024,0.850978,0.004783,0.004066,0.002356,0.002363,0.001098,0.001349,0.00122,0.000795,0.000827,0.000676,0.005621,0.004778,0.002769,0.002777,0.001585,0.000934,0.000794,5.7e-05,0.8872,60.31,13.57,0.0182,0.000221,60.0
TRAN_F0442_tran_sim_14_W26,train,Transient,7,0.606165,1.029034,1.697613,0.5771,35.4,60.0,60.0,18.24,77.6,0.000162,0.367437,0.606165,-1.0287,1.029034,2.057734,-0.001186,0.599948,-0.0019,-1.4374,0.542686,1.117,1.8962,2.0827,0.024,0.850895,0.004644,0.00407,0.002286,0.0024,0.001069,0.001336,0.001151,0.000697,0.000801,0.000766,0.005458,0.004783,0.002687,0.002821,0.00157,0.000819,0.0009,5.5e-05,0.8716,60.31,13.33,0.0182,0.000215,60.0
TRAN_F0443_tran_sim_14_W27,train,Transient,7,0.606313,1.031609,1.701445,0.5839,35.4,60.0,60.0,18.25,78.0,0.000145,0.367616,0.606313,-1.031609,1.030161,2.06177,-0.002521,0.600452,-0.0017,-1.4372,0.542801,1.117,1.9005,2.087,0.024,0.851117,0.004634,0.004187,0.002374,0.00241,0.000928,0.001168,0.001067,0.000731,0.000751,0.000577,0.005445,0.004919,0.002789,0.002832,0.001372,0.000859,0.000678,5.5e-05,0.8713,60.31,13.39,0.0182,0.000216,60.0
TRAN_F0444_tran_sim_14_W28,train,Transient,7,0.606221,1.029768,1.698668,0.5755,35.4,60.0,60.0021,18.26,80.0,0.000126,0.367504,0.606221,-1.029768,1.027375,2.057143,-0.001189,0.60071,-0.0018,-1.4376,0.542793,1.1169,1.8972,2.0832,0.024,0.851003,0.004665,0.0041,0.002344,0.002354,0.000998,0.001278,0.00112,0.000744,0.000844,0.00069,0.005482,0.004818,0.002754,0.002766,0.001502,0.000874,0.000811,5.5e-05,0.8715,60.31,13.54,0.0182,0.000217,60.0
TRAN_F0445_tran_sim_14_W29,train,Transient,7,0.606193,1.028814,1.697171,0.5806,35.4,60.0,60.0005,18.26,82.0,5e-05,0.36747,0.606193,-1.028742,1.028814,2.057556,-0.00221,0.599847,-0.0016,-1.4371,0.542721,1.117,1.8957,2.0815,0.024,0.850953,0.004743,0.004127,0.002251,0.002334,0.000989,0.00139,0.001076,0.00075,0.000787,0.000728,0.005574,0.00485,0.002645,0.002743,0.001633,0.000881,0.000856,5.6e-05,0.8794,60.31,13.52,0.0182,0.000213,60.0
TRAN_F0446_tran_sim_14_W30,train,Transient,7,0.606142,1.032918,1.704086,0.5845,35.4,60.0,59.9996,18.24,83.8,0.000136,0.367408,0.606142,-1.029856,1.032918,2.062774,-0.00164,0.599495,-0.0017,-1.437,0.542684,1.1169,1.9034,2.09,0.024,0.850863,0.004755,0.004189,0.002245,0.002286,0.001087,0.001401,0.001071,0.000655,0.00084,0.000711,0.005588,0.004923,0.002638,0.002687,0.001647,0.00077,0.000836,5.6e-05,0.8795,60.31,13.52,0.0182,0.000216,60.0
TRAN_F0447_tran_sim_14_W31,train,Transient,7,0.606318,1.030083,1.698916,0.5786,35.4,60.0,59.9956,18.24,85.8,8.1e-05,0.367621,0.606318,-1.030083,1.026639,2.056722,-0.002925,0.598872,-0.0019,-1.4371,0.54283,1.117,1.8976,2.0837,0.024,0.85111,0.004512,0.004168,0.002288,0.002323,0.001016,0.00122,0.001159,0.000615,0.000847,0.000726,0.005301,0.004897,0.002688,0.002729,0.001433,0.000723,0.000853,5.4e-05,0.8634,60.31,13.5,0.0182,0.000215,60.0
TRAN_F0448_tran_sim_15_W00,train,Transient,7,0.613318,1.019308,1.661957,0.8537,24.4,60.0,60.0024,19.87,15.6,2.7e-05,0.376159,0.613318,-1.01797,1.019308,2.037278,0.002487,0.608118,-0.0199,-1.4666,0.550592,1.1139,1.8513,2.0296,0.024,0.862905,0.011401,0.003507,0.005204,0.005825,0.004451,0.002834,0.002225,0.001969,0.002103,0.001722,0.013212,0.004064,0.006031,0.00675,0.003284,0.002282,0.001996,0.000247,1.8213,61.18,30.22,0.0155,0.001105,60.0
TRAN_F0449_tran_sim_15_W01,train,Transient,7,0.613418,1.022077,1.6662,0.8447,24.4,60.0,59.9959,19.79,16.2,0.000142,0.376281,0.613418,-1.021778,1.022077,2.043855,0.005073,0.605714,-0.0202,-1.4662,0.550658,1.114,1.8561,2.0343,0.024,0.863023,0.011548,0.003466,0.005336,0.005791,0.004374,0.002756,0.002371,0.001956,0.002072,0.001728,0.013381,0.004016,0.006183,0.00671,0.003193,0.002266,0.002002,0.000251,1.8358,61.19,30.42,0.0155,0.00113,60.0
TRAN_F0450_tran_sim_15_W02,train,Transient,7,0.61338,1.022384,1.666804,0.8591,24.4,60.0,60.0046,19.88,15.6,0.000119,0.376235,0.61338,-1.018956,1.022384,2.04134,0.005129,0.606762,-0.0197,-1.4664,0.5506,1.114,1.8569,2.0355,0.024,0.862996,0.011368,0.003534,0.00524,0.005921,0.00436,0.002725,0.002547,0.001916,0.002119,0.001752,0.013173,0.004095,0.006072,0.006861,0.003158,0.00222,0.00203,0.000248,1.8248,61.18,30.39,0.0155,0.001127,60.0
TRAN_F0451_tran_sim_15_W03,train,Transient,7,0.613304,1.022265,1.666818,0.85,24.4,60.0,60.0024,19.86,15.8,6.7e-05,0.376141,0.613304,-1.018964,1.022265,2.041229,0.004339,0.607649,-0.0203,-1.4662,0.550558,1.114,1.8568,2.0352,0.024,0.86288,0.011567,0.003386,0.005176,0.005891,0.004434,0.002762,0.002417,0.001978,0.001942,0.001845,0.013405,0.003924,0.005999,0.006827,0.003201,0.002292,0.002138,0.000251,1.8361,61.18,30.37,0.0155,0.001119,60.0
TRAN_F0452_tran_sim_15_W04,train,Transient,7,0.613383,1.021955,1.666096,0.861,24.4,60.0,59.9991,19.83,15.6,0.000151,0.376239,0.613383,-1.021529,1.021955,2.043484,0.005844,0.605577,-0.02,-1.4662,0.550614,1.114,1.856,2.0341,0.024,0.862987,0.011498,0.00352,0.005215,0.005936,0.004462,0.002753,0.002391,0.002016,0.002059,0.001584,0.013323,0.004079,0.006043,0.006878,0.00319,0.002336,0.001835,0.000251,1.8358,61.18,30.27,0.0155,0.001119,60.0
TRAN_F0453_tran_sim_15_W05,train,Transient,7,0.613469,1.022445,1.666662,0.8331,24.4,60.0,59.9999,19.84,15.8,0.000129,0.376344,0.613469,-1.022152,1.022445,2.044597,0.005063,0.607085,-0.0199,-1.4662,0.550718,1.1139,1.8566,2.0349,0.024,0.863107,0.011419,0.003429,0.005318,0.005704,0.004421,0.002723,0.002395,0.00195,0.002167,0.001675,0.01323,0.003973,0.006161,0.006609,0.003155,0.002259,0.001941,0.000247,1.8209,61.18,30.35,0.0155,0.001119,60.0
TRAN_F0454_tran_sim_15_W06,train,Transient,7,0.613438,1.022506,1.666845,0.8601,24.4,60.0,59.9988,19.84,15.6,4.1e-05,0.376306,0.613438,-1.021517,1.022506,2.044023,0.005044,0.606576,-0.02,-1.4665,0.550674,1.114,1.8568,2.0351,0.024,0.863069,0.011497,0.003598,0.005261,0.005905,0.004409,0.002701,0.002417,0.001941,0.002064,0.001697,0.013321,0.004169,0.006096,0.006842,0.00313,0.002249,0.001966,0.000251,1.8357,61.19,30.63,0.0155,0.001134,60.0
TRAN_F0455_tran_sim_15_W07,train,Transient,7,0.613335,1.020404,1.663697,0.8368,24.4,60.0,60.0014,19.86,15.6,5.1e-05,0.37618,0.613335,-1.019349,1.020404,2.039754,0.004233,0.606656,-0.0198,-1.4664,0.550571,1.114,1.8534,2.0321,0.024,0.862931,0.011407,0.003468,0.00531,0.005738,0.004476,0.002683,0.002389,0.001954,0.002093,0.001615,0.013219,0.004019,0.006153,0.006649,0.003109,0.002264,0.001872,0.000247,1.8213,61.19,30.53,0.0155,0.001129,60.0
TRAN_F0456_tran_sim_15_W08,train,Transient,7,0.61333,1.020595,1.664023,0.8412,24.4,60.0,60.0008,19.85,15.8,0.000156,0.376174,0.61333,-1.018868,1.020595,2.039463,0.003816,0.608347,-0.02,-1.4662,0.550557,1.114,1.8537,2.0322,0.024,0.862924,0.011469,0.003491,0.00528,0.00575,0.004484,0.002729,0.002381,0.001896,0.0021,0.001787,0.013291,0.004046,0.006119,0.006663,0.003163,0.002197,0.002071,0.000249,1.8286,61.18,30.41,0.0155,0.001125,60.0
TRAN_F0457_tran_sim_15_W09,train,Transient,7,0.61332,1.02051,1.66391,0.8519,24.4,60.0,59.9993,19.84,15.8,0.000132,0.376162,0.61332,-1.020218,1.02051,2.040728,0.007484,0.604549,-0.0201,-1.4663,0.550559,1.114,1.8536,2.0315,0.024,0.862906,0.011502,0.003476,0.005247,0.00586,0.004368,0.002759,0.002455,0.001897,0.002175,0.001637,0.013329,0.004028,0.006081,0.006791,0.003197,0.002198,0.001897,0.00025,1.8323,61.19,30.56,0.0155,0.001135,60.0
TRAN_F0458_tran_sim_15_W10,train,Transient,7,0.613445,1.021741,1.665579,0.8544,24.4,60.0,60.0031,19.86,15.8,6e-05,0.376314,0.613445,-1.01884,1.021741,2.040581,0.005577,0.6054,-0.0197,-1.4664,0.550676,1.114,1.8554,2.0337,0.024,0.863084,0.011379,0.003551,0.005095,0.005876,0.004434,0.002691,0.002433,0.001928,0.002028,0.001701,0.013184,0.004114,0.005903,0.006808,0.003118,0.002234,0.001971,0.000246,1.8172,61.19,30.5,0.0155,0.00113,60.0
TRAN_F0459_tran_sim_15_W11,train,Transient,7,0.613353,1.022014,1.666273,0.8514,24.4,60.0,60.0018,19.85,15.6,8.1e-05,0.376202,0.613353,-1.019739,1.022014,2.041753,0.00603,0.60629,-0.0199,-1.4662,0.55057,1.114,1.8563,2.0345,0.024,0.862947,0.011434,0.003376,0.005266,0.005952,0.004374,0.002676,0.002488,0.002017,0.002139,0.001665,0.01325,0.003912,0.006102,0.006897,0.003101,0.002337,0.001929,0.000249,1.8286,61.19,30.48,0.0155,0.001127,60.0
TRAN_F0460_tran_sim_15_W12,train,Transient,7,0.6134,1.022529,1.666987,0.8365,24.4,60.0,60.0007,19.85,15.6,6.8e-05,0.376259,0.6134,-1.020395,1.022529,2.042924,0.004691,0.607796,-0.0201,-1.4666,0.55067,1.1139,1.8569,2.0352,0.024,0.863017,0.011449,0.003498,0.005216,0.005756,0.004538,0.002597,0.002337,0.001923,0.002072,0.001735,0.013266,0.004053,0.006044,0.00667,0.003009,0.002228,0.00201,0.000247,1.8211,61.18,30.42,0.0155,0.001123,60.0
TRAN_F0461_tran_sim_15_W13,train,Transient,7,0.613262,1.021033,1.664922,0.8485,24.4,60.0,59.9991,19.85,24.6,6.8e-05,0.37609,0.613262,-1.021033,1.020392,2.041425,0.004856,0.607122,-0.0195,-1.4663,0.550487,1.114,1.8548,2.0332,0.024,0.862828,0.011218,0.003525,0.005298,0.005736,0.004297,0.002875,0.002414,0.001935,0.002049,0.001664,0.013001,0.004085,0.00614,0.006648,0.003332,0.002243,0.001929,0.000243,1.8067,61.19,30.59,0.0155,0.001132,60.0
TRAN_F0462_tran_sim_15_W14,train,Transient,7,0.613407,1.020412,1.663515,0.8509,24.4,60.0,60.002,19.86,15.6,0.000176,0.376268,0.613407,-1.020412,1.020065,2.040477,0.004446,0.607159,-0.0203,-1.4665,0.550666,1.1139,1.8531,2.0314,0.024,0.863034,0.0116,0.003528,0.005225,0.005828,0.004378,0.00274,0.002466,0.001992,0.002158,0.001693,0.013441,0.004088,0.006054,0.006753,0.003175,0.002308,0.001962,0.000253,1.843,61.18,30.38,0.0155,0.001127,60.0
TRAN_F0463_tran_sim_15_W15,train,Transient,7,0.613351,1.01925,1.661771,0.8398,24.4,60.0,59.9993,19.85,15.8,8.8e-05,0.3762,0.613351,-1.01925,1.018823,2.038073,0.004302,0.606551,-0.02,-1.4666,0.55061,1.1139,1.8511,2.0292,0.023,0.862955,0.011443,0.003595,0.005133,0.005722,0.00446,0.00262,0.002427,0.002036,0.002098,0.001703,0.01326,0.004166,0.005948,0.006631,0.003036,0.002359,0.001973,0.000247,1.8212,61.18,30.33,0.0155,0.001122,60.0
TRAN_F0464_tran_sim_15_W16,train,Transient,7,0.613295,1.020758,1.664382,0.8426,24.4,60.0,59.9982,19.84,15.6,8.2e-05,0.376131,0.613295,-1.019391,1.020758,2.040149,0.005352,0.606217,-0.0199,-1.4665,0.550537,1.114,1.8541,2.0328,0.024,0.862869,0.011376,0.003504,0.005108,0.005739,0.004418,0.002767,0.002452,0.001973,0.002021,0.001667,0.013184,0.004061,0.00592,0.006651,0.003207,0.002287,0.001932,0.000245,1.814,61.18,30.37,0.0155,0.001123,60.0
TRAN_F0465_tran_sim_15_W17,train,Transient,7,0.613332,1.021999,1.666307,0.8409,24.4,60.0,59.9992,19.85,16.4,5.7e-05,0.376176,0.613332,-1.019497,1.021999,2.041496,0.003806,0.607993,-0.02,-1.4662,0.550526,1.1141,1.8564,2.0354,0.024,0.862925,0.011452,0.003458,0.005286,0.005779,0.004361,0.002701,0.002481,0.001957,0.002102,0.00161,0.013271,0.004007,0.006126,0.006697,0.00313,0.002268,0.001866,0.000248,1.825,61.19,30.52,0.0155,0.001128,60.0
TRAN_F0466_tran_sim_15_W18,train,Transient,7,0.613468,1.022708,1.667093,0.8433,24.4,60.0,59.9985,19.85,15.6,0.000111,0.376343,0.613468,-1.019994,1.022708,2.042701,0.003887,0.608423,-0.0197,-1.4667,0.550739,1.1139,1.857,2.0354,0.024,0.863122,0.01132,0.003505,0.005184,0.005748,0.004395,0.002767,0.00244,0.001939,0.002075,0.001746,0.013115,0.004061,0.006006,0.00666,0.003206,0.002246,0.002023,0.000244,1.8098,61.19,30.54,0.0155,0.001133,60.0
TRAN_F0467_tran_sim_15_W19,train,Transient,7,0.613297,1.019505,1.662335,0.8465,24.4,60.0,60.0003,19.85,15.6,0.000113,0.376133,0.613297,-1.018269,1.019505,2.037774,0.005608,0.605448,-0.0201,-1.4667,0.550574,1.1139,1.8517,2.0294,0.024,0.862881,0.011497,0.003531,0.005299,0.005777,0.004442,0.002741,0.002487,0.001936,0.002112,0.001594,0.013324,0.004092,0.006141,0.006695,0.003177,0.002244,0.001847,0.00025,1.8324,61.18,30.34,0.0155,0.001118,60.0
TRAN_F0468_tran_sim_15_W20,train,Transient,7,0.613404,1.022356,1.666691,0.8389,24.4,60.0,59.9991,19.84,15.6,6.6e-05,0.376265,0.613404,-1.021417,1.022356,2.043773,0.00445,0.607637,-0.02,-1.4663,0.55064,1.114,1.8567,2.035,0.024,0.863021,0.011454,0.003453,0.005128,0.005763,0.004384,0.002699,0.002469,0.001962,0.002158,0.00171,0.013272,0.004001,0.005942,0.006678,0.003127,0.002273,0.001981,0.000247,1.8211,61.18,30.4,0.0155,0.00112,60.0
TRAN_F0469_tran_sim_15_W21,train,Transient,7,0.613386,1.022645,1.667213,0.846,24.4,60.0,60.0023,19.85,15.6,9.6e-05,0.376242,0.613386,-1.021505,1.022645,2.04415,0.005775,0.606935,-0.0199,-1.4664,0.55064,1.114,1.8572,2.035,0.024,0.862999,0.011373,0.003466,0.005275,0.005803,0.004408,0.002759,0.002427,0.002062,0.002038,0.001692,0.013178,0.004016,0.006112,0.006724,0.003197,0.002389,0.001961,0.000247,1.8211,61.18,30.26,0.0155,0.001114,60.0
TRAN_F0470_tran_sim_15_W22,train,Transient,7,0.613325,1.023849,1.66934,0.8304,24.4,60.0,60.0017,19.85,15.6,9.3e-05,0.376168,0.613325,-1.020158,1.023849,2.044007,0.002782,0.608635,-0.0199,-1.4663,0.550562,1.114,1.8596,2.039,0.024,0.862914,0.011399,0.003489,0.005161,0.005584,0.004357,0.002829,0.002461,0.001979,0.001977,0.001636,0.01321,0.004043,0.005981,0.006471,0.003278,0.002293,0.001896,0.000243,1.8065,61.19,30.68,0.0155,0.001137,60.0
TRAN_F0471_tran_sim_15_W23,train,Transient,7,0.613361,1.022974,1.667816,0.8568,24.4,60.0,60.0031,19.85,15.6,0.000115,0.376212,0.613361,-1.018978,1.022974,2.041952,0.005833,0.607431,-0.02,-1.4664,0.550609,1.114,1.8579,2.0361,0.024,0.862961,0.011531,0.003605,0.005272,0.005837,0.004461,0.002757,0.002452,0.00199,0.002097,0.001624,0.013362,0.004177,0.006109,0.006764,0.003195,0.002306,0.001882,0.000252,1.8395,61.19,30.37,0.0155,0.001128,60.0
TRAN_F0472_tran_sim_15_W24,train,Transient,7,0.613364,1.021477,1.665369,0.8422,24.4,60.0,60.001,19.85,15.8,5.6e-05,0.376215,0.613364,-1.021477,1.020861,2.042338,0.005309,0.605395,-0.0198,-1.4667,0.550659,1.1139,1.855,2.0329,0.024,0.862971,0.011395,0.00359,0.005148,0.005734,0.004368,0.002656,0.002474,0.001854,0.002059,0.001692,0.013204,0.00416,0.005965,0.006644,0.003078,0.002148,0.001961,0.000245,1.8138,61.19,30.47,0.0155,0.001125,60.0
TRAN_F0473_tran_sim_15_W25,train,Transient,7,0.613338,1.022812,1.667614,0.8494,24.4,60.0,60.0026,19.86,15.8,7e-05,0.376184,0.613338,-1.018895,1.022812,2.041707,0.003196,0.608809,-0.0196,-1.4666,0.550577,1.114,1.8577,2.0367,0.024,0.862941,0.011386,0.00355,0.00529,0.005862,0.004435,0.002602,0.002444,0.002167,0.002101,0.001698,0.013194,0.004114,0.00613,0.006793,0.003015,0.002511,0.001968,0.000249,1.8286,61.19,30.46,0.0155,0.001128,60.0
TRAN_F0474_tran_sim_15_W26,train,Transient,7,0.613364,1.022172,1.6665,0.8514,24.4,60.0,60.0038,19.85,15.8,3.3e-05,0.376216,0.613364,-1.020846,1.022172,2.043018,0.006919,0.605462,-0.0201,-1.4665,0.550616,1.114,1.8564,2.0346,0.024,0.862964,0.011513,0.003516,0.005279,0.005831,0.004289,0.00276,0.002475,0.001917,0.002077,0.001672,0.013341,0.004074,0.006117,0.006757,0.003198,0.002221,0.001938,0.00025,1.8322,61.18,30.25,0.0155,0.001111,60.0
TRAN_F0475_tran_sim_15_W27,train,Transient,7,0.613416,1.021476,1.665226,0.8474,24.4,60.0,59.999,19.84,15.6,3.5e-05,0.376279,0.613416,-1.021476,1.020453,2.041929,0.005242,0.60629,-0.0198,-1.4664,0.550661,1.114,1.855,2.0331,0.024,0.863037,0.011384,0.003543,0.005231,0.005814,0.004406,0.00267,0.002466,0.001871,0.002052,0.001572,0.013191,0.004105,0.006061,0.006737,0.003094,0.002168,0.001821,0.000246,1.8173,61.19,30.65,0.0155,0.001136,60.0
TRAN_F0476_tran_sim_15_W28,train,Transient,7,0.613387,1.019974,1.662856,0.8403,24.4,60.0,59.9995,19.85,15.6,9.1e-05,0.376243,0.613387,-1.019974,1.019226,2.0392,0.005303,0.606142,-0.02,-1.4668,0.550673,1.1139,1.8522,2.0295,0.023,0.863002,0.011462,0.003499,0.00523,0.005756,0.004377,0.002686,0.00257,0.002018,0.00202,0.00165,0.013282,0.004054,0.00606,0.00667,0.003112,0.002338,0.001912,0.000248,1.8248,61.19,30.52,0.0155,0.001135,60.0
TRAN_F0477_tran_sim_15_W29,train,Transient,7,0.61342,1.023246,1.668099,0.8453,24.4,60.0,60.0009,19.85,15.6,0.000126,0.376284,0.61342,-1.019417,1.023246,2.042663,0.004971,0.607052,-0.02,-1.4662,0.550643,1.114,1.8583,2.0366,0.024,0.863047,0.011446,0.003463,0.005174,0.005782,0.004491,0.002794,0.002475,0.00191,0.002043,0.001613,0.013262,0.004013,0.005995,0.0067,0.003237,0.002213,0.001869,0.000248,1.8247,61.19,30.57,0.0155,0.001133,60.0
TRAN_F0478_tran_sim_15_W30,train,Transient,7,0.613367,1.021479,1.665364,0.8468,24.4,60.0,59.9981,19.84,16.4,0.000153,0.376219,0.613367,-1.021479,1.019928,2.041407,0.0055,0.606202,-0.0202,-1.4665,0.550637,1.1139,1.8551,2.0332,0.024,0.86297,0.011555,0.003547,0.005253,0.005761,0.004439,0.002762,0.002423,0.001892,0.001953,0.001712,0.01339,0.00411,0.006087,0.006676,0.003201,0.002192,0.001984,0.00025,1.8322,61.19,30.48,0.0155,0.001132,60.0
TRAN_F0479_tran_sim_15_W31,train,Transient,7,0.613388,1.020218,1.663252,0.8449,24.4,60.0,59.9991,19.85,15.6,3.9e-05,0.376244,0.613388,-1.018821,1.020218,2.039039,0.004532,0.607752,-0.02,-1.4667,0.550643,1.1139,1.8528,2.0308,0.024,0.863004,0.011481,0.00344,0.005272,0.005828,0.004352,0.002713,0.002424,0.001943,0.001981,0.001626,0.013304,0.003986,0.006109,0.006753,0.003144,0.002251,0.001884,0.000248,1.8248,61.18,30.31,0.0155,0.001111,60.0
TRAN_F0480_tran_sim_16_W00,train,Transient,7,0.604771,0.956532,1.581643,0.5585,32.8,60.0,59.9993,22.55,125.6,-6.9e-05,0.365748,0.604771,-0.956532,0.952682,1.909214,-0.011589,0.601639,0.0055,-1.4751,0.543064,1.1136,1.7614,1.9298,0.024,0.852912,0.004772,0.003351,0.002051,0.003092,0.002674,0.001379,0.00121,0.0012,0.001272,0.001043,0.005595,0.003929,0.002405,0.003625,0.001617,0.001407,0.001223,6.2e-05,0.9232,60.51,24.14,0.0083,0.000521,60.0
TRAN_F0481_tran_sim_16_W01,train,Transient,7,0.60481,0.958398,1.584627,0.5643,33.0,60.0,60.0016,22.59,123.8,-2.1e-05,0.365795,0.60481,-0.958398,0.950562,1.90896,-0.010467,0.601559,0.0057,-1.4752,0.543134,1.1136,1.7646,1.933,0.024,0.852977,0.004972,0.003335,0.001903,0.003166,0.00257,0.001424,0.001324,0.001266,0.001131,0.001004,0.005829,0.00391,0.002231,0.003712,0.001669,0.001484,0.001177,6.4e-05,0.9379,60.5,24.05,0.0083,0.000511,60.0
TRAN_F0482_tran_sim_16_W02,train,Transient,7,0.604825,0.956341,1.581187,0.5559,33.0,60.0,60.0025,22.6,121.8,-7.5e-05,0.365813,0.604825,-0.956341,0.951796,1.908137,-0.010198,0.602071,0.0056,-1.4752,0.543155,1.1135,1.7607,1.9287,0.024,0.852997,0.004877,0.003312,0.002022,0.003037,0.002564,0.001513,0.001359,0.001236,0.001046,0.000985,0.005717,0.003883,0.00237,0.00356,0.001774,0.001449,0.001155,6.2e-05,0.9231,60.5,24.02,0.0083,0.000512,60.0
TRAN_F0483_tran_sim_16_W03,train,Transient,7,0.604714,0.958291,1.584703,0.5725,32.8,60.0,59.9955,22.51,119.8,-3.3e-05,0.365679,0.604714,-0.958291,0.956525,1.914816,-0.010634,0.601656,0.0057,-1.4749,0.543015,1.1136,1.7648,1.9333,0.024,0.852835,0.004825,0.003444,0.002057,0.003107,0.002562,0.001523,0.001266,0.00124,0.001241,0.000888,0.005658,0.004038,0.002412,0.003643,0.001786,0.001454,0.001041,6.3e-05,0.9307,60.5,24.06,0.0083,0.000514,60.0
TRAN_F0484_tran_sim_16_W04,train,Transient,7,0.604758,0.956738,1.582017,0.5599,32.6,60.0,59.9996,22.56,118.0,-0.000103,0.365733,0.604758,-0.956738,0.951049,1.907787,-0.010118,0.601156,0.0053,-1.475,0.543037,1.1137,1.7618,1.9305,0.024,0.852897,0.004769,0.003346,0.00186,0.003081,0.002602,0.001455,0.001177,0.001107,0.001097,0.001044,0.005592,0.003923,0.002181,0.003612,0.001706,0.001298,0.001224,6.1e-05,0.9157,60.5,24.06,0.0083,0.00051,60.0
TRAN_F0485_tran_sim_16_W05,train,Transient,7,0.604757,0.955471,1.579927,0.5642,32.8,60.0,59.9971,22.53,116.0,7e-06,0.365731,0.604757,-0.955471,0.954706,1.910178,-0.009433,0.601726,0.0058,-1.4751,0.543062,1.1136,1.7594,1.9275,0.024,0.852895,0.004957,0.003364,0.001837,0.003095,0.002439,0.001502,0.001185,0.001169,0.000968,0.000934,0.005812,0.003944,0.002154,0.003629,0.001761,0.001371,0.001095,6.2e-05,0.9232,60.51,24.04,0.0083,0.000511,60.0
TRAN_F0486_tran_sim_16_W06,train,Transient,7,0.604809,0.956268,1.581107,0.5541,32.6,60.0,60.0005,22.57,114.0,-4e-06,0.365794,0.604809,-0.956268,0.95263,1.908898,-0.008977,0.601265,0.0056,-1.4751,0.543129,1.1136,1.7607,1.9289,0.024,0.85297,0.0048,0.003368,0.001903,0.002973,0.002601,0.001469,0.001337,0.001103,0.001068,0.000904,0.005627,0.003949,0.002231,0.003485,0.001722,0.001293,0.00106,6.1e-05,0.9157,60.5,23.87,0.0083,0.000502,60.0
TRAN_F0487_tran_sim_16_W07,train,Transient,7,0.604761,0.955219,1.5795,0.5613,33.0,60.0,60.001,22.57,112.2,-6.4e-05,0.365735,0.604761,-0.955219,0.952392,1.907611,-0.009127,0.600949,0.0055,-1.4751,0.54305,1.1136,1.759,1.9274,0.024,0.8529,0.004703,0.003355,0.001929,0.003111,0.00262,0.001408,0.001261,0.001246,0.000973,0.000979,0.005514,0.003934,0.002262,0.003648,0.001651,0.001461,0.001148,6.1e-05,0.9157,60.5,23.73,0.0083,0.000507,60.0
TRAN_F0488_tran_sim_16_W08,train,Transient,7,0.604746,0.956676,1.581946,0.5604,33.0,60.0,59.9984,22.55,110.2,-6.1e-05,0.365718,0.604746,-0.956676,0.951296,1.907972,-0.011884,0.600429,0.0055,-1.4751,0.543082,1.1135,1.7616,1.9296,0.024,0.852882,0.004819,0.003335,0.002032,0.003123,0.002689,0.001405,0.001226,0.001222,0.001035,0.001018,0.00565,0.00391,0.002383,0.003662,0.001647,0.001433,0.001194,6.3e-05,0.9306,60.5,23.89,0.0083,0.000512,60.0
TRAN_F0489_tran_sim_16_W09,train,Transient,7,0.604641,0.960159,1.587982,0.5671,32.8,60.0,60.0029,22.58,108.2,-7.9e-05,0.365591,0.604641,-0.960159,0.955041,1.9152,-0.008956,0.59933,0.0056,-1.4748,0.542983,1.1136,1.7683,1.937,0.024,0.852728,0.00481,0.003439,0.001933,0.003043,0.002604,0.001516,0.00134,0.001155,0.001141,0.001171,0.005641,0.004033,0.002267,0.003569,0.001778,0.001354,0.001373,6.3e-05,0.9308,60.5,24.07,0.0083,0.000514,60.0
TRAN_F0490_tran_sim_16_W10,train,Transient,7,0.604866,0.955984,1.580489,0.541,33.0,60.0,60.0011,22.57,106.4,-2e-06,0.365862,0.604866,-0.955984,0.951151,1.907135,-0.010703,0.601312,0.0057,-1.4755,0.543223,1.1135,1.7598,1.9276,0.024,0.853046,0.0049,0.003211,0.002071,0.003039,0.002631,0.001326,0.001202,0.001181,0.001121,0.001007,0.005744,0.003764,0.002428,0.003563,0.001554,0.001384,0.00118,6.2e-05,0.923,60.5,24.05,0.0083,0.0005,60.0
TRAN_F0491_tran_sim_16_W11,train,Transient,7,0.604777,0.956269,1.581192,0.5499,32.8,60.0,59.9987,22.55,104.4,-5.5e-05,0.365755,0.604777,-0.956269,0.952856,1.909125,-0.008326,0.601056,0.0056,-1.4751,0.543078,1.1136,1.7608,1.9293,0.024,0.852923,0.004768,0.003342,0.001892,0.00296,0.00255,0.001438,0.001221,0.001249,0.00108,0.001081,0.00559,0.003918,0.002218,0.00347,0.001686,0.001464,0.001267,6e-05,0.9082,60.5,24.04,0.0083,0.000513,60.0
TRAN_F0492_tran_sim_16_W12,train,Transient,7,0.6048,0.95514,1.579266,0.5561,33.0,60.0,59.9985,22.55,102.4,6e-06,0.365783,0.6048,-0.95514,0.952061,1.9072,-0.010758,0.603051,0.0057,-1.4753,0.543127,1.1136,1.7586,1.9266,0.023,0.852957,0.004831,0.003335,0.002041,0.003032,0.002658,0.001476,0.001315,0.001254,0.001155,0.00102,0.005664,0.00391,0.002393,0.003555,0.00173,0.00147,0.001196,6.3e-05,0.9306,60.51,24.05,0.0083,0.00051,60.0
TRAN_F0493_tran_sim_16_W13,train,Transient,7,0.604791,0.957153,1.582618,0.5521,32.6,60.0,60.0005,22.58,100.6,-4.3e-05,0.365772,0.604791,-0.957153,0.952621,1.909774,-0.009821,0.601718,0.0056,-1.4753,0.543122,1.1135,1.7623,1.9307,0.024,0.852952,0.004861,0.003318,0.002017,0.003056,0.002589,0.001352,0.001275,0.0012,0.001037,0.001046,0.005699,0.00389,0.002365,0.003583,0.001585,0.001407,0.001226,6.2e-05,0.9231,60.51,24.17,0.0083,0.000515,60.0
TRAN_F0494_tran_sim_16_W14,train,Transient,7,0.604829,0.957785,1.583563,0.5539,33.0,60.0,60.0022,22.58,98.6,-3.1e-05,0.365818,0.604829,-0.957785,0.951469,1.909254,-0.010238,0.602327,0.0058,-1.4751,0.543143,1.1136,1.7634,1.9317,0.024,0.852998,0.004816,0.003367,0.002035,0.002952,0.002611,0.001508,0.001328,0.001219,0.001128,0.00106,0.005646,0.003947,0.002386,0.003461,0.001768,0.001429,0.001243,6.2e-05,0.9231,60.5,23.61,0.0083,0.000505,60.0
TRAN_F0495_tran_sim_16_W15,train,Transient,7,0.604856,0.956935,1.582088,0.5542,32.8,60.0,59.9996,22.56,96.6,-0.000115,0.365851,0.604856,-0.956935,0.953983,1.910918,-0.010317,0.602304,0.0058,-1.4753,0.543181,1.1135,1.7617,1.9299,0.024,0.853036,0.004941,0.003318,0.002076,0.003091,0.002671,0.001334,0.001225,0.001406,0.000989,0.000995,0.005792,0.00389,0.002434,0.003624,0.001564,0.001648,0.001166,6.4e-05,0.9378,60.51,24.12,0.0083,0.00052,60.0
TRAN_F0496_tran_sim_16_W16,train,Transient,7,0.604842,0.95442,1.577966,0.5446,33.0,60.0,59.9988,22.56,94.8,-9.3e-05,0.365834,0.604842,-0.95442,0.951979,1.906399,-0.009554,0.60083,0.0056,-1.4752,0.543161,1.1136,1.7572,1.9249,0.024,0.853016,0.004852,0.003298,0.002007,0.002978,0.002454,0.001355,0.001211,0.001153,0.00107,0.001125,0.005688,0.003866,0.002353,0.003491,0.001588,0.001352,0.001319,6e-05,0.9081,60.5,23.82,0.0083,0.000509,60.0
TRAN_F0497_tran_sim_16_W17,train,Transient,7,0.604782,0.954675,1.578545,0.5784,32.8,60.0,60.0008,22.57,92.8,3.4e-05,0.365761,0.604782,-0.954675,0.952838,1.907513,-0.010328,0.600961,0.0056,-1.4749,0.543061,1.1137,1.758,1.926,0.024,0.85293,0.00468,0.003453,0.002095,0.003206,0.002533,0.001461,0.001285,0.00118,0.000938,0.001011,0.005487,0.004048,0.002456,0.003759,0.001713,0.001383,0.001185,6.2e-05,0.9232,60.5,24.07,0.0083,0.000513,60.0
TRAN_F0498_tran_sim_16_W18,train,Transient,7,0.604816,0.958589,1.584926,0.5626,32.8,60.0,59.9994,22.56,90.8,-1e-05,0.365803,0.604816,-0.958589,0.95456,1.913149,-0.009877,0.602514,0.0059,-1.4752,0.543126,1.1136,1.7649,1.9335,0.024,0.852976,0.005016,0.003339,0.001997,0.003084,0.002488,0.001538,0.001223,0.001172,0.001143,0.000966,0.005881,0.003915,0.002341,0.003616,0.001803,0.001374,0.001133,6.3e-05,0.9305,60.5,23.84,0.0083,0.0005,60.0
TRAN_F0499_tran_sim_16_W19,train,Transient,7,0.60483,0.95599,1.580594,0.5414,33.0,60.0,60.0027,22.57,89.0,-5.5e-05,0.365819,0.60483,-0.95599,0.954824,1.910814,-0.009593,0.602,0.0058,-1.4755,0.543164,1.1135,1.76,1.9283,0.024,0.852997,0.004793,0.003249,0.001991,0.00291,0.002508,0.001518,0.001321,0.001246,0.001094,0.001034,0.005619,0.003809,0.002334,0.003412,0.00178,0.001461,0.001212,6e-05,0.9081,60.51,24.09,0.0083,0.000515,60.0
TRAN_F0500_tran_sim_16_W20,train,Transient,7,0.604747,0.95701,1.582497,0.5703,32.8,60.0,60.0021,22.57,87.0,7e-06,0.365719,0.604747,-0.95701,0.955435,1.912446,-0.009985,0.601307,0.0058,-1.475,0.543024,1.1137,1.7624,1.9312,0.024,0.852881,0.004863,0.003396,0.002029,0.003129,0.002555,0.001528,0.001272,0.001287,0.001172,0.001062,0.005702,0.003982,0.002379,0.003669,0.001792,0.001509,0.001245,6.4e-05,0.938,60.5,24.0,0.0083,0.000512,60.0
TRAN_F0501_tran_sim_16_W21,train,Transient,7,0.604838,0.955761,1.580193,0.555,32.8,60.0,60.0018,22.57,85.0,-9.5e-05,0.365829,0.604838,-0.955761,0.953329,1.90909,-0.011,0.602632,0.0056,-1.4752,0.543159,1.1136,1.7596,1.9277,0.024,0.853013,0.004811,0.003349,0.00195,0.003038,0.002571,0.001403,0.001328,0.001206,0.00111,0.000882,0.00564,0.003926,0.002286,0.003561,0.001645,0.001414,0.001034,6.1e-05,0.9156,60.51,24.2,0.0083,0.000516,60.0
TRAN_F0502_tran_sim_16_W22,train,Transient,7,0.604746,0.955478,1.579966,0.5551,32.8,60.0,59.9999,22.58,83.2,-0.000127,0.365718,0.604746,-0.955478,0.952156,1.907634,-0.010902,0.601203,0.0056,-1.4752,0.54306,1.1136,1.7594,1.9275,0.024,0.852891,0.004871,0.003395,0.00204,0.002984,0.002592,0.001411,0.001286,0.001191,0.001194,0.00105,0.005711,0.003981,0.002392,0.003499,0.001654,0.001396,0.001231,6.3e-05,0.9306,60.5,23.93,0.0083,0.00051,60.0
TRAN_F0503_tran_sim_16_W23,train,Transient,7,0.604791,0.957666,1.583466,0.5552,33.0,60.0,60.0009,22.56,81.2,-9e-05,0.365772,0.604791,-0.957666,0.952133,1.909799,-0.00984,0.600019,0.0055,-1.4751,0.543105,1.1136,1.7633,1.9317,0.024,0.85294,0.004939,0.003357,0.002058,0.003048,0.002685,0.001364,0.001227,0.001291,0.001125,0.001052,0.005791,0.003936,0.002413,0.003574,0.001599,0.001514,0.001233,6.4e-05,0.9379,60.51,24.0,0.0083,0.000518,60.0
TRAN_F0504_tran_sim_16_W24,train,Transient,7,0.604829,0.959251,1.585985,0.5613,33.0,60.0,60.0,22.56,79.2,-7.9e-05,0.365819,0.604829,-0.959251,0.954206,1.913457,-0.010384,0.601815,0.0057,-1.4752,0.543141,1.1136,1.7661,1.9347,0.024,0.852993,0.004804,0.003302,0.00196,0.003194,0.00249,0.001349,0.001289,0.001296,0.001069,0.001046,0.005632,0.003871,0.002298,0.003744,0.001581,0.001519,0.001226,6.2e-05,0.9231,60.5,23.79,0.0083,0.000507,60.0
TRAN_F0505_tran_sim_16_W25,train,Transient,7,0.604886,0.957659,1.583207,0.5459,33.0,60.0,60.0018,22.57,77.4,-9.1e-05,0.365887,0.604886,-0.957659,0.952358,1.910017,-0.010616,0.601944,0.0057,-1.4752,0.543216,1.1135,1.7629,1.9312,0.023,0.85308,0.004768,0.00327,0.001968,0.002955,0.002694,0.001503,0.001273,0.001205,0.001201,0.000964,0.005589,0.003833,0.002307,0.003464,0.001762,0.001413,0.00113,6.1e-05,0.9155,60.5,23.67,0.0083,0.000506,60.0
TRAN_F0506_tran_sim_16_W26,train,Transient,7,0.604734,0.956656,1.581944,0.5548,32.8,60.0,60.0025,22.57,78.6,-2.9e-05,0.365703,0.604734,-0.956656,0.952395,1.909051,-0.010316,0.601947,0.0057,-1.4753,0.543098,1.1135,1.7615,1.9294,0.024,0.852863,0.0048,0.003287,0.001957,0.003077,0.002657,0.001455,0.001152,0.001428,0.001141,0.000918,0.005628,0.003854,0.002295,0.003608,0.001706,0.001674,0.001076,6.2e-05,0.9232,60.5,23.98,0.0083,0.000511,60.0
TRAN_F0507_tran_sim_16_W27,train,Transient,7,0.604738,0.954805,1.578873,0.566,32.8,60.0,60.0032,22.56,80.6,-0.000119,0.365709,0.604738,-0.954805,0.952406,1.907211,-0.008597,0.59992,0.0055,-1.4749,0.543049,1.1136,1.7582,1.9262,0.024,0.852867,0.004712,0.003455,0.002079,0.003088,0.002564,0.001354,0.001285,0.001372,0.001138,0.001046,0.005525,0.004051,0.002438,0.003621,0.001588,0.001609,0.001226,6.2e-05,0.9232,60.5,23.95,0.0083,0.000516,60.0
TRAN_F0508_tran_sim_16_W28,train,Transient,7,0.604771,0.956015,1.58079,0.5618,33.0,60.0,60.0003,22.57,82.4,-3.5e-05,0.365747,0.604771,-0.956015,0.95421,1.910225,-0.009216,0.601603,0.0061,-1.4752,0.543084,1.1136,1.7603,1.9285,0.024,0.852917,0.004848,0.003341,0.001963,0.003147,0.002706,0.001375,0.001237,0.001106,0.001152,0.000918,0.005684,0.003917,0.002302,0.00369,0.001612,0.001297,0.001076,6.3e-05,0.9306,60.5,23.95,0.0083,0.000507,60.0
TRAN_F0509_tran_sim_16_W29,train,Transient,7,0.604788,0.957491,1.583183,0.5577,32.6,60.0,59.9982,22.58,84.4,-0.000141,0.365769,0.604788,-0.957491,0.953659,1.911149,-0.009473,0.601375,0.0054,-1.4751,0.543082,1.1136,1.7631,1.9318,0.024,0.852951,0.004843,0.00339,0.001954,0.002982,0.002594,0.001498,0.001227,0.001214,0.001175,0.001039,0.005678,0.003974,0.002291,0.003496,0.001756,0.001423,0.001218,6.2e-05,0.9231,60.5,24.02,0.0083,0.000513,60.0
TRAN_F0510_tran_sim_16_W30,train,Transient,7,0.60483,0.957134,1.582483,0.5512,32.8,60.0,60.0008,22.56,86.4,-5.4e-05,0.36582,0.60483,-0.957134,0.953777,1.910911,-0.010347,0.600387,0.0055,-1.4752,0.543159,1.1135,1.7622,1.9303,0.024,0.852998,0.004845,0.003322,0.002015,0.003023,0.002674,0.00139,0.001358,0.001305,0.001148,0.00099,0.00568,0.003894,0.002362,0.003544,0.00163,0.00153,0.001161,6.3e-05,0.9305,60.51,24.09,0.0083,0.000515,60.0
TRAN_F0511_tran_sim_16_W31,train,Transient,7,0.604736,0.958477,1.584952,0.5578,32.8,60.0,60.0,22.55,88.2,-4.5e-05,0.365705,0.604736,-0.958477,0.95407,1.912547,-0.011832,0.603206,0.0057,-1.4751,0.543064,1.1136,1.7649,1.9333,0.024,0.852857,0.004832,0.003332,0.001976,0.003022,0.002683,0.001549,0.001245,0.001228,0.001083,0.000884,0.005666,0.003907,0.002317,0.003543,0.001816,0.00144,0.001037,6.2e-05,0.9233,60.5,24.06,0.0083,0.000508,60.0
TRAN_F0512_tran_sim_17_W00,train,Transient,7,0.620153,1.141481,1.840643,1.0237,33.8,60.0,59.9969,15.33,132.2,-0.000144,0.38459,0.620153,-1.141463,1.141481,2.282944,0.005061,0.603205,0.0087,-1.3885,0.553609,1.1202,2.0619,2.2646,0.024,0.864494,0.012588,0.00673,0.005252,0.004916,0.003748,0.002975,0.002297,0.002085,0.001712,0.001694,0.014561,0.007785,0.006075,0.005687,0.003441,0.002412,0.00196,0.000294,1.9834,61.13,28.43,0.0338,0.00099,60.0
TRAN_F0513_tran_sim_17_W01,train,Transient,7,0.620115,1.138532,1.836001,1.0166,33.6,60.0,60.0002,15.35,130.4,-0.000128,0.384543,0.620115,-1.138532,1.138084,2.276615,0.004726,0.60336,0.0088,-1.3884,0.553541,1.1203,2.0568,2.2594,0.024,0.864445,0.01258,0.006709,0.005244,0.004863,0.003825,0.002926,0.002196,0.001948,0.001822,0.001509,0.014553,0.007761,0.006066,0.005626,0.003385,0.002253,0.001746,0.000292,1.9768,61.14,28.52,0.0338,0.000997,60.0
TRAN_F0514_tran_sim_17_W02,train,Transient,7,0.620146,1.140045,1.838349,1.0264,33.8,60.0,60.0042,15.37,128.4,-0.000206,0.384581,0.620146,-1.140045,1.139471,2.279517,0.004496,0.60276,0.0085,-1.3886,0.553576,1.1203,2.0594,2.2623,0.024,0.864504,0.012668,0.006778,0.005281,0.004989,0.003836,0.002811,0.00208,0.001915,0.001673,0.001523,0.014653,0.00784,0.006109,0.005771,0.003252,0.002215,0.001762,0.000295,1.9868,61.13,28.38,0.0338,0.000989,60.0
TRAN_F0515_tran_sim_17_W03,train,Transient,7,0.620138,1.140581,1.839238,1.0201,33.8,60.0,60.0014,15.35,126.4,-0.000191,0.384571,0.620138,-1.140581,1.139965,2.280546,0.004444,0.604305,0.0086,-1.3887,0.553603,1.1202,2.0603,2.2629,0.024,0.864469,0.012415,0.006654,0.005345,0.004993,0.003851,0.002927,0.002227,0.001957,0.001835,0.001571,0.014361,0.007697,0.006183,0.005776,0.003386,0.002264,0.001817,0.00029,1.9699,61.14,28.43,0.0338,0.000996,60.0
TRAN_F0516_tran_sim_17_W04,train,Transient,7,0.620108,1.142963,1.843167,1.0109,33.8,60.0,59.9994,15.34,124.6,-0.000224,0.384534,0.620108,-1.142963,1.139783,2.282746,0.004233,0.603968,0.0087,-1.3882,0.553523,1.1203,2.0649,2.2683,0.024,0.864432,0.012557,0.006726,0.00517,0.004783,0.0039,0.00287,0.002098,0.001934,0.001894,0.001457,0.014526,0.007781,0.005981,0.005533,0.00332,0.002237,0.001685,0.00029,1.97,61.13,28.46,0.0338,0.000995,60.0
TRAN_F0517_tran_sim_17_W05,train,Transient,7,0.620173,1.140234,1.838574,1.0208,33.8,60.0,59.9974,15.33,122.6,-0.000171,0.384615,0.620173,-1.139067,1.140234,2.279301,0.003812,0.603562,0.0086,-1.3883,0.553623,1.1202,2.0596,2.2621,0.024,0.864526,0.012514,0.006726,0.005197,0.004935,0.004062,0.00288,0.002199,0.001928,0.00173,0.001485,0.014475,0.00778,0.006011,0.005708,0.003331,0.00223,0.001718,0.000292,1.9766,61.13,28.35,0.0338,0.000986,60.0
TRAN_F0518_tran_sim_17_W06,train,Transient,7,0.620201,1.140301,1.838598,1.0127,33.8,60.0,59.9992,15.34,120.6,-0.000153,0.38465,0.620201,-1.140134,1.140301,2.280435,0.004468,0.604505,0.0088,-1.3887,0.553675,1.1202,2.0595,2.262,0.024,0.864569,0.01256,0.006593,0.005311,0.004953,0.003836,0.00294,0.002124,0.001907,0.001728,0.001614,0.014527,0.007626,0.006143,0.005729,0.003401,0.002206,0.001867,0.000291,1.9731,61.13,28.36,0.0338,0.000993,60.0
TRAN_F0519_tran_sim_17_W07,train,Transient,7,0.620129,1.139226,1.83708,1.0183,33.8,60.0,60.0022,15.35,118.8,-8.8e-05,0.38456,0.620129,-1.13917,1.139226,2.278397,0.005684,0.603627,0.0088,-1.3884,0.553586,1.1202,2.0579,2.2601,0.024,0.864458,0.012625,0.006724,0.005228,0.004879,0.003904,0.00291,0.002155,0.001937,0.001778,0.00152,0.014605,0.007778,0.006048,0.005644,0.003366,0.002241,0.001758,0.000293,1.9801,61.14,28.59,0.0338,0.000996,60.0
TRAN_F0520_tran_sim_17_W08,train,Transient,7,0.620101,1.140254,1.838819,1.0293,33.8,60.0,60.0008,15.35,116.8,-0.000222,0.384526,0.620101,-1.140254,1.138912,2.279166,0.005204,0.60243,0.0088,-1.3886,0.553556,1.1202,2.0599,2.2626,0.024,0.864437,0.012577,0.006871,0.005144,0.00483,0.003775,0.002937,0.002117,0.001927,0.001904,0.001651,0.014549,0.007949,0.005951,0.005587,0.003398,0.002229,0.00191,0.000293,1.9802,61.14,28.59,0.0338,0.000998,60.0
TRAN_F0521_tran_sim_17_W09,train,Transient,7,0.62007,1.139937,1.8384,1.016,33.8,60.0,59.9977,15.35,114.8,-0.000155,0.384487,0.62007,-1.137712,1.139937,2.277649,0.004994,0.603713,0.0086,-1.3889,0.553578,1.1201,2.0592,2.2614,0.024,0.864409,0.012483,0.006673,0.005337,0.004843,0.00369,0.003023,0.002097,0.001902,0.001773,0.001544,0.014441,0.00772,0.006174,0.005603,0.003497,0.0022,0.001786,0.000289,1.9667,61.13,28.47,0.0338,0.000989,60.0
TRAN_F0522_tran_sim_17_W10,train,Transient,7,0.620038,1.141063,1.840311,1.0172,33.8,60.0,60.0018,15.36,113.0,-0.000225,0.384447,0.620038,-1.141063,1.139314,2.280376,0.00569,0.601267,0.0086,-1.3888,0.5535,1.1202,2.0615,2.2641,0.024,0.864349,0.012554,0.006791,0.005316,0.004812,0.003827,0.002834,0.002237,0.00191,0.001759,0.001615,0.014524,0.007857,0.00615,0.005567,0.003279,0.00221,0.001868,0.000292,1.977,61.14,28.5,0.0338,0.000999,60.0
TRAN_F0523_tran_sim_17_W11,train,Transient,7,0.620139,1.141709,1.841054,1.0292,33.8,60.0,60.0024,15.36,111.0,-0.000169,0.384572,0.620139,-1.138012,1.141709,2.279721,0.005186,0.602316,0.0088,-1.3885,0.553595,1.1202,2.0624,2.2649,0.024,0.864486,0.012611,0.006858,0.005296,0.004886,0.003836,0.002876,0.002311,0.001992,0.00182,0.001576,0.014588,0.007933,0.006126,0.005652,0.003327,0.002304,0.001823,0.000296,1.9902,61.14,28.66,0.0338,0.001002,60.0
TRAN_F0524_tran_sim_17_W12,train,Transient,7,0.620092,1.141189,1.840353,1.017,33.8,60.0,59.9985,15.34,109.0,-0.000174,0.384515,0.620092,-1.139413,1.141189,2.280602,0.005472,0.602644,0.0087,-1.3886,0.553551,1.1202,2.0616,2.2643,0.024,0.864422,0.012612,0.006712,0.005313,0.004897,0.003909,0.002873,0.002262,0.001931,0.001696,0.001603,0.01459,0.007765,0.006146,0.005665,0.003324,0.002234,0.001854,0.000294,1.9836,61.13,28.37,0.0338,0.000991,60.0
TRAN_F0525_tran_sim_17_W13,train,Transient,7,0.62011,1.139907,1.838232,1.0257,33.6,60.0,60.0011,15.35,107.2,-0.000137,0.384537,0.62011,-1.139349,1.139907,2.279256,0.005751,0.603116,0.0088,-1.3885,0.553574,1.1202,2.0592,2.2614,0.024,0.864428,0.012533,0.006733,0.005233,0.004965,0.003852,0.002936,0.002204,0.001825,0.001807,0.001492,0.014499,0.007789,0.006054,0.005744,0.003396,0.002111,0.001726,0.000292,1.9768,61.14,28.7,0.0339,0.001004,60.0
TRAN_F0526_tran_sim_17_W14,train,Transient,7,0.620156,1.144581,1.845634,1.0304,33.8,60.0,60.0017,15.35,105.2,-0.000178,0.384594,0.620156,-1.13947,1.144581,2.284051,0.004708,0.602862,0.0088,-1.3881,0.553571,1.1203,2.0676,2.2712,0.024,0.864506,0.012609,0.00686,0.005259,0.004851,0.003829,0.00296,0.002228,0.00188,0.001794,0.001434,0.014585,0.007935,0.006083,0.005611,0.003424,0.002175,0.001659,0.000294,1.9834,61.13,28.48,0.0338,0.000995,60.0
TRAN_F0527_tran_sim_17_W15,train,Transient,7,0.62011,1.140726,1.839553,1.0118,33.8,60.0,60.0026,15.35,103.2,-8.5e-05,0.384537,0.62011,-1.138608,1.140726,2.279334,0.006114,0.602297,0.0087,-1.3883,0.553563,1.1202,2.0607,2.2632,0.024,0.864429,0.012566,0.006736,0.005276,0.004735,0.003816,0.00295,0.002259,0.001929,0.001852,0.001441,0.014537,0.007792,0.006103,0.005478,0.003413,0.002232,0.001667,0.000291,1.9734,61.14,28.58,0.0338,0.000996,60.0
TRAN_F0528_tran_sim_17_W16,train,Transient,7,0.620085,1.140278,1.838906,1.024,33.8,60.0,60.0,15.35,101.4,-0.000175,0.384506,0.620085,-1.140278,1.137969,2.278248,0.004002,0.603223,0.0087,-1.3886,0.553535,1.1202,2.06,2.2629,0.024,0.86442,0.012462,0.006804,0.005383,0.004885,0.003853,0.002861,0.002084,0.001925,0.001708,0.001453,0.014417,0.007871,0.006227,0.005651,0.00331,0.002227,0.001681,0.000291,1.9734,61.13,28.48,0.0338,0.000994,60.0
TRAN_F0529_tran_sim_17_W17,train,Transient,7,0.620139,1.141607,1.840887,1.0183,33.8,60.0,59.9986,15.34,99.4,-0.00023,0.384573,0.620139,-1.141607,1.139645,2.281252,0.005038,0.601723,0.0088,-1.3884,0.553605,1.1202,2.0621,2.2648,0.024,0.864459,0.012633,0.006706,0.005225,0.004944,0.003816,0.002843,0.002123,0.002079,0.001728,0.00147,0.014614,0.007757,0.006044,0.005719,0.003289,0.002405,0.0017,0.000293,1.9801,61.14,28.58,0.0339,0.000999,60.0
TRAN_F0530_tran_sim_17_W18,train,Transient,7,0.620076,1.139807,1.838174,1.0303,33.8,60.0,59.9991,15.35,97.4,-0.000153,0.384494,0.620076,-1.139807,1.139394,2.279201,0.005213,0.603089,0.0089,-1.3885,0.553559,1.1202,2.0591,2.2612,0.024,0.864405,0.012583,0.006781,0.005292,0.00502,0.003872,0.002852,0.002299,0.001927,0.001858,0.001459,0.014557,0.007845,0.006122,0.005807,0.003299,0.002229,0.001688,0.000295,1.987,61.14,28.47,0.0338,0.000997,60.0
TRAN_F0531_tran_sim_17_W19,train,Transient,7,0.620041,1.140839,1.83994,1.0349,33.8,60.0,59.9972,15.34,95.6,-0.000164,0.384451,0.620041,-1.140839,1.137556,2.278395,0.006475,0.601708,0.0085,-1.3884,0.55349,1.1202,2.0612,2.2638,0.024,0.864334,0.012541,0.006817,0.005319,0.005037,0.003873,0.002859,0.002214,0.001936,0.001721,0.001648,0.014509,0.007887,0.006154,0.005828,0.003308,0.00224,0.001907,0.000295,1.9871,61.14,28.73,0.0339,0.001006,60.0
TRAN_F0532_tran_sim_17_W20,train,Transient,7,0.620125,1.140225,1.838702,1.029,33.8,60.0,59.9999,15.34,93.6,-0.000139,0.384555,0.620125,-1.140225,1.138697,2.278922,0.003453,0.604723,0.0086,-1.3883,0.553579,1.1202,2.0597,2.2624,0.024,0.864439,0.012586,0.006816,0.005245,0.004918,0.003761,0.002913,0.002105,0.002044,0.001866,0.001473,0.01456,0.007885,0.006068,0.005689,0.00337,0.002365,0.001704,0.000293,1.9802,61.13,28.54,0.0339,0.000995,60.0
TRAN_F0533_tran_sim_17_W21,train,Transient,7,0.620106,1.140362,1.838979,1.0199,33.6,60.0,59.9968,15.35,91.6,-0.000152,0.384531,0.620106,-1.140362,1.136142,2.276504,0.006268,0.601533,0.0088,-1.3889,0.553572,1.1202,2.06,2.2626,0.024,0.864459,0.012558,0.006691,0.00529,0.004932,0.003872,0.002938,0.002129,0.001893,0.001776,0.001522,0.014527,0.00774,0.006119,0.005705,0.003399,0.00219,0.001761,0.000292,1.9767,61.13,28.46,0.0338,0.000991,60.0
TRAN_F0534_tran_sim_17_W22,train,Transient,7,0.620086,1.139741,1.838036,1.015,33.8,60.0,60.0012,15.35,89.8,-0.000112,0.384507,0.620086,-1.139741,1.139059,2.2788,0.00614,0.602327,0.0084,-1.3886,0.553572,1.1202,2.0589,2.261,0.024,0.864414,0.0125,0.006749,0.005252,0.004794,0.003886,0.002906,0.002089,0.001957,0.001852,0.001526,0.014461,0.007808,0.006076,0.005546,0.003362,0.002264,0.001765,0.00029,1.97,61.13,28.48,0.0338,0.000992,60.0
TRAN_F0535_tran_sim_17_W23,train,Transient,7,0.620122,1.142903,1.84303,1.0248,33.8,60.0,60.0004,15.35,87.8,-0.000143,0.384551,0.620122,-1.140444,1.142903,2.283347,0.003934,0.603949,0.0088,-1.3882,0.553545,1.1203,2.0647,2.268,0.024,0.864465,0.012584,0.006824,0.005279,0.004897,0.00384,0.002817,0.002292,0.00189,0.001637,0.001582,0.014557,0.007894,0.006107,0.005665,0.003259,0.002186,0.00183,0.000293,1.9801,61.13,28.43,0.0338,0.000989,60.0
TRAN_F0536_tran_sim_17_W24,train,Transient,7,0.620126,1.140883,1.83976,1.0333,33.8,60.0,59.9985,15.34,85.8,-0.000243,0.384556,0.620126,-1.137459,1.140883,2.278342,0.005858,0.601645,0.0085,-1.3883,0.55358,1.1202,2.0609,2.2633,0.024,0.864444,0.012501,0.006805,0.005293,0.004937,0.003856,0.003015,0.002228,0.002031,0.001773,0.001598,0.014461,0.007872,0.006123,0.005711,0.003488,0.002349,0.001849,0.000294,1.9835,61.14,28.68,0.0339,0.001006,60.0
TRAN_F0537_tran_sim_17_W25,train,Transient,7,0.620121,1.139499,1.837542,1.039,33.6,60.0,59.9996,15.33,84.0,-0.000238,0.38455,0.620121,-1.139499,1.138211,2.277711,0.005689,0.601305,0.009,-1.3882,0.553563,1.1202,2.0585,2.2608,0.024,0.864422,0.012533,0.006855,0.005209,0.004987,0.003878,0.002965,0.002221,0.002076,0.00158,0.001523,0.014499,0.00793,0.006026,0.005769,0.00343,0.002402,0.001762,0.000294,1.9836,61.14,28.67,0.0339,0.001003,60.0
TRAN_F0538_tran_sim_17_W26,train,Transient,7,0.620122,1.141552,1.840852,1.0124,33.8,60.0,59.9982,15.34,82.0,-0.000201,0.384551,0.620122,-1.141552,1.138373,2.279925,0.006493,0.602552,0.0084,-1.3886,0.553599,1.1202,2.0621,2.2643,0.024,0.864429,0.01251,0.006669,0.005218,0.004877,0.003837,0.002886,0.002112,0.001993,0.001747,0.001562,0.014472,0.007715,0.006036,0.005642,0.003339,0.002306,0.001807,0.000289,1.9666,61.13,28.41,0.0339,0.000992,60.0
TRAN_F0539_tran_sim_17_W27,train,Transient,7,0.620097,1.13975,1.838018,1.0109,33.6,60.0,60.0017,15.35,80.0,-0.000155,0.384521,0.620097,-1.13975,1.138478,2.278228,0.003976,0.603797,0.0087,-1.3888,0.553558,1.1202,2.059,2.2617,0.024,0.864435,0.012567,0.006715,0.00526,0.00481,0.003831,0.002853,0.002245,0.002065,0.001661,0.001591,0.014538,0.007768,0.006085,0.005564,0.0033,0.002389,0.001841,0.000291,1.9734,61.13,28.49,0.0338,0.000995,60.0
TRAN_F0540_tran_sim_17_W28,train,Transient,7,0.62012,1.143033,1.843244,1.0184,33.6,60.0,60.0011,15.35,79.6,-0.000201,0.384549,0.62012,-1.139566,1.143033,2.282599,0.005043,0.603319,0.0088,-1.3886,0.553601,1.1202,2.0647,2.2676,0.024,0.864451,0.012511,0.006673,0.005318,0.004852,0.003914,0.003069,0.00207,0.00193,0.001645,0.001617,0.014473,0.007719,0.006152,0.005613,0.00355,0.002233,0.001871,0.000291,1.9734,61.13,28.44,0.0338,0.000991,60.0
TRAN_F0541_tran_sim_17_W29,train,Transient,7,0.620189,1.140643,1.839185,0.9959,33.8,60.0,59.9979,15.35,81.4,-0.000192,0.384635,0.620189,-1.138111,1.140643,2.278754,0.003017,0.604765,0.0089,-1.3888,0.553643,1.1202,2.0602,2.263,0.024,0.86455,0.012461,0.006515,0.005266,0.004836,0.003784,0.002881,0.002173,0.001939,0.001777,0.001488,0.014413,0.007536,0.006091,0.005594,0.003332,0.002243,0.001721,0.000285,1.9527,61.13,28.34,0.0338,0.000987,60.0
TRAN_F0542_tran_sim_17_W30,train,Transient,7,0.620126,1.138999,1.836722,1.0274,33.8,60.0,60.001,15.34,83.4,-0.000174,0.384556,0.620126,-1.138999,1.138795,2.277794,0.005074,0.602622,0.0085,-1.3886,0.553568,1.1202,2.0576,2.26,0.024,0.86445,0.012533,0.006779,0.005278,0.004902,0.003785,0.002981,0.0022,0.002071,0.001699,0.001592,0.014498,0.007842,0.006106,0.005671,0.003448,0.002396,0.001842,0.000293,1.9801,61.14,28.73,0.0339,0.001001,60.0
TRAN_F0543_tran_sim_17_W31,train,Transient,7,0.620112,1.14207,1.841717,1.0272,33.8,60.0,60.0005,15.35,85.4,-0.000148,0.384538,0.620112,-1.14207,1.141903,2.283973,0.005372,0.602831,0.0087,-1.3882,0.553567,1.1202,2.0631,2.2657,0.024,0.86444,0.012637,0.006741,0.005201,0.004958,0.003726,0.002971,0.002163,0.001994,0.001715,0.001504,0.014619,0.007798,0.006017,0.005736,0.003437,0.002307,0.00174,0.000293,1.9802,61.13,28.6,0.0338,0.000999,60.0
TRAN_F0544_tran_sim_18_W00,train,Transient,7,0.623915,1.046088,1.676651,0.7796,34.0,60.0,59.9981,18.26,15.0,-2.1e-05,0.38927,0.623915,-1.045992,1.046088,2.09208,-0.012136,0.616736,0.0087,-1.4508,0.55965,1.1148,1.8692,2.0478,0.024,0.875858,0.007201,0.003265,0.004892,0.005086,0.003824,0.003177,0.002321,0.002248,0.002082,0.001787,0.008222,0.003728,0.005585,0.005807,0.003627,0.002567,0.00204,0.000155,1.4215,61.38,37.0,0.0202,0.001421,60.0
TRAN_F0545_tran_sim_18_W01,train,Transient,7,0.624014,1.046988,1.677826,0.7762,34.0,60.0,60.0024,18.3,15.0,0.000107,0.389394,0.624014,-1.045316,1.046988,2.092303,-0.009485,0.615201,0.0084,-1.4507,0.559766,1.1148,1.8704,2.0487,0.024,0.876009,0.007068,0.003178,0.004913,0.005179,0.003752,0.003051,0.002451,0.002158,0.002286,0.001768,0.008068,0.003628,0.005608,0.005912,0.003483,0.002463,0.002018,0.000153,1.412,61.36,36.5,0.0202,0.001401,60.0
TRAN_F0546_tran_sim_18_W02,train,Transient,7,0.623987,1.047538,1.678782,0.7889,34.0,60.0,59.9994,18.27,15.0,6.9e-05,0.38936,0.623987,-1.047538,1.044088,2.091626,-0.009387,0.614998,0.0088,-1.4508,0.559688,1.1149,1.8716,2.0506,0.024,0.875966,0.007281,0.003279,0.005043,0.005266,0.003692,0.003045,0.002395,0.002211,0.002199,0.00174,0.008312,0.003743,0.005757,0.006012,0.003476,0.002524,0.001986,0.000158,1.435,61.37,36.68,0.0202,0.001413,60.0
TRAN_F0547_tran_sim_18_W03,train,Transient,7,0.624025,1.046209,1.676549,0.7842,34.0,60.0,60.0005,18.28,15.0,6.9e-05,0.389407,0.624025,-1.046209,1.044372,2.090581,-0.009814,0.614849,0.0083,-1.4509,0.559776,1.1148,1.869,2.0473,0.024,0.876014,0.007072,0.003308,0.004854,0.005195,0.003842,0.003043,0.002312,0.002214,0.002167,0.001765,0.008073,0.003776,0.005541,0.00593,0.003474,0.002527,0.002015,0.000154,1.4166,61.37,36.67,0.0202,0.001405,60.0
TRAN_F0548_tran_sim_18_W04,train,Transient,7,0.624033,1.046668,1.677265,0.7806,34.0,60.0,59.9973,18.27,15.0,5.3e-05,0.389417,0.624032,-1.046668,1.042227,2.088894,-0.009005,0.613316,0.0086,-1.4509,0.559802,1.1147,1.8697,2.0482,0.024,0.876037,0.007189,0.003261,0.005103,0.005081,0.003766,0.003211,0.00244,0.002401,0.002088,0.00182,0.008206,0.003722,0.005825,0.0058,0.003665,0.002741,0.002078,0.000158,1.4348,61.37,36.74,0.0202,0.001411,60.0
TRAN_F0549_tran_sim_18_W05,train,Transient,7,0.624031,1.047783,1.679057,0.7764,34.0,60.0,59.9998,18.28,15.0,0.000144,0.389414,0.624031,-1.047783,1.045457,2.09324,-0.009059,0.614316,0.0085,-1.4507,0.55977,1.1148,1.8718,2.0505,0.024,0.876028,0.007161,0.003254,0.004911,0.005125,0.00378,0.003065,0.002327,0.002229,0.002085,0.001816,0.008174,0.003714,0.005606,0.00585,0.003499,0.002544,0.002073,0.000154,1.4166,61.36,36.57,0.0202,0.001408,60.0
TRAN_F0550_tran_sim_18_W06,train,Transient,7,0.623983,1.045631,1.675736,0.7982,34.0,60.0,60.0019,18.3,15.0,8.4e-05,0.389355,0.623983,-1.045631,1.045337,2.090968,-0.009997,0.615661,0.0085,-1.4512,0.559742,1.1148,1.8681,2.0465,0.024,0.875969,0.007164,0.00335,0.004934,0.005268,0.00372,0.003148,0.002537,0.002405,0.002034,0.00185,0.008178,0.003824,0.005633,0.006014,0.003594,0.002746,0.002112,0.000158,1.435,61.37,36.67,0.0202,0.001413,60.0
TRAN_F0551_tran_sim_18_W07,train,Transient,7,0.62396,1.046541,1.677258,0.7916,34.0,60.0,59.9981,18.27,15.0,0.000213,0.389325,0.62396,-1.046218,1.046541,2.092759,-0.010956,0.616128,0.0087,-1.451,0.55971,1.1148,1.8698,2.0483,0.024,0.875929,0.007248,0.003353,0.004902,0.005221,0.003717,0.003095,0.002503,0.002361,0.002235,0.001838,0.008275,0.003828,0.005596,0.005961,0.003533,0.002695,0.002098,0.000159,1.4396,61.37,36.69,0.0202,0.001414,60.0
TRAN_F0552_tran_sim_18_W08,train,Transient,7,0.624007,1.048084,1.679604,0.7818,34.0,60.0,60.0008,18.28,15.0,0.000107,0.389384,0.624007,-1.048084,1.045452,2.093536,-0.008759,0.613647,0.0084,-1.4506,0.559735,1.1148,1.8725,2.0514,0.024,0.875982,0.007167,0.003301,0.004831,0.005122,0.003739,0.003125,0.002447,0.002255,0.002123,0.001649,0.008182,0.003768,0.005515,0.005847,0.003567,0.002574,0.001882,0.000154,1.4167,61.37,36.59,0.0203,0.001413,60.0
TRAN_F0553_tran_sim_18_W09,train,Transient,7,0.624001,1.04698,1.67785,0.774,34.0,60.0,60.0016,18.29,15.0,0.000174,0.389377,0.624001,-1.04698,1.041569,2.088549,-0.009573,0.615587,0.0085,-1.4509,0.559732,1.1148,1.8705,2.0491,0.024,0.875993,0.007164,0.00326,0.004848,0.005055,0.003863,0.003129,0.002406,0.002146,0.002133,0.001777,0.008178,0.003721,0.005534,0.005771,0.003572,0.00245,0.002029,0.000154,1.4166,61.36,36.56,0.0202,0.001415,60.0
TRAN_F0554_tran_sim_18_W10,train,Transient,7,0.624003,1.045643,1.675702,0.7759,34.0,60.0,60.0007,18.3,15.0,0.000137,0.38938,0.624003,-1.045643,1.045454,2.091097,-0.009725,0.615124,0.0086,-1.4509,0.559754,1.1148,1.868,2.0463,0.024,0.876017,0.007181,0.003245,0.004874,0.00508,0.003725,0.00314,0.00251,0.002324,0.002165,0.00182,0.008197,0.003704,0.005564,0.005799,0.003584,0.002653,0.002078,0.000155,1.4212,61.36,36.49,0.0201,0.001405,60.0
TRAN_F0555_tran_sim_18_W11,train,Transient,7,0.624101,1.047556,1.678504,0.7736,34.0,60.0,60.0,18.28,15.0,9.1e-05,0.389502,0.624101,-1.047556,1.044759,2.092315,-0.010032,0.615104,0.0086,-1.4508,0.559822,1.1148,1.8712,2.0501,0.024,0.876126,0.007181,0.003233,0.005043,0.005102,0.003842,0.003075,0.002429,0.00231,0.002215,0.001747,0.008196,0.00369,0.005756,0.005823,0.00351,0.002637,0.001994,0.000157,1.4302,61.35,36.32,0.0202,0.001389,60.0
TRAN_F0556_tran_sim_18_W12,train,Transient,7,0.623978,1.048244,1.679937,0.7768,34.0,60.0,59.9959,18.25,15.0,0.0001,0.389349,0.623978,-1.048244,1.044701,2.092944,-0.009353,0.614299,0.0087,-1.4504,0.559695,1.1149,1.8729,2.0517,0.024,0.875943,0.00724,0.003142,0.004986,0.005164,0.003803,0.003124,0.002322,0.002374,0.002265,0.001731,0.008265,0.003587,0.005692,0.005895,0.003566,0.00271,0.001976,0.000157,1.4305,61.37,36.8,0.0203,0.001418,60.0
TRAN_F0557_tran_sim_18_W13,train,Transient,7,0.623941,1.046086,1.676578,0.7808,34.0,60.0,59.9998,18.28,15.0,7.7e-05,0.389302,0.623941,-1.046086,1.04314,2.089226,-0.009997,0.614892,0.0088,-1.451,0.559658,1.1149,1.8692,2.0481,0.024,0.875903,0.007292,0.00333,0.004907,0.005141,0.003768,0.003043,0.002529,0.002241,0.002037,0.001877,0.008325,0.003802,0.005602,0.005869,0.003474,0.002559,0.002143,0.000157,1.4305,61.36,36.57,0.0202,0.001404,60.0
TRAN_F0558_tran_sim_18_W14,train,Transient,7,0.624003,1.044929,1.674558,0.7721,34.0,60.0,59.9983,18.28,15.0,3.2e-05,0.389379,0.624003,-1.044929,1.04482,2.089749,-0.009028,0.615013,0.0085,-1.4507,0.559677,1.1149,1.867,2.0459,0.024,0.875994,0.00714,0.003153,0.004807,0.005192,0.003733,0.002975,0.002458,0.002458,0.002164,0.001749,0.008151,0.003599,0.005487,0.005927,0.003396,0.002806,0.001997,0.000154,1.4166,61.37,36.65,0.0202,0.001406,60.0
TRAN_F0559_tran_sim_18_W15,train,Transient,7,0.624049,1.04815,1.679596,0.7713,34.0,60.0,59.9982,18.27,15.0,8.2e-05,0.389437,0.624049,-1.04815,1.046077,2.094226,-0.010129,0.614984,0.0087,-1.4506,0.559787,1.1148,1.8724,2.0512,0.024,0.876045,0.007212,0.00322,0.005039,0.005049,0.003686,0.00313,0.002475,0.002326,0.002198,0.001803,0.008232,0.003676,0.005752,0.005763,0.003573,0.002655,0.002058,0.000156,1.4257,61.37,36.69,0.0202,0.001411,60.0
TRAN_F0560_tran_sim_18_W16,train,Transient,7,0.624045,1.043458,1.672086,0.7708,34.0,60.0,59.9984,18.28,15.0,7.7e-05,0.389432,0.624045,-1.04323,1.043458,2.086687,-0.009086,0.613195,0.0088,-1.4509,0.559778,1.1148,1.8641,2.0421,0.024,0.876051,0.007311,0.003205,0.004956,0.005018,0.003753,0.003185,0.002486,0.002196,0.002204,0.00193,0.008345,0.003658,0.005657,0.005728,0.003636,0.002507,0.002203,0.000157,1.4303,61.37,36.8,0.0202,0.001412,60.0
TRAN_F0561_tran_sim_18_W17,train,Transient,7,0.624062,1.048775,1.680562,0.77,34.0,60.0,60.0012,18.29,15.0,6.9e-05,0.389454,0.624062,-1.048775,1.045146,2.093922,-0.010457,0.615667,0.0086,-1.4506,0.559798,1.1148,1.8735,2.0523,0.024,0.876082,0.007198,0.00322,0.004936,0.005033,0.003738,0.003132,0.002486,0.002374,0.002266,0.001795,0.008216,0.003675,0.005634,0.005745,0.003575,0.00271,0.002049,0.000156,1.4257,61.37,36.71,0.0202,0.001416,60.0
TRAN_F0562_tran_sim_18_W18,train,Transient,7,0.624105,1.047377,1.678207,0.7823,34.0,60.0,60.004,18.3,15.0,0.000105,0.389507,0.624105,-1.045694,1.047377,2.093071,-0.008285,0.614887,0.0087,-1.4507,0.559809,1.1149,1.871,2.0497,0.024,0.876144,0.007178,0.003223,0.004926,0.005227,0.003837,0.003045,0.002377,0.0023,0.002249,0.001686,0.008193,0.003679,0.005622,0.005966,0.003475,0.002625,0.001924,0.000156,1.4256,61.36,36.61,0.0202,0.001405,60.0
TRAN_F0563_tran_sim_18_W19,train,Transient,7,0.623872,1.045376,1.675627,0.7773,34.0,60.0,60.003,18.29,15.0,0.000133,0.389216,0.623872,-1.043516,1.045376,2.088892,-0.009914,0.61505,0.0088,-1.4507,0.559598,1.1149,1.8681,2.0467,0.024,0.875803,0.007271,0.003258,0.004914,0.005132,0.003744,0.003064,0.002319,0.002209,0.002209,0.001869,0.008302,0.00372,0.005611,0.00586,0.003499,0.002522,0.002134,0.000156,1.4261,61.37,36.78,0.0202,0.001418,60.0
TRAN_F0564_tran_sim_18_W20,train,Transient,7,0.624059,1.048851,1.680692,0.7855,34.0,60.0,59.9982,18.27,15.0,7e-06,0.38945,0.624059,-1.048851,1.044691,2.093542,-0.009373,0.614179,0.0081,-1.451,0.55982,1.1148,1.8736,2.0526,0.024,0.876067,0.007042,0.003397,0.004762,0.005095,0.003776,0.003139,0.002374,0.002252,0.002266,0.001841,0.008038,0.003878,0.005436,0.005816,0.003583,0.002571,0.002101,0.000153,1.4119,61.36,36.57,0.0202,0.001392,60.0
TRAN_F0565_tran_sim_18_W21,train,Transient,7,0.624056,1.046749,1.677332,0.8002,34.0,60.0,59.9993,18.26,15.0,0.000128,0.389446,0.624056,-1.046749,1.045434,2.092183,-0.010258,0.6146,0.0086,-1.4506,0.559757,1.1149,1.87,2.0487,0.024,0.876039,0.007174,0.003385,0.004926,0.005312,0.00372,0.003077,0.002279,0.00232,0.002236,0.001821,0.008189,0.003864,0.005623,0.006064,0.003512,0.002648,0.002079,0.000158,1.4348,61.38,36.81,0.0203,0.001425,60.0
TRAN_F0566_tran_sim_18_W22,train,Transient,7,0.623989,1.045999,1.67631,0.7777,34.0,60.0,59.9982,18.27,15.0,0.000125,0.389362,0.623989,-1.045999,1.045037,2.091035,-0.010119,0.614838,0.0085,-1.4507,0.559704,1.1149,1.8688,2.0474,0.024,0.875959,0.007155,0.003201,0.004837,0.005118,0.00379,0.003158,0.002476,0.002369,0.002093,0.001673,0.008168,0.003654,0.005522,0.005843,0.003605,0.002704,0.00191,0.000154,1.4167,61.37,36.73,0.0203,0.001421,60.0
TRAN_F0567_tran_sim_18_W23,train,Transient,7,0.624016,1.046732,1.677413,0.7837,34.0,60.0,59.9991,18.28,15.0,0.000111,0.389396,0.624016,-1.046285,1.046732,2.093017,-0.009712,0.615416,0.0085,-1.4506,0.559738,1.1148,1.87,2.0488,0.024,0.876003,0.007141,0.003218,0.004803,0.005205,0.00381,0.003113,0.002479,0.002355,0.002189,0.00181,0.008152,0.003674,0.005483,0.005942,0.003554,0.002688,0.002066,0.000155,1.4212,61.37,36.76,0.0202,0.001416,60.0
TRAN_F0568_tran_sim_18_W24,train,Transient,7,0.624055,1.047409,1.678393,0.7781,34.0,60.0,59.9972,18.28,15.0,0.000106,0.389444,0.624055,-1.047409,1.047325,2.094734,-0.008406,0.613612,0.0083,-1.4509,0.559792,1.1148,1.8711,2.0497,0.024,0.876067,0.007059,0.003268,0.004971,0.005112,0.003736,0.003107,0.002402,0.002268,0.002154,0.001721,0.008058,0.00373,0.005674,0.005835,0.003547,0.002589,0.001964,0.000153,1.4119,61.36,36.5,0.0202,0.001407,60.0
TRAN_F0569_tran_sim_18_W25,train,Transient,7,0.624074,1.046269,1.676516,0.7749,34.0,60.0,59.998,18.27,15.0,0.000132,0.389468,0.624074,-1.046269,1.045617,2.091886,-0.010983,0.613881,0.0087,-1.4505,0.559806,1.1148,1.869,2.0473,0.024,0.876081,0.007205,0.003165,0.004743,0.005136,0.003682,0.003113,0.002407,0.0024,0.002204,0.001706,0.008224,0.003613,0.005414,0.005862,0.003553,0.002739,0.001947,0.000153,1.4119,61.38,37.0,0.0202,0.001422,60.0
TRAN_F0570_tran_sim_18_W26,train,Transient,7,0.624052,1.048755,1.680556,0.7734,34.0,60.0,60.0011,18.29,15.0,4.8e-05,0.389441,0.624052,-1.048755,1.045177,2.093932,-0.008672,0.614067,0.0085,-1.4508,0.559747,1.1149,1.8736,2.0531,0.024,0.876065,0.007134,0.00321,0.004999,0.005134,0.003777,0.00304,0.002371,0.002314,0.002264,0.001791,0.008143,0.003664,0.005706,0.00586,0.00347,0.002641,0.002044,0.000155,1.4211,61.37,36.83,0.0202,0.001409,60.0
TRAN_F0571_tran_sim_18_W27,train,Transient,7,0.624024,1.04794,1.679326,0.7732,34.0,60.0,59.9989,18.27,15.0,0.000124,0.389406,0.624024,-1.045162,1.04794,2.093102,-0.010567,0.616719,0.0086,-1.4506,0.559746,1.1148,1.8722,2.0511,0.024,0.876009,0.007241,0.003254,0.004806,0.005039,0.003688,0.003147,0.002495,0.002269,0.002158,0.001852,0.008266,0.003715,0.005486,0.005752,0.003592,0.00259,0.002114,0.000154,1.4166,61.36,36.55,0.0202,0.001404,60.0
TRAN_F0572_tran_sim_18_W28,train,Transient,7,0.624016,1.047907,1.679295,0.7708,34.0,60.0,60.0023,18.28,15.0,0.000138,0.389396,0.624016,-1.047907,1.045033,2.092939,-0.008642,0.614135,0.0081,-1.4506,0.559738,1.1148,1.8721,2.0509,0.024,0.87601,0.006991,0.003153,0.004896,0.005153,0.003785,0.003017,0.002564,0.002136,0.002076,0.001825,0.007981,0.003599,0.005589,0.005882,0.003444,0.002438,0.002083,0.000152,1.4074,61.36,36.6,0.0202,0.001401,60.0
TRAN_F0573_tran_sim_18_W29,train,Transient,7,0.624033,1.045899,1.676031,0.7803,34.0,60.0,59.9992,18.29,15.0,0.00012,0.389418,0.624033,-1.045899,1.044526,2.090425,-0.007142,0.613145,0.0083,-1.4509,0.559797,1.1147,1.8684,2.0467,0.024,0.876041,0.007038,0.003333,0.004836,0.005089,0.003781,0.003116,0.002411,0.002309,0.002045,0.001682,0.008034,0.003805,0.00552,0.005809,0.003557,0.002636,0.00192,0.000152,1.4073,61.36,36.64,0.0202,0.00141,60.0
TRAN_F0574_tran_sim_18_W30,train,Transient,7,0.624005,1.04717,1.678145,0.772,34.0,60.0,59.9987,18.29,15.0,4.3e-05,0.389382,0.624005,-1.04717,1.045964,2.093134,-0.00978,0.613416,0.0084,-1.4506,0.559733,1.1148,1.8708,2.0494,0.024,0.876002,0.007164,0.003208,0.004889,0.005106,0.003708,0.003062,0.002376,0.002246,0.0021,0.001736,0.008178,0.003662,0.005581,0.005829,0.003495,0.002564,0.001982,0.000153,1.412,61.37,36.64,0.0202,0.001404,60.0
TRAN_F0575_tran_sim_18_W31,train,Transient,7,0.624036,1.045669,1.675656,0.7781,34.0,60.0,59.9983,18.28,15.0,9e-05,0.389421,0.624036,-1.045669,1.045378,2.091047,-0.008337,0.614864,0.0085,-1.4511,0.559808,1.1147,1.8679,2.0464,0.024,0.876037,0.007154,0.003397,0.005058,0.004986,0.003707,0.003171,0.002474,0.002225,0.002089,0.001688,0.008166,0.003878,0.005774,0.005692,0.00362,0.00254,0.001927,0.000155,1.4212,61.37,36.72,0.0202,0.001415,60.0
TRAN_F0576_tran_sim_19_W00,train,Transient,7,0.609439,1.094959,1.796668,0.8858,36.6,60.0,59.9982,16.14,129.2,-9.3e-05,0.371416,0.609439,-1.077089,1.094959,2.172048,0.007402,0.59199,-0.0019,-1.4108,0.545242,1.1177,2.0082,2.2029,0.024,0.851612,0.006365,0.005028,0.005244,0.005147,0.003634,0.002262,0.001625,0.001651,0.001676,0.001573,0.007474,0.005904,0.006158,0.006044,0.002656,0.001939,0.001847,0.000149,1.4333,60.92,24.21,0.0287,0.000704,60.0
TRAN_F0577_tran_sim_19_W01,train,Transient,7,0.609556,1.09451,1.795584,0.8913,36.8,60.0,59.9991,16.15,127.2,-0.000101,0.371559,0.609556,-1.073943,1.09451,2.168453,0.005448,0.594849,-0.0018,-1.4106,0.545355,1.1177,2.007,2.2016,0.024,0.851783,0.006369,0.005075,0.005159,0.005188,0.003733,0.002229,0.001678,0.001661,0.001791,0.001563,0.007477,0.005958,0.006057,0.006091,0.002617,0.00195,0.001835,0.00015,1.4379,60.92,24.26,0.0287,0.000711,60.0
TRAN_F0578_tran_sim_19_W02,train,Transient,7,0.609505,1.092713,1.792789,0.8924,36.6,60.0,60.0,16.15,125.4,-0.000103,0.371496,0.609505,-1.0766,1.092713,2.169314,0.007567,0.59157,-0.0018,-1.4108,0.545305,1.1177,2.0039,2.1983,0.024,0.851706,0.006467,0.005056,0.005169,0.005209,0.003812,0.002251,0.00161,0.001631,0.00174,0.001509,0.007593,0.005936,0.006069,0.006116,0.002643,0.001915,0.001772,0.000151,1.4428,60.92,24.16,0.0287,0.000714,60.0
TRAN_F0579_tran_sim_19_W03,train,Transient,7,0.609454,1.093185,1.793711,0.8648,36.8,60.0,59.9987,16.14,123.4,-8.4e-05,0.371435,0.609454,-1.07746,1.093185,2.170645,0.007387,0.593652,-0.0016,-1.4105,0.545218,1.1178,2.005,2.1996,0.024,0.851627,0.006363,0.00495,0.005065,0.004968,0.003777,0.002246,0.001656,0.00167,0.001733,0.001545,0.007472,0.005812,0.005947,0.005834,0.002637,0.001961,0.001814,0.000146,1.4188,60.92,24.26,0.0287,0.000702,60.0
TRAN_F0580_tran_sim_19_W04,train,Transient,7,0.609513,1.092309,1.792099,0.8791,36.6,60.0,60.0007,16.15,121.4,-0.000175,0.371507,0.609513,-1.076078,1.092309,2.168386,0.006734,0.591228,-0.0019,-1.4107,0.545337,1.1177,2.003,2.197,0.024,0.851703,0.006422,0.004993,0.00513,0.005154,0.003817,0.002136,0.001613,0.001609,0.001806,0.001567,0.00754,0.005862,0.006023,0.006051,0.002508,0.001889,0.00184,0.000149,1.4332,60.92,24.1,0.0287,0.00071,60.0
TRAN_F0581_tran_sim_19_W05,train,Transient,7,0.609501,1.092059,1.791725,0.878,36.6,60.0,60.0006,16.15,119.6,-0.000116,0.371492,0.609501,-1.077012,1.092059,2.169071,0.007635,0.593402,-0.0018,-1.4105,0.545282,1.1178,2.0027,2.1969,0.024,0.851692,0.00647,0.00504,0.005251,0.005098,0.003725,0.002128,0.001534,0.001695,0.001778,0.001511,0.007597,0.005918,0.006165,0.005986,0.002499,0.00199,0.001774,0.00015,1.438,60.91,23.96,0.0287,0.000694,60.0
TRAN_F0582_tran_sim_19_W06,train,Transient,7,0.609424,1.093706,1.794657,0.8646,36.6,60.0,59.9991,16.15,117.6,-0.000116,0.371397,0.609424,-1.073661,1.093706,2.167367,0.008667,0.592631,-0.0021,-1.4108,0.545237,1.1177,2.0059,2.2001,0.024,0.851597,0.006404,0.005014,0.005182,0.004922,0.003657,0.002199,0.001712,0.001411,0.00179,0.001554,0.00752,0.005888,0.006085,0.00578,0.002582,0.001657,0.001825,0.000146,1.4189,60.91,24.1,0.0287,0.000692,60.0
TRAN_F0583_tran_sim_19_W07,train,Transient,7,0.609423,1.091839,1.791596,0.8682,36.6,60.0,59.9987,16.15,115.6,-0.000121,0.371396,0.609423,-1.075952,1.091839,2.167791,0.007583,0.590863,-0.0019,-1.4106,0.545233,1.1177,2.0025,2.1966,0.024,0.851588,0.006386,0.004995,0.005178,0.005033,0.003658,0.002094,0.001528,0.001664,0.001717,0.00168,0.007499,0.005866,0.00608,0.00591,0.002459,0.001954,0.001973,0.000147,1.4237,60.91,24.09,0.0287,0.000704,60.0
TRAN_F0584_tran_sim_19_W08,train,Transient,7,0.609529,1.09237,1.792155,0.8765,36.6,60.0,60.0008,16.15,113.8,-0.000133,0.371525,0.609529,-1.074774,1.09237,2.167144,0.006216,0.592324,-0.0021,-1.4105,0.545304,1.1178,2.0032,2.1977,0.024,0.851731,0.006448,0.004947,0.004976,0.005158,0.003708,0.002157,0.001547,0.00161,0.001739,0.001505,0.00757,0.005808,0.005842,0.006056,0.002532,0.00189,0.001767,0.000146,1.4186,60.92,24.13,0.0287,0.000698,60.0
TRAN_F0585_tran_sim_19_W09,train,Transient,7,0.609518,1.092143,1.791814,0.885,36.6,60.0,59.9994,16.15,111.8,-0.000176,0.371512,0.609518,-1.074723,1.092143,2.166866,0.00498,0.593813,-0.0016,-1.4109,0.545317,1.1177,2.0028,2.1972,0.024,0.851724,0.006374,0.00514,0.005123,0.005029,0.00364,0.002258,0.00156,0.001637,0.001699,0.001595,0.007484,0.006035,0.006015,0.005904,0.002651,0.001922,0.001873,0.000147,1.4235,60.92,24.33,0.0287,0.000715,60.0
TRAN_F0586_tran_sim_19_W10,train,Transient,7,0.609575,1.093575,1.793995,0.8747,36.6,60.0,60.003,16.18,109.8,-0.000181,0.371582,0.609575,-1.076352,1.093575,2.169926,0.007678,0.594573,-0.002,-1.411,0.545404,1.1177,2.0051,2.1992,0.024,0.851825,0.006365,0.005052,0.005237,0.005042,0.003765,0.00214,0.001671,0.001593,0.001821,0.001606,0.007472,0.005931,0.006148,0.005919,0.002512,0.00187,0.001885,0.000149,1.433,60.92,24.37,0.0286,0.000705,60.0
TRAN_F0587_tran_sim_19_W11,train,Transient,7,0.609466,1.09617,1.798575,0.8666,36.8,60.0,59.998,16.15,108.0,-0.000123,0.371449,0.609466,-1.077744,1.09617,2.173915,0.006779,0.593186,-0.0019,-1.4106,0.545241,1.1178,2.0104,2.2055,0.024,0.851665,0.0064,0.004919,0.005172,0.005009,0.003732,0.002276,0.001559,0.001552,0.001801,0.001582,0.007515,0.005776,0.006073,0.005881,0.002672,0.001822,0.001858,0.000147,1.4236,60.91,24.0,0.0286,0.000699,60.0
TRAN_F0588_tran_sim_19_W12,train,Transient,7,0.609505,1.092719,1.792799,0.8755,36.8,60.0,59.9989,16.15,106.0,-6.2e-05,0.371496,0.609505,-1.078727,1.092719,2.171446,0.007316,0.592656,-0.0018,-1.4106,0.545281,1.1178,2.004,2.1984,0.024,0.8517,0.00644,0.004972,0.005013,0.005045,0.003792,0.002329,0.001513,0.001588,0.001816,0.001669,0.007561,0.005838,0.005886,0.005923,0.002735,0.001865,0.00196,0.000147,1.4235,60.93,24.35,0.0287,0.000706,60.0
TRAN_F0589_tran_sim_19_W13,train,Transient,7,0.609463,1.096453,1.799047,0.8777,36.8,60.0,60.0021,16.16,104.0,-0.000201,0.371446,0.609463,-1.077989,1.096453,2.174443,0.007284,0.591611,-0.0016,-1.4105,0.545218,1.1178,2.011,2.2066,0.024,0.851644,0.006442,0.005001,0.005104,0.005038,0.00378,0.00234,0.00166,0.0017,0.00171,0.001621,0.007564,0.005872,0.005993,0.005916,0.002748,0.001996,0.001903,0.000149,1.4333,60.92,24.11,0.0287,0.000709,60.0
TRAN_F0590_tran_sim_19_W14,train,Transient,7,0.609481,1.096984,1.799866,0.8617,36.8,60.0,60.0006,16.16,102.2,-9e-06,0.371467,0.609481,-1.075056,1.096984,2.17204,0.005749,0.592407,-0.0015,-1.4105,0.545266,1.1178,2.0118,2.207,0.024,0.851678,0.00641,0.004946,0.005086,0.004957,0.003726,0.002196,0.001624,0.001421,0.001725,0.001572,0.007526,0.005807,0.005972,0.00582,0.002578,0.001668,0.001846,0.000145,1.4139,60.92,24.19,0.0287,0.000705,60.0
TRAN_F0591_tran_sim_19_W15,train,Transient,7,0.609492,1.093292,1.793776,0.8682,36.8,60.0,59.9971,16.15,100.2,-5.3e-05,0.37148,0.609492,-1.072426,1.093292,2.165718,0.00777,0.590831,-0.0017,-1.4112,0.545318,1.1177,2.0049,2.1991,0.024,0.851698,0.006412,0.005081,0.005272,0.004917,0.003724,0.002166,0.001573,0.001702,0.001681,0.001661,0.007528,0.005966,0.00619,0.005773,0.002543,0.001998,0.00195,0.000148,1.4284,60.92,24.1,0.0287,0.000699,60.0
TRAN_F0592_tran_sim_19_W16,train,Transient,7,0.609518,1.093097,1.793377,0.8755,36.8,60.0,60.0038,16.17,98.2,-0.000158,0.371513,0.609518,-1.07499,1.093097,2.168087,0.007603,0.592438,-0.002,-1.411,0.545318,1.1177,2.0045,2.1988,0.024,0.851729,0.006419,0.005035,0.005093,0.005009,0.003642,0.002271,0.001669,0.001526,0.001687,0.001425,0.007536,0.005912,0.00598,0.005881,0.002666,0.001792,0.001673,0.000146,1.4186,60.91,23.89,0.0287,0.000687,60.0
TRAN_F0593_tran_sim_19_W17,train,Transient,7,0.609532,1.091721,1.79108,0.881,36.6,60.0,60.0012,16.16,96.2,-0.000128,0.371529,0.609532,-1.073663,1.091721,2.165384,0.007817,0.592224,-0.0023,-1.4109,0.545327,1.1177,2.002,2.196,0.024,0.851742,0.006552,0.004997,0.005159,0.005081,0.003629,0.002348,0.001502,0.001659,0.001751,0.001495,0.007692,0.005867,0.006057,0.005965,0.002757,0.001948,0.001755,0.000149,1.4331,60.92,24.15,0.0287,0.000704,60.0
TRAN_F0594_tran_sim_19_W18,train,Transient,7,0.609521,1.091122,1.790128,0.8697,36.8,60.0,60.0017,16.16,94.4,-9.8e-05,0.371516,0.609521,-1.075157,1.091122,2.166278,0.005741,0.592944,-0.0017,-1.4111,0.545301,1.1178,2.001,2.1955,0.024,0.851733,0.006446,0.005042,0.005226,0.004932,0.003675,0.002262,0.00158,0.001513,0.001653,0.001549,0.007568,0.00592,0.006136,0.005791,0.002656,0.001776,0.001819,0.000147,1.4235,60.91,23.99,0.0287,0.000682,60.0
TRAN_F0595_tran_sim_19_W19,train,Transient,7,0.609514,1.092477,1.792374,0.8806,36.8,60.0,59.9981,16.14,92.4,-1.2e-05,0.371507,0.609514,-1.074203,1.092477,2.16668,0.005668,0.59432,-0.0018,-1.4105,0.545277,1.1178,2.0035,2.198,0.024,0.851704,0.006578,0.00506,0.005138,0.005055,0.003798,0.002258,0.001521,0.00164,0.001776,0.00155,0.007723,0.005941,0.006033,0.005935,0.002651,0.001926,0.00182,0.000151,1.4428,60.91,24.01,0.0287,0.000707,60.0
TRAN_F0596_tran_sim_19_W20,train,Transient,7,0.609417,1.094078,1.795285,0.8915,36.6,60.0,60.0005,16.16,90.4,-0.000269,0.371389,0.609417,-1.073089,1.094078,2.167167,0.007227,0.592433,-0.0017,-1.411,0.545229,1.1177,2.0066,2.2013,0.024,0.851586,0.006428,0.005213,0.00523,0.005066,0.003804,0.002192,0.001684,0.001623,0.001658,0.0016,0.007548,0.006122,0.006141,0.005949,0.002574,0.001906,0.001879,0.000152,1.4477,60.92,24.13,0.0287,0.000706,60.0
TRAN_F0597_tran_sim_19_W21,train,Transient,7,0.609563,1.093356,1.793672,0.887,36.8,60.0,59.9994,16.16,88.6,-0.000189,0.371567,0.609563,-1.076925,1.093356,2.170281,0.006684,0.593976,-0.0018,-1.411,0.54537,1.1177,2.0048,2.1993,0.024,0.851803,0.00647,0.005075,0.005205,0.005115,0.003706,0.002272,0.001608,0.001744,0.001739,0.001583,0.007596,0.005958,0.006111,0.006005,0.002667,0.002047,0.001858,0.000151,1.4426,60.92,24.2,0.0286,0.000704,60.0
TRAN_F0598_tran_sim_19_W22,train,Transient,7,0.609442,1.095418,1.797411,0.8733,36.6,60.0,60.0018,16.15,86.6,-7.8e-05,0.37142,0.609442,-1.077767,1.095418,2.173185,0.008192,0.592714,-0.0017,-1.4109,0.545278,1.1177,2.0089,2.2032,0.024,0.851613,0.006481,0.005016,0.00517,0.005032,0.003699,0.002198,0.00155,0.001554,0.001645,0.001644,0.00761,0.00589,0.006071,0.005909,0.002581,0.001825,0.00193,0.000148,1.4285,60.92,24.18,0.0287,0.0007,60.0
TRAN_F0599_tran_sim_19_W23,train,Transient,7,0.60954,1.094548,1.795695,0.881,36.6,60.0,60.0014,16.16,84.6,-0.000151,0.371539,0.60954,-1.073729,1.094548,2.168277,0.007808,0.591209,-0.0015,-1.4107,0.545324,1.1178,2.0072,2.202,0.024,0.851765,0.006356,0.005023,0.005203,0.005093,0.00376,0.002269,0.001487,0.001614,0.001756,0.00144,0.007462,0.005897,0.006108,0.005979,0.002664,0.001895,0.001691,0.000148,1.4283,60.92,24.16,0.0287,0.000703,60.0
TRAN_F0600_tran_sim_19_W24,train,Transient,7,0.609513,1.091721,1.791138,0.8717,36.6,60.0,60.0026,16.15,82.8,-8.1e-05,0.371506,0.609513,-1.076274,1.091721,2.167995,0.006489,0.593468,-0.0021,-1.4106,0.545301,1.1178,2.0021,2.1962,0.024,0.851704,0.006438,0.005019,0.005047,0.005037,0.003726,0.002137,0.001535,0.00167,0.001816,0.001571,0.007559,0.005893,0.005926,0.005914,0.002509,0.001961,0.001845,0.000147,1.4235,60.91,23.98,0.0287,0.000692,60.0
TRAN_F0601_tran_sim_19_W25,train,Transient,7,0.60951,1.094318,1.795406,0.8731,36.8,60.0,60.003,16.16,80.8,-0.000202,0.371502,0.60951,-1.074551,1.094318,2.168869,0.00701,0.593659,-0.0018,-1.4109,0.545295,1.1178,2.0068,2.2016,0.024,0.851717,0.006417,0.004893,0.005233,0.005056,0.003794,0.002406,0.00161,0.001618,0.00171,0.001657,0.007534,0.005745,0.006144,0.005936,0.002825,0.0019,0.001945,0.000149,1.4332,60.92,24.21,0.0287,0.000715,60.0
TRAN_F0602_tran_sim_19_W26,train,Transient,7,0.609538,1.092583,1.792478,0.8818,36.6,60.0,60.0022,16.16,78.8,-3.6e-05,0.371536,0.609538,-1.075482,1.092583,2.168065,0.004638,0.5945,-0.0019,-1.4107,0.545311,1.1178,2.0036,2.1983,0.024,0.851771,0.006314,0.005107,0.005262,0.005031,0.003637,0.002243,0.001582,0.001619,0.001752,0.001551,0.007413,0.005996,0.006178,0.005907,0.002633,0.001901,0.001821,0.000148,1.4283,60.92,24.12,0.0286,0.000702,60.0
TRAN_F0603_tran_sim_19_W27,train,Transient,7,0.609535,1.091757,1.791129,0.8681,36.6,60.0,60.0002,16.15,77.2,-4.3e-05,0.371533,0.609535,-1.076293,1.091757,2.168049,0.007499,0.592251,-0.0021,-1.4107,0.545333,1.1177,2.002,2.1962,0.023,0.851744,0.006507,0.004921,0.005117,0.005076,0.003733,0.002167,0.001689,0.001581,0.001754,0.001382,0.00764,0.005778,0.006008,0.00596,0.002544,0.001856,0.001623,0.000147,1.4235,60.92,24.37,0.0287,0.000728,60.0
TRAN_F0604_tran_sim_19_W28,train,Transient,7,0.609438,1.094206,1.795433,0.8785,36.8,60.0,60.0013,16.16,79.2,-0.000183,0.371415,0.609438,-1.074845,1.094206,2.169051,0.006795,0.590852,-0.0019,-1.4109,0.54524,1.1177,2.0068,2.2015,0.024,0.851626,0.006469,0.00502,0.005183,0.005056,0.003682,0.002283,0.00166,0.001634,0.001693,0.001623,0.007596,0.005895,0.006086,0.005937,0.002681,0.001919,0.001906,0.000149,1.4333,60.91,24.13,0.0286,0.000705,60.0
TRAN_F0605_tran_sim_19_W29,train,Transient,7,0.609452,1.093278,1.793871,0.8703,36.8,60.0,59.9974,16.15,81.2,-0.000184,0.371432,0.609452,-1.075346,1.093278,2.168625,0.006441,0.592967,-0.0014,-1.4108,0.545266,1.1177,2.005,2.1995,0.024,0.851626,0.006516,0.004908,0.005051,0.005104,0.003647,0.002191,0.00151,0.00159,0.001709,0.001507,0.007651,0.005763,0.005931,0.005993,0.002573,0.001867,0.00177,0.000146,1.4188,60.91,24.03,0.0287,0.000701,60.0
TRAN_F0606_tran_sim_19_W30,train,Transient,7,0.60959,1.093948,1.794565,0.8765,36.8,60.0,60.001,16.15,83.0,-0.000102,0.3716,0.60959,-1.074063,1.093948,2.168011,0.006718,0.59319,-0.0018,-1.4111,0.545424,1.1176,2.0057,2.1999,0.024,0.851821,0.00641,0.00499,0.005164,0.005126,0.003702,0.002138,0.001654,0.001629,0.00183,0.001531,0.007525,0.005858,0.006062,0.006018,0.00251,0.001912,0.001797,0.000148,1.4282,60.92,24.27,0.0287,0.000715,60.0
TRAN_F0607_tran_sim_19_W31,train,Transient,7,0.609463,1.093637,1.794426,0.881,36.6,60.0,60.0005,16.16,85.0,-0.000104,0.371446,0.609463,-1.075813,1.093637,2.16945,0.007481,0.591929,-0.002,-1.4107,0.545296,1.1177,2.0056,2.1997,0.024,0.851655,0.006382,0.005039,0.005061,0.005134,0.00376,0.002133,0.001557,0.001532,0.001796,0.001493,0.007494,0.005917,0.005943,0.006028,0.002505,0.001799,0.001753,0.000147,1.4236,60.91,24.07,0.0287,0.000707,60.0
TRAN_F0608_tran_sim_20_W00,train,Transient,7,0.609133,0.982842,1.61351,0.4533,35.0,60.0,59.9997,21.49,128.0,0.0,0.371043,0.609133,-0.982237,0.982842,1.965079,-7.5e-05,0.606495,0.0029,-1.4675,0.546598,1.1144,1.7981,1.9713,0.024,0.858404,0.003925,0.00295,0.002008,0.002199,0.001172,0.001268,0.001003,0.000577,0.000783,0.000656,0.004572,0.003437,0.002339,0.002562,0.001477,0.000672,0.000764,3.8e-05,0.7181,60.21,12.32,0.0097,0.000168,60.0
TRAN_F0609_tran_sim_20_W01,train,Transient,7,0.609122,0.982379,1.612779,0.4705,34.8,60.0,59.9986,21.48,126.0,-7.7e-05,0.37103,0.609122,-0.982379,0.981868,1.964248,-0.000639,0.605798,0.0027,-1.4671,0.546546,1.1145,1.7974,1.9708,0.024,0.858394,0.003852,0.003192,0.001736,0.00212,0.001106,0.001278,0.000915,0.000733,0.000909,0.00058,0.004487,0.003719,0.002022,0.00247,0.001489,0.000854,0.000676,3.8e-05,0.7181,60.21,12.17,0.0097,0.00017,60.0
TRAN_F0610_tran_sim_20_W02,train,Transient,7,0.609212,0.983541,1.614446,0.4678,35.0,60.0,59.9991,21.48,124.2,-7.9e-05,0.37114,0.609212,-0.983541,0.982083,1.965623,-0.000466,0.605506,0.0029,-1.4672,0.546624,1.1145,1.7993,1.9728,0.024,0.858514,0.003936,0.003121,0.001909,0.002201,0.001118,0.001241,0.000957,0.000547,0.00077,0.000538,0.004585,0.003635,0.002224,0.002564,0.001446,0.000637,0.000627,3.9e-05,0.7274,60.21,12.21,0.0097,0.00017,60.0
TRAN_F0611_tran_sim_20_W03,train,Transient,7,0.609202,0.982188,1.612253,0.4552,35.0,60.0,59.9992,21.5,122.2,-0.00012,0.371127,0.609202,-0.982188,0.980745,1.962933,-0.001331,0.60704,0.0029,-1.4676,0.546629,1.1145,1.7968,1.9701,0.024,0.858512,0.003922,0.003042,0.001794,0.002156,0.001118,0.001171,0.001041,0.000609,0.000865,0.000643,0.004568,0.003543,0.00209,0.002511,0.001364,0.000709,0.000749,3.8e-05,0.718,60.21,12.21,0.0097,0.000171,60.0
TRAN_F0612_tran_sim_20_W04,train,Transient,7,0.609145,0.981939,1.611997,0.4613,35.0,60.0,59.9984,21.48,120.2,-8.6e-05,0.371057,0.609145,-0.980588,0.981939,1.962527,0.000507,0.606119,0.0028,-1.4672,0.546575,1.1145,1.7965,1.9702,0.024,0.858422,0.003906,0.003072,0.001864,0.002188,0.001192,0.001207,0.001098,0.000744,0.000746,0.000592,0.00455,0.003579,0.002171,0.002549,0.001406,0.000867,0.00069,3.8e-05,0.7181,60.21,12.17,0.0097,0.000171,60.0
TRAN_F0613_tran_sim_20_W05,train,Transient,7,0.60916,0.984005,1.615348,0.4667,34.8,60.0,59.9999,21.5,118.4,-5.7e-05,0.371076,0.60916,-0.983448,0.984005,1.967453,0.001388,0.606045,0.0029,-1.4671,0.546541,1.1146,1.8004,1.9743,0.024,0.85845,0.003917,0.003224,0.001774,0.002119,0.001053,0.00108,0.000943,0.000519,0.000953,0.000544,0.004563,0.003756,0.002067,0.002468,0.001258,0.000605,0.000634,3.8e-05,0.7181,60.21,12.03,0.0097,0.000167,60.0
TRAN_F0614_tran_sim_20_W06,train,Transient,7,0.609138,0.981319,1.610996,0.4491,35.0,60.0,60.0021,21.53,116.4,-3e-05,0.371049,0.609138,-0.981319,0.980961,1.96228,-0.000303,0.60653,0.0029,-1.4676,0.5466,1.1144,1.7953,1.9684,0.024,0.858425,0.004007,0.003005,0.001738,0.002137,0.001011,0.001125,0.001068,0.000636,0.000737,0.000538,0.004668,0.003501,0.002025,0.002489,0.001311,0.000741,0.000627,3.7e-05,0.7086,60.21,11.95,0.0097,0.000164,60.0
TRAN_F0615_tran_sim_20_W07,train,Transient,7,0.609179,0.98289,1.613467,0.4597,35.0,60.0,59.9993,21.5,114.4,-0.000116,0.371099,0.609179,-0.981468,0.98289,1.964358,0.000689,0.605156,0.0029,-1.4674,0.546638,1.1144,1.7981,1.9715,0.024,0.858478,0.0039,0.003043,0.001789,0.002151,0.001127,0.001299,0.001073,0.000653,0.000908,0.000579,0.004543,0.003545,0.002084,0.002506,0.001513,0.000761,0.000674,3.8e-05,0.7181,60.21,12.06,0.0097,0.000166,60.0
TRAN_F0616_tran_sim_20_W08,train,Transient,7,0.609161,0.983688,1.614826,0.4383,34.8,60.0,59.9993,21.5,112.6,-8e-05,0.371077,0.609161,-0.983688,0.98116,1.964849,0.001248,0.605178,0.0026,-1.4676,0.546625,1.1144,1.7996,1.9732,0.024,0.858454,0.003805,0.002966,0.001861,0.002023,0.001003,0.001127,0.001029,0.000613,0.000747,0.000675,0.004432,0.003455,0.002168,0.002357,0.001313,0.000714,0.000786,3.6e-05,0.6989,60.21,12.04,0.0097,0.000165,60.0
TRAN_F0617_tran_sim_20_W09,train,Transient,7,0.609194,0.983721,1.614791,0.4644,35.0,60.0,59.9989,21.49,110.6,-3.7e-05,0.371118,0.609194,-0.983721,0.980587,1.964308,-0.000629,0.605695,0.0028,-1.467,0.546568,1.1146,1.7998,1.9739,0.023,0.858499,0.004049,0.003211,0.001898,0.002068,0.001167,0.001142,0.001067,0.000664,0.000808,0.000539,0.004716,0.00374,0.002211,0.002409,0.00133,0.000773,0.000628,4e-05,0.7367,60.21,11.99,0.0097,0.000161,60.0
TRAN_F0618_tran_sim_20_W10,train,Transient,7,0.609143,0.982906,1.613588,0.453,34.8,60.0,59.9992,21.5,108.6,-6.7e-05,0.371055,0.609143,-0.982906,0.980863,1.963769,0.002544,0.60497,0.0027,-1.4673,0.546596,1.1144,1.7982,1.9715,0.024,0.85843,0.003758,0.003067,0.001889,0.002109,0.00111,0.001126,0.000975,0.000575,0.000817,0.000591,0.004378,0.003573,0.002201,0.002457,0.001312,0.00067,0.000688,3.6e-05,0.699,60.21,12.12,0.0097,0.000166,60.0
TRAN_F0619_tran_sim_20_W11,train,Transient,7,0.609182,0.983576,1.614585,0.4616,35.0,60.0,59.9965,21.48,106.8,-6.9e-05,0.371103,0.609182,-0.983576,0.980552,1.964128,-0.000658,0.606797,0.0026,-1.4673,0.546603,1.1145,1.7994,1.9729,0.024,0.858484,0.003938,0.003054,0.001883,0.002237,0.001065,0.001172,0.001052,0.000633,0.000837,0.000614,0.004587,0.003557,0.002193,0.002606,0.001365,0.000737,0.000715,3.8e-05,0.7181,60.21,12.11,0.0097,0.00017,60.0
TRAN_F0620_tran_sim_20_W12,train,Transient,7,0.60912,0.982362,1.612757,0.4582,34.8,60.0,60.0015,21.51,104.8,-0.000134,0.371027,0.60912,-0.982362,0.982036,1.964398,0.000577,0.606007,0.003,-1.4671,0.546544,1.1145,1.7974,1.9706,0.024,0.858389,0.003987,0.003159,0.001844,0.002062,0.001165,0.001116,0.000995,0.000531,0.000834,0.000569,0.004645,0.00368,0.002148,0.002402,0.0013,0.000619,0.000663,3.8e-05,0.7181,60.21,12.17,0.0097,0.000172,60.0
TRAN_F0621_tran_sim_20_W13,train,Transient,7,0.609062,0.983139,1.614185,0.454,35.0,60.0,59.9982,21.49,102.8,-2.4e-05,0.370957,0.609062,-0.983139,0.981729,1.964868,0.001819,0.606859,0.0029,-1.4675,0.546538,1.1144,1.7988,1.9723,0.024,0.858312,0.0039,0.003039,0.001921,0.002138,0.001108,0.001173,0.000956,0.000694,0.000866,0.000526,0.004544,0.003541,0.002238,0.002491,0.001367,0.000809,0.000613,3.8e-05,0.7182,60.21,12.02,0.0097,0.000164,60.0
TRAN_F0622_tran_sim_20_W14,train,Transient,7,0.60914,0.982341,1.612668,0.4611,35.0,60.0,59.9972,21.48,101.0,-2.3e-05,0.371052,0.60914,-0.981735,0.982341,1.964076,0.001396,0.605375,0.0026,-1.467,0.546555,1.1145,1.7973,1.9708,0.024,0.858419,0.003917,0.003115,0.001812,0.002137,0.001098,0.001182,0.000948,0.000537,0.000782,0.00059,0.004563,0.003629,0.002111,0.002489,0.001377,0.000626,0.000687,3.8e-05,0.7181,60.21,12.2,0.0097,0.000171,60.0
TRAN_F0623_tran_sim_20_W15,train,Transient,7,0.609167,0.982776,1.613312,0.4592,34.8,60.0,60.002,21.49,99.0,-9.3e-05,0.371085,0.609167,-0.982516,0.982776,1.965292,-0.00123,0.606866,0.003,-1.4672,0.546589,1.1145,1.798,1.9717,0.024,0.858445,0.003866,0.003045,0.001787,0.002263,0.001066,0.00107,0.000965,0.000679,0.000845,0.000617,0.004503,0.003547,0.002082,0.002636,0.001246,0.000791,0.000719,3.7e-05,0.7086,60.21,12.36,0.0097,0.000173,60.0
TRAN_F0624_tran_sim_20_W16,train,Transient,7,0.609132,0.981776,1.611761,0.461,35.0,60.0,60.0003,21.51,97.0,-0.000117,0.371042,0.609132,-0.981776,0.980815,1.96259,-0.002202,0.605491,0.0028,-1.4673,0.54656,1.1145,1.7963,1.9696,0.024,0.858414,0.003891,0.003148,0.001839,0.002115,0.001072,0.001131,0.001057,0.000672,0.0008,0.000625,0.004533,0.003667,0.002142,0.002464,0.001318,0.000783,0.000728,3.8e-05,0.7181,60.21,12.2,0.0097,0.000173,60.0
TRAN_F0625_tran_sim_20_W17,train,Transient,7,0.609154,0.983677,1.614825,0.468,35.0,60.0,60.0002,21.5,95.0,-3e-05,0.371069,0.609154,-0.983677,0.982827,1.966504,0.001491,0.60638,0.003,-1.4673,0.546585,1.1145,1.7997,1.9734,0.024,0.85844,0.003853,0.003066,0.001802,0.002259,0.000987,0.001278,0.00096,0.000706,0.000857,0.000563,0.004488,0.003572,0.002099,0.002632,0.001489,0.000822,0.000656,3.8e-05,0.7181,60.21,12.32,0.0097,0.000173,60.0
TRAN_F0626_tran_sim_20_W18,train,Transient,7,0.609284,0.983367,1.613972,0.4451,35.0,60.0,59.9988,21.49,93.2,5.1e-05,0.371227,0.609284,-0.982637,0.983367,1.966004,0.002348,0.605545,0.0028,-1.4674,0.546731,1.1144,1.7986,1.9717,0.024,0.85862,0.003827,0.003032,0.001786,0.001996,0.001139,0.001196,0.001051,0.000574,0.000905,0.000552,0.004457,0.003531,0.00208,0.002325,0.001393,0.000669,0.000643,3.6e-05,0.6988,60.21,12.2,0.0097,0.00017,60.0
TRAN_F0627_tran_sim_20_W19,train,Transient,7,0.60911,0.983185,1.614133,0.4618,34.8,60.0,60.0001,21.5,91.2,-7.9e-05,0.371015,0.60911,-0.983185,0.980272,1.963457,0.001148,0.606528,0.0028,-1.4672,0.546527,1.1145,1.799,1.9724,0.024,0.85838,0.003779,0.00315,0.001849,0.002069,0.001212,0.001229,0.000988,0.00054,0.000919,0.000529,0.004402,0.00367,0.002154,0.00241,0.001432,0.000629,0.000616,3.7e-05,0.7086,60.21,12.24,0.0097,0.000171,60.0
TRAN_F0628_tran_sim_20_W20,train,Transient,7,0.609186,0.982535,1.612865,0.4557,35.0,60.0,60.0011,21.5,89.2,-2.6e-05,0.371108,0.609186,-0.980472,0.982535,1.963007,0.001922,0.605057,0.0027,-1.4674,0.546635,1.1144,1.7974,1.9709,0.024,0.858485,0.004003,0.003073,0.001715,0.002093,0.001076,0.001217,0.000955,0.000675,0.000928,0.000576,0.004663,0.00358,0.001998,0.002438,0.001418,0.000786,0.000671,3.8e-05,0.7181,60.21,12.1,0.0097,0.000166,60.0
TRAN_F0629_tran_sim_20_W21,train,Transient,7,0.609164,0.982923,1.61356,0.4606,34.8,60.0,60.0046,21.53,87.4,-3.5e-05,0.371081,0.609164,-0.982923,0.982364,1.965287,-0.000482,0.606826,0.0024,-1.4675,0.546624,1.1144,1.7982,1.9714,0.024,0.858464,0.003823,0.00305,0.001838,0.002203,0.001205,0.001216,0.001031,0.000612,0.000977,0.000566,0.004453,0.003553,0.002141,0.002566,0.001416,0.000713,0.000659,3.8e-05,0.7181,60.21,11.93,0.0097,0.000164,60.0
TRAN_F0630_tran_sim_20_W22,train,Transient,7,0.609092,0.984014,1.615544,0.4575,34.8,60.0,59.9986,21.49,85.4,-8.2e-05,0.370993,0.609092,-0.984014,0.981456,1.96547,0.000462,0.606466,0.0027,-1.4674,0.546536,1.1145,1.8005,1.9739,0.024,0.858352,0.003893,0.003062,0.001698,0.00215,0.001067,0.001193,0.000987,0.000477,0.00082,0.000589,0.004535,0.003567,0.001978,0.002505,0.00139,0.000556,0.000686,3.7e-05,0.7087,60.21,11.98,0.0097,0.000165,60.0
TRAN_F0631_tran_sim_20_W23,train,Transient,7,0.609188,0.983157,1.61388,0.4657,35.0,60.0,60.0022,21.49,83.4,-6.3e-05,0.37111,0.609188,-0.982292,0.983157,1.965448,0.001634,0.606512,0.0026,-1.4672,0.546615,1.1145,1.7986,1.9722,0.024,0.858477,0.003854,0.003127,0.001745,0.00221,0.001163,0.001148,0.000958,0.000678,0.000775,0.000593,0.004489,0.003642,0.002033,0.002574,0.001337,0.00079,0.000691,3.8e-05,0.7181,60.21,12.18,0.0097,0.000171,60.0
TRAN_F0632_tran_sim_20_W24,train,Transient,7,0.609143,0.983953,1.615307,0.4471,35.0,60.0,59.999,21.5,81.6,-1e-05,0.371055,0.609143,-0.983953,0.98131,1.965263,0.000489,0.607208,0.0027,-1.4675,0.546585,1.1145,1.8002,1.974,0.024,0.858425,0.003855,0.002975,0.001959,0.002143,0.001,0.001135,0.000942,0.000586,0.000725,0.000534,0.004491,0.003466,0.002282,0.002496,0.001322,0.000683,0.000622,3.6e-05,0.699,60.21,12.16,0.0097,0.000166,60.0
TRAN_F0633_tran_sim_20_W25,train,Transient,7,0.609224,0.982159,1.612146,0.4645,34.8,60.0,59.9962,21.49,79.6,-1.8e-05,0.371154,0.609224,-0.982159,0.980985,1.963143,0.00193,0.605044,0.0027,-1.4673,0.546667,1.1144,1.7966,1.9697,0.024,0.85854,0.003843,0.003123,0.001739,0.002207,0.001216,0.001132,0.001047,0.000639,0.000922,0.000602,0.004476,0.003638,0.002026,0.002571,0.001319,0.000744,0.000701,3.8e-05,0.718,60.21,12.04,0.0097,0.000164,60.0
TRAN_F0634_tran_sim_20_W26,train,Transient,7,0.609074,0.983985,1.615543,0.4385,34.8,60.0,59.9987,21.48,77.6,-4.8e-05,0.370971,0.609074,-0.983985,0.98302,1.967004,0.00074,0.6054,0.0026,-1.4676,0.546563,1.1144,1.8003,1.9736,0.024,0.858319,0.003949,0.002903,0.001725,0.00211,0.001061,0.001136,0.000978,0.000589,0.000917,0.000601,0.004601,0.003382,0.00201,0.002458,0.001324,0.000686,0.0007,3.6e-05,0.699,60.21,11.89,0.0097,0.000161,60.0
TRAN_F0635_tran_sim_20_W27,train,Transient,7,0.6092,0.982602,1.612937,0.4612,34.8,60.0,60.0001,21.49,78.0,-1.2e-05,0.371125,0.6092,-0.980965,0.982602,1.963567,0.00031,0.608042,0.0027,-1.4672,0.546627,1.1145,1.7976,1.9713,0.024,0.858501,0.003948,0.003113,0.001897,0.00216,0.001023,0.001148,0.001108,0.000676,0.000743,0.000601,0.004599,0.003626,0.00221,0.002516,0.001337,0.000787,0.0007,3.9e-05,0.7274,60.21,12.19,0.0097,0.000169,60.0
TRAN_F0636_tran_sim_20_W28,train,Transient,7,0.609171,0.983347,1.614238,0.448,34.8,60.0,60.0031,21.5,80.0,-8.6e-05,0.371089,0.609171,-0.983347,0.980112,1.963458,-0.00046,0.607529,0.0028,-1.4674,0.546598,1.1145,1.799,1.9727,0.024,0.858464,0.003886,0.003034,0.00187,0.002063,0.001119,0.001152,0.001155,0.000661,0.000822,0.000527,0.004527,0.003534,0.002178,0.002403,0.001342,0.00077,0.000614,3.7e-05,0.7086,60.21,12.16,0.0097,0.00017,60.0
TRAN_F0637_tran_sim_20_W29,train,Transient,7,0.609148,0.983784,1.615016,0.4522,35.0,60.0,59.9979,21.5,82.0,-0.000133,0.371061,0.609148,-0.982643,0.983784,1.966426,0.000596,0.606554,0.003,-1.4673,0.546592,1.1144,1.7999,1.9735,0.024,0.858431,0.003821,0.003095,0.00186,0.002033,0.00114,0.001165,0.000999,0.000573,0.000809,0.000522,0.004451,0.003605,0.002167,0.002368,0.001357,0.000667,0.000608,3.7e-05,0.7086,60.21,11.93,0.0097,0.000166,60.0
TRAN_F0638_tran_sim_20_W30,train,Transient,7,0.609198,0.984231,1.615619,0.4583,34.8,60.0,60.0,21.51,83.8,-1.5e-05,0.371122,0.609198,-0.984231,0.983865,1.968096,0.000196,0.606478,0.0025,-1.467,0.546547,1.1146,1.8008,1.9751,0.024,0.858507,0.003956,0.003187,0.001825,0.002029,0.001146,0.001098,0.001004,0.000569,0.000957,0.00044,0.004608,0.003712,0.002126,0.002363,0.001279,0.000663,0.000513,3.8e-05,0.718,60.21,12.01,0.0097,0.000164,60.0
TRAN_F0639_tran_sim_20_W31,train,Transient,7,0.60924,0.982076,1.611968,0.4649,35.0,60.0,59.9976,21.49,85.8,-9.4e-05,0.371174,0.60924,-0.981693,0.982076,1.963769,0.001194,0.60599,0.0026,-1.4671,0.54664,1.1145,1.7966,1.9701,0.024,0.858556,0.003995,0.003173,0.001788,0.002093,0.001123,0.001219,0.001033,0.000517,0.000849,0.000545,0.004653,0.003696,0.002083,0.002438,0.00142,0.000602,0.000635,3.9e-05,0.7274,60.21,12.43,0.0097,0.000179,60.0
TRAN_F0640_tran_sim_21_W00,train,Transient,7,0.622704,1.149513,1.846004,0.8621,36.2,60.0,59.9995,14.66,129.8,-0.000156,0.38776,0.622704,-1.11609,1.149513,2.265603,0.009336,0.60785,-0.0064,-1.3942,0.556728,1.1185,2.0648,2.2647,0.024,0.865961,0.007047,0.004326,0.004654,0.004823,0.003912,0.003709,0.002634,0.002462,0.00202,0.001627,0.008138,0.004996,0.005374,0.00557,0.004283,0.002843,0.001879,0.000162,1.4698,61.43,30.88,0.0386,0.001148,60.0
TRAN_F0641_tran_sim_21_W01,train,Transient,7,0.622677,1.144552,1.838114,0.8165,36.2,60.0,60.0009,14.66,127.8,-0.00023,0.387727,0.622677,-1.117266,1.144552,2.261818,0.006934,0.609277,-0.0066,-1.3933,0.556646,1.1186,2.0562,2.2557,0.024,0.865905,0.007151,0.004144,0.004751,0.004541,0.00399,0.003492,0.002726,0.002285,0.002057,0.001847,0.008258,0.004786,0.005487,0.005244,0.004033,0.002639,0.002133,0.00016,1.4608,61.42,30.73,0.0386,0.001146,60.0
TRAN_F0642_tran_sim_21_W02,train,Transient,7,0.622589,1.145465,1.83984,0.8237,36.2,60.0,60.0002,14.66,126.0,-0.000132,0.387617,0.622589,-1.11543,1.145465,2.260895,0.009929,0.607566,-0.0064,-1.3933,0.556574,1.1186,2.0581,2.2577,0.024,0.865795,0.007099,0.004146,0.004722,0.004622,0.004013,0.003507,0.002654,0.002365,0.001929,0.001577,0.008199,0.004789,0.005454,0.005338,0.004051,0.002732,0.001821,0.000158,1.4518,61.42,30.69,0.0386,0.001131,60.0
TRAN_F0643_tran_sim_21_W03,train,Transient,7,0.622684,1.149752,1.846448,0.8284,36.2,60.0,59.9999,14.66,124.0,-0.000108,0.387735,0.622684,-1.117388,1.149752,2.267141,0.00695,0.608911,-0.0059,-1.3935,0.556685,1.1186,2.0654,2.2657,0.024,0.865911,0.006885,0.004207,0.004698,0.004616,0.004,0.003529,0.002847,0.002369,0.002052,0.001701,0.007951,0.004858,0.005425,0.005331,0.004075,0.002736,0.001964,0.000158,1.4516,61.43,30.84,0.0386,0.001129,60.0
TRAN_F0644_tran_sim_21_W04,train,Transient,7,0.622572,1.147987,1.843943,0.8393,36.2,60.0,60.0013,14.66,122.0,-2.8e-05,0.387596,0.622572,-1.117101,1.147987,2.265088,0.008468,0.608777,-0.0062,-1.3934,0.556577,1.1186,2.0626,2.2624,0.024,0.865759,0.006933,0.004167,0.004674,0.004693,0.003994,0.003663,0.002708,0.002386,0.002082,0.001803,0.008008,0.004813,0.005399,0.005421,0.004231,0.002756,0.002083,0.000159,1.4565,61.43,30.74,0.0386,0.001135,60.0
TRAN_F0645_tran_sim_21_W05,train,Transient,7,0.62272,1.146886,1.841738,0.8436,36.2,60.0,59.9983,14.65,120.2,-0.00018,0.38778,0.62272,-1.117082,1.146886,2.263969,0.009799,0.607532,-0.0064,-1.3936,0.556721,1.1185,2.0601,2.2598,0.024,0.865988,0.007011,0.004154,0.004795,0.004763,0.003965,0.003665,0.00276,0.002328,0.00215,0.001699,0.008096,0.004797,0.005537,0.0055,0.004232,0.002688,0.001962,0.000162,1.4698,61.43,30.9,0.0386,0.001134,60.0
TRAN_F0646_tran_sim_21_W06,train,Transient,7,0.622628,1.147935,1.843692,0.8288,36.4,60.0,60.0028,14.68,118.2,-0.000201,0.387666,0.622628,-1.116741,1.147935,2.264675,0.009165,0.608023,-0.0065,-1.3936,0.556604,1.1186,2.0624,2.2626,0.023,0.865864,0.007111,0.004169,0.00474,0.004612,0.003958,0.003584,0.00279,0.002449,0.001983,0.001653,0.008213,0.004815,0.005474,0.005326,0.004139,0.002828,0.001909,0.000161,1.4654,61.42,30.7,0.0385,0.001134,60.0
TRAN_F0647_tran_sim_21_W07,train,Transient,7,0.622697,1.147891,1.84342,0.8329,36.4,60.0,60.0018,14.68,116.2,-0.000156,0.387751,0.622697,-1.116336,1.147891,2.264228,0.007799,0.610241,-0.0066,-1.3938,0.556688,1.1186,2.062,2.2621,0.024,0.865971,0.007143,0.004183,0.004698,0.004651,0.003942,0.00359,0.002728,0.002435,0.002093,0.001618,0.008249,0.00483,0.005425,0.005371,0.004146,0.002812,0.001868,0.000161,1.4652,61.42,30.61,0.0385,0.001134,60.0
TRAN_F0648_tran_sim_21_W08,train,Transient,7,0.622736,1.146443,1.840977,0.8441,36.2,60.0,59.9974,14.65,114.4,-0.000187,0.3878,0.622736,-1.120305,1.146443,2.266748,0.008445,0.607359,-0.0067,-1.3937,0.556724,1.1186,2.0593,2.2592,0.024,0.866007,0.007154,0.004217,0.004805,0.004723,0.003911,0.003654,0.002653,0.002272,0.002126,0.001716,0.008261,0.004869,0.005548,0.005454,0.004219,0.002624,0.001982,0.000163,1.4743,61.42,30.7,0.0385,0.001146,60.0
TRAN_F0649_tran_sim_21_W09,train,Transient,7,0.622681,1.145578,1.83975,0.8325,36.4,60.0,60.0024,14.67,112.4,-0.000137,0.387732,0.622681,-1.119769,1.145578,2.265347,0.008462,0.608577,-0.0061,-1.3937,0.556661,1.1186,2.0579,2.2576,0.024,0.865915,0.00691,0.004174,0.004767,0.004729,0.00395,0.003489,0.00266,0.002438,0.002057,0.001637,0.00798,0.00482,0.005505,0.005461,0.004029,0.002816,0.00189,0.000158,1.4516,61.42,30.79,0.0386,0.001143,60.0
TRAN_F0650_tran_sim_21_W10,train,Transient,7,0.622629,1.145474,1.839739,0.8391,36.2,60.0,60.0032,14.68,110.4,-0.000105,0.387667,0.622629,-1.117521,1.145474,2.262995,0.007355,0.608669,-0.0064,-1.3938,0.556589,1.1187,2.058,2.2583,0.024,0.865864,0.007004,0.004148,0.004713,0.004725,0.004075,0.003642,0.002902,0.002335,0.002026,0.001693,0.008089,0.004791,0.005443,0.005457,0.004206,0.002697,0.001955,0.000162,1.47,61.42,30.65,0.0385,0.001121,60.0
TRAN_F0651_tran_sim_21_W11,train,Transient,7,0.622659,1.149889,1.846741,0.8302,36.2,60.0,59.9986,14.66,108.6,-7.8e-05,0.387704,0.622659,-1.119703,1.149889,2.269592,0.008716,0.608671,-0.0062,-1.3938,0.556679,1.1185,2.0656,2.2657,0.024,0.8659,0.007034,0.00418,0.004735,0.004605,0.004026,0.003607,0.002735,0.002344,0.002212,0.001748,0.008123,0.004827,0.005468,0.005318,0.004166,0.002707,0.002019,0.000161,1.4654,61.42,30.63,0.0385,0.001134,60.0
TRAN_F0652_tran_sim_21_W12,train,Transient,7,0.622609,1.14682,1.841958,0.8389,36.2,60.0,59.9968,14.65,106.6,-5.3e-05,0.387642,0.622609,-1.116739,1.14682,2.263559,0.008778,0.609083,-0.0067,-1.3938,0.556662,1.1185,2.0602,2.2594,0.024,0.865829,0.007086,0.004221,0.004788,0.004677,0.003941,0.003614,0.002837,0.002445,0.001976,0.001694,0.008184,0.004875,0.00553,0.005402,0.004174,0.002824,0.001957,0.000162,1.47,61.42,30.8,0.0385,0.001119,60.0
TRAN_F0653_tran_sim_21_W13,train,Transient,7,0.622675,1.147341,1.842601,0.8209,36.2,60.0,60.0035,14.67,104.6,-0.000148,0.387724,0.622674,-1.117409,1.147341,2.26475,0.007973,0.607548,-0.0064,-1.3936,0.556645,1.1186,2.0612,2.2614,0.024,0.865918,0.007096,0.004173,0.00455,0.004597,0.003818,0.003462,0.002669,0.002296,0.002002,0.00169,0.008195,0.004819,0.005255,0.005309,0.003998,0.002652,0.001952,0.000155,1.4378,61.42,30.72,0.0386,0.001136,60.0
TRAN_F0654_tran_sim_21_W14,train,Transient,7,0.622574,1.14619,1.841052,0.833,36.2,60.0,60.0018,14.67,102.8,-0.000214,0.387598,0.622574,-1.116427,1.14619,2.262617,0.007727,0.608558,-0.0062,-1.3935,0.556549,1.1186,2.0595,2.2594,0.024,0.865788,0.006998,0.004119,0.00492,0.004827,0.003985,0.003427,0.002729,0.002498,0.002039,0.001676,0.008083,0.004758,0.005683,0.005575,0.003958,0.002885,0.001936,0.000162,1.4701,61.41,30.54,0.0385,0.001126,60.0
TRAN_F0655_tran_sim_21_W15,train,Transient,7,0.622736,1.148602,1.844443,0.8411,36.2,60.0,59.999,14.66,100.8,-0.00014,0.387801,0.622736,-1.117701,1.148602,2.266302,0.01038,0.607463,-0.0062,-1.3936,0.556716,1.1186,2.0632,2.263,0.024,0.866014,0.007009,0.004135,0.004779,0.004804,0.00384,0.003588,0.002633,0.002347,0.001964,0.001743,0.008093,0.004775,0.005518,0.005547,0.004143,0.00271,0.002013,0.000159,1.456,61.42,30.73,0.0385,0.001139,60.0
TRAN_F0656_tran_sim_21_W16,train,Transient,7,0.622584,1.145556,1.840002,0.8118,36.2,60.0,59.9998,14.67,98.8,-0.000127,0.387611,0.622584,-1.115171,1.145556,2.260727,0.008477,0.607705,-0.0061,-1.3936,0.556555,1.1186,2.0583,2.2582,0.024,0.865815,0.006901,0.004048,0.00471,0.004674,0.003932,0.003343,0.002712,0.002403,0.002008,0.00171,0.007971,0.004675,0.00544,0.005398,0.003861,0.002775,0.001975,0.000155,1.4379,61.42,30.63,0.0385,0.001125,60.0
TRAN_F0657_tran_sim_21_W17,train,Transient,7,0.622727,1.149526,1.845954,0.8455,36.2,60.0,59.9992,14.65,96.8,-0.000104,0.387789,0.622727,-1.119318,1.149526,2.268844,0.006949,0.608705,-0.0065,-1.3932,0.556683,1.1186,2.065,2.2654,0.024,0.865969,0.007021,0.004085,0.004762,0.004894,0.00401,0.003601,0.002666,0.002394,0.002025,0.001649,0.008108,0.004717,0.005499,0.005651,0.004158,0.002765,0.001904,0.000161,1.4652,61.43,30.77,0.0386,0.001124,60.0
TRAN_F0658_tran_sim_21_W18,train,Transient,7,0.622648,1.148018,1.843767,0.8459,36.2,60.0,60.0006,14.66,95.0,-0.000107,0.38769,0.622648,-1.118916,1.148018,2.266934,0.008341,0.608374,-0.0062,-1.3937,0.556675,1.1185,2.0623,2.262,0.024,0.865874,0.006951,0.004267,0.004708,0.00477,0.003945,0.003562,0.002656,0.002309,0.002121,0.00177,0.008028,0.004928,0.005437,0.005509,0.004114,0.002667,0.002044,0.00016,1.4608,61.42,30.85,0.0386,0.001139,60.0
TRAN_F0659_tran_sim_21_W19,train,Transient,7,0.622592,1.148736,1.845085,0.8297,36.4,60.0,60.0003,14.66,93.0,-0.000196,0.387621,0.622592,-1.116331,1.148736,2.265067,0.007772,0.608966,-0.0061,-1.3937,0.556617,1.1185,2.0638,2.2639,0.024,0.865812,0.006968,0.004246,0.004657,0.00463,0.003947,0.003483,0.002695,0.00231,0.002033,0.0016,0.008048,0.004904,0.005379,0.005348,0.004023,0.002668,0.001848,0.000157,1.4472,61.42,30.71,0.0385,0.001133,60.0
TRAN_F0660_tran_sim_21_W20,train,Transient,7,0.622613,1.148635,1.844862,0.8474,36.2,60.0,59.9989,14.66,91.0,-0.000203,0.387647,0.622613,-1.119587,1.148635,2.268222,0.008579,0.607593,-0.0062,-1.3937,0.556629,1.1185,2.0636,2.2637,0.024,0.865844,0.006927,0.004253,0.004612,0.004697,0.003993,0.003699,0.002697,0.002416,0.002141,0.001689,0.008,0.004912,0.005327,0.005425,0.004272,0.00279,0.001951,0.00016,1.4609,61.42,30.59,0.0385,0.001118,60.0
TRAN_F0661_tran_sim_21_W21,train,Transient,7,0.622705,1.148864,1.844959,0.8256,36.2,60.0,60.0024,14.67,89.2,-9e-05,0.387761,0.622705,-1.118734,1.148864,2.267598,0.009395,0.606653,-0.0063,-1.3934,0.556676,1.1186,2.0638,2.2638,0.024,0.865963,0.006968,0.00412,0.00469,0.004655,0.003925,0.003532,0.002681,0.002228,0.002044,0.001518,0.008047,0.004758,0.005416,0.005376,0.004079,0.002573,0.001753,0.000156,1.4423,61.42,30.87,0.0385,0.001142,60.0
TRAN_F0662_tran_sim_21_W22,train,Transient,7,0.622662,1.14489,1.838702,0.8451,36.2,60.0,60.0028,14.67,87.2,-0.000127,0.387708,0.622662,-1.120051,1.14489,2.264941,0.007665,0.608971,-0.0062,-1.3942,0.55666,1.1186,2.0567,2.2562,0.024,0.865908,0.006967,0.004332,0.004613,0.004782,0.003935,0.00345,0.002677,0.002482,0.001896,0.001618,0.008046,0.005003,0.005327,0.005523,0.003984,0.002866,0.001869,0.000158,1.4516,61.42,30.66,0.0385,0.001145,60.0
TRAN_F0663_tran_sim_21_W23,train,Transient,7,0.622717,1.146269,1.840754,0.8369,36.2,60.0,60.0009,14.66,85.2,-0.000103,0.387776,0.622717,-1.118185,1.146269,2.264454,0.008736,0.609936,-0.0064,-1.3936,0.556737,1.1185,2.0589,2.2583,0.024,0.865964,0.007032,0.004251,0.004715,0.004667,0.004045,0.003559,0.002691,0.002424,0.002027,0.001634,0.00812,0.004909,0.005445,0.005389,0.00411,0.002799,0.001887,0.00016,1.4607,61.41,30.61,0.0386,0.001133,60.0
TRAN_F0664_tran_sim_21_W24,train,Transient,7,0.622639,1.145172,1.839223,0.8422,36.2,60.0,59.9982,14.66,83.4,-9.2e-05,0.387679,0.622639,-1.116243,1.145172,2.261415,0.009446,0.608417,-0.0064,-1.3939,0.556659,1.1185,2.0572,2.2567,0.024,0.865858,0.007003,0.004315,0.004638,0.004642,0.00395,0.003607,0.002758,0.002449,0.002091,0.001648,0.008088,0.004983,0.005357,0.005361,0.004166,0.002828,0.001903,0.00016,1.4609,61.42,30.75,0.0386,0.001139,60.0
TRAN_F0665_tran_sim_21_W25,train,Transient,7,0.622631,1.147415,1.84285,0.8382,36.2,60.0,59.999,14.66,81.4,-8.7e-05,0.387669,0.62263,-1.117363,1.147415,2.264778,0.008059,0.607647,-0.0066,-1.3934,0.556593,1.1186,2.0615,2.2618,0.024,0.865862,0.007114,0.004178,0.004636,0.004757,0.003957,0.003549,0.002646,0.002222,0.002024,0.001664,0.008216,0.004825,0.005354,0.005494,0.004099,0.002566,0.001922,0.000159,1.4563,61.43,30.75,0.0386,0.001106,60.0
TRAN_F0666_tran_sim_21_W26,train,Transient,7,0.622648,1.145265,1.839345,0.8351,36.2,60.0,59.9966,14.66,79.4,-9.7e-05,0.387691,0.622648,-1.116707,1.145265,2.261972,0.00948,0.606708,-0.0066,-1.3935,0.556627,1.1186,2.0575,2.257,0.024,0.865901,0.007033,0.004097,0.004725,0.004699,0.003881,0.003663,0.002613,0.002418,0.001931,0.001643,0.008122,0.004731,0.005457,0.005427,0.00423,0.002792,0.001897,0.000158,1.4516,61.41,30.56,0.0385,0.001108,60.0
TRAN_F0667_tran_sim_21_W27,train,Transient,7,0.622606,1.148509,1.84468,0.8381,36.2,60.0,59.9992,14.66,77.6,-0.000131,0.387638,0.622606,-1.119051,1.148509,2.26756,0.008801,0.609057,-0.0065,-1.3937,0.556596,1.1186,2.0635,2.2638,0.024,0.865812,0.007047,0.004297,0.004811,0.004731,0.003944,0.003435,0.002691,0.002357,0.00211,0.001632,0.008139,0.004963,0.005557,0.005464,0.003967,0.002722,0.001885,0.000161,1.4655,61.43,31.04,0.0386,0.001154,60.0
TRAN_F0668_tran_sim_21_W28,train,Transient,7,0.622693,1.151007,1.848436,0.8443,36.2,60.0,60.0005,14.66,79.0,-6.7e-05,0.387746,0.622693,-1.117653,1.151007,2.26866,0.007445,0.609615,-0.006,-1.3937,0.556682,1.1186,2.0676,2.2685,0.024,0.865939,0.006934,0.004319,0.004737,0.00469,0.004029,0.003578,0.002755,0.002398,0.001956,0.001564,0.008007,0.004988,0.00547,0.005416,0.004132,0.002769,0.001806,0.00016,1.4607,61.43,30.89,0.0386,0.001133,60.0
TRAN_F0669_tran_sim_21_W29,train,Transient,7,0.622651,1.144992,1.838899,0.8308,36.2,60.0,60.001,14.66,81.0,-0.000217,0.387694,0.622651,-1.117024,1.144992,2.262016,0.007942,0.608222,-0.0064,-1.3936,0.556632,1.1186,2.057,2.2568,0.024,0.865867,0.00704,0.004186,0.004732,0.004607,0.003945,0.003606,0.002652,0.002391,0.001882,0.001717,0.008131,0.004834,0.005465,0.005321,0.004165,0.002761,0.001983,0.000159,1.4563,61.42,30.73,0.0386,0.001136,60.0
TRAN_F0670_tran_sim_21_W30,train,Transient,7,0.622639,1.149549,1.846254,0.8377,36.2,60.0,59.9979,14.66,82.8,-0.000174,0.387679,0.622639,-1.116806,1.149549,2.266355,0.00893,0.608755,-0.0063,-1.3936,0.556636,1.1186,2.0652,2.2654,0.024,0.865878,0.006991,0.004167,0.004742,0.004699,0.003919,0.003629,0.002828,0.002473,0.002048,0.001719,0.008074,0.004812,0.005477,0.005427,0.004191,0.002856,0.001985,0.000161,1.4654,61.42,30.71,0.0385,0.001146,60.0
TRAN_F0671_tran_sim_21_W31,train,Transient,7,0.622579,1.146662,1.841792,0.8371,36.2,60.0,59.9994,14.66,84.8,-0.000157,0.387605,0.622579,-1.116765,1.146662,2.263427,0.00765,0.609721,-0.0063,-1.3938,0.55658,1.1186,2.0602,2.2602,0.024,0.865781,0.006991,0.004206,0.004775,0.004753,0.003909,0.0035,0.002711,0.002453,0.001992,0.00157,0.008075,0.004858,0.005515,0.00549,0.004043,0.002833,0.001813,0.000159,1.4564,61.42,30.78,0.0386,0.001131,60.0
TRAN_F0672_tran_sim_22_W00,train,Transient,7,0.62111,1.10575,1.78028,0.796,35.8,60.0,59.954,15.99,129.6,0.00049,0.385777,0.62111,-1.081596,1.10575,2.187346,0.006375,0.607147,-0.0087,-1.4198,0.556111,1.1169,1.9884,2.1816,0.024,0.868157,0.007428,0.003732,0.005084,0.004758,0.004131,0.003346,0.002552,0.002225,0.001922,0.001597,0.008556,0.004299,0.005856,0.005481,0.003854,0.002563,0.00184,0.000164,1.4751,61.37,33.42,0.0292,0.001318,60.0
TRAN_F0673_tran_sim_22_W01,train,Transient,7,0.621314,1.107102,1.781871,0.8587,35.8,60.0,59.947,15.96,127.8,0.000216,0.386031,0.621314,-1.083678,1.107102,2.190779,0.006691,0.609728,-0.0084,-1.4211,0.556366,1.1167,1.9899,2.1828,0.024,0.868445,0.007428,0.003998,0.004633,0.005217,0.003919,0.003523,0.002566,0.002127,0.001957,0.001682,0.008553,0.004604,0.005335,0.006007,0.004057,0.002449,0.001937,0.000165,1.4791,61.38,33.57,0.0292,0.001316,60.0
TRAN_F0674_tran_sim_22_W02,train,Transient,7,0.621387,1.104858,1.77805,0.8374,35.8,60.0,59.95,15.98,125.8,-0.000336,0.386122,0.621387,-1.079211,1.104858,2.184069,0.004573,0.608063,-0.0061,-1.4215,0.556462,1.1167,1.9855,2.1778,0.024,0.868502,0.006458,0.004398,0.005006,0.004609,0.003838,0.003508,0.002646,0.002105,0.001827,0.001807,0.007436,0.005064,0.005764,0.005307,0.004039,0.002424,0.002081,0.000152,1.4196,61.38,33.52,0.0292,0.001312,60.0
TRAN_F0675_tran_sim_22_W03,train,Transient,7,0.621047,1.105912,1.780723,0.8261,35.8,60.0,59.9511,15.97,123.8,-0.000738,0.385699,0.621046,-1.079538,1.105912,2.18545,0.003354,0.605962,-0.0053,-1.42,0.556078,1.1168,1.9888,2.1816,0.024,0.867964,0.006204,0.00373,0.004819,0.004991,0.004192,0.003547,0.002575,0.002229,0.001814,0.001597,0.007148,0.004297,0.005552,0.00575,0.004087,0.002568,0.00184,0.000148,1.4016,61.38,33.81,0.0294,0.001326,60.0
TRAN_F0676_tran_sim_22_W04,train,Transient,7,0.620988,1.1057,1.780548,0.8174,35.8,60.0,59.9481,15.96,122.0,-0.000835,0.385626,0.620988,-1.080564,1.1057,2.186264,0.003888,0.607905,-0.0058,-1.4206,0.556063,1.1168,1.9884,2.1812,0.024,0.86788,0.006417,0.003892,0.004646,0.004805,0.003877,0.003477,0.002384,0.002233,0.001973,0.001658,0.007394,0.004484,0.005353,0.005536,0.004006,0.002573,0.00191,0.000145,1.3875,61.37,33.63,0.0294,0.001322,60.0
TRAN_F0677_tran_sim_22_W05,train,Transient,7,0.621331,1.103968,1.776779,0.8257,35.8,60.0,59.949,15.97,120.0,-0.000493,0.386052,0.621331,-1.080314,1.103968,2.184282,0.002031,0.609178,-0.0052,-1.4207,0.556335,1.1168,1.9844,2.1769,0.024,0.868354,0.006168,0.003788,0.004706,0.004924,0.00426,0.003581,0.002471,0.002178,0.001833,0.001574,0.007103,0.004362,0.005419,0.00567,0.004124,0.002508,0.001813,0.000146,1.3915,61.37,33.48,0.0293,0.001306,60.0
TRAN_F0678_tran_sim_22_W06,train,Transient,7,0.621459,1.107447,1.782012,0.8578,35.8,60.0,59.9501,15.99,118.0,-9e-06,0.386211,0.621459,-1.081009,1.107447,2.188456,0.008538,0.608166,-0.0073,-1.4218,0.556612,1.1165,1.9896,2.1825,0.024,0.868508,0.007062,0.004515,0.004922,0.004639,0.003966,0.003689,0.002639,0.002171,0.001784,0.001666,0.008131,0.005199,0.005667,0.005341,0.004248,0.0025,0.001918,0.000163,1.47,61.38,33.84,0.0294,0.001307,60.0
TRAN_F0679_tran_sim_22_W07,train,Transient,7,0.621123,1.105793,1.780312,0.8438,35.8,60.0,59.9495,15.97,116.2,0.000455,0.385794,0.621123,-1.081045,1.105793,2.186838,0.00758,0.606362,-0.0087,-1.4201,0.556141,1.1168,1.9883,2.1812,0.024,0.867966,0.007523,0.004079,0.004566,0.005078,0.003877,0.00335,0.002625,0.002337,0.001837,0.001676,0.008667,0.004699,0.005261,0.00585,0.00386,0.002693,0.001931,0.000165,1.4799,61.38,33.52,0.0296,0.001324,60.0
TRAN_F0680_tran_sim_22_W08,train,Transient,7,0.620935,1.105958,1.781117,0.8161,35.8,60.0,59.9504,15.97,114.2,0.000622,0.38556,0.620935,-1.0801,1.105958,2.186058,0.006559,0.606898,-0.0083,-1.42,0.555986,1.1168,1.9892,2.1817,0.024,0.867694,0.007288,0.00377,0.004849,0.004903,0.004053,0.003448,0.002524,0.002364,0.001795,0.001635,0.008399,0.004345,0.005588,0.005651,0.003974,0.002724,0.001884,0.000161,1.4623,61.39,34.13,0.0296,0.001357,60.0
TRAN_F0681_tran_sim_22_W09,train,Transient,7,0.621193,1.106623,1.781449,0.8037,35.8,60.0,59.9478,15.96,112.2,0.000468,0.38588,0.621193,-1.082541,1.106623,2.189164,0.007665,0.60728,-0.0089,-1.4202,0.556219,1.1168,1.9895,2.182,0.024,0.86805,0.007561,0.00362,0.005089,0.004842,0.004034,0.003481,0.002474,0.002357,0.001842,0.001751,0.00871,0.00417,0.005863,0.005578,0.00401,0.002715,0.002017,0.000166,1.4843,61.37,33.45,0.0296,0.001323,60.0
TRAN_F0682_tran_sim_22_W10,train,Transient,7,0.621315,1.105297,1.778964,0.8493,35.8,60.0,59.9496,15.98,110.4,5e-05,0.386033,0.621315,-1.081735,1.105297,2.187033,0.008497,0.60702,-0.0078,-1.4219,0.55647,1.1165,1.9863,2.1783,0.024,0.868196,0.007151,0.004376,0.004349,0.004879,0.004243,0.003378,0.002428,0.00231,0.001634,0.001694,0.008237,0.00504,0.005009,0.00562,0.003891,0.002661,0.001951,0.000159,1.4524,61.38,33.53,0.0296,0.001307,60.0
TRAN_F0683_tran_sim_22_W11,train,Transient,7,0.621274,1.104854,1.778369,0.8426,35.8,60.0,59.9508,15.98,108.4,-0.000425,0.385981,0.621274,-1.080675,1.104854,2.185529,0.004938,0.60699,-0.0058,-1.4212,0.556309,1.1168,1.986,2.1783,0.024,0.868098,0.006328,0.004208,0.005292,0.00501,0.003895,0.003272,0.002423,0.002378,0.001989,0.001566,0.007289,0.004847,0.006096,0.005771,0.003769,0.002739,0.001804,0.000155,1.4342,61.37,33.41,0.0297,0.001312,60.0
TRAN_F0684_tran_sim_22_W12,train,Transient,7,0.620982,1.103629,1.777233,0.8098,35.8,60.0,59.9492,15.97,106.4,-0.0008,0.385617,0.620981,-1.086101,1.103629,2.189731,0.004119,0.606915,-0.0057,-1.4201,0.556009,1.1169,1.9849,2.1776,0.024,0.867657,0.006385,0.003798,0.00476,0.004823,0.003988,0.003417,0.002296,0.00234,0.001878,0.001626,0.007359,0.004377,0.005486,0.005559,0.003938,0.002697,0.001874,0.000146,1.3926,61.37,33.6,0.0298,0.001332,60.0
TRAN_F0685_tran_sim_22_W13,train,Transient,7,0.621058,1.105096,1.779378,0.7926,35.8,60.0,59.9503,15.96,104.6,-0.000672,0.385712,0.621058,-1.081503,1.105096,2.1866,0.003179,0.609115,-0.0054,-1.4199,0.556086,1.1168,1.9873,2.18,0.024,0.867735,0.00627,0.003652,0.004733,0.004697,0.003883,0.003451,0.002387,0.002176,0.001892,0.001632,0.007226,0.004209,0.005454,0.005413,0.003977,0.002508,0.001881,0.000141,1.3684,61.38,33.53,0.0299,0.001324,60.0
TRAN_F0686_tran_sim_22_W14,train,Transient,7,0.621445,1.104936,1.778011,0.8584,35.8,60.0,59.9531,15.99,102.6,-0.000419,0.386194,0.621445,-1.078361,1.104936,2.183298,0.003535,0.607361,-0.0061,-1.4216,0.556535,1.1166,1.9854,2.178,0.024,0.868281,0.006557,0.004224,0.005168,0.005165,0.003952,0.003321,0.002194,0.002117,0.001789,0.001657,0.007552,0.004865,0.005952,0.005949,0.003825,0.002438,0.001908,0.000156,1.4385,61.39,33.83,0.0299,0.001331,60.0
TRAN_F0687_tran_sim_22_W15,train,Transient,7,0.621476,1.10459,1.777366,0.8355,35.8,60.0,59.9486,15.98,100.6,0.000184,0.386232,0.621476,-1.080818,1.10459,2.185408,0.00683,0.607597,-0.0085,-1.4216,0.556583,1.1166,1.9846,2.1763,0.024,0.868289,0.007495,0.004486,0.004639,0.004625,0.004146,0.003334,0.002223,0.002171,0.00205,0.001724,0.008632,0.005166,0.005343,0.005327,0.00384,0.0025,0.001986,0.000164,1.4749,61.38,33.73,0.0299,0.001324,60.0
TRAN_F0688_tran_sim_22_W16,train,Transient,7,0.62104,1.107371,1.783092,0.8319,35.8,60.0,59.9504,15.97,98.8,0.000551,0.38569,0.62104,-1.081574,1.107371,2.188946,0.007748,0.606741,-0.0085,-1.4202,0.556077,1.1168,1.9914,2.1842,0.024,0.867612,0.007433,0.003855,0.004818,0.004922,0.003819,0.003605,0.002323,0.002262,0.00192,0.001615,0.008567,0.004443,0.005553,0.005673,0.004155,0.002607,0.001861,0.000162,1.467,61.38,33.65,0.0301,0.001327,60.0
TRAN_F0689_tran_sim_22_W17,train,Transient,7,0.620959,1.10578,1.78076,0.8102,35.8,60.0,59.9488,15.97,96.8,0.000492,0.38559,0.620959,-1.079913,1.10578,2.185693,0.008164,0.606659,-0.0087,-1.4203,0.556039,1.1168,1.9887,2.1812,0.024,0.867501,0.007501,0.003893,0.004919,0.004756,0.0039,0.00341,0.00246,0.002159,0.001961,0.001479,0.008647,0.004488,0.00567,0.005482,0.003931,0.002489,0.001705,0.000162,1.4672,61.38,33.81,0.0301,0.001339,60.0
TRAN_F0690_tran_sim_22_W18,train,Transient,7,0.621294,1.108081,1.783505,0.8504,35.8,60.0,59.9524,15.98,94.8,0.000268,0.386006,0.621294,-1.0822,1.108081,2.19028,0.007817,0.607767,-0.0086,-1.4209,0.556315,1.1168,1.9918,2.1846,0.024,0.867943,0.007484,0.003922,0.004835,0.005134,0.003778,0.00357,0.002511,0.002235,0.002287,0.001549,0.008623,0.004519,0.005571,0.005915,0.004113,0.002575,0.001785,0.000167,1.4889,61.38,33.72,0.0301,0.001331,60.0
TRAN_F0691_tran_sim_22_W19,train,Transient,7,0.621505,1.106567,1.780462,0.8538,35.8,60.0,59.9511,16.0,93.0,-0.000206,0.386269,0.621505,-1.081059,1.106567,2.187626,0.004102,0.608317,-0.0066,-1.4217,0.55672,1.1164,1.9877,2.179,0.024,0.868251,0.006686,0.004474,0.004745,0.004661,0.003844,0.003634,0.002297,0.0021,0.002013,0.001714,0.007701,0.005153,0.005465,0.005368,0.004185,0.002419,0.001974,0.000154,1.4293,61.37,33.48,0.03,0.001305,60.0
TRAN_F0692_tran_sim_22_W20,train,Transient,7,0.621135,1.105508,1.77982,0.8396,35.8,60.0,59.9495,15.97,91.0,-0.000655,0.385808,0.621134,-1.079657,1.105508,2.185165,0.004064,0.606784,-0.0054,-1.4202,0.556171,1.1168,1.9877,2.1799,0.024,0.867642,0.00624,0.003907,0.005045,0.005088,0.004119,0.003451,0.002363,0.002268,0.001959,0.001729,0.007192,0.004503,0.005815,0.005864,0.003977,0.002614,0.001993,0.000152,1.421,61.37,33.56,0.0303,0.001323,60.0
TRAN_F0693_tran_sim_22_W21,train,Transient,7,0.621054,1.103287,1.776475,0.8198,35.8,60.0,59.9498,15.97,89.0,-0.000812,0.385708,0.621054,-1.081702,1.103287,2.184989,0.002191,0.606781,-0.0059,-1.4202,0.556081,1.1168,1.984,2.1765,0.024,0.86752,0.006419,0.003896,0.004912,0.004871,0.004025,0.003416,0.002594,0.002363,0.002067,0.001765,0.007399,0.004491,0.005662,0.005615,0.003938,0.002724,0.002035,0.000152,1.4212,61.37,33.72,0.0303,0.001333,60.0
TRAN_F0694_tran_sim_22_W22,train,Transient,7,0.621136,1.104729,1.778561,0.8085,35.8,60.0,59.9475,15.96,87.2,-0.000658,0.38581,0.621136,-1.083258,1.104729,2.187987,0.003799,0.60608,-0.0054,-1.4198,0.556146,1.1169,1.9864,2.1785,0.024,0.867612,0.00625,0.003652,0.004603,0.004802,0.004198,0.003579,0.002623,0.002331,0.001961,0.001834,0.007204,0.004209,0.005305,0.005535,0.004125,0.002687,0.002114,0.000147,1.3974,61.37,33.46,0.0303,0.001326,60.0
TRAN_F0695_tran_sim_22_W23,train,Transient,7,0.621434,1.104917,1.778013,0.872,35.8,60.0,59.9486,15.98,85.2,-0.000237,0.38618,0.621434,-1.081348,1.104917,2.186265,0.00245,0.607522,-0.0064,-1.4222,0.556685,1.1163,1.9848,2.1764,0.024,0.868014,0.006744,0.004604,0.005239,0.004878,0.003741,0.003507,0.002636,0.00242,0.002038,0.001413,0.007769,0.005304,0.006036,0.00562,0.00404,0.002788,0.001628,0.000163,1.4708,61.39,33.84,0.0304,0.001329,60.0
TRAN_F0696_tran_sim_22_W24,train,Transient,7,0.621292,1.107219,1.782123,0.8442,35.8,60.0,59.9489,15.97,83.2,0.000357,0.386004,0.621292,-1.081714,1.107219,2.188933,0.007241,0.606545,-0.0084,-1.4205,0.556298,1.1168,1.9903,2.183,0.024,0.867742,0.007487,0.004035,0.004517,0.005119,0.004017,0.003344,0.002657,0.002282,0.001814,0.001663,0.008628,0.00465,0.005205,0.005899,0.003854,0.00263,0.001916,0.000165,1.4803,61.37,33.46,0.0305,0.001309,60.0
TRAN_F0697_tran_sim_22_W25,train,Transient,7,0.620981,1.10318,1.776511,0.8094,35.8,60.0,59.9494,15.97,81.4,0.000588,0.385617,0.620981,-1.08073,1.10318,2.18391,0.008556,0.606731,-0.0085,-1.4198,0.556029,1.1168,1.984,2.1761,0.024,0.867299,0.007383,0.003789,0.004972,0.004847,0.004022,0.003381,0.002408,0.002303,0.001939,0.00165,0.008513,0.004369,0.005733,0.005589,0.003898,0.002655,0.001902,0.000162,1.4675,61.38,33.77,0.0305,0.001337,60.0
TRAN_F0698_tran_sim_22_W26,train,Transient,7,0.621041,1.106366,1.78147,0.8034,35.8,60.0,59.9511,15.97,79.4,0.000454,0.385692,0.621041,-1.081397,1.106366,2.187764,0.005657,0.607016,-0.0084,-1.4201,0.556085,1.1168,1.9896,2.1824,0.024,0.867379,0.00738,0.003759,0.00496,0.004711,0.00412,0.003498,0.002502,0.002288,0.001925,0.001692,0.008508,0.004334,0.005718,0.005431,0.004033,0.002638,0.001951,0.000163,1.4719,61.38,33.7,0.0305,0.00133,60.0
TRAN_F0699_tran_sim_22_W27,train,Transient,7,0.62149,1.10317,1.775041,0.8515,35.8,60.0,59.952,15.98,77.4,0.000106,0.38625,0.62149,-1.081173,1.10317,2.184344,0.00652,0.60772,-0.0079,-1.4218,0.556575,1.1166,1.9821,2.1738,0.024,0.867998,0.007225,0.00425,0.004576,0.005116,0.004069,0.003225,0.002589,0.002222,0.001778,0.001834,0.008324,0.004896,0.005272,0.005894,0.003715,0.00256,0.002113,0.000162,1.4664,61.38,33.7,0.0305,0.001318,60.0
TRAN_F0700_tran_sim_22_W28,train,Transient,7,0.621386,1.105419,1.778956,0.8452,35.8,60.0,59.9506,15.98,78.6,-0.000343,0.386121,0.621386,-1.081688,1.105419,2.187107,0.005116,0.608223,-0.006,-1.4217,0.556476,1.1166,1.9865,2.1788,0.024,0.867806,0.006413,0.004436,0.005005,0.00467,0.003729,0.003509,0.002536,0.00232,0.00172,0.00161,0.00739,0.005112,0.005767,0.005381,0.004044,0.002673,0.001855,0.000151,1.416,61.38,33.79,0.0306,0.001327,60.0
TRAN_F0701_tran_sim_22_W29,train,Transient,7,0.621033,1.104658,1.778743,0.8258,35.8,60.0,59.9465,15.97,80.6,-0.000688,0.385681,0.621032,-1.082632,1.104658,2.18729,0.004868,0.608436,-0.0056,-1.4199,0.556047,1.1169,1.9866,2.1793,0.024,0.867254,0.006312,0.003781,0.004881,0.004914,0.004085,0.003585,0.00264,0.002273,0.001852,0.00159,0.007278,0.00436,0.005628,0.005666,0.004134,0.002621,0.001833,0.00015,1.4122,61.38,33.58,0.0308,0.001329,60.0
TRAN_F0702_tran_sim_22_W30,train,Transient,7,0.62105,1.103043,1.776094,0.7949,35.8,60.0,59.9519,15.97,82.6,-0.000854,0.385703,0.62105,-1.078856,1.103043,2.181899,0.006349,0.607621,-0.0055,-1.4203,0.556068,1.1169,1.9836,2.176,0.024,0.86728,0.00631,0.003715,0.004739,0.004689,0.004074,0.003426,0.002447,0.00208,0.001826,0.001587,0.007276,0.004284,0.005464,0.005407,0.00395,0.002398,0.00183,0.000143,1.3788,61.37,33.41,0.0308,0.001324,60.0
TRAN_F0703_tran_sim_22_W31,train,Transient,7,0.621343,1.107012,1.781643,0.8386,35.8,60.0,59.951,15.98,84.6,-0.000408,0.386067,0.621343,-1.081956,1.107012,2.188968,0.005271,0.610769,-0.0057,-1.4211,0.55642,1.1167,1.9895,2.1823,0.024,0.867687,0.006434,0.003926,0.005058,0.005018,0.004067,0.003514,0.002227,0.002247,0.001845,0.001548,0.007415,0.004525,0.005829,0.005783,0.00405,0.00259,0.001784,0.000152,1.4209,61.38,33.68,0.0307,0.001322,60.0
TRAN_F0704_tran_sim_23_W00,train,Transient,7,0.623748,1.185009,1.899821,0.942,32.8,60.0,60.0491,15.21,136.2,-0.000173,0.389061,0.623748,-1.176977,1.185009,2.361986,0.011535,0.606777,-0.0207,-1.3691,0.556223,1.1214,2.1305,2.3419,0.024,0.868126,0.014296,0.007228,0.002514,0.003477,0.00245,0.001595,0.001043,0.001607,0.001172,0.000943,0.016468,0.008326,0.002896,0.004005,0.001837,0.001851,0.001086,0.00029,1.9616,60.68,17.23,0.0357,0.000366,60.0
TRAN_F0705_tran_sim_23_W01,train,Transient,7,0.623727,1.184825,1.899588,0.8624,32.8,60.0,60.0483,15.21,134.2,0.000384,0.389036,0.623727,-1.176108,1.184825,2.360933,0.012024,0.606024,-0.023,-1.3683,0.556119,1.1216,2.1305,2.342,0.024,0.868173,0.01502,0.00659,0.00328,0.003187,0.002854,0.001574,0.000877,0.001509,0.001272,0.000721,0.017301,0.007591,0.003778,0.003671,0.001813,0.001738,0.00083,0.000306,2.0149,60.68,17.21,0.0356,0.000368,60.0
TRAN_F0706_tran_sim_23_W02,train,Transient,7,0.624031,1.179448,1.890048,0.8534,32.8,60.0,60.0492,15.23,132.4,0.000637,0.389414,0.62403,-1.177381,1.179448,2.356829,0.012072,0.607645,-0.0239,-1.3703,0.556525,1.1213,2.1193,2.3294,0.024,0.86865,0.015638,0.006461,0.002759,0.003337,0.002926,0.001443,0.000877,0.00146,0.001369,0.000763,0.018003,0.007438,0.003176,0.003842,0.001661,0.001681,0.000878,0.000321,2.0626,60.67,16.87,0.0355,0.000353,60.0
TRAN_F0707_tran_sim_23_W03,train,Transient,7,0.62417,1.182896,1.895152,0.8546,32.8,60.0,60.0494,15.23,130.4,0.000844,0.389587,0.624169,-1.173904,1.182896,2.3568,0.011675,0.607864,-0.0236,-1.37,0.556597,1.1214,2.1252,2.3361,0.024,0.868839,0.015512,0.006629,0.002766,0.002984,0.002624,0.001511,0.001097,0.001444,0.001137,0.000886,0.017854,0.00763,0.003184,0.003434,0.001739,0.001662,0.00102,0.000316,2.046,60.67,17.03,0.0355,0.000362,60.0
TRAN_F0708_tran_sim_23_W04,train,Transient,7,0.623901,1.181769,1.894161,0.8926,32.8,60.0,60.049,15.23,128.4,0.000612,0.389252,0.623901,-1.172149,1.181769,2.353918,0.01205,0.606004,-0.0234,-1.3702,0.556403,1.1213,2.1239,2.3346,0.024,0.8685,0.01575,0.006924,0.003209,0.003165,0.002716,0.001463,0.001133,0.001391,0.001252,0.000778,0.018135,0.007972,0.003695,0.003644,0.001685,0.001602,0.000896,0.000331,2.0948,60.67,17.28,0.0354,0.000369,60.0
TRAN_F0709_tran_sim_23_W05,train,Transient,7,0.623747,1.184805,1.899495,0.8858,32.8,60.0,60.0501,15.22,126.6,0.00016,0.389061,0.623747,-1.176094,1.184805,2.360899,0.010397,0.606441,-0.0224,-1.3683,0.556026,1.1218,2.1308,2.3434,0.024,0.86829,0.015655,0.006988,0.002793,0.00298,0.002549,0.0012,0.001129,0.001517,0.001306,0.000958,0.01803,0.008048,0.003217,0.003432,0.001382,0.001747,0.001103,0.000325,2.0762,60.68,17.13,0.0354,0.000363,60.0
TRAN_F0710_tran_sim_23_W06,train,Transient,7,0.623888,1.183561,1.897074,0.8267,32.8,60.0,60.0502,15.23,124.6,-0.000303,0.389236,0.623888,-1.175803,1.183561,2.359364,0.008723,0.604862,-0.0204,-1.3699,0.556345,1.1214,2.1274,2.3387,0.024,0.868548,0.014723,0.006253,0.002865,0.003276,0.00285,0.001316,0.000928,0.001518,0.001382,0.000866,0.016951,0.007199,0.003299,0.003772,0.001515,0.001748,0.000997,0.00029,1.9607,60.67,17.17,0.0353,0.000362,60.0
TRAN_F0711_tran_sim_23_W07,train,Transient,7,0.624195,1.179142,1.889061,0.8654,32.8,60.0,60.0484,15.23,122.6,-0.000547,0.389619,0.624194,-1.176155,1.179142,2.355296,0.011566,0.606362,-0.0208,-1.3704,0.556672,1.1213,2.1182,2.3281,0.024,0.869006,0.014693,0.006645,0.003068,0.00314,0.002722,0.001594,0.001036,0.001475,0.00126,0.000799,0.016908,0.007647,0.00353,0.003613,0.001834,0.001697,0.000919,0.000295,1.9765,60.67,17.29,0.0352,0.000375,60.0
TRAN_F0712_tran_sim_23_W08,train,Transient,7,0.624005,1.183053,1.895902,0.8733,32.8,60.0,60.0521,15.24,120.8,-0.000425,0.389382,0.624005,-1.176651,1.183053,2.359704,0.010926,0.607392,-0.0208,-1.3701,0.556485,1.1213,2.1259,2.3368,0.024,0.868749,0.014585,0.006803,0.003029,0.003094,0.002884,0.001305,0.001243,0.001341,0.001204,0.000893,0.016789,0.007831,0.003487,0.003561,0.001502,0.001544,0.001028,0.000293,1.9703,60.67,17.16,0.0352,0.000371,60.0
TRAN_F0713_tran_sim_23_W09,train,Transient,7,0.623699,1.180299,1.892418,0.9125,32.8,60.0,60.0495,15.22,118.8,-4.5e-05,0.389,0.623699,-1.175516,1.180299,2.355816,0.010975,0.606312,-0.0216,-1.3683,0.556035,1.1217,2.1227,2.3339,0.024,0.86832,0.014401,0.007198,0.002778,0.002953,0.002892,0.001501,0.001254,0.001238,0.001413,0.000819,0.016585,0.00829,0.003199,0.003401,0.001729,0.001426,0.000943,0.000292,1.9679,60.67,17.06,0.0352,0.000354,60.0
TRAN_F0714_tran_sim_23_W10,train,Transient,7,0.623913,1.182839,1.89584,0.8316,32.8,60.0,60.0516,15.23,116.8,0.000409,0.389267,0.623913,-1.177726,1.182839,2.360565,0.012082,0.606922,-0.0239,-1.3696,0.556363,1.1214,2.126,2.3375,0.024,0.868689,0.01539,0.006284,0.003277,0.003177,0.002529,0.001613,0.001136,0.001386,0.001352,0.000976,0.017716,0.007234,0.003772,0.003657,0.001857,0.001596,0.001124,0.000312,2.0334,60.68,17.2,0.0351,0.000365,60.0
TRAN_F0715_tran_sim_23_W11,train,Transient,7,0.624052,1.184153,1.897523,0.8529,32.8,60.0,60.051,15.24,115.0,0.000741,0.38944,0.624052,-1.177109,1.184153,2.361262,0.010625,0.607393,-0.0233,-1.3704,0.556536,1.1213,2.1277,2.3389,0.024,0.868921,0.015406,0.006562,0.002728,0.003085,0.002828,0.001531,0.000951,0.001349,0.001217,0.000678,0.01773,0.007552,0.00314,0.00355,0.001762,0.001553,0.00078,0.000312,2.0328,60.67,16.97,0.035,0.000358,60.0
TRAN_F0716_tran_sim_23_W12,train,Transient,7,0.624105,1.180907,1.892161,0.8668,32.8,60.0,60.0506,15.24,113.0,0.000876,0.389506,0.624104,-1.174244,1.180907,2.355151,0.010975,0.606733,-0.0236,-1.3703,0.556557,1.1214,2.1218,2.3328,0.024,0.869013,0.015578,0.006716,0.0029,0.003081,0.002703,0.00146,0.001005,0.001415,0.001331,0.000817,0.017926,0.007728,0.003337,0.003545,0.00168,0.001628,0.00094,0.000321,2.0617,60.67,17.01,0.035,0.000358,60.0
TRAN_F0717_tran_sim_23_W13,train,Transient,7,0.623829,1.181405,1.893796,0.9276,32.8,60.0,60.0512,15.23,111.0,0.000355,0.389162,0.623829,-1.173959,1.181405,2.355364,0.012804,0.606982,-0.0239,-1.3695,0.556297,1.1214,2.1237,2.3347,0.024,0.868622,0.016013,0.007142,0.003163,0.003341,0.002958,0.001659,0.001058,0.001439,0.001253,0.000883,0.018435,0.008222,0.003641,0.003846,0.00191,0.001657,0.001017,0.000346,2.1414,60.68,17.34,0.035,0.000369,60.0
TRAN_F0718_tran_sim_23_W14,train,Transient,7,0.62373,1.179103,1.890407,0.8602,33.0,60.0,60.0523,15.22,109.2,6.1e-05,0.389039,0.62373,-1.176364,1.179103,2.355468,0.007994,0.607614,-0.0215,-1.3687,0.556117,1.1216,2.1202,2.331,0.024,0.868509,0.015228,0.006587,0.002517,0.003123,0.002777,0.001634,0.001274,0.001631,0.001237,0.000841,0.017533,0.007584,0.002898,0.003596,0.001881,0.001878,0.000968,0.000308,2.0207,60.68,17.26,0.0349,0.000369,60.0
TRAN_F0719_tran_sim_23_W15,train,Transient,7,0.623976,1.180195,1.891412,0.844,32.8,60.0,60.0514,15.24,107.2,-0.000396,0.389345,0.623975,-1.174979,1.180195,2.355174,0.008621,0.608513,-0.0208,-1.3703,0.556443,1.1214,2.121,2.3316,0.024,0.868935,0.014617,0.006498,0.003191,0.003106,0.002635,0.001383,0.0012,0.001404,0.001232,0.000801,0.016822,0.007478,0.003672,0.003574,0.001592,0.001616,0.000922,0.00029,1.9598,60.67,17.24,0.0348,0.000375,60.0
TRAN_F0720_tran_sim_23_W16,train,Transient,7,0.624178,1.186087,1.900238,0.8553,32.8,60.0,60.0511,15.24,105.2,-0.000619,0.389598,0.624178,-1.176694,1.186087,2.362781,0.010471,0.607354,-0.0207,-1.3707,0.556644,1.1213,2.1308,2.3423,0.024,0.869231,0.014577,0.006615,0.003073,0.002996,0.002726,0.001591,0.00103,0.001605,0.001227,0.000804,0.01677,0.00761,0.003535,0.003447,0.00183,0.001846,0.000925,0.00029,1.9591,60.67,17.14,0.0347,0.000371,60.0
TRAN_F0721_tran_sim_23_W17,train,Transient,7,0.62393,1.183521,1.89688,0.9238,32.8,60.0,60.0553,15.24,103.2,-0.000248,0.389289,0.62393,-1.172716,1.183521,2.356237,0.009867,0.607833,-0.0204,-1.3697,0.556396,1.1214,2.1271,2.3385,0.024,0.868871,0.014277,0.007069,0.002644,0.00342,0.002542,0.001663,0.000924,0.001466,0.001347,0.001011,0.016432,0.008136,0.003043,0.003936,0.001914,0.001687,0.001164,0.000288,1.9532,60.68,17.11,0.0348,0.000348,60.0
TRAN_F0722_tran_sim_23_W18,train,Transient,7,0.623754,1.182034,1.895032,0.8869,32.8,60.0,60.0498,15.21,101.4,0.000267,0.389069,0.623754,-1.176395,1.182034,2.358428,0.011795,0.606356,-0.0222,-1.3678,0.555949,1.122,2.1262,2.3391,0.024,0.868631,0.014691,0.00704,0.003131,0.002805,0.002818,0.001388,0.000993,0.001541,0.001142,0.000872,0.016913,0.008105,0.003605,0.003229,0.001598,0.001774,0.001004,0.000298,1.9873,60.69,17.62,0.0348,0.000383,60.0
TRAN_F0723_tran_sim_23_W19,train,Transient,7,0.623934,1.185116,1.899424,0.8316,32.8,60.0,60.0503,15.23,99.4,0.000606,0.389294,0.623934,-1.173805,1.185116,2.358921,0.011982,0.607133,-0.0238,-1.37,0.556396,1.1214,2.13,2.3417,0.024,0.868967,0.015478,0.006295,0.003039,0.003259,0.002832,0.001407,0.001022,0.001529,0.001057,0.000774,0.017812,0.007244,0.003497,0.00375,0.001619,0.00176,0.000891,0.000314,2.0392,60.67,16.93,0.0346,0.000355,60.0
TRAN_F0724_tran_sim_23_W20,train,Transient,7,0.624197,1.184053,1.896923,0.8678,32.8,60.0,60.0517,15.24,97.4,0.000901,0.389621,0.624196,-1.175325,1.184053,2.359378,0.011198,0.608675,-0.0236,-1.3701,0.556653,1.1213,2.1271,2.3379,0.024,0.86937,0.015533,0.006657,0.002872,0.00314,0.002723,0.001657,0.001079,0.001375,0.001235,0.000779,0.017867,0.007657,0.003304,0.003612,0.001906,0.001582,0.000896,0.000319,2.0544,60.66,16.82,0.0345,0.000346,60.0
TRAN_F0725_tran_sim_23_W21,train,Transient,7,0.623987,1.180659,1.89212,0.8803,32.8,60.0,60.0507,15.23,95.6,0.000721,0.389359,0.623987,-1.174913,1.180659,2.355572,0.010679,0.607932,-0.0239,-1.3705,0.556484,1.1213,2.1216,2.3323,0.024,0.869071,0.015893,0.006795,0.003145,0.003174,0.002674,0.001511,0.000842,0.001449,0.001184,0.000864,0.018287,0.007819,0.003619,0.003652,0.001739,0.001667,0.000994,0.000333,2.0997,60.68,17.16,0.0345,0.000363,60.0
TRAN_F0726_tran_sim_23_W22,train,Transient,7,0.62371,1.182836,1.896451,0.9088,32.8,60.0,60.049,15.21,93.6,0.000232,0.389014,0.62371,-1.175164,1.182836,2.358,0.012096,0.60739,-0.0228,-1.3681,0.556077,1.1216,2.1271,2.3383,0.024,0.86868,0.015843,0.007184,0.003132,0.002984,0.00263,0.001345,0.000785,0.001209,0.00104,0.000726,0.018238,0.00827,0.003605,0.003435,0.001548,0.001392,0.000836,0.000334,2.1038,60.68,17.27,0.0345,0.000369,60.0
TRAN_F0727_tran_sim_23_W23,train,Transient,7,0.623829,1.182723,1.89591,0.8449,33.0,60.0,60.047,15.22,91.6,-0.000223,0.389162,0.623829,-1.174646,1.182723,2.357369,0.011037,0.606665,-0.0209,-1.3696,0.556328,1.1213,2.1259,2.3366,0.024,0.86892,0.015005,0.006298,0.002782,0.003467,0.003035,0.001491,0.000815,0.001472,0.001319,0.001072,0.017269,0.007248,0.003202,0.00399,0.001716,0.001694,0.001234,0.000302,2.0,60.67,17.08,0.0344,0.000361,60.0
TRAN_F0728_tran_sim_23_W24,train,Transient,7,0.624042,1.18285,1.895464,0.8632,32.8,60.0,60.0476,15.23,89.8,-0.000509,0.389429,0.624042,-1.176694,1.18285,2.359544,0.010274,0.607961,-0.0208,-1.3705,0.556526,1.1213,2.1254,2.3361,0.024,0.869247,0.014697,0.006629,0.003042,0.00315,0.00264,0.001562,0.001039,0.001329,0.001274,0.000902,0.016908,0.007626,0.0035,0.003624,0.001797,0.001529,0.001038,0.000294,1.9726,60.67,17.17,0.0344,0.000373,60.0
TRAN_F0729_tran_sim_23_W25,train,Transient,7,0.62409,1.183382,1.896172,0.8558,32.8,60.0,60.05,15.23,87.8,-0.000419,0.389488,0.62409,-1.174875,1.183382,2.358257,0.011538,0.607653,-0.0203,-1.3703,0.556574,1.1213,2.1262,2.337,0.024,0.869324,0.01449,0.006592,0.00298,0.003131,0.002846,0.001444,0.001106,0.001458,0.001094,0.000881,0.016668,0.007583,0.003428,0.003602,0.001661,0.001677,0.001013,0.000288,1.9522,60.67,17.22,0.0343,0.000363,60.0
TRAN_F0730_tran_sim_23_W26,train,Transient,7,0.62366,1.180264,1.892481,0.9357,32.8,60.0,60.0516,15.23,85.8,-0.000115,0.388952,0.62366,-1.175493,1.180264,2.355758,0.011238,0.607687,-0.0212,-1.3689,0.556081,1.1215,2.1225,2.3333,0.024,0.868749,0.014291,0.00728,0.002661,0.003259,0.002687,0.001568,0.001235,0.00143,0.001344,0.000783,0.01645,0.00838,0.003063,0.003751,0.001805,0.001646,0.000901,0.000291,1.9636,60.68,17.26,0.0343,0.000366,60.0
TRAN_F0731_tran_sim_23_W27,train,Transient,7,0.623678,1.183413,1.897475,0.8609,32.8,60.0,60.0492,15.22,84.0,0.000367,0.388974,0.623678,-1.175337,1.183413,2.358749,0.009536,0.607326,-0.0233,-1.3685,0.556055,1.1216,2.1282,2.3403,0.024,0.868799,0.015106,0.006593,0.003276,0.00307,0.002775,0.001747,0.001046,0.001382,0.001434,0.000635,0.017387,0.007589,0.003771,0.003534,0.002011,0.001591,0.000731,0.000308,2.02,60.68,17.27,0.0342,0.000371,60.0
TRAN_F0732_tran_sim_23_W28,train,Transient,7,0.624019,1.182024,1.894213,0.8351,32.8,60.0,60.0502,15.23,82.0,0.000788,0.389399,0.624018,-1.17478,1.182024,2.356804,0.012638,0.606938,-0.024,-1.3708,0.556522,1.1213,2.1239,2.3349,0.024,0.86934,0.015683,0.006373,0.0028,0.003114,0.002934,0.001547,0.001001,0.001459,0.00124,0.000787,0.01804,0.007331,0.003221,0.003582,0.00178,0.001678,0.000905,0.00032,2.0577,60.67,16.93,0.0341,0.000358,60.0
TRAN_F0733_tran_sim_23_W29,train,Transient,7,0.624209,1.186465,1.900748,0.8628,32.8,60.0,60.052,15.25,81.0,0.000705,0.389637,0.624209,-1.176082,1.186465,2.362547,0.011301,0.607623,-0.0233,-1.3707,0.556697,1.1213,2.1313,2.3426,0.024,0.869639,0.0155,0.006686,0.002843,0.003072,0.00269,0.001469,0.001161,0.001414,0.001376,0.000757,0.017823,0.007688,0.003269,0.003533,0.001689,0.001626,0.00087,0.000318,2.0506,60.68,17.18,0.0341,0.000369,60.0
TRAN_F0734_tran_sim_23_W30,train,Transient,7,0.623853,1.182142,1.894906,0.9277,32.8,60.0,60.0455,15.23,82.8,0.000577,0.389192,0.623852,-1.175772,1.182142,2.357914,0.010588,0.606555,-0.0235,-1.3697,0.556302,1.1214,2.125,2.3366,0.024,0.869119,0.015803,0.007128,0.003292,0.003442,0.002959,0.001536,0.001269,0.001488,0.001431,0.001036,0.018183,0.008201,0.003788,0.00396,0.001767,0.001712,0.001192,0.000341,2.1247,60.68,17.23,0.0341,0.000363,60.0
TRAN_F0735_tran_sim_23_W31,train,Transient,7,0.623744,1.182156,1.895257,0.8606,32.8,60.0,60.0475,15.22,84.8,0.000143,0.389057,0.623744,-1.17561,1.182156,2.357766,0.009393,0.608623,-0.0218,-1.3686,0.55604,1.1218,2.126,2.338,0.024,0.868997,0.015429,0.006776,0.002675,0.002831,0.002671,0.001415,0.001224,0.001676,0.001377,0.000818,0.017755,0.007797,0.003078,0.003258,0.001628,0.001929,0.000941,0.000315,2.0424,60.68,17.12,0.034,0.000364,60.0
TRAN_F0736_tran_sim_24_W00,train,Transient,7,0.617177,1.053042,1.706224,0.9584,40.4,60.0,59.9717,17.07,123.4,-0.000431,0.380907,0.617177,-1.043916,1.053042,2.096958,-0.0147,0.602588,0.0232,-1.4335,0.552741,1.1166,1.9051,2.0901,0.024,0.864701,0.014264,0.00548,0.004815,0.005383,0.003335,0.00311,0.002148,0.002141,0.001917,0.001861,0.016496,0.006337,0.005568,0.006225,0.003597,0.002476,0.002152,0.000323,2.0784,61.24,30.64,0.0243,0.001097,60.0
TRAN_F0737_tran_sim_24_W01,train,Transient,7,0.617212,1.05432,1.708198,0.9621,40.4,60.0,59.9684,17.04,121.4,-0.000401,0.38095,0.617212,-1.043391,1.05432,2.097711,-0.013451,0.603537,0.0232,-1.4334,0.552759,1.1166,1.9074,2.0925,0.024,0.864745,0.014239,0.0056,0.004705,0.005426,0.003256,0.0029,0.002481,0.002111,0.001982,0.001831,0.016466,0.006476,0.005441,0.006275,0.003354,0.002441,0.002117,0.000323,2.0783,61.25,30.76,0.0243,0.001111,60.0
TRAN_F0738_tran_sim_24_W02,train,Transient,7,0.617319,1.052909,1.705616,0.9819,40.4,60.0,59.9704,17.06,119.6,-0.000179,0.381082,0.617318,-1.043841,1.052909,2.096749,-0.013716,0.603569,0.023,-1.4344,0.552903,1.1165,1.9043,2.0891,0.024,0.864893,0.013963,0.005758,0.004615,0.005277,0.003408,0.003336,0.002148,0.00215,0.001971,0.001815,0.016144,0.006657,0.005336,0.006101,0.003857,0.002486,0.002099,0.000316,2.0553,61.25,30.78,0.0243,0.00109,60.0
TRAN_F0739_tran_sim_24_W03,train,Transient,7,0.617314,1.055313,1.709526,0.9492,40.4,60.0,59.9703,17.07,117.6,0.000138,0.381076,0.617314,-1.040507,1.055313,2.09582,-0.008755,0.604488,0.022,-1.435,0.552959,1.1164,1.9085,2.0941,0.024,0.864878,0.013677,0.005245,0.004898,0.005472,0.003455,0.003151,0.002215,0.002248,0.001725,0.001907,0.015814,0.006064,0.005663,0.006327,0.003643,0.002599,0.002205,0.000307,2.0259,61.25,30.93,0.0243,0.001118,60.0
TRAN_F0740_tran_sim_24_W04,train,Transient,7,0.617151,1.056172,1.711369,0.9533,40.4,60.0,59.9722,17.06,115.6,0.000296,0.380875,0.617151,-1.042783,1.056172,2.098956,-0.010314,0.604822,0.0219,-1.4336,0.552695,1.1166,1.9109,2.0971,0.024,0.8646,0.013809,0.005478,0.004674,0.005389,0.003345,0.00298,0.002221,0.002302,0.001983,0.001692,0.015972,0.006336,0.005406,0.006233,0.003447,0.002663,0.001957,0.000309,2.0331,61.25,30.81,0.0244,0.001109,60.0
TRAN_F0741_tran_sim_24_W05,train,Transient,7,0.61713,1.053544,1.707168,0.9798,40.4,60.0,59.9696,17.04,113.8,0.000401,0.380849,0.617129,-1.041734,1.053544,2.095278,-0.009778,0.603994,0.022,-1.4333,0.552674,1.1166,1.9063,2.0919,0.024,0.864556,0.013925,0.005543,0.004847,0.005582,0.003478,0.003143,0.002243,0.002308,0.00191,0.001765,0.016107,0.006411,0.005606,0.006456,0.003635,0.00267,0.002042,0.000318,2.0626,61.25,30.8,0.0245,0.001126,60.0
TRAN_F0742_tran_sim_24_W06,train,Transient,7,0.617252,1.052783,1.705597,0.9737,40.4,60.0,59.9687,17.06,111.8,0.000121,0.381,0.617252,-1.042443,1.052783,2.095225,-0.010274,0.604927,0.0216,-1.4339,0.552798,1.1166,1.9045,2.0898,0.024,0.86475,0.013967,0.005718,0.004904,0.005284,0.003293,0.003205,0.002243,0.002337,0.001722,0.001805,0.016151,0.006612,0.005671,0.00611,0.003706,0.002703,0.002087,0.000318,2.0622,61.25,30.85,0.0244,0.001114,60.0
TRAN_F0743_tran_sim_24_W07,train,Transient,7,0.617449,1.051759,1.703392,0.9584,40.4,60.0,59.9719,17.08,109.8,-0.000156,0.381244,0.617449,-1.041534,1.051759,2.093293,-0.012927,0.603751,0.0231,-1.435,0.553126,1.1163,1.9015,2.0858,0.024,0.865014,0.014527,0.005313,0.004623,0.005605,0.003279,0.003014,0.002494,0.002091,0.001964,0.001902,0.016794,0.006142,0.005344,0.00648,0.003484,0.002417,0.002199,0.00033,2.1001,61.25,30.8,0.0244,0.00111,60.0
TRAN_F0744_tran_sim_24_W08,train,Transient,7,0.617333,1.054014,1.707367,0.9403,40.4,60.0,59.9668,17.04,108.0,-0.000398,0.3811,0.617333,-1.042223,1.054014,2.096237,-0.012496,0.604043,0.0232,-1.4333,0.552847,1.1166,1.9065,2.092,0.024,0.864802,0.014342,0.005509,0.004943,0.005167,0.003614,0.003013,0.002115,0.002282,0.001802,0.001796,0.016584,0.00637,0.005716,0.005975,0.003484,0.002639,0.002077,0.000325,2.0846,61.25,30.83,0.0245,0.001117,60.0
TRAN_F0745_tran_sim_24_W09,train,Transient,7,0.617238,1.053094,1.706141,0.9807,40.4,60.0,59.9687,17.04,106.0,-0.000435,0.380982,0.617237,-1.044997,1.053094,2.098091,-0.012643,0.603276,0.0236,-1.4333,0.552791,1.1166,1.905,2.0902,0.024,0.864649,0.01438,0.005668,0.004857,0.005473,0.003463,0.003136,0.002297,0.002377,0.001873,0.001783,0.016631,0.006555,0.005617,0.00633,0.003627,0.002749,0.002062,0.000332,2.1073,61.25,30.89,0.0246,0.001127,60.0
TRAN_F0746_tran_sim_24_W10,train,Transient,7,0.617245,1.056204,1.711159,0.9745,40.4,60.0,59.9734,17.07,104.0,-0.000374,0.380991,0.617245,-1.041408,1.056204,2.097612,-0.012594,0.603965,0.0236,-1.4339,0.552776,1.1166,1.9107,2.0968,0.024,0.864663,0.014354,0.005786,0.004687,0.005271,0.003281,0.003121,0.002077,0.002263,0.001718,0.001643,0.016601,0.006692,0.005421,0.006096,0.003609,0.002617,0.0019,0.000325,2.0849,61.26,31.02,0.0246,0.001138,60.0
TRAN_F0747_tran_sim_24_W11,train,Transient,7,0.617419,1.052577,1.704802,0.9614,40.4,60.0,59.9726,17.07,102.2,-0.000112,0.381206,0.617419,-1.041934,1.052577,2.094511,-0.011846,0.602921,0.0225,-1.4347,0.553068,1.1164,1.9032,2.0879,0.024,0.864896,0.013783,0.005523,0.004991,0.005501,0.003181,0.002893,0.002268,0.002354,0.001881,0.001673,0.015936,0.006386,0.005771,0.00636,0.003345,0.002722,0.001934,0.000311,2.039,61.26,31.0,0.0246,0.001129,60.0
TRAN_F0748_tran_sim_24_W12,train,Transient,7,0.617277,1.054715,1.708656,0.9568,40.4,60.0,59.9717,17.07,100.2,0.000208,0.381031,0.617277,-1.04522,1.054715,2.099935,-0.010731,0.60454,0.0217,-1.434,0.552857,1.1165,1.9078,2.093,0.024,0.864677,0.013655,0.005313,0.004629,0.0055,0.003435,0.003159,0.002323,0.002219,0.001997,0.001686,0.015792,0.006144,0.005353,0.006361,0.003653,0.002566,0.00195,0.000305,2.0197,61.25,30.75,0.0246,0.001106,60.0
TRAN_F0749_tran_sim_24_W13,train,Transient,7,0.61716,1.05209,1.704728,0.9589,40.4,60.0,59.9721,17.07,98.2,0.00023,0.380886,0.61716,-1.04207,1.05209,2.09416,-0.009766,0.602638,0.022,-1.4335,0.55271,1.1166,1.9035,2.0885,0.024,0.864509,0.013995,0.005483,0.004894,0.005369,0.003401,0.003136,0.0022,0.002079,0.001837,0.001789,0.016188,0.006342,0.005661,0.00621,0.003627,0.002405,0.002069,0.000316,2.0562,61.25,30.97,0.0246,0.00113,60.0
TRAN_F0750_tran_sim_24_W14,train,Transient,7,0.617285,1.054996,1.70909,0.9726,40.4,60.0,59.97,17.05,96.4,0.00022,0.381041,0.617285,-1.04157,1.054996,2.096566,-0.009588,0.602337,0.0217,-1.4333,0.552805,1.1166,1.9084,2.0941,0.024,0.864662,0.013845,0.005576,0.004945,0.00555,0.003384,0.002972,0.002215,0.002198,0.001895,0.001862,0.016012,0.006449,0.005719,0.006419,0.003437,0.002542,0.002153,0.000315,2.0526,61.25,30.92,0.0247,0.001117,60.0
TRAN_F0751_tran_sim_24_W15,train,Transient,7,0.617455,1.05602,1.71028,0.9648,40.4,60.0,59.9721,17.06,94.4,5.7e-05,0.38125,0.617455,-1.041754,1.05602,2.097774,-0.009758,0.604664,0.0222,-1.4344,0.553031,1.1165,1.9095,2.0951,0.024,0.864883,0.014315,0.005711,0.004773,0.005275,0.003442,0.00303,0.002149,0.002207,0.001949,0.001671,0.016551,0.006603,0.005519,0.006099,0.003503,0.002552,0.001932,0.000325,2.0844,61.26,30.91,0.0247,0.001117,60.0
TRAN_F0752_tran_sim_24_W16,train,Transient,7,0.617311,1.052891,1.70561,0.9492,40.4,60.0,59.9728,17.07,92.4,-0.000243,0.381073,0.617311,-1.040571,1.052891,2.093463,-0.012098,0.60333,0.0236,-1.4341,0.552854,1.1166,1.9045,2.0898,0.024,0.864667,0.014602,0.005291,0.005021,0.005414,0.00322,0.00317,0.002141,0.002127,0.001799,0.001591,0.016887,0.006119,0.005807,0.006261,0.003666,0.00246,0.00184,0.000331,2.1041,61.25,30.7,0.0247,0.001114,60.0
TRAN_F0753_tran_sim_24_W17,train,Transient,7,0.617136,1.054818,1.709216,0.9625,40.4,60.0,59.972,17.06,90.4,-0.000405,0.380857,0.617136,-1.043038,1.054818,2.097856,-0.008685,0.603893,0.0234,-1.4334,0.552678,1.1166,1.9086,2.0947,0.024,0.864399,0.014312,0.005448,0.004706,0.005436,0.003393,0.003161,0.00227,0.002201,0.00197,0.001808,0.016557,0.006303,0.005444,0.006289,0.003657,0.002546,0.002092,0.000325,2.0856,61.25,30.73,0.0248,0.001129,60.0
TRAN_F0754_tran_sim_24_W18,train,Transient,7,0.617225,1.05422,1.708,0.968,40.4,60.0,59.969,17.05,88.6,-0.000541,0.380966,0.617225,-1.043875,1.05422,2.098094,-0.008338,0.602825,0.0236,-1.4332,0.552742,1.1167,1.9073,2.0934,0.024,0.864519,0.014359,0.005467,0.004728,0.00549,0.003278,0.003162,0.00215,0.002188,0.001888,0.001718,0.016609,0.006324,0.005469,0.00635,0.003658,0.002531,0.001987,0.000325,2.0853,61.26,31.05,0.0248,0.001137,60.0
TRAN_F0755_tran_sim_24_W19,train,Transient,7,0.617247,1.052459,1.705086,0.9753,40.4,60.0,59.9674,17.05,86.6,-0.000242,0.380994,0.617247,-1.040995,1.052459,2.093454,-0.010455,0.604377,0.0232,-1.4343,0.552844,1.1165,1.9037,2.0889,0.024,0.864552,0.014077,0.00578,0.004833,0.005254,0.003377,0.003176,0.002111,0.002197,0.001949,0.001729,0.016282,0.006686,0.00559,0.006077,0.003674,0.002541,0.002,0.00032,2.0691,61.26,30.85,0.0248,0.001114,60.0
TRAN_F0756_tran_sim_24_W20,train,Transient,7,0.617443,1.053163,1.705686,0.9659,40.4,60.0,59.9687,17.06,84.6,-4.1e-05,0.381235,0.617443,-1.04346,1.053163,2.096623,-0.00833,0.603753,0.0223,-1.4348,0.553064,1.1164,1.9042,2.0896,0.024,0.864812,0.013584,0.005375,0.004754,0.005592,0.003413,0.003101,0.002191,0.002143,0.001903,0.001856,0.015707,0.006215,0.005497,0.006466,0.003586,0.002478,0.002146,0.000305,2.0194,61.25,30.71,0.0248,0.001095,60.0
TRAN_F0757_tran_sim_24_W21,train,Transient,7,0.6172,1.05318,1.706384,0.9348,40.4,60.0,59.9693,17.06,82.8,0.000208,0.380936,0.6172,-1.041456,1.05318,2.094637,-0.010806,0.604435,0.0218,-1.4336,0.552732,1.1166,1.9054,2.0908,0.024,0.864438,0.013746,0.00533,0.004706,0.005264,0.003193,0.003029,0.002196,0.00216,0.001806,0.00166,0.015902,0.006166,0.005444,0.00609,0.003504,0.002499,0.00192,0.000302,2.0103,61.24,30.6,0.0249,0.001102,60.0
TRAN_F0758_tran_sim_24_W22,train,Transient,7,0.617114,1.052643,1.705751,0.9715,40.4,60.0,59.9699,17.05,80.8,0.000357,0.38083,0.617114,-1.042275,1.052643,2.094918,-0.010262,0.604754,0.022,-1.4334,0.552649,1.1166,1.9047,2.0901,0.024,0.864292,0.014013,0.005632,0.00485,0.00539,0.003309,0.003121,0.002219,0.00218,0.001903,0.001791,0.016213,0.006516,0.005612,0.006236,0.003611,0.002522,0.002072,0.000318,2.0633,61.26,31.05,0.025,0.001121,60.0
TRAN_F0759_tran_sim_24_W23,train,Transient,7,0.617279,1.053809,1.707184,0.9737,40.4,60.0,59.9709,17.06,78.8,0.000129,0.381033,0.617279,-1.04494,1.053809,2.098749,-0.010294,0.605316,0.0215,-1.434,0.552826,1.1166,1.9062,2.0918,0.024,0.86454,0.01393,0.005646,0.004986,0.00537,0.003318,0.003185,0.002349,0.002224,0.001847,0.00171,0.016113,0.006531,0.005767,0.006211,0.003684,0.002572,0.001978,0.000318,2.0627,61.25,30.84,0.0249,0.001117,60.0
TRAN_F0760_tran_sim_24_W24,train,Transient,7,0.617428,1.051345,1.70278,0.9736,40.4,60.0,59.9709,17.07,77.0,-7.4e-05,0.381218,0.617428,-1.042858,1.051345,2.094203,-0.008922,0.605365,0.0223,-1.4345,0.553084,1.1163,1.9009,2.0858,0.023,0.86474,0.014379,0.005643,0.004475,0.005554,0.003389,0.002863,0.0022,0.002284,0.00189,0.001816,0.016628,0.006526,0.005175,0.006423,0.003311,0.002641,0.0021,0.000326,2.088,61.24,30.59,0.0249,0.001096,60.0
TRAN_F0761_tran_sim_24_W25,train,Transient,7,0.617296,1.053645,1.706871,0.9443,40.4,60.0,59.97,17.06,75.0,-0.00032,0.381055,0.617296,-1.042732,1.053645,2.096377,-0.014527,0.601626,0.0234,-1.4337,0.552847,1.1166,1.9059,2.091,0.024,0.864525,0.014541,0.005342,0.004997,0.005373,0.003529,0.003039,0.002243,0.00223,0.001824,0.001897,0.01682,0.006179,0.00578,0.006215,0.003515,0.002579,0.002194,0.000332,2.1076,61.25,30.83,0.025,0.001125,60.0
TRAN_F0762_tran_sim_24_W26,train,Transient,7,0.617041,1.053912,1.708008,0.9671,40.4,60.0,59.9691,17.05,74.4,-0.000554,0.38074,0.617041,-1.042047,1.053912,2.095959,-0.016448,0.602053,0.0235,-1.4336,0.552629,1.1166,1.9071,2.0923,0.024,0.864134,0.014358,0.005515,0.004854,0.00543,0.003446,0.003153,0.00211,0.00222,0.001867,0.001669,0.016615,0.006382,0.005617,0.006284,0.003649,0.002569,0.001931,0.000327,2.0926,61.25,30.87,0.0251,0.001123,60.0
TRAN_F0763_tran_sim_24_W27,train,Transient,7,0.61726,1.052596,1.705274,0.982,40.4,60.0,59.973,17.06,76.2,-0.0004,0.381009,0.617259,-1.043846,1.052596,2.096443,-0.017221,0.602301,0.0234,-1.4334,0.552818,1.1166,1.9041,2.0891,0.024,0.864448,0.01428,0.005618,0.004708,0.005587,0.003452,0.003047,0.002261,0.002146,0.001908,0.001807,0.016519,0.006499,0.005446,0.006463,0.003525,0.002483,0.00209,0.000327,2.0919,61.25,30.77,0.025,0.001113,60.0
TRAN_F0764_tran_sim_24_W28,train,Transient,7,0.617393,1.051414,1.702989,0.9666,40.4,60.0,59.9672,17.06,78.2,-0.000224,0.381175,0.617393,-1.043706,1.051414,2.095121,-0.015627,0.601974,0.0232,-1.4344,0.552999,1.1164,1.9013,2.0862,0.024,0.864626,0.013933,0.00562,0.004949,0.005388,0.003103,0.003039,0.00239,0.002276,0.001803,0.001535,0.016114,0.0065,0.005724,0.006232,0.003515,0.002632,0.001775,0.000315,2.0527,61.25,30.72,0.0251,0.001088,60.0
TRAN_F0765_tran_sim_24_W29,train,Transient,7,0.617318,1.054627,1.7084,0.9504,40.4,60.0,59.9722,17.06,80.2,0.000106,0.381082,0.617318,-1.042232,1.054627,2.096859,-0.009131,0.605378,0.0215,-1.4342,0.552885,1.1165,1.9075,2.093,0.024,0.864492,0.013473,0.005333,0.004773,0.005401,0.003375,0.003146,0.002368,0.002351,0.001852,0.001621,0.015585,0.006169,0.005521,0.006248,0.003639,0.00272,0.001875,0.0003,2.0035,61.25,30.95,0.0251,0.001117,60.0
TRAN_F0766_tran_sim_24_W30,train,Transient,7,0.617209,1.05512,1.709502,0.965,40.4,60.0,59.9685,17.06,82.0,0.000276,0.380947,0.617209,-1.042818,1.05512,2.097938,-0.010024,0.604737,0.0217,-1.4337,0.552741,1.1166,1.9089,2.095,0.024,0.864325,0.013822,0.005533,0.004791,0.005405,0.003367,0.003121,0.002208,0.002266,0.002043,0.001741,0.015992,0.006402,0.005543,0.006253,0.003611,0.002622,0.002014,0.000312,2.0436,61.24,30.56,0.0251,0.001088,60.0
TRAN_F0767_tran_sim_24_W31,train,Transient,7,0.617194,1.053383,1.706728,0.9872,40.4,60.0,59.9694,17.05,84.0,0.000305,0.380929,0.617194,-1.043612,1.053383,2.096995,-0.009409,0.605478,0.0217,-1.4334,0.552748,1.1166,1.9057,2.0914,0.024,0.86429,0.013891,0.005622,0.004878,0.005635,0.003284,0.003073,0.002269,0.002229,0.001825,0.001825,0.016072,0.006505,0.005644,0.00652,0.003556,0.002579,0.002112,0.000317,2.06,61.26,31.02,0.0252,0.001121,60.0
TRAN_F0768_tran_sim_25_W00,train,Transient,7,0.616871,1.108173,1.796441,0.535,30.4,60.0,60.0285,16.96,135.8,2.5e-05,0.38053,0.616871,-1.10194,1.108173,2.210113,0.01096,0.604818,-0.0185,-1.4241,0.552039,1.1174,2.0074,2.2032,0.024,0.86326,0.010179,0.003766,0.002026,0.002033,0.001853,0.001737,0.000576,0.000566,0.000599,0.000912,0.011791,0.004363,0.002347,0.002355,0.002012,0.000656,0.001056,0.000134,1.3409,60.32,11.18,0.0246,0.000144,60.0
TRAN_F0769_tran_sim_25_W01,train,Transient,7,0.617002,1.110037,1.799083,0.489,30.6,60.0,60.0299,16.97,133.8,0.000319,0.380691,0.617002,-1.104342,1.110037,2.214379,0.013334,0.604444,-0.02,-1.424,0.552189,1.1174,2.0102,2.2059,0.024,0.863458,0.010875,0.003419,0.002421,0.001991,0.00197,0.001477,0.000599,0.000629,0.000709,0.000702,0.012595,0.00396,0.002804,0.002306,0.001711,0.000728,0.000813,0.000148,1.4089,60.32,11.0,0.0246,0.000135,60.0
TRAN_F0770_tran_sim_25_W02,train,Transient,7,0.617114,1.105847,1.791965,0.4826,30.6,60.0,60.0299,16.99,132.0,0.000534,0.38083,0.617114,-1.104328,1.105847,2.210175,0.010828,0.604981,-0.0202,-1.4247,0.552328,1.1173,2.0022,2.197,0.024,0.863662,0.011016,0.003332,0.002148,0.002065,0.00195,0.001414,0.000783,0.000765,0.000786,0.000752,0.012755,0.003858,0.002487,0.002391,0.001637,0.000886,0.000871,0.00015,1.4181,60.32,10.91,0.0245,0.000141,60.0
TRAN_F0771_tran_sim_25_W03,train,Transient,7,0.617167,1.107746,1.794887,0.4968,30.6,60.0,60.0309,17.0,130.0,0.000521,0.380895,0.617167,-1.103226,1.107746,2.210972,0.012515,0.605261,-0.0203,-1.425,0.552385,1.1173,2.0054,2.2005,0.024,0.863751,0.011099,0.003522,0.00194,0.001827,0.002038,0.001635,0.000693,0.000626,0.000808,0.000779,0.01285,0.004078,0.002246,0.002115,0.001893,0.000725,0.000902,0.000152,1.4274,60.32,11.0,0.0244,0.000138,60.0
TRAN_F0772_tran_sim_25_W04,train,Transient,7,0.616987,1.106804,1.793885,0.5445,30.6,60.0,60.0312,16.99,128.0,0.000354,0.380673,0.616987,-1.100039,1.106804,2.206843,0.011536,0.603941,-0.0197,-1.4245,0.552195,1.1173,2.0044,2.1992,0.024,0.863499,0.011032,0.003745,0.002153,0.00231,0.002178,0.001655,0.0008,0.000519,0.000706,0.000751,0.012776,0.004337,0.002493,0.002675,0.001917,0.000601,0.00087,0.000155,1.4418,60.32,11.01,0.0244,0.000142,60.0
TRAN_F0773_tran_sim_25_W05,train,Transient,7,0.616841,1.105919,1.792877,0.4985,30.6,60.0,60.035,17.01,126.2,8.2e-05,0.380492,0.616841,-1.102847,1.105919,2.208766,0.007129,0.605042,-0.0193,-1.4239,0.551974,1.1175,2.0036,2.199,0.024,0.863302,0.010987,0.003646,0.002282,0.001805,0.001876,0.001402,0.000602,0.000595,0.00073,0.000728,0.012727,0.004223,0.002643,0.002091,0.001624,0.000689,0.000843,0.00015,1.4187,60.32,11.2,0.0244,0.000147,60.0
TRAN_F0774_tran_sim_25_W06,train,Transient,7,0.617025,1.106067,1.792581,0.503,30.6,60.0,60.029,16.98,124.2,-0.00018,0.380719,0.617025,-1.102896,1.106067,2.208963,0.006523,0.604887,-0.0182,-1.425,0.552277,1.1172,2.0027,2.198,0.024,0.863595,0.010377,0.003336,0.002092,0.002238,0.002071,0.001653,0.00068,0.000719,0.000583,0.000788,0.012016,0.003863,0.002422,0.002591,0.001914,0.000833,0.000912,0.000137,1.3553,60.32,11.1,0.0244,0.000143,60.0
TRAN_F0775_tran_sim_25_W07,train,Transient,7,0.617176,1.106545,1.792917,0.4983,30.6,60.0,60.0247,16.95,122.2,-0.00029,0.380906,0.617176,-1.10141,1.106545,2.207955,0.006684,0.60554,-0.0184,-1.4253,0.552398,1.1173,2.0032,2.1984,0.024,0.863812,0.010522,0.00346,0.002039,0.001966,0.002008,0.001639,0.000839,0.000594,0.000702,0.0007,0.012181,0.004006,0.00236,0.002276,0.001897,0.000688,0.00081,0.000139,1.3649,60.32,11.1,0.0244,0.000145,60.0
TRAN_F0776_tran_sim_25_W08,train,Transient,7,0.617044,1.107774,1.795292,0.5071,30.6,60.0,60.0311,16.98,120.4,-0.000193,0.380744,0.617044,-1.103358,1.107774,2.211132,0.007937,0.605706,-0.0179,-1.4245,0.552247,1.1173,2.0059,2.2015,0.024,0.863613,0.010137,0.003673,0.002406,0.001875,0.002119,0.001475,0.000727,0.000536,0.000623,0.000766,0.011738,0.004253,0.002786,0.002171,0.001708,0.000621,0.000887,0.000134,1.3404,60.32,11.37,0.0244,0.00015,60.0
TRAN_F0777_tran_sim_25_W09,train,Transient,7,0.616973,1.108088,1.796007,0.5135,30.6,60.0,60.0285,16.98,118.4,0.000157,0.380656,0.616973,-1.102421,1.108088,2.210509,0.004505,0.604717,-0.0188,-1.4242,0.552042,1.1176,2.0073,2.2042,0.024,0.863557,0.010245,0.003727,0.001855,0.001958,0.002102,0.001392,0.000759,0.000529,0.000804,0.000704,0.011864,0.004316,0.002148,0.002267,0.001612,0.000613,0.000815,0.000134,1.3405,60.32,11.34,0.0243,0.000149,60.0
TRAN_F0778_tran_sim_25_W10,train,Transient,7,0.617039,1.10567,1.791896,0.4807,30.6,60.0,60.0303,16.98,116.4,0.000483,0.380737,0.617039,-1.102441,1.10567,2.208111,0.010954,0.604588,-0.02,-1.4246,0.552241,1.1173,2.0022,2.1972,0.024,0.863664,0.010969,0.003296,0.002317,0.002014,0.001898,0.001522,0.000736,0.000515,0.000787,0.000696,0.012701,0.003816,0.002683,0.002332,0.001762,0.000596,0.000806,0.000148,1.4086,60.32,11.28,0.0243,0.000148,60.0
TRAN_F0779_tran_sim_25_W11,train,Transient,7,0.617151,1.108068,1.795458,0.4867,30.4,60.0,60.0308,16.99,114.6,0.000605,0.380874,0.61715,-1.10546,1.108068,2.213527,0.011081,0.604364,-0.0202,-1.425,0.552363,1.1173,2.006,2.2016,0.024,0.863845,0.010919,0.003404,0.00212,0.001899,0.00216,0.001576,0.000833,0.0006,0.000768,0.000615,0.01264,0.003941,0.002454,0.002198,0.001824,0.000695,0.000712,0.000148,1.4083,60.32,10.91,0.0242,0.000138,60.0
TRAN_F0780_tran_sim_25_W12,train,Transient,7,0.617161,1.10752,1.79454,0.5026,30.6,60.0,60.0305,16.99,112.6,0.000479,0.380887,0.617161,-1.10245,1.10752,2.20997,0.012602,0.605882,-0.0204,-1.4249,0.552378,1.1173,2.005,2.2,0.024,0.863866,0.011082,0.003576,0.00197,0.001951,0.001978,0.001503,0.000696,0.000665,0.000932,0.000747,0.012828,0.00414,0.00228,0.002258,0.00174,0.00077,0.000865,0.000152,1.4272,60.32,11.02,0.0242,0.00014,60.0
TRAN_F0781_tran_sim_25_W13,train,Transient,7,0.616921,1.108193,1.796329,0.533,30.6,60.0,60.0331,17.0,110.6,0.000243,0.380592,0.616921,-1.101875,1.108193,2.210068,0.010367,0.605439,-0.02,-1.4242,0.552096,1.1174,2.0072,2.203,0.024,0.863546,0.011198,0.00381,0.002326,0.002098,0.00208,0.001505,0.000864,0.000634,0.000896,0.000744,0.012967,0.004412,0.002694,0.00243,0.001743,0.000734,0.000862,0.000159,1.4602,60.32,11.1,0.0241,0.00014,60.0
TRAN_F0782_tran_sim_25_W14,train,Transient,7,0.616866,1.105342,1.791866,0.4947,30.4,60.0,60.032,16.99,108.8,4.7e-05,0.380524,0.616866,-1.102723,1.105342,2.208065,0.010965,0.604573,-0.0184,-1.4243,0.552094,1.1173,2.0021,2.1972,0.024,0.863482,0.010605,0.00342,0.00201,0.001949,0.002116,0.001659,0.000853,0.000709,0.00079,0.000689,0.012282,0.003961,0.002328,0.002257,0.001921,0.000821,0.000798,0.000142,1.38,60.32,10.98,0.0241,0.000136,60.0
TRAN_F0783_tran_sim_25_W15,train,Transient,7,0.617132,1.10658,1.793102,0.496,30.6,60.0,60.0309,17.0,106.8,-0.000259,0.380851,0.617132,-1.103595,1.10658,2.210176,0.01026,0.606246,-0.0183,-1.425,0.552324,1.1173,2.0035,2.1986,0.024,0.863884,0.010335,0.003451,0.002137,0.002071,0.002062,0.001471,0.000674,0.000705,0.000507,0.000767,0.011963,0.003995,0.002474,0.002397,0.001703,0.000816,0.000888,0.000136,1.3499,60.32,11.35,0.0241,0.000149,60.0
TRAN_F0784_tran_sim_25_W16,train,Transient,7,0.617173,1.106407,1.792702,0.4975,30.6,60.0,60.0327,17.0,104.8,-0.000228,0.380902,0.617173,-1.101492,1.106407,2.207899,0.009469,0.605592,-0.0182,-1.4251,0.552382,1.1173,2.003,2.1982,0.024,0.863946,0.010373,0.003493,0.002152,0.001985,0.002101,0.001527,0.000614,0.000582,0.000744,0.000669,0.012007,0.004043,0.002491,0.002298,0.001767,0.000674,0.000774,0.000137,1.3548,60.32,11.11,0.0241,0.000144,60.0
TRAN_F0785_tran_sim_25_W17,train,Transient,7,0.616891,1.106068,1.792972,0.5461,30.4,60.0,60.0288,16.98,102.8,1.7e-05,0.380554,0.616891,-1.101915,1.106068,2.207983,0.011081,0.604505,-0.0187,-1.4241,0.552084,1.1174,2.0034,2.1985,0.024,0.86354,0.010356,0.00384,0.002112,0.002158,0.001958,0.001684,0.000601,0.000608,0.000596,0.000761,0.011992,0.004447,0.002446,0.002499,0.00195,0.000704,0.000881,0.000139,1.3653,60.32,11.09,0.0241,0.000139,60.0
TRAN_F0786_tran_sim_25_W18,train,Transient,7,0.616885,1.105807,1.792565,0.4971,30.6,60.0,60.0282,16.97,101.0,0.00032,0.380547,0.616885,-1.101475,1.105807,2.207282,0.009953,0.605675,-0.0197,-1.4239,0.552042,1.1175,2.0031,2.1988,0.024,0.863546,0.010625,0.003562,0.00213,0.001804,0.002186,0.001578,0.000837,0.000738,0.000627,0.00082,0.012304,0.004125,0.002467,0.002089,0.001827,0.000855,0.00095,0.000143,1.3848,60.32,10.98,0.024,0.000137,60.0
TRAN_F0787_tran_sim_25_W19,train,Transient,7,0.61718,1.107903,1.795107,0.4889,30.6,60.0,60.0298,17.0,99.0,0.000555,0.38091,0.617179,-1.102249,1.107903,2.210152,0.011635,0.607603,-0.0201,-1.4252,0.552378,1.1173,2.0057,2.2015,0.024,0.864021,0.01102,0.003409,0.002232,0.002043,0.00212,0.001431,0.000744,0.000638,0.000708,0.000789,0.012754,0.003946,0.002583,0.002365,0.001656,0.000738,0.000913,0.000151,1.4222,60.32,11.01,0.0239,0.000141,60.0
TRAN_F0788_tran_sim_25_W20,train,Transient,7,0.617131,1.108924,1.796904,0.4945,30.6,60.0,60.0308,16.99,97.0,0.000626,0.38085,0.61713,-1.100558,1.108924,2.209482,0.012279,0.607726,-0.02,-1.4248,0.552335,1.1173,2.0077,2.2034,0.024,0.863943,0.010968,0.003484,0.002109,0.001902,0.002074,0.001581,0.000812,0.00059,0.000701,0.000756,0.012695,0.004033,0.002441,0.002202,0.00183,0.000683,0.000875,0.000149,1.4129,60.32,11.05,0.0239,0.000142,60.0
TRAN_F0789_tran_sim_25_W21,train,Transient,7,0.617043,1.107847,1.795414,0.4959,30.6,60.0,60.0288,16.98,95.2,0.000497,0.380742,0.617043,-1.104826,1.107847,2.212673,0.01064,0.605959,-0.0205,-1.4246,0.552256,1.1173,2.006,2.2017,0.024,0.86381,0.01136,0.003595,0.001966,0.001839,0.002077,0.00143,0.000771,0.000597,0.000699,0.000657,0.013151,0.004162,0.002276,0.002129,0.001655,0.000691,0.000761,0.000157,1.4505,60.32,11.21,0.024,0.000147,60.0
TRAN_F0790_tran_sim_25_W22,train,Transient,7,0.616901,1.106443,1.79355,0.4985,30.6,60.0,60.0307,16.98,93.2,0.000154,0.380567,0.616901,-1.103555,1.106443,2.209998,0.01118,0.607097,-0.0188,-1.424,0.552012,1.1175,2.0044,2.1996,0.024,0.863628,0.010862,0.003652,0.002366,0.001847,0.001937,0.001337,0.000579,0.00055,0.000641,0.000624,0.012577,0.004229,0.00274,0.002139,0.001548,0.000637,0.000723,0.000147,1.4039,60.32,11.02,0.0239,0.000142,60.0
TRAN_F0791_tran_sim_25_W23,train,Transient,7,0.617068,1.106718,1.79351,0.4856,30.6,60.0,60.0312,16.98,91.2,-0.00014,0.380773,0.617068,-1.102724,1.106718,2.209441,0.012427,0.608073,-0.0183,-1.4249,0.552295,1.1173,2.0039,2.1987,0.024,0.863886,0.010526,0.003287,0.002034,0.002146,0.002048,0.00148,0.000629,0.000591,0.000684,0.000878,0.012184,0.003805,0.002354,0.002484,0.001713,0.000684,0.001016,0.000139,1.3647,60.32,11.15,0.0239,0.000147,60.0
TRAN_F0792_tran_sim_25_W24,train,Transient,7,0.617195,1.108302,1.795708,0.4808,30.6,60.0,60.0301,16.99,89.4,-0.000309,0.38093,0.617195,-1.102115,1.108302,2.210417,0.00999,0.606393,-0.0186,-1.4251,0.552394,1.1173,2.0064,2.2016,0.024,0.864088,0.010483,0.003355,0.002201,0.001945,0.002112,0.00149,0.000785,0.000664,0.000657,0.000862,0.012132,0.003883,0.002547,0.002251,0.001724,0.000768,0.000998,0.000139,1.3644,60.32,11.01,0.0238,0.000142,60.0
TRAN_F0793_tran_sim_25_W25,train,Transient,7,0.617102,1.105057,1.79072,0.4943,30.6,60.0,60.0306,16.99,87.4,-0.000155,0.380815,0.617102,-1.103855,1.105057,2.208911,0.011172,0.606774,-0.0183,-1.4247,0.552306,1.1173,2.0008,2.1954,0.024,0.863957,0.010308,0.003556,0.002235,0.001891,0.002211,0.001421,0.00069,0.000575,0.000669,0.00086,0.011931,0.004116,0.002587,0.002189,0.001645,0.000666,0.000995,0.000136,1.3498,60.32,10.96,0.0238,0.00014,60.0
TRAN_F0794_tran_sim_25_W26,train,Transient,7,0.616896,1.105998,1.792843,0.5335,30.6,60.0,60.0309,16.97,85.4,0.000127,0.380561,0.616896,-1.103079,1.105998,2.209077,0.010385,0.605107,-0.0191,-1.4238,0.552023,1.1175,2.0035,2.1988,0.024,0.863665,0.010408,0.003829,0.001785,0.00202,0.002074,0.001576,0.000706,0.000571,0.00067,0.00062,0.012051,0.004433,0.002067,0.002339,0.001825,0.000661,0.000718,0.000139,1.3651,60.32,11.09,0.0238,0.000141,60.0
TRAN_F0795_tran_sim_25_W27,train,Transient,7,0.616964,1.107329,1.794802,0.4877,30.4,60.0,60.0296,16.98,83.6,0.000415,0.380645,0.616964,-1.104424,1.107329,2.211753,0.010871,0.606926,-0.0201,-1.4246,0.552206,1.1173,2.0053,2.2002,0.024,0.863794,0.010881,0.003343,0.002369,0.002023,0.001846,0.001574,0.000762,0.000661,0.000745,0.000681,0.012597,0.00387,0.002743,0.002342,0.001822,0.000765,0.000788,0.000147,1.4036,60.32,11.09,0.0238,0.000143,60.0
TRAN_F0796_tran_sim_25_W28,train,Transient,7,0.617206,1.107181,1.79386,0.496,30.6,60.0,60.0294,16.99,81.6,0.000549,0.380943,0.617206,-1.101312,1.107181,2.208493,0.013134,0.607991,-0.0203,-1.4251,0.552438,1.1172,2.0042,2.1987,0.024,0.864161,0.011093,0.003463,0.002201,0.001964,0.002202,0.001586,0.000749,0.000666,0.000711,0.00079,0.012837,0.004007,0.002547,0.002273,0.001835,0.000771,0.000914,0.000153,1.4314,60.32,10.85,0.0237,0.000137,60.0
TRAN_F0797_tran_sim_25_W29,train,Transient,7,0.617188,1.105814,1.791699,0.4889,30.4,60.0,60.0281,16.98,82.0,0.000442,0.38092,0.617188,-1.102016,1.105814,2.207831,0.01094,0.605982,-0.0202,-1.4252,0.552406,1.1173,2.0018,2.1964,0.024,0.864131,0.011057,0.003466,0.001999,0.001804,0.001872,0.001607,0.00076,0.00057,0.000789,0.000654,0.012796,0.004011,0.002313,0.002088,0.00186,0.00066,0.000757,0.00015,1.4173,60.32,11.15,0.0237,0.000146,60.0
TRAN_F0798_tran_sim_25_W30,train,Transient,7,0.616965,1.107384,1.79489,0.5503,30.6,60.0,60.029,16.98,83.8,0.000401,0.380646,0.616965,-1.103253,1.107384,2.210637,0.012253,0.607751,-0.0201,-1.4238,0.552147,1.1174,2.0056,2.2009,0.024,0.863822,0.011313,0.003857,0.002306,0.002286,0.002216,0.001579,0.0007,0.000629,0.000664,0.000734,0.013096,0.004465,0.00267,0.002646,0.001828,0.000728,0.00085,0.000163,1.478,60.32,11.12,0.0237,0.000143,60.0
TRAN_F0799_tran_sim_25_W31,train,Transient,7,0.616852,1.106021,1.793009,0.4879,30.6,60.0,60.0288,16.98,85.8,-6e-06,0.380506,0.616852,-1.103025,1.106021,2.209045,0.010134,0.604985,-0.0187,-1.4242,0.552051,1.1174,2.0035,2.1984,0.024,0.863695,0.010723,0.003432,0.002167,0.001839,0.001976,0.001611,0.000843,0.000638,0.000775,0.000751,0.012415,0.003974,0.002509,0.002129,0.001865,0.000739,0.00087,0.000144,1.3894,60.32,11.23,0.0236,0.000143,60.0
TRAN_F0800_tran_sim_26_W00,train,Transient,7,0.613663,1.0194,1.661174,0.47,38.6,60.0,59.9893,20.09,127.2,-7.1e-05,0.376582,0.613663,-1.0194,1.015692,2.035093,0.00097,0.602729,0.0078,-1.4509,0.549765,1.1162,1.8542,2.0369,0.024,0.86373,0.005029,0.003721,0.002779,0.001451,0.000505,0.000725,0.000374,7.3e-05,0.000586,0.000376,0.005822,0.004308,0.003217,0.00168,0.000839,8.5e-05,0.000435,5e-05,0.8187,60.13,5.76,0.0123,2.6e-05,60.0
TRAN_F0801_tran_sim_26_W01,train,Transient,7,0.613612,1.021233,1.664299,0.4834,38.6,60.0,59.988,20.09,125.2,-0.00019,0.376519,0.613612,-1.021233,1.017657,2.03889,0.000327,0.601988,0.0081,-1.4506,0.549669,1.1163,1.8579,2.0404,0.024,0.863656,0.004932,0.003838,0.002673,0.001463,0.000406,0.000746,0.000505,0.000118,0.00044,9.6e-05,0.005711,0.004444,0.003095,0.001694,0.000864,0.000137,0.000111,5e-05,0.8187,60.13,5.7,0.0123,2.6e-05,60.0
TRAN_F0802_tran_sim_26_W02,train,Transient,7,0.613616,1.021737,1.665109,0.4766,38.6,60.0,59.9916,20.12,123.2,-0.000228,0.376524,0.613616,-1.021737,1.017781,2.039519,0.000875,0.602661,0.0083,-1.4509,0.549675,1.1163,1.8588,2.042,0.024,0.863657,0.004819,0.003745,0.002825,0.001431,0.000344,0.000933,0.000482,0.000123,0.000505,0.000328,0.00558,0.004336,0.003271,0.001657,0.00108,0.000142,0.00038,4.9e-05,0.8105,60.13,5.7,0.0123,2.4e-05,60.0
TRAN_F0803_tran_sim_26_W03,train,Transient,7,0.613582,1.020881,1.663804,0.4779,38.6,60.0,59.9875,20.07,121.2,-0.00018,0.376483,0.613582,-1.020881,1.01702,2.037901,0.002154,0.602424,0.0082,-1.4506,0.549653,1.1163,1.8573,2.0402,0.024,0.863603,0.004804,0.003804,0.002887,0.001345,0.000515,0.000868,0.000468,0.000216,0.000505,0.000242,0.005563,0.004405,0.003343,0.001557,0.001005,0.00025,0.00028,4.9e-05,0.8106,60.13,5.77,0.0123,2.6e-05,60.0
TRAN_F0804_tran_sim_26_W04,train,Transient,7,0.613735,1.021464,1.664339,0.4733,38.6,60.0,59.9896,20.09,119.4,-7.1e-05,0.376671,0.613735,-1.021464,1.01764,2.039104,0.000742,0.602,0.008,-1.4505,0.549766,1.1164,1.858,2.0412,0.024,0.863813,0.004627,0.003788,0.002662,0.001342,0.000416,0.000752,0.000443,0.000194,0.000415,0.000329,0.005356,0.004385,0.003082,0.001554,0.000871,0.000225,0.000381,4.6e-05,0.7852,60.13,5.6,0.0123,2.4e-05,60.0
TRAN_F0805_tran_sim_26_W05,train,Transient,7,0.613637,1.020698,1.663358,0.4808,38.6,60.0,59.9901,20.1,117.4,4.1e-05,0.37655,0.613637,-1.020698,1.017,2.037697,0.001404,0.603245,0.0077,-1.4508,0.549683,1.1163,1.8569,2.0401,0.024,0.863676,0.004665,0.003818,0.002741,0.001426,0.000567,0.000796,0.000375,0.000196,0.000438,0.000175,0.005401,0.004421,0.003174,0.001651,0.000922,0.000227,0.000203,4.7e-05,0.7938,60.13,5.61,0.0123,2.4e-05,60.0
TRAN_F0806_tran_sim_26_W06,train,Transient,7,0.613688,1.018951,1.660374,0.48,38.6,60.0,59.9897,20.1,115.4,7e-05,0.376613,0.613688,-1.018951,1.017873,2.036825,0.001878,0.603106,0.0078,-1.4507,0.549732,1.1163,1.8535,2.0359,0.024,0.863744,0.004819,0.003824,0.002809,0.001365,0.000515,0.000836,0.000475,0.000284,0.000586,0.000322,0.005579,0.004427,0.003252,0.00158,0.000968,0.000329,0.000373,4.9e-05,0.8104,60.13,5.72,0.0123,2.4e-05,60.0
TRAN_F0807_tran_sim_26_W07,train,Transient,7,0.613551,1.017925,1.659072,0.483,38.6,60.0,59.9901,20.11,113.6,6.7e-05,0.376445,0.613551,-1.017925,1.017427,2.035352,0.003564,0.603513,0.0076,-1.4508,0.549605,1.1163,1.8521,2.0344,0.024,0.86356,0.004703,0.003809,0.002762,0.001509,0.000444,0.000782,0.000358,0.000305,0.000423,0.000238,0.005446,0.004411,0.003198,0.001747,0.000906,0.000353,0.000276,4.8e-05,0.8023,60.13,5.56,0.0123,2.5e-05,60.0
TRAN_F0808_tran_sim_26_W08,train,Transient,7,0.613616,1.020418,1.662958,0.4809,38.6,60.0,59.9917,20.12,111.6,2.4e-05,0.376524,0.613616,-1.020418,1.016501,2.036919,0.000921,0.602985,0.0074,-1.4507,0.549692,1.1163,1.8563,2.0392,0.024,0.863645,0.004813,0.003851,0.002752,0.001313,0.000457,0.000831,0.000394,0.000145,0.000407,0.000241,0.005573,0.004459,0.003186,0.00152,0.000962,0.000168,0.000279,4.9e-05,0.8105,60.13,5.62,0.0123,2.3e-05,60.0
TRAN_F0809_tran_sim_26_W09,train,Transient,7,0.613631,1.017967,1.658923,0.4683,38.6,60.0,59.989,20.11,109.6,-4.1e-05,0.376543,0.613631,-1.017967,1.01664,2.034606,0.004108,0.606945,0.0081,-1.451,0.549733,1.1162,1.8517,2.0337,0.024,0.863666,0.004949,0.003683,0.002711,0.001441,0.000509,0.000844,0.000444,0.000217,0.000526,0.00028,0.00573,0.004264,0.003139,0.001668,0.000977,0.000251,0.000324,4.9e-05,0.8105,60.13,5.78,0.0123,2.5e-05,60.0
TRAN_F0810_tran_sim_26_W10,train,Transient,7,0.613678,1.019733,1.661674,0.4929,38.6,60.0,59.9886,20.1,107.8,-0.00016,0.376601,0.613678,-1.019733,1.015211,2.034944,0.002766,0.606149,0.0082,-1.4505,0.549694,1.1164,1.8551,2.038,0.024,0.863721,0.004927,0.003929,0.002826,0.001474,0.000485,0.000716,0.000421,0.000287,0.000591,0.000382,0.005704,0.004549,0.003272,0.001707,0.000829,0.000332,0.000442,5.1e-05,0.8268,60.13,5.5,0.0124,2.2e-05,60.0
TRAN_F0811_tran_sim_26_W11,train,Transient,7,0.613665,1.021621,1.664787,0.4931,38.6,60.0,59.988,20.09,105.8,-0.000141,0.376584,0.613665,-1.021621,1.017159,2.03878,0.002447,0.604879,0.008,-1.4502,0.549669,1.1164,1.8586,2.0419,0.024,0.863698,0.004789,0.003964,0.002775,0.001391,0.00042,0.0007,0.000425,0.000223,0.00048,0.00027,0.005545,0.00459,0.003213,0.001611,0.00081,0.000258,0.000313,4.9e-05,0.8105,60.13,5.68,0.0124,2.5e-05,60.0
TRAN_F0812_tran_sim_26_W12,train,Transient,7,0.613645,1.019422,1.661257,0.4727,38.6,60.0,59.9884,20.1,103.8,-4.4e-05,0.37656,0.613645,-1.019422,1.016021,2.035442,0.002518,0.606366,0.0083,-1.451,0.549724,1.1163,1.8544,2.0367,0.024,0.863678,0.004812,0.003729,0.00266,0.001462,0.000472,0.000789,0.000384,0.000266,0.000399,0.000146,0.005572,0.004318,0.00308,0.001693,0.000914,0.000308,0.000169,4.8e-05,0.8022,60.13,5.66,0.0124,2.4e-05,60.0
TRAN_F0813_tran_sim_26_W13,train,Transient,7,0.613737,1.019404,1.66098,0.4673,38.6,60.0,59.9898,20.1,102.0,-4.4e-05,0.376672,0.613737,-1.019404,1.018309,2.037713,0.002865,0.605276,0.0077,-1.451,0.54982,1.1163,1.8541,2.0363,0.023,0.863796,0.004632,0.003673,0.002872,0.001427,0.000292,0.000875,0.000412,0.00027,0.000492,0.00023,0.005362,0.004252,0.003325,0.001652,0.001013,0.000313,0.000266,4.7e-05,0.7937,60.13,5.57,0.0124,2.5e-05,60.0
TRAN_F0814_tran_sim_26_W14,train,Transient,7,0.613693,1.021613,1.664698,0.4786,38.6,60.0,59.9887,20.1,100.0,2.5e-05,0.376619,0.613693,-1.021613,1.017816,2.03943,0.002901,0.605988,0.0077,-1.4506,0.549715,1.1164,1.8584,2.0414,0.024,0.863728,0.004745,0.003825,0.002686,0.001294,0.000402,0.000888,0.000462,0.000295,0.000554,0.000359,0.005494,0.004428,0.00311,0.001498,0.001028,0.000342,0.000416,4.8e-05,0.8021,60.13,5.58,0.0124,2.4e-05,60.0
TRAN_F0815_tran_sim_26_W15,train,Transient,7,0.613605,1.020941,1.663842,0.481,38.6,60.0,59.991,20.12,98.0,1.3e-05,0.376511,0.613605,-1.020941,1.017975,2.038916,0.000714,0.604298,0.0075,-1.4508,0.549638,1.1164,1.8575,2.0411,0.024,0.863613,0.004736,0.003823,0.002728,0.001265,0.000551,0.001018,0.000222,0.000335,0.000404,0.000248,0.005484,0.004427,0.003159,0.001465,0.001179,0.000388,0.000287,4.8e-05,0.8022,60.13,5.59,0.0124,2.4e-05,60.0
TRAN_F0816_tran_sim_26_W16,train,Transient,7,0.613701,1.019459,1.661166,0.5068,38.6,60.0,59.9888,20.1,96.2,-6e-06,0.376628,0.613701,-1.019459,1.017681,2.03714,0.002572,0.604777,0.0074,-1.4503,0.549707,1.1164,1.8546,2.037,0.024,0.863734,0.004601,0.003986,0.002768,0.001576,0.000434,0.000885,0.000274,0.000118,0.000418,0.000349,0.005327,0.004615,0.003205,0.001825,0.001025,0.000137,0.000404,4.9e-05,0.8104,60.13,5.76,0.0124,2.5e-05,60.0
TRAN_F0817_tran_sim_26_W17,train,Transient,7,0.613689,1.020864,1.663487,0.4698,38.6,60.0,59.9898,20.12,94.2,-0.000127,0.376614,0.613689,-1.020864,1.016424,2.037288,0.001969,0.604706,0.0078,-1.4511,0.549747,1.1163,1.857,2.0401,0.024,0.863731,0.004886,0.003724,0.002965,0.001447,0.000557,0.000709,0.00048,9.2e-05,0.000512,0.000194,0.005657,0.004312,0.003433,0.001675,0.000821,0.000107,0.000225,5e-05,0.8187,60.13,5.71,0.0124,2.5e-05,60.0
TRAN_F0818_tran_sim_26_W18,train,Transient,7,0.613741,1.02078,1.663209,0.4776,38.6,60.0,59.9895,20.1,92.2,-0.00013,0.376678,0.613741,-1.02078,1.015011,2.035791,0.00196,0.60356,0.0082,-1.451,0.549769,1.1164,1.8567,2.0398,0.024,0.863784,0.004882,0.003743,0.002786,0.001496,0.00034,0.000879,0.0004,0.000236,0.00046,0.000244,0.005652,0.004333,0.003225,0.001732,0.001018,0.000273,0.000282,4.9e-05,0.8104,60.13,5.65,0.0124,2.5e-05,60.0
TRAN_F0819_tran_sim_26_W19,train,Transient,7,0.613677,1.019664,1.661565,0.4866,38.6,60.0,59.9889,20.11,90.4,-0.000187,0.376599,0.613677,-1.019664,1.017811,2.037475,0.002675,0.60472,0.0078,-1.4507,0.54974,1.1163,1.8548,2.0371,0.024,0.863701,0.004841,0.003833,0.002678,0.001479,0.000463,0.000887,0.000392,0.000202,0.000406,0.00038,0.005605,0.004438,0.003101,0.001712,0.001027,0.000234,0.00044,4.9e-05,0.8105,60.13,5.62,0.0124,2.5e-05,60.0
TRAN_F0820_tran_sim_26_W20,train,Transient,7,0.613674,1.019407,1.661156,0.487,38.6,60.0,59.9884,20.1,88.4,-0.000207,0.376595,0.613673,-1.019407,1.014353,2.03376,0.003199,0.604059,0.0082,-1.4507,0.549717,1.1163,1.8544,2.0369,0.024,0.863686,0.004811,0.003855,0.002669,0.00151,0.000463,0.000744,0.000334,0.000392,0.000525,0.000216,0.00557,0.004463,0.00309,0.001748,0.000861,0.000454,0.00025,4.9e-05,0.8105,60.13,5.62,0.0124,2.7e-05,60.0
TRAN_F0821_tran_sim_26_W21,train,Transient,7,0.613643,1.019858,1.661974,0.4694,38.6,60.0,59.9869,20.11,86.4,-6.8e-05,0.376557,0.613643,-1.019858,1.01674,2.036598,-0.000643,0.604663,0.0082,-1.451,0.549721,1.1163,1.8552,2.0378,0.024,0.863651,0.00472,0.003708,0.002634,0.001311,0.000392,0.000981,0.000392,0.000197,0.000491,0.000376,0.005465,0.004293,0.00305,0.001518,0.001136,0.000228,0.000435,4.6e-05,0.7853,60.13,5.68,0.0124,2.6e-05,60.0
TRAN_F0822_tran_sim_26_W22,train,Transient,7,0.613738,1.021218,1.663932,0.4803,38.6,60.0,59.9913,20.11,84.6,-1.7e-05,0.376674,0.613738,-1.021218,1.016376,2.037594,0.001588,0.605043,0.0074,-1.451,0.549795,1.1163,1.8575,2.0403,0.024,0.863768,0.004513,0.003729,0.002778,0.00158,0.000549,0.000897,0.000414,0.0002,0.00048,0.000303,0.005225,0.004317,0.003216,0.001829,0.001038,0.000232,0.000351,4.6e-05,0.7852,60.13,5.81,0.0125,2.6e-05,60.0
TRAN_F0823_tran_sim_26_W23,train,Transient,7,0.613608,1.020985,1.663904,0.4846,38.6,60.0,59.9893,20.09,82.6,0.0,0.376515,0.613608,-1.020985,1.01747,2.038455,-0.000724,0.604938,0.0075,-1.4504,0.54963,1.1164,1.8576,2.0405,0.024,0.863572,0.00464,0.003895,0.002774,0.001281,0.000464,0.000837,0.000326,8.5e-05,0.000448,0.000197,0.005373,0.00451,0.003212,0.001483,0.000969,9.8e-05,0.000228,4.7e-05,0.7939,60.14,5.89,0.0125,2.7e-05,60.0
TRAN_F0824_tran_sim_26_W24,train,Transient,7,0.613586,1.018322,1.659625,0.4914,38.6,60.0,59.9911,20.1,80.6,-2e-06,0.376488,0.613586,-1.018322,1.017056,2.035378,0.002084,0.605283,0.0077,-1.4505,0.549639,1.1163,1.8527,2.0349,0.024,0.863544,0.004748,0.003907,0.002783,0.001443,0.000347,0.00081,0.000367,0.000221,0.000425,0.000271,0.005498,0.004524,0.003223,0.001671,0.000938,0.000256,0.000314,4.9e-05,0.8106,60.13,5.78,0.0125,2.6e-05,60.0
TRAN_F0825_tran_sim_26_W25,train,Transient,7,0.613708,1.020946,1.663569,0.4785,38.6,60.0,59.9913,20.1,78.8,-4e-06,0.376638,0.613708,-1.020946,1.017468,2.038414,0.002005,0.605126,0.0076,-1.4505,0.549767,1.1163,1.8571,2.0398,0.024,0.863711,0.004812,0.003814,0.002804,0.001407,0.000305,0.000746,0.000302,0.000246,0.000587,0.00027,0.005571,0.004416,0.003246,0.001629,0.000864,0.000285,0.000313,4.9e-05,0.8105,60.13,5.56,0.0125,2.3e-05,60.0
TRAN_F0826_tran_sim_26_W26,train,Transient,7,0.613736,1.021995,1.665204,0.4743,38.6,60.0,59.9914,20.1,76.8,-0.000112,0.376672,0.613736,-1.021995,1.01701,2.039005,0.00162,0.603748,0.0079,-1.4507,0.549805,1.1163,1.8588,2.0416,0.024,0.863745,0.004912,0.003743,0.002804,0.001433,0.000461,0.000849,0.000341,0.000235,0.000431,0.000199,0.005687,0.004333,0.003246,0.001659,0.000983,0.000272,0.00023,4.9e-05,0.8104,60.13,5.68,0.0125,2.5e-05,60.0
TRAN_F0827_tran_sim_26_W27,train,Transient,7,0.613641,1.017939,1.658851,0.4946,38.6,60.0,59.9881,20.1,74.8,-0.000174,0.376555,0.613641,-1.017939,1.016799,2.034738,0.00112,0.604615,0.0079,-1.4504,0.549644,1.1164,1.852,2.0346,0.024,0.863608,0.004882,0.00391,0.002682,0.001389,0.000466,0.001016,0.000313,0.000359,0.000482,0.000129,0.005653,0.004528,0.003106,0.001608,0.001176,0.000416,0.000149,5e-05,0.8188,60.13,5.56,0.0125,2.4e-05,60.0
TRAN_F0828_tran_sim_26_W28,train,Transient,7,0.613593,1.021984,1.665574,0.4821,38.6,60.0,59.9903,20.1,74.6,-0.000244,0.376496,0.613593,-1.021984,1.016929,2.038914,0.000315,0.604801,0.0082,-1.4508,0.54965,1.1163,1.8593,2.0426,0.024,0.863542,0.004781,0.003782,0.00275,0.001508,0.000492,0.000869,0.000505,0.0003,0.000445,0.000206,0.005536,0.00438,0.003185,0.001746,0.001006,0.000347,0.000239,4.9e-05,0.8106,60.13,5.67,0.0125,2.5e-05,60.0
TRAN_F0829_tran_sim_26_W29,train,Transient,7,0.613607,1.019891,1.662125,0.4845,38.6,60.0,59.9869,20.1,76.8,-0.000177,0.376513,0.613607,-1.019891,1.016314,2.036205,0.000214,0.605069,0.0082,-1.4507,0.54966,1.1163,1.8555,2.0381,0.024,0.863562,0.004824,0.003791,0.002712,0.00152,0.000365,0.000909,0.000358,0.000186,0.000404,0.000291,0.005586,0.00439,0.00314,0.00176,0.001053,0.000215,0.000337,4.9e-05,0.8106,60.13,5.64,0.0125,2.5e-05,60.0
TRAN_F0830_tran_sim_26_W30,train,Transient,7,0.613717,1.019318,1.660892,0.4572,38.4,60.0,59.9891,20.11,78.8,-0.000106,0.376649,0.613717,-1.019318,1.016352,2.035669,0.001368,0.60413,0.0079,-1.4512,0.549821,1.1162,1.8539,2.0362,0.024,0.863721,0.00463,0.003583,0.002603,0.001438,0.000415,0.000826,0.000308,0.000205,0.000352,0.000232,0.005361,0.004148,0.003014,0.001665,0.000956,0.000237,0.000269,4.4e-05,0.768,60.13,5.55,0.0125,2.4e-05,60.0
TRAN_F0831_tran_sim_26_W31,train,Transient,7,0.613686,1.0205,1.662902,0.4856,38.6,60.0,59.9857,20.1,80.4,-1.3e-05,0.376611,0.613686,-1.0205,1.016552,2.037052,0.003951,0.60477,0.0078,-1.4506,0.549747,1.1163,1.8563,2.0383,0.024,0.863659,0.00465,0.00384,0.002847,0.001452,0.000512,0.000856,0.000339,0.000151,0.000519,0.00021,0.005384,0.004446,0.003296,0.001681,0.000991,0.000175,0.000243,4.8e-05,0.8022,60.13,5.59,0.0125,2.4e-05,60.0
TRAN_F0832_tran_sim_27_W00,val,Transient,7,0.628451,1.1806,1.878587,0.905,37.2,60.0,60.0121,13.95,129.2,-0.000317,0.394951,0.628451,-1.150706,1.1806,2.331306,0.00189,0.610214,-0.0043,-1.3723,0.56107,1.1201,2.1042,2.3113,0.024,0.871099,0.00585,0.004848,0.005338,0.005296,0.004469,0.003256,0.002094,0.001799,0.001571,0.00158,0.006716,0.005565,0.006128,0.00608,0.003738,0.002065,0.001814,0.000157,1.4384,61.32,29.5,0.0436,0.001099,60.0
TRAN_F0833_tran_sim_27_W01,val,Transient,7,0.62844,1.182191,1.881153,0.8916,37.2,60.0,60.0109,13.94,127.4,-0.000195,0.394936,0.62844,-1.150258,1.182191,2.332449,0.001274,0.611939,-0.0043,-1.3719,0.56101,1.1202,2.1073,2.315,0.024,0.871076,0.005835,0.004669,0.005305,0.00526,0.004566,0.003294,0.002131,0.001702,0.001598,0.001624,0.006699,0.00536,0.00609,0.006039,0.003782,0.001954,0.001864,0.000156,1.4339,61.33,29.8,0.0437,0.001115,60.0
TRAN_F0834_tran_sim_27_W02,val,Transient,7,0.628322,1.18124,1.879992,0.9006,37.2,60.0,60.0082,13.92,125.4,-0.000104,0.394788,0.628322,-1.148604,1.18124,2.329844,0.002734,0.610582,-0.0044,-1.372,0.560892,1.1202,2.106,2.3133,0.024,0.87094,0.005925,0.004796,0.005375,0.005369,0.004662,0.003113,0.002046,0.001768,0.001589,0.001571,0.006803,0.005507,0.006171,0.006165,0.003574,0.00203,0.001804,0.00016,1.4524,61.32,29.54,0.0436,0.001096,60.0
TRAN_F0835_tran_sim_27_W03,val,Transient,7,0.628398,1.186565,1.888238,0.9002,37.2,60.0,60.0111,13.94,123.4,6e-05,0.394884,0.628398,-1.148141,1.186565,2.334706,0.001672,0.610474,-0.0046,-1.3721,0.560982,1.1202,2.1152,2.3237,0.024,0.871042,0.006056,0.004751,0.005418,0.00533,0.004452,0.003242,0.00217,0.001722,0.001676,0.001607,0.006953,0.005454,0.00622,0.006119,0.003722,0.001977,0.001845,0.00016,1.4522,61.33,29.82,0.0436,0.001109,60.0
TRAN_F0836_tran_sim_27_W04,val,Transient,7,0.628424,1.182971,1.88244,0.9189,37.2,60.0,60.0121,13.94,121.6,7.8e-05,0.394917,0.628424,-1.151469,1.182971,2.33444,0.003225,0.610975,-0.0046,-1.3721,0.561006,1.1202,2.1087,2.316,0.024,0.871071,0.00606,0.004855,0.005405,0.005509,0.004526,0.003186,0.002107,0.001678,0.001596,0.001623,0.006957,0.005574,0.006205,0.006324,0.003658,0.001926,0.001863,0.000163,1.4657,61.33,29.74,0.0437,0.001107,60.0
TRAN_F0837_tran_sim_27_W05,val,Transient,7,0.628343,1.184461,1.885055,0.8906,37.2,60.0,60.0096,13.94,119.6,-4.6e-05,0.394815,0.628343,-1.148802,1.184461,2.333263,0.002945,0.610648,-0.0045,-1.3721,0.560955,1.1201,2.1115,2.319,0.024,0.871002,0.006036,0.004768,0.005445,0.005252,0.004455,0.003139,0.002244,0.001793,0.001629,0.001796,0.00693,0.005474,0.006251,0.00603,0.003604,0.002059,0.002062,0.00016,1.4522,61.32,29.69,0.0436,0.001104,60.0
TRAN_F0838_tran_sim_27_W06,val,Transient,7,0.628262,1.184104,1.884729,0.8885,37.2,60.0,60.0088,13.92,117.6,-0.000182,0.394713,0.628262,-1.147796,1.184104,2.3319,0.002568,0.611385,-0.0037,-1.3719,0.56087,1.1202,2.1112,2.319,0.024,0.870869,0.005772,0.004618,0.005336,0.005326,0.004558,0.00319,0.00193,0.001798,0.001696,0.001625,0.006628,0.005303,0.006127,0.006116,0.003663,0.002065,0.001866,0.000155,1.4296,61.32,29.54,0.0436,0.001101,60.0
TRAN_F0839_tran_sim_27_W07,val,Transient,7,0.628362,1.18252,1.881911,0.8961,37.2,60.0,60.0069,13.92,115.8,-0.000202,0.394838,0.628361,-1.149595,1.18252,2.332115,0.001888,0.611263,-0.0041,-1.372,0.560962,1.1202,2.108,2.3157,0.024,0.871028,0.005844,0.004772,0.005569,0.005307,0.004454,0.003162,0.002042,0.001724,0.001643,0.001605,0.006709,0.005479,0.006394,0.006093,0.00363,0.001979,0.001843,0.000158,1.4431,61.32,29.74,0.0436,0.001112,60.0
TRAN_F0840_tran_sim_27_W08,val,Transient,7,0.628346,1.180694,1.879051,0.8912,37.2,60.0,60.0087,13.93,113.8,-0.00024,0.394819,0.628346,-1.150722,1.180694,2.331416,0.00312,0.61178,-0.0042,-1.3724,0.560972,1.1201,2.1047,2.3119,0.024,0.871007,0.005875,0.004769,0.005415,0.005312,0.004416,0.003049,0.00194,0.00186,0.001756,0.001639,0.006745,0.005475,0.006217,0.006099,0.003501,0.002135,0.001882,0.000157,1.4386,61.32,29.76,0.0436,0.001115,60.0
TRAN_F0841_tran_sim_27_W09,val,Transient,7,0.628338,1.185486,1.8867,0.9004,37.2,60.0,60.0085,13.93,111.8,-0.000264,0.394809,0.628338,-1.151994,1.185486,2.33748,0.002821,0.611744,-0.0037,-1.372,0.560936,1.1202,2.1134,2.321,0.024,0.870997,0.005676,0.004822,0.005299,0.005336,0.004667,0.003128,0.00208,0.001626,0.001626,0.001741,0.006517,0.005536,0.006084,0.006126,0.003591,0.001867,0.001999,0.000156,1.434,61.32,29.45,0.0436,0.001095,60.0
TRAN_F0842_tran_sim_27_W10,val,Transient,7,0.628274,1.182728,1.882503,0.8905,37.2,60.0,60.011,13.93,110.0,-0.000182,0.394728,0.628274,-1.146957,1.182728,2.329684,0.002403,0.611248,-0.0042,-1.3718,0.56081,1.1203,2.109,2.3175,0.024,0.870911,0.005881,0.004698,0.005377,0.005218,0.004409,0.003293,0.001936,0.001757,0.001671,0.001685,0.006753,0.005394,0.006174,0.005991,0.003781,0.002017,0.001935,0.000156,1.4341,61.32,29.53,0.0436,0.001097,60.0
TRAN_F0843_tran_sim_27_W11,val,Transient,7,0.628372,1.182094,1.881202,0.8941,37.2,60.0,60.0087,13.93,108.0,-3.2e-05,0.394851,0.628372,-1.150587,1.182094,2.332681,0.0025,0.611403,-0.0045,-1.3721,0.560967,1.1202,2.1072,2.3148,0.024,0.871074,0.005988,0.004707,0.005343,0.00529,0.004389,0.003244,0.002109,0.001629,0.001636,0.001663,0.006874,0.005404,0.006134,0.006073,0.003724,0.00187,0.001909,0.000157,1.4385,61.32,29.6,0.0435,0.001093,60.0
TRAN_F0844_tran_sim_27_W12,val,Transient,7,0.628411,1.181898,1.880774,0.8922,37.2,60.0,60.0108,13.94,106.0,9.3e-05,0.3949,0.628411,-1.151208,1.181898,2.333106,0.00307,0.611778,-0.0045,-1.3719,0.560978,1.1202,2.1069,2.3144,0.024,0.871137,0.006009,0.004668,0.005396,0.005311,0.004492,0.003226,0.002102,0.001711,0.001903,0.001681,0.006898,0.005359,0.006194,0.006097,0.003703,0.001964,0.00193,0.00016,1.452,61.32,29.57,0.0435,0.001096,60.0
TRAN_F0845_tran_sim_27_W13,val,Transient,7,0.628331,1.182694,1.882278,0.9161,37.2,60.0,60.0101,13.93,104.2,0.00011,0.3948,0.628331,-1.151516,1.182694,2.33421,0.001991,0.611197,-0.0044,-1.3724,0.560975,1.1201,2.1083,2.3158,0.024,0.871019,0.005998,0.004855,0.005523,0.005488,0.004491,0.00316,0.00208,0.001899,0.001747,0.001636,0.006886,0.005574,0.006341,0.006301,0.003628,0.00218,0.001878,0.000164,1.4703,61.33,29.8,0.0435,0.001108,60.0
TRAN_F0846_tran_sim_27_W14,val,Transient,7,0.628326,1.182655,1.882232,0.8964,37.2,60.0,60.0101,13.93,102.2,-9.4e-05,0.394793,0.628326,-1.148022,1.182655,2.330677,0.004229,0.609424,-0.0046,-1.372,0.560921,1.1202,2.1084,2.316,0.024,0.871007,0.00609,0.004788,0.005206,0.005224,0.004425,0.003277,0.002016,0.001749,0.001683,0.0017,0.006992,0.005497,0.005977,0.005998,0.003762,0.002008,0.001952,0.000158,1.4431,61.33,29.72,0.0435,0.001109,60.0
TRAN_F0847_tran_sim_27_W15,val,Transient,7,0.628335,1.183295,1.883222,0.902,37.2,60.0,60.0137,13.94,100.2,-0.000248,0.394805,0.628335,-1.148841,1.183295,2.332135,0.000323,0.612493,-0.0038,-1.3721,0.560957,1.1201,2.1094,2.3167,0.024,0.871039,0.005801,0.004737,0.005525,0.005434,0.004542,0.003124,0.002068,0.001692,0.001634,0.001525,0.00666,0.005438,0.006343,0.006239,0.003587,0.001943,0.001751,0.000159,1.4476,61.32,29.56,0.0435,0.0011,60.0
TRAN_F0848_tran_sim_27_W16,val,Transient,7,0.628371,1.181581,1.880388,0.8867,37.2,60.0,60.0095,13.93,98.4,-0.000284,0.39485,0.628371,-1.149281,1.181581,2.330862,0.003296,0.610488,-0.004,-1.3724,0.560983,1.1201,2.1063,2.3134,0.024,0.871111,0.00588,0.004626,0.005291,0.005383,0.00454,0.003047,0.001995,0.001752,0.001625,0.001638,0.00675,0.00531,0.006074,0.006179,0.003498,0.002011,0.00188,0.000155,1.4292,61.32,29.58,0.0434,0.001103,60.0
TRAN_F0849_tran_sim_27_W17,val,Transient,7,0.628408,1.182332,1.881471,0.9019,37.2,60.0,60.0096,13.94,96.4,-0.000222,0.394897,0.628408,-1.151406,1.182332,2.333738,0.002657,0.61047,-0.0038,-1.3723,0.561015,1.1201,2.1075,2.315,0.024,0.871172,0.005771,0.004735,0.005478,0.005416,0.004395,0.003159,0.002098,0.001742,0.001674,0.001681,0.006624,0.005435,0.006288,0.006217,0.003626,0.002,0.00193,0.000157,1.4383,61.32,29.53,0.0434,0.001098,60.0
TRAN_F0850_tran_sim_27_W18,val,Transient,7,0.628313,1.182002,1.881233,0.903,37.2,60.0,60.0086,13.93,94.4,-0.000188,0.394777,0.628313,-1.147814,1.182002,2.329817,0.001045,0.610007,-0.0042,-1.3719,0.560881,1.1202,2.1074,2.3152,0.024,0.871022,0.005783,0.004817,0.005517,0.005361,0.004541,0.003149,0.002083,0.001708,0.001627,0.001716,0.006639,0.00553,0.006334,0.006155,0.003615,0.001961,0.00197,0.000159,1.4477,61.32,29.65,0.0435,0.001102,60.0
TRAN_F0851_tran_sim_27_W19,val,Transient,7,0.62836,1.18705,1.889125,0.9109,37.2,60.0,60.0109,13.94,92.6,-1.6e-05,0.394836,0.62836,-1.149479,1.18705,2.336529,0.000851,0.610774,-0.0041,-1.3717,0.56093,1.1202,2.1162,2.3242,0.024,0.871124,0.00594,0.004579,0.005401,0.005602,0.004372,0.003259,0.002143,0.001774,0.001659,0.001755,0.006819,0.005256,0.0062,0.006431,0.003741,0.002036,0.002015,0.00016,1.452,61.32,29.63,0.0434,0.001092,60.0
TRAN_F0852_tran_sim_27_W20,val,Transient,7,0.628465,1.183348,1.882917,0.9022,37.2,60.0,60.0101,13.93,90.6,-7.8e-05,0.394969,0.628465,-1.151385,1.183348,2.334733,0.002161,0.610725,-0.0048,-1.3716,0.56101,1.1202,2.1093,2.3171,0.024,0.871266,0.006108,0.004802,0.005317,0.005342,0.004525,0.003192,0.002129,0.001746,0.001672,0.001709,0.00701,0.005512,0.006103,0.006131,0.003664,0.002004,0.001962,0.000161,1.4563,61.32,29.57,0.0434,0.001099,60.0
TRAN_F0853_tran_sim_27_W21,val,Transient,7,0.628448,1.183288,1.882874,0.9195,37.2,60.0,60.0099,13.93,88.6,0.000112,0.394947,0.628448,-1.151319,1.183288,2.334608,0.000339,0.611836,-0.0047,-1.372,0.561031,1.1202,2.1091,2.3166,0.024,0.871243,0.006012,0.004856,0.005283,0.005427,0.004408,0.003339,0.002094,0.001679,0.00178,0.001536,0.0069,0.005574,0.006064,0.006229,0.003832,0.001927,0.001763,0.00016,1.4518,61.32,29.59,0.0434,0.001099,60.0
TRAN_F0854_tran_sim_27_W22,val,Transient,7,0.628369,1.183695,1.883757,0.9026,37.2,60.0,60.0112,13.94,86.8,5e-06,0.394848,0.628369,-1.149761,1.183695,2.333456,0.002819,0.609418,-0.0045,-1.3721,0.561013,1.1201,2.1099,2.3168,0.024,0.871144,0.005952,0.004776,0.005456,0.005433,0.004503,0.003083,0.002121,0.001778,0.001679,0.001709,0.006832,0.005482,0.006263,0.006237,0.003539,0.002041,0.001962,0.000161,1.4565,61.32,29.66,0.0434,0.001093,60.0
TRAN_F0855_tran_sim_27_W23,val,Transient,7,0.628367,1.182737,1.88224,0.9088,37.2,60.0,60.0099,13.92,84.8,-5.7e-05,0.394845,0.628367,-1.149498,1.182737,2.332235,0.001397,0.611026,-0.004,-1.3716,0.560909,1.1203,2.1086,2.3165,0.023,0.871106,0.005904,0.004779,0.005443,0.005427,0.004415,0.00322,0.002055,0.001686,0.001546,0.001758,0.006778,0.005486,0.006248,0.00623,0.003696,0.001935,0.002018,0.000159,1.4475,61.32,29.5,0.0435,0.001093,60.0
TRAN_F0856_tran_sim_27_W24,val,Transient,7,0.628359,1.181182,1.87979,0.8955,37.2,60.0,60.0131,13.93,82.8,-0.000211,0.394835,0.628359,-1.152638,1.181182,2.33382,0.001638,0.609608,-0.004,-1.3719,0.560932,1.1202,2.1058,2.3134,0.024,0.871144,0.005734,0.004698,0.005484,0.005284,0.004526,0.003296,0.002053,0.001714,0.001702,0.001745,0.006582,0.005393,0.006295,0.006066,0.003784,0.001968,0.002003,0.000157,1.4383,61.33,29.8,0.0434,0.001112,60.0
TRAN_F0857_tran_sim_27_W25,val,Transient,7,0.628456,1.182476,1.881559,0.9102,37.2,60.0,60.0118,13.94,81.0,-0.000276,0.394956,0.628456,-1.152477,1.182476,2.334953,0.000366,0.610612,-0.0037,-1.3723,0.561024,1.1202,2.1077,2.3153,0.024,0.871297,0.005763,0.004797,0.005472,0.005417,0.004535,0.003247,0.002176,0.001821,0.001673,0.00177,0.006614,0.005506,0.00628,0.006217,0.003727,0.00209,0.002031,0.000161,1.4563,61.33,29.87,0.0433,0.001121,60.0
TRAN_F0858_tran_sim_27_W26,val,Transient,7,0.628523,1.183396,1.882821,0.9028,37.2,60.0,60.0073,13.93,79.0,-0.000242,0.395041,0.628523,-1.148634,1.183396,2.33203,0.001888,0.611556,-0.0036,-1.3722,0.561094,1.1202,2.1091,2.3166,0.024,0.871386,0.005725,0.004794,0.005296,0.005383,0.004517,0.003151,0.002057,0.001683,0.001632,0.001635,0.00657,0.005502,0.006078,0.006178,0.003616,0.001931,0.001876,0.000156,1.4333,61.32,29.54,0.0433,0.001105,60.0
TRAN_F0859_tran_sim_27_W27,val,Transient,7,0.628295,1.182666,1.882343,0.901,37.2,60.0,60.0076,13.93,77.4,-0.000161,0.394754,0.628295,-1.151066,1.182666,2.333732,0.001099,0.610455,-0.0043,-1.3717,0.560854,1.1202,2.1087,2.3167,0.024,0.871071,0.005921,0.004638,0.005497,0.005422,0.004326,0.003269,0.001985,0.001807,0.001766,0.001598,0.006797,0.005324,0.006311,0.006225,0.003753,0.002074,0.001835,0.000158,1.443,61.32,29.61,0.0433,0.001102,60.0
TRAN_F0860_tran_sim_27_W28,val,Transient,7,0.628366,1.183645,1.883687,0.8953,37.2,60.0,60.009,13.93,79.2,-4.9e-05,0.394844,0.628366,-1.150389,1.183645,2.334034,0.004314,0.609018,-0.0044,-1.3717,0.56095,1.1202,2.1101,2.3173,0.024,0.871187,0.005993,0.004631,0.005379,0.0054,0.004546,0.003198,0.002012,0.001817,0.001624,0.001586,0.006879,0.005316,0.006174,0.006198,0.003671,0.002086,0.001821,0.000159,1.4474,61.32,29.66,0.0433,0.001102,60.0
TRAN_F0861_tran_sim_27_W29,val,Transient,7,0.628376,1.182121,1.881231,0.8967,37.2,60.0,60.0096,13.94,81.2,-3.3e-05,0.394857,0.628376,-1.149963,1.182121,2.332083,0.003803,0.611098,-0.0045,-1.3725,0.560991,1.1201,2.1072,2.3144,0.024,0.871219,0.006063,0.004622,0.005583,0.005369,0.004368,0.003291,0.002032,0.001792,0.001677,0.001725,0.006959,0.005305,0.006408,0.006163,0.003777,0.002057,0.00198,0.000161,1.4564,61.32,29.57,0.0433,0.001097,60.0
TRAN_F0862_tran_sim_27_W30,val,Transient,7,0.628423,1.181934,1.880792,0.9125,37.2,60.0,60.0109,13.93,83.2,1.2e-05,0.394916,0.628423,-1.151103,1.181934,2.333036,0.003593,0.611726,-0.0046,-1.3723,0.56101,1.1202,2.1068,2.314,0.024,0.871276,0.00606,0.004877,0.005407,0.00539,0.004503,0.003221,0.001986,0.001923,0.001708,0.001813,0.006955,0.005598,0.006206,0.006186,0.003697,0.002207,0.002081,0.000163,1.4653,61.33,29.71,0.0433,0.001096,60.0
TRAN_F0863_tran_sim_27_W31,val,Transient,7,0.628287,1.184113,1.884671,0.8956,37.2,60.0,60.0121,13.93,85.2,-0.000173,0.394744,0.628287,-1.15113,1.184113,2.335243,0.003043,0.61073,-0.0041,-1.3719,0.560893,1.1202,2.1111,2.3186,0.024,0.871074,0.005903,0.004747,0.005385,0.005326,0.004402,0.003155,0.001989,0.001763,0.00166,0.001701,0.006777,0.00545,0.006182,0.006114,0.003622,0.002024,0.001953,0.000157,1.4385,61.33,29.65,0.0433,0.001105,60.0
TRAN_F0864_tran_sim_28_W00,val,Transient,7,0.588714,1.000825,1.700019,0.9088,33.4,60.0,59.97,17.48,132.0,0.000273,0.346584,0.588714,-0.991222,1.000825,1.992048,0.007871,0.579731,-0.0096,-1.4456,0.527763,1.1155,1.8964,2.08,0.024,0.82554,0.009369,0.004948,0.004521,0.004921,0.00355,0.002753,0.002103,0.001991,0.001863,0.001628,0.011349,0.005994,0.005476,0.005961,0.003335,0.002412,0.001972,0.000192,1.6785,61.33,32.0,0.0229,0.001204,60.0
TRAN_F0865_tran_sim_28_W01,val,Transient,7,0.588709,1.001195,1.700661,0.9421,33.6,60.0,59.9695,17.46,130.0,0.000295,0.346579,0.588709,-0.991499,1.001195,1.992694,0.007535,0.578235,-0.0097,-1.4454,0.527748,1.1155,1.8971,2.0809,0.024,0.825514,0.009404,0.005048,0.004552,0.005246,0.003619,0.002735,0.002226,0.002024,0.00192,0.001716,0.011392,0.006115,0.005514,0.006355,0.003313,0.002452,0.002079,0.000198,1.7045,61.34,32.11,0.023,0.001228,60.0
TRAN_F0866_tran_sim_28_W02,val,Transient,7,0.588912,0.995868,1.69103,0.9428,33.6,60.0,59.9687,17.47,128.2,1.9e-05,0.346818,0.588912,-0.993273,0.995868,1.989141,0.009658,0.577447,-0.0092,-1.4466,0.52804,1.1153,1.886,2.0679,0.024,0.825803,0.009023,0.005385,0.00476,0.004939,0.0033,0.002688,0.002395,0.00198,0.001892,0.001646,0.010926,0.006521,0.005764,0.005981,0.003255,0.002398,0.001993,0.000192,1.6779,61.33,31.89,0.023,0.001187,60.0
TRAN_F0867_tran_sim_28_W03,val,Transient,7,0.588889,0.996677,1.69247,0.9157,33.6,60.0,59.9688,17.47,126.2,-0.000328,0.34679,0.588889,-0.992046,0.996677,1.988722,0.008073,0.579845,-0.008,-1.4464,0.527985,1.1154,1.8877,2.0696,0.024,0.825739,0.008764,0.004746,0.004582,0.005161,0.003669,0.00283,0.002336,0.002042,0.001871,0.001741,0.010614,0.005748,0.005549,0.00625,0.003427,0.002473,0.002108,0.000185,1.6472,61.34,32.14,0.023,0.001216,60.0
TRAN_F0868_tran_sim_28_W04,val,Transient,7,0.588618,0.996322,1.692646,0.9249,33.4,60.0,59.9717,17.48,124.2,-0.000437,0.346471,0.588618,-0.993806,0.996322,1.990128,0.008036,0.577199,-0.008,-1.4457,0.527697,1.1154,1.8881,2.0707,0.024,0.825337,0.009016,0.005064,0.004527,0.005079,0.003549,0.002614,0.00212,0.001925,0.001804,0.001555,0.010924,0.006136,0.005485,0.006154,0.003167,0.002332,0.001884,0.000187,1.6569,61.32,31.85,0.0231,0.001214,60.0
TRAN_F0869_tran_sim_28_W05,val,Transient,7,0.588667,1.000475,1.69956,0.9329,33.6,60.0,59.9711,17.47,122.4,-0.000509,0.346529,0.588667,-0.992116,1.000475,1.992591,0.008616,0.577403,-0.008,-1.4455,0.527753,1.1154,1.8957,2.0786,0.024,0.825394,0.009058,0.005111,0.004656,0.005077,0.003651,0.002719,0.002104,0.002036,0.001964,0.001666,0.010974,0.006192,0.005641,0.006151,0.003294,0.002467,0.002018,0.000192,1.6788,61.33,31.88,0.0231,0.001209,60.0
TRAN_F0870_tran_sim_28_W06,val,Transient,7,0.588817,0.999805,1.697989,0.9417,33.6,60.0,59.9698,17.47,120.4,-0.000252,0.346705,0.588817,-0.993669,0.999805,1.993474,0.007089,0.578811,-0.008,-1.4463,0.527927,1.1153,1.8938,2.0766,0.024,0.825617,0.009269,0.005318,0.004559,0.004962,0.003593,0.002749,0.002145,0.00222,0.001792,0.001671,0.011227,0.006441,0.005522,0.00601,0.00333,0.002689,0.002024,0.000196,1.6957,61.34,32.29,0.0231,0.001226,60.0
TRAN_F0871_tran_sim_28_W07,val,Transient,7,0.58889,0.999031,1.696463,0.9231,33.6,60.0,59.9752,17.5,118.4,-2.3e-05,0.346792,0.58889,-0.993163,0.999031,1.992194,0.008794,0.577943,-0.0094,-1.4466,0.528027,1.1153,1.892,2.0746,0.024,0.825683,0.009736,0.004857,0.004421,0.005229,0.003443,0.002678,0.002206,0.001957,0.001879,0.00186,0.011791,0.005882,0.005354,0.006333,0.003243,0.00237,0.002253,0.0002,1.7128,61.33,31.89,0.0232,0.001198,60.0
TRAN_F0872_tran_sim_28_W08,val,Transient,7,0.588873,1.003003,1.70326,0.9051,33.4,60.0,59.9712,17.48,116.6,0.000177,0.346771,0.588873,-0.99255,1.003003,1.995553,0.009245,0.577994,-0.0095,-1.4457,0.527932,1.1154,1.8999,2.0833,0.024,0.82566,0.009482,0.005054,0.004857,0.004852,0.003687,0.002599,0.002111,0.002086,0.001894,0.001725,0.011484,0.006121,0.005883,0.005877,0.003148,0.002526,0.002089,0.000198,1.7042,61.33,32.11,0.0232,0.001221,60.0
TRAN_F0873_tran_sim_28_W09,val,Transient,7,0.588664,0.99858,1.696351,0.9287,33.4,60.0,59.9677,17.45,114.6,0.00029,0.346525,0.588664,-0.995233,0.99858,1.993813,0.007058,0.578057,-0.01,-1.4456,0.527728,1.1155,1.8922,2.0754,0.024,0.82534,0.00948,0.005105,0.004693,0.005056,0.003727,0.00267,0.002145,0.002018,0.001842,0.001744,0.011486,0.006185,0.005686,0.006126,0.003235,0.002445,0.002113,0.0002,1.7135,61.33,31.98,0.0232,0.001222,60.0
TRAN_F0874_tran_sim_28_W10,val,Transient,7,0.58892,0.999928,1.697899,0.9378,33.6,60.0,59.9686,17.47,112.6,0.000166,0.346827,0.58892,-0.99306,0.999928,1.992988,0.009158,0.578444,-0.0096,-1.4459,0.52796,1.1155,1.8939,2.0772,0.024,0.825713,0.009201,0.005336,0.004351,0.004927,0.003681,0.002687,0.002041,0.002153,0.00195,0.001573,0.011143,0.006462,0.005269,0.005967,0.003254,0.002607,0.001905,0.000192,1.6781,61.33,32.11,0.0232,0.001204,60.0
TRAN_F0875_tran_sim_28_W11,val,Transient,7,0.58896,0.999009,1.696226,0.9287,33.6,60.0,59.971,17.47,110.8,-0.000147,0.346873,0.58896,-0.993424,0.999009,1.992433,0.008294,0.57851,-0.009,-1.4467,0.528177,1.1151,1.8914,2.0735,0.023,0.825735,0.008863,0.005099,0.004743,0.005096,0.003578,0.002616,0.002185,0.002174,0.001825,0.001571,0.010733,0.006175,0.005744,0.006171,0.003168,0.002633,0.001903,0.000188,1.6605,61.33,31.89,0.0233,0.001188,60.0
TRAN_F0876_tran_sim_28_W12,val,Transient,7,0.588853,0.996756,1.692707,0.9116,33.4,60.0,59.97,17.48,108.8,-0.000356,0.346748,0.588853,-0.992701,0.996756,1.989458,0.008399,0.578443,-0.0079,-1.4456,0.527892,1.1155,1.8882,2.0711,0.024,0.825587,0.008907,0.004969,0.004537,0.004982,0.003532,0.00267,0.002135,0.002101,0.002041,0.001719,0.010789,0.006019,0.005495,0.006034,0.003234,0.002545,0.002082,0.000185,1.6475,61.33,32.11,0.0233,0.001215,60.0
TRAN_F0877_tran_sim_28_W13,val,Transient,7,0.588707,0.998268,1.695696,0.9423,33.6,60.0,59.9723,17.48,106.8,-0.000519,0.346575,0.588707,-0.993397,0.998268,1.991664,0.009112,0.577479,-0.008,-1.4458,0.527791,1.1154,1.8914,2.0743,0.024,0.82536,0.009154,0.005292,0.004611,0.005042,0.003597,0.002657,0.002277,0.002035,0.00179,0.001693,0.011091,0.006412,0.005587,0.006109,0.003219,0.002466,0.002051,0.000194,1.6876,61.33,32.0,0.0233,0.00121,60.0
TRAN_F0878_tran_sim_28_W14,val,Transient,7,0.588753,1.000525,1.699395,0.9365,33.6,60.0,59.9708,17.47,105.0,-0.000473,0.34663,0.588753,-0.991454,1.000525,1.991978,0.008412,0.579339,-0.0077,-1.4459,0.527852,1.1154,1.8955,2.0787,0.024,0.825425,0.009085,0.005167,0.004575,0.005143,0.003601,0.00257,0.002084,0.001924,0.001829,0.001742,0.011006,0.00626,0.005543,0.006231,0.003114,0.002331,0.00211,0.000191,1.6743,61.33,31.89,0.0233,0.001214,60.0
TRAN_F0879_tran_sim_28_W15,val,Transient,7,0.58891,0.998364,1.695274,0.9246,33.6,60.0,59.9678,17.48,103.0,-0.000191,0.346815,0.58891,-0.991576,0.998364,1.98994,0.007324,0.578354,-0.0081,-1.447,0.52805,1.1153,1.8907,2.0737,0.024,0.825654,0.009552,0.005244,0.004462,0.004898,0.00363,0.002603,0.002105,0.001914,0.001983,0.001741,0.011569,0.006351,0.005404,0.005932,0.003153,0.002318,0.002109,0.000198,1.7043,61.33,32.07,0.0233,0.00122,60.0
TRAN_F0880_tran_sim_28_W16,val,Transient,7,0.588831,0.998633,1.695959,0.9166,33.6,60.0,59.9699,17.47,101.0,0.000162,0.346722,0.588831,-0.994142,0.998633,1.992775,0.01194,0.57783,-0.0098,-1.446,0.527909,1.1154,1.8917,2.0742,0.024,0.8255,0.009811,0.004924,0.00473,0.005049,0.003647,0.002742,0.001933,0.002014,0.001836,0.001665,0.011885,0.005965,0.00573,0.006116,0.003322,0.00244,0.002017,0.000203,1.726,61.33,31.88,0.0234,0.001197,60.0
TRAN_F0881_tran_sim_28_W17,val,Transient,7,0.588684,0.99896,1.69694,0.9115,33.6,60.0,59.9684,17.47,99.0,0.000224,0.346548,0.588683,-0.992625,0.99896,1.991586,0.011816,0.578068,-0.0099,-1.4454,0.527753,1.1155,1.8929,2.0754,0.024,0.825285,0.009579,0.004996,0.004605,0.004968,0.003561,0.002635,0.002053,0.002035,0.001886,0.001665,0.011607,0.006054,0.00558,0.00602,0.003193,0.002466,0.002017,0.000197,1.7007,61.32,31.92,0.0234,0.001204,60.0
TRAN_F0882_tran_sim_28_W18,val,Transient,7,0.588669,0.99767,1.694789,0.9388,33.6,60.0,59.9707,17.46,97.2,0.000264,0.346531,0.588669,-0.992429,0.99767,1.9901,0.01132,0.57758,-0.0095,-1.4455,0.527743,1.1154,1.8904,2.0728,0.024,0.825245,0.009413,0.005198,0.004561,0.005064,0.003528,0.002714,0.002181,0.002026,0.001992,0.00167,0.011406,0.006299,0.005527,0.006136,0.003289,0.002455,0.002024,0.000198,1.7051,61.34,32.16,0.0235,0.001229,60.0
TRAN_F0883_tran_sim_28_W19,val,Transient,7,0.588912,0.999931,1.697928,0.955,33.4,60.0,59.97,17.48,95.2,3.2e-05,0.346818,0.588912,-0.992175,0.999931,1.992105,0.013526,0.579369,-0.0095,-1.4467,0.528052,1.1153,1.8936,2.0758,0.024,0.825597,0.009084,0.005424,0.00458,0.004984,0.003516,0.002813,0.002041,0.001976,0.001996,0.001678,0.011003,0.00657,0.005548,0.006037,0.003407,0.002393,0.002032,0.000193,1.6827,61.33,32.02,0.0234,0.001197,60.0
TRAN_F0884_tran_sim_28_W20,val,Transient,7,0.588887,0.998263,1.69517,0.9148,33.6,60.0,59.9689,17.47,93.2,-0.000297,0.346787,0.588887,-0.992133,0.998263,1.990396,0.007503,0.577711,-0.0079,-1.4466,0.528008,1.1153,1.8906,2.0733,0.024,0.825527,0.008634,0.00485,0.004754,0.005136,0.003718,0.00267,0.001948,0.001963,0.00193,0.001634,0.010459,0.005875,0.005759,0.006221,0.003234,0.002378,0.001979,0.000182,1.6342,61.33,32.03,0.0235,0.001218,60.0
TRAN_F0885_tran_sim_28_W21,val,Transient,7,0.588784,0.999906,1.698258,0.9101,33.4,60.0,59.9714,17.46,91.4,-0.000485,0.346666,0.588783,-0.991963,0.999906,1.991869,0.008079,0.57814,-0.0079,-1.4454,0.527836,1.1155,1.8943,2.077,0.024,0.825356,0.008993,0.004948,0.004537,0.00503,0.003496,0.002577,0.002082,0.001971,0.001873,0.001586,0.010896,0.005995,0.005497,0.006094,0.003122,0.002388,0.001922,0.000184,1.6435,61.33,31.94,0.0236,0.001223,60.0
TRAN_F0886_tran_sim_28_W22,val,Transient,7,0.58864,1.000535,1.699741,0.9254,33.6,60.0,59.9699,17.47,89.4,-0.000584,0.346496,0.588639,-0.990362,1.000535,1.990897,0.009442,0.577681,-0.0078,-1.4457,0.527715,1.1155,1.896,2.0791,0.024,0.825164,0.009072,0.00505,0.004549,0.005056,0.003744,0.002691,0.002187,0.002003,0.001897,0.001703,0.010994,0.00612,0.005513,0.006127,0.003261,0.002427,0.002064,0.000191,1.6749,61.33,31.96,0.0236,0.001223,60.0
TRAN_F0887_tran_sim_28_W23,val,Transient,7,0.588891,0.999285,1.696892,0.9286,33.6,60.0,59.9681,17.47,87.4,-0.00038,0.346792,0.588891,-0.991566,0.999285,1.990851,0.009734,0.577365,-0.0078,-1.4461,0.527951,1.1154,1.8928,2.0756,0.024,0.825511,0.009285,0.00527,0.004735,0.004902,0.003421,0.00264,0.002079,0.002218,0.001879,0.00165,0.011248,0.006384,0.005736,0.005938,0.003198,0.002687,0.001999,0.000195,1.6916,61.34,32.27,0.0236,0.001223,60.0
TRAN_F0888_tran_sim_28_W24,val,Transient,7,0.589057,0.998431,1.694965,0.9267,33.6,60.0,59.968,17.48,85.6,-2.8e-05,0.346988,0.589057,-0.990728,0.998431,1.98916,0.007064,0.579486,-0.0091,-1.4473,0.528268,1.1151,1.89,2.072,0.024,0.825743,0.009697,0.005122,0.004308,0.005099,0.003709,0.002513,0.002176,0.002027,0.001927,0.001651,0.011743,0.006203,0.005217,0.006175,0.003043,0.002455,0.001999,0.0002,1.7127,61.33,32.18,0.0236,0.001205,60.0
TRAN_F0889_tran_sim_28_W25,val,Transient,7,0.58878,0.999065,1.696839,0.8945,33.6,60.0,59.9688,17.47,83.6,0.000164,0.346662,0.58878,-0.993574,0.999065,1.992639,0.009337,0.577366,-0.0098,-1.4458,0.527833,1.1155,1.8928,2.0757,0.024,0.825317,0.009583,0.004852,0.00478,0.004838,0.003668,0.002748,0.002033,0.002026,0.001866,0.001678,0.011611,0.005879,0.005792,0.005862,0.00333,0.002455,0.002033,0.000197,1.7006,61.33,31.96,0.0237,0.001201,60.0
TRAN_F0890_tran_sim_28_W26,val,Transient,7,0.588686,0.998867,1.696775,0.9314,33.6,60.0,59.9701,17.46,81.6,0.000185,0.346551,0.588686,-0.995144,0.998867,1.994011,0.008756,0.577668,-0.0094,-1.4456,0.527745,1.1155,1.8927,2.0759,0.024,0.825164,0.009318,0.005156,0.004544,0.004969,0.003525,0.00279,0.002086,0.001942,0.001924,0.001686,0.011292,0.006248,0.005507,0.006022,0.003381,0.002353,0.002043,0.000194,1.688,61.33,32.06,0.0237,0.001218,60.0
TRAN_F0891_tran_sim_28_W27,val,Transient,7,0.588745,0.999191,1.697155,0.9415,33.6,60.0,59.9672,17.47,79.8,8.2e-05,0.34662,0.588745,-0.993802,0.999191,1.992993,0.007745,0.576949,-0.0101,-1.4455,0.527798,1.1155,1.8931,2.0764,0.024,0.825268,0.009503,0.005184,0.004395,0.005164,0.00362,0.002612,0.002019,0.001999,0.001906,0.001665,0.011515,0.006282,0.005326,0.006257,0.003165,0.002422,0.002018,0.000198,1.7051,61.32,31.87,0.0237,0.001206,60.0
TRAN_F0892_tran_sim_28_W28,val,Transient,7,0.588932,0.996808,1.692569,0.9384,33.6,60.0,59.9703,17.47,79.4,-0.000122,0.346841,0.588932,-0.992316,0.996808,1.989124,0.008526,0.577386,-0.0088,-1.4465,0.52806,1.1153,1.8877,2.0701,0.024,0.825506,0.008805,0.005268,0.004784,0.004997,0.003449,0.0027,0.002354,0.002057,0.001772,0.00163,0.010666,0.006382,0.005795,0.006053,0.003271,0.002492,0.001975,0.000188,1.661,61.33,32.02,0.0237,0.001203,60.0
TRAN_F0893_tran_sim_28_W29,val,Transient,7,0.588886,1.001147,1.70007,0.9056,33.4,60.0,59.9687,17.47,81.4,-0.000426,0.346786,0.588886,-0.993064,1.001147,1.994211,0.007977,0.579511,-0.0078,-1.4463,0.527966,1.1154,1.8962,2.0792,0.024,0.825415,0.008771,0.004906,0.004657,0.004905,0.003559,0.002784,0.002255,0.002007,0.001936,0.001482,0.010626,0.005944,0.005642,0.005942,0.003373,0.002432,0.001795,0.000182,1.6344,61.33,32.05,0.0238,0.001209,60.0
TRAN_F0894_tran_sim_28_W30,val,Transient,7,0.588774,1.000041,1.698512,0.9275,33.6,60.0,59.9701,17.47,83.2,-0.000515,0.346655,0.588774,-0.995381,1.000041,1.995422,0.008868,0.576841,-0.0081,-1.4458,0.527857,1.1154,1.8945,2.077,0.024,0.825254,0.009047,0.005069,0.004502,0.005034,0.003645,0.00275,0.002089,0.002068,0.001897,0.001717,0.010963,0.006142,0.005455,0.0061,0.003332,0.002506,0.002081,0.000189,1.6659,61.33,31.94,0.0238,0.001223,60.0
TRAN_F0895_tran_sim_28_W31,val,Transient,7,0.588679,0.999628,1.698085,0.9418,33.6,60.0,59.9663,17.47,85.4,-0.000486,0.346543,0.588679,-0.991559,0.999628,1.991187,0.009047,0.57721,-0.0077,-1.4456,0.527738,1.1155,1.8942,2.0772,0.024,0.825111,0.009023,0.005133,0.004719,0.005169,0.00366,0.002705,0.002043,0.001952,0.001897,0.001582,0.010935,0.006221,0.005719,0.006265,0.003278,0.002366,0.001917,0.000192,1.6793,61.33,32.03,0.0238,0.001194,60.0
TRAN_F0896_tran_sim_29_W00,val,Transient,7,0.66392,1.269207,1.911688,0.9666,40.4,60.0,60.0302,13.3,28.2,-0.000569,0.440789,0.66392,-1.257461,1.269207,2.526668,0.004159,0.638883,-0.0054,-1.3277,0.590949,1.1235,2.1477,2.3627,0.024,0.916913,0.00681,0.00646,0.00571,0.005268,0.004324,0.003012,0.001921,0.001966,0.001731,0.001745,0.007427,0.007045,0.006227,0.005745,0.003285,0.002144,0.001903,0.00019,1.5033,61.29,26.86,0.0496,0.000903,60.0
TRAN_F0897_tran_sim_29_W01,val,Transient,7,0.663802,1.27234,1.916745,0.9329,40.4,60.0,60.0282,13.29,28.2,-0.000174,0.440633,0.663802,-1.260937,1.27234,2.533277,0.004614,0.637772,-0.006,-1.3258,0.590668,1.1238,2.1541,2.3703,0.024,0.916782,0.006978,0.006096,0.00619,0.005076,0.004473,0.003195,0.001838,0.001895,0.001746,0.001782,0.007611,0.006649,0.006752,0.005537,0.003485,0.002067,0.001944,0.000193,1.5153,61.3,26.9,0.0496,0.000883,60.0
TRAN_F0898_tran_sim_29_W02,val,Transient,7,0.663777,1.273277,1.91823,0.9218,40.4,60.0,60.0298,13.29,28.2,-7e-06,0.4406,0.663777,-1.257891,1.273277,2.531168,0.005627,0.639422,-0.0073,-1.3267,0.590745,1.1236,2.1554,2.3711,0.024,0.916764,0.007514,0.005856,0.005766,0.005344,0.004484,0.002925,0.001862,0.001894,0.001658,0.001697,0.008196,0.006388,0.00629,0.005829,0.003191,0.002066,0.001851,0.000194,1.5193,61.3,27.12,0.0496,0.000897,60.0
TRAN_F0899_tran_sim_29_W03,val,Transient,7,0.663998,1.271793,1.915358,0.9501,40.4,60.0,60.0296,13.3,28.2,0.00027,0.440893,0.663998,-1.259091,1.271793,2.530884,0.005447,0.641467,-0.0071,-1.3277,0.590968,1.1236,2.1521,2.3674,0.024,0.917138,0.007413,0.006374,0.005939,0.005206,0.004396,0.002862,0.001906,0.00171,0.001571,0.001761,0.008083,0.00695,0.006476,0.005676,0.003121,0.001864,0.00192,0.000198,1.5343,61.3,27.02,0.0495,0.000912,60.0
TRAN_F0900_tran_sim_29_W04,val,Transient,7,0.663878,1.269958,1.912938,0.9583,40.4,60.0,60.0313,13.31,28.2,0.000303,0.440734,0.663878,-1.259314,1.269958,2.529272,0.005917,0.639591,-0.0075,-1.3275,0.590931,1.1234,2.1491,2.3633,0.024,0.916967,0.007623,0.006407,0.005916,0.005201,0.004444,0.003019,0.001957,0.001979,0.001837,0.001804,0.008313,0.006987,0.006452,0.005672,0.003292,0.002158,0.001967,0.000204,1.5576,61.3,27.08,0.0495,0.000905,60.0
TRAN_F0901_tran_sim_29_W05,val,Transient,7,0.66385,1.27212,1.916277,0.9487,40.4,60.0,60.0319,13.3,28.2,1.8e-05,0.440696,0.66385,-1.260495,1.27212,2.532615,0.00749,0.641292,-0.0074,-1.3261,0.590821,1.1236,2.1531,2.3682,0.024,0.9169,0.00773,0.00641,0.005853,0.005055,0.004322,0.003004,0.001985,0.001974,0.001662,0.001834,0.008431,0.006991,0.006383,0.005513,0.003276,0.002153,0.002,0.000202,1.5501,61.3,26.98,0.0495,0.000902,60.0
TRAN_F0902_tran_sim_29_W06,val,Transient,7,0.663813,1.271616,1.915623,0.9305,40.4,60.0,60.03,13.29,28.2,-0.000249,0.440648,0.663813,-1.257987,1.271616,2.529603,0.007167,0.639559,-0.0056,-1.3255,0.590696,1.1238,2.1527,2.3681,0.024,0.916882,0.007004,0.006051,0.005795,0.005304,0.004355,0.002834,0.001951,0.001788,0.001839,0.001865,0.007639,0.0066,0.00632,0.005785,0.003091,0.00195,0.002034,0.000188,1.4954,61.3,27.02,0.0495,0.000898,60.0
TRAN_F0903_tran_sim_29_W07,val,Transient,7,0.663946,1.270815,1.914035,0.949,40.4,60.0,60.0293,13.3,28.2,-0.000501,0.440824,0.663946,-1.257939,1.270815,2.528755,0.005778,0.640422,-0.0053,-1.3275,0.590968,1.1235,2.1504,2.3652,0.024,0.917144,0.006832,0.006429,0.006025,0.005076,0.004507,0.002942,0.001966,0.001895,0.001659,0.00177,0.007449,0.00701,0.006569,0.005535,0.003208,0.002066,0.00193,0.000192,1.5108,61.3,27.03,0.0493,0.000906,60.0
TRAN_F0904_tran_sim_29_W08,val,Transient,7,0.664055,1.273719,1.918093,0.9535,40.2,60.0,60.0309,13.3,28.2,-0.000684,0.440968,0.664055,-1.259317,1.273719,2.533036,0.005603,0.640376,-0.0059,-1.3273,0.591008,1.1236,2.1552,2.3707,0.024,0.917299,0.006866,0.006354,0.005726,0.005156,0.004388,0.00309,0.002044,0.001799,0.00183,0.001711,0.007485,0.006927,0.006242,0.005621,0.003369,0.001961,0.001865,0.000189,1.4987,61.3,26.98,0.0493,0.000916,60.0
TRAN_F0905_tran_sim_29_W09,val,Transient,7,0.663949,1.272925,1.917204,0.9642,40.4,60.0,60.0285,13.29,28.2,-0.000533,0.440828,0.663949,-1.25957,1.272925,2.532496,0.006149,0.639139,-0.0052,-1.3266,0.59091,1.1236,2.1542,2.3697,0.024,0.917134,0.006744,0.006572,0.005903,0.005191,0.004657,0.00284,0.002022,0.001731,0.00191,0.001726,0.007353,0.007166,0.006436,0.00566,0.003097,0.001887,0.001882,0.000194,1.5187,61.3,27.06,0.0493,0.000918,60.0
TRAN_F0906_tran_sim_29_W10,val,Transient,7,0.663766,1.275537,1.921667,0.9436,40.4,60.0,60.0264,13.28,28.2,-0.000247,0.440585,0.663766,-1.258222,1.275537,2.533759,0.007792,0.63963,-0.0064,-1.3259,0.590603,1.1239,2.1597,2.3763,0.024,0.916915,0.007036,0.006092,0.006142,0.005346,0.004256,0.003028,0.002083,0.001695,0.001785,0.001774,0.007674,0.006644,0.006699,0.00583,0.003302,0.001849,0.001935,0.000194,1.519,61.3,27.04,0.0493,0.00093,60.0
TRAN_F0907_tran_sim_29_W11,val,Transient,7,0.663917,1.271801,1.915602,0.9206,40.2,60.0,60.0255,13.28,28.2,0.000109,0.440786,0.663917,-1.260685,1.271801,2.532486,0.007709,0.640215,-0.0077,-1.3267,0.590899,1.1236,2.1523,2.3675,0.024,0.9172,0.007676,0.006026,0.00564,0.005124,0.004578,0.002955,0.001929,0.001781,0.001658,0.001899,0.008369,0.00657,0.006149,0.005587,0.003222,0.001942,0.00207,0.000196,1.5264,61.3,27.12,0.0492,0.000914,60.0
TRAN_F0908_tran_sim_29_W12,val,Transient,7,0.664071,1.27373,1.918063,0.9443,40.4,60.0,60.0286,13.3,28.2,0.000225,0.44099,0.664071,-1.258178,1.27373,2.531908,0.007057,0.640799,-0.007,-1.3277,0.59106,1.1235,2.155,2.3706,0.024,0.917437,0.007384,0.006267,0.005974,0.005198,0.004288,0.002959,0.001842,0.001793,0.001758,0.00194,0.008049,0.006831,0.006512,0.005666,0.003225,0.001954,0.002115,0.000197,1.5299,61.29,26.84,0.0491,0.00089,60.0
TRAN_F0909_tran_sim_29_W13,val,Transient,7,0.663969,1.272886,1.917086,0.9729,40.4,60.0,60.0291,13.3,28.2,0.000165,0.440855,0.663969,-1.25632,1.272886,2.529206,0.007996,0.640209,-0.0075,-1.327,0.590938,1.1236,2.154,2.3694,0.024,0.917306,0.007626,0.006422,0.006038,0.005364,0.004566,0.003104,0.001824,0.001965,0.001703,0.00187,0.008313,0.007001,0.006582,0.005848,0.003384,0.002142,0.002039,0.000209,1.576,61.3,26.94,0.0491,0.00091,60.0
TRAN_F0910_tran_sim_29_W14,val,Transient,7,0.663815,1.274149,1.919432,0.9467,40.4,60.0,60.0284,13.28,28.2,-5.5e-05,0.440651,0.663815,-1.25962,1.274149,2.533768,0.007053,0.641652,-0.0066,-1.3256,0.590714,1.1238,2.157,2.3731,0.024,0.917047,0.007445,0.006347,0.005878,0.005031,0.00441,0.003125,0.002173,0.001885,0.001685,0.001638,0.008118,0.006921,0.00641,0.005486,0.003408,0.002056,0.001786,0.000199,1.5383,61.3,27.05,0.0492,0.000892,60.0
TRAN_F0911_tran_sim_29_W15,val,Transient,7,0.663787,1.272083,1.916401,0.9241,40.2,60.0,60.0328,13.29,28.2,-0.000353,0.440614,0.663787,-1.259082,1.272083,2.531165,0.005918,0.640646,-0.0052,-1.3262,0.590724,1.1237,2.1534,2.3686,0.024,0.917065,0.006872,0.005901,0.006011,0.00524,0.00425,0.003088,0.002149,0.001889,0.00156,0.001751,0.007493,0.006435,0.006555,0.005714,0.003367,0.00206,0.001909,0.000187,1.4911,61.3,27.11,0.0491,0.000892,60.0
TRAN_F0912_tran_sim_29_W16,val,Transient,7,0.664018,1.271904,1.915467,0.9297,40.4,60.0,60.029,13.3,28.2,-0.000553,0.440919,0.664018,-1.257449,1.271904,2.529353,0.00651,0.640525,-0.0054,-1.3273,0.590988,1.1236,2.1522,2.3674,0.024,0.917453,0.006855,0.006278,0.00584,0.004986,0.004467,0.002913,0.002025,0.001809,0.001656,0.001751,0.007472,0.006843,0.006365,0.005435,0.003175,0.001972,0.001909,0.000187,1.4905,61.29,26.85,0.049,0.00089,60.0
TRAN_F0913_tran_sim_29_W17,val,Transient,7,0.664016,1.271489,1.914846,0.9631,40.4,60.0,60.0299,13.3,28.2,-0.000674,0.440917,0.664016,-1.258363,1.271489,2.529852,0.006016,0.641195,-0.0055,-1.327,0.590973,1.1236,2.1515,2.3667,0.024,0.917452,0.006815,0.006399,0.005809,0.005258,0.004507,0.00308,0.001953,0.002006,0.001786,0.001746,0.007428,0.006975,0.006332,0.005731,0.003357,0.002186,0.001903,0.000193,1.5142,61.3,27.05,0.049,0.000914,60.0
TRAN_F0914_tran_sim_29_W18,val,Transient,7,0.663824,1.272463,1.916868,0.9404,40.4,60.0,60.0301,13.29,28.2,-0.000366,0.440662,0.663824,-1.25818,1.272463,2.530643,0.006301,0.640618,-0.0056,-1.3259,0.590791,1.1236,2.1538,2.3688,0.024,0.917166,0.006773,0.006369,0.006042,0.004999,0.004666,0.002972,0.001943,0.002081,0.001545,0.001838,0.007385,0.006944,0.006588,0.00545,0.00324,0.002269,0.002004,0.000192,1.5108,61.3,26.95,0.049,0.000907,60.0
TRAN_F0915_tran_sim_29_W19,val,Transient,7,0.663761,1.274045,1.919434,0.9369,40.4,60.0,60.0323,13.29,28.2,-7.6e-05,0.440578,0.663761,-1.260111,1.274045,2.534156,0.006792,0.638904,-0.0069,-1.3265,0.590751,1.1236,2.1567,2.372,0.024,0.917143,0.007352,0.006006,0.005713,0.005346,0.00442,0.003032,0.001968,0.00201,0.001764,0.001755,0.008016,0.006549,0.006229,0.005829,0.003306,0.002192,0.001914,0.000194,1.5187,61.3,26.99,0.0489,0.000918,60.0
TRAN_F0916_tran_sim_29_W20,val,Transient,7,0.66398,1.271426,1.914855,0.9355,40.2,60.0,60.03,13.3,28.2,0.000102,0.440869,0.66398,-1.25725,1.271426,2.528676,0.006448,0.640428,-0.0068,-1.3275,0.590984,1.1235,2.1514,2.3664,0.024,0.917503,0.007326,0.006287,0.00588,0.005056,0.004297,0.002929,0.002076,0.001846,0.001778,0.001755,0.007985,0.006852,0.006409,0.005511,0.003192,0.002012,0.001913,0.000194,1.5181,61.3,27.11,0.0488,0.000896,60.0
TRAN_F0917_tran_sim_29_W21,val,Transient,7,0.663955,1.272739,1.916907,0.9467,40.2,60.0,60.0316,13.31,28.0,0.000172,0.440836,0.663955,-1.259101,1.272739,2.53184,0.005932,0.640254,-0.007,-1.3273,0.590924,1.1236,2.1538,2.3693,0.024,0.917508,0.007412,0.006275,0.006055,0.005158,0.004327,0.003076,0.001925,0.001867,0.001723,0.0017,0.008078,0.006839,0.006599,0.005622,0.003353,0.002035,0.001853,0.000199,1.5375,61.29,26.78,0.0488,0.000888,60.0
TRAN_F0918_tran_sim_29_W22,val,Transient,7,0.663879,1.269936,1.912902,0.9547,40.4,60.0,60.0292,13.29,28.2,6.1e-05,0.440736,0.663879,-1.257453,1.269936,2.527389,0.007086,0.640159,-0.0075,-1.3267,0.590886,1.1235,2.1492,2.3635,0.024,0.917361,0.007606,0.006359,0.006029,0.005225,0.004282,0.002994,0.001879,0.001948,0.00161,0.001833,0.008291,0.006932,0.006572,0.005696,0.003264,0.002123,0.001998,0.000203,1.5531,61.3,27.14,0.0488,0.000902,60.0
TRAN_F0919_tran_sim_29_W23,val,Transient,7,0.663672,1.272118,1.916787,0.9208,40.4,60.0,60.0325,13.29,28.2,-0.000278,0.440461,0.663672,-1.257878,1.272118,2.529996,0.004728,0.638714,-0.006,-1.3262,0.590567,1.1238,2.1541,2.3696,0.024,0.917119,0.007143,0.006052,0.00586,0.005127,0.004487,0.0029,0.001885,0.001817,0.001689,0.001872,0.007789,0.006599,0.00639,0.00559,0.003162,0.001981,0.002041,0.00019,1.503,61.3,27.14,0.0488,0.000919,60.0
TRAN_F0920_tran_sim_29_W24,val,Transient,7,0.663906,1.270889,1.91426,0.9321,40.4,60.0,60.0297,13.29,28.2,-0.00052,0.440771,0.663906,-1.259346,1.270889,2.530235,0.005224,0.639524,-0.0056,-1.327,0.5909,1.1236,2.1508,2.3656,0.024,0.917477,0.007017,0.006082,0.006183,0.005055,0.004461,0.003255,0.001912,0.001919,0.001744,0.001782,0.007648,0.006629,0.006739,0.00551,0.003548,0.002092,0.001942,0.000194,1.5181,61.3,26.95,0.0487,0.000899,60.0
TRAN_F0921_tran_sim_29_W25,val,Transient,7,0.66398,1.272038,1.915778,0.9556,40.4,60.0,60.0337,13.31,28.2,-0.000625,0.440869,0.663979,-1.256974,1.272038,2.529012,0.005226,0.639919,-0.0053,-1.3277,0.59097,1.1235,2.1525,2.3677,0.024,0.917627,0.006843,0.006409,0.00584,0.005205,0.004354,0.002955,0.001888,0.001848,0.001824,0.001674,0.007457,0.006984,0.006364,0.005672,0.00322,0.002014,0.001824,0.00019,1.5021,61.29,26.65,0.0486,0.000894,60.0
TRAN_F0922_tran_sim_29_W26,val,Transient,7,0.663832,1.270384,1.913713,0.9675,40.4,60.0,60.0279,13.29,28.2,-0.000546,0.440673,0.663832,-1.260626,1.270384,2.531011,0.007772,0.639784,-0.0055,-1.3272,0.590823,1.1236,2.1502,2.3648,0.024,0.917402,0.006753,0.006412,0.005718,0.00534,0.00457,0.003025,0.001965,0.001767,0.00168,0.00176,0.007361,0.006989,0.006233,0.005821,0.003297,0.001926,0.001918,0.000191,1.5065,61.3,26.95,0.0487,0.000907,60.0
TRAN_F0923_tran_sim_29_W27,val,Transient,7,0.663811,1.270823,1.914434,0.9449,40.4,60.0,60.0305,13.29,28.2,-0.000243,0.440645,0.663811,-1.25916,1.270823,2.529982,0.005944,0.639765,-0.0059,-1.326,0.590688,1.1238,2.1514,2.3669,0.024,0.917371,0.006804,0.006253,0.006156,0.005094,0.004341,0.003177,0.001918,0.001764,0.001983,0.001598,0.007417,0.006816,0.00671,0.005553,0.003463,0.001923,0.001742,0.000191,1.5065,61.31,27.2,0.0487,0.000889,60.0
TRAN_F0924_tran_sim_29_W28,val,Transient,7,0.663777,1.27146,1.915494,0.9137,40.4,60.0,60.0277,13.29,28.2,-5.4e-05,0.4406,0.663777,-1.259912,1.27146,2.531373,0.008033,0.640184,-0.0073,-1.3266,0.590776,1.1236,2.1522,2.3669,0.024,0.91737,0.007523,0.005947,0.005657,0.00507,0.00456,0.003031,0.001913,0.001754,0.001741,0.001694,0.008201,0.006483,0.006167,0.005527,0.003304,0.001912,0.001847,0.000192,1.5104,61.3,27.0,0.0486,0.000892,60.0
TRAN_F0925_tran_sim_29_W29,val,Transient,7,0.663957,1.273525,1.918084,0.9548,40.4,60.0,60.0274,13.3,28.2,0.000192,0.440839,0.663957,-1.260899,1.273525,2.534424,0.005393,0.639922,-0.007,-1.3271,0.590928,1.1236,2.1551,2.3704,0.024,0.917683,0.007328,0.006466,0.005796,0.005158,0.004397,0.002892,0.001839,0.001777,0.001692,0.001671,0.007985,0.007046,0.006316,0.005621,0.003151,0.001936,0.001821,0.000196,1.5256,61.29,26.86,0.0485,0.000898,60.0
TRAN_F0926_tran_sim_29_W30,val,Transient,7,0.66397,1.273683,1.918283,0.9674,40.4,60.0,60.0325,13.3,28.2,0.000238,0.440857,0.66397,-1.256599,1.273683,2.530282,0.005724,0.639707,-0.0069,-1.327,0.590929,1.1236,2.1554,2.3704,0.024,0.917706,0.007531,0.006379,0.005963,0.00533,0.004447,0.003117,0.002041,0.001873,0.001801,0.001782,0.008206,0.006951,0.006498,0.005808,0.003397,0.002041,0.001942,0.000205,1.5602,61.3,27.2,0.0485,0.000921,60.0
TRAN_F0927_tran_sim_29_W31,val,Transient,7,0.663771,1.271916,1.916198,0.9147,40.4,60.0,60.0264,13.29,28.2,-6.9e-05,0.440592,0.663771,-1.257977,1.271916,2.529894,0.007418,0.639396,-0.0066,-1.3266,0.590762,1.1236,2.153,2.3675,0.024,0.917425,0.007448,0.006185,0.005776,0.00491,0.004446,0.002839,0.001944,0.001877,0.001867,0.001758,0.008118,0.006742,0.006296,0.005352,0.003095,0.002046,0.001916,0.000193,1.5143,61.3,27.15,0.0485,0.000889,60.0
TRAN_F0928_tran_sim_30_W00,val,Transient,7,0.609662,1.090588,1.788839,0.8906,37.2,60.0,59.9778,15.31,129.2,0.000104,0.371688,0.609662,-1.089958,1.090588,2.180546,0.000757,0.593941,-0.0052,-1.3984,0.544924,1.1188,2.0014,2.1976,0.024,0.850156,0.007372,0.005574,0.005402,0.004522,0.003815,0.002411,0.001811,0.001577,0.001566,0.001586,0.008671,0.006556,0.006354,0.005319,0.002836,0.001855,0.001866,0.000166,1.5155,61.07,26.29,0.033,0.000841,60.0
TRAN_F0929_tran_sim_30_W01,val,Transient,7,0.609758,1.093808,1.79384,0.9039,37.2,60.0,59.9828,15.35,127.2,-0.000158,0.371804,0.609758,-1.089047,1.093808,2.182855,0.00223,0.594192,-0.005,-1.3988,0.54507,1.1187,2.0067,2.2033,0.024,0.850284,0.007588,0.0057,0.005212,0.004631,0.003715,0.002265,0.001872,0.001668,0.001594,0.001498,0.008924,0.006704,0.00613,0.005446,0.002664,0.001962,0.001762,0.000169,1.5289,61.06,26.09,0.033,0.000835,60.0
TRAN_F0930_tran_sim_30_W02,val,Transient,7,0.609671,1.093215,1.793124,0.9139,37.2,60.0,59.9819,15.34,125.4,-0.000306,0.371698,0.609671,-1.089608,1.093215,2.182823,0.002356,0.594191,-0.0042,-1.3983,0.544912,1.1188,2.0062,2.203,0.024,0.850149,0.007188,0.005785,0.005449,0.004545,0.00359,0.002498,0.001789,0.001718,0.001534,0.001596,0.008455,0.006805,0.006409,0.005346,0.002938,0.002021,0.001877,0.000166,1.5155,61.07,26.24,0.033,0.000844,60.0
TRAN_F0931_tran_sim_30_W03,val,Transient,7,0.609636,1.090062,1.788054,0.8918,37.2,60.0,59.9831,15.34,123.4,-0.000457,0.371655,0.609635,-1.089538,1.090062,2.1796,0.001947,0.59223,-0.0042,-1.3979,0.544846,1.1189,2.0007,2.197,0.024,0.850069,0.007102,0.005547,0.005139,0.004535,0.003671,0.002476,0.001691,0.001705,0.001547,0.001489,0.008355,0.006525,0.006045,0.005335,0.002913,0.002006,0.001752,0.000158,1.4787,61.07,26.35,0.0331,0.00085,60.0
TRAN_F0932_tran_sim_30_W04,val,Transient,7,0.609618,1.094194,1.794885,0.8988,37.2,60.0,59.9741,15.29,121.4,-0.00039,0.371634,0.609618,-1.090166,1.094194,2.18436,-1.1e-05,0.592393,-0.0045,-1.3977,0.544832,1.1189,2.0083,2.2051,0.024,0.850049,0.007092,0.005567,0.00515,0.0046,0.003545,0.002496,0.001635,0.001628,0.00164,0.001535,0.008343,0.006549,0.006058,0.005411,0.002936,0.001915,0.001806,0.000158,1.4787,61.07,26.09,0.0331,0.000831,60.0
TRAN_F0933_tran_sim_30_W05,val,Transient,7,0.6098,1.092877,1.792191,0.9006,37.2,60.0,59.982,15.33,119.6,-0.00028,0.371856,0.6098,-1.092877,1.092497,2.185375,0.00144,0.594119,-0.0044,-1.3984,0.545067,1.1188,2.005,2.2015,0.024,0.850282,0.006892,0.00551,0.005265,0.004741,0.003755,0.002409,0.001811,0.001662,0.001655,0.001472,0.008106,0.00648,0.006192,0.005576,0.002833,0.001955,0.001731,0.000159,1.483,61.07,26.25,0.0331,0.000851,60.0
TRAN_F0934_tran_sim_30_W06,val,Transient,7,0.609799,1.092884,1.792205,0.922,37.2,60.0,59.9796,15.32,117.6,-4.6e-05,0.371854,0.609799,-1.090737,1.092884,2.183621,0.003034,0.593608,-0.0053,-1.3988,0.545108,1.1187,2.0049,2.2007,0.024,0.850257,0.00731,0.005909,0.005284,0.004493,0.003764,0.00252,0.001824,0.001781,0.001562,0.001548,0.008597,0.00695,0.006215,0.005284,0.002964,0.002095,0.001821,0.000168,1.5244,61.08,26.47,0.0332,0.000852,60.0
TRAN_F0935_tran_sim_30_W07,val,Transient,7,0.609689,1.091162,1.789703,0.9111,37.2,60.0,59.9797,15.32,115.6,8.9e-05,0.371721,0.609689,-1.090377,1.091162,2.181539,0.002939,0.590489,-0.0053,-1.3977,0.544915,1.1189,2.0024,2.1985,0.024,0.850082,0.007343,0.005611,0.005069,0.004758,0.003674,0.002422,0.001956,0.001582,0.00165,0.001625,0.008638,0.006601,0.005963,0.005597,0.002849,0.001861,0.001912,0.000165,1.5111,61.06,26.25,0.0332,0.000842,60.0
TRAN_F0936_tran_sim_30_W08,val,Transient,7,0.609637,1.093616,1.793881,0.902,37.2,60.0,59.9816,15.33,113.8,0.00017,0.371657,0.609637,-1.088271,1.093616,2.181887,0.002796,0.592509,-0.0053,-1.3982,0.544914,1.1188,2.007,2.2034,0.024,0.850012,0.007435,0.005622,0.005363,0.004604,0.003682,0.002445,0.001702,0.001766,0.00151,0.001517,0.008747,0.006614,0.006309,0.005416,0.002876,0.002078,0.001785,0.000167,1.5203,61.07,26.15,0.0332,0.000846,60.0
TRAN_F0937_tran_sim_30_W09,val,Transient,7,0.609794,1.094847,1.795438,0.8948,37.2,60.0,59.9783,15.32,111.8,1.3e-05,0.371849,0.609794,-1.086235,1.094847,2.181082,0.002447,0.592319,-0.005,-1.3983,0.545048,1.1188,2.0087,2.2053,0.024,0.850236,0.007337,0.005555,0.005396,0.004545,0.003704,0.002523,0.001651,0.001677,0.001641,0.001761,0.008629,0.006533,0.006346,0.005346,0.002967,0.001972,0.002071,0.000166,1.5154,61.07,26.45,0.0332,0.000846,60.0
TRAN_F0938_tran_sim_30_W10,val,Transient,7,0.609814,1.09383,1.793712,0.9317,37.2,60.0,59.9807,15.33,109.8,-0.000121,0.371873,0.609814,-1.089456,1.09383,2.183286,-0.000778,0.593079,-0.0047,-1.3988,0.545111,1.1187,2.0066,2.2032,0.024,0.85025,0.007371,0.005932,0.005129,0.004593,0.003822,0.002542,0.001686,0.001726,0.001621,0.001513,0.008669,0.006977,0.006032,0.005402,0.00299,0.00203,0.001779,0.000169,1.529,61.07,26.37,0.0332,0.000851,60.0
TRAN_F0939_tran_sim_30_W11,val,Transient,7,0.609708,1.091966,1.790967,0.915,37.2,60.0,59.9804,15.33,108.0,-0.000329,0.371743,0.609707,-1.089682,1.091966,2.181648,-0.001598,0.59052,-0.0043,-1.3979,0.544912,1.1189,2.0039,2.2006,0.024,0.850079,0.007134,0.005705,0.005315,0.004701,0.003623,0.002418,0.001822,0.001749,0.001569,0.001581,0.008392,0.006711,0.006252,0.00553,0.002844,0.002057,0.00186,0.000164,1.5065,61.06,26.15,0.0333,0.000848,60.0
TRAN_F0940_tran_sim_30_W12,val,Transient,7,0.609581,1.092363,1.791989,0.9038,37.2,60.0,59.9825,15.33,106.0,-0.000454,0.371589,0.609581,-1.088373,1.092363,2.180736,0.000922,0.591451,-0.0041,-1.3978,0.544823,1.1189,2.005,2.2018,0.024,0.849879,0.006992,0.005671,0.00539,0.00455,0.003749,0.002478,0.001795,0.001628,0.001605,0.00162,0.008227,0.006673,0.006342,0.005354,0.002916,0.001916,0.001906,0.000162,1.4976,61.07,26.27,0.0333,0.000858,60.0
TRAN_F0941_tran_sim_30_W13,val,Transient,7,0.609783,1.089616,1.786892,0.8935,37.2,60.0,59.9778,15.31,104.0,-0.000316,0.371835,0.609783,-1.08754,1.089616,2.177156,-0.00035,0.592469,-0.0039,-1.398,0.545002,1.1189,1.9993,2.195,0.024,0.85016,0.006913,0.005544,0.005109,0.00459,0.003829,0.002428,0.001679,0.001615,0.001612,0.001474,0.008131,0.006521,0.006009,0.005399,0.002856,0.0019,0.001734,0.000156,1.4691,61.07,26.43,0.0333,0.000869,60.0
TRAN_F0942_tran_sim_30_W14,val,Transient,7,0.609815,1.092094,1.790862,0.915,37.2,60.0,59.9817,15.33,102.2,-0.000198,0.371874,0.609815,-1.087454,1.092094,2.179548,0.001467,0.594176,-0.0048,-1.3987,0.545096,1.1187,2.0035,2.1999,0.024,0.850205,0.00705,0.005741,0.005375,0.00463,0.003694,0.002474,0.001654,0.001714,0.001501,0.001556,0.008292,0.006752,0.006322,0.005446,0.00291,0.002016,0.00183,0.000163,1.5017,61.07,26.37,0.0333,0.000853,60.0
TRAN_F0943_tran_sim_30_W15,val,Transient,7,0.609756,1.0945,1.794979,0.9125,37.2,60.0,59.9817,15.33,100.2,-1e-05,0.371803,0.609756,-1.091195,1.0945,2.185695,0.000756,0.593107,-0.0053,-1.3981,0.545008,1.1188,2.0082,2.2049,0.024,0.850087,0.007322,0.005848,0.005155,0.004498,0.003782,0.002396,0.001558,0.001714,0.001612,0.00172,0.008613,0.006879,0.006064,0.005291,0.002819,0.002016,0.002023,0.000166,1.5156,61.07,26.26,0.0334,0.000835,60.0
TRAN_F0944_tran_sim_30_W16,val,Transient,7,0.609616,1.094292,1.795052,0.9139,37.2,60.0,59.9784,15.32,98.2,0.000162,0.371632,0.609616,-1.088979,1.094292,2.183271,0.000371,0.593063,-0.0056,-1.3979,0.544845,1.1189,2.0084,2.2059,0.024,0.84988,0.007411,0.005666,0.005254,0.004699,0.003627,0.002479,0.001699,0.001788,0.001599,0.001557,0.00872,0.006667,0.006182,0.005529,0.002917,0.002104,0.001832,0.000167,1.5205,61.07,26.15,0.0334,0.000847,60.0
TRAN_F0945_tran_sim_30_W17,val,Transient,7,0.609624,1.092919,1.792775,0.8917,37.2,60.0,59.9819,15.33,96.2,1e-05,0.371642,0.609624,-1.089651,1.092919,2.18257,0.000786,0.5934,-0.0057,-1.3981,0.544863,1.1189,2.0059,2.2024,0.024,0.849914,0.007633,0.005583,0.005207,0.004495,0.003789,0.002461,0.001864,0.0017,0.001726,0.001441,0.008981,0.006569,0.006127,0.005289,0.002896,0.002,0.001695,0.000169,1.5296,61.06,26.04,0.0334,0.000827,60.0
TRAN_F0946_tran_sim_30_W18,val,Transient,7,0.609817,1.09067,1.78852,0.912,37.2,60.0,59.977,15.32,94.4,-6.1e-05,0.371877,0.609817,-1.09067,1.089498,2.180168,0.001271,0.592116,-0.0054,-1.3985,0.545057,1.1188,2.001,2.1977,0.024,0.85017,0.00758,0.005646,0.005163,0.004696,0.003702,0.002486,0.001851,0.001806,0.001624,0.001508,0.008916,0.006641,0.006073,0.005524,0.002924,0.002124,0.001774,0.00017,1.5336,61.06,26.12,0.0334,0.000843,60.0
TRAN_F0947_tran_sim_30_W19,val,Transient,7,0.609814,1.093502,1.793173,0.9108,37.2,60.0,59.9826,15.34,92.4,-0.00034,0.371873,0.609814,-1.089293,1.093502,2.182795,-0.000797,0.594736,-0.004,-1.3988,0.545078,1.1188,2.0061,2.2024,0.024,0.850158,0.00729,0.0059,0.00522,0.004352,0.003773,0.00249,0.001706,0.001662,0.001623,0.001586,0.008575,0.00694,0.00614,0.005119,0.002929,0.001955,0.001866,0.000165,1.5109,61.07,26.28,0.0334,0.000859,60.0
TRAN_F0948_tran_sim_30_W20,val,Transient,7,0.609633,1.091887,1.791058,0.9051,37.2,60.0,59.9758,15.31,90.4,-0.00042,0.371652,0.609632,-1.088671,1.091887,2.180558,-0.000715,0.590505,-0.0041,-1.3975,0.544899,1.1188,2.0038,2.1997,0.024,0.849859,0.007086,0.005577,0.005313,0.004712,0.003744,0.00242,0.001695,0.001629,0.001613,0.001543,0.008338,0.006562,0.006252,0.005544,0.002848,0.001917,0.001816,0.000162,1.4977,61.07,26.3,0.0335,0.000844,60.0
TRAN_F0949_tran_sim_30_W21,val,Transient,7,0.609649,1.092351,1.79177,0.9043,37.2,60.0,59.9791,15.32,88.6,-0.00037,0.371672,0.609649,-1.089756,1.092351,2.182107,0.00117,0.592444,-0.0044,-1.3981,0.544906,1.1188,2.0047,2.2009,0.024,0.849888,0.007145,0.005682,0.005237,0.004563,0.003744,0.002441,0.001617,0.001743,0.001641,0.001633,0.008407,0.006686,0.006162,0.005369,0.002872,0.002051,0.001921,0.000163,1.5022,61.06,26.13,0.0335,0.000839,60.0
TRAN_F0950_tran_sim_30_W22,val,Transient,7,0.609715,1.091222,1.789723,0.9068,37.2,60.0,59.9804,15.34,86.6,-0.000284,0.371753,0.609715,-1.088585,1.091222,2.179807,-0.001206,0.591119,-0.0043,-1.3985,0.544963,1.1188,2.0024,2.1985,0.024,0.849997,0.006923,0.005571,0.005276,0.004643,0.003684,0.002609,0.001767,0.001717,0.001547,0.001481,0.008145,0.006554,0.006207,0.005462,0.003069,0.00202,0.001742,0.000159,1.4835,61.06,26.07,0.0334,0.000839,60.0
TRAN_F0951_tran_sim_30_W23,val,Transient,7,0.609893,1.093886,1.793571,0.9323,37.2,60.0,59.9772,15.32,84.6,-5.8e-05,0.37197,0.609893,-1.088513,1.093886,2.182399,0.003641,0.593295,-0.005,-1.3987,0.545209,1.1186,2.0064,2.2025,0.024,0.850194,0.007062,0.005915,0.005354,0.004689,0.003661,0.00242,0.001867,0.00172,0.00147,0.001595,0.008306,0.006957,0.006297,0.005515,0.002846,0.002023,0.001876,0.000166,1.5154,61.07,26.17,0.0335,0.000822,60.0
TRAN_F0952_tran_sim_30_W24,val,Transient,7,0.60969,1.092061,1.791174,0.9136,37.2,60.0,59.9801,15.33,82.8,5.9e-05,0.371722,0.60969,-1.089377,1.092061,2.181437,0.002119,0.593343,-0.0052,-1.3978,0.544908,1.1189,2.0041,2.2006,0.024,0.849899,0.007281,0.005652,0.005174,0.004745,0.003716,0.002414,0.001812,0.00171,0.001542,0.001451,0.008567,0.00665,0.006088,0.005583,0.00284,0.002012,0.001707,0.000165,1.5114,61.07,26.29,0.0336,0.000851,60.0
TRAN_F0953_tran_sim_30_W25,val,Transient,7,0.609627,1.091582,1.790573,0.9012,37.2,60.0,59.9783,15.33,80.8,0.000123,0.371646,0.609627,-1.088083,1.091582,2.179665,0.002171,0.593022,-0.0049,-1.3982,0.544876,1.1188,2.0034,2.1996,0.024,0.849817,0.007367,0.005661,0.005326,0.004559,0.003591,0.002412,0.001771,0.001733,0.001614,0.001545,0.008669,0.006661,0.006267,0.005365,0.002838,0.002039,0.001818,0.000165,1.5115,61.07,26.29,0.0336,0.000853,60.0
TRAN_F0954_tran_sim_30_W26,val,Transient,7,0.609726,1.091472,1.790103,0.8841,37.2,60.0,59.9803,15.33,78.8,4.2e-05,0.371766,0.609726,-1.088245,1.091472,2.179717,0.002432,0.593366,-0.0051,-1.3983,0.544949,1.1189,2.0029,2.1996,0.024,0.84994,0.007422,0.005484,0.005299,0.004511,0.003695,0.002456,0.001732,0.001778,0.001408,0.001502,0.008732,0.006452,0.006235,0.005307,0.00289,0.002092,0.001767,0.000164,1.5067,61.07,26.23,0.0336,0.000842,60.0
TRAN_F0955_tran_sim_30_W27,val,Transient,7,0.609912,1.092443,1.791148,0.9075,37.2,60.0,59.9801,15.33,77.2,-6.4e-05,0.371993,0.609912,-1.089617,1.092443,2.18206,0.000698,0.594347,-0.0048,-1.3984,0.545192,1.1187,2.0038,2.1998,0.024,0.850186,0.007551,0.005691,0.005066,0.0046,0.003662,0.002446,0.001689,0.001735,0.001489,0.001649,0.008882,0.006694,0.005959,0.005411,0.002877,0.002041,0.00194,0.000166,1.5154,61.07,26.26,0.0336,0.000846,60.0
TRAN_F0956_tran_sim_30_W28,val,Transient,7,0.609727,1.089792,1.787344,0.9294,37.2,60.0,59.9785,15.33,79.2,-0.000341,0.371767,0.609727,-1.088148,1.089792,2.17794,0.001753,0.594559,-0.0043,-1.3983,0.544947,1.1189,1.9998,2.1961,0.024,0.849916,0.007144,0.005907,0.005398,0.004609,0.003663,0.002501,0.001873,0.001659,0.001593,0.001553,0.008406,0.00695,0.006351,0.005423,0.002943,0.001952,0.001827,0.000167,1.5205,61.07,26.16,0.0336,0.000835,60.0
TRAN_F0957_tran_sim_30_W29,val,Transient,7,0.609563,1.092199,1.791775,0.9074,37.2,60.0,59.9787,15.32,81.2,-0.000351,0.371566,0.609562,-1.087598,1.092199,2.179798,0.001417,0.59308,-0.0042,-1.3982,0.544831,1.1188,2.0047,2.2016,0.024,0.849663,0.007004,0.00568,0.005276,0.004615,0.003711,0.002425,0.001574,0.001627,0.001588,0.0017,0.008243,0.006685,0.00621,0.005432,0.002854,0.001915,0.002001,0.000161,1.4934,61.07,26.24,0.0337,0.000849,60.0
TRAN_F0958_tran_sim_30_W30,val,Transient,7,0.609648,1.08977,1.787539,0.8944,37.2,60.0,59.978,15.32,83.0,-0.000406,0.371671,0.609648,-1.089709,1.08977,2.179479,0.002389,0.59396,-0.0041,-1.3977,0.544848,1.1189,2.0001,2.1963,0.024,0.84977,0.007011,0.005555,0.005347,0.004622,0.003709,0.002356,0.00173,0.001591,0.001654,0.001538,0.00825,0.006537,0.006292,0.005439,0.002773,0.001872,0.00181,0.00016,1.4885,61.07,26.26,0.0337,0.000843,60.0
TRAN_F0959_tran_sim_30_W31,val,Transient,7,0.609781,1.092019,1.790838,0.9185,37.2,60.0,59.9779,15.33,85.0,-0.000302,0.371833,0.609781,-1.091323,1.092019,2.183342,0.0014,0.593359,-0.0047,-1.3987,0.545057,1.1187,2.0035,2.2001,0.024,0.849968,0.006976,0.005723,0.005258,0.004711,0.003921,0.002452,0.001794,0.001597,0.001513,0.001526,0.008207,0.006733,0.006186,0.005543,0.002885,0.001879,0.001795,0.000163,1.5021,61.07,26.41,0.0337,0.000854,60.0
TRAN_F0960_tran_sim_31_W00,val,Transient,7,0.608155,1.081385,1.77814,0.7783,38.0,60.0,60.0192,15.91,128.4,0.000218,0.369853,0.608155,-1.081385,1.080964,2.162349,-0.004839,0.592402,-0.0016,-1.3995,0.543395,1.1192,1.9901,2.1849,0.024,0.848896,0.00626,0.005372,0.004668,0.003526,0.001834,0.001533,0.001443,0.001608,0.001216,0.00098,0.007374,0.006328,0.005499,0.004154,0.001806,0.001894,0.001154,0.000115,1.2633,60.61,18.09,0.0298,0.000404,60.0
TRAN_F0961_tran_sim_31_W01,val,Transient,7,0.608171,1.082331,1.779651,0.7594,38.0,60.0,60.0209,15.92,126.4,9.9e-05,0.369871,0.608171,-1.082331,1.080315,2.162646,-0.004446,0.591971,-0.0006,-1.3988,0.543327,1.1193,1.992,2.1877,0.024,0.848925,0.006328,0.005222,0.004952,0.003488,0.001708,0.001456,0.001299,0.001498,0.00123,0.00098,0.007454,0.006151,0.005833,0.004109,0.001715,0.001765,0.001154,0.000115,1.2632,60.62,18.27,0.0298,0.000418,60.0
TRAN_F0962_tran_sim_31_W02,val,Transient,7,0.608215,1.081819,1.778679,0.7378,38.0,60.0,60.022,15.93,124.6,-2.2e-05,0.369925,0.608215,-1.081819,1.079718,2.161538,-0.003109,0.592964,-0.0001,-1.3999,0.543442,1.1192,1.9907,2.1862,0.024,0.849014,0.006642,0.005059,0.00468,0.003485,0.001863,0.001224,0.001532,0.001604,0.001284,0.000891,0.007823,0.005959,0.005512,0.004105,0.001442,0.001889,0.001049,0.000116,1.2686,60.61,17.93,0.0297,0.000395,60.0
TRAN_F0963_tran_sim_31_W03,val,Transient,7,0.608258,1.084267,1.782576,0.7535,38.0,60.0,60.022,15.93,122.6,-0.000168,0.369978,0.608258,-1.084267,1.07901,2.163277,-0.003732,0.59347,-0.0003,-1.3999,0.543472,1.1192,1.9951,2.1913,0.024,0.849079,0.006509,0.005146,0.004682,0.00352,0.001785,0.001435,0.001487,0.001673,0.00116,0.001047,0.007666,0.006061,0.005514,0.004146,0.00169,0.00197,0.001233,0.000116,1.2685,60.61,18.23,0.0297,0.000406,60.0
TRAN_F0964_tran_sim_31_W04,val,Transient,7,0.60816,1.080201,1.776177,0.7813,38.0,60.0,60.021,15.92,120.6,-3.6e-05,0.369859,0.60816,-1.078947,1.080201,2.159148,-0.003217,0.5909,0.0001,-1.3993,0.543365,1.1192,1.988,2.1831,0.024,0.848938,0.006869,0.005403,0.004879,0.003557,0.001817,0.001465,0.001714,0.001599,0.001286,0.000904,0.008091,0.006364,0.005747,0.00419,0.001726,0.001884,0.001065,0.000126,1.3222,60.61,18.19,0.0297,0.000412,60.0
TRAN_F0965_tran_sim_31_W05,val,Transient,7,0.607979,1.083642,1.782368,0.7643,38.0,60.0,60.0247,15.93,118.8,5.7e-05,0.369638,0.607979,-1.083642,1.082491,2.166132,-0.006457,0.59284,-0.0009,-1.3986,0.543106,1.1194,1.9953,2.1915,0.024,0.84868,0.007009,0.005393,0.004677,0.003391,0.001765,0.001223,0.001542,0.001553,0.001205,0.001039,0.008259,0.006355,0.005511,0.003996,0.001441,0.00183,0.001224,0.000124,1.3121,60.62,18.41,0.0297,0.000418,60.0
TRAN_F0966_tran_sim_31_W06,val,Transient,7,0.608204,1.082042,1.779077,0.7388,38.0,60.0,60.0213,15.92,116.8,0.000209,0.369913,0.608204,-1.082042,1.079061,2.161103,-0.002044,0.592811,-0.0013,-1.3994,0.543423,1.1192,1.9912,2.1865,0.024,0.84903,0.006685,0.005019,0.004725,0.003503,0.001821,0.001371,0.001623,0.001543,0.001331,0.000917,0.007874,0.005911,0.005565,0.004126,0.001615,0.001817,0.00108,0.000117,1.274,60.62,18.18,0.0297,0.000409,60.0
TRAN_F0967_tran_sim_31_W07,val,Transient,7,0.608297,1.082292,1.779217,0.7509,38.0,60.0,60.02,15.92,114.8,0.000399,0.370025,0.608297,-1.082292,1.078013,2.160305,-0.001401,0.592633,-0.0016,-1.3999,0.543524,1.1192,1.9913,2.1866,0.024,0.849178,0.006468,0.005131,0.00474,0.003516,0.001961,0.001403,0.001584,0.001557,0.001262,0.000899,0.007617,0.006042,0.005582,0.00414,0.001652,0.001834,0.001059,0.000116,1.2683,60.61,18.1,0.0296,0.000405,60.0
TRAN_F0968_tran_sim_31_W08,val,Transient,7,0.608197,1.080579,1.776693,0.7569,38.0,60.0,60.0187,15.91,113.0,0.000391,0.369903,0.608196,-1.080579,1.078998,2.159577,-0.00331,0.590509,-0.0016,-1.3994,0.543379,1.1193,1.9886,2.1835,0.024,0.849041,0.00648,0.005286,0.004773,0.003373,0.001773,0.001405,0.001725,0.001558,0.001266,0.001004,0.007632,0.006226,0.005622,0.003973,0.001655,0.001835,0.001183,0.000117,1.274,60.61,18.18,0.0296,0.000408,60.0
TRAN_F0969_tran_sim_31_W09,val,Transient,7,0.608175,1.083482,1.781529,0.7585,38.0,60.0,60.0204,15.91,111.0,0.000154,0.369877,0.608175,-1.083482,1.082154,2.165635,-5.2e-05,0.593102,-0.0012,-1.3989,0.543341,1.1193,1.9941,2.1898,0.024,0.848994,0.006196,0.005339,0.004724,0.003292,0.001917,0.001457,0.001671,0.001428,0.001298,0.000993,0.007298,0.006289,0.005564,0.003878,0.001716,0.001682,0.00117,0.000113,1.2521,60.61,18.08,0.0296,0.000406,60.0
TRAN_F0970_tran_sim_31_W10,val,Transient,7,0.608178,1.08204,1.779152,0.7524,38.0,60.0,60.0212,15.91,109.0,-5.8e-05,0.36988,0.608178,-1.08204,1.079352,2.161393,-0.003437,0.590965,-0.0,-1.399,0.543393,1.1192,1.9913,2.1864,0.024,0.849035,0.006371,0.005104,0.004842,0.003573,0.001699,0.001411,0.001563,0.001307,0.001332,0.000924,0.007504,0.006012,0.005703,0.004208,0.001662,0.001539,0.001088,0.000115,1.2631,60.61,18.2,0.0296,0.000401,60.0
TRAN_F0971_tran_sim_31_W11,val,Transient,7,0.608275,1.080572,1.776453,0.7432,38.0,60.0,60.0202,15.92,107.2,-8.5e-05,0.369999,0.608275,-1.080572,1.07877,2.159342,-0.003002,0.592248,-0.0001,-1.3996,0.543463,1.1193,1.9883,2.1833,0.024,0.849203,0.00664,0.005138,0.004664,0.003385,0.001855,0.001405,0.001543,0.001445,0.001334,0.000939,0.007819,0.00605,0.005492,0.003986,0.001654,0.001702,0.001106,0.000116,1.2683,60.61,17.94,0.0295,0.000403,60.0
TRAN_F0972_tran_sim_31_W12,val,Transient,7,0.60832,1.082143,1.778904,0.76,38.0,60.0,60.0222,15.92,105.2,-0.000163,0.370053,0.60832,-1.080998,1.082143,2.163141,-0.002652,0.59172,0.0,-1.3991,0.543496,1.1193,1.9911,2.1863,0.024,0.849247,0.00676,0.0053,0.004629,0.003379,0.001801,0.001468,0.001586,0.001489,0.001393,0.000971,0.00796,0.006241,0.005451,0.003979,0.001729,0.001753,0.001143,0.00012,1.2899,60.61,18.07,0.0295,0.000404,60.0
TRAN_F0973_tran_sim_31_W13,val,Transient,7,0.608221,1.082692,1.780098,0.7806,38.0,60.0,60.0188,15.9,103.2,3.9e-05,0.369932,0.608221,-1.082692,1.080696,2.163389,-0.001422,0.592982,-0.0004,-1.3993,0.543403,1.1193,1.9924,2.1879,0.024,0.849113,0.006959,0.005433,0.004848,0.00349,0.001878,0.001494,0.001748,0.001465,0.001323,0.000946,0.008196,0.006398,0.005709,0.00411,0.001759,0.001725,0.001114,0.000127,1.3272,60.62,18.18,0.0295,0.000413,60.0
TRAN_F0974_tran_sim_31_W14,val,Transient,7,0.60821,1.080326,1.776239,0.7418,38.0,60.0,60.019,15.9,101.4,0.000208,0.369919,0.60821,-1.080326,1.079705,2.160031,-0.000934,0.593479,-0.0012,-1.3989,0.543366,1.1193,1.9882,2.1836,0.024,0.849113,0.006918,0.005048,0.004704,0.003465,0.00175,0.001477,0.001741,0.001591,0.001276,0.000997,0.008147,0.005945,0.00554,0.004081,0.001739,0.001874,0.001174,0.000121,1.2955,60.62,18.29,0.0295,0.000418,60.0
TRAN_F0975_tran_sim_31_W15,val,Transient,7,0.608162,1.082617,1.780145,0.7508,38.0,60.0,60.0208,15.92,99.4,0.000358,0.369861,0.608162,-1.082617,1.079808,2.162425,-1.5e-05,0.595925,-0.0013,-1.3995,0.543358,1.1193,1.9925,2.1888,0.024,0.849081,0.006646,0.005187,0.004705,0.003469,0.001678,0.001305,0.001632,0.001586,0.001332,0.000958,0.007827,0.006109,0.005541,0.004086,0.001537,0.001868,0.001128,0.000118,1.2794,60.61,17.89,0.0294,0.000403,60.0
TRAN_F0976_tran_sim_31_W16,val,Transient,7,0.608209,1.082491,1.779801,0.7488,38.0,60.0,60.0226,15.93,97.4,0.000412,0.369918,0.608209,-1.082491,1.080481,2.162972,9e-06,0.594121,-0.0015,-1.3997,0.543411,1.1192,1.992,2.1881,0.024,0.849167,0.006422,0.005115,0.004747,0.003536,0.001734,0.001333,0.00144,0.0015,0.001311,0.000878,0.007563,0.006024,0.00559,0.004164,0.00157,0.001766,0.001034,0.000114,1.2574,60.61,18.08,0.0294,0.000407,60.0
TRAN_F0977_tran_sim_31_W17,val,Transient,7,0.608208,1.08049,1.776513,0.7746,38.0,60.0,60.021,15.92,95.4,0.000308,0.369917,0.608208,-1.08049,1.079752,2.160242,7.7e-05,0.593057,-0.0016,-1.3995,0.543394,1.1193,1.9884,2.184,0.024,0.849173,0.006372,0.005295,0.00464,0.003583,0.001708,0.001547,0.001554,0.001582,0.001235,0.001045,0.007504,0.006235,0.005464,0.004219,0.001822,0.001863,0.001231,0.000116,1.2683,60.61,17.81,0.0294,0.000401,60.0
TRAN_F0978_tran_sim_31_W18,val,Transient,7,0.608054,1.081441,1.778527,0.7484,38.0,60.0,60.0228,15.92,93.6,0.000195,0.36973,0.608054,-1.081441,1.080699,2.16214,-0.000414,0.592312,-0.0007,-1.3991,0.543179,1.1194,1.9909,2.1874,0.023,0.848949,0.006176,0.005219,0.004809,0.003349,0.00181,0.00138,0.001621,0.001519,0.001171,0.00112,0.007275,0.006148,0.005665,0.003945,0.001626,0.001789,0.001319,0.000112,1.2466,60.61,18.16,0.0294,0.00041,60.0
TRAN_F0979_tran_sim_31_W19,val,Transient,7,0.608177,1.083112,1.780917,0.7511,38.0,60.0,60.0223,15.92,91.6,-7.5e-05,0.369879,0.608177,-1.083112,1.079248,2.16236,-0.002159,0.591594,-0.0005,-1.3994,0.543385,1.1192,1.9933,2.1889,0.024,0.849152,0.006457,0.005135,0.004599,0.003555,0.00183,0.001295,0.001715,0.001418,0.001219,0.000961,0.007604,0.006047,0.005416,0.004187,0.001525,0.00167,0.001132,0.000114,1.2574,60.62,18.21,0.0293,0.000404,60.0
TRAN_F0980_tran_sim_31_W20,val,Transient,7,0.608282,1.083088,1.780569,0.7543,38.0,60.0,60.0206,15.91,89.6,-0.00016,0.370007,0.608282,-1.083088,1.080353,2.163441,-0.001356,0.593708,-0.0008,-1.3998,0.543506,1.1192,1.9928,2.188,0.024,0.84929,0.006606,0.005172,0.004758,0.003483,0.001766,0.001471,0.001801,0.001518,0.001219,0.000912,0.007778,0.00609,0.005602,0.004101,0.001732,0.001787,0.001074,0.000118,1.279,60.62,18.25,0.0294,0.000411,60.0
TRAN_F0981_tran_sim_31_W21,val,Transient,7,0.608198,1.080955,1.777309,0.7552,38.0,60.0,60.0212,15.91,87.8,-9.3e-05,0.369905,0.608198,-1.08094,1.080955,2.161895,-0.00201,0.593529,0.0,-1.3999,0.543447,1.1191,1.9891,2.1839,0.024,0.849177,0.006835,0.005254,0.004691,0.003415,0.001789,0.001365,0.001556,0.001482,0.001238,0.001002,0.008049,0.006187,0.005524,0.004022,0.001607,0.001745,0.00118,0.00012,1.29,60.61,18.08,0.0293,0.000402,60.0
TRAN_F0982_tran_sim_31_W22,val,Transient,7,0.608118,1.08357,1.781842,0.7702,38.0,60.0,60.0179,15.9,85.8,0.000139,0.369807,0.608118,-1.08357,1.08014,2.16371,-0.002741,0.591582,-0.0005,-1.3992,0.543322,1.1193,1.9943,2.1898,0.024,0.849067,0.00691,0.005369,0.004832,0.003436,0.001694,0.001464,0.001496,0.001352,0.001269,0.001019,0.008138,0.006323,0.005691,0.004047,0.001724,0.001592,0.0012,0.000123,1.3062,60.61,18.15,0.0293,0.000403,60.0
TRAN_F0983_tran_sim_31_W23,val,Transient,7,0.608161,1.080503,1.776672,0.7369,38.0,60.0,60.022,15.91,83.8,0.000294,0.36986,0.608161,-1.080503,1.079445,2.159948,-0.002962,0.590625,-0.0012,-1.3995,0.543386,1.1192,1.9885,2.1835,0.024,0.849158,0.006702,0.005048,0.004674,0.00343,0.001791,0.00138,0.001571,0.001402,0.001286,0.000915,0.007893,0.005945,0.005504,0.004039,0.001625,0.001651,0.001078,0.000116,1.2684,60.62,18.38,0.0293,0.000421,60.0
TRAN_F0984_tran_sim_31_W24,val,Transient,7,0.608278,1.081448,1.777886,0.7492,38.0,60.0,60.0195,15.92,82.0,0.000378,0.370002,0.608278,-1.081448,1.080423,2.161872,-0.002515,0.592906,-0.0013,-1.3997,0.54349,1.1192,1.9898,2.1848,0.024,0.849355,0.006453,0.005201,0.004792,0.003358,0.00173,0.00147,0.001711,0.001393,0.001356,0.001132,0.007598,0.006123,0.005642,0.003954,0.001731,0.00164,0.001333,0.000116,1.2681,60.62,18.27,0.0292,0.000421,60.0
TRAN_F0985_tran_sim_31_W25,val,Transient,7,0.608265,1.083326,1.781011,0.7417,38.0,60.0,60.0159,15.91,80.0,0.000388,0.369986,0.608265,-1.081829,1.083326,2.165156,-0.002175,0.592525,-0.0013,-1.3998,0.543474,1.1192,1.9933,2.189,0.024,0.849321,0.006539,0.00512,0.004878,0.003431,0.001813,0.001304,0.001671,0.001544,0.001255,0.001069,0.007699,0.006028,0.005743,0.00404,0.001535,0.001818,0.001259,0.000117,1.2736,60.62,18.13,0.0293,0.000409,60.0
TRAN_F0986_tran_sim_31_W26,val,Transient,7,0.608208,1.081369,1.777958,0.7765,38.0,60.0,60.0196,15.9,78.0,0.000294,0.369917,0.608208,-1.081369,1.081263,2.162632,-0.003402,0.591149,-0.0015,-1.3988,0.543389,1.1193,1.99,2.1851,0.024,0.849221,0.006353,0.005417,0.004736,0.003503,0.001777,0.001366,0.001392,0.001502,0.001392,0.001029,0.007481,0.006379,0.005577,0.004125,0.001609,0.001769,0.001212,0.000117,1.2737,60.62,18.28,0.0293,0.00042,60.0
TRAN_F0987_tran_sim_31_W27,val,Transient,7,0.608122,1.082836,1.780624,0.7479,38.0,60.0,60.0193,15.9,77.6,0.000133,0.369812,0.608122,-1.082836,1.080182,2.163018,-0.004,0.592149,-0.0004,-1.3986,0.543259,1.1194,1.9932,2.189,0.024,0.849125,0.00621,0.005136,0.004951,0.003437,0.001733,0.001461,0.001549,0.001545,0.001352,0.000877,0.007313,0.006049,0.005831,0.004048,0.001721,0.00182,0.001033,0.000114,1.2574,60.62,18.26,0.0293,0.000409,60.0
TRAN_F0988_tran_sim_31_W28,val,Transient,7,0.608274,1.080724,1.776707,0.7543,38.0,60.0,60.0224,15.91,79.6,-0.000102,0.369997,0.608274,-1.080724,1.080205,2.16093,-0.002019,0.59392,-0.0001,-1.3997,0.543469,1.1192,1.9886,2.1842,0.024,0.84937,0.006488,0.005232,0.00462,0.003423,0.00175,0.0014,0.001613,0.001554,0.001361,0.001037,0.007639,0.00616,0.005439,0.00403,0.001648,0.00183,0.001221,0.000115,1.2626,60.61,17.97,0.0292,0.000398,60.0
TRAN_F0989_tran_sim_31_W29,val,Transient,7,0.608261,1.081924,1.778716,0.7464,38.0,60.0,60.02,15.92,81.6,-0.000144,0.369981,0.608261,-1.081924,1.081694,2.163618,-0.002915,0.592685,-0.0002,-1.3997,0.543452,1.1193,1.9908,2.1864,0.024,0.849381,0.006482,0.005219,0.004651,0.003345,0.001674,0.001326,0.001502,0.00148,0.001363,0.000997,0.007631,0.006144,0.005476,0.003938,0.001561,0.001742,0.001174,0.000114,1.257,60.61,18.06,0.0291,0.000409,60.0
TRAN_F0990_tran_sim_31_W30,val,Transient,7,0.60818,1.081277,1.77789,0.7811,38.0,60.0,60.0209,15.91,83.4,-8.3e-05,0.369883,0.60818,-1.081277,1.080531,2.161808,-0.004203,0.592976,-0.0005,-1.3996,0.543401,1.1192,1.9898,2.1848,0.024,0.849255,0.006809,0.005344,0.004894,0.003607,0.001718,0.001559,0.001648,0.001738,0.001246,0.000996,0.008018,0.006293,0.005763,0.004247,0.001836,0.002046,0.001173,0.000126,1.3217,60.61,18.17,0.0291,0.000405,60.0
TRAN_F0991_tran_sim_31_W31,val,Transient,7,0.608115,1.081831,1.778991,0.7692,38.0,60.0,60.0205,15.91,85.4,0.000159,0.369804,0.608115,-1.081831,1.080023,2.161854,-0.002014,0.59251,-0.001,-1.3989,0.543256,1.1194,1.9914,2.1872,0.024,0.849176,0.006906,0.005319,0.004686,0.003494,0.001747,0.001473,0.001654,0.001599,0.001442,0.0011,0.008133,0.006264,0.005518,0.004115,0.001735,0.001883,0.001295,0.000124,1.3113,60.61,18.03,0.0291,0.000399,60.0
TRAN_F0992_tran_sim_32_W00,test,Transient,7,0.615367,1.035072,1.682039,0.8908,39.6,60.0,59.9626,18.27,124.6,-0.000587,0.378677,0.615367,-1.035072,1.02634,2.061412,-0.008908,0.605339,0.0152,-1.4412,0.5514,1.116,1.8772,2.0591,0.024,0.864179,0.010834,0.005709,0.00397,0.004476,0.002899,0.002575,0.001773,0.001681,0.00157,0.001244,0.012537,0.006606,0.004594,0.005179,0.00298,0.001945,0.00144,0.000211,1.6809,60.85,24.9,0.0188,0.000727,60.0
TRAN_F0993_tran_sim_32_W01,test,Transient,7,0.615277,1.033776,1.680179,0.872,39.6,60.0,59.9607,18.25,122.6,-0.000622,0.378566,0.615277,-1.033776,1.024472,2.058249,-0.009511,0.60575,0.0151,-1.4413,0.551301,1.116,1.8752,2.0571,0.024,0.864027,0.010608,0.005742,0.003934,0.004242,0.002923,0.002409,0.001865,0.00175,0.001691,0.001387,0.012277,0.006646,0.004553,0.00491,0.002788,0.002025,0.001605,0.000205,1.6571,60.85,25.08,0.0189,0.000744,60.0
TRAN_F0994_tran_sim_32_W02,test,Transient,7,0.615389,1.032949,1.678531,0.894,39.6,60.0,59.961,18.26,120.6,-0.000473,0.378703,0.615389,-1.032949,1.025697,2.058646,-0.008501,0.604682,0.0149,-1.4414,0.551397,1.1161,1.8733,2.0551,0.024,0.864198,0.010383,0.005877,0.004024,0.004326,0.002843,0.002538,0.001875,0.001539,0.001737,0.001423,0.012015,0.006801,0.004656,0.005006,0.002937,0.001781,0.001647,0.000203,1.6487,60.86,25.28,0.0189,0.000761,60.0
TRAN_F0995_tran_sim_32_W03,test,Transient,7,0.615595,1.034523,1.680525,0.8655,39.6,60.0,59.9631,18.28,118.8,-0.000117,0.378957,0.615595,-1.034523,1.027231,2.061754,-0.011309,0.605611,0.0141,-1.4427,0.551842,1.1155,1.8747,2.0548,0.023,0.864462,0.009934,0.005322,0.003904,0.004577,0.003074,0.002589,0.001933,0.001538,0.001639,0.001211,0.011492,0.006156,0.004516,0.005295,0.002995,0.001779,0.001401,0.00019,1.5945,60.85,25.12,0.0189,0.000747,60.0
TRAN_F0996_tran_sim_32_W04,test,Transient,7,0.615362,1.034046,1.680387,0.8715,39.6,60.0,59.9599,18.25,116.8,0.000215,0.37867,0.615362,-1.034046,1.02364,2.057686,-0.00783,0.605102,0.0126,-1.4413,0.551382,1.116,1.8754,2.0572,0.024,0.864103,0.009951,0.00566,0.003964,0.004318,0.002936,0.002456,0.001791,0.001746,0.001654,0.001372,0.011516,0.00655,0.004587,0.004997,0.002842,0.002021,0.001588,0.000191,1.5994,60.85,24.92,0.019,0.000738,60.0
TRAN_F0997_tran_sim_32_W05,test,Transient,7,0.615204,1.034902,1.68221,0.8771,39.6,60.0,59.9627,18.25,115.0,0.000491,0.378476,0.615204,-1.034902,1.024206,2.059108,-0.007406,0.60483,0.0126,-1.4411,0.551265,1.116,1.8773,2.0591,0.024,0.863845,0.010108,0.005729,0.004088,0.004345,0.003003,0.002389,0.001641,0.001502,0.001703,0.001417,0.011701,0.006632,0.004732,0.00503,0.002766,0.001739,0.00164,0.000195,1.6165,60.85,24.89,0.019,0.00074,60.0
TRAN_F0998_tran_sim_32_W06,test,Transient,7,0.615367,1.035511,1.682754,0.8746,39.6,60.0,59.9603,18.25,113.0,0.000289,0.378676,0.615367,-1.035511,1.025641,2.061152,-0.007111,0.605551,0.0126,-1.4413,0.551414,1.116,1.8779,2.0596,0.024,0.864101,0.010151,0.005755,0.004123,0.004236,0.002933,0.002459,0.0019,0.001579,0.001594,0.001297,0.011747,0.00666,0.004771,0.004902,0.002846,0.001827,0.001501,0.000196,1.6202,60.86,25.29,0.019,0.000753,60.0
TRAN_F0999_tran_sim_32_W07,test,Transient,7,0.615516,1.035042,1.681584,0.8558,39.6,60.0,59.9603,18.26,110.8,-4.7e-05,0.37886,0.615516,-1.035042,1.02438,2.059422,-0.007392,0.60685,0.0137,-1.4425,0.551618,1.1158,1.8764,2.0582,0.024,0.864298,0.010899,0.005422,0.003872,0.004429,0.00275,0.002388,0.00195,0.001599,0.001666,0.001418,0.01261,0.006273,0.00448,0.005124,0.002763,0.00185,0.001641,0.000207,1.6646,60.86,25.2,0.019,0.000751,60.0
TRAN_F1000_tran_sim_32_W08,test,Transient,7,0.615571,1.034526,1.680596,0.8222,39.6,60.0,59.9616,18.27,109.0,-0.000297,0.378928,0.615571,-1.034526,1.025478,2.060005,-0.009337,0.605739,0.0152,-1.4419,0.551615,1.1159,1.8754,2.0572,0.024,0.864354,0.010995,0.005283,0.004277,0.004113,0.00297,0.002382,0.001927,0.001624,0.001676,0.001387,0.01272,0.006112,0.004948,0.004758,0.002756,0.001879,0.001605,0.00021,1.6766,60.85,25.03,0.019,0.000753,60.0
TRAN_F1001_tran_sim_32_W09,test,Transient,7,0.615272,1.034683,1.681667,0.887,39.6,60.0,59.9604,18.25,107.2,-0.000616,0.378559,0.615272,-1.034683,1.026289,2.060972,-0.009482,0.604475,0.0152,-1.441,0.551313,1.116,1.8768,2.0582,0.024,0.863893,0.010696,0.005761,0.003782,0.004383,0.00286,0.002513,0.001841,0.001589,0.001711,0.001265,0.012381,0.006669,0.004378,0.005074,0.002909,0.001839,0.001464,0.000206,1.6614,60.85,24.83,0.0192,0.000734,60.0
TRAN_F1002_tran_sim_32_W10,test,Transient,7,0.615346,1.035276,1.682431,0.8938,39.6,60.0,59.9613,18.25,105.2,-0.000534,0.37865,0.615345,-1.035276,1.026203,2.061479,-0.012363,0.605469,0.0153,-1.4408,0.551346,1.1161,1.8777,2.0595,0.024,0.863994,0.010652,0.005897,0.003835,0.004346,0.003082,0.002442,0.001779,0.001791,0.001695,0.001326,0.012329,0.006825,0.004439,0.00503,0.002826,0.002073,0.001535,0.000208,1.6692,60.85,25.04,0.0192,0.000756,60.0
TRAN_F1003_tran_sim_32_W11,test,Transient,7,0.615499,1.034937,1.681459,0.8819,39.6,60.0,59.96,18.26,103.4,-0.000354,0.378839,0.615499,-1.034937,1.024019,2.058956,-0.010214,0.605709,0.015,-1.4419,0.551543,1.116,1.8764,2.0582,0.024,0.864227,0.010249,0.00576,0.004266,0.004415,0.002847,0.002329,0.001878,0.001856,0.001697,0.001268,0.011859,0.006665,0.004936,0.005109,0.002695,0.002148,0.001467,0.000201,1.6405,60.85,24.98,0.0191,0.000741,60.0
TRAN_F1004_tran_sim_32_W12,test,Transient,7,0.615494,1.031991,1.676687,0.8162,39.6,60.0,59.9614,18.26,101.4,5.6e-05,0.378833,0.615494,-1.031991,1.025044,2.057035,-0.005281,0.60573,0.0133,-1.4423,0.551618,1.1158,1.8708,2.0518,0.024,0.86418,0.009626,0.005156,0.003817,0.004145,0.002899,0.002449,0.001916,0.00178,0.001983,0.001432,0.011139,0.005966,0.004417,0.004796,0.002834,0.00206,0.001657,0.000178,1.5439,60.85,24.91,0.0192,0.000736,60.0
TRAN_F1005_tran_sim_32_W13,test,Transient,7,0.615351,1.033587,1.679671,0.8818,39.6,60.0,59.9605,18.25,99.4,0.000382,0.378656,0.61535,-1.033587,1.02696,2.060547,-0.006193,0.604676,0.0126,-1.4411,0.551334,1.1161,1.8747,2.0565,0.024,0.863941,0.010085,0.005735,0.004067,0.004388,0.003053,0.002426,0.00193,0.001728,0.001816,0.001301,0.011673,0.006638,0.004707,0.005079,0.002808,0.002,0.001506,0.000197,1.6246,60.85,25.23,0.0193,0.000756,60.0
TRAN_F1006_tran_sim_32_W14,test,Transient,7,0.61522,1.032975,1.679035,0.8919,39.6,60.0,59.9626,18.26,97.6,0.000436,0.378495,0.61522,-1.032975,1.026595,2.05957,-0.007477,0.603868,0.0127,-1.4412,0.551276,1.116,1.8738,2.0546,0.024,0.863763,0.010064,0.005773,0.004036,0.004402,0.002946,0.002578,0.001815,0.001656,0.001686,0.001539,0.011651,0.006684,0.004673,0.005096,0.002985,0.001917,0.001782,0.000197,1.6249,60.85,25.08,0.0193,0.000755,60.0
TRAN_F1007_tran_sim_32_W15,test,Transient,7,0.615507,1.032346,1.677231,0.8956,39.6,60.0,59.9591,18.24,95.6,0.000144,0.378848,0.615507,-1.032346,1.026338,2.058684,-0.007034,0.604499,0.0128,-1.4412,0.551508,1.116,1.8719,2.053,0.024,0.864147,0.010356,0.005963,0.003924,0.004252,0.003227,0.002503,0.001606,0.001618,0.001802,0.001347,0.011984,0.0069,0.004541,0.00492,0.002896,0.001872,0.001559,0.000203,1.6488,60.85,25.18,0.0193,0.000746,60.0
TRAN_F1008_tran_sim_32_W16,test,Transient,7,0.615599,1.033753,1.679263,0.8487,39.6,60.0,59.9612,18.26,93.6,-0.000133,0.378962,0.615599,-1.033753,1.026584,2.060337,-0.006857,0.604448,0.0146,-1.4429,0.55181,1.1156,1.8734,2.0544,0.023,0.864274,0.011158,0.00529,0.004025,0.004368,0.002823,0.002597,0.001781,0.001613,0.001816,0.00117,0.01291,0.006121,0.004657,0.005054,0.003005,0.001866,0.001354,0.000213,1.6886,60.85,25.03,0.0193,0.000738,60.0
TRAN_F1009_tran_sim_32_W17,test,Transient,7,0.615404,1.032352,1.67752,0.8885,39.6,60.0,59.9601,18.25,91.6,-0.000565,0.378721,0.615403,-1.032352,1.025623,2.057975,-0.00578,0.603544,0.0155,-1.4411,0.551412,1.1161,1.8722,2.0541,0.024,0.863956,0.010991,0.005654,0.004005,0.004566,0.002846,0.002473,0.001748,0.001744,0.001582,0.001363,0.012722,0.006544,0.004636,0.005285,0.002862,0.002019,0.001578,0.000214,1.6932,60.85,25.12,0.0194,0.000743,60.0
TRAN_F1010_tran_sim_32_W18,test,Transient,7,0.615278,1.034392,1.681177,0.8767,39.6,60.0,59.9609,18.25,89.8,-0.000652,0.378567,0.615278,-1.034392,1.027414,2.061806,-0.007942,0.603092,0.0152,-1.4411,0.551313,1.116,1.8762,2.0583,0.024,0.863768,0.010696,0.005657,0.003892,0.004418,0.002861,0.002412,0.001828,0.001789,0.00164,0.001325,0.012383,0.006549,0.004506,0.005115,0.002792,0.002071,0.001534,0.000206,1.6616,60.84,24.91,0.0195,0.000738,60.0
TRAN_F1011_tran_sim_32_W19,test,Transient,7,0.615346,1.03231,1.677609,0.8892,39.6,60.0,59.961,18.26,87.8,-0.0005,0.37865,0.615346,-1.03231,1.024334,2.056644,-0.005663,0.604944,0.0151,-1.4414,0.551338,1.1161,1.8724,2.0544,0.024,0.863882,0.010635,0.005944,0.003802,0.004227,0.003013,0.002409,0.00171,0.001535,0.001729,0.00135,0.012311,0.006881,0.004401,0.004893,0.002789,0.001777,0.001563,0.000206,1.6614,60.85,25.04,0.0194,0.000755,60.0
TRAN_F1012_tran_sim_32_W20,test,Transient,7,0.615688,1.035294,1.681524,0.8735,39.6,60.0,59.9589,18.26,85.8,-0.000221,0.379071,0.615688,-1.035294,1.025924,2.061218,-0.005799,0.605736,0.0146,-1.4424,0.551801,1.1158,1.8762,2.0581,0.024,0.864347,0.009983,0.00548,0.004117,0.00453,0.003049,0.002539,0.001811,0.001512,0.001624,0.00139,0.01155,0.00634,0.004763,0.005241,0.002937,0.001749,0.001608,0.000193,1.6073,60.85,25.04,0.0194,0.000743,60.0
TRAN_F1013_tran_sim_32_W21,test,Transient,7,0.615495,1.033378,1.678937,0.8309,39.6,60.0,59.9614,18.26,84.0,0.000217,0.378834,0.615495,-1.033378,1.025676,2.059054,-0.006786,0.606387,0.0126,-1.4418,0.551552,1.1159,1.8736,2.0552,0.024,0.86404,0.009637,0.005391,0.003651,0.004123,0.002769,0.002342,0.001655,0.001685,0.001518,0.001323,0.011153,0.006239,0.004225,0.004772,0.002711,0.00195,0.001531,0.000175,1.531,60.85,25.1,0.0195,0.000744,60.0
TRAN_F1014_tran_sim_32_W22,test,Transient,7,0.615176,1.033429,1.679891,0.894,39.6,60.0,59.959,18.25,82.0,0.0005,0.378441,0.615176,-1.033429,1.026497,2.059926,-0.006024,0.605167,0.0127,-1.441,0.551244,1.116,1.8747,2.0558,0.024,0.863565,0.010142,0.005782,0.004014,0.004468,0.002939,0.002491,0.001923,0.001604,0.001513,0.001379,0.011744,0.006696,0.004648,0.005174,0.002885,0.001857,0.001597,0.000198,1.6294,60.85,25.08,0.0196,0.000752,60.0
TRAN_F1015_tran_sim_32_W23,test,Transient,7,0.615267,1.032843,1.67869,0.8939,39.6,60.0,59.9616,18.25,79.8,0.000427,0.378553,0.615267,-1.032843,1.02466,2.057503,-0.006805,0.603761,0.0129,-1.4413,0.551306,1.116,1.8734,2.0552,0.024,0.863685,0.010296,0.005843,0.004129,0.004422,0.002934,0.002431,0.001873,0.001724,0.001834,0.001195,0.011921,0.006765,0.004781,0.00512,0.002815,0.001996,0.001384,0.000203,1.6497,60.85,25.05,0.0196,0.000753,60.0
TRAN_F1016_tran_sim_32_W24,test,Transient,7,0.61559,1.033162,1.67833,0.8623,39.6,60.0,59.9622,18.27,78.2,6.8e-05,0.378951,0.61559,-1.033162,1.025145,2.058307,-0.007377,0.60436,0.0129,-1.4422,0.551642,1.1159,1.8729,2.054,0.024,0.864156,0.010649,0.005569,0.003689,0.004419,0.002957,0.002233,0.001734,0.001776,0.001752,0.001178,0.012323,0.006444,0.004269,0.005114,0.002584,0.002055,0.001363,0.000202,1.6447,60.84,24.9,0.0195,0.000733,60.0
TRAN_F1017_tran_sim_32_W25,test,Transient,7,0.615478,1.030897,1.674952,0.8266,39.6,60.0,59.9595,18.26,76.2,-0.000335,0.378814,0.615478,-1.030897,1.023461,2.054358,-0.010342,0.606431,0.0147,-1.4422,0.55152,1.116,1.8692,2.0503,0.024,0.863957,0.011039,0.005357,0.004374,0.004094,0.003213,0.002352,0.001845,0.001841,0.001571,0.0014,0.012777,0.006201,0.005063,0.004739,0.002722,0.002131,0.00162,0.000214,1.6932,60.85,24.93,0.0196,0.000731,60.0
TRAN_F1018_tran_sim_32_W26,test,Transient,7,0.615267,1.034587,1.681524,0.9009,39.6,60.0,59.9582,18.24,74.2,-0.000583,0.378554,0.615267,-1.034587,1.02621,2.060797,-0.00952,0.604955,0.015,-1.4408,0.551258,1.1161,1.8768,2.0589,0.024,0.863618,0.010686,0.005862,0.003845,0.004502,0.002987,0.002427,0.001825,0.001706,0.001631,0.001246,0.012374,0.006788,0.004452,0.005213,0.00281,0.001975,0.001443,0.000209,1.674,60.85,25.04,0.0197,0.000744,60.0
TRAN_F1019_tran_sim_32_W27,test,Transient,7,0.615208,1.033422,1.679792,0.8834,39.6,60.0,59.9603,18.23,75.6,-0.000638,0.378481,0.615208,-1.033422,1.027058,2.06048,-0.010654,0.604982,0.0154,-1.4409,0.551264,1.116,1.8746,2.0557,0.024,0.863517,0.0107,0.005771,0.003987,0.004359,0.003069,0.002427,0.001909,0.001683,0.00172,0.001311,0.012391,0.006683,0.004617,0.005048,0.002811,0.001949,0.001518,0.000209,1.6742,60.85,25.06,0.0198,0.000751,60.0
TRAN_F1020_tran_sim_32_W28,test,Transient,7,0.61542,1.035056,1.681868,0.8852,39.6,60.0,59.9611,18.25,77.6,-0.000406,0.378742,0.61542,-1.035056,1.027089,2.062145,-0.009923,0.606086,0.0147,-1.4415,0.551454,1.116,1.877,2.0586,0.024,0.863832,0.01026,0.005868,0.004237,0.004247,0.002824,0.002449,0.00187,0.001774,0.001537,0.001264,0.011877,0.006793,0.004905,0.004916,0.002835,0.002054,0.001463,0.0002,1.6371,60.85,25.15,0.0197,0.000752,60.0
TRAN_F1021_tran_sim_32_W29,test,Transient,7,0.6157,1.033625,1.678782,0.8321,39.6,60.0,59.9601,18.25,79.6,7e-06,0.379086,0.6157,-1.033625,1.026365,2.059991,-0.007076,0.605683,0.0136,-1.4424,0.551825,1.1158,1.8731,2.0542,0.024,0.864201,0.009705,0.005262,0.003862,0.004233,0.002971,0.002471,0.002017,0.001613,0.001674,0.001222,0.01123,0.006089,0.004469,0.004898,0.002859,0.001866,0.001414,0.000181,1.5568,60.85,25.07,0.0198,0.000735,60.0
TRAN_F1022_tran_sim_32_W30,test,Transient,7,0.615396,1.033177,1.67888,0.8764,39.6,60.0,59.9606,18.25,81.4,0.000365,0.378713,0.615396,-1.033177,1.024611,2.057788,-0.008554,0.605131,0.0128,-1.4411,0.551409,1.116,1.8737,2.0547,0.024,0.863749,0.009918,0.005664,0.004076,0.004367,0.003006,0.002482,0.001976,0.001658,0.001768,0.001363,0.011483,0.006557,0.004719,0.005056,0.002874,0.00192,0.001578,0.000193,1.6084,60.85,25.12,0.0198,0.000759,60.0
TRAN_F1023_tran_sim_32_W31,test,Transient,7,0.615219,1.033304,1.679571,0.8716,39.6,60.0,59.9595,18.24,83.4,0.000471,0.378494,0.615219,-1.033304,1.026253,2.059557,-0.007809,0.60639,0.0133,-1.4411,0.551246,1.1161,1.8745,2.0562,0.024,0.863479,0.010279,0.005736,0.004134,0.004296,0.003006,0.002299,0.00179,0.001634,0.001671,0.001323,0.011904,0.006643,0.004788,0.004975,0.002662,0.001892,0.001532,0.000199,1.6337,60.85,25.01,0.0199,0.000748,60.0
TRAN_F1024_tran_sim_33_W00,test,Transient,7,0.636984,1.214118,1.906042,0.9623,37.4,60.0,60.0029,13.22,129.4,0.000132,0.405748,0.636984,-1.214118,1.20439,2.418508,-0.002949,0.613842,0.0081,-1.3364,0.567315,1.1228,2.1401,2.3535,0.024,0.880018,0.007804,0.005919,0.005596,0.004853,0.004286,0.003622,0.002432,0.002152,0.001799,0.001672,0.008868,0.006726,0.006359,0.005515,0.004116,0.002445,0.0019,0.000199,1.603,61.43,28.3,0.0498,0.000992,60.0
TRAN_F1025_tran_sim_33_W01,test,Transient,7,0.637027,1.213669,1.905209,0.9408,37.4,60.0,59.9989,13.19,127.4,0.000183,0.405803,0.637027,-1.213669,1.204289,2.417958,-0.005956,0.612521,0.0078,-1.3364,0.567349,1.1228,2.1392,2.3521,0.024,0.880065,0.007744,0.005775,0.005643,0.004707,0.004289,0.00361,0.002367,0.002124,0.001825,0.001546,0.008799,0.006562,0.006412,0.005348,0.004102,0.002413,0.001757,0.000195,1.5867,61.44,28.4,0.0498,0.001007,60.0
TRAN_F1026_tran_sim_33_W02,test,Transient,7,0.636902,1.212423,1.903625,0.9532,37.4,60.0,59.9979,13.19,125.6,1e-05,0.405645,0.636902,-1.212423,1.205451,2.417874,-0.005402,0.611723,0.0078,-1.3365,0.567235,1.1228,2.1374,2.3505,0.024,0.879912,0.007644,0.005906,0.005621,0.004762,0.004445,0.003576,0.002452,0.00213,0.001771,0.001672,0.008687,0.006712,0.006388,0.005412,0.004064,0.002421,0.0019,0.000197,1.5951,61.42,28.07,0.0497,0.000974,60.0
TRAN_F1027_tran_sim_33_W03,test,Transient,7,0.63698,1.211281,1.901599,0.9491,37.4,60.0,60.0,13.2,123.6,0.000166,0.405744,0.63698,-1.211281,1.205881,2.417162,-0.00536,0.612994,0.0078,-1.3367,0.567291,1.1228,2.1352,2.348,0.024,0.880035,0.007692,0.005863,0.005616,0.004731,0.004211,0.003606,0.002455,0.002111,0.001731,0.001574,0.008741,0.006662,0.006382,0.005376,0.004098,0.002399,0.001789,0.000194,1.5827,61.42,28.01,0.0497,0.000977,60.0
TRAN_F1028_tran_sim_33_W04,test,Transient,7,0.636939,1.212396,1.903473,0.9548,37.4,60.0,59.998,13.19,121.6,0.000247,0.405691,0.636939,-1.212396,1.203215,2.415611,-0.00442,0.612266,0.0077,-1.3367,0.567287,1.1228,2.1372,2.3499,0.024,0.879962,0.007626,0.005968,0.005599,0.004836,0.004257,0.003405,0.002229,0.002102,0.00167,0.001759,0.008666,0.006782,0.006363,0.005496,0.003869,0.002389,0.001999,0.000193,1.5788,61.42,28.05,0.0497,0.000979,60.0
TRAN_F1029_tran_sim_33_W05,test,Transient,7,0.636942,1.213885,1.905801,0.9431,37.4,60.0,60.0006,13.21,119.8,9.7e-05,0.405695,0.636942,-1.213885,1.205703,2.419588,-0.003331,0.61351,0.0078,-1.3366,0.567277,1.1228,2.1398,2.3532,0.024,0.879978,0.007728,0.005866,0.005613,0.004697,0.004332,0.003523,0.002406,0.002151,0.0018,0.001654,0.008782,0.006666,0.006379,0.005338,0.004004,0.002444,0.00188,0.000195,1.5869,61.43,28.07,0.0497,0.000977,60.0
TRAN_F1030_tran_sim_33_W06,test,Transient,7,0.636891,1.212062,1.903091,0.9441,37.4,60.0,60.0014,13.21,117.8,0.000178,0.40563,0.636891,-1.212062,1.206355,2.418417,-0.002548,0.61423,0.0078,-1.3368,0.567245,1.1228,2.1368,2.35,0.024,0.879911,0.007661,0.005972,0.005585,0.004629,0.004317,0.003452,0.002372,0.002098,0.00191,0.001564,0.008707,0.006787,0.006347,0.005261,0.003923,0.002384,0.001777,0.000194,1.5829,61.44,28.39,0.0497,0.001003,60.0
TRAN_F1031_tran_sim_33_W07,test,Transient,7,0.636978,1.214881,1.907258,0.9583,37.4,60.0,60.0027,13.21,115.8,0.000168,0.405741,0.636978,-1.214881,1.206261,2.421142,-0.004589,0.614549,0.0078,-1.3362,0.567279,1.1229,2.1416,2.3553,0.024,0.880019,0.007754,0.005864,0.005554,0.004854,0.004448,0.00363,0.002316,0.002021,0.00168,0.001589,0.008811,0.006663,0.006311,0.005516,0.004125,0.002297,0.001806,0.000197,1.5949,61.43,28.17,0.0497,0.000988,60.0
TRAN_F1032_tran_sim_33_W08,test,Transient,7,0.63691,1.214665,1.907121,0.9434,37.4,60.0,60.001,13.21,114.0,0.000194,0.405655,0.63691,-1.214665,1.204457,2.419122,-0.003482,0.613829,0.0078,-1.3364,0.567229,1.1228,2.1414,2.3552,0.024,0.879926,0.007795,0.005877,0.005627,0.004759,0.004409,0.003424,0.002479,0.002217,0.001812,0.00164,0.008859,0.006679,0.006395,0.005408,0.003891,0.00252,0.001864,0.000198,1.5991,61.44,28.41,0.0498,0.001018,60.0
TRAN_F1033_tran_sim_33_W09,test,Transient,7,0.636926,1.215147,1.907833,0.9572,37.4,60.0,60.0016,13.21,112.0,8.1e-05,0.405674,0.636926,-1.215147,1.204378,2.419525,-0.003823,0.614194,0.0076,-1.3368,0.567285,1.1228,2.142,2.3556,0.024,0.879962,0.007639,0.005944,0.005433,0.004775,0.004391,0.00358,0.002359,0.002253,0.001774,0.001695,0.008681,0.006755,0.006174,0.005426,0.004068,0.00256,0.001926,0.000195,1.5869,61.43,28.15,0.0497,0.000983,60.0
TRAN_F1034_tran_sim_33_W10,test,Transient,7,0.636882,1.214368,1.906737,0.9677,37.4,60.0,60.0002,13.2,110.0,7.8e-05,0.405619,0.636882,-1.214368,1.205412,2.419779,-0.005912,0.611057,0.0075,-1.3364,0.567232,1.1228,2.1409,2.3542,0.024,0.879888,0.007676,0.005943,0.005585,0.004923,0.004374,0.003598,0.002393,0.00207,0.001693,0.001528,0.008724,0.006754,0.006347,0.005595,0.004089,0.002353,0.001737,0.000197,1.5952,61.43,28.17,0.0497,0.000964,60.0
TRAN_F1035_tran_sim_33_W11,test,Transient,7,0.637039,1.215225,1.907616,0.9563,37.4,60.0,59.9995,13.19,108.2,0.000178,0.405818,0.637039,-1.215225,1.207136,2.422361,-0.004663,0.612142,0.008,-1.3365,0.567395,1.1227,2.1418,2.3551,0.024,0.880076,0.007734,0.005977,0.005595,0.004724,0.004505,0.003576,0.002423,0.002191,0.001728,0.001513,0.008788,0.006791,0.006357,0.005368,0.004063,0.00249,0.001719,0.000198,1.5989,61.42,28.05,0.0498,0.00099,60.0
TRAN_F1036_tran_sim_33_W12,test,Transient,7,0.636964,1.212799,1.904031,0.9578,37.4,60.0,59.9998,13.2,106.2,0.000244,0.405723,0.636964,-1.212799,1.205553,2.418352,-0.005167,0.611451,0.0079,-1.3363,0.567309,1.1228,2.1378,2.3507,0.024,0.879979,0.007787,0.00588,0.005513,0.004781,0.00421,0.003689,0.002368,0.002214,0.001768,0.0016,0.008849,0.006682,0.006265,0.005433,0.004192,0.002516,0.001818,0.000196,1.5909,61.43,28.32,0.0498,0.001001,60.0
TRAN_F1037_tran_sim_33_W13,test,Transient,7,0.636926,1.21466,1.907065,0.948,37.4,60.0,59.9966,13.19,104.2,0.000156,0.405675,0.636926,-1.21466,1.203613,2.418273,-0.003492,0.612577,0.0076,-1.3365,0.567249,1.1228,2.1413,2.3547,0.024,0.879931,0.007765,0.005841,0.005505,0.0048,0.004389,0.003525,0.002505,0.002014,0.001796,0.001671,0.008825,0.006638,0.006256,0.005455,0.004006,0.002289,0.001899,0.000196,1.591,61.43,28.24,0.0498,0.000994,60.0
TRAN_F1038_tran_sim_33_W14,test,Transient,7,0.636987,1.21302,1.90431,0.948,37.4,60.0,60.0004,13.2,102.4,0.00016,0.405752,0.636987,-1.21302,1.203964,2.416984,-0.00271,0.614592,0.008,-1.3369,0.567363,1.1227,2.138,2.3507,0.024,0.880029,0.007738,0.00594,0.005428,0.00471,0.00429,0.003483,0.002347,0.002242,0.0018,0.001523,0.008793,0.00675,0.006168,0.005352,0.003958,0.002548,0.001731,0.000193,1.5786,61.44,28.35,0.0498,0.00099,60.0
TRAN_F1039_tran_sim_33_W15,test,Transient,7,0.637023,1.217534,1.911288,0.9534,37.4,60.0,60.0003,13.19,100.4,0.000235,0.405798,0.637023,-1.217534,1.204567,2.422101,-0.005713,0.611602,0.0075,-1.336,0.567309,1.1229,2.1462,2.36,0.024,0.880033,0.007632,0.005882,0.005468,0.004782,0.004402,0.003596,0.002463,0.002114,0.0018,0.001668,0.008672,0.006684,0.006213,0.005434,0.004086,0.002402,0.001895,0.000194,1.5827,61.44,28.32,0.0499,0.00101,60.0
TRAN_F1040_tran_sim_33_W16,test,Transient,7,0.636965,1.213565,1.905229,0.9551,37.4,60.0,59.9974,13.19,98.4,0.000159,0.405725,0.636965,-1.213565,1.203617,2.417182,-0.004311,0.61265,0.0077,-1.3364,0.567286,1.1228,2.1392,2.3523,0.024,0.879973,0.007682,0.005935,0.005521,0.004775,0.004396,0.003552,0.002372,0.002195,0.001721,0.001647,0.00873,0.006745,0.006274,0.005426,0.004036,0.002494,0.001872,0.000196,1.591,61.44,28.41,0.0498,0.00098,60.0
TRAN_F1041_tran_sim_33_W17,test,Transient,7,0.637009,1.212867,1.904004,0.9623,37.4,60.0,60.0005,13.2,96.4,0.00013,0.40578,0.637009,-1.212867,1.20641,2.419277,-0.004828,0.61195,0.0078,-1.3369,0.567357,1.1228,2.1377,2.3508,0.024,0.880056,0.007709,0.005977,0.00551,0.00479,0.004353,0.003611,0.002348,0.002125,0.001749,0.00169,0.00876,0.006792,0.006261,0.005443,0.004103,0.002415,0.00192,0.000196,1.5908,61.43,28.16,0.0498,0.000972,60.0
TRAN_F1042_tran_sim_33_W18,test,Transient,7,0.637017,1.216564,1.909782,0.9521,37.4,60.0,59.9959,13.19,94.6,8.1e-05,0.405791,0.637017,-1.216564,1.206416,2.42298,-0.005254,0.612852,0.0078,-1.3367,0.56737,1.1228,2.1442,2.3576,0.024,0.880066,0.007687,0.005913,0.005676,0.004721,0.004426,0.003601,0.002309,0.001994,0.00189,0.001704,0.008735,0.006719,0.00645,0.005364,0.004092,0.002266,0.001936,0.000197,1.5948,61.43,28.29,0.0497,0.000986,60.0
TRAN_F1043_tran_sim_33_W19,test,Transient,7,0.636891,1.213077,1.904687,0.9712,37.4,60.0,59.9971,13.2,92.6,0.000206,0.40563,0.636891,-1.213077,1.208621,2.421698,-0.004637,0.613721,0.0079,-1.3365,0.567247,1.1228,2.1385,2.3515,0.024,0.879904,0.007758,0.005974,0.005487,0.0049,0.00433,0.003651,0.002428,0.002277,0.001818,0.001612,0.008817,0.006789,0.006236,0.005569,0.004149,0.002588,0.001832,0.000199,1.6032,61.43,28.31,0.0497,0.000987,60.0
TRAN_F1044_tran_sim_33_W20,test,Transient,7,0.636871,1.213406,1.905261,0.9501,37.4,60.0,59.9986,13.2,90.6,0.000282,0.405605,0.636871,-1.213406,1.20444,2.417845,-0.004704,0.613864,0.0077,-1.3369,0.567253,1.1227,2.1391,2.3517,0.024,0.879869,0.007706,0.005825,0.005604,0.004867,0.004275,0.003502,0.002493,0.002141,0.001671,0.001514,0.008758,0.00662,0.006369,0.005532,0.00398,0.002433,0.001721,0.000195,1.5871,61.44,28.32,0.0498,0.000995,60.0
TRAN_F1045_tran_sim_33_W21,test,Transient,7,0.636905,1.21525,1.908054,0.9367,37.4,60.0,59.9995,13.2,88.8,0.000209,0.405648,0.636905,-1.21525,1.205693,2.420943,-0.003465,0.613559,0.0083,-1.3364,0.567242,1.1228,2.1424,2.356,0.024,0.879912,0.007813,0.005812,0.005538,0.004703,0.004312,0.00347,0.002411,0.002135,0.001639,0.00154,0.008879,0.006605,0.006294,0.005345,0.003944,0.002426,0.00175,0.000194,1.5829,61.42,28.0,0.0497,0.00099,60.0
TRAN_F1046_tran_sim_33_W22,test,Transient,7,0.63698,1.214504,1.906661,0.9531,37.4,60.0,59.9997,13.2,86.8,0.000191,0.405743,0.63698,-1.214504,1.203989,2.418492,-0.003492,0.614255,0.0078,-1.3367,0.567323,1.1228,2.1408,2.354,0.024,0.880013,0.007685,0.005974,0.005545,0.004709,0.004367,0.003533,0.002455,0.00214,0.001772,0.001605,0.008733,0.006789,0.006301,0.005351,0.004015,0.002432,0.001824,0.000196,1.5909,61.43,28.13,0.0498,0.000978,60.0
TRAN_F1047_tran_sim_33_W23,test,Transient,7,0.636943,1.21244,1.90353,0.9568,37.4,60.0,59.9993,13.19,84.8,0.000199,0.405696,0.636943,-1.21244,1.204358,2.416798,-0.004099,0.612943,0.0078,-1.3366,0.567263,1.1228,2.1373,2.3502,0.024,0.879935,0.00772,0.005892,0.005629,0.004833,0.004342,0.00358,0.00239,0.002226,0.00175,0.001619,0.008773,0.006696,0.006397,0.005492,0.004068,0.00253,0.00184,0.000197,1.5951,61.44,28.4,0.0498,0.001005,60.0
TRAN_F1048_tran_sim_33_W24,test,Transient,7,0.636969,1.212751,1.903941,0.9513,37.4,60.0,60.0012,13.2,83.0,0.000227,0.40573,0.636969,-1.212751,1.206266,2.419018,-0.003388,0.613835,0.008,-1.3364,0.567332,1.1227,2.1376,2.3504,0.024,0.880003,0.007793,0.005943,0.005485,0.004716,0.004337,0.003539,0.002413,0.002006,0.001867,0.00148,0.008856,0.006753,0.006233,0.005359,0.004022,0.00228,0.001682,0.000195,1.5868,61.43,28.1,0.0497,0.000981,60.0
TRAN_F1049_tran_sim_33_W25,test,Transient,7,0.63688,1.215756,1.908924,0.9534,37.4,60.0,59.9989,13.2,81.0,0.000263,0.405616,0.63688,-1.215756,1.206262,2.422018,-0.005883,0.611084,0.0077,-1.3362,0.567215,1.1228,2.1434,2.357,0.024,0.879861,0.007699,0.005905,0.005611,0.004783,0.004347,0.003552,0.002431,0.002234,0.001775,0.001643,0.00875,0.006711,0.006377,0.005436,0.004037,0.002539,0.001867,0.000197,1.5952,61.43,28.08,0.0498,0.000976,60.0
TRAN_F1050_tran_sim_33_W26,test,Transient,7,0.636877,1.216532,1.910152,0.9482,37.4,60.0,59.9992,13.2,79.0,0.000201,0.405613,0.636877,-1.216532,1.205097,2.421629,-0.004303,0.612722,0.0082,-1.3361,0.567196,1.1229,2.1448,2.3586,0.024,0.879873,0.007862,0.005809,0.005545,0.004789,0.004205,0.003594,0.00239,0.002179,0.001779,0.001601,0.008935,0.006602,0.006302,0.005443,0.004085,0.002476,0.00182,0.000196,1.5911,61.43,28.13,0.0498,0.000985,60.0
TRAN_F1051_tran_sim_33_W27,test,Transient,7,0.63693,1.212206,1.903202,0.9595,37.4,60.0,60.0031,13.2,77.2,0.00017,0.40568,0.63693,-1.212206,1.204451,2.416658,-0.003509,0.613101,0.0081,-1.3364,0.567256,1.1228,2.137,2.35,0.024,0.879952,0.007755,0.005881,0.005643,0.004914,0.00437,0.003542,0.002453,0.002127,0.001866,0.001625,0.008813,0.006683,0.006413,0.005584,0.004025,0.002417,0.001847,0.000199,1.6031,61.42,27.91,0.0497,0.000965,60.0
TRAN_F1052_tran_sim_33_W28,test,Transient,7,0.636855,1.213974,1.906201,0.9571,37.4,60.0,59.9989,13.2,78.8,0.000147,0.405584,0.636855,-1.213974,1.204781,2.418755,-0.00322,0.613626,0.008,-1.3367,0.567227,1.1228,2.1402,2.3537,0.024,0.879825,0.007824,0.005994,0.005644,0.004783,0.004332,0.003478,0.002463,0.002131,0.001716,0.001623,0.008893,0.006813,0.006415,0.005436,0.003953,0.002422,0.001845,0.000199,1.6034,61.44,28.4,0.0498,0.001,60.0
TRAN_F1053_tran_sim_33_W29,test,Transient,7,0.636849,1.212582,1.904033,0.9635,37.4,60.0,60.0002,13.19,80.8,0.000159,0.405577,0.636849,-1.212582,1.207232,2.419815,-0.003897,0.612913,0.0077,-1.3361,0.567211,1.1228,2.1378,2.3506,0.024,0.879804,0.007622,0.00599,0.005603,0.00486,0.004471,0.003516,0.002443,0.002114,0.001739,0.001518,0.008663,0.006808,0.006368,0.005524,0.003996,0.002403,0.001725,0.000197,1.5953,61.43,28.17,0.0498,0.001,60.0
TRAN_F1054_tran_sim_33_W30,test,Transient,7,0.636941,1.211536,1.902118,0.9689,37.4,60.0,60.0027,13.2,82.6,0.000159,0.405693,0.636941,-1.211536,1.20617,2.417707,-0.00464,0.611468,0.008,-1.337,0.567313,1.1227,2.1356,2.348,0.024,0.87997,0.007684,0.006028,0.005407,0.004835,0.00435,0.003603,0.002385,0.002098,0.001769,0.001769,0.008732,0.00685,0.006145,0.005495,0.004094,0.002384,0.00201,0.000196,1.591,61.43,28.33,0.0498,0.001,60.0
TRAN_F1055_tran_sim_33_W31,test,Transient,7,0.636905,1.214166,1.906354,0.9604,37.4,60.0,59.9987,13.21,84.6,0.000158,0.405648,0.636905,-1.214166,1.204523,2.418689,-0.005991,0.611852,0.0078,-1.3371,0.567289,1.1227,2.1403,2.3528,0.024,0.879932,0.007749,0.005978,0.005537,0.004829,0.004276,0.003516,0.002544,0.002046,0.001817,0.001622,0.008806,0.006794,0.006293,0.005488,0.003996,0.002325,0.001843,0.000197,1.5951,61.44,28.32,0.0497,0.000998,60.0
TRAN_F1056_tran_sim_34_W00,test,Transient,7,0.596397,1.023797,1.716637,0.6361,39.0,60.0,60.0027,17.38,125.6,-5.5e-05,0.35569,0.596397,-1.023797,1.02258,2.046377,-0.008991,0.585338,0.0062,-1.4273,0.533238,1.1184,1.92,2.11,0.024,0.8358,0.007333,0.004781,0.003267,0.002016,0.002221,0.001158,0.001186,0.001083,0.000823,0.001035,0.008774,0.00572,0.003909,0.002412,0.001385,0.001296,0.001238,0.000102,1.2084,60.46,17.52,0.0219,0.000373,60.0
TRAN_F1057_tran_sim_34_W01,test,Transient,7,0.596362,1.025194,1.719081,0.6365,38.2,60.0,60.0006,17.36,123.8,-0.000133,0.355647,0.596362,-1.025194,1.021442,2.046636,-0.012844,0.585441,0.0064,-1.4274,0.533225,1.1184,1.9226,2.1126,0.024,0.835728,0.007347,0.004771,0.003305,0.002077,0.002312,0.001103,0.001221,0.001276,0.001007,0.001035,0.008791,0.005709,0.003955,0.002485,0.00132,0.001527,0.001238,0.000104,1.2203,60.47,17.58,0.022,0.000379,60.0
TRAN_F1058_tran_sim_34_W02,test,Transient,7,0.596379,1.024899,1.718536,0.6353,38.4,60.0,59.9986,17.34,121.8,-0.000136,0.355668,0.596379,-1.024899,1.022045,2.046944,-0.012837,0.585058,0.0068,-1.4273,0.533209,1.1185,1.9221,2.1123,0.024,0.835754,0.007361,0.004763,0.003214,0.002098,0.002367,0.001052,0.0012,0.001273,0.000982,0.000923,0.008808,0.005699,0.003846,0.00251,0.001259,0.001523,0.001104,0.000103,1.2143,60.46,17.23,0.022,0.000368,60.0
TRAN_F1059_tran_sim_34_W03,test,Transient,7,0.596404,1.025797,1.719969,0.6269,38.2,60.0,60.0001,17.35,119.8,-6.3e-05,0.355698,0.596404,-1.025797,1.022082,2.047879,-0.013453,0.585462,0.0064,-1.4274,0.533257,1.1184,1.9236,2.1135,0.024,0.835791,0.007386,0.004702,0.003165,0.001924,0.002295,0.001281,0.001279,0.00123,0.000931,0.000933,0.008837,0.005626,0.003787,0.002302,0.001533,0.001472,0.001116,0.000102,1.2084,60.46,17.36,0.022,0.000372,60.0
TRAN_F1060_tran_sim_34_W04,test,Transient,7,0.596393,1.023335,1.715874,0.6204,39.0,60.0,59.9983,17.35,118.0,-0.000139,0.355684,0.596393,-1.023335,1.022849,2.046183,-0.012228,0.586193,0.0065,-1.4279,0.53325,1.1184,1.9191,2.1086,0.024,0.835781,0.007309,0.004612,0.003177,0.002031,0.002302,0.00122,0.001304,0.001111,0.000836,0.000888,0.008745,0.005518,0.003801,0.00243,0.00146,0.001329,0.001062,0.0001,1.1965,60.47,17.81,0.022,0.000386,60.0
TRAN_F1061_tran_sim_34_W05,test,Transient,7,0.596343,1.024506,1.717981,0.6419,39.0,60.0,60.0018,17.35,116.0,-0.000133,0.355625,0.596343,-1.024506,1.023897,2.048404,-0.012753,0.585487,0.0069,-1.4273,0.533188,1.1184,1.9215,2.1112,0.024,0.835688,0.007393,0.004805,0.003176,0.002126,0.00224,0.001083,0.001281,0.00118,0.0009,0.00104,0.008847,0.00575,0.0038,0.002544,0.001296,0.001412,0.001244,0.000103,1.2144,60.47,17.66,0.022,0.000382,60.0
TRAN_F1062_tran_sim_34_W06,test,Transient,7,0.596381,1.023537,1.716248,0.6469,39.0,60.0,59.9993,17.34,114.0,-9.9e-05,0.35567,0.596381,-1.023537,1.023091,2.046628,-0.011464,0.586449,0.0067,-1.427,0.533199,1.1185,1.9196,2.1094,0.024,0.83575,0.007438,0.004896,0.00319,0.001985,0.002354,0.001151,0.001294,0.001199,0.000926,0.001028,0.0089,0.005858,0.003817,0.002375,0.001377,0.001435,0.00123,0.000105,1.2261,60.47,17.45,0.022,0.000375,60.0
TRAN_F1063_tran_sim_34_W07,test,Transient,7,0.596413,1.026157,1.720549,0.6301,38.2,60.0,59.9991,17.35,112.2,-8.9e-05,0.355708,0.596413,-1.026157,1.021121,2.047278,-0.013018,0.586121,0.0065,-1.4275,0.533281,1.1184,1.9242,2.1141,0.024,0.835802,0.007395,0.004747,0.003312,0.001987,0.002383,0.00112,0.001296,0.001148,0.000929,0.000906,0.008848,0.00568,0.003963,0.002377,0.00134,0.001374,0.001084,0.000104,1.2202,60.46,17.45,0.022,0.000372,60.0
TRAN_F1064_tran_sim_34_W08,test,Transient,7,0.596424,1.025858,1.720014,0.6374,39.2,60.0,60.0031,17.37,110.2,-7.9e-05,0.355722,0.596424,-1.025858,1.023634,2.049492,-0.01141,0.584941,0.0068,-1.427,0.533234,1.1185,1.9238,2.1144,0.024,0.835813,0.00728,0.004761,0.003215,0.002029,0.002378,0.001263,0.001336,0.001216,0.000911,0.000797,0.00871,0.005696,0.003847,0.002428,0.001511,0.001455,0.000954,0.000102,1.2083,60.47,17.61,0.022,0.00038,60.0
TRAN_F1065_tran_sim_34_W09,test,Transient,7,0.596374,1.024003,1.717049,0.6375,38.4,60.0,60.0023,17.36,108.2,-0.000112,0.355662,0.596374,-1.024003,1.022529,2.046532,-0.012079,0.585318,0.0067,-1.4272,0.533197,1.1185,1.9205,2.1107,0.024,0.835739,0.007471,0.004752,0.003137,0.002047,0.002316,0.001269,0.001331,0.001142,0.000876,0.000951,0.008939,0.005686,0.003754,0.002449,0.001518,0.001366,0.001138,0.000104,1.2202,60.47,17.48,0.022,0.000376,60.0
TRAN_F1066_tran_sim_34_W10,test,Transient,7,0.596399,1.024348,1.717556,0.6309,39.0,60.0,60.0031,17.37,106.4,-0.000144,0.355691,0.596399,-1.022762,1.024348,2.04711,-0.011236,0.584746,0.0067,-1.4274,0.533261,1.1184,1.9209,2.1108,0.024,0.835779,0.007353,0.00476,0.003339,0.001977,0.002331,0.001112,0.001352,0.001207,0.000929,0.000889,0.008798,0.005695,0.003995,0.002365,0.00133,0.001444,0.001064,0.000103,1.2143,60.46,17.3,0.022,0.000372,60.0
TRAN_F1067_tran_sim_34_W11,test,Transient,7,0.596339,1.026661,1.721605,0.6307,39.0,60.0,59.9994,17.34,104.4,-5.6e-05,0.35562,0.596339,-1.026661,1.023639,2.050299,-0.012472,0.585121,0.0067,-1.4273,0.533204,1.1184,1.9255,2.1154,0.024,0.83569,0.007354,0.004748,0.003158,0.002073,0.002382,0.000972,0.001345,0.001251,0.000951,0.000899,0.0088,0.005682,0.003779,0.002481,0.001163,0.001497,0.001076,0.000103,1.2144,60.46,17.23,0.022,0.000365,60.0
TRAN_F1068_tran_sim_34_W12,test,Transient,7,0.596365,1.026206,1.72077,0.6216,38.2,60.0,60.0018,17.36,102.4,-0.00012,0.355651,0.596364,-1.026206,1.022416,2.048623,-0.011151,0.584654,0.0065,-1.4277,0.533256,1.1183,1.9244,2.1145,0.024,0.835729,0.007394,0.004647,0.003025,0.001953,0.002502,0.001255,0.001343,0.001148,0.000897,0.00098,0.008847,0.00556,0.00362,0.002337,0.001502,0.001374,0.001173,0.000102,1.2085,60.47,17.48,0.022,0.000378,60.0
TRAN_F1069_tran_sim_34_W13,test,Transient,7,0.596466,1.023124,1.71531,0.6433,38.2,60.0,59.9985,17.35,100.6,-4.1e-05,0.355771,0.596466,-1.022427,1.023124,2.04555,-0.010738,0.585639,0.0067,-1.4273,0.533289,1.1185,1.9185,2.1083,0.024,0.835876,0.007317,0.004812,0.003181,0.002063,0.002299,0.001229,0.001274,0.001272,0.001012,0.000799,0.008754,0.005757,0.003806,0.002468,0.00147,0.001522,0.000956,0.000103,1.2142,60.47,17.61,0.022,0.000381,60.0
TRAN_F1070_tran_sim_34_W14,test,Transient,7,0.596401,1.023097,1.71545,0.6447,39.2,60.0,60.0,17.34,98.6,-0.000123,0.355694,0.596401,-1.023097,1.022792,2.045888,-0.012797,0.585271,0.0066,-1.4271,0.533214,1.1185,1.9187,2.1083,0.024,0.835766,0.007473,0.004843,0.003142,0.002021,0.002274,0.00122,0.001191,0.001268,0.000948,0.00095,0.008941,0.005795,0.003759,0.002418,0.00146,0.001517,0.001137,0.000105,1.2261,60.47,17.45,0.022,0.000379,60.0
TRAN_F1071_tran_sim_34_W15,test,Transient,7,0.596404,1.024812,1.718319,0.6452,38.2,60.0,60.0015,17.35,96.6,-3.4e-05,0.355697,0.596404,-1.024812,1.021939,2.04675,-0.01223,0.585302,0.0065,-1.427,0.533218,1.1185,1.9219,2.1121,0.024,0.835775,0.007332,0.004819,0.003142,0.002119,0.002305,0.001167,0.001339,0.001201,0.000966,0.000955,0.008773,0.005766,0.003759,0.002535,0.001396,0.001437,0.001143,0.000103,1.2143,60.47,17.44,0.022,0.000374,60.0
TRAN_F1072_tran_sim_34_W16,test,Transient,7,0.596389,1.024298,1.7175,0.6326,39.2,60.0,59.9986,17.35,94.8,-0.000107,0.35568,0.596389,-1.023699,1.024298,2.047997,-0.010891,0.586151,0.0067,-1.4273,0.533229,1.1184,1.9209,2.111,0.024,0.835769,0.007479,0.004794,0.003166,0.001908,0.002335,0.001152,0.00129,0.00107,0.001015,0.000842,0.008949,0.005736,0.003788,0.002283,0.001378,0.00128,0.001007,0.000104,1.2202,60.47,17.7,0.022,0.000381,60.0
TRAN_F1073_tran_sim_34_W17,test,Transient,7,0.596394,1.023785,1.716624,0.6319,39.0,60.0,59.9986,17.35,92.8,-1.4e-05,0.355686,0.596395,-1.02239,1.023785,2.046175,-0.012461,0.584194,0.0066,-1.4275,0.533237,1.1184,1.9199,2.1099,0.024,0.835773,0.007341,0.004758,0.003238,0.001969,0.00238,0.001172,0.001296,0.001139,0.000972,0.000845,0.008783,0.005693,0.003874,0.002356,0.001402,0.001363,0.001011,0.000103,1.2143,60.47,17.59,0.022,0.000377,60.0
TRAN_F1074_tran_sim_34_W18,test,Transient,7,0.59637,1.024012,1.717073,0.638,39.0,60.0,59.9997,17.34,90.8,-9.5e-05,0.355658,0.59637,-1.024012,1.022717,2.046728,-0.011489,0.584549,0.0067,-1.4272,0.533205,1.1185,1.9205,2.1106,0.024,0.835727,0.007358,0.004734,0.003126,0.002133,0.002361,0.001212,0.001165,0.001207,0.000871,0.001022,0.008804,0.005665,0.00374,0.002552,0.00145,0.001444,0.001223,0.000103,1.2144,60.46,17.32,0.022,0.000372,60.0
TRAN_F1075_tran_sim_34_W19,test,Transient,7,0.596388,1.027489,1.722852,0.6568,38.2,60.0,59.997,17.33,89.0,-0.000147,0.355679,0.596388,-1.027489,1.023731,2.051219,-0.011217,0.585574,0.0065,-1.427,0.533182,1.1185,1.9271,2.1182,0.024,0.83575,0.007295,0.004901,0.003206,0.002121,0.002364,0.001272,0.001253,0.001205,0.000875,0.000882,0.008729,0.005864,0.003836,0.002538,0.001522,0.001442,0.001055,0.000104,1.2202,60.47,17.49,0.022,0.000375,60.0
TRAN_F1076_tran_sim_34_W20,test,Transient,7,0.596391,1.025065,1.718781,0.6508,39.0,60.0,60.0013,17.35,87.0,-7.7e-05,0.355682,0.596391,-1.024495,1.025065,2.049561,-0.011587,0.585244,0.0067,-1.4271,0.533214,1.1185,1.9224,2.1124,0.024,0.835763,0.007403,0.004819,0.003224,0.002111,0.002427,0.001379,0.001143,0.001183,0.001046,0.000927,0.008858,0.005766,0.003858,0.002526,0.00165,0.001415,0.001109,0.000105,1.2261,60.47,17.49,0.022,0.000376,60.0
TRAN_F1077_tran_sim_34_W21,test,Transient,7,0.59635,1.024616,1.718145,0.6362,39.0,60.0,59.9998,17.34,85.0,-9.1e-05,0.355633,0.59635,-1.024616,1.021263,2.045878,-0.010105,0.585739,0.0064,-1.4269,0.533158,1.1185,1.9218,2.1122,0.024,0.8357,0.007302,0.004826,0.003091,0.001902,0.002322,0.001166,0.001287,0.00113,0.000812,0.001082,0.008738,0.005775,0.003699,0.002276,0.001395,0.001352,0.001295,0.000101,1.2026,60.47,17.59,0.022,0.000375,60.0
TRAN_F1078_tran_sim_34_W22,test,Transient,7,0.596353,1.023267,1.715874,0.6321,39.0,60.0,59.9965,17.35,83.2,-0.000104,0.355637,0.596353,-1.023267,1.023071,2.046337,-0.011551,0.585693,0.0066,-1.4275,0.533204,1.1184,1.9191,2.1089,0.024,0.835732,0.007299,0.004744,0.003139,0.002043,0.002413,0.00111,0.001215,0.001195,0.000825,0.000905,0.008734,0.005676,0.003756,0.002445,0.001328,0.00143,0.001083,0.000101,1.2025,60.46,17.37,0.0219,0.000371,60.0
TRAN_F1079_tran_sim_34_W23,test,Transient,7,0.596411,1.024248,1.717352,0.6257,39.0,60.0,59.9984,17.35,81.2,-0.000125,0.355706,0.596411,-1.024248,1.023031,2.047279,-0.012132,0.585505,0.0064,-1.4275,0.533273,1.1184,1.9207,2.1106,0.024,0.8358,0.007327,0.004714,0.003298,0.00198,0.00237,0.001099,0.001217,0.00113,0.000997,0.001062,0.008766,0.00564,0.003946,0.002369,0.001315,0.001352,0.001271,0.000102,1.2084,60.46,17.41,0.022,0.00037,60.0
TRAN_F1080_tran_sim_34_W24,test,Transient,7,0.59646,1.024698,1.717967,0.6312,39.0,60.0,60.0013,17.35,79.2,-0.000151,0.355764,0.59646,-1.024698,1.022324,2.047021,-0.012027,0.585541,0.0065,-1.4274,0.533294,1.1184,1.9214,2.1113,0.024,0.835854,0.007345,0.004762,0.003206,0.002011,0.00229,0.001056,0.001262,0.001256,0.001006,0.00085,0.008787,0.005697,0.003836,0.002406,0.001263,0.001503,0.001017,0.000102,1.2083,60.47,17.57,0.022,0.000382,60.0
TRAN_F1081_tran_sim_34_W25,test,Transient,7,0.596411,1.02445,1.717692,0.6472,38.2,60.0,59.9999,17.35,77.4,-0.000168,0.355706,0.596411,-1.02445,1.02238,2.04683,-0.011017,0.585448,0.0066,-1.4271,0.533189,1.1186,1.9214,2.1117,0.024,0.835791,0.007244,0.004858,0.00324,0.002064,0.002349,0.001182,0.00134,0.001228,0.000972,0.000907,0.008667,0.005812,0.003877,0.00247,0.001414,0.001469,0.001085,0.000103,1.2143,60.47,17.43,0.022,0.000375,60.0
TRAN_F1082_tran_sim_34_W26,test,Transient,7,0.596402,1.023993,1.716951,0.6316,39.0,60.0,59.9993,17.35,78.4,-0.000117,0.355695,0.596402,-1.023993,1.023464,2.047456,-0.011479,0.584803,0.0064,-1.4275,0.533264,1.1184,1.9202,2.1099,0.024,0.835781,0.007393,0.004683,0.003146,0.00211,0.002248,0.001218,0.001237,0.001246,0.000953,0.001066,0.008846,0.005603,0.003764,0.002525,0.001457,0.001491,0.001275,0.000103,1.2143,60.47,17.72,0.022,0.000383,60.0
TRAN_F1083_tran_sim_34_W27,test,Transient,7,0.596387,1.023478,1.716131,0.6341,39.0,60.0,59.9988,17.35,80.4,-0.000116,0.355677,0.596387,-1.023151,1.023478,2.046629,-0.012335,0.585932,0.0064,-1.4273,0.533227,1.1184,1.9194,2.1091,0.024,0.835757,0.007353,0.004749,0.003162,0.002047,0.002448,0.001157,0.001182,0.001262,0.000967,0.000995,0.008798,0.005682,0.003783,0.002449,0.001384,0.00151,0.001191,0.000103,1.2143,60.47,17.85,0.022,0.000387,60.0
TRAN_F1084_tran_sim_34_W28,test,Transient,7,0.59629,1.025247,1.719378,0.651,38.2,60.0,60.0037,17.35,82.2,-0.000156,0.355561,0.59629,-1.025247,1.023427,2.048674,-0.012477,0.58583,0.0066,-1.4272,0.53312,1.1185,1.9231,2.1133,0.024,0.83563,0.007391,0.004828,0.003083,0.002182,0.002287,0.001234,0.001227,0.001235,0.000842,0.000897,0.008845,0.005778,0.003689,0.002611,0.001477,0.001478,0.001073,0.000103,1.2145,60.47,17.49,0.022,0.000377,60.0
TRAN_F1085_tran_sim_34_W29,test,Transient,7,0.596355,1.024571,1.718057,0.6324,38.6,60.0,59.9995,17.34,84.2,-0.000102,0.355639,0.596355,-1.024571,1.022744,2.047315,-0.013521,0.584689,0.0066,-1.4271,0.533212,1.1184,1.9215,2.1113,0.024,0.835704,0.007284,0.004739,0.003238,0.002015,0.002401,0.001187,0.00131,0.001262,0.000972,0.000883,0.008716,0.005671,0.003875,0.002411,0.00142,0.00151,0.001057,0.000102,1.2085,60.46,17.41,0.022,0.000371,60.0
TRAN_F1086_tran_sim_34_W30,test,Transient,7,0.5964,1.022902,1.715127,0.6298,39.0,60.0,60.001,17.34,86.2,-0.00016,0.355693,0.5964,-1.022902,1.022831,2.045733,-0.01229,0.585636,0.0067,-1.427,0.533233,1.1185,1.9183,2.108,0.024,0.835772,0.00739,0.004767,0.003279,0.001885,0.002427,0.001194,0.001175,0.001182,0.001006,0.001002,0.008842,0.005704,0.003923,0.002255,0.001429,0.001414,0.001199,0.000104,1.2202,60.46,17.45,0.022,0.000375,60.0
TRAN_F1087_tran_sim_34_W31,test,Transient,7,0.59647,1.024341,1.71734,0.6359,39.2,60.0,60.0011,17.35,88.2,-0.000104,0.355776,0.59647,-1.024341,1.023562,2.047903,-0.011584,0.585693,0.0064,-1.4272,0.533287,1.1185,1.9208,2.1106,0.024,0.835874,0.007401,0.004785,0.003243,0.00198,0.002374,0.001199,0.001179,0.001207,0.00095,0.000802,0.008854,0.005725,0.00388,0.002369,0.001434,0.001444,0.000959,0.000104,1.22,60.46,17.35,0.022,0.000371,60.0
TRAN_F1088_tran_sim_35_W00,test,Transient,7,0.607494,1.12031,1.844151,1.0916,34.2,60.0,60.0019,15.06,132.2,-7.6e-05,0.369048,0.607494,-1.111984,1.12031,2.232294,0.001036,0.587852,0.0032,-1.3864,0.542416,1.12,2.0654,2.2692,0.024,0.845991,0.012441,0.007068,0.005981,0.004986,0.00409,0.003235,0.002326,0.002166,0.001893,0.001681,0.014706,0.008355,0.00707,0.005894,0.003824,0.00256,0.001987,0.000309,2.0778,61.23,26.98,0.0362,0.000897,60.0
TRAN_F1089_tran_sim_35_W01,test,Transient,7,0.607454,1.120079,1.843892,1.0948,34.2,60.0,60.0011,15.05,130.2,-0.000165,0.369,0.607454,-1.111635,1.120079,2.231714,0.001475,0.58724,0.0029,-1.3864,0.542424,1.1199,2.0649,2.2684,0.024,0.845924,0.012474,0.007019,0.00606,0.00512,0.004007,0.003207,0.002441,0.002145,0.001908,0.001716,0.014746,0.008297,0.007164,0.006053,0.003791,0.002536,0.002029,0.000311,2.0847,61.24,27.24,0.0362,0.000918,60.0
TRAN_F1090_tran_sim_35_W02,test,Transient,7,0.607398,1.119245,1.842688,1.0938,34.2,60.0,59.9988,15.04,128.4,-8e-05,0.368932,0.607398,-1.111259,1.119245,2.230505,-0.000258,0.586935,0.0028,-1.3859,0.542315,1.12,2.0638,2.2673,0.024,0.845848,0.012315,0.007056,0.006095,0.005021,0.004061,0.003257,0.002405,0.002175,0.001985,0.001723,0.014559,0.008342,0.007206,0.005936,0.003851,0.002571,0.002037,0.000308,2.0748,61.24,27.2,0.0362,0.000901,60.0
TRAN_F1091_tran_sim_35_W03,test,Transient,7,0.607525,1.119636,1.842947,1.0977,34.2,60.0,60.0007,15.05,126.4,-0.000135,0.369086,0.607525,-1.111387,1.119636,2.231023,0.00278,0.588789,0.0027,-1.3861,0.542423,1.12,2.0641,2.2677,0.024,0.846036,0.01241,0.007127,0.006109,0.005072,0.004035,0.003119,0.002262,0.002228,0.002027,0.001788,0.014668,0.008424,0.007221,0.005995,0.003687,0.002633,0.002113,0.000311,2.0844,61.24,27.16,0.0362,0.000895,60.0
TRAN_F1092_tran_sim_35_W04,test,Transient,7,0.607372,1.118748,1.84195,1.1014,34.2,60.0,59.9987,15.03,124.4,-9.1e-05,0.3689,0.607372,-1.112284,1.118748,2.231032,-0.000873,0.586899,0.003,-1.3859,0.542283,1.12,2.063,2.2667,0.024,0.845797,0.01242,0.007095,0.00599,0.005152,0.004089,0.003144,0.002289,0.002256,0.001775,0.001645,0.014684,0.008389,0.007082,0.006091,0.003717,0.002667,0.001945,0.00031,2.0817,61.24,27.16,0.0363,0.000911,60.0
TRAN_F1093_tran_sim_35_W05,test,Transient,7,0.607442,1.11829,1.840982,1.091,34.2,60.0,60.0034,15.06,122.6,-8.6e-05,0.368986,0.607442,-1.108986,1.11829,2.227276,0.000431,0.588462,0.0027,-1.3865,0.5424,1.1199,2.0617,2.2648,0.024,0.845908,0.012463,0.007021,0.006091,0.005062,0.003929,0.003203,0.002516,0.00196,0.001997,0.001717,0.014733,0.0083,0.007201,0.005984,0.003786,0.002317,0.00203,0.00031,2.0814,61.24,27.24,0.0362,0.00091,60.0
TRAN_F1094_tran_sim_35_W06,test,Transient,7,0.607508,1.119712,1.843122,1.1018,34.2,60.0,60.0002,15.03,120.6,-7.5e-05,0.369066,0.607508,-1.113041,1.119712,2.232753,0.002865,0.589567,0.0027,-1.3857,0.542393,1.1201,2.0644,2.2682,0.024,0.845977,0.012393,0.007123,0.006127,0.005154,0.004041,0.003097,0.002374,0.002206,0.002082,0.001728,0.014649,0.00842,0.007243,0.006092,0.003661,0.002608,0.002043,0.000312,2.0879,61.25,27.4,0.0363,0.00093,60.0
TRAN_F1095_tran_sim_35_W07,test,Transient,7,0.6074,1.1188,1.84195,1.0895,34.2,60.0,60.0002,15.04,118.6,-0.000156,0.368935,0.6074,-1.113122,1.1188,2.231922,0.001835,0.587881,0.0029,-1.386,0.542318,1.12,2.063,2.2663,0.024,0.845838,0.012319,0.007089,0.006038,0.004945,0.004128,0.003196,0.002372,0.002095,0.002031,0.001688,0.014564,0.008381,0.007138,0.005846,0.003779,0.002477,0.001996,0.000307,2.0715,61.24,27.09,0.0363,0.000889,60.0
TRAN_F1096_tran_sim_35_W08,test,Transient,7,0.607365,1.121245,1.846081,1.1013,34.2,60.0,60.0017,15.04,116.8,-4.9e-05,0.368892,0.607365,-1.114007,1.121245,2.235252,0.001154,0.587211,0.0031,-1.3859,0.542259,1.1201,2.0677,2.2725,0.024,0.845786,0.012269,0.007124,0.006144,0.00508,0.004057,0.003193,0.00229,0.002224,0.001804,0.001635,0.014506,0.008423,0.007264,0.006006,0.003775,0.00263,0.001933,0.000308,2.075,61.24,27.07,0.0363,0.000888,60.0
TRAN_F1097_tran_sim_35_W09,test,Transient,7,0.607536,1.121072,1.845278,1.1064,34.2,60.0,60.0002,15.04,114.8,-0.000187,0.369099,0.607536,-1.113514,1.121072,2.234587,0.001827,0.588621,0.0032,-1.386,0.542457,1.12,2.0667,2.2703,0.024,0.846028,0.012505,0.007118,0.006085,0.005108,0.003973,0.003294,0.002351,0.002182,0.002033,0.001645,0.014781,0.008413,0.007192,0.006038,0.003893,0.002579,0.001944,0.000314,2.0945,61.24,27.01,0.0363,0.000906,60.0
TRAN_F1098_tran_sim_35_W10,test,Transient,7,0.6075,1.12046,1.84438,1.1027,34.2,60.0,59.9989,15.03,112.8,-7.9e-05,0.369056,0.6075,-1.113494,1.12046,2.233954,0.001116,0.588181,0.0029,-1.3858,0.542423,1.12,2.0657,2.2694,0.024,0.845975,0.012324,0.00703,0.005996,0.005206,0.004027,0.00324,0.002419,0.002141,0.001878,0.001798,0.014568,0.00831,0.007088,0.006154,0.00383,0.002531,0.002125,0.000308,2.0745,61.24,27.32,0.0363,0.000924,60.0
TRAN_F1099_tran_sim_35_W11,test,Transient,7,0.607398,1.117158,1.839251,1.0854,34.2,60.0,60.0014,15.04,111.0,-8.2e-05,0.368933,0.607398,-1.112681,1.117158,2.229839,0.000617,0.588012,0.003,-1.3865,0.542377,1.1199,2.0597,2.2628,0.024,0.845828,0.012435,0.006957,0.006017,0.00507,0.004072,0.003191,0.002386,0.002136,0.001885,0.001833,0.014702,0.008225,0.007114,0.005994,0.003773,0.002525,0.002167,0.000309,2.0782,61.24,27.22,0.0363,0.000905,60.0
TRAN_F1100_tran_sim_35_W12,test,Transient,7,0.607481,1.11811,1.840567,1.0965,34.2,60.0,59.998,15.03,109.0,-0.000134,0.369033,0.607481,-1.113583,1.11811,2.231693,0.000991,0.586928,0.0028,-1.3865,0.542424,1.1199,2.0613,2.2648,0.024,0.845956,0.012586,0.007045,0.006086,0.005086,0.003997,0.003249,0.002489,0.002034,0.001894,0.001691,0.014878,0.008328,0.007194,0.006012,0.003841,0.002404,0.001999,0.000314,2.0947,61.24,27.18,0.0363,0.000908,60.0
TRAN_F1101_tran_sim_35_W13,test,Transient,7,0.607414,1.118735,1.841799,1.0868,34.2,60.0,60.0009,15.04,107.0,-7.5e-05,0.368952,0.607414,-1.111563,1.118735,2.230297,0.001559,0.587641,0.0031,-1.3863,0.542349,1.12,2.0628,2.2666,0.024,0.845859,0.012296,0.007009,0.00604,0.005064,0.003919,0.003122,0.002428,0.002203,0.001894,0.001734,0.014537,0.008286,0.007141,0.005987,0.003691,0.002604,0.00205,0.000305,2.0647,61.24,27.18,0.0363,0.000904,60.0
TRAN_F1102_tran_sim_35_W14,test,Transient,7,0.607447,1.121382,1.846057,1.0972,34.2,60.0,59.9984,15.03,105.2,-0.000115,0.368992,0.607447,-1.112852,1.121382,2.234233,0.000779,0.587311,0.0031,-1.3861,0.542361,1.12,2.0676,2.2716,0.024,0.845906,0.012457,0.007077,0.006094,0.005069,0.004064,0.00322,0.002455,0.002123,0.002004,0.001612,0.014726,0.008366,0.007204,0.005992,0.003807,0.00251,0.001906,0.000312,2.0881,61.24,27.05,0.0363,0.000895,60.0
TRAN_F1103_tran_sim_35_W15,test,Transient,7,0.607474,1.117149,1.839008,1.1043,34.2,60.0,59.9985,15.04,103.2,-5.8e-05,0.369025,0.607474,-1.11182,1.117149,2.22897,0.000401,0.587129,0.003,-1.3865,0.542413,1.1199,2.0596,2.2631,0.024,0.845952,0.012459,0.007128,0.006001,0.005147,0.004223,0.003158,0.002463,0.002246,0.001833,0.001848,0.014728,0.008426,0.007094,0.006084,0.003733,0.002655,0.002185,0.000314,2.0947,61.24,27.25,0.0362,0.000908,60.0
TRAN_F1104_tran_sim_35_W16,test,Transient,7,0.607484,1.117983,1.840349,1.0917,34.2,60.0,59.9993,15.04,101.2,-0.000222,0.369037,0.607484,-1.110317,1.117983,2.228299,0.001446,0.588454,0.0032,-1.3862,0.542405,1.12,2.0612,2.2647,0.024,0.845972,0.012356,0.007093,0.006083,0.004983,0.004047,0.003186,0.002373,0.002105,0.001881,0.001656,0.014606,0.008384,0.007191,0.00589,0.003766,0.002488,0.001958,0.000308,2.0745,61.24,27.27,0.0362,0.000906,60.0
TRAN_F1105_tran_sim_35_W17,test,Transient,7,0.607441,1.12219,1.847405,1.1042,34.2,60.0,60.0009,15.04,99.2,-0.000153,0.368985,0.607441,-1.11287,1.12219,2.235059,0.001652,0.58808,0.003,-1.3861,0.542368,1.12,2.0691,2.2729,0.024,0.845886,0.012315,0.007158,0.006,0.005105,0.004066,0.003154,0.00241,0.002172,0.001986,0.001614,0.014559,0.008462,0.007093,0.006035,0.003729,0.002568,0.001908,0.000309,2.0781,61.24,27.26,0.0363,0.000913,60.0
TRAN_F1106_tran_sim_35_W18,test,Transient,7,0.607435,1.12017,1.844101,1.0867,34.2,60.0,60.0012,15.04,97.4,-0.000187,0.368977,0.607435,-1.113302,1.12017,2.233473,0.001759,0.587512,0.0029,-1.3862,0.542342,1.12,2.0654,2.2691,0.024,0.845893,0.012288,0.007042,0.005966,0.005015,0.004047,0.003125,0.002381,0.002151,0.001982,0.001502,0.014527,0.008325,0.007053,0.005929,0.003694,0.002543,0.001776,0.000304,2.0612,61.24,27.24,0.0362,0.000912,60.0
TRAN_F1107_tran_sim_35_W19,test,Transient,7,0.607444,1.118942,1.84205,1.0829,34.2,60.0,60.0005,15.04,95.4,-0.000139,0.368988,0.607444,-1.111866,1.118942,2.230808,-7.5e-05,0.588124,0.003,-1.3863,0.542378,1.12,2.063,2.2665,0.024,0.845891,0.012388,0.007007,0.006128,0.005002,0.004068,0.00313,0.002388,0.002139,0.001967,0.001539,0.014645,0.008284,0.007244,0.005913,0.0037,0.002529,0.001819,0.000308,2.0747,61.24,27.07,0.0363,0.000905,60.0
TRAN_F1108_tran_sim_35_W20,test,Transient,7,0.607399,1.11955,1.843189,1.1119,34.2,60.0,59.9993,15.04,93.4,-0.000149,0.368933,0.607399,-1.111514,1.11955,2.231064,0.001412,0.588069,0.0033,-1.386,0.542319,1.12,2.0644,2.2678,0.023,0.845844,0.012482,0.007249,0.006152,0.005127,0.004081,0.003103,0.002464,0.002106,0.001993,0.00169,0.014757,0.00857,0.007273,0.006061,0.003669,0.00249,0.001998,0.000316,2.1016,61.25,27.29,0.0363,0.000919,60.0
TRAN_F1109_tran_sim_35_W21,test,Transient,7,0.607517,1.118006,1.840287,1.0942,34.2,60.0,59.9966,15.03,91.6,-0.000146,0.369077,0.607517,-1.111824,1.118006,2.22983,0.001608,0.587484,0.0031,-1.3859,0.542435,1.12,2.0611,2.264,0.024,0.845997,0.012475,0.007102,0.00608,0.005024,0.003866,0.003163,0.002331,0.002047,0.001927,0.001779,0.014746,0.008395,0.007187,0.005939,0.003739,0.00242,0.002103,0.00031,2.0812,61.24,27.21,0.0363,0.000908,60.0
TRAN_F1110_tran_sim_35_W22,test,Transient,7,0.607457,1.117132,1.839032,1.0962,34.2,60.0,60.0006,15.03,89.6,-0.000128,0.369003,0.607457,-1.113551,1.117132,2.230684,0.00012,0.587974,0.0025,-1.3861,0.542378,1.12,2.0597,2.2629,0.024,0.845905,0.012323,0.007062,0.006129,0.004999,0.003974,0.003337,0.002446,0.002178,0.001884,0.001712,0.014568,0.008348,0.007245,0.00591,0.003945,0.002575,0.002024,0.000308,2.0747,61.24,27.22,0.0363,0.000913,60.0
TRAN_F1111_tran_sim_35_W23,test,Transient,7,0.607457,1.119075,1.842229,1.0877,34.2,60.0,60.0014,15.04,87.6,-0.000134,0.369004,0.607457,-1.111356,1.119075,2.230431,0.000991,0.588231,0.0031,-1.386,0.542377,1.12,2.0633,2.267,0.024,0.845907,0.012408,0.007043,0.00606,0.00506,0.00406,0.003076,0.002238,0.001992,0.001896,0.001605,0.014668,0.008326,0.007164,0.005982,0.003636,0.002355,0.001897,0.000307,2.0713,61.23,26.9,0.0363,0.000892,60.0
TRAN_F1112_tran_sim_35_W24,test,Transient,7,0.607456,1.119461,1.842869,1.0919,34.2,60.0,60.0004,15.04,85.8,-0.00027,0.369002,0.607456,-1.112987,1.119461,2.232448,-6.7e-05,0.588114,0.0032,-1.3862,0.542382,1.12,2.064,2.268,0.024,0.845922,0.012358,0.006982,0.005951,0.005074,0.004143,0.003289,0.002439,0.002058,0.001918,0.001622,0.014609,0.008254,0.007035,0.005998,0.003888,0.002433,0.001917,0.000307,2.0713,61.23,27.06,0.0362,0.000897,60.0
TRAN_F1113_tran_sim_35_W25,test,Transient,7,0.607431,1.119336,1.842737,1.0971,34.2,60.0,60.0002,15.04,83.8,-0.000197,0.368973,0.607431,-1.112208,1.119336,2.231544,0.001721,0.587552,0.0027,-1.386,0.542337,1.12,2.0639,2.2673,0.024,0.845882,0.012434,0.007117,0.005988,0.004969,0.004101,0.003285,0.002491,0.002193,0.001975,0.001726,0.014699,0.008414,0.007079,0.005874,0.003884,0.002593,0.00204,0.000311,2.0848,61.24,27.2,0.0363,0.000892,60.0
TRAN_F1114_tran_sim_35_W26,test,Transient,7,0.607386,1.11917,1.8426,1.0934,34.2,60.0,60.0009,15.04,81.8,-0.000215,0.368918,0.607386,-1.112436,1.11917,2.231605,0.001669,0.588094,0.003,-1.386,0.542313,1.12,2.0637,2.267,0.024,0.84581,0.012486,0.00707,0.005981,0.005073,0.004051,0.003132,0.002407,0.002227,0.001908,0.001625,0.014762,0.008359,0.007071,0.005998,0.003703,0.002633,0.001921,0.000311,2.085,61.23,27.04,0.0363,0.000899,60.0
TRAN_F1115_tran_sim_35_W27,test,Transient,7,0.60743,1.12019,1.844146,1.0838,34.2,60.0,60.0014,15.04,80.0,-0.000132,0.368971,0.60743,-1.11243,1.12019,2.232621,0.002535,0.58874,0.0031,-1.3865,0.542386,1.1199,2.0653,2.2686,0.024,0.845884,0.0123,0.007019,0.006149,0.004984,0.004062,0.003154,0.002322,0.002166,0.002031,0.001702,0.014541,0.008298,0.007269,0.005892,0.003729,0.002561,0.002012,0.000307,2.0714,61.24,27.14,0.0362,0.000907,60.0
TRAN_F1116_tran_sim_35_W28,test,Transient,7,0.607396,1.120902,1.845422,1.1093,34.2,60.0,59.9995,15.04,79.4,-0.000246,0.36893,0.607396,-1.111496,1.120902,2.232398,0.000273,0.586789,0.0029,-1.3864,0.54238,1.1199,2.0666,2.2703,0.024,0.845833,0.01227,0.00709,0.006061,0.005198,0.004015,0.003279,0.002492,0.002104,0.001986,0.001682,0.014506,0.008382,0.007166,0.006145,0.003877,0.002487,0.001989,0.000309,2.0782,61.24,27.09,0.0363,0.000903,60.0
TRAN_F1117_tran_sim_35_W29,test,Transient,7,0.607327,1.119792,1.843803,1.0849,34.2,60.0,60.0001,15.03,81.0,-0.00026,0.368846,0.607327,-1.112277,1.119792,2.232069,0.000514,0.587052,0.0027,-1.3863,0.54226,1.12,2.065,2.2692,0.024,0.845726,0.012317,0.006973,0.006133,0.005034,0.00399,0.003197,0.002431,0.002215,0.001959,0.001697,0.014564,0.008245,0.007252,0.005952,0.00378,0.002619,0.002007,0.000307,2.0718,61.24,27.27,0.0363,0.000919,60.0
TRAN_F1118_tran_sim_35_W30,test,Transient,7,0.607354,1.119575,1.843363,1.0975,34.2,60.0,59.9975,15.04,83.2,-0.000177,0.368879,0.607354,-1.113383,1.119575,2.232958,0.001662,0.588017,0.0031,-1.3862,0.542302,1.12,2.0645,2.2682,0.024,0.84577,0.012343,0.007113,0.00612,0.005045,0.004038,0.003179,0.002444,0.002069,0.00186,0.001803,0.014594,0.00841,0.007236,0.005965,0.003759,0.002446,0.002132,0.000309,2.0784,61.25,27.31,0.0363,0.000909,60.0
TRAN_F1119_tran_sim_35_W31,test,Transient,7,0.607482,1.119798,1.843344,1.1032,34.2,60.0,60.0,15.03,84.8,-0.000195,0.369034,0.607482,-1.115471,1.119798,2.235269,0.001273,0.588039,0.0027,-1.3856,0.542385,1.12,2.0646,2.2687,0.024,0.845919,0.012491,0.007113,0.006092,0.005037,0.004076,0.003336,0.002421,0.002115,0.001929,0.001749,0.014766,0.008409,0.007202,0.005954,0.003944,0.0025,0.002068,0.000314,2.0948,61.24,27.2,0.0363,0.00093,60.0
TRAN_F1120_tran_sim_36_W00,test,Transient,7,0.625948,1.039582,1.660813,0.7335,38.6,60.0,60.0001,19.55,14.0,0.000121,0.391811,0.625948,-1.026765,1.039582,2.066347,-0.001675,0.61521,-0.0017,-1.4559,0.561545,1.1147,1.8513,2.0294,0.024,0.880351,0.006297,0.004703,0.004475,0.004061,0.002956,0.001757,0.001501,0.001512,0.001532,0.001232,0.007153,0.005342,0.005083,0.004613,0.001996,0.001717,0.001399,0.000119,1.2391,60.69,24.5,0.0152,0.000686,60.0
TRAN_F1121_tran_sim_36_W01,test,Transient,7,0.62592,1.041059,1.663247,0.7265,38.6,60.0,59.9982,19.52,14.0,2.3e-05,0.391776,0.62592,-1.029168,1.041059,2.070227,-0.000905,0.617045,-0.002,-1.4557,0.561492,1.1147,1.8541,2.0327,0.023,0.880297,0.006152,0.004626,0.004431,0.003982,0.002904,0.001912,0.001399,0.001541,0.001465,0.001241,0.006989,0.005255,0.005034,0.004523,0.002172,0.001751,0.00141,0.000115,1.2182,60.69,24.29,0.0152,0.000681,60.0
TRAN_F1122_tran_sim_36_W02,test,Transient,7,0.625909,1.041689,1.664281,0.7218,38.6,60.0,60.0039,19.58,14.0,6.3e-05,0.391762,0.625909,-1.027538,1.041689,2.069227,-0.000215,0.617687,-0.0017,-1.4561,0.56156,1.1146,1.855,2.0327,0.024,0.880296,0.006128,0.004611,0.004311,0.003958,0.003032,0.001858,0.001499,0.001444,0.001517,0.001324,0.006961,0.005238,0.004897,0.004496,0.002111,0.00164,0.001504,0.000114,1.2129,60.68,24.0,0.0151,0.000671,60.0
TRAN_F1123_tran_sim_36_W03,test,Transient,7,0.625973,1.042793,1.665875,0.7355,38.6,60.0,60.0004,19.54,14.0,6.5e-05,0.391842,0.625973,-1.027907,1.042793,2.070701,-0.00296,0.615892,-0.0018,-1.4556,0.561578,1.1147,1.8569,2.0353,0.024,0.880377,0.006408,0.004629,0.004325,0.004134,0.003016,0.001847,0.001585,0.001432,0.001438,0.001238,0.007279,0.005258,0.004913,0.004696,0.002098,0.001627,0.001406,0.000119,1.2391,60.69,24.24,0.0152,0.000675,60.0
TRAN_F1124_tran_sim_36_W04,test,Transient,7,0.625933,1.042445,1.665426,0.7271,38.6,60.0,59.9994,19.55,14.0,0.000146,0.391792,0.625933,-1.029965,1.042445,2.07241,-0.000513,0.616417,-0.0016,-1.4559,0.561497,1.1148,1.8565,2.0355,0.024,0.880339,0.006299,0.004639,0.004455,0.004002,0.002975,0.001854,0.001508,0.001512,0.00149,0.00129,0.007155,0.00527,0.005061,0.004546,0.002106,0.001718,0.001465,0.000118,1.2339,60.68,24.12,0.0151,0.000678,60.0
TRAN_F1125_tran_sim_36_W05,test,Transient,7,0.625959,1.039676,1.660932,0.7217,38.6,60.0,60.0002,19.54,14.0,0.000107,0.391825,0.625959,-1.028568,1.039676,2.068244,-0.001046,0.616256,-0.002,-1.4555,0.561503,1.1148,1.8516,2.0298,0.024,0.88036,0.006038,0.004554,0.004381,0.003981,0.002972,0.001943,0.001495,0.001434,0.001401,0.001223,0.006859,0.005173,0.004976,0.004522,0.002207,0.001629,0.001389,0.000113,1.2075,60.69,24.41,0.0152,0.000683,60.0
TRAN_F1126_tran_sim_36_W06,test,Transient,7,0.625899,1.042979,1.666369,0.7266,38.6,60.0,60.0019,19.55,14.0,8.3e-05,0.39175,0.625899,-1.030178,1.042979,2.073157,-0.001437,0.617098,-0.002,-1.4557,0.561503,1.1147,1.8575,2.0362,0.024,0.880271,0.006177,0.004508,0.004508,0.004131,0.002959,0.001876,0.001429,0.001499,0.001476,0.001372,0.007017,0.005121,0.005121,0.004693,0.002131,0.001703,0.001559,0.000116,1.2235,60.69,24.45,0.0152,0.000687,60.0
TRAN_F1127_tran_sim_36_W07,test,Transient,7,0.625954,1.040926,1.662943,0.7316,38.6,60.0,59.999,19.53,14.0,0.000149,0.391819,0.625954,-1.026264,1.040926,2.06719,-0.00045,0.615502,-0.0018,-1.4557,0.56155,1.1147,1.8537,2.032,0.024,0.880348,0.006195,0.004512,0.004359,0.004152,0.003007,0.00197,0.001479,0.001405,0.001427,0.001364,0.007037,0.005125,0.004951,0.004716,0.002238,0.001596,0.001549,0.000116,1.2234,60.68,24.1,0.0152,0.000675,60.0
TRAN_F1128_tran_sim_36_W08,test,Transient,7,0.625973,1.037648,1.657655,0.7224,38.6,60.0,59.9974,19.52,14.0,4.2e-05,0.391842,0.625973,-1.029389,1.037648,2.067037,-0.000355,0.616603,-0.002,-1.4558,0.56157,1.1147,1.8478,2.0255,0.024,0.880379,0.006186,0.004477,0.004446,0.004113,0.002956,0.001868,0.001374,0.001534,0.001448,0.00118,0.007027,0.005085,0.00505,0.004672,0.002122,0.001742,0.00134,0.000115,1.2181,60.69,24.19,0.0152,0.000678,60.0
TRAN_F1129_tran_sim_36_W09,test,Transient,7,0.625886,1.040581,1.662573,0.726,38.6,60.0,60.0013,19.55,14.0,0.000142,0.391733,0.625886,-1.027845,1.040581,2.068426,0.000438,0.616272,-0.002,-1.4558,0.561487,1.1147,1.8533,2.0318,0.024,0.880263,0.006318,0.00461,0.00435,0.004035,0.002959,0.001819,0.0014,0.001481,0.001452,0.001259,0.007177,0.005237,0.004942,0.004584,0.002066,0.001682,0.00143,0.000116,1.2235,60.69,24.12,0.0152,0.000676,60.0
TRAN_F1130_tran_sim_36_W10,test,Transient,7,0.625969,1.03601,1.655051,0.7174,38.6,60.0,60.0007,19.54,14.0,0.000108,0.391837,0.625969,-1.029735,1.03601,2.065745,-0.002391,0.616113,-0.0018,-1.4555,0.561485,1.1148,1.8451,2.0229,0.024,0.880373,0.00623,0.004659,0.004467,0.003829,0.003023,0.001878,0.001301,0.001662,0.001383,0.00128,0.007077,0.005292,0.005074,0.004349,0.002133,0.001888,0.001454,0.000116,1.2234,60.69,24.21,0.0152,0.000678,60.0
TRAN_F1131_tran_sim_36_W11,test,Transient,7,0.625874,1.04168,1.664359,0.7426,38.6,60.0,60.0011,19.54,14.0,-2e-06,0.391719,0.625874,-1.031583,1.04168,2.073263,0.000466,0.615406,-0.0017,-1.4555,0.561448,1.1147,1.8553,2.0343,0.024,0.880232,0.006264,0.004708,0.004339,0.004127,0.003007,0.00188,0.001429,0.0015,0.00153,0.001258,0.007116,0.005349,0.004929,0.004689,0.002136,0.001704,0.001429,0.000118,1.2341,60.69,24.16,0.0152,0.000669,60.0
TRAN_F1132_tran_sim_36_W12,test,Transient,7,0.62594,1.040079,1.661628,0.7265,38.6,60.0,60.0008,19.54,14.0,6.6e-05,0.3918,0.62594,-1.027524,1.040079,2.067603,-0.001355,0.614519,-0.0018,-1.4558,0.561549,1.1147,1.8522,2.0301,0.024,0.880325,0.006256,0.004591,0.004404,0.004055,0.002976,0.001838,0.00157,0.001503,0.001473,0.001238,0.007106,0.005215,0.005003,0.004606,0.002088,0.001707,0.001406,0.000117,1.2287,60.68,24.1,0.0152,0.000673,60.0
TRAN_F1133_tran_sim_36_W13,test,Transient,7,0.625873,1.039082,1.660213,0.7266,38.6,60.0,59.9994,19.54,14.0,5.8e-05,0.391717,0.625873,-1.032417,1.039082,2.0715,-0.002129,0.616942,-0.0016,-1.456,0.561487,1.1147,1.8506,2.0287,0.024,0.88024,0.006475,0.004526,0.004336,0.004133,0.002833,0.001831,0.001408,0.001445,0.001416,0.001273,0.007356,0.005142,0.004926,0.004695,0.00208,0.001642,0.001446,0.000117,1.2288,60.68,24.16,0.0152,0.000671,60.0
TRAN_F1134_tran_sim_36_W14,test,Transient,7,0.625979,1.040842,1.662743,0.729,38.6,60.0,59.9979,19.54,14.0,0.00018,0.391849,0.625979,-1.029677,1.040842,2.070518,-0.001465,0.616218,-0.0018,-1.4556,0.561547,1.1147,1.8535,2.0316,0.024,0.880395,0.00633,0.004748,0.004434,0.00391,0.003064,0.001834,0.001583,0.001547,0.001317,0.001239,0.00719,0.005393,0.005036,0.004441,0.002083,0.001757,0.001407,0.000118,1.2339,60.69,24.41,0.0152,0.000688,60.0
TRAN_F1135_tran_sim_36_W15,test,Transient,7,0.62586,1.041941,1.664816,0.7276,38.6,60.0,60.0016,19.54,14.0,5.2e-05,0.3917,0.62586,-1.026789,1.041941,2.06873,-0.001536,0.616399,-0.0017,-1.4561,0.561479,1.1147,1.8557,2.0341,0.024,0.880215,0.006356,0.004651,0.004332,0.00401,0.002972,0.00182,0.001432,0.00151,0.001426,0.001343,0.007221,0.005284,0.004922,0.004556,0.002068,0.001715,0.001526,0.000117,1.2289,60.69,24.29,0.0152,0.000678,60.0
TRAN_F1136_tran_sim_36_W16,test,Transient,7,0.625941,1.038746,1.659495,0.724,38.6,60.0,60.0005,19.54,14.0,0.000138,0.391802,0.625941,-1.02818,1.038746,2.066925,-0.002137,0.615347,-0.002,-1.4559,0.561554,1.1147,1.8498,2.0274,0.024,0.880333,0.006245,0.0045,0.004349,0.004123,0.002972,0.001837,0.001556,0.001502,0.001643,0.001345,0.007094,0.005112,0.00494,0.004683,0.002087,0.001706,0.001528,0.000117,1.2287,60.68,24.06,0.0152,0.000673,60.0
TRAN_F1137_tran_sim_36_W17,test,Transient,7,0.625919,1.039744,1.661148,0.7313,38.6,60.0,60.0001,19.54,14.0,9e-05,0.391774,0.625919,-1.028157,1.039744,2.0679,-0.002088,0.616405,-0.0016,-1.4558,0.561502,1.1147,1.8517,2.0301,0.024,0.880298,0.006078,0.004687,0.00443,0.004008,0.00301,0.001847,0.001479,0.001529,0.001506,0.001242,0.006904,0.005324,0.005032,0.004553,0.002098,0.001737,0.001411,0.000115,1.2182,60.68,23.92,0.0152,0.000666,60.0
TRAN_F1138_tran_sim_36_W18,test,Transient,7,0.625946,1.041463,1.663824,0.7207,38.6,60.0,60.0004,19.54,14.0,0.000111,0.391808,0.625946,-1.029555,1.041463,2.071018,-0.000422,0.615993,-0.002,-1.4558,0.561506,1.1148,1.8548,2.0336,0.024,0.880341,0.006336,0.00456,0.004397,0.00399,0.002947,0.00188,0.001552,0.001564,0.001274,0.001183,0.007197,0.00518,0.004995,0.004532,0.002136,0.001777,0.001344,0.000116,1.2234,60.68,24.18,0.0152,0.000676,60.0
TRAN_F1139_tran_sim_36_W19,test,Transient,7,0.625984,1.040548,1.662259,0.7299,38.6,60.0,59.9997,19.55,14.0,7.7e-05,0.391856,0.625984,-1.028103,1.040548,2.06865,-0.002121,0.615181,-0.002,-1.4556,0.561558,1.1147,1.853,2.0314,0.024,0.880404,0.00617,0.004578,0.00445,0.00406,0.00292,0.001963,0.001525,0.001626,0.001522,0.001276,0.007008,0.0052,0.005054,0.004612,0.00223,0.001847,0.001449,0.000117,1.2286,60.69,24.33,0.0151,0.000682,60.0
TRAN_F1140_tran_sim_36_W20,test,Transient,7,0.626002,1.040406,1.661985,0.7371,38.6,60.0,59.9986,19.53,14.0,0.000106,0.391878,0.626002,-1.029471,1.040406,2.069876,-0.000369,0.61519,-0.0017,-1.4556,0.561558,1.1148,1.8527,2.0312,0.024,0.880415,0.006231,0.004652,0.004431,0.004081,0.003015,0.001954,0.001412,0.00144,0.001412,0.001378,0.007077,0.005284,0.005033,0.004635,0.002219,0.001636,0.001565,0.000118,1.2338,60.69,24.13,0.0152,0.000678,60.0
TRAN_F1141_tran_sim_36_W21,test,Transient,7,0.625884,1.03988,1.661458,0.7293,38.6,60.0,60.0001,19.54,14.0,0.000116,0.391731,0.625884,-1.028375,1.03988,2.068255,-0.00177,0.616675,-0.0016,-1.4556,0.561447,1.1148,1.8521,2.0304,0.024,0.880253,0.00628,0.004642,0.004435,0.003995,0.002961,0.001927,0.001519,0.001506,0.001325,0.001385,0.007134,0.005273,0.005038,0.004538,0.002189,0.001711,0.001573,0.000117,1.2288,60.69,24.13,0.0152,0.000676,60.0
TRAN_F1142_tran_sim_36_W22,test,Transient,7,0.625877,1.044536,1.668915,0.7221,38.6,60.0,60.0018,19.55,14.0,7.9e-05,0.391722,0.625877,-1.030418,1.044536,2.074953,-0.000145,0.616498,-0.0014,-1.4556,0.561454,1.1147,1.8604,2.0397,0.024,0.880252,0.006226,0.004511,0.004438,0.004061,0.00299,0.001886,0.00148,0.001444,0.001471,0.001388,0.007073,0.005125,0.005042,0.004613,0.002143,0.00164,0.001577,0.000116,1.2236,60.69,24.17,0.0152,0.000677,60.0
TRAN_F1143_tran_sim_36_W23,test,Transient,7,0.625933,1.040269,1.661949,0.7406,38.6,60.0,59.9977,19.54,14.0,0.000117,0.391792,0.625933,-1.027253,1.040269,2.067522,-0.002946,0.616802,-0.002,-1.4558,0.561546,1.1147,1.8525,2.0305,0.024,0.880332,0.006207,0.004596,0.004326,0.00423,0.00282,0.001868,0.001471,0.001482,0.00138,0.001169,0.007051,0.005221,0.004914,0.004805,0.002122,0.001683,0.001328,0.000115,1.2182,60.69,24.44,0.0151,0.000685,60.0
TRAN_F1144_tran_sim_36_W24,test,Transient,7,0.625904,1.0431,1.666551,0.7262,38.6,60.0,60.0005,19.53,14.0,4.1e-05,0.391755,0.625904,-1.027828,1.0431,2.070929,-0.001163,0.617484,-0.0015,-1.4558,0.561501,1.1147,1.8577,2.0364,0.024,0.880267,0.006404,0.004605,0.004306,0.00399,0.00297,0.001934,0.001469,0.001501,0.001444,0.00133,0.007275,0.005231,0.004892,0.004533,0.002197,0.001705,0.001511,0.000118,1.234,60.69,24.29,0.0152,0.000679,60.0
TRAN_F1145_tran_sim_36_W25,test,Transient,7,0.625964,1.040021,1.661471,0.7262,38.6,60.0,60.0008,19.54,14.0,0.000105,0.391831,0.625964,-1.029208,1.040021,2.069229,-0.001886,0.61625,-0.0016,-1.4557,0.561565,1.1147,1.852,2.03,0.024,0.880366,0.006179,0.004601,0.004389,0.00407,0.002937,0.001772,0.001353,0.001394,0.001471,0.001354,0.007019,0.005226,0.004985,0.004623,0.002013,0.001583,0.001538,0.000115,1.2181,60.69,24.25,0.0152,0.000677,60.0
TRAN_F1146_tran_sim_36_W26,test,Transient,7,0.625909,1.040438,1.662284,0.7201,38.6,60.0,60.0027,19.54,14.0,0.000171,0.391761,0.625909,-1.030288,1.040438,2.070726,-0.000972,0.615768,-0.0018,-1.4556,0.561472,1.1148,1.8531,2.032,0.024,0.880281,0.006226,0.004568,0.004323,0.004049,0.002985,0.00171,0.001435,0.00159,0.001378,0.001229,0.007073,0.005189,0.004911,0.0046,0.001943,0.001806,0.001396,0.000115,1.2182,60.69,24.38,0.0152,0.000687,60.0
TRAN_F1147_tran_sim_36_W27,test,Transient,7,0.625955,1.041258,1.663472,0.7289,38.6,60.0,60.0014,19.54,14.0,6e-05,0.391819,0.625955,-1.031183,1.041258,2.072441,3.1e-05,0.615589,-0.0019,-1.456,0.561537,1.1147,1.8543,2.0327,0.024,0.880355,0.006322,0.004624,0.004397,0.004064,0.002884,0.001813,0.00151,0.001563,0.001567,0.0013,0.007181,0.005252,0.004995,0.004616,0.002059,0.001775,0.001477,0.000118,1.2339,60.68,24.11,0.0152,0.000674,60.0
TRAN_F1148_tran_sim_36_W28,test,Transient,7,0.625997,1.043634,1.667156,0.726,38.6,60.0,59.9972,19.54,14.0,0.000153,0.391872,0.625997,-1.02737,1.043634,2.071005,-0.001016,0.615885,-0.0018,-1.4555,0.561547,1.1148,1.8585,2.0376,0.024,0.880414,0.006107,0.004659,0.004411,0.003944,0.002918,0.001893,0.001439,0.001519,0.001499,0.001381,0.006937,0.005292,0.00501,0.00448,0.00215,0.001725,0.001569,0.000115,1.218,60.69,24.25,0.0152,0.000684,60.0
TRAN_F1149_tran_sim_36_W29,test,Transient,7,0.626012,1.040081,1.66144,0.7357,38.6,60.0,60.0029,19.54,14.0,9.3e-05,0.391891,0.626012,-1.028471,1.040081,2.068552,-0.00251,0.616363,-0.0018,-1.456,0.56162,1.1147,1.8519,2.03,0.024,0.880432,0.00623,0.00464,0.004348,0.004108,0.003032,0.001887,0.001351,0.001415,0.001395,0.00136,0.007076,0.00527,0.004938,0.004666,0.002143,0.001607,0.001545,0.000117,1.2286,60.69,24.17,0.0152,0.000678,60.0
TRAN_F1150_tran_sim_36_W30,test,Transient,7,0.625817,1.040956,1.663356,0.7172,38.6,60.0,59.9997,19.54,14.0,7e-06,0.391647,0.625817,-1.027055,1.040956,2.068011,-0.00083,0.617171,-0.0017,-1.4557,0.561424,1.1147,1.8541,2.0327,0.024,0.880156,0.006303,0.004481,0.004413,0.004018,0.002887,0.001904,0.001531,0.001445,0.001477,0.001283,0.007161,0.005091,0.005014,0.004565,0.002163,0.001642,0.001458,0.000116,1.2237,60.68,24.12,0.0152,0.000665,60.0
TRAN_F1151_tran_sim_36_W31,test,Transient,7,0.625874,1.042356,1.665441,0.7096,38.6,60.0,60.0014,19.54,14.0,0.00011,0.391718,0.625874,-1.028752,1.042356,2.071108,-0.001123,0.616299,-0.0015,-1.4559,0.56148,1.1147,1.8564,2.0352,0.024,0.880241,0.006128,0.004513,0.004376,0.003955,0.002922,0.001733,0.001582,0.001477,0.001529,0.001265,0.006962,0.005127,0.004971,0.004493,0.001969,0.001678,0.001437,0.000113,1.2076,60.69,24.28,0.0152,0.000679,60.0
