frame_id,simulation_id,scenario_id,operating_condition_id,split,class,label_idx,label_source,phase_config,affected_phases,residual_voltage_pu,duration_ms,start_time_s,end_time_s,event_start_idx,event_end_idx,rms_voltage,peak_voltage,crest_factor,thd,duration,dominant_freq,system_freq,snr,h1,h2,h3,h4,h5,h6,h7,h8,h9,h10,h11,h2_ratio,h3_ratio,h4_ratio,h5_ratio,h7_ratio,h9_ratio,h11_ratio,harmonic_energy,spectral_centroid,spectral_bandwidth,spectral_entropy,spectral_flatness,true_dominant_freq
sag_01_01,sag_sim_01,SAG_0001_3p_nom_med,1,train,Sag,5,SCENARIO_CONTROLLER,three-phase,"A,B,C",0.6593,87.2,0.0208,0.108,104,540,0.522251,0.836314,1.601364,0.1674,92.8,60.0,59.9986,13.31,0.721937,0.010148,0.000762,0.001785,0.000698,0.001445,0.000626,0.001054,0.000669,0.000655,0.000836,0.014057,0.001055,0.002473,0.000967,0.000867,0.000927,0.001158,0.000112,60.22,7.59,0.0402,4e-05,60.0
sag_01_02,sag_sim_01,SAG_0001_3p_nom_med,1,train,Sag,5,SCENARIO_CONTROLLER,three-phase,"A,B,C",0.6593,87.2,0.0218,0.109,109,545,0.522268,0.836314,1.601312,0.1689,92.8,60.0,59.9986,13.31,0.72196,0.01016,0.000782,0.001775,0.000678,0.001445,0.000644,0.001046,0.000661,0.000663,0.000837,0.014073,0.001083,0.002459,0.000939,0.000892,0.000916,0.001159,0.000113,60.22,7.59,0.0402,4.1e-05,60.0
sag_01_03,sag_sim_01,SAG_0001_3p_nom_med,1,train,Sag,5,SCENARIO_CONTROLLER,three-phase,"A,B,C",0.6593,87.2,0.0228,0.11,114,550,0.522271,0.836314,1.601301,0.1687,92.8,60.0,59.9986,13.31,0.721965,0.010165,0.000781,0.00177,0.000681,0.001448,0.00064,0.001046,0.000663,0.00066,0.000838,0.01408,0.001082,0.002452,0.000943,0.000886,0.000918,0.001161,0.000113,60.22,7.58,0.0402,4.1e-05,60.0
sag_01_04,sag_sim_01,SAG_0001_3p_nom_med,1,train,Sag,5,SCENARIO_CONTROLLER,three-phase,"A,B,C",0.6593,87.2,0.0238,0.111,119,555,0.522268,0.836314,1.601311,0.1683,92.8,60.0,59.9986,13.31,0.721961,0.010159,0.000785,0.001775,0.000673,0.001453,0.000639,0.001037,0.000674,0.00065,0.00085,0.014071,0.001087,0.002459,0.000932,0.000885,0.000934,0.001177,0.000113,60.22,7.59,0.0402,4.1e-05,60.0
sag_01_05,sag_sim_01,SAG_0001_3p_nom_med,1,train,Sag,5,SCENARIO_CONTROLLER,three-phase,"A,B,C",0.6593,87.2,0.0248,0.112,124,560,0.52228,0.836314,1.601276,0.1659,92.8,60.0,59.9986,13.31,0.721974,0.010166,0.000777,0.001789,0.000658,0.00146,0.00063,0.001039,0.00067,0.000644,0.000851,0.014081,0.001076,0.002478,0.000911,0.000873,0.000928,0.001179,0.000113,60.22,7.58,0.0402,4.1e-05,60.0
sag_01_06,sag_sim_01,SAG_0001_3p_nom_med,1,train,Sag,5,SCENARIO_CONTROLLER,three-phase,"A,B,C",0.6593,87.2,0.0258,0.113,129,565,0.522271,0.836314,1.601302,0.1667,92.8,60.0,59.9986,13.31,0.721965,0.010166,0.000775,0.001784,0.000662,0.001447,0.00064,0.001026,0.000677,0.000629,0.000856,0.014081,0.001073,0.002471,0.000917,0.000886,0.000938,0.001186,0.000113,60.22,7.58,0.0402,4.1e-05,60.0
sag_01_07,sag_sim_01,SAG_0001_3p_nom_med,1,train,Sag,5,SCENARIO_CONTROLLER,three-phase,"A,B,C",0.6593,87.2,0.0268,0.114,134,570,0.522271,0.836314,1.601303,0.166,92.8,60.0,59.9986,13.31,0.721964,0.010161,0.000778,0.001781,0.000659,0.001447,0.00063,0.00104,0.000662,0.000646,0.000854,0.014074,0.001078,0.002467,0.000913,0.000873,0.000917,0.001183,0.000113,60.22,7.59,0.0402,4.1e-05,60.0
sag_01_08,sag_sim_01,SAG_0001_3p_nom_med,1,train,Sag,5,SCENARIO_CONTROLLER,three-phase,"A,B,C",0.6593,87.2,0.0278,0.115,139,575,0.522271,0.836314,1.601303,0.1656,92.8,60.0,59.9984,13.31,0.721963,0.010155,0.000779,0.001782,0.000655,0.001451,0.000628,0.001039,0.000665,0.000644,0.000851,0.014066,0.001079,0.002468,0.000907,0.00087,0.000921,0.001179,0.000112,60.22,7.59,0.0402,4.1e-05,60.0
sag_01_09,sag_sim_01,SAG_0001_3p_nom_med,1,train,Sag,5,SCENARIO_CONTROLLER,three-phase,"A,B,C",0.6593,87.2,0.0288,0.116,144,580,0.522274,0.836314,1.601292,0.166,92.8,60.0,59.9984,13.31,0.721969,0.01016,0.000788,0.001772,0.000655,0.001457,0.000621,0.001037,0.000671,0.000642,0.000846,0.014073,0.001091,0.002454,0.000907,0.00086,0.000929,0.001172,0.000113,60.22,7.59,0.0402,4.1e-05,60.0
sag_01_10,sag_sim_01,SAG_0001_3p_nom_med,1,train,Sag,5,SCENARIO_CONTROLLER,three-phase,"A,B,C",0.6593,87.2,0.0298,0.117,149,585,0.522268,0.836314,1.601313,0.1651,92.8,60.0,59.9984,13.31,0.721959,0.01016,0.000773,0.001779,0.000668,0.001442,0.000614,0.001051,0.00068,0.000628,0.000836,0.014073,0.001071,0.002464,0.000925,0.00085,0.000942,0.001158,0.000113,60.22,7.59,0.0402,4.1e-05,60.0
sag_01_11,sag_sim_01,SAG_0001_3p_nom_med,1,train,Sag,5,SCENARIO_CONTROLLER,three-phase,"A,B,C",0.6593,87.2,0.0308,0.118,154,590,0.522256,0.836314,1.601347,0.1651,92.8,60.0,59.9984,13.31,0.721944,0.010172,0.00077,0.001765,0.000666,0.001455,0.000619,0.001041,0.000669,0.000633,0.000844,0.01409,0.001067,0.002445,0.000923,0.000857,0.000927,0.001169,0.000113,60.22,7.59,0.0402,4.1e-05,60.0
sag_01_12,sag_sim_01,SAG_0001_3p_nom_med,1,train,Sag,5,SCENARIO_CONTROLLER,three-phase,"A,B,C",0.6593,87.2,0.0318,0.119,159,595,0.522252,0.836314,1.601361,0.1653,92.8,60.0,59.9984,13.31,0.721938,0.010178,0.000774,0.001758,0.000658,0.001458,0.000626,0.001052,0.000679,0.000626,0.000837,0.014098,0.001072,0.002435,0.000911,0.000867,0.000941,0.001159,0.000113,60.22,7.59,0.0402,4e-05,60.0
sag_01_13,sag_sim_01,SAG_0001_3p_nom_med,1,train,Sag,5,SCENARIO_CONTROLLER,three-phase,"A,B,C",0.6593,87.2,0.0328,0.12,164,600,0.522243,0.836314,1.601388,0.1665,92.8,60.0,59.9984,13.31,0.721928,0.010185,0.000783,0.001769,0.000666,0.001456,0.000624,0.001045,0.000673,0.00062,0.000831,0.014108,0.001085,0.00245,0.000923,0.000864,0.000932,0.001151,0.000113,60.22,7.59,0.0402,4e-05,60.0
sag_01_14,sag_sim_01,SAG_0001_3p_nom_med,1,train,Sag,5,SCENARIO_CONTROLLER,three-phase,"A,B,C",0.6593,87.2,0.0338,0.121,169,605,0.522235,0.836314,1.601414,0.1682,92.8,60.0,59.9984,13.31,0.721918,0.010187,0.000784,0.001777,0.000675,0.001469,0.000637,0.001058,0.000686,0.000631,0.000844,0.014111,0.001086,0.002461,0.000935,0.000882,0.00095,0.001169,0.000113,60.22,7.6,0.0402,4e-05,60.0
sag_01_15,sag_sim_01,SAG_0001_3p_nom_med,1,train,Sag,5,SCENARIO_CONTROLLER,three-phase,"A,B,C",0.6593,87.2,0.0348,0.122,174,610,0.522233,0.836314,1.601418,0.1666,92.8,60.0,59.9984,13.31,0.721917,0.010179,0.000775,0.001767,0.000667,0.001457,0.000633,0.001057,0.000698,0.000639,0.000863,0.0141,0.001074,0.002448,0.000924,0.000877,0.000967,0.001195,0.000113,60.22,7.6,0.0402,4e-05,60.0
sag_01_16,sag_sim_01,SAG_0001_3p_nom_med,1,train,Sag,5,SCENARIO_CONTROLLER,three-phase,"A,B,C",0.6593,87.2,0.0358,0.123,179,615,0.522233,0.836314,1.601419,0.1659,92.8,60.0,60.0015,13.32,0.721916,0.010183,0.000775,0.001765,0.000662,0.001451,0.00063,0.001057,0.000704,0.000644,0.000865,0.014106,0.001074,0.002445,0.000917,0.000873,0.000975,0.001198,0.000113,60.22,7.6,0.0402,3.9e-05,60.0
sag_01_17,sag_sim_01,SAG_0001_3p_nom_med,1,train,Sag,5,SCENARIO_CONTROLLER,three-phase,"A,B,C",0.6593,87.2,0.0368,0.124,184,620,0.52223,0.836314,1.601427,0.1651,92.8,60.0,59.9988,13.31,0.721911,0.010194,0.00077,0.001754,0.000651,0.001444,0.000636,0.001065,0.000705,0.000643,0.00086,0.014121,0.001067,0.00243,0.000902,0.000881,0.000977,0.001191,0.000113,60.22,7.6,0.0402,4e-05,60.0
sag_01_18,sag_sim_01,SAG_0001_3p_nom_med,1,train,Sag,5,SCENARIO_CONTROLLER,three-phase,"A,B,C",0.6593,87.2,0.0378,0.125,189,625,0.522232,0.836314,1.601421,0.1653,92.8,60.0,59.9988,13.31,0.721914,0.010194,0.000774,0.001756,0.000648,0.001441,0.000636,0.001066,0.000705,0.000644,0.000859,0.014121,0.001072,0.002432,0.000898,0.000881,0.000977,0.00119,0.000113,60.22,7.6,0.0402,4e-05,60.0
sag_01_19,sag_sim_01,SAG_0001_3p_nom_med,1,train,Sag,5,SCENARIO_CONTROLLER,three-phase,"A,B,C",0.6593,87.2,0.0388,0.126,194,630,0.522242,0.836314,1.601391,0.1654,92.8,60.0,59.9988,13.31,0.721927,0.010204,0.000778,0.001744,0.000647,0.001454,0.000634,0.001053,0.000717,0.000654,0.000846,0.014134,0.001078,0.002416,0.000896,0.000878,0.000993,0.001172,0.000113,60.22,7.6,0.0402,4e-05,60.0
sag_01_20,sag_sim_01,SAG_0001_3p_nom_med,1,train,Sag,5,SCENARIO_CONTROLLER,three-phase,"A,B,C",0.6593,87.2,0.0398,0.127,199,635,0.522241,0.836314,1.601394,0.1654,92.8,60.0,59.9988,13.31,0.721926,0.010203,0.000779,0.001744,0.000648,0.001454,0.000632,0.001055,0.000715,0.000652,0.00085,0.014133,0.001079,0.002416,0.000898,0.000875,0.00099,0.001177,0.000113,60.22,7.59,0.0402,4e-05,60.0
sag_01_21,sag_sim_01,SAG_0001_3p_nom_med,1,train,Sag,5,SCENARIO_CONTROLLER,three-phase,"A,B,C",0.6593,87.2,0.0408,0.128,204,640,0.522253,0.836314,1.601356,0.1647,92.8,60.0,59.9988,13.31,0.721941,0.010216,0.000764,0.001753,0.000644,0.001444,0.000643,0.001045,0.000723,0.000654,0.00085,0.014151,0.001058,0.002428,0.000892,0.000891,0.001001,0.001177,0.000114,60.22,7.59,0.0402,4e-05,60.0
sag_01_22,sag_sim_01,SAG_0001_3p_nom_med,1,train,Sag,5,SCENARIO_CONTROLLER,three-phase,"A,B,C",0.6593,87.2,0.0418,0.129,209,645,0.52225,0.836314,1.601365,0.1656,92.8,60.0,59.9988,13.31,0.721937,0.010213,0.000768,0.001748,0.00065,0.001442,0.000646,0.001046,0.000725,0.000658,0.000849,0.014147,0.001064,0.002421,0.0009,0.000895,0.001004,0.001176,0.000114,60.22,7.6,0.0402,4e-05,60.0
sag_01_23,sag_sim_01,SAG_0001_3p_nom_med,1,train,Sag,5,SCENARIO_CONTROLLER,three-phase,"A,B,C",0.6593,87.2,0.0428,0.13,214,650,0.522251,0.836314,1.601364,0.167,92.8,60.0,59.9988,13.31,0.721938,0.01021,0.000772,0.001742,0.000656,0.001434,0.000653,0.001038,0.000728,0.00065,0.000848,0.014142,0.001069,0.002413,0.000909,0.000905,0.001008,0.001175,0.000114,60.22,7.6,0.0402,4e-05,60.0
sag_01_24,sag_sim_01,SAG_0001_3p_nom_med,1,train,Sag,5,SCENARIO_CONTROLLER,three-phase,"A,B,C",0.6593,87.2,0.0438,0.131,219,655,0.522251,0.836314,1.601365,0.1666,92.8,60.0,59.9988,13.31,0.721937,0.010209,0.000772,0.001743,0.000654,0.001437,0.00065,0.00104,0.000729,0.000649,0.000853,0.014141,0.001069,0.002414,0.000906,0.0009,0.00101,0.001182,0.000114,60.22,7.6,0.0402,4.1e-05,60.0
sag_01_25,sag_sim_01,SAG_0001_3p_nom_med,1,train,Sag,5,SCENARIO_CONTROLLER,three-phase,"A,B,C",0.6593,87.2,0.0448,0.132,224,660,0.522249,0.836314,1.60137,0.1651,92.8,60.0,59.9996,13.31,0.721933,0.01019,0.000772,0.001752,0.000634,0.001454,0.00065,0.00103,0.000742,0.00064,0.000843,0.014115,0.001069,0.002427,0.000878,0.0009,0.001028,0.001168,0.000113,60.22,7.6,0.0402,4e-05,60.0
sag_01_26,sag_sim_01,SAG_0001_3p_nom_med,1,train,Sag,5,SCENARIO_CONTROLLER,three-phase,"A,B,C",0.6593,87.2,0.0458,0.133,229,665,0.52225,0.836314,1.601368,0.1651,92.8,60.0,59.9996,13.31,0.721933,0.010189,0.000774,0.001752,0.000631,0.001458,0.000652,0.001025,0.000742,0.000643,0.000839,0.014113,0.001072,0.002427,0.000874,0.000903,0.001028,0.001162,0.000113,60.22,7.6,0.0402,4e-05,60.0
sag_01_27,sag_sim_01,SAG_0001_3p_nom_med,1,train,Sag,5,SCENARIO_CONTROLLER,three-phase,"A,B,C",0.6593,87.2,0.0468,0.134,234,670,0.522257,0.836314,1.601345,0.1663,92.8,60.0,59.9996,13.31,0.721944,0.010185,0.000786,0.001754,0.000618,0.001463,0.000665,0.001023,0.00073,0.000645,0.000849,0.014108,0.001089,0.00243,0.000856,0.000921,0.001011,0.001176,0.000113,60.22,7.59,0.0402,4e-05,60.0
sag_01_28,sag_sim_01,SAG_0001_3p_nom_med,1,train,Sag,5,SCENARIO_CONTROLLER,three-phase,"A,B,C",0.6593,87.2,0.0478,0.135,239,675,0.52226,0.836314,1.601337,0.1661,92.8,60.0,59.9996,13.31,0.721947,0.010182,0.000785,0.001758,0.00062,0.001459,0.000661,0.001024,0.000733,0.000648,0.000851,0.014104,0.001087,0.002435,0.000859,0.000916,0.001015,0.001179,0.000113,60.22,7.59,0.0402,4e-05,60.0
sag_01_29,sag_sim_01,SAG_0001_3p_nom_med,1,train,Sag,5,SCENARIO_CONTROLLER,three-phase,"A,B,C",0.6593,87.2,0.0488,0.136,244,680,0.522264,0.836314,1.601324,0.1661,92.8,60.0,59.9996,13.31,0.721952,0.010177,0.00078,0.001756,0.000621,0.001464,0.000665,0.001026,0.000734,0.000644,0.000848,0.014097,0.00108,0.002432,0.00086,0.000921,0.001017,0.001175,0.000113,60.22,7.59,0.0402,4e-05,60.0
sag_01_30,sag_sim_01,SAG_0001_3p_nom_med,1,train,Sag,5,SCENARIO_CONTROLLER,three-phase,"A,B,C",0.6593,87.2,0.0498,0.137,249,685,0.522268,0.836314,1.601312,0.1651,92.8,60.0,59.9996,13.31,0.721957,0.010176,0.000779,0.001751,0.000616,0.001459,0.00066,0.001021,0.000729,0.000643,0.000844,0.014095,0.001079,0.002425,0.000853,0.000914,0.00101,0.001169,0.000113,60.22,7.59,0.0402,3.9e-05,60.0
sag_01_31,sag_sim_01,SAG_0001_3p_nom_med,1,train,Sag,5,SCENARIO_CONTROLLER,three-phase,"A,B,C",0.6593,87.2,0.0508,0.138,254,690,0.522274,0.836314,1.601292,0.1671,92.8,60.0,59.9996,13.31,0.721964,0.010182,0.000787,0.001757,0.000625,0.001462,0.000668,0.001029,0.00074,0.000652,0.000855,0.014103,0.00109,0.002434,0.000866,0.000925,0.001025,0.001184,0.000113,60.22,7.59,0.0402,4e-05,60.0
sag_01_32,sag_sim_01,SAG_0001_3p_nom_med,1,train,Sag,5,SCENARIO_CONTROLLER,three-phase,"A,B,C",0.6593,87.2,0.0518,0.139,259,695,0.522274,0.836314,1.601292,0.1669,92.8,60.0,59.9996,13.31,0.721964,0.010185,0.000789,0.001758,0.000623,0.00146,0.000664,0.001024,0.000738,0.000649,0.00086,0.014107,0.001093,0.002435,0.000863,0.00092,0.001022,0.001191,0.000113,60.22,7.58,0.0402,4e-05,60.0
sag_02_01,sag_sim_02,SAG_0002_3p_light_deep,2,test,Sag,5,SCENARIO_CONTROLLER,three-phase,"A,B,C",0.5401,77.4,0.0184,0.0958,92,479,0.554289,0.900777,1.625102,0.2677,76.4,60.0,59.9978,10.7,0.752548,0.014897,0.00168,0.00242,0.000731,0.002168,0.000839,0.001892,0.000892,0.001315,0.00073,0.019795,0.002232,0.003216,0.000971,0.001115,0.001185,0.00097,0.000243,60.4,9.61,0.0655,5.2e-05,60.0
sag_02_02,sag_sim_02,SAG_0002_3p_light_deep,2,test,Sag,5,SCENARIO_CONTROLLER,three-phase,"A,B,C",0.5401,77.4,0.0194,0.0968,97,484,0.554285,0.900777,1.625113,0.2673,76.4,60.0,59.9978,10.7,0.752543,0.014892,0.001675,0.002427,0.000732,0.00216,0.00084,0.0019,0.000882,0.001307,0.000741,0.019789,0.002226,0.003225,0.000973,0.001116,0.001172,0.000985,0.000243,60.4,9.62,0.0655,5.3e-05,60.0
sag_02_03,sag_sim_02,SAG_0002_3p_light_deep,2,test,Sag,5,SCENARIO_CONTROLLER,three-phase,"A,B,C",0.5401,77.4,0.0204,0.0978,102,489,0.554283,0.900777,1.62512,0.2674,76.4,60.0,59.9978,10.7,0.75254,0.014889,0.001677,0.002426,0.000727,0.002164,0.000841,0.001894,0.000891,0.001308,0.000739,0.019785,0.002228,0.003224,0.000966,0.001118,0.001184,0.000982,0.000243,60.4,9.62,0.0655,5.3e-05,60.0
sag_02_04,sag_sim_02,SAG_0002_3p_light_deep,2,test,Sag,5,SCENARIO_CONTROLLER,three-phase,"A,B,C",0.5401,77.4,0.0214,0.0988,107,494,0.554285,0.900777,1.625116,0.2672,76.4,60.0,59.9978,10.7,0.752542,0.01489,0.001675,0.002429,0.000726,0.002164,0.000842,0.001892,0.000893,0.001304,0.000743,0.019786,0.002226,0.003228,0.000965,0.001119,0.001187,0.000987,0.000243,60.4,9.62,0.0655,5.2e-05,60.0
sag_02_05,sag_sim_02,SAG_0002_3p_light_deep,2,test,Sag,5,SCENARIO_CONTROLLER,three-phase,"A,B,C",0.5401,77.4,0.0224,0.0998,112,499,0.554294,0.900777,1.625087,0.2658,76.4,60.0,59.9978,10.7,0.752554,0.014896,0.001663,0.002441,0.000719,0.002165,0.000847,0.001884,0.0009,0.001293,0.000754,0.019794,0.00221,0.003244,0.000955,0.001126,0.001196,0.001002,0.000243,60.4,9.62,0.0655,5.2e-05,60.0
sag_02_06,sag_sim_02,SAG_0002_3p_light_deep,2,test,Sag,5,SCENARIO_CONTROLLER,three-phase,"A,B,C",0.5401,77.4,0.0234,0.1008,117,504,0.5543,0.900777,1.625071,0.2649,76.4,60.0,59.9978,10.7,0.75256,0.014893,0.00166,0.00244,0.000715,0.002171,0.000841,0.001889,0.000898,0.001301,0.000754,0.01979,0.002206,0.003242,0.00095,0.001118,0.001193,0.001002,0.000243,60.4,9.62,0.0655,5.2e-05,60.0
sag_02_07,sag_sim_02,SAG_0002_3p_light_deep,2,test,Sag,5,SCENARIO_CONTROLLER,three-phase,"A,B,C",0.5401,77.4,0.0244,0.1018,122,509,0.554301,0.900777,1.625067,0.2655,76.4,60.0,59.9978,10.7,0.752561,0.014887,0.001666,0.002437,0.000717,0.002171,0.000838,0.001896,0.000893,0.001307,0.000759,0.019782,0.002214,0.003238,0.000953,0.001114,0.001187,0.001009,0.000243,60.4,9.62,0.0655,5.2e-05,60.0
sag_02_08,sag_sim_02,SAG_0002_3p_light_deep,2,test,Sag,5,SCENARIO_CONTROLLER,three-phase,"A,B,C",0.5401,77.4,0.0254,0.1028,127,514,0.554301,0.900777,1.625069,0.2653,76.4,60.0,59.9999,10.7,0.752561,0.014895,0.001659,0.002435,0.000721,0.002163,0.000846,0.001893,0.000887,0.001313,0.000755,0.019792,0.002204,0.003236,0.000958,0.001124,0.001179,0.001003,0.000243,60.4,9.62,0.0655,5.2e-05,60.0
sag_02_09,sag_sim_02,SAG_0002_3p_light_deep,2,test,Sag,5,SCENARIO_CONTROLLER,three-phase,"A,B,C",0.5401,77.4,0.0264,0.1038,132,519,0.554303,0.900777,1.625063,0.2656,76.4,60.0,59.9999,10.7,0.752563,0.014892,0.001665,0.002436,0.000714,0.002175,0.000844,0.001879,0.00089,0.00132,0.000746,0.019788,0.002212,0.003237,0.000949,0.001122,0.001183,0.000991,0.000243,60.4,9.62,0.0655,5.1e-05,60.0
sag_02_10,sag_sim_02,SAG_0002_3p_light_deep,2,test,Sag,5,SCENARIO_CONTROLLER,three-phase,"A,B,C",0.5401,77.4,0.0274,0.1048,137,524,0.554312,0.900777,1.625036,0.2675,76.4,60.0,59.9999,10.7,0.752576,0.014886,0.001682,0.002438,0.000698,0.002184,0.000857,0.001871,0.000875,0.001329,0.000758,0.01978,0.002235,0.00324,0.000927,0.001139,0.001163,0.001007,0.000243,60.4,9.62,0.0655,5.1e-05,60.0
sag_02_11,sag_sim_02,SAG_0002_3p_light_deep,2,test,Sag,5,SCENARIO_CONTROLLER,three-phase,"A,B,C",0.5401,77.4,0.0284,0.1058,142,529,0.554314,0.900777,1.62503,0.2674,76.4,60.0,59.9999,10.7,0.752579,0.014883,0.001682,0.002439,0.000701,0.002183,0.000852,0.001867,0.000874,0.001335,0.000764,0.019776,0.002235,0.003241,0.000931,0.001132,0.001161,0.001015,0.000243,60.4,9.61,0.0655,5.1e-05,60.0
sag_02_12,sag_sim_02,SAG_0002_3p_light_deep,2,test,Sag,5,SCENARIO_CONTROLLER,three-phase,"A,B,C",0.5401,77.4,0.0294,0.1068,147,534,0.554306,0.900777,1.625052,0.2674,76.4,60.0,59.9999,10.7,0.75257,0.014893,0.001683,0.002436,0.000692,0.002181,0.000858,0.001876,0.000882,0.001331,0.000761,0.01979,0.002236,0.003237,0.00092,0.00114,0.001172,0.001011,0.000243,60.4,9.61,0.0655,5.2e-05,60.0
sag_02_13,sag_sim_02,SAG_0002_3p_light_deep,2,test,Sag,5,SCENARIO_CONTROLLER,three-phase,"A,B,C",0.5401,77.4,0.0304,0.1078,152,539,0.554297,0.900777,1.62508,0.2696,76.4,60.0,59.9999,10.7,0.752558,0.014896,0.001695,0.002447,0.000704,0.002191,0.000865,0.001881,0.000889,0.001327,0.000766,0.019794,0.002252,0.003252,0.000935,0.001149,0.001181,0.001018,0.000243,60.4,9.61,0.0655,5.2e-05,60.0
sag_02_14,sag_sim_02,SAG_0002_3p_light_deep,2,test,Sag,5,SCENARIO_CONTROLLER,three-phase,"A,B,C",0.5401,77.4,0.0314,0.1088,157,544,0.554294,0.900777,1.625087,0.2704,76.4,60.0,59.9999,10.71,0.752556,0.014897,0.001698,0.002449,0.000709,0.002196,0.00087,0.001887,0.000894,0.001334,0.00077,0.019795,0.002256,0.003254,0.000942,0.001156,0.001188,0.001023,0.000244,60.4,9.61,0.0655,5.2e-05,60.0
sag_02_15,sag_sim_02,SAG_0002_3p_light_deep,2,test,Sag,5,SCENARIO_CONTROLLER,three-phase,"A,B,C",0.5401,77.4,0.0324,0.1098,162,549,0.554295,0.900777,1.625086,0.2717,76.4,60.0,59.9999,10.7,0.752556,0.014902,0.001705,0.002454,0.000715,0.002202,0.000874,0.001883,0.00088,0.001322,0.000753,0.019802,0.002266,0.003261,0.00095,0.001161,0.001169,0.001001,0.000244,60.4,9.62,0.0655,5.2e-05,60.0
sag_02_16,sag_sim_02,SAG_0002_3p_light_deep,2,test,Sag,5,SCENARIO_CONTROLLER,three-phase,"A,B,C",0.5401,77.4,0.0334,0.1108,167,554,0.554295,0.900777,1.625087,0.2716,76.4,60.0,59.9994,10.7,0.752556,0.0149,0.001702,0.002454,0.000716,0.002203,0.000876,0.001885,0.000879,0.001321,0.000751,0.019799,0.002262,0.003261,0.000951,0.001164,0.001168,0.000998,0.000244,60.4,9.62,0.0655,5.2e-05,60.0
sag_02_17,sag_sim_02,SAG_0002_3p_light_deep,2,test,Sag,5,SCENARIO_CONTROLLER,three-phase,"A,B,C",0.5401,77.4,0.0344,0.1118,172,559,0.554295,0.900777,1.625086,0.2716,76.4,60.0,59.9985,10.7,0.752556,0.0149,0.001703,0.002454,0.000716,0.002202,0.000874,0.001884,0.000882,0.001324,0.000751,0.019799,0.002263,0.003261,0.000951,0.001161,0.001172,0.000998,0.000244,60.4,9.61,0.0655,5.2e-05,60.0
sag_02_18,sag_sim_02,SAG_0002_3p_light_deep,2,test,Sag,5,SCENARIO_CONTROLLER,three-phase,"A,B,C",0.5401,77.4,0.0354,0.1128,177,564,0.55429,0.900777,1.625099,0.2707,76.4,60.0,59.9985,10.7,0.752549,0.014898,0.001695,0.002453,0.000724,0.00221,0.000869,0.001876,0.00089,0.001333,0.000742,0.019797,0.002252,0.00326,0.000962,0.001155,0.001183,0.000986,0.000244,60.4,9.62,0.0655,5.2e-05,60.0
sag_02_19,sag_sim_02,SAG_0002_3p_light_deep,2,test,Sag,5,SCENARIO_CONTROLLER,three-phase,"A,B,C",0.5401,77.4,0.0364,0.1138,182,569,0.554289,0.900777,1.625103,0.2704,76.4,60.0,59.9985,10.7,0.752547,0.014897,0.001692,0.002454,0.000727,0.002211,0.000865,0.001877,0.000892,0.001332,0.000742,0.019795,0.002248,0.003261,0.000966,0.001149,0.001185,0.000986,0.000244,60.4,9.61,0.0655,5.2e-05,60.0
sag_02_20,sag_sim_02,SAG_0002_3p_light_deep,2,test,Sag,5,SCENARIO_CONTROLLER,three-phase,"A,B,C",0.5401,77.4,0.0374,0.1148,187,574,0.554283,0.900777,1.625119,0.2704,76.4,60.0,59.9985,10.7,0.752541,0.014891,0.001693,0.002456,0.00072,0.002214,0.000868,0.001871,0.000899,0.001332,0.000743,0.019788,0.00225,0.003264,0.000957,0.001153,0.001195,0.000987,0.000243,60.4,9.61,0.0655,5.3e-05,60.0
sag_02_21,sag_sim_02,SAG_0002_3p_light_deep,2,test,Sag,5,SCENARIO_CONTROLLER,three-phase,"A,B,C",0.5401,77.4,0.0384,0.1158,192,579,0.554277,0.900777,1.625137,0.2708,76.4,60.0,59.9985,10.7,0.752533,0.014885,0.0017,0.00245,0.000721,0.002218,0.000863,0.001876,0.000894,0.001334,0.000739,0.01978,0.002259,0.003256,0.000958,0.001147,0.001188,0.000982,0.000243,60.4,9.6,0.0655,5.2e-05,60.0
sag_02_22,sag_sim_02,SAG_0002_3p_light_deep,2,test,Sag,5,SCENARIO_CONTROLLER,three-phase,"A,B,C",0.5401,77.4,0.0394,0.1168,197,584,0.554286,0.900777,1.625111,0.2685,76.4,60.0,59.9985,10.7,0.752544,0.014887,0.001689,0.002459,0.000708,0.002229,0.000853,0.001885,0.000883,0.001337,0.000729,0.019782,0.002244,0.003268,0.000941,0.001133,0.001173,0.000969,0.000243,60.4,9.6,0.0655,5.2e-05,60.0
sag_02_23,sag_sim_02,SAG_0002_3p_light_deep,2,test,Sag,5,SCENARIO_CONTROLLER,three-phase,"A,B,C",0.5401,77.4,0.0404,0.1178,202,589,0.554295,0.900777,1.625086,0.2703,76.4,60.0,59.9985,10.7,0.752552,0.014875,0.001696,0.002445,0.000719,0.002219,0.000863,0.001877,0.000885,0.001335,0.000721,0.019766,0.002254,0.003249,0.000955,0.001147,0.001176,0.000958,0.000243,60.4,9.6,0.0655,5.2e-05,60.0
sag_02_24,sag_sim_02,SAG_0002_3p_light_deep,2,test,Sag,5,SCENARIO_CONTROLLER,three-phase,"A,B,C",0.5401,77.4,0.0414,0.1188,207,594,0.554295,0.900777,1.625085,0.2703,76.4,60.0,59.9985,10.7,0.752552,0.014869,0.001703,0.002446,0.000716,0.002226,0.000852,0.001886,0.000888,0.001331,0.000734,0.019758,0.002263,0.00325,0.000951,0.001132,0.00118,0.000975,0.000243,60.4,9.59,0.0655,5.1e-05,60.0
sag_02_25,sag_sim_02,SAG_0002_3p_light_deep,2,test,Sag,5,SCENARIO_CONTROLLER,three-phase,"A,B,C",0.5401,77.4,0.0424,0.1198,212,599,0.554295,0.900777,1.625084,0.2704,76.4,60.0,59.9991,10.7,0.752551,0.01486,0.00171,0.002451,0.000708,0.002236,0.000846,0.001882,0.000897,0.001323,0.000728,0.019746,0.002272,0.003257,0.000941,0.001124,0.001192,0.000967,0.000243,60.4,9.59,0.0655,5.1e-05,60.0
sag_02_26,sag_sim_02,SAG_0002_3p_light_deep,2,test,Sag,5,SCENARIO_CONTROLLER,three-phase,"A,B,C",0.5401,77.4,0.0434,0.1208,217,604,0.554295,0.900777,1.625085,0.2702,76.4,60.0,59.9991,10.7,0.752551,0.014861,0.001709,0.002449,0.000711,0.002237,0.000842,0.001882,0.000901,0.001321,0.000723,0.019747,0.002271,0.003254,0.000945,0.001119,0.001197,0.000961,0.000243,60.4,9.59,0.0655,5e-05,60.0
sag_02_27,sag_sim_02,SAG_0002_3p_light_deep,2,test,Sag,5,SCENARIO_CONTROLLER,three-phase,"A,B,C",0.5401,77.4,0.0444,0.1218,222,609,0.554292,0.900777,1.625095,0.2696,76.4,60.0,59.9991,10.7,0.752546,0.014864,0.001703,0.002446,0.000716,0.002236,0.000839,0.001882,0.000904,0.00132,0.000721,0.019752,0.002263,0.00325,0.000951,0.001115,0.001201,0.000958,0.000243,60.4,9.59,0.0655,5e-05,60.0
sag_02_28,sag_sim_02,SAG_0002_3p_light_deep,2,test,Sag,5,SCENARIO_CONTROLLER,three-phase,"A,B,C",0.5401,77.4,0.0454,0.1228,227,614,0.554297,0.900777,1.625079,0.2698,76.4,60.0,59.9991,10.7,0.752553,0.014857,0.001706,0.002452,0.000718,0.002232,0.000835,0.001882,0.000906,0.001321,0.000721,0.019742,0.002267,0.003258,0.000954,0.00111,0.001204,0.000958,0.000242,60.4,9.59,0.0655,5.1e-05,60.0
sag_02_29,sag_sim_02,SAG_0002_3p_light_deep,2,test,Sag,5,SCENARIO_CONTROLLER,three-phase,"A,B,C",0.5401,77.4,0.0464,0.1238,232,619,0.554279,0.900777,1.625133,0.2702,76.4,60.0,59.9991,10.7,0.752531,0.014878,0.00172,0.00246,0.000703,0.002214,0.000826,0.001881,0.000909,0.001332,0.000729,0.019771,0.002286,0.003269,0.000934,0.001098,0.001208,0.000969,0.000243,60.4,9.59,0.0655,5e-05,60.0
sag_02_30,sag_sim_02,SAG_0002_3p_light_deep,2,test,Sag,5,SCENARIO_CONTROLLER,three-phase,"A,B,C",0.5401,77.4,0.0474,0.1248,237,624,0.554281,0.900777,1.625125,0.2696,76.4,60.0,59.9991,10.7,0.752534,0.014877,0.001717,0.002457,0.0007,0.002212,0.000824,0.00188,0.000907,0.001331,0.000728,0.019769,0.002282,0.003265,0.00093,0.001095,0.001205,0.000967,0.000243,60.4,9.59,0.0655,5e-05,60.0
sag_02_31,sag_sim_02,SAG_0002_3p_light_deep,2,test,Sag,5,SCENARIO_CONTROLLER,three-phase,"A,B,C",0.5401,77.4,0.0484,0.1258,242,629,0.554276,0.900777,1.62514,0.2708,76.4,60.0,59.9991,10.7,0.752528,0.014877,0.001721,0.00246,0.000706,0.002219,0.000832,0.001888,0.000913,0.00134,0.000732,0.019769,0.002287,0.003269,0.000938,0.001106,0.001213,0.000973,0.000243,60.4,9.59,0.0655,5.1e-05,60.0
sag_02_32,sag_sim_02,SAG_0002_3p_light_deep,2,test,Sag,5,SCENARIO_CONTROLLER,three-phase,"A,B,C",0.5401,77.4,0.0494,0.1268,247,634,0.554276,0.900777,1.62514,0.2709,76.4,60.0,59.9991,10.7,0.752528,0.014879,0.001724,0.00246,0.000707,0.002218,0.000829,0.001882,0.000907,0.001333,0.000734,0.019772,0.002291,0.003269,0.000939,0.001102,0.001205,0.000975,0.000243,60.4,9.59,0.0655,5.1e-05,60.0
sag_03_01,sag_sim_03,SAG_0003_3p_light_shallow,3,val,Sag,5,SCENARIO_CONTROLLER,three-phase,"A,B,C",0.6945,102.6,0.0214,0.124,107,620,0.546189,0.884712,1.61979,0.1917,107.6,60.0,59.999,14.14,0.757979,0.010214,0.000924,0.00161,0.000634,0.001311,0.000924,0.001114,0.000967,0.00057,0.000867,0.013475,0.001219,0.002124,0.000836,0.001219,0.001276,0.001144,0.000114,60.21,7.62,0.0347,4.4e-05,60.0
sag_03_02,sag_sim_03,SAG_0003_3p_light_shallow,3,val,Sag,5,SCENARIO_CONTROLLER,three-phase,"A,B,C",0.6945,102.6,0.0224,0.125,112,625,0.546186,0.884712,1.619799,0.1918,107.6,60.0,59.999,14.14,0.757976,0.010211,0.000924,0.001615,0.000635,0.001307,0.000925,0.001121,0.000964,0.000562,0.000869,0.013471,0.001219,0.002131,0.000838,0.00122,0.001272,0.001146,0.000114,60.21,7.62,0.0347,4.3e-05,60.0
sag_03_03,sag_sim_03,SAG_0003_3p_light_shallow,3,val,Sag,5,SCENARIO_CONTROLLER,three-phase,"A,B,C",0.6945,102.6,0.0234,0.126,117,630,0.546189,0.884712,1.619791,0.1914,107.6,60.0,59.999,14.14,0.757979,0.010213,0.000925,0.00161,0.000636,0.001312,0.00092,0.001115,0.000971,0.000563,0.000864,0.013474,0.00122,0.002124,0.000839,0.001214,0.001281,0.00114,0.000114,60.21,7.62,0.0347,4.3e-05,60.0
sag_03_04,sag_sim_03,SAG_0003_3p_light_shallow,3,val,Sag,5,SCENARIO_CONTROLLER,three-phase,"A,B,C",0.6945,102.6,0.0244,0.127,122,635,0.546202,0.884712,1.619753,0.1915,107.6,60.0,59.999,14.14,0.757995,0.010229,0.000909,0.001613,0.000642,0.0013,0.000932,0.001117,0.000968,0.000573,0.000856,0.013495,0.001199,0.002128,0.000847,0.00123,0.001277,0.001129,0.000114,60.21,7.62,0.0347,4.3e-05,60.0
sag_03_05,sag_sim_03,SAG_0003_3p_light_shallow,3,val,Sag,5,SCENARIO_CONTROLLER,three-phase,"A,B,C",0.6945,102.6,0.0254,0.128,127,640,0.546209,0.884712,1.619732,0.1903,107.6,60.0,59.999,14.14,0.758003,0.010233,0.000907,0.001621,0.000634,0.001304,0.000926,0.001118,0.000965,0.000571,0.000857,0.0135,0.001197,0.002139,0.000836,0.001222,0.001273,0.001131,0.000114,60.21,7.61,0.0347,4.3e-05,60.0
sag_03_06,sag_sim_03,SAG_0003_3p_light_shallow,3,val,Sag,5,SCENARIO_CONTROLLER,three-phase,"A,B,C",0.6945,102.6,0.0264,0.129,132,645,0.546211,0.884712,1.619725,0.1921,107.6,60.0,59.999,14.14,0.758005,0.010229,0.000914,0.001615,0.000641,0.001299,0.000935,0.00111,0.000974,0.000561,0.000866,0.013495,0.001206,0.002131,0.000846,0.001234,0.001285,0.001142,0.000114,60.21,7.61,0.0347,4.3e-05,60.0
sag_03_07,sag_sim_03,SAG_0003_3p_light_shallow,3,val,Sag,5,SCENARIO_CONTROLLER,three-phase,"A,B,C",0.6945,102.6,0.0274,0.13,137,650,0.546213,0.884712,1.619719,0.1928,107.6,60.0,59.999,14.14,0.758007,0.010222,0.00092,0.001608,0.000646,0.001292,0.000934,0.00111,0.000967,0.000568,0.000857,0.013485,0.001214,0.002121,0.000852,0.001232,0.001276,0.001131,0.000114,60.21,7.61,0.0347,4.3e-05,60.0
sag_03_08,sag_sim_03,SAG_0003_3p_light_shallow,3,val,Sag,5,SCENARIO_CONTROLLER,three-phase,"A,B,C",0.6945,102.6,0.0284,0.131,142,655,0.546212,0.884712,1.619722,0.1951,107.6,60.0,60.0031,14.16,0.758009,0.010247,0.000921,0.001606,0.000666,0.001273,0.000947,0.001104,0.00095,0.000584,0.000849,0.013518,0.001215,0.002119,0.000879,0.001249,0.001253,0.00112,0.000115,60.21,7.6,0.0347,4.3e-05,60.0
sag_03_09,sag_sim_03,SAG_0003_3p_light_shallow,3,val,Sag,5,SCENARIO_CONTROLLER,three-phase,"A,B,C",0.6945,102.6,0.0294,0.132,147,660,0.546213,0.884712,1.619719,0.1953,107.6,60.0,60.0031,14.16,0.758012,0.010253,0.000925,0.001599,0.000672,0.001268,0.00094,0.001112,0.000952,0.000579,0.000856,0.013526,0.00122,0.002109,0.000887,0.00124,0.001256,0.001129,0.000115,60.21,7.6,0.0347,4.3e-05,60.0
sag_03_10,sag_sim_03,SAG_0003_3p_light_shallow,3,val,Sag,5,SCENARIO_CONTROLLER,three-phase,"A,B,C",0.6945,102.6,0.0304,0.133,152,665,0.54621,0.884712,1.619728,0.1948,107.6,60.0,60.0031,14.16,0.758007,0.010255,0.000923,0.001596,0.000679,0.001266,0.000931,0.001112,0.000962,0.000578,0.000843,0.013529,0.001218,0.002106,0.000896,0.001228,0.001269,0.001112,0.000115,60.21,7.61,0.0347,4.2e-05,60.0
sag_03_11,sag_sim_03,SAG_0003_3p_light_shallow,3,val,Sag,5,SCENARIO_CONTROLLER,three-phase,"A,B,C",0.6945,102.6,0.0314,0.134,157,670,0.54621,0.884712,1.619727,0.1946,107.6,60.0,60.0031,14.16,0.758008,0.010254,0.000921,0.001596,0.000683,0.001266,0.000928,0.001107,0.00096,0.000584,0.000848,0.013528,0.001215,0.002106,0.000901,0.001224,0.001266,0.001119,0.000115,60.21,7.59,0.0347,4.2e-05,60.0
sag_03_12,sag_sim_03,SAG_0003_3p_light_shallow,3,val,Sag,5,SCENARIO_CONTROLLER,three-phase,"A,B,C",0.6945,102.6,0.0324,0.135,162,675,0.546206,0.884712,1.61974,0.1951,107.6,60.0,60.0031,14.16,0.758002,0.01026,0.000926,0.001588,0.000673,0.001272,0.000937,0.001119,0.000969,0.000576,0.000836,0.013536,0.001222,0.002095,0.000888,0.001236,0.001278,0.001103,0.000115,60.21,7.59,0.0347,4.3e-05,60.0
sag_03_13,sag_sim_03,SAG_0003_3p_light_shallow,3,val,Sag,5,SCENARIO_CONTROLLER,three-phase,"A,B,C",0.6945,102.6,0.0334,0.136,167,680,0.54621,0.884712,1.619729,0.1949,107.6,60.0,60.0031,14.16,0.758007,0.010257,0.000922,0.001583,0.000671,0.001276,0.00094,0.001125,0.000975,0.00058,0.00084,0.013532,0.001216,0.002088,0.000885,0.00124,0.001286,0.001108,0.000115,60.21,7.59,0.0347,4.3e-05,60.0
sag_03_14,sag_sim_03,SAG_0003_3p_light_shallow,3,val,Sag,5,SCENARIO_CONTROLLER,three-phase,"A,B,C",0.6945,102.6,0.0344,0.137,172,685,0.546212,0.884712,1.619723,0.1949,107.6,60.0,60.0031,14.15,0.758009,0.010257,0.000924,0.001583,0.00067,0.001273,0.000939,0.001122,0.000974,0.000577,0.000838,0.013532,0.001219,0.002088,0.000884,0.001239,0.001285,0.001106,0.000115,60.21,7.59,0.0347,4.3e-05,60.0
sag_03_15,sag_sim_03,SAG_0003_3p_light_shallow,3,val,Sag,5,SCENARIO_CONTROLLER,three-phase,"A,B,C",0.6945,102.6,0.0354,0.138,177,690,0.546216,0.884712,1.619711,0.1965,107.6,60.0,60.0031,14.15,0.758013,0.010261,0.000932,0.001587,0.000676,0.001275,0.000945,0.001127,0.000981,0.000583,0.000844,0.013537,0.00123,0.002094,0.000892,0.001247,0.001294,0.001113,0.000115,60.21,7.59,0.0347,4.3e-05,60.0
sag_03_16,sag_sim_03,SAG_0003_3p_light_shallow,3,val,Sag,5,SCENARIO_CONTROLLER,three-phase,"A,B,C",0.6945,102.6,0.0364,0.139,182,695,0.546215,0.884712,1.619714,0.1973,107.6,60.0,60.0037,14.15,0.758013,0.010249,0.00093,0.001586,0.000683,0.001281,0.000951,0.00113,0.000973,0.000574,0.000839,0.013521,0.001227,0.002092,0.000901,0.001255,0.001284,0.001107,0.000115,60.21,7.59,0.0347,4.3e-05,60.0
sag_03_17,sag_sim_03,SAG_0003_3p_light_shallow,3,val,Sag,5,SCENARIO_CONTROLLER,three-phase,"A,B,C",0.6945,102.6,0.0374,0.14,187,700,0.546212,0.884712,1.619722,0.1972,107.6,60.0,60.0014,14.15,0.758009,0.010255,0.000921,0.001575,0.00068,0.001282,0.000961,0.001136,0.000963,0.000563,0.000842,0.013529,0.001215,0.002078,0.000897,0.001268,0.00127,0.001111,0.000115,60.21,7.59,0.0347,4.3e-05,60.0
sag_03_18,sag_sim_03,SAG_0003_3p_light_shallow,3,val,Sag,5,SCENARIO_CONTROLLER,three-phase,"A,B,C",0.6945,102.6,0.0384,0.141,192,705,0.546216,0.884712,1.619712,0.1976,107.6,60.0,60.0014,14.15,0.758014,0.010251,0.000931,0.001585,0.000677,0.001274,0.000958,0.001141,0.000969,0.000562,0.000832,0.013523,0.001228,0.002091,0.000893,0.001264,0.001278,0.001098,0.000115,60.21,7.59,0.0347,4.3e-05,60.0
sag_03_19,sag_sim_03,SAG_0003_3p_light_shallow,3,val,Sag,5,SCENARIO_CONTROLLER,three-phase,"A,B,C",0.6945,102.6,0.0394,0.142,197,710,0.546217,0.884712,1.619706,0.1982,107.6,60.0,60.0014,14.15,0.758017,0.010251,0.000936,0.001586,0.000669,0.001269,0.000966,0.001142,0.000962,0.000565,0.000839,0.013523,0.001235,0.002092,0.000883,0.001274,0.001269,0.001107,0.000115,60.21,7.59,0.0347,4.3e-05,60.0
sag_03_20,sag_sim_03,SAG_0003_3p_light_shallow,3,val,Sag,5,SCENARIO_CONTROLLER,three-phase,"A,B,C",0.6945,102.6,0.0404,0.143,202,715,0.546205,0.884712,1.619742,0.1996,107.6,60.0,60.0014,14.15,0.758001,0.010236,0.000946,0.001601,0.000656,0.001257,0.000981,0.001136,0.000961,0.000579,0.000829,0.013504,0.001248,0.002112,0.000865,0.001294,0.001268,0.001094,0.000114,60.21,7.59,0.0347,4.3e-05,60.0
sag_03_21,sag_sim_03,SAG_0003_3p_light_shallow,3,val,Sag,5,SCENARIO_CONTROLLER,three-phase,"A,B,C",0.6945,102.6,0.0414,0.144,207,720,0.546196,0.884712,1.61977,0.2003,107.6,60.0,60.0014,14.15,0.75799,0.010227,0.000954,0.001593,0.000661,0.001262,0.000979,0.001142,0.000957,0.000585,0.000823,0.013492,0.001259,0.002102,0.000872,0.001292,0.001263,0.001086,0.000114,60.21,7.58,0.0347,4.4e-05,60.0
sag_03_22,sag_sim_03,SAG_0003_3p_light_shallow,3,val,Sag,5,SCENARIO_CONTROLLER,three-phase,"A,B,C",0.6945,102.6,0.0424,0.145,212,725,0.546184,0.884712,1.619804,0.2014,107.6,60.0,60.0014,14.15,0.757977,0.010225,0.000948,0.001584,0.00067,0.001246,0.000991,0.001128,0.000968,0.000574,0.000833,0.01349,0.001251,0.00209,0.000884,0.001307,0.001277,0.001099,0.000114,60.21,7.58,0.0347,4.4e-05,60.0
sag_03_23,sag_sim_03,SAG_0003_3p_light_shallow,3,val,Sag,5,SCENARIO_CONTROLLER,three-phase,"A,B,C",0.6945,102.6,0.0434,0.146,217,730,0.546187,0.884712,1.619797,0.203,107.6,60.0,60.0014,14.15,0.757979,0.01022,0.000955,0.001576,0.000678,0.001239,0.000998,0.00112,0.00097,0.000569,0.000833,0.013483,0.00126,0.002079,0.000894,0.001317,0.00128,0.001099,0.000114,60.21,7.58,0.0347,4.4e-05,60.0
sag_03_24,sag_sim_03,SAG_0003_3p_light_shallow,3,val,Sag,5,SCENARIO_CONTROLLER,three-phase,"A,B,C",0.6945,102.6,0.0444,0.147,222,735,0.546191,0.884712,1.619785,0.2052,107.6,60.0,60.0014,14.15,0.757983,0.010214,0.000964,0.001567,0.000689,0.001227,0.001007,0.001111,0.000967,0.000571,0.000822,0.013475,0.001272,0.002067,0.000909,0.001329,0.001276,0.001084,0.000114,60.21,7.58,0.0347,4.4e-05,60.0
sag_03_25,sag_sim_03,SAG_0003_3p_light_shallow,3,val,Sag,5,SCENARIO_CONTROLLER,three-phase,"A,B,C",0.6945,102.6,0.0454,0.148,227,740,0.54619,0.884712,1.619787,0.204,107.6,60.0,59.9985,14.15,0.75798,0.010199,0.000959,0.001573,0.000676,0.001239,0.001006,0.001107,0.000974,0.000567,0.000821,0.013456,0.001265,0.002075,0.000892,0.001327,0.001285,0.001083,0.000114,60.21,7.58,0.0347,4.4e-05,60.0
sag_03_26,sag_sim_03,SAG_0003_3p_light_shallow,3,val,Sag,5,SCENARIO_CONTROLLER,three-phase,"A,B,C",0.6945,102.6,0.0464,0.149,232,745,0.546188,0.884712,1.619793,0.2037,107.6,60.0,59.9985,14.15,0.757977,0.010197,0.000954,0.001578,0.000677,0.001237,0.001008,0.001107,0.000972,0.000568,0.00082,0.013453,0.001259,0.002082,0.000893,0.00133,0.001282,0.001082,0.000114,60.21,7.59,0.0347,4.4e-05,60.0
sag_03_27,sag_sim_03,SAG_0003_3p_light_shallow,3,val,Sag,5,SCENARIO_CONTROLLER,three-phase,"A,B,C",0.6945,102.6,0.0474,0.15,237,750,0.546186,0.884712,1.619799,0.2033,107.6,60.0,59.9985,14.15,0.757974,0.010197,0.00095,0.001579,0.000681,0.001233,0.001004,0.00111,0.000976,0.000566,0.000818,0.013453,0.001253,0.002083,0.000898,0.001325,0.001288,0.001079,0.000114,60.21,7.59,0.0347,4.5e-05,60.0
sag_03_28,sag_sim_03,SAG_0003_3p_light_shallow,3,val,Sag,5,SCENARIO_CONTROLLER,three-phase,"A,B,C",0.6945,102.6,0.0484,0.151,242,755,0.546176,0.884712,1.619828,0.2045,107.6,60.0,59.9985,14.15,0.757961,0.010208,0.000953,0.001564,0.000678,0.001249,0.001017,0.001098,0.000959,0.000564,0.000829,0.013468,0.001257,0.002063,0.000895,0.001342,0.001265,0.001094,0.000114,60.21,7.59,0.0347,4.5e-05,60.0
sag_03_29,sag_sim_03,SAG_0003_3p_light_shallow,3,val,Sag,5,SCENARIO_CONTROLLER,three-phase,"A,B,C",0.6945,102.6,0.0494,0.152,247,760,0.546184,0.884712,1.619804,0.2048,107.6,60.0,59.9985,14.15,0.757971,0.010198,0.000943,0.001564,0.000684,0.001258,0.001025,0.001095,0.000954,0.000553,0.00082,0.013454,0.001244,0.002063,0.000902,0.001352,0.001259,0.001082,0.000114,60.21,7.61,0.0347,4.4e-05,60.0
sag_03_30,sag_sim_03,SAG_0003_3p_light_shallow,3,val,Sag,5,SCENARIO_CONTROLLER,three-phase,"A,B,C",0.6945,102.6,0.0504,0.153,252,765,0.546186,0.884712,1.6198,0.2049,107.6,60.0,59.9985,14.15,0.757972,0.010197,0.000941,0.001563,0.000684,0.00126,0.001029,0.001097,0.000957,0.000552,0.000818,0.013453,0.001241,0.002062,0.000902,0.001358,0.001263,0.001079,0.000114,60.21,7.61,0.0347,4.4e-05,60.0
sag_03_31,sag_sim_03,SAG_0003_3p_light_shallow,3,val,Sag,5,SCENARIO_CONTROLLER,three-phase,"A,B,C",0.6945,102.6,0.0514,0.154,257,770,0.546195,0.884712,1.619772,0.2064,107.6,60.0,59.9985,14.15,0.757983,0.010201,0.000954,0.001565,0.000688,0.001255,0.001031,0.001096,0.00096,0.000552,0.000818,0.013458,0.001259,0.002065,0.000908,0.00136,0.001267,0.001079,0.000114,60.21,7.61,0.0347,4.4e-05,60.0
sag_03_32,sag_sim_03,SAG_0003_3p_light_shallow,3,val,Sag,5,SCENARIO_CONTROLLER,three-phase,"A,B,C",0.6945,102.6,0.0524,0.155,262,775,0.546196,0.884712,1.619769,0.2067,107.6,60.0,59.9985,14.15,0.757984,0.010202,0.000956,0.001566,0.000689,0.001255,0.001033,0.001097,0.000963,0.000555,0.000823,0.013459,0.001261,0.002066,0.000909,0.001363,0.00127,0.001086,0.000114,60.21,7.6,0.0347,4.4e-05,60.0
sag_04_01,sag_sim_04,SAG_0004_3p_light_deep2,4,train,Sag,5,SCENARIO_CONTROLLER,three-phase,"A,B,C",0.4505,70.8,0.0178,0.0886,89,443,0.522991,0.858961,1.642399,0.451,72.8,60.0,59.9991,9.41,0.700621,0.004044,0.002821,0.001388,0.000834,0.000864,0.001152,0.001273,0.000865,0.000628,0.000467,0.005772,0.004026,0.001981,0.00119,0.001644,0.001235,0.000667,3.2e-05,60.46,10.16,0.0817,5.4e-05,60.0
sag_04_02,sag_sim_04,SAG_0004_3p_light_deep2,4,train,Sag,5,SCENARIO_CONTROLLER,three-phase,"A,B,C",0.4505,70.8,0.0188,0.0896,94,448,0.522988,0.858961,1.642411,0.4501,72.8,60.0,59.9991,9.41,0.700617,0.004047,0.002816,0.001392,0.00084,0.000862,0.001144,0.00128,0.000868,0.000619,0.000464,0.005776,0.004019,0.001987,0.001199,0.001633,0.001239,0.000662,3.2e-05,60.46,10.16,0.0817,5.5e-05,60.0
sag_04_03,sag_sim_04,SAG_0004_3p_light_deep2,4,train,Sag,5,SCENARIO_CONTROLLER,three-phase,"A,B,C",0.4505,70.8,0.0198,0.0906,99,453,0.523001,0.858961,1.64237,0.451,72.8,60.0,59.9991,9.41,0.700633,0.004044,0.002825,0.001377,0.000838,0.000876,0.00114,0.001276,0.000878,0.000615,0.000456,0.005772,0.004032,0.001965,0.001196,0.001627,0.001253,0.000651,3.2e-05,60.46,10.16,0.0817,5.5e-05,60.0
sag_04_04,sag_sim_04,SAG_0004_3p_light_deep2,4,train,Sag,5,SCENARIO_CONTROLLER,three-phase,"A,B,C",0.4505,70.8,0.0208,0.0916,104,458,0.52301,0.858961,1.642342,0.4505,72.8,60.0,59.9991,9.41,0.700644,0.004052,0.002817,0.001381,0.000845,0.000867,0.001145,0.001272,0.00088,0.000618,0.000452,0.005783,0.004021,0.001971,0.001206,0.001634,0.001256,0.000645,3.2e-05,60.46,10.16,0.0817,5.4e-05,60.0
sag_04_05,sag_sim_04,SAG_0004_3p_light_deep2,4,train,Sag,5,SCENARIO_CONTROLLER,three-phase,"A,B,C",0.4505,70.8,0.0218,0.0926,109,463,0.523006,0.858961,1.642353,0.4508,72.8,60.0,59.9991,9.41,0.70064,0.004048,0.002822,0.001376,0.000845,0.000871,0.001139,0.001278,0.000873,0.000626,0.000443,0.005778,0.004028,0.001964,0.001206,0.001626,0.001246,0.000632,3.2e-05,60.46,10.17,0.0817,5.4e-05,60.0
sag_04_06,sag_sim_04,SAG_0004_3p_light_deep2,4,train,Sag,5,SCENARIO_CONTROLLER,three-phase,"A,B,C",0.4505,70.8,0.0228,0.0936,114,468,0.52301,0.858961,1.64234,0.4492,72.8,60.0,59.9991,9.41,0.700645,0.004054,0.002817,0.001382,0.000836,0.000881,0.001128,0.001288,0.000864,0.000637,0.000432,0.005786,0.004021,0.001972,0.001193,0.00161,0.001233,0.000617,3.2e-05,60.46,10.17,0.0817,5.4e-05,60.0
sag_04_07,sag_sim_04,SAG_0004_3p_light_deep2,4,train,Sag,5,SCENARIO_CONTROLLER,three-phase,"A,B,C",0.4505,70.8,0.0238,0.0946,119,473,0.523009,0.858961,1.642343,0.4494,72.8,60.0,59.9991,9.41,0.700643,0.004052,0.002818,0.001382,0.000837,0.00088,0.001127,0.001295,0.000856,0.000645,0.000426,0.005783,0.004022,0.001972,0.001195,0.001609,0.001222,0.000608,3.2e-05,60.46,10.17,0.0817,5.4e-05,60.0
sag_04_08,sag_sim_04,SAG_0004_3p_light_deep2,4,train,Sag,5,SCENARIO_CONTROLLER,three-phase,"A,B,C",0.4505,70.8,0.0248,0.0956,124,478,0.52301,0.858961,1.642341,0.4496,72.8,60.0,60.0011,9.42,0.700644,0.004054,0.002818,0.001379,0.000841,0.000877,0.001128,0.001299,0.000852,0.000646,0.000429,0.005786,0.004022,0.001968,0.0012,0.00161,0.001216,0.000612,3.2e-05,60.46,10.17,0.0817,5.4e-05,60.0
sag_04_09,sag_sim_04,SAG_0004_3p_light_deep2,4,train,Sag,5,SCENARIO_CONTROLLER,three-phase,"A,B,C",0.4505,70.8,0.0258,0.0966,129,483,0.523011,0.858961,1.642337,0.4498,72.8,60.0,60.0011,9.42,0.700646,0.004054,0.002824,0.001379,0.000836,0.000887,0.001123,0.001287,0.000857,0.000654,0.000415,0.005786,0.004031,0.001968,0.001193,0.001603,0.001223,0.000592,3.2e-05,60.46,10.17,0.0817,5.4e-05,60.0
sag_04_10,sag_sim_04,SAG_0004_3p_light_deep2,4,train,Sag,5,SCENARIO_CONTROLLER,three-phase,"A,B,C",0.4505,70.8,0.0268,0.0976,134,488,0.523008,0.858961,1.642347,0.4493,72.8,60.0,60.0011,9.42,0.700641,0.004049,0.002819,0.001381,0.000837,0.000885,0.001124,0.001287,0.000854,0.000656,0.00042,0.005779,0.004023,0.001971,0.001195,0.001604,0.001219,0.000599,3.2e-05,60.46,10.18,0.0817,5.4e-05,60.0
sag_04_11,sag_sim_04,SAG_0004_3p_light_deep2,4,train,Sag,5,SCENARIO_CONTROLLER,three-phase,"A,B,C",0.4505,70.8,0.0278,0.0986,139,493,0.522999,0.858961,1.642375,0.4487,72.8,60.0,60.0011,9.42,0.70063,0.004046,0.002812,0.001369,0.000839,0.000895,0.001128,0.001285,0.000846,0.000651,0.000424,0.005775,0.004014,0.001954,0.001197,0.00161,0.001207,0.000605,3.2e-05,60.46,10.18,0.0817,5.5e-05,60.0
sag_04_12,sag_sim_04,SAG_0004_3p_light_deep2,4,train,Sag,5,SCENARIO_CONTROLLER,three-phase,"A,B,C",0.4505,70.8,0.0288,0.0996,144,498,0.523016,0.858961,1.642323,0.4482,72.8,60.0,60.0011,9.42,0.70065,0.004037,0.002804,0.001373,0.000857,0.000905,0.001123,0.001276,0.000834,0.00064,0.000421,0.005762,0.004002,0.00196,0.001223,0.001603,0.00119,0.000601,3.2e-05,60.46,10.19,0.0817,5.5e-05,60.0
sag_04_13,sag_sim_04,SAG_0004_3p_light_deep2,4,train,Sag,5,SCENARIO_CONTROLLER,three-phase,"A,B,C",0.4505,70.8,0.0298,0.1006,149,503,0.523012,0.858961,1.642333,0.4485,72.8,60.0,60.0011,9.42,0.700646,0.00404,0.002807,0.001374,0.000856,0.000904,0.001124,0.001278,0.000838,0.000647,0.000428,0.005766,0.004006,0.001961,0.001222,0.001604,0.001196,0.000611,3.2e-05,60.46,10.19,0.0817,5.5e-05,60.0
sag_04_14,sag_sim_04,SAG_0004_3p_light_deep2,4,train,Sag,5,SCENARIO_CONTROLLER,three-phase,"A,B,C",0.4505,70.8,0.0308,0.1016,154,508,0.523006,0.858961,1.642353,0.4494,72.8,60.0,60.0011,9.42,0.700639,0.004049,0.002811,0.001375,0.000861,0.000909,0.001129,0.00128,0.000837,0.000646,0.000426,0.005779,0.004012,0.001962,0.001229,0.001611,0.001195,0.000608,3.2e-05,60.46,10.2,0.0817,5.6e-05,60.0
sag_04_15,sag_sim_04,SAG_0004_3p_light_deep2,4,train,Sag,5,SCENARIO_CONTROLLER,three-phase,"A,B,C",0.4505,70.8,0.0318,0.1026,159,513,0.523005,0.858961,1.642357,0.4488,72.8,60.0,60.0011,9.42,0.700638,0.004049,0.002808,0.001372,0.000858,0.000906,0.001125,0.001278,0.000838,0.000647,0.000428,0.005779,0.004008,0.001958,0.001225,0.001606,0.001196,0.000611,3.2e-05,60.46,10.2,0.0817,5.5e-05,60.0
sag_04_16,sag_sim_04,SAG_0004_3p_light_deep2,4,train,Sag,5,SCENARIO_CONTROLLER,three-phase,"A,B,C",0.4505,70.8,0.0328,0.1036,164,518,0.523006,0.858961,1.642353,0.4496,72.8,60.0,60.0002,9.41,0.70064,0.004047,0.00281,0.001377,0.000865,0.000914,0.001131,0.001274,0.000827,0.000636,0.000421,0.005776,0.004011,0.001965,0.001235,0.001614,0.00118,0.000601,3.2e-05,60.46,10.21,0.0817,5.3e-05,60.0
sag_04_17,sag_sim_04,SAG_0004_3p_light_deep2,4,train,Sag,5,SCENARIO_CONTROLLER,three-phase,"A,B,C",0.4505,70.8,0.0338,0.1046,169,523,0.523006,0.858961,1.642354,0.4495,72.8,60.0,60.0013,9.42,0.700639,0.004046,0.002807,0.001376,0.000864,0.000916,0.001136,0.001276,0.000822,0.000628,0.000416,0.005775,0.004006,0.001964,0.001233,0.001621,0.001173,0.000594,3.2e-05,60.46,10.21,0.0817,5.4e-05,60.0
sag_04_18,sag_sim_04,SAG_0004_3p_light_deep2,4,train,Sag,5,SCENARIO_CONTROLLER,three-phase,"A,B,C",0.4505,70.8,0.0348,0.1056,174,528,0.523004,0.858961,1.642359,0.4488,72.8,60.0,60.0013,9.42,0.700637,0.004047,0.002803,0.00138,0.000872,0.000919,0.001128,0.001274,0.000834,0.000633,0.000404,0.005776,0.004001,0.00197,0.001245,0.00161,0.00119,0.000577,3.2e-05,60.46,10.21,0.0817,5.2e-05,60.0
sag_04_19,sag_sim_04,SAG_0004_3p_light_deep2,4,train,Sag,5,SCENARIO_CONTROLLER,three-phase,"A,B,C",0.4505,70.8,0.0358,0.1066,179,533,0.523,0.858961,1.642372,0.448,72.8,60.0,60.0013,9.42,0.700632,0.004052,0.002797,0.001381,0.000878,0.000922,0.001123,0.001274,0.00084,0.000632,0.000398,0.005783,0.003992,0.001971,0.001253,0.001603,0.001199,0.000568,3.2e-05,60.46,10.21,0.0817,5.5e-05,60.0
sag_04_20,sag_sim_04,SAG_0004_3p_light_deep2,4,train,Sag,5,SCENARIO_CONTROLLER,three-phase,"A,B,C",0.4505,70.8,0.0368,0.1076,184,538,0.523001,0.858961,1.642368,0.4483,72.8,60.0,60.0013,9.42,0.700634,0.00405,0.002801,0.001377,0.000875,0.000929,0.00112,0.001272,0.000847,0.000624,0.000398,0.00578,0.003998,0.001965,0.001249,0.001599,0.001209,0.000568,3.2e-05,60.46,10.21,0.0817,5.5e-05,60.0
sag_04_21,sag_sim_04,SAG_0004_3p_light_deep2,4,train,Sag,5,SCENARIO_CONTROLLER,three-phase,"A,B,C",0.4505,70.8,0.0378,0.1086,189,543,0.523005,0.858961,1.642357,0.4479,72.8,60.0,60.0013,9.42,0.700638,0.004054,0.002796,0.001381,0.000874,0.000926,0.001125,0.001267,0.000853,0.000618,0.000402,0.005786,0.003991,0.001971,0.001247,0.001606,0.001217,0.000574,3.2e-05,60.46,10.2,0.0817,5.4e-05,60.0
sag_04_22,sag_sim_04,SAG_0004_3p_light_deep2,4,train,Sag,5,SCENARIO_CONTROLLER,three-phase,"A,B,C",0.4505,70.8,0.0388,0.1096,194,548,0.523011,0.858961,1.642338,0.4464,72.8,60.0,60.0013,9.42,0.700645,0.004063,0.002788,0.001389,0.000865,0.000933,0.001122,0.001273,0.000847,0.000621,0.000402,0.005799,0.003979,0.001982,0.001235,0.001601,0.001209,0.000574,3.2e-05,60.46,10.2,0.0817,5.5e-05,60.0
sag_04_23,sag_sim_04,SAG_0004_3p_light_deep2,4,train,Sag,5,SCENARIO_CONTROLLER,three-phase,"A,B,C",0.4505,70.8,0.0398,0.1106,199,553,0.523015,0.858961,1.642324,0.4461,72.8,60.0,60.0013,9.42,0.700649,0.004068,0.002787,0.001387,0.000864,0.000935,0.00112,0.001269,0.000854,0.000614,0.000409,0.005806,0.003978,0.00198,0.001233,0.001599,0.001219,0.000584,3.2e-05,60.46,10.2,0.0817,5.5e-05,60.0
sag_04_24,sag_sim_04,SAG_0004_3p_light_deep2,4,train,Sag,5,SCENARIO_CONTROLLER,three-phase,"A,B,C",0.4505,70.8,0.0408,0.1116,204,558,0.523015,0.858961,1.642326,0.4454,72.8,60.0,60.0013,9.42,0.700649,0.00407,0.002782,0.001391,0.00086,0.000936,0.001122,0.001261,0.000862,0.000608,0.000411,0.005809,0.003971,0.001985,0.001227,0.001601,0.00123,0.000587,3.2e-05,60.46,10.2,0.0817,5.5e-05,60.0
sag_04_25,sag_sim_04,SAG_0004_3p_light_deep2,4,train,Sag,5,SCENARIO_CONTROLLER,three-phase,"A,B,C",0.4505,70.8,0.0418,0.1126,209,563,0.523014,0.858961,1.642327,0.4455,72.8,60.0,59.9986,9.41,0.700649,0.004067,0.002785,0.001393,0.000857,0.000941,0.001118,0.001258,0.000867,0.000604,0.000409,0.005805,0.003975,0.001988,0.001223,0.001596,0.001237,0.000584,3.2e-05,60.46,10.19,0.0817,5.5e-05,60.0
sag_04_26,sag_sim_04,SAG_0004_3p_light_deep2,4,train,Sag,5,SCENARIO_CONTROLLER,three-phase,"A,B,C",0.4505,70.8,0.0428,0.1136,214,568,0.523007,0.858961,1.642351,0.4448,72.8,60.0,59.9986,9.41,0.700637,0.004046,0.002776,0.00141,0.000851,0.00093,0.001132,0.001267,0.000858,0.000601,0.000418,0.005775,0.003962,0.002012,0.001215,0.001616,0.001225,0.000597,3.2e-05,60.46,10.19,0.0817,5.5e-05,60.0
sag_04_27,sag_sim_04,SAG_0004_3p_light_deep2,4,train,Sag,5,SCENARIO_CONTROLLER,three-phase,"A,B,C",0.4505,70.8,0.0438,0.1146,219,573,0.522997,0.858961,1.64238,0.4428,72.8,60.0,59.9986,9.41,0.700625,0.004032,0.00276,0.00141,0.000865,0.000919,0.001121,0.001271,0.000871,0.000599,0.000406,0.005755,0.003939,0.002012,0.001235,0.0016,0.001243,0.000579,3.2e-05,60.46,10.19,0.0817,5.5e-05,60.0
sag_04_28,sag_sim_04,SAG_0004_3p_light_deep2,4,train,Sag,5,SCENARIO_CONTROLLER,three-phase,"A,B,C",0.4505,70.8,0.0448,0.1156,224,578,0.523004,0.858961,1.64236,0.4428,72.8,60.0,59.9986,9.41,0.700633,0.004031,0.002762,0.001417,0.00087,0.000914,0.001114,0.001266,0.000872,0.000606,0.00041,0.005753,0.003942,0.002022,0.001242,0.00159,0.001245,0.000585,3.2e-05,60.46,10.18,0.0817,5.5e-05,60.0
sag_04_29,sag_sim_04,SAG_0004_3p_light_deep2,4,train,Sag,5,SCENARIO_CONTROLLER,three-phase,"A,B,C",0.4505,70.8,0.0458,0.1166,229,583,0.522999,0.858961,1.642374,0.4428,72.8,60.0,59.9986,9.41,0.700627,0.004032,0.002761,0.001411,0.000861,0.000914,0.001123,0.001277,0.000885,0.000614,0.000409,0.005755,0.003941,0.002014,0.001229,0.001603,0.001263,0.000584,3.2e-05,60.46,10.18,0.0817,5.5e-05,60.0
sag_04_30,sag_sim_04,SAG_0004_3p_light_deep2,4,train,Sag,5,SCENARIO_CONTROLLER,three-phase,"A,B,C",0.4505,70.8,0.0468,0.1176,234,588,0.522997,0.858961,1.642382,0.4438,72.8,60.0,59.9986,9.41,0.700624,0.004036,0.002764,0.001414,0.000868,0.000922,0.00113,0.001286,0.000894,0.00062,0.000413,0.005761,0.003945,0.002018,0.001239,0.001613,0.001276,0.000589,3.2e-05,60.46,10.18,0.0817,5.5e-05,60.0
sag_04_31,sag_sim_04,SAG_0004_3p_light_deep2,4,train,Sag,5,SCENARIO_CONTROLLER,three-phase,"A,B,C",0.4505,70.8,0.0478,0.1186,239,593,0.523001,0.858961,1.642368,0.4434,72.8,60.0,59.9986,9.41,0.700629,0.00403,0.002763,0.001415,0.000866,0.000919,0.001127,0.001285,0.000895,0.00062,0.000412,0.005752,0.003944,0.00202,0.001236,0.001609,0.001277,0.000588,3.2e-05,60.46,10.18,0.0817,5.4e-05,60.0
sag_04_32,sag_sim_04,SAG_0004_3p_light_deep2,4,train,Sag,5,SCENARIO_CONTROLLER,three-phase,"A,B,C",0.4505,70.8,0.0488,0.1196,244,598,0.523004,0.858961,1.642359,0.4439,72.8,60.0,59.9986,9.41,0.700632,0.004027,0.002764,0.001419,0.000868,0.000922,0.001132,0.001293,0.000902,0.000628,0.000417,0.005748,0.003945,0.002025,0.001239,0.001616,0.001287,0.000595,3.2e-05,60.46,10.17,0.0817,5.4e-05,60.0
sag_05_01,sag_sim_05,SAG_0005_3p_heavy_med,5,train,Sag,5,SCENARIO_CONTROLLER,three-phase,"A,B,C",0.6205,98.2,0.0186,0.1168,93,584,0.493209,0.81458,1.651593,0.1835,104.0,60.0,59.9997,12.09,0.676918,0.001159,0.000872,0.000571,0.000671,0.000534,0.000577,0.000774,0.000795,0.000651,0.000668,0.001712,0.001288,0.000844,0.000991,0.000852,0.001174,0.000987,6e-06,60.26,8.37,0.0487,4.5e-05,60.0
sag_05_02,sag_sim_05,SAG_0005_3p_heavy_med,5,train,Sag,5,SCENARIO_CONTROLLER,three-phase,"A,B,C",0.6205,98.2,0.0196,0.1178,98,589,0.493206,0.81458,1.651602,0.1831,104.0,60.0,59.9997,12.09,0.676915,0.001163,0.000867,0.000572,0.000676,0.000535,0.000573,0.000773,0.000798,0.000653,0.000664,0.001718,0.001281,0.000845,0.000999,0.000846,0.001179,0.000981,6e-06,60.26,8.37,0.0487,4.4e-05,60.0
sag_05_03,sag_sim_05,SAG_0005_3p_heavy_med,5,train,Sag,5,SCENARIO_CONTROLLER,three-phase,"A,B,C",0.6205,98.2,0.0206,0.1188,103,594,0.493207,0.81458,1.651598,0.1832,104.0,60.0,59.9997,12.09,0.676916,0.001164,0.000866,0.000573,0.000677,0.000533,0.000574,0.000774,0.000796,0.000655,0.000664,0.00172,0.001279,0.000846,0.001,0.000848,0.001176,0.000981,6e-06,60.26,8.37,0.0487,4.5e-05,60.0
sag_05_04,sag_sim_05,SAG_0005_3p_heavy_med,5,train,Sag,5,SCENARIO_CONTROLLER,three-phase,"A,B,C",0.6205,98.2,0.0216,0.1198,108,599,0.49322,0.81458,1.651556,0.1837,104.0,60.0,59.9997,12.09,0.676932,0.001171,0.000856,0.000579,0.000691,0.000518,0.000581,0.000775,0.000784,0.000669,0.000654,0.00173,0.001265,0.000855,0.001021,0.000858,0.001158,0.000966,6e-06,60.26,8.36,0.0487,4.5e-05,60.0
sag_05_05,sag_sim_05,SAG_0005_3p_heavy_med,5,train,Sag,5,SCENARIO_CONTROLLER,three-phase,"A,B,C",0.6205,98.2,0.0226,0.1208,113,604,0.493234,0.81458,1.651509,0.1804,104.0,60.0,59.9997,12.09,0.676947,0.001189,0.00084,0.000593,0.000675,0.00053,0.000575,0.000779,0.000787,0.000664,0.000662,0.001756,0.001241,0.000876,0.000997,0.000849,0.001163,0.000978,6e-06,60.26,8.36,0.0487,4.4e-05,60.0
sag_05_06,sag_sim_05,SAG_0005_3p_heavy_med,5,train,Sag,5,SCENARIO_CONTROLLER,three-phase,"A,B,C",0.6205,98.2,0.0236,0.1218,118,609,0.493236,0.81458,1.651502,0.1793,104.0,60.0,59.9997,12.09,0.676949,0.001192,0.000837,0.000595,0.00067,0.000535,0.000569,0.000785,0.00078,0.00067,0.000655,0.001761,0.001236,0.000879,0.00099,0.000841,0.001152,0.000968,6e-06,60.26,8.36,0.0487,4.4e-05,60.0
sag_05_07,sag_sim_05,SAG_0005_3p_heavy_med,5,train,Sag,5,SCENARIO_CONTROLLER,three-phase,"A,B,C",0.6205,98.2,0.0246,0.1228,123,614,0.493231,0.81458,1.651517,0.1767,104.0,60.0,59.9997,12.09,0.676946,0.00119,0.000824,0.000606,0.000658,0.000544,0.000565,0.000781,0.000786,0.000661,0.000666,0.001758,0.001217,0.000895,0.000972,0.000835,0.001161,0.000984,6e-06,60.26,8.36,0.0487,4.5e-05,60.0
sag_05_08,sag_sim_05,SAG_0005_3p_heavy_med,5,train,Sag,5,SCENARIO_CONTROLLER,three-phase,"A,B,C",0.6205,98.2,0.0256,0.1238,128,619,0.49323,0.81458,1.65152,0.1764,104.0,60.0,60.0007,12.1,0.676945,0.001187,0.000823,0.00061,0.000654,0.000546,0.000567,0.000775,0.000792,0.00066,0.000661,0.001753,0.001216,0.000901,0.000966,0.000838,0.00117,0.000976,6e-06,60.26,8.36,0.0487,4.5e-05,60.0
sag_05_09,sag_sim_05,SAG_0005_3p_heavy_med,5,train,Sag,5,SCENARIO_CONTROLLER,three-phase,"A,B,C",0.6205,98.2,0.0266,0.1248,133,624,0.493235,0.81458,1.651506,0.1768,104.0,60.0,60.0007,12.1,0.676951,0.001199,0.00083,0.000603,0.000654,0.000555,0.000562,0.000768,0.000798,0.000664,0.000654,0.001771,0.001226,0.000891,0.000966,0.00083,0.001179,0.000966,6e-06,60.26,8.36,0.0487,4.6e-05,60.0
sag_05_10,sag_sim_05,SAG_0005_3p_heavy_med,5,train,Sag,5,SCENARIO_CONTROLLER,three-phase,"A,B,C",0.6205,98.2,0.0276,0.1258,138,629,0.493241,0.81458,1.651485,0.1778,104.0,60.0,60.0007,12.1,0.67696,0.001208,0.000841,0.000608,0.000644,0.000555,0.000572,0.000771,0.000789,0.000661,0.000661,0.001784,0.001242,0.000898,0.000951,0.000845,0.001166,0.000976,6e-06,60.26,8.36,0.0487,4.6e-05,60.0
sag_05_11,sag_sim_05,SAG_0005_3p_heavy_med,5,train,Sag,5,SCENARIO_CONTROLLER,three-phase,"A,B,C",0.6205,98.2,0.0286,0.1268,143,634,0.493245,0.81458,1.651471,0.1778,104.0,60.0,60.0007,12.1,0.676965,0.001209,0.000843,0.000613,0.000646,0.000551,0.000567,0.00077,0.000793,0.000665,0.000661,0.001786,0.001245,0.000906,0.000954,0.000838,0.001171,0.000976,6e-06,60.26,8.36,0.0487,4.6e-05,60.0
sag_05_12,sag_sim_05,SAG_0005_3p_heavy_med,5,train,Sag,5,SCENARIO_CONTROLLER,three-phase,"A,B,C",0.6205,98.2,0.0296,0.1278,148,639,0.493251,0.81458,1.651451,0.1779,104.0,60.0,60.0007,12.1,0.676972,0.001204,0.000836,0.000607,0.000649,0.000559,0.000575,0.000776,0.000791,0.000658,0.000653,0.001779,0.001235,0.000897,0.000959,0.000849,0.001168,0.000965,6e-06,60.26,8.35,0.0487,4.5e-05,60.0
sag_05_13,sag_sim_05,SAG_0005_3p_heavy_med,5,train,Sag,5,SCENARIO_CONTROLLER,three-phase,"A,B,C",0.6205,98.2,0.0306,0.1288,153,644,0.493252,0.81458,1.651449,0.1776,104.0,60.0,60.0007,12.1,0.676973,0.001203,0.000836,0.000607,0.000647,0.000557,0.000573,0.000773,0.000789,0.000657,0.000652,0.001777,0.001235,0.000897,0.000956,0.000846,0.001165,0.000963,6e-06,60.26,8.35,0.0487,4.5e-05,60.0
sag_05_14,sag_sim_05,SAG_0005_3p_heavy_med,5,train,Sag,5,SCENARIO_CONTROLLER,three-phase,"A,B,C",0.6205,98.2,0.0316,0.1298,158,649,0.49325,0.81458,1.651453,0.1769,104.0,60.0,60.0007,12.1,0.676972,0.001205,0.000833,0.000603,0.000645,0.000554,0.000569,0.000769,0.000786,0.000653,0.000648,0.00178,0.00123,0.000891,0.000953,0.000841,0.001161,0.000957,6e-06,60.26,8.35,0.0487,4.5e-05,60.0
sag_05_15,sag_sim_05,SAG_0005_3p_heavy_med,5,train,Sag,5,SCENARIO_CONTROLLER,three-phase,"A,B,C",0.6205,98.2,0.0326,0.1308,163,654,0.493251,0.81458,1.651451,0.1771,104.0,60.0,60.0007,12.09,0.676972,0.001205,0.000835,0.000604,0.000646,0.000553,0.000568,0.000766,0.000783,0.00065,0.000646,0.00178,0.001233,0.000892,0.000954,0.000839,0.001157,0.000954,6e-06,60.26,8.35,0.0487,4.5e-05,60.0
sag_05_16,sag_sim_05,SAG_0005_3p_heavy_med,5,train,Sag,5,SCENARIO_CONTROLLER,three-phase,"A,B,C",0.6205,98.2,0.0336,0.1318,168,659,0.493252,0.81458,1.651449,0.1773,104.0,60.0,59.9999,12.09,0.676973,0.001205,0.000838,0.000605,0.000646,0.000553,0.000565,0.000763,0.00078,0.000649,0.000648,0.00178,0.001238,0.000894,0.000954,0.000835,0.001152,0.000957,6e-06,60.26,8.36,0.0487,4.5e-05,60.0
sag_05_17,sag_sim_05,SAG_0005_3p_heavy_med,5,train,Sag,5,SCENARIO_CONTROLLER,three-phase,"A,B,C",0.6205,98.2,0.0346,0.1328,173,664,0.493251,0.81458,1.65145,0.1772,104.0,60.0,59.9999,12.09,0.676972,0.001207,0.000838,0.000603,0.000645,0.000552,0.000566,0.000764,0.00078,0.000649,0.000647,0.001783,0.001238,0.000891,0.000953,0.000836,0.001152,0.000956,6e-06,60.26,8.36,0.0487,4.5e-05,60.0
sag_05_18,sag_sim_05,SAG_0005_3p_heavy_med,5,train,Sag,5,SCENARIO_CONTROLLER,three-phase,"A,B,C",0.6205,98.2,0.0356,0.1338,178,669,0.493251,0.81458,1.651451,0.1773,104.0,60.0,59.9999,12.09,0.676971,0.001208,0.000838,0.000601,0.000643,0.000552,0.000569,0.000764,0.000776,0.000646,0.000653,0.001784,0.001238,0.000888,0.00095,0.000841,0.001146,0.000965,6e-06,60.26,8.36,0.0487,4.6e-05,60.0
sag_05_19,sag_sim_05,SAG_0005_3p_heavy_med,5,train,Sag,5,SCENARIO_CONTROLLER,three-phase,"A,B,C",0.6205,98.2,0.0366,0.1348,183,674,0.493252,0.81458,1.651448,0.1778,104.0,60.0,59.9999,12.09,0.676973,0.001204,0.000843,0.0006,0.000636,0.000551,0.000578,0.00076,0.000767,0.000654,0.000658,0.001779,0.001245,0.000886,0.000939,0.000854,0.001133,0.000972,6e-06,60.26,8.36,0.0487,4.6e-05,60.0
sag_05_20,sag_sim_05,SAG_0005_3p_heavy_med,5,train,Sag,5,SCENARIO_CONTROLLER,three-phase,"A,B,C",0.6205,98.2,0.0376,0.1358,188,679,0.493246,0.81458,1.651469,0.1776,104.0,60.0,59.9999,12.09,0.676966,0.001201,0.000846,0.000599,0.000631,0.000556,0.000576,0.000761,0.000769,0.000649,0.000665,0.001774,0.00125,0.000885,0.000932,0.000851,0.001136,0.000982,6e-06,60.26,8.36,0.0487,4.6e-05,60.0
sag_05_21,sag_sim_05,SAG_0005_3p_heavy_med,5,train,Sag,5,SCENARIO_CONTROLLER,three-phase,"A,B,C",0.6205,98.2,0.0386,0.1368,193,684,0.493251,0.81458,1.65145,0.1775,104.0,60.0,59.9999,12.09,0.676972,0.001206,0.00084,0.000605,0.000632,0.000551,0.000582,0.000755,0.000773,0.000648,0.000663,0.001781,0.001241,0.000894,0.000934,0.00086,0.001142,0.000979,6e-06,60.26,8.36,0.0487,4.6e-05,60.0
sag_05_22,sag_sim_05,SAG_0005_3p_heavy_med,5,train,Sag,5,SCENARIO_CONTROLLER,three-phase,"A,B,C",0.6205,98.2,0.0396,0.1378,198,689,0.493256,0.81458,1.651433,0.1762,104.0,60.0,59.9999,12.09,0.676978,0.001214,0.000837,0.000606,0.000626,0.000558,0.000575,0.000762,0.000765,0.000657,0.000654,0.001793,0.001236,0.000895,0.000925,0.000849,0.00113,0.000966,6e-06,60.26,8.36,0.0487,4.6e-05,60.0
sag_05_23,sag_sim_05,SAG_0005_3p_heavy_med,5,train,Sag,5,SCENARIO_CONTROLLER,three-phase,"A,B,C",0.6205,98.2,0.0406,0.1388,203,694,0.493256,0.81458,1.651434,0.1765,104.0,60.0,59.9999,12.09,0.676977,0.001213,0.000838,0.000605,0.000628,0.000557,0.000576,0.000762,0.000765,0.000658,0.000653,0.001792,0.001238,0.000894,0.000928,0.000851,0.00113,0.000965,6e-06,60.26,8.37,0.0487,4.6e-05,60.0
sag_05_24,sag_sim_05,SAG_0005_3p_heavy_med,5,train,Sag,5,SCENARIO_CONTROLLER,three-phase,"A,B,C",0.6205,98.2,0.0416,0.1398,208,699,0.493257,0.81458,1.651431,0.177,104.0,60.0,59.9999,12.09,0.676978,0.001213,0.000842,0.000603,0.00063,0.000556,0.000574,0.000766,0.000761,0.000661,0.000651,0.001792,0.001244,0.000891,0.000931,0.000848,0.001124,0.000962,6e-06,60.26,8.38,0.0487,4.6e-05,60.0
sag_05_25,sag_sim_05,SAG_0005_3p_heavy_med,5,train,Sag,5,SCENARIO_CONTROLLER,three-phase,"A,B,C",0.6205,98.2,0.0426,0.1408,213,704,0.493257,0.81458,1.651432,0.177,104.0,60.0,59.9999,12.09,0.676978,0.001214,0.00084,0.000603,0.000632,0.000553,0.000577,0.000767,0.000757,0.000664,0.000652,0.001793,0.001241,0.000891,0.000934,0.000852,0.001118,0.000963,6e-06,60.26,8.38,0.0487,4.6e-05,60.0
sag_05_26,sag_sim_05,SAG_0005_3p_heavy_med,5,train,Sag,5,SCENARIO_CONTROLLER,three-phase,"A,B,C",0.6205,98.2,0.0436,0.1418,218,709,0.493252,0.81458,1.651448,0.1764,104.0,60.0,59.9999,12.09,0.676971,0.001203,0.00083,0.000606,0.000637,0.000543,0.000576,0.000777,0.000755,0.000655,0.000656,0.001777,0.001226,0.000895,0.000941,0.000851,0.001115,0.000969,6e-06,60.26,8.38,0.0487,4.6e-05,60.0
sag_05_27,sag_sim_05,SAG_0005_3p_heavy_med,5,train,Sag,5,SCENARIO_CONTROLLER,three-phase,"A,B,C",0.6205,98.2,0.0446,0.1428,223,714,0.49325,0.81458,1.651453,0.1767,104.0,60.0,59.9999,12.09,0.676969,0.001204,0.000831,0.000603,0.000634,0.000548,0.000582,0.000775,0.000746,0.000654,0.000667,0.001779,0.001228,0.000891,0.000937,0.00086,0.001102,0.000985,6e-06,60.26,8.38,0.0487,4.6e-05,60.0
sag_05_28,sag_sim_05,SAG_0005_3p_heavy_med,5,train,Sag,5,SCENARIO_CONTROLLER,three-phase,"A,B,C",0.6205,98.2,0.0456,0.1438,228,719,0.493243,0.81458,1.651477,0.1766,104.0,60.0,59.9999,12.09,0.67696,0.001203,0.00083,0.000597,0.000629,0.000551,0.000587,0.000777,0.000743,0.000652,0.000667,0.001777,0.001226,0.000882,0.000929,0.000867,0.001098,0.000985,6e-06,60.26,8.36,0.0487,4.5e-05,60.0
sag_05_29,sag_sim_05,SAG_0005_3p_heavy_med,5,train,Sag,5,SCENARIO_CONTROLLER,three-phase,"A,B,C",0.6205,98.2,0.0466,0.1448,233,724,0.493245,0.81458,1.65147,0.1765,104.0,60.0,59.9999,12.09,0.676962,0.001202,0.000829,0.000597,0.000631,0.000551,0.000586,0.000774,0.000741,0.000652,0.000672,0.001776,0.001225,0.000882,0.000932,0.000866,0.001095,0.000993,6e-06,60.26,8.36,0.0487,4.5e-05,60.0
sag_05_30,sag_sim_05,SAG_0005_3p_heavy_med,5,train,Sag,5,SCENARIO_CONTROLLER,three-phase,"A,B,C",0.6205,98.2,0.0476,0.1458,238,729,0.493249,0.81458,1.651459,0.1763,104.0,60.0,59.9999,12.09,0.676966,0.001199,0.000822,0.000589,0.00063,0.000554,0.000594,0.000785,0.000757,0.000669,0.000688,0.001771,0.001214,0.00087,0.000931,0.000877,0.001118,0.001016,6e-06,60.26,8.36,0.0487,4.5e-05,60.0
sag_05_31,sag_sim_05,SAG_0005_3p_heavy_med,5,train,Sag,5,SCENARIO_CONTROLLER,three-phase,"A,B,C",0.6205,98.2,0.0486,0.1468,243,734,0.493246,0.81458,1.651466,0.1759,104.0,60.0,59.9999,12.09,0.676964,0.001202,0.000821,0.000586,0.000628,0.000552,0.000592,0.000781,0.000753,0.000664,0.000683,0.001776,0.001213,0.000866,0.000928,0.000874,0.001112,0.001009,6e-06,60.26,8.35,0.0487,4.5e-05,60.0
sag_05_32,sag_sim_05,SAG_0005_3p_heavy_med,5,train,Sag,5,SCENARIO_CONTROLLER,three-phase,"A,B,C",0.6205,98.2,0.0496,0.1478,248,739,0.493253,0.81458,1.651445,0.1793,104.0,60.0,59.9999,12.09,0.676969,0.001197,0.000836,0.000601,0.000644,0.000565,0.000601,0.000783,0.000752,0.000659,0.000676,0.001768,0.001235,0.000888,0.000951,0.000888,0.001111,0.000999,6e-06,60.26,8.35,0.0487,4.5e-05,60.0
sag_06_01,sag_sim_06,SAG_0006_3p_heavy_deep,6,test,Sag,5,SCENARIO_CONTROLLER,three-phase,"A,B,C",0.3892,83.4,0.0202,0.1036,101,518,0.47051,0.814201,1.730465,0.4418,83.8,60.0,59.9994,8.12,0.619347,0.012851,0.002287,0.002714,0.000885,0.001819,0.001214,0.001715,0.000831,0.000933,0.000367,0.020749,0.003693,0.004382,0.001429,0.00196,0.001342,0.000593,0.000188,60.47,10.67,0.0984,5.8e-05,60.0
sag_06_02,sag_sim_06,SAG_0006_3p_heavy_deep,6,test,Sag,5,SCENARIO_CONTROLLER,three-phase,"A,B,C",0.3892,83.4,0.0212,0.1046,106,523,0.470507,0.814201,1.730476,0.4409,83.8,60.0,59.9994,8.12,0.619343,0.012848,0.002282,0.002719,0.000893,0.001817,0.001205,0.00172,0.000843,0.000922,0.000354,0.020745,0.003685,0.00439,0.001442,0.001946,0.001361,0.000572,0.000188,60.47,10.68,0.0984,5.8e-05,60.0
sag_06_03,sag_sim_06,SAG_0006_3p_heavy_deep,6,test,Sag,5,SCENARIO_CONTROLLER,three-phase,"A,B,C",0.3892,83.4,0.0222,0.1056,111,528,0.47051,0.814201,1.730465,0.4417,83.8,60.0,59.9994,8.12,0.619347,0.012852,0.002288,0.002712,0.000888,0.001826,0.001208,0.001715,0.000853,0.000917,0.000344,0.020751,0.003694,0.004379,0.001434,0.00195,0.001377,0.000555,0.000188,60.47,10.68,0.0984,5.7e-05,60.0
sag_06_04,sag_sim_06,SAG_0006_3p_heavy_deep,6,test,Sag,5,SCENARIO_CONTROLLER,three-phase,"A,B,C",0.3892,83.4,0.0232,0.1066,116,533,0.470511,0.814201,1.730461,0.442,83.8,60.0,59.9994,8.12,0.619349,0.012855,0.002291,0.002712,0.000892,0.001822,0.001204,0.001718,0.000846,0.000924,0.000343,0.020756,0.003699,0.004379,0.00144,0.001944,0.001366,0.000554,0.000188,60.47,10.68,0.0984,5.8e-05,60.0
sag_06_05,sag_sim_06,SAG_0006_3p_heavy_deep,6,test,Sag,5,SCENARIO_CONTROLLER,three-phase,"A,B,C",0.3892,83.4,0.0242,0.1076,121,538,0.470506,0.814201,1.730478,0.4422,83.8,60.0,59.9994,8.12,0.619343,0.012852,0.002295,0.002705,0.000894,0.001821,0.001197,0.001723,0.000838,0.000932,0.000338,0.020751,0.003706,0.004368,0.001443,0.001933,0.001353,0.000546,0.000188,60.47,10.68,0.0984,5.8e-05,60.0
sag_06_06,sag_sim_06,SAG_0006_3p_heavy_deep,6,test,Sag,5,SCENARIO_CONTROLLER,three-phase,"A,B,C",0.3892,83.4,0.0252,0.1086,126,543,0.470503,0.814201,1.730492,0.4427,83.8,60.0,59.9994,8.12,0.619339,0.012857,0.002298,0.002711,0.000894,0.001823,0.001199,0.001725,0.000838,0.000933,0.000338,0.020759,0.00371,0.004377,0.001443,0.001936,0.001353,0.000546,0.000188,60.47,10.68,0.0984,5.9e-05,60.0
sag_06_07,sag_sim_06,SAG_0006_3p_heavy_deep,6,test,Sag,5,SCENARIO_CONTROLLER,three-phase,"A,B,C",0.3892,83.4,0.0262,0.1096,131,548,0.470502,0.814201,1.730494,0.4425,83.8,60.0,59.9994,8.12,0.619339,0.012858,0.002298,0.002712,0.000893,0.001824,0.001198,0.001725,0.000838,0.000933,0.000338,0.020761,0.00371,0.004379,0.001442,0.001934,0.001353,0.000546,0.000188,60.47,10.68,0.0984,5.8e-05,60.0
sag_06_08,sag_sim_06,SAG_0006_3p_heavy_deep,6,test,Sag,5,SCENARIO_CONTROLLER,three-phase,"A,B,C",0.3892,83.4,0.0272,0.1106,136,553,0.470502,0.814201,1.730494,0.4424,83.8,60.0,60.0015,8.12,0.619339,0.012861,0.002294,0.002708,0.000896,0.00182,0.001202,0.001727,0.000835,0.000937,0.000335,0.020766,0.003704,0.004372,0.001447,0.001941,0.001348,0.000541,0.000188,60.47,10.68,0.0984,5.9e-05,60.0
sag_06_09,sag_sim_06,SAG_0006_3p_heavy_deep,6,test,Sag,5,SCENARIO_CONTROLLER,three-phase,"A,B,C",0.3892,83.4,0.0282,0.1116,141,558,0.470499,0.814201,1.730505,0.4431,83.8,60.0,60.0015,8.12,0.619335,0.012858,0.002299,0.002718,0.000887,0.001817,0.001207,0.001723,0.000835,0.000944,0.00033,0.020761,0.003712,0.004389,0.001432,0.001949,0.001348,0.000533,0.000188,60.47,10.68,0.0984,5.9e-05,60.0
sag_06_10,sag_sim_06,SAG_0006_3p_heavy_deep,6,test,Sag,5,SCENARIO_CONTROLLER,three-phase,"A,B,C",0.3892,83.4,0.0292,0.1126,146,563,0.470507,0.814201,1.730476,0.445,83.8,60.0,60.0015,8.12,0.619345,0.012848,0.002311,0.00273,0.000875,0.001806,0.001221,0.001736,0.000824,0.000929,0.000339,0.020744,0.003731,0.004408,0.001413,0.001971,0.00133,0.000547,0.000188,60.47,10.68,0.0984,5.8e-05,60.0
sag_06_11,sag_sim_06,SAG_0006_3p_heavy_deep,6,test,Sag,5,SCENARIO_CONTROLLER,three-phase,"A,B,C",0.3892,83.4,0.0302,0.1136,151,568,0.470497,0.814201,1.730511,0.4432,83.8,60.0,60.0015,8.12,0.619333,0.01286,0.002298,0.002717,0.000881,0.001819,0.001216,0.001727,0.000817,0.00093,0.00035,0.020764,0.00371,0.004387,0.001422,0.001963,0.001319,0.000565,0.000188,60.47,10.68,0.0984,5.8e-05,60.0
sag_06_12,sag_sim_06,SAG_0006_3p_heavy_deep,6,test,Sag,5,SCENARIO_CONTROLLER,three-phase,"A,B,C",0.3892,83.4,0.0312,0.1146,156,573,0.4705,0.814201,1.730501,0.4433,83.8,60.0,60.0015,8.12,0.619336,0.012857,0.002299,0.002717,0.000884,0.001821,0.001213,0.001724,0.000816,0.00093,0.000352,0.020759,0.003712,0.004387,0.001427,0.001959,0.001318,0.000568,0.000188,60.47,10.68,0.0984,5.8e-05,60.0
sag_06_13,sag_sim_06,SAG_0006_3p_heavy_deep,6,test,Sag,5,SCENARIO_CONTROLLER,three-phase,"A,B,C",0.3892,83.4,0.0322,0.1156,161,578,0.470498,0.814201,1.730508,0.4427,83.8,60.0,60.0015,8.12,0.619334,0.01286,0.002299,0.00272,0.000879,0.001815,0.001209,0.001717,0.000817,0.00093,0.000359,0.020764,0.003712,0.004392,0.001419,0.001952,0.001319,0.00058,0.000188,60.47,10.68,0.0984,5.9e-05,60.0
sag_06_14,sag_sim_06,SAG_0006_3p_heavy_deep,6,test,Sag,5,SCENARIO_CONTROLLER,three-phase,"A,B,C",0.3892,83.4,0.0332,0.1166,166,583,0.470494,0.814201,1.730525,0.444,83.8,60.0,60.0015,8.12,0.619329,0.012859,0.002305,0.002721,0.000885,0.001821,0.001211,0.001723,0.000818,0.000933,0.000357,0.020763,0.003722,0.004393,0.001429,0.001955,0.001321,0.000576,0.000188,60.47,10.68,0.0984,5.7e-05,60.0
sag_06_15,sag_sim_06,SAG_0006_3p_heavy_deep,6,test,Sag,5,SCENARIO_CONTROLLER,three-phase,"A,B,C",0.3892,83.4,0.0342,0.1176,171,588,0.470495,0.814201,1.730521,0.4449,83.8,60.0,60.0015,8.12,0.61933,0.012863,0.002307,0.002724,0.000889,0.001823,0.001215,0.001721,0.000817,0.000928,0.000352,0.020769,0.003725,0.004398,0.001435,0.001962,0.001319,0.000568,0.000188,60.47,10.68,0.0984,5.8e-05,60.0
sag_06_16,sag_sim_06,SAG_0006_3p_heavy_deep,6,test,Sag,5,SCENARIO_CONTROLLER,three-phase,"A,B,C",0.3892,83.4,0.0352,0.1186,176,593,0.470496,0.814201,1.730516,0.4455,83.8,60.0,60.0,8.12,0.619331,0.012864,0.002306,0.00273,0.000897,0.001828,0.001221,0.001712,0.000806,0.00092,0.000347,0.020771,0.003723,0.004408,0.001448,0.001971,0.001301,0.00056,0.000188,60.47,10.69,0.0984,5.8e-05,60.0
sag_06_17,sag_sim_06,SAG_0006_3p_heavy_deep,6,test,Sag,5,SCENARIO_CONTROLLER,three-phase,"A,B,C",0.3892,83.4,0.0362,0.1196,181,598,0.470498,0.814201,1.73051,0.4451,83.8,60.0,60.0,8.12,0.619335,0.012855,0.002293,0.002743,0.00091,0.001836,0.001229,0.001699,0.000793,0.00092,0.000352,0.020756,0.003702,0.004429,0.001469,0.001984,0.00128,0.000568,0.000188,60.47,10.68,0.0984,5.8e-05,60.0
sag_06_18,sag_sim_06,SAG_0006_3p_heavy_deep,6,test,Sag,5,SCENARIO_CONTROLLER,three-phase,"A,B,C",0.3892,83.4,0.0372,0.1206,186,603,0.470496,0.814201,1.730518,0.4453,83.8,60.0,60.0,8.12,0.619332,0.012854,0.002293,0.002742,0.000909,0.001841,0.001233,0.001696,0.000788,0.000921,0.000357,0.020755,0.003702,0.004427,0.001468,0.001991,0.001272,0.000576,0.000188,60.47,10.68,0.0984,5.8e-05,60.0
sag_06_19,sag_sim_06,SAG_0006_3p_heavy_deep,6,test,Sag,5,SCENARIO_CONTROLLER,three-phase,"A,B,C",0.3892,83.4,0.0382,0.1216,191,608,0.470499,0.814201,1.730504,0.4462,83.8,60.0,60.0,8.12,0.619336,0.012859,0.002299,0.002736,0.000903,0.001846,0.00124,0.001688,0.000784,0.000929,0.000358,0.020763,0.003712,0.004418,0.001458,0.002002,0.001266,0.000578,0.000188,60.47,10.67,0.0984,5.8e-05,60.0
sag_06_20,sag_sim_06,SAG_0006_3p_heavy_deep,6,test,Sag,5,SCENARIO_CONTROLLER,three-phase,"A,B,C",0.3892,83.4,0.0392,0.1226,196,613,0.470511,0.814201,1.73046,0.447,83.8,60.0,60.0,8.12,0.619351,0.012873,0.002307,0.002734,0.000913,0.001845,0.001228,0.001699,0.000787,0.000923,0.000364,0.020785,0.003725,0.004414,0.001474,0.001983,0.001271,0.000588,0.000189,60.47,10.67,0.0984,5.7e-05,60.0
sag_06_21,sag_sim_06,SAG_0006_3p_heavy_deep,6,test,Sag,5,SCENARIO_CONTROLLER,three-phase,"A,B,C",0.3892,83.4,0.0402,0.1236,201,618,0.470516,0.814201,1.730445,0.4465,83.8,60.0,60.0,8.12,0.619356,0.012873,0.0023,0.00274,0.000907,0.001849,0.001239,0.001691,0.000802,0.000907,0.000369,0.020784,0.003714,0.004424,0.001464,0.002,0.001295,0.000596,0.000189,60.47,10.66,0.0984,5.7e-05,60.0
sag_06_22,sag_sim_06,SAG_0006_3p_heavy_deep,6,test,Sag,5,SCENARIO_CONTROLLER,three-phase,"A,B,C",0.3892,83.4,0.0412,0.1246,206,623,0.47052,0.814201,1.730428,0.4453,83.8,60.0,60.0,8.12,0.619361,0.012872,0.002294,0.00274,0.000903,0.001853,0.001236,0.001693,0.0008,0.000908,0.000367,0.020783,0.003704,0.004424,0.001458,0.001996,0.001292,0.000593,0.000189,60.47,10.67,0.0984,5.7e-05,60.0
sag_06_23,sag_sim_06,SAG_0006_3p_heavy_deep,6,test,Sag,5,SCENARIO_CONTROLLER,three-phase,"A,B,C",0.3892,83.4,0.0422,0.1256,211,628,0.470524,0.814201,1.730412,0.4447,83.8,60.0,60.0,8.12,0.619365,0.012867,0.002291,0.002734,0.000903,0.001851,0.001234,0.00169,0.000799,0.000906,0.000368,0.020775,0.003699,0.004414,0.001458,0.001992,0.00129,0.000594,0.000188,60.47,10.67,0.0984,5.7e-05,60.0
sag_06_24,sag_sim_06,SAG_0006_3p_heavy_deep,6,test,Sag,5,SCENARIO_CONTROLLER,three-phase,"A,B,C",0.3892,83.4,0.0432,0.1266,216,633,0.470525,0.814201,1.730411,0.4449,83.8,60.0,60.0,8.12,0.619365,0.012865,0.002293,0.002735,0.000903,0.001851,0.001233,0.00169,0.000799,0.000905,0.000369,0.020771,0.003702,0.004416,0.001458,0.001991,0.00129,0.000596,0.000188,60.47,10.66,0.0984,5.7e-05,60.0
sag_06_25,sag_sim_06,SAG_0006_3p_heavy_deep,6,test,Sag,5,SCENARIO_CONTROLLER,three-phase,"A,B,C",0.3892,83.4,0.0442,0.1276,221,638,0.470526,0.814201,1.730407,0.4446,83.8,60.0,60.0,8.12,0.619367,0.012867,0.00229,0.00273,0.000907,0.001852,0.001231,0.001693,0.000799,0.000901,0.000371,0.020774,0.003697,0.004408,0.001464,0.001988,0.00129,0.000599,0.000188,60.47,10.66,0.0984,5.7e-05,60.0
sag_06_26,sag_sim_06,SAG_0006_3p_heavy_deep,6,test,Sag,5,SCENARIO_CONTROLLER,three-phase,"A,B,C",0.3892,83.4,0.0452,0.1286,226,643,0.470522,0.814201,1.730421,0.4451,83.8,60.0,60.0,8.12,0.619361,0.012867,0.00229,0.002734,0.000905,0.001844,0.001239,0.001697,0.000794,0.0009,0.000374,0.020775,0.003697,0.004414,0.001461,0.002,0.001282,0.000604,0.000188,60.47,10.67,0.0984,5.7e-05,60.0
sag_06_27,sag_sim_06,SAG_0006_3p_heavy_deep,6,test,Sag,5,SCENARIO_CONTROLLER,three-phase,"A,B,C",0.3892,83.4,0.0462,0.1296,231,648,0.470518,0.814201,1.730435,0.4445,83.8,60.0,60.0,8.12,0.619357,0.012871,0.002286,0.00273,0.000907,0.001848,0.001238,0.001695,0.00079,0.000899,0.000382,0.020781,0.003691,0.004408,0.001464,0.001999,0.001276,0.000617,0.000189,60.47,10.68,0.0984,5.7e-05,60.0
sag_06_28,sag_sim_06,SAG_0006_3p_heavy_deep,6,test,Sag,5,SCENARIO_CONTROLLER,three-phase,"A,B,C",0.3892,83.4,0.0472,0.1306,236,653,0.470524,0.814201,1.730415,0.4447,83.8,60.0,60.0,8.12,0.619363,0.012865,0.002289,0.00273,0.000913,0.001851,0.001232,0.001689,0.000789,0.000901,0.000386,0.020771,0.003696,0.004408,0.001474,0.001989,0.001274,0.000623,0.000188,60.47,10.68,0.0984,5.8e-05,60.0
sag_06_29,sag_sim_06,SAG_0006_3p_heavy_deep,6,test,Sag,5,SCENARIO_CONTROLLER,three-phase,"A,B,C",0.3892,83.4,0.0482,0.1316,241,658,0.470514,0.814201,1.730451,0.4446,83.8,60.0,60.0,8.12,0.619352,0.012873,0.002293,0.00274,0.000907,0.001842,0.001226,0.001682,0.000793,0.000904,0.000393,0.020785,0.003702,0.004424,0.001464,0.001979,0.00128,0.000635,0.000189,60.47,10.67,0.0984,5.7e-05,60.0
sag_06_30,sag_sim_06,SAG_0006_3p_heavy_deep,6,test,Sag,5,SCENARIO_CONTROLLER,three-phase,"A,B,C",0.3892,83.4,0.0492,0.1326,246,663,0.470515,0.814201,1.730448,0.4438,83.8,60.0,60.0,8.12,0.619353,0.012874,0.002291,0.002742,0.000904,0.001839,0.001221,0.001677,0.000788,0.000898,0.00039,0.020786,0.003699,0.004427,0.00146,0.001971,0.001272,0.00063,0.000189,60.47,10.67,0.0984,5.7e-05,60.0
sag_06_31,sag_sim_06,SAG_0006_3p_heavy_deep,6,test,Sag,5,SCENARIO_CONTROLLER,three-phase,"A,B,C",0.3892,83.4,0.0502,0.1336,251,668,0.470512,0.814201,1.730458,0.4438,83.8,60.0,60.0,8.12,0.61935,0.01287,0.002292,0.002736,0.000901,0.001833,0.00122,0.00167,0.000783,0.00089,0.000383,0.02078,0.003701,0.004418,0.001455,0.00197,0.001264,0.000618,0.000188,60.47,10.67,0.0984,5.7e-05,60.0
sag_06_32,sag_sim_06,SAG_0006_3p_heavy_deep,6,test,Sag,5,SCENARIO_CONTROLLER,three-phase,"A,B,C",0.3892,83.4,0.0512,0.1346,256,673,0.47051,0.814201,1.730464,0.4434,83.8,60.0,60.0,8.12,0.619348,0.012867,0.002292,0.002732,0.000898,0.00183,0.001217,0.001668,0.000782,0.000892,0.000384,0.020775,0.003701,0.004411,0.00145,0.001965,0.001263,0.00062,0.000188,60.47,10.67,0.0984,5.8e-05,60.0
sag_07_01,sag_sim_07,SAG_0007_3p_heavy_shallow,7,train,Sag,5,SCENARIO_CONTROLLER,three-phase,"A,B,C",0.7468,118.6,0.0218,0.1404,109,702,0.487873,0.782252,1.603394,0.174,129.4,60.0,59.9996,16.17,0.681781,0.006941,0.000747,0.001297,0.000563,0.00087,0.00073,0.000726,0.000524,0.000467,0.000678,0.010181,0.001096,0.001902,0.000826,0.001071,0.000769,0.000994,5.4e-05,60.13,6.57,0.0243,3.5e-05,60.0
sag_07_02,sag_sim_07,SAG_0007_3p_heavy_shallow,7,train,Sag,5,SCENARIO_CONTROLLER,three-phase,"A,B,C",0.7468,118.6,0.0228,0.1414,114,707,0.487874,0.782252,1.603389,0.1737,129.4,60.0,59.9996,16.17,0.681783,0.006943,0.000745,0.001294,0.000563,0.000874,0.000728,0.000722,0.000528,0.00047,0.000674,0.010184,0.001093,0.001898,0.000826,0.001068,0.000774,0.000989,5.4e-05,60.13,6.58,0.0243,3.5e-05,60.0
sag_07_03,sag_sim_07,SAG_0007_3p_heavy_shallow,7,train,Sag,5,SCENARIO_CONTROLLER,three-phase,"A,B,C",0.7468,118.6,0.0238,0.1424,119,712,0.487882,0.782252,1.603363,0.173,129.4,60.0,59.9996,16.17,0.681793,0.006952,0.00074,0.001284,0.00057,0.000881,0.00072,0.000723,0.00053,0.000465,0.000675,0.010197,0.001085,0.001883,0.000836,0.001056,0.000777,0.00099,5.4e-05,60.13,6.58,0.0243,3.6e-05,60.0
sag_07_04,sag_sim_07,SAG_0007_3p_heavy_shallow,7,train,Sag,5,SCENARIO_CONTROLLER,three-phase,"A,B,C",0.7468,118.6,0.0248,0.1434,124,717,0.487882,0.782252,1.603362,0.1728,129.4,60.0,59.9996,16.17,0.681794,0.006952,0.00074,0.001287,0.000567,0.00088,0.000721,0.000719,0.000535,0.000462,0.000677,0.010197,0.001085,0.001888,0.000832,0.001058,0.000785,0.000993,5.4e-05,60.13,6.58,0.0243,3.6e-05,60.0
sag_07_05,sag_sim_07,SAG_0007_3p_heavy_shallow,7,train,Sag,5,SCENARIO_CONTROLLER,three-phase,"A,B,C",0.7468,118.6,0.0258,0.1444,129,722,0.487875,0.782252,1.603385,0.174,129.4,60.0,59.9996,16.17,0.681786,0.006947,0.000742,0.001278,0.000575,0.000878,0.000725,0.000719,0.000536,0.000464,0.000676,0.010189,0.001088,0.001874,0.000843,0.001063,0.000786,0.000992,5.4e-05,60.13,6.57,0.0243,3.6e-05,60.0
sag_07_06,sag_sim_07,SAG_0007_3p_heavy_shallow,7,train,Sag,5,SCENARIO_CONTROLLER,three-phase,"A,B,C",0.7468,118.6,0.0268,0.1454,134,727,0.487873,0.782252,1.603394,0.1728,129.4,60.0,59.9996,16.17,0.681783,0.00695,0.000737,0.00128,0.000571,0.000878,0.00072,0.000722,0.00053,0.000468,0.00067,0.010194,0.001081,0.001877,0.000838,0.001056,0.000777,0.000983,5.4e-05,60.13,6.59,0.0243,3.6e-05,60.0
sag_07_07,sag_sim_07,SAG_0007_3p_heavy_shallow,7,train,Sag,5,SCENARIO_CONTROLLER,three-phase,"A,B,C",0.7468,118.6,0.0278,0.1464,139,732,0.487872,0.782252,1.603396,0.1723,129.4,60.0,59.9996,16.18,0.681782,0.006951,0.000735,0.001282,0.000569,0.000881,0.000719,0.000724,0.000533,0.000465,0.000675,0.010195,0.001078,0.00188,0.000835,0.001055,0.000782,0.00099,5.4e-05,60.13,6.6,0.0243,3.6e-05,60.0
sag_07_08,sag_sim_07,SAG_0007_3p_heavy_shallow,7,train,Sag,5,SCENARIO_CONTROLLER,three-phase,"A,B,C",0.7468,118.6,0.0288,0.1474,144,737,0.487872,0.782252,1.603395,0.1725,129.4,60.0,60.002,16.18,0.681782,0.006951,0.000736,0.001282,0.00057,0.00088,0.000719,0.000724,0.000531,0.000468,0.000674,0.010195,0.00108,0.00188,0.000836,0.001055,0.000779,0.000989,5.4e-05,60.13,6.6,0.0243,3.6e-05,60.0
sag_07_09,sag_sim_07,SAG_0007_3p_heavy_shallow,7,train,Sag,5,SCENARIO_CONTROLLER,three-phase,"A,B,C",0.7468,118.6,0.0298,0.1484,149,742,0.487876,0.782252,1.603383,0.173,129.4,60.0,60.002,16.18,0.681788,0.006958,0.000746,0.001271,0.000574,0.00088,0.000711,0.000727,0.000536,0.000464,0.000673,0.010206,0.001094,0.001864,0.000842,0.001043,0.000786,0.000987,5.4e-05,60.13,6.6,0.0243,3.6e-05,60.0
sag_07_10,sag_sim_07,SAG_0007_3p_heavy_shallow,7,train,Sag,5,SCENARIO_CONTROLLER,three-phase,"A,B,C",0.7468,118.6,0.0308,0.1494,154,747,0.487875,0.782252,1.603386,0.1728,129.4,60.0,60.002,16.18,0.681787,0.006958,0.000744,0.001272,0.000575,0.000878,0.00071,0.000729,0.000538,0.000462,0.000671,0.010206,0.001091,0.001866,0.000843,0.001041,0.000789,0.000984,5.4e-05,60.13,6.6,0.0243,3.6e-05,60.0
sag_07_11,sag_sim_07,SAG_0007_3p_heavy_shallow,7,train,Sag,5,SCENARIO_CONTROLLER,three-phase,"A,B,C",0.7468,118.6,0.0318,0.1504,159,752,0.487867,0.782252,1.603413,0.1733,129.4,60.0,60.002,16.18,0.681776,0.006966,0.000747,0.001264,0.000573,0.000884,0.000714,0.000728,0.000537,0.00046,0.000667,0.010217,0.001096,0.001854,0.00084,0.001047,0.000788,0.000978,5.4e-05,60.13,6.59,0.0243,3.5e-05,60.0
sag_07_12,sag_sim_07,SAG_0007_3p_heavy_shallow,7,train,Sag,5,SCENARIO_CONTROLLER,three-phase,"A,B,C",0.7468,118.6,0.0328,0.1514,164,757,0.487856,0.782252,1.603448,0.173,129.4,60.0,60.002,16.18,0.681763,0.006979,0.00076,0.001264,0.000565,0.000872,0.000702,0.000731,0.000542,0.000474,0.000678,0.010237,0.001115,0.001854,0.000829,0.00103,0.000795,0.000994,5.4e-05,60.13,6.59,0.0243,3.6e-05,60.0
sag_07_13,sag_sim_07,SAG_0007_3p_heavy_shallow,7,train,Sag,5,SCENARIO_CONTROLLER,three-phase,"A,B,C",0.7468,118.6,0.0338,0.1524,169,762,0.487866,0.782252,1.603418,0.1718,129.4,60.0,60.002,16.18,0.681774,0.006971,0.000754,0.001254,0.000557,0.000875,0.000702,0.000736,0.000546,0.000479,0.000682,0.010225,0.001106,0.001839,0.000817,0.00103,0.000801,0.001,5.4e-05,60.13,6.6,0.0243,3.5e-05,60.0
sag_07_14,sag_sim_07,SAG_0007_3p_heavy_shallow,7,train,Sag,5,SCENARIO_CONTROLLER,three-phase,"A,B,C",0.7468,118.6,0.0348,0.1534,174,767,0.487871,0.782252,1.6034,0.1712,129.4,60.0,60.002,16.18,0.68178,0.00697,0.000756,0.001248,0.000553,0.000869,0.000697,0.000732,0.000542,0.000478,0.000681,0.010223,0.001109,0.001831,0.000811,0.001022,0.000795,0.000999,5.4e-05,60.13,6.59,0.0243,3.5e-05,60.0
sag_07_15,sag_sim_07,SAG_0007_3p_heavy_shallow,7,train,Sag,5,SCENARIO_CONTROLLER,three-phase,"A,B,C",0.7468,118.6,0.0358,0.1544,179,772,0.487867,0.782252,1.603414,0.1693,129.4,60.0,60.002,16.18,0.681776,0.006965,0.000747,0.001244,0.000546,0.000866,0.00069,0.000726,0.000536,0.000472,0.000676,0.010216,0.001096,0.001825,0.000801,0.001012,0.000786,0.000992,5.4e-05,60.13,6.6,0.0243,3.6e-05,60.0
sag_07_16,sag_sim_07,SAG_0007_3p_heavy_shallow,7,train,Sag,5,SCENARIO_CONTROLLER,three-phase,"A,B,C",0.7468,118.6,0.0368,0.1554,184,777,0.487866,0.782252,1.603417,0.1697,129.4,60.0,59.9999,16.18,0.681776,0.006955,0.000743,0.001237,0.000547,0.000866,0.000698,0.000734,0.000537,0.000474,0.000673,0.010201,0.00109,0.001814,0.000802,0.001024,0.000788,0.000987,5.3e-05,60.13,6.6,0.0243,3.6e-05,60.0
sag_07_17,sag_sim_07,SAG_0007_3p_heavy_shallow,7,train,Sag,5,SCENARIO_CONTROLLER,three-phase,"A,B,C",0.7468,118.6,0.0378,0.1564,189,782,0.487866,0.782252,1.603417,0.1696,129.4,60.0,59.9999,16.18,0.681776,0.006957,0.000742,0.001236,0.000543,0.000862,0.0007,0.000739,0.000539,0.000472,0.000664,0.010204,0.001088,0.001813,0.000796,0.001027,0.000791,0.000974,5.4e-05,60.13,6.59,0.0243,3.6e-05,60.0
sag_07_18,sag_sim_07,SAG_0007_3p_heavy_shallow,7,train,Sag,5,SCENARIO_CONTROLLER,three-phase,"A,B,C",0.7468,118.6,0.0388,0.1574,194,787,0.48787,0.782252,1.603402,0.1703,129.4,60.0,59.9999,16.18,0.681782,0.006959,0.000748,0.001237,0.000534,0.000856,0.00071,0.000744,0.000529,0.000467,0.000675,0.010207,0.001097,0.001814,0.000783,0.001041,0.000776,0.00099,5.4e-05,60.13,6.59,0.0243,3.6e-05,60.0
sag_07_19,sag_sim_07,SAG_0007_3p_heavy_shallow,7,train,Sag,5,SCENARIO_CONTROLLER,three-phase,"A,B,C",0.7468,118.6,0.0398,0.1584,199,792,0.48787,0.782252,1.603402,0.1701,129.4,60.0,59.9999,16.18,0.681782,0.00696,0.000747,0.001236,0.000536,0.000858,0.000707,0.000744,0.000531,0.000465,0.000673,0.010209,0.001096,0.001813,0.000786,0.001037,0.000779,0.000987,5.4e-05,60.13,6.59,0.0243,3.6e-05,60.0
sag_07_20,sag_sim_07,SAG_0007_3p_heavy_shallow,7,train,Sag,5,SCENARIO_CONTROLLER,three-phase,"A,B,C",0.7468,118.6,0.0408,0.1594,204,797,0.48787,0.782252,1.603404,0.1706,129.4,60.0,59.9999,16.18,0.681782,0.006959,0.000745,0.00124,0.000536,0.000851,0.000714,0.000747,0.000526,0.000473,0.00067,0.010207,0.001093,0.001819,0.000786,0.001047,0.000772,0.000983,5.4e-05,60.13,6.59,0.0243,3.6e-05,60.0
sag_07_21,sag_sim_07,SAG_0007_3p_heavy_shallow,7,train,Sag,5,SCENARIO_CONTROLLER,three-phase,"A,B,C",0.7468,118.6,0.0418,0.1604,209,802,0.487871,0.782252,1.603401,0.1705,129.4,60.0,59.9999,16.18,0.681782,0.00696,0.000745,0.001239,0.000537,0.000851,0.000714,0.000749,0.000523,0.000474,0.000669,0.010209,0.001093,0.001817,0.000788,0.001047,0.000767,0.000981,5.4e-05,60.13,6.59,0.0243,3.6e-05,60.0
sag_07_22,sag_sim_07,SAG_0007_3p_heavy_shallow,7,train,Sag,5,SCENARIO_CONTROLLER,three-phase,"A,B,C",0.7468,118.6,0.0428,0.1614,214,807,0.487865,0.782252,1.60342,0.1708,129.4,60.0,59.9999,16.18,0.681776,0.006961,0.000739,0.001235,0.00054,0.000841,0.00072,0.000738,0.000529,0.000463,0.000679,0.01021,0.001084,0.001811,0.000792,0.001056,0.000776,0.000996,5.4e-05,60.13,6.6,0.0243,3.6e-05,60.0
sag_07_23,sag_sim_07,SAG_0007_3p_heavy_shallow,7,train,Sag,5,SCENARIO_CONTROLLER,three-phase,"A,B,C",0.7468,118.6,0.0438,0.1624,219,812,0.487868,0.782252,1.603409,0.1735,129.4,60.0,59.9999,16.18,0.681779,0.006955,0.000749,0.001228,0.00055,0.000834,0.000732,0.000726,0.000541,0.000449,0.000692,0.010201,0.001099,0.001801,0.000807,0.001074,0.000794,0.001015,5.3e-05,60.13,6.57,0.0243,3.6e-05,60.0
sag_07_24,sag_sim_07,SAG_0007_3p_heavy_shallow,7,train,Sag,5,SCENARIO_CONTROLLER,three-phase,"A,B,C",0.7468,118.6,0.0448,0.1634,224,817,0.487868,0.782252,1.60341,0.1738,129.4,60.0,59.9999,16.18,0.68178,0.006959,0.000747,0.00123,0.000551,0.000834,0.000737,0.000721,0.000544,0.000446,0.00069,0.010207,0.001096,0.001804,0.000808,0.001081,0.000798,0.001012,5.4e-05,60.13,6.57,0.0243,3.6e-05,60.0
sag_07_25,sag_sim_07,SAG_0007_3p_heavy_shallow,7,train,Sag,5,SCENARIO_CONTROLLER,three-phase,"A,B,C",0.7468,118.6,0.0458,0.1644,229,822,0.487868,0.782252,1.60341,0.1746,129.4,60.0,59.9998,16.18,0.68178,0.006965,0.000747,0.001231,0.000556,0.000829,0.000741,0.000719,0.000537,0.000454,0.000687,0.010216,0.001096,0.001806,0.000816,0.001087,0.000788,0.001008,5.4e-05,60.13,6.57,0.0243,3.6e-05,60.0
sag_07_26,sag_sim_07,SAG_0007_3p_heavy_shallow,7,train,Sag,5,SCENARIO_CONTROLLER,three-phase,"A,B,C",0.7468,118.6,0.0468,0.1654,234,827,0.487864,0.782252,1.603424,0.174,129.4,60.0,59.9998,16.18,0.681774,0.006963,0.000737,0.00124,0.000561,0.000821,0.00074,0.000726,0.000536,0.000448,0.000693,0.010213,0.001081,0.001819,0.000823,0.001085,0.000786,0.001016,5.4e-05,60.13,6.57,0.0243,3.6e-05,60.0
sag_07_27,sag_sim_07,SAG_0007_3p_heavy_shallow,7,train,Sag,5,SCENARIO_CONTROLLER,three-phase,"A,B,C",0.7468,118.6,0.0478,0.1664,239,832,0.487859,0.782252,1.60344,0.1737,129.4,60.0,59.9998,16.18,0.681767,0.006966,0.000734,0.001238,0.000566,0.000819,0.000737,0.000726,0.000538,0.000447,0.000691,0.010218,0.001077,0.001816,0.00083,0.001081,0.000789,0.001014,5.4e-05,60.13,6.57,0.0243,3.5e-05,60.0
sag_07_28,sag_sim_07,SAG_0007_3p_heavy_shallow,7,train,Sag,5,SCENARIO_CONTROLLER,three-phase,"A,B,C",0.7468,118.6,0.0488,0.1674,244,837,0.487854,0.782252,1.603454,0.1743,129.4,60.0,59.9998,16.18,0.681761,0.00697,0.000734,0.001232,0.000567,0.000828,0.000743,0.000717,0.000526,0.000447,0.000699,0.010224,0.001077,0.001807,0.000832,0.00109,0.000772,0.001025,5.4e-05,60.13,6.57,0.0243,3.5e-05,60.0
sag_07_29,sag_sim_07,SAG_0007_3p_heavy_shallow,7,train,Sag,5,SCENARIO_CONTROLLER,three-phase,"A,B,C",0.7468,118.6,0.0498,0.1684,249,842,0.487855,0.781321,1.601545,0.1743,129.4,60.0,59.9998,16.18,0.681762,0.006969,0.000733,0.001237,0.000573,0.000825,0.000739,0.000708,0.000517,0.000446,0.000702,0.010222,0.001075,0.001814,0.00084,0.001084,0.000758,0.00103,5.4e-05,60.13,6.58,0.0243,3.5e-05,60.0
sag_07_30,sag_sim_07,SAG_0007_3p_heavy_shallow,7,train,Sag,5,SCENARIO_CONTROLLER,three-phase,"A,B,C",0.7468,118.6,0.0508,0.1694,254,847,0.48786,0.781321,1.601526,0.1737,129.4,60.0,59.9998,16.18,0.681768,0.006964,0.000729,0.001231,0.000568,0.000827,0.000741,0.000714,0.000523,0.000452,0.000708,0.010215,0.001069,0.001806,0.000833,0.001087,0.000767,0.001038,5.4e-05,60.13,6.58,0.0243,3.4e-05,60.0
sag_07_31,sag_sim_07,SAG_0007_3p_heavy_shallow,7,train,Sag,5,SCENARIO_CONTROLLER,three-phase,"A,B,C",0.7468,118.6,0.0518,0.1704,259,852,0.487855,0.781321,1.601542,0.1723,129.4,60.0,59.9998,16.18,0.681763,0.00696,0.000721,0.001229,0.000564,0.000828,0.000736,0.000711,0.000518,0.000449,0.000705,0.010209,0.001058,0.001803,0.000827,0.00108,0.00076,0.001034,5.3e-05,60.13,6.58,0.0243,3.4e-05,60.0
sag_07_32,sag_sim_07,SAG_0007_3p_heavy_shallow,7,train,Sag,5,SCENARIO_CONTROLLER,three-phase,"A,B,C",0.7468,118.6,0.0528,0.1714,264,857,0.487853,0.781321,1.60155,0.1715,129.4,60.0,59.9998,16.18,0.681762,0.00695,0.000713,0.001219,0.000558,0.000821,0.00074,0.000716,0.000527,0.000458,0.000709,0.010194,0.001046,0.001788,0.000818,0.001085,0.000773,0.00104,5.3e-05,60.13,6.57,0.0243,3.4e-05,60.0
sag_08_01,sag_sim_08,SAG_0008_3p_highpf_med,8,train,Sag,5,SCENARIO_CONTROLLER,three-phase,"A,B,C",0.4994,62.6,0.0178,0.0804,89,402,0.563789,0.898537,1.593747,0.3137,60.2,60.0,59.9992,10.96,0.76716,0.013474,0.002065,0.002623,0.00069,0.001884,0.001026,0.00155,0.000785,0.001092,0.000362,0.017563,0.002692,0.003419,0.000899,0.001337,0.001023,0.000472,0.000202,60.32,8.84,0.0643,4.7e-05,60.0
sag_08_02,sag_sim_08,SAG_0008_3p_highpf_med,8,train,Sag,5,SCENARIO_CONTROLLER,three-phase,"A,B,C",0.4994,62.6,0.0188,0.0814,94,407,0.563785,0.898537,1.593758,0.3129,60.2,60.0,59.9992,10.96,0.767155,0.013469,0.002059,0.002628,0.000695,0.001879,0.001019,0.001556,0.000787,0.001085,0.000361,0.017557,0.002684,0.003426,0.000906,0.001328,0.001026,0.000471,0.000202,60.32,8.84,0.0643,4.7e-05,60.0
sag_08_03,sag_sim_08,SAG_0008_3p_highpf_med,8,train,Sag,5,SCENARIO_CONTROLLER,three-phase,"A,B,C",0.4994,62.6,0.0198,0.0824,99,412,0.563789,0.898537,1.593747,0.3127,60.2,60.0,59.9992,10.96,0.76716,0.013474,0.002058,0.002629,0.000702,0.001874,0.001013,0.001563,0.000779,0.001088,0.00037,0.017563,0.002683,0.003427,0.000915,0.00132,0.001015,0.000482,0.000202,60.32,8.84,0.0643,4.7e-05,60.0
sag_08_04,sag_sim_08,SAG_0008_3p_highpf_med,8,train,Sag,5,SCENARIO_CONTROLLER,three-phase,"A,B,C",0.4994,62.6,0.0208,0.0834,104,417,0.563778,0.898537,1.593778,0.3132,60.2,60.0,59.9992,10.96,0.767146,0.013465,0.002069,0.002616,0.000696,0.001885,0.001003,0.001575,0.000777,0.001083,0.000383,0.017552,0.002697,0.00341,0.000907,0.001307,0.001013,0.000499,0.000202,60.32,8.84,0.0643,4.7e-05,60.0
sag_08_05,sag_sim_08,SAG_0008_3p_highpf_med,8,train,Sag,5,SCENARIO_CONTROLLER,three-phase,"A,B,C",0.4994,62.6,0.0218,0.0844,109,422,0.563774,0.898537,1.59379,0.3135,60.2,60.0,59.9992,10.96,0.767141,0.013462,0.002074,0.002611,0.000697,0.001886,0.000996,0.001582,0.000769,0.001091,0.00038,0.017548,0.002704,0.003404,0.000909,0.001298,0.001002,0.000495,0.000202,60.32,8.83,0.0643,4.6e-05,60.0
sag_08_06,sag_sim_08,SAG_0008_3p_highpf_med,8,train,Sag,5,SCENARIO_CONTROLLER,three-phase,"A,B,C",0.4994,62.6,0.0228,0.0854,114,427,0.563777,0.898537,1.593779,0.3127,60.2,60.0,59.9992,10.96,0.767145,0.01346,0.002071,0.002611,0.000693,0.00189,0.000992,0.001586,0.000764,0.001096,0.000376,0.017546,0.0027,0.003404,0.000903,0.001293,0.000996,0.00049,0.000202,60.32,8.83,0.0643,4.7e-05,60.0
sag_08_07,sag_sim_08,SAG_0008_3p_highpf_med,8,train,Sag,5,SCENARIO_CONTROLLER,three-phase,"A,B,C",0.4994,62.6,0.0238,0.0864,119,432,0.563778,0.898537,1.593777,0.3135,60.2,60.0,59.9992,10.96,0.767146,0.013455,0.002076,0.002608,0.000697,0.001889,0.000995,0.001591,0.000758,0.001102,0.00037,0.017539,0.002706,0.0034,0.000909,0.001297,0.000988,0.000482,0.000202,60.32,8.83,0.0643,4.7e-05,60.0
sag_08_08,sag_sim_08,SAG_0008_3p_highpf_med,8,train,Sag,5,SCENARIO_CONTROLLER,three-phase,"A,B,C",0.4994,62.6,0.0248,0.0874,124,437,0.563778,0.898537,1.593777,0.3138,60.2,60.0,60.0,10.96,0.767145,0.01345,0.002081,0.002611,0.000694,0.001894,0.000991,0.001591,0.000759,0.0011,0.000371,0.017533,0.002713,0.003404,0.000905,0.001292,0.000989,0.000484,0.000202,60.32,8.83,0.0643,4.8e-05,60.0
sag_08_09,sag_sim_08,SAG_0008_3p_highpf_med,8,train,Sag,5,SCENARIO_CONTROLLER,three-phase,"A,B,C",0.4994,62.6,0.0258,0.0884,129,442,0.56378,0.898537,1.593773,0.3138,60.2,60.0,60.0,10.96,0.767148,0.013451,0.002081,0.002606,0.000698,0.001896,0.000988,0.001592,0.000761,0.001099,0.000371,0.017534,0.002713,0.003397,0.00091,0.001288,0.000992,0.000484,0.000202,60.32,8.83,0.0643,4.9e-05,60.0
sag_08_10,sag_sim_08,SAG_0008_3p_highpf_med,8,train,Sag,5,SCENARIO_CONTROLLER,three-phase,"A,B,C",0.4994,62.6,0.0268,0.0894,134,447,0.56378,0.898537,1.593773,0.3134,60.2,60.0,60.0,10.96,0.767148,0.013453,0.002081,0.002601,0.0007,0.001905,0.000979,0.001582,0.000766,0.001109,0.000363,0.017536,0.002713,0.00339,0.000912,0.001276,0.000999,0.000473,0.000202,60.32,8.83,0.0643,4.9e-05,60.0
sag_08_11,sag_sim_08,SAG_0008_3p_highpf_med,8,train,Sag,5,SCENARIO_CONTROLLER,three-phase,"A,B,C",0.4994,62.6,0.0278,0.0904,139,452,0.563767,0.898537,1.593809,0.3119,60.2,60.0,60.0,10.96,0.767131,0.013469,0.002068,0.002585,0.000703,0.001918,0.000976,0.001576,0.000758,0.001109,0.000369,0.017558,0.002696,0.00337,0.000916,0.001272,0.000988,0.000481,0.000202,60.32,8.83,0.0643,4.7e-05,60.0
sag_08_12,sag_sim_08,SAG_0008_3p_highpf_med,8,train,Sag,5,SCENARIO_CONTROLLER,three-phase,"A,B,C",0.4994,62.6,0.0288,0.0914,144,457,0.563763,0.898537,1.59382,0.312,60.2,60.0,60.0,10.96,0.767126,0.013474,0.002068,0.002584,0.000698,0.001914,0.000982,0.001582,0.000763,0.001112,0.000364,0.017564,0.002696,0.003368,0.00091,0.00128,0.000995,0.000474,0.000202,60.32,8.83,0.0643,4.8e-05,60.0
sag_08_13,sag_sim_08,SAG_0008_3p_highpf_med,8,train,Sag,5,SCENARIO_CONTROLLER,three-phase,"A,B,C",0.4994,62.6,0.0298,0.0924,149,462,0.563765,0.898537,1.593813,0.3125,60.2,60.0,60.0,10.96,0.767129,0.013469,0.002066,0.002581,0.000705,0.001925,0.00099,0.001594,0.000771,0.001116,0.000356,0.017558,0.002693,0.003364,0.000919,0.001291,0.001005,0.000464,0.000202,60.32,8.83,0.0643,4.8e-05,60.0
sag_08_14,sag_sim_08,SAG_0008_3p_highpf_med,8,train,Sag,5,SCENARIO_CONTROLLER,three-phase,"A,B,C",0.4994,62.6,0.0308,0.0934,154,467,0.563759,0.898537,1.593832,0.3141,60.2,60.0,60.0,10.96,0.767122,0.013467,0.002074,0.002582,0.000714,0.001933,0.000999,0.001603,0.00078,0.001125,0.000364,0.017555,0.002704,0.003366,0.000931,0.001302,0.001017,0.000475,0.000202,60.32,8.83,0.0643,4.8e-05,60.0
sag_08_15,sag_sim_08,SAG_0008_3p_highpf_med,8,train,Sag,5,SCENARIO_CONTROLLER,three-phase,"A,B,C",0.4994,62.6,0.0318,0.0944,159,472,0.563757,0.898537,1.593836,0.3137,60.2,60.0,60.0,10.96,0.76712,0.013463,0.002071,0.002579,0.000711,0.001931,0.000997,0.001603,0.00078,0.001125,0.000364,0.01755,0.0027,0.003362,0.000927,0.0013,0.001017,0.000475,0.000202,60.32,8.83,0.0643,4.8e-05,60.0
sag_08_16,sag_sim_08,SAG_0008_3p_highpf_med,8,train,Sag,5,SCENARIO_CONTROLLER,three-phase,"A,B,C",0.4994,62.6,0.0328,0.0954,164,477,0.563757,0.898537,1.593836,0.3134,60.2,60.0,60.0015,10.96,0.767121,0.013455,0.002064,0.002583,0.000715,0.001938,0.001005,0.0016,0.000773,0.001118,0.00036,0.01754,0.002691,0.003367,0.000932,0.00131,0.001008,0.000469,0.000202,60.32,8.82,0.0643,4.6e-05,60.0
sag_08_17,sag_sim_08,SAG_0008_3p_highpf_med,8,train,Sag,5,SCENARIO_CONTROLLER,three-phase,"A,B,C",0.4994,62.6,0.0338,0.0964,169,482,0.563762,0.898537,1.593822,0.3133,60.2,60.0,60.0015,10.96,0.767128,0.013449,0.002062,0.002601,0.000731,0.001933,0.000996,0.00159,0.000779,0.001135,0.000371,0.017532,0.002688,0.003391,0.000953,0.001298,0.001015,0.000484,0.000202,60.32,8.82,0.0643,4.6e-05,60.0
sag_08_18,sag_sim_08,SAG_0008_3p_highpf_med,8,train,Sag,5,SCENARIO_CONTROLLER,three-phase,"A,B,C",0.4994,62.6,0.0348,0.0974,174,487,0.563763,0.898537,1.59382,0.3133,60.2,60.0,60.0015,10.96,0.76713,0.013449,0.002063,0.002603,0.000731,0.00193,0.000993,0.001594,0.000781,0.001131,0.000368,0.017532,0.002689,0.003393,0.000953,0.001294,0.001018,0.00048,0.000202,60.32,8.82,0.0643,4.6e-05,60.0
sag_08_19,sag_sim_08,SAG_0008_3p_highpf_med,8,train,Sag,5,SCENARIO_CONTROLLER,three-phase,"A,B,C",0.4994,62.6,0.0358,0.0984,179,492,0.563761,0.898537,1.593824,0.3128,60.2,60.0,60.0015,10.96,0.767127,0.013448,0.002059,0.002605,0.000736,0.001928,0.000988,0.001598,0.000784,0.001125,0.000366,0.01753,0.002684,0.003396,0.000959,0.001288,0.001022,0.000477,0.000202,60.32,8.81,0.0643,4.6e-05,60.0
sag_08_20,sag_sim_08,SAG_0008_3p_highpf_med,8,train,Sag,5,SCENARIO_CONTROLLER,three-phase,"A,B,C",0.4994,62.6,0.0368,0.0994,184,497,0.563771,0.898537,1.593797,0.3127,60.2,60.0,60.0015,10.96,0.76714,0.013459,0.00206,0.002602,0.000746,0.001924,0.000978,0.001607,0.00078,0.001122,0.000373,0.017544,0.002685,0.003392,0.000972,0.001275,0.001017,0.000486,0.000202,60.31,8.8,0.0643,4.5e-05,60.0
sag_08_21,sag_sim_08,SAG_0008_3p_highpf_med,8,train,Sag,5,SCENARIO_CONTROLLER,three-phase,"A,B,C",0.4994,62.6,0.0378,0.1004,189,502,0.563763,0.898537,1.59382,0.3133,60.2,60.0,60.0015,10.96,0.76713,0.013453,0.002067,0.002595,0.000743,0.001929,0.000975,0.00161,0.000781,0.00112,0.000373,0.017537,0.002694,0.003383,0.000969,0.001271,0.001018,0.000486,0.000202,60.31,8.8,0.0643,4.4e-05,60.0
sag_08_22,sag_sim_08,SAG_0008_3p_highpf_med,8,train,Sag,5,SCENARIO_CONTROLLER,three-phase,"A,B,C",0.4994,62.6,0.0388,0.1014,194,507,0.56377,0.898537,1.5938,0.3119,60.2,60.0,60.0015,10.96,0.767138,0.013454,0.002057,0.002603,0.000733,0.001938,0.000976,0.001615,0.00078,0.001121,0.000379,0.017538,0.002681,0.003393,0.000955,0.001272,0.001017,0.000494,0.000202,60.31,8.81,0.0643,4.5e-05,60.0
sag_08_23,sag_sim_08,SAG_0008_3p_highpf_med,8,train,Sag,5,SCENARIO_CONTROLLER,three-phase,"A,B,C",0.4994,62.6,0.0398,0.1024,199,512,0.563769,0.898537,1.593802,0.3112,60.2,60.0,60.0015,10.96,0.767138,0.013457,0.002055,0.002606,0.00073,0.001941,0.000972,0.001617,0.000779,0.001119,0.00038,0.017542,0.002679,0.003397,0.000952,0.001267,0.001015,0.000495,0.000202,60.31,8.81,0.0643,4.5e-05,60.0
sag_08_24,sag_sim_08,SAG_0008_3p_highpf_med,8,train,Sag,5,SCENARIO_CONTROLLER,three-phase,"A,B,C",0.4994,62.6,0.0408,0.1034,204,517,0.563771,0.898537,1.593796,0.3124,60.2,60.0,60.0015,10.96,0.767139,0.01345,0.00206,0.0026,0.000736,0.001937,0.000977,0.001618,0.000776,0.001124,0.000376,0.017533,0.002685,0.003389,0.000959,0.001274,0.001012,0.00049,0.000202,60.31,8.8,0.0643,4.5e-05,60.0
sag_08_25,sag_sim_08,SAG_0008_3p_highpf_med,8,train,Sag,5,SCENARIO_CONTROLLER,three-phase,"A,B,C",0.4994,62.6,0.0418,0.1044,209,522,0.563772,0.898537,1.593795,0.3122,60.2,60.0,60.0011,10.96,0.767141,0.013456,0.002055,0.002596,0.000741,0.001931,0.000984,0.001621,0.000771,0.001128,0.000374,0.01754,0.002679,0.003384,0.000966,0.001283,0.001005,0.000488,0.000202,60.31,8.81,0.0643,4.5e-05,60.0
sag_08_26,sag_sim_08,SAG_0008_3p_highpf_med,8,train,Sag,5,SCENARIO_CONTROLLER,three-phase,"A,B,C",0.4994,62.6,0.0428,0.1054,214,527,0.563769,0.898537,1.593804,0.3119,60.2,60.0,60.0011,10.96,0.767136,0.013458,0.002049,0.002596,0.000745,0.001925,0.000986,0.001628,0.000773,0.001119,0.000377,0.017543,0.002671,0.003384,0.000971,0.001285,0.001008,0.000491,0.000202,60.32,8.81,0.0643,4.5e-05,60.0
sag_08_27,sag_sim_08,SAG_0008_3p_highpf_med,8,train,Sag,5,SCENARIO_CONTROLLER,three-phase,"A,B,C",0.4994,62.6,0.0438,0.1064,219,532,0.563768,0.898537,1.593805,0.3119,60.2,60.0,60.0011,10.96,0.767136,0.01346,0.00205,0.002593,0.000744,0.001931,0.000985,0.001623,0.000766,0.001122,0.000384,0.017546,0.002672,0.00338,0.00097,0.001284,0.000999,0.000501,0.000202,60.32,8.81,0.0643,4.5e-05,60.0
sag_08_28,sag_sim_08,SAG_0008_3p_highpf_med,8,train,Sag,5,SCENARIO_CONTROLLER,three-phase,"A,B,C",0.4994,62.6,0.0448,0.1074,224,537,0.563767,0.898537,1.593808,0.3111,60.2,60.0,60.0011,10.96,0.767134,0.013462,0.002043,0.002585,0.000751,0.001943,0.000978,0.001615,0.000752,0.001116,0.000398,0.017548,0.002663,0.00337,0.000979,0.001275,0.00098,0.000519,0.000202,60.31,8.79,0.0643,4.4e-05,60.0
sag_08_29,sag_sim_08,SAG_0008_3p_highpf_med,8,train,Sag,5,SCENARIO_CONTROLLER,three-phase,"A,B,C",0.4994,62.6,0.0458,0.1084,229,542,0.563762,0.898537,1.593822,0.3113,60.2,60.0,60.0011,10.96,0.767128,0.013466,0.002048,0.00259,0.000749,0.001939,0.000973,0.001609,0.000749,0.001116,0.000403,0.017554,0.00267,0.003376,0.000976,0.001268,0.000976,0.000525,0.000202,60.31,8.79,0.0643,4.4e-05,60.0
sag_08_30,sag_sim_08,SAG_0008_3p_highpf_med,8,train,Sag,5,SCENARIO_CONTROLLER,three-phase,"A,B,C",0.4994,62.6,0.0468,0.1094,234,547,0.563758,0.898537,1.593833,0.3118,60.2,60.0,60.0011,10.96,0.767124,0.013467,0.002053,0.002596,0.000753,0.001942,0.000969,0.001608,0.000745,0.001111,0.000395,0.017555,0.002676,0.003384,0.000982,0.001263,0.000971,0.000515,0.000202,60.31,8.79,0.0643,4.4e-05,60.0
sag_08_31,sag_sim_08,SAG_0008_3p_highpf_med,8,train,Sag,5,SCENARIO_CONTROLLER,three-phase,"A,B,C",0.4994,62.6,0.0478,0.1104,239,552,0.563754,0.898537,1.593845,0.3129,60.2,60.0,60.0011,10.96,0.767118,0.013464,0.002057,0.002594,0.000758,0.001945,0.000978,0.00161,0.000749,0.001112,0.000401,0.017551,0.002681,0.003381,0.000988,0.001275,0.000976,0.000523,0.000202,60.31,8.79,0.0643,4.5e-05,60.0
sag_08_32,sag_sim_08,SAG_0008_3p_highpf_med,8,train,Sag,5,SCENARIO_CONTROLLER,three-phase,"A,B,C",0.4994,62.6,0.0488,0.1114,244,557,0.563755,0.898537,1.593841,0.3136,60.2,60.0,60.0011,10.96,0.76712,0.013469,0.002061,0.002598,0.000761,0.001947,0.00098,0.00161,0.000748,0.001112,0.000401,0.017558,0.002687,0.003387,0.000992,0.001278,0.000975,0.000523,0.000202,60.31,8.79,0.0643,4.4e-05,60.0
sag_09_01,sag_sim_09,SAG_0009_3p_lowpf_med,9,val,Sag,5,SCENARIO_CONTROLLER,three-phase,"A,B,C",0.6067,89.8,0.0186,0.1084,93,542,0.489861,0.800256,1.633641,0.2131,98.4,60.0,59.9998,11.8,0.670946,0.011318,0.001097,0.002084,0.00054,0.001641,0.00074,0.001119,0.000836,0.000915,0.000661,0.016869,0.001635,0.003106,0.000805,0.001103,0.001246,0.000985,0.00014,60.3,8.8,0.0525,5.2e-05,60.0
sag_09_02,sag_sim_09,SAG_0009_3p_lowpf_med,9,val,Sag,5,SCENARIO_CONTROLLER,three-phase,"A,B,C",0.6067,89.8,0.0196,0.1094,98,547,0.489866,0.800256,1.633623,0.2143,98.4,60.0,59.9998,11.8,0.670954,0.011322,0.001107,0.002082,0.000532,0.001639,0.000748,0.001119,0.00083,0.000915,0.000665,0.016874,0.00165,0.003103,0.000793,0.001115,0.001237,0.000991,0.00014,60.3,8.8,0.0525,5.2e-05,60.0
sag_09_03,sag_sim_09,SAG_0009_3p_lowpf_med,9,val,Sag,5,SCENARIO_CONTROLLER,three-phase,"A,B,C",0.6067,89.8,0.0206,0.1104,103,552,0.489868,0.800256,1.633616,0.2143,98.4,60.0,59.9998,11.8,0.670956,0.011324,0.00111,0.002077,0.000532,0.001646,0.000743,0.001115,0.000838,0.000912,0.000666,0.016877,0.001654,0.003096,0.000793,0.001107,0.001249,0.000993,0.000141,60.3,8.79,0.0525,5.1e-05,60.0
sag_09_04,sag_sim_09,SAG_0009_3p_lowpf_med,9,val,Sag,5,SCENARIO_CONTROLLER,three-phase,"A,B,C",0.6067,89.8,0.0216,0.1114,108,557,0.489866,0.800256,1.633624,0.2146,98.4,60.0,59.9998,11.8,0.670954,0.011322,0.001113,0.002073,0.000536,0.001648,0.000739,0.001121,0.000831,0.000912,0.000665,0.016874,0.001659,0.00309,0.000799,0.001101,0.001239,0.000991,0.00014,60.3,8.79,0.0525,5.2e-05,60.0
sag_09_05,sag_sim_09,SAG_0009_3p_lowpf_med,9,val,Sag,5,SCENARIO_CONTROLLER,three-phase,"A,B,C",0.6067,89.8,0.0226,0.1124,113,562,0.489857,0.800256,1.633653,0.2164,98.4,60.0,59.9998,11.8,0.670944,0.011317,0.001123,0.002062,0.000545,0.001645,0.000741,0.001125,0.000829,0.000918,0.00066,0.016867,0.001674,0.003073,0.000812,0.001104,0.001236,0.000984,0.00014,60.3,8.79,0.0525,5.2e-05,60.0
sag_09_06,sag_sim_09,SAG_0009_3p_lowpf_med,9,val,Sag,5,SCENARIO_CONTROLLER,three-phase,"A,B,C",0.6067,89.8,0.0236,0.1134,118,567,0.48986,0.800256,1.633642,0.2144,98.4,60.0,59.9998,11.8,0.670948,0.01132,0.001118,0.002069,0.000537,0.001656,0.000729,0.001138,0.000819,0.000932,0.000651,0.016872,0.001666,0.003084,0.0008,0.001087,0.001221,0.00097,0.00014,60.3,8.78,0.0525,5e-05,60.0
sag_09_07,sag_sim_09,SAG_0009_3p_lowpf_med,9,val,Sag,5,SCENARIO_CONTROLLER,three-phase,"A,B,C",0.6067,89.8,0.0246,0.1144,123,572,0.489855,0.800256,1.633661,0.2116,98.4,60.0,59.9998,11.8,0.670943,0.011334,0.001102,0.002084,0.000525,0.001669,0.000725,0.001141,0.000827,0.000928,0.00066,0.016893,0.001642,0.003106,0.000782,0.001081,0.001233,0.000984,0.000141,60.3,8.78,0.0525,4.9e-05,60.0
sag_09_08,sag_sim_09,SAG_0009_3p_lowpf_med,9,val,Sag,5,SCENARIO_CONTROLLER,three-phase,"A,B,C",0.6067,89.8,0.0256,0.1154,128,577,0.489855,0.800256,1.63366,0.2114,98.4,60.0,59.9986,11.79,0.670941,0.01132,0.001111,0.002088,0.000513,0.001682,0.000717,0.001142,0.000837,0.000919,0.000659,0.016872,0.001656,0.003112,0.000765,0.001069,0.001248,0.000982,0.000141,60.3,8.77,0.0525,4.9e-05,60.0
sag_09_09,sag_sim_09,SAG_0009_3p_lowpf_med,9,val,Sag,5,SCENARIO_CONTROLLER,three-phase,"A,B,C",0.6067,89.8,0.0266,0.1164,133,582,0.489851,0.800256,1.633674,0.2114,98.4,60.0,59.9986,11.79,0.670934,0.011313,0.001104,0.002102,0.000511,0.001676,0.00073,0.001139,0.000825,0.000928,0.000667,0.016862,0.001645,0.003133,0.000762,0.001088,0.00123,0.000994,0.000141,60.3,8.77,0.0525,5e-05,60.0
sag_09_10,sag_sim_09,SAG_0009_3p_lowpf_med,9,val,Sag,5,SCENARIO_CONTROLLER,three-phase,"A,B,C",0.6067,89.8,0.0276,0.1174,138,587,0.489853,0.800256,1.633668,0.2119,98.4,60.0,59.9986,11.79,0.670936,0.011311,0.001107,0.002105,0.000507,0.001675,0.000734,0.001141,0.000822,0.000926,0.000671,0.016859,0.00165,0.003137,0.000756,0.001094,0.001225,0.001,0.00014,60.3,8.76,0.0525,4.9e-05,60.0
sag_09_11,sag_sim_09,SAG_0009_3p_lowpf_med,9,val,Sag,5,SCENARIO_CONTROLLER,three-phase,"A,B,C",0.6067,89.8,0.0286,0.1184,143,592,0.489843,0.800256,1.633698,0.2122,98.4,60.0,59.9986,11.79,0.670925,0.011322,0.001105,0.002093,0.000498,0.001684,0.000747,0.001141,0.000816,0.000917,0.000665,0.016875,0.001647,0.00312,0.000742,0.001113,0.001216,0.000991,0.000141,60.3,8.76,0.0525,4.9e-05,60.0
sag_09_12,sag_sim_09,SAG_0009_3p_lowpf_med,9,val,Sag,5,SCENARIO_CONTROLLER,three-phase,"A,B,C",0.6067,89.8,0.0296,0.1194,148,597,0.48984,0.800256,1.633711,0.2123,98.4,60.0,59.9986,11.79,0.67092,0.011327,0.001107,0.002092,0.000495,0.001683,0.000746,0.001142,0.000817,0.000917,0.000664,0.016883,0.00165,0.003118,0.000738,0.001112,0.001218,0.00099,0.000141,60.3,8.76,0.0525,4.9e-05,60.0
sag_09_13,sag_sim_09,SAG_0009_3p_lowpf_med,9,val,Sag,5,SCENARIO_CONTROLLER,three-phase,"A,B,C",0.6067,89.8,0.0306,0.1204,153,602,0.48984,0.800256,1.633711,0.2119,98.4,60.0,59.9986,11.79,0.67092,0.011328,0.001108,0.002092,0.000494,0.001678,0.000741,0.001137,0.00081,0.000915,0.000659,0.016884,0.001651,0.003118,0.000736,0.001104,0.001207,0.000982,0.000141,60.3,8.76,0.0525,5e-05,60.0
sag_09_14,sag_sim_09,SAG_0009_3p_lowpf_med,9,val,Sag,5,SCENARIO_CONTROLLER,three-phase,"A,B,C",0.6067,89.8,0.0316,0.1214,158,607,0.489834,0.800256,1.63373,0.2133,98.4,60.0,59.9986,11.79,0.670913,0.011329,0.001112,0.002097,0.000499,0.001687,0.000749,0.001147,0.000818,0.000925,0.000667,0.016886,0.001657,0.003126,0.000744,0.001116,0.001219,0.000994,0.000141,60.3,8.77,0.0525,4.9e-05,60.0
sag_09_15,sag_sim_09,SAG_0009_3p_lowpf_med,9,val,Sag,5,SCENARIO_CONTROLLER,three-phase,"A,B,C",0.6067,89.8,0.0326,0.1224,163,612,0.489835,0.800256,1.633727,0.2134,98.4,60.0,59.9986,11.8,0.670914,0.01133,0.001113,0.002098,0.0005,0.001687,0.000749,0.001146,0.000818,0.000924,0.000669,0.016887,0.001659,0.003127,0.000745,0.001116,0.001219,0.000997,0.000141,60.3,8.76,0.0525,4.9e-05,60.0
sag_09_16,sag_sim_09,SAG_0009_3p_lowpf_med,9,val,Sag,5,SCENARIO_CONTROLLER,three-phase,"A,B,C",0.6067,89.8,0.0336,0.1234,168,617,0.489832,0.800256,1.633737,0.2126,98.4,60.0,59.997,11.79,0.670912,0.011316,0.001099,0.002089,0.000499,0.001686,0.000759,0.001157,0.000826,0.000932,0.000662,0.016867,0.001638,0.003114,0.000744,0.001131,0.001231,0.000987,0.000141,60.3,8.76,0.0525,4.9e-05,60.0
sag_09_17,sag_sim_09,SAG_0009_3p_lowpf_med,9,val,Sag,5,SCENARIO_CONTROLLER,three-phase,"A,B,C",0.6067,89.8,0.0346,0.1244,173,622,0.489833,0.800256,1.633734,0.2126,98.4,60.0,59.9999,11.8,0.670914,0.011313,0.0011,0.002093,0.000501,0.001686,0.000757,0.001157,0.000827,0.000934,0.000658,0.016862,0.00164,0.00312,0.000747,0.001128,0.001233,0.000981,0.000141,60.3,8.76,0.0525,4.7e-05,60.0
sag_09_18,sag_sim_09,SAG_0009_3p_lowpf_med,9,val,Sag,5,SCENARIO_CONTROLLER,three-phase,"A,B,C",0.6067,89.8,0.0356,0.1254,178,627,0.48983,0.800256,1.633744,0.2121,98.4,60.0,59.9999,11.8,0.67091,0.011313,0.001094,0.00209,0.000505,0.00169,0.000756,0.001155,0.000827,0.000934,0.000659,0.016862,0.001631,0.003115,0.000753,0.001127,0.001233,0.000982,0.000141,60.3,8.75,0.0525,4.8e-05,60.0
sag_09_19,sag_sim_09,SAG_0009_3p_lowpf_med,9,val,Sag,5,SCENARIO_CONTROLLER,three-phase,"A,B,C",0.6067,89.8,0.0366,0.1264,183,632,0.489824,0.800256,1.633765,0.2109,98.4,60.0,59.9999,11.8,0.670901,0.011308,0.001085,0.002095,0.000512,0.001689,0.000749,0.001158,0.000831,0.000931,0.000657,0.016855,0.001617,0.003123,0.000763,0.001116,0.001239,0.000979,0.00014,60.3,8.75,0.0525,4.7e-05,60.0
sag_09_20,sag_sim_09,SAG_0009_3p_lowpf_med,9,val,Sag,5,SCENARIO_CONTROLLER,three-phase,"A,B,C",0.6067,89.8,0.0376,0.1274,188,637,0.489836,0.800256,1.633724,0.2105,98.4,60.0,59.9999,11.8,0.670917,0.011324,0.001081,0.002086,0.000527,0.001689,0.000741,0.001172,0.00082,0.000921,0.000669,0.016878,0.001611,0.003109,0.000785,0.001104,0.001222,0.000997,0.000141,60.3,8.75,0.0525,4.6e-05,60.0
sag_09_21,sag_sim_09,SAG_0009_3p_lowpf_med,9,val,Sag,5,SCENARIO_CONTROLLER,three-phase,"A,B,C",0.6067,89.8,0.0386,0.1284,193,642,0.489842,0.800256,1.633702,0.2105,98.4,60.0,59.9999,11.8,0.670925,0.011331,0.001074,0.002089,0.000529,0.001681,0.000749,0.001168,0.000823,0.000928,0.000663,0.016889,0.001601,0.003114,0.000788,0.001116,0.001227,0.000988,0.000141,60.3,8.75,0.0525,4.7e-05,60.0
sag_09_22,sag_sim_09,SAG_0009_3p_lowpf_med,9,val,Sag,5,SCENARIO_CONTROLLER,three-phase,"A,B,C",0.6067,89.8,0.0396,0.1294,198,647,0.489851,0.800256,1.633675,0.2085,98.4,60.0,59.9999,11.8,0.670934,0.011333,0.001067,0.002097,0.000521,0.00169,0.00074,0.001175,0.000815,0.000931,0.000657,0.016891,0.00159,0.003125,0.000777,0.001103,0.001215,0.000979,0.000141,60.3,8.75,0.0525,4.7e-05,60.0
sag_09_23,sag_sim_09,SAG_0009_3p_lowpf_med,9,val,Sag,5,SCENARIO_CONTROLLER,three-phase,"A,B,C",0.6067,89.8,0.0406,0.1304,203,652,0.489855,0.800256,1.633661,0.2104,98.4,60.0,59.9999,11.8,0.670938,0.011326,0.001074,0.002088,0.000529,0.001682,0.000748,0.001168,0.000816,0.000926,0.000651,0.016881,0.001601,0.003112,0.000788,0.001115,0.001216,0.00097,0.000141,60.3,8.75,0.0525,4.7e-05,60.0
sag_09_24,sag_sim_09,SAG_0009_3p_lowpf_med,9,val,Sag,5,SCENARIO_CONTROLLER,three-phase,"A,B,C",0.6067,89.8,0.0416,0.1314,208,657,0.489855,0.800256,1.633661,0.2104,98.4,60.0,59.9999,11.8,0.670938,0.011324,0.001076,0.002088,0.000528,0.001684,0.000745,0.001169,0.000819,0.000923,0.000654,0.016878,0.001604,0.003112,0.000787,0.00111,0.001221,0.000975,0.000141,60.3,8.75,0.0525,4.7e-05,60.0
sag_09_25,sag_sim_09,SAG_0009_3p_lowpf_med,9,val,Sag,5,SCENARIO_CONTROLLER,three-phase,"A,B,C",0.6067,89.8,0.0426,0.1324,213,662,0.489856,0.800256,1.633656,0.2101,98.4,60.0,59.9999,11.8,0.670939,0.011321,0.001081,0.002084,0.000526,0.001688,0.000736,0.001175,0.000827,0.000913,0.000658,0.016873,0.001611,0.003106,0.000784,0.001097,0.001233,0.000981,0.000141,60.3,8.74,0.0525,4.7e-05,60.0
sag_09_26,sag_sim_09,SAG_0009_3p_lowpf_med,9,val,Sag,5,SCENARIO_CONTROLLER,three-phase,"A,B,C",0.6067,89.8,0.0436,0.1334,218,667,0.489853,0.800256,1.633668,0.2095,98.4,60.0,59.9999,11.8,0.670934,0.01132,0.001074,0.002089,0.00053,0.001682,0.000735,0.00118,0.000829,0.000908,0.000655,0.016872,0.001601,0.003114,0.00079,0.001095,0.001236,0.000976,0.000141,60.3,8.74,0.0525,4.7e-05,60.0
sag_09_27,sag_sim_09,SAG_0009_3p_lowpf_med,9,val,Sag,5,SCENARIO_CONTROLLER,three-phase,"A,B,C",0.6067,89.8,0.0446,0.1344,223,672,0.489855,0.800256,1.63366,0.21,98.4,60.0,59.9999,11.8,0.670937,0.011318,0.001079,0.00209,0.000526,0.001683,0.000738,0.00118,0.000827,0.000909,0.000657,0.016869,0.001608,0.003115,0.000784,0.0011,0.001233,0.000979,0.000141,60.3,8.75,0.0525,4.7e-05,60.0
sag_09_28,sag_sim_09,SAG_0009_3p_lowpf_med,9,val,Sag,5,SCENARIO_CONTROLLER,three-phase,"A,B,C",0.6067,89.8,0.0456,0.1354,228,677,0.489863,0.800256,1.633632,0.21,98.4,60.0,59.9999,11.8,0.670948,0.011308,0.00108,0.002099,0.000534,0.001677,0.000731,0.001178,0.000828,0.000913,0.00066,0.016854,0.00161,0.003128,0.000796,0.00109,0.001234,0.000984,0.00014,60.3,8.75,0.0525,4.7e-05,60.0
sag_09_29,sag_sim_09,SAG_0009_3p_lowpf_med,9,val,Sag,5,SCENARIO_CONTROLLER,three-phase,"A,B,C",0.6067,89.8,0.0466,0.1364,233,682,0.489866,0.800256,1.633622,0.2095,98.4,60.0,59.9999,11.8,0.670951,0.011306,0.001075,0.002093,0.000528,0.00168,0.000736,0.001188,0.000838,0.000916,0.000664,0.016851,0.001602,0.003119,0.000787,0.001097,0.001249,0.00099,0.00014,60.3,8.75,0.0525,4.7e-05,60.0
sag_09_30,sag_sim_09,SAG_0009_3p_lowpf_med,9,val,Sag,5,SCENARIO_CONTROLLER,three-phase,"A,B,C",0.6067,89.8,0.0476,0.1374,238,687,0.489859,0.800256,1.633646,0.2109,98.4,60.0,59.9999,11.8,0.670943,0.011311,0.001083,0.002101,0.000535,0.001681,0.000736,0.001184,0.000836,0.000911,0.00066,0.016858,0.001614,0.003131,0.000797,0.001097,0.001246,0.000984,0.000141,60.3,8.75,0.0525,4.7e-05,60.0
sag_09_31,sag_sim_09,SAG_0009_3p_lowpf_med,9,val,Sag,5,SCENARIO_CONTROLLER,three-phase,"A,B,C",0.6067,89.8,0.0486,0.1384,243,692,0.489854,0.800256,1.633663,0.2114,98.4,60.0,59.9999,11.8,0.670937,0.01131,0.001084,0.002103,0.000537,0.001687,0.00074,0.00119,0.000839,0.000918,0.000664,0.016857,0.001616,0.003134,0.0008,0.001103,0.00125,0.00099,0.000141,60.3,8.75,0.0525,4.7e-05,60.0
sag_09_32,sag_sim_09,SAG_0009_3p_lowpf_med,9,val,Sag,5,SCENARIO_CONTROLLER,three-phase,"A,B,C",0.6067,89.8,0.0496,0.1394,248,697,0.489851,0.800256,1.633672,0.2102,98.4,60.0,59.9999,11.8,0.670935,0.011304,0.001078,0.002097,0.000532,0.001681,0.000737,0.001186,0.000838,0.000914,0.000665,0.016848,0.001607,0.003125,0.000793,0.001098,0.001249,0.000991,0.00014,60.3,8.75,0.0525,4.6e-05,60.0
sag_10_01,sag_sim_10,SAG_0010_3p_bus5load_deep,10,train,Sag,5,SCENARIO_CONTROLLER,three-phase,"A,B,C",0.4942,79.0,0.0178,0.0968,89,484,0.487948,0.808552,1.657047,0.3477,82.8,60.0,59.999,9.88,0.657136,0.012481,0.002052,0.002519,0.000684,0.001651,0.000736,0.001506,0.000741,0.001054,0.0002,0.018993,0.003123,0.003833,0.001041,0.00112,0.001128,0.000304,0.000174,60.36,9.28,0.0745,5.1e-05,60.0
sag_10_02,sag_sim_10,SAG_0010_3p_bus5load_deep,10,train,Sag,5,SCENARIO_CONTROLLER,three-phase,"A,B,C",0.4942,79.0,0.0188,0.0978,94,489,0.487953,0.808552,1.657028,0.3489,82.8,60.0,59.999,9.88,0.657144,0.012487,0.002061,0.002513,0.000675,0.001653,0.000743,0.001504,0.000733,0.001058,0.000207,0.019002,0.003136,0.003824,0.001027,0.001131,0.001115,0.000315,0.000174,60.36,9.28,0.0745,5e-05,60.0
sag_10_03,sag_sim_10,SAG_0010_3p_bus5load_deep,10,train,Sag,5,SCENARIO_CONTROLLER,three-phase,"A,B,C",0.4942,79.0,0.0198,0.0988,99,494,0.487942,0.808552,1.657065,0.3488,82.8,60.0,59.999,9.88,0.657131,0.012473,0.00206,0.002517,0.000666,0.001657,0.000753,0.001494,0.00074,0.001059,0.0002,0.018981,0.003135,0.00383,0.001013,0.001146,0.001126,0.000304,0.000174,60.36,9.27,0.0745,5.1e-05,60.0
sag_10_04,sag_sim_10,SAG_0010_3p_bus5load_deep,10,train,Sag,5,SCENARIO_CONTROLLER,three-phase,"A,B,C",0.4942,79.0,0.0208,0.0998,104,499,0.487945,0.808552,1.657057,0.3487,82.8,60.0,59.999,9.88,0.657134,0.012476,0.002059,0.002518,0.000669,0.001655,0.000752,0.001496,0.000738,0.001058,0.000203,0.018985,0.003133,0.003832,0.001018,0.001144,0.001123,0.000309,0.000174,60.36,9.28,0.0745,5.1e-05,60.0
sag_10_05,sag_sim_10,SAG_0010_3p_bus5load_deep,10,train,Sag,5,SCENARIO_CONTROLLER,three-phase,"A,B,C",0.4942,79.0,0.0218,0.1008,109,504,0.487941,0.808552,1.65707,0.3498,82.8,60.0,59.999,9.88,0.657129,0.012477,0.002064,0.002515,0.000675,0.001649,0.000754,0.001491,0.000743,0.001056,0.000202,0.018987,0.003141,0.003827,0.001027,0.001147,0.001131,0.000307,0.000174,60.36,9.28,0.0745,5.1e-05,60.0
sag_10_06,sag_sim_10,SAG_0010_3p_bus5load_deep,10,train,Sag,5,SCENARIO_CONTROLLER,three-phase,"A,B,C",0.4942,79.0,0.0228,0.1018,114,509,0.487946,0.808552,1.657052,0.349,82.8,60.0,59.999,9.88,0.657135,0.012471,0.002062,0.002509,0.000671,0.001647,0.000748,0.001489,0.000747,0.001053,0.000205,0.018978,0.003138,0.003818,0.001021,0.001138,0.001137,0.000312,0.000174,60.36,9.29,0.0745,5.1e-05,60.0
sag_10_07,sag_sim_10,SAG_0010_3p_bus5load_deep,10,train,Sag,5,SCENARIO_CONTROLLER,three-phase,"A,B,C",0.4942,79.0,0.0238,0.1028,119,514,0.487946,0.808552,1.657054,0.3479,82.8,60.0,59.999,9.88,0.657135,0.012477,0.002055,0.002511,0.000666,0.001646,0.000747,0.001481,0.000756,0.001045,0.00021,0.018987,0.003127,0.003821,0.001013,0.001137,0.00115,0.00032,0.000174,60.36,9.3,0.0745,5.1e-05,60.0
sag_10_08,sag_sim_10,SAG_0010_3p_bus5load_deep,10,train,Sag,5,SCENARIO_CONTROLLER,three-phase,"A,B,C",0.4942,79.0,0.0248,0.1038,124,519,0.487945,0.808552,1.657057,0.3463,82.8,60.0,59.9979,9.88,0.657136,0.012494,0.002039,0.002506,0.000668,0.001631,0.000759,0.001475,0.000752,0.001053,0.000202,0.019013,0.003103,0.003814,0.001017,0.001155,0.001144,0.000307,0.000174,60.36,9.29,0.0745,5.1e-05,60.0
sag_10_09,sag_sim_10,SAG_0010_3p_bus5load_deep,10,train,Sag,5,SCENARIO_CONTROLLER,three-phase,"A,B,C",0.4942,79.0,0.0258,0.1048,129,524,0.487948,0.808552,1.657045,0.3464,82.8,60.0,59.9979,9.88,0.657141,0.012496,0.00204,0.002498,0.000674,0.001638,0.000751,0.001473,0.000759,0.001052,0.000196,0.019016,0.003104,0.003801,0.001026,0.001143,0.001155,0.000298,0.000174,60.36,9.27,0.0745,4.9e-05,60.0
sag_10_10,sag_sim_10,SAG_0010_3p_bus5load_deep,10,train,Sag,5,SCENARIO_CONTROLLER,three-phase,"A,B,C",0.4942,79.0,0.0268,0.1058,134,529,0.487958,0.808552,1.657014,0.3481,82.8,60.0,59.9979,9.88,0.657154,0.012489,0.002055,0.002502,0.000663,0.001645,0.000755,0.001466,0.000748,0.001058,0.000204,0.019005,0.003127,0.003807,0.001009,0.001149,0.001138,0.00031,0.000174,60.36,9.26,0.0745,4.9e-05,60.0
sag_10_11,sag_sim_10,SAG_0010_3p_bus5load_deep,10,train,Sag,5,SCENARIO_CONTROLLER,three-phase,"A,B,C",0.4942,79.0,0.0278,0.1068,139,534,0.487946,0.808552,1.657054,0.3476,82.8,60.0,59.9979,9.88,0.657139,0.012504,0.002049,0.002491,0.000658,0.001652,0.000767,0.001472,0.000737,0.001042,0.000204,0.019028,0.003118,0.003791,0.001001,0.001167,0.001122,0.00031,0.000174,60.36,9.26,0.0745,4.8e-05,60.0
sag_10_12,sag_sim_10,SAG_0010_3p_bus5load_deep,10,train,Sag,5,SCENARIO_CONTROLLER,three-phase,"A,B,C",0.4942,79.0,0.0288,0.1078,144,539,0.487949,0.808552,1.657043,0.3477,82.8,60.0,59.9979,9.88,0.657143,0.0125,0.002051,0.002495,0.000661,0.001651,0.000759,0.001464,0.000734,0.001047,0.000214,0.019022,0.003121,0.003797,0.001006,0.001155,0.001117,0.000326,0.000174,60.36,9.26,0.0745,4.8e-05,60.0
sag_10_13,sag_sim_10,SAG_0010_3p_bus5load_deep,10,train,Sag,5,SCENARIO_CONTROLLER,three-phase,"A,B,C",0.4942,79.0,0.0298,0.1088,149,544,0.487951,0.808552,1.657037,0.3474,82.8,60.0,59.9979,9.88,0.657145,0.012499,0.002049,0.002493,0.00066,0.00165,0.00076,0.001464,0.000733,0.001047,0.000215,0.01902,0.003118,0.003794,0.001004,0.001157,0.001115,0.000327,0.000174,60.36,9.26,0.0745,4.9e-05,60.0
sag_10_14,sag_sim_10,SAG_0010_3p_bus5load_deep,10,train,Sag,5,SCENARIO_CONTROLLER,three-phase,"A,B,C",0.4942,79.0,0.0308,0.1098,154,549,0.487944,0.808552,1.657058,0.3487,82.8,60.0,59.9979,9.88,0.657138,0.012494,0.002053,0.00249,0.000667,0.001654,0.000769,0.001469,0.000737,0.001052,0.000221,0.019013,0.003124,0.003789,0.001015,0.00117,0.001122,0.000336,0.000174,60.36,9.26,0.0745,4.8e-05,60.0
sag_10_15,sag_sim_10,SAG_0010_3p_bus5load_deep,10,train,Sag,5,SCENARIO_CONTROLLER,three-phase,"A,B,C",0.4942,79.0,0.0318,0.1108,159,554,0.487942,0.808552,1.657065,0.3484,82.8,60.0,59.9979,9.88,0.657136,0.012491,0.002052,0.002485,0.000665,0.001648,0.000765,0.00146,0.000729,0.001045,0.000214,0.019008,0.003123,0.003782,0.001012,0.001164,0.001109,0.000326,0.000174,60.36,9.25,0.0745,4.9e-05,60.0
sag_10_16,sag_sim_10,SAG_0010_3p_bus5load_deep,10,train,Sag,5,SCENARIO_CONTROLLER,three-phase,"A,B,C",0.4942,79.0,0.0328,0.1118,164,559,0.487943,0.808552,1.657064,0.3489,82.8,60.0,60.0002,9.88,0.657136,0.012495,0.002055,0.002486,0.000665,0.001649,0.000768,0.001465,0.000731,0.001042,0.000206,0.019014,0.003127,0.003783,0.001012,0.001169,0.001112,0.000313,0.000174,60.36,9.24,0.0745,4.8e-05,60.0
sag_10_17,sag_sim_10,SAG_0010_3p_bus5load_deep,10,train,Sag,5,SCENARIO_CONTROLLER,three-phase,"A,B,C",0.4942,79.0,0.0338,0.1128,169,564,0.487944,0.808552,1.657061,0.3486,82.8,60.0,60.0002,9.88,0.657139,0.012486,0.002046,0.002496,0.000675,0.001661,0.000778,0.001452,0.000717,0.001039,0.000216,0.019001,0.003113,0.003798,0.001027,0.001184,0.001091,0.000329,0.000174,60.36,9.24,0.0745,4.8e-05,60.0
sag_10_18,sag_sim_10,SAG_0010_3p_bus5load_deep,10,train,Sag,5,SCENARIO_CONTROLLER,three-phase,"A,B,C",0.4942,79.0,0.0348,0.1138,174,569,0.487943,0.808552,1.657064,0.3488,82.8,60.0,60.0002,9.88,0.657137,0.012487,0.002046,0.002491,0.000672,0.001668,0.000786,0.001444,0.000713,0.001048,0.000225,0.019002,0.003114,0.003791,0.001023,0.001196,0.001085,0.000342,0.000174,60.36,9.23,0.0745,4.7e-05,60.0
sag_10_19,sag_sim_10,SAG_0010_3p_bus5load_deep,10,train,Sag,5,SCENARIO_CONTROLLER,three-phase,"A,B,C",0.4942,79.0,0.0358,0.1148,179,574,0.48795,0.808552,1.657039,0.3503,82.8,60.0,60.0002,9.88,0.657147,0.012495,0.002056,0.002482,0.000663,0.001676,0.000795,0.001435,0.000714,0.001056,0.000222,0.019014,0.003129,0.003777,0.001009,0.00121,0.001087,0.000338,0.000174,60.36,9.23,0.0745,4.7e-05,60.0
sag_10_20,sag_sim_10,SAG_0010_3p_bus5load_deep,10,train,Sag,5,SCENARIO_CONTROLLER,three-phase,"A,B,C",0.4942,79.0,0.0368,0.1158,184,579,0.487961,0.808552,1.657002,0.3509,82.8,60.0,60.0002,9.88,0.657161,0.012509,0.002063,0.002471,0.000666,0.001683,0.000785,0.001441,0.000721,0.001042,0.000225,0.019035,0.003139,0.00376,0.001013,0.001195,0.001097,0.000342,0.000174,60.36,9.23,0.0745,4.8e-05,60.0
sag_10_21,sag_sim_10,SAG_0010_3p_bus5load_deep,10,train,Sag,5,SCENARIO_CONTROLLER,three-phase,"A,B,C",0.4942,79.0,0.0378,0.1168,189,584,0.487964,0.808552,1.656994,0.3507,82.8,60.0,60.0002,9.88,0.657163,0.012512,0.002062,0.002472,0.000668,0.001681,0.000783,0.001444,0.000717,0.001046,0.000225,0.019039,0.003138,0.003762,0.001016,0.001191,0.001091,0.000342,0.000175,60.36,9.25,0.0745,4.9e-05,60.0
sag_10_22,sag_sim_10,SAG_0010_3p_bus5load_deep,10,train,Sag,5,SCENARIO_CONTROLLER,three-phase,"A,B,C",0.4942,79.0,0.0388,0.1178,194,589,0.487964,0.808552,1.656991,0.3504,82.8,60.0,60.0002,9.88,0.657164,0.012509,0.002063,0.002468,0.000667,0.001681,0.000776,0.001447,0.000713,0.001052,0.000216,0.019035,0.003139,0.003756,0.001015,0.001181,0.001085,0.000329,0.000174,60.36,9.25,0.0745,4.9e-05,60.0
sag_10_23,sag_sim_10,SAG_0010_3p_bus5load_deep,10,train,Sag,5,SCENARIO_CONTROLLER,three-phase,"A,B,C",0.4942,79.0,0.0398,0.1188,199,594,0.487968,0.808552,1.65698,0.3503,82.8,60.0,60.0002,9.88,0.657168,0.012505,0.002063,0.002464,0.000667,0.001679,0.000775,0.001445,0.000716,0.00105,0.000217,0.019029,0.003139,0.003749,0.001015,0.001179,0.00109,0.00033,0.000174,60.36,9.25,0.0745,4.9e-05,60.0
sag_10_24,sag_sim_10,SAG_0010_3p_bus5load_deep,10,train,Sag,5,SCENARIO_CONTROLLER,three-phase,"A,B,C",0.4942,79.0,0.0408,0.1198,204,599,0.487967,0.808552,1.656981,0.3501,82.8,60.0,60.0002,9.88,0.657167,0.012505,0.002063,0.002466,0.000665,0.001683,0.00077,0.001446,0.000719,0.001045,0.000224,0.019029,0.003139,0.003752,0.001012,0.001172,0.001094,0.000341,0.000174,60.36,9.25,0.0745,4.9e-05,60.0
sag_10_25,sag_sim_10,SAG_0010_3p_bus5load_deep,10,train,Sag,5,SCENARIO_CONTROLLER,three-phase,"A,B,C",0.4942,79.0,0.0418,0.1208,209,604,0.487967,0.808552,1.65698,0.3497,82.8,60.0,60.0012,9.89,0.657168,0.012513,0.002055,0.002459,0.000671,0.001673,0.00078,0.00145,0.000708,0.001053,0.000224,0.019041,0.003127,0.003742,0.001021,0.001187,0.001077,0.000341,0.000174,60.36,9.26,0.0745,4.9e-05,60.0
sag_10_26,sag_sim_10,SAG_0010_3p_bus5load_deep,10,train,Sag,5,SCENARIO_CONTROLLER,three-phase,"A,B,C",0.4942,79.0,0.0428,0.1218,214,609,0.487967,0.808552,1.656983,0.35,82.8,60.0,60.0012,9.89,0.657167,0.01251,0.002057,0.002467,0.000663,0.00167,0.000788,0.001447,0.000698,0.001061,0.000229,0.019036,0.00313,0.003754,0.001009,0.001199,0.001062,0.000348,0.000174,60.36,9.26,0.0745,4.8e-05,60.0
sag_10_27,sag_sim_10,SAG_0010_3p_bus5load_deep,10,train,Sag,5,SCENARIO_CONTROLLER,three-phase,"A,B,C",0.4942,79.0,0.0438,0.1228,219,614,0.487952,0.808552,1.657032,0.347,82.8,60.0,60.0012,9.89,0.657148,0.012526,0.002036,0.002449,0.000683,0.001682,0.000769,0.001433,0.000702,0.001076,0.000229,0.019061,0.003098,0.003727,0.001039,0.00117,0.001068,0.000348,0.000175,60.36,9.26,0.0745,5e-05,60.0
sag_10_28,sag_sim_10,SAG_0010_3p_bus5load_deep,10,train,Sag,5,SCENARIO_CONTROLLER,three-phase,"A,B,C",0.4942,79.0,0.0448,0.1238,224,619,0.487973,0.808552,1.656963,0.3477,82.8,60.0,60.0012,9.89,0.657173,0.0125,0.002043,0.002462,0.000696,0.00168,0.00075,0.001417,0.000702,0.001091,0.000243,0.019021,0.003109,0.003746,0.001059,0.001141,0.001068,0.00037,0.000174,60.36,9.26,0.0745,5e-05,60.0
sag_10_29,sag_sim_10,SAG_0010_3p_bus5load_deep,10,train,Sag,5,SCENARIO_CONTROLLER,three-phase,"A,B,C",0.4942,79.0,0.0458,0.1248,229,624,0.487967,0.808552,1.656983,0.3477,82.8,60.0,60.0012,9.89,0.657166,0.012507,0.002045,0.002463,0.000686,0.001671,0.000755,0.001422,0.000711,0.001101,0.000249,0.019032,0.003112,0.003748,0.001044,0.001149,0.001082,0.000379,0.000174,60.36,9.26,0.0745,5.1e-05,60.0
sag_10_30,sag_sim_10,SAG_0010_3p_bus5load_deep,10,train,Sag,5,SCENARIO_CONTROLLER,three-phase,"A,B,C",0.4942,79.0,0.0468,0.1258,234,629,0.487968,0.808552,1.656977,0.3474,82.8,60.0,60.0012,9.89,0.657168,0.012506,0.002042,0.002461,0.000685,0.001669,0.000757,0.001423,0.000713,0.001103,0.000253,0.01903,0.003107,0.003745,0.001042,0.001152,0.001085,0.000385,0.000174,60.36,9.26,0.0745,5e-05,60.0
sag_10_31,sag_sim_10,SAG_0010_3p_bus5load_deep,10,train,Sag,5,SCENARIO_CONTROLLER,three-phase,"A,B,C",0.4942,79.0,0.0478,0.1268,239,634,0.487974,0.808552,1.656956,0.3476,82.8,60.0,60.0012,9.88,0.657174,0.012515,0.002043,0.002471,0.000687,0.001677,0.000755,0.001431,0.000722,0.001113,0.000262,0.019044,0.003109,0.00376,0.001045,0.001149,0.001099,0.000399,0.000175,60.36,9.26,0.0745,5.1e-05,60.0
sag_10_32,sag_sim_10,SAG_0010_3p_bus5load_deep,10,train,Sag,5,SCENARIO_CONTROLLER,three-phase,"A,B,C",0.4942,79.0,0.0488,0.1278,244,639,0.487973,0.808552,1.656963,0.346,82.8,60.0,60.0012,9.88,0.657173,0.012507,0.002036,0.002466,0.00068,0.001674,0.00075,0.001436,0.00073,0.001121,0.00027,0.019032,0.003098,0.003752,0.001035,0.001141,0.001111,0.000411,0.000174,60.36,9.26,0.0745,5.1e-05,60.0
sag_11_01,sag_sim_11,SAG_0011_1p_phA_deep,11,test,Sag,5,SCENARIO_CONTROLLER,phase-to-ground,A,0.3536,74.0,0.0178,0.0918,89,459,0.51274,0.869442,1.695679,0.717,73.8,60.0,60.0023,7.66,0.669935,0.006562,0.004057,0.002197,0.001512,0.001731,0.00208,0.001663,0.00119,0.000918,0.000832,0.009795,0.006056,0.003279,0.002257,0.003105,0.001776,0.001242,8e-05,60.58,11.29,0.1076,6.4e-05,60.0
sag_11_02,sag_sim_11,SAG_0011_1p_phA_deep,11,test,Sag,5,SCENARIO_CONTROLLER,phase-to-ground,A,0.3536,74.0,0.0188,0.0928,94,464,0.512748,0.869442,1.695652,0.7184,73.8,60.0,60.0023,7.66,0.669945,0.006557,0.004068,0.00219,0.001501,0.001737,0.002088,0.001651,0.001192,0.000929,0.000828,0.009787,0.006072,0.003269,0.00224,0.003117,0.001779,0.001236,8e-05,60.58,11.29,0.1076,6.3e-05,60.0
sag_11_03,sag_sim_11,SAG_0011_1p_phA_deep,11,test,Sag,5,SCENARIO_CONTROLLER,phase-to-ground,A,0.3536,74.0,0.0198,0.0938,99,469,0.51274,0.869442,1.695677,0.7183,73.8,60.0,60.0023,7.66,0.669935,0.006556,0.004065,0.002198,0.001498,0.001731,0.002096,0.001645,0.001192,0.000935,0.000824,0.009786,0.006068,0.003281,0.002236,0.003129,0.001779,0.00123,8e-05,60.58,11.29,0.1076,6.3e-05,60.0
sag_11_04,sag_sim_11,SAG_0011_1p_phA_deep,11,test,Sag,5,SCENARIO_CONTROLLER,phase-to-ground,A,0.3536,74.0,0.0208,0.0948,104,474,0.512741,0.869442,1.695676,0.7184,73.8,60.0,60.0023,7.66,0.669936,0.006557,0.004062,0.002201,0.001499,0.001726,0.002102,0.001639,0.001194,0.000941,0.000814,0.009788,0.006063,0.003285,0.002238,0.003138,0.001782,0.001215,8e-05,60.58,11.27,0.1076,6.2e-05,60.0
sag_11_05,sag_sim_11,SAG_0011_1p_phA_deep,11,test,Sag,5,SCENARIO_CONTROLLER,phase-to-ground,A,0.3536,74.0,0.0218,0.0958,109,479,0.512741,0.869442,1.695675,0.7185,73.8,60.0,60.0023,7.66,0.669936,0.006558,0.004061,0.002202,0.001499,0.001725,0.002104,0.001638,0.001196,0.000937,0.000819,0.009789,0.006062,0.003287,0.002238,0.003141,0.001785,0.001223,8e-05,60.58,11.27,0.1076,6.2e-05,60.0
sag_11_06,sag_sim_11,SAG_0011_1p_phA_deep,11,test,Sag,5,SCENARIO_CONTROLLER,phase-to-ground,A,0.3536,74.0,0.0228,0.0968,114,484,0.51275,0.869442,1.695647,0.718,73.8,60.0,60.0023,7.66,0.669946,0.006568,0.00406,0.0022,0.001496,0.00173,0.002102,0.001633,0.001202,0.000933,0.000822,0.009804,0.00606,0.003284,0.002233,0.003138,0.001794,0.001227,8e-05,60.58,11.27,0.1076,6.2e-05,60.0
sag_11_07,sag_sim_11,SAG_0011_1p_phA_deep,11,test,Sag,5,SCENARIO_CONTROLLER,phase-to-ground,A,0.3536,74.0,0.0238,0.0978,119,489,0.51275,0.869442,1.695645,0.7179,73.8,60.0,60.0023,7.66,0.669946,0.006568,0.00406,0.0022,0.001495,0.001731,0.002101,0.001632,0.001204,0.00093,0.000827,0.009804,0.00606,0.003284,0.002232,0.003136,0.001797,0.001234,8e-05,60.58,11.27,0.1076,6.1e-05,60.0
sag_11_08,sag_sim_11,SAG_0011_1p_phA_deep,11,test,Sag,5,SCENARIO_CONTROLLER,phase-to-ground,A,0.3536,74.0,0.0248,0.0988,124,494,0.512749,0.869442,1.695649,0.7171,73.8,60.0,59.9999,7.66,0.669946,0.006573,0.00405,0.002205,0.001494,0.001727,0.002109,0.001627,0.001205,0.000932,0.000823,0.009811,0.006045,0.003291,0.00223,0.003148,0.001799,0.001228,8e-05,60.58,11.27,0.1076,6.2e-05,60.0
sag_11_09,sag_sim_11,SAG_0011_1p_phA_deep,11,test,Sag,5,SCENARIO_CONTROLLER,phase-to-ground,A,0.3536,74.0,0.0258,0.0998,129,499,0.51275,0.869442,1.695645,0.7172,73.8,60.0,59.9999,7.66,0.669947,0.006576,0.004053,0.002201,0.001494,0.001731,0.002104,0.001624,0.00121,0.00093,0.000819,0.009816,0.00605,0.003285,0.00223,0.003141,0.001806,0.001222,8e-05,60.58,11.27,0.1076,6.1e-05,60.0
sag_11_10,sag_sim_11,SAG_0011_1p_phA_deep,11,test,Sag,5,SCENARIO_CONTROLLER,phase-to-ground,A,0.3536,74.0,0.0268,0.1008,134,504,0.512752,0.869442,1.69564,0.7174,73.8,60.0,59.9999,7.66,0.669949,0.006578,0.004055,0.002201,0.001493,0.001733,0.002105,0.001623,0.001211,0.000929,0.000818,0.009819,0.006053,0.003285,0.002229,0.003142,0.001808,0.001221,8e-05,60.58,11.27,0.1076,6.2e-05,60.0
sag_11_11,sag_sim_11,SAG_0011_1p_phA_deep,11,test,Sag,5,SCENARIO_CONTROLLER,phase-to-ground,A,0.3536,74.0,0.0278,0.1018,139,509,0.512761,0.869442,1.695609,0.7181,73.8,60.0,59.9999,7.66,0.669961,0.00658,0.004063,0.002212,0.001489,0.001723,0.002101,0.001626,0.001218,0.000932,0.000814,0.009821,0.006065,0.003302,0.002223,0.003136,0.001818,0.001215,8e-05,60.58,11.27,0.1076,6.1e-05,60.0
sag_11_12,sag_sim_11,SAG_0011_1p_phA_deep,11,test,Sag,5,SCENARIO_CONTROLLER,phase-to-ground,A,0.3536,74.0,0.0288,0.1028,144,514,0.512765,0.869442,1.695596,0.718,73.8,60.0,59.9999,7.66,0.669965,0.00658,0.004066,0.002219,0.001493,0.001717,0.002091,0.001616,0.001212,0.000938,0.000827,0.009821,0.006069,0.003312,0.002228,0.003121,0.001809,0.001234,8e-05,60.58,11.27,0.1076,6.1e-05,60.0
sag_11_13,sag_sim_11,SAG_0011_1p_phA_deep,11,test,Sag,5,SCENARIO_CONTROLLER,phase-to-ground,A,0.3536,74.0,0.0298,0.1038,149,519,0.512761,0.869442,1.695609,0.7184,73.8,60.0,59.9999,7.66,0.669961,0.006585,0.004071,0.002224,0.001495,0.001715,0.002087,0.001611,0.001205,0.00093,0.00082,0.009829,0.006076,0.00332,0.002231,0.003115,0.001799,0.001224,8e-05,60.58,11.27,0.1076,6.2e-05,60.0
sag_11_14,sag_sim_11,SAG_0011_1p_phA_deep,11,test,Sag,5,SCENARIO_CONTROLLER,phase-to-ground,A,0.3536,74.0,0.0308,0.1048,154,524,0.512762,0.869442,1.695606,0.7179,73.8,60.0,59.9999,7.66,0.669962,0.006583,0.004069,0.00222,0.001493,0.001714,0.002086,0.001608,0.001203,0.00093,0.000822,0.009826,0.006073,0.003314,0.002228,0.003114,0.001796,0.001227,8e-05,60.58,11.28,0.1076,6.1e-05,60.0
sag_11_15,sag_sim_11,SAG_0011_1p_phA_deep,11,test,Sag,5,SCENARIO_CONTROLLER,phase-to-ground,A,0.3536,74.0,0.0318,0.1058,159,529,0.512763,0.869442,1.695602,0.7183,73.8,60.0,59.9999,7.66,0.669963,0.006583,0.004071,0.002222,0.001494,0.001716,0.002086,0.001606,0.001199,0.000926,0.000817,0.009826,0.006076,0.003317,0.00223,0.003114,0.00179,0.001219,8e-05,60.58,11.27,0.1076,6.1e-05,60.0
sag_11_16,sag_sim_11,SAG_0011_1p_phA_deep,11,test,Sag,5,SCENARIO_CONTROLLER,phase-to-ground,A,0.3536,74.0,0.0328,0.1068,164,534,0.512764,0.869442,1.6956,0.7187,73.8,60.0,60.0018,7.66,0.669963,0.006588,0.004079,0.002224,0.001493,0.00171,0.002078,0.001605,0.001205,0.000933,0.000824,0.009833,0.006088,0.00332,0.002228,0.003102,0.001799,0.00123,8e-05,60.58,11.27,0.1076,6.1e-05,60.0
sag_11_17,sag_sim_11,SAG_0011_1p_phA_deep,11,test,Sag,5,SCENARIO_CONTROLLER,phase-to-ground,A,0.3536,74.0,0.0338,0.1078,169,539,0.512765,0.869442,1.695594,0.7185,73.8,60.0,60.0009,7.66,0.669966,0.006578,0.004075,0.002231,0.001501,0.001714,0.002076,0.001601,0.001204,0.000933,0.000822,0.009818,0.006082,0.00333,0.00224,0.003099,0.001797,0.001227,8e-05,60.58,11.27,0.1076,6.2e-05,60.0
sag_11_18,sag_sim_11,SAG_0011_1p_phA_deep,11,test,Sag,5,SCENARIO_CONTROLLER,phase-to-ground,A,0.3536,74.0,0.0348,0.1088,174,544,0.512767,0.869442,1.69559,0.7188,73.8,60.0,60.0009,7.66,0.669968,0.006577,0.004077,0.002231,0.001499,0.001714,0.002078,0.0016,0.001202,0.000935,0.000826,0.009817,0.006085,0.00333,0.002237,0.003102,0.001794,0.001233,8e-05,60.58,11.26,0.1076,6.2e-05,60.0
sag_11_19,sag_sim_11,SAG_0011_1p_phA_deep,11,test,Sag,5,SCENARIO_CONTROLLER,phase-to-ground,A,0.3536,74.0,0.0358,0.1098,179,549,0.512761,0.869442,1.695608,0.7179,73.8,60.0,60.0009,7.66,0.669961,0.00658,0.00407,0.002236,0.001505,0.001711,0.002074,0.001605,0.0012,0.000931,0.000828,0.009821,0.006075,0.003338,0.002246,0.003096,0.001791,0.001236,8e-05,60.58,11.27,0.1076,6.2e-05,60.0
sag_11_20,sag_sim_11,SAG_0011_1p_phA_deep,11,test,Sag,5,SCENARIO_CONTROLLER,phase-to-ground,A,0.3536,74.0,0.0368,0.1108,184,554,0.51275,0.869442,1.695645,0.7179,73.8,60.0,60.0009,7.66,0.669947,0.006577,0.004068,0.002246,0.001497,0.001707,0.002083,0.001597,0.001204,0.000934,0.000824,0.009817,0.006072,0.003353,0.002235,0.003109,0.001797,0.00123,8e-05,60.58,11.27,0.1076,6.3e-05,60.0
sag_11_21,sag_sim_11,SAG_0011_1p_phA_deep,11,test,Sag,5,SCENARIO_CONTROLLER,phase-to-ground,A,0.3536,74.0,0.0378,0.1118,189,559,0.51273,0.869442,1.695713,0.719,73.8,60.0,60.0009,7.66,0.669924,0.006556,0.004089,0.002233,0.00149,0.001725,0.002065,0.001613,0.001192,0.000936,0.000829,0.009786,0.006104,0.003333,0.002224,0.003082,0.001779,0.001237,8e-05,60.58,11.27,0.1076,6.3e-05,60.0
sag_11_22,sag_sim_11,SAG_0011_1p_phA_deep,11,test,Sag,5,SCENARIO_CONTROLLER,phase-to-ground,A,0.3536,74.0,0.0388,0.1128,194,564,0.512732,0.869442,1.695706,0.7186,73.8,60.0,60.0009,7.66,0.669926,0.006558,0.004085,0.002236,0.001489,0.001724,0.002066,0.001613,0.001194,0.000932,0.000836,0.009789,0.006098,0.003338,0.002223,0.003084,0.001782,0.001248,8e-05,60.58,11.27,0.1076,6.3e-05,60.0
sag_11_23,sag_sim_11,SAG_0011_1p_phA_deep,11,test,Sag,5,SCENARIO_CONTROLLER,phase-to-ground,A,0.3536,74.0,0.0398,0.1138,199,569,0.512734,0.869442,1.695697,0.7196,73.8,60.0,60.0009,7.66,0.669929,0.00656,0.004088,0.002231,0.001494,0.001719,0.002073,0.001606,0.0012,0.000926,0.000841,0.009792,0.006102,0.00333,0.00223,0.003094,0.001791,0.001255,8e-05,60.58,11.27,0.1076,6.3e-05,60.0
sag_11_24,sag_sim_11,SAG_0011_1p_phA_deep,11,test,Sag,5,SCENARIO_CONTROLLER,phase-to-ground,A,0.3536,74.0,0.0408,0.1148,204,574,0.512734,0.869442,1.695697,0.7194,73.8,60.0,60.0009,7.66,0.669929,0.006562,0.004084,0.002233,0.001492,0.001718,0.002078,0.001599,0.001204,0.000924,0.00084,0.009795,0.006096,0.003333,0.002227,0.003102,0.001797,0.001254,8e-05,60.58,11.27,0.1076,6.3e-05,60.0
sag_11_25,sag_sim_11,SAG_0011_1p_phA_deep,11,test,Sag,5,SCENARIO_CONTROLLER,phase-to-ground,A,0.3536,74.0,0.0418,0.1158,209,579,0.512734,0.869442,1.695698,0.7195,73.8,60.0,59.9992,7.66,0.669929,0.006561,0.004084,0.002234,0.001492,0.001717,0.00208,0.0016,0.0012,0.000929,0.000838,0.009794,0.006096,0.003335,0.002227,0.003105,0.001791,0.001251,8e-05,60.58,11.27,0.1076,6.2e-05,60.0
sag_11_26,sag_sim_11,SAG_0011_1p_phA_deep,11,test,Sag,5,SCENARIO_CONTROLLER,phase-to-ground,A,0.3536,74.0,0.0428,0.1168,214,584,0.512738,0.869442,1.695686,0.7195,73.8,60.0,59.9992,7.66,0.669934,0.006573,0.004086,0.002223,0.001499,0.00172,0.002071,0.001599,0.001208,0.000924,0.000836,0.009811,0.006099,0.003318,0.002238,0.003091,0.001803,0.001248,8e-05,60.58,11.27,0.1076,6.2e-05,60.0
sag_11_27,sag_sim_11,SAG_0011_1p_phA_deep,11,test,Sag,5,SCENARIO_CONTROLLER,phase-to-ground,A,0.3536,74.0,0.0438,0.1178,219,589,0.512741,0.869442,1.695676,0.7201,73.8,60.0,59.9992,7.66,0.669938,0.006576,0.004091,0.002223,0.001495,0.001721,0.002073,0.001598,0.001206,0.000926,0.000837,0.009816,0.006107,0.003318,0.002232,0.003094,0.0018,0.001249,8e-05,60.58,11.27,0.1076,6.2e-05,60.0
sag_11_28,sag_sim_11,SAG_0011_1p_phA_deep,11,test,Sag,5,SCENARIO_CONTROLLER,phase-to-ground,A,0.3536,74.0,0.0448,0.1188,224,594,0.512744,0.869442,1.695666,0.72,73.8,60.0,59.9992,7.66,0.669941,0.006575,0.004092,0.002227,0.001498,0.00172,0.00207,0.001595,0.001205,0.000929,0.00084,0.009814,0.006108,0.003324,0.002236,0.00309,0.001799,0.001254,8e-05,60.58,11.27,0.1076,6.2e-05,60.0
sag_11_29,sag_sim_11,SAG_0011_1p_phA_deep,11,test,Sag,5,SCENARIO_CONTROLLER,phase-to-ground,A,0.3536,74.0,0.0458,0.1198,229,599,0.512749,0.869442,1.695649,0.7199,73.8,60.0,59.9992,7.66,0.669947,0.006572,0.004089,0.002227,0.001502,0.001722,0.00207,0.001593,0.001203,0.000929,0.000843,0.00981,0.006103,0.003324,0.002242,0.00309,0.001796,0.001258,8e-05,60.58,11.27,0.1076,6.2e-05,60.0
sag_11_30,sag_sim_11,SAG_0011_1p_phA_deep,11,test,Sag,5,SCENARIO_CONTROLLER,phase-to-ground,A,0.3536,74.0,0.0468,0.1208,234,604,0.512745,0.869442,1.695663,0.7203,73.8,60.0,59.9992,7.66,0.669942,0.006577,0.004094,0.002232,0.001502,0.001719,0.002065,0.001589,0.001198,0.000924,0.00084,0.009817,0.006111,0.003332,0.002242,0.003082,0.001788,0.001254,8e-05,60.58,11.27,0.1076,6.2e-05,60.0
sag_11_31,sag_sim_11,SAG_0011_1p_phA_deep,11,test,Sag,5,SCENARIO_CONTROLLER,phase-to-ground,A,0.3536,74.0,0.0478,0.1218,239,609,0.51274,0.869442,1.695679,0.7202,73.8,60.0,59.9992,7.66,0.669937,0.006582,0.004094,0.00223,0.001502,0.001719,0.002064,0.001585,0.001194,0.00092,0.000836,0.009825,0.006111,0.003329,0.002242,0.003081,0.001782,0.001248,8e-05,60.58,11.28,0.1076,6.3e-05,60.0
sag_11_32,sag_sim_11,SAG_0011_1p_phA_deep,11,test,Sag,5,SCENARIO_CONTROLLER,phase-to-ground,A,0.3536,74.0,0.0488,0.1228,244,614,0.512738,0.869442,1.695685,0.719,73.8,60.0,59.9992,7.66,0.669935,0.006582,0.00409,0.002224,0.001496,0.001713,0.002059,0.001585,0.001197,0.000924,0.000842,0.009825,0.006105,0.00332,0.002233,0.003073,0.001787,0.001257,8e-05,60.58,11.28,0.1076,6.3e-05,60.0
sag_12_01,sag_sim_12,SAG_0012_1p_phA_med,12,train,Sag,5,SCENARIO_CONTROLLER,phase-to-ground,A,0.5733,98.0,0.018,0.116,90,580,0.478799,0.817033,1.706421,0.3055,98.8,60.0,60.0024,9.86,0.644594,0.012119,0.00171,0.002589,0.000706,0.00195,0.000674,0.001441,0.000512,0.000993,0.000291,0.018801,0.002653,0.004016,0.001095,0.001046,0.000794,0.000451,0.000165,60.35,9.15,0.0724,4.8e-05,60.0
sag_12_02,sag_sim_12,SAG_0012_1p_phA_med,12,train,Sag,5,SCENARIO_CONTROLLER,phase-to-ground,A,0.5733,98.0,0.019,0.117,95,585,0.478805,0.817033,1.706399,0.3064,98.8,60.0,60.0024,9.86,0.644602,0.012126,0.001718,0.002581,0.000702,0.001958,0.000676,0.001433,0.000517,0.001,0.000283,0.018812,0.002665,0.004004,0.001089,0.001049,0.000802,0.000439,0.000165,60.36,9.16,0.0724,4.9e-05,60.0
sag_12_03,sag_sim_12,SAG_0012_1p_phA_med,12,train,Sag,5,SCENARIO_CONTROLLER,phase-to-ground,A,0.5733,98.0,0.02,0.118,100,590,0.478807,0.817033,1.706394,0.3065,98.8,60.0,60.0024,9.86,0.644603,0.012128,0.001719,0.00258,0.000701,0.001959,0.000676,0.001432,0.000518,0.001002,0.000279,0.018815,0.002667,0.004002,0.001087,0.001049,0.000804,0.000433,0.000165,60.36,9.16,0.0724,4.8e-05,60.0
sag_12_04,sag_sim_12,SAG_0012_1p_phA_med,12,train,Sag,5,SCENARIO_CONTROLLER,phase-to-ground,A,0.5733,98.0,0.021,0.119,105,595,0.478803,0.817033,1.706409,0.3055,98.8,60.0,60.0024,9.86,0.644598,0.012121,0.001714,0.002587,0.000688,0.001964,0.000684,0.001416,0.000539,0.000991,0.000286,0.018804,0.002659,0.004013,0.001067,0.001061,0.000836,0.000444,0.000165,60.36,9.17,0.0724,4.9e-05,60.0
sag_12_05,sag_sim_12,SAG_0012_1p_phA_med,12,train,Sag,5,SCENARIO_CONTROLLER,phase-to-ground,A,0.5733,98.0,0.022,0.12,110,600,0.478806,0.817033,1.706396,0.3047,98.8,60.0,60.0024,9.86,0.644602,0.012121,0.00171,0.00259,0.000684,0.001967,0.000682,0.001419,0.000537,0.000994,0.000282,0.018804,0.002653,0.004018,0.001061,0.001058,0.000833,0.000437,0.000165,60.36,9.17,0.0724,4.9e-05,60.0
sag_12_06,sag_sim_12,SAG_0012_1p_phA_med,12,train,Sag,5,SCENARIO_CONTROLLER,phase-to-ground,A,0.5733,98.0,0.023,0.121,115,605,0.478804,0.817033,1.706403,0.306,98.8,60.0,60.0024,9.86,0.6446,0.012119,0.001714,0.002586,0.000691,0.00196,0.00069,0.001411,0.000545,0.000986,0.000289,0.018801,0.002659,0.004012,0.001072,0.00107,0.000845,0.000448,0.000165,60.36,9.18,0.0724,5e-05,60.0
sag_12_07,sag_sim_12,SAG_0012_1p_phA_med,12,train,Sag,5,SCENARIO_CONTROLLER,phase-to-ground,A,0.5733,98.0,0.024,0.122,120,610,0.478808,0.817033,1.706391,0.3078,98.8,60.0,60.0024,9.86,0.644602,0.012108,0.001723,0.002577,0.000699,0.001955,0.000691,0.001416,0.000538,0.000992,0.000286,0.018784,0.002673,0.003998,0.001084,0.001072,0.000835,0.000444,0.000164,60.36,9.18,0.0724,5e-05,60.0
sag_12_08,sag_sim_12,SAG_0012_1p_phA_med,12,train,Sag,5,SCENARIO_CONTROLLER,phase-to-ground,A,0.5733,98.0,0.025,0.123,125,615,0.478806,0.817033,1.706396,0.3075,98.8,60.0,59.9978,9.85,0.6446,0.012108,0.001723,0.002584,0.000691,0.001959,0.000695,0.001404,0.000548,0.000988,0.000275,0.018784,0.002673,0.004009,0.001072,0.001078,0.00085,0.000427,0.000164,60.36,9.18,0.0724,5e-05,60.0
sag_12_09,sag_sim_12,SAG_0012_1p_phA_med,12,train,Sag,5,SCENARIO_CONTROLLER,phase-to-ground,A,0.5733,98.0,0.026,0.124,130,620,0.478803,0.817033,1.706409,0.3076,98.8,60.0,59.9978,9.85,0.644595,0.012107,0.00172,0.002593,0.000689,0.001948,0.000705,0.001412,0.000534,0.000994,0.000289,0.018782,0.002668,0.004023,0.001069,0.001094,0.000828,0.000448,0.000164,60.36,9.19,0.0724,4.9e-05,60.0
sag_12_10,sag_sim_12,SAG_0012_1p_phA_med,12,train,Sag,5,SCENARIO_CONTROLLER,phase-to-ground,A,0.5733,98.0,0.027,0.125,135,625,0.478798,0.817033,1.706426,0.3065,98.8,60.0,59.9978,9.85,0.644589,0.012113,0.001712,0.002586,0.000697,0.001953,0.000696,0.001404,0.000541,0.001,0.000285,0.018792,0.002656,0.004012,0.001081,0.00108,0.000839,0.000442,0.000164,60.36,9.2,0.0724,4.9e-05,60.0
sag_12_11,sag_sim_12,SAG_0012_1p_phA_med,12,train,Sag,5,SCENARIO_CONTROLLER,phase-to-ground,A,0.5733,98.0,0.028,0.126,140,630,0.478798,0.817033,1.706426,0.3061,98.8,60.0,59.9978,9.85,0.644588,0.012112,0.00171,0.002585,0.000703,0.001954,0.000689,0.001395,0.000543,0.001011,0.000294,0.01879,0.002653,0.00401,0.001091,0.001069,0.000842,0.000456,0.000164,60.36,9.21,0.0724,4.9e-05,60.0
sag_12_12,sag_sim_12,SAG_0012_1p_phA_med,12,train,Sag,5,SCENARIO_CONTROLLER,phase-to-ground,A,0.5733,98.0,0.029,0.127,145,635,0.478804,0.817033,1.706405,0.3063,98.8,60.0,59.9978,9.85,0.644596,0.012106,0.001709,0.002585,0.000711,0.00196,0.000688,0.00139,0.000534,0.001007,0.000292,0.018781,0.002651,0.00401,0.001103,0.001067,0.000828,0.000453,0.000164,60.36,9.21,0.0724,4.9e-05,60.0
sag_12_13,sag_sim_12,SAG_0012_1p_phA_med,12,train,Sag,5,SCENARIO_CONTROLLER,phase-to-ground,A,0.5733,98.0,0.03,0.128,150,640,0.478814,0.817033,1.706368,0.3053,98.8,60.0,59.9978,9.85,0.644607,0.012099,0.001699,0.002575,0.000709,0.001964,0.000696,0.001398,0.000539,0.001005,0.000289,0.01877,0.002636,0.003995,0.0011,0.00108,0.000836,0.000448,0.000164,60.36,9.22,0.0724,4.9e-05,60.0
sag_12_14,sag_sim_12,SAG_0012_1p_phA_med,12,train,Sag,5,SCENARIO_CONTROLLER,phase-to-ground,A,0.5733,98.0,0.031,0.129,155,645,0.478818,0.817033,1.706355,0.3047,98.8,60.0,59.9978,9.85,0.644611,0.0121,0.001696,0.002575,0.000707,0.001962,0.000694,0.001397,0.000539,0.001006,0.000291,0.018771,0.002631,0.003995,0.001097,0.001077,0.000836,0.000451,0.000164,60.36,9.22,0.0724,4.9e-05,60.0
sag_12_15,sag_sim_12,SAG_0012_1p_phA_med,12,train,Sag,5,SCENARIO_CONTROLLER,phase-to-ground,A,0.5733,98.0,0.032,0.13,160,650,0.478819,0.817033,1.706351,0.3054,98.8,60.0,59.9978,9.85,0.644612,0.012105,0.0017,0.002578,0.000711,0.001964,0.000693,0.001391,0.00053,0.000997,0.000285,0.018779,0.002637,0.003999,0.001103,0.001075,0.000822,0.000442,0.000164,60.36,9.21,0.0724,4.9e-05,60.0
sag_12_16,sag_sim_12,SAG_0012_1p_phA_med,12,train,Sag,5,SCENARIO_CONTROLLER,phase-to-ground,A,0.5733,98.0,0.033,0.131,165,655,0.47882,0.817033,1.706349,0.3058,98.8,60.0,60.0016,9.85,0.644612,0.01211,0.001706,0.002578,0.00071,0.00196,0.000687,0.001388,0.000531,0.001,0.000291,0.018786,0.002647,0.003999,0.001101,0.001066,0.000824,0.000451,0.000164,60.36,9.22,0.0724,5e-05,60.0
sag_12_17,sag_sim_12,SAG_0012_1p_phA_med,12,train,Sag,5,SCENARIO_CONTROLLER,phase-to-ground,A,0.5733,98.0,0.034,0.132,170,660,0.478822,0.817033,1.70634,0.3055,98.8,60.0,60.0016,9.85,0.644616,0.012106,0.001703,0.002589,0.00072,0.00196,0.000677,0.001381,0.000536,0.001012,0.000294,0.01878,0.002642,0.004016,0.001117,0.00105,0.000832,0.000456,0.000164,60.36,9.23,0.0724,5e-05,60.0
sag_12_18,sag_sim_12,SAG_0012_1p_phA_med,12,train,Sag,5,SCENARIO_CONTROLLER,phase-to-ground,A,0.5733,98.0,0.035,0.133,175,665,0.47882,0.817033,1.706349,0.3054,98.8,60.0,60.0016,9.85,0.644612,0.012107,0.001701,0.002584,0.000719,0.001967,0.000682,0.001374,0.00053,0.001014,0.000301,0.018782,0.002639,0.004009,0.001115,0.001058,0.000822,0.000467,0.000164,60.36,9.23,0.0724,5e-05,60.0
sag_12_19,sag_sim_12,SAG_0012_1p_phA_med,12,train,Sag,5,SCENARIO_CONTROLLER,phase-to-ground,A,0.5733,98.0,0.036,0.134,180,670,0.478828,0.817033,1.70632,0.3068,98.8,60.0,60.0016,9.85,0.644623,0.012115,0.001713,0.002575,0.00071,0.001972,0.000689,0.001366,0.000527,0.001021,0.000301,0.018794,0.002657,0.003995,0.001101,0.001069,0.000818,0.000467,0.000164,60.36,9.23,0.0724,5e-05,60.0
sag_12_20,sag_sim_12,SAG_0012_1p_phA_med,12,train,Sag,5,SCENARIO_CONTROLLER,phase-to-ground,A,0.5733,98.0,0.037,0.135,185,675,0.478828,0.817033,1.706318,0.307,98.8,60.0,60.0016,9.85,0.644623,0.012116,0.001716,0.00257,0.000709,0.001979,0.000684,0.001368,0.000533,0.001011,0.000308,0.018795,0.002662,0.003987,0.0011,0.001061,0.000827,0.000478,0.000165,60.36,9.24,0.0724,5.1e-05,60.0
sag_12_21,sag_sim_12,SAG_0012_1p_phA_med,12,train,Sag,5,SCENARIO_CONTROLLER,phase-to-ground,A,0.5733,98.0,0.038,0.136,190,680,0.478825,0.817033,1.706329,0.3077,98.8,60.0,60.0016,9.85,0.64462,0.012115,0.001721,0.002565,0.000713,0.001977,0.000681,0.001372,0.000527,0.001019,0.000301,0.018794,0.00267,0.003979,0.001106,0.001056,0.000818,0.000467,0.000164,60.36,9.23,0.0724,5.1e-05,60.0
sag_12_22,sag_sim_12,SAG_0012_1p_phA_med,12,train,Sag,5,SCENARIO_CONTROLLER,phase-to-ground,A,0.5733,98.0,0.039,0.137,195,685,0.478832,0.817033,1.706306,0.3058,98.8,60.0,60.0016,9.85,0.644627,0.012113,0.001714,0.002567,0.000706,0.001986,0.000671,0.001381,0.000516,0.001029,0.000291,0.018791,0.002659,0.003982,0.001095,0.001041,0.0008,0.000451,0.000164,60.36,9.23,0.0724,5.1e-05,60.0
sag_12_23,sag_sim_12,SAG_0012_1p_phA_med,12,train,Sag,5,SCENARIO_CONTROLLER,phase-to-ground,A,0.5733,98.0,0.04,0.138,200,690,0.478826,0.817033,1.706326,0.3059,98.8,60.0,60.0016,9.85,0.644621,0.012118,0.001717,0.002573,0.000704,0.001988,0.000667,0.001392,0.000504,0.001041,0.000276,0.018799,0.002664,0.003991,0.001092,0.001035,0.000782,0.000428,0.000165,60.36,9.23,0.0724,5.2e-05,60.0
sag_12_24,sag_sim_12,SAG_0012_1p_phA_med,12,train,Sag,5,SCENARIO_CONTROLLER,phase-to-ground,A,0.5733,98.0,0.041,0.139,205,695,0.478829,0.817033,1.706314,0.308,98.8,60.0,60.0016,9.85,0.644624,0.012106,0.001727,0.002563,0.000714,0.001982,0.00067,0.001399,0.000494,0.001051,0.000269,0.01878,0.002679,0.003976,0.001108,0.001039,0.000766,0.000417,0.000164,60.36,9.24,0.0724,5e-05,60.0
sag_12_25,sag_sim_12,SAG_0012_1p_phA_med,12,train,Sag,5,SCENARIO_CONTROLLER,phase-to-ground,A,0.5733,98.0,0.042,0.14,210,700,0.47883,0.817033,1.70631,0.3078,98.8,60.0,60.0017,9.85,0.644625,0.012109,0.001725,0.002558,0.000719,0.001981,0.000666,0.001404,0.000494,0.001047,0.000274,0.018785,0.002676,0.003968,0.001115,0.001033,0.000766,0.000425,0.000164,60.36,9.23,0.0724,5.1e-05,60.0
sag_12_26,sag_sim_12,SAG_0012_1p_phA_med,12,train,Sag,5,SCENARIO_CONTROLLER,phase-to-ground,A,0.5733,98.0,0.043,0.141,215,705,0.47883,0.817033,1.70631,0.3072,98.8,60.0,60.0017,9.85,0.644626,0.012113,0.001721,0.00255,0.000728,0.001982,0.000655,0.001406,0.000507,0.001035,0.000263,0.018791,0.00267,0.003956,0.001129,0.001016,0.000787,0.000408,0.000164,60.36,9.23,0.0724,5.2e-05,60.0
sag_12_27,sag_sim_12,SAG_0012_1p_phA_med,12,train,Sag,5,SCENARIO_CONTROLLER,phase-to-ground,A,0.5733,98.0,0.044,0.142,220,710,0.478831,0.817033,1.706309,0.3072,98.8,60.0,60.0017,9.85,0.644627,0.012113,0.001721,0.00255,0.000729,0.001981,0.000653,0.001405,0.000509,0.001036,0.000261,0.018791,0.00267,0.003956,0.001131,0.001013,0.00079,0.000405,0.000164,60.36,9.23,0.0724,5.2e-05,60.0
sag_12_28,sag_sim_12,SAG_0012_1p_phA_med,12,train,Sag,5,SCENARIO_CONTROLLER,phase-to-ground,A,0.5733,98.0,0.045,0.143,225,715,0.478823,0.817033,1.706335,0.3066,98.8,60.0,60.0017,9.85,0.644617,0.012122,0.001715,0.002542,0.000726,0.001988,0.00066,0.001408,0.000503,0.00103,0.000259,0.018805,0.00266,0.003943,0.001126,0.001024,0.00078,0.000402,0.000165,60.36,9.23,0.0724,5e-05,60.0
sag_12_29,sag_sim_12,SAG_0012_1p_phA_med,12,train,Sag,5,SCENARIO_CONTROLLER,phase-to-ground,A,0.5733,98.0,0.046,0.144,230,720,0.478819,0.817033,1.706349,0.3064,98.8,60.0,60.0017,9.85,0.644613,0.012126,0.001715,0.002541,0.000721,0.001985,0.000663,0.001412,0.000509,0.001031,0.000258,0.018811,0.002661,0.003942,0.001119,0.001029,0.00079,0.0004,0.000165,60.36,9.22,0.0724,5.2e-05,60.0
sag_12_30,sag_sim_12,SAG_0012_1p_phA_med,12,train,Sag,5,SCENARIO_CONTROLLER,phase-to-ground,A,0.5733,98.0,0.047,0.145,235,725,0.478815,0.817033,1.706367,0.3077,98.8,60.0,60.0017,9.85,0.644607,0.012127,0.001721,0.002546,0.000726,0.00199,0.000666,0.001416,0.000512,0.001031,0.000259,0.018813,0.00267,0.00395,0.001126,0.001033,0.000794,0.000402,0.000165,60.36,9.22,0.0724,5.2e-05,60.0
sag_12_31,sag_sim_12,SAG_0012_1p_phA_med,12,train,Sag,5,SCENARIO_CONTROLLER,phase-to-ground,A,0.5733,98.0,0.048,0.146,240,730,0.478809,0.817033,1.706386,0.3077,98.8,60.0,60.0017,9.85,0.644602,0.012122,0.001723,0.00254,0.000725,0.001987,0.000664,0.001411,0.000506,0.001026,0.000253,0.018805,0.002673,0.00394,0.001125,0.00103,0.000785,0.000392,0.000165,60.36,9.21,0.0724,5.2e-05,60.0
sag_12_32,sag_sim_12,SAG_0012_1p_phA_med,12,train,Sag,5,SCENARIO_CONTROLLER,phase-to-ground,A,0.5733,98.0,0.049,0.147,245,735,0.478811,0.817033,1.706381,0.3084,98.8,60.0,60.0017,9.85,0.644604,0.012124,0.001723,0.002545,0.00073,0.001994,0.000672,0.001415,0.000506,0.001025,0.000243,0.018808,0.002673,0.003948,0.001132,0.001043,0.000785,0.000377,0.000165,60.36,9.21,0.0724,5.3e-05,60.0
sag_13_01,sag_sim_13,SAG_0013_1p_phB_deep,13,train,Sag,5,SCENARIO_CONTROLLER,phase-to-ground,B,0.4024,88.0,0.0176,0.1056,88,528,0.572407,0.827042,1.44485,0.1734,0.0,60.0,60.0012,38.84,0.809453,0.000828,0.001241,0.001138,0.000608,0.000281,0.000244,0.000142,0.000369,0.000424,0.000501,0.001023,0.001533,0.001406,0.000751,0.000301,0.000456,0.000619,5e-06,60.03,4.43,0.0003,1.2e-05,60.0
sag_13_02,sag_sim_13,SAG_0013_1p_phB_deep,13,train,Sag,5,SCENARIO_CONTROLLER,phase-to-ground,B,0.4024,88.0,0.0186,0.1066,93,533,0.572407,0.827042,1.444848,0.1731,0.0,60.0,60.0012,38.84,0.809454,0.000827,0.001239,0.001142,0.000607,0.000275,0.000243,0.000149,0.000364,0.000417,0.000507,0.001022,0.001531,0.001411,0.00075,0.0003,0.00045,0.000626,5e-06,60.03,4.43,0.0003,1.2e-05,60.0
sag_13_03,sag_sim_13,SAG_0013_1p_phB_deep,13,train,Sag,5,SCENARIO_CONTROLLER,phase-to-ground,B,0.4024,88.0,0.0196,0.1076,98,538,0.572413,0.827042,1.444834,0.1723,0.0,60.0,60.0012,38.84,0.809462,0.000829,0.001232,0.00115,0.000606,0.000266,0.000246,0.000151,0.000355,0.000422,0.000512,0.001024,0.001522,0.001421,0.000749,0.000304,0.000439,0.000633,5e-06,60.03,4.43,0.0003,1.2e-05,60.0
sag_13_04,sag_sim_13,SAG_0013_1p_phB_deep,13,train,Sag,5,SCENARIO_CONTROLLER,phase-to-ground,B,0.4024,88.0,0.0206,0.1086,103,543,0.572417,0.827042,1.444824,0.1723,0.0,60.0,60.0012,38.84,0.809467,0.000825,0.001234,0.00115,0.000604,0.00027,0.000242,0.000155,0.000354,0.000422,0.000513,0.001019,0.001524,0.001421,0.000746,0.000299,0.000437,0.000634,5e-06,60.03,4.43,0.0003,1.2e-05,60.0
sag_13_05,sag_sim_13,SAG_0013_1p_phB_deep,13,train,Sag,5,SCENARIO_CONTROLLER,phase-to-ground,B,0.4024,88.0,0.0216,0.1096,108,548,0.572412,0.827042,1.444837,0.1708,0.0,60.0,60.0012,38.84,0.80946,0.000834,0.001225,0.001159,0.000595,0.000279,0.000237,0.000162,0.000349,0.000424,0.000514,0.00103,0.001513,0.001432,0.000735,0.000293,0.000431,0.000635,5e-06,60.03,4.42,0.0003,1.2e-05,60.0
sag_13_06,sag_sim_13,SAG_0013_1p_phB_deep,13,train,Sag,5,SCENARIO_CONTROLLER,phase-to-ground,B,0.4024,88.0,0.0226,0.1106,113,553,0.572415,0.827042,1.444829,0.1719,0.0,60.0,60.0012,38.84,0.809464,0.000829,0.001231,0.001153,0.000601,0.000272,0.000245,0.000153,0.000358,0.000414,0.000524,0.001024,0.001521,0.001424,0.000742,0.000303,0.000442,0.000647,5e-06,60.03,4.43,0.0003,1.2e-05,60.0
sag_13_07,sag_sim_13,SAG_0013_1p_phB_deep,13,train,Sag,5,SCENARIO_CONTROLLER,phase-to-ground,B,0.4024,88.0,0.0236,0.1116,118,558,0.572417,0.827042,1.444824,0.1707,0.0,60.0,60.0012,38.83,0.809467,0.000828,0.001225,0.001162,0.000593,0.000279,0.00024,0.00015,0.000365,0.000404,0.000534,0.001023,0.001513,0.001436,0.000733,0.000296,0.000451,0.00066,5e-06,60.03,4.42,0.0003,1.2e-05,60.0
sag_13_08,sag_sim_13,SAG_0013_1p_phB_deep,13,train,Sag,5,SCENARIO_CONTROLLER,phase-to-ground,B,0.4024,88.0,0.0246,0.1126,123,563,0.572417,0.827042,1.444824,0.1706,0.0,60.0,60.0034,38.75,0.809467,0.000827,0.001226,0.001162,0.00059,0.000283,0.000236,0.000149,0.00037,0.000397,0.00054,0.001022,0.001515,0.001436,0.000729,0.000292,0.000457,0.000667,5e-06,60.03,4.43,0.0003,1.2e-05,60.0
sag_13_09,sag_sim_13,SAG_0013_1p_phB_deep,13,train,Sag,5,SCENARIO_CONTROLLER,phase-to-ground,B,0.4024,88.0,0.0256,0.1136,128,568,0.572422,0.827042,1.444811,0.1712,0.0,60.0,60.0034,38.75,0.809475,0.000807,0.001234,0.001178,0.000579,0.000282,0.000249,0.000144,0.000362,0.000405,0.000541,0.000997,0.001524,0.001455,0.000715,0.000308,0.000447,0.000668,5e-06,60.03,4.43,0.0003,1.2e-05,60.0
sag_13_10,sag_sim_13,SAG_0013_1p_phB_deep,13,train,Sag,5,SCENARIO_CONTROLLER,phase-to-ground,B,0.4024,88.0,0.0266,0.1146,133,573,0.57242,0.827042,1.444817,0.1716,0.0,60.0,60.0034,38.75,0.809471,0.000811,0.001239,0.001177,0.000572,0.000284,0.000256,0.000145,0.000354,0.000406,0.000549,0.001002,0.001531,0.001454,0.000707,0.000316,0.000437,0.000678,5e-06,60.03,4.45,0.0003,1.2e-05,60.0
sag_13_11,sag_sim_13,SAG_0013_1p_phB_deep,13,train,Sag,5,SCENARIO_CONTROLLER,phase-to-ground,B,0.4024,88.0,0.0276,0.1156,138,578,0.572426,0.827042,1.444802,0.1706,0.0,60.0,60.0034,38.76,0.80948,0.000808,0.00123,0.001171,0.000573,0.00029,0.000256,0.000142,0.00035,0.000406,0.000551,0.000998,0.001519,0.001447,0.000708,0.000316,0.000432,0.000681,5e-06,60.03,4.45,0.0003,1.2e-05,60.0
sag_13_12,sag_sim_13,SAG_0013_1p_phB_deep,13,train,Sag,5,SCENARIO_CONTROLLER,phase-to-ground,B,0.4024,88.0,0.0286,0.1166,143,583,0.572424,0.827042,1.444806,0.1703,0.0,60.0,60.0034,38.76,0.809477,0.000803,0.001225,0.001167,0.000574,0.000301,0.000267,0.00015,0.000346,0.000392,0.000538,0.000992,0.001513,0.001442,0.000709,0.00033,0.000427,0.000665,5e-06,60.03,4.44,0.0003,1.2e-05,60.0
sag_13_13,sag_sim_13,SAG_0013_1p_phB_deep,13,train,Sag,5,SCENARIO_CONTROLLER,phase-to-ground,B,0.4024,88.0,0.0296,0.1176,148,588,0.572426,0.827042,1.444802,0.1707,0.0,60.0,60.0034,38.75,0.809479,0.000805,0.001227,0.001169,0.000576,0.000304,0.000269,0.000152,0.000347,0.000393,0.000536,0.000994,0.001516,0.001444,0.000712,0.000332,0.000429,0.000662,5e-06,60.03,4.44,0.0003,1.2e-05,60.0
sag_13_14,sag_sim_13,SAG_0013_1p_phB_deep,13,train,Sag,5,SCENARIO_CONTROLLER,phase-to-ground,B,0.4024,88.0,0.0306,0.1186,153,593,0.572425,0.827042,1.444803,0.1706,0.0,60.0,60.0034,38.75,0.809479,0.000805,0.001226,0.001168,0.000574,0.000305,0.000271,0.000152,0.000349,0.000396,0.000541,0.000994,0.001515,0.001443,0.000709,0.000335,0.000431,0.000668,5e-06,60.03,4.44,0.0003,1.2e-05,60.0
sag_13_15,sag_sim_13,SAG_0013_1p_phB_deep,13,train,Sag,5,SCENARIO_CONTROLLER,phase-to-ground,B,0.4024,88.0,0.0316,0.1196,158,598,0.572426,0.827042,1.444801,0.1706,0.0,60.0,60.0034,38.74,0.80948,0.000806,0.001227,0.001168,0.000573,0.000305,0.000271,0.00015,0.000348,0.000395,0.00054,0.000996,0.001516,0.001443,0.000708,0.000335,0.00043,0.000667,5e-06,60.03,4.45,0.0003,1.2e-05,60.0
sag_13_16,sag_sim_13,SAG_0013_1p_phB_deep,13,train,Sag,5,SCENARIO_CONTROLLER,phase-to-ground,B,0.4024,88.0,0.0326,0.1206,163,603,0.572425,0.827042,1.444803,0.171,0.0,60.0,60.0013,38.83,0.809479,0.000806,0.001229,0.001171,0.000576,0.000308,0.000274,0.000151,0.000347,0.000391,0.000533,0.000996,0.001518,0.001447,0.000712,0.000338,0.000429,0.000658,5e-06,60.03,4.43,0.0003,1.2e-05,60.0
sag_13_17,sag_sim_13,SAG_0013_1p_phB_deep,13,train,Sag,5,SCENARIO_CONTROLLER,phase-to-ground,B,0.4024,88.0,0.0336,0.1216,168,608,0.572427,0.827042,1.444799,0.1713,0.0,60.0,60.0013,38.83,0.809481,0.000813,0.001232,0.001166,0.000572,0.000307,0.000277,0.000151,0.000344,0.00039,0.000537,0.001004,0.001522,0.00144,0.000707,0.000342,0.000425,0.000663,5e-06,60.03,4.42,0.0003,1.2e-05,60.0
sag_13_18,sag_sim_13,SAG_0013_1p_phB_deep,13,train,Sag,5,SCENARIO_CONTROLLER,phase-to-ground,B,0.4024,88.0,0.0346,0.1226,173,613,0.572424,0.827042,1.444806,0.1712,0.0,60.0,60.0013,38.83,0.809477,0.000805,0.001233,0.001173,0.000571,0.000302,0.000273,0.000156,0.000348,0.000387,0.000533,0.000994,0.001523,0.001449,0.000705,0.000337,0.00043,0.000658,5e-06,60.03,4.42,0.0003,1.2e-05,60.0
sag_13_19,sag_sim_13,SAG_0013_1p_phB_deep,13,train,Sag,5,SCENARIO_CONTROLLER,phase-to-ground,B,0.4024,88.0,0.0356,0.1236,178,618,0.572425,0.827042,1.444803,0.1711,0.0,60.0,60.0013,38.83,0.809479,0.000805,0.001232,0.001177,0.000567,0.000299,0.000279,0.000152,0.000341,0.000396,0.000535,0.000994,0.001522,0.001454,0.0007,0.000345,0.000421,0.000661,5e-06,60.03,4.42,0.0003,1.2e-05,60.0
sag_13_20,sag_sim_13,SAG_0013_1p_phB_deep,13,train,Sag,5,SCENARIO_CONTROLLER,phase-to-ground,B,0.4024,88.0,0.0366,0.1246,183,623,0.57242,0.827042,1.444816,0.1716,0.0,60.0,60.0013,38.83,0.809472,0.000807,0.001234,0.00117,0.000576,0.000296,0.000274,0.000161,0.000332,0.000398,0.000543,0.000997,0.001524,0.001445,0.000712,0.000338,0.00041,0.000671,5e-06,60.03,4.39,0.0003,1.2e-05,60.0
sag_13_21,sag_sim_13,SAG_0013_1p_phB_deep,13,train,Sag,5,SCENARIO_CONTROLLER,phase-to-ground,B,0.4024,88.0,0.0376,0.1256,188,628,0.572415,0.827042,1.444828,0.1718,0.0,60.0,60.0013,38.83,0.809465,0.000812,0.001232,0.001169,0.00058,0.000289,0.000279,0.000158,0.00033,0.000404,0.000536,0.001003,0.001522,0.001444,0.000717,0.000345,0.000408,0.000662,5e-06,60.03,4.4,0.0003,1.2e-05,60.0
sag_13_22,sag_sim_13,SAG_0013_1p_phB_deep,13,train,Sag,5,SCENARIO_CONTROLLER,phase-to-ground,B,0.4024,88.0,0.0386,0.1266,193,633,0.572413,0.827042,1.444834,0.1713,0.0,60.0,60.0013,38.83,0.809462,0.000815,0.001229,0.001172,0.000577,0.000289,0.000281,0.000157,0.000333,0.0004,0.000541,0.001007,0.001518,0.001448,0.000713,0.000347,0.000411,0.000668,5e-06,60.03,4.4,0.0003,1.2e-05,60.0
sag_13_23,sag_sim_13,SAG_0013_1p_phB_deep,13,train,Sag,5,SCENARIO_CONTROLLER,phase-to-ground,B,0.4024,88.0,0.0396,0.1276,198,638,0.572418,0.827042,1.444821,0.1712,0.0,60.0,60.0013,38.83,0.809469,0.000808,0.001232,0.001174,0.000571,0.000293,0.000275,0.000164,0.000327,0.000405,0.000537,0.000998,0.001522,0.00145,0.000705,0.00034,0.000404,0.000663,5e-06,60.03,4.4,0.0003,1.2e-05,60.0
sag_13_24,sag_sim_13,SAG_0013_1p_phB_deep,13,train,Sag,5,SCENARIO_CONTROLLER,phase-to-ground,B,0.4024,88.0,0.0406,0.1286,203,643,0.572418,0.827042,1.444821,0.1713,0.0,60.0,60.0013,38.83,0.809469,0.000806,0.001234,0.001173,0.00057,0.000295,0.000271,0.000167,0.000326,0.000402,0.000542,0.000996,0.001524,0.001449,0.000704,0.000335,0.000403,0.00067,5e-06,60.03,4.4,0.0003,1.2e-05,60.0
sag_13_25,sag_sim_13,SAG_0013_1p_phB_deep,13,train,Sag,5,SCENARIO_CONTROLLER,phase-to-ground,B,0.4024,88.0,0.0416,0.1296,208,648,0.572417,0.827042,1.444823,0.1711,0.0,60.0,59.9997,38.86,0.809468,0.000809,0.001232,0.001171,0.000572,0.000295,0.000268,0.000169,0.00033,0.000396,0.000545,0.000999,0.001522,0.001447,0.000707,0.000331,0.000408,0.000673,5e-06,60.03,4.42,0.0003,1.2e-05,60.0
sag_13_26,sag_sim_13,SAG_0013_1p_phB_deep,13,train,Sag,5,SCENARIO_CONTROLLER,phase-to-ground,B,0.4024,88.0,0.0426,0.1306,213,653,0.572416,0.827042,1.444825,0.1706,0.0,60.0,59.9997,38.86,0.809466,0.000816,0.001226,0.001165,0.000583,0.000291,0.000257,0.000178,0.000339,0.000381,0.000547,0.001008,0.001515,0.001439,0.00072,0.000317,0.000419,0.000676,5e-06,60.03,4.42,0.0003,1.2e-05,60.0
sag_13_27,sag_sim_13,SAG_0013_1p_phB_deep,13,train,Sag,5,SCENARIO_CONTROLLER,phase-to-ground,B,0.4024,88.0,0.0436,0.1316,218,658,0.572417,0.827042,1.444824,0.1706,0.0,60.0,59.9997,38.86,0.809467,0.000814,0.001225,0.001167,0.000585,0.000288,0.000254,0.000181,0.000344,0.000379,0.000541,0.001006,0.001513,0.001442,0.000723,0.000314,0.000425,0.000668,5e-06,60.03,4.43,0.0003,1.2e-05,60.0
sag_13_28,sag_sim_13,SAG_0013_1p_phB_deep,13,train,Sag,5,SCENARIO_CONTROLLER,phase-to-ground,B,0.4024,88.0,0.0446,0.1326,223,663,0.57242,0.827042,1.444816,0.1702,0.0,60.0,59.9997,38.86,0.809472,0.000814,0.001221,0.001163,0.000583,0.000292,0.000257,0.000181,0.000342,0.000378,0.000542,0.001006,0.001508,0.001437,0.00072,0.000317,0.000422,0.00067,5e-06,60.03,4.42,0.0003,1.3e-05,60.0
sag_13_29,sag_sim_13,SAG_0013_1p_phB_deep,13,train,Sag,5,SCENARIO_CONTROLLER,phase-to-ground,B,0.4024,88.0,0.0456,0.1336,228,668,0.57242,0.827042,1.444818,0.17,0.0,60.0,59.9997,38.86,0.809471,0.000813,0.00122,0.001162,0.000582,0.000291,0.000258,0.000183,0.000345,0.000382,0.000544,0.001004,0.001507,0.001436,0.000719,0.000319,0.000426,0.000672,5e-06,60.03,4.42,0.0003,1.3e-05,60.0
sag_13_30,sag_sim_13,SAG_0013_1p_phB_deep,13,train,Sag,5,SCENARIO_CONTROLLER,phase-to-ground,B,0.4024,88.0,0.0466,0.1346,233,673,0.572422,0.827042,1.444811,0.1703,0.0,60.0,59.9997,38.86,0.809474,0.000816,0.001223,0.001164,0.000583,0.000288,0.000253,0.000177,0.000339,0.000374,0.000537,0.001008,0.001511,0.001438,0.00072,0.000313,0.000419,0.000663,5e-06,60.03,4.44,0.0003,1.3e-05,60.0
sag_13_31,sag_sim_13,SAG_0013_1p_phB_deep,13,train,Sag,5,SCENARIO_CONTROLLER,phase-to-ground,B,0.4024,88.0,0.0476,0.1356,238,678,0.572414,0.827042,1.44483,0.1688,0.0,60.0,59.9997,38.86,0.809464,0.000804,0.001213,0.001157,0.00058,0.000281,0.000244,0.000173,0.000336,0.000372,0.000533,0.000993,0.001499,0.001429,0.000717,0.000301,0.000415,0.000658,4e-06,60.03,4.46,0.0003,1.2e-05,60.0
sag_13_32,sag_sim_13,SAG_0013_1p_phB_deep,13,train,Sag,5,SCENARIO_CONTROLLER,phase-to-ground,B,0.4024,88.0,0.0486,0.1366,243,683,0.572415,0.827042,1.444828,0.1678,0.0,60.0,59.9997,38.86,0.809465,0.000802,0.001206,0.001149,0.000575,0.000278,0.000245,0.000182,0.000349,0.000384,0.000544,0.000991,0.00149,0.001419,0.00071,0.000303,0.000431,0.000672,4e-06,60.03,4.45,0.0003,1.2e-05,60.0
sag_14_01,sag_sim_14,SAG_0014_1p_phB_med,14,val,Sag,5,SCENARIO_CONTROLLER,phase-to-ground,B,0.5678,111.2,0.0182,0.1294,91,647,0.577725,0.82823,1.433606,0.1472,0.0,60.0,59.9989,41.24,0.816996,0.001269,0.001128,0.000377,0.00038,0.00026,0.000175,5e-05,0.000396,0.000395,5.2e-05,0.001553,0.001381,0.000461,0.000465,0.000214,0.000485,6.4e-05,4e-06,60.02,4.03,0.0002,1.1e-05,60.0
sag_14_02,sag_sim_14,SAG_0014_1p_phB_med,14,val,Sag,5,SCENARIO_CONTROLLER,phase-to-ground,B,0.5678,111.2,0.0192,0.1304,96,652,0.577728,0.82823,1.433599,0.1469,0.0,60.0,59.9989,41.24,0.817,0.001271,0.001125,0.000375,0.000385,0.000261,0.000169,4.5e-05,0.000401,0.000391,4.6e-05,0.001556,0.001377,0.000459,0.000471,0.000207,0.000491,5.6e-05,4e-06,60.02,4.03,0.0002,1.1e-05,60.0
sag_14_03,sag_sim_14,SAG_0014_1p_phB_med,14,val,Sag,5,SCENARIO_CONTROLLER,phase-to-ground,B,0.5678,111.2,0.0202,0.1314,101,657,0.577726,0.82823,1.433603,0.1472,0.0,60.0,59.9989,41.24,0.816998,0.001269,0.001128,0.000372,0.000384,0.000265,0.000166,4.1e-05,0.000406,0.000385,4e-05,0.001553,0.001381,0.000455,0.00047,0.000203,0.000497,4.9e-05,4e-06,60.02,4.02,0.0002,1.1e-05,60.0
sag_14_04,sag_sim_14,SAG_0014_1p_phB_med,14,val,Sag,5,SCENARIO_CONTROLLER,phase-to-ground,B,0.5678,111.2,0.0212,0.1324,106,662,0.577738,0.82823,1.433575,0.1468,0.0,60.0,59.9989,41.24,0.817014,0.001282,0.001129,0.000375,0.000373,0.000278,0.000158,4e-05,0.000414,0.000382,4.6e-05,0.001569,0.001382,0.000459,0.000457,0.000193,0.000507,5.6e-05,4e-06,60.02,4.01,0.0002,1.1e-05,60.0
sag_14_05,sag_sim_14,SAG_0014_1p_phB_med,14,val,Sag,5,SCENARIO_CONTROLLER,phase-to-ground,B,0.5678,111.2,0.0222,0.1334,111,667,0.577742,0.82823,1.433564,0.1478,0.0,60.0,59.9989,41.23,0.81702,0.001283,0.001135,0.000368,0.00038,0.000272,0.000161,3.9e-05,0.000411,0.000379,4.1e-05,0.00157,0.001389,0.00045,0.000465,0.000197,0.000503,5e-05,4e-06,60.02,4.02,0.0002,1.1e-05,60.0
sag_14_06,sag_sim_14,SAG_0014_1p_phB_med,14,val,Sag,5,SCENARIO_CONTROLLER,phase-to-ground,B,0.5678,111.2,0.0232,0.1344,116,672,0.57774,0.82823,1.433569,0.147,0.0,60.0,59.9989,41.24,0.817017,0.001282,0.001131,0.000373,0.000374,0.000279,0.000154,4.7e-05,0.000402,0.000384,3.2e-05,0.001569,0.001384,0.000457,0.000458,0.000188,0.000492,3.9e-05,4e-06,60.02,4.03,0.0002,1.1e-05,60.0
sag_14_07,sag_sim_14,SAG_0014_1p_phB_med,14,val,Sag,5,SCENARIO_CONTROLLER,phase-to-ground,B,0.5678,111.2,0.0242,0.1354,121,677,0.577744,0.82823,1.43356,0.1464,0.0,60.0,59.9989,41.24,0.817022,0.001272,0.00113,0.000381,0.000365,0.000286,0.000148,5.2e-05,0.000399,0.000384,3e-05,0.001557,0.001383,0.000466,0.000447,0.000181,0.000488,3.7e-05,4e-06,60.02,4.03,0.0002,1.1e-05,60.0
sag_14_08,sag_sim_14,SAG_0014_1p_phB_med,14,val,Sag,5,SCENARIO_CONTROLLER,phase-to-ground,B,0.5678,111.2,0.0252,0.1364,126,682,0.577744,0.82823,1.433559,0.1467,0.0,60.0,60.0016,41.22,0.817023,0.001274,0.001133,0.000381,0.000362,0.00029,0.000146,5.2e-05,0.000401,0.000381,3.3e-05,0.001559,0.001387,0.000466,0.000443,0.000179,0.000491,4e-05,4e-06,60.02,4.02,0.0002,1.1e-05,60.0
sag_14_09,sag_sim_14,SAG_0014_1p_phB_med,14,val,Sag,5,SCENARIO_CONTROLLER,phase-to-ground,B,0.5678,111.2,0.0262,0.1374,131,687,0.577747,0.82823,1.433552,0.1474,0.0,60.0,60.0016,41.22,0.817027,0.001279,0.001141,0.000391,0.000352,0.000288,0.000155,4.3e-05,0.000403,0.000388,2.8e-05,0.001565,0.001397,0.000479,0.000431,0.00019,0.000493,3.4e-05,4e-06,60.02,4.02,0.0002,1.1e-05,60.0
sag_14_10,sag_sim_14,SAG_0014_1p_phB_med,14,val,Sag,5,SCENARIO_CONTROLLER,phase-to-ground,B,0.5678,111.2,0.0272,0.1384,136,692,0.577738,0.82823,1.433574,0.1478,0.0,60.0,60.0016,41.22,0.817015,0.001284,0.001147,0.000377,0.000342,0.000303,0.000162,2.8e-05,0.00041,0.000399,2.7e-05,0.001572,0.001404,0.000461,0.000419,0.000198,0.000502,3.3e-05,4e-06,60.02,4.02,0.0002,1.1e-05,60.0
sag_14_11,sag_sim_14,SAG_0014_1p_phB_med,14,val,Sag,5,SCENARIO_CONTROLLER,phase-to-ground,B,0.5678,111.2,0.0282,0.1394,141,697,0.577737,0.82823,1.433576,0.1479,0.0,60.0,60.0016,41.22,0.817013,0.001285,0.001148,0.000379,0.000343,0.000303,0.000159,2.8e-05,0.000412,0.000401,2.8e-05,0.001573,0.001405,0.000464,0.00042,0.000195,0.000504,3.4e-05,4e-06,60.02,4.03,0.0002,1.1e-05,60.0
sag_14_12,sag_sim_14,SAG_0014_1p_phB_med,14,val,Sag,5,SCENARIO_CONTROLLER,phase-to-ground,B,0.5678,111.2,0.0292,0.1404,146,702,0.577749,0.82823,1.433548,0.1471,0.0,60.0,60.0016,41.22,0.817029,0.001272,0.001146,0.000374,0.00033,0.00029,0.000153,3.6e-05,0.000423,0.00041,3.7e-05,0.001557,0.001403,0.000458,0.000404,0.000187,0.000518,4.5e-05,4e-06,60.02,4.03,0.0002,1.1e-05,60.0
sag_14_13,sag_sim_14,SAG_0014_1p_phB_med,14,val,Sag,5,SCENARIO_CONTROLLER,phase-to-ground,B,0.5678,111.2,0.0302,0.1414,151,707,0.577744,0.82823,1.433559,0.1457,0.0,60.0,60.0016,41.22,0.817023,0.001272,0.001137,0.000364,0.000321,0.000283,0.00015,4.8e-05,0.000436,0.000417,4.9e-05,0.001557,0.001392,0.000446,0.000393,0.000184,0.000534,6e-05,4e-06,60.02,4.03,0.0002,1.1e-05,60.0
sag_14_14,sag_sim_14,SAG_0014_1p_phB_med,14,val,Sag,5,SCENARIO_CONTROLLER,phase-to-ground,B,0.5678,111.2,0.0312,0.1424,156,712,0.577744,0.82823,1.43356,0.1459,0.0,60.0,60.0016,41.22,0.817022,0.001269,0.001137,0.000367,0.000324,0.000286,0.000153,4.3e-05,0.000432,0.000425,5.6e-05,0.001553,0.001392,0.000449,0.000397,0.000187,0.000529,6.9e-05,4e-06,60.02,4.04,0.0002,1.1e-05,60.0
sag_14_15,sag_sim_14,SAG_0014_1p_phB_med,14,val,Sag,5,SCENARIO_CONTROLLER,phase-to-ground,B,0.5678,111.2,0.0322,0.1434,161,717,0.577743,0.82823,1.433561,0.1463,0.0,60.0,60.0016,41.21,0.817021,0.001265,0.001139,0.000371,0.000328,0.00029,0.000156,4.7e-05,0.000434,0.000418,4.8e-05,0.001548,0.001394,0.000454,0.000401,0.000191,0.000531,5.9e-05,4e-06,60.02,4.04,0.0002,1.1e-05,60.0
sag_14_16,sag_sim_14,SAG_0014_1p_phB_med,14,val,Sag,5,SCENARIO_CONTROLLER,phase-to-ground,B,0.5678,111.2,0.0332,0.1444,166,722,0.577742,0.82823,1.433563,0.1463,0.0,60.0,60.002,41.19,0.817021,0.001265,0.001137,0.000372,0.000331,0.000294,0.00016,5.3e-05,0.000438,0.000411,4.1e-05,0.001548,0.001392,0.000455,0.000405,0.000196,0.000536,5e-05,4e-06,60.02,4.04,0.0002,1.1e-05,60.0
sag_14_17,sag_sim_14,SAG_0014_1p_phB_med,14,val,Sag,5,SCENARIO_CONTROLLER,phase-to-ground,B,0.5678,111.2,0.0342,0.1454,171,727,0.577743,0.82823,1.433561,0.1468,0.0,60.0,60.0001,41.25,0.817022,0.001261,0.001143,0.00037,0.000325,0.00029,0.000161,5.5e-05,0.000444,0.000409,3.5e-05,0.001543,0.001399,0.000453,0.000398,0.000197,0.000543,4.3e-05,4e-06,60.02,4.02,0.0002,1.1e-05,60.0
sag_14_18,sag_sim_14,SAG_0014_1p_phB_med,14,val,Sag,5,SCENARIO_CONTROLLER,phase-to-ground,B,0.5678,111.2,0.0352,0.1464,176,732,0.57775,0.82823,1.433545,0.1469,0.0,60.0,60.0001,41.25,0.817031,0.001262,0.001142,0.000356,0.000327,0.000304,0.000166,5.2e-05,0.000433,0.000417,4e-05,0.001545,0.001398,0.000436,0.0004,0.000203,0.00053,4.9e-05,4e-06,60.02,4.02,0.0002,1.1e-05,60.0
sag_14_19,sag_sim_14,SAG_0014_1p_phB_med,14,val,Sag,5,SCENARIO_CONTROLLER,phase-to-ground,B,0.5678,111.2,0.0362,0.1474,181,737,0.577755,0.82823,1.433533,0.1462,0.0,60.0,60.0001,41.25,0.817038,0.001268,0.001135,0.000357,0.000334,0.000302,0.00016,4.9e-05,0.000437,0.000415,3.5e-05,0.001552,0.001389,0.000437,0.000409,0.000196,0.000535,4.3e-05,4e-06,60.02,4.06,0.0002,1.1e-05,60.0
sag_14_20,sag_sim_14,SAG_0014_1p_phB_med,14,val,Sag,5,SCENARIO_CONTROLLER,phase-to-ground,B,0.5678,111.2,0.0372,0.1484,186,742,0.577764,0.82823,1.43351,0.1449,0.0,60.0,60.0001,41.25,0.817051,0.001281,0.001125,0.000369,0.000326,0.000298,0.000171,5.1e-05,0.00043,0.000421,2.8e-05,0.001568,0.001377,0.000452,0.000399,0.000209,0.000526,3.4e-05,4e-06,60.02,4.05,0.0002,1.1e-05,60.0
sag_14_21,sag_sim_14,SAG_0014_1p_phB_med,14,val,Sag,5,SCENARIO_CONTROLLER,phase-to-ground,B,0.5678,111.2,0.0382,0.1494,191,747,0.577744,0.82823,1.433558,0.1436,0.0,60.0,60.0001,41.26,0.817023,0.001266,0.00111,0.000386,0.000326,0.000289,0.000191,4.3e-05,0.00044,0.000404,3.9e-05,0.00155,0.001359,0.000472,0.000399,0.000234,0.000539,4.8e-05,4e-06,60.02,4.05,0.0002,1.1e-05,60.0
sag_14_22,sag_sim_14,SAG_0014_1p_phB_med,14,val,Sag,5,SCENARIO_CONTROLLER,phase-to-ground,B,0.5678,111.2,0.0392,0.1504,196,752,0.577737,0.82823,1.433576,0.1416,0.0,60.0,60.0001,41.26,0.817013,0.001267,0.001098,0.000397,0.000314,0.0003,0.000182,3.9e-05,0.000439,0.000413,3.1e-05,0.001551,0.001344,0.000486,0.000384,0.000223,0.000537,3.8e-05,4e-06,60.02,4.05,0.0002,1.1e-05,60.0
sag_14_23,sag_sim_14,SAG_0014_1p_phB_med,14,val,Sag,5,SCENARIO_CONTROLLER,phase-to-ground,B,0.5678,111.2,0.0402,0.1514,201,757,0.577733,0.82823,1.433587,0.1414,0.0,60.0,60.0001,41.27,0.817007,0.001275,0.001094,0.000393,0.000318,0.000294,0.000187,4.1e-05,0.000443,0.000408,3.5e-05,0.001561,0.001339,0.000481,0.000389,0.000229,0.000542,4.3e-05,4e-06,60.02,4.04,0.0002,1.1e-05,60.0
sag_14_24,sag_sim_14,SAG_0014_1p_phB_med,14,val,Sag,5,SCENARIO_CONTROLLER,phase-to-ground,B,0.5678,111.2,0.0412,0.1524,206,762,0.577732,0.82823,1.43359,0.1418,0.0,60.0,60.0001,41.27,0.817006,0.00128,0.001097,0.000388,0.000322,0.000292,0.000188,3.8e-05,0.000443,0.000409,3.4e-05,0.001567,0.001343,0.000475,0.000394,0.00023,0.000542,4.2e-05,4e-06,60.02,4.04,0.0002,1.1e-05,60.0
sag_14_25,sag_sim_14,SAG_0014_1p_phB_med,14,val,Sag,5,SCENARIO_CONTROLLER,phase-to-ground,B,0.5678,111.2,0.0422,0.1534,211,767,0.577731,0.82823,1.433592,0.1415,0.0,60.0,60.0018,41.2,0.817004,0.001278,0.001094,0.000385,0.000326,0.000292,0.000184,4.2e-05,0.000439,0.000402,4e-05,0.001564,0.001339,0.000471,0.000399,0.000225,0.000537,4.9e-05,4e-06,60.02,4.05,0.0002,1.1e-05,60.0
sag_14_26,sag_sim_14,SAG_0014_1p_phB_med,14,val,Sag,5,SCENARIO_CONTROLLER,phase-to-ground,B,0.5678,111.2,0.0432,0.1544,216,772,0.577728,0.82823,1.433598,0.1414,0.0,60.0,60.0018,41.2,0.817001,0.001277,0.001092,0.000379,0.000327,0.000296,0.000183,4.1e-05,0.000438,0.000403,4.4e-05,0.001563,0.001337,0.000464,0.0004,0.000224,0.000536,5.4e-05,4e-06,60.02,4.03,0.0002,1.1e-05,60.0
sag_14_27,sag_sim_14,SAG_0014_1p_phB_med,14,val,Sag,5,SCENARIO_CONTROLLER,phase-to-ground,B,0.5678,111.2,0.0442,0.1554,221,777,0.577728,0.82823,1.433598,0.1413,0.0,60.0,60.0018,41.2,0.817001,0.001277,0.001092,0.000377,0.000327,0.000298,0.000184,3.9e-05,0.000438,0.000404,4.7e-05,0.001563,0.001337,0.000461,0.0004,0.000225,0.000536,5.8e-05,4e-06,60.02,4.03,0.0002,1.1e-05,60.0
sag_14_28,sag_sim_14,SAG_0014_1p_phB_med,14,val,Sag,5,SCENARIO_CONTROLLER,phase-to-ground,B,0.5678,111.2,0.0452,0.1564,226,782,0.577733,0.82823,1.433586,0.1407,0.0,60.0,60.0018,41.2,0.817008,0.00127,0.001088,0.000371,0.00032,0.000296,0.000191,4e-05,0.000436,0.000402,3.8e-05,0.001554,0.001332,0.000454,0.000392,0.000234,0.000534,4.7e-05,4e-06,60.02,4.02,0.0002,1.1e-05,60.0
sag_14_29,sag_sim_14,SAG_0014_1p_phB_med,14,val,Sag,5,SCENARIO_CONTROLLER,phase-to-ground,B,0.5678,111.2,0.0462,0.1574,231,787,0.577733,0.82823,1.433587,0.1408,0.0,60.0,60.0018,41.2,0.817007,0.00127,0.001087,0.00037,0.000321,0.000299,0.000194,3.7e-05,0.000431,0.000398,3.1e-05,0.001554,0.00133,0.000453,0.000393,0.000237,0.000528,3.8e-05,4e-06,60.02,4.02,0.0002,1.1e-05,60.0
sag_14_30,sag_sim_14,SAG_0014_1p_phB_med,14,val,Sag,5,SCENARIO_CONTROLLER,phase-to-ground,B,0.5678,111.2,0.0472,0.1584,236,792,0.577729,0.82823,1.433596,0.1401,0.0,60.0,60.0018,41.19,0.817002,0.001272,0.001082,0.000365,0.000317,0.000296,0.000195,4.4e-05,0.000439,0.000403,4e-05,0.001557,0.001324,0.000447,0.000388,0.000239,0.000537,4.9e-05,4e-06,60.02,4.01,0.0002,1.1e-05,60.0
sag_14_31,sag_sim_14,SAG_0014_1p_phB_med,14,val,Sag,5,SCENARIO_CONTROLLER,phase-to-ground,B,0.5678,111.2,0.0482,0.1594,241,797,0.577725,0.82823,1.433605,0.1389,0.0,60.0,60.0018,41.19,0.816997,0.00127,0.001075,0.00036,0.00031,0.00029,0.000187,3.6e-05,0.000429,0.000399,3.4e-05,0.001554,0.001316,0.000441,0.000379,0.000229,0.000525,4.2e-05,3e-06,60.02,4.02,0.0002,1.1e-05,60.0
sag_14_32,sag_sim_14,SAG_0014_1p_phB_med,14,val,Sag,5,SCENARIO_CONTROLLER,phase-to-ground,B,0.5678,111.2,0.0492,0.1604,246,802,0.577723,0.82823,1.433611,0.1389,0.0,60.0,60.0018,41.18,0.816994,0.001266,0.001073,0.000363,0.000314,0.000297,0.000195,4.1e-05,0.000439,0.000401,3.4e-05,0.00155,0.001313,0.000444,0.000384,0.000239,0.000537,4.2e-05,3e-06,60.02,4.03,0.0002,1.1e-05,60.0
sag_15_01,sag_sim_15,SAG_0015_1p_phC_deep,15,train,Sag,5,SCENARIO_CONTROLLER,phase-to-ground,C,0.3288,66.8,0.02,0.0868,100,434,0.599425,0.874733,1.459287,0.1401,0.0,60.0,59.9993,39.8,0.84767,0.001399,0.001062,0.000259,0.000528,0.000265,7.1e-05,5.5e-05,0.00021,3.1e-05,0.000272,0.00165,0.001253,0.000306,0.000623,8.4e-05,0.000248,0.000321,4e-06,60.02,3.75,0.0002,8e-06,60.0
sag_15_02,sag_sim_15,SAG_0015_1p_phC_deep,15,train,Sag,5,SCENARIO_CONTROLLER,phase-to-ground,C,0.3288,66.8,0.021,0.0878,105,439,0.599424,0.874733,1.45929,0.1404,0.0,60.0,59.9993,39.8,0.847668,0.001401,0.001063,0.000257,0.000529,0.000266,7.2e-05,5.4e-05,0.00021,3.1e-05,0.000271,0.001653,0.001254,0.000303,0.000624,8.5e-05,0.000248,0.00032,4e-06,60.02,3.74,0.0002,9e-06,60.0
sag_15_03,sag_sim_15,SAG_0015_1p_phC_deep,15,train,Sag,5,SCENARIO_CONTROLLER,phase-to-ground,C,0.3288,66.8,0.022,0.0888,110,444,0.59942,0.874733,1.4593,0.1407,0.0,60.0,59.9993,39.8,0.847663,0.001409,0.001064,0.000251,0.000535,0.000253,5.8e-05,6.8e-05,0.000208,2e-05,0.000264,0.001662,0.001255,0.000296,0.000631,6.8e-05,0.000245,0.000311,4e-06,60.02,3.74,0.0002,9e-06,60.0
sag_15_04,sag_sim_15,SAG_0015_1p_phC_deep,15,train,Sag,5,SCENARIO_CONTROLLER,phase-to-ground,C,0.3288,66.8,0.023,0.0898,115,449,0.599414,0.874733,1.459313,0.1397,0.0,60.0,59.9993,39.8,0.847655,0.001413,0.001057,0.000258,0.00053,0.000259,6.2e-05,6.3e-05,0.000212,2.3e-05,0.000267,0.001667,0.001247,0.000304,0.000625,7.3e-05,0.00025,0.000315,4e-06,60.02,3.76,0.0002,9e-06,60.0
sag_15_05,sag_sim_15,SAG_0015_1p_phC_deep,15,train,Sag,5,SCENARIO_CONTROLLER,phase-to-ground,C,0.3288,66.8,0.024,0.0908,120,454,0.599406,0.874733,1.459332,0.14,0.0,60.0,59.9993,39.8,0.847644,0.00141,0.001056,0.000255,0.00054,0.000251,5.7e-05,6.7e-05,0.000209,2.5e-05,0.00027,0.001663,0.001246,0.000301,0.000637,6.7e-05,0.000247,0.000319,4e-06,60.02,3.75,0.0002,9e-06,60.0
sag_15_06,sag_sim_15,SAG_0015_1p_phC_deep,15,train,Sag,5,SCENARIO_CONTROLLER,phase-to-ground,C,0.3288,66.8,0.025,0.0918,125,459,0.599408,0.874733,1.459329,0.1398,0.0,60.0,59.9993,39.8,0.847645,0.001414,0.001052,0.000257,0.000544,0.000246,5.7e-05,6.5e-05,0.000213,3.1e-05,0.000268,0.001668,0.001241,0.000303,0.000642,6.7e-05,0.000251,0.000316,4e-06,60.02,3.75,0.0002,9e-06,60.0
sag_15_07,sag_sim_15,SAG_0015_1p_phC_deep,15,train,Sag,5,SCENARIO_CONTROLLER,phase-to-ground,C,0.3288,66.8,0.026,0.0928,130,464,0.599408,0.874733,1.459329,0.1398,0.0,60.0,59.9993,39.8,0.847646,0.001412,0.001052,0.000262,0.000544,0.000243,5.5e-05,6.3e-05,0.00022,3.5e-05,0.000259,0.001666,0.001241,0.000309,0.000642,6.5e-05,0.00026,0.000306,4e-06,60.02,3.75,0.0002,9e-06,60.0
sag_15_08,sag_sim_15,SAG_0015_1p_phC_deep,15,train,Sag,5,SCENARIO_CONTROLLER,phase-to-ground,C,0.3288,66.8,0.027,0.0938,135,469,0.599408,0.874733,1.459327,0.1398,0.0,60.0,60.0027,39.5,0.847647,0.001412,0.001048,0.000264,0.000549,0.00024,5.9e-05,6.4e-05,0.000213,3.6e-05,0.000266,0.001666,0.001236,0.000311,0.000648,7e-05,0.000251,0.000314,4e-06,60.02,3.78,0.0002,9e-06,60.0
sag_15_09,sag_sim_15,SAG_0015_1p_phC_deep,15,train,Sag,5,SCENARIO_CONTROLLER,phase-to-ground,C,0.3288,66.8,0.028,0.0948,140,474,0.599408,0.874733,1.459329,0.1398,0.0,60.0,60.0027,39.51,0.847646,0.001414,0.001052,0.000259,0.000543,0.000244,5.4e-05,6.3e-05,0.00022,3.2e-05,0.000263,0.001668,0.001241,0.000306,0.000641,6.4e-05,0.00026,0.00031,4e-06,60.02,3.77,0.0002,9e-06,60.0
sag_15_10,sag_sim_15,SAG_0015_1p_phC_deep,15,train,Sag,5,SCENARIO_CONTROLLER,phase-to-ground,C,0.3288,66.8,0.029,0.0958,145,479,0.599404,0.874733,1.459338,0.1406,0.0,60.0,60.0027,39.52,0.847641,0.001408,0.001056,0.000267,0.00055,0.000245,5.1e-05,6.9e-05,0.000225,2.9e-05,0.000266,0.001661,0.001246,0.000315,0.000649,6e-05,0.000265,0.000314,4e-06,60.02,3.77,0.0002,9e-06,60.0
sag_15_11,sag_sim_15,SAG_0015_1p_phC_deep,15,train,Sag,5,SCENARIO_CONTROLLER,phase-to-ground,C,0.3288,66.8,0.03,0.0968,150,484,0.599406,0.874733,1.459332,0.1407,0.0,60.0,60.0027,39.52,0.847644,0.001411,0.001057,0.000267,0.000551,0.000246,4.8e-05,6.7e-05,0.000225,2.8e-05,0.000265,0.001665,0.001247,0.000315,0.00065,5.7e-05,0.000265,0.000313,4e-06,60.02,3.78,0.0002,8e-06,60.0
sag_15_12,sag_sim_15,SAG_0015_1p_phC_deep,15,train,Sag,5,SCENARIO_CONTROLLER,phase-to-ground,C,0.3288,66.8,0.031,0.0978,155,489,0.599414,0.874733,1.459313,0.1422,0.0,60.0,60.0027,39.52,0.847655,0.00142,0.001067,0.000275,0.000561,0.00025,4e-05,6.7e-05,0.00023,2.8e-05,0.000265,0.001675,0.001259,0.000324,0.000662,4.7e-05,0.000271,0.000313,4e-06,60.02,3.77,0.0002,9e-06,60.0
sag_15_13,sag_sim_15,SAG_0015_1p_phC_deep,15,train,Sag,5,SCENARIO_CONTROLLER,phase-to-ground,C,0.3288,66.8,0.032,0.0988,160,494,0.599408,0.874733,1.459329,0.1424,0.0,60.0,60.0027,39.52,0.847645,0.001422,0.001063,0.000276,0.00057,0.000257,2.9e-05,5.6e-05,0.000218,3.6e-05,0.000263,0.001678,0.001254,0.000326,0.000672,3.4e-05,0.000257,0.00031,4e-06,60.02,3.78,0.0002,9e-06,60.0
sag_15_14,sag_sim_15,SAG_0015_1p_phC_deep,15,train,Sag,5,SCENARIO_CONTROLLER,phase-to-ground,C,0.3288,66.8,0.033,0.0998,165,499,0.599399,0.874733,1.459351,0.1435,0.0,60.0,60.0027,39.52,0.847633,0.001428,0.001066,0.000286,0.000585,0.000272,3.4e-05,5.2e-05,0.00022,2.1e-05,0.000275,0.001685,0.001258,0.000337,0.00069,4e-05,0.00026,0.000324,4e-06,60.02,3.79,0.0002,9e-06,60.0
sag_15_15,sag_sim_15,SAG_0015_1p_phC_deep,15,train,Sag,5,SCENARIO_CONTROLLER,phase-to-ground,C,0.3288,66.8,0.034,0.1008,170,504,0.599402,0.874733,1.459344,0.143,0.0,60.0,60.0027,39.52,0.847637,0.001422,0.00106,0.000281,0.000588,0.000276,3.4e-05,5e-05,0.000221,1.6e-05,0.000277,0.001678,0.001251,0.000332,0.000694,4e-05,0.000261,0.000327,4e-06,60.02,3.79,0.0002,8e-06,60.0
sag_15_16,sag_sim_15,SAG_0015_1p_phC_deep,15,train,Sag,5,SCENARIO_CONTROLLER,phase-to-ground,C,0.3288,66.8,0.035,0.1018,175,509,0.5994,0.874733,1.459348,0.1433,0.0,60.0,60.004,39.4,0.847634,0.00143,0.001064,0.000274,0.000584,0.000278,3.3e-05,4.9e-05,0.000224,1e-05,0.000274,0.001687,0.001255,0.000323,0.000689,3.9e-05,0.000264,0.000323,4e-06,60.02,3.79,0.0002,8e-06,60.0
sag_15_17,sag_sim_15,SAG_0015_1p_phC_deep,15,train,Sag,5,SCENARIO_CONTROLLER,phase-to-ground,C,0.3288,66.8,0.036,0.1028,180,514,0.5994,0.874733,1.459348,0.1431,0.0,60.0,60.0021,39.59,0.847635,0.001428,0.001065,0.000278,0.00058,0.000273,3.1e-05,4.9e-05,0.000231,1.3e-05,0.000269,0.001685,0.001256,0.000328,0.000684,3.7e-05,0.000273,0.000317,4e-06,60.02,3.79,0.0002,9e-06,60.0
sag_15_18,sag_sim_15,SAG_0015_1p_phC_deep,15,train,Sag,5,SCENARIO_CONTROLLER,phase-to-ground,C,0.3288,66.8,0.037,0.1038,185,519,0.599395,0.874733,1.459361,0.1447,0.0,60.0,60.0021,39.6,0.847627,0.001437,0.001075,0.000266,0.00059,0.00028,2.8e-05,3.7e-05,0.000227,1.4e-05,0.000258,0.001695,0.001268,0.000314,0.000696,3.3e-05,0.000268,0.000304,4e-06,60.02,3.78,0.0002,9e-06,60.0
sag_15_19,sag_sim_15,SAG_0015_1p_phC_deep,15,train,Sag,5,SCENARIO_CONTROLLER,phase-to-ground,C,0.3288,66.8,0.038,0.1048,190,524,0.599396,0.874733,1.459357,0.1442,0.0,60.0,60.0021,39.6,0.847629,0.001434,0.001072,0.00027,0.000586,0.00028,3.1e-05,4.3e-05,0.000224,7e-06,0.000258,0.001692,0.001265,0.000319,0.000691,3.7e-05,0.000264,0.000304,4e-06,60.02,3.79,0.0002,8e-06,60.0
sag_15_20,sag_sim_15,SAG_0015_1p_phC_deep,15,train,Sag,5,SCENARIO_CONTROLLER,phase-to-ground,C,0.3288,66.8,0.039,0.1058,195,529,0.599392,0.874733,1.459367,0.143,0.0,60.0,60.0021,39.6,0.847623,0.001438,0.001065,0.000278,0.000578,0.000287,3.7e-05,3.4e-05,0.000228,1.8e-05,0.000266,0.001697,0.001256,0.000328,0.000682,4.4e-05,0.000269,0.000314,4e-06,60.02,3.8,0.0002,9e-06,60.0
sag_15_21,sag_sim_15,SAG_0015_1p_phC_deep,15,train,Sag,5,SCENARIO_CONTROLLER,phase-to-ground,C,0.3288,66.8,0.04,0.1068,200,534,0.599398,0.874733,1.459351,0.1436,0.0,60.0,60.0021,39.6,0.847632,0.001436,0.001071,0.000273,0.000577,0.000286,4.2e-05,3.2e-05,0.00023,1.7e-05,0.000265,0.001694,0.001264,0.000322,0.000681,5e-05,0.000271,0.000313,4e-06,60.02,3.81,0.0002,9e-06,60.0
sag_15_22,sag_sim_15,SAG_0015_1p_phC_deep,15,train,Sag,5,SCENARIO_CONTROLLER,phase-to-ground,C,0.3288,66.8,0.041,0.1078,205,539,0.599397,0.874733,1.459355,0.1441,0.0,60.0,60.0021,39.6,0.84763,0.001433,0.001075,0.000269,0.000578,0.000286,4.8e-05,2.5e-05,0.000238,1.5e-05,0.000261,0.001691,0.001268,0.000317,0.000682,5.7e-05,0.000281,0.000308,4e-06,60.02,3.81,0.0002,9e-06,60.0
sag_15_23,sag_sim_15,SAG_0015_1p_phC_deep,15,train,Sag,5,SCENARIO_CONTROLLER,phase-to-ground,C,0.3288,66.8,0.042,0.1088,210,544,0.599392,0.874733,1.459367,0.1451,0.0,60.0,60.0021,39.6,0.847623,0.001427,0.00108,0.000257,0.000585,0.000283,6.4e-05,8e-06,0.000253,1.3e-05,0.000243,0.001684,0.001274,0.000303,0.00069,7.6e-05,0.000298,0.000287,4e-06,60.02,3.81,0.0002,8e-06,60.0
sag_15_24,sag_sim_15,SAG_0015_1p_phC_deep,15,train,Sag,5,SCENARIO_CONTROLLER,phase-to-ground,C,0.3288,66.8,0.043,0.1098,215,549,0.599393,0.874733,1.459364,0.1449,0.0,60.0,60.0021,39.61,0.847625,0.001433,0.001076,0.000253,0.000588,0.000284,6.6e-05,7e-06,0.00025,1.1e-05,0.000244,0.001691,0.001269,0.000298,0.000694,7.8e-05,0.000295,0.000288,4e-06,60.02,3.8,0.0002,8e-06,60.0
sag_15_25,sag_sim_15,SAG_0015_1p_phC_deep,15,train,Sag,5,SCENARIO_CONTROLLER,phase-to-ground,C,0.3288,66.8,0.044,0.1108,220,554,0.599393,0.874733,1.459365,0.1452,0.0,60.0,59.9995,39.76,0.847624,0.001429,0.001077,0.00026,0.000592,0.000276,7.4e-05,4e-06,0.000251,6e-06,0.000251,0.001686,0.001271,0.000307,0.000698,8.7e-05,0.000296,0.000296,4e-06,60.02,3.81,0.0002,8e-06,60.0
sag_15_26,sag_sim_15,SAG_0015_1p_phC_deep,15,train,Sag,5,SCENARIO_CONTROLLER,phase-to-ground,C,0.3288,66.8,0.045,0.1118,225,559,0.599392,0.874733,1.459368,0.1456,0.0,60.0,59.9995,39.76,0.847623,0.001428,0.001081,0.000261,0.000591,0.000272,7.7e-05,7e-06,0.000249,3e-06,0.000252,0.001685,0.001275,0.000308,0.000697,9.1e-05,0.000294,0.000297,4e-06,60.02,3.79,0.0002,8e-06,60.0
sag_15_27,sag_sim_15,SAG_0015_1p_phC_deep,15,train,Sag,5,SCENARIO_CONTROLLER,phase-to-ground,C,0.3288,66.8,0.046,0.1128,230,564,0.599393,0.874733,1.459364,0.1449,0.0,60.0,59.9995,39.75,0.847625,0.001431,0.001077,0.000256,0.000585,0.000272,8.1e-05,1.5e-05,0.000242,6e-06,0.000249,0.001688,0.001271,0.000302,0.00069,9.6e-05,0.000286,0.000294,4e-06,60.02,3.81,0.0002,9e-06,60.0
sag_15_28,sag_sim_15,SAG_0015_1p_phC_deep,15,train,Sag,5,SCENARIO_CONTROLLER,phase-to-ground,C,0.3288,66.8,0.047,0.1138,235,569,0.599405,0.874733,1.459336,0.1466,0.0,60.0,59.9995,39.75,0.847641,0.001446,0.001088,0.000264,0.000594,0.000273,7.3e-05,1.1e-05,0.000246,1e-05,0.000247,0.001706,0.001284,0.000311,0.000701,8.6e-05,0.00029,0.000291,4e-06,60.02,3.8,0.0002,8e-06,60.0
sag_15_29,sag_sim_15,SAG_0015_1p_phC_deep,15,train,Sag,5,SCENARIO_CONTROLLER,phase-to-ground,C,0.3288,66.8,0.048,0.1148,240,574,0.599397,0.874733,1.459356,0.145,0.0,60.0,59.9995,39.76,0.84763,0.001439,0.001078,0.000254,0.000585,0.000263,7.9e-05,3e-06,0.000253,9e-06,0.000256,0.001698,0.001272,0.0003,0.00069,9.3e-05,0.000298,0.000302,4e-06,60.02,3.8,0.0002,8e-06,60.0
sag_15_30,sag_sim_15,SAG_0015_1p_phC_deep,15,train,Sag,5,SCENARIO_CONTROLLER,phase-to-ground,C,0.3288,66.8,0.049,0.1158,245,579,0.599392,0.874733,1.459367,0.1448,0.0,60.0,59.9995,39.75,0.847623,0.001439,0.001074,0.000252,0.000589,0.000266,7.2e-05,8e-06,0.000247,6e-06,0.000251,0.001698,0.001267,0.000297,0.000695,8.5e-05,0.000291,0.000296,4e-06,60.02,3.79,0.0002,8e-06,60.0
sag_15_31,sag_sim_15,SAG_0015_1p_phC_deep,15,train,Sag,5,SCENARIO_CONTROLLER,phase-to-ground,C,0.3288,66.8,0.05,0.1168,250,584,0.599391,0.874733,1.45937,0.145,0.0,60.0,59.9995,39.75,0.847622,0.00144,0.001075,0.000255,0.00059,0.000266,7.5e-05,4e-06,0.000251,1e-05,0.000247,0.001699,0.001268,0.000301,0.000696,8.8e-05,0.000296,0.000291,4e-06,60.02,3.79,0.0002,8e-06,60.0
sag_15_32,sag_sim_15,SAG_0015_1p_phC_deep,15,train,Sag,5,SCENARIO_CONTROLLER,phase-to-ground,C,0.3288,66.8,0.051,0.1178,255,589,0.599391,0.874733,1.459371,0.1451,0.0,60.0,59.9995,39.75,0.847621,0.00144,0.001076,0.000257,0.000591,0.000265,7.7e-05,6e-06,0.000249,1e-05,0.000249,0.001699,0.001269,0.000303,0.000697,9.1e-05,0.000294,0.000294,4e-06,60.02,3.79,0.0002,8e-06,60.0
sag_16_01,sag_sim_16,SAG_0016_1p_phC_med,16,train,Sag,5,SCENARIO_CONTROLLER,phase-to-ground,C,0.5551,90.4,0.0204,0.1108,102,554,0.588355,0.853232,1.450199,0.0876,0.0,60.0,60.0011,41.84,0.832034,0.000454,0.000556,0.000605,0.000471,0.000328,2.4e-05,6.5e-05,0.000123,0.000185,6.1e-05,0.000546,0.000668,0.000727,0.000566,2.9e-05,0.000148,7.3e-05,1e-06,60.01,3.69,0.0001,7e-06,60.0
sag_16_02,sag_sim_16,SAG_0016_1p_phC_med,16,train,Sag,5,SCENARIO_CONTROLLER,phase-to-ground,C,0.5551,90.4,0.0214,0.1118,107,559,0.588359,0.853232,1.45019,0.0865,0.0,60.0,60.0011,41.84,0.832039,0.000461,0.000548,0.000613,0.000467,0.00033,1.7e-05,6.7e-05,0.000132,0.000176,7.1e-05,0.000554,0.000659,0.000737,0.000561,2e-05,0.000159,8.5e-05,1e-06,60.01,3.69,0.0001,7e-06,60.0
sag_16_03,sag_sim_16,SAG_0016_1p_phC_med,16,train,Sag,5,SCENARIO_CONTROLLER,phase-to-ground,C,0.5551,90.4,0.0224,0.1128,112,564,0.588357,0.853232,1.450195,0.0868,0.0,60.0,60.0011,41.84,0.832036,0.00046,0.000549,0.000611,0.000469,0.000327,1.6e-05,6.1e-05,0.000133,0.00017,8e-05,0.000553,0.00066,0.000734,0.000564,1.9e-05,0.00016,9.6e-05,1e-06,60.01,3.71,0.0001,7e-06,60.0
sag_16_04,sag_sim_16,SAG_0016_1p_phC_med,16,train,Sag,5,SCENARIO_CONTROLLER,phase-to-ground,C,0.5551,90.4,0.0234,0.1138,117,569,0.588368,0.853232,1.450168,0.089,0.0,60.0,60.0011,41.83,0.832052,0.000451,0.000563,0.000598,0.000481,0.000319,8e-06,6.6e-05,0.000135,0.000172,7.9e-05,0.000542,0.000677,0.000719,0.000578,1e-05,0.000162,9.5e-05,1e-06,60.01,3.72,0.0001,7e-06,60.0
sag_16_05,sag_sim_16,SAG_0016_1p_phC_med,16,train,Sag,5,SCENARIO_CONTROLLER,phase-to-ground,C,0.5551,90.4,0.0244,0.1148,122,574,0.588363,0.853232,1.450179,0.0891,0.0,60.0,60.0011,41.83,0.832045,0.000458,0.00056,0.000596,0.000485,0.000312,4e-06,7.2e-05,0.000133,0.000177,7.7e-05,0.00055,0.000673,0.000716,0.000583,5e-06,0.00016,9.3e-05,1e-06,60.01,3.71,0.0001,7e-06,60.0
sag_16_06,sag_sim_16,SAG_0016_1p_phC_med,16,train,Sag,5,SCENARIO_CONTROLLER,phase-to-ground,C,0.5551,90.4,0.0254,0.1158,127,579,0.588368,0.853232,1.450168,0.0883,0.0,60.0,60.0011,41.84,0.832051,0.000451,0.000555,0.000604,0.000482,0.000308,5e-06,7.5e-05,0.000131,0.000177,7.8e-05,0.000542,0.000667,0.000726,0.000579,6e-06,0.000157,9.4e-05,1e-06,60.01,3.7,0.0001,7e-06,60.0
sag_16_07,sag_sim_16,SAG_0016_1p_phC_med,16,train,Sag,5,SCENARIO_CONTROLLER,phase-to-ground,C,0.5551,90.4,0.0264,0.1168,132,584,0.588363,0.853232,1.450181,0.0887,0.0,60.0,60.0011,41.83,0.832044,0.000455,0.000572,0.000604,0.000467,0.000312,1.4e-05,8.3e-05,0.000125,0.00018,8.5e-05,0.000547,0.000687,0.000726,0.000561,1.7e-05,0.00015,0.000102,1e-06,60.01,3.71,0.0001,7e-06,60.0
sag_16_08,sag_sim_16,SAG_0016_1p_phC_med,16,train,Sag,5,SCENARIO_CONTROLLER,phase-to-ground,C,0.5551,90.4,0.0274,0.1178,137,589,0.588361,0.853232,1.450185,0.0889,0.0,60.0,60.0002,41.93,0.832042,0.000452,0.000579,0.000616,0.000459,0.000298,2e-05,8.6e-05,0.000126,0.000172,6.9e-05,0.000543,0.000696,0.00074,0.000552,2.4e-05,0.000151,8.3e-05,1e-06,60.01,3.73,0.0001,7e-06,60.0
sag_16_09,sag_sim_16,SAG_0016_1p_phC_med,16,train,Sag,5,SCENARIO_CONTROLLER,phase-to-ground,C,0.5551,90.4,0.0284,0.1188,142,594,0.588361,0.853232,1.450185,0.0888,0.0,60.0,60.0002,41.93,0.832042,0.000454,0.00058,0.000614,0.000458,0.000299,2.2e-05,8.9e-05,0.000124,0.000168,6.5e-05,0.000546,0.000697,0.000738,0.00055,2.6e-05,0.000149,7.8e-05,1e-06,60.01,3.74,0.0001,7e-06,60.0
sag_16_10,sag_sim_16,SAG_0016_1p_phC_med,16,train,Sag,5,SCENARIO_CONTROLLER,phase-to-ground,C,0.5551,90.4,0.0294,0.1198,147,599,0.588357,0.853232,1.450194,0.0899,0.0,60.0,60.0002,41.94,0.832037,0.00046,0.000587,0.000622,0.000463,0.000302,1.7e-05,9.3e-05,0.000115,0.000159,5.5e-05,0.000553,0.000705,0.000748,0.000556,2e-05,0.000138,6.6e-05,1e-06,60.01,3.74,0.0001,8e-06,60.0
sag_16_11,sag_sim_16,SAG_0016_1p_phC_med,16,train,Sag,5,SCENARIO_CONTROLLER,phase-to-ground,C,0.5551,90.4,0.0304,0.1208,152,604,0.588364,0.853232,1.450178,0.0897,0.0,60.0,60.0002,41.93,0.832045,0.000458,0.000588,0.000622,0.00046,0.000299,1.2e-05,9.7e-05,0.000109,0.000156,5.4e-05,0.00055,0.000707,0.000748,0.000553,1.4e-05,0.000131,6.5e-05,1e-06,60.01,3.75,0.0001,8e-06,60.0
sag_16_12,sag_sim_16,SAG_0016_1p_phC_med,16,train,Sag,5,SCENARIO_CONTROLLER,phase-to-ground,C,0.5551,90.4,0.0314,0.1218,157,609,0.588355,0.853232,1.4502,0.088,0.0,60.0,60.0002,41.93,0.832033,0.000452,0.000577,0.000612,0.00045,0.000292,1e-05,0.000103,0.000109,0.000161,5.7e-05,0.000543,0.000693,0.000736,0.000541,1.2e-05,0.000131,6.9e-05,1e-06,60.01,3.75,0.0001,8e-06,60.0
sag_16_13,sag_sim_16,SAG_0016_1p_phC_med,16,train,Sag,5,SCENARIO_CONTROLLER,phase-to-ground,C,0.5551,90.4,0.0324,0.1228,162,614,0.588357,0.853232,1.450196,0.0891,0.0,60.0,60.0002,41.93,0.832035,0.000452,0.000582,0.000619,0.000459,0.000296,8e-06,9.1e-05,9.6e-05,0.000151,6.4e-05,0.000543,0.000699,0.000744,0.000552,1e-05,0.000115,7.7e-05,1e-06,60.01,3.75,0.0001,7e-06,60.0
sag_16_14,sag_sim_16,SAG_0016_1p_phC_med,16,train,Sag,5,SCENARIO_CONTROLLER,phase-to-ground,C,0.5551,90.4,0.0334,0.1238,167,619,0.588362,0.853232,1.450183,0.0879,0.0,60.0,60.0002,41.93,0.832043,0.000461,0.000576,0.000607,0.000451,0.000303,2e-05,8.3e-05,9.6e-05,0.000136,7e-05,0.000554,0.000692,0.00073,0.000542,2.4e-05,0.000115,8.4e-05,1e-06,60.01,3.75,0.0001,7e-06,60.0
sag_16_15,sag_sim_16,SAG_0016_1p_phC_med,16,train,Sag,5,SCENARIO_CONTROLLER,phase-to-ground,C,0.5551,90.4,0.0344,0.1248,172,624,0.588361,0.853232,1.450184,0.0879,0.0,60.0,60.0002,41.93,0.832042,0.000461,0.000578,0.000605,0.000447,0.000304,2.5e-05,7.7e-05,9e-05,0.000139,7.4e-05,0.000554,0.000695,0.000727,0.000537,3e-05,0.000108,8.9e-05,1e-06,60.01,3.76,0.0001,8e-06,60.0
sag_16_16,sag_sim_16,SAG_0016_1p_phC_med,16,train,Sag,5,SCENARIO_CONTROLLER,phase-to-ground,C,0.5551,90.4,0.0354,0.1258,177,629,0.588362,0.853232,1.450184,0.088,0.0,60.0,60.0006,41.9,0.832042,0.000465,0.000579,0.000599,0.000448,0.000311,2.2e-05,8.2e-05,9.6e-05,0.000136,7.1e-05,0.000559,0.000696,0.00072,0.000538,2.6e-05,0.000115,8.5e-05,1e-06,60.01,3.75,0.0001,8e-06,60.0
sag_16_17,sag_sim_16,SAG_0016_1p_phC_med,16,train,Sag,5,SCENARIO_CONTROLLER,phase-to-ground,C,0.5551,90.4,0.0364,0.1268,182,634,0.58836,0.853232,1.450187,0.0879,0.0,60.0,60.0006,41.91,0.83204,0.000457,0.000582,0.000604,0.000441,0.000312,2.8e-05,7.9e-05,9.5e-05,0.000137,6.9e-05,0.000549,0.000699,0.000726,0.00053,3.4e-05,0.000114,8.3e-05,1e-06,60.01,3.75,0.0001,8e-06,60.0
sag_16_18,sag_sim_16,SAG_0016_1p_phC_med,16,train,Sag,5,SCENARIO_CONTROLLER,phase-to-ground,C,0.5551,90.4,0.0374,0.1278,187,639,0.588364,0.853232,1.450178,0.0871,0.0,60.0,60.0006,41.91,0.832045,0.000466,0.000574,0.00061,0.000442,0.000309,3.4e-05,7.6e-05,9.6e-05,0.000136,7.1e-05,0.00056,0.00069,0.000733,0.000531,4.1e-05,0.000115,8.5e-05,1e-06,60.01,3.76,0.0001,8e-06,60.0
sag_16_19,sag_sim_16,SAG_0016_1p_phC_med,16,train,Sag,5,SCENARIO_CONTROLLER,phase-to-ground,C,0.5551,90.4,0.0384,0.1288,192,644,0.588359,0.853232,1.45019,0.0878,0.0,60.0,60.0006,41.91,0.832039,0.000462,0.000575,0.000607,0.000448,0.000301,4.3e-05,7.5e-05,0.000104,0.000126,7.9e-05,0.000555,0.000691,0.00073,0.000538,5.2e-05,0.000125,9.5e-05,1e-06,60.01,3.76,0.0001,8e-06,60.0
sag_16_20,sag_sim_16,SAG_0016_1p_phC_med,16,train,Sag,5,SCENARIO_CONTROLLER,phase-to-ground,C,0.5551,90.4,0.0394,0.1298,197,649,0.588359,0.853232,1.450189,0.0872,0.0,60.0,60.0006,41.91,0.832039,0.000464,0.000573,0.000609,0.000444,0.000306,3.6e-05,7e-05,9.7e-05,0.000128,8.5e-05,0.000558,0.000689,0.000732,0.000534,4.3e-05,0.000117,0.000102,1e-06,60.01,3.75,0.0001,8e-06,60.0
sag_16_21,sag_sim_16,SAG_0016_1p_phC_med,16,train,Sag,5,SCENARIO_CONTROLLER,phase-to-ground,C,0.5551,90.4,0.0404,0.1308,202,654,0.588376,0.853232,1.450148,0.0898,0.0,60.0,60.0006,41.91,0.832063,0.000445,0.000594,0.000597,0.000452,0.000313,3.3e-05,7.6e-05,8.4e-05,0.000129,9.6e-05,0.000535,0.000714,0.000717,0.000543,4e-05,0.000101,0.000115,1e-06,60.01,3.73,0.0001,7e-06,60.0
sag_16_22,sag_sim_16,SAG_0016_1p_phC_med,16,train,Sag,5,SCENARIO_CONTROLLER,phase-to-ground,C,0.5551,90.4,0.0414,0.1318,207,659,0.588376,0.853232,1.450147,0.0895,0.0,60.0,60.0006,41.91,0.832063,0.000444,0.000593,0.000599,0.00045,0.000313,3.3e-05,7.4e-05,8.8e-05,0.000131,9.1e-05,0.000534,0.000713,0.00072,0.000541,4e-05,0.000106,0.000109,1e-06,60.01,3.74,0.0001,7e-06,60.0
sag_16_23,sag_sim_16,SAG_0016_1p_phC_med,16,train,Sag,5,SCENARIO_CONTROLLER,phase-to-ground,C,0.5551,90.4,0.0424,0.1328,212,664,0.588379,0.853232,1.450141,0.0891,0.0,60.0,60.0006,41.91,0.832067,0.00044,0.000589,0.000605,0.000448,0.000306,4.1e-05,8.3e-05,7.9e-05,0.000132,0.0001,0.000529,0.000708,0.000727,0.000538,4.9e-05,9.5e-05,0.00012,1e-06,60.01,3.74,0.0001,8e-06,60.0
sag_16_24,sag_sim_16,SAG_0016_1p_phC_med,16,train,Sag,5,SCENARIO_CONTROLLER,phase-to-ground,C,0.5551,90.4,0.0434,0.1338,217,669,0.588377,0.853232,1.450145,0.0893,0.0,60.0,60.0006,41.91,0.832064,0.000441,0.000596,0.000608,0.00044,0.000304,4.6e-05,9e-05,7.3e-05,0.000131,0.000101,0.00053,0.000716,0.000731,0.000529,5.5e-05,8.8e-05,0.000121,1e-06,60.01,3.76,0.0001,8e-06,60.0
sag_16_25,sag_sim_16,SAG_0016_1p_phC_med,16,train,Sag,5,SCENARIO_CONTROLLER,phase-to-ground,C,0.5551,90.4,0.0444,0.1348,222,674,0.588377,0.853232,1.450146,0.0898,0.0,60.0,60.001,41.88,0.832064,0.000433,0.000601,0.000624,0.000441,0.00029,4.8e-05,8.1e-05,8.6e-05,0.000133,0.000101,0.00052,0.000722,0.00075,0.00053,5.8e-05,0.000103,0.000121,1e-06,60.01,3.77,0.0001,8e-06,60.0
sag_16_26,sag_sim_16,SAG_0016_1p_phC_med,16,train,Sag,5,SCENARIO_CONTROLLER,phase-to-ground,C,0.5551,90.4,0.0454,0.1358,227,679,0.588371,0.853232,1.450162,0.0909,0.0,60.0,60.001,41.9,0.832055,0.000453,0.000619,0.000633,0.000432,0.000275,4.9e-05,6.7e-05,9.3e-05,0.000142,0.000105,0.000544,0.000744,0.000761,0.000519,5.9e-05,0.000112,0.000126,1e-06,60.01,3.79,0.0001,8e-06,60.0
sag_16_27,sag_sim_16,SAG_0016_1p_phC_med,16,train,Sag,5,SCENARIO_CONTROLLER,phase-to-ground,C,0.5551,90.4,0.0464,0.1368,232,684,0.58837,0.853232,1.450164,0.0907,0.0,60.0,60.001,41.9,0.832054,0.000451,0.000616,0.00063,0.000433,0.000279,5.7e-05,7e-05,0.000104,0.000154,0.000117,0.000542,0.00074,0.000757,0.00052,6.9e-05,0.000125,0.000141,1e-06,60.01,3.8,0.0001,8e-06,60.0
sag_16_28,sag_sim_16,SAG_0016_1p_phC_med,16,train,Sag,5,SCENARIO_CONTROLLER,phase-to-ground,C,0.5551,90.4,0.0474,0.1378,237,689,0.588368,0.853232,1.450169,0.09,0.0,60.0,60.001,41.9,0.832051,0.000449,0.000611,0.000625,0.000428,0.000272,5.8e-05,6.2e-05,9.8e-05,0.000145,0.000109,0.00054,0.000734,0.000751,0.000514,7e-05,0.000118,0.000131,1e-06,60.01,3.8,0.0001,8e-06,60.0
sag_16_29,sag_sim_16,SAG_0016_1p_phC_med,16,train,Sag,5,SCENARIO_CONTROLLER,phase-to-ground,C,0.5551,90.4,0.0484,0.1388,242,694,0.588368,0.853232,1.450167,0.0901,0.0,60.0,60.001,41.9,0.832052,0.000451,0.000613,0.000625,0.000428,0.00027,6.1e-05,5.8e-05,9.3e-05,0.000141,0.000112,0.000542,0.000737,0.000751,0.000514,7.3e-05,0.000112,0.000135,1e-06,60.01,3.8,0.0001,8e-06,60.0
sag_16_30,sag_sim_16,SAG_0016_1p_phC_med,16,train,Sag,5,SCENARIO_CONTROLLER,phase-to-ground,C,0.5551,90.4,0.0494,0.1398,247,699,0.588373,0.853232,1.450156,0.0899,0.0,60.0,60.001,41.9,0.832058,0.000458,0.000615,0.000622,0.000422,0.000264,5.5e-05,6.4e-05,9.8e-05,0.000143,0.000106,0.00055,0.000739,0.000748,0.000507,6.6e-05,0.000118,0.000127,1e-06,60.01,3.8,0.0001,8e-06,60.0
sag_16_31,sag_sim_16,SAG_0016_1p_phC_med,16,train,Sag,5,SCENARIO_CONTROLLER,phase-to-ground,C,0.5551,90.4,0.0504,0.1408,252,704,0.588375,0.853232,1.45015,0.0896,0.0,60.0,60.001,41.9,0.832062,0.000462,0.000614,0.000618,0.000419,0.000264,5.3e-05,6.5e-05,0.000101,0.000143,0.000103,0.000555,0.000738,0.000743,0.000504,6.4e-05,0.000121,0.000124,1e-06,60.01,3.81,0.0001,8e-06,60.0
sag_16_32,sag_sim_16,SAG_0016_1p_phC_med,16,train,Sag,5,SCENARIO_CONTROLLER,phase-to-ground,C,0.5551,90.4,0.0514,0.1418,257,709,0.588375,0.853232,1.450151,0.0897,0.0,60.0,60.001,41.9,0.832061,0.000462,0.000616,0.000618,0.000419,0.000264,5.3e-05,6.6e-05,0.000102,0.000145,9.9e-05,0.000555,0.00074,0.000743,0.000504,6.4e-05,0.000123,0.000119,1e-06,60.01,3.82,0.0001,8e-06,60.0
sag_17_01,sag_sim_17,SAG_0017_1p_phA_shallow,17,train,Sag,5,SCENARIO_CONTROLLER,phase-to-ground,A,0.7013,118.0,0.0182,0.1362,91,681,0.493908,0.836221,1.693071,0.2322,118.4,60.0,59.9983,12.25,0.678604,0.001153,0.001085,0.000895,0.000777,0.000837,0.000837,0.00086,0.000687,0.000624,0.000736,0.001699,0.001599,0.001319,0.001145,0.001233,0.001012,0.001085,7e-06,60.26,8.18,0.0492,4.6e-05,60.0
sag_17_02,sag_sim_17,SAG_0017_1p_phA_shallow,17,train,Sag,5,SCENARIO_CONTROLLER,phase-to-ground,A,0.7013,118.0,0.0192,0.1372,96,686,0.493914,0.836221,1.693051,0.2324,118.4,60.0,59.9983,12.25,0.678612,0.00115,0.001092,0.000886,0.000776,0.000847,0.000833,0.000853,0.000697,0.000627,0.000723,0.001695,0.001609,0.001306,0.001144,0.001228,0.001027,0.001065,7e-06,60.26,8.19,0.0492,4.6e-05,60.0
sag_17_03,sag_sim_17,SAG_0017_1p_phA_shallow,17,train,Sag,5,SCENARIO_CONTROLLER,phase-to-ground,A,0.7013,118.0,0.0202,0.1382,101,691,0.493911,0.836221,1.693061,0.2323,118.4,60.0,59.9983,12.25,0.678609,0.001149,0.001092,0.000888,0.000772,0.000848,0.000835,0.000848,0.000699,0.000629,0.000718,0.001693,0.001609,0.001309,0.001138,0.00123,0.00103,0.001058,7e-06,60.26,8.19,0.0492,4.7e-05,60.0
sag_17_04,sag_sim_17,SAG_0017_1p_phA_shallow,17,train,Sag,5,SCENARIO_CONTROLLER,phase-to-ground,A,0.7013,118.0,0.0212,0.1392,106,696,0.493911,0.836221,1.69306,0.2325,118.4,60.0,59.9983,12.25,0.678609,0.00115,0.001091,0.000889,0.000772,0.000846,0.000839,0.000844,0.000701,0.000631,0.000712,0.001695,0.001608,0.00131,0.001138,0.001236,0.001033,0.001049,7e-06,60.26,8.18,0.0492,4.7e-05,60.0
sag_17_05,sag_sim_17,SAG_0017_1p_phA_shallow,17,train,Sag,5,SCENARIO_CONTROLLER,phase-to-ground,A,0.7013,118.0,0.0222,0.1402,111,701,0.493913,0.836221,1.693053,0.232,118.4,60.0,59.9983,12.25,0.678611,0.001152,0.001089,0.00089,0.00077,0.000849,0.000835,0.000848,0.000697,0.000636,0.000707,0.001698,0.001605,0.001312,0.001135,0.00123,0.001027,0.001042,7e-06,60.26,8.18,0.0492,4.7e-05,60.0
sag_17_06,sag_sim_17,SAG_0017_1p_phA_shallow,17,train,Sag,5,SCENARIO_CONTROLLER,phase-to-ground,A,0.7013,118.0,0.0232,0.1412,116,706,0.493915,0.836221,1.693046,0.2326,118.4,60.0,59.9983,12.25,0.678613,0.001154,0.001091,0.000887,0.000773,0.000846,0.000839,0.000844,0.0007,0.000633,0.00071,0.001701,0.001608,0.001307,0.001139,0.001236,0.001032,0.001046,7e-06,60.26,8.18,0.0492,4.7e-05,60.0
sag_17_07,sag_sim_17,SAG_0017_1p_phA_shallow,17,train,Sag,5,SCENARIO_CONTROLLER,phase-to-ground,A,0.7013,118.0,0.0242,0.1422,121,711,0.493917,0.836221,1.69304,0.2329,118.4,60.0,59.9983,12.25,0.678613,0.001151,0.0011,0.000882,0.000775,0.000849,0.000829,0.000856,0.000689,0.00064,0.000709,0.001696,0.001621,0.0013,0.001142,0.001222,0.001015,0.001045,7e-06,60.26,8.19,0.0492,4.6e-05,60.0
sag_17_08,sag_sim_17,SAG_0017_1p_phA_shallow,17,train,Sag,5,SCENARIO_CONTROLLER,phase-to-ground,A,0.7013,118.0,0.0252,0.1432,126,716,0.493918,0.836221,1.693037,0.2329,118.4,60.0,60.0008,12.26,0.678615,0.001157,0.001099,0.000875,0.000782,0.000846,0.000824,0.000865,0.000684,0.000637,0.000718,0.001705,0.001619,0.001289,0.001152,0.001214,0.001008,0.001058,7e-06,60.26,8.18,0.0492,4.7e-05,60.0
sag_17_09,sag_sim_17,SAG_0017_1p_phA_shallow,17,train,Sag,5,SCENARIO_CONTROLLER,phase-to-ground,A,0.7013,118.0,0.0262,0.1442,131,721,0.49392,0.836221,1.693029,0.2329,118.4,60.0,60.0008,12.26,0.678619,0.001164,0.001101,0.000869,0.000783,0.00085,0.000821,0.000863,0.000686,0.000637,0.000716,0.001715,0.001622,0.001281,0.001154,0.00121,0.001011,0.001055,7e-06,60.26,8.18,0.0492,4.7e-05,60.0
sag_17_10,sag_sim_17,SAG_0017_1p_phA_shallow,17,train,Sag,5,SCENARIO_CONTROLLER,phase-to-ground,A,0.7013,118.0,0.0272,0.1452,136,726,0.493921,0.836221,1.693024,0.2329,118.4,60.0,60.0008,12.26,0.678621,0.001164,0.001102,0.000872,0.000783,0.000846,0.000818,0.000866,0.000693,0.000633,0.000707,0.001715,0.001624,0.001285,0.001154,0.001205,0.001021,0.001042,7e-06,60.26,8.18,0.0492,4.6e-05,60.0
sag_17_11,sag_sim_17,SAG_0017_1p_phA_shallow,17,train,Sag,5,SCENARIO_CONTROLLER,phase-to-ground,A,0.7013,118.0,0.0282,0.1462,141,731,0.493917,0.836221,1.693041,0.2324,118.4,60.0,60.0008,12.26,0.678614,0.001159,0.001094,0.000864,0.00079,0.000857,0.000817,0.000853,0.000685,0.000642,0.000721,0.001708,0.001612,0.001273,0.001164,0.001204,0.001009,0.001062,7e-06,60.26,8.19,0.0492,4.6e-05,60.0
sag_17_12,sag_sim_17,SAG_0017_1p_phA_shallow,17,train,Sag,5,SCENARIO_CONTROLLER,phase-to-ground,A,0.7013,118.0,0.0292,0.1472,146,736,0.49393,0.836221,1.692995,0.2331,118.4,60.0,60.0008,12.26,0.67863,0.00115,0.001085,0.000861,0.000801,0.000871,0.000827,0.000856,0.000677,0.00063,0.000711,0.001695,0.001599,0.001269,0.00118,0.001219,0.000998,0.001048,7e-06,60.26,8.19,0.0492,4.5e-05,60.0
sag_17_13,sag_sim_17,SAG_0017_1p_phA_shallow,17,train,Sag,5,SCENARIO_CONTROLLER,phase-to-ground,A,0.7013,118.0,0.0302,0.1482,151,741,0.493932,0.836221,1.692989,0.233,118.4,60.0,60.0008,12.26,0.678632,0.001148,0.001083,0.000859,0.0008,0.000872,0.000829,0.00086,0.000683,0.000636,0.000717,0.001692,0.001596,0.001266,0.001179,0.001222,0.001006,0.001057,7e-06,60.26,8.17,0.0492,4.6e-05,60.0
sag_17_14,sag_sim_17,SAG_0017_1p_phA_shallow,17,train,Sag,5,SCENARIO_CONTROLLER,phase-to-ground,A,0.7013,118.0,0.0312,0.1492,156,746,0.493936,0.836221,1.692974,0.2316,118.4,60.0,60.0008,12.26,0.678637,0.001142,0.001078,0.000855,0.000794,0.000865,0.000823,0.000853,0.000675,0.000629,0.00071,0.001683,0.001588,0.00126,0.00117,0.001213,0.000995,0.001046,7e-06,60.26,8.17,0.0492,4.6e-05,60.0
sag_17_15,sag_sim_17,SAG_0017_1p_phA_shallow,17,train,Sag,5,SCENARIO_CONTROLLER,phase-to-ground,A,0.7013,118.0,0.0322,0.1502,161,751,0.493934,0.836221,1.692982,0.2304,118.4,60.0,60.0008,12.26,0.678635,0.001144,0.001076,0.00085,0.000788,0.000859,0.000815,0.000846,0.000669,0.000625,0.000709,0.001686,0.001586,0.001253,0.001161,0.001201,0.000986,0.001045,7e-06,60.26,8.17,0.0492,4.5e-05,60.0
sag_17_16,sag_sim_17,SAG_0017_1p_phA_shallow,17,train,Sag,5,SCENARIO_CONTROLLER,phase-to-ground,A,0.7013,118.0,0.0332,0.1512,166,756,0.493929,0.836221,1.692999,0.2296,118.4,60.0,59.9998,12.26,0.678634,0.001131,0.001047,0.000842,0.000794,0.000876,0.000837,0.00086,0.000673,0.00062,0.0007,0.001667,0.001543,0.001241,0.00117,0.001233,0.000992,0.001031,7e-06,60.26,8.17,0.0492,4.6e-05,60.0
sag_17_17,sag_sim_17,SAG_0017_1p_phA_shallow,17,train,Sag,5,SCENARIO_CONTROLLER,phase-to-ground,A,0.7013,118.0,0.0342,0.1522,171,761,0.493928,0.836221,1.693001,0.2296,118.4,60.0,60.0036,12.26,0.678635,0.001128,0.001042,0.000845,0.000801,0.000884,0.000838,0.000851,0.000664,0.000618,0.000708,0.001662,0.001535,0.001245,0.00118,0.001235,0.000978,0.001043,7e-06,60.26,8.17,0.0492,4.6e-05,60.0
sag_17_18,sag_sim_17,SAG_0017_1p_phA_shallow,17,train,Sag,5,SCENARIO_CONTROLLER,phase-to-ground,A,0.7013,118.0,0.0352,0.1532,176,766,0.493922,0.836221,1.693022,0.2281,118.4,60.0,60.0036,12.26,0.678626,0.001134,0.001029,0.000853,0.000816,0.000881,0.000819,0.000857,0.000686,0.000621,0.000685,0.001671,0.001516,0.001257,0.001202,0.001207,0.001011,0.001009,7e-06,60.26,8.18,0.0492,4.7e-05,60.0
sag_17_19,sag_sim_17,SAG_0017_1p_phA_shallow,17,train,Sag,5,SCENARIO_CONTROLLER,phase-to-ground,A,0.7013,118.0,0.0362,0.1542,181,771,0.493923,0.836221,1.693017,0.2282,118.4,60.0,60.0036,12.26,0.678628,0.001133,0.00103,0.000852,0.000817,0.000881,0.000818,0.000859,0.000684,0.000618,0.00069,0.00167,0.001518,0.001255,0.001204,0.001205,0.001008,0.001017,7e-06,60.26,8.19,0.0492,4.6e-05,60.0
sag_17_20,sag_sim_17,SAG_0017_1p_phA_shallow,17,train,Sag,5,SCENARIO_CONTROLLER,phase-to-ground,A,0.7013,118.0,0.0372,0.1552,186,776,0.493925,0.836221,1.693013,0.2284,118.4,60.0,60.0036,12.26,0.67863,0.001135,0.001029,0.000853,0.000819,0.000878,0.00082,0.000861,0.000679,0.000622,0.000691,0.001672,0.001516,0.001257,0.001207,0.001208,0.001001,0.001018,7e-06,60.26,8.2,0.0492,4.7e-05,60.0
sag_17_21,sag_sim_17,SAG_0017_1p_phA_shallow,17,train,Sag,5,SCENARIO_CONTROLLER,phase-to-ground,A,0.7013,118.0,0.0382,0.1562,191,781,0.493922,0.836221,1.693022,0.2299,118.4,60.0,60.0036,12.26,0.678627,0.00113,0.001034,0.000846,0.000828,0.00087,0.000825,0.000861,0.00067,0.000636,0.000675,0.001665,0.001524,0.001247,0.00122,0.001216,0.000987,0.000995,7e-06,60.26,8.2,0.0492,4.7e-05,60.0
sag_17_22,sag_sim_17,SAG_0017_1p_phA_shallow,17,train,Sag,5,SCENARIO_CONTROLLER,phase-to-ground,A,0.7013,118.0,0.0392,0.1572,196,786,0.493924,0.836221,1.693017,0.2299,118.4,60.0,60.0036,12.26,0.678628,0.001132,0.001033,0.000846,0.000828,0.000871,0.000825,0.00086,0.00067,0.000636,0.000675,0.001668,0.001522,0.001247,0.00122,0.001216,0.000987,0.000995,7e-06,60.26,8.19,0.0492,4.7e-05,60.0
sag_17_23,sag_sim_17,SAG_0017_1p_phA_shallow,17,train,Sag,5,SCENARIO_CONTROLLER,phase-to-ground,A,0.7013,118.0,0.0402,0.1582,201,791,0.493922,0.836221,1.693021,0.2283,118.4,60.0,60.0036,12.26,0.678628,0.001133,0.001027,0.000853,0.00082,0.000879,0.000821,0.000859,0.000673,0.000631,0.000686,0.00167,0.001513,0.001257,0.001208,0.00121,0.000992,0.001011,7e-06,60.26,8.19,0.0492,4.7e-05,60.0
sag_17_24,sag_sim_17,SAG_0017_1p_phA_shallow,17,train,Sag,5,SCENARIO_CONTROLLER,phase-to-ground,A,0.7013,118.0,0.0412,0.1592,206,796,0.493923,0.836221,1.693017,0.2291,118.4,60.0,60.0036,12.25,0.678629,0.001135,0.001026,0.00085,0.000825,0.000872,0.000827,0.000858,0.000671,0.000636,0.000676,0.001672,0.001512,0.001253,0.001216,0.001219,0.000989,0.000996,7e-06,60.26,8.2,0.0492,4.7e-05,60.0
sag_17_25,sag_sim_17,SAG_0017_1p_phA_shallow,17,train,Sag,5,SCENARIO_CONTROLLER,phase-to-ground,A,0.7013,118.0,0.0422,0.1602,211,801,0.493924,0.836221,1.693015,0.229,118.4,60.0,60.0015,12.26,0.67863,0.001138,0.001026,0.000846,0.000828,0.000873,0.000822,0.000861,0.000671,0.000632,0.00068,0.001677,0.001512,0.001247,0.00122,0.001211,0.000989,0.001002,7e-06,60.26,8.2,0.0492,4.8e-05,60.0
sag_17_26,sag_sim_17,SAG_0017_1p_phA_shallow,17,train,Sag,5,SCENARIO_CONTROLLER,phase-to-ground,A,0.7013,118.0,0.0432,0.1612,216,806,0.493922,0.836221,1.693022,0.2293,118.4,60.0,60.0015,12.26,0.678627,0.00113,0.001025,0.000855,0.000824,0.000868,0.000831,0.000861,0.000662,0.000641,0.000685,0.001665,0.00151,0.00126,0.001214,0.001225,0.000975,0.001009,7e-06,60.26,8.2,0.0492,4.8e-05,60.0
sag_17_27,sag_sim_17,SAG_0017_1p_phA_shallow,17,train,Sag,5,SCENARIO_CONTROLLER,phase-to-ground,A,0.7013,118.0,0.0442,0.1622,221,811,0.493929,0.836221,1.692998,0.2301,118.4,60.0,60.0015,12.26,0.678636,0.001137,0.001036,0.000862,0.000816,0.000862,0.000836,0.00087,0.000661,0.000633,0.000684,0.001675,0.001527,0.00127,0.001202,0.001232,0.000974,0.001008,7e-06,60.26,8.2,0.0492,4.8e-05,60.0
sag_17_28,sag_sim_17,SAG_0017_1p_phA_shallow,17,train,Sag,5,SCENARIO_CONTROLLER,phase-to-ground,A,0.7013,118.0,0.0452,0.1632,226,816,0.493933,0.836221,1.692986,0.2302,118.4,60.0,60.0015,12.26,0.678641,0.001138,0.001039,0.000866,0.000816,0.000858,0.000834,0.000874,0.000666,0.000631,0.000675,0.001677,0.001531,0.001276,0.001202,0.001229,0.000981,0.000995,7e-06,60.26,8.19,0.0492,4.7e-05,60.0
sag_17_29,sag_sim_17,SAG_0017_1p_phA_shallow,17,train,Sag,5,SCENARIO_CONTROLLER,phase-to-ground,A,0.7013,118.0,0.0462,0.1642,231,821,0.49395,0.836221,1.692926,0.2304,118.4,60.0,60.0015,12.25,0.678661,0.001123,0.001025,0.000857,0.000823,0.000873,0.000848,0.000882,0.000666,0.000625,0.00067,0.001655,0.00151,0.001263,0.001213,0.00125,0.000981,0.000987,7e-06,60.26,8.19,0.0492,4.7e-05,60.0
sag_17_30,sag_sim_17,SAG_0017_1p_phA_shallow,17,train,Sag,5,SCENARIO_CONTROLLER,phase-to-ground,A,0.7013,118.0,0.0472,0.1652,236,826,0.493952,0.836221,1.692918,0.2296,118.4,60.0,60.0015,12.25,0.678663,0.00112,0.001023,0.000857,0.00082,0.000867,0.000841,0.000875,0.000657,0.000617,0.000661,0.00165,0.001507,0.001263,0.001208,0.001239,0.000968,0.000974,7e-06,60.26,8.18,0.0492,4.7e-05,60.0
sag_17_31,sag_sim_17,SAG_0017_1p_phA_shallow,17,train,Sag,5,SCENARIO_CONTROLLER,phase-to-ground,A,0.7013,118.0,0.0482,0.1662,241,831,0.493949,0.836221,1.69293,0.2274,118.4,60.0,60.0015,12.25,0.67866,0.001123,0.001018,0.000848,0.00081,0.000857,0.00083,0.000863,0.000645,0.000604,0.000651,0.001655,0.0015,0.00125,0.001194,0.001223,0.00095,0.000959,7e-06,60.26,8.18,0.0492,4.6e-05,60.0
sag_17_32,sag_sim_17,SAG_0017_1p_phA_shallow,17,train,Sag,5,SCENARIO_CONTROLLER,phase-to-ground,A,0.7013,118.0,0.0492,0.1672,246,836,0.493949,0.836221,1.69293,0.2278,118.4,60.0,60.0015,12.25,0.678661,0.00112,0.001013,0.000847,0.000812,0.000862,0.000839,0.000873,0.000652,0.000607,0.000647,0.00165,0.001493,0.001248,0.001196,0.001236,0.000961,0.000953,7e-06,60.26,8.18,0.0492,4.6e-05,60.0
sag_18_01,sag_sim_18,SAG_0018_1p_phB_med2,18,train,Sag,5,SCENARIO_CONTROLLER,phase-to-ground,B,0.4637,79.0,0.0178,0.0968,89,484,0.599507,0.859348,1.433425,0.1913,0.0,60.0,59.9979,39.38,0.847782,0.001677,0.001444,0.000658,0.000697,0.000254,0.000247,0.000149,0.000367,0.000304,0.00036,0.001978,0.001703,0.000776,0.000822,0.000291,0.000433,0.000425,6e-06,60.02,4.42,0.0003,1.2e-05,60.0
sag_18_02,sag_sim_18,SAG_0018_1p_phB_med2,18,train,Sag,5,SCENARIO_CONTROLLER,phase-to-ground,B,0.4637,79.0,0.0188,0.0978,94,489,0.599512,0.859348,1.433413,0.1909,0.0,60.0,59.9979,39.38,0.84779,0.001684,0.001437,0.000654,0.000706,0.000252,0.000239,0.000147,0.000374,0.0003,0.000353,0.001986,0.001695,0.000771,0.000833,0.000282,0.000441,0.000416,6e-06,60.02,4.42,0.0003,1.2e-05,60.0
sag_18_03,sag_sim_18,SAG_0018_1p_phB_med2,18,train,Sag,5,SCENARIO_CONTROLLER,phase-to-ground,B,0.4637,79.0,0.0198,0.0988,99,494,0.59952,0.859348,1.433394,0.1897,0.0,60.0,59.9979,39.38,0.847801,0.001696,0.001428,0.000666,0.000698,0.000252,0.000249,0.000143,0.00037,0.000306,0.000348,0.002,0.001684,0.000786,0.000823,0.000294,0.000436,0.00041,6e-06,60.02,4.41,0.0003,1.2e-05,60.0
sag_18_04,sag_sim_18,SAG_0018_1p_phB_med2,18,train,Sag,5,SCENARIO_CONTROLLER,phase-to-ground,B,0.4637,79.0,0.0208,0.0998,104,499,0.599522,0.859348,1.433389,0.1885,0.0,60.0,59.9979,39.37,0.847804,0.001701,0.001419,0.000677,0.000686,0.000259,0.000262,0.000124,0.000386,0.000291,0.000337,0.002006,0.001674,0.000799,0.000809,0.000309,0.000455,0.000397,6e-06,60.02,4.41,0.0003,1.2e-05,60.0
sag_18_05,sag_sim_18,SAG_0018_1p_phB_med2,18,train,Sag,5,SCENARIO_CONTROLLER,phase-to-ground,B,0.4637,79.0,0.0218,0.1008,109,504,0.599521,0.859348,1.433392,0.188,0.0,60.0,59.9979,39.38,0.847802,0.001703,0.001417,0.00068,0.000683,0.000263,0.000258,0.000128,0.000383,0.000297,0.000336,0.002009,0.001671,0.000802,0.000806,0.000304,0.000452,0.000396,6e-06,60.02,4.41,0.0003,1.2e-05,60.0
sag_18_06,sag_sim_18,SAG_0018_1p_phB_med2,18,train,Sag,5,SCENARIO_CONTROLLER,phase-to-ground,B,0.4637,79.0,0.0228,0.1018,114,509,0.599524,0.859348,1.433383,0.1885,0.0,60.0,59.9979,39.38,0.847807,0.001698,0.001422,0.000677,0.000683,0.000265,0.00026,0.000126,0.000383,0.000302,0.000335,0.002003,0.001677,0.000799,0.000806,0.000307,0.000452,0.000395,6e-06,60.02,4.41,0.0003,1.2e-05,60.0
sag_18_07,sag_sim_18,SAG_0018_1p_phB_med2,18,train,Sag,5,SCENARIO_CONTROLLER,phase-to-ground,B,0.4637,79.0,0.0238,0.1028,119,514,0.599525,0.859348,1.433382,0.1879,0.0,60.0,59.9979,39.38,0.847808,0.001691,0.001415,0.000685,0.000682,0.000259,0.000266,0.000115,0.000395,0.000301,0.000338,0.001995,0.001669,0.000808,0.000804,0.000314,0.000466,0.000399,6e-06,60.02,4.38,0.0003,1.2e-05,60.0
sag_18_08,sag_sim_18,SAG_0018_1p_phB_med2,18,train,Sag,5,SCENARIO_CONTROLLER,phase-to-ground,B,0.4637,79.0,0.0248,0.1038,124,519,0.599526,0.859348,1.433381,0.1872,0.0,60.0,60.0,39.41,0.847809,0.001683,0.001406,0.00069,0.000685,0.000251,0.000274,0.000109,0.000396,0.000306,0.000333,0.001985,0.001658,0.000814,0.000808,0.000323,0.000467,0.000393,6e-06,60.02,4.37,0.0003,1.2e-05,60.0
sag_18_09,sag_sim_18,SAG_0018_1p_phB_med2,18,train,Sag,5,SCENARIO_CONTROLLER,phase-to-ground,B,0.4637,79.0,0.0258,0.1048,129,524,0.599523,0.859348,1.433388,0.1867,0.0,60.0,60.0,39.41,0.847804,0.001682,0.0014,0.00068,0.000692,0.00026,0.000262,0.000115,0.000404,0.000301,0.000333,0.001984,0.001651,0.000802,0.000816,0.000309,0.000477,0.000393,6e-06,60.02,4.38,0.0003,1.3e-05,60.0
sag_18_10,sag_sim_18,SAG_0018_1p_phB_med2,18,train,Sag,5,SCENARIO_CONTROLLER,phase-to-ground,B,0.4637,79.0,0.0268,0.1058,134,529,0.599518,0.859348,1.433398,0.1867,0.0,60.0,60.0,39.41,0.847798,0.001686,0.001403,0.000671,0.000685,0.000266,0.000263,0.000106,0.000404,0.000309,0.00033,0.001989,0.001655,0.000791,0.000808,0.00031,0.000477,0.000389,6e-06,60.02,4.38,0.0003,1.2e-05,60.0
sag_18_11,sag_sim_18,SAG_0018_1p_phB_med2,18,train,Sag,5,SCENARIO_CONTROLLER,phase-to-ground,B,0.4637,79.0,0.0278,0.1068,139,534,0.599516,0.859348,1.433403,0.1871,0.0,60.0,60.0,39.41,0.847795,0.001689,0.001405,0.000676,0.000689,0.000266,0.000257,0.000106,0.000411,0.000316,0.000327,0.001992,0.001657,0.000797,0.000813,0.000303,0.000485,0.000386,6e-06,60.02,4.37,0.0003,1.2e-05,60.0
sag_18_12,sag_sim_18,SAG_0018_1p_phB_med2,18,train,Sag,5,SCENARIO_CONTROLLER,phase-to-ground,B,0.4637,79.0,0.0288,0.1078,144,539,0.599526,0.859348,1.43338,0.1862,0.0,60.0,60.0,39.41,0.847809,0.001677,0.001401,0.000667,0.000678,0.000256,0.000258,0.000114,0.000418,0.000321,0.000327,0.001978,0.001652,0.000787,0.0008,0.000304,0.000493,0.000386,6e-06,60.02,4.36,0.0003,1.2e-05,60.0
sag_18_13,sag_sim_18,SAG_0018_1p_phB_med2,18,train,Sag,5,SCENARIO_CONTROLLER,phase-to-ground,B,0.4637,79.0,0.0298,0.1088,149,544,0.599525,0.859348,1.433382,0.1866,0.0,60.0,60.0,39.41,0.847808,0.00168,0.001403,0.000669,0.000681,0.00026,0.000266,0.00012,0.000424,0.00033,0.000327,0.001982,0.001655,0.000789,0.000803,0.000314,0.0005,0.000386,6e-06,60.02,4.37,0.0003,1.2e-05,60.0
sag_18_14,sag_sim_18,SAG_0018_1p_phB_med2,18,train,Sag,5,SCENARIO_CONTROLLER,phase-to-ground,B,0.4637,79.0,0.0308,0.1098,154,549,0.59953,0.859348,1.433369,0.1879,0.0,60.0,60.0,39.4,0.847815,0.001683,0.001411,0.000676,0.000687,0.000265,0.000273,0.000127,0.000429,0.000335,0.000331,0.001985,0.001664,0.000797,0.00081,0.000322,0.000506,0.00039,6e-06,60.02,4.37,0.0003,1.2e-05,60.0
sag_18_15,sag_sim_18,SAG_0018_1p_phB_med2,18,train,Sag,5,SCENARIO_CONTROLLER,phase-to-ground,B,0.4637,79.0,0.0318,0.1108,159,554,0.599533,0.859348,1.433363,0.1875,0.0,60.0,60.0,39.4,0.847819,0.00169,0.001411,0.000673,0.000682,0.000261,0.000269,0.000124,0.000428,0.000335,0.000332,0.001993,0.001664,0.000794,0.000804,0.000317,0.000505,0.000392,6e-06,60.02,4.38,0.0003,1.2e-05,60.0
sag_18_16,sag_sim_18,SAG_0018_1p_phB_med2,18,train,Sag,5,SCENARIO_CONTROLLER,phase-to-ground,B,0.4637,79.0,0.0328,0.1118,164,559,0.599533,0.859348,1.433362,0.1872,0.0,60.0,60.0001,39.4,0.84782,0.001693,0.001407,0.00067,0.000681,0.000263,0.000271,0.000126,0.000429,0.000334,0.000331,0.001997,0.00166,0.00079,0.000803,0.00032,0.000506,0.00039,6e-06,60.02,4.39,0.0003,1.2e-05,60.0
sag_18_17,sag_sim_18,SAG_0018_1p_phB_med2,18,train,Sag,5,SCENARIO_CONTROLLER,phase-to-ground,B,0.4637,79.0,0.0338,0.1128,169,564,0.599533,0.859348,1.433363,0.1875,0.0,60.0,60.001,39.38,0.847819,0.001688,0.001414,0.000675,0.000677,0.000253,0.00026,0.000122,0.000439,0.000344,0.000337,0.001991,0.001668,0.000796,0.000799,0.000307,0.000518,0.000397,6e-06,60.02,4.41,0.0003,1.2e-05,60.0
sag_18_18,sag_sim_18,SAG_0018_1p_phB_med2,18,train,Sag,5,SCENARIO_CONTROLLER,phase-to-ground,B,0.4637,79.0,0.0348,0.1138,174,569,0.599532,0.859348,1.433364,0.1872,0.0,60.0,60.001,39.39,0.847818,0.001689,0.001412,0.000678,0.00068,0.000249,0.000254,0.000121,0.000445,0.000343,0.000332,0.001992,0.001665,0.0008,0.000802,0.0003,0.000525,0.000392,6e-06,60.02,4.4,0.0003,1.2e-05,60.0
sag_18_19,sag_sim_18,SAG_0018_1p_phB_med2,18,train,Sag,5,SCENARIO_CONTROLLER,phase-to-ground,B,0.4637,79.0,0.0358,0.1148,179,574,0.599534,0.859348,1.433361,0.1872,0.0,60.0,60.001,39.39,0.84782,0.001691,0.00141,0.000674,0.000686,0.000249,0.000247,0.000119,0.000455,0.000336,0.000321,0.001995,0.001663,0.000795,0.000809,0.000291,0.000537,0.000379,6e-06,60.02,4.4,0.0003,1.2e-05,60.0
sag_18_20,sag_sim_18,SAG_0018_1p_phB_med2,18,train,Sag,5,SCENARIO_CONTROLLER,phase-to-ground,B,0.4637,79.0,0.0368,0.1158,184,579,0.599544,0.859348,1.433338,0.1859,0.0,60.0,60.001,39.38,0.847834,0.001704,0.001402,0.000687,0.000672,0.000258,0.000259,0.000104,0.000463,0.000332,0.000306,0.00201,0.001654,0.00081,0.000793,0.000305,0.000546,0.000361,6e-06,60.03,4.42,0.0003,1.2e-05,60.0
sag_18_21,sag_sim_18,SAG_0018_1p_phB_med2,18,train,Sag,5,SCENARIO_CONTROLLER,phase-to-ground,B,0.4637,79.0,0.0378,0.1168,189,584,0.599536,0.859348,1.433355,0.1854,0.0,60.0,60.001,39.39,0.847823,0.001699,0.001397,0.00069,0.000671,0.000257,0.000265,9.8e-05,0.000467,0.000328,0.000307,0.002004,0.001648,0.000814,0.000791,0.000313,0.000551,0.000362,6e-06,60.03,4.42,0.0003,1.2e-05,60.0
sag_18_22,sag_sim_18,SAG_0018_1p_phB_med2,18,train,Sag,5,SCENARIO_CONTROLLER,phase-to-ground,B,0.4637,79.0,0.0388,0.1178,194,589,0.599529,0.859348,1.433373,0.1837,0.0,60.0,60.001,39.39,0.847813,0.0017,0.001386,0.000701,0.00066,0.000268,0.000262,0.000102,0.000467,0.000331,0.000312,0.002005,0.001635,0.000827,0.000778,0.000309,0.000551,0.000368,6e-06,60.03,4.41,0.0003,1.2e-05,60.0
sag_18_23,sag_sim_18,SAG_0018_1p_phB_med2,18,train,Sag,5,SCENARIO_CONTROLLER,phase-to-ground,B,0.4637,79.0,0.0398,0.1188,199,594,0.599535,0.859348,1.433357,0.1827,0.0,60.0,60.001,39.38,0.847822,0.001683,0.001387,0.00071,0.000645,0.000284,0.000246,0.000116,0.000455,0.000331,0.000309,0.001985,0.001636,0.000837,0.000761,0.00029,0.000537,0.000364,6e-06,60.02,4.4,0.0003,1.2e-05,60.0
sag_18_24,sag_sim_18,SAG_0018_1p_phB_med2,18,train,Sag,5,SCENARIO_CONTROLLER,phase-to-ground,B,0.4637,79.0,0.0408,0.1198,204,599,0.599535,0.859348,1.433358,0.1829,0.0,60.0,60.001,39.38,0.847822,0.001686,0.001389,0.000708,0.000644,0.000286,0.000243,0.000119,0.000454,0.000327,0.000313,0.001989,0.001638,0.000835,0.00076,0.000287,0.000535,0.000369,6e-06,60.02,4.41,0.0003,1.2e-05,60.0
sag_18_25,sag_sim_18,SAG_0018_1p_phB_med2,18,train,Sag,5,SCENARIO_CONTROLLER,phase-to-ground,B,0.4637,79.0,0.0418,0.1208,209,604,0.599535,0.859348,1.433359,0.1827,0.0,60.0,60.0005,39.39,0.847821,0.001683,0.001385,0.000708,0.00065,0.000283,0.000246,0.000124,0.000446,0.000327,0.000317,0.001985,0.001634,0.000835,0.000767,0.00029,0.000526,0.000374,6e-06,60.02,4.41,0.0003,1.2e-05,60.0
sag_18_26,sag_sim_18,SAG_0018_1p_phB_med2,18,train,Sag,5,SCENARIO_CONTROLLER,phase-to-ground,B,0.4637,79.0,0.0428,0.1218,214,609,0.599538,0.859348,1.433351,0.1833,0.0,60.0,60.0005,39.39,0.847826,0.001684,0.001391,0.000719,0.000643,0.000272,0.000259,0.000123,0.000435,0.000332,0.000322,0.001986,0.001641,0.000848,0.000758,0.000305,0.000513,0.00038,6e-06,60.03,4.4,0.0003,1.2e-05,60.0
sag_18_27,sag_sim_18,SAG_0018_1p_phB_med2,18,train,Sag,5,SCENARIO_CONTROLLER,phase-to-ground,B,0.4637,79.0,0.0438,0.1228,219,614,0.599534,0.859348,1.43336,0.184,0.0,60.0,60.0005,39.39,0.847821,0.001691,0.001398,0.000724,0.000639,0.000262,0.000265,0.000133,0.000434,0.000322,0.00032,0.001995,0.001649,0.000854,0.000754,0.000313,0.000512,0.000377,6e-06,60.03,4.43,0.0003,1.2e-05,60.0
sag_18_28,sag_sim_18,SAG_0018_1p_phB_med2,18,train,Sag,5,SCENARIO_CONTROLLER,phase-to-ground,B,0.4637,79.0,0.0448,0.1238,224,619,0.599538,0.859348,1.433351,0.1833,0.0,60.0,60.0005,39.39,0.847826,0.001685,0.001392,0.000718,0.000637,0.000266,0.000269,0.000134,0.000427,0.000315,0.000322,0.001987,0.001642,0.000847,0.000751,0.000317,0.000504,0.00038,6e-06,60.03,4.41,0.0003,1.3e-05,60.0
sag_18_29,sag_sim_18,SAG_0018_1p_phB_med2,18,train,Sag,5,SCENARIO_CONTROLLER,phase-to-ground,B,0.4637,79.0,0.0458,0.1248,229,624,0.599523,0.859348,1.433388,0.1835,0.0,60.0,60.0005,39.39,0.847804,0.001698,0.001388,0.00072,0.000644,0.000276,0.000281,0.000143,0.000432,0.00032,0.000321,0.002003,0.001637,0.000849,0.00076,0.000331,0.00051,0.000379,6e-06,60.03,4.41,0.0003,1.2e-05,60.0
sag_18_30,sag_sim_18,SAG_0018_1p_phB_med2,18,train,Sag,5,SCENARIO_CONTROLLER,phase-to-ground,B,0.4637,79.0,0.0468,0.1258,234,629,0.599516,0.859348,1.433404,0.1829,0.0,60.0,60.0005,39.39,0.847795,0.001703,0.001382,0.000714,0.00064,0.000274,0.000292,0.000154,0.000446,0.000334,0.000334,0.002009,0.00163,0.000842,0.000755,0.000344,0.000526,0.000394,6e-06,60.02,4.39,0.0003,1.2e-05,60.0
sag_18_31,sag_sim_18,SAG_0018_1p_phB_med2,18,train,Sag,5,SCENARIO_CONTROLLER,phase-to-ground,B,0.4637,79.0,0.0478,0.1268,239,634,0.599517,0.859348,1.433402,0.1825,0.0,60.0,60.0005,39.39,0.847796,0.001706,0.001381,0.000712,0.000635,0.000269,0.000288,0.000147,0.000439,0.000327,0.000326,0.002012,0.001629,0.00084,0.000749,0.00034,0.000518,0.000385,6e-06,60.02,4.39,0.0003,1.2e-05,60.0
sag_18_32,sag_sim_18,SAG_0018_1p_phB_med2,18,train,Sag,5,SCENARIO_CONTROLLER,phase-to-ground,B,0.4637,79.0,0.0488,0.1278,244,639,0.599519,0.859348,1.433397,0.1813,0.0,60.0,60.0005,39.39,0.847799,0.001716,0.001374,0.0007,0.000627,0.000268,0.000285,0.000157,0.000452,0.00034,0.00034,0.002024,0.001621,0.000826,0.00074,0.000336,0.000533,0.000401,6e-06,60.03,4.4,0.0003,1.2e-05,60.0
sag_19_01,sag_sim_19,SAG_0019_1p_phC_med2,19,train,Sag,5,SCENARIO_CONTROLLER,phase-to-ground,C,0.4219,91.2,0.0202,0.1114,101,557,0.576734,0.841347,1.458813,0.1214,0.0,60.0,59.9976,40.77,0.815589,0.00086,0.000833,0.000899,0.000535,0.000201,2.7e-05,8.4e-05,3.8e-05,0.000256,0.000372,0.001054,0.001021,0.001102,0.000656,3.3e-05,4.7e-05,0.000456,3e-06,60.01,3.82,0.0002,8e-06,60.0
sag_19_02,sag_sim_19,SAG_0019_1p_phC_med2,19,train,Sag,5,SCENARIO_CONTROLLER,phase-to-ground,C,0.4219,91.2,0.0212,0.1124,106,562,0.576739,0.841347,1.458802,0.12,0.0,60.0,59.9976,40.75,0.815596,0.000869,0.000825,0.000909,0.000527,0.000203,1.7e-05,7.7e-05,5e-05,0.000242,0.000382,0.001065,0.001012,0.001115,0.000646,2.1e-05,6.1e-05,0.000468,3e-06,60.01,3.85,0.0002,8e-06,60.0
sag_19_03,sag_sim_19,SAG_0019_1p_phC_med2,19,train,Sag,5,SCENARIO_CONTROLLER,phase-to-ground,C,0.4219,91.2,0.0222,0.1134,111,567,0.576731,0.841347,1.458821,0.1195,0.0,60.0,59.9976,40.75,0.815585,0.000866,0.000821,0.000911,0.000525,0.000202,6e-06,7.9e-05,5.4e-05,0.000244,0.000385,0.001062,0.001007,0.001117,0.000644,7e-06,6.6e-05,0.000472,3e-06,60.01,3.85,0.0002,8e-06,60.0
sag_19_04,sag_sim_19,SAG_0019_1p_phC_med2,19,train,Sag,5,SCENARIO_CONTROLLER,phase-to-ground,C,0.4219,91.2,0.0232,0.1144,116,572,0.576737,0.841347,1.458807,0.1208,0.0,60.0,59.9976,40.75,0.815593,0.000863,0.000829,0.000903,0.000533,0.000194,7e-06,7.7e-05,6.1e-05,0.000247,0.000384,0.001058,0.001016,0.001107,0.000654,9e-06,7.5e-05,0.000471,3e-06,60.01,3.84,0.0002,8e-06,60.0
sag_19_05,sag_sim_19,SAG_0019_1p_phC_med2,19,train,Sag,5,SCENARIO_CONTROLLER,phase-to-ground,C,0.4219,91.2,0.0242,0.1154,121,577,0.576729,0.841347,1.458825,0.1205,0.0,60.0,59.9976,40.75,0.815582,0.000873,0.000822,0.000904,0.000538,0.000186,1.6e-05,7.3e-05,6.8e-05,0.000253,0.000377,0.00107,0.001008,0.001108,0.00066,2e-05,8.3e-05,0.000462,3e-06,60.01,3.86,0.0002,8e-06,60.0
sag_19_06,sag_sim_19,SAG_0019_1p_phC_med2,19,train,Sag,5,SCENARIO_CONTROLLER,phase-to-ground,C,0.4219,91.2,0.0252,0.1164,126,582,0.576731,0.841347,1.458821,0.1201,0.0,60.0,59.9976,40.75,0.815585,0.000869,0.000822,0.000908,0.000533,0.000187,2.3e-05,7.2e-05,7.1e-05,0.00026,0.000373,0.001065,0.001008,0.001113,0.000654,2.8e-05,8.7e-05,0.000457,3e-06,60.01,3.85,0.0002,8e-06,60.0
sag_19_07,sag_sim_19,SAG_0019_1p_phC_med2,19,train,Sag,5,SCENARIO_CONTROLLER,phase-to-ground,C,0.4219,91.2,0.0262,0.1174,131,587,0.57673,0.841347,1.458825,0.1205,0.0,60.0,59.9976,40.73,0.815583,0.000868,0.000827,0.000914,0.00053,0.000181,2.4e-05,7.7e-05,6.7e-05,0.000255,0.000369,0.001064,0.001014,0.001121,0.00065,2.9e-05,8.2e-05,0.000452,3e-06,60.01,3.86,0.0002,8e-06,60.0
sag_19_08,sag_sim_19,SAG_0019_1p_phC_med2,19,train,Sag,5,SCENARIO_CONTROLLER,phase-to-ground,C,0.4219,91.2,0.0272,0.1184,136,592,0.576728,0.841347,1.458828,0.1204,0.0,60.0,60.0026,40.29,0.815581,0.000876,0.000833,0.000909,0.000519,0.000178,3.5e-05,9e-05,6.3e-05,0.000249,0.000359,0.001074,0.001021,0.001115,0.000636,4.3e-05,7.7e-05,0.00044,3e-06,60.01,3.85,0.0002,8e-06,60.0
sag_19_09,sag_sim_19,SAG_0019_1p_phC_med2,19,train,Sag,5,SCENARIO_CONTROLLER,phase-to-ground,C,0.4219,91.2,0.0282,0.1194,141,597,0.576729,0.841347,1.458826,0.1204,0.0,60.0,60.0026,40.3,0.815582,0.000871,0.000829,0.000912,0.000525,0.000181,3.1e-05,8.6e-05,6e-05,0.000247,0.000363,0.001068,0.001016,0.001118,0.000644,3.8e-05,7.4e-05,0.000445,3e-06,60.01,3.88,0.0002,8e-06,60.0
sag_19_10,sag_sim_19,SAG_0019_1p_phC_med2,19,train,Sag,5,SCENARIO_CONTROLLER,phase-to-ground,C,0.4219,91.2,0.0292,0.1204,146,602,0.576728,0.841347,1.458829,0.1212,0.0,60.0,60.0026,40.31,0.81558,0.000877,0.000837,0.000917,0.000525,0.000172,1.8e-05,7.3e-05,5.6e-05,0.000234,0.00037,0.001075,0.001026,0.001124,0.000644,2.2e-05,6.9e-05,0.000454,3e-06,60.01,3.86,0.0002,8e-06,60.0
sag_19_11,sag_sim_19,SAG_0019_1p_phC_med2,19,train,Sag,5,SCENARIO_CONTROLLER,phase-to-ground,C,0.4219,91.2,0.0302,0.1214,151,607,0.576735,0.841347,1.458811,0.1215,0.0,60.0,60.0026,40.31,0.815591,0.000875,0.00084,0.000918,0.000526,0.00017,1.6e-05,7.7e-05,4.7e-05,0.000234,0.000363,0.001073,0.00103,0.001126,0.000645,2e-05,5.8e-05,0.000445,3e-06,60.01,3.86,0.0002,8e-06,60.0
sag_19_12,sag_sim_19,SAG_0019_1p_phC_med2,19,train,Sag,5,SCENARIO_CONTROLLER,phase-to-ground,C,0.4219,91.2,0.0312,0.1224,156,612,0.576739,0.841347,1.4588,0.1224,0.0,60.0,60.0026,40.31,0.815597,0.000875,0.000845,0.000923,0.000532,0.000176,2.4e-05,8.3e-05,5.3e-05,0.00024,0.00037,0.001073,0.001036,0.001132,0.000652,2.9e-05,6.5e-05,0.000454,3e-06,60.01,3.87,0.0002,8e-06,60.0
sag_19_13,sag_sim_19,SAG_0019_1p_phC_med2,19,train,Sag,5,SCENARIO_CONTROLLER,phase-to-ground,C,0.4219,91.2,0.0322,0.1234,161,617,0.576745,0.841347,1.458785,0.1224,0.0,60.0,60.0026,40.32,0.815605,0.000884,0.000849,0.000922,0.000525,0.000167,2e-05,8.7e-05,5.2e-05,0.000249,0.000379,0.001084,0.001041,0.00113,0.000644,2.5e-05,6.4e-05,0.000465,3e-06,60.01,3.88,0.0002,8e-06,60.0
sag_19_14,sag_sim_19,SAG_0019_1p_phC_med2,19,train,Sag,5,SCENARIO_CONTROLLER,phase-to-ground,C,0.4219,91.2,0.0332,0.1244,166,622,0.576741,0.841347,1.458795,0.1228,0.0,60.0,60.0026,40.32,0.8156,0.000878,0.000849,0.000927,0.000531,0.000171,1.5e-05,8.1e-05,4.5e-05,0.000251,0.000383,0.001077,0.001041,0.001137,0.000651,1.8e-05,5.5e-05,0.00047,3e-06,60.01,3.88,0.0002,8e-06,60.0
sag_19_15,sag_sim_19,SAG_0019_1p_phC_med2,19,train,Sag,5,SCENARIO_CONTROLLER,phase-to-ground,C,0.4219,91.2,0.0342,0.1254,171,627,0.576741,0.841347,1.458797,0.1229,0.0,60.0,60.0026,40.33,0.815598,0.000878,0.000853,0.000924,0.000527,0.000173,2e-05,7.5e-05,3.7e-05,0.000255,0.000391,0.001077,0.001046,0.001133,0.000646,2.5e-05,4.5e-05,0.000479,3e-06,60.01,3.88,0.0002,8e-06,60.0
sag_19_16,sag_sim_19,SAG_0019_1p_phC_med2,19,train,Sag,5,SCENARIO_CONTROLLER,phase-to-ground,C,0.4219,91.2,0.0352,0.1264,176,632,0.576739,0.841347,1.458801,0.1235,0.0,60.0,60.0004,40.5,0.815596,0.000884,0.000858,0.000911,0.000527,0.000185,1.6e-05,7.3e-05,4.1e-05,0.000256,0.000385,0.001084,0.001052,0.001117,0.000646,2e-05,5e-05,0.000472,3e-06,60.01,3.88,0.0002,8e-06,60.0
sag_19_17,sag_sim_19,SAG_0019_1p_phC_med2,19,train,Sag,5,SCENARIO_CONTROLLER,phase-to-ground,C,0.4219,91.2,0.0362,0.1274,181,637,0.576737,0.841347,1.458805,0.124,0.0,60.0,59.9995,40.56,0.815594,0.000879,0.000864,0.000906,0.000527,0.000193,1.2e-05,8.2e-05,5e-05,0.000246,0.000387,0.001078,0.001059,0.001111,0.000646,1.5e-05,6.1e-05,0.000475,3e-06,60.01,3.9,0.0002,8e-06,60.0
sag_19_18,sag_sim_19,SAG_0019_1p_phC_med2,19,train,Sag,5,SCENARIO_CONTROLLER,phase-to-ground,C,0.4219,91.2,0.0372,0.1284,186,642,0.576738,0.841347,1.458804,0.1238,0.0,60.0,59.9995,40.56,0.815594,0.000879,0.000864,0.000908,0.000524,0.000197,1.5e-05,8.6e-05,5.6e-05,0.000241,0.000392,0.001078,0.001059,0.001113,0.000642,1.8e-05,6.9e-05,0.000481,3e-06,60.01,3.89,0.0002,8e-06,60.0
sag_19_19,sag_sim_19,SAG_0019_1p_phC_med2,19,train,Sag,5,SCENARIO_CONTROLLER,phase-to-ground,C,0.4219,91.2,0.0382,0.1294,191,647,0.576741,0.841347,1.458796,0.124,0.0,60.0,59.9995,40.55,0.815599,0.00088,0.000865,0.000908,0.000524,0.000197,1e-05,8.3e-05,5.4e-05,0.000239,0.000391,0.001079,0.001061,0.001113,0.000642,1.2e-05,6.6e-05,0.000479,3e-06,60.01,3.89,0.0002,8e-06,60.0
sag_19_20,sag_sim_19,SAG_0019_1p_phC_med2,19,train,Sag,5,SCENARIO_CONTROLLER,phase-to-ground,C,0.4219,91.2,0.0392,0.1304,196,652,0.57674,0.841347,1.458798,0.1245,0.0,60.0,59.9995,40.56,0.815598,0.000875,0.000868,0.000904,0.000526,0.000195,2.8e-05,0.000101,5.9e-05,0.000256,0.000382,0.001073,0.001064,0.001108,0.000645,3.4e-05,7.2e-05,0.000468,3e-06,60.01,3.88,0.0002,8e-06,60.0
sag_19_21,sag_sim_19,SAG_0019_1p_phC_med2,19,train,Sag,5,SCENARIO_CONTROLLER,phase-to-ground,C,0.4219,91.2,0.0402,0.1314,201,657,0.576733,0.841347,1.458815,0.1239,0.0,60.0,59.9995,40.56,0.815588,0.000883,0.000861,0.000908,0.000528,0.000189,2.8e-05,0.0001,6.7e-05,0.00026,0.00038,0.001083,0.001056,0.001113,0.000647,3.4e-05,8.2e-05,0.000466,3e-06,60.01,3.88,0.0002,8e-06,60.0
sag_19_22,sag_sim_19,SAG_0019_1p_phC_med2,19,train,Sag,5,SCENARIO_CONTROLLER,phase-to-ground,C,0.4219,91.2,0.0412,0.1324,206,662,0.576736,0.841347,1.458809,0.1236,0.0,60.0,59.9995,40.56,0.815592,0.000879,0.00086,0.000911,0.000525,0.00019,2.7e-05,9.9e-05,7e-05,0.000261,0.000379,0.001078,0.001054,0.001117,0.000644,3.3e-05,8.6e-05,0.000465,3e-06,60.01,3.85,0.0002,8e-06,60.0
sag_19_23,sag_sim_19,SAG_0019_1p_phC_med2,19,train,Sag,5,SCENARIO_CONTROLLER,phase-to-ground,C,0.4219,91.2,0.0422,0.1334,211,667,0.576736,0.841347,1.458808,0.1236,0.0,60.0,59.9995,40.56,0.815592,0.000879,0.00086,0.000912,0.000525,0.000189,2.9e-05,0.000101,6.7e-05,0.000259,0.000383,0.001078,0.001054,0.001118,0.000644,3.6e-05,8.2e-05,0.00047,3e-06,60.01,3.86,0.0002,8e-06,60.0
sag_19_24,sag_sim_19,SAG_0019_1p_phC_med2,19,train,Sag,5,SCENARIO_CONTROLLER,phase-to-ground,C,0.4219,91.2,0.0432,0.1344,216,672,0.576735,0.841347,1.458812,0.1239,0.0,60.0,59.9995,40.55,0.81559,0.000878,0.000865,0.000918,0.000522,0.000182,3.6e-05,0.000106,6.1e-05,0.000253,0.000384,0.001077,0.001061,0.001126,0.00064,4.4e-05,7.5e-05,0.000471,3e-06,60.01,3.86,0.0002,8e-06,60.0
sag_19_25,sag_sim_19,SAG_0019_1p_phC_med2,19,train,Sag,5,SCENARIO_CONTROLLER,phase-to-ground,C,0.4219,91.2,0.0442,0.1354,221,677,0.576736,0.841347,1.458808,0.1236,0.0,60.0,59.999,40.55,0.815592,0.000872,0.000859,0.000917,0.000528,0.000191,3e-05,0.00011,5.5e-05,0.000244,0.000393,0.001069,0.001053,0.001124,0.000647,3.7e-05,6.7e-05,0.000482,3e-06,60.01,3.88,0.0002,8e-06,60.0
sag_19_26,sag_sim_19,SAG_0019_1p_phC_med2,19,train,Sag,5,SCENARIO_CONTROLLER,phase-to-ground,C,0.4219,91.2,0.0452,0.1364,226,682,0.576739,0.841347,1.458802,0.1227,0.0,60.0,59.999,40.54,0.815595,0.000865,0.000852,0.00091,0.000524,0.000195,3.9e-05,0.000117,5.2e-05,0.000248,0.000381,0.001061,0.001045,0.001116,0.000642,4.8e-05,6.4e-05,0.000467,3e-06,60.01,3.91,0.0002,8e-06,60.0
sag_19_27,sag_sim_19,SAG_0019_1p_phC_med2,19,train,Sag,5,SCENARIO_CONTROLLER,phase-to-ground,C,0.4219,91.2,0.0462,0.1374,231,687,0.576735,0.841347,1.458811,0.1226,0.0,60.0,59.999,40.54,0.81559,0.000866,0.00085,0.00091,0.000525,0.000202,5.1e-05,0.000117,6.5e-05,0.000261,0.000392,0.001062,0.001042,0.001116,0.000644,6.3e-05,8e-05,0.000481,3e-06,60.01,3.9,0.0002,8e-06,60.0
sag_19_28,sag_sim_19,SAG_0019_1p_phC_med2,19,train,Sag,5,SCENARIO_CONTROLLER,phase-to-ground,C,0.4219,91.2,0.0472,0.1384,236,692,0.57675,0.841347,1.458774,0.1247,0.0,60.0,59.999,40.53,0.815611,0.000867,0.000862,0.000922,0.000538,0.000212,5.4e-05,0.000133,7.2e-05,0.000276,0.000402,0.001063,0.001057,0.00113,0.00066,6.6e-05,8.8e-05,0.000493,3e-06,60.01,3.9,0.0002,8e-06,60.0
sag_19_29,sag_sim_19,SAG_0019_1p_phC_med2,19,train,Sag,5,SCENARIO_CONTROLLER,phase-to-ground,C,0.4219,91.2,0.0482,0.1394,241,697,0.576755,0.841347,1.458761,0.1257,0.0,60.0,59.999,40.53,0.815618,0.000872,0.000868,0.000928,0.000542,0.000215,5.7e-05,0.000129,7.2e-05,0.000273,0.000401,0.001069,0.001064,0.001138,0.000665,7e-05,8.8e-05,0.000492,3e-06,60.01,3.9,0.0002,8e-06,60.0
sag_19_30,sag_sim_19,SAG_0019_1p_phC_med2,19,train,Sag,5,SCENARIO_CONTROLLER,phase-to-ground,C,0.4219,91.2,0.0492,0.1404,246,702,0.576765,0.841347,1.458734,0.1253,0.0,60.0,59.999,40.53,0.815633,0.000888,0.000873,0.000922,0.000528,0.000201,4.8e-05,0.000141,8e-05,0.00028,0.000406,0.001089,0.00107,0.00113,0.000647,5.9e-05,9.8e-05,0.000498,3e-06,60.01,3.9,0.0002,8e-06,60.0
sag_19_31,sag_sim_19,SAG_0019_1p_phC_med2,19,train,Sag,5,SCENARIO_CONTROLLER,phase-to-ground,C,0.4219,91.2,0.0502,0.1414,251,707,0.576761,0.841347,1.458745,0.1259,0.0,60.0,59.999,40.53,0.815627,0.000881,0.000876,0.00093,0.000534,0.0002,3.9e-05,0.000145,8.2e-05,0.000289,0.000414,0.00108,0.001074,0.00114,0.000655,4.8e-05,0.000101,0.000508,3e-06,60.01,3.9,0.0002,8e-06,60.0
sag_19_32,sag_sim_19,SAG_0019_1p_phC_med2,19,train,Sag,5,SCENARIO_CONTROLLER,phase-to-ground,C,0.4219,91.2,0.0512,0.1424,256,712,0.576765,0.841347,1.458734,0.1251,0.0,60.0,59.999,40.53,0.815633,0.000879,0.000862,0.00094,0.000544,0.000191,2.9e-05,0.000155,8.7e-05,0.00028,0.000413,0.001078,0.001057,0.001152,0.000667,3.6e-05,0.000107,0.000506,3e-06,60.01,3.89,0.0002,8e-06,60.0
sag_20_01,sag_sim_20,SAG_0020_1p_phA_deep2,20,train,Sag,5,SCENARIO_CONTROLLER,phase-to-ground,A,0.3007,57.8,0.0178,0.0756,89,378,0.516666,0.838186,1.622298,0.7311,58.0,60.0,59.9983,8.55,0.684444,0.00694,0.004336,0.00233,0.001537,0.001712,0.001969,0.001735,0.001058,0.000796,0.00084,0.01014,0.006335,0.003404,0.002246,0.002877,0.001546,0.001227,8.7e-05,60.5,10.56,0.0984,5.5e-05,60.0
sag_20_02,sag_sim_20,SAG_0020_1p_phA_deep2,20,train,Sag,5,SCENARIO_CONTROLLER,phase-to-ground,A,0.3007,57.8,0.0188,0.0766,94,383,0.516667,0.838186,1.622295,0.7315,58.0,60.0,59.9983,8.55,0.684445,0.006939,0.004339,0.00233,0.001534,0.00171,0.001973,0.001733,0.001052,0.000798,0.000846,0.010138,0.006339,0.003404,0.002241,0.002883,0.001537,0.001236,8.7e-05,60.5,10.56,0.0984,5.5e-05,60.0
sag_20_03,sag_sim_20,SAG_0020_1p_phA_deep2,20,train,Sag,5,SCENARIO_CONTROLLER,phase-to-ground,A,0.3007,57.8,0.0198,0.0776,99,388,0.516672,0.838186,1.622277,0.7317,58.0,60.0,59.9983,8.55,0.684452,0.006939,0.004343,0.002322,0.001535,0.001718,0.001967,0.001734,0.001059,0.000792,0.000844,0.010138,0.006345,0.003392,0.002243,0.002874,0.001547,0.001233,8.7e-05,60.5,10.56,0.0984,5.5e-05,60.0
sag_20_04,sag_sim_20,SAG_0020_1p_phA_deep2,20,train,Sag,5,SCENARIO_CONTROLLER,phase-to-ground,A,0.3007,57.8,0.0208,0.0786,104,393,0.516677,0.838186,1.622262,0.7314,58.0,60.0,59.9983,8.55,0.684458,0.006945,0.004337,0.002326,0.001536,0.001712,0.001975,0.001727,0.001065,0.000792,0.000839,0.010147,0.006336,0.003398,0.002244,0.002885,0.001556,0.001226,8.7e-05,60.5,10.56,0.0984,5.4e-05,60.0
sag_20_05,sag_sim_20,SAG_0020_1p_phA_deep2,20,train,Sag,5,SCENARIO_CONTROLLER,phase-to-ground,A,0.3007,57.8,0.0218,0.0796,109,398,0.51668,0.838186,1.622252,0.7307,58.0,60.0,59.9983,8.55,0.684462,0.006949,0.004333,0.00233,0.001532,0.001714,0.001973,0.001728,0.001064,0.000791,0.00084,0.010152,0.006331,0.003404,0.002238,0.002883,0.001555,0.001227,8.7e-05,60.5,10.56,0.0984,5.4e-05,60.0
sag_20_06,sag_sim_20,SAG_0020_1p_phA_deep2,20,train,Sag,5,SCENARIO_CONTROLLER,phase-to-ground,A,0.3007,57.8,0.0228,0.0806,114,403,0.516679,0.838186,1.622255,0.7299,58.0,60.0,59.9983,8.55,0.684461,0.006949,0.00433,0.002334,0.001528,0.001717,0.001968,0.001735,0.001057,0.000798,0.000833,0.010153,0.006326,0.00341,0.002232,0.002875,0.001544,0.001217,8.7e-05,60.5,10.56,0.0984,5.4e-05,60.0
sag_20_07,sag_sim_20,SAG_0020_1p_phA_deep2,20,train,Sag,5,SCENARIO_CONTROLLER,phase-to-ground,A,0.3007,57.8,0.0238,0.0816,119,408,0.516678,0.838186,1.62226,0.7293,58.0,60.0,59.9983,8.55,0.684459,0.006948,0.004328,0.002338,0.001525,0.00172,0.001965,0.001738,0.001055,0.000801,0.00083,0.010151,0.006323,0.003416,0.002228,0.002871,0.001541,0.001213,8.7e-05,60.5,10.56,0.0984,5.4e-05,60.0
sag_20_08,sag_sim_20,SAG_0020_1p_phA_deep2,20,train,Sag,5,SCENARIO_CONTROLLER,phase-to-ground,A,0.3007,57.8,0.0248,0.0826,124,413,0.516678,0.838186,1.622259,0.7298,58.0,60.0,59.9998,8.55,0.684459,0.00694,0.004338,0.002336,0.001522,0.001728,0.001954,0.00174,0.00106,0.000793,0.000838,0.010139,0.006338,0.003413,0.002224,0.002855,0.001549,0.001224,8.7e-05,60.5,10.56,0.0984,5.4e-05,60.0
sag_20_09,sag_sim_20,SAG_0020_1p_phA_deep2,20,train,Sag,5,SCENARIO_CONTROLLER,phase-to-ground,A,0.3007,57.8,0.0258,0.0836,129,418,0.516678,0.838186,1.622258,0.7297,58.0,60.0,59.9998,8.55,0.684459,0.006941,0.004338,0.002335,0.001523,0.001728,0.001952,0.001741,0.001063,0.000788,0.000838,0.010141,0.006338,0.003411,0.002225,0.002852,0.001553,0.001224,8.7e-05,60.5,10.56,0.0984,5.4e-05,60.0
sag_20_10,sag_sim_20,SAG_0020_1p_phA_deep2,20,train,Sag,5,SCENARIO_CONTROLLER,phase-to-ground,A,0.3007,57.8,0.0268,0.0846,134,423,0.516678,0.838186,1.622258,0.7295,58.0,60.0,59.9998,8.55,0.68446,0.006944,0.004338,0.002329,0.001526,0.001734,0.001945,0.001731,0.00107,0.000797,0.000828,0.010145,0.006338,0.003403,0.002229,0.002842,0.001563,0.00121,8.7e-05,60.5,10.56,0.0984,5.4e-05,60.0
sag_20_11,sag_sim_20,SAG_0020_1p_phA_deep2,20,train,Sag,5,SCENARIO_CONTROLLER,phase-to-ground,A,0.3007,57.8,0.0278,0.0856,139,428,0.516683,0.838186,1.622244,0.7296,58.0,60.0,59.9998,8.55,0.684465,0.006943,0.004341,0.002335,0.001528,0.001728,0.001939,0.00173,0.001075,0.000803,0.000826,0.010144,0.006342,0.003411,0.002232,0.002833,0.001571,0.001207,8.7e-05,60.5,10.57,0.0984,5.5e-05,60.0
sag_20_12,sag_sim_20,SAG_0020_1p_phA_deep2,20,train,Sag,5,SCENARIO_CONTROLLER,phase-to-ground,A,0.3007,57.8,0.0288,0.0866,144,433,0.5167,0.838186,1.62219,0.7294,58.0,60.0,59.9998,8.55,0.684487,0.006931,0.004335,0.002343,0.001546,0.001734,0.001935,0.00172,0.001064,0.000799,0.000829,0.010126,0.006333,0.003423,0.002259,0.002827,0.001554,0.001211,8.7e-05,60.5,10.56,0.0984,5.6e-05,60.0
sag_20_13,sag_sim_20,SAG_0020_1p_phA_deep2,20,train,Sag,5,SCENARIO_CONTROLLER,phase-to-ground,A,0.3007,57.8,0.0298,0.0876,149,438,0.516693,0.838186,1.622213,0.7307,58.0,60.0,59.9998,8.55,0.684478,0.006941,0.004344,0.002351,0.001551,0.001734,0.001934,0.001719,0.001061,0.000795,0.000825,0.010141,0.006346,0.003435,0.002266,0.002826,0.00155,0.001205,8.7e-05,60.5,10.56,0.0984,5.5e-05,60.0
sag_20_14,sag_sim_20,SAG_0020_1p_phA_deep2,20,train,Sag,5,SCENARIO_CONTROLLER,phase-to-ground,A,0.3007,57.8,0.0308,0.0886,154,443,0.51669,0.838186,1.62222,0.7318,58.0,60.0,59.9998,8.55,0.684475,0.006944,0.004348,0.002357,0.001557,0.001739,0.001939,0.001726,0.001068,0.000801,0.000832,0.010145,0.006352,0.003444,0.002275,0.002833,0.00156,0.001216,8.7e-05,60.5,10.55,0.0984,5.5e-05,60.0
sag_20_15,sag_sim_20,SAG_0020_1p_phA_deep2,20,train,Sag,5,SCENARIO_CONTROLLER,phase-to-ground,A,0.3007,57.8,0.0318,0.0896,159,448,0.516689,0.838186,1.622225,0.7312,58.0,60.0,59.9998,8.55,0.684473,0.006945,0.004346,0.002353,0.001553,0.001736,0.001937,0.001725,0.001069,0.000802,0.000834,0.010146,0.006349,0.003438,0.002269,0.00283,0.001562,0.001218,8.7e-05,60.5,10.55,0.0984,5.5e-05,60.0
sag_20_16,sag_sim_20,SAG_0020_1p_phA_deep2,20,train,Sag,5,SCENARIO_CONTROLLER,phase-to-ground,A,0.3007,57.8,0.0328,0.0906,164,453,0.516689,0.838186,1.622226,0.7311,58.0,60.0,60.0007,8.55,0.684473,0.006946,0.004347,0.002352,0.001551,0.001733,0.001934,0.001727,0.001072,0.000806,0.000836,0.010148,0.006351,0.003436,0.002266,0.002826,0.001566,0.001221,8.7e-05,60.5,10.55,0.0984,5.5e-05,60.0
sag_20_17,sag_sim_20,SAG_0020_1p_phA_deep2,20,train,Sag,5,SCENARIO_CONTROLLER,phase-to-ground,A,0.3007,57.8,0.0338,0.0916,169,458,0.516689,0.838186,1.622224,0.7312,58.0,60.0,59.9991,8.55,0.684473,0.006948,0.00435,0.002353,0.001549,0.001729,0.00193,0.001728,0.001078,0.000812,0.000836,0.010151,0.006355,0.003438,0.002263,0.00282,0.001575,0.001221,8.7e-05,60.5,10.55,0.0984,5.5e-05,60.0
sag_20_18,sag_sim_20,SAG_0020_1p_phA_deep2,20,train,Sag,5,SCENARIO_CONTROLLER,phase-to-ground,A,0.3007,57.8,0.0348,0.0926,174,463,0.516686,0.838186,1.622235,0.7312,58.0,60.0,59.9991,8.55,0.684469,0.006959,0.004346,0.002341,0.001543,0.001737,0.001943,0.00172,0.001064,0.000812,0.000852,0.010167,0.006349,0.00342,0.002254,0.002839,0.001554,0.001245,8.7e-05,60.5,10.55,0.0984,5.4e-05,60.0
sag_20_19,sag_sim_20,SAG_0020_1p_phA_deep2,20,train,Sag,5,SCENARIO_CONTROLLER,phase-to-ground,A,0.3007,57.8,0.0358,0.0936,179,468,0.516689,0.838186,1.622224,0.7322,58.0,60.0,59.9991,8.55,0.684473,0.006955,0.004353,0.002339,0.001535,0.001736,0.001952,0.001712,0.001059,0.000823,0.000854,0.010161,0.00636,0.003417,0.002243,0.002852,0.001547,0.001248,8.7e-05,60.5,10.55,0.0984,5.4e-05,60.0
sag_20_20,sag_sim_20,SAG_0020_1p_phA_deep2,20,train,Sag,5,SCENARIO_CONTROLLER,phase-to-ground,A,0.3007,57.8,0.0368,0.0946,184,473,0.516687,0.838186,1.622231,0.7322,58.0,60.0,59.9991,8.55,0.684471,0.006952,0.004356,0.002338,0.001532,0.001741,0.001949,0.001711,0.001064,0.000817,0.000856,0.010157,0.006364,0.003416,0.002238,0.002847,0.001554,0.001251,8.7e-05,60.5,10.55,0.0984,5.4e-05,60.0
sag_20_21,sag_sim_20,SAG_0020_1p_phA_deep2,20,train,Sag,5,SCENARIO_CONTROLLER,phase-to-ground,A,0.3007,57.8,0.0378,0.0956,189,478,0.516681,0.838186,1.62225,0.7329,58.0,60.0,59.9991,8.55,0.684463,0.006945,0.004363,0.002331,0.001533,0.001746,0.001943,0.001718,0.001056,0.000823,0.000854,0.010147,0.006374,0.003406,0.00224,0.002839,0.001543,0.001248,8.7e-05,60.5,10.55,0.0984,5.4e-05,60.0
sag_20_22,sag_sim_20,SAG_0020_1p_phA_deep2,20,train,Sag,5,SCENARIO_CONTROLLER,phase-to-ground,A,0.3007,57.8,0.0388,0.0966,194,483,0.51668,0.838186,1.622252,0.7328,58.0,60.0,59.9991,8.55,0.684462,0.006944,0.004366,0.002329,0.001532,0.001751,0.001937,0.001724,0.001048,0.000833,0.000842,0.010145,0.006379,0.003403,0.002238,0.00283,0.001531,0.00123,8.7e-05,60.5,10.54,0.0984,5.4e-05,60.0
sag_20_23,sag_sim_20,SAG_0020_1p_phA_deep2,20,train,Sag,5,SCENARIO_CONTROLLER,phase-to-ground,A,0.3007,57.8,0.0398,0.0976,199,488,0.516679,0.838186,1.622258,0.7339,58.0,60.0,59.9991,8.55,0.68446,0.00694,0.00437,0.002325,0.001538,0.001743,0.001943,0.001722,0.001048,0.000835,0.000839,0.010139,0.006385,0.003397,0.002247,0.002839,0.001531,0.001226,8.7e-05,60.5,10.54,0.0984,5.5e-05,60.0
sag_20_24,sag_sim_20,SAG_0020_1p_phA_deep2,20,train,Sag,5,SCENARIO_CONTROLLER,phase-to-ground,A,0.3007,57.8,0.0408,0.0986,204,493,0.516682,0.838186,1.622248,0.7357,58.0,60.0,59.9991,8.55,0.684464,0.006942,0.004375,0.002316,0.001548,0.001731,0.001954,0.001719,0.001043,0.000844,0.000825,0.010142,0.006392,0.003384,0.002262,0.002855,0.001524,0.001205,8.7e-05,60.5,10.54,0.0984,5.4e-05,60.0
sag_20_25,sag_sim_20,SAG_0020_1p_phA_deep2,20,train,Sag,5,SCENARIO_CONTROLLER,phase-to-ground,A,0.3007,57.8,0.0418,0.0996,209,498,0.516683,0.838186,1.622244,0.7356,58.0,60.0,60.0002,8.55,0.684465,0.006949,0.004373,0.00231,0.001555,0.001726,0.001951,0.001726,0.001041,0.000841,0.000831,0.010152,0.006389,0.003375,0.002272,0.00285,0.001521,0.001214,8.7e-05,60.5,10.54,0.0984,5.5e-05,60.0
sag_20_26,sag_sim_20,SAG_0020_1p_phA_deep2,20,train,Sag,5,SCENARIO_CONTROLLER,phase-to-ground,A,0.3007,57.8,0.0428,0.1006,214,503,0.516682,0.838186,1.622247,0.7354,58.0,60.0,60.0002,8.55,0.684464,0.006948,0.004371,0.002311,0.001558,0.001722,0.001951,0.001732,0.00104,0.000835,0.000838,0.010151,0.006386,0.003376,0.002276,0.00285,0.001519,0.001224,8.7e-05,60.5,10.55,0.0984,5.5e-05,60.0
sag_20_27,sag_sim_20,SAG_0020_1p_phA_deep2,20,train,Sag,5,SCENARIO_CONTROLLER,phase-to-ground,A,0.3007,57.8,0.0438,0.1016,219,508,0.516687,0.838186,1.622231,0.7361,58.0,60.0,60.0002,8.55,0.684471,0.00695,0.004377,0.002317,0.001554,0.001717,0.001952,0.001737,0.001047,0.000833,0.000828,0.010154,0.006395,0.003385,0.00227,0.002852,0.00153,0.00121,8.7e-05,60.5,10.54,0.0984,5.5e-05,60.0
sag_20_28,sag_sim_20,SAG_0020_1p_phA_deep2,20,train,Sag,5,SCENARIO_CONTROLLER,phase-to-ground,A,0.3007,57.8,0.0448,0.1026,224,513,0.516687,0.838186,1.622231,0.7353,58.0,60.0,60.0002,8.55,0.68447,0.006946,0.00437,0.002315,0.001564,0.001723,0.001945,0.001721,0.001034,0.000841,0.000847,0.010148,0.006385,0.003382,0.002285,0.002842,0.001511,0.001237,8.7e-05,60.5,10.55,0.0984,5.5e-05,60.0
sag_20_29,sag_sim_20,SAG_0020_1p_phA_deep2,20,train,Sag,5,SCENARIO_CONTROLLER,phase-to-ground,A,0.3007,57.8,0.0458,0.1036,229,518,0.516688,0.838186,1.622229,0.7353,58.0,60.0,60.0002,8.55,0.684472,0.006945,0.00437,0.002315,0.001565,0.001724,0.001946,0.001722,0.001034,0.000839,0.000845,0.010147,0.006384,0.003382,0.002286,0.002843,0.001511,0.001235,8.7e-05,60.5,10.55,0.0984,5.5e-05,60.0
sag_20_30,sag_sim_20,SAG_0020_1p_phA_deep2,20,train,Sag,5,SCENARIO_CONTROLLER,phase-to-ground,A,0.3007,57.8,0.0468,0.1046,234,523,0.516683,0.838186,1.622244,0.7368,58.0,60.0,60.0002,8.55,0.684466,0.006952,0.004375,0.00232,0.001573,0.001733,0.001955,0.001732,0.001044,0.00085,0.000854,0.010157,0.006392,0.00339,0.002298,0.002856,0.001525,0.001248,8.8e-05,60.5,10.55,0.0984,5.5e-05,60.0
sag_20_31,sag_sim_20,SAG_0020_1p_phA_deep2,20,train,Sag,5,SCENARIO_CONTROLLER,phase-to-ground,A,0.3007,57.8,0.0478,0.1056,239,528,0.516682,0.838186,1.622247,0.7367,58.0,60.0,60.0002,8.55,0.684465,0.006952,0.004375,0.002319,0.001572,0.001732,0.001954,0.001731,0.001044,0.000849,0.000853,0.010157,0.006392,0.003388,0.002297,0.002855,0.001525,0.001246,8.8e-05,60.5,10.55,0.0984,5.4e-05,60.0
sag_20_32,sag_sim_20,SAG_0020_1p_phA_deep2,20,train,Sag,5,SCENARIO_CONTROLLER,phase-to-ground,A,0.3007,57.8,0.0488,0.1066,244,533,0.516679,0.838186,1.622255,0.7357,58.0,60.0,60.0002,8.55,0.684462,0.006954,0.004372,0.002314,0.001567,0.001726,0.001946,0.001724,0.001039,0.000847,0.000854,0.01016,0.006387,0.003381,0.002289,0.002843,0.001518,0.001248,8.8e-05,60.5,10.55,0.0984,5.3e-05,60.0
sag_21_01,sag_sim_21,SAG_0021_2p_phAB_med,21,test,Sag,5,SCENARIO_CONTROLLER,phase-to-phase,"A,B",0.4698,80.8,0.0178,0.0986,89,493,0.543661,0.856448,1.575335,0.5369,75.4,60.0,59.9996,10.67,0.737888,0.015286,0.00272,0.00275,0.001785,0.001219,0.00226,0.001402,0.001549,0.001166,0.000701,0.020716,0.003686,0.003727,0.002419,0.003063,0.002099,0.00095,0.000265,60.5,10.74,0.0663,6.3e-05,60.0
sag_21_02,sag_sim_21,SAG_0021_2p_phAB_med,21,test,Sag,5,SCENARIO_CONTROLLER,phase-to-phase,"A,B",0.4698,80.8,0.0188,0.0996,94,498,0.543655,0.856448,1.57535,0.5362,75.4,60.0,59.9996,10.67,0.737881,0.015285,0.002713,0.002753,0.001792,0.001221,0.002254,0.001406,0.001553,0.00116,0.000698,0.020715,0.003677,0.003731,0.002429,0.003055,0.002105,0.000946,0.000265,60.5,10.74,0.0663,6.3e-05,60.0
sag_21_03,sag_sim_21,SAG_0021_2p_phAB_med,21,test,Sag,5,SCENARIO_CONTROLLER,phase-to-phase,"A,B",0.4698,80.8,0.0198,0.1006,99,503,0.543653,0.856448,1.575358,0.5363,75.4,60.0,59.9996,10.67,0.737877,0.015283,0.002713,0.002757,0.00179,0.001216,0.002258,0.001406,0.001549,0.001165,0.000699,0.020712,0.003677,0.003736,0.002426,0.00306,0.002099,0.000947,0.000265,60.5,10.74,0.0663,6.2e-05,60.0
sag_21_04,sag_sim_21,SAG_0021_2p_phAB_med,21,test,Sag,5,SCENARIO_CONTROLLER,phase-to-phase,"A,B",0.4698,80.8,0.0208,0.1016,104,508,0.543649,0.856448,1.57537,0.5365,75.4,60.0,59.9996,10.67,0.737871,0.015277,0.002718,0.002758,0.001787,0.001218,0.002257,0.001404,0.001552,0.001163,0.000697,0.020704,0.003684,0.003738,0.002422,0.003059,0.002103,0.000945,0.000264,60.5,10.74,0.0663,6.3e-05,60.0
sag_21_05,sag_sim_21,SAG_0021_2p_phAB_med,21,test,Sag,5,SCENARIO_CONTROLLER,phase-to-phase,"A,B",0.4698,80.8,0.0218,0.1026,109,513,0.543649,0.856448,1.575368,0.5368,75.4,60.0,59.9996,10.67,0.737872,0.015279,0.002715,0.002759,0.001788,0.001212,0.002264,0.001396,0.001561,0.001153,0.000702,0.020707,0.003679,0.003739,0.002423,0.003068,0.002116,0.000951,0.000264,60.5,10.74,0.0663,6.3e-05,60.0
sag_21_06,sag_sim_21,SAG_0021_2p_phAB_med,21,test,Sag,5,SCENARIO_CONTROLLER,phase-to-phase,"A,B",0.4698,80.8,0.0228,0.1036,114,518,0.543648,0.856448,1.575372,0.5371,75.4,60.0,59.9996,10.67,0.737871,0.015279,0.002715,0.002758,0.001789,0.00121,0.002266,0.001393,0.001564,0.00115,0.000706,0.020707,0.00368,0.003738,0.002425,0.003071,0.00212,0.000957,0.000264,60.5,10.73,0.0663,6.3e-05,60.0
sag_21_07,sag_sim_21,SAG_0021_2p_phAB_med,21,test,Sag,5,SCENARIO_CONTROLLER,phase-to-phase,"A,B",0.4698,80.8,0.0238,0.1046,119,523,0.543649,0.856448,1.575368,0.5381,75.4,60.0,59.9996,10.67,0.737872,0.015274,0.002721,0.002751,0.001794,0.001203,0.002268,0.001396,0.001557,0.00116,0.000696,0.0207,0.003688,0.003728,0.002431,0.003074,0.00211,0.000943,0.000264,60.5,10.73,0.0663,6.3e-05,60.0
sag_21_08,sag_sim_21,SAG_0021_2p_phAB_med,21,test,Sag,5,SCENARIO_CONTROLLER,phase-to-phase,"A,B",0.4698,80.8,0.0248,0.1056,124,528,0.543649,0.856448,1.575369,0.5385,75.4,60.0,59.9989,10.67,0.737873,0.015283,0.002717,0.002752,0.001799,0.001199,0.002274,0.001393,0.001555,0.001164,0.000692,0.020712,0.003682,0.00373,0.002438,0.003082,0.002107,0.000938,0.000265,60.5,10.73,0.0663,6.3e-05,60.0
sag_21_09,sag_sim_21,SAG_0021_2p_phAB_med,21,test,Sag,5,SCENARIO_CONTROLLER,phase-to-phase,"A,B",0.4698,80.8,0.0258,0.1066,129,533,0.54365,0.856448,1.575367,0.5385,75.4,60.0,59.9989,10.67,0.737875,0.015287,0.002719,0.002747,0.001804,0.001195,0.002268,0.001399,0.001559,0.001156,0.000696,0.020718,0.003685,0.003723,0.002445,0.003074,0.002113,0.000943,0.000265,60.5,10.73,0.0663,6.3e-05,60.0
sag_21_10,sag_sim_21,SAG_0021_2p_phAB_med,21,test,Sag,5,SCENARIO_CONTROLLER,phase-to-phase,"A,B",0.4698,80.8,0.0268,0.1076,134,538,0.543643,0.856448,1.575387,0.5374,75.4,60.0,59.9989,10.67,0.737864,0.015287,0.002707,0.002746,0.001815,0.001187,0.002258,0.001399,0.001567,0.001159,0.00069,0.020718,0.003669,0.003722,0.00246,0.00306,0.002124,0.000935,0.000265,60.5,10.73,0.0663,6.3e-05,60.0
sag_21_11,sag_sim_21,SAG_0021_2p_phAB_med,21,test,Sag,5,SCENARIO_CONTROLLER,phase-to-phase,"A,B",0.4698,80.8,0.0278,0.1086,139,543,0.543642,0.856448,1.575388,0.5376,75.4,60.0,59.9989,10.67,0.737863,0.015288,0.002709,0.002745,0.001813,0.001189,0.002261,0.001401,0.001566,0.001156,0.000689,0.020719,0.003671,0.00372,0.002457,0.003064,0.002122,0.000934,0.000265,60.5,10.73,0.0663,6.3e-05,60.0
sag_21_12,sag_sim_21,SAG_0021_2p_phAB_med,21,test,Sag,5,SCENARIO_CONTROLLER,phase-to-phase,"A,B",0.4698,80.8,0.0288,0.1096,144,548,0.54364,0.856448,1.575394,0.5374,75.4,60.0,59.9989,10.67,0.737861,0.015291,0.002713,0.002751,0.001815,0.00118,0.00225,0.001392,0.001563,0.001162,0.000704,0.020723,0.003677,0.003728,0.00246,0.003049,0.002118,0.000954,0.000265,60.5,10.73,0.0663,6.3e-05,60.0
sag_21_13,sag_sim_21,SAG_0021_2p_phAB_med,21,test,Sag,5,SCENARIO_CONTROLLER,phase-to-phase,"A,B",0.4698,80.8,0.0298,0.1106,149,553,0.543646,0.856448,1.575378,0.5369,75.4,60.0,59.9989,10.67,0.737868,0.015285,0.002706,0.002745,0.001812,0.001185,0.002255,0.001397,0.001568,0.001165,0.000703,0.020715,0.003667,0.00372,0.002456,0.003056,0.002125,0.000953,0.000265,60.5,10.73,0.0663,6.3e-05,60.0
sag_21_14,sag_sim_21,SAG_0021_2p_phAB_med,21,test,Sag,5,SCENARIO_CONTROLLER,phase-to-phase,"A,B",0.4698,80.8,0.0308,0.1116,154,558,0.543645,0.856448,1.575381,0.5376,75.4,60.0,59.9989,10.67,0.737867,0.015286,0.002709,0.002748,0.001816,0.001187,0.002259,0.001401,0.001572,0.001169,0.000705,0.020716,0.003671,0.003724,0.002461,0.003062,0.00213,0.000955,0.000265,60.5,10.73,0.0663,6.2e-05,60.0
sag_21_15,sag_sim_21,SAG_0021_2p_phAB_med,21,test,Sag,5,SCENARIO_CONTROLLER,phase-to-phase,"A,B",0.4698,80.8,0.0318,0.1126,159,563,0.543648,0.856448,1.575372,0.5394,75.4,60.0,59.9989,10.67,0.737869,0.015292,0.002718,0.002757,0.001824,0.001194,0.002264,0.001404,0.001572,0.001166,0.000703,0.020725,0.003684,0.003736,0.002472,0.003068,0.00213,0.000953,0.000265,60.5,10.74,0.0663,6.3e-05,60.0
sag_21_16,sag_sim_21,SAG_0021_2p_phAB_med,21,test,Sag,5,SCENARIO_CONTROLLER,phase-to-phase,"A,B",0.4698,80.8,0.0328,0.1136,164,568,0.543649,0.856448,1.575368,0.5397,75.4,60.0,59.9986,10.67,0.73787,0.015299,0.002723,0.002761,0.001825,0.001196,0.002261,0.0014,0.001569,0.001166,0.000702,0.020734,0.00369,0.003742,0.002473,0.003064,0.002126,0.000951,0.000265,60.5,10.74,0.0663,6.3e-05,60.0
sag_21_17,sag_sim_21,SAG_0021_2p_phAB_med,21,test,Sag,5,SCENARIO_CONTROLLER,phase-to-phase,"A,B",0.4698,80.8,0.0338,0.1146,169,573,0.543649,0.856448,1.575367,0.5398,75.4,60.0,59.9993,10.67,0.73787,0.015297,0.002724,0.002763,0.001827,0.001198,0.00226,0.001397,0.001568,0.001168,0.000706,0.020731,0.003692,0.003745,0.002476,0.003063,0.002125,0.000957,0.000265,60.5,10.73,0.0663,6.3e-05,60.0
sag_21_18,sag_sim_21,SAG_0021_2p_phAB_med,21,test,Sag,5,SCENARIO_CONTROLLER,phase-to-phase,"A,B",0.4698,80.8,0.0348,0.1156,174,578,0.543655,0.856448,1.575351,0.5406,75.4,60.0,59.9993,10.67,0.737879,0.015292,0.002737,0.002771,0.001819,0.001187,0.002261,0.001408,0.001567,0.001159,0.000702,0.020724,0.003709,0.003755,0.002465,0.003064,0.002124,0.000951,0.000265,60.5,10.73,0.0663,6.3e-05,60.0
sag_21_19,sag_sim_21,SAG_0021_2p_phAB_med,21,test,Sag,5,SCENARIO_CONTROLLER,phase-to-phase,"A,B",0.4698,80.8,0.0358,0.1166,179,583,0.543653,0.856448,1.575357,0.5405,75.4,60.0,59.9993,10.67,0.737877,0.01529,0.002735,0.002773,0.001819,0.001186,0.002261,0.001409,0.001567,0.001159,0.000701,0.020722,0.003707,0.003758,0.002465,0.003064,0.002124,0.00095,0.000265,60.5,10.73,0.0663,6.3e-05,60.0
sag_21_20,sag_sim_21,SAG_0021_2p_phAB_med,21,test,Sag,5,SCENARIO_CONTROLLER,phase-to-phase,"A,B",0.4698,80.8,0.0368,0.1176,184,588,0.543657,0.856448,1.575346,0.5402,75.4,60.0,59.9993,10.67,0.737882,0.015294,0.002735,0.002767,0.001824,0.001192,0.002254,0.001412,0.001571,0.001151,0.000705,0.020727,0.003707,0.00375,0.002472,0.003055,0.002129,0.000955,0.000265,60.5,10.73,0.0663,6.3e-05,60.0
sag_21_21,sag_sim_21,SAG_0021_2p_phAB_med,21,test,Sag,5,SCENARIO_CONTROLLER,phase-to-phase,"A,B",0.4698,80.8,0.0378,0.1186,189,593,0.543656,0.856448,1.575347,0.5395,75.4,60.0,59.9993,10.67,0.737881,0.015293,0.002736,0.00277,0.001818,0.001197,0.002248,0.001415,0.001571,0.001147,0.000717,0.020726,0.003708,0.003754,0.002464,0.003047,0.002129,0.000972,0.000265,60.5,10.74,0.0663,6.3e-05,60.0
sag_21_22,sag_sim_21,SAG_0021_2p_phAB_med,21,test,Sag,5,SCENARIO_CONTROLLER,phase-to-phase,"A,B",0.4698,80.8,0.0388,0.1196,194,598,0.543659,0.856448,1.57534,0.5391,75.4,60.0,59.9993,10.67,0.737884,0.015294,0.002735,0.002772,0.001816,0.001199,0.002246,0.001417,0.001571,0.001147,0.000719,0.020727,0.003707,0.003757,0.002461,0.003044,0.002129,0.000974,0.000265,60.5,10.74,0.0663,6.3e-05,60.0
sag_21_23,sag_sim_21,SAG_0021_2p_phAB_med,21,test,Sag,5,SCENARIO_CONTROLLER,phase-to-phase,"A,B",0.4698,80.8,0.0398,0.1206,199,603,0.543658,0.856448,1.575341,0.5384,75.4,60.0,59.9993,10.67,0.737884,0.015297,0.002733,0.002776,0.001813,0.001204,0.002243,0.001418,0.001571,0.001144,0.000721,0.020731,0.003704,0.003762,0.002457,0.00304,0.002129,0.000977,0.000265,60.5,10.74,0.0663,6.3e-05,60.0
sag_21_24,sag_sim_21,SAG_0021_2p_phAB_med,21,test,Sag,5,SCENARIO_CONTROLLER,phase-to-phase,"A,B",0.4698,80.8,0.0408,0.1216,204,608,0.543658,0.856448,1.575341,0.5383,75.4,60.0,59.9993,10.67,0.737884,0.015296,0.002733,0.002775,0.001813,0.001204,0.002241,0.001421,0.001568,0.001145,0.000721,0.02073,0.003704,0.003761,0.002457,0.003037,0.002125,0.000977,0.000265,60.5,10.74,0.0663,6.2e-05,60.0
sag_21_25,sag_sim_21,SAG_0021_2p_phAB_med,21,test,Sag,5,SCENARIO_CONTROLLER,phase-to-phase,"A,B",0.4698,80.8,0.0418,0.1226,209,613,0.543658,0.856448,1.575344,0.5381,75.4,60.0,60.002,10.67,0.737881,0.01529,0.002732,0.00278,0.001807,0.001209,0.002244,0.001415,0.00157,0.001149,0.000715,0.020721,0.003702,0.003768,0.002449,0.003041,0.002128,0.000969,0.000265,60.5,10.73,0.0663,6.2e-05,60.0
sag_21_26,sag_sim_21,SAG_0021_2p_phAB_med,21,test,Sag,5,SCENARIO_CONTROLLER,phase-to-phase,"A,B",0.4698,80.8,0.0428,0.1236,214,618,0.543653,0.856448,1.575358,0.5375,75.4,60.0,60.002,10.67,0.737874,0.015286,0.00272,0.002787,0.001815,0.001197,0.002244,0.001428,0.001569,0.001138,0.000723,0.020716,0.003686,0.003777,0.00246,0.003041,0.002126,0.00098,0.000265,60.5,10.73,0.0663,6.1e-05,60.0
sag_21_27,sag_sim_21,SAG_0021_2p_phAB_med,21,test,Sag,5,SCENARIO_CONTROLLER,phase-to-phase,"A,B",0.4698,80.8,0.0438,0.1246,219,623,0.543644,0.856448,1.575382,0.5366,75.4,60.0,60.002,10.67,0.737861,0.015289,0.002711,0.002781,0.001824,0.001197,0.002236,0.00142,0.00157,0.001144,0.000725,0.020721,0.003674,0.003769,0.002472,0.00303,0.002128,0.000983,0.000265,60.5,10.73,0.0663,6.1e-05,60.0
sag_21_28,sag_sim_21,SAG_0021_2p_phAB_med,21,test,Sag,5,SCENARIO_CONTROLLER,phase-to-phase,"A,B",0.4698,80.8,0.0448,0.1256,224,628,0.543648,0.856448,1.575372,0.5368,75.4,60.0,60.002,10.67,0.737866,0.015288,0.002715,0.002787,0.001821,0.001191,0.002236,0.00143,0.00158,0.001145,0.000712,0.020719,0.00368,0.003777,0.002468,0.00303,0.002141,0.000965,0.000265,60.5,10.73,0.0663,6.2e-05,60.0
sag_21_29,sag_sim_21,SAG_0021_2p_phAB_med,21,test,Sag,5,SCENARIO_CONTROLLER,phase-to-phase,"A,B",0.4698,80.8,0.0458,0.1266,229,633,0.543648,0.856448,1.575372,0.5368,75.4,60.0,60.002,10.67,0.737867,0.015287,0.002716,0.002791,0.001826,0.001188,0.002232,0.001423,0.001573,0.00114,0.000714,0.020718,0.003681,0.003783,0.002475,0.003025,0.002132,0.000968,0.000265,60.5,10.73,0.0663,6.2e-05,60.0
sag_21_30,sag_sim_21,SAG_0021_2p_phAB_med,21,test,Sag,5,SCENARIO_CONTROLLER,phase-to-phase,"A,B",0.4698,80.8,0.0468,0.1276,234,638,0.543644,0.856448,1.575383,0.5374,75.4,60.0,60.002,10.67,0.737862,0.015292,0.00272,0.002796,0.00183,0.001187,0.002231,0.001421,0.001571,0.001137,0.000712,0.020725,0.003686,0.003789,0.00248,0.003024,0.002129,0.000965,0.000265,60.5,10.73,0.0663,6.2e-05,60.0
sag_21_31,sag_sim_21,SAG_0021_2p_phAB_med,21,test,Sag,5,SCENARIO_CONTROLLER,phase-to-phase,"A,B",0.4698,80.8,0.0478,0.1286,239,643,0.543643,0.856448,1.575387,0.5379,75.4,60.0,60.002,10.67,0.73786,0.015293,0.002721,0.002798,0.001833,0.001189,0.002234,0.001425,0.001575,0.001143,0.000717,0.020726,0.003688,0.003792,0.002484,0.003028,0.002135,0.000972,0.000265,60.5,10.73,0.0663,6.1e-05,60.0
sag_21_32,sag_sim_21,SAG_0021_2p_phAB_med,21,test,Sag,5,SCENARIO_CONTROLLER,phase-to-phase,"A,B",0.4698,80.8,0.0488,0.1296,244,648,0.543644,0.856448,1.575383,0.5386,75.4,60.0,60.002,10.67,0.737862,0.015295,0.002724,0.002801,0.001835,0.00119,0.002237,0.001428,0.00158,0.001148,0.000724,0.020729,0.003692,0.003796,0.002487,0.003032,0.002141,0.000981,0.000265,60.5,10.73,0.0663,6.2e-05,60.0
sag_22_01,sag_sim_22,SAG_0022_2p_phAB_shallow,22,val,Sag,5,SCENARIO_CONTROLLER,phase-to-phase,"A,B",0.5958,104.6,0.0182,0.1228,91,614,0.555407,0.862166,1.552314,0.4659,98.2,60.0,59.95,13.16,0.768433,0.00297,0.002567,0.001533,0.00142,0.002006,0.002051,0.001647,0.000936,0.000795,0.00063,0.003865,0.003341,0.001995,0.001848,0.002669,0.001218,0.00082,3.3e-05,60.32,9.14,0.0391,5.6e-05,60.0
sag_22_02,sag_sim_22,SAG_0022_2p_phAB_shallow,22,val,Sag,5,SCENARIO_CONTROLLER,phase-to-phase,"A,B",0.5958,104.6,0.0192,0.1238,96,619,0.555226,0.862166,1.552819,0.4409,98.2,60.0,59.95,13.15,0.768159,0.002792,0.002314,0.001723,0.001677,0.002012,0.001817,0.001674,0.001106,0.000702,0.00053,0.003635,0.003012,0.002243,0.002183,0.002365,0.00144,0.00069,3.1e-05,60.31,8.97,0.0392,5.2e-05,60.0
sag_22_03,sag_sim_22,SAG_0022_2p_phAB_shallow,22,val,Sag,5,SCENARIO_CONTROLLER,phase-to-phase,"A,B",0.5958,104.6,0.0202,0.1248,101,624,0.555124,0.862166,1.553106,0.4454,98.2,60.0,59.95,13.15,0.768016,0.002655,0.002332,0.00183,0.001616,0.001907,0.001911,0.001685,0.001025,0.000772,0.000527,0.003457,0.003036,0.002383,0.002104,0.002488,0.001335,0.000686,3e-05,60.31,8.94,0.0392,5.2e-05,60.0
sag_22_04,sag_sim_22,SAG_0022_2p_phAB_shallow,22,val,Sag,5,SCENARIO_CONTROLLER,phase-to-phase,"A,B",0.5958,104.6,0.0212,0.1258,106,629,0.555152,0.862166,1.553028,0.4452,98.2,60.0,59.95,13.16,0.76805,0.00268,0.002292,0.001875,0.001608,0.001871,0.001963,0.001635,0.001065,0.000766,0.000507,0.003489,0.002984,0.002441,0.002094,0.002556,0.001387,0.00066,3.1e-05,60.31,8.97,0.0392,5.3e-05,60.0
sag_22_05,sag_sim_22,SAG_0022_2p_phAB_shallow,22,val,Sag,5,SCENARIO_CONTROLLER,phase-to-phase,"A,B",0.5958,104.6,0.0222,0.1268,111,634,0.555306,0.862166,1.552596,0.4192,98.2,60.0,59.95,13.17,0.768231,0.002747,0.002182,0.002042,0.001411,0.001999,0.001902,0.001654,0.001061,0.000741,0.000548,0.003576,0.00284,0.002658,0.001837,0.002476,0.001381,0.000713,3.1e-05,60.32,9.05,0.0392,5.2e-05,60.0
sag_22_06,sag_sim_22,SAG_0022_2p_phAB_shallow,22,val,Sag,5,SCENARIO_CONTROLLER,phase-to-phase,"A,B",0.5958,104.6,0.0232,0.1278,116,639,0.555487,0.862166,1.55209,0.4353,98.2,60.0,59.95,13.18,0.768416,0.002633,0.002399,0.001899,0.001434,0.002079,0.001838,0.001695,0.001093,0.000706,0.000614,0.003427,0.003122,0.002471,0.001866,0.002392,0.001422,0.000799,3.1e-05,60.32,9.16,0.0393,5.4e-05,60.0
sag_22_07,sag_sim_22,SAG_0022_2p_phAB_shallow,22,val,Sag,5,SCENARIO_CONTROLLER,phase-to-phase,"A,B",0.5958,104.6,0.0242,0.1288,121,644,0.555608,0.862166,1.551751,0.514,98.2,60.0,59.95,13.18,0.768489,0.00225,0.002835,0.00149,0.001806,0.001723,0.002074,0.001614,0.000984,0.000888,0.000403,0.002928,0.003689,0.001939,0.00235,0.002699,0.00128,0.000524,3e-05,60.32,9.23,0.0395,5.7e-05,60.0
sag_22_08,sag_sim_22,SAG_0022_2p_phAB_shallow,22,val,Sag,5,SCENARIO_CONTROLLER,phase-to-phase,"A,B",0.5958,104.6,0.0252,0.1298,126,649,0.5556,0.862166,1.551774,0.4907,98.2,60.0,59.9488,13.17,0.76838,0.001752,0.002976,0.00169,0.00157,0.002098,0.001703,0.001765,0.001147,0.000621,0.000575,0.00228,0.003873,0.002199,0.002043,0.002216,0.001493,0.000748,3e-05,60.32,9.24,0.0396,5.5e-05,60.0
sag_22_09,sag_sim_22,SAG_0022_2p_phAB_shallow,22,val,Sag,5,SCENARIO_CONTROLLER,phase-to-phase,"A,B",0.5958,104.6,0.0262,0.1308,131,654,0.555464,0.862166,1.552155,0.4713,98.2,60.0,59.9488,13.16,0.768117,0.001485,0.002688,0.002082,0.001298,0.002027,0.002049,0.001578,0.00094,0.000856,0.000607,0.001933,0.003499,0.002711,0.00169,0.002668,0.001224,0.00079,2.8e-05,60.32,9.18,0.0397,5.8e-05,60.0
sag_22_10,sag_sim_22,SAG_0022_2p_phAB_shallow,22,val,Sag,5,SCENARIO_CONTROLLER,phase-to-phase,"A,B",0.5958,104.6,0.0272,0.1318,136,659,0.555278,0.862166,1.552674,0.443,98.2,60.0,59.9488,13.15,0.767825,0.001608,0.002351,0.002011,0.001593,0.00182,0.001872,0.001751,0.001107,0.00074,0.00047,0.002094,0.003062,0.002619,0.002075,0.002438,0.001442,0.000612,2.7e-05,60.32,9.06,0.0398,5.5e-05,60.0
sag_22_11,sag_sim_22,SAG_0022_2p_phAB_shallow,22,val,Sag,5,SCENARIO_CONTROLLER,phase-to-phase,"A,B",0.5958,104.6,0.0282,0.1328,141,664,0.555136,0.862166,1.553071,0.4406,98.2,60.0,59.9488,13.15,0.767622,0.001801,0.002298,0.001818,0.001613,0.001991,0.001885,0.00162,0.000998,0.00077,0.000566,0.002346,0.002994,0.002368,0.002101,0.002456,0.0013,0.000737,2.6e-05,60.31,8.96,0.0398,5.3e-05,60.0
sag_22_12,sag_sim_22,SAG_0022_2p_phAB_shallow,22,val,Sag,5,SCENARIO_CONTROLLER,phase-to-phase,"A,B",0.5958,104.6,0.0292,0.1338,146,669,0.555113,0.862166,1.553134,0.4429,98.2,60.0,59.9488,13.15,0.76759,0.001834,0.002311,0.001793,0.001579,0.002003,0.001929,0.001661,0.001013,0.000742,0.000519,0.002389,0.003011,0.002336,0.002057,0.002513,0.00132,0.000676,2.7e-05,60.31,8.93,0.0398,5.2e-05,60.0
sag_22_13,sag_sim_22,SAG_0022_2p_phAB_shallow,22,val,Sag,5,SCENARIO_CONTROLLER,phase-to-phase,"A,B",0.5958,104.6,0.0302,0.1348,151,674,0.555234,0.862166,1.552797,0.4291,98.2,60.0,59.9488,13.16,0.767736,0.001797,0.002186,0.001635,0.00147,0.001994,0.001979,0.001744,0.001104,0.000843,0.000613,0.002341,0.002847,0.00213,0.001915,0.002578,0.001438,0.000798,2.6e-05,60.31,9.01,0.0398,5.3e-05,60.0
sag_22_14,sag_sim_22,SAG_0022_2p_phAB_shallow,22,val,Sag,5,SCENARIO_CONTROLLER,phase-to-phase,"A,B",0.5958,104.6,0.0312,0.1358,156,679,0.555418,0.862166,1.552283,0.4133,98.2,60.0,59.9488,13.17,0.767934,0.001981,0.00228,0.001679,0.001324,0.001776,0.001767,0.001554,0.000958,0.000713,0.000528,0.00258,0.002969,0.002186,0.001724,0.002301,0.001248,0.000688,2.4e-05,60.32,9.16,0.0399,5.8e-05,60.0
sag_22_15,sag_sim_22,SAG_0022_2p_phAB_shallow,22,val,Sag,5,SCENARIO_CONTROLLER,phase-to-phase,"A,B",0.5958,104.6,0.0322,0.1368,161,684,0.555574,0.862166,1.551845,0.4997,98.2,60.0,59.9488,13.18,0.768061,0.002424,0.002712,0.002094,0.001713,0.002131,0.002106,0.001847,0.001145,0.00082,0.00051,0.003156,0.003531,0.002726,0.00223,0.002742,0.001491,0.000664,3.5e-05,60.32,9.21,0.04,6e-05,60.0
sag_22_16,sag_sim_22,SAG_0022_2p_phAB_shallow,22,val,Sag,5,SCENARIO_CONTROLLER,phase-to-phase,"A,B",0.5958,104.6,0.0332,0.1378,166,689,0.555616,0.862166,1.55173,0.5071,98.2,60.0,59.9519,13.19,0.768016,0.002857,0.003001,0.002145,0.001716,0.002006,0.001795,0.001495,0.000981,0.000848,0.000696,0.00372,0.003907,0.002793,0.002234,0.002337,0.001277,0.000906,3.6e-05,60.32,9.19,0.0402,5.6e-05,60.0
sag_22_17,sag_sim_22,SAG_0022_2p_phAB_shallow,22,val,Sag,5,SCENARIO_CONTROLLER,phase-to-phase,"A,B",0.5958,104.6,0.0342,0.1388,171,694,0.555516,0.862166,1.552008,0.4792,98.2,60.0,59.9519,13.18,0.767793,0.003041,0.002829,0.00171,0.001293,0.001785,0.001964,0.001834,0.001065,0.000658,0.000512,0.003961,0.003685,0.002227,0.001684,0.002558,0.001387,0.000667,3.4e-05,60.32,9.19,0.0403,5.7e-05,60.0
sag_22_18,sag_sim_22,SAG_0022_2p_phAB_shallow,22,val,Sag,5,SCENARIO_CONTROLLER,phase-to-phase,"A,B",0.5958,104.6,0.0352,0.1398,176,699,0.555337,0.862166,1.552508,0.4556,98.2,60.0,59.9519,13.17,0.767496,0.00296,0.002453,0.001586,0.001496,0.002108,0.001993,0.001569,0.001025,0.000855,0.000544,0.003857,0.003196,0.002066,0.001949,0.002597,0.001336,0.000709,3.2e-05,60.32,9.08,0.0404,5.7e-05,60.0
sag_22_19,sag_sim_22,SAG_0022_2p_phAB_shallow,22,val,Sag,5,SCENARIO_CONTROLLER,phase-to-phase,"A,B",0.5958,104.6,0.0362,0.1408,181,704,0.555175,0.862166,1.552961,0.4411,98.2,60.0,59.9519,13.16,0.767257,0.002771,0.002306,0.001811,0.001634,0.001973,0.001861,0.00173,0.001027,0.000714,0.000611,0.003612,0.003006,0.00236,0.00213,0.002426,0.001339,0.000796,3.1e-05,60.31,8.97,0.0404,5.4e-05,60.0
sag_22_20,sag_sim_22,SAG_0022_2p_phAB_shallow,22,val,Sag,5,SCENARIO_CONTROLLER,phase-to-phase,"A,B",0.5958,104.6,0.0372,0.1418,186,709,0.555111,0.862166,1.55314,0.4455,98.2,60.0,59.9519,13.16,0.76717,0.002685,0.00234,0.001855,0.001571,0.001937,0.001934,0.001691,0.001012,0.00077,0.000562,0.0035,0.00305,0.002418,0.002048,0.002521,0.001319,0.000733,3.1e-05,60.31,8.92,0.0404,5.2e-05,60.0
sag_22_21,sag_sim_22,SAG_0022_2p_phAB_shallow,22,val,Sag,5,SCENARIO_CONTROLLER,phase-to-phase,"A,B",0.5958,104.6,0.0382,0.1428,191,714,0.555192,0.862166,1.552914,0.4418,98.2,60.0,59.9519,13.17,0.76727,0.002757,0.002238,0.001957,0.001553,0.00188,0.002018,0.001608,0.001083,0.000729,0.000592,0.003593,0.002917,0.002551,0.002024,0.00263,0.001411,0.000772,3.1e-05,60.31,8.96,0.0404,5.3e-05,60.0
sag_22_22,sag_sim_22,SAG_0022_2p_phAB_shallow,22,val,Sag,5,SCENARIO_CONTROLLER,phase-to-phase,"A,B",0.5958,104.6,0.0392,0.1438,196,719,0.555371,0.862166,1.552415,0.4098,98.2,60.0,59.9519,13.18,0.767472,0.002776,0.002207,0.002064,0.001318,0.002116,0.001812,0.001789,0.000918,0.000862,0.000467,0.003617,0.002876,0.002689,0.001717,0.002361,0.001196,0.000608,3.1e-05,60.32,9.15,0.0405,5.8e-05,60.0
sag_22_23,sag_sim_22,SAG_0022_2p_phAB_shallow,22,val,Sag,5,SCENARIO_CONTROLLER,phase-to-phase,"A,B",0.5958,104.6,0.0402,0.1448,201,724,0.555555,0.862166,1.5519,0.4713,98.2,60.0,59.9519,13.18,0.767645,0.00256,0.002569,0.001753,0.001571,0.001966,0.002005,0.001576,0.001162,0.000641,0.000646,0.003335,0.003347,0.002284,0.002047,0.002612,0.001514,0.000842,3.1e-05,60.32,9.21,0.0406,5.8e-05,60.0
sag_22_24,sag_sim_22,SAG_0022_2p_phAB_shallow,22,val,Sag,5,SCENARIO_CONTROLLER,phase-to-phase,"A,B",0.5958,104.6,0.0412,0.1458,206,729,0.555642,0.862166,1.551657,0.5187,98.2,60.0,59.9514,13.18,0.767663,0.002095,0.002966,0.001459,0.001797,0.001802,0.001958,0.001807,0.000855,0.000882,0.000617,0.002729,0.003864,0.001901,0.002341,0.002551,0.001114,0.000804,3.1e-05,60.32,9.27,0.0407,6.1e-05,60.0
sag_22_25,sag_sim_22,SAG_0022_2p_phAB_shallow,22,val,Sag,5,SCENARIO_CONTROLLER,phase-to-phase,"A,B",0.5958,104.6,0.0422,0.1468,211,734,0.555588,0.862166,1.551807,0.4849,98.2,60.0,59.9509,13.18,0.767495,0.001623,0.00295,0.001855,0.00139,0.0022,0.001794,0.001631,0.001165,0.000745,0.000451,0.002115,0.003844,0.002417,0.001811,0.002337,0.001518,0.000588,3e-05,60.32,9.24,0.0408,5.6e-05,60.0
sag_22_26,sag_sim_22,SAG_0022_2p_phAB_shallow,22,val,Sag,5,SCENARIO_CONTROLLER,phase-to-phase,"A,B",0.5958,104.6,0.0432,0.1478,216,739,0.55542,0.862166,1.552276,0.4668,98.2,60.0,59.9509,13.16,0.767198,0.001493,0.002577,0.002118,0.001366,0.001913,0.002079,0.001734,0.000895,0.000747,0.000665,0.001946,0.003359,0.002761,0.001781,0.00271,0.001167,0.000867,2.8e-05,60.32,9.13,0.0409,5.7e-05,60.0
sag_22_27,sag_sim_22,SAG_0022_2p_phAB_shallow,22,val,Sag,5,SCENARIO_CONTROLLER,phase-to-phase,"A,B",0.5958,104.6,0.0442,0.1488,221,744,0.555233,0.862166,1.552801,0.4396,98.2,60.0,59.9509,13.16,0.766913,0.001691,0.00231,0.001934,0.001635,0.001897,0.001832,0.0017,0.001073,0.000824,0.000576,0.002205,0.003012,0.002522,0.002132,0.002389,0.001399,0.000751,2.7e-05,60.31,8.99,0.041,5.5e-05,60.0
sag_22_28,sag_sim_22,SAG_0022_2p_phAB_shallow,22,val,Sag,5,SCENARIO_CONTROLLER,phase-to-phase,"A,B",0.5958,104.6,0.0452,0.1498,226,749,0.555127,0.862166,1.553097,0.4438,98.2,60.0,59.9509,13.15,0.766764,0.001838,0.002321,0.001807,0.001581,0.002008,0.001921,0.00167,0.000981,0.000761,0.000576,0.002397,0.003027,0.002357,0.002062,0.002505,0.001279,0.000751,2.7e-05,60.31,8.93,0.041,5.4e-05,60.0
sag_22_29,sag_sim_22,SAG_0022_2p_phAB_shallow,22,val,Sag,5,SCENARIO_CONTROLLER,phase-to-phase,"A,B",0.5958,104.6,0.0462,0.1508,231,754,0.555159,0.862166,1.553007,0.4433,98.2,60.0,59.9509,13.16,0.766805,0.001815,0.002277,0.001765,0.001579,0.002044,0.001969,0.001714,0.001015,0.000766,0.00057,0.002367,0.002969,0.002302,0.002059,0.002568,0.001324,0.000743,2.7e-05,60.31,8.96,0.041,5.4e-05,60.0
sag_22_30,sag_sim_22,SAG_0022_2p_phAB_shallow,22,val,Sag,5,SCENARIO_CONTROLLER,phase-to-phase,"A,B",0.5958,104.6,0.0472,0.1518,236,759,0.555318,0.862166,1.552563,0.4163,98.2,60.0,59.9509,13.17,0.766991,0.001827,0.002168,0.001592,0.001375,0.001915,0.001898,0.001689,0.000998,0.000793,0.000581,0.002382,0.002827,0.002076,0.001793,0.002475,0.001301,0.000758,2.5e-05,60.32,9.09,0.041,5.7e-05,60.0
sag_22_31,sag_sim_22,SAG_0022_2p_phAB_shallow,22,val,Sag,5,SCENARIO_CONTROLLER,phase-to-phase,"A,B",0.5958,104.6,0.0482,0.1528,241,764,0.555508,0.862166,1.552032,0.4354,98.2,60.0,59.9509,13.18,0.767185,0.00212,0.002401,0.001804,0.001413,0.001847,0.001843,0.001665,0.001049,0.000841,0.000683,0.002763,0.00313,0.002351,0.001842,0.002402,0.001367,0.00089,2.7e-05,60.32,9.18,0.0411,5.9e-05,60.0
sag_22_32,sag_sim_22,SAG_0022_2p_phAB_shallow,22,val,Sag,5,SCENARIO_CONTROLLER,phase-to-phase,"A,B",0.5958,104.6,0.0492,0.1538,246,769,0.555632,0.862166,1.551685,0.5143,98.2,60.0,59.9509,13.18,0.767263,0.002582,0.002836,0.002167,0.001783,0.002192,0.002085,0.001763,0.00095,0.000672,0.000478,0.003365,0.003696,0.002824,0.002324,0.002717,0.001238,0.000623,3.6e-05,60.32,9.27,0.0412,5.7e-05,60.0
sag_23_01,sag_sim_23,SAG_0023_2p_phBC_deep,23,train,Sag,5,SCENARIO_CONTROLLER,phase-to-phase,"B,C",0.4055,66.8,0.021,0.0878,105,439,0.589082,0.836618,1.420205,0.077,0.0,60.0,60.0476,48.83,0.832962,0.001045,0.000345,0.000274,0.000272,9.9e-05,0.000468,0.000109,7.4e-05,0.000179,0.000156,0.001255,0.000414,0.000329,0.000327,0.000562,8.9e-05,0.000187,2e-06,60.01,4.28,0.0006,1.2e-05,60.0
sag_23_02,sag_sim_23,SAG_0023_2p_phBC_deep,23,train,Sag,5,SCENARIO_CONTROLLER,phase-to-phase,"B,C",0.4055,66.8,0.022,0.0888,110,444,0.589271,0.836618,1.419751,0.0362,0.0,60.0,60.0476,48.82,0.833228,0.000794,0.000183,0.000259,0.000112,0.000261,0.000213,0.000155,0.000158,0.000236,5e-05,0.000953,0.00022,0.000311,0.000134,0.000256,0.00019,6e-05,1e-06,60.01,4.02,0.0006,9e-06,60.0
sag_23_03,sag_sim_23,SAG_0023_2p_phBC_deep,23,train,Sag,5,SCENARIO_CONTROLLER,phase-to-phase,"B,C",0.4055,66.8,0.023,0.0898,115,449,0.589401,0.836618,1.419437,0.041,0.0,60.0,60.0476,48.83,0.833413,0.000604,0.000157,0.000188,9.6e-05,0.000167,0.000288,2.4e-05,4e-05,0.000142,5e-05,0.000725,0.000188,0.000226,0.000115,0.000346,4.8e-05,6e-05,1e-06,60.01,3.79,0.0006,7e-06,60.0
sag_23_04,sag_sim_23,SAG_0023_2p_phBC_deep,23,train,Sag,5,SCENARIO_CONTROLLER,phase-to-phase,"B,C",0.4055,66.8,0.024,0.0908,120,454,0.58941,0.836618,1.419415,0.0441,0.0,60.0,60.0476,48.83,0.833426,0.000588,0.000163,0.000178,0.000103,0.000138,0.000313,2.9e-05,7.6e-05,0.00016,1.8e-05,0.000706,0.000196,0.000214,0.000124,0.000376,9.1e-05,2.2e-05,1e-06,60.01,3.73,0.0006,7e-06,60.0
sag_23_05,sag_sim_23,SAG_0023_2p_phBC_deep,23,train,Sag,5,SCENARIO_CONTROLLER,phase-to-phase,"B,C",0.4055,66.8,0.025,0.0918,125,459,0.589307,0.836618,1.419665,0.0583,0.0,60.0,60.0476,48.83,0.833279,0.000656,0.000311,0.000235,0.000196,5.2e-05,0.000318,0.000134,0.000105,0.000185,9.3e-05,0.000787,0.000373,0.000282,0.000235,0.000382,0.000126,0.000112,1e-06,60.01,3.91,0.0006,9e-06,60.0
sag_23_06,sag_sim_23,SAG_0023_2p_phBC_deep,23,train,Sag,5,SCENARIO_CONTROLLER,phase-to-phase,"B,C",0.4055,66.8,0.026,0.0928,130,464,0.589131,0.836618,1.420089,0.0717,0.0,60.0,60.0476,48.81,0.83303,0.000686,0.00052,0.000234,0.000215,0.000315,0.000202,9.6e-05,0.000149,0.000238,0.000114,0.000823,0.000624,0.000281,0.000258,0.000242,0.000179,0.000137,1e-06,60.01,4.13,0.0006,1.1e-05,60.0
sag_23_07,sag_sim_23,SAG_0023_2p_phBC_deep,23,train,Sag,5,SCENARIO_CONTROLLER,phase-to-phase,"B,C",0.4055,66.8,0.027,0.0938,135,469,0.588986,0.836618,1.420436,0.0986,0.0,60.0,60.0476,48.81,0.832825,0.000653,0.000629,0.000301,0.000236,0.000275,0.000472,0.000209,0.00014,7.6e-05,9.2e-05,0.000784,0.000755,0.000361,0.000283,0.000567,0.000168,0.00011,1e-06,60.02,4.36,0.0006,1.3e-05,60.0
sag_23_08,sag_sim_23,SAG_0023_2p_phBC_deep,23,train,Sag,5,SCENARIO_CONTROLLER,phase-to-phase,"B,C",0.4055,66.8,0.028,0.0948,140,474,0.58895,0.836618,1.420523,0.0817,0.0,60.0,60.051,48.21,0.832773,0.000616,0.000584,0.000417,0.000326,0.000137,0.000125,0.000145,0.000193,0.000298,0.000149,0.00074,0.000701,0.000501,0.000391,0.00015,0.000232,0.000179,1e-06,60.02,4.38,0.0006,1.2e-05,60.0
sag_23_09,sag_sim_23,SAG_0023_2p_phBC_deep,23,train,Sag,5,SCENARIO_CONTROLLER,phase-to-phase,"B,C",0.4055,66.8,0.029,0.0958,145,479,0.589042,0.836618,1.420302,0.0765,0.0,60.0,60.051,48.25,0.832903,0.000605,0.000407,0.000393,0.000272,0.000336,0.000408,0.000186,0.000102,0.000112,0.000132,0.000726,0.000489,0.000472,0.000327,0.00049,0.000122,0.000158,1e-06,60.01,4.22,0.0006,1.1e-05,60.0
sag_23_10,sag_sim_23,SAG_0023_2p_phBC_deep,23,train,Sag,5,SCENARIO_CONTROLLER,phase-to-phase,"B,C",0.4055,66.8,0.03,0.0968,150,484,0.589218,0.836618,1.419879,0.0486,0.0,60.0,60.051,48.27,0.833151,0.000595,0.000217,0.000232,0.000149,0.000187,0.000307,0.000122,0.000168,0.000213,6.3e-05,0.000714,0.00026,0.000278,0.000179,0.000368,0.000202,7.6e-05,1e-06,60.01,4.04,0.0006,1e-05,60.0
sag_23_11,sag_sim_23,SAG_0023_2p_phBC_deep,23,train,Sag,5,SCENARIO_CONTROLLER,phase-to-phase,"B,C",0.4055,66.8,0.031,0.0978,155,489,0.589372,0.836618,1.419508,0.0365,0.0,60.0,60.051,48.31,0.833369,0.000549,0.000164,9e-05,0.000133,6.1e-05,0.000219,6.5e-05,3.6e-05,0.000168,6.8e-05,0.000659,0.000197,0.000108,0.00016,0.000263,4.3e-05,8.2e-05,0.0,60.01,3.71,0.0006,7e-06,60.0
sag_23_12,sag_sim_23,SAG_0023_2p_phBC_deep,23,train,Sag,5,SCENARIO_CONTROLLER,phase-to-phase,"B,C",0.4055,66.8,0.032,0.0988,160,494,0.589425,0.836618,1.419379,0.0399,0.0,60.0,60.051,48.31,0.833444,0.00051,0.000149,4.7e-05,0.000102,0.000119,0.000279,6.1e-05,6.5e-05,0.000173,1e-05,0.000612,0.000179,5.6e-05,0.000122,0.000335,7.8e-05,1.2e-05,0.0,60.01,3.62,0.0006,7e-06,60.0
sag_23_13,sag_sim_23,SAG_0023_2p_phBC_deep,23,train,Sag,5,SCENARIO_CONTROLLER,phase-to-phase,"B,C",0.4055,66.8,0.033,0.0998,165,499,0.589346,0.836618,1.419569,0.0561,0.0,60.0,60.051,48.29,0.833333,0.000623,0.00026,0.000151,0.000176,0.000214,0.000347,8.1e-05,0.000129,0.000105,7.2e-05,0.000748,0.000312,0.000181,0.000211,0.000416,0.000155,8.6e-05,1e-06,60.01,3.71,0.0006,8e-06,60.0
sag_23_14,sag_sim_23,SAG_0023_2p_phBC_deep,23,train,Sag,5,SCENARIO_CONTROLLER,phase-to-phase,"B,C",0.4055,66.8,0.034,0.1008,170,504,0.589191,0.836618,1.419942,0.061,0.0,60.0,60.051,48.32,0.833113,0.000851,0.000455,0.000291,0.000177,0.000181,0.000143,0.000117,7.2e-05,0.000237,8e-05,0.001021,0.000546,0.000349,0.000212,0.000172,8.6e-05,9.6e-05,1e-06,60.01,3.94,0.0006,9e-06,60.0
sag_23_15,sag_sim_23,SAG_0023_2p_phBC_deep,23,train,Sag,5,SCENARIO_CONTROLLER,phase-to-phase,"B,C",0.4055,66.8,0.035,0.1018,175,509,0.589023,0.836618,1.420349,0.094,0.0,60.0,60.051,48.32,0.832873,0.001083,0.0006,0.000372,0.000228,0.000177,0.000448,0.000197,0.00021,0.000192,0.000126,0.0013,0.00072,0.000447,0.000274,0.000538,0.000252,0.000151,2e-06,60.01,4.23,0.0006,1.2e-05,60.0
sag_23_16,sag_sim_23,SAG_0023_2p_phBC_deep,23,train,Sag,5,SCENARIO_CONTROLLER,phase-to-phase,"B,C",0.4055,66.8,0.036,0.1028,180,514,0.588943,0.836618,1.420541,0.0933,0.0,60.0,60.051,48.31,0.83276,0.001203,0.000611,0.000373,0.000366,0.000377,0.000311,0.000151,0.000136,0.000162,0.000147,0.001445,0.000734,0.000448,0.00044,0.000373,0.000163,0.000177,2e-06,60.02,4.4,0.0006,1.3e-05,60.0
sag_23_17,sag_sim_23,SAG_0023_2p_phBC_deep,23,train,Sag,5,SCENARIO_CONTROLLER,phase-to-phase,"B,C",0.4055,66.8,0.037,0.1038,185,519,0.588999,0.836618,1.420406,0.0782,0.0,60.0,60.0503,48.47,0.832839,0.001162,0.000488,0.000333,0.000309,0.000191,0.000301,0.000211,0.000196,0.000289,0.00011,0.001395,0.000586,0.0004,0.000371,0.000361,0.000235,0.000132,2e-06,60.02,4.41,0.0006,1.3e-05,60.0
sag_23_18,sag_sim_23,SAG_0023_2p_phBC_deep,23,train,Sag,5,SCENARIO_CONTROLLER,phase-to-phase,"B,C",0.4055,66.8,0.038,0.1048,190,524,0.589159,0.836618,1.420021,0.0665,0.0,60.0,60.0503,48.46,0.833064,0.000982,0.000319,0.000293,0.000152,0.000182,0.000426,9.5e-05,0.000125,5.4e-05,0.000104,0.001179,0.000383,0.000352,0.000182,0.000511,0.00015,0.000125,1e-06,60.01,4.1,0.0006,1.1e-05,60.0
sag_23_19,sag_sim_23,SAG_0023_2p_phBC_deep,23,train,Sag,5,SCENARIO_CONTROLLER,phase-to-phase,"B,C",0.4055,66.8,0.039,0.1058,195,529,0.58934,0.836618,1.419584,0.0388,0.0,60.0,60.0503,48.46,0.833321,0.00074,0.000196,0.00021,0.000164,0.00024,0.000198,0.000131,0.000107,0.000227,8.7e-05,0.000888,0.000235,0.000252,0.000197,0.000238,0.000128,0.000104,1e-06,60.01,3.83,0.0006,9e-06,60.0
sag_23_20,sag_sim_23,SAG_0023_2p_phBC_deep,23,train,Sag,5,SCENARIO_CONTROLLER,phase-to-phase,"B,C",0.4055,66.8,0.04,0.1068,200,534,0.589432,0.836618,1.419362,0.0435,0.0,60.0,60.0503,48.48,0.833451,0.000607,0.000141,0.000122,0.000138,0.000136,0.000304,4.4e-05,5.9e-05,0.000158,1.9e-05,0.000728,0.000169,0.000146,0.000166,0.000365,7.1e-05,2.3e-05,1e-06,60.01,3.63,0.0006,7e-06,60.0
sag_23_21,sag_sim_23,SAG_0023_2p_phBC_deep,23,train,Sag,5,SCENARIO_CONTROLLER,phase-to-phase,"B,C",0.4055,66.8,0.041,0.1078,205,539,0.589401,0.836618,1.419437,0.0517,0.0,60.0,60.0503,48.47,0.833407,0.000635,0.000188,0.000152,0.00017,9.2e-05,0.000348,1.7e-05,0.000112,0.00021,6.8e-05,0.000762,0.000226,0.000182,0.000204,0.000418,0.000134,8.2e-05,1e-06,60.01,3.71,0.0006,8e-06,60.0
sag_23_22,sag_sim_23,SAG_0023_2p_phBC_deep,23,train,Sag,5,SCENARIO_CONTROLLER,phase-to-phase,"B,C",0.4055,66.8,0.042,0.1088,210,544,0.589255,0.836618,1.419788,0.0586,0.0,60.0,60.0503,48.47,0.833201,0.000715,0.000375,0.000231,0.000197,0.000158,0.000243,0.000168,7.5e-05,0.000111,4.4e-05,0.000858,0.00045,0.000277,0.000236,0.000292,9e-05,5.3e-05,1e-06,60.01,3.98,0.0006,1e-05,60.0
sag_23_23,sag_sim_23,SAG_0023_2p_phBC_deep,23,train,Sag,5,SCENARIO_CONTROLLER,phase-to-phase,"B,C",0.4055,66.8,0.043,0.1098,215,549,0.589079,0.836618,1.420213,0.0793,0.0,60.0,60.0503,48.47,0.83295,0.000732,0.000544,0.000296,0.000176,0.000331,0.00033,9.6e-05,0.0002,0.000304,0.000152,0.000879,0.000653,0.000355,0.000211,0.000396,0.00024,0.000182,1e-06,60.01,4.28,0.0006,1.2e-05,60.0
sag_23_24,sag_sim_23,SAG_0023_2p_phBC_deep,23,train,Sag,5,SCENARIO_CONTROLLER,phase-to-phase,"B,C",0.4055,66.8,0.044,0.1108,220,554,0.58896,0.836618,1.420499,0.0995,0.0,60.0,60.0503,48.46,0.832782,0.00069,0.000613,0.000375,0.000335,0.000177,0.000446,0.00024,0.000106,9.9e-05,0.000128,0.000829,0.000736,0.00045,0.000402,0.000536,0.000127,0.000154,1e-06,60.02,4.29,0.0006,1.3e-05,60.0
sag_23_25,sag_sim_23,SAG_0023_2p_phBC_deep,23,train,Sag,5,SCENARIO_CONTROLLER,phase-to-phase,"B,C",0.4055,66.8,0.045,0.1118,225,559,0.588972,0.836618,1.420472,0.0784,0.0,60.0,60.0526,47.95,0.832797,0.000639,0.000537,0.000391,0.000346,0.000241,0.000138,0.000117,0.000227,0.000259,0.000107,0.000767,0.000645,0.00047,0.000415,0.000166,0.000273,0.000128,1e-06,60.02,4.37,0.0006,1.3e-05,60.0
sag_23_26,sag_sim_23,SAG_0023_2p_phBC_deep,23,train,Sag,5,SCENARIO_CONTROLLER,phase-to-phase,"B,C",0.4055,66.8,0.046,0.1128,230,564,0.5891,0.836618,1.420162,0.0745,0.0,60.0,60.0526,48.0,0.832978,0.000604,0.000373,0.000313,0.00018,0.000312,0.000463,0.000201,5.8e-05,0.000222,0.000137,0.000725,0.000448,0.000376,0.000216,0.000556,7e-05,0.000164,1e-06,60.01,4.13,0.0006,1.1e-05,60.0
sag_23_27,sag_sim_23,SAG_0023_2p_phBC_deep,23,train,Sag,5,SCENARIO_CONTROLLER,phase-to-phase,"B,C",0.4055,66.8,0.047,0.1138,235,569,0.589275,0.836618,1.419741,0.042,0.0,60.0,60.0526,48.02,0.833225,0.000556,0.000216,0.000187,0.000146,7.7e-05,0.000234,7.2e-05,0.000169,0.000135,6.5e-05,0.000667,0.000259,0.000224,0.000175,0.000281,0.000203,7.8e-05,1e-06,60.01,3.8,0.0006,9e-06,60.0
sag_23_28,sag_sim_23,SAG_0023_2p_phBC_deep,23,train,Sag,5,SCENARIO_CONTROLLER,phase-to-phase,"B,C",0.4055,66.8,0.048,0.1148,240,574,0.589401,0.836618,1.419438,0.043,0.0,60.0,60.0526,48.05,0.833403,0.000483,0.000129,8.8e-05,0.000152,0.000119,0.000298,8.5e-05,4.6e-05,0.000201,3.2e-05,0.00058,0.000155,0.000106,0.000182,0.000358,5.5e-05,3.8e-05,0.0,60.01,3.64,0.0006,7e-06,60.0
sag_23_29,sag_sim_23,SAG_0023_2p_phBC_deep,23,train,Sag,5,SCENARIO_CONTROLLER,phase-to-phase,"B,C",0.4055,66.8,0.049,0.1158,245,579,0.589412,0.836618,1.41941,0.0455,0.0,60.0,60.0526,48.05,0.833419,0.000476,0.000125,7.9e-05,0.000145,0.000145,0.000327,9.5e-05,7.9e-05,0.000182,1.8e-05,0.000571,0.00015,9.5e-05,0.000174,0.000392,9.5e-05,2.2e-05,0.0,60.01,3.64,0.0006,7e-06,60.0
sag_23_30,sag_sim_23,SAG_0023_2p_phBC_deep,23,train,Sag,5,SCENARIO_CONTROLLER,phase-to-phase,"B,C",0.4055,66.8,0.05,0.1168,250,584,0.58929,0.836618,1.419706,0.0601,0.0,60.0,60.0526,48.05,0.833245,0.000656,0.000292,0.000215,0.00021,0.000254,0.000348,7.7e-05,0.000155,0.00017,8.9e-05,0.000787,0.00035,0.000258,0.000252,0.000418,0.000186,0.000107,1e-06,60.01,3.86,0.0006,9e-06,60.0
sag_23_31,sag_sim_23,SAG_0023_2p_phBC_deep,23,train,Sag,5,SCENARIO_CONTROLLER,phase-to-phase,"B,C",0.4055,66.8,0.051,0.1178,255,589,0.589112,0.836618,1.420134,0.0662,0.0,60.0,60.0526,48.04,0.832993,0.000907,0.00049,0.00034,0.000169,0.000123,0.000189,0.000161,0.000109,0.00016,0.000115,0.001089,0.000588,0.000408,0.000203,0.000227,0.000131,0.000138,1e-06,60.01,4.08,0.0006,1.1e-05,60.0
sag_23_32,sag_sim_23,SAG_0023_2p_phBC_deep,23,train,Sag,5,SCENARIO_CONTROLLER,phase-to-phase,"B,C",0.4055,66.8,0.052,0.1188,260,594,0.588973,0.836618,1.420469,0.0969,0.0,60.0,60.0526,48.09,0.832796,0.001093,0.000595,0.00036,0.00025,0.00024,0.000484,0.000165,0.000198,0.000282,8.7e-05,0.001312,0.000714,0.000432,0.0003,0.000581,0.000238,0.000104,2e-06,60.02,4.28,0.0006,1.3e-05,60.0
sag_24_01,sag_sim_24,SAG_0024_2p_phBC_med,24,train,Sag,5,SCENARIO_CONTROLLER,phase-to-phase,"B,C",0.5153,91.2,0.0212,0.1124,106,562,0.588867,0.837846,1.422811,0.0379,0.0,60.0,59.9714,48.87,0.832721,0.000347,0.000247,0.00031,0.000168,0.000263,0.000103,0.000173,0.000186,0.000107,0.000112,0.000417,0.000297,0.000372,0.000202,0.000124,0.000223,0.000134,0.0,60.01,3.63,0.0003,8e-06,60.0
sag_24_02,sag_sim_24,SAG_0024_2p_phBC_med,24,train,Sag,5,SCENARIO_CONTROLLER,phase-to-phase,"B,C",0.5153,91.2,0.0222,0.1134,111,567,0.588757,0.837846,1.423076,0.0356,0.0,60.0,59.9714,48.89,0.832567,0.0002,0.000201,0.000151,6.2e-05,9.6e-05,0.000209,5.2e-05,0.000182,6.6e-05,0.000114,0.00024,0.000241,0.000181,7.4e-05,0.000251,0.000219,0.000137,0.0,60.01,3.61,0.0003,7e-06,60.0
sag_24_03,sag_sim_24,SAG_0024_2p_phBC_med,24,train,Sag,5,SCENARIO_CONTROLLER,phase-to-phase,"B,C",0.5153,91.2,0.0232,0.1144,116,572,0.588685,0.837846,1.42325,0.0287,0.0,60.0,59.9714,48.89,0.832465,0.000105,0.000141,9e-05,3.5e-05,0.000156,0.000189,0.000102,0.000168,9.3e-05,0.000141,0.000126,0.000169,0.000108,4.2e-05,0.000227,0.000202,0.000169,0.0,60.01,3.54,0.0003,7e-06,60.0
sag_24_04,sag_sim_24,SAG_0024_2p_phBC_med,24,train,Sag,5,SCENARIO_CONTROLLER,phase-to-phase,"B,C",0.5153,91.2,0.0242,0.1154,121,577,0.588701,0.837846,1.423213,0.0293,0.0,60.0,59.9714,48.89,0.832487,0.000126,0.000163,6.7e-05,6.3e-05,0.000183,0.00017,0.000129,0.000135,0.000105,0.000138,0.000151,0.000196,8e-05,7.6e-05,0.000204,0.000162,0.000166,0.0,60.01,3.55,0.0003,7e-06,60.0
sag_24_05,sag_sim_24,SAG_0024_2p_phBC_med,24,train,Sag,5,SCENARIO_CONTROLLER,phase-to-phase,"B,C",0.5153,91.2,0.0252,0.1164,126,582,0.588778,0.837846,1.423025,0.0371,0.0,60.0,59.9714,48.89,0.832597,0.000224,0.000239,0.000134,0.000144,0.00024,0.000131,6.2e-05,0.000207,7.7e-05,0.000156,0.000269,0.000287,0.000161,0.000173,0.000157,0.000249,0.000187,0.0,60.01,3.66,0.0003,8e-06,60.0
sag_24_06,sag_sim_24,SAG_0024_2p_phBC_med,24,train,Sag,5,SCENARIO_CONTROLLER,phase-to-phase,"B,C",0.5153,91.2,0.0262,0.1174,131,587,0.588883,0.837846,1.422773,0.0513,0.0,60.0,59.9714,48.91,0.832744,0.000366,0.000291,0.000301,0.000157,8e-05,0.000271,0.00017,8.9e-05,0.000113,7.7e-05,0.00044,0.000349,0.000361,0.000189,0.000325,0.000107,9.2e-05,0.0,60.01,3.71,0.0003,9e-06,60.0
sag_24_07,sag_sim_24,SAG_0024_2p_phBC_med,24,train,Sag,5,SCENARIO_CONTROLLER,phase-to-phase,"B,C",0.5153,91.2,0.0272,0.1184,136,592,0.588954,0.837846,1.422599,0.0383,0.0,60.0,59.9714,48.89,0.832846,0.000503,0.000286,0.000338,0.000119,0.000231,7.8e-05,9.9e-05,0.000252,0.000154,0.000202,0.000604,0.000343,0.000406,0.000143,9.4e-05,0.000303,0.000243,1e-06,60.01,3.71,0.0003,8e-06,60.0
sag_24_08,sag_sim_24,SAG_0024_2p_phBC_med,24,train,Sag,5,SCENARIO_CONTROLLER,phase-to-phase,"B,C",0.5153,91.2,0.0282,0.1194,141,597,0.588956,0.837846,1.422595,0.0494,0.0,60.0,59.9714,48.89,0.832849,0.000597,0.000255,0.000199,0.00019,0.000285,0.000261,0.000167,6.7e-05,3.6e-05,0.000162,0.000717,0.000306,0.000239,0.000228,0.000313,8e-05,0.000195,1e-06,60.01,3.84,0.0003,8e-06,60.0
sag_24_09,sag_sim_24,SAG_0024_2p_phBC_med,24,train,Sag,5,SCENARIO_CONTROLLER,phase-to-phase,"B,C",0.5153,91.2,0.0292,0.1204,146,602,0.588881,0.837846,1.422776,0.0443,0.0,60.0,59.9714,48.91,0.832744,0.000617,0.000243,7.7e-05,0.000197,4.4e-05,0.000196,0.000121,0.000244,0.000169,8.3e-05,0.000741,0.000292,9.2e-05,0.000237,0.000235,0.000293,0.0001,1e-06,60.01,3.72,0.0003,8e-06,60.0
sag_24_10,sag_sim_24,SAG_0024_2p_phBC_med,24,train,Sag,5,SCENARIO_CONTROLLER,phase-to-phase,"B,C",0.5153,91.2,0.0302,0.1214,151,607,0.588767,0.837846,1.423053,0.0347,0.0,60.0,59.9714,48.94,0.832582,0.000557,0.000228,0.000216,8.8e-05,0.000223,0.000154,0.000125,0.000116,7.6e-05,0.000187,0.000669,0.000274,0.000259,0.000106,0.000185,0.000139,0.000225,1e-06,60.01,3.68,0.0003,8e-06,60.0
sag_24_11,sag_sim_24,SAG_0024_2p_phBC_med,24,train,Sag,5,SCENARIO_CONTROLLER,phase-to-phase,"B,C",0.5153,91.2,0.0312,0.1224,156,612,0.588689,0.837846,1.42324,0.0326,0.0,60.0,59.9714,48.94,0.832473,0.000479,0.000183,0.000218,2e-05,0.000201,0.0002,0.000111,0.000173,9.3e-05,0.000146,0.000575,0.00022,0.000262,2.4e-05,0.00024,0.000208,0.000175,0.0,60.01,3.56,0.0003,7e-06,60.0
sag_24_12,sag_sim_24,SAG_0024_2p_phBC_med,24,train,Sag,5,SCENARIO_CONTROLLER,phase-to-phase,"B,C",0.5153,91.2,0.0322,0.1234,161,617,0.588669,0.837846,1.42329,0.0281,0.0,60.0,59.9714,48.94,0.832444,0.000452,0.000159,0.000196,3.2e-05,0.00017,0.000169,8.9e-05,0.000142,7.9e-05,0.000159,0.000543,0.000191,0.000235,3.8e-05,0.000203,0.000171,0.000191,0.0,60.01,3.55,0.0003,7e-06,60.0
sag_24_13,sag_sim_24,SAG_0024_2p_phBC_med,24,train,Sag,5,SCENARIO_CONTROLLER,phase-to-phase,"B,C",0.5153,91.2,0.0332,0.1244,166,622,0.588736,0.837846,1.423128,0.0336,0.0,60.0,59.9714,48.95,0.832539,0.000534,0.000233,0.000235,0.000121,9.2e-05,9.7e-05,0.000136,0.000173,0.000139,0.000117,0.000641,0.00028,0.000282,0.000145,0.000117,0.000208,0.000141,1e-06,60.01,3.65,0.0003,7e-06,60.0
sag_24_14,sag_sim_24,SAG_0024_2p_phBC_med,24,train,Sag,5,SCENARIO_CONTROLLER,phase-to-phase,"B,C",0.5153,91.2,0.0342,0.1254,171,627,0.588839,0.837846,1.422879,0.0513,0.0,60.0,59.9714,48.94,0.832684,0.000625,0.000297,0.000183,0.000194,0.000234,0.000237,0.000152,0.000169,4.3e-05,0.000173,0.000751,0.000357,0.00022,0.000233,0.000285,0.000203,0.000208,1e-06,60.01,3.69,0.0003,8e-06,60.0
sag_24_15,sag_sim_24,SAG_0024_2p_phBC_med,24,train,Sag,5,SCENARIO_CONTROLLER,phase-to-phase,"B,C",0.5153,91.2,0.0352,0.1264,176,632,0.588927,0.837846,1.422665,0.041,0.0,60.0,59.9714,48.96,0.83281,0.000649,0.000289,6.7e-05,0.000122,0.000234,0.000133,0.000143,0.000225,0.000155,0.000218,0.000779,0.000347,8e-05,0.000146,0.00016,0.00027,0.000262,1e-06,60.01,3.83,0.0003,9e-06,60.0
sag_24_16,sag_sim_24,SAG_0024_2p_phBC_med,24,train,Sag,5,SCENARIO_CONTROLLER,phase-to-phase,"B,C",0.5153,91.2,0.0362,0.1274,181,637,0.588956,0.837846,1.422595,0.0429,0.0,60.0,59.9696,49.28,0.832852,0.000585,0.000246,0.000265,0.000157,5.1e-05,0.000205,0.000202,0.000137,0.000128,7.9e-05,0.000702,0.000295,0.000318,0.000189,0.000246,0.000164,9.5e-05,1e-06,60.01,3.87,0.0003,8e-06,60.0
sag_24_17,sag_sim_24,SAG_0024_2p_phBC_med,24,train,Sag,5,SCENARIO_CONTROLLER,phase-to-phase,"B,C",0.5153,91.2,0.0372,0.1284,186,642,0.588905,0.837846,1.422718,0.0483,0.0,60.0,59.9696,49.29,0.83278,0.000453,0.000238,0.000351,0.000231,0.000265,0.000227,0.000111,0.00024,7.2e-05,0.000181,0.000544,0.000286,0.000421,0.000277,0.000273,0.000288,0.000217,1e-06,60.01,3.8,0.0003,8e-06,60.0
sag_24_18,sag_sim_24,SAG_0024_2p_phBC_med,24,train,Sag,5,SCENARIO_CONTROLLER,phase-to-phase,"B,C",0.5153,91.2,0.0382,0.1294,191,647,0.588797,0.837846,1.422979,0.0371,0.0,60.0,59.9696,49.31,0.832628,0.000292,0.000256,0.000261,0.000154,0.000188,7.9e-05,0.000212,0.000121,0.000155,0.000178,0.000351,0.000307,0.000313,0.000185,9.5e-05,0.000145,0.000214,0.0,60.01,3.7,0.0003,7e-06,60.0
sag_24_19,sag_sim_24,SAG_0024_2p_phBC_med,24,train,Sag,5,SCENARIO_CONTROLLER,phase-to-phase,"B,C",0.5153,91.2,0.0392,0.1304,196,652,0.588693,0.837846,1.42323,0.0342,0.0,60.0,59.9696,49.29,0.832481,0.000157,0.000218,0.000102,4e-06,0.000108,0.000183,0.000126,0.000205,7.6e-05,0.000108,0.000189,0.000262,0.000123,5e-06,0.00022,0.000246,0.00013,0.0,60.01,3.58,0.0003,7e-06,60.0
sag_24_20,sag_sim_24,SAG_0024_2p_phBC_med,24,train,Sag,5,SCENARIO_CONTROLLER,phase-to-phase,"B,C",0.5153,91.2,0.0402,0.1314,201,657,0.588654,0.837846,1.423325,0.0285,0.0,60.0,59.9696,49.29,0.832425,0.000104,0.000181,9.5e-05,5.4e-05,0.000155,0.000144,0.000165,0.000176,0.000106,0.000139,0.000125,0.000217,0.000114,6.5e-05,0.000173,0.000211,0.000167,0.0,60.01,3.54,0.0003,6e-06,60.0
sag_24_21,sag_sim_24,SAG_0024_2p_phBC_med,24,train,Sag,5,SCENARIO_CONTROLLER,phase-to-phase,"B,C",0.5153,91.2,0.0412,0.1324,206,662,0.588702,0.837846,1.423209,0.0335,0.0,60.0,59.9696,49.29,0.832493,0.000167,0.00024,5.6e-05,0.000116,0.00022,8.1e-05,0.000186,0.00014,6.3e-05,8.7e-05,0.000201,0.000288,6.7e-05,0.000139,9.7e-05,0.000168,0.000105,0.0,60.01,3.58,0.0003,7e-06,60.0
sag_24_22,sag_sim_24,SAG_0024_2p_phBC_med,24,train,Sag,5,SCENARIO_CONTROLLER,phase-to-phase,"B,C",0.5153,91.2,0.0422,0.1334,211,667,0.588798,0.837846,1.422976,0.0491,0.0,60.0,59.9696,49.29,0.83263,0.00029,0.000308,0.000202,0.000206,0.000205,0.000173,9.8e-05,0.000221,0.000134,0.000161,0.000348,0.00037,0.000243,0.000247,0.000208,0.000265,0.000193,0.0,60.01,3.72,0.0003,8e-06,60.0
sag_24_23,sag_sim_24,SAG_0024_2p_phBC_med,24,train,Sag,5,SCENARIO_CONTROLLER,phase-to-phase,"B,C",0.5153,91.2,0.0432,0.1344,216,672,0.588908,0.837846,1.422712,0.0485,0.0,60.0,59.9696,49.3,0.832784,0.000451,0.000316,0.000352,0.000165,7.9e-05,0.00019,0.000263,0.000119,4e-06,0.00011,0.000542,0.000379,0.000423,0.000198,0.000228,0.000143,0.000132,1e-06,60.01,3.78,0.0003,8e-06,60.0
sag_24_24,sag_sim_24,SAG_0024_2p_phBC_med,24,train,Sag,5,SCENARIO_CONTROLLER,phase-to-phase,"B,C",0.5153,91.2,0.0442,0.1354,221,677,0.588964,0.837846,1.422577,0.0367,0.0,60.0,59.9696,49.32,0.832864,0.000589,0.000269,0.000331,0.000117,0.000305,8.6e-05,5.3e-05,0.000231,0.000157,8.9e-05,0.000707,0.000323,0.000397,0.00014,0.000103,0.000277,0.000107,1e-06,60.01,3.82,0.0003,9e-06,60.0
sag_24_25,sag_sim_24,SAG_0024_2p_phBC_med,24,train,Sag,5,SCENARIO_CONTROLLER,phase-to-phase,"B,C",0.5153,91.2,0.0452,0.1364,226,682,0.588937,0.837846,1.422641,0.0482,0.0,60.0,59.9716,49.09,0.832827,0.000658,0.000233,0.000138,0.000225,0.000191,0.000237,0.000267,0.000166,0.0001,0.000189,0.00079,0.00028,0.000166,0.00027,0.000285,0.000199,0.000227,1e-06,60.01,3.79,0.0003,9e-06,60.0
sag_24_26,sag_sim_24,SAG_0024_2p_phBC_med,24,train,Sag,5,SCENARIO_CONTROLLER,phase-to-phase,"B,C",0.5153,91.2,0.0462,0.1374,231,687,0.588849,0.837846,1.422855,0.0366,0.0,60.0,59.9716,49.07,0.832702,0.000635,0.000234,0.000104,0.000187,0.000117,5.5e-05,9.7e-05,0.000179,7.6e-05,0.000107,0.000763,0.000281,0.000125,0.000225,6.6e-05,0.000215,0.000128,1e-06,60.01,3.78,0.0003,8e-06,60.0
sag_24_27,sag_sim_24,SAG_0024_2p_phBC_med,24,train,Sag,5,SCENARIO_CONTROLLER,phase-to-phase,"B,C",0.5153,91.2,0.0472,0.1384,236,692,0.588741,0.837846,1.423115,0.0335,0.0,60.0,59.9716,49.08,0.832549,0.000547,0.000219,0.000222,3.9e-05,0.000242,0.000169,0.00022,0.000167,0.00011,0.000124,0.000657,0.000263,0.000267,4.7e-05,0.000203,0.000201,0.000149,1e-06,60.01,3.6,0.0003,7e-06,60.0
sag_24_28,sag_sim_24,SAG_0024_2p_phBC_med,24,train,Sag,5,SCENARIO_CONTROLLER,phase-to-phase,"B,C",0.5153,91.2,0.0482,0.1394,241,697,0.588671,0.837846,1.423284,0.0276,0.0,60.0,59.9716,49.1,0.832451,0.000462,0.000172,0.000211,6e-05,0.000175,0.000141,0.000162,0.000161,5.4e-05,0.000145,0.000555,0.000207,0.000253,7.2e-05,0.000169,0.000193,0.000174,0.0,60.01,3.52,0.0003,6e-06,60.0
sag_24_29,sag_sim_24,SAG_0024_2p_phBC_med,24,train,Sag,5,SCENARIO_CONTROLLER,phase-to-phase,"B,C",0.5153,91.2,0.0492,0.1404,246,702,0.588681,0.837846,1.42326,0.0283,0.0,60.0,59.9716,49.1,0.832465,0.000475,0.000185,0.000224,7.8e-05,0.000156,0.000123,0.000145,0.00014,6.5e-05,0.000135,0.000571,0.000222,0.000269,9.4e-05,0.000148,0.000168,0.000162,0.0,60.01,3.54,0.0003,6e-06,60.0
sag_24_30,sag_sim_24,SAG_0024_2p_phBC_med,24,train,Sag,5,SCENARIO_CONTROLLER,phase-to-phase,"B,C",0.5153,91.2,0.0502,0.1414,251,707,0.58875,0.837846,1.423094,0.038,0.0,60.0,59.9716,49.09,0.832562,0.000544,0.000251,0.000247,0.000158,0.000123,0.00011,0.000213,0.000199,7.6e-05,0.000156,0.000653,0.000301,0.000297,0.00019,0.000132,0.000239,0.000187,1e-06,60.01,3.62,0.0003,7e-06,60.0
sag_24_31,sag_sim_24,SAG_0024_2p_phBC_med,24,train,Sag,5,SCENARIO_CONTROLLER,phase-to-phase,"B,C",0.5153,91.2,0.0512,0.1424,256,712,0.588866,0.837846,1.422812,0.0515,0.0,60.0,59.9716,49.12,0.832727,0.000605,0.0003,0.00013,0.000178,0.000312,0.00025,0.000107,6e-05,0.000141,5.1e-05,0.000727,0.00036,0.000156,0.000214,0.0003,7.2e-05,6.1e-05,1e-06,60.01,3.7,0.0003,8e-06,60.0
sag_24_32,sag_sim_24,SAG_0024_2p_phBC_med,24,train,Sag,5,SCENARIO_CONTROLLER,phase-to-phase,"B,C",0.5153,91.2,0.0522,0.1434,261,717,0.588941,0.837846,1.422631,0.0389,0.0,60.0,59.9716,49.15,0.832833,0.000592,0.000296,0.00014,0.000124,0.000204,4.3e-05,0.000225,0.000232,1.5e-05,0.000182,0.000711,0.000355,0.000168,0.000149,5.2e-05,0.000279,0.000219,1e-06,60.01,3.73,0.0003,8e-06,60.0
sag_25_01,sag_sim_25,SAG_0025_2p_phCA_med,25,train,Sag,5,SCENARIO_CONTROLLER,phase-to-phase,"A,C",0.483,82.6,0.0186,0.1012,93,506,0.497809,0.837482,1.682336,0.4428,83.0,60.0,60.0287,10.74,0.676273,0.009028,0.002754,0.000728,0.000858,0.000196,0.000804,0.000568,0.000375,0.000308,0.000267,0.01335,0.004072,0.001076,0.001269,0.001189,0.000555,0.000395,9.2e-05,60.15,6.43,0.0638,2.8e-05,60.0
sag_25_02,sag_sim_25,SAG_0025_2p_phCA_med,25,train,Sag,5,SCENARIO_CONTROLLER,phase-to-phase,"A,C",0.483,82.6,0.0196,0.1022,98,511,0.497937,0.837482,1.681905,0.4625,83.0,60.0,60.0287,10.75,0.676421,0.009233,0.00292,0.000536,0.000719,0.000161,0.000862,0.000521,0.000391,0.000368,0.00019,0.01365,0.004317,0.000792,0.001063,0.001274,0.000578,0.000281,9.6e-05,60.14,6.36,0.0638,2.6e-05,60.0
sag_25_03,sag_sim_25,SAG_0025_2p_phCA_med,25,train,Sag,5,SCENARIO_CONTROLLER,phase-to-phase,"A,C",0.483,82.6,0.0206,0.1032,103,516,0.498007,0.837482,1.681668,0.4616,83.0,60.0,60.0287,10.75,0.676503,0.00929,0.002914,0.000548,0.000787,8.8e-05,0.000798,0.000514,0.00038,0.000327,0.000233,0.013732,0.004307,0.00081,0.001163,0.00118,0.000562,0.000344,9.7e-05,60.14,6.29,0.0638,2.4e-05,60.0
sag_25_04,sag_sim_25,SAG_0025_2p_phCA_med,25,train,Sag,5,SCENARIO_CONTROLLER,phase-to-phase,"A,C",0.483,82.6,0.0216,0.1042,108,521,0.498013,0.837482,1.681647,0.4621,83.0,60.0,60.0287,10.75,0.676511,0.009296,0.00291,0.00056,0.000805,9.3e-05,0.000811,0.000536,0.000368,0.000346,0.000206,0.013741,0.004301,0.000828,0.00119,0.001199,0.000544,0.000305,9.7e-05,60.14,6.28,0.0638,2.6e-05,60.0
sag_25_05,sag_sim_25,SAG_0025_2p_phCA_med,25,train,Sag,5,SCENARIO_CONTROLLER,phase-to-phase,"A,C",0.483,82.6,0.0226,0.1052,113,526,0.497935,0.837482,1.681909,0.4768,83.0,60.0,60.0287,10.75,0.676417,0.009374,0.002972,0.000593,0.000887,0.000156,0.000883,0.000535,0.000422,0.000367,0.000242,0.013858,0.004394,0.000877,0.001311,0.001305,0.000624,0.000358,9.9e-05,60.14,6.32,0.0638,2.6e-05,60.0
sag_25_06,sag_sim_25,SAG_0025_2p_phCA_med,25,train,Sag,5,SCENARIO_CONTROLLER,phase-to-phase,"A,C",0.483,82.6,0.0236,0.1062,118,531,0.497806,0.837482,1.682347,0.4593,83.0,60.0,60.0287,10.74,0.676257,0.00958,0.0029,0.000777,0.000801,0.000208,0.000772,0.000526,0.000299,0.000392,0.000166,0.014166,0.004288,0.001149,0.001184,0.001142,0.000442,0.000245,0.000103,60.15,6.44,0.0638,2.6e-05,60.0
sag_25_07,sag_sim_25,SAG_0025_2p_phCA_med,25,train,Sag,5,SCENARIO_CONTROLLER,phase-to-phase,"A,C",0.483,82.6,0.0246,0.1072,123,536,0.497706,0.837482,1.682683,0.4204,83.0,60.0,60.0287,10.74,0.67613,0.009759,0.002637,0.000759,0.000641,1.9e-05,0.000848,0.000562,0.000466,0.000274,0.000183,0.014434,0.0039,0.001123,0.000948,0.001254,0.000689,0.000271,0.000105,60.15,6.5,0.0638,2.7e-05,60.0
sag_25_08,sag_sim_25,SAG_0025_2p_phCA_med,25,train,Sag,5,SCENARIO_CONTROLLER,phase-to-phase,"A,C",0.483,82.6,0.0256,0.1082,128,541,0.497687,0.837482,1.68275,0.4132,83.0,60.0,60.0286,10.74,0.676097,0.009762,0.002488,0.000485,0.000898,0.000235,0.000899,0.00048,0.00029,0.000425,0.000257,0.014439,0.00368,0.000717,0.001328,0.00133,0.000429,0.00038,0.000104,60.15,6.52,0.0638,2.8e-05,60.0
sag_25_09,sag_sim_25,SAG_0025_2p_phCA_med,25,train,Sag,5,SCENARIO_CONTROLLER,phase-to-phase,"A,C",0.483,82.6,0.0266,0.1092,133,546,0.497756,0.837482,1.682514,0.4305,83.0,60.0,60.0286,10.74,0.676171,0.009579,0.00266,0.000452,0.000918,0.000195,0.000744,0.000583,0.00045,0.00029,0.000134,0.014167,0.003934,0.000668,0.001358,0.0011,0.000666,0.000198,0.000101,60.15,6.46,0.0638,2.8e-05,60.0
sag_25_10,sag_sim_25,SAG_0025_2p_phCA_med,25,train,Sag,5,SCENARIO_CONTROLLER,phase-to-phase,"A,C",0.483,82.6,0.0276,0.1102,138,551,0.497876,0.837482,1.682109,0.4585,83.0,60.0,60.0286,10.75,0.676308,0.009353,0.002876,0.000665,0.000716,4.1e-05,0.000913,0.000467,0.00033,0.000366,0.000196,0.013829,0.004253,0.000983,0.001059,0.00135,0.000488,0.00029,9.8e-05,60.14,6.36,0.0639,2.6e-05,60.0
sag_25_11,sag_sim_25,SAG_0025_2p_phCA_med,25,train,Sag,5,SCENARIO_CONTROLLER,phase-to-phase,"A,C",0.483,82.6,0.0286,0.1112,143,556,0.497991,0.837482,1.68172,0.4609,83.0,60.0,60.0286,10.75,0.676443,0.009224,0.002912,0.000686,0.000776,0.000164,0.0008,0.000553,0.000397,0.000358,0.000213,0.013636,0.004305,0.001014,0.001147,0.001183,0.000587,0.000315,9.6e-05,60.14,6.27,0.0639,2.4e-05,60.0
sag_25_12,sag_sim_25,SAG_0025_2p_phCA_med,25,train,Sag,5,SCENARIO_CONTROLLER,phase-to-phase,"A,C",0.483,82.6,0.0296,0.1122,148,561,0.498022,0.837482,1.681616,0.4592,83.0,60.0,60.0286,10.75,0.67648,0.009214,0.002887,0.000654,0.000806,0.000147,0.000815,0.000519,0.000371,0.000351,0.000188,0.013621,0.004268,0.000967,0.001191,0.001205,0.000548,0.000278,9.6e-05,60.14,6.26,0.0639,2.4e-05,60.0
sag_25_13,sag_sim_25,SAG_0025_2p_phCA_med,25,train,Sag,5,SCENARIO_CONTROLLER,phase-to-phase,"A,C",0.483,82.6,0.0306,0.1132,153,566,0.497954,0.837482,1.681846,0.4732,83.0,60.0,60.0286,10.75,0.676398,0.009163,0.002956,0.000674,0.00088,0.000158,0.000857,0.00048,0.000387,0.000304,0.000193,0.013547,0.00437,0.000996,0.001301,0.001267,0.000572,0.000285,9.5e-05,60.14,6.3,0.0639,2.4e-05,60.0
sag_25_14,sag_sim_25,SAG_0025_2p_phCA_med,25,train,Sag,5,SCENARIO_CONTROLLER,phase-to-phase,"A,C",0.483,82.6,0.0316,0.1142,158,571,0.497832,0.837482,1.682259,0.4716,83.0,60.0,60.0286,10.75,0.676248,0.008987,0.002946,0.000525,0.000878,4e-05,0.000848,0.000579,0.000346,0.000372,0.000127,0.01329,0.004356,0.000776,0.001298,0.001254,0.000512,0.000188,9.2e-05,60.14,6.38,0.0639,2.7e-05,60.0
sag_25_15,sag_sim_25,SAG_0025_2p_phCA_med,25,train,Sag,5,SCENARIO_CONTROLLER,phase-to-phase,"A,C",0.483,82.6,0.0326,0.1152,163,576,0.497711,0.837482,1.682669,0.4278,83.0,60.0,60.0286,10.74,0.676096,0.008761,0.002718,0.000421,0.000647,0.000256,0.000746,0.000406,0.000427,0.000329,0.000247,0.012958,0.00402,0.000623,0.000957,0.001103,0.000632,0.000365,8.6e-05,60.15,6.47,0.0638,2.9e-05,60.0
sag_25_16,sag_sim_25,SAG_0025_2p_phCA_med,25,train,Sag,5,SCENARIO_CONTROLLER,phase-to-phase,"A,C",0.483,82.6,0.0336,0.1162,168,581,0.49766,0.837482,1.682841,0.4108,83.0,60.0,60.0281,10.74,0.676026,0.008682,0.002483,0.000696,0.000808,0.000211,0.000946,0.000612,0.000311,0.000303,0.000192,0.012843,0.003673,0.00103,0.001195,0.001399,0.00046,0.000284,8.4e-05,60.15,6.48,0.0638,2.8e-05,60.0
sag_25_17,sag_sim_25,SAG_0025_2p_phCA_med,25,train,Sag,5,SCENARIO_CONTROLLER,phase-to-phase,"A,C",0.483,82.6,0.0346,0.1172,173,586,0.497704,0.837482,1.68269,0.4187,83.0,60.0,60.0298,10.74,0.676069,0.00883,0.002564,0.00081,0.000961,7.1e-05,0.000719,0.000406,0.000449,0.000403,0.000125,0.013061,0.003793,0.001198,0.001421,0.001064,0.000664,0.000185,8.7e-05,60.15,6.5,0.0639,2.8e-05,60.0
sag_25_18,sag_sim_25,SAG_0025_2p_phCA_med,25,train,Sag,5,SCENARIO_CONTROLLER,phase-to-phase,"A,C",0.483,82.6,0.0356,0.1182,178,591,0.497823,0.837482,1.682288,0.4518,83.0,60.0,60.0298,10.74,0.676204,0.009087,0.002823,0.000633,0.000754,0.00025,0.000891,0.000588,0.000304,0.000265,0.000234,0.013438,0.004175,0.000936,0.001115,0.001318,0.00045,0.000346,9.3e-05,60.14,6.37,0.0639,2.7e-05,60.0
sag_25_19,sag_sim_25,SAG_0025_2p_phCA_med,25,train,Sag,5,SCENARIO_CONTROLLER,phase-to-phase,"A,C",0.483,82.6,0.0366,0.1192,183,596,0.497949,0.837482,1.681863,0.4618,83.0,60.0,60.0298,10.75,0.676351,0.009254,0.002923,0.000497,0.000724,0.000153,0.000827,0.000466,0.000413,0.000361,0.000177,0.013682,0.004322,0.000735,0.00107,0.001223,0.000611,0.000262,9.6e-05,60.14,6.3,0.0639,2.6e-05,60.0
sag_25_20,sag_sim_25,SAG_0025_2p_phCA_med,25,train,Sag,5,SCENARIO_CONTROLLER,phase-to-phase,"A,C",0.483,82.6,0.0376,0.1202,188,601,0.498014,0.837482,1.681645,0.4593,83.0,60.0,60.0298,10.75,0.676427,0.009288,0.002892,0.000542,0.000798,0.000117,0.000807,0.000513,0.000359,0.000316,0.000181,0.013731,0.004275,0.000801,0.00118,0.001193,0.000531,0.000268,9.7e-05,60.14,6.26,0.0639,2.5e-05,60.0
sag_25_21,sag_sim_25,SAG_0025_2p_phCA_med,25,train,Sag,5,SCENARIO_CONTROLLER,phase-to-phase,"A,C",0.483,82.6,0.0386,0.1212,193,606,0.497991,0.837482,1.68172,0.4639,83.0,60.0,60.0298,10.75,0.6764,0.009304,0.002917,0.000533,0.000821,0.000113,0.000815,0.000535,0.000353,0.000338,0.00017,0.013755,0.004313,0.000788,0.001214,0.001205,0.000522,0.000251,9.7e-05,60.14,6.28,0.0639,2.6e-05,60.0
sag_25_22,sag_sim_25,SAG_0025_2p_phCA_med,25,train,Sag,5,SCENARIO_CONTROLLER,phase-to-phase,"A,C",0.483,82.6,0.0396,0.1222,198,611,0.497892,0.837482,1.682056,0.4745,83.0,60.0,60.0298,10.75,0.676279,0.00943,0.002955,0.000638,0.000884,0.000226,0.000887,0.000443,0.000413,0.000268,0.0002,0.013944,0.004369,0.000943,0.001307,0.001312,0.000611,0.000296,0.0001,60.14,6.37,0.0639,2.7e-05,60.0
sag_25_23,sag_sim_25,SAG_0025_2p_phCA_med,25,train,Sag,5,SCENARIO_CONTROLLER,phase-to-phase,"A,C",0.483,82.6,0.0406,0.1232,203,616,0.497762,0.837482,1.682496,0.4397,83.0,60.0,60.0298,10.74,0.676118,0.009654,0.002803,0.0008,0.000697,0.000193,0.000706,0.000577,0.000322,0.000393,0.000233,0.014279,0.004146,0.001183,0.001031,0.001044,0.000476,0.000345,0.000103,60.15,6.42,0.0639,2.7e-05,60.0
sag_25_24,sag_sim_25,SAG_0025_2p_phCA_med,25,train,Sag,5,SCENARIO_CONTROLLER,phase-to-phase,"A,C",0.483,82.6,0.0416,0.1242,208,621,0.497684,0.837482,1.682757,0.4106,83.0,60.0,60.0298,10.74,0.676017,0.009789,0.002535,0.000695,0.000677,7.7e-05,0.000906,0.00045,0.000412,0.000261,0.000111,0.01448,0.00375,0.001028,0.001001,0.00134,0.000609,0.000164,0.000104,60.15,6.47,0.0639,2.8e-05,60.0
sag_25_25,sag_sim_25,SAG_0025_2p_phCA_med,25,train,Sag,5,SCENARIO_CONTROLLER,phase-to-phase,"A,C",0.483,82.6,0.0426,0.1252,213,626,0.497699,0.837482,1.682707,0.4104,83.0,60.0,60.0319,10.74,0.676024,0.009716,0.0025,0.000413,0.000934,0.00028,0.000761,0.000579,0.000373,0.000342,0.000229,0.014372,0.003698,0.000611,0.001382,0.001126,0.000552,0.000339,0.000103,60.15,6.59,0.0639,3.1e-05,60.0
sag_25_26,sag_sim_25,SAG_0025_2p_phCA_med,25,train,Sag,5,SCENARIO_CONTROLLER,phase-to-phase,"A,C",0.483,82.6,0.0436,0.1262,218,631,0.497795,0.837482,1.682382,0.4381,83.0,60.0,60.0319,10.74,0.676131,0.009491,0.002735,0.000533,0.000827,0.000174,0.000782,0.000499,0.000382,0.000338,0.000216,0.014037,0.004045,0.000788,0.001223,0.001157,0.000565,0.000319,0.0001,60.15,6.41,0.064,2.8e-05,60.0
sag_25_27,sag_sim_25,SAG_0025_2p_phCA_med,25,train,Sag,5,SCENARIO_CONTROLLER,phase-to-phase,"A,C",0.483,82.6,0.0446,0.1272,223,636,0.497917,0.837482,1.681971,0.4567,83.0,60.0,60.0319,10.75,0.676272,0.009293,0.002892,0.000691,0.000692,0.000107,0.000836,0.000537,0.000399,0.000268,0.000132,0.013742,0.004276,0.001022,0.001023,0.001236,0.00059,0.000195,9.7e-05,60.14,6.36,0.064,2.8e-05,60.0
sag_25_28,sag_sim_25,SAG_0025_2p_phCA_med,25,train,Sag,5,SCENARIO_CONTROLLER,phase-to-phase,"A,C",0.483,82.6,0.0456,0.1282,228,641,0.498009,0.837482,1.681661,0.4552,83.0,60.0,60.0319,10.75,0.676381,0.009216,0.00288,0.000661,0.000783,0.000187,0.000758,0.000533,0.000379,0.000322,0.000187,0.013625,0.004258,0.000977,0.001158,0.001121,0.00056,0.000276,9.5e-05,60.14,6.31,0.064,2.7e-05,60.0
sag_25_29,sag_sim_25,SAG_0025_2p_phCA_med,25,train,Sag,5,SCENARIO_CONTROLLER,phase-to-phase,"A,C",0.483,82.6,0.0466,0.1292,233,646,0.498011,0.837482,1.681653,0.4564,83.0,60.0,60.0319,10.75,0.676383,0.009208,0.002881,0.000654,0.000802,0.000192,0.000766,0.000507,0.00036,0.000309,0.000158,0.013614,0.004259,0.000967,0.001186,0.001132,0.000532,0.000234,9.5e-05,60.14,6.3,0.064,2.7e-05,60.0
sag_25_30,sag_sim_25,SAG_0025_2p_phCA_med,25,train,Sag,5,SCENARIO_CONTROLLER,phase-to-phase,"A,C",0.483,82.6,0.0476,0.1302,238,651,0.49793,0.837482,1.681927,0.4717,83.0,60.0,60.0319,10.75,0.676285,0.009129,0.002944,0.00064,0.000889,0.000177,0.000846,0.000519,0.000421,0.000293,0.000203,0.013499,0.004353,0.000946,0.001315,0.001251,0.000623,0.0003,9.5e-05,60.14,6.33,0.064,2.6e-05,60.0
sag_25_31,sag_sim_25,SAG_0025_2p_phCA_med,25,train,Sag,5,SCENARIO_CONTROLLER,phase-to-phase,"A,C",0.483,82.6,0.0486,0.1312,243,656,0.497807,0.837482,1.682343,0.454,83.0,60.0,60.0319,10.74,0.676134,0.00893,0.002873,0.000454,0.000801,0.000101,0.000727,0.000529,0.000295,0.000274,0.000132,0.013207,0.004249,0.000671,0.001185,0.001075,0.000436,0.000195,9e-05,60.15,6.43,0.064,2.8e-05,60.0
sag_25_32,sag_sim_25,SAG_0025_2p_phCA_med,25,train,Sag,5,SCENARIO_CONTROLLER,phase-to-phase,"A,C",0.483,82.6,0.0496,0.1322,248,661,0.497712,0.837482,1.682665,0.4163,83.0,60.0,60.0319,10.74,0.676012,0.008747,0.00262,0.000493,0.000644,0.000291,0.000801,0.000493,0.000453,0.000363,0.000143,0.012939,0.003876,0.000729,0.000953,0.001185,0.00067,0.000212,8.5e-05,60.15,6.54,0.064,2.9e-05,60.0
sag_26_01,sag_sim_26,SAG_0026_2p_phCA_shallow,26,train,Sag,5,SCENARIO_CONTROLLER,phase-to-phase,"A,C",0.6203,106.4,0.019,0.1254,95,627,0.490367,0.838379,1.709697,0.2799,106.8,60.0,59.9935,13.04,0.676861,0.003044,0.001698,0.000722,0.000406,0.000756,0.000737,0.000598,0.000366,0.000257,0.000409,0.004497,0.002509,0.001067,0.0006,0.001089,0.000541,0.000604,1.5e-05,60.11,5.53,0.0409,2.1e-05,60.0
sag_26_02,sag_sim_26,SAG_0026_2p_phCA_shallow,26,train,Sag,5,SCENARIO_CONTROLLER,phase-to-phase,"A,C",0.6203,106.4,0.02,0.1264,100,632,0.490325,0.838379,1.709844,0.271,106.8,60.0,59.9935,13.04,0.676811,0.003074,0.001635,0.000749,0.000465,0.000753,0.000689,0.000638,0.00038,0.000219,0.000396,0.004542,0.002416,0.001107,0.000687,0.001018,0.000561,0.000585,1.5e-05,60.11,5.54,0.0409,2.1e-05,60.0
sag_26_03,sag_sim_26,SAG_0026_2p_phCA_shallow,26,train,Sag,5,SCENARIO_CONTROLLER,phase-to-phase,"A,C",0.6203,106.4,0.021,0.1274,105,637,0.490292,0.838379,1.709958,0.2713,106.8,60.0,59.9935,13.04,0.676773,0.003064,0.001627,0.000785,0.00045,0.000725,0.000723,0.000616,0.000375,0.000245,0.000383,0.004527,0.002404,0.00116,0.000665,0.001068,0.000554,0.000566,1.5e-05,60.11,5.53,0.0409,2.1e-05,60.0
sag_26_04,sag_sim_26,SAG_0026_2p_phCA_shallow,26,train,Sag,5,SCENARIO_CONTROLLER,phase-to-phase,"A,C",0.6203,106.4,0.022,0.1284,110,642,0.490296,0.838379,1.709944,0.2714,106.8,60.0,59.9935,13.04,0.676778,0.003067,0.001625,0.000783,0.000457,0.00072,0.000724,0.000618,0.000369,0.000256,0.000375,0.004532,0.002401,0.001157,0.000675,0.00107,0.000545,0.000554,1.5e-05,60.11,5.53,0.0409,2.1e-05,60.0
sag_26_05,sag_sim_26,SAG_0026_2p_phCA_shallow,26,train,Sag,5,SCENARIO_CONTROLLER,phase-to-phase,"A,C",0.6203,106.4,0.023,0.1294,115,647,0.490323,0.838379,1.709852,0.2659,106.8,60.0,59.9935,13.04,0.676808,0.0031,0.001598,0.000812,0.00043,0.000738,0.000707,0.000635,0.000354,0.00026,0.000379,0.00458,0.002361,0.0012,0.000635,0.001045,0.000523,0.00056,1.5e-05,60.11,5.51,0.0409,2.1e-05,60.0
sag_26_06,sag_sim_26,SAG_0026_2p_phCA_shallow,26,train,Sag,5,SCENARIO_CONTROLLER,phase-to-phase,"A,C",0.6203,106.4,0.024,0.1304,120,652,0.490366,0.838379,1.709701,0.2685,106.8,60.0,59.9935,13.04,0.676859,0.003138,0.001612,0.000794,0.000429,0.000748,0.000721,0.000605,0.00039,0.000232,0.000402,0.004636,0.002382,0.001173,0.000634,0.001065,0.000576,0.000594,1.5e-05,60.11,5.5,0.0409,2.1e-05,60.0
sag_26_07,sag_sim_26,SAG_0026_2p_phCA_shallow,26,train,Sag,5,SCENARIO_CONTROLLER,phase-to-phase,"A,C",0.6203,106.4,0.025,0.1314,125,657,0.4904,0.838379,1.709584,0.285,106.8,60.0,59.9935,13.04,0.676897,0.003118,0.001711,0.000702,0.000512,0.00068,0.000729,0.000654,0.000327,0.000286,0.000365,0.004606,0.002528,0.001037,0.000756,0.001077,0.000483,0.000539,1.5e-05,60.11,5.57,0.0409,2.1e-05,60.0
sag_26_08,sag_sim_26,SAG_0026_2p_phCA_shallow,26,train,Sag,5,SCENARIO_CONTROLLER,phase-to-phase,"A,C",0.6203,106.4,0.026,0.1324,130,662,0.490401,0.838379,1.709579,0.2876,106.8,60.0,59.9911,13.04,0.676898,0.003054,0.001758,0.000719,0.000473,0.000743,0.00069,0.000626,0.000373,0.000256,0.000367,0.004512,0.002597,0.001062,0.000699,0.001019,0.000551,0.000542,1.5e-05,60.11,5.54,0.0409,2.1e-05,60.0
sag_26_09,sag_sim_26,SAG_0026_2p_phCA_shallow,26,train,Sag,5,SCENARIO_CONTROLLER,phase-to-phase,"A,C",0.6203,106.4,0.027,0.1334,135,667,0.490371,0.838379,1.709683,0.2841,106.8,60.0,59.9911,13.04,0.676863,0.002956,0.001716,0.000809,0.000419,0.000713,0.00076,0.000654,0.000316,0.000272,0.000402,0.004367,0.002535,0.001195,0.000619,0.001123,0.000467,0.000594,1.4e-05,60.11,5.57,0.0409,2.1e-05,60.0
sag_26_10,sag_sim_26,SAG_0026_2p_phCA_shallow,26,train,Sag,5,SCENARIO_CONTROLLER,phase-to-phase,"A,C",0.6203,106.4,0.028,0.1344,140,672,0.490322,0.838379,1.709856,0.272,106.8,60.0,59.9911,13.04,0.676804,0.002895,0.001631,0.00081,0.000491,0.00067,0.0007,0.00065,0.000363,0.00027,0.000368,0.004277,0.00241,0.001197,0.000725,0.001034,0.000536,0.000544,1.4e-05,60.11,5.53,0.0409,2.1e-05,60.0
sag_26_11,sag_sim_26,SAG_0026_2p_phCA_shallow,26,train,Sag,5,SCENARIO_CONTROLLER,phase-to-phase,"A,C",0.6203,106.4,0.029,0.1354,145,677,0.490296,0.838379,1.709946,0.271,106.8,60.0,59.9911,13.03,0.676773,0.002895,0.001614,0.000778,0.000492,0.0007,0.000719,0.000648,0.000342,0.000255,0.00038,0.004278,0.002385,0.00115,0.000727,0.001062,0.000505,0.000561,1.4e-05,60.11,5.53,0.0409,2.1e-05,60.0
sag_26_12,sag_sim_26,SAG_0026_2p_phCA_shallow,26,train,Sag,5,SCENARIO_CONTROLLER,phase-to-phase,"A,C",0.6203,106.4,0.03,0.1364,150,682,0.490288,0.838379,1.709973,0.2712,106.8,60.0,59.9911,13.03,0.676764,0.002898,0.001615,0.000769,0.000481,0.0007,0.000727,0.00066,0.000357,0.000261,0.000374,0.004282,0.002386,0.001136,0.000711,0.001074,0.000528,0.000553,1.4e-05,60.11,5.55,0.0409,2.1e-05,60.0
sag_26_13,sag_sim_26,SAG_0026_2p_phCA_shallow,26,train,Sag,5,SCENARIO_CONTROLLER,phase-to-phase,"A,C",0.6203,106.4,0.031,0.1374,155,687,0.490309,0.838379,1.709901,0.2673,106.8,60.0,59.9911,13.04,0.676788,0.002873,0.001592,0.000745,0.000463,0.000695,0.000723,0.000656,0.000355,0.000273,0.00039,0.004245,0.002352,0.001101,0.000684,0.001068,0.000525,0.000576,1.3e-05,60.11,5.57,0.0409,2.1e-05,60.0
sag_26_14,sag_sim_26,SAG_0026_2p_phCA_shallow,26,train,Sag,5,SCENARIO_CONTROLLER,phase-to-phase,"A,C",0.6203,106.4,0.032,0.1384,160,692,0.490356,0.838379,1.709737,0.2621,106.8,60.0,59.9911,13.04,0.676843,0.002821,0.001579,0.000729,0.000426,0.000648,0.000689,0.00064,0.00035,0.000258,0.000376,0.004168,0.002333,0.001077,0.000629,0.001018,0.000517,0.000556,1.3e-05,60.11,5.59,0.0409,2.2e-05,60.0
sag_26_15,sag_sim_26,SAG_0026_2p_phCA_shallow,26,train,Sag,5,SCENARIO_CONTROLLER,phase-to-phase,"A,C",0.6203,106.4,0.033,0.1394,165,697,0.490392,0.838379,1.709612,0.2769,106.8,60.0,59.9911,13.04,0.676885,0.002818,0.001647,0.000805,0.000497,0.000715,0.000745,0.00066,0.000337,0.000243,0.000352,0.004163,0.002433,0.001189,0.000734,0.001101,0.000498,0.00052,1.3e-05,60.11,5.59,0.0409,2.2e-05,60.0
sag_26_16,sag_sim_26,SAG_0026_2p_phCA_shallow,26,train,Sag,5,SCENARIO_CONTROLLER,phase-to-phase,"A,C",0.6203,106.4,0.034,0.1404,170,702,0.490405,0.838379,1.709566,0.2836,106.8,60.0,59.9913,13.04,0.676899,0.002884,0.001728,0.000833,0.000496,0.00068,0.000673,0.000627,0.000361,0.000279,0.00039,0.004261,0.002553,0.001231,0.000733,0.000994,0.000533,0.000576,1.4e-05,60.11,5.62,0.0409,2.2e-05,60.0
sag_26_17,sag_sim_26,SAG_0026_2p_phCA_shallow,26,train,Sag,5,SCENARIO_CONTROLLER,phase-to-phase,"A,C",0.6203,106.4,0.035,0.1414,175,707,0.490389,0.838379,1.709621,0.283,106.8,60.0,59.9878,13.04,0.67688,0.002964,0.001721,0.000766,0.000429,0.000655,0.000723,0.000657,0.000329,0.00024,0.000376,0.004379,0.002543,0.001132,0.000634,0.001068,0.000486,0.000555,1.4e-05,60.11,5.64,0.0409,2.2e-05,60.0
sag_26_18,sag_sim_26,SAG_0026_2p_phCA_shallow,26,train,Sag,5,SCENARIO_CONTROLLER,phase-to-phase,"A,C",0.6203,106.4,0.036,0.1424,180,712,0.490338,0.838379,1.709798,0.2709,106.8,60.0,59.9878,13.04,0.676819,0.003047,0.001627,0.000719,0.000486,0.00074,0.000692,0.000603,0.000381,0.00029,0.000359,0.004502,0.002404,0.001062,0.000718,0.001022,0.000563,0.00053,1.4e-05,60.11,5.62,0.0409,2.2e-05,60.0
sag_26_19,sag_sim_26,SAG_0026_2p_phCA_shallow,26,train,Sag,5,SCENARIO_CONTROLLER,phase-to-phase,"A,C",0.6203,106.4,0.037,0.1434,185,717,0.4903,0.838379,1.709932,0.2657,106.8,60.0,59.9878,13.03,0.676774,0.00306,0.001584,0.000761,0.000518,0.000711,0.000676,0.00064,0.000356,0.000266,0.000377,0.004521,0.002341,0.001124,0.000765,0.000999,0.000526,0.000557,1.4e-05,60.11,5.59,0.0409,2.1e-05,60.0
sag_26_20,sag_sim_26,SAG_0026_2p_phCA_shallow,26,train,Sag,5,SCENARIO_CONTROLLER,phase-to-phase,"A,C",0.6203,106.4,0.038,0.1444,190,722,0.490282,0.838379,1.709993,0.2662,106.8,60.0,59.9878,13.03,0.676753,0.003049,0.00159,0.00077,0.000501,0.000711,0.000684,0.000627,0.000368,0.000265,0.00037,0.004505,0.002349,0.001138,0.00074,0.001011,0.000544,0.000547,1.4e-05,60.11,5.57,0.0409,2.1e-05,60.0
sag_26_21,sag_sim_26,SAG_0026_2p_phCA_shallow,26,train,Sag,5,SCENARIO_CONTROLLER,phase-to-phase,"A,C",0.6203,106.4,0.039,0.1454,195,727,0.490307,0.838379,1.709905,0.2633,106.8,60.0,59.9878,13.03,0.676783,0.003078,0.001561,0.000795,0.000496,0.000697,0.000701,0.000613,0.000384,0.000251,0.000379,0.004548,0.002307,0.001175,0.000733,0.001036,0.000567,0.00056,1.4e-05,60.11,5.58,0.0409,2.1e-05,60.0
sag_26_22,sag_sim_26,SAG_0026_2p_phCA_shallow,26,train,Sag,5,SCENARIO_CONTROLLER,phase-to-phase,"A,C",0.6203,106.4,0.04,0.1464,200,732,0.490351,0.838379,1.709753,0.2557,106.8,60.0,59.9878,13.04,0.676834,0.003128,0.001537,0.000822,0.00045,0.000747,0.000656,0.000646,0.000359,0.000283,0.000351,0.004622,0.002271,0.001214,0.000665,0.000969,0.00053,0.000519,1.5e-05,60.11,5.6,0.0409,2.1e-05,60.0
sag_26_23,sag_sim_26,SAG_0026_2p_phCA_shallow,26,train,Sag,5,SCENARIO_CONTROLLER,phase-to-phase,"A,C",0.6203,106.4,0.041,0.1474,205,737,0.490394,0.838379,1.709604,0.2671,106.8,60.0,59.9878,13.04,0.676884,0.003154,0.001584,0.000767,0.000501,0.000709,0.000714,0.000589,0.000398,0.000244,0.000379,0.00466,0.00234,0.001133,0.00074,0.001055,0.000588,0.00056,1.5e-05,60.11,5.58,0.0409,2.1e-05,60.0
sag_26_24,sag_sim_26,SAG_0026_2p_phCA_shallow,26,train,Sag,5,SCENARIO_CONTROLLER,phase-to-phase,"A,C",0.6203,106.4,0.042,0.1484,210,742,0.490415,0.838379,1.709531,0.2776,106.8,60.0,59.9878,13.04,0.676908,0.003115,0.001671,0.000706,0.000537,0.000692,0.000671,0.000649,0.000373,0.000257,0.000394,0.004602,0.002469,0.001043,0.000793,0.000991,0.000551,0.000582,1.5e-05,60.11,5.6,0.0409,2.2e-05,60.0
sag_26_25,sag_sim_26,SAG_0026_2p_phCA_shallow,26,train,Sag,5,SCENARIO_CONTROLLER,phase-to-phase,"A,C",0.6203,106.4,0.043,0.1494,215,747,0.490406,0.838379,1.709563,0.2781,106.8,60.0,59.9898,13.04,0.676896,0.003023,0.001696,0.000772,0.00045,0.000768,0.000682,0.000578,0.000392,0.000272,0.000347,0.004466,0.002506,0.001141,0.000665,0.001008,0.000579,0.000513,1.5e-05,60.11,5.64,0.0409,2.2e-05,60.0
sag_26_26,sag_sim_26,SAG_0026_2p_phCA_shallow,26,train,Sag,5,SCENARIO_CONTROLLER,phase-to-phase,"A,C",0.6203,106.4,0.044,0.1504,220,752,0.490368,0.838379,1.709695,0.271,106.8,60.0,59.9898,13.04,0.67685,0.002933,0.001629,0.000839,0.000458,0.000701,0.000708,0.000639,0.000388,0.000236,0.000373,0.004333,0.002407,0.00124,0.000677,0.001046,0.000573,0.000551,1.4e-05,60.11,5.66,0.0409,2.3e-05,60.0
sag_26_27,sag_sim_26,SAG_0026_2p_phCA_shallow,26,train,Sag,5,SCENARIO_CONTROLLER,phase-to-phase,"A,C",0.6203,106.4,0.045,0.1514,225,757,0.490324,0.838379,1.709849,0.2618,106.8,60.0,59.9898,13.03,0.676798,0.002896,0.001562,0.000813,0.000519,0.000697,0.000656,0.0006,0.000401,0.000269,0.000356,0.004279,0.002308,0.001201,0.000767,0.000969,0.000592,0.000526,1.3e-05,60.11,5.6,0.0409,2.2e-05,60.0
sag_26_28,sag_sim_26,SAG_0026_2p_phCA_shallow,26,train,Sag,5,SCENARIO_CONTROLLER,phase-to-phase,"A,C",0.6203,106.4,0.046,0.1524,230,762,0.490293,0.838379,1.709955,0.2619,106.8,60.0,59.9898,13.03,0.676762,0.002905,0.001557,0.000781,0.0005,0.000719,0.000683,0.000619,0.000402,0.000251,0.000347,0.004292,0.002301,0.001154,0.000739,0.001009,0.000594,0.000513,1.3e-05,60.11,5.59,0.0409,2.2e-05,60.0
sag_26_29,sag_sim_26,SAG_0026_2p_phCA_shallow,26,train,Sag,5,SCENARIO_CONTROLLER,phase-to-phase,"A,C",0.6203,106.4,0.047,0.1534,235,767,0.490304,0.838379,1.709917,0.2614,106.8,60.0,59.9898,13.03,0.676775,0.002894,0.001546,0.000776,0.000506,0.000731,0.000694,0.000628,0.000408,0.000249,0.000341,0.004276,0.002284,0.001147,0.000748,0.001025,0.000603,0.000504,1.3e-05,60.11,5.59,0.0409,2.2e-05,60.0
sag_26_30,sag_sim_26,SAG_0026_2p_phCA_shallow,26,train,Sag,5,SCENARIO_CONTROLLER,phase-to-phase,"A,C",0.6203,106.4,0.048,0.1544,240,772,0.490335,0.838379,1.709808,0.2545,106.8,60.0,59.9898,13.03,0.676812,0.002855,0.001516,0.000742,0.00047,0.000705,0.000669,0.000601,0.000383,0.000236,0.000335,0.004218,0.00224,0.001096,0.000694,0.000988,0.000566,0.000495,1.3e-05,60.11,5.6,0.0409,2.2e-05,60.0
sag_26_31,sag_sim_26,SAG_0026_2p_phCA_shallow,26,train,Sag,5,SCENARIO_CONTROLLER,phase-to-phase,"A,C",0.6203,106.4,0.049,0.1554,245,777,0.490382,0.838379,1.709644,0.2596,106.8,60.0,59.9898,13.04,0.676866,0.002816,0.001539,0.000774,0.000487,0.000704,0.000693,0.000648,0.000434,0.000279,0.000374,0.00416,0.002274,0.001144,0.000719,0.001024,0.000641,0.000553,1.3e-05,60.11,5.6,0.0409,2.2e-05,60.0
sag_26_32,sag_sim_26,SAG_0026_2p_phCA_shallow,26,train,Sag,5,SCENARIO_CONTROLLER,phase-to-phase,"A,C",0.6203,106.4,0.05,0.1564,250,782,0.490412,0.838379,1.709539,0.2748,106.8,60.0,59.9898,13.04,0.676901,0.002838,0.001628,0.000854,0.000557,0.000766,0.000706,0.000603,0.000375,0.000229,0.000338,0.004193,0.002405,0.001262,0.000823,0.001043,0.000554,0.000499,1.4e-05,60.11,5.63,0.0409,2.2e-05,60.0
sag_27_01,sag_sim_27,SAG_0027_2p_phAB_deep,27,train,Sag,5,SCENARIO_CONTROLLER,phase-to-phase,"A,B",0.4343,64.6,0.0176,0.0822,88,411,0.544056,0.853949,1.569599,0.5583,59.6,60.0,60.0116,10.03,0.733382,0.017078,0.003003,0.003577,0.001738,0.001779,0.002175,0.001824,0.001861,0.000935,0.001162,0.023287,0.004095,0.004877,0.00237,0.002966,0.002538,0.001584,0.000333,60.62,11.7,0.0771,7e-05,60.0
sag_27_02,sag_sim_27,SAG_0027_2p_phAB_deep,27,train,Sag,5,SCENARIO_CONTROLLER,phase-to-phase,"A,B",0.4343,64.6,0.0186,0.0832,93,416,0.5441,0.853949,1.56947,0.5654,59.6,60.0,60.0116,10.03,0.733447,0.017097,0.003069,0.003545,0.001684,0.001767,0.002223,0.001801,0.001838,0.000973,0.00118,0.02331,0.004184,0.004833,0.002296,0.003031,0.002506,0.001609,0.000334,60.62,11.7,0.0771,7e-05,60.0
sag_27_03,sag_sim_27,SAG_0027_2p_phAB_deep,27,train,Sag,5,SCENARIO_CONTROLLER,phase-to-phase,"A,B",0.4343,64.6,0.0196,0.0842,98,421,0.544126,0.853949,1.569397,0.5651,59.6,60.0,60.0116,10.03,0.733482,0.017126,0.003072,0.003514,0.001705,0.001792,0.0022,0.0018,0.001848,0.000962,0.001176,0.023349,0.004188,0.004791,0.002325,0.002999,0.002519,0.001603,0.000335,60.62,11.69,0.0771,7.1e-05,60.0
sag_27_04,sag_sim_27,SAG_0027_2p_phAB_deep,27,train,Sag,5,SCENARIO_CONTROLLER,phase-to-phase,"A,B",0.4343,64.6,0.0206,0.0852,103,426,0.544122,0.853949,1.569407,0.5652,59.6,60.0,60.0116,10.03,0.733477,0.017121,0.003076,0.003514,0.001702,0.001795,0.002197,0.001799,0.00185,0.000959,0.001178,0.023342,0.004194,0.004791,0.00232,0.002995,0.002522,0.001606,0.000335,60.62,11.69,0.0771,7.1e-05,60.0
sag_27_05,sag_sim_27,SAG_0027_2p_phAB_deep,27,train,Sag,5,SCENARIO_CONTROLLER,phase-to-phase,"A,B",0.4343,64.6,0.0216,0.0862,108,431,0.544098,0.853949,1.569478,0.5705,59.6,60.0,60.0116,10.03,0.733447,0.0171,0.003102,0.003482,0.001733,0.00179,0.00221,0.001803,0.00185,0.000966,0.001163,0.023315,0.004229,0.004747,0.002363,0.003013,0.002522,0.001586,0.000334,60.62,11.7,0.0771,7.1e-05,60.0
sag_27_06,sag_sim_27,SAG_0027_2p_phAB_deep,27,train,Sag,5,SCENARIO_CONTROLLER,phase-to-phase,"A,B",0.4343,64.6,0.0226,0.0872,113,436,0.544059,0.853949,1.569589,0.5673,59.6,60.0,60.0116,10.02,0.733405,0.017109,0.003086,0.003495,0.001713,0.001758,0.002202,0.001799,0.00183,0.000987,0.001154,0.023328,0.004208,0.004765,0.002336,0.003002,0.002495,0.001573,0.000334,60.62,11.7,0.0771,7.1e-05,60.0
sag_27_07,sag_sim_27,SAG_0027_2p_phAB_deep,27,train,Sag,5,SCENARIO_CONTROLLER,phase-to-phase,"A,B",0.4343,64.6,0.0236,0.0882,118,441,0.544028,0.853949,1.569679,0.5517,59.6,60.0,60.0116,10.02,0.733377,0.017183,0.002994,0.003586,0.001641,0.001841,0.002172,0.001817,0.001869,0.000936,0.0012,0.02343,0.004082,0.00489,0.002238,0.002962,0.002548,0.001636,0.000337,60.62,11.7,0.0771,7.1e-05,60.0
sag_27_08,sag_sim_27,SAG_0027_2p_phAB_deep,27,train,Sag,5,SCENARIO_CONTROLLER,phase-to-phase,"A,B",0.4343,64.6,0.0246,0.0892,123,446,0.544024,0.853949,1.569691,0.5547,59.6,60.0,60.011,10.02,0.733388,0.017293,0.002928,0.003582,0.001721,0.001778,0.00224,0.001787,0.001815,0.000997,0.001156,0.02358,0.003992,0.004884,0.002347,0.003054,0.002475,0.001576,0.00034,60.62,11.71,0.0771,7.1e-05,60.0
sag_27_09,sag_sim_27,SAG_0027_2p_phAB_deep,27,train,Sag,5,SCENARIO_CONTROLLER,phase-to-phase,"A,B",0.4343,64.6,0.0256,0.0902,128,451,0.544045,0.853949,1.569629,0.5552,59.6,60.0,60.011,10.02,0.733428,0.017357,0.002966,0.003499,0.00175,0.001763,0.002172,0.001823,0.00186,0.000958,0.001163,0.023666,0.004044,0.004771,0.002386,0.002961,0.002536,0.001586,0.000342,60.62,11.71,0.077,7.2e-05,60.0
sag_27_10,sag_sim_27,SAG_0027_2p_phAB_deep,27,train,Sag,5,SCENARIO_CONTROLLER,phase-to-phase,"A,B",0.4343,64.6,0.0266,0.0912,133,456,0.544074,0.853949,1.569545,0.5605,59.6,60.0,60.011,10.02,0.733473,0.01736,0.003023,0.003489,0.0017,0.001805,0.002208,0.001795,0.001833,0.000971,0.001173,0.023668,0.004121,0.004757,0.002318,0.00301,0.002499,0.001599,0.000343,60.62,11.69,0.077,7e-05,60.0
sag_27_11,sag_sim_27,SAG_0027_2p_phAB_deep,27,train,Sag,5,SCENARIO_CONTROLLER,phase-to-phase,"A,B",0.4343,64.6,0.0276,0.0922,138,461,0.544113,0.853949,1.569434,0.5623,59.6,60.0,60.011,10.02,0.733527,0.017325,0.003051,0.003541,0.001704,0.001763,0.002191,0.001836,0.00187,0.000967,0.00114,0.023619,0.004159,0.004827,0.002323,0.002987,0.002549,0.001554,0.000342,60.62,11.69,0.077,6.9e-05,60.0
sag_27_12,sag_sim_27,SAG_0027_2p_phAB_deep,27,train,Sag,5,SCENARIO_CONTROLLER,phase-to-phase,"A,B",0.4343,64.6,0.0286,0.0932,143,466,0.544109,0.853949,1.569446,0.5623,59.6,60.0,60.011,10.02,0.733522,0.017331,0.003057,0.003546,0.001705,0.001755,0.002182,0.001831,0.001867,0.000971,0.001152,0.023627,0.004168,0.004834,0.002324,0.002975,0.002545,0.001571,0.000342,60.62,11.69,0.077,7e-05,60.0
sag_27_13,sag_sim_27,SAG_0027_2p_phAB_deep,27,train,Sag,5,SCENARIO_CONTROLLER,phase-to-phase,"A,B",0.4343,64.6,0.0296,0.0942,148,471,0.544091,0.853949,1.569496,0.5653,59.6,60.0,60.011,10.02,0.7335,0.017348,0.003078,0.003566,0.001722,0.001749,0.002181,0.001821,0.00186,0.000964,0.001144,0.023651,0.004196,0.004862,0.002348,0.002973,0.002536,0.00156,0.000343,60.62,11.69,0.077,7e-05,60.0
sag_27_14,sag_sim_27,SAG_0027_2p_phAB_deep,27,train,Sag,5,SCENARIO_CONTROLLER,phase-to-phase,"A,B",0.4343,64.6,0.0306,0.0952,153,476,0.544063,0.853949,1.569577,0.5678,59.6,60.0,60.011,10.02,0.733468,0.017353,0.003082,0.003577,0.001731,0.001787,0.002204,0.00185,0.001877,0.00098,0.001166,0.023659,0.004202,0.004877,0.00236,0.003005,0.002559,0.00159,0.000344,60.62,11.69,0.077,7e-05,60.0
sag_27_15,sag_sim_27,SAG_0027_2p_phAB_deep,27,train,Sag,5,SCENARIO_CONTROLLER,phase-to-phase,"A,B",0.4343,64.6,0.0316,0.0962,158,481,0.544024,0.853949,1.56969,0.5503,59.6,60.0,60.011,10.02,0.733429,0.0173,0.003006,0.003497,0.001646,0.001729,0.002131,0.001784,0.001843,0.000964,0.001148,0.023588,0.004099,0.004768,0.002244,0.002906,0.002513,0.001565,0.00034,60.62,11.7,0.077,7e-05,60.0
sag_27_16,sag_sim_27,SAG_0027_2p_phAB_deep,27,train,Sag,5,SCENARIO_CONTROLLER,phase-to-phase,"A,B",0.4343,64.6,0.0326,0.0972,163,486,0.544012,0.853949,1.569726,0.5495,59.6,60.0,60.0141,10.03,0.733427,0.017203,0.002925,0.00346,0.00168,0.001735,0.002205,0.001849,0.001849,0.000933,0.001111,0.023456,0.003988,0.004718,0.002291,0.003006,0.002521,0.001515,0.000336,60.62,11.69,0.077,6.9e-05,60.0
sag_27_17,sag_sim_27,SAG_0027_2p_phAB_deep,27,train,Sag,5,SCENARIO_CONTROLLER,phase-to-phase,"A,B",0.4343,64.6,0.0336,0.0982,168,491,0.544028,0.853949,1.569679,0.5506,59.6,60.0,60.0136,10.03,0.733463,0.017116,0.002939,0.003544,0.001749,0.001798,0.002148,0.001781,0.001852,0.000978,0.001152,0.023336,0.004007,0.004832,0.002385,0.002929,0.002525,0.001571,0.000334,60.62,11.7,0.077,7.1e-05,60.0
sag_27_18,sag_sim_27,SAG_0027_2p_phAB_deep,27,train,Sag,5,SCENARIO_CONTROLLER,phase-to-phase,"A,B",0.4343,64.6,0.0346,0.0992,173,496,0.544072,0.853949,1.569552,0.5579,59.6,60.0,60.0136,10.03,0.733533,0.017089,0.003035,0.003595,0.001674,0.001712,0.002177,0.001856,0.00183,0.00092,0.001139,0.023297,0.004138,0.004901,0.002282,0.002968,0.002495,0.001553,0.000334,60.62,11.68,0.077,6.9e-05,60.0
sag_27_19,sag_sim_27,SAG_0027_2p_phAB_deep,27,train,Sag,5,SCENARIO_CONTROLLER,phase-to-phase,"A,B",0.4343,64.6,0.0356,0.1002,178,501,0.544111,0.853949,1.569439,0.5608,59.6,60.0,60.0136,10.03,0.733588,0.017121,0.00307,0.003545,0.001665,0.001746,0.002173,0.001809,0.001862,0.000938,0.001107,0.023339,0.004185,0.004832,0.00227,0.002962,0.002538,0.001509,0.000335,60.62,11.68,0.077,7e-05,60.0
sag_27_20,sag_sim_27,SAG_0027_2p_phAB_deep,27,train,Sag,5,SCENARIO_CONTROLLER,phase-to-phase,"A,B",0.4343,64.6,0.0366,0.1012,183,506,0.544129,0.853949,1.569389,0.5603,59.6,60.0,60.0136,10.03,0.733611,0.017142,0.003061,0.003532,0.001685,0.001751,0.002165,0.001823,0.001852,0.000938,0.001114,0.023367,0.004173,0.004815,0.002297,0.002951,0.002524,0.001519,0.000335,60.62,11.68,0.077,7e-05,60.0
sag_27_21,sag_sim_27,SAG_0027_2p_phAB_deep,27,train,Sag,5,SCENARIO_CONTROLLER,phase-to-phase,"A,B",0.4343,64.6,0.0376,0.1022,188,511,0.544117,0.853949,1.569421,0.5624,59.6,60.0,60.0136,10.03,0.733598,0.017131,0.003076,0.003516,0.0017,0.001758,0.002161,0.001837,0.001838,0.000957,0.001099,0.023352,0.004193,0.004793,0.002317,0.002946,0.002505,0.001498,0.000335,60.62,11.69,0.077,7e-05,60.0
sag_27_22,sag_sim_27,SAG_0027_2p_phAB_deep,27,train,Sag,5,SCENARIO_CONTROLLER,phase-to-phase,"A,B",0.4343,64.6,0.0386,0.1032,193,516,0.544089,0.853949,1.569502,0.5684,59.6,60.0,60.0136,10.03,0.733564,0.017115,0.003097,0.003487,0.00173,0.001731,0.002192,0.001816,0.00186,0.000939,0.001107,0.023331,0.004222,0.004754,0.002358,0.002988,0.002536,0.001509,0.000334,60.62,11.69,0.0769,7e-05,60.0
sag_27_23,sag_sim_27,SAG_0027_2p_phAB_deep,27,train,Sag,5,SCENARIO_CONTROLLER,phase-to-phase,"A,B",0.4343,64.6,0.0396,0.1042,198,521,0.544048,0.853949,1.569622,0.5573,59.6,60.0,60.0136,10.03,0.73352,0.017143,0.003053,0.003534,0.001673,0.001734,0.002143,0.001855,0.001811,0.000982,0.001071,0.023371,0.004162,0.004818,0.002281,0.002922,0.002469,0.00146,0.000335,60.62,11.7,0.0769,7e-05,60.0
sag_27_24,sag_sim_27,SAG_0027_2p_phAB_deep,27,train,Sag,5,SCENARIO_CONTROLLER,phase-to-phase,"A,B",0.4343,64.6,0.0406,0.1052,203,526,0.544028,0.853949,1.56968,0.5498,59.6,60.0,60.0136,10.02,0.733506,0.017223,0.002968,0.003601,0.001649,0.001785,0.002176,0.001811,0.001868,0.000945,0.001097,0.02348,0.004046,0.004909,0.002248,0.002967,0.002547,0.001496,0.000338,60.62,11.7,0.0769,7e-05,60.0
sag_27_25,sag_sim_27,SAG_0027_2p_phAB_deep,27,train,Sag,5,SCENARIO_CONTROLLER,phase-to-phase,"A,B",0.4343,64.6,0.0416,0.1062,208,531,0.544035,0.853949,1.569659,0.553,59.6,60.0,60.0099,10.02,0.733533,0.017336,0.002938,0.003543,0.001754,0.001687,0.002179,0.001858,0.001805,0.000955,0.001118,0.023634,0.004005,0.00483,0.002391,0.002971,0.002461,0.001524,0.000341,60.62,11.69,0.0769,6.9e-05,60.0
sag_27_26,sag_sim_27,SAG_0027_2p_phAB_deep,27,train,Sag,5,SCENARIO_CONTROLLER,phase-to-phase,"A,B",0.4343,64.6,0.0426,0.1072,213,536,0.544066,0.853949,1.569571,0.5551,59.6,60.0,60.0099,10.02,0.733585,0.017385,0.003005,0.003461,0.001737,0.001725,0.002129,0.001838,0.001862,0.000965,0.001072,0.023699,0.004096,0.004718,0.002368,0.002902,0.002538,0.001461,0.000343,60.62,11.69,0.0769,7e-05,60.0
sag_27_27,sag_sim_27,SAG_0027_2p_phAB_deep,27,train,Sag,5,SCENARIO_CONTROLLER,phase-to-phase,"A,B",0.4343,64.6,0.0436,0.1082,218,541,0.544099,0.853949,1.569475,0.5609,59.6,60.0,60.0099,10.02,0.733634,0.017375,0.003059,0.003477,0.00169,0.001746,0.002173,0.00184,0.001832,0.000946,0.001097,0.023683,0.00417,0.004739,0.002304,0.002962,0.002497,0.001495,0.000343,60.62,11.69,0.0769,6.9e-05,60.0
sag_27_28,sag_sim_27,SAG_0027_2p_phAB_deep,27,train,Sag,5,SCENARIO_CONTROLLER,phase-to-phase,"A,B",0.4343,64.6,0.0446,0.1092,223,546,0.544123,0.853949,1.569403,0.5607,59.6,60.0,60.0099,10.02,0.733668,0.017349,0.003067,0.003511,0.001707,0.001714,0.002145,0.001852,0.001857,0.000968,0.001083,0.023647,0.00418,0.004786,0.002327,0.002924,0.002531,0.001476,0.000342,60.62,11.69,0.0769,6.9e-05,60.0
sag_27_29,sag_sim_27,SAG_0027_2p_phAB_deep,27,train,Sag,5,SCENARIO_CONTROLLER,phase-to-phase,"A,B",0.4343,64.6,0.0456,0.1102,228,551,0.54412,0.853949,1.569412,0.5607,59.6,60.0,60.0099,10.02,0.733664,0.017353,0.003071,0.003512,0.001705,0.00171,0.002141,0.001852,0.001858,0.000972,0.001089,0.023653,0.004186,0.004787,0.002324,0.002918,0.002532,0.001484,0.000342,60.62,11.68,0.0769,6.9e-05,60.0
sag_27_30,sag_sim_27,SAG_0027_2p_phAB_deep,27,train,Sag,5,SCENARIO_CONTROLLER,phase-to-phase,"A,B",0.4343,64.6,0.0466,0.1112,233,556,0.544089,0.853949,1.569504,0.5678,59.6,60.0,60.0099,10.02,0.733626,0.017378,0.003102,0.003551,0.001744,0.001723,0.002164,0.001857,0.001868,0.000975,0.001079,0.023688,0.004228,0.00484,0.002377,0.00295,0.002546,0.001471,0.000344,60.62,11.68,0.0769,6.8e-05,60.0
sag_27_31,sag_sim_27,SAG_0027_2p_phAB_deep,27,train,Sag,5,SCENARIO_CONTROLLER,phase-to-phase,"A,B",0.4343,64.6,0.0476,0.1122,238,561,0.544046,0.853949,1.569626,0.563,59.6,60.0,60.0099,10.02,0.733579,0.017366,0.00308,0.003534,0.001717,0.001755,0.002151,0.001856,0.00184,0.000946,0.001061,0.023673,0.004199,0.004817,0.002341,0.002932,0.002508,0.001446,0.000343,60.62,11.69,0.0769,7e-05,60.0
sag_27_32,sag_sim_27,SAG_0027_2p_phAB_deep,27,train,Sag,5,SCENARIO_CONTROLLER,phase-to-phase,"A,B",0.4343,64.6,0.0486,0.1132,243,566,0.544017,0.853949,1.56971,0.5486,59.6,60.0,60.0099,10.02,0.733554,0.017294,0.00299,0.003447,0.001653,0.001677,0.002128,0.001846,0.001882,0.000995,0.001104,0.023576,0.004076,0.004699,0.002253,0.002901,0.002566,0.001505,0.000339,60.62,11.7,0.0769,7e-05,60.0
sag_28_01,sag_sim_28,SAG_0028_2p_phBC_med2,28,val,Sag,5,SCENARIO_CONTROLLER,phase-to-phase,"B,C",0.4744,75.0,0.0212,0.0962,106,481,0.565825,0.804834,1.422409,0.0357,0.0,60.0,59.9716,48.61,0.800137,0.000424,0.000273,0.000167,5.4e-05,0.000191,6.5e-05,0.000283,6e-05,0.000155,0.000107,0.00053,0.000341,0.000209,6.7e-05,8.1e-05,7.5e-05,0.000134,0.0,60.01,3.77,0.0003,8e-06,60.0
sag_28_02,sag_sim_28,SAG_0028_2p_phBC_med2,28,val,Sag,5,SCENARIO_CONTROLLER,phase-to-phase,"B,C",0.4744,75.0,0.0222,0.0972,111,486,0.565721,0.804834,1.42267,0.0353,0.0,60.0,59.9716,48.63,0.79999,0.000325,0.000168,0.000119,0.000195,4e-05,0.000117,0.000216,0.000149,9.7e-05,3.4e-05,0.000406,0.00021,0.000149,0.000244,0.000146,0.000186,4.3e-05,0.0,60.01,3.69,0.0003,7e-06,60.0
sag_28_03,sag_sim_28,SAG_0028_2p_phBC_med2,28,val,Sag,5,SCENARIO_CONTROLLER,phase-to-phase,"B,C",0.4744,75.0,0.0232,0.0982,116,491,0.565658,0.804834,1.422829,0.0277,0.0,60.0,59.9716,48.61,0.7999,0.000249,8.4e-05,6.3e-05,0.000174,9.7e-05,0.000107,0.000229,9.1e-05,0.00014,5.6e-05,0.000311,0.000105,7.9e-05,0.000218,0.000134,0.000114,7e-05,0.0,60.01,3.63,0.0003,6e-06,60.0
sag_28_04,sag_sim_28,SAG_0028_2p_phBC_med2,28,val,Sag,5,SCENARIO_CONTROLLER,phase-to-phase,"B,C",0.4744,75.0,0.0242,0.0992,121,496,0.565677,0.804834,1.422781,0.0295,0.0,60.0,59.9716,48.61,0.799928,0.000275,0.000101,8.5e-05,0.000188,0.000124,0.0001,0.000256,8.4e-05,0.000139,3.2e-05,0.000344,0.000126,0.000106,0.000235,0.000125,0.000105,4e-05,0.0,60.01,3.66,0.0003,6e-06,60.0
sag_28_05,sag_sim_28,SAG_0028_2p_phBC_med2,28,val,Sag,5,SCENARIO_CONTROLLER,phase-to-phase,"B,C",0.4744,75.0,0.0252,0.1002,126,501,0.565761,0.804834,1.422569,0.0266,0.0,60.0,59.9716,48.6,0.800047,0.000375,0.000159,0.000144,0.000131,0.000179,5.4e-05,0.000215,0.000154,0.000135,9.6e-05,0.000469,0.000199,0.00018,0.000164,6.7e-05,0.000192,0.00012,0.0,60.01,3.76,0.0003,7e-06,60.0
sag_28_06,sag_sim_28,SAG_0028_2p_phBC_med2,28,val,Sag,5,SCENARIO_CONTROLLER,phase-to-phase,"B,C",0.4744,75.0,0.0262,0.1012,131,506,0.565861,0.804834,1.422318,0.0381,0.0,60.0,59.9716,48.63,0.800188,0.000473,0.000233,0.000179,7.9e-05,4e-05,0.00018,0.000256,8e-05,0.000107,8.9e-05,0.000591,0.000291,0.000224,9.9e-05,0.000225,0.0001,0.000111,0.0,60.01,3.79,0.0003,8e-06,60.0
sag_28_07,sag_sim_28,SAG_0028_2p_phBC_med2,28,val,Sag,5,SCENARIO_CONTROLLER,phase-to-phase,"B,C",0.4744,75.0,0.0272,0.1022,136,511,0.565926,0.804834,1.422155,0.0515,0.0,60.0,59.9716,48.67,0.800281,0.000531,0.000298,0.000192,0.000279,0.000203,5.1e-05,0.000243,0.00018,0.00022,4.6e-05,0.000664,0.000372,0.00024,0.000349,6.4e-05,0.000225,5.7e-05,1e-06,60.01,3.93,0.0003,8e-06,60.0
sag_28_08,sag_sim_28,SAG_0028_2p_phBC_med2,28,val,Sag,5,SCENARIO_CONTROLLER,phase-to-phase,"B,C",0.4744,75.0,0.0282,0.1032,141,516,0.565919,0.804834,1.422172,0.0567,0.0,60.0,59.9712,48.81,0.800271,0.000536,0.000327,0.000215,0.000264,0.000227,0.000171,0.000223,0.000111,7.3e-05,0.000116,0.00067,0.000409,0.000269,0.00033,0.000214,0.000139,0.000145,1e-06,60.01,3.95,0.0003,9e-06,60.0
sag_28_09,sag_sim_28,SAG_0028_2p_phBC_med2,28,val,Sag,5,SCENARIO_CONTROLLER,phase-to-phase,"B,C",0.4744,75.0,0.0292,0.1042,146,521,0.565842,0.804834,1.422365,0.0396,0.0,60.0,59.9712,48.82,0.800163,0.000484,0.000292,0.000201,4.5e-05,5e-06,0.000114,0.000263,0.00015,0.000198,6.6e-05,0.000605,0.000365,0.000251,5.6e-05,0.000142,0.000187,8.2e-05,1e-06,60.01,3.84,0.0003,8e-06,60.0
sag_28_10,sag_sim_28,SAG_0028_2p_phBC_med2,28,val,Sag,5,SCENARIO_CONTROLLER,phase-to-phase,"B,C",0.4744,75.0,0.0302,0.1052,151,526,0.565732,0.804834,1.422642,0.0344,0.0,60.0,59.9712,48.83,0.800008,0.000392,0.000207,0.000142,0.000165,0.000183,7.5e-05,0.000183,0.000114,0.000136,4.8e-05,0.00049,0.000259,0.000177,0.000206,9.4e-05,0.000142,6e-05,0.0,60.01,3.77,0.0003,7e-06,60.0
sag_28_11,sag_sim_28,SAG_0028_2p_phBC_med2,28,val,Sag,5,SCENARIO_CONTROLLER,phase-to-phase,"B,C",0.4744,75.0,0.0312,0.1062,156,531,0.565658,0.804834,1.422829,0.0315,0.0,60.0,59.9712,48.85,0.799903,0.00031,0.000126,7.6e-05,0.000194,0.00016,0.0001,0.000237,0.000119,0.000147,6e-05,0.000388,0.000158,9.5e-05,0.000243,0.000125,0.000149,7.5e-05,0.0,60.01,3.6,0.0003,6e-06,60.0
sag_28_12,sag_sim_28,SAG_0028_2p_phBC_med2,28,val,Sag,5,SCENARIO_CONTROLLER,phase-to-phase,"B,C",0.4744,75.0,0.0322,0.1072,161,536,0.565648,0.804834,1.422853,0.0285,0.0,60.0,59.9712,48.86,0.799889,0.000297,0.000111,6e-05,0.000181,0.000142,8.1e-05,0.000218,0.000111,0.000147,3.8e-05,0.000371,0.000139,7.5e-05,0.000226,0.000101,0.000139,4.8e-05,0.0,60.01,3.6,0.0003,6e-06,60.0
sag_28_13,sag_sim_28,SAG_0028_2p_phBC_med2,28,val,Sag,5,SCENARIO_CONTROLLER,phase-to-phase,"B,C",0.4744,75.0,0.0332,0.1082,166,541,0.565719,0.804834,1.422675,0.0305,0.0,60.0,59.9712,48.88,0.799989,0.000384,0.000166,0.000103,0.000179,6e-05,1.5e-05,0.000187,0.00016,0.000195,6.6e-05,0.00048,0.000208,0.000129,0.000224,1.9e-05,0.0002,8.3e-05,0.0,60.01,3.63,0.0003,7e-06,60.0
sag_28_14,sag_sim_28,SAG_0028_2p_phBC_med2,28,val,Sag,5,SCENARIO_CONTROLLER,phase-to-phase,"B,C",0.4744,75.0,0.0342,0.1092,171,546,0.565814,0.804834,1.422436,0.0316,0.0,60.0,59.9712,48.88,0.800124,0.000469,0.000204,0.000143,2.6e-05,0.000201,0.000147,0.000265,5.8e-05,0.000139,3.3e-05,0.000586,0.000255,0.000179,3.2e-05,0.000184,7.2e-05,4.1e-05,0.0,60.01,3.74,0.0003,8e-06,60.0
sag_28_15,sag_sim_28,SAG_0028_2p_phBC_med2,28,val,Sag,5,SCENARIO_CONTROLLER,phase-to-phase,"B,C",0.4744,75.0,0.0352,0.1102,176,551,0.565897,0.804834,1.422229,0.045,0.0,60.0,59.9712,48.9,0.800241,0.000519,0.000246,0.000201,0.000246,0.000213,9.3e-05,0.000139,0.000209,0.000176,8e-05,0.000649,0.000307,0.000251,0.000307,0.000116,0.000261,0.0001,1e-06,60.01,3.84,0.0003,8e-06,60.0
sag_28_16,sag_sim_28,SAG_0028_2p_phBC_med2,28,val,Sag,5,SCENARIO_CONTROLLER,phase-to-phase,"B,C",0.4744,75.0,0.0362,0.1112,181,556,0.565915,0.804834,1.422181,0.0548,0.0,60.0,59.9694,49.19,0.800268,0.000512,0.000287,0.000229,0.000307,2.6e-05,0.000126,0.000293,4.2e-05,0.000218,0.0001,0.00064,0.000359,0.000286,0.000384,0.000157,5.2e-05,0.000125,1e-06,60.01,3.83,0.0003,8e-06,60.0
sag_28_17,sag_sim_28,SAG_0028_2p_phBC_med2,28,val,Sag,5,SCENARIO_CONTROLLER,phase-to-phase,"B,C",0.4744,75.0,0.0372,0.1122,186,561,0.56586,0.804834,1.42232,0.043,0.0,60.0,59.9694,49.17,0.800191,0.00045,0.000291,0.000192,0.000117,0.00023,0.000141,0.000122,0.000201,9.3e-05,3.8e-05,0.000562,0.000364,0.00024,0.000146,0.000176,0.000251,4.7e-05,0.0,60.01,3.84,0.0003,8e-06,60.0
sag_28_18,sag_sim_28,SAG_0028_2p_phBC_med2,28,val,Sag,5,SCENARIO_CONTROLLER,phase-to-phase,"B,C",0.4744,75.0,0.0382,0.1132,191,566,0.565758,0.804834,1.422578,0.0354,0.0,60.0,59.9694,49.17,0.800046,0.000355,0.000246,0.000129,0.000135,0.000172,3.8e-05,0.000274,7.8e-05,0.000212,6.4e-05,0.000444,0.000307,0.000161,0.000169,4.7e-05,9.7e-05,8e-05,0.0,60.01,3.73,0.0003,7e-06,60.0
sag_28_19,sag_sim_28,SAG_0028_2p_phBC_med2,28,val,Sag,5,SCENARIO_CONTROLLER,phase-to-phase,"B,C",0.4744,75.0,0.0392,0.1142,196,571,0.565664,0.804834,1.422814,0.0359,0.0,60.0,59.9694,49.17,0.799913,0.000258,0.000165,8.2e-05,0.000216,7.8e-05,9.4e-05,0.000169,0.000149,0.000142,5.5e-05,0.000323,0.000206,0.000103,0.00027,0.000118,0.000186,6.9e-05,0.0,60.01,3.6,0.0003,7e-06,60.0
sag_28_20,sag_sim_28,SAG_0028_2p_phBC_med2,28,val,Sag,5,SCENARIO_CONTROLLER,phase-to-phase,"B,C",0.4744,75.0,0.0402,0.1152,201,576,0.565621,0.804834,1.422922,0.0286,0.0,60.0,59.9694,49.21,0.799852,0.000205,0.000112,6.1e-05,0.000189,0.000139,6.3e-05,0.000218,9.1e-05,0.000191,4.3e-05,0.000256,0.00014,7.6e-05,0.000236,7.9e-05,0.000114,5.4e-05,0.0,60.01,3.52,0.0003,6e-06,60.0
sag_28_21,sag_sim_28,SAG_0028_2p_phBC_med2,28,val,Sag,5,SCENARIO_CONTROLLER,phase-to-phase,"B,C",0.4744,75.0,0.0412,0.1162,206,581,0.565646,0.804834,1.422857,0.03,0.0,60.0,59.9694,49.22,0.799889,0.00024,0.000136,9.5e-05,0.000194,0.000176,4e-05,0.000244,0.00011,0.000161,3.7e-05,0.0003,0.00017,0.000119,0.000243,5e-05,0.000138,4.6e-05,0.0,60.01,3.57,0.0003,7e-06,60.0
sag_28_22,sag_sim_28,SAG_0028_2p_phBC_med2,28,val,Sag,5,SCENARIO_CONTROLLER,phase-to-phase,"B,C",0.4744,75.0,0.0422,0.1172,211,586,0.565749,0.804834,1.4226,0.0306,0.0,60.0,59.9694,49.22,0.800034,0.000364,0.000207,0.00019,6.3e-05,0.000184,0.000115,0.000122,0.000125,0.000251,7.1e-05,0.000455,0.000259,0.000237,7.9e-05,0.000144,0.000156,8.9e-05,0.0,60.01,3.66,0.0003,7e-06,60.0
sag_28_23,sag_sim_28,SAG_0028_2p_phBC_med2,28,val,Sag,5,SCENARIO_CONTROLLER,phase-to-phase,"B,C",0.4744,75.0,0.0432,0.1182,216,591,0.56585,0.804834,1.422346,0.0459,0.0,60.0,59.9694,49.22,0.800177,0.000491,0.000281,0.000236,0.000183,3.7e-05,0.000151,0.000297,0.000147,0.000118,0.000117,0.000614,0.000351,0.000295,0.000229,0.000189,0.000184,0.000146,1e-06,60.01,3.79,0.0003,8e-06,60.0
sag_28_24,sag_sim_28,SAG_0028_2p_phBC_med2,28,val,Sag,5,SCENARIO_CONTROLLER,phase-to-phase,"B,C",0.4744,75.0,0.0442,0.1192,221,596,0.565894,0.804834,1.422235,0.0551,0.0,60.0,59.9702,49.15,0.800239,0.00057,0.000316,0.000197,0.000299,0.00024,7e-05,0.000111,9.5e-05,0.000234,5.3e-05,0.000712,0.000395,0.000246,0.000374,8.7e-05,0.000119,6.6e-05,1e-06,60.01,3.81,0.0003,8e-06,60.0
sag_28_25,sag_sim_28,SAG_0028_2p_phBC_med2,28,val,Sag,5,SCENARIO_CONTROLLER,phase-to-phase,"B,C",0.4744,75.0,0.0452,0.1202,226,601,0.565863,0.804834,1.422312,0.0508,0.0,60.0,59.9684,49.2,0.800196,0.000589,0.000308,0.000167,0.000188,0.00019,0.000187,0.000289,0.000157,0.000181,8.2e-05,0.000736,0.000385,0.000209,0.000235,0.000234,0.000196,0.000102,1e-06,60.01,3.78,0.0003,8e-06,60.0
sag_28_26,sag_sim_28,SAG_0028_2p_phBC_med2,28,val,Sag,5,SCENARIO_CONTROLLER,phase-to-phase,"B,C",0.4744,75.0,0.0462,0.1212,231,606,0.565774,0.804834,1.422536,0.0308,0.0,60.0,59.9684,49.18,0.80007,0.000531,0.000239,0.000167,5.3e-05,6.3e-05,3e-05,0.000141,4e-05,0.000136,0.000125,0.000664,0.000299,0.000209,6.6e-05,3.7e-05,5e-05,0.000156,0.0,60.01,3.8,0.0003,7e-06,60.0
sag_28_27,sag_sim_28,SAG_0028_2p_phBC_med2,28,val,Sag,5,SCENARIO_CONTROLLER,phase-to-phase,"B,C",0.4744,75.0,0.0472,0.1222,236,611,0.565671,0.804834,1.422796,0.0346,0.0,60.0,59.9684,49.19,0.799924,0.000429,0.000147,0.000148,0.0002,0.000197,0.000123,0.000232,0.000124,0.000192,3.8e-05,0.000536,0.000184,0.000185,0.00025,0.000154,0.000155,4.8e-05,0.0,60.01,3.61,0.0003,7e-06,60.0
sag_28_28,sag_sim_28,SAG_0028_2p_phBC_med2,28,val,Sag,5,SCENARIO_CONTROLLER,phase-to-phase,"B,C",0.4744,75.0,0.0482,0.1232,241,616,0.565612,0.804834,1.422943,0.0278,0.0,60.0,59.9684,49.19,0.799841,0.000354,8.1e-05,9.6e-05,0.000184,0.000153,9.4e-05,0.000198,6.8e-05,0.000142,8.1e-05,0.000443,0.000101,0.00012,0.00023,0.000118,8.5e-05,0.000101,0.0,60.01,3.54,0.0003,6e-06,60.0
sag_28_29,sag_sim_28,SAG_0028_2p_phBC_med2,28,val,Sag,5,SCENARIO_CONTROLLER,phase-to-phase,"B,C",0.4744,75.0,0.0492,0.1242,246,621,0.565629,0.804834,1.422901,0.0289,0.0,60.0,59.9684,49.2,0.799865,0.000374,0.000101,0.000111,0.000194,0.000135,7.4e-05,0.000167,6.5e-05,0.000153,5e-05,0.000468,0.000126,0.000139,0.000243,9.3e-05,8.1e-05,6.3e-05,0.0,60.01,3.51,0.0003,6e-06,60.0
sag_28_30,sag_sim_28,SAG_0028_2p_phBC_med2,28,val,Sag,5,SCENARIO_CONTROLLER,phase-to-phase,"B,C",0.4744,75.0,0.0502,0.1252,251,626,0.565699,0.804834,1.422725,0.0278,0.0,60.0,59.9684,49.21,0.799964,0.000439,0.000162,0.000121,0.000129,8.2e-05,8.2e-05,0.000237,0.000109,0.000139,0.000103,0.000549,0.000203,0.000151,0.000161,0.000103,0.000136,0.000129,0.0,60.01,3.61,0.0003,7e-06,60.0
sag_28_31,sag_sim_28,SAG_0028_2p_phBC_med2,28,val,Sag,5,SCENARIO_CONTROLLER,phase-to-phase,"B,C",0.4744,75.0,0.0512,0.1262,256,631,0.565804,0.804834,1.422462,0.0422,0.0,60.0,59.9684,49.21,0.800113,0.000497,0.000252,0.000143,0.000116,0.000263,0.000192,0.000175,6.8e-05,0.000202,7.7e-05,0.000621,0.000315,0.000179,0.000145,0.00024,8.5e-05,9.6e-05,1e-06,60.01,3.72,0.0003,8e-06,60.0
sag_28_32,sag_sim_28,SAG_0028_2p_phBC_med2,28,val,Sag,5,SCENARIO_CONTROLLER,phase-to-phase,"B,C",0.4744,75.0,0.0522,0.1272,261,636,0.565872,0.804834,1.422289,0.0568,0.0,60.0,59.9684,49.17,0.80021,0.000508,0.000328,0.000229,0.000313,0.000208,3.8e-05,0.000233,0.000134,7.1e-05,6.4e-05,0.000635,0.00041,0.000286,0.000391,4.7e-05,0.000167,8e-05,1e-06,60.01,3.71,0.0003,7e-06,60.0
sag_29_01,sag_sim_29,SAG_0029_3p_very_deep,29,train,Sag,5,SCENARIO_CONTROLLER,three-phase,"A,B,C",0.2379,50.8,0.0198,0.0706,99,353,0.548363,0.899328,1.640022,0.756,49.4,60.0,60.0315,8.74,0.727871,0.016226,0.004811,0.003242,0.001528,0.002078,0.00219,0.001923,0.001854,0.001087,0.000814,0.022292,0.00661,0.004454,0.002099,0.003009,0.002547,0.001118,0.000317,60.65,12.49,0.0991,7.2e-05,60.0
sag_29_02,sag_sim_29,SAG_0029_3p_very_deep,29,train,Sag,5,SCENARIO_CONTROLLER,three-phase,"A,B,C",0.2379,50.8,0.0208,0.0716,104,358,0.548494,0.899328,1.639632,0.7855,49.4,60.0,60.0315,8.74,0.728043,0.016406,0.005035,0.003035,0.00132,0.002206,0.002368,0.001813,0.001727,0.001183,0.000904,0.022534,0.006916,0.004169,0.001813,0.003253,0.002372,0.001242,0.000324,60.65,12.45,0.0991,7e-05,60.0
sag_29_03,sag_sim_29,SAG_0029_3p_very_deep,29,train,Sag,5,SCENARIO_CONTROLLER,three-phase,"A,B,C",0.2379,50.8,0.0218,0.0726,109,363,0.548604,0.899328,1.639303,0.7929,49.4,60.0,60.0315,8.74,0.728185,0.016559,0.005134,0.002969,0.001343,0.00224,0.002275,0.001866,0.001813,0.001092,0.000887,0.02274,0.00705,0.004077,0.001844,0.003124,0.00249,0.001218,0.00033,60.65,12.4,0.0991,6.6e-05,60.0
sag_29_04,sag_sim_29,SAG_0029_3p_very_deep,29,train,Sag,5,SCENARIO_CONTROLLER,three-phase,"A,B,C",0.2379,50.8,0.0228,0.0736,114,368,0.548622,0.899328,1.63925,0.793,49.4,60.0,60.0315,8.74,0.728208,0.016579,0.005133,0.002983,0.001367,0.002215,0.002266,0.001876,0.001787,0.001115,0.00089,0.022767,0.007049,0.004096,0.001877,0.003112,0.002454,0.001222,0.000331,60.65,12.39,0.0991,6.7e-05,60.0
sag_29_05,sag_sim_29,SAG_0029_3p_very_deep,29,train,Sag,5,SCENARIO_CONTROLLER,three-phase,"A,B,C",0.2379,50.8,0.0238,0.0746,119,373,0.548549,0.899328,1.639467,0.8081,49.4,60.0,60.0315,8.74,0.728117,0.016584,0.005226,0.002953,0.001446,0.002135,0.002286,0.001831,0.00179,0.001111,0.000862,0.022777,0.007177,0.004056,0.001986,0.00314,0.002458,0.001184,0.000331,60.65,12.42,0.0991,7e-05,60.0
sag_29_06,sag_sim_29,SAG_0029_3p_very_deep,29,train,Sag,5,SCENARIO_CONTROLLER,three-phase,"A,B,C",0.2379,50.8,0.0248,0.0756,124,378,0.548424,0.899328,1.63984,0.8213,49.4,60.0,60.0315,8.74,0.727966,0.016732,0.005299,0.003128,0.001486,0.002218,0.002336,0.001902,0.001763,0.001179,0.000833,0.022985,0.007279,0.004297,0.002041,0.003209,0.002422,0.001144,0.000339,60.65,12.45,0.0991,7e-05,60.0
sag_29_07,sag_sim_29,SAG_0029_3p_very_deep,29,train,Sag,5,SCENARIO_CONTROLLER,three-phase,"A,B,C",0.2379,50.8,0.0258,0.0766,129,383,0.548322,0.899328,1.640147,0.7846,49.4,60.0,60.0315,8.73,0.727847,0.017003,0.005133,0.00326,0.001246,0.002318,0.002171,0.001855,0.001816,0.001051,0.000938,0.023361,0.007052,0.004479,0.001712,0.002983,0.002495,0.001289,0.000346,60.65,12.47,0.0991,7.4e-05,60.0
sag_29_08,sag_sim_29,SAG_0029_3p_very_deep,29,train,Sag,5,SCENARIO_CONTROLLER,three-phase,"A,B,C",0.2379,50.8,0.0268,0.0776,134,388,0.548293,0.899328,1.640233,0.7644,49.4,60.0,60.0311,8.73,0.727824,0.017247,0.004828,0.003027,0.00135,0.002056,0.002413,0.001883,0.001712,0.001221,0.000815,0.023697,0.006633,0.004159,0.001855,0.003315,0.002352,0.00112,0.00035,60.65,12.48,0.099,7.4e-05,60.0
sag_29_09,sag_sim_29,SAG_0029_3p_very_deep,29,train,Sag,5,SCENARIO_CONTROLLER,three-phase,"A,B,C",0.2379,50.8,0.0278,0.0786,139,393,0.548354,0.899328,1.64005,0.7533,49.4,60.0,60.0311,8.73,0.727915,0.017283,0.004777,0.002842,0.001545,0.00225,0.002206,0.001883,0.00184,0.001108,0.000824,0.023743,0.006563,0.003904,0.002123,0.003031,0.002528,0.001132,0.000351,60.65,12.48,0.099,7.6e-05,60.0
sag_29_10,sag_sim_29,SAG_0029_3p_very_deep,29,train,Sag,5,SCENARIO_CONTROLLER,three-phase,"A,B,C",0.2379,50.8,0.0288,0.0796,144,398,0.548481,0.899328,1.639671,0.7789,49.4,60.0,60.0311,8.74,0.728084,0.017133,0.00499,0.003018,0.001363,0.002253,0.002325,0.001849,0.001709,0.001144,0.000904,0.023532,0.006854,0.004145,0.001872,0.003193,0.002347,0.001242,0.000348,60.65,12.46,0.099,7.4e-05,60.0
sag_29_11,sag_sim_29,SAG_0029_3p_very_deep,29,train,Sag,5,SCENARIO_CONTROLLER,three-phase,"A,B,C",0.2379,50.8,0.0298,0.0806,149,403,0.548601,0.899328,1.639311,0.7946,49.4,60.0,60.0311,8.74,0.728241,0.01696,0.005141,0.003146,0.001298,0.002128,0.002318,0.001899,0.001809,0.001163,0.00082,0.023289,0.007059,0.00432,0.001782,0.003183,0.002484,0.001126,0.000344,60.65,12.41,0.099,7e-05,60.0
sag_29_12,sag_sim_29,SAG_0029_3p_very_deep,29,train,Sag,5,SCENARIO_CONTROLLER,three-phase,"A,B,C",0.2379,50.8,0.0308,0.0816,154,408,0.548646,0.899328,1.639176,0.7949,49.4,60.0,60.0311,8.74,0.728299,0.016906,0.005148,0.003125,0.00135,0.002171,0.002278,0.001857,0.001774,0.001151,0.000857,0.023213,0.007069,0.004291,0.001854,0.003128,0.002436,0.001177,0.000342,60.65,12.39,0.099,6.9e-05,60.0
sag_29_13,sag_sim_29,SAG_0029_3p_very_deep,29,train,Sag,5,SCENARIO_CONTROLLER,three-phase,"A,B,C",0.2379,50.8,0.0318,0.0826,159,413,0.548612,0.899328,1.639278,0.8014,49.4,60.0,60.0311,8.74,0.728256,0.016908,0.005194,0.003148,0.001387,0.002214,0.002273,0.00187,0.001753,0.001129,0.000815,0.023217,0.007132,0.004323,0.001905,0.003121,0.002407,0.001119,0.000343,60.65,12.39,0.099,6.9e-05,60.0
sag_29_14,sag_sim_29,SAG_0029_3p_very_deep,29,train,Sag,5,SCENARIO_CONTROLLER,three-phase,"A,B,C",0.2379,50.8,0.0328,0.0836,164,418,0.5485,0.899328,1.639614,0.8247,49.4,60.0,60.0311,8.74,0.728118,0.016822,0.005302,0.003055,0.001492,0.002241,0.002392,0.001916,0.001832,0.001173,0.000882,0.023103,0.007282,0.004196,0.002049,0.003285,0.002516,0.001211,0.000343,60.65,12.44,0.099,7e-05,60.0
sag_29_15,sag_sim_29,SAG_0029_3p_very_deep,29,train,Sag,5,SCENARIO_CONTROLLER,three-phase,"A,B,C",0.2379,50.8,0.0338,0.0846,169,423,0.548378,0.899328,1.63998,0.7987,49.4,60.0,60.0311,8.73,0.727974,0.016573,0.005222,0.002835,0.001307,0.002037,0.002198,0.001798,0.00172,0.001158,0.000855,0.022766,0.007173,0.003894,0.001795,0.003019,0.002363,0.001174,0.000329,60.65,12.46,0.099,7.2e-05,60.0
sag_29_16,sag_sim_29,SAG_0029_3p_very_deep,29,train,Sag,5,SCENARIO_CONTROLLER,three-phase,"A,B,C",0.2379,50.8,0.0348,0.0856,174,428,0.548319,0.899328,1.640155,0.7693,49.4,60.0,60.0311,8.73,0.727913,0.016282,0.004916,0.002972,0.001228,0.00227,0.002384,0.001965,0.001824,0.001073,0.000751,0.022368,0.006754,0.004083,0.001687,0.003275,0.002506,0.001032,0.000319,60.65,12.49,0.099,7e-05,60.0
sag_29_17,sag_sim_29,SAG_0029_3p_very_deep,29,train,Sag,5,SCENARIO_CONTROLLER,three-phase,"A,B,C",0.2379,50.8,0.0358,0.0866,179,433,0.548354,0.899328,1.640051,0.7544,49.4,60.0,60.03,8.73,0.727971,0.016162,0.00475,0.003238,0.001503,0.002234,0.002312,0.001781,0.001759,0.001216,0.00089,0.022201,0.006525,0.004448,0.002065,0.003176,0.002416,0.001223,0.000315,60.65,12.46,0.099,6.9e-05,60.0
sag_29_18,sag_sim_29,SAG_0029_3p_very_deep,29,train,Sag,5,SCENARIO_CONTROLLER,three-phase,"A,B,C",0.2379,50.8,0.0368,0.0876,184,438,0.54846,0.899328,1.639732,0.7665,49.4,60.0,60.03,8.73,0.728117,0.016259,0.004896,0.003166,0.001429,0.002078,0.002266,0.00195,0.00178,0.001077,0.000833,0.02233,0.006724,0.004348,0.001963,0.003112,0.002445,0.001144,0.000319,60.65,12.47,0.099,7.2e-05,60.0
sag_29_19,sag_sim_29,SAG_0029_3p_very_deep,29,train,Sag,5,SCENARIO_CONTROLLER,three-phase,"A,B,C",0.2379,50.8,0.0378,0.0886,189,443,0.54858,0.899328,1.639375,0.7896,49.4,60.0,60.03,8.74,0.728274,0.016432,0.005081,0.00299,0.001283,0.002235,0.002368,0.001821,0.001781,0.00116,0.000804,0.022563,0.006977,0.004106,0.001762,0.003252,0.002446,0.001104,0.000325,60.65,12.41,0.099,6.9e-05,60.0
sag_29_20,sag_sim_29,SAG_0029_3p_very_deep,29,train,Sag,5,SCENARIO_CONTROLLER,three-phase,"A,B,C",0.2379,50.8,0.0388,0.0896,194,448,0.548648,0.899328,1.639173,0.7912,49.4,60.0,60.03,8.74,0.72836,0.016517,0.005109,0.002995,0.001341,0.0022,0.002303,0.001882,0.001773,0.001138,0.000839,0.022677,0.007014,0.004112,0.001841,0.003162,0.002434,0.001152,0.000329,60.65,12.39,0.099,6.7e-05,60.0
sag_29_21,sag_sim_29,SAG_0029_3p_very_deep,29,train,Sag,5,SCENARIO_CONTROLLER,three-phase,"A,B,C",0.2379,50.8,0.0398,0.0906,199,453,0.54863,0.899328,1.639224,0.7934,49.4,60.0,60.03,8.74,0.728339,0.016514,0.005133,0.002976,0.001354,0.002184,0.002283,0.001896,0.001743,0.001168,0.000822,0.022674,0.007048,0.004086,0.001859,0.003135,0.002393,0.001129,0.000328,60.65,12.4,0.099,6.9e-05,60.0
sag_29_22,sag_sim_29,SAG_0029_3p_very_deep,29,train,Sag,5,SCENARIO_CONTROLLER,three-phase,"A,B,C",0.2379,50.8,0.0408,0.0916,204,458,0.548536,0.899328,1.639507,0.8161,49.4,60.0,60.03,8.74,0.728222,0.016553,0.005248,0.002995,0.001469,0.002094,0.002372,0.001807,0.001815,0.001102,0.000863,0.022731,0.007207,0.004113,0.002017,0.003257,0.002492,0.001185,0.000331,60.65,12.42,0.099,6.9e-05,60.0
sag_29_23,sag_sim_29,SAG_0029_3p_very_deep,29,train,Sag,5,SCENARIO_CONTROLLER,three-phase,"A,B,C",0.2379,50.8,0.0418,0.0926,209,463,0.548414,0.899328,1.639872,0.8101,49.4,60.0,60.03,8.73,0.728075,0.016751,0.005254,0.003208,0.001399,0.002274,0.002286,0.001968,0.001677,0.001225,0.000753,0.023007,0.007216,0.004406,0.001922,0.00314,0.002303,0.001034,0.00034,60.65,12.47,0.099,7.1e-05,60.0
sag_29_24,sag_sim_29,SAG_0029_3p_very_deep,29,train,Sag,5,SCENARIO_CONTROLLER,three-phase,"A,B,C",0.2379,50.8,0.0428,0.0936,214,468,0.548327,0.899328,1.640132,0.7713,49.4,60.0,60.03,8.73,0.727978,0.01705,0.004996,0.003229,0.001177,0.002207,0.002277,0.001767,0.001863,0.001112,0.000845,0.023421,0.006863,0.004436,0.001617,0.003128,0.002559,0.001161,0.000346,60.65,12.51,0.0989,7.2e-05,60.0
sag_29_25,sag_sim_29,SAG_0029_3p_very_deep,29,train,Sag,5,SCENARIO_CONTROLLER,three-phase,"A,B,C",0.2379,50.8,0.0438,0.0946,219,473,0.54833,0.899328,1.640123,0.7561,49.4,60.0,60.0323,8.73,0.727996,0.017231,0.004746,0.002947,0.001409,0.00205,0.002406,0.001953,0.001675,0.001153,0.000868,0.023669,0.006519,0.004048,0.001935,0.003305,0.002301,0.001192,0.000349,60.65,12.51,0.0989,7.3e-05,60.0
sag_29_26,sag_sim_29,SAG_0029_3p_very_deep,29,train,Sag,5,SCENARIO_CONTROLLER,three-phase,"A,B,C",0.2379,50.8,0.0448,0.0956,224,478,0.548418,0.899328,1.639859,0.7534,49.4,60.0,60.0323,8.73,0.728119,0.017199,0.004799,0.00288,0.001481,0.002289,0.002208,0.001793,0.001846,0.001207,0.000746,0.023621,0.006591,0.003955,0.002034,0.003032,0.002535,0.001025,0.000348,60.65,12.48,0.0989,6.9e-05,60.0
sag_29_27,sag_sim_29,SAG_0029_3p_very_deep,29,train,Sag,5,SCENARIO_CONTROLLER,three-phase,"A,B,C",0.2379,50.8,0.0458,0.0966,229,483,0.54855,0.899328,1.639464,0.7835,49.4,60.0,60.0323,8.74,0.728294,0.01702,0.005024,0.003094,0.001271,0.002161,0.002388,0.001909,0.001721,0.0011,0.000834,0.02337,0.006898,0.004248,0.001745,0.003279,0.002363,0.001145,0.000345,60.65,12.43,0.0989,6.9e-05,60.0
sag_29_28,sag_sim_29,SAG_0029_3p_very_deep,29,train,Sag,5,SCENARIO_CONTROLLER,three-phase,"A,B,C",0.2379,50.8,0.0468,0.0976,234,488,0.548634,0.899328,1.639214,0.7891,49.4,60.0,60.0323,8.74,0.728402,0.016904,0.005098,0.003138,0.00129,0.002132,0.002319,0.00187,0.001783,0.001165,0.000818,0.023207,0.006999,0.004308,0.001771,0.003184,0.002448,0.001123,0.000342,60.65,12.4,0.0989,6.8e-05,60.0
sag_29_29,sag_sim_29,SAG_0029_3p_very_deep,29,train,Sag,5,SCENARIO_CONTROLLER,three-phase,"A,B,C",0.2379,50.8,0.0478,0.0986,239,493,0.548647,0.899328,1.639175,0.7891,49.4,60.0,60.0323,8.74,0.728419,0.016891,0.005094,0.003125,0.001305,0.002147,0.00232,0.00187,0.001771,0.001153,0.000814,0.023189,0.006993,0.00429,0.001792,0.003185,0.002431,0.001117,0.000341,60.65,12.4,0.0989,6.7e-05,60.0
sag_29_30,sag_sim_29,SAG_0029_3p_very_deep,29,train,Sag,5,SCENARIO_CONTROLLER,three-phase,"A,B,C",0.2379,50.8,0.0488,0.0996,244,498,0.548562,0.899328,1.639428,0.8064,49.4,60.0,60.0323,8.74,0.728314,0.016889,0.005203,0.003164,0.001395,0.002239,0.002341,0.001921,0.001774,0.00116,0.000782,0.023189,0.007144,0.004344,0.001915,0.003214,0.002436,0.001074,0.000344,60.65,12.44,0.0989,7.1e-05,60.0
sag_29_31,sag_sim_29,SAG_0029_3p_very_deep,29,train,Sag,5,SCENARIO_CONTROLLER,three-phase,"A,B,C",0.2379,50.8,0.0498,0.1006,249,503,0.548431,0.899328,1.639819,0.8212,49.4,60.0,60.0323,8.73,0.728155,0.016742,0.005284,0.002988,0.001443,0.002166,0.0024,0.001856,0.001754,0.001093,0.000765,0.022992,0.007257,0.004104,0.001982,0.003296,0.002409,0.001051,0.000338,60.65,12.46,0.0989,6.9e-05,60.0
sag_29_32,sag_sim_29,SAG_0029_3p_very_deep,29,train,Sag,5,SCENARIO_CONTROLLER,three-phase,"A,B,C",0.2379,50.8,0.0508,0.1016,254,508,0.548322,0.899328,1.640147,0.7818,49.4,60.0,60.0323,8.73,0.728028,0.01645,0.005104,0.002837,0.001184,0.002053,0.002224,0.00191,0.001814,0.001233,0.000877,0.022595,0.007011,0.003897,0.001626,0.003055,0.002492,0.001205,0.000324,60.65,12.51,0.0988,7.6e-05,60.0
sag_30_01,sag_sim_30,SAG_0030_3p_very_shallow,30,test,Sag,5,SCENARIO_CONTROLLER,three-phase,"A,B,C",0.7602,126.8,0.0218,0.1486,109,743,0.506985,0.812166,1.601953,0.1344,134.0,60.0,59.9805,16.87,0.709847,0.000723,0.0006,0.00055,0.000392,0.000722,0.00063,0.00069,0.000475,0.0007,0.000606,0.001019,0.000845,0.000775,0.000552,0.000888,0.000669,0.000854,4e-06,60.13,6.23,0.0213,2.9e-05,60.0
sag_30_02,sag_sim_30,SAG_0030_3p_very_shallow,30,test,Sag,5,SCENARIO_CONTROLLER,three-phase,"A,B,C",0.7602,126.8,0.0228,0.1496,114,748,0.506906,0.812166,1.602201,0.1267,134.0,60.0,59.9805,16.87,0.709738,0.000662,0.000517,0.000653,0.000493,0.000685,0.000546,0.000743,0.000538,0.000664,0.000559,0.000933,0.000728,0.00092,0.000695,0.000769,0.000758,0.000788,4e-06,60.13,6.21,0.0213,2.9e-05,60.0
sag_30_03,sag_sim_30,SAG_0030_3p_very_shallow,30,test,Sag,5,SCENARIO_CONTROLLER,three-phase,"A,B,C",0.7602,126.8,0.0238,0.1506,119,753,0.506858,0.812166,1.602354,0.1313,134.0,60.0,59.9805,16.87,0.709675,0.000605,0.000545,0.000688,0.000461,0.000652,0.000598,0.000723,0.000506,0.000698,0.00056,0.000853,0.000768,0.000969,0.00065,0.000843,0.000713,0.000789,4e-06,60.13,6.19,0.0212,2.9e-05,60.0
sag_30_04,sag_sim_30,SAG_0030_3p_very_shallow,30,test,Sag,5,SCENARIO_CONTROLLER,three-phase,"A,B,C",0.7602,126.8,0.0248,0.1516,124,758,0.50688,0.812166,1.602283,0.1317,134.0,60.0,59.9805,16.87,0.709702,0.000629,0.00052,0.000712,0.000468,0.000633,0.00062,0.000706,0.000514,0.000705,0.000548,0.000886,0.000733,0.001003,0.000659,0.000874,0.000724,0.000772,4e-06,60.13,6.22,0.0212,2.9e-05,60.0
sag_30_05,sag_sim_30,SAG_0030_3p_very_shallow,30,test,Sag,5,SCENARIO_CONTROLLER,three-phase,"A,B,C",0.7602,126.8,0.0258,0.1526,129,763,0.506946,0.812166,1.602077,0.1208,134.0,60.0,59.9805,16.87,0.709777,0.000674,0.00051,0.000763,0.00039,0.000701,0.000568,0.000739,0.000506,0.000686,0.000576,0.00095,0.000719,0.001075,0.000549,0.0008,0.000713,0.000812,4e-06,60.13,6.25,0.0213,3e-05,60.0
sag_30_06,sag_sim_30,SAG_0030_3p_very_shallow,30,test,Sag,5,SCENARIO_CONTROLLER,three-phase,"A,B,C",0.7602,126.8,0.0268,0.1536,134,768,0.507025,0.812166,1.601825,0.1358,134.0,60.0,59.9805,16.88,0.709861,0.000667,0.000637,0.000674,0.000407,0.000692,0.000598,0.000711,0.000532,0.000678,0.00059,0.00094,0.000897,0.000949,0.000573,0.000842,0.000749,0.000831,4e-06,60.13,6.29,0.0213,3.1e-05,60.0
sag_30_07,sag_sim_30,SAG_0030_3p_very_shallow,30,test,Sag,5,SCENARIO_CONTROLLER,three-phase,"A,B,C",0.7602,126.8,0.0278,0.1546,139,773,0.507083,0.812166,1.601641,0.1639,134.0,60.0,59.9805,16.87,0.709907,0.000565,0.000792,0.000526,0.000561,0.00057,0.000642,0.000728,0.000479,0.000741,0.000512,0.000796,0.001116,0.000741,0.00079,0.000904,0.000675,0.000721,4e-06,60.13,6.32,0.0214,2.9e-05,60.0
sag_30_08,sag_sim_30,SAG_0030_3p_very_shallow,30,test,Sag,5,SCENARIO_CONTROLLER,three-phase,"A,B,C",0.7602,126.8,0.0288,0.1556,144,778,0.507083,0.812166,1.601642,0.1508,134.0,60.0,59.9829,16.87,0.709881,0.000409,0.000793,0.00064,0.000476,0.000714,0.00054,0.000731,0.000542,0.000656,0.000576,0.000576,0.001117,0.000902,0.000671,0.000761,0.000764,0.000811,4e-06,60.13,6.26,0.0215,2.9e-05,60.0
sag_30_09,sag_sim_30,SAG_0030_3p_very_shallow,30,test,Sag,5,SCENARIO_CONTROLLER,three-phase,"A,B,C",0.7602,126.8,0.0298,0.1566,149,783,0.507027,0.812166,1.601819,0.1421,134.0,60.0,59.9829,16.87,0.709787,0.000228,0.000645,0.000771,0.000375,0.000637,0.000679,0.000713,0.000451,0.000752,0.000572,0.000321,0.000909,0.001086,0.000528,0.000957,0.000635,0.000806,4e-06,60.13,6.26,0.0215,3e-05,60.0
sag_30_10,sag_sim_30,SAG_0030_3p_very_shallow,30,test,Sag,5,SCENARIO_CONTROLLER,three-phase,"A,B,C",0.7602,126.8,0.0308,0.1576,154,788,0.506951,0.812166,1.602059,0.1304,134.0,60.0,59.9829,16.87,0.709679,0.000197,0.000526,0.000711,0.000496,0.000592,0.000577,0.00074,0.00053,0.000704,0.000516,0.000278,0.000741,0.001002,0.000699,0.000813,0.000747,0.000727,3e-06,60.13,6.23,0.0215,2.9e-05,60.0
sag_30_11,sag_sim_30,SAG_0030_3p_very_shallow,30,test,Sag,5,SCENARIO_CONTROLLER,three-phase,"A,B,C",0.7602,126.8,0.0318,0.1586,159,793,0.50689,0.812166,1.602252,0.1349,134.0,60.0,59.9829,16.87,0.709598,0.000265,0.000541,0.000639,0.000487,0.000655,0.000621,0.000719,0.00048,0.000702,0.000549,0.000373,0.000762,0.000901,0.000686,0.000875,0.000676,0.000774,3e-06,60.13,6.21,0.0215,2.9e-05,60.0
sag_30_12,sag_sim_30,SAG_0030_3p_very_shallow,30,test,Sag,5,SCENARIO_CONTROLLER,three-phase,"A,B,C",0.7602,126.8,0.0328,0.1596,164,798,0.506882,0.812327,1.602598,0.1356,134.0,60.0,59.9829,16.87,0.709587,0.000277,0.00055,0.000636,0.000475,0.000652,0.00063,0.000735,0.000489,0.000694,0.000532,0.00039,0.000775,0.000896,0.000669,0.000888,0.000689,0.00075,3e-06,60.13,6.22,0.0215,3e-05,60.0
sag_30_13,sag_sim_30,SAG_0030_3p_very_shallow,30,test,Sag,5,SCENARIO_CONTROLLER,three-phase,"A,B,C",0.7602,126.8,0.0338,0.1606,169,803,0.50693,0.812327,1.602444,0.131,134.0,60.0,59.9829,16.87,0.709644,0.000252,0.000521,0.000582,0.000438,0.000638,0.000634,0.000751,0.000519,0.000726,0.000558,0.000355,0.000734,0.00082,0.000617,0.000893,0.000731,0.000786,3e-06,60.13,6.25,0.0215,3e-05,60.0
sag_30_14,sag_sim_30,SAG_0030_3p_very_shallow,30,test,Sag,5,SCENARIO_CONTROLLER,three-phase,"A,B,C",0.7602,126.8,0.0348,0.1616,174,808,0.50701,0.812327,1.602191,0.1306,134.0,60.0,59.9829,16.87,0.709732,0.000332,0.000609,0.000635,0.000388,0.000579,0.000582,0.000707,0.00047,0.000672,0.000513,0.000468,0.000858,0.000895,0.000547,0.00082,0.000662,0.000723,3e-06,60.13,6.29,0.0216,3.1e-05,60.0
sag_30_15,sag_sim_30,SAG_0030_3p_very_shallow,30,test,Sag,5,SCENARIO_CONTROLLER,three-phase,"A,B,C",0.7602,126.8,0.0358,0.1626,179,813,0.507076,0.812327,1.601984,0.1645,134.0,60.0,59.9829,16.87,0.709791,0.000501,0.000766,0.000783,0.000537,0.000719,0.000699,0.00079,0.00053,0.000717,0.000527,0.000706,0.001079,0.001103,0.000757,0.000985,0.000747,0.000742,4e-06,60.13,6.31,0.0217,3.1e-05,60.0
sag_30_16,sag_sim_30,SAG_0030_3p_very_shallow,30,test,Sag,5,SCENARIO_CONTROLLER,three-phase,"A,B,C",0.7602,126.8,0.0368,0.1636,184,818,0.507094,0.812327,1.601926,0.1579,134.0,60.0,59.9797,16.88,0.709788,0.000654,0.000817,0.000758,0.000525,0.000626,0.000559,0.000684,0.000486,0.000723,0.000583,0.000921,0.001151,0.001068,0.00074,0.000788,0.000685,0.000821,4e-06,60.13,6.26,0.0217,3e-05,60.0
sag_30_17,sag_sim_30,SAG_0030_3p_very_shallow,30,test,Sag,5,SCENARIO_CONTROLLER,three-phase,"A,B,C",0.7602,126.8,0.0378,0.1646,189,823,0.507052,0.812327,1.602059,0.1467,134.0,60.0,59.9797,16.87,0.709708,0.000734,0.000698,0.000569,0.000354,0.000597,0.000687,0.000807,0.000503,0.000649,0.000492,0.001034,0.000984,0.000802,0.000499,0.000968,0.000709,0.000693,4e-06,60.13,6.3,0.0218,3e-05,60.0
sag_30_18,sag_sim_30,SAG_0030_3p_very_shallow,30,test,Sag,5,SCENARIO_CONTROLLER,three-phase,"A,B,C",0.7602,126.8,0.0388,0.1656,194,828,0.506972,0.812327,1.602311,0.1343,134.0,60.0,59.9797,16.87,0.70959,0.000722,0.000535,0.00057,0.000458,0.000717,0.000642,0.000694,0.0005,0.000733,0.000528,0.001017,0.000754,0.000803,0.000645,0.000905,0.000705,0.000744,4e-06,60.13,6.29,0.0218,3e-05,60.0
sag_30_19,sag_sim_30,SAG_0030_3p_very_shallow,30,test,Sag,5,SCENARIO_CONTROLLER,three-phase,"A,B,C",0.7602,126.8,0.0398,0.1666,199,833,0.506894,0.812327,1.602559,0.1332,134.0,60.0,59.9797,16.86,0.709483,0.000655,0.000502,0.000678,0.000509,0.000637,0.000618,0.000772,0.000494,0.000675,0.00054,0.000923,0.000708,0.000956,0.000717,0.000871,0.000696,0.000761,4e-06,60.13,6.23,0.0218,3e-05,60.0
sag_30_20,sag_sim_30,SAG_0030_3p_very_shallow,30,test,Sag,5,SCENARIO_CONTROLLER,three-phase,"A,B,C",0.7602,126.8,0.0408,0.1676,204,838,0.506868,0.812327,1.602641,0.1349,134.0,60.0,59.9797,16.87,0.70945,0.000623,0.000528,0.000681,0.000482,0.000639,0.000636,0.000749,0.000498,0.000691,0.000525,0.000878,0.000744,0.00096,0.000679,0.000896,0.000702,0.00074,4e-06,60.13,6.22,0.0218,3e-05,60.0
sag_30_21,sag_sim_30,SAG_0030_3p_very_shallow,30,test,Sag,5,SCENARIO_CONTROLLER,three-phase,"A,B,C",0.7602,126.8,0.0418,0.1686,209,843,0.506896,0.812327,1.602553,0.1347,134.0,60.0,59.9797,16.87,0.709483,0.000653,0.000502,0.000715,0.000476,0.000626,0.00066,0.000721,0.000522,0.000683,0.000522,0.00092,0.000708,0.001008,0.000671,0.00093,0.000736,0.000736,4e-06,60.13,6.23,0.0218,3e-05,60.0
sag_30_22,sag_sim_30,SAG_0030_3p_very_shallow,30,test,Sag,5,SCENARIO_CONTROLLER,three-phase,"A,B,C",0.7602,126.8,0.0428,0.1696,214,848,0.506965,0.812327,1.602332,0.1247,134.0,60.0,59.9797,16.88,0.709562,0.00069,0.00054,0.000723,0.000396,0.00071,0.000579,0.000796,0.000455,0.000734,0.00048,0.000972,0.000761,0.001019,0.000558,0.000816,0.000641,0.000676,4e-06,60.13,6.27,0.0218,2.9e-05,60.0
sag_30_23,sag_sim_30,SAG_0030_3p_very_shallow,30,test,Sag,5,SCENARIO_CONTROLLER,three-phase,"A,B,C",0.7602,126.8,0.0438,0.1706,219,853,0.507043,0.812327,1.602086,0.157,134.0,60.0,59.9797,16.88,0.709639,0.000661,0.000701,0.000576,0.000514,0.000611,0.000696,0.000683,0.000557,0.000645,0.000556,0.000931,0.000988,0.000812,0.000724,0.000981,0.000785,0.000783,4e-06,60.13,6.33,0.0219,3e-05,60.0
sag_30_24,sag_sim_30,SAG_0030_3p_very_shallow,30,test,Sag,5,SCENARIO_CONTROLLER,three-phase,"A,B,C",0.7602,126.8,0.0448,0.1716,224,858,0.507085,0.812327,1.601956,0.167,134.0,60.0,59.9797,16.88,0.709662,0.000539,0.000814,0.000515,0.000594,0.000592,0.000624,0.000809,0.000432,0.00075,0.000501,0.00076,0.001147,0.000726,0.000837,0.000879,0.000609,0.000706,4e-06,60.13,6.32,0.022,3.1e-05,60.0
sag_30_25,sag_sim_30,SAG_0030_3p_very_shallow,30,test,Sag,5,SCENARIO_CONTROLLER,three-phase,"A,B,C",0.7602,126.8,0.0458,0.1726,229,863,0.507065,0.812327,1.602017,0.1514,134.0,60.0,59.9801,16.87,0.709612,0.000364,0.000756,0.000688,0.000436,0.000715,0.000628,0.000697,0.000545,0.000694,0.000466,0.000513,0.001065,0.00097,0.000614,0.000885,0.000768,0.000657,4e-06,60.13,6.31,0.022,3.1e-05,60.0
sag_30_26,sag_sim_30,SAG_0030_3p_very_shallow,30,test,Sag,5,SCENARIO_CONTROLLER,three-phase,"A,B,C",0.7602,126.8,0.0468,0.1736,234,868,0.507001,0.812327,1.60222,0.1432,134.0,60.0,59.9801,16.87,0.709512,0.000212,0.000601,0.000738,0.00045,0.000585,0.000685,0.000787,0.000454,0.000692,0.000541,0.000299,0.000847,0.00104,0.000634,0.000965,0.00064,0.000762,4e-06,60.13,6.25,0.022,2.9e-05,60.0
sag_30_27,sag_sim_30,SAG_0030_3p_very_shallow,30,test,Sag,5,SCENARIO_CONTROLLER,three-phase,"A,B,C",0.7602,126.8,0.0478,0.1746,239,873,0.506924,0.812327,1.602462,0.1367,134.0,60.0,59.9801,16.86,0.709406,0.00021,0.000527,0.000641,0.000545,0.000622,0.000604,0.000732,0.000511,0.000725,0.000502,0.000296,0.000743,0.000904,0.000768,0.000851,0.00072,0.000708,3e-06,60.13,6.25,0.022,3.1e-05,60.0
sag_30_28,sag_sim_30,SAG_0030_3p_very_shallow,30,test,Sag,5,SCENARIO_CONTROLLER,three-phase,"A,B,C",0.7602,126.8,0.0488,0.1756,244,878,0.506878,0.812327,1.602607,0.1411,134.0,60.0,59.9801,16.86,0.709346,0.000262,0.000554,0.0006,0.000517,0.000656,0.000654,0.000745,0.000474,0.000696,0.000511,0.000369,0.000781,0.000846,0.000729,0.000922,0.000668,0.00072,3e-06,60.13,6.23,0.022,2.9e-05,60.0
sag_30_29,sag_sim_30,SAG_0030_3p_very_shallow,30,test,Sag,5,SCENARIO_CONTROLLER,three-phase,"A,B,C",0.7602,126.8,0.0498,0.1766,249,883,0.506884,0.812327,1.60259,0.1411,134.0,60.0,59.9801,16.87,0.709352,0.000258,0.00055,0.000588,0.000508,0.000657,0.000664,0.000763,0.000493,0.000702,0.000504,0.000364,0.000775,0.000829,0.000716,0.000936,0.000695,0.000711,3e-06,60.13,6.25,0.022,2.9e-05,60.0
sag_30_30,sag_sim_30,SAG_0030_3p_very_shallow,30,test,Sag,5,SCENARIO_CONTROLLER,three-phase,"A,B,C",0.7602,126.8,0.0508,0.1776,254,888,0.506945,0.812327,1.602398,0.1311,134.0,60.0,59.9801,16.87,0.709422,0.000241,0.000547,0.00055,0.000433,0.000594,0.000614,0.000726,0.000481,0.000714,0.000522,0.00034,0.000771,0.000775,0.00061,0.000865,0.000678,0.000736,3e-06,60.13,6.26,0.0221,2.9e-05,60.0
sag_30_31,sag_sim_30,SAG_0030_3p_very_shallow,30,test,Sag,5,SCENARIO_CONTROLLER,three-phase,"A,B,C",0.7602,126.8,0.0518,0.1786,259,893,0.507032,0.812327,1.602123,0.1496,134.0,60.0,59.9801,16.87,0.709513,0.000365,0.000691,0.000681,0.000473,0.000621,0.000653,0.000775,0.000518,0.000735,0.000551,0.000514,0.000974,0.00096,0.000667,0.00092,0.00073,0.000777,4e-06,60.13,6.3,0.0221,3e-05,60.0
sag_30_32,sag_sim_30,SAG_0030_3p_very_shallow,30,test,Sag,5,SCENARIO_CONTROLLER,three-phase,"A,B,C",0.7602,126.8,0.0528,0.1796,264,898,0.507084,0.812327,1.601957,0.1739,134.0,60.0,59.9801,16.87,0.709554,0.000544,0.000827,0.000781,0.000605,0.000719,0.000688,0.000744,0.000459,0.000664,0.000468,0.000767,0.001166,0.001101,0.000853,0.00097,0.000647,0.00066,4e-06,60.13,6.34,0.0222,3.1e-05,60.0
sag_31_01,sag_sim_31,SAG_0031_1p_phA_fast,31,train,Sag,5,SCENARIO_CONTROLLER,phase-to-ground,A,0.2455,41.2,0.0176,0.0588,88,294,0.529447,0.827013,1.562033,0.7426,41.8,60.0,60.0193,9.89,0.712886,0.007291,0.004594,0.002634,0.001735,0.001949,0.001977,0.001936,0.001298,0.001064,0.000966,0.010227,0.006444,0.003695,0.002434,0.002773,0.001821,0.001355,9.9e-05,60.52,10.74,0.0845,5.9e-05,60.0
sag_31_02,sag_sim_31,SAG_0031_1p_phA_fast,31,train,Sag,5,SCENARIO_CONTROLLER,phase-to-ground,A,0.2455,41.2,0.0186,0.0598,93,299,0.529519,0.827013,1.56182,0.7581,41.8,60.0,60.0193,9.89,0.712983,0.007208,0.00472,0.00261,0.001621,0.00193,0.002075,0.001894,0.001232,0.001101,0.001012,0.01011,0.00662,0.003661,0.002274,0.00291,0.001728,0.001419,9.9e-05,60.51,10.72,0.0845,5.8e-05,60.0
sag_31_03,sag_sim_31,SAG_0031_1p_phA_fast,31,train,Sag,5,SCENARIO_CONTROLLER,phase-to-ground,A,0.2455,41.2,0.0196,0.0608,98,304,0.529583,0.827013,1.561632,0.7601,41.8,60.0,60.0193,9.89,0.713066,0.007213,0.004758,0.002528,0.001637,0.001995,0.002015,0.001912,0.001273,0.001058,0.001009,0.010115,0.006673,0.003545,0.002296,0.002826,0.001785,0.001415,9.9e-05,60.51,10.71,0.0845,5.8e-05,60.0
sag_31_04,sag_sim_31,SAG_0031_1p_phA_fast,31,train,Sag,5,SCENARIO_CONTROLLER,phase-to-ground,A,0.2455,41.2,0.0206,0.0618,103,309,0.529584,0.827013,1.561629,0.7604,41.8,60.0,60.0193,9.89,0.713067,0.007211,0.004761,0.002521,0.001643,0.001996,0.002008,0.001922,0.00126,0.001066,0.00101,0.010113,0.006677,0.003535,0.002304,0.002816,0.001767,0.001416,9.9e-05,60.51,10.71,0.0845,5.8e-05,60.0
sag_31_05,sag_sim_31,SAG_0031_1p_phA_fast,31,train,Sag,5,SCENARIO_CONTROLLER,phase-to-ground,A,0.2455,41.2,0.0216,0.0628,108,314,0.529534,0.827013,1.561774,0.7719,41.8,60.0,60.0193,9.89,0.713004,0.007144,0.004822,0.002459,0.001699,0.001961,0.002037,0.001894,0.001275,0.001065,0.001004,0.01002,0.006763,0.003449,0.002383,0.002857,0.001788,0.001408,9.9e-05,60.51,10.72,0.0845,5.9e-05,60.0
sag_31_06,sag_sim_31,SAG_0031_1p_phA_fast,31,train,Sag,5,SCENARIO_CONTROLLER,phase-to-ground,A,0.2455,41.2,0.0226,0.0638,113,319,0.529458,0.827013,1.561999,0.7747,41.8,60.0,60.0193,9.89,0.712908,0.007056,0.004835,0.002474,0.00172,0.001929,0.002042,0.001928,0.001239,0.0011,0.000968,0.009897,0.006782,0.00347,0.002413,0.002864,0.001738,0.001358,9.8e-05,60.52,10.75,0.0845,6e-05,60.0
sag_31_07,sag_sim_31,SAG_0031_1p_phA_fast,31,train,Sag,5,SCENARIO_CONTROLLER,phase-to-ground,A,0.2455,41.2,0.0236,0.0648,118,324,0.529398,0.827013,1.562178,0.746,41.8,60.0,60.0193,9.88,0.712834,0.007062,0.004691,0.002641,0.001562,0.002069,0.001958,0.001915,0.001295,0.001024,0.001046,0.009907,0.006581,0.003705,0.002191,0.002747,0.001817,0.001467,9.7e-05,60.52,10.75,0.0845,5.8e-05,60.0
sag_31_08,sag_sim_31,SAG_0031_1p_phA_fast,31,train,Sag,5,SCENARIO_CONTROLLER,phase-to-ground,A,0.2455,41.2,0.0246,0.0658,123,329,0.529384,0.827013,1.562217,0.7353,41.8,60.0,60.0172,9.88,0.712823,0.007202,0.004518,0.002667,0.001618,0.001941,0.002107,0.001891,0.001223,0.001133,0.000963,0.010103,0.006338,0.003741,0.00227,0.002956,0.001716,0.001351,9.8e-05,60.52,10.75,0.0845,5.9e-05,60.0
sag_31_09,sag_sim_31,SAG_0031_1p_phA_fast,31,train,Sag,5,SCENARIO_CONTROLLER,phase-to-ground,A,0.2455,41.2,0.0256,0.0668,128,334,0.529427,0.827013,1.562091,0.735,41.8,60.0,60.0172,9.88,0.712883,0.007391,0.00453,0.002496,0.001752,0.00194,0.001965,0.001931,0.001311,0.001036,0.000968,0.010368,0.006354,0.003501,0.002458,0.002756,0.001839,0.001358,0.0001,60.52,10.75,0.0845,6e-05,60.0
sag_31_10,sag_sim_31,SAG_0031_1p_phA_fast,31,train,Sag,5,SCENARIO_CONTROLLER,phase-to-ground,A,0.2455,41.2,0.0266,0.0678,133,339,0.529504,0.827013,1.561865,0.752,41.8,60.0,60.0172,9.89,0.712985,0.007514,0.004673,0.002446,0.001646,0.002046,0.002049,0.001874,0.00123,0.001093,0.001018,0.010539,0.006554,0.003431,0.002309,0.002874,0.001725,0.001428,0.000103,60.52,10.72,0.0845,6e-05,60.0
sag_31_11,sag_sim_31,SAG_0031_1p_phA_fast,31,train,Sag,5,SCENARIO_CONTROLLER,phase-to-ground,A,0.2455,41.2,0.0276,0.0688,138,344,0.529566,0.827013,1.561682,0.7577,41.8,60.0,60.0172,9.89,0.713067,0.007527,0.00474,0.002526,0.001612,0.001973,0.002033,0.001914,0.001282,0.001087,0.000977,0.010556,0.006647,0.003542,0.002261,0.002851,0.001798,0.00137,0.000104,60.51,10.71,0.0845,5.8e-05,60.0
sag_31_12,sag_sim_31,SAG_0031_1p_phA_fast,31,train,Sag,5,SCENARIO_CONTROLLER,phase-to-ground,A,0.2455,41.2,0.0286,0.0698,143,349,0.529581,0.827013,1.561636,0.7576,41.8,60.0,60.0172,9.89,0.713087,0.007519,0.00474,0.002542,0.001629,0.001969,0.002016,0.001894,0.001271,0.001094,0.000994,0.010544,0.006647,0.003565,0.002284,0.002827,0.001782,0.001394,0.000103,60.51,10.7,0.0845,5.9e-05,60.0
sag_31_13,sag_sim_31,SAG_0031_1p_phA_fast,31,train,Sag,5,SCENARIO_CONTROLLER,phase-to-ground,A,0.2455,41.2,0.0296,0.0708,148,354,0.529557,0.827013,1.561707,0.7617,41.8,60.0,60.0172,9.89,0.713056,0.007551,0.004771,0.00257,0.001643,0.001967,0.002008,0.001886,0.001258,0.00108,0.000982,0.01059,0.006691,0.003604,0.002304,0.002816,0.001764,0.001377,0.000104,60.51,10.71,0.0845,6e-05,60.0
sag_31_14,sag_sim_31,SAG_0031_1p_phA_fast,31,train,Sag,5,SCENARIO_CONTROLLER,phase-to-ground,A,0.2455,41.2,0.0306,0.0718,153,359,0.529484,0.827013,1.561922,0.775,41.8,60.0,60.0172,9.89,0.712964,0.007644,0.004822,0.002614,0.001717,0.002051,0.002081,0.001937,0.001308,0.001126,0.001024,0.010721,0.006763,0.003666,0.002408,0.002919,0.001835,0.001436,0.000108,60.52,10.74,0.0845,6.1e-05,60.0
sag_31_15,sag_sim_31,SAG_0031_1p_phA_fast,31,train,Sag,5,SCENARIO_CONTROLLER,phase-to-ground,A,0.2455,41.2,0.0316,0.0728,158,364,0.529406,0.827013,1.562153,0.7498,41.8,60.0,60.0172,9.88,0.712867,0.007688,0.004722,0.002468,0.001584,0.001916,0.001939,0.001835,0.00124,0.001093,0.001022,0.010785,0.006624,0.003462,0.002222,0.00272,0.001739,0.001434,0.000105,60.52,10.76,0.0845,5.8e-05,60.0
sag_31_16,sag_sim_31,SAG_0031_1p_phA_fast,31,train,Sag,5,SCENARIO_CONTROLLER,phase-to-ground,A,0.2455,41.2,0.0326,0.0738,163,369,0.529372,0.827013,1.562252,0.7297,41.8,60.0,60.0164,9.88,0.712829,0.007597,0.004524,0.002349,0.001521,0.001936,0.002066,0.001963,0.001305,0.001087,0.000965,0.010658,0.006347,0.003295,0.002134,0.002898,0.001831,0.001354,0.000102,60.52,10.76,0.0844,5.8e-05,60.0
sag_31_17,sag_sim_31,SAG_0031_1p_phA_fast,31,train,Sag,5,SCENARIO_CONTROLLER,phase-to-ground,A,0.2455,41.2,0.0336,0.0748,168,374,0.529396,0.827013,1.562183,0.7263,41.8,60.0,60.0191,9.89,0.712864,0.007428,0.004467,0.002479,0.001681,0.002039,0.002006,0.001842,0.00127,0.001146,0.001046,0.01042,0.006266,0.003478,0.002358,0.002814,0.001782,0.001467,0.0001,60.52,10.74,0.0844,5.9e-05,60.0
sag_31_18,sag_sim_31,SAG_0031_1p_phA_fast,31,train,Sag,5,SCENARIO_CONTROLLER,phase-to-ground,A,0.2455,41.2,0.0346,0.0758,173,379,0.529468,0.827013,1.561969,0.7397,41.8,60.0,60.0191,9.89,0.712962,0.007264,0.004596,0.002592,0.001636,0.001891,0.002003,0.001965,0.001274,0.001051,0.001016,0.010188,0.006446,0.003636,0.002295,0.002809,0.001787,0.001425,9.8e-05,60.52,10.72,0.0844,5.8e-05,60.0
sag_31_19,sag_sim_31,SAG_0031_1p_phA_fast,31,train,Sag,5,SCENARIO_CONTROLLER,phase-to-ground,A,0.2455,41.2,0.0356,0.0768,178,384,0.529539,0.827013,1.561761,0.7516,41.8,60.0,60.0191,9.89,0.713055,0.007212,0.004701,0.002529,0.001545,0.001936,0.002058,0.001888,0.00127,0.001111,0.001002,0.010114,0.006593,0.003547,0.002167,0.002886,0.001781,0.001405,9.8e-05,60.51,10.7,0.0844,5.8e-05,60.0
sag_31_20,sag_sim_31,SAG_0031_1p_phA_fast,31,train,Sag,5,SCENARIO_CONTROLLER,phase-to-ground,A,0.2455,41.2,0.0366,0.0778,183,389,0.529587,0.827013,1.561619,0.7515,41.8,60.0,60.0191,9.89,0.713118,0.007232,0.004706,0.002479,0.001589,0.001953,0.002012,0.001934,0.001256,0.001088,0.001036,0.010141,0.006599,0.003476,0.002228,0.002821,0.001761,0.001453,9.9e-05,60.51,10.7,0.0844,5.8e-05,60.0
sag_31_21,sag_sim_31,SAG_0031_1p_phA_fast,31,train,Sag,5,SCENARIO_CONTROLLER,phase-to-ground,A,0.2455,41.2,0.0376,0.0788,188,394,0.529565,0.827013,1.561685,0.7544,41.8,60.0,60.0191,9.89,0.713089,0.007203,0.004736,0.002452,0.001597,0.001966,0.00199,0.001961,0.001223,0.001117,0.001019,0.010101,0.006642,0.003439,0.00224,0.002791,0.001715,0.001429,9.8e-05,60.51,10.71,0.0844,5.9e-05,60.0
sag_31_22,sag_sim_31,SAG_0031_1p_phA_fast,31,train,Sag,5,SCENARIO_CONTROLLER,phase-to-ground,A,0.2455,41.2,0.0386,0.0798,193,399,0.529499,0.827013,1.561878,0.7703,41.8,60.0,60.0191,9.89,0.713006,0.007113,0.004807,0.002379,0.00168,0.001894,0.002058,0.001899,0.001273,0.001079,0.001045,0.009976,0.006742,0.003337,0.002356,0.002886,0.001785,0.001466,9.7e-05,60.52,10.73,0.0844,5.9e-05,60.0
sag_31_23,sag_sim_31,SAG_0031_1p_phA_fast,31,train,Sag,5,SCENARIO_CONTROLLER,phase-to-ground,A,0.2455,41.2,0.0396,0.0808,198,404,0.529421,0.827013,1.56211,0.7607,41.8,60.0,60.0191,9.89,0.712908,0.007039,0.004776,0.002455,0.001636,0.001935,0.001981,0.001999,0.001179,0.001164,0.000972,0.009874,0.006699,0.003444,0.002295,0.002779,0.001654,0.001363,9.6e-05,60.52,10.73,0.0844,5.8e-05,60.0
sag_31_24,sag_sim_31,SAG_0031_1p_phA_fast,31,train,Sag,5,SCENARIO_CONTROLLER,phase-to-ground,A,0.2455,41.2,0.0406,0.0818,203,409,0.529373,0.827013,1.562251,0.7344,41.8,60.0,60.0191,9.88,0.712851,0.007094,0.004594,0.002612,0.0015,0.002017,0.002014,0.001884,0.001295,0.001083,0.001009,0.009952,0.006445,0.003664,0.002104,0.002825,0.001817,0.001415,9.6e-05,60.52,10.78,0.0844,5.8e-05,60.0
sag_31_25,sag_sim_31,SAG_0031_1p_phA_fast,31,train,Sag,5,SCENARIO_CONTROLLER,phase-to-ground,A,0.2455,41.2,0.0416,0.0828,208,414,0.529381,0.827013,1.562225,0.7282,41.8,60.0,60.018,9.88,0.712868,0.007269,0.00447,0.002542,0.001652,0.001851,0.002059,0.001995,0.001175,0.001121,0.001055,0.010197,0.00627,0.003566,0.002317,0.002888,0.001648,0.00148,9.7e-05,60.52,10.77,0.0844,5.8e-05,60.0
sag_31_26,sag_sim_31,SAG_0031_1p_phA_fast,31,train,Sag,5,SCENARIO_CONTROLLER,phase-to-ground,A,0.2455,41.2,0.0426,0.0838,213,419,0.529441,0.827013,1.562049,0.7341,41.8,60.0,60.018,9.89,0.71295,0.007452,0.004549,0.002373,0.001705,0.001954,0.001947,0.001917,0.001281,0.001128,0.000977,0.010452,0.006381,0.003328,0.002391,0.002731,0.001797,0.00137,0.0001,60.52,10.76,0.0844,5.9e-05,60.0
sag_31_27,sag_sim_31,SAG_0031_1p_phA_fast,31,train,Sag,5,SCENARIO_CONTROLLER,phase-to-ground,A,0.2455,41.2,0.0436,0.0848,218,424,0.52952,0.827013,1.561817,0.7506,41.8,60.0,60.018,9.89,0.713054,0.007533,0.004684,0.002399,0.001584,0.001971,0.002048,0.001962,0.001215,0.001086,0.001017,0.010564,0.006569,0.003364,0.002221,0.002872,0.001704,0.001426,0.000103,60.52,10.72,0.0844,5.7e-05,60.0
sag_31_28,sag_sim_31,SAG_0031_1p_phA_fast,31,train,Sag,5,SCENARIO_CONTROLLER,phase-to-ground,A,0.2455,41.2,0.0446,0.0858,223,429,0.529563,0.827013,1.561691,0.752,41.8,60.0,60.018,9.89,0.71311,0.007528,0.004713,0.002457,0.001591,0.001922,0.002005,0.001953,0.001251,0.00112,0.001012,0.010557,0.006609,0.003445,0.002231,0.002812,0.001754,0.001419,0.000103,60.51,10.7,0.0844,5.8e-05,60.0
sag_31_29,sag_sim_31,SAG_0031_1p_phA_fast,31,train,Sag,5,SCENARIO_CONTROLLER,phase-to-ground,A,0.2455,41.2,0.0456,0.0868,228,434,0.529562,0.827013,1.561693,0.7522,41.8,60.0,60.018,9.89,0.713109,0.007531,0.004717,0.002462,0.001593,0.001917,0.001997,0.001943,0.001243,0.001119,0.00102,0.010561,0.006615,0.003452,0.002234,0.0028,0.001743,0.00143,0.000103,60.51,10.7,0.0844,5.8e-05,60.0
sag_31_30,sag_sim_31,SAG_0031_1p_phA_fast,31,train,Sag,5,SCENARIO_CONTROLLER,phase-to-ground,A,0.2455,41.2,0.0466,0.0878,233,439,0.529505,0.827013,1.561862,0.7647,41.8,60.0,60.018,9.89,0.713036,0.007608,0.004788,0.002533,0.001651,0.001948,0.00202,0.001962,0.001246,0.001112,0.001006,0.01067,0.006715,0.003552,0.002315,0.002833,0.001747,0.001411,0.000105,60.52,10.73,0.0844,5.8e-05,60.0
sag_31_31,sag_sim_31,SAG_0031_1p_phA_fast,31,train,Sag,5,SCENARIO_CONTROLLER,phase-to-ground,A,0.2455,41.2,0.0476,0.0888,238,444,0.529421,0.827013,1.562108,0.7696,41.8,60.0,60.018,9.89,0.712931,0.007705,0.004808,0.00253,0.001685,0.001997,0.002036,0.001942,0.001225,0.001087,0.000984,0.010807,0.006744,0.003549,0.002363,0.002856,0.001718,0.00138,0.000107,60.52,10.74,0.0844,5.7e-05,60.0
sag_31_32,sag_sim_31,SAG_0031_1p_phA_fast,31,train,Sag,5,SCENARIO_CONTROLLER,phase-to-ground,A,0.2455,41.2,0.0486,0.0898,243,449,0.529355,0.827013,1.562303,0.7391,41.8,60.0,60.018,9.89,0.712851,0.007706,0.004657,0.002352,0.001517,0.001843,0.001942,0.001943,0.001271,0.001161,0.00106,0.01081,0.006533,0.003299,0.002128,0.002724,0.001783,0.001487,0.000104,60.52,10.78,0.0844,5.9e-05,60.0
sag_32_01,sag_sim_32,SAG_0032_2p_phBC_long,32,train,Sag,5,SCENARIO_CONTROLLER,phase-to-phase,"B,C",0.6072,115.4,0.0214,0.1368,107,684,0.588764,0.836036,1.419985,0.0491,0.0,60.0,59.9606,49.74,0.832537,0.000531,0.000396,0.000251,9.2e-05,0.000285,4.1e-05,0.000277,9.1e-05,0.000252,9.5e-05,0.000638,0.000476,0.000301,0.000111,4.9e-05,0.000109,0.000114,1e-06,60.01,3.63,0.0005,8e-06,60.0
sag_32_02,sag_sim_32,SAG_0032_2p_phBC_long,32,train,Sag,5,SCENARIO_CONTROLLER,phase-to-phase,"B,C",0.6072,115.4,0.0224,0.1378,112,689,0.588622,0.836036,1.420327,0.0454,0.0,60.0,59.9606,49.73,0.832337,0.000429,0.000226,0.00017,0.000231,9.3e-05,0.000196,0.000126,0.000139,0.00017,0.000128,0.000515,0.000272,0.000204,0.000278,0.000235,0.000167,0.000154,0.0,60.01,3.49,0.0005,7e-06,60.0
sag_32_03,sag_sim_32,SAG_0032_2p_phBC_long,32,train,Sag,5,SCENARIO_CONTROLLER,phase-to-phase,"B,C",0.6072,115.4,0.0234,0.1388,117,694,0.588545,0.836036,1.420512,0.0341,0.0,60.0,59.9606,49.72,0.832229,0.000353,0.000117,9.1e-05,0.0002,0.000111,0.000165,0.000208,9.5e-05,0.000216,6.8e-05,0.000424,0.000141,0.000109,0.00024,0.000198,0.000114,8.2e-05,0.0,60.01,3.33,0.0004,6e-06,60.0
sag_32_04,sag_sim_32,SAG_0032_2p_phBC_long,32,train,Sag,5,SCENARIO_CONTROLLER,phase-to-phase,"B,C",0.6072,115.4,0.0244,0.1398,122,699,0.588574,0.836036,1.420444,0.0352,0.0,60.0,59.9606,49.75,0.832269,0.000393,0.000133,0.000117,0.000219,0.000141,0.000142,0.000217,6.4e-05,0.000221,9.4e-05,0.000472,0.00016,0.000141,0.000263,0.000171,7.7e-05,0.000113,0.0,60.01,3.35,0.0004,6e-06,60.0
sag_32_05,sag_sim_32,SAG_0032_2p_phBC_long,32,train,Sag,5,SCENARIO_CONTROLLER,phase-to-phase,"B,C",0.6072,115.4,0.0254,0.1408,127,704,0.588685,0.836036,1.420176,0.0315,0.0,60.0,59.9606,49.75,0.832426,0.00054,0.00018,0.000168,0.000139,0.000242,0.000131,0.000118,0.000174,0.000206,3.7e-05,0.000649,0.000216,0.000202,0.000167,0.000157,0.000209,4.4e-05,1e-06,60.01,3.5,0.0005,8e-06,60.0
sag_32_06,sag_sim_32,SAG_0032_2p_phBC_long,32,train,Sag,5,SCENARIO_CONTROLLER,phase-to-phase,"B,C",0.6072,115.4,0.0264,0.1418,132,709,0.588833,0.836036,1.419818,0.0528,0.0,60.0,59.9606,49.77,0.832636,0.000712,0.0003,0.000236,0.000147,0.000103,0.000285,0.000312,3e-05,0.000186,0.000163,0.000855,0.00036,0.000283,0.000177,0.000342,3.6e-05,0.000196,1e-06,60.01,3.77,0.0004,9e-06,60.0
sag_32_07,sag_sim_32,SAG_0032_2p_phBC_long,32,train,Sag,5,SCENARIO_CONTROLLER,phase-to-phase,"B,C",0.6072,115.4,0.0274,0.1428,137,714,0.58893,0.836036,1.419584,0.0688,0.0,60.0,59.9606,49.79,0.832774,0.00082,0.000437,0.000307,0.000371,0.00022,1.9e-05,5.4e-05,0.000216,0.00031,0.000131,0.000985,0.000525,0.000369,0.000445,2.3e-05,0.000259,0.000157,1e-06,60.01,3.81,0.0004,9e-06,60.0
sag_32_08,sag_sim_32,SAG_0032_2p_phBC_long,32,train,Sag,5,SCENARIO_CONTROLLER,phase-to-phase,"B,C",0.6072,115.4,0.0284,0.1438,142,719,0.588926,0.836036,1.419594,0.0774,0.0,60.0,59.9616,49.49,0.832769,0.000824,0.000489,0.000307,0.000297,0.000291,0.000297,0.000332,9.4e-05,9.2e-05,5.6e-05,0.000989,0.000587,0.000369,0.000357,0.000357,0.000113,6.7e-05,1e-06,60.01,3.88,0.0004,1e-05,60.0
sag_32_09,sag_sim_32,SAG_0032_2p_phBC_long,32,train,Sag,5,SCENARIO_CONTROLLER,phase-to-phase,"B,C",0.6072,115.4,0.0294,0.1448,147,724,0.588824,0.836036,1.419839,0.0563,0.0,60.0,59.9616,49.49,0.832626,0.000731,0.000431,0.000247,5e-05,7.1e-05,0.000176,8.3e-05,0.000184,0.000282,0.000153,0.000878,0.000518,0.000297,6e-05,0.000211,0.000221,0.000184,1e-06,60.01,3.69,0.0004,9e-06,60.0
sag_32_10,sag_sim_32,SAG_0032_2p_phBC_long,32,train,Sag,5,SCENARIO_CONTROLLER,phase-to-phase,"B,C",0.6072,115.4,0.0304,0.1458,152,729,0.588678,0.836036,1.420193,0.048,0.0,60.0,59.9616,49.51,0.832418,0.000575,0.000291,0.000175,0.000229,0.000181,0.000151,0.000272,9.4e-05,0.000182,7.1e-05,0.000691,0.00035,0.00021,0.000275,0.000181,0.000113,8.5e-05,1e-06,60.01,3.49,0.0004,7e-06,60.0
sag_32_11,sag_sim_32,SAG_0032_2p_phBC_long,32,train,Sag,5,SCENARIO_CONTROLLER,phase-to-phase,"B,C",0.6072,115.4,0.0314,0.1468,157,734,0.588559,0.836036,1.420479,0.0364,0.0,60.0,59.9616,49.54,0.832251,0.00042,0.000134,9.2e-05,0.000207,0.000146,0.000175,0.000154,9.2e-05,0.000166,2.8e-05,0.000505,0.000161,0.000111,0.000249,0.00021,0.000111,3.4e-05,0.0,60.01,3.42,0.0004,6e-06,60.0
sag_32_12,sag_sim_32,SAG_0032_2p_phBC_long,32,train,Sag,5,SCENARIO_CONTROLLER,phase-to-phase,"B,C",0.6072,115.4,0.0324,0.1478,162,739,0.588531,0.836036,1.420547,0.0283,0.0,60.0,59.9616,49.53,0.832211,0.000379,9.2e-05,7.1e-05,0.000172,0.000102,0.000132,0.000162,4.4e-05,0.000146,3.7e-05,0.000455,0.000111,8.5e-05,0.000207,0.000159,5.3e-05,4.4e-05,0.0,60.01,3.39,0.0004,6e-06,60.0
sag_32_13,sag_sim_32,SAG_0032_2p_phBC_long,32,train,Sag,5,SCENARIO_CONTROLLER,phase-to-phase,"B,C",0.6072,115.4,0.0334,0.1488,167,744,0.588614,0.836036,1.420347,0.027,0.0,60.0,59.9616,49.54,0.832328,0.000466,0.000148,0.000169,0.000164,3.9e-05,3.9e-05,0.000248,0.000104,0.000211,5.1e-05,0.00056,0.000178,0.000203,0.000197,4.7e-05,0.000125,6.1e-05,0.0,60.01,3.48,0.0004,7e-06,60.0
sag_32_14,sag_sim_32,SAG_0032_2p_phBC_long,32,train,Sag,5,SCENARIO_CONTROLLER,phase-to-phase,"B,C",0.6072,115.4,0.0344,0.1498,172,749,0.588755,0.836036,1.420005,0.0438,0.0,60.0,59.9616,49.55,0.832529,0.00057,0.000271,0.00027,6.6e-05,0.000179,0.000236,0.00011,7.7e-05,0.000114,0.000117,0.000685,0.000326,0.000324,7.9e-05,0.000283,9.2e-05,0.000141,1e-06,60.01,3.72,0.0004,8e-06,60.0
sag_32_15,sag_sim_32,SAG_0032_2p_phBC_long,32,train,Sag,5,SCENARIO_CONTROLLER,phase-to-phase,"B,C",0.6072,115.4,0.0354,0.1508,177,754,0.588874,0.836036,1.41972,0.0618,0.0,60.0,59.9616,49.58,0.832697,0.000632,0.000406,0.00028,0.000285,0.000234,0.000136,0.000295,0.000171,0.000185,9e-05,0.000759,0.000488,0.000336,0.000342,0.000163,0.000205,0.000108,1e-06,60.01,3.84,0.0004,1e-05,60.0
sag_32_16,sag_sim_32,SAG_0032_2p_phBC_long,32,train,Sag,5,SCENARIO_CONTROLLER,phase-to-phase,"B,C",0.6072,115.4,0.0364,0.1518,182,759,0.588909,0.836036,1.419634,0.0772,0.0,60.0,59.9604,49.88,0.832748,0.000657,0.000497,0.00027,0.000349,0.000136,0.00021,0.000166,9.4e-05,0.000219,9.6e-05,0.000789,0.000597,0.000324,0.000419,0.000252,0.000113,0.000115,1e-06,60.01,3.87,0.0004,1e-05,60.0
sag_32_17,sag_sim_32,SAG_0032_2p_phBC_long,32,train,Sag,5,SCENARIO_CONTROLLER,phase-to-phase,"B,C",0.6072,115.4,0.0374,0.1528,187,764,0.588838,0.836036,1.419807,0.0658,0.0,60.0,59.9604,49.89,0.832647,0.000636,0.000473,0.000277,0.000158,0.000211,0.000226,0.00026,0.000174,5.9e-05,0.00015,0.000764,0.000568,0.000333,0.00019,0.000271,0.000209,0.00018,1e-06,60.01,3.85,0.0004,1e-05,60.0
sag_32_18,sag_sim_32,SAG_0032_2p_phBC_long,32,train,Sag,5,SCENARIO_CONTROLLER,phase-to-phase,"B,C",0.6072,115.4,0.0384,0.1538,192,769,0.588694,0.836036,1.420152,0.0449,0.0,60.0,59.9604,49.92,0.832445,0.000564,0.000342,0.000243,0.00014,0.000169,6.1e-05,0.000194,3.6e-05,0.000211,5.1e-05,0.000678,0.000411,0.000292,0.000168,7.3e-05,4.3e-05,6.1e-05,1e-06,60.01,3.64,0.0004,8e-06,60.0
sag_32_19,sag_sim_32,SAG_0032_2p_phBC_long,32,train,Sag,5,SCENARIO_CONTROLLER,phase-to-phase,"B,C",0.6072,115.4,0.0394,0.1548,197,774,0.588575,0.836036,1.420439,0.04,0.0,60.0,59.9604,49.89,0.832277,0.000474,0.000196,0.000159,0.000209,2.6e-05,0.000169,0.000165,9.8e-05,0.000101,7.1e-05,0.00057,0.000235,0.000191,0.000251,0.000203,0.000118,8.5e-05,0.0,60.01,3.43,0.0004,7e-06,60.0
sag_32_20,sag_sim_32,SAG_0032_2p_phBC_long,32,train,Sag,5,SCENARIO_CONTROLLER,phase-to-phase,"B,C",0.6072,115.4,0.0404,0.1558,202,779,0.588526,0.836036,1.420559,0.0284,0.0,60.0,59.9604,49.89,0.832207,0.000417,0.000125,9.3e-05,0.000165,4.4e-05,0.000114,0.000188,4.6e-05,0.000152,7e-05,0.000501,0.00015,0.000112,0.000198,0.000137,5.5e-05,8.4e-05,0.0,60.01,3.37,0.0004,6e-06,60.0
sag_32_21,sag_sim_32,SAG_0032_2p_phBC_long,32,train,Sag,5,SCENARIO_CONTROLLER,phase-to-phase,"B,C",0.6072,115.4,0.0414,0.1568,207,784,0.588581,0.836036,1.420426,0.0287,0.0,60.0,59.9604,49.89,0.832285,0.000493,0.000149,0.000116,0.000181,0.000114,4.7e-05,0.000168,5e-05,0.000113,9.1e-05,0.000592,0.000179,0.000139,0.000217,5.6e-05,6e-05,0.000109,0.0,60.01,3.45,0.0004,7e-06,60.0
sag_32_22,sag_sim_32,SAG_0032_2p_phBC_long,32,train,Sag,5,SCENARIO_CONTROLLER,phase-to-phase,"B,C",0.6072,115.4,0.0424,0.1578,212,789,0.588715,0.836036,1.420102,0.0357,0.0,60.0,59.9604,49.9,0.832475,0.000653,0.00021,0.000166,7e-05,0.000192,0.000198,0.000182,0.000127,0.000216,0.000123,0.000784,0.000252,0.000199,8.4e-05,0.000238,0.000153,0.000148,1e-06,60.01,3.61,0.0004,8e-06,60.0
sag_32_23,sag_sim_32,SAG_0032_2p_phBC_long,32,train,Sag,5,SCENARIO_CONTROLLER,phase-to-phase,"B,C",0.6072,115.4,0.0434,0.1588,217,794,0.588851,0.836036,1.419774,0.0534,0.0,60.0,59.9604,49.92,0.832668,0.000783,0.000338,0.000274,0.000225,0.000111,0.00018,0.000239,0.000115,4.1e-05,3.5e-05,0.00094,0.000406,0.000329,0.00027,0.000216,0.000138,4.2e-05,1e-06,60.01,3.86,0.0004,9e-06,60.0
sag_32_24,sag_sim_32,SAG_0032_2p_phBC_long,32,train,Sag,5,SCENARIO_CONTROLLER,phase-to-phase,"B,C",0.6072,115.4,0.0444,0.1598,222,799,0.588919,0.836036,1.419612,0.0709,0.0,60.0,59.9591,49.9,0.832764,0.000829,0.000459,0.000342,0.000345,0.000221,0.000138,0.000152,0.000141,0.000228,0.000146,0.000995,0.000551,0.000411,0.000414,0.000166,0.000169,0.000175,1e-06,60.01,3.87,0.0004,9e-06,60.0
sag_32_25,sag_sim_32,SAG_0032_2p_phBC_long,32,train,Sag,5,SCENARIO_CONTROLLER,phase-to-phase,"B,C",0.6072,115.4,0.0454,0.1608,227,804,0.588879,0.836036,1.419706,0.0714,0.0,60.0,59.9609,49.92,0.83271,0.000772,0.000491,0.000301,0.000212,0.000229,0.00026,0.000275,0.000154,0.000168,0.000142,0.000927,0.00059,0.000361,0.000255,0.000312,0.000185,0.000171,1e-06,60.01,3.74,0.0004,9e-06,60.0
sag_32_26,sag_sim_32,SAG_0032_2p_phBC_long,32,train,Sag,5,SCENARIO_CONTROLLER,phase-to-phase,"B,C",0.6072,115.4,0.0464,0.1618,232,809,0.588753,0.836036,1.420012,0.0515,0.0,60.0,59.9609,49.95,0.832531,0.000634,0.000411,0.000207,0.000117,9.6e-05,3.5e-05,9.8e-05,9.4e-05,0.000125,2.5e-05,0.000762,0.000494,0.000249,0.000141,4.2e-05,0.000113,3e-05,1e-06,60.01,3.67,0.0004,8e-06,60.0
sag_32_27,sag_sim_32,SAG_0032_2p_phBC_long,32,train,Sag,5,SCENARIO_CONTROLLER,phase-to-phase,"B,C",0.6072,115.4,0.0474,0.1628,237,814,0.588618,0.836036,1.420337,0.0436,0.0,60.0,59.9609,49.93,0.832341,0.000476,0.000266,0.000133,0.000194,0.000119,0.000154,0.000215,9.9e-05,0.000175,9.5e-05,0.000572,0.00032,0.00016,0.000233,0.000185,0.000119,0.000114,0.0,60.01,3.48,0.0004,7e-06,60.0
sag_32_28,sag_sim_32,SAG_0032_2p_phBC_long,32,train,Sag,5,SCENARIO_CONTROLLER,phase-to-phase,"B,C",0.6072,115.4,0.0484,0.1638,242,819,0.588545,0.836036,1.420514,0.0293,0.0,60.0,59.9609,49.91,0.832238,0.000375,0.000163,7.7e-05,0.000145,7.9e-05,0.000109,0.000138,6e-05,0.000122,5.3e-05,0.000451,0.000196,9.3e-05,0.000174,0.000131,7.2e-05,6.4e-05,0.0,60.01,3.38,0.0004,6e-06,60.0
sag_32_29,sag_sim_32,SAG_0032_2p_phBC_long,32,train,Sag,5,SCENARIO_CONTROLLER,phase-to-phase,"B,C",0.6072,115.4,0.0494,0.1648,247,824,0.588558,0.836036,1.420481,0.0288,0.0,60.0,59.9609,49.94,0.832257,0.000391,0.000166,9.4e-05,0.000148,7.9e-05,8.8e-05,0.000135,3.2e-05,0.000122,7.9e-05,0.00047,0.000199,0.000113,0.000178,0.000106,3.8e-05,9.5e-05,0.0,60.01,3.38,0.0004,6e-06,60.0
sag_32_30,sag_sim_32,SAG_0032_2p_phBC_long,32,train,Sag,5,SCENARIO_CONTROLLER,phase-to-phase,"B,C",0.6072,115.4,0.0504,0.1658,252,829,0.588672,0.836036,1.420207,0.028,0.0,60.0,59.9609,49.95,0.832417,0.000488,0.000176,0.000187,7.6e-05,7.2e-05,0.000132,0.000243,0.000147,0.000148,6.2e-05,0.000586,0.000211,0.000225,9.1e-05,0.000159,0.000177,7.4e-05,0.0,60.01,3.55,0.0004,7e-06,60.0
sag_32_31,sag_sim_32,SAG_0032_2p_phBC_long,32,train,Sag,5,SCENARIO_CONTROLLER,phase-to-phase,"B,C",0.6072,115.4,0.0514,0.1668,257,834,0.588812,0.836036,1.419869,0.0459,0.0,60.0,59.9609,49.95,0.832616,0.000573,0.00025,0.000262,0.000183,0.000202,0.000224,5.1e-05,3.9e-05,0.0002,7.9e-05,0.000688,0.0003,0.000315,0.00022,0.000269,4.7e-05,9.5e-05,1e-06,60.01,3.78,0.0004,9e-06,60.0
sag_32_32,sag_sim_32,SAG_0032_2p_phBC_long,32,train,Sag,5,SCENARIO_CONTROLLER,phase-to-phase,"B,C",0.6072,115.4,0.0524,0.1678,262,839,0.588914,0.836036,1.419623,0.0652,0.0,60.0,59.9609,49.97,0.83276,0.000634,0.000416,0.000308,0.000341,0.000215,7.5e-05,0.000316,0.000205,7.8e-05,0.000151,0.000761,0.0005,0.00037,0.000409,9e-05,0.000246,0.000181,1e-06,60.01,3.9,0.0004,1e-05,60.0
sag_33_01,sag_sim_33,SAG_0033_3p_nom_deep,1,train,Sag,5,SCENARIO_CONTROLLER,three-phase,"A,B,C",0.4405,79.4,0.0178,0.0972,89,486,0.497291,0.83454,1.678172,0.4583,82.0,60.0,60.0027,8.8,0.661036,0.014307,0.002659,0.002891,0.000756,0.001928,0.001241,0.001572,0.000858,0.001219,0.000478,0.021643,0.004022,0.004373,0.001144,0.001877,0.001298,0.000723,0.000231,60.47,10.41,0.0889,5.5e-05,60.0
sag_33_02,sag_sim_33,SAG_0033_3p_nom_deep,1,train,Sag,5,SCENARIO_CONTROLLER,three-phase,"A,B,C",0.4405,79.4,0.0188,0.0982,94,491,0.497289,0.83454,1.678181,0.4577,82.0,60.0,60.0027,8.81,0.661032,0.014303,0.002655,0.002895,0.000759,0.001923,0.001236,0.001578,0.000858,0.001214,0.000475,0.021637,0.004016,0.00438,0.001148,0.00187,0.001298,0.000719,0.000231,60.47,10.41,0.0889,5.4e-05,60.0
sag_33_03,sag_sim_33,SAG_0033_3p_nom_deep,1,train,Sag,5,SCENARIO_CONTROLLER,three-phase,"A,B,C",0.4405,79.4,0.0198,0.0992,99,496,0.497295,0.83454,1.67816,0.4587,82.0,60.0,60.0027,8.81,0.66104,0.014312,0.002664,0.002884,0.000754,0.001934,0.001236,0.001576,0.000875,0.001199,0.000461,0.021651,0.00403,0.004363,0.001141,0.00187,0.001324,0.000697,0.000231,60.47,10.41,0.0889,5.5e-05,60.0
sag_33_04,sag_sim_33,SAG_0033_3p_nom_deep,1,train,Sag,5,SCENARIO_CONTROLLER,three-phase,"A,B,C",0.4405,79.4,0.0208,0.1002,104,501,0.497292,0.83454,1.678168,0.4588,82.0,60.0,60.0027,8.81,0.661037,0.01431,0.002667,0.002881,0.000753,0.001936,0.001232,0.001579,0.000872,0.001201,0.000464,0.021648,0.004035,0.004358,0.001139,0.001864,0.001319,0.000702,0.000231,60.47,10.41,0.0889,5.4e-05,60.0
sag_33_05,sag_sim_33,SAG_0033_3p_nom_deep,1,train,Sag,5,SCENARIO_CONTROLLER,three-phase,"A,B,C",0.4405,79.4,0.0218,0.1012,109,506,0.4973,0.83454,1.678143,0.4581,82.0,60.0,60.0027,8.8,0.661046,0.014314,0.002657,0.002891,0.000752,0.001939,0.001243,0.001572,0.000884,0.001189,0.000471,0.021654,0.004019,0.004373,0.001138,0.00188,0.001337,0.000713,0.000231,60.47,10.41,0.0889,5.5e-05,60.0
sag_33_06,sag_sim_33,SAG_0033_3p_nom_deep,1,train,Sag,5,SCENARIO_CONTROLLER,three-phase,"A,B,C",0.4405,79.4,0.0228,0.1022,114,511,0.497301,0.83454,1.678138,0.4575,82.0,60.0,60.0027,8.8,0.661047,0.014315,0.002655,0.002893,0.000748,0.001942,0.00124,0.001576,0.00088,0.001193,0.000467,0.021655,0.004016,0.004376,0.001132,0.001876,0.001331,0.000706,0.000231,60.47,10.4,0.0889,5.6e-05,60.0
sag_33_07,sag_sim_33,SAG_0033_3p_nom_deep,1,train,Sag,5,SCENARIO_CONTROLLER,three-phase,"A,B,C",0.4405,79.4,0.0238,0.1032,119,516,0.4973,0.83454,1.678142,0.4568,82.0,60.0,60.0027,8.8,0.661047,0.014318,0.002652,0.002895,0.000745,0.001942,0.001238,0.001574,0.000883,0.001191,0.00047,0.02166,0.004012,0.004379,0.001127,0.001873,0.001336,0.000711,0.000231,60.47,10.4,0.0889,5.5e-05,60.0
sag_33_08,sag_sim_33,SAG_0033_3p_nom_deep,1,train,Sag,5,SCENARIO_CONTROLLER,three-phase,"A,B,C",0.4405,79.4,0.0248,0.1042,124,521,0.497299,0.83454,1.678144,0.4561,82.0,60.0,60.0002,8.8,0.661047,0.014327,0.002642,0.002892,0.000746,0.001933,0.001246,0.001571,0.000881,0.001198,0.000464,0.021673,0.003997,0.004375,0.001129,0.001885,0.001333,0.000702,0.000231,60.47,10.4,0.0889,5.5e-05,60.0
sag_33_09,sag_sim_33,SAG_0033_3p_nom_deep,1,train,Sag,5,SCENARIO_CONTROLLER,three-phase,"A,B,C",0.4405,79.4,0.0258,0.1052,129,526,0.497296,0.83454,1.678157,0.4563,82.0,60.0,60.0002,8.8,0.661041,0.014324,0.002643,0.002904,0.000735,0.001925,0.001255,0.001569,0.000874,0.001205,0.00046,0.021669,0.003998,0.004393,0.001112,0.001899,0.001322,0.000696,0.000231,60.47,10.4,0.0889,5.5e-05,60.0
sag_33_10,sag_sim_33,SAG_0033_3p_nom_deep,1,train,Sag,5,SCENARIO_CONTROLLER,three-phase,"A,B,C",0.4405,79.4,0.0268,0.1062,134,531,0.497302,0.83454,1.678135,0.4573,82.0,60.0,60.0002,8.8,0.66105,0.014319,0.002652,0.002905,0.000729,0.001932,0.001253,0.001561,0.000872,0.001213,0.000456,0.021661,0.004012,0.004395,0.001103,0.001895,0.001319,0.00069,0.000231,60.47,10.41,0.0889,5.4e-05,60.0
sag_33_11,sag_sim_33,SAG_0033_3p_nom_deep,1,train,Sag,5,SCENARIO_CONTROLLER,three-phase,"A,B,C",0.4405,79.4,0.0278,0.1072,139,536,0.497302,0.83454,1.678136,0.4568,82.0,60.0,60.0002,8.8,0.661049,0.01432,0.00265,0.002902,0.000732,0.001937,0.001249,0.001556,0.000866,0.001212,0.000466,0.021663,0.004009,0.00439,0.001107,0.001889,0.00131,0.000705,0.000231,60.47,10.4,0.0889,5.5e-05,60.0
sag_33_12,sag_sim_33,SAG_0033_3p_nom_deep,1,train,Sag,5,SCENARIO_CONTROLLER,three-phase,"A,B,C",0.4405,79.4,0.0288,0.1082,144,541,0.497303,0.83454,1.678133,0.4566,82.0,60.0,60.0002,8.8,0.66105,0.01432,0.002646,0.002897,0.000736,0.001943,0.001252,0.00156,0.000858,0.0012,0.000463,0.021663,0.004003,0.004382,0.001113,0.001894,0.001298,0.0007,0.000231,60.47,10.41,0.0889,5.5e-05,60.0
sag_33_13,sag_sim_33,SAG_0033_3p_nom_deep,1,train,Sag,5,SCENARIO_CONTROLLER,three-phase,"A,B,C",0.4405,79.4,0.0298,0.1092,149,546,0.497294,0.83454,1.678164,0.4585,82.0,60.0,60.0002,8.8,0.66104,0.014321,0.002658,0.002906,0.000747,0.001955,0.001249,0.001564,0.000852,0.001195,0.000448,0.021664,0.004021,0.004396,0.00113,0.001889,0.001289,0.000678,0.000231,60.47,10.41,0.0889,5.6e-05,60.0
sag_33_14,sag_sim_33,SAG_0033_3p_nom_deep,1,train,Sag,5,SCENARIO_CONTROLLER,three-phase,"A,B,C",0.4405,79.4,0.0308,0.1102,154,551,0.49729,0.83454,1.678177,0.4596,82.0,60.0,60.0002,8.8,0.661036,0.014319,0.002663,0.002907,0.000753,0.00196,0.001255,0.00157,0.000859,0.001201,0.000455,0.021661,0.004029,0.004398,0.001139,0.001899,0.001299,0.000688,0.000231,60.47,10.42,0.0889,5.6e-05,60.0
sag_33_15,sag_sim_33,SAG_0033_3p_nom_deep,1,train,Sag,5,SCENARIO_CONTROLLER,three-phase,"A,B,C",0.4405,79.4,0.0318,0.1112,159,556,0.497291,0.83454,1.678172,0.4599,82.0,60.0,60.0002,8.8,0.661038,0.014321,0.002662,0.002911,0.000754,0.001966,0.001258,0.001577,0.000867,0.001206,0.000464,0.021664,0.004027,0.004404,0.001141,0.001903,0.001312,0.000702,0.000232,60.47,10.41,0.0889,5.6e-05,60.0
sag_33_16,sag_sim_33,SAG_0033_3p_nom_deep,1,train,Sag,5,SCENARIO_CONTROLLER,three-phase,"A,B,C",0.4405,79.4,0.0328,0.1122,164,561,0.497292,0.83454,1.678171,0.4603,82.0,60.0,59.9986,8.8,0.661037,0.014328,0.00267,0.002907,0.000753,0.001958,0.001251,0.001577,0.00087,0.001213,0.000471,0.021675,0.004039,0.004398,0.001139,0.001892,0.001316,0.000713,0.000232,60.47,10.41,0.0889,5.6e-05,60.0
sag_33_17,sag_sim_33,SAG_0033_3p_nom_deep,1,train,Sag,5,SCENARIO_CONTROLLER,three-phase,"A,B,C",0.4405,79.4,0.0338,0.1132,169,566,0.497293,0.83454,1.678168,0.4601,82.0,60.0,59.9979,8.8,0.66104,0.014318,0.00266,0.002919,0.000764,0.001968,0.001262,0.001563,0.000854,0.001214,0.000475,0.02166,0.004024,0.004416,0.001156,0.001909,0.001292,0.000719,0.000232,60.47,10.41,0.0889,5.5e-05,60.0
sag_33_18,sag_sim_33,SAG_0033_3p_nom_deep,1,train,Sag,5,SCENARIO_CONTROLLER,three-phase,"A,B,C",0.4405,79.4,0.0348,0.1142,174,571,0.497296,0.83454,1.678156,0.4604,82.0,60.0,59.9979,8.8,0.661044,0.01432,0.002664,0.002921,0.000764,0.001963,0.001258,0.001567,0.000858,0.001212,0.000472,0.021663,0.00403,0.004419,0.001156,0.001903,0.001298,0.000714,0.000232,60.47,10.41,0.0889,5.5e-05,60.0
sag_33_19,sag_sim_33,SAG_0033_3p_nom_deep,1,train,Sag,5,SCENARIO_CONTROLLER,three-phase,"A,B,C",0.4405,79.4,0.0358,0.1152,179,576,0.497305,0.83454,1.678126,0.4616,82.0,60.0,59.9979,8.79,0.661056,0.014331,0.002674,0.002909,0.000759,0.001974,0.00126,0.001562,0.000868,0.001208,0.000461,0.021679,0.004045,0.004401,0.001148,0.001906,0.001313,0.000697,0.000232,60.47,10.41,0.0889,5.5e-05,60.0
sag_33_20,sag_sim_33,SAG_0033_3p_nom_deep,1,train,Sag,5,SCENARIO_CONTROLLER,three-phase,"A,B,C",0.4405,79.4,0.0368,0.1162,184,581,0.497308,0.83454,1.678116,0.461,82.0,60.0,59.9979,8.79,0.661059,0.014333,0.002668,0.002916,0.000767,0.001962,0.001257,0.001566,0.000853,0.001221,0.000471,0.021682,0.004036,0.004411,0.00116,0.001901,0.00129,0.000712,0.000232,60.47,10.41,0.0889,5.4e-05,60.0
sag_33_21,sag_sim_33,SAG_0033_3p_nom_deep,1,train,Sag,5,SCENARIO_CONTROLLER,three-phase,"A,B,C",0.4405,79.4,0.0378,0.1172,189,586,0.49732,0.83454,1.678077,0.4606,82.0,60.0,59.9979,8.79,0.661073,0.014343,0.002659,0.002927,0.000776,0.001953,0.001264,0.001556,0.000853,0.001224,0.000462,0.021697,0.004022,0.004428,0.001174,0.001912,0.00129,0.000699,0.000232,60.47,10.41,0.0889,5.4e-05,60.0
sag_33_22,sag_sim_33,SAG_0033_3p_nom_deep,1,train,Sag,5,SCENARIO_CONTROLLER,three-phase,"A,B,C",0.4405,79.4,0.0388,0.1182,194,591,0.497313,0.83454,1.678099,0.4617,82.0,60.0,59.9979,8.8,0.661065,0.014342,0.002667,0.002921,0.000782,0.001947,0.001262,0.001556,0.000849,0.001228,0.000455,0.021695,0.004034,0.004419,0.001183,0.001909,0.001284,0.000688,0.000232,60.47,10.42,0.0889,5.5e-05,60.0
sag_33_23,sag_sim_33,SAG_0033_3p_nom_deep,1,train,Sag,5,SCENARIO_CONTROLLER,three-phase,"A,B,C",0.4405,79.4,0.0398,0.1192,199,596,0.497312,0.83454,1.678101,0.4618,82.0,60.0,59.9979,8.8,0.661065,0.014343,0.002667,0.002921,0.000782,0.001946,0.001263,0.001553,0.000853,0.001224,0.00046,0.021697,0.004034,0.004419,0.001183,0.001911,0.00129,0.000696,0.000232,60.47,10.43,0.0889,5.5e-05,60.0
sag_33_24,sag_sim_33,SAG_0033_3p_nom_deep,1,train,Sag,5,SCENARIO_CONTROLLER,three-phase,"A,B,C",0.4405,79.4,0.0408,0.1202,204,601,0.497314,0.83454,1.678094,0.4632,82.0,60.0,59.9979,8.8,0.661066,0.014333,0.002677,0.002918,0.000787,0.00195,0.001261,0.00156,0.000848,0.001223,0.000461,0.021682,0.00405,0.004414,0.001191,0.001908,0.001283,0.000697,0.000232,60.47,10.43,0.0889,5.6e-05,60.0
sag_33_25,sag_sim_33,SAG_0033_3p_nom_deep,1,train,Sag,5,SCENARIO_CONTROLLER,three-phase,"A,B,C",0.4405,79.4,0.0418,0.1212,209,606,0.497315,0.83454,1.678091,0.4635,82.0,60.0,59.9998,8.8,0.661066,0.014327,0.002683,0.002919,0.000788,0.001959,0.001252,0.001562,0.000852,0.001211,0.000473,0.021673,0.004059,0.004416,0.001192,0.001894,0.001289,0.000716,0.000232,60.47,10.43,0.0889,5.5e-05,60.0
sag_33_26,sag_sim_33,SAG_0033_3p_nom_deep,1,train,Sag,5,SCENARIO_CONTROLLER,three-phase,"A,B,C",0.4405,79.4,0.0428,0.1222,214,611,0.497318,0.83454,1.67808,0.464,82.0,60.0,59.9998,8.8,0.661071,0.014325,0.002689,0.00292,0.000784,0.001964,0.00125,0.001554,0.000852,0.00122,0.000466,0.021669,0.004068,0.004417,0.001186,0.001891,0.001289,0.000705,0.000232,60.47,10.43,0.0889,5.4e-05,60.0
sag_33_27,sag_sim_33,SAG_0033_3p_nom_deep,1,train,Sag,5,SCENARIO_CONTROLLER,three-phase,"A,B,C",0.4405,79.4,0.0438,0.1232,219,616,0.497309,0.83454,1.678112,0.4618,82.0,60.0,59.9998,8.8,0.661059,0.014336,0.002675,0.002907,0.000798,0.001977,0.001237,0.00154,0.000855,0.001233,0.000463,0.021686,0.004047,0.004397,0.001207,0.001871,0.001293,0.0007,0.000232,60.47,10.42,0.0889,5.4e-05,60.0
sag_33_28,sag_sim_33,SAG_0033_3p_nom_deep,1,train,Sag,5,SCENARIO_CONTROLLER,three-phase,"A,B,C",0.4405,79.4,0.0448,0.1242,224,621,0.497298,0.83454,1.678148,0.4614,82.0,60.0,59.9998,8.8,0.661045,0.014349,0.00267,0.0029,0.000794,0.001978,0.001243,0.001545,0.000854,0.001232,0.00046,0.021707,0.004039,0.004387,0.001201,0.00188,0.001292,0.000696,0.000232,60.47,10.41,0.0889,5.5e-05,60.0
sag_33_29,sag_sim_33,SAG_0033_3p_nom_deep,1,train,Sag,5,SCENARIO_CONTROLLER,three-phase,"A,B,C",0.4405,79.4,0.0458,0.1252,229,626,0.497297,0.834098,1.677264,0.4612,82.0,60.0,59.9998,8.8,0.661044,0.014353,0.002665,0.002896,0.000786,0.001969,0.001254,0.001555,0.00087,0.001248,0.000457,0.021713,0.004032,0.004381,0.001189,0.001897,0.001316,0.000691,0.000233,60.47,10.41,0.0889,5.4e-05,60.0
sag_33_30,sag_sim_33,SAG_0033_3p_nom_deep,1,train,Sag,5,SCENARIO_CONTROLLER,three-phase,"A,B,C",0.4405,79.4,0.0468,0.1262,234,631,0.497295,0.834098,1.677271,0.4618,82.0,60.0,59.9998,8.8,0.661042,0.014353,0.002668,0.002897,0.00079,0.001973,0.001257,0.001558,0.000872,0.001251,0.000456,0.021713,0.004036,0.004382,0.001195,0.001902,0.001319,0.00069,0.000233,60.47,10.42,0.0889,5.5e-05,60.0
sag_33_31,sag_sim_33,SAG_0033_3p_nom_deep,1,train,Sag,5,SCENARIO_CONTROLLER,three-phase,"A,B,C",0.4405,79.4,0.0478,0.1272,239,636,0.497291,0.834098,1.677283,0.4615,82.0,60.0,59.9998,8.8,0.661038,0.014347,0.002667,0.002889,0.000788,0.001966,0.001255,0.00155,0.000865,0.001243,0.000449,0.021704,0.004035,0.00437,0.001192,0.001899,0.001309,0.000679,0.000232,60.47,10.42,0.0889,5.4e-05,60.0
sag_33_32,sag_sim_33,SAG_0033_3p_nom_deep,1,train,Sag,5,SCENARIO_CONTROLLER,three-phase,"A,B,C",0.4405,79.4,0.0488,0.1282,244,641,0.497292,0.834098,1.677282,0.4618,82.0,60.0,59.9998,8.8,0.661038,0.014348,0.002668,0.002891,0.000789,0.001967,0.001257,0.00155,0.000865,0.001242,0.000448,0.021705,0.004036,0.004373,0.001194,0.001902,0.001309,0.000678,0.000232,60.47,10.42,0.0889,5.5e-05,60.0
sag_34_01,sag_sim_34,SAG_0034_1p_heavy_phA,5,train,Sag,5,SCENARIO_CONTROLLER,phase-to-ground,A,0.5405,98.2,0.018,0.1162,90,581,0.471961,0.814677,1.726155,0.3529,99.2,60.0,59.999,9.22,0.630835,0.01269,0.001985,0.002708,0.000718,0.001806,0.000708,0.001422,0.000516,0.000892,0.000306,0.020116,0.003147,0.004293,0.001138,0.001122,0.000818,0.000485,0.00018,60.39,9.28,0.08,4.8e-05,60.0
sag_34_02,sag_sim_34,SAG_0034_1p_heavy_phA,5,train,Sag,5,SCENARIO_CONTROLLER,phase-to-ground,A,0.5405,98.2,0.019,0.1172,95,586,0.471966,0.814677,1.726136,0.3541,99.2,60.0,59.999,9.22,0.630842,0.012693,0.001993,0.002706,0.000708,0.001804,0.000718,0.001422,0.000504,0.000893,0.000315,0.020121,0.003159,0.00429,0.001122,0.001138,0.000799,0.000499,0.00018,60.39,9.27,0.08,4.8e-05,60.0
sag_34_03,sag_sim_34,SAG_0034_1p_heavy_phA,5,train,Sag,5,SCENARIO_CONTROLLER,phase-to-ground,A,0.5405,98.2,0.02,0.1182,100,591,0.471967,0.814677,1.726131,0.354,99.2,60.0,59.999,9.22,0.630843,0.012695,0.001991,0.002708,0.000712,0.001799,0.000716,0.001426,0.000497,0.000895,0.000317,0.020124,0.003156,0.004293,0.001129,0.001135,0.000788,0.000503,0.00018,60.39,9.28,0.08,4.8e-05,60.0
sag_34_04,sag_sim_34,SAG_0034_1p_heavy_phA,5,train,Sag,5,SCENARIO_CONTROLLER,phase-to-ground,A,0.5405,98.2,0.021,0.1192,105,596,0.471952,0.81381,1.724346,0.3541,99.2,60.0,59.999,9.23,0.630826,0.012681,0.001999,0.002699,0.0007,0.001814,0.000709,0.001431,0.000503,0.000885,0.000327,0.020102,0.003169,0.004279,0.00111,0.001124,0.000797,0.000518,0.00018,60.39,9.28,0.08,4.8e-05,60.0
sag_34_05,sag_sim_34,SAG_0034_1p_heavy_phA,5,train,Sag,5,SCENARIO_CONTROLLER,phase-to-ground,A,0.5405,98.2,0.022,0.1202,110,601,0.471954,0.81381,1.72434,0.3533,99.2,60.0,59.999,9.23,0.630828,0.01268,0.001997,0.002701,0.000696,0.001819,0.000704,0.001438,0.000498,0.000889,0.000322,0.020101,0.003166,0.004282,0.001103,0.001116,0.000789,0.00051,0.00018,60.39,9.28,0.08,4.7e-05,60.0
sag_34_06,sag_sim_34,SAG_0034_1p_heavy_phA,5,train,Sag,5,SCENARIO_CONTROLLER,phase-to-ground,A,0.5405,98.2,0.023,0.1212,115,606,0.471953,0.81381,1.724343,0.3529,99.2,60.0,59.999,9.23,0.630827,0.012682,0.001996,0.002703,0.000693,0.001822,0.000701,0.001441,0.000495,0.000891,0.000322,0.020104,0.003164,0.004285,0.001099,0.001111,0.000785,0.00051,0.00018,60.39,9.28,0.08,4.7e-05,60.0
sag_34_07,sag_sim_34,SAG_0034_1p_heavy_phA,5,train,Sag,5,SCENARIO_CONTROLLER,phase-to-ground,A,0.5405,98.2,0.024,0.1222,120,611,0.471954,0.81381,1.72434,0.3537,99.2,60.0,59.999,9.23,0.630828,0.012678,0.002,0.0027,0.000697,0.001821,0.000701,0.001447,0.000487,0.000899,0.000318,0.020097,0.00317,0.00428,0.001105,0.001111,0.000772,0.000504,0.00018,60.39,9.28,0.08,4.8e-05,60.0
sag_34_08,sag_sim_34,SAG_0034_1p_heavy_phA,5,train,Sag,5,SCENARIO_CONTROLLER,phase-to-ground,A,0.5405,98.2,0.025,0.1232,125,616,0.471954,0.81381,1.724341,0.3538,99.2,60.0,60.0017,9.23,0.630827,0.012676,0.002002,0.002702,0.000696,0.001823,0.000701,0.001445,0.000489,0.000899,0.000316,0.020094,0.003174,0.004283,0.001103,0.001111,0.000775,0.000501,0.00018,60.39,9.28,0.08,4.8e-05,60.0
sag_34_09,sag_sim_34,SAG_0034_1p_heavy_phA,5,train,Sag,5,SCENARIO_CONTROLLER,phase-to-ground,A,0.5405,98.2,0.026,0.1242,130,621,0.471952,0.81381,1.724347,0.3537,99.2,60.0,60.0017,9.23,0.630825,0.012678,0.001998,0.002703,0.000698,0.001815,0.000706,0.001454,0.00048,0.000897,0.000326,0.020097,0.003167,0.004285,0.001106,0.001119,0.000761,0.000517,0.00018,60.39,9.28,0.08,4.8e-05,60.0
sag_34_10,sag_sim_34,SAG_0034_1p_heavy_phA,5,train,Sag,5,SCENARIO_CONTROLLER,phase-to-ground,A,0.5405,98.2,0.027,0.1252,135,626,0.471954,0.81381,1.724342,0.3541,99.2,60.0,60.0017,9.23,0.630827,0.012676,0.002001,0.002706,0.000695,0.001812,0.000711,0.001457,0.000476,0.000894,0.00033,0.020094,0.003172,0.00429,0.001102,0.001127,0.000755,0.000523,0.00018,60.39,9.29,0.08,4.8e-05,60.0
sag_34_11,sag_sim_34,SAG_0034_1p_heavy_phA,5,train,Sag,5,SCENARIO_CONTROLLER,phase-to-ground,A,0.5405,98.2,0.028,0.1262,140,631,0.471956,0.81381,1.724332,0.355,99.2,60.0,60.0017,9.23,0.63083,0.012673,0.002007,0.002711,0.000687,0.001805,0.000718,0.001467,0.000479,0.000885,0.000319,0.020089,0.003182,0.004298,0.001089,0.001138,0.000759,0.000506,0.000179,60.39,9.29,0.08,4.8e-05,60.0
sag_34_12,sag_sim_34,SAG_0034_1p_heavy_phA,5,train,Sag,5,SCENARIO_CONTROLLER,phase-to-ground,A,0.5405,98.2,0.029,0.1272,145,636,0.471966,0.81381,1.724298,0.3551,99.2,60.0,60.0017,9.23,0.630841,0.012663,0.002005,0.002711,0.000698,0.001814,0.000714,0.001462,0.000469,0.000878,0.000316,0.020073,0.003178,0.004297,0.001106,0.001132,0.000743,0.000501,0.000179,60.39,9.28,0.08,4.8e-05,60.0
sag_34_13,sag_sim_34,SAG_0034_1p_heavy_phA,5,train,Sag,5,SCENARIO_CONTROLLER,phase-to-ground,A,0.5405,98.2,0.03,0.1282,150,641,0.471958,0.81381,1.724324,0.3565,99.2,60.0,60.0017,9.23,0.630833,0.012666,0.002014,0.002719,0.000704,0.001819,0.000712,0.001462,0.000465,0.000872,0.00031,0.020078,0.003193,0.00431,0.001116,0.001129,0.000737,0.000491,0.000179,60.39,9.28,0.08,4.8e-05,60.0
sag_34_14,sag_sim_34,SAG_0034_1p_heavy_phA,5,train,Sag,5,SCENARIO_CONTROLLER,phase-to-ground,A,0.5405,98.2,0.031,0.1292,155,646,0.471953,0.81381,1.724344,0.3573,99.2,60.0,60.0017,9.23,0.630828,0.01266,0.002017,0.002714,0.000706,0.001819,0.000717,0.00146,0.000466,0.000873,0.000307,0.020069,0.003197,0.004302,0.001119,0.001137,0.000739,0.000487,0.000179,60.39,9.28,0.08,4.8e-05,60.0
sag_34_15,sag_sim_34,SAG_0034_1p_heavy_phA,5,train,Sag,5,SCENARIO_CONTROLLER,phase-to-ground,A,0.5405,98.2,0.032,0.1302,160,651,0.471952,0.81381,1.724348,0.3578,99.2,60.0,60.0017,9.23,0.630827,0.01266,0.002019,0.002714,0.000708,0.001819,0.000719,0.001457,0.000461,0.000867,0.000299,0.020069,0.003201,0.004302,0.001122,0.00114,0.000731,0.000474,0.000179,60.39,9.27,0.08,4.9e-05,60.0
sag_34_16,sag_sim_34,SAG_0034_1p_heavy_phA,5,train,Sag,5,SCENARIO_CONTROLLER,phase-to-ground,A,0.5405,98.2,0.033,0.1312,165,656,0.471952,0.81381,1.724348,0.3577,99.2,60.0,59.9971,9.22,0.630827,0.012659,0.002017,0.002714,0.000708,0.00182,0.00072,0.001456,0.00046,0.000866,0.0003,0.020067,0.003197,0.004302,0.001122,0.001141,0.000729,0.000476,0.000179,60.39,9.27,0.08,4.9e-05,60.0
sag_34_17,sag_sim_34,SAG_0034_1p_heavy_phA,5,train,Sag,5,SCENARIO_CONTROLLER,phase-to-ground,A,0.5405,98.2,0.034,0.1322,170,661,0.471953,0.81381,1.724345,0.3578,99.2,60.0,59.9971,9.22,0.630828,0.012662,0.002021,0.002715,0.000707,0.001813,0.000713,0.001459,0.000468,0.000873,0.000294,0.020072,0.003204,0.004304,0.001121,0.00113,0.000742,0.000466,0.000179,60.39,9.27,0.08,4.9e-05,60.0
sag_34_18,sag_sim_34,SAG_0034_1p_heavy_phA,5,train,Sag,5,SCENARIO_CONTROLLER,phase-to-ground,A,0.5405,98.2,0.035,0.1332,175,666,0.471954,0.81381,1.724342,0.3578,99.2,60.0,59.9971,9.22,0.630829,0.012662,0.002022,0.002716,0.000707,0.001812,0.000712,0.00146,0.00047,0.000874,0.000292,0.020072,0.003205,0.004305,0.001121,0.001129,0.000745,0.000463,0.000179,60.39,9.27,0.08,4.9e-05,60.0
sag_34_19,sag_sim_34,SAG_0034_1p_heavy_phA,5,train,Sag,5,SCENARIO_CONTROLLER,phase-to-ground,A,0.5405,98.2,0.036,0.1342,180,671,0.471952,0.81381,1.724347,0.3573,99.2,60.0,59.9971,9.22,0.630827,0.01266,0.002019,0.002718,0.000712,0.00181,0.000706,0.001465,0.000473,0.000868,0.000294,0.020069,0.003201,0.004309,0.001129,0.001119,0.00075,0.000466,0.000179,60.39,9.27,0.08,4.9e-05,60.0
sag_34_20,sag_sim_34,SAG_0034_1p_heavy_phA,5,train,Sag,5,SCENARIO_CONTROLLER,phase-to-ground,A,0.5405,98.2,0.037,0.1352,185,676,0.471953,0.81381,1.724346,0.3575,99.2,60.0,59.9971,9.22,0.630827,0.012661,0.002022,0.002714,0.000709,0.001815,0.000703,0.001465,0.00048,0.000861,0.000298,0.02007,0.003205,0.004302,0.001124,0.001114,0.000761,0.000472,0.000179,60.39,9.27,0.08,4.9e-05,60.0
sag_34_21,sag_sim_34,SAG_0034_1p_heavy_phA,5,train,Sag,5,SCENARIO_CONTROLLER,phase-to-ground,A,0.5405,98.2,0.038,0.1362,190,681,0.471941,0.81381,1.72439,0.3587,99.2,60.0,59.9971,9.22,0.630814,0.012653,0.002035,0.0027,0.000711,0.001819,0.00069,0.001478,0.000467,0.000869,0.000292,0.020058,0.003226,0.00428,0.001127,0.001094,0.00074,0.000463,0.000179,60.39,9.28,0.08,4.9e-05,60.0
sag_34_22,sag_sim_34,SAG_0034_1p_heavy_phA,5,train,Sag,5,SCENARIO_CONTROLLER,phase-to-ground,A,0.5405,98.2,0.039,0.1372,195,686,0.471941,0.81381,1.724388,0.3586,99.2,60.0,59.9971,9.23,0.630815,0.012654,0.002034,0.002701,0.00071,0.00182,0.00069,0.001479,0.000468,0.000868,0.000293,0.02006,0.003224,0.004282,0.001126,0.001094,0.000742,0.000464,0.000179,60.39,9.28,0.08,4.9e-05,60.0
sag_34_23,sag_sim_34,SAG_0034_1p_heavy_phA,5,train,Sag,5,SCENARIO_CONTROLLER,phase-to-ground,A,0.5405,98.2,0.04,0.1382,200,691,0.471931,0.81381,1.724426,0.3573,99.2,60.0,59.9971,9.23,0.630805,0.012669,0.002032,0.002717,0.0007,0.001833,0.000681,0.001491,0.000457,0.000876,0.000289,0.020084,0.003221,0.004307,0.00111,0.00108,0.000724,0.000458,0.00018,60.39,9.28,0.08,4.9e-05,60.0
sag_34_24,sag_sim_34,SAG_0034_1p_heavy_phA,5,train,Sag,5,SCENARIO_CONTROLLER,phase-to-ground,A,0.5405,98.2,0.041,0.1392,205,696,0.471932,0.81381,1.724422,0.3582,99.2,60.0,59.9971,9.23,0.630806,0.012664,0.002036,0.002714,0.000704,0.001832,0.000681,0.001497,0.00045,0.000882,0.000289,0.020076,0.003228,0.004302,0.001116,0.00108,0.000713,0.000458,0.00018,60.39,9.27,0.08,4.9e-05,60.0
sag_34_25,sag_sim_34,SAG_0034_1p_heavy_phA,5,train,Sag,5,SCENARIO_CONTROLLER,phase-to-ground,A,0.5405,98.2,0.042,0.1402,210,701,0.471931,0.81381,1.724426,0.3586,99.2,60.0,60.0012,9.23,0.630803,0.012658,0.002042,0.002721,0.000697,0.001837,0.00068,0.001491,0.000454,0.000883,0.000286,0.020066,0.003237,0.004314,0.001105,0.001078,0.00072,0.000453,0.000179,60.39,9.26,0.08,4.8e-05,60.0
sag_34_26,sag_sim_34,SAG_0034_1p_heavy_phA,5,train,Sag,5,SCENARIO_CONTROLLER,phase-to-ground,A,0.5405,98.2,0.043,0.1412,215,706,0.471931,0.81381,1.724427,0.3588,99.2,60.0,60.0012,9.23,0.630803,0.012657,0.002043,0.002724,0.000693,0.001835,0.000684,0.001491,0.00045,0.000887,0.00029,0.020065,0.003239,0.004318,0.001099,0.001084,0.000713,0.00046,0.000179,60.39,9.26,0.08,4.8e-05,60.0
sag_34_27,sag_sim_34,SAG_0034_1p_heavy_phA,5,train,Sag,5,SCENARIO_CONTROLLER,phase-to-ground,A,0.5405,98.2,0.044,0.1422,220,711,0.471935,0.81381,1.72441,0.3597,99.2,60.0,60.0012,9.23,0.630809,0.012653,0.00205,0.002726,0.000686,0.001839,0.00069,0.001489,0.000442,0.00089,0.0003,0.020058,0.00325,0.004321,0.001087,0.001094,0.000701,0.000476,0.000179,60.39,9.26,0.08,4.8e-05,60.0
sag_34_28,sag_sim_34,SAG_0034_1p_heavy_phA,5,train,Sag,5,SCENARIO_CONTROLLER,phase-to-ground,A,0.5405,98.2,0.045,0.1432,225,716,0.471927,0.81381,1.72444,0.3591,99.2,60.0,60.0012,9.23,0.630799,0.012664,0.002044,0.002718,0.000682,0.001842,0.000698,0.001495,0.000437,0.000882,0.000294,0.020076,0.00324,0.004309,0.001081,0.001107,0.000693,0.000466,0.00018,60.39,9.27,0.08,4.9e-05,60.0
sag_34_29,sag_sim_34,SAG_0034_1p_heavy_phA,5,train,Sag,5,SCENARIO_CONTROLLER,phase-to-ground,A,0.5405,98.2,0.046,0.1442,230,721,0.471931,0.81381,1.724426,0.3589,99.2,60.0,60.0012,9.23,0.630803,0.012661,0.00204,0.002714,0.000683,0.001845,0.000703,0.0015,0.00044,0.000882,0.000292,0.020071,0.003234,0.004302,0.001083,0.001114,0.000698,0.000463,0.000179,60.39,9.27,0.08,4.9e-05,60.0
sag_34_30,sag_sim_34,SAG_0034_1p_heavy_phA,5,train,Sag,5,SCENARIO_CONTROLLER,phase-to-ground,A,0.5405,98.2,0.047,0.1452,235,726,0.471938,0.81381,1.724401,0.3578,99.2,60.0,60.0012,9.23,0.630811,0.012657,0.002032,0.002705,0.000679,0.001844,0.00071,0.001505,0.000449,0.000892,0.000302,0.020065,0.003221,0.004288,0.001076,0.001126,0.000712,0.000479,0.000179,60.39,9.27,0.08,4.9e-05,60.0
sag_34_31,sag_sim_34,SAG_0034_1p_heavy_phA,5,train,Sag,5,SCENARIO_CONTROLLER,phase-to-ground,A,0.5405,98.2,0.048,0.1462,240,731,0.471925,0.81381,1.724446,0.3599,99.2,60.0,60.0012,9.23,0.630798,0.012648,0.002041,0.002699,0.000686,0.001847,0.00072,0.001504,0.000452,0.000893,0.000298,0.020051,0.003236,0.004279,0.001088,0.001141,0.000717,0.000472,0.000179,60.39,9.27,0.08,4.9e-05,60.0
sag_34_32,sag_sim_34,SAG_0034_1p_heavy_phA,5,train,Sag,5,SCENARIO_CONTROLLER,phase-to-ground,A,0.5405,98.2,0.049,0.1472,245,736,0.471928,0.81381,1.724437,0.3609,99.2,60.0,60.0012,9.23,0.6308,0.012654,0.002046,0.002704,0.000691,0.001849,0.000721,0.001502,0.00045,0.000892,0.000299,0.02006,0.003244,0.004287,0.001095,0.001143,0.000713,0.000474,0.000179,60.39,9.27,0.08,4.9e-05,60.0
sag_35_01,sag_sim_35,SAG_0035_2p_light_phCA,2,train,Sag,5,SCENARIO_CONTROLLER,phase-to-phase,"A,C",0.5087,74.0,0.0186,0.0926,93,463,0.548899,0.90311,1.645311,0.4129,72.8,60.0,60.0003,11.67,0.751115,0.005782,0.002837,0.001282,0.000691,0.000919,0.001043,0.000763,0.000516,0.000283,0.00017,0.007698,0.003777,0.001707,0.00092,0.001389,0.000687,0.000226,4.6e-05,60.16,6.16,0.0553,2.6e-05,60.0
sag_35_02,sag_sim_35,SAG_0035_2p_light_phCA,2,train,Sag,5,SCENARIO_CONTROLLER,phase-to-phase,"A,C",0.5087,74.0,0.0196,0.0936,98,468,0.548901,0.90311,1.645305,0.414,72.8,60.0,60.0003,11.67,0.751117,0.005777,0.002844,0.001284,0.000682,0.000912,0.001055,0.000763,0.000504,0.000291,0.000181,0.007691,0.003786,0.001709,0.000908,0.001405,0.000671,0.000241,4.6e-05,60.16,6.17,0.0553,2.7e-05,60.0
sag_35_03,sag_sim_35,SAG_0035_2p_light_phCA,2,train,Sag,5,SCENARIO_CONTROLLER,phase-to-phase,"A,C",0.5087,74.0,0.0206,0.0946,103,473,0.548909,0.90311,1.64528,0.4139,72.8,60.0,60.0003,11.67,0.751127,0.00578,0.002846,0.001273,0.000688,0.000921,0.001045,0.000767,0.000507,0.000281,0.000185,0.007695,0.003789,0.001695,0.000916,0.001391,0.000675,0.000246,4.7e-05,60.16,6.17,0.0553,2.7e-05,60.0
sag_35_04,sag_sim_35,SAG_0035_2p_light_phCA,2,train,Sag,5,SCENARIO_CONTROLLER,phase-to-phase,"A,C",0.5087,74.0,0.0216,0.0956,108,478,0.548921,0.90311,1.645244,0.413,72.8,60.0,60.0003,11.67,0.751142,0.005793,0.002832,0.001283,0.000692,0.000906,0.001059,0.000754,0.000518,0.000281,0.000179,0.007712,0.00377,0.001708,0.000921,0.00141,0.00069,0.000238,4.7e-05,60.16,6.18,0.0553,2.7e-05,60.0
sag_35_05,sag_sim_35,SAG_0035_2p_light_phCA,2,train,Sag,5,SCENARIO_CONTROLLER,phase-to-phase,"A,C",0.5087,74.0,0.0226,0.0966,113,483,0.548918,0.90311,1.645256,0.4136,72.8,60.0,60.0003,11.67,0.751137,0.005789,0.002835,0.001279,0.000696,0.000904,0.001062,0.000752,0.000519,0.000281,0.000178,0.007707,0.003774,0.001703,0.000927,0.001414,0.000691,0.000237,4.7e-05,60.16,6.17,0.0553,2.6e-05,60.0
sag_35_06,sag_sim_35,SAG_0035_2p_light_phCA,2,train,Sag,5,SCENARIO_CONTROLLER,phase-to-phase,"A,C",0.5087,74.0,0.0236,0.0976,118,488,0.548923,0.90311,1.64524,0.4146,72.8,60.0,60.0003,11.67,0.751144,0.005792,0.00284,0.001273,0.000701,0.0009,0.001069,0.000746,0.000524,0.000276,0.00018,0.007711,0.003781,0.001695,0.000933,0.001423,0.000698,0.00024,4.7e-05,60.16,6.17,0.0553,2.7e-05,60.0
sag_35_07,sag_sim_35,SAG_0035_2p_light_phCA,2,train,Sag,5,SCENARIO_CONTROLLER,phase-to-phase,"A,C",0.5087,74.0,0.0246,0.0986,123,493,0.54893,0.90311,1.645219,0.4172,72.8,60.0,60.0003,11.67,0.751153,0.005786,0.002858,0.001257,0.000716,0.000887,0.001068,0.000754,0.00051,0.000289,0.000172,0.007703,0.003805,0.001673,0.000953,0.001422,0.000679,0.000229,4.7e-05,60.16,6.17,0.0553,2.7e-05,60.0
sag_35_08,sag_sim_35,SAG_0035_2p_light_phCA,2,train,Sag,5,SCENARIO_CONTROLLER,phase-to-phase,"A,C",0.5087,74.0,0.0256,0.0996,128,498,0.548929,0.90311,1.645222,0.417,72.8,60.0,59.9971,11.67,0.751151,0.005793,0.002853,0.001256,0.000719,0.000881,0.001075,0.000753,0.000504,0.000297,0.000167,0.007712,0.003798,0.001672,0.000957,0.001431,0.000671,0.000222,4.7e-05,60.16,6.17,0.0553,2.7e-05,60.0
sag_35_09,sag_sim_35,SAG_0035_2p_light_phCA,2,train,Sag,5,SCENARIO_CONTROLLER,phase-to-phase,"A,C",0.5087,74.0,0.0266,0.1006,133,503,0.548934,0.90311,1.645207,0.4185,72.8,60.0,59.9971,11.67,0.751157,0.005804,0.002866,0.001248,0.000711,0.000898,0.001077,0.000735,0.000502,0.000315,0.000164,0.007727,0.003815,0.001661,0.000947,0.001434,0.000668,0.000218,4.7e-05,60.16,6.18,0.0553,2.6e-05,60.0
sag_35_10,sag_sim_35,SAG_0035_2p_light_phCA,2,train,Sag,5,SCENARIO_CONTROLLER,phase-to-phase,"A,C",0.5087,74.0,0.0276,0.1016,138,508,0.548935,0.90311,1.645202,0.4187,72.8,60.0,59.9971,11.67,0.751159,0.005805,0.002869,0.00125,0.00071,0.000897,0.001077,0.000737,0.000505,0.000314,0.000161,0.007728,0.003819,0.001664,0.000945,0.001434,0.000672,0.000214,4.7e-05,60.16,6.19,0.0553,2.6e-05,60.0
sag_35_11,sag_sim_35,SAG_0035_2p_light_phCA,2,train,Sag,5,SCENARIO_CONTROLLER,phase-to-phase,"A,C",0.5087,74.0,0.0286,0.1026,143,513,0.548935,0.90311,1.645203,0.4189,72.8,60.0,59.9971,11.67,0.751159,0.005806,0.002869,0.001249,0.000708,0.000898,0.001079,0.000738,0.000504,0.00031,0.000158,0.007729,0.003819,0.001663,0.000943,0.001436,0.000671,0.00021,4.7e-05,60.16,6.18,0.0553,2.7e-05,60.0
sag_35_12,sag_sim_35,SAG_0035_2p_light_phCA,2,train,Sag,5,SCENARIO_CONTROLLER,phase-to-phase,"A,C",0.5087,74.0,0.0296,0.1036,148,518,0.548931,0.90311,1.645215,0.4191,72.8,60.0,59.9971,11.67,0.751154,0.00581,0.002872,0.001249,0.000705,0.000897,0.00108,0.000741,0.000506,0.00031,0.000155,0.007735,0.003823,0.001663,0.000939,0.001438,0.000674,0.000206,4.7e-05,60.16,6.18,0.0553,2.6e-05,60.0
sag_35_13,sag_sim_35,SAG_0035_2p_light_phCA,2,train,Sag,5,SCENARIO_CONTROLLER,phase-to-phase,"A,C",0.5087,74.0,0.0306,0.1046,153,523,0.548919,0.90311,1.645251,0.4209,72.8,60.0,59.9971,11.67,0.751139,0.005824,0.002885,0.001261,0.000713,0.000897,0.001081,0.00074,0.000506,0.00031,0.000157,0.007754,0.003841,0.001679,0.000949,0.001439,0.000674,0.000209,4.7e-05,60.16,6.18,0.0553,2.6e-05,60.0
sag_35_14,sag_sim_35,SAG_0035_2p_light_phCA,2,train,Sag,5,SCENARIO_CONTROLLER,phase-to-phase,"A,C",0.5087,74.0,0.0316,0.1056,158,528,0.548914,0.90311,1.645265,0.4214,72.8,60.0,59.9971,11.67,0.751134,0.005829,0.002886,0.001263,0.000717,0.000903,0.001084,0.000743,0.000508,0.000312,0.000158,0.00776,0.003842,0.001681,0.000955,0.001443,0.000676,0.00021,4.7e-05,60.16,6.17,0.0553,2.6e-05,60.0
sag_35_15,sag_sim_35,SAG_0035_2p_light_phCA,2,train,Sag,5,SCENARIO_CONTROLLER,phase-to-phase,"A,C",0.5087,74.0,0.0326,0.1066,163,533,0.54892,0.90311,1.645249,0.4235,72.8,60.0,59.9971,11.67,0.75114,0.005831,0.002898,0.001275,0.000729,0.000914,0.00109,0.000742,0.000499,0.000301,0.000147,0.007763,0.003858,0.001697,0.000971,0.001451,0.000664,0.000196,4.7e-05,60.16,6.16,0.0553,2.6e-05,60.0
sag_35_16,sag_sim_35,SAG_0035_2p_light_phCA,2,train,Sag,5,SCENARIO_CONTROLLER,phase-to-phase,"A,C",0.5087,74.0,0.0336,0.1076,168,538,0.548922,0.90311,1.645242,0.4241,72.8,60.0,60.0008,11.67,0.751143,0.005832,0.002905,0.001281,0.000735,0.000918,0.001083,0.000731,0.000493,0.000302,0.000159,0.007764,0.003867,0.001705,0.000979,0.001442,0.000656,0.000212,4.8e-05,60.16,6.16,0.0553,2.6e-05,60.0
sag_35_17,sag_sim_35,SAG_0035_2p_light_phCA,2,train,Sag,5,SCENARIO_CONTROLLER,phase-to-phase,"A,C",0.5087,74.0,0.0346,0.1086,173,543,0.548922,0.90311,1.645242,0.4241,72.8,60.0,60.0022,11.67,0.751143,0.005836,0.002905,0.001278,0.000731,0.000915,0.001084,0.000734,0.000495,0.000301,0.000155,0.007769,0.003867,0.001701,0.000973,0.001443,0.000659,0.000206,4.8e-05,60.16,6.17,0.0553,2.6e-05,60.0
sag_35_18,sag_sim_35,SAG_0035_2p_light_phCA,2,train,Sag,5,SCENARIO_CONTROLLER,phase-to-phase,"A,C",0.5087,74.0,0.0356,0.1096,178,548,0.548924,0.90311,1.645236,0.4247,72.8,60.0,60.0022,11.67,0.751145,0.005834,0.002909,0.001277,0.000726,0.000914,0.001089,0.000733,0.000489,0.000303,0.000159,0.007767,0.003873,0.0017,0.000967,0.00145,0.000651,0.000212,4.8e-05,60.16,6.16,0.0553,2.6e-05,60.0
sag_35_19,sag_sim_35,SAG_0035_2p_light_phCA,2,train,Sag,5,SCENARIO_CONTROLLER,phase-to-phase,"A,C",0.5087,74.0,0.0366,0.1106,183,553,0.548919,0.90311,1.645252,0.4247,72.8,60.0,60.0022,11.67,0.751139,0.005833,0.002907,0.001283,0.000724,0.000908,0.001094,0.000731,0.000488,0.000308,0.000154,0.007766,0.00387,0.001708,0.000964,0.001456,0.00065,0.000205,4.8e-05,60.16,6.15,0.0553,2.6e-05,60.0
sag_35_20,sag_sim_35,SAG_0035_2p_light_phCA,2,train,Sag,5,SCENARIO_CONTROLLER,phase-to-phase,"A,C",0.5087,74.0,0.0376,0.1116,188,558,0.548933,0.90311,1.645209,0.4241,72.8,60.0,60.0022,11.67,0.751157,0.005843,0.002901,0.001275,0.00074,0.000908,0.001088,0.000742,0.00048,0.000309,0.000158,0.007779,0.003862,0.001697,0.000985,0.001448,0.000639,0.00021,4.8e-05,60.16,6.16,0.0553,2.6e-05,60.0
sag_35_21,sag_sim_35,SAG_0035_2p_light_phCA,2,train,Sag,5,SCENARIO_CONTROLLER,phase-to-phase,"A,C",0.5087,74.0,0.0386,0.1126,193,563,0.548922,0.90311,1.645243,0.4252,72.8,60.0,60.0022,11.67,0.751143,0.00583,0.002915,0.001264,0.000739,0.00092,0.001076,0.000755,0.000467,0.000318,0.000152,0.007762,0.003881,0.001683,0.000984,0.001432,0.000622,0.000202,4.8e-05,60.16,6.16,0.0553,2.6e-05,60.0
sag_35_22,sag_sim_35,SAG_0035_2p_light_phCA,2,train,Sag,5,SCENARIO_CONTROLLER,phase-to-phase,"A,C",0.5087,74.0,0.0396,0.1136,198,568,0.548914,0.90311,1.645267,0.4262,72.8,60.0,60.0022,11.67,0.751133,0.005821,0.002918,0.001261,0.000747,0.00091,0.001084,0.000748,0.000473,0.000312,0.000157,0.00775,0.003885,0.001679,0.000994,0.001443,0.00063,0.000209,4.7e-05,60.16,6.16,0.0553,2.6e-05,60.0
sag_35_23,sag_sim_35,SAG_0035_2p_light_phCA,2,train,Sag,5,SCENARIO_CONTROLLER,phase-to-phase,"A,C",0.5087,74.0,0.0406,0.1146,203,573,0.548919,0.90311,1.64525,0.4279,72.8,60.0,60.0022,11.67,0.75114,0.005821,0.002927,0.001251,0.000757,0.000901,0.001091,0.000744,0.00047,0.000318,0.000148,0.00775,0.003897,0.001665,0.001008,0.001452,0.000626,0.000197,4.7e-05,60.16,6.15,0.0553,2.6e-05,60.0
sag_35_24,sag_sim_35,SAG_0035_2p_light_phCA,2,train,Sag,5,SCENARIO_CONTROLLER,phase-to-phase,"A,C",0.5087,74.0,0.0416,0.1156,208,578,0.548917,0.90311,1.645258,0.427,72.8,60.0,60.0022,11.67,0.751137,0.005823,0.00292,0.001257,0.000751,0.000906,0.001094,0.000737,0.000479,0.000312,0.000148,0.007752,0.003887,0.001673,0.001,0.001456,0.000638,0.000197,4.7e-05,60.16,6.15,0.0553,2.6e-05,60.0
sag_35_25,sag_sim_35,SAG_0035_2p_light_phCA,2,train,Sag,5,SCENARIO_CONTROLLER,phase-to-phase,"A,C",0.5087,74.0,0.0426,0.1166,213,583,0.548916,0.90311,1.64526,0.4269,72.8,60.0,60.0006,11.67,0.751136,0.005823,0.002918,0.001259,0.000751,0.000904,0.001098,0.000738,0.000472,0.000316,0.000151,0.007752,0.003885,0.001676,0.001,0.001462,0.000628,0.000201,4.7e-05,60.16,6.15,0.0553,2.6e-05,60.0
sag_35_26,sag_sim_35,SAG_0035_2p_light_phCA,2,train,Sag,5,SCENARIO_CONTROLLER,phase-to-phase,"A,C",0.5087,74.0,0.0436,0.1176,218,588,0.548918,0.90311,1.645256,0.4273,72.8,60.0,60.0006,11.67,0.751137,0.005826,0.002921,0.001257,0.000748,0.000907,0.0011,0.000734,0.00047,0.000319,0.000153,0.007756,0.003889,0.001673,0.000996,0.001464,0.000626,0.000204,4.8e-05,60.16,6.15,0.0553,2.6e-05,60.0
sag_35_27,sag_sim_35,SAG_0035_2p_light_phCA,2,train,Sag,5,SCENARIO_CONTROLLER,phase-to-phase,"A,C",0.5087,74.0,0.0446,0.1186,223,593,0.548913,0.90311,1.64527,0.4263,72.8,60.0,60.0006,11.67,0.751132,0.005822,0.002913,0.001253,0.000756,0.000908,0.001094,0.000728,0.000471,0.000325,0.000156,0.007751,0.003878,0.001668,0.001006,0.001456,0.000627,0.000208,4.7e-05,60.16,6.15,0.0553,2.5e-05,60.0
sag_35_28,sag_sim_35,SAG_0035_2p_light_phCA,2,train,Sag,5,SCENARIO_CONTROLLER,phase-to-phase,"A,C",0.5087,74.0,0.0456,0.1196,228,598,0.548907,0.90311,1.645286,0.4264,72.8,60.0,60.0006,11.67,0.751125,0.005824,0.002911,0.001245,0.000753,0.000916,0.001103,0.000732,0.000467,0.000315,0.000149,0.007754,0.003876,0.001658,0.001002,0.001468,0.000622,0.000198,4.7e-05,60.16,6.15,0.0553,2.6e-05,60.0
sag_35_29,sag_sim_35,SAG_0035_2p_light_phCA,2,train,Sag,5,SCENARIO_CONTROLLER,phase-to-phase,"A,C",0.5087,74.0,0.0466,0.1206,233,603,0.548894,0.90311,1.645327,0.4275,72.8,60.0,60.0006,11.67,0.751108,0.005839,0.002926,0.001253,0.000748,0.000904,0.001092,0.000725,0.000463,0.000314,0.00015,0.007774,0.003896,0.001668,0.000996,0.001454,0.000616,0.0002,4.8e-05,60.16,6.18,0.0553,2.6e-05,60.0
sag_35_30,sag_sim_35,SAG_0035_2p_light_phCA,2,train,Sag,5,SCENARIO_CONTROLLER,phase-to-phase,"A,C",0.5087,74.0,0.0476,0.1216,238,608,0.548887,0.90311,1.645348,0.4288,72.8,60.0,60.0006,11.67,0.7511,0.005847,0.002929,0.001258,0.000757,0.000916,0.001104,0.000737,0.000475,0.000327,0.000162,0.007785,0.0039,0.001675,0.001008,0.00147,0.000632,0.000216,4.8e-05,60.16,6.18,0.0553,2.6e-05,60.0
sag_35_31,sag_sim_35,SAG_0035_2p_light_phCA,2,train,Sag,5,SCENARIO_CONTROLLER,phase-to-phase,"A,C",0.5087,74.0,0.0486,0.1226,243,613,0.548892,0.90311,1.645332,0.4294,72.8,60.0,60.0006,11.67,0.751106,0.005843,0.002932,0.001262,0.00076,0.000917,0.001107,0.000739,0.000476,0.000327,0.00016,0.007779,0.003904,0.00168,0.001012,0.001474,0.000634,0.000213,4.8e-05,60.16,6.17,0.0553,2.6e-05,60.0
sag_35_32,sag_sim_35,SAG_0035_2p_light_phCA,2,train,Sag,5,SCENARIO_CONTROLLER,phase-to-phase,"A,C",0.5087,74.0,0.0496,0.1236,248,618,0.548888,0.90311,1.645344,0.4279,72.8,60.0,60.0006,11.67,0.751101,0.005838,0.00292,0.001253,0.000752,0.00091,0.001113,0.00075,0.000488,0.000335,0.000161,0.007773,0.003888,0.001668,0.001001,0.001482,0.00065,0.000214,4.8e-05,60.16,6.17,0.0553,2.5e-05,60.0
sag_36_01,sag_sim_36,SAG_0036_3p_highpf_shallow,8,train,Sag,5,SCENARIO_CONTROLLER,three-phase,"A,B,C",0.6714,97.0,0.0194,0.1164,97,582,0.55486,0.896977,1.616582,0.1589,99.4,60.0,59.998,13.58,0.768081,0.000772,0.000787,0.000592,0.000609,0.000696,0.000706,0.000875,0.000725,0.000835,0.000731,0.001005,0.001025,0.000771,0.000793,0.000919,0.000944,0.000952,5e-06,60.18,7.27,0.0373,3.5e-05,60.0
sag_36_02,sag_sim_36,SAG_0036_3p_highpf_shallow,8,train,Sag,5,SCENARIO_CONTROLLER,three-phase,"A,B,C",0.6714,97.0,0.0204,0.1174,102,587,0.554855,0.896977,1.616598,0.1581,99.4,60.0,59.998,13.58,0.768074,0.000781,0.000779,0.000598,0.000619,0.000698,0.000696,0.000874,0.000735,0.000837,0.00072,0.001017,0.001014,0.000779,0.000806,0.000906,0.000957,0.000937,5e-06,60.18,7.26,0.0373,3.5e-05,60.0
sag_36_03,sag_sim_36,SAG_0036_3p_highpf_shallow,8,train,Sag,5,SCENARIO_CONTROLLER,three-phase,"A,B,C",0.6714,97.0,0.0214,0.1184,107,592,0.554856,0.896977,1.616594,0.1579,99.4,60.0,59.998,13.58,0.768075,0.000779,0.000781,0.000593,0.000616,0.000704,0.000693,0.00087,0.000743,0.000836,0.000713,0.001014,0.001017,0.000772,0.000802,0.000902,0.000967,0.000928,5e-06,60.18,7.27,0.0373,3.5e-05,60.0
sag_36_04,sag_sim_36,SAG_0036_3p_highpf_shallow,8,train,Sag,5,SCENARIO_CONTROLLER,three-phase,"A,B,C",0.6714,97.0,0.0224,0.1194,112,597,0.554842,0.896977,1.616635,0.1579,99.4,60.0,59.998,13.58,0.768059,0.000766,0.000798,0.000578,0.000611,0.000717,0.000679,0.000881,0.000739,0.000831,0.000723,0.000997,0.001039,0.000753,0.000796,0.000884,0.000962,0.000941,5e-06,60.18,7.27,0.0373,3.5e-05,60.0
sag_36_05,sag_sim_36,SAG_0036_3p_highpf_shallow,8,train,Sag,5,SCENARIO_CONTROLLER,three-phase,"A,B,C",0.6714,97.0,0.0234,0.1204,117,602,0.554836,0.896977,1.616653,0.1587,99.4,60.0,59.998,13.59,0.768051,0.000758,0.000801,0.000573,0.000617,0.000713,0.000681,0.000881,0.000738,0.000833,0.000721,0.000987,0.001043,0.000746,0.000803,0.000887,0.000961,0.000939,5e-06,60.18,7.26,0.0373,3.5e-05,60.0
sag_36_06,sag_sim_36,SAG_0036_3p_highpf_shallow,8,train,Sag,5,SCENARIO_CONTROLLER,three-phase,"A,B,C",0.6714,97.0,0.0244,0.1214,122,607,0.554832,0.896977,1.616663,0.1592,99.4,60.0,59.998,13.59,0.768047,0.000752,0.0008,0.000575,0.000621,0.000709,0.000685,0.000878,0.000741,0.000829,0.000723,0.000979,0.001042,0.000749,0.000809,0.000892,0.000965,0.000941,5e-06,60.18,7.26,0.0373,3.4e-05,60.0
sag_36_07,sag_sim_36,SAG_0036_3p_highpf_shallow,8,train,Sag,5,SCENARIO_CONTROLLER,three-phase,"A,B,C",0.6714,97.0,0.0254,0.1224,127,612,0.554834,0.896977,1.61666,0.1592,99.4,60.0,59.998,13.59,0.768048,0.000749,0.000807,0.000575,0.000624,0.000713,0.000674,0.000892,0.000727,0.00084,0.000721,0.000975,0.001051,0.000749,0.000812,0.000878,0.000947,0.000939,5e-06,60.18,7.27,0.0373,3.5e-05,60.0
sag_36_08,sag_sim_36,SAG_0036_3p_highpf_shallow,8,train,Sag,5,SCENARIO_CONTROLLER,three-phase,"A,B,C",0.6714,97.0,0.0264,0.1234,132,617,0.554834,0.896977,1.616659,0.1589,99.4,60.0,60.0015,13.6,0.768047,0.000746,0.000811,0.000578,0.000622,0.000718,0.000668,0.000896,0.000726,0.000838,0.000726,0.000971,0.001056,0.000753,0.00081,0.00087,0.000945,0.000945,5e-06,60.18,7.26,0.0373,3.5e-05,60.0
sag_36_09,sag_sim_36,SAG_0036_3p_highpf_shallow,8,train,Sag,5,SCENARIO_CONTROLLER,three-phase,"A,B,C",0.6714,97.0,0.0274,0.1244,137,622,0.554839,0.896977,1.616644,0.1595,99.4,60.0,60.0015,13.6,0.768055,0.000758,0.000823,0.000574,0.00062,0.000733,0.000662,0.000883,0.000739,0.000841,0.00071,0.000987,0.001072,0.000747,0.000807,0.000862,0.000962,0.000924,5e-06,60.18,7.26,0.0373,3.5e-05,60.0
sag_36_10,sag_sim_36,SAG_0036_3p_highpf_shallow,8,train,Sag,5,SCENARIO_CONTROLLER,three-phase,"A,B,C",0.6714,97.0,0.0284,0.1254,142,627,0.554842,0.896977,1.616635,0.1596,99.4,60.0,60.0015,13.6,0.768059,0.000762,0.000826,0.000579,0.000616,0.00073,0.000663,0.000887,0.00074,0.000837,0.000706,0.000992,0.001075,0.000754,0.000802,0.000863,0.000963,0.000919,5e-06,60.18,7.26,0.0373,3.5e-05,60.0
sag_36_11,sag_sim_36,SAG_0036_3p_highpf_shallow,8,train,Sag,5,SCENARIO_CONTROLLER,three-phase,"A,B,C",0.6714,97.0,0.0294,0.1264,147,632,0.554833,0.896977,1.61666,0.1603,99.4,60.0,60.0015,13.6,0.768048,0.00076,0.000829,0.000572,0.000611,0.000736,0.000675,0.000891,0.000732,0.000827,0.000704,0.00099,0.001079,0.000745,0.000796,0.000879,0.000953,0.000917,5e-06,60.18,7.26,0.0373,3.6e-05,60.0
sag_36_12,sag_sim_36,SAG_0036_3p_highpf_shallow,8,train,Sag,5,SCENARIO_CONTROLLER,three-phase,"A,B,C",0.6714,97.0,0.0304,0.1274,152,637,0.554847,0.896977,1.616619,0.1605,99.4,60.0,60.0015,13.6,0.768065,0.00075,0.000813,0.00056,0.000623,0.000752,0.000686,0.000895,0.000726,0.000816,0.000695,0.000976,0.001059,0.000729,0.000811,0.000893,0.000945,0.000905,5e-06,60.18,7.26,0.0373,3.5e-05,60.0
sag_36_13,sag_sim_36,SAG_0036_3p_highpf_shallow,8,train,Sag,5,SCENARIO_CONTROLLER,three-phase,"A,B,C",0.6714,97.0,0.0314,0.1284,157,642,0.554847,0.896977,1.616622,0.1601,99.4,60.0,60.0015,13.6,0.768064,0.00075,0.000816,0.000563,0.000621,0.000747,0.000679,0.000886,0.000716,0.000808,0.000688,0.000976,0.001062,0.000733,0.000809,0.000884,0.000932,0.000896,5e-06,60.18,7.27,0.0373,3.6e-05,60.0
sag_36_14,sag_sim_36,SAG_0036_3p_highpf_shallow,8,train,Sag,5,SCENARIO_CONTROLLER,three-phase,"A,B,C",0.6714,97.0,0.0324,0.1294,162,647,0.554851,0.896977,1.616608,0.1598,99.4,60.0,60.0015,13.6,0.768069,0.000744,0.000818,0.000566,0.000617,0.000743,0.000675,0.000883,0.000713,0.000804,0.000685,0.000969,0.001065,0.000737,0.000803,0.000879,0.000928,0.000892,5e-06,60.18,7.27,0.0373,3.6e-05,60.0
sag_36_15,sag_sim_36,SAG_0036_3p_highpf_shallow,8,train,Sag,5,SCENARIO_CONTROLLER,three-phase,"A,B,C",0.6714,97.0,0.0334,0.1304,167,652,0.554851,0.896977,1.61661,0.1595,99.4,60.0,60.0015,13.6,0.768069,0.000742,0.000813,0.000566,0.000613,0.000744,0.000681,0.000894,0.000726,0.000818,0.000696,0.000966,0.001058,0.000737,0.000798,0.000887,0.000945,0.000906,5e-06,60.18,7.27,0.0373,3.6e-05,60.0
sag_36_16,sag_sim_36,SAG_0036_3p_highpf_shallow,8,train,Sag,5,SCENARIO_CONTROLLER,three-phase,"A,B,C",0.6714,97.0,0.0344,0.1314,172,657,0.554853,0.896977,1.616604,0.1599,99.4,60.0,59.9985,13.59,0.768069,0.000746,0.000823,0.000565,0.000616,0.000739,0.000672,0.000885,0.00072,0.000814,0.000694,0.000971,0.001072,0.000736,0.000802,0.000875,0.000937,0.000904,5e-06,60.18,7.27,0.0373,3.6e-05,60.0
sag_36_17,sag_sim_36,SAG_0036_3p_highpf_shallow,8,train,Sag,5,SCENARIO_CONTROLLER,three-phase,"A,B,C",0.6714,97.0,0.0354,0.1324,177,662,0.554851,0.896977,1.61661,0.1593,99.4,60.0,59.9985,13.59,0.768066,0.000755,0.000819,0.000555,0.000608,0.000736,0.000676,0.00089,0.000722,0.000813,0.000693,0.000983,0.001066,0.000723,0.000792,0.00088,0.00094,0.000902,5e-06,60.18,7.27,0.0373,3.6e-05,60.0
sag_36_18,sag_sim_36,SAG_0036_3p_highpf_shallow,8,train,Sag,5,SCENARIO_CONTROLLER,three-phase,"A,B,C",0.6714,97.0,0.0364,0.1334,182,667,0.554848,0.896977,1.616617,0.1588,99.4,60.0,59.9985,13.59,0.768062,0.000761,0.000813,0.000556,0.000611,0.000742,0.000673,0.000883,0.000723,0.000822,0.000694,0.000991,0.001059,0.000724,0.000796,0.000876,0.000941,0.000904,5e-06,60.18,7.27,0.0373,3.5e-05,60.0
sag_36_19,sag_sim_36,SAG_0036_3p_highpf_shallow,8,train,Sag,5,SCENARIO_CONTROLLER,three-phase,"A,B,C",0.6714,97.0,0.0374,0.1344,187,672,0.554856,0.896977,1.616596,0.1592,99.4,60.0,59.9985,13.59,0.768072,0.000753,0.00082,0.000544,0.000601,0.000753,0.000679,0.000869,0.000724,0.000836,0.000686,0.00098,0.001068,0.000708,0.000782,0.000884,0.000943,0.000893,5e-06,60.18,7.27,0.0373,3.5e-05,60.0
sag_36_20,sag_sim_36,SAG_0036_3p_highpf_shallow,8,train,Sag,5,SCENARIO_CONTROLLER,three-phase,"A,B,C",0.6714,97.0,0.0384,0.1354,192,677,0.554866,0.896977,1.616566,0.1589,99.4,60.0,59.9985,13.59,0.768085,0.000757,0.00081,0.000546,0.000613,0.000745,0.000676,0.00088,0.000714,0.000836,0.000695,0.000986,0.001055,0.000711,0.000798,0.00088,0.00093,0.000905,5e-06,60.18,7.26,0.0373,3.5e-05,60.0
sag_36_21,sag_sim_36,SAG_0036_3p_highpf_shallow,8,train,Sag,5,SCENARIO_CONTROLLER,three-phase,"A,B,C",0.6714,97.0,0.0394,0.1364,197,682,0.554864,0.896977,1.616572,0.1591,99.4,60.0,59.9985,13.59,0.768082,0.000755,0.000812,0.000544,0.000615,0.000745,0.000674,0.000882,0.00071,0.00084,0.000692,0.000983,0.001057,0.000708,0.000801,0.000878,0.000924,0.000901,5e-06,60.18,7.27,0.0373,3.6e-05,60.0
sag_36_22,sag_sim_36,SAG_0036_3p_highpf_shallow,8,train,Sag,5,SCENARIO_CONTROLLER,three-phase,"A,B,C",0.6714,97.0,0.0404,0.1374,202,687,0.554867,0.896977,1.616564,0.1585,99.4,60.0,59.9985,13.59,0.768085,0.000759,0.000813,0.000543,0.000611,0.000749,0.000669,0.000888,0.000704,0.000846,0.000686,0.000988,0.001058,0.000707,0.000795,0.000871,0.000917,0.000893,5e-06,60.18,7.26,0.0373,3.6e-05,60.0
sag_36_23,sag_sim_36,SAG_0036_3p_highpf_shallow,8,train,Sag,5,SCENARIO_CONTROLLER,three-phase,"A,B,C",0.6714,97.0,0.0414,0.1384,207,692,0.554857,0.896977,1.616591,0.1549,99.4,60.0,59.9985,13.59,0.768076,0.000749,0.000794,0.000562,0.000597,0.000765,0.000655,0.0009,0.000695,0.000852,0.000684,0.000975,0.001034,0.000732,0.000777,0.000853,0.000905,0.000891,5e-06,60.18,7.25,0.0373,3.5e-05,60.0
sag_36_24,sag_sim_36,SAG_0036_3p_highpf_shallow,8,train,Sag,5,SCENARIO_CONTROLLER,three-phase,"A,B,C",0.6714,97.0,0.0424,0.1394,212,697,0.554859,0.896977,1.616586,0.156,99.4,60.0,59.9985,13.59,0.768078,0.000751,0.000799,0.000556,0.000604,0.000758,0.000658,0.000903,0.000687,0.000862,0.000674,0.000978,0.00104,0.000724,0.000786,0.000857,0.000894,0.000878,5e-06,60.18,7.25,0.0373,3.5e-05,60.0
sag_36_25,sag_sim_36,SAG_0036_3p_highpf_shallow,8,train,Sag,5,SCENARIO_CONTROLLER,three-phase,"A,B,C",0.6714,97.0,0.0434,0.1404,217,702,0.554859,0.896977,1.616586,0.1559,99.4,60.0,60.0007,13.59,0.768078,0.00075,0.0008,0.000559,0.000601,0.000761,0.000658,0.000899,0.000692,0.00086,0.00067,0.000976,0.001042,0.000728,0.000782,0.000857,0.000901,0.000872,5e-06,60.18,7.23,0.0373,3.5e-05,60.0
sag_36_26,sag_sim_36,SAG_0036_3p_highpf_shallow,8,train,Sag,5,SCENARIO_CONTROLLER,three-phase,"A,B,C",0.6714,97.0,0.0444,0.1414,222,707,0.554856,0.896977,1.616596,0.1553,99.4,60.0,60.0007,13.59,0.768073,0.000743,0.000793,0.000558,0.000605,0.000755,0.000655,0.000905,0.000693,0.000855,0.000671,0.000967,0.001032,0.000726,0.000788,0.000853,0.000902,0.000874,5e-06,60.18,7.23,0.0373,3.5e-05,60.0
sag_36_27,sag_sim_36,SAG_0036_3p_highpf_shallow,8,train,Sag,5,SCENARIO_CONTROLLER,three-phase,"A,B,C",0.6714,97.0,0.0454,0.1424,227,712,0.554853,0.896977,1.616603,0.1547,99.4,60.0,60.0007,13.59,0.768069,0.000738,0.000787,0.000556,0.000611,0.000752,0.000648,0.000907,0.000702,0.000852,0.000662,0.000961,0.001025,0.000724,0.000796,0.000844,0.000914,0.000862,5e-06,60.18,7.23,0.0373,3.5e-05,60.0
sag_36_28,sag_sim_36,SAG_0036_3p_highpf_shallow,8,train,Sag,5,SCENARIO_CONTROLLER,three-phase,"A,B,C",0.6714,97.0,0.0464,0.1434,232,717,0.554866,0.896977,1.616566,0.1539,99.4,60.0,60.0007,13.59,0.768086,0.00074,0.000785,0.000567,0.000616,0.000742,0.000635,0.000905,0.000712,0.000861,0.000659,0.000963,0.001022,0.000738,0.000802,0.000827,0.000927,0.000858,5e-06,60.18,7.22,0.0373,3.5e-05,60.0
sag_36_29,sag_sim_36,SAG_0036_3p_highpf_shallow,8,train,Sag,5,SCENARIO_CONTROLLER,three-phase,"A,B,C",0.6714,97.0,0.0474,0.1444,237,722,0.554855,0.896977,1.616597,0.1537,99.4,60.0,60.0007,13.59,0.768072,0.000748,0.000797,0.000575,0.000605,0.000729,0.000626,0.000905,0.000721,0.000873,0.000668,0.000974,0.001038,0.000749,0.000788,0.000815,0.000939,0.00087,5e-06,60.18,7.22,0.0373,3.5e-05,60.0
sag_36_30,sag_sim_36,SAG_0036_3p_highpf_shallow,8,train,Sag,5,SCENARIO_CONTROLLER,three-phase,"A,B,C",0.6714,97.0,0.0484,0.1454,242,727,0.554866,0.896977,1.616565,0.1519,99.4,60.0,60.0007,13.59,0.768085,0.000733,0.00079,0.000567,0.000593,0.00072,0.000621,0.000903,0.000722,0.000876,0.000671,0.000954,0.001029,0.000738,0.000772,0.000809,0.00094,0.000874,5e-06,60.18,7.22,0.0373,3.5e-05,60.0
sag_36_31,sag_sim_36,SAG_0036_3p_highpf_shallow,8,train,Sag,5,SCENARIO_CONTROLLER,three-phase,"A,B,C",0.6714,97.0,0.0494,0.1464,247,732,0.554861,0.896977,1.616581,0.1497,99.4,60.0,60.0007,13.59,0.76808,0.00074,0.000779,0.000554,0.000585,0.000709,0.00061,0.00089,0.000708,0.000862,0.000657,0.000963,0.001014,0.000721,0.000762,0.000794,0.000922,0.000855,5e-06,60.18,7.23,0.0373,3.5e-05,60.0
sag_36_32,sag_sim_36,SAG_0036_3p_highpf_shallow,8,train,Sag,5,SCENARIO_CONTROLLER,three-phase,"A,B,C",0.6714,97.0,0.0504,0.1474,252,737,0.554858,0.896977,1.61659,0.1482,99.4,60.0,60.0007,13.59,0.768077,0.000741,0.00077,0.000549,0.000577,0.000705,0.000608,0.000891,0.000711,0.000865,0.000658,0.000965,0.001003,0.000715,0.000751,0.000792,0.000926,0.000857,5e-06,60.18,7.22,0.0373,3.5e-05,60.0
