frame_id,simulation_id,scenario_id,operating_condition_id,split,class,label_idx,label_source,phase_config,affected_phases,swell_magnitude_pu,duration_ms,start_time_s,end_time_s,event_start_idx,event_end_idx,rms_voltage,peak_voltage,crest_factor,thd,duration,dominant_freq,system_freq,snr,h1,h2,h3,h4,h5,h6,h7,h8,h9,h10,h11,h2_ratio,h3_ratio,h4_ratio,h5_ratio,h7_ratio,h9_ratio,h11_ratio,harmonic_energy,spectral_centroid,spectral_bandwidth,spectral_entropy,spectral_flatness,true_dominant_freq
swell_01_01,swell_sim_01,SWL_0001_3p_nom_med,1,train,Swell,6,SCENARIO_CONTROLLER,three-phase,"A,B,C",1.3479,82.6,0.0254,0.108,127,540,0.666351,1.106675,1.660799,0.8433,82.6,60.0,59.9985,14.85,0.927354,0.011252,0.006259,0.004753,0.003521,0.003066,0.003096,0.0033,0.002701,0.001754,0.001343,0.012133,0.006749,0.005125,0.003797,0.003339,0.002913,0.001448,0.000243,60.7,12.97,0.034,6.5e-05,60.0
swell_01_02,swell_sim_01,SWL_0001_3p_nom_med,1,train,Swell,6,SCENARIO_CONTROLLER,three-phase,"A,B,C",1.3479,82.6,0.0264,0.109,132,545,0.666352,1.106675,1.660796,0.8427,82.6,60.0,59.9981,14.85,0.927355,0.011258,0.006251,0.004752,0.003528,0.003067,0.00309,0.0033,0.002705,0.001753,0.001339,0.01214,0.006741,0.005124,0.003804,0.003332,0.002917,0.001444,0.000243,60.7,12.97,0.034,6.6e-05,60.0
swell_01_03,swell_sim_01,SWL_0001_3p_nom_med,1,train,Swell,6,SCENARIO_CONTROLLER,three-phase,"A,B,C",1.3479,82.6,0.0274,0.11,137,550,0.666351,1.106675,1.660801,0.8419,82.6,60.0,59.9987,14.86,0.92735,0.011257,0.006238,0.004769,0.003524,0.003054,0.003103,0.003299,0.002698,0.001763,0.001337,0.012139,0.006727,0.005143,0.0038,0.003346,0.002909,0.001442,0.000243,60.7,12.97,0.034,6.6e-05,60.0
swell_01_04,swell_sim_01,SWL_0001_3p_nom_med,1,train,Swell,6,SCENARIO_CONTROLLER,three-phase,"A,B,C",1.3479,82.6,0.0284,0.111,142,555,0.666349,1.106675,1.660804,0.8418,82.6,60.0,59.9987,14.86,0.927348,0.011255,0.006238,0.004773,0.003519,0.003055,0.003107,0.003293,0.002704,0.00176,0.001333,0.012137,0.006727,0.005147,0.003795,0.00335,0.002916,0.001437,0.000243,60.7,12.97,0.034,6.6e-05,60.0
swell_01_05,swell_sim_01,SWL_0001_3p_nom_med,1,train,Swell,6,SCENARIO_CONTROLLER,three-phase,"A,B,C",1.3479,82.6,0.0294,0.112,147,560,0.66634,1.106675,1.660828,0.8439,82.6,60.0,59.9987,14.85,0.927331,0.011235,0.006256,0.004757,0.00353,0.003051,0.003106,0.003297,0.0027,0.001765,0.001328,0.012115,0.006746,0.00513,0.003807,0.003349,0.002912,0.001432,0.000242,60.7,12.97,0.034,6.5e-05,60.0
swell_01_06,swell_sim_01,SWL_0001_3p_nom_med,1,train,Swell,6,SCENARIO_CONTROLLER,three-phase,"A,B,C",1.3479,82.6,0.0304,0.113,152,565,0.666336,1.106675,1.660838,0.8441,82.6,60.0,59.9987,14.85,0.927325,0.011231,0.006258,0.004756,0.00353,0.003051,0.003105,0.003298,0.002698,0.001767,0.001327,0.012111,0.006748,0.005129,0.003807,0.003348,0.002909,0.001431,0.000242,60.7,12.97,0.034,6.7e-05,60.0
swell_01_07,swell_sim_01,SWL_0001_3p_nom_med,1,train,Swell,6,SCENARIO_CONTROLLER,three-phase,"A,B,C",1.3479,82.6,0.0314,0.114,157,570,0.666339,1.106675,1.660828,0.8451,82.6,60.0,59.9987,14.85,0.927331,0.011229,0.006265,0.004748,0.003537,0.003046,0.003105,0.003304,0.002686,0.001779,0.001317,0.012109,0.006756,0.00512,0.003814,0.003348,0.002896,0.00142,0.000242,60.7,12.97,0.034,6.7e-05,60.0
swell_01_08,swell_sim_01,SWL_0001_3p_nom_med,1,train,Swell,6,SCENARIO_CONTROLLER,three-phase,"A,B,C",1.3479,82.6,0.0324,0.115,162,575,0.666333,1.106675,1.660844,0.845,82.6,60.0,59.9987,14.85,0.927322,0.01124,0.006255,0.004745,0.00355,0.003033,0.00311,0.003315,0.002671,0.001782,0.001329,0.012121,0.006745,0.005117,0.003828,0.003354,0.00288,0.001433,0.000243,60.7,12.97,0.034,6.7e-05,60.0
swell_01_09,swell_sim_01,SWL_0001_3p_nom_med,1,train,Swell,6,SCENARIO_CONTROLLER,three-phase,"A,B,C",1.3479,82.6,0.0334,0.116,167,580,0.666335,1.106675,1.660839,0.8451,82.6,60.0,59.9987,14.85,0.927324,0.011232,0.006252,0.004755,0.00355,0.003021,0.00312,0.003322,0.002658,0.001779,0.001345,0.012112,0.006742,0.005128,0.003828,0.003365,0.002866,0.00145,0.000242,60.7,12.97,0.034,6.6e-05,60.0
swell_01_10,swell_sim_01,SWL_0001_3p_nom_med,1,train,Swell,6,SCENARIO_CONTROLLER,three-phase,"A,B,C",1.3479,82.6,0.0344,0.117,172,585,0.666338,1.106675,1.660833,0.8448,82.6,60.0,59.9987,14.85,0.927327,0.011224,0.006245,0.004761,0.003554,0.003016,0.003119,0.003326,0.002658,0.001776,0.001348,0.012104,0.006734,0.005134,0.003833,0.003363,0.002866,0.001454,0.000242,60.7,12.97,0.034,6.6e-05,60.0
swell_01_11,swell_sim_01,SWL_0001_3p_nom_med,1,train,Swell,6,SCENARIO_CONTROLLER,three-phase,"A,B,C",1.3479,82.6,0.0354,0.118,177,590,0.666338,1.106675,1.660831,0.8445,82.6,60.0,60.0002,14.86,0.927328,0.011221,0.006243,0.004762,0.003559,0.003016,0.003113,0.003321,0.002659,0.001784,0.001354,0.0121,0.006732,0.005135,0.003838,0.003357,0.002867,0.00146,0.000242,60.7,12.97,0.034,6.6e-05,60.0
swell_01_12,swell_sim_01,SWL_0001_3p_nom_med,1,train,Swell,6,SCENARIO_CONTROLLER,three-phase,"A,B,C",1.3479,82.6,0.0364,0.119,182,595,0.666337,1.106675,1.660834,0.8445,82.6,60.0,60.0002,14.86,0.927326,0.011225,0.00625,0.00477,0.00356,0.003006,0.003098,0.003312,0.002656,0.001794,0.001372,0.012105,0.00674,0.005144,0.003839,0.003341,0.002864,0.00148,0.000242,60.7,12.97,0.034,6.7e-05,60.0
swell_01_13,swell_sim_01,SWL_0001_3p_nom_med,1,train,Swell,6,SCENARIO_CONTROLLER,three-phase,"A,B,C",1.3479,82.6,0.0374,0.12,187,600,0.666334,1.106675,1.660841,0.845,82.6,60.0,60.0002,14.86,0.927321,0.011231,0.006255,0.004774,0.003561,0.003005,0.003096,0.00331,0.002655,0.001794,0.001373,0.012111,0.006745,0.005148,0.00384,0.003339,0.002863,0.001481,0.000242,60.7,12.97,0.034,6.5e-05,60.0
swell_01_14,swell_sim_01,SWL_0001_3p_nom_med,1,train,Swell,6,SCENARIO_CONTROLLER,three-phase,"A,B,C",1.3479,82.6,0.0384,0.121,192,605,0.666334,1.106675,1.660843,0.8447,82.6,60.0,60.0002,14.86,0.92732,0.011231,0.006255,0.004772,0.00356,0.003003,0.003094,0.003306,0.00265,0.001789,0.001367,0.012111,0.006745,0.005146,0.003839,0.003336,0.002858,0.001474,0.000242,60.7,12.97,0.034,6.6e-05,60.0
swell_01_15,swell_sim_01,SWL_0001_3p_nom_med,1,train,Swell,6,SCENARIO_CONTROLLER,three-phase,"A,B,C",1.3479,82.6,0.0394,0.122,197,610,0.666341,1.106675,1.660823,0.8455,82.6,60.0,60.0002,14.86,0.927333,0.011226,0.006255,0.004777,0.003567,0.003011,0.003103,0.003317,0.002661,0.001798,0.001374,0.012106,0.006745,0.005151,0.003847,0.003346,0.00287,0.001482,0.000243,60.7,12.97,0.034,6.6e-05,60.0
swell_01_16,swell_sim_01,SWL_0001_3p_nom_med,1,train,Swell,6,SCENARIO_CONTROLLER,three-phase,"A,B,C",1.3479,82.6,0.0404,0.123,202,615,0.666345,1.106675,1.660815,0.8457,82.6,60.0,60.0002,14.86,0.927338,0.011229,0.006261,0.00478,0.003564,0.003006,0.003097,0.003315,0.002665,0.001804,0.001378,0.012109,0.006752,0.005155,0.003843,0.00334,0.002874,0.001486,0.000243,60.7,12.97,0.034,6.6e-05,60.0
swell_01_17,swell_sim_01,SWL_0001_3p_nom_med,1,train,Swell,6,SCENARIO_CONTROLLER,three-phase,"A,B,C",1.3479,82.6,0.0414,0.124,207,620,0.666348,1.106675,1.660806,0.8458,82.6,60.0,60.0002,14.86,0.927343,0.011239,0.006263,0.004771,0.003555,0.003006,0.003107,0.003325,0.002659,0.001791,0.001372,0.01212,0.006754,0.005145,0.003834,0.00335,0.002867,0.001479,0.000243,60.7,12.97,0.034,6.6e-05,60.0
swell_01_18,swell_sim_01,SWL_0001_3p_nom_med,1,train,Swell,6,SCENARIO_CONTROLLER,three-phase,"A,B,C",1.3479,82.6,0.0424,0.125,212,625,0.666343,1.106675,1.660819,0.8464,82.6,60.0,60.0002,14.86,0.927336,0.011221,0.006274,0.004786,0.003548,0.00299,0.003108,0.003339,0.002656,0.00178,0.001373,0.0121,0.006766,0.005161,0.003826,0.003352,0.002864,0.001481,0.000243,60.7,12.97,0.034,6.4e-05,60.0
swell_01_19,swell_sim_01,SWL_0001_3p_nom_med,1,train,Swell,6,SCENARIO_CONTROLLER,three-phase,"A,B,C",1.3479,82.6,0.0434,0.126,217,630,0.666344,1.106675,1.660816,0.8455,82.6,60.0,59.9966,14.85,0.927337,0.011228,0.006262,0.004787,0.003559,0.002987,0.003097,0.003345,0.00266,0.00177,0.001375,0.012108,0.006753,0.005162,0.003838,0.00334,0.002868,0.001483,0.000243,60.7,12.97,0.034,6.6e-05,60.0
swell_01_20,swell_sim_01,SWL_0001_3p_nom_med,1,train,Swell,6,SCENARIO_CONTROLLER,three-phase,"A,B,C",1.3479,82.6,0.0444,0.127,222,635,0.666339,1.106675,1.660829,0.8445,82.6,60.0,59.9966,14.85,0.927326,0.011219,0.006255,0.004808,0.00354,0.002988,0.003111,0.003331,0.002669,0.001768,0.001372,0.012098,0.006745,0.005185,0.003817,0.003355,0.002878,0.00148,0.000242,60.7,12.97,0.034,6.6e-05,60.0
swell_01_21,swell_sim_01,SWL_0001_3p_nom_med,1,train,Swell,6,SCENARIO_CONTROLLER,three-phase,"A,B,C",1.3479,82.6,0.0454,0.128,227,640,0.666334,1.106675,1.660841,0.8438,82.6,60.0,59.9966,14.85,0.927317,0.011208,0.00626,0.004813,0.003526,0.003005,0.0031,0.003333,0.002673,0.001755,0.001391,0.012086,0.006751,0.00519,0.003802,0.003343,0.002883,0.0015,0.000242,60.7,12.97,0.034,6.5e-05,60.0
swell_01_22,swell_sim_01,SWL_0001_3p_nom_med,1,train,Swell,6,SCENARIO_CONTROLLER,three-phase,"A,B,C",1.3479,82.6,0.0464,0.129,232,645,0.666334,1.106675,1.660841,0.8438,82.6,60.0,59.9966,14.85,0.927317,0.011209,0.006259,0.004814,0.003526,0.003005,0.003101,0.003331,0.002675,0.001753,0.001393,0.012088,0.00675,0.005191,0.003802,0.003344,0.002885,0.001502,0.000242,60.7,12.97,0.034,6.5e-05,60.0
swell_01_23,swell_sim_01,SWL_0001_3p_nom_med,1,train,Swell,6,SCENARIO_CONTROLLER,three-phase,"A,B,C",1.3479,82.6,0.0474,0.13,237,650,0.666345,1.106675,1.660815,0.8438,82.6,60.0,59.9966,14.85,0.927334,0.011219,0.006256,0.004813,0.003528,0.003001,0.003106,0.003322,0.002689,0.001738,0.001407,0.012098,0.006746,0.00519,0.003804,0.003349,0.0029,0.001517,0.000243,60.7,12.97,0.034,6.5e-05,60.0
swell_01_24,swell_sim_01,SWL_0001_3p_nom_med,1,train,Swell,6,SCENARIO_CONTROLLER,three-phase,"A,B,C",1.3479,82.6,0.0484,0.131,242,655,0.666348,1.106675,1.660807,0.8446,82.6,60.0,59.9966,14.85,0.927339,0.011219,0.00626,0.004807,0.003535,0.002995,0.003109,0.003327,0.002678,0.001749,0.001402,0.012098,0.00675,0.005184,0.003812,0.003353,0.002888,0.001512,0.000243,60.7,12.97,0.034,6.6e-05,60.0
swell_01_25,swell_sim_01,SWL_0001_3p_nom_med,1,train,Swell,6,SCENARIO_CONTROLLER,three-phase,"A,B,C",1.3479,82.6,0.0494,0.132,247,660,0.666349,1.106675,1.660805,0.8447,82.6,60.0,59.9966,14.85,0.927341,0.011219,0.006262,0.004804,0.003536,0.002997,0.003104,0.00333,0.00268,0.001744,0.001406,0.012098,0.006753,0.00518,0.003813,0.003347,0.00289,0.001516,0.000243,60.7,12.97,0.034,6.6e-05,60.0
swell_01_26,swell_sim_01,SWL_0001_3p_nom_med,1,train,Swell,6,SCENARIO_CONTROLLER,three-phase,"A,B,C",1.3479,82.6,0.0504,0.133,252,665,0.666351,1.106675,1.6608,0.8448,82.6,60.0,59.9966,14.85,0.927343,0.011215,0.006264,0.004807,0.003532,0.002999,0.003107,0.003325,0.002679,0.00175,0.001402,0.012094,0.006755,0.005184,0.003809,0.00335,0.002889,0.001512,0.000243,60.7,12.97,0.034,6.6e-05,60.0
swell_01_27,swell_sim_01,SWL_0001_3p_nom_med,1,train,Swell,6,SCENARIO_CONTROLLER,three-phase,"A,B,C",1.3479,82.6,0.0514,0.134,257,670,0.666353,1.106675,1.660796,0.8442,82.6,60.0,59.9993,14.86,0.927345,0.011208,0.006257,0.004812,0.003539,0.002993,0.003101,0.003331,0.002688,0.001747,0.001392,0.012086,0.006747,0.005189,0.003816,0.003344,0.002899,0.001501,0.000242,60.7,12.97,0.034,6.5e-05,60.0
swell_01_28,swell_sim_01,SWL_0001_3p_nom_med,1,train,Swell,6,SCENARIO_CONTROLLER,three-phase,"A,B,C",1.3479,82.6,0.0524,0.135,262,675,0.666354,1.106675,1.660791,0.8443,82.6,60.0,59.9997,14.86,0.927349,0.011203,0.006256,0.004818,0.00355,0.002997,0.003091,0.003318,0.002679,0.001752,0.001406,0.012081,0.006746,0.005195,0.003828,0.003333,0.002889,0.001516,0.000242,60.7,12.97,0.034,6.5e-05,60.0
swell_01_29,swell_sim_01,SWL_0001_3p_nom_med,1,train,Swell,6,SCENARIO_CONTROLLER,three-phase,"A,B,C",1.3479,82.6,0.0534,0.136,267,680,0.666355,1.106675,1.660791,0.8445,82.6,60.0,59.9997,14.86,0.927349,0.011203,0.006258,0.004823,0.003555,0.002998,0.003087,0.003311,0.002672,0.001747,0.001405,0.012081,0.006748,0.005201,0.003834,0.003329,0.002881,0.001515,0.000242,60.7,12.97,0.034,6.4e-05,60.0
swell_01_30,swell_sim_01,SWL_0001_3p_nom_med,1,train,Swell,6,SCENARIO_CONTROLLER,three-phase,"A,B,C",1.3479,82.6,0.0544,0.137,272,685,0.66635,1.106675,1.660802,0.8455,82.6,60.0,59.9997,14.86,0.927341,0.011212,0.006267,0.00483,0.00356,0.003,0.003086,0.003309,0.002669,0.001743,0.001401,0.01209,0.006758,0.005208,0.003839,0.003328,0.002878,0.001511,0.000243,60.7,12.97,0.034,6.5e-05,60.0
swell_01_31,swell_sim_01,SWL_0001_3p_nom_med,1,train,Swell,6,SCENARIO_CONTROLLER,three-phase,"A,B,C",1.3479,82.6,0.0554,0.138,277,690,0.666354,1.106675,1.660792,0.847,82.6,60.0,59.9997,14.86,0.927348,0.011212,0.006271,0.004838,0.00357,0.003012,0.0031,0.003325,0.002686,0.001759,0.001416,0.01209,0.006762,0.005217,0.00385,0.003343,0.002896,0.001527,0.000243,60.7,12.97,0.034,6.5e-05,60.0
swell_01_32,swell_sim_01,SWL_0001_3p_nom_med,1,train,Swell,6,SCENARIO_CONTROLLER,three-phase,"A,B,C",1.3479,82.6,0.0564,0.139,282,695,0.666355,1.106675,1.66079,0.8472,82.6,60.0,59.9997,14.86,0.927349,0.011213,0.006274,0.004841,0.003572,0.003013,0.0031,0.003322,0.002681,0.001755,0.001412,0.012091,0.006766,0.00522,0.003852,0.003343,0.002891,0.001523,0.000243,60.7,12.97,0.034,6.6e-05,60.0
swell_02_01,swell_sim_02,SWL_0002_3p_light_mild,2,test,Swell,6,SCENARIO_CONTROLLER,three-phase,"A,B,C",1.2633,73.6,0.0252,0.0988,126,494,0.684155,1.104772,1.614798,0.6209,82.2,60.0,60.0016,18.5,0.96076,0.01206,0.00439,0.002773,0.003324,0.001749,0.002292,0.002524,0.0021,0.002022,0.00119,0.012553,0.004569,0.002886,0.00346,0.002386,0.002186,0.001239,0.000208,60.35,10.14,0.017,4.7e-05,60.0
swell_02_02,swell_sim_02,SWL_0002_3p_light_mild,2,test,Swell,6,SCENARIO_CONTROLLER,three-phase,"A,B,C",1.2633,73.6,0.0262,0.0998,131,499,0.684153,1.104772,1.614802,0.6207,82.2,60.0,60.0016,18.5,0.960757,0.012059,0.004386,0.002777,0.003327,0.001742,0.002292,0.002532,0.002095,0.002017,0.001198,0.012552,0.004565,0.00289,0.003463,0.002386,0.002181,0.001247,0.000208,60.35,10.14,0.017,4.7e-05,60.0
swell_02_03,swell_sim_02,SWL_0002_3p_light_mild,2,test,Swell,6,SCENARIO_CONTROLLER,three-phase,"A,B,C",1.2633,73.6,0.0272,0.1008,136,504,0.684156,1.104772,1.614795,0.6209,82.2,60.0,60.0016,18.5,0.960762,0.01206,0.004391,0.002772,0.003328,0.001745,0.002288,0.002534,0.002096,0.002013,0.001202,0.012553,0.00457,0.002885,0.003464,0.002381,0.002182,0.001251,0.000208,60.35,10.13,0.017,4.7e-05,60.0
swell_02_04,swell_sim_02,SWL_0002_3p_light_mild,2,test,Swell,6,SCENARIO_CONTROLLER,three-phase,"A,B,C",1.2633,73.6,0.0282,0.1018,141,509,0.684162,1.104772,1.614781,0.6213,82.2,60.0,60.0016,18.5,0.960771,0.012068,0.00439,0.00277,0.003333,0.001739,0.002292,0.002532,0.002097,0.002013,0.001202,0.012561,0.004569,0.002883,0.003469,0.002386,0.002183,0.001251,0.000208,60.35,10.14,0.017,4.7e-05,60.0
swell_02_05,swell_sim_02,SWL_0002_3p_light_mild,2,test,Swell,6,SCENARIO_CONTROLLER,three-phase,"A,B,C",1.2633,73.6,0.0292,0.1028,146,514,0.684162,1.104772,1.614781,0.6212,82.2,60.0,60.0016,18.5,0.960771,0.012068,0.004389,0.002771,0.003332,0.001739,0.002292,0.002531,0.002097,0.002012,0.001204,0.012561,0.004568,0.002884,0.003468,0.002386,0.002183,0.001253,0.000208,60.35,10.14,0.017,4.7e-05,60.0
swell_02_06,swell_sim_02,SWL_0002_3p_light_mild,2,test,Swell,6,SCENARIO_CONTROLLER,three-phase,"A,B,C",1.2633,73.6,0.0302,0.1038,151,519,0.684166,1.104772,1.614773,0.6211,82.2,60.0,60.0016,18.5,0.960776,0.012071,0.004385,0.002772,0.003333,0.001738,0.002294,0.002529,0.002102,0.002008,0.001207,0.012564,0.004564,0.002885,0.003469,0.002388,0.002188,0.001256,0.000208,60.35,10.12,0.017,4.7e-05,60.0
swell_02_07,swell_sim_02,SWL_0002_3p_light_mild,2,test,Swell,6,SCENARIO_CONTROLLER,three-phase,"A,B,C",1.2633,73.6,0.0312,0.1048,156,524,0.684164,1.104772,1.614777,0.6204,82.2,60.0,60.0016,18.5,0.960773,0.012075,0.00438,0.002781,0.003327,0.001741,0.002297,0.002522,0.002111,0.002001,0.001209,0.012568,0.004559,0.002895,0.003463,0.002391,0.002197,0.001258,0.000208,60.35,10.12,0.017,4.7e-05,60.0
swell_02_08,swell_sim_02,SWL_0002_3p_light_mild,2,test,Swell,6,SCENARIO_CONTROLLER,three-phase,"A,B,C",1.2633,73.6,0.0322,0.1058,161,529,0.684165,1.104772,1.614775,0.6205,82.2,60.0,60.0011,18.5,0.960775,0.012081,0.004374,0.00278,0.003335,0.001732,0.0023,0.002527,0.002099,0.002007,0.001213,0.012574,0.004553,0.002893,0.003471,0.002394,0.002185,0.001263,0.000209,60.35,10.13,0.017,4.8e-05,60.0
swell_02_09,swell_sim_02,SWL_0002_3p_light_mild,2,test,Swell,6,SCENARIO_CONTROLLER,three-phase,"A,B,C",1.2633,73.6,0.0332,0.1068,166,534,0.684168,1.104772,1.614767,0.62,82.2,60.0,60.0011,18.5,0.960781,0.012098,0.004364,0.002767,0.003348,0.001734,0.002287,0.002535,0.002107,0.002,0.001211,0.012592,0.004542,0.00288,0.003485,0.00238,0.002193,0.00126,0.000209,60.35,10.12,0.017,4.7e-05,60.0
swell_02_10,swell_sim_02,SWL_0002_3p_light_mild,2,test,Swell,6,SCENARIO_CONTROLLER,three-phase,"A,B,C",1.2633,73.6,0.0342,0.1078,171,539,0.684172,1.104772,1.614757,0.6201,82.2,60.0,60.0011,18.5,0.960788,0.012106,0.004369,0.00276,0.003342,0.00174,0.002291,0.002531,0.002105,0.002001,0.001211,0.0126,0.004547,0.002873,0.003478,0.002385,0.002191,0.00126,0.000209,60.35,10.12,0.017,4.7e-05,60.0
swell_02_11,swell_sim_02,SWL_0002_3p_light_mild,2,test,Swell,6,SCENARIO_CONTROLLER,three-phase,"A,B,C",1.2633,73.6,0.0352,0.1088,176,544,0.684178,1.104772,1.614743,0.6206,82.2,60.0,60.0011,18.5,0.960797,0.012105,0.004378,0.002767,0.00334,0.00173,0.002286,0.002536,0.002113,0.002006,0.001208,0.012599,0.004557,0.00288,0.003476,0.002379,0.002199,0.001257,0.000209,60.35,10.12,0.017,4.7e-05,60.0
swell_02_12,swell_sim_02,SWL_0002_3p_light_mild,2,test,Swell,6,SCENARIO_CONTROLLER,three-phase,"A,B,C",1.2633,73.6,0.0362,0.1098,181,549,0.68417,1.104772,1.614763,0.6197,82.2,60.0,60.0011,18.5,0.960784,0.012112,0.004369,0.002752,0.003328,0.001731,0.002299,0.002553,0.002125,0.002006,0.001194,0.012606,0.004547,0.002864,0.003464,0.002393,0.002212,0.001243,0.000209,60.35,10.12,0.017,4.6e-05,60.0
swell_02_13,swell_sim_02,SWL_0002_3p_light_mild,2,test,Swell,6,SCENARIO_CONTROLLER,three-phase,"A,B,C",1.2633,73.6,0.0372,0.1108,186,554,0.684177,1.104772,1.614747,0.6182,82.2,60.0,60.0011,18.5,0.960794,0.012101,0.004358,0.002742,0.003318,0.001726,0.002297,0.002557,0.00213,0.002014,0.001206,0.012595,0.004536,0.002854,0.003453,0.002391,0.002217,0.001255,0.000209,60.35,10.12,0.017,4.7e-05,60.0
swell_02_14,swell_sim_02,SWL_0002_3p_light_mild,2,test,Swell,6,SCENARIO_CONTROLLER,three-phase,"A,B,C",1.2633,73.6,0.0382,0.1118,191,559,0.684177,1.104772,1.614745,0.6177,82.2,60.0,60.0011,18.5,0.960795,0.012099,0.004357,0.002739,0.003314,0.001722,0.002294,0.002555,0.002123,0.002006,0.001199,0.012593,0.004535,0.002851,0.003449,0.002388,0.00221,0.001248,0.000209,60.35,10.12,0.017,4.7e-05,60.0
swell_02_15,swell_sim_02,SWL_0002_3p_light_mild,2,test,Swell,6,SCENARIO_CONTROLLER,three-phase,"A,B,C",1.2633,73.6,0.0392,0.1128,196,564,0.684172,1.104772,1.614758,0.617,82.2,60.0,60.0011,18.5,0.960788,0.012101,0.004359,0.002735,0.003305,0.001713,0.002284,0.002546,0.002117,0.002002,0.001197,0.012595,0.004537,0.002847,0.00344,0.002377,0.002203,0.001246,0.000208,60.35,10.12,0.017,4.7e-05,60.0
swell_02_16,swell_sim_02,SWL_0002_3p_light_mild,2,test,Swell,6,SCENARIO_CONTROLLER,three-phase,"A,B,C",1.2633,73.6,0.0402,0.1138,201,569,0.684169,1.104772,1.614764,0.616,82.2,60.0,59.9988,18.48,0.960785,0.012092,0.004347,0.00272,0.003298,0.001714,0.002293,0.002558,0.002125,0.002002,0.001191,0.012586,0.004524,0.002831,0.003433,0.002387,0.002212,0.00124,0.000208,60.35,10.12,0.017,4.7e-05,60.0
swell_02_17,swell_sim_02,SWL_0002_3p_light_mild,2,test,Swell,6,SCENARIO_CONTROLLER,three-phase,"A,B,C",1.2633,73.6,0.0412,0.1148,206,574,0.684168,1.104772,1.614766,0.6161,82.2,60.0,59.9988,18.48,0.960784,0.012086,0.004338,0.002714,0.003305,0.001728,0.002302,0.002552,0.002108,0.002,0.001207,0.012579,0.004515,0.002825,0.00344,0.002396,0.002194,0.001256,0.000208,60.35,10.13,0.017,4.7e-05,60.0
swell_02_18,swell_sim_02,SWL_0002_3p_light_mild,2,test,Swell,6,SCENARIO_CONTROLLER,three-phase,"A,B,C",1.2633,73.6,0.0422,0.1158,211,579,0.68417,1.104772,1.614763,0.6159,82.2,60.0,59.9988,18.48,0.960786,0.012081,0.004337,0.00272,0.003307,0.001722,0.002297,0.002556,0.002113,0.001995,0.001201,0.012574,0.004514,0.002831,0.003442,0.002391,0.002199,0.00125,0.000208,60.35,10.13,0.017,4.7e-05,60.0
swell_02_19,swell_sim_02,SWL_0002_3p_light_mild,2,test,Swell,6,SCENARIO_CONTROLLER,three-phase,"A,B,C",1.2633,73.6,0.0432,0.1168,216,584,0.684177,1.104772,1.614747,0.6164,82.2,60.0,59.9988,18.49,0.960797,0.012077,0.004348,0.00272,0.003297,0.001726,0.002303,0.002553,0.00211,0.001998,0.001204,0.01257,0.004525,0.002831,0.003432,0.002397,0.002196,0.001253,0.000208,60.35,10.12,0.017,4.7e-05,60.0
swell_02_20,swell_sim_02,SWL_0002_3p_light_mild,2,test,Swell,6,SCENARIO_CONTROLLER,three-phase,"A,B,C",1.2633,73.6,0.0442,0.1178,221,589,0.684182,1.104772,1.614735,0.6168,82.2,60.0,59.9988,18.49,0.960805,0.012079,0.004355,0.002712,0.003301,0.001732,0.002294,0.002556,0.002113,0.001989,0.001213,0.012572,0.004533,0.002823,0.003436,0.002388,0.002199,0.001262,0.000208,60.35,10.12,0.017,4.6e-05,60.0
swell_02_21,swell_sim_02,SWL_0002_3p_light_mild,2,test,Swell,6,SCENARIO_CONTROLLER,three-phase,"A,B,C",1.2633,73.6,0.0452,0.1188,226,594,0.684181,1.104772,1.614736,0.6173,82.2,60.0,59.9988,18.49,0.960805,0.012078,0.004358,0.002709,0.003304,0.001729,0.002295,0.002559,0.002109,0.001994,0.001206,0.012571,0.004536,0.00282,0.003439,0.002389,0.002195,0.001255,0.000208,60.35,10.12,0.017,4.6e-05,60.0
swell_02_22,swell_sim_02,SWL_0002_3p_light_mild,2,test,Swell,6,SCENARIO_CONTROLLER,three-phase,"A,B,C",1.2633,73.6,0.0462,0.1198,231,599,0.684183,1.104772,1.614732,0.6169,82.2,60.0,59.9988,18.49,0.960807,0.012081,0.004355,0.002711,0.003302,0.00173,0.002294,0.002558,0.00211,0.001994,0.001208,0.012574,0.004533,0.002822,0.003437,0.002388,0.002196,0.001257,0.000208,60.35,10.12,0.017,4.7e-05,60.0
swell_02_23,swell_sim_02,SWL_0002_3p_light_mild,2,test,Swell,6,SCENARIO_CONTROLLER,three-phase,"A,B,C",1.2633,73.6,0.0472,0.1208,236,604,0.684189,1.104772,1.614717,0.6158,82.2,60.0,59.9988,18.49,0.960816,0.012088,0.004345,0.002718,0.003298,0.001735,0.002292,0.00256,0.002116,0.001983,0.00122,0.012581,0.004522,0.002829,0.003432,0.002385,0.002202,0.00127,0.000208,60.35,10.12,0.017,4.7e-05,60.0
swell_02_24,swell_sim_02,SWL_0002_3p_light_mild,2,test,Swell,6,SCENARIO_CONTROLLER,three-phase,"A,B,C",1.2633,73.6,0.0482,0.1218,241,609,0.684185,1.104772,1.614727,0.6142,82.2,60.0,59.9988,18.49,0.960811,0.012094,0.004336,0.002734,0.003283,0.001745,0.002291,0.002555,0.002129,0.001971,0.001226,0.012587,0.004513,0.002846,0.003417,0.002384,0.002216,0.001276,0.000208,60.35,10.12,0.017,4.7e-05,60.0
swell_02_25,swell_sim_02,SWL_0002_3p_light_mild,2,test,Swell,6,SCENARIO_CONTROLLER,three-phase,"A,B,C",1.2633,73.6,0.0492,0.1228,246,614,0.684186,1.104772,1.614725,0.6143,82.2,60.0,59.9996,18.49,0.960812,0.01209,0.004342,0.002729,0.003283,0.001751,0.002281,0.002561,0.002136,0.00196,0.001232,0.012583,0.004519,0.00284,0.003417,0.002374,0.002223,0.001282,0.000208,60.35,10.12,0.017,4.7e-05,60.0
swell_02_26,swell_sim_02,SWL_0002_3p_light_mild,2,test,Swell,6,SCENARIO_CONTROLLER,three-phase,"A,B,C",1.2633,73.6,0.0502,0.1238,251,619,0.684187,1.104772,1.614723,0.6141,82.2,60.0,59.9996,18.49,0.960813,0.012094,0.004339,0.002726,0.003287,0.001752,0.002276,0.002564,0.002141,0.001957,0.001227,0.012587,0.004516,0.002837,0.003421,0.002369,0.002228,0.001277,0.000208,60.35,10.13,0.017,4.7e-05,60.0
swell_02_27,swell_sim_02,SWL_0002_3p_light_mild,2,test,Swell,6,SCENARIO_CONTROLLER,three-phase,"A,B,C",1.2633,73.6,0.0512,0.1248,256,624,0.68419,1.104772,1.614714,0.6144,82.2,60.0,59.9996,18.49,0.960819,0.012096,0.004346,0.002726,0.003279,0.001748,0.002282,0.00257,0.00214,0.001949,0.001225,0.012589,0.004523,0.002837,0.003413,0.002375,0.002227,0.001275,0.000208,60.35,10.13,0.017,4.7e-05,60.0
swell_02_28,swell_sim_02,SWL_0002_3p_light_mild,2,test,Swell,6,SCENARIO_CONTROLLER,three-phase,"A,B,C",1.2633,73.6,0.0522,0.1258,261,629,0.684192,1.104772,1.614709,0.6146,82.2,60.0,59.9996,18.49,0.960822,0.012093,0.004348,0.002731,0.003286,0.001748,0.002274,0.002561,0.002136,0.001956,0.001239,0.012586,0.004525,0.002842,0.00342,0.002367,0.002223,0.00129,0.000208,60.35,10.13,0.017,4.7e-05,60.0
swell_02_29,swell_sim_02,SWL_0002_3p_light_mild,2,test,Swell,6,SCENARIO_CONTROLLER,three-phase,"A,B,C",1.2633,73.6,0.0532,0.1268,266,634,0.684196,1.104772,1.614701,0.6154,82.2,60.0,59.9996,18.49,0.960828,0.012091,0.004355,0.002742,0.003296,0.001749,0.002265,0.002545,0.00212,0.001945,0.00124,0.012584,0.004533,0.002854,0.00343,0.002357,0.002206,0.001291,0.000208,60.35,10.13,0.017,4.7e-05,60.0
swell_02_30,swell_sim_02,SWL_0002_3p_light_mild,2,test,Swell,6,SCENARIO_CONTROLLER,three-phase,"A,B,C",1.2633,73.6,0.0542,0.1278,271,639,0.684207,1.104772,1.614676,0.6143,82.2,60.0,59.9996,18.49,0.960844,0.012074,0.004343,0.002731,0.003289,0.001751,0.002272,0.002558,0.002133,0.00196,0.001255,0.012566,0.00452,0.002842,0.003423,0.002365,0.00222,0.001306,0.000208,60.35,10.13,0.017,4.7e-05,60.0
swell_02_31,swell_sim_02,SWL_0002_3p_light_mild,2,test,Swell,6,SCENARIO_CONTROLLER,three-phase,"A,B,C",1.2633,73.6,0.0552,0.1288,276,644,0.684212,1.104772,1.614664,0.6126,82.2,60.0,59.9996,18.49,0.960851,0.012067,0.004333,0.002722,0.00328,0.001741,0.002262,0.002547,0.002122,0.001949,0.001244,0.012559,0.00451,0.002833,0.003414,0.002354,0.002208,0.001295,0.000207,60.35,10.13,0.017,4.6e-05,60.0
swell_02_32,swell_sim_02,SWL_0002_3p_light_mild,2,test,Swell,6,SCENARIO_CONTROLLER,three-phase,"A,B,C",1.2633,73.6,0.0562,0.1298,281,649,0.684213,1.104772,1.614662,0.6132,82.2,60.0,59.9996,18.49,0.960852,0.012068,0.004335,0.002726,0.003285,0.001746,0.002265,0.002549,0.002117,0.00194,0.001234,0.01256,0.004512,0.002837,0.003419,0.002357,0.002203,0.001284,0.000207,60.35,10.13,0.017,4.6e-05,60.0
swell_03_01,swell_sim_03,SWL_0003_3p_light_high,3,val,Swell,6,SCENARIO_CONTROLLER,three-phase,"A,B,C",1.3037,82.4,0.0252,0.1076,126,538,0.685651,1.116321,1.628117,0.8209,83.6,60.0,59.9989,16.45,0.958871,0.010667,0.005898,0.004675,0.003922,0.003586,0.003434,0.003764,0.003156,0.001983,0.001603,0.011125,0.006151,0.004876,0.00409,0.003581,0.003291,0.001672,0.000241,60.66,13.45,0.0257,6.5e-05,60.0
swell_03_02,swell_sim_03,SWL_0003_3p_light_high,3,val,Swell,6,SCENARIO_CONTROLLER,three-phase,"A,B,C",1.3037,82.4,0.0262,0.1086,131,543,0.685656,1.116321,1.628106,0.8198,83.6,60.0,59.9989,16.45,0.958877,0.010685,0.005881,0.004662,0.003939,0.003597,0.003419,0.003756,0.003173,0.001984,0.001587,0.011143,0.006133,0.004862,0.004108,0.003566,0.003309,0.001655,0.000241,60.66,13.45,0.0257,6.5e-05,60.0
swell_03_03,swell_sim_03,SWL_0003_3p_light_high,3,val,Swell,6,SCENARIO_CONTROLLER,three-phase,"A,B,C",1.3037,82.4,0.0272,0.1096,136,548,0.685657,1.116321,1.628104,0.8197,83.6,60.0,60.0013,16.46,0.958878,0.010688,0.005877,0.004662,0.003945,0.003591,0.003417,0.003765,0.003163,0.001986,0.001595,0.011146,0.006129,0.004862,0.004114,0.003564,0.003299,0.001663,0.000241,60.66,13.46,0.0257,6.5e-05,60.0
swell_03_04,swell_sim_03,SWL_0003_3p_light_high,3,val,Swell,6,SCENARIO_CONTROLLER,three-phase,"A,B,C",1.3037,82.4,0.0282,0.1106,141,553,0.685662,1.116321,1.628091,0.8202,83.6,60.0,60.0013,16.46,0.958887,0.010699,0.005871,0.004658,0.003956,0.003579,0.003426,0.00376,0.003165,0.001989,0.001591,0.011158,0.006123,0.004858,0.004126,0.003573,0.003301,0.001659,0.000241,60.66,13.46,0.0257,6.4e-05,60.0
swell_03_05,swell_sim_03,SWL_0003_3p_light_high,3,val,Swell,6,SCENARIO_CONTROLLER,three-phase,"A,B,C",1.3037,82.4,0.0292,0.1116,146,558,0.685665,1.116321,1.628084,0.8197,83.6,60.0,60.0013,16.46,0.958892,0.010705,0.005865,0.004663,0.003953,0.003578,0.003429,0.003756,0.003169,0.001983,0.001597,0.011164,0.006116,0.004863,0.004122,0.003576,0.003305,0.001665,0.000242,60.66,13.46,0.0257,6.5e-05,60.0
swell_03_06,swell_sim_03,SWL_0003_3p_light_high,3,val,Swell,6,SCENARIO_CONTROLLER,three-phase,"A,B,C",1.3037,82.4,0.0302,0.1126,151,563,0.68566,1.116321,1.628096,0.8214,83.6,60.0,60.0013,16.46,0.958884,0.010697,0.005873,0.004653,0.003963,0.003567,0.00344,0.003745,0.003177,0.001976,0.001602,0.011156,0.006125,0.004853,0.004133,0.003588,0.003313,0.001671,0.000241,60.66,13.45,0.0257,6.4e-05,60.0
swell_03_07,swell_sim_03,SWL_0003_3p_light_high,3,val,Swell,6,SCENARIO_CONTROLLER,three-phase,"A,B,C",1.3037,82.4,0.0312,0.1136,156,568,0.685665,1.116321,1.628084,0.8222,83.6,60.0,60.0013,16.46,0.958892,0.010696,0.005879,0.004646,0.003969,0.003564,0.00344,0.00375,0.00317,0.001982,0.001601,0.011155,0.006131,0.004845,0.004139,0.003587,0.003306,0.00167,0.000241,60.66,13.45,0.0257,6.5e-05,60.0
swell_03_08,swell_sim_03,SWL_0003_3p_light_high,3,val,Swell,6,SCENARIO_CONTROLLER,three-phase,"A,B,C",1.3037,82.4,0.0322,0.1146,161,573,0.685667,1.116321,1.628079,0.8222,83.6,60.0,60.0013,16.46,0.958895,0.010693,0.005883,0.004645,0.003967,0.003568,0.003438,0.003748,0.003174,0.001979,0.001599,0.011151,0.006135,0.004844,0.004137,0.003585,0.00331,0.001668,0.000241,60.66,13.45,0.0257,6.5e-05,60.0
swell_03_09,swell_sim_03,SWL_0003_3p_light_high,3,val,Swell,6,SCENARIO_CONTROLLER,three-phase,"A,B,C",1.3037,82.4,0.0332,0.1156,166,578,0.685672,1.116321,1.628067,0.8224,83.6,60.0,60.0013,16.46,0.958902,0.010684,0.005889,0.004651,0.003955,0.003572,0.003446,0.003738,0.003169,0.001992,0.001597,0.011142,0.006141,0.00485,0.004125,0.003594,0.003305,0.001665,0.000241,60.66,13.45,0.0257,6.5e-05,60.0
swell_03_10,swell_sim_03,SWL_0003_3p_light_high,3,val,Swell,6,SCENARIO_CONTROLLER,three-phase,"A,B,C",1.3037,82.4,0.0342,0.1166,171,583,0.685668,1.116321,1.628077,0.8228,83.6,60.0,60.0013,16.46,0.958897,0.010697,0.005896,0.004639,0.00395,0.003584,0.003447,0.003727,0.003165,0.002,0.0016,0.011156,0.006149,0.004838,0.004119,0.003595,0.003301,0.001669,0.000242,60.66,13.45,0.0257,6.5e-05,60.0
swell_03_11,swell_sim_03,SWL_0003_3p_light_high,3,val,Swell,6,SCENARIO_CONTROLLER,three-phase,"A,B,C",1.3037,82.4,0.0352,0.1176,176,588,0.685668,1.116321,1.628078,0.8232,83.6,60.0,60.0006,16.46,0.958897,0.0107,0.005902,0.00464,0.003946,0.003581,0.00345,0.003731,0.003165,0.001997,0.001598,0.011159,0.006155,0.004839,0.004115,0.003598,0.003301,0.001666,0.000242,60.66,13.45,0.0257,6.5e-05,60.0
swell_03_12,swell_sim_03,SWL_0003_3p_light_high,3,val,Swell,6,SCENARIO_CONTROLLER,three-phase,"A,B,C",1.3037,82.4,0.0362,0.1186,181,593,0.685669,1.116321,1.628076,0.8232,83.6,60.0,60.0006,16.46,0.958898,0.010698,0.005899,0.004638,0.003947,0.003585,0.003455,0.003734,0.003166,0.001993,0.001592,0.011157,0.006152,0.004837,0.004116,0.003603,0.003302,0.00166,0.000242,60.66,13.45,0.0257,6.5e-05,60.0
swell_03_13,swell_sim_03,SWL_0003_3p_light_high,3,val,Swell,6,SCENARIO_CONTROLLER,three-phase,"A,B,C",1.3037,82.4,0.0372,0.1196,186,598,0.685673,1.116321,1.628066,0.8237,83.6,60.0,60.0006,16.46,0.958906,0.010689,0.005892,0.004638,0.003954,0.003598,0.003469,0.003746,0.003177,0.001999,0.001593,0.011147,0.006145,0.004837,0.004123,0.003618,0.003313,0.001661,0.000242,60.66,13.44,0.0257,6.5e-05,60.0
swell_03_14,swell_sim_03,SWL_0003_3p_light_high,3,val,Swell,6,SCENARIO_CONTROLLER,three-phase,"A,B,C",1.3037,82.4,0.0382,0.1206,191,603,0.68567,1.116321,1.628073,0.825,83.6,60.0,60.0006,16.46,0.958901,0.010695,0.005899,0.004646,0.003961,0.003605,0.003476,0.003754,0.003187,0.002009,0.001602,0.011153,0.006152,0.004845,0.004131,0.003625,0.003324,0.001671,0.000242,60.66,13.44,0.0257,6.5e-05,60.0
swell_03_15,swell_sim_03,SWL_0003_3p_light_high,3,val,Swell,6,SCENARIO_CONTROLLER,three-phase,"A,B,C",1.3037,82.4,0.0392,0.1216,196,608,0.685665,1.116321,1.628084,0.8245,83.6,60.0,60.0006,16.46,0.958893,0.0107,0.0059,0.004645,0.003958,0.0036,0.003469,0.003745,0.003178,0.002002,0.001599,0.011159,0.006153,0.004844,0.004128,0.003618,0.003314,0.001668,0.000242,60.66,13.44,0.0257,6.5e-05,60.0
swell_03_16,swell_sim_03,SWL_0003_3p_light_high,3,val,Swell,6,SCENARIO_CONTROLLER,three-phase,"A,B,C",1.3037,82.4,0.0402,0.1226,201,613,0.685665,1.116321,1.628085,0.8244,83.6,60.0,60.0006,16.46,0.958893,0.0107,0.0059,0.004644,0.003956,0.003599,0.003469,0.003746,0.003181,0.002004,0.001598,0.011159,0.006153,0.004843,0.004126,0.003618,0.003317,0.001667,0.000242,60.66,13.44,0.0257,6.5e-05,60.0
swell_03_17,swell_sim_03,SWL_0003_3p_light_high,3,val,Swell,6,SCENARIO_CONTROLLER,three-phase,"A,B,C",1.3037,82.4,0.0412,0.1236,206,618,0.685668,1.116321,1.628079,0.8245,83.6,60.0,60.0006,16.46,0.958896,0.010704,0.005904,0.004644,0.003953,0.003594,0.003467,0.003749,0.003184,0.002004,0.001595,0.011163,0.006157,0.004843,0.004122,0.003616,0.00332,0.001663,0.000242,60.66,13.44,0.0257,6.5e-05,60.0
swell_03_18,swell_sim_03,SWL_0003_3p_light_high,3,val,Swell,6,SCENARIO_CONTROLLER,three-phase,"A,B,C",1.3037,82.4,0.0422,0.1246,211,623,0.685666,1.116321,1.628082,0.8247,83.6,60.0,60.0006,16.46,0.958895,0.010699,0.005908,0.004648,0.003949,0.003589,0.00347,0.003754,0.003179,0.002,0.0016,0.011158,0.006161,0.004847,0.004118,0.003619,0.003315,0.001669,0.000242,60.66,13.44,0.0257,6.5e-05,60.0
swell_03_19,swell_sim_03,SWL_0003_3p_light_high,3,val,Swell,6,SCENARIO_CONTROLLER,three-phase,"A,B,C",1.3037,82.4,0.0432,0.1256,216,628,0.685667,1.116321,1.62808,0.8246,83.6,60.0,60.0011,16.46,0.958896,0.010701,0.005908,0.004643,0.003952,0.003595,0.003464,0.003752,0.003187,0.001995,0.001596,0.01116,0.006161,0.004842,0.004121,0.003612,0.003324,0.001664,0.000242,60.66,13.45,0.0257,6.5e-05,60.0
swell_03_20,swell_sim_03,SWL_0003_3p_light_high,3,val,Swell,6,SCENARIO_CONTROLLER,three-phase,"A,B,C",1.3037,82.4,0.0442,0.1266,221,633,0.685668,1.116321,1.628077,0.8249,83.6,60.0,60.0011,16.46,0.958899,0.010701,0.005915,0.004634,0.003955,0.003601,0.003457,0.003753,0.003192,0.001987,0.001599,0.01116,0.006169,0.004833,0.004125,0.003605,0.003329,0.001668,0.000242,60.66,13.45,0.0257,6.5e-05,60.0
swell_03_21,swell_sim_03,SWL_0003_3p_light_high,3,val,Swell,6,SCENARIO_CONTROLLER,three-phase,"A,B,C",1.3037,82.4,0.0452,0.1276,226,638,0.685669,1.116321,1.628075,0.8256,83.6,60.0,60.0011,16.46,0.958901,0.010703,0.005916,0.004628,0.003963,0.003594,0.003459,0.003756,0.003187,0.001996,0.001589,0.011162,0.00617,0.004826,0.004133,0.003607,0.003324,0.001657,0.000242,60.66,13.45,0.0257,6.5e-05,60.0
swell_03_22,swell_sim_03,SWL_0003_3p_light_high,3,val,Swell,6,SCENARIO_CONTROLLER,three-phase,"A,B,C",1.3037,82.4,0.0462,0.1286,231,643,0.68567,1.116321,1.628073,0.8253,83.6,60.0,60.0011,16.46,0.958902,0.010703,0.005916,0.004628,0.003962,0.003597,0.003454,0.003761,0.003183,0.002001,0.001583,0.011162,0.00617,0.004826,0.004132,0.003602,0.003319,0.001651,0.000242,60.66,13.45,0.0257,6.5e-05,60.0
swell_03_23,swell_sim_03,SWL_0003_3p_light_high,3,val,Swell,6,SCENARIO_CONTROLLER,three-phase,"A,B,C",1.3037,82.4,0.0472,0.1296,236,648,0.685676,1.116321,1.628059,0.8252,83.6,60.0,60.0011,16.46,0.958911,0.010709,0.005914,0.00463,0.003962,0.003597,0.003456,0.003758,0.003189,0.001995,0.001589,0.011168,0.006167,0.004828,0.004132,0.003604,0.003326,0.001657,0.000242,60.66,13.45,0.0257,6.3e-05,60.0
swell_03_24,swell_sim_03,SWL_0003_3p_light_high,3,val,Swell,6,SCENARIO_CONTROLLER,three-phase,"A,B,C",1.3037,82.4,0.0482,0.1306,241,653,0.68568,1.116321,1.628049,0.826,83.6,60.0,60.0011,16.46,0.958918,0.010711,0.005917,0.004624,0.003969,0.00359,0.003461,0.003757,0.003184,0.002001,0.001584,0.01117,0.00617,0.004822,0.004139,0.003609,0.00332,0.001652,0.000243,60.66,13.45,0.0257,6.5e-05,60.0
swell_03_25,swell_sim_03,SWL_0003_3p_light_high,3,val,Swell,6,SCENARIO_CONTROLLER,three-phase,"A,B,C",1.3037,82.4,0.0492,0.1316,246,658,0.685679,1.116321,1.628051,0.8261,83.6,60.0,60.0011,16.46,0.958916,0.010713,0.005916,0.004622,0.003973,0.003587,0.00346,0.003761,0.003182,0.002,0.001588,0.011172,0.006169,0.00482,0.004143,0.003608,0.003318,0.001656,0.000243,60.66,13.45,0.0257,6.4e-05,60.0
swell_03_26,swell_sim_03,SWL_0003_3p_light_high,3,val,Swell,6,SCENARIO_CONTROLLER,three-phase,"A,B,C",1.3037,82.4,0.0502,0.1326,251,663,0.68568,1.116321,1.62805,0.8263,83.6,60.0,60.0011,16.46,0.958917,0.010713,0.005918,0.004623,0.003968,0.003589,0.003465,0.003757,0.003175,0.002004,0.001595,0.011172,0.006172,0.004821,0.004138,0.003613,0.003311,0.001663,0.000243,60.66,13.45,0.0257,6.4e-05,60.0
swell_03_27,swell_sim_03,SWL_0003_3p_light_high,3,val,Swell,6,SCENARIO_CONTROLLER,three-phase,"A,B,C",1.3037,82.4,0.0512,0.1336,256,668,0.68568,1.116321,1.628049,0.8256,83.6,60.0,60.0011,16.46,0.958917,0.010708,0.005908,0.00462,0.003978,0.003597,0.003457,0.003745,0.003173,0.002016,0.001604,0.011167,0.006161,0.004818,0.004148,0.003605,0.003309,0.001673,0.000242,60.66,13.45,0.0257,6.3e-05,60.0
swell_03_28,swell_sim_03,SWL_0003_3p_light_high,3,val,Swell,6,SCENARIO_CONTROLLER,three-phase,"A,B,C",1.3037,82.4,0.0522,0.1346,261,673,0.68568,1.116321,1.62805,0.8259,83.6,60.0,60.0009,16.46,0.958917,0.010711,0.005913,0.004621,0.003973,0.003593,0.003461,0.003752,0.003177,0.002011,0.001594,0.01117,0.006166,0.004819,0.004143,0.003609,0.003313,0.001662,0.000242,60.66,13.45,0.0257,6.5e-05,60.0
swell_03_29,swell_sim_03,SWL_0003_3p_light_high,3,val,Swell,6,SCENARIO_CONTROLLER,three-phase,"A,B,C",1.3037,82.4,0.0532,0.1356,266,678,0.68568,1.116321,1.628049,0.8258,83.6,60.0,60.0009,16.46,0.958917,0.01071,0.005913,0.00462,0.003972,0.003592,0.003461,0.003753,0.003179,0.002014,0.001598,0.011169,0.006166,0.004818,0.004142,0.003609,0.003315,0.001666,0.000242,60.66,13.45,0.0257,6.4e-05,60.0
swell_03_30,swell_sim_03,SWL_0003_3p_light_high,3,val,Swell,6,SCENARIO_CONTROLLER,three-phase,"A,B,C",1.3037,82.4,0.0542,0.1366,271,683,0.685678,1.116321,1.628054,0.8276,83.6,60.0,60.0009,16.46,0.958914,0.010713,0.005916,0.004628,0.003984,0.003608,0.003479,0.003772,0.003199,0.002033,0.001614,0.011172,0.006169,0.004826,0.004155,0.003628,0.003336,0.001683,0.000243,60.66,13.45,0.0257,6.4e-05,60.0
swell_03_31,swell_sim_03,SWL_0003_3p_light_high,3,val,Swell,6,SCENARIO_CONTROLLER,three-phase,"A,B,C",1.3037,82.4,0.0552,0.1376,276,688,0.685676,1.116321,1.62806,0.8292,83.6,60.0,60.0009,16.46,0.95891,0.010719,0.005923,0.004636,0.003994,0.003619,0.003491,0.003785,0.003212,0.002046,0.001626,0.011178,0.006177,0.004835,0.004165,0.003641,0.00335,0.001696,0.000244,60.66,13.45,0.0257,6.5e-05,60.0
swell_03_32,swell_sim_03,SWL_0003_3p_light_high,3,val,Swell,6,SCENARIO_CONTROLLER,three-phase,"A,B,C",1.3037,82.4,0.0562,0.1386,281,693,0.685663,1.116321,1.628091,0.8269,83.6,60.0,60.0009,16.46,0.95889,0.010724,0.005915,0.004622,0.003976,0.003601,0.003475,0.003775,0.003214,0.002054,0.001639,0.011184,0.006169,0.00482,0.004146,0.003624,0.003352,0.001709,0.000244,60.66,13.45,0.0257,6.5e-05,60.0
swell_04_01,swell_sim_04,SWL_0004_3p_light_mild2,4,train,Swell,6,SCENARIO_CONTROLLER,three-phase,"A,B,C",1.1851,72.8,0.0252,0.098,126,490,0.638901,1.001339,1.567284,0.5755,76.6,60.0,59.9993,21.05,0.900019,0.008407,0.00359,0.002181,0.003293,0.001762,0.001759,0.002184,0.001862,0.001684,0.001017,0.009341,0.003989,0.002423,0.003659,0.001954,0.002069,0.00113,0.000117,60.27,9.51,0.0104,4.4e-05,60.0
swell_04_02,swell_sim_04,SWL_0004_3p_light_mild2,4,train,Swell,6,SCENARIO_CONTROLLER,three-phase,"A,B,C",1.1851,72.8,0.0262,0.099,131,495,0.638899,1.001339,1.567288,0.5754,76.6,60.0,59.9993,21.05,0.900017,0.008407,0.003586,0.002183,0.003297,0.001756,0.001758,0.00219,0.001859,0.001679,0.001022,0.009341,0.003984,0.002426,0.003663,0.001953,0.002066,0.001136,0.000117,60.27,9.51,0.0104,4.5e-05,60.0
swell_04_03,swell_sim_04,SWL_0004_3p_light_mild2,4,train,Swell,6,SCENARIO_CONTROLLER,three-phase,"A,B,C",1.1851,72.8,0.0272,0.1,136,500,0.638892,1.001339,1.567305,0.575,76.6,60.0,59.9993,21.05,0.900007,0.008407,0.003575,0.002191,0.003299,0.001747,0.001765,0.002193,0.001851,0.001686,0.001022,0.009341,0.003972,0.002434,0.003666,0.001961,0.002057,0.001136,0.000117,60.27,9.51,0.0104,4.5e-05,60.0
swell_04_04,swell_sim_04,SWL_0004_3p_light_mild2,4,train,Swell,6,SCENARIO_CONTROLLER,three-phase,"A,B,C",1.1851,72.8,0.0282,0.101,141,505,0.638878,1.001339,1.567339,0.5732,76.6,60.0,59.9993,21.04,0.899985,0.00839,0.003575,0.0022,0.003282,0.001766,0.001751,0.002196,0.001853,0.001676,0.001037,0.009322,0.003972,0.002444,0.003647,0.001946,0.002059,0.001152,0.000117,60.27,9.51,0.0104,4.5e-05,60.0
swell_04_05,swell_sim_04,SWL_0004_3p_light_mild2,4,train,Swell,6,SCENARIO_CONTROLLER,three-phase,"A,B,C",1.1851,72.8,0.0292,0.102,146,510,0.638882,1.001339,1.56733,0.5717,76.6,60.0,59.9993,21.05,0.899991,0.008396,0.003567,0.002209,0.003273,0.001775,0.001742,0.002203,0.001846,0.001681,0.001034,0.009329,0.003963,0.002454,0.003637,0.001936,0.002051,0.001149,0.000117,60.27,9.51,0.0104,4.4e-05,60.0
swell_04_06,swell_sim_04,SWL_0004_3p_light_mild2,4,train,Swell,6,SCENARIO_CONTROLLER,three-phase,"A,B,C",1.1851,72.8,0.0302,0.103,151,515,0.638881,1.001339,1.567332,0.5717,76.6,60.0,59.9993,21.05,0.899989,0.008395,0.003569,0.002208,0.003272,0.001776,0.001741,0.002204,0.001844,0.001683,0.001032,0.009328,0.003966,0.002453,0.003636,0.001934,0.002049,0.001147,0.000117,60.27,9.51,0.0104,4.5e-05,60.0
swell_04_07,swell_sim_04,SWL_0004_3p_light_mild2,4,train,Swell,6,SCENARIO_CONTROLLER,three-phase,"A,B,C",1.1851,72.8,0.0312,0.104,156,520,0.638881,1.001339,1.567332,0.5715,76.6,60.0,59.9993,21.05,0.89999,0.008396,0.003567,0.00221,0.003271,0.001777,0.001741,0.002202,0.001848,0.001679,0.001036,0.009329,0.003963,0.002456,0.003634,0.001934,0.002053,0.001151,0.000117,60.27,9.51,0.0104,4.4e-05,60.0
swell_04_08,swell_sim_04,SWL_0004_3p_light_mild2,4,train,Swell,6,SCENARIO_CONTROLLER,three-phase,"A,B,C",1.1851,72.8,0.0322,0.105,161,525,0.638882,1.001339,1.56733,0.5718,76.6,60.0,60.0001,21.05,0.899991,0.008398,0.003566,0.002207,0.003277,0.001772,0.001742,0.002207,0.00184,0.001682,0.00104,0.009331,0.003962,0.002452,0.003641,0.001936,0.002044,0.001156,0.000117,60.27,9.5,0.0104,4.5e-05,60.0
swell_04_09,swell_sim_04,SWL_0004_3p_light_mild2,4,train,Swell,6,SCENARIO_CONTROLLER,three-phase,"A,B,C",1.1851,72.8,0.0332,0.106,166,530,0.638877,1.001339,1.567342,0.5723,76.6,60.0,60.0001,21.05,0.899983,0.008375,0.003581,0.002221,0.003257,0.001771,0.001761,0.002194,0.001826,0.001698,0.001043,0.009306,0.003979,0.002468,0.003619,0.001957,0.002029,0.001159,0.000117,60.27,9.5,0.0104,4.4e-05,60.0
swell_04_10,swell_sim_04,SWL_0004_3p_light_mild2,4,train,Swell,6,SCENARIO_CONTROLLER,three-phase,"A,B,C",1.1851,72.8,0.0342,0.107,171,535,0.638879,1.001339,1.567336,0.5722,76.6,60.0,60.0001,21.05,0.899986,0.008381,0.003581,0.002215,0.003257,0.001776,0.001759,0.00219,0.001829,0.001703,0.001039,0.009312,0.003979,0.002461,0.003619,0.001954,0.002032,0.001154,0.000117,60.27,9.5,0.0104,4.5e-05,60.0
swell_04_11,swell_sim_04,SWL_0004_3p_light_mild2,4,train,Swell,6,SCENARIO_CONTROLLER,three-phase,"A,B,C",1.1851,72.8,0.0352,0.108,176,540,0.638861,1.001339,1.567381,0.5712,76.6,60.0,60.0001,21.05,0.899959,0.008376,0.003551,0.002202,0.003273,0.001799,0.001763,0.002173,0.001814,0.001702,0.001047,0.009307,0.003946,0.002447,0.003637,0.001959,0.002016,0.001163,0.000117,60.27,9.5,0.0104,4.5e-05,60.0
swell_04_12,swell_sim_04,SWL_0004_3p_light_mild2,4,train,Swell,6,SCENARIO_CONTROLLER,three-phase,"A,B,C",1.1851,72.8,0.0362,0.109,181,545,0.63886,1.001339,1.567383,0.5711,76.6,60.0,60.0001,21.05,0.899957,0.008378,0.003552,0.002202,0.003271,0.001797,0.001761,0.002174,0.001816,0.001705,0.001049,0.009309,0.003947,0.002447,0.003635,0.001957,0.002018,0.001166,0.000117,60.27,9.5,0.0104,4.5e-05,60.0
swell_04_13,swell_sim_04,SWL_0004_3p_light_mild2,4,train,Swell,6,SCENARIO_CONTROLLER,three-phase,"A,B,C",1.1851,72.8,0.0372,0.11,186,550,0.638862,1.001339,1.56738,0.5706,76.6,60.0,60.0001,21.05,0.899959,0.008375,0.003549,0.002199,0.003268,0.001795,0.001761,0.002176,0.001819,0.00171,0.001056,0.009306,0.003944,0.002443,0.003631,0.001957,0.002021,0.001173,0.000117,60.27,9.5,0.0104,4.5e-05,60.0
swell_04_14,swell_sim_04,SWL_0004_3p_light_mild2,4,train,Swell,6,SCENARIO_CONTROLLER,three-phase,"A,B,C",1.1851,72.8,0.0382,0.111,191,555,0.63887,1.001339,1.56736,0.5684,76.6,60.0,60.0001,21.05,0.899971,0.008363,0.003535,0.002186,0.003256,0.001784,0.001751,0.002167,0.001814,0.001706,0.001053,0.009293,0.003928,0.002429,0.003618,0.001946,0.002016,0.00117,0.000116,60.27,9.5,0.0104,4.5e-05,60.0
swell_04_15,swell_sim_04,SWL_0004_3p_light_mild2,4,train,Swell,6,SCENARIO_CONTROLLER,three-phase,"A,B,C",1.1851,72.8,0.0392,0.112,196,560,0.638869,1.001339,1.567361,0.569,76.6,60.0,60.0001,21.05,0.89997,0.008365,0.003538,0.00219,0.003261,0.001788,0.001753,0.002168,0.00181,0.001699,0.001046,0.009295,0.003931,0.002433,0.003623,0.001948,0.002011,0.001162,0.000116,60.27,9.5,0.0104,4.5e-05,60.0
swell_04_16,swell_sim_04,SWL_0004_3p_light_mild2,4,train,Swell,6,SCENARIO_CONTROLLER,three-phase,"A,B,C",1.1851,72.8,0.0402,0.113,201,565,0.638869,1.001339,1.567361,0.569,76.6,60.0,60.0005,21.05,0.89997,0.008366,0.003539,0.002192,0.003262,0.001787,0.001749,0.002162,0.001808,0.001703,0.001054,0.009296,0.003932,0.002436,0.003625,0.001943,0.002009,0.001171,0.000116,60.27,9.5,0.0104,4.4e-05,60.0
swell_04_17,swell_sim_04,SWL_0004_3p_light_mild2,4,train,Swell,6,SCENARIO_CONTROLLER,three-phase,"A,B,C",1.1851,72.8,0.0412,0.114,206,570,0.638867,1.001339,1.567366,0.5693,76.6,60.0,60.0008,21.05,0.899967,0.00838,0.003551,0.002189,0.003248,0.001779,0.001756,0.002175,0.001807,0.001692,0.001048,0.009311,0.003946,0.002432,0.003609,0.001951,0.002008,0.001164,0.000116,60.27,9.5,0.0104,4.4e-05,60.0
swell_04_18,swell_sim_04,SWL_0004_3p_light_mild2,4,train,Swell,6,SCENARIO_CONTROLLER,three-phase,"A,B,C",1.1851,72.8,0.0422,0.115,211,575,0.638862,1.001339,1.567378,0.5691,76.6,60.0,60.0008,21.05,0.899959,0.008387,0.003545,0.002181,0.003258,0.001787,0.001746,0.002166,0.00182,0.001695,0.001034,0.009319,0.003939,0.002423,0.00362,0.00194,0.002022,0.001149,0.000116,60.27,9.5,0.0104,4.3e-05,60.0
swell_04_19,swell_sim_04,SWL_0004_3p_light_mild2,4,train,Swell,6,SCENARIO_CONTROLLER,three-phase,"A,B,C",1.1851,72.8,0.0432,0.116,216,580,0.638864,1.001339,1.567375,0.5691,76.6,60.0,60.0008,21.05,0.899961,0.008389,0.003548,0.002176,0.003259,0.001792,0.001739,0.002165,0.001828,0.001689,0.001031,0.009322,0.003942,0.002418,0.003621,0.001932,0.002031,0.001146,0.000116,60.27,9.5,0.0104,4.4e-05,60.0
swell_04_20,swell_sim_04,SWL_0004_3p_light_mild2,4,train,Swell,6,SCENARIO_CONTROLLER,three-phase,"A,B,C",1.1851,72.8,0.0442,0.117,221,585,0.638851,1.001339,1.567405,0.5681,76.6,60.0,60.0008,21.05,0.899942,0.008384,0.003531,0.002195,0.003252,0.001781,0.001758,0.002154,0.001827,0.001703,0.001014,0.009316,0.003924,0.002439,0.003614,0.001953,0.00203,0.001127,0.000116,60.27,9.5,0.0104,4.3e-05,60.0
swell_04_21,swell_sim_04,SWL_0004_3p_light_mild2,4,train,Swell,6,SCENARIO_CONTROLLER,three-phase,"A,B,C",1.1851,72.8,0.0452,0.118,226,590,0.638852,1.001339,1.567403,0.5678,76.6,60.0,60.0008,21.05,0.899944,0.008386,0.00353,0.002196,0.00325,0.001783,0.001758,0.002153,0.001828,0.0017,0.001018,0.009318,0.003922,0.00244,0.003611,0.001953,0.002031,0.001131,0.000116,60.27,9.5,0.0104,4.3e-05,60.0
swell_04_22,swell_sim_04,SWL_0004_3p_light_mild2,4,train,Swell,6,SCENARIO_CONTROLLER,three-phase,"A,B,C",1.1851,72.8,0.0462,0.119,231,595,0.638855,1.001339,1.567396,0.5667,76.6,60.0,60.0008,21.05,0.899948,0.00839,0.003524,0.002202,0.003245,0.001789,0.001751,0.00216,0.001822,0.001707,0.001012,0.009323,0.003916,0.002447,0.003606,0.001946,0.002025,0.001125,0.000116,60.27,9.5,0.0104,4.3e-05,60.0
swell_04_23,swell_sim_04,SWL_0004_3p_light_mild2,4,train,Swell,6,SCENARIO_CONTROLLER,three-phase,"A,B,C",1.1851,72.8,0.0472,0.12,236,600,0.638848,1.001339,1.567413,0.5675,76.6,60.0,60.0008,21.05,0.899938,0.008382,0.003534,0.002196,0.003247,0.001789,0.001749,0.002163,0.001816,0.001712,0.001008,0.009314,0.003927,0.00244,0.003608,0.001943,0.002018,0.00112,0.000116,60.27,9.5,0.0104,4.4e-05,60.0
swell_04_24,swell_sim_04,SWL_0004_3p_light_mild2,4,train,Swell,6,SCENARIO_CONTROLLER,three-phase,"A,B,C",1.1851,72.8,0.0482,0.121,241,605,0.638849,1.001339,1.567411,0.5679,76.6,60.0,60.0008,21.05,0.899939,0.008381,0.003535,0.002193,0.00325,0.001787,0.001749,0.002164,0.001813,0.001715,0.001007,0.009313,0.003928,0.002437,0.003611,0.001943,0.002015,0.001119,0.000116,60.27,9.5,0.0104,4.4e-05,60.0
swell_04_25,swell_sim_04,SWL_0004_3p_light_mild2,4,train,Swell,6,SCENARIO_CONTROLLER,three-phase,"A,B,C",1.1851,72.8,0.0492,0.122,246,610,0.638849,1.001339,1.56741,0.5679,76.6,60.0,59.997,21.03,0.899939,0.008383,0.003534,0.002193,0.003251,0.001786,0.001749,0.002166,0.001812,0.001713,0.001009,0.009315,0.003927,0.002437,0.003612,0.001943,0.002013,0.001121,0.000116,60.27,9.5,0.0104,4.4e-05,60.0
swell_04_26,swell_sim_04,SWL_0004_3p_light_mild2,4,train,Swell,6,SCENARIO_CONTROLLER,three-phase,"A,B,C",1.1851,72.8,0.0502,0.123,251,615,0.638849,1.001339,1.567412,0.5677,76.6,60.0,59.997,21.03,0.899939,0.008384,0.00353,0.002194,0.003257,0.001782,0.001742,0.002173,0.00182,0.001705,0.001003,0.009316,0.003922,0.002438,0.003619,0.001936,0.002022,0.001115,0.000116,60.27,9.5,0.0104,4.4e-05,60.0
swell_04_27,swell_sim_04,SWL_0004_3p_light_mild2,4,train,Swell,6,SCENARIO_CONTROLLER,three-phase,"A,B,C",1.1851,72.8,0.0512,0.124,256,620,0.638844,1.001339,1.567422,0.5676,76.6,60.0,59.997,21.03,0.899932,0.00838,0.003524,0.002197,0.003264,0.001784,0.001737,0.00217,0.001821,0.00171,0.001004,0.009312,0.003916,0.002441,0.003627,0.00193,0.002023,0.001116,0.000116,60.27,9.5,0.0104,4.4e-05,60.0
swell_04_28,swell_sim_04,SWL_0004_3p_light_mild2,4,train,Swell,6,SCENARIO_CONTROLLER,three-phase,"A,B,C",1.1851,72.8,0.0522,0.125,261,625,0.638854,1.001339,1.567399,0.5685,76.6,60.0,59.997,21.03,0.899946,0.008376,0.003535,0.002209,0.00327,0.00178,0.001728,0.002162,0.001817,0.001711,0.001011,0.009307,0.003928,0.002455,0.003634,0.00192,0.002019,0.001123,0.000116,60.27,9.5,0.0104,4.4e-05,60.0
swell_04_29,swell_sim_04,SWL_0004_3p_light_mild2,4,train,Swell,6,SCENARIO_CONTROLLER,three-phase,"A,B,C",1.1851,72.8,0.0532,0.126,266,630,0.638857,1.001339,1.567391,0.5691,76.6,60.0,59.997,21.03,0.899951,0.008373,0.003538,0.002214,0.003275,0.001783,0.001728,0.002157,0.001811,0.001704,0.001006,0.009304,0.003931,0.00246,0.003639,0.00192,0.002012,0.001118,0.000116,60.27,9.51,0.0104,4.3e-05,60.0
swell_04_30,swell_sim_04,SWL_0004_3p_light_mild2,4,train,Swell,6,SCENARIO_CONTROLLER,three-phase,"A,B,C",1.1851,72.8,0.0542,0.127,271,635,0.638862,1.001339,1.567378,0.5676,76.6,60.0,59.997,21.03,0.899959,0.008365,0.003529,0.002205,0.003267,0.001776,0.001721,0.002153,0.001806,0.0017,0.001003,0.009295,0.003921,0.00245,0.00363,0.001912,0.002007,0.001114,0.000116,60.27,9.51,0.0104,4.3e-05,60.0
swell_04_31,swell_sim_04,SWL_0004_3p_light_mild2,4,train,Swell,6,SCENARIO_CONTROLLER,three-phase,"A,B,C",1.1851,72.8,0.0552,0.128,276,640,0.638873,1.001339,1.567353,0.565,76.6,60.0,59.997,21.03,0.899974,0.00835,0.003512,0.002191,0.003255,0.001765,0.001712,0.002145,0.001803,0.001699,0.001004,0.009278,0.003902,0.002435,0.003617,0.001902,0.002003,0.001116,0.000115,60.27,9.51,0.0104,4.3e-05,60.0
swell_04_32,swell_sim_04,SWL_0004_3p_light_mild2,4,train,Swell,6,SCENARIO_CONTROLLER,three-phase,"A,B,C",1.1851,72.8,0.0562,0.129,281,645,0.638873,1.001339,1.567352,0.5659,76.6,60.0,59.997,21.03,0.899974,0.008353,0.003518,0.002199,0.003262,0.001769,0.00171,0.002137,0.001789,0.001686,0.000996,0.009281,0.003909,0.002443,0.003625,0.0019,0.001988,0.001107,0.000115,60.27,9.5,0.0104,4.3e-05,60.0
swell_05_01,swell_sim_05,SWL_0005_3p_heavy_med,5,train,Swell,6,SCENARIO_CONTROLLER,three-phase,"A,B,C",1.3341,82.6,0.0254,0.108,127,540,0.646817,1.066429,1.648733,0.8488,84.8,60.0,60.0001,15.1,0.900918,0.010676,0.006061,0.004767,0.003555,0.003132,0.003017,0.003042,0.00239,0.001472,0.001213,0.01185,0.006728,0.005291,0.003946,0.003349,0.002653,0.001346,0.000224,60.68,12.79,0.0326,6.6e-05,60.0
swell_05_02,swell_sim_05,SWL_0005_3p_heavy_med,5,train,Swell,6,SCENARIO_CONTROLLER,three-phase,"A,B,C",1.3341,82.6,0.0264,0.109,132,545,0.646814,1.066429,1.64874,0.8503,84.8,60.0,59.9993,15.09,0.900916,0.010661,0.006082,0.004769,0.003536,0.003133,0.003033,0.003037,0.002382,0.00148,0.001217,0.011834,0.006751,0.005294,0.003925,0.003367,0.002644,0.001351,0.000223,60.68,12.8,0.0326,6.4e-05,60.0
swell_05_03,swell_sim_05,SWL_0005_3p_heavy_med,5,train,Swell,6,SCENARIO_CONTROLLER,three-phase,"A,B,C",1.3341,82.6,0.0274,0.11,137,550,0.646814,1.066429,1.64874,0.8503,84.8,60.0,60.0008,15.1,0.900916,0.010661,0.00608,0.00477,0.003536,0.003132,0.003034,0.003037,0.002381,0.001481,0.001217,0.011834,0.006749,0.005295,0.003925,0.003368,0.002643,0.001351,0.000223,60.68,12.8,0.0326,6.5e-05,60.0
swell_05_04,swell_sim_05,SWL_0005_3p_heavy_med,5,train,Swell,6,SCENARIO_CONTROLLER,three-phase,"A,B,C",1.3341,82.6,0.0284,0.111,142,555,0.646811,1.066429,1.648749,0.8501,84.8,60.0,60.0008,15.1,0.90091,0.010654,0.006083,0.004773,0.003529,0.003139,0.003031,0.003036,0.002384,0.001479,0.001216,0.011826,0.006752,0.005298,0.003917,0.003364,0.002646,0.00135,0.000223,60.68,12.8,0.0326,6.5e-05,60.0
swell_05_05,swell_sim_05,SWL_0005_3p_heavy_med,5,train,Swell,6,SCENARIO_CONTROLLER,three-phase,"A,B,C",1.3341,82.6,0.0294,0.112,147,560,0.646816,1.066429,1.648735,0.8492,84.8,60.0,60.0008,15.1,0.900919,0.010666,0.006072,0.004782,0.003524,0.003137,0.003039,0.003026,0.002394,0.001467,0.001227,0.011839,0.00674,0.005308,0.003912,0.003373,0.002657,0.001362,0.000224,60.68,12.79,0.0326,6.4e-05,60.0
swell_05_06,swell_sim_05,SWL_0005_3p_heavy_med,5,train,Swell,6,SCENARIO_CONTROLLER,three-phase,"A,B,C",1.3341,82.6,0.0304,0.113,152,565,0.646805,1.066429,1.648765,0.8501,84.8,60.0,60.0008,15.1,0.9009,0.010652,0.00608,0.004777,0.003527,0.003135,0.00304,0.003028,0.002388,0.001473,0.001222,0.011824,0.006749,0.005302,0.003915,0.003374,0.002651,0.001356,0.000223,60.68,12.8,0.0326,6.5e-05,60.0
swell_05_07,swell_sim_05,SWL_0005_3p_heavy_med,5,train,Swell,6,SCENARIO_CONTROLLER,three-phase,"A,B,C",1.3341,82.6,0.0314,0.114,157,570,0.646801,1.066429,1.648773,0.8496,84.8,60.0,60.0008,15.1,0.900895,0.010649,0.00608,0.004779,0.003523,0.003141,0.003034,0.003035,0.002384,0.001475,0.001223,0.01182,0.006749,0.005305,0.003911,0.003368,0.002646,0.001358,0.000223,60.68,12.8,0.0326,6.5e-05,60.0
swell_05_08,swell_sim_05,SWL_0005_3p_heavy_med,5,train,Swell,6,SCENARIO_CONTROLLER,three-phase,"A,B,C",1.3341,82.6,0.0324,0.115,162,575,0.646801,1.066429,1.648774,0.8496,84.8,60.0,60.0008,15.1,0.900895,0.01065,0.006079,0.004779,0.003524,0.00314,0.003035,0.003035,0.002382,0.001477,0.001221,0.011822,0.006748,0.005305,0.003912,0.003369,0.002644,0.001355,0.000223,60.68,12.8,0.0326,6.5e-05,60.0
swell_05_09,swell_sim_05,SWL_0005_3p_heavy_med,5,train,Swell,6,SCENARIO_CONTROLLER,three-phase,"A,B,C",1.3341,82.6,0.0334,0.116,167,580,0.646801,1.066429,1.648775,0.8496,84.8,60.0,60.0008,15.1,0.900894,0.010651,0.006078,0.004779,0.003525,0.003139,0.003035,0.003037,0.002381,0.001475,0.001225,0.011823,0.006747,0.005305,0.003913,0.003369,0.002643,0.00136,0.000223,60.68,12.81,0.0326,6.4e-05,60.0
swell_05_10,swell_sim_05,SWL_0005_3p_heavy_med,5,train,Swell,6,SCENARIO_CONTROLLER,three-phase,"A,B,C",1.3341,82.6,0.0344,0.117,172,585,0.646801,1.066429,1.648775,0.8493,84.8,60.0,60.0008,15.1,0.900894,0.01065,0.006076,0.004778,0.003527,0.003142,0.003032,0.003032,0.002381,0.001481,0.001226,0.011822,0.006744,0.005304,0.003915,0.003366,0.002643,0.001361,0.000223,60.68,12.8,0.0326,6.3e-05,60.0
swell_05_11,swell_sim_05,SWL_0005_3p_heavy_med,5,train,Swell,6,SCENARIO_CONTROLLER,three-phase,"A,B,C",1.3341,82.6,0.0354,0.118,177,590,0.6468,1.066429,1.648776,0.8495,84.8,60.0,60.0015,15.11,0.900893,0.010651,0.006078,0.004778,0.003524,0.00314,0.003035,0.003036,0.002383,0.001477,0.001221,0.011823,0.006747,0.005304,0.003912,0.003369,0.002645,0.001355,0.000223,60.68,12.8,0.0326,6.3e-05,60.0
swell_05_12,swell_sim_05,SWL_0005_3p_heavy_med,5,train,Swell,6,SCENARIO_CONTROLLER,three-phase,"A,B,C",1.3341,82.6,0.0364,0.119,182,595,0.646798,1.066429,1.648782,0.8491,84.8,60.0,60.0015,15.1,0.900889,0.010656,0.006077,0.00477,0.003514,0.003134,0.003039,0.003046,0.002394,0.001485,0.00122,0.011828,0.006746,0.005295,0.003901,0.003373,0.002657,0.001354,0.000223,60.68,12.8,0.0326,6.4e-05,60.0
swell_05_13,swell_sim_05,SWL_0005_3p_heavy_med,5,train,Swell,6,SCENARIO_CONTROLLER,three-phase,"A,B,C",1.3341,82.6,0.0374,0.12,187,600,0.646801,1.066429,1.648774,0.8489,84.8,60.0,60.0015,15.1,0.900894,0.010649,0.006072,0.004767,0.003515,0.003138,0.003044,0.00305,0.002396,0.001484,0.001216,0.01182,0.00674,0.005291,0.003902,0.003379,0.00266,0.00135,0.000223,60.68,12.8,0.0326,6.3e-05,60.0
swell_05_14,swell_sim_05,SWL_0005_3p_heavy_med,5,train,Swell,6,SCENARIO_CONTROLLER,three-phase,"A,B,C",1.3341,82.6,0.0384,0.121,192,605,0.646798,1.066429,1.648781,0.8494,84.8,60.0,60.0015,15.1,0.90089,0.010653,0.006075,0.00477,0.003518,0.003141,0.003046,0.003052,0.002398,0.001486,0.001217,0.011825,0.006743,0.005295,0.003905,0.003381,0.002662,0.001351,0.000223,60.68,12.8,0.0326,6.3e-05,60.0
swell_05_15,swell_sim_05,SWL_0005_3p_heavy_med,5,train,Swell,6,SCENARIO_CONTROLLER,three-phase,"A,B,C",1.3341,82.6,0.0394,0.122,197,610,0.646788,1.066429,1.648806,0.8485,84.8,60.0,60.0015,15.1,0.900874,0.01066,0.006073,0.004764,0.003509,0.003133,0.003039,0.003045,0.002393,0.001482,0.001213,0.011833,0.006741,0.005288,0.003895,0.003373,0.002656,0.001346,0.000223,60.68,12.8,0.0326,6.4e-05,60.0
swell_05_16,swell_sim_05,SWL_0005_3p_heavy_med,5,train,Swell,6,SCENARIO_CONTROLLER,three-phase,"A,B,C",1.3341,82.6,0.0404,0.123,202,615,0.646789,1.066429,1.648804,0.8483,84.8,60.0,60.0015,15.1,0.900875,0.010663,0.006075,0.004762,0.003504,0.003126,0.003035,0.003047,0.002401,0.001489,0.001216,0.011836,0.006743,0.005286,0.00389,0.003369,0.002665,0.00135,0.000223,60.68,12.8,0.0326,6.3e-05,60.0
swell_05_17,swell_sim_05,SWL_0005_3p_heavy_med,5,train,Swell,6,SCENARIO_CONTROLLER,three-phase,"A,B,C",1.3341,82.6,0.0414,0.124,207,620,0.64679,1.066429,1.648802,0.8484,84.8,60.0,60.0015,15.1,0.900876,0.010668,0.006073,0.004754,0.003501,0.003133,0.003046,0.003049,0.002389,0.00148,0.001219,0.011842,0.006741,0.005277,0.003886,0.003381,0.002652,0.001353,0.000223,60.68,12.8,0.0326,6.2e-05,60.0
swell_05_18,swell_sim_05,SWL_0005_3p_heavy_med,5,train,Swell,6,SCENARIO_CONTROLLER,three-phase,"A,B,C",1.3341,82.6,0.0424,0.125,212,625,0.646787,1.066429,1.64881,0.8487,84.8,60.0,60.0015,15.1,0.900872,0.010656,0.006078,0.004764,0.003498,0.003126,0.003045,0.003053,0.002389,0.001479,0.001218,0.011829,0.006747,0.005288,0.003883,0.00338,0.002652,0.001352,0.000223,60.68,12.8,0.0326,6.2e-05,60.0
swell_05_19,swell_sim_05,SWL_0005_3p_heavy_med,5,train,Swell,6,SCENARIO_CONTROLLER,three-phase,"A,B,C",1.3341,82.6,0.0434,0.126,217,630,0.646786,1.066429,1.648814,0.8496,84.8,60.0,59.9984,15.09,0.900871,0.010649,0.006089,0.004764,0.003487,0.003128,0.003055,0.003049,0.002383,0.001487,0.001223,0.011821,0.006759,0.005288,0.003871,0.003391,0.002645,0.001358,0.000223,60.68,12.8,0.0326,6.2e-05,60.0
swell_05_20,swell_sim_05,SWL_0005_3p_heavy_med,5,train,Swell,6,SCENARIO_CONTROLLER,three-phase,"A,B,C",1.3341,82.6,0.0444,0.127,222,635,0.646783,1.066429,1.648821,0.8492,84.8,60.0,59.9984,15.09,0.900866,0.010643,0.006092,0.004768,0.003477,0.003138,0.003054,0.003042,0.002396,0.001473,0.001228,0.011814,0.006762,0.005293,0.00386,0.00339,0.00266,0.001363,0.000223,60.68,12.79,0.0326,6.2e-05,60.0
swell_05_21,swell_sim_05,SWL_0005_3p_heavy_med,5,train,Swell,6,SCENARIO_CONTROLLER,three-phase,"A,B,C",1.3341,82.6,0.0454,0.128,227,640,0.646784,1.066429,1.648818,0.849,84.8,60.0,59.9984,15.09,0.900868,0.010645,0.00609,0.004771,0.003475,0.003138,0.003056,0.003038,0.0024,0.001468,0.001231,0.011816,0.00676,0.005296,0.003857,0.003392,0.002664,0.001366,0.000223,60.68,12.79,0.0326,6.2e-05,60.0
swell_05_22,swell_sim_05,SWL_0005_3p_heavy_med,5,train,Swell,6,SCENARIO_CONTROLLER,three-phase,"A,B,C",1.3341,82.6,0.0464,0.129,232,645,0.646782,1.066429,1.648822,0.8495,84.8,60.0,59.9984,15.09,0.900866,0.010643,0.00609,0.00477,0.003478,0.003134,0.003063,0.00303,0.002409,0.001458,0.001243,0.011814,0.00676,0.005295,0.003861,0.0034,0.002674,0.00138,0.000223,60.68,12.79,0.0326,6.2e-05,60.0
swell_05_23,swell_sim_05,SWL_0005_3p_heavy_med,5,train,Swell,6,SCENARIO_CONTROLLER,three-phase,"A,B,C",1.3341,82.6,0.0474,0.13,237,650,0.646783,1.066429,1.648821,0.8491,84.8,60.0,59.9984,15.09,0.900866,0.010645,0.006088,0.004772,0.003475,0.003136,0.00306,0.003032,0.002409,0.001456,0.001245,0.011816,0.006758,0.005297,0.003857,0.003397,0.002674,0.001382,0.000223,60.68,12.79,0.0326,6.3e-05,60.0
swell_05_24,swell_sim_05,SWL_0005_3p_heavy_med,5,train,Swell,6,SCENARIO_CONTROLLER,three-phase,"A,B,C",1.3341,82.6,0.0484,0.131,242,655,0.646776,1.066429,1.648838,0.8477,84.8,60.0,59.9984,15.09,0.900856,0.010644,0.006081,0.004782,0.003465,0.003145,0.003054,0.003032,0.002416,0.001447,0.001255,0.011815,0.00675,0.005308,0.003846,0.00339,0.002682,0.001393,0.000223,60.68,12.8,0.0326,6.2e-05,60.0
swell_05_25,swell_sim_05,SWL_0005_3p_heavy_med,5,train,Swell,6,SCENARIO_CONTROLLER,three-phase,"A,B,C",1.3341,82.6,0.0494,0.132,247,660,0.646766,1.066429,1.648863,0.8473,84.8,60.0,59.9984,15.09,0.900842,0.010661,0.006067,0.004778,0.003481,0.003132,0.003055,0.003045,0.002408,0.001442,0.001266,0.011834,0.006735,0.005304,0.003864,0.003391,0.002673,0.001405,0.000223,60.68,12.79,0.0326,6.2e-05,60.0
swell_05_26,swell_sim_05,SWL_0005_3p_heavy_med,5,train,Swell,6,SCENARIO_CONTROLLER,three-phase,"A,B,C",1.3341,82.6,0.0504,0.133,252,665,0.646766,1.066429,1.648864,0.8472,84.8,60.0,59.9984,15.09,0.900841,0.010662,0.006065,0.004777,0.003484,0.003131,0.003053,0.003048,0.00241,0.001438,0.001266,0.011836,0.006733,0.005303,0.003867,0.003389,0.002675,0.001405,0.000223,60.68,12.79,0.0326,6.2e-05,60.0
swell_05_27,swell_sim_05,SWL_0005_3p_heavy_med,5,train,Swell,6,SCENARIO_CONTROLLER,three-phase,"A,B,C",1.3341,82.6,0.0514,0.134,257,670,0.646765,1.066429,1.648866,0.848,84.8,60.0,59.9989,15.09,0.900841,0.010667,0.006075,0.004779,0.003474,0.003125,0.003062,0.003057,0.002408,0.001425,0.001265,0.011841,0.006744,0.005305,0.003856,0.003399,0.002673,0.001404,0.000224,60.68,12.8,0.0326,6.3e-05,60.0
swell_05_28,swell_sim_05,SWL_0005_3p_heavy_med,5,train,Swell,6,SCENARIO_CONTROLLER,three-phase,"A,B,C",1.3341,82.6,0.0524,0.135,262,675,0.646763,1.066429,1.648871,0.8473,84.8,60.0,59.9996,15.1,0.900836,0.010668,0.006066,0.004766,0.003468,0.003131,0.003071,0.003061,0.002408,0.001423,0.001263,0.011842,0.006734,0.005291,0.00385,0.003409,0.002673,0.001402,0.000223,60.68,12.8,0.0326,6.3e-05,60.0
swell_05_29,swell_sim_05,SWL_0005_3p_heavy_med,5,train,Swell,6,SCENARIO_CONTROLLER,three-phase,"A,B,C",1.3341,82.6,0.0534,0.136,267,680,0.646763,1.066429,1.648871,0.847,84.8,60.0,59.9996,15.1,0.900836,0.010667,0.006062,0.004759,0.003462,0.003131,0.003079,0.003073,0.00242,0.00143,0.00126,0.011841,0.006729,0.005283,0.003843,0.003418,0.002686,0.001399,0.000223,60.68,12.8,0.0326,6.3e-05,60.0
swell_05_30,swell_sim_05,SWL_0005_3p_heavy_med,5,train,Swell,6,SCENARIO_CONTROLLER,three-phase,"A,B,C",1.3341,82.6,0.0544,0.137,272,685,0.646771,1.066429,1.64885,0.845,84.8,60.0,59.9996,15.1,0.900849,0.010651,0.006046,0.004744,0.003451,0.003125,0.00308,0.003076,0.002423,0.001436,0.001269,0.011823,0.006711,0.005266,0.003831,0.003419,0.00269,0.001409,0.000223,60.68,12.79,0.0326,6.1e-05,60.0
swell_05_31,swell_sim_05,SWL_0005_3p_heavy_med,5,train,Swell,6,SCENARIO_CONTROLLER,three-phase,"A,B,C",1.3341,82.6,0.0554,0.138,277,690,0.646772,1.066429,1.648849,0.846,84.8,60.0,59.9996,15.1,0.90085,0.010652,0.006049,0.004749,0.003457,0.003132,0.003089,0.003086,0.002432,0.001445,0.001278,0.011824,0.006715,0.005272,0.003837,0.003429,0.0027,0.001419,0.000223,60.68,12.79,0.0326,6e-05,60.0
swell_05_32,swell_sim_05,SWL_0005_3p_heavy_med,5,train,Swell,6,SCENARIO_CONTROLLER,three-phase,"A,B,C",1.3341,82.6,0.0564,0.139,282,695,0.646754,1.066429,1.648895,0.843,84.8,60.0,59.9996,15.1,0.900822,0.010655,0.006033,0.004727,0.003435,0.003115,0.003077,0.003083,0.002436,0.001449,0.001279,0.011828,0.006697,0.005247,0.003813,0.003416,0.002704,0.00142,0.000222,60.68,12.8,0.0326,6.2e-05,60.0
swell_06_01,swell_sim_06,SWL_0006_3p_heavy_high,6,test,Swell,6,SCENARIO_CONTROLLER,three-phase,"A,B,C",1.341,74.4,0.0254,0.0998,127,499,0.632715,1.061283,1.677347,0.8538,77.6,60.0,59.9959,14.73,0.880192,0.015448,0.006072,0.005472,0.003356,0.002853,0.002889,0.002906,0.00229,0.001588,0.001218,0.017551,0.006898,0.006217,0.003813,0.003282,0.002602,0.001384,0.000351,60.71,12.84,0.0349,6.7e-05,60.0
swell_06_02,swell_sim_06,SWL_0006_3p_heavy_high,6,test,Swell,6,SCENARIO_CONTROLLER,three-phase,"A,B,C",1.341,74.4,0.0264,0.1008,132,504,0.632716,1.061283,1.677346,0.8528,77.6,60.0,60.0018,14.77,0.880191,0.015459,0.006059,0.005473,0.003366,0.002847,0.002882,0.002918,0.002286,0.001575,0.001225,0.017563,0.006884,0.006218,0.003824,0.003274,0.002597,0.001392,0.000351,60.71,12.84,0.0349,6.7e-05,60.0
swell_06_03,swell_sim_06,SWL_0006_3p_heavy_high,6,test,Swell,6,SCENARIO_CONTROLLER,three-phase,"A,B,C",1.341,74.4,0.0274,0.1018,137,509,0.632716,1.061283,1.677345,0.8525,77.6,60.0,60.0011,14.76,0.880192,0.015464,0.006053,0.005473,0.003373,0.002842,0.002879,0.002929,0.002276,0.001569,0.001237,0.017569,0.006877,0.006218,0.003832,0.003271,0.002586,0.001405,0.000351,60.71,12.83,0.0349,6.7e-05,60.0
swell_06_04,swell_sim_06,SWL_0006_3p_heavy_high,6,test,Swell,6,SCENARIO_CONTROLLER,three-phase,"A,B,C",1.341,74.4,0.0284,0.1028,142,514,0.632709,1.061283,1.677365,0.8524,77.6,60.0,60.0011,14.76,0.880179,0.015457,0.006064,0.005476,0.003365,0.002859,0.002863,0.002938,0.002267,0.001564,0.001245,0.017561,0.00689,0.006221,0.003823,0.003253,0.002576,0.001414,0.000351,60.71,12.83,0.035,6.7e-05,60.0
swell_06_05,swell_sim_06,SWL_0006_3p_heavy_high,6,test,Swell,6,SCENARIO_CONTROLLER,three-phase,"A,B,C",1.341,74.4,0.0294,0.1038,147,519,0.632715,1.061283,1.677348,0.8507,77.6,60.0,60.0011,14.76,0.880189,0.015467,0.006053,0.005486,0.003356,0.002863,0.002858,0.002941,0.002263,0.001566,0.001242,0.017572,0.006877,0.006233,0.003813,0.003247,0.002571,0.001411,0.000351,60.71,12.83,0.0349,6.7e-05,60.0
swell_06_06,swell_sim_06,SWL_0006_3p_heavy_high,6,test,Swell,6,SCENARIO_CONTROLLER,three-phase,"A,B,C",1.341,74.4,0.0304,0.1048,152,524,0.632725,1.061283,1.677322,0.8489,77.6,60.0,60.0011,14.76,0.880205,0.015483,0.006043,0.005499,0.003347,0.002877,0.002848,0.002952,0.002259,0.001574,0.001237,0.01759,0.006865,0.006247,0.003803,0.003236,0.002566,0.001405,0.000352,60.71,12.83,0.0349,6.8e-05,60.0
swell_06_07,swell_sim_06,SWL_0006_3p_heavy_high,6,test,Swell,6,SCENARIO_CONTROLLER,three-phase,"A,B,C",1.341,74.4,0.0314,0.1058,157,529,0.632721,1.061283,1.677331,0.8484,77.6,60.0,60.0011,14.76,0.8802,0.01548,0.00604,0.005501,0.003343,0.002879,0.002846,0.002953,0.002258,0.001575,0.001235,0.017587,0.006862,0.00625,0.003798,0.003233,0.002565,0.001403,0.000352,60.71,12.83,0.0349,6.9e-05,60.0
swell_06_08,swell_sim_06,SWL_0006_3p_heavy_high,6,test,Swell,6,SCENARIO_CONTROLLER,three-phase,"A,B,C",1.341,74.4,0.0324,0.1068,162,534,0.632725,1.061283,1.67732,0.8487,77.6,60.0,60.0011,14.76,0.880206,0.01548,0.006047,0.005495,0.003343,0.002882,0.002839,0.002958,0.002261,0.00157,0.001241,0.017587,0.00687,0.006243,0.003798,0.003225,0.002569,0.00141,0.000352,60.71,12.84,0.0349,7e-05,60.0
swell_06_09,swell_sim_06,SWL_0006_3p_heavy_high,6,test,Swell,6,SCENARIO_CONTROLLER,three-phase,"A,B,C",1.341,74.4,0.0334,0.1078,167,539,0.632727,1.061283,1.677317,0.8489,77.6,60.0,60.0011,14.76,0.880208,0.015481,0.006053,0.005491,0.003335,0.002893,0.00284,0.002947,0.002264,0.001578,0.00123,0.017588,0.006877,0.006238,0.003789,0.003227,0.002572,0.001397,0.000352,60.71,12.84,0.0349,7e-05,60.0
swell_06_10,swell_sim_06,SWL_0006_3p_heavy_high,6,test,Swell,6,SCENARIO_CONTROLLER,three-phase,"A,B,C",1.341,74.4,0.0344,0.1088,172,544,0.632728,1.061283,1.677314,0.8493,77.6,60.0,60.0011,14.76,0.88021,0.01548,0.006056,0.005495,0.003331,0.00289,0.002848,0.002951,0.002258,0.001572,0.001239,0.017587,0.00688,0.006243,0.003784,0.003236,0.002565,0.001408,0.000352,60.71,12.84,0.0349,7.1e-05,60.0
swell_06_11,swell_sim_06,SWL_0006_3p_heavy_high,6,test,Swell,6,SCENARIO_CONTROLLER,three-phase,"A,B,C",1.341,74.4,0.0354,0.1098,177,549,0.632729,1.061283,1.677311,0.8496,77.6,60.0,60.0016,14.76,0.880212,0.015486,0.006064,0.005502,0.003331,0.002878,0.00284,0.00296,0.002272,0.001575,0.001228,0.017593,0.006889,0.006251,0.003784,0.003226,0.002581,0.001395,0.000352,60.71,12.84,0.0349,7e-05,60.0
swell_06_12,swell_sim_06,SWL_0006_3p_heavy_high,6,test,Swell,6,SCENARIO_CONTROLLER,three-phase,"A,B,C",1.341,74.4,0.0364,0.1108,182,554,0.63273,1.061283,1.677309,0.8497,77.6,60.0,60.0016,14.76,0.880213,0.015484,0.006061,0.005501,0.003332,0.002884,0.002846,0.002963,0.002273,0.001568,0.001219,0.017591,0.006886,0.00625,0.003785,0.003233,0.002582,0.001385,0.000352,60.71,12.84,0.0349,7e-05,60.0
swell_06_13,swell_sim_06,SWL_0006_3p_heavy_high,6,test,Swell,6,SCENARIO_CONTROLLER,three-phase,"A,B,C",1.341,74.4,0.0374,0.1118,187,559,0.632728,1.061283,1.677313,0.8501,77.6,60.0,60.0016,14.76,0.880211,0.015486,0.006063,0.005504,0.003334,0.002885,0.002848,0.002963,0.002275,0.001566,0.001217,0.017594,0.006888,0.006253,0.003788,0.003236,0.002585,0.001383,0.000352,60.71,12.84,0.0349,6.9e-05,60.0
swell_06_14,swell_sim_06,SWL_0006_3p_heavy_high,6,test,Swell,6,SCENARIO_CONTROLLER,three-phase,"A,B,C",1.341,74.4,0.0384,0.1128,192,564,0.632727,1.061283,1.677316,0.8511,77.6,60.0,60.0016,14.76,0.880209,0.015489,0.006068,0.005508,0.00334,0.002889,0.002854,0.002969,0.002283,0.001573,0.001225,0.017597,0.006894,0.006258,0.003795,0.003242,0.002594,0.001392,0.000353,60.71,12.84,0.0349,6.9e-05,60.0
swell_06_15,swell_sim_06,SWL_0006_3p_heavy_high,6,test,Swell,6,SCENARIO_CONTROLLER,three-phase,"A,B,C",1.341,74.4,0.0394,0.1138,197,569,0.632735,1.061283,1.677295,0.8521,77.6,60.0,60.0016,14.76,0.880221,0.015479,0.00607,0.005512,0.003348,0.002895,0.002862,0.002976,0.002287,0.001577,0.001227,0.017585,0.006896,0.006262,0.003804,0.003251,0.002598,0.001394,0.000353,60.71,12.84,0.0349,7e-05,60.0
swell_06_16,swell_sim_06,SWL_0006_3p_heavy_high,6,test,Swell,6,SCENARIO_CONTROLLER,three-phase,"A,B,C",1.341,74.4,0.0404,0.1148,202,574,0.632728,1.061283,1.677312,0.8509,77.6,60.0,60.0016,14.76,0.880211,0.015484,0.006061,0.0055,0.003338,0.002886,0.002865,0.002985,0.0023,0.001588,0.001226,0.017591,0.006886,0.006249,0.003792,0.003255,0.002613,0.001393,0.000353,60.71,12.83,0.0349,6.8e-05,60.0
swell_06_17,swell_sim_06,SWL_0006_3p_heavy_high,6,test,Swell,6,SCENARIO_CONTROLLER,three-phase,"A,B,C",1.341,74.4,0.0414,0.1158,207,579,0.632731,1.061283,1.677306,0.8509,77.6,60.0,60.0016,14.76,0.880215,0.015484,0.006067,0.005504,0.003335,0.00288,0.002859,0.002985,0.002308,0.001594,0.001224,0.017591,0.006893,0.006253,0.003789,0.003248,0.002622,0.001391,0.000353,60.71,12.84,0.0349,6.9e-05,60.0
swell_06_18,swell_sim_06,SWL_0006_3p_heavy_high,6,test,Swell,6,SCENARIO_CONTROLLER,three-phase,"A,B,C",1.341,74.4,0.0424,0.1168,212,584,0.632733,1.061283,1.6773,0.8509,77.6,60.0,60.0016,14.76,0.880218,0.015491,0.006064,0.005497,0.003336,0.002887,0.002862,0.002979,0.002307,0.0016,0.001228,0.017599,0.006889,0.006245,0.00379,0.003251,0.002621,0.001395,0.000353,60.71,12.84,0.0349,6.9e-05,60.0
swell_06_19,swell_sim_06,SWL_0006_3p_heavy_high,6,test,Swell,6,SCENARIO_CONTROLLER,three-phase,"A,B,C",1.341,74.4,0.0434,0.1178,217,589,0.632732,1.061283,1.677301,0.8514,77.6,60.0,60.0006,14.76,0.880218,0.015485,0.00607,0.005498,0.00333,0.002887,0.002867,0.002977,0.002305,0.001604,0.001229,0.017592,0.006896,0.006246,0.003783,0.003257,0.002619,0.001396,0.000353,60.71,12.84,0.0349,6.9e-05,60.0
swell_06_20,swell_sim_06,SWL_0006_3p_heavy_high,6,test,Swell,6,SCENARIO_CONTROLLER,three-phase,"A,B,C",1.341,74.4,0.0444,0.1188,222,594,0.632735,1.061283,1.677294,0.8518,77.6,60.0,60.0006,14.76,0.880223,0.015484,0.006071,0.005489,0.00334,0.002885,0.002864,0.002986,0.002295,0.001607,0.001232,0.017591,0.006897,0.006236,0.003794,0.003254,0.002607,0.0014,0.000353,60.71,12.84,0.0349,6.9e-05,60.0
swell_06_21,swell_sim_06,SWL_0006_3p_heavy_high,6,test,Swell,6,SCENARIO_CONTROLLER,three-phase,"A,B,C",1.341,74.4,0.0454,0.1198,227,599,0.632729,1.061283,1.677309,0.8521,77.6,60.0,60.0006,14.76,0.880213,0.015477,0.00608,0.005489,0.003337,0.002896,0.002853,0.002995,0.002287,0.001608,0.001232,0.017583,0.006907,0.006236,0.003791,0.003241,0.002598,0.0014,0.000353,60.71,12.84,0.0349,7e-05,60.0
swell_06_22,swell_sim_06,SWL_0006_3p_heavy_high,6,test,Swell,6,SCENARIO_CONTROLLER,three-phase,"A,B,C",1.341,74.4,0.0464,0.1208,232,604,0.63273,1.061283,1.677307,0.8516,77.6,60.0,60.0006,14.76,0.880215,0.015479,0.006078,0.005491,0.003335,0.002896,0.002852,0.002995,0.002285,0.001608,0.001233,0.017585,0.006905,0.006238,0.003789,0.00324,0.002596,0.001401,0.000353,60.71,12.84,0.0349,7e-05,60.0
swell_06_23,swell_sim_06,SWL_0006_3p_heavy_high,6,test,Swell,6,SCENARIO_CONTROLLER,three-phase,"A,B,C",1.341,74.4,0.0474,0.1218,237,609,0.632737,1.061283,1.67729,0.8527,77.6,60.0,60.0006,14.76,0.880225,0.015487,0.00608,0.005488,0.003343,0.002889,0.002863,0.002984,0.002293,0.001599,0.001237,0.017594,0.006907,0.006235,0.003798,0.003253,0.002605,0.001405,0.000353,60.71,12.84,0.0349,7e-05,60.0
swell_06_24,swell_sim_06,SWL_0006_3p_heavy_high,6,test,Swell,6,SCENARIO_CONTROLLER,three-phase,"A,B,C",1.341,74.4,0.0484,0.1228,242,614,0.632736,1.061283,1.677292,0.8528,77.6,60.0,60.0006,14.76,0.880223,0.015488,0.006077,0.00549,0.003345,0.002886,0.002869,0.002977,0.002294,0.001599,0.001232,0.017596,0.006904,0.006237,0.0038,0.003259,0.002606,0.0014,0.000353,60.71,12.84,0.0349,7e-05,60.0
swell_06_25,swell_sim_06,SWL_0006_3p_heavy_high,6,test,Swell,6,SCENARIO_CONTROLLER,three-phase,"A,B,C",1.341,74.4,0.0494,0.1238,247,619,0.632734,1.061283,1.677299,0.8527,77.6,60.0,60.0006,14.76,0.88022,0.01549,0.006073,0.005491,0.003349,0.002882,0.002869,0.00298,0.002291,0.0016,0.001236,0.017598,0.006899,0.006238,0.003805,0.003259,0.002603,0.001404,0.000353,60.71,12.84,0.0349,6.9e-05,60.0
swell_06_26,swell_sim_06,SWL_0006_3p_heavy_high,6,test,Swell,6,SCENARIO_CONTROLLER,three-phase,"A,B,C",1.341,74.4,0.0504,0.1248,252,624,0.632736,1.061283,1.677292,0.8525,77.6,60.0,60.0006,14.76,0.880223,0.01548,0.006068,0.005502,0.003354,0.002869,0.002871,0.002993,0.002289,0.001588,0.001245,0.017586,0.006894,0.006251,0.00381,0.003262,0.0026,0.001414,0.000353,60.71,12.84,0.0349,7e-05,60.0
swell_06_27,swell_sim_06,SWL_0006_3p_heavy_high,6,test,Swell,6,SCENARIO_CONTROLLER,three-phase,"A,B,C",1.341,74.4,0.0514,0.1258,257,629,0.632737,1.061283,1.67729,0.853,77.6,60.0,59.9998,14.76,0.880225,0.015484,0.006075,0.005507,0.00335,0.00286,0.002872,0.003007,0.0023,0.001575,0.001231,0.017591,0.006902,0.006256,0.003806,0.003263,0.002613,0.001399,0.000353,60.71,12.84,0.0349,7.1e-05,60.0
swell_06_28,swell_sim_06,SWL_0006_3p_heavy_high,6,test,Swell,6,SCENARIO_CONTROLLER,three-phase,"A,B,C",1.341,74.4,0.0524,0.1268,262,634,0.632735,1.061283,1.677295,0.8525,77.6,60.0,60.0008,14.76,0.880221,0.01548,0.006069,0.005497,0.003344,0.002868,0.002881,0.003009,0.002298,0.001569,0.001228,0.017586,0.006895,0.006245,0.003799,0.003273,0.002611,0.001395,0.000353,60.71,12.84,0.0349,7e-05,60.0
swell_06_29,swell_sim_06,SWL_0006_3p_heavy_high,6,test,Swell,6,SCENARIO_CONTROLLER,three-phase,"A,B,C",1.341,74.4,0.0534,0.1278,267,639,0.632735,1.061283,1.677293,0.8526,77.6,60.0,60.0008,14.76,0.880222,0.015481,0.00607,0.0055,0.003347,0.002866,0.002878,0.003005,0.002294,0.001569,0.001232,0.017588,0.006896,0.006248,0.003802,0.00327,0.002606,0.0014,0.000353,60.71,12.84,0.0349,6.9e-05,60.0
swell_06_30,swell_sim_06,SWL_0006_3p_heavy_high,6,test,Swell,6,SCENARIO_CONTROLLER,three-phase,"A,B,C",1.341,74.4,0.0544,0.1288,272,644,0.632741,1.061283,1.677279,0.8513,77.6,60.0,60.0008,14.76,0.880231,0.015472,0.006059,0.005492,0.003339,0.002865,0.002877,0.003007,0.002294,0.001573,0.001235,0.017577,0.006883,0.006239,0.003793,0.003268,0.002606,0.001403,0.000352,60.71,12.84,0.0349,6.9e-05,60.0
swell_06_31,swell_sim_06,SWL_0006_3p_heavy_high,6,test,Swell,6,SCENARIO_CONTROLLER,three-phase,"A,B,C",1.341,74.4,0.0554,0.1298,277,649,0.632737,1.061283,1.67729,0.8513,77.6,60.0,60.0008,14.76,0.880224,0.015478,0.006061,0.005494,0.003339,0.002866,0.002876,0.003006,0.002292,0.001571,0.001234,0.017584,0.006886,0.006242,0.003793,0.003267,0.002604,0.001402,0.000352,60.71,12.84,0.0349,6.9e-05,60.0
swell_06_32,swell_sim_06,SWL_0006_3p_heavy_high,6,test,Swell,6,SCENARIO_CONTROLLER,three-phase,"A,B,C",1.341,74.4,0.0564,0.1308,282,654,0.632736,1.061283,1.677292,0.8512,77.6,60.0,60.0008,14.76,0.880223,0.01548,0.006062,0.005495,0.003337,0.002866,0.002872,0.003002,0.002288,0.001567,0.001232,0.017586,0.006887,0.006243,0.003791,0.003263,0.002599,0.0014,0.000352,60.71,12.84,0.0349,6.9e-05,60.0
swell_07_01,swell_sim_07,SWL_0007_3p_heavy_mild,7,train,Swell,6,SCENARIO_CONTROLLER,three-phase,"A,B,C",1.2416,82.2,0.0252,0.1074,126,537,0.601722,0.953422,1.584488,0.8235,79.0,60.0,59.9995,17.58,0.843642,0.00814,0.005208,0.004111,0.003583,0.003054,0.002881,0.002866,0.002377,0.001471,0.001203,0.009649,0.006173,0.004873,0.004247,0.003415,0.002818,0.001426,0.000158,60.57,12.59,0.0209,6.4e-05,60.0
swell_07_02,swell_sim_07,SWL_0007_3p_heavy_mild,7,train,Swell,6,SCENARIO_CONTROLLER,three-phase,"A,B,C",1.2416,82.2,0.0262,0.1084,131,542,0.601722,0.953422,1.58449,0.8236,79.0,60.0,59.9997,17.58,0.843641,0.008137,0.005209,0.004115,0.00358,0.003049,0.002885,0.002869,0.00237,0.001473,0.001211,0.009645,0.006174,0.004878,0.004244,0.00342,0.002809,0.001435,0.000158,60.57,12.59,0.0209,6.4e-05,60.0
swell_07_03,swell_sim_07,SWL_0007_3p_heavy_mild,7,train,Swell,6,SCENARIO_CONTROLLER,three-phase,"A,B,C",1.2416,82.2,0.0272,0.1094,136,547,0.601724,0.953422,1.584483,0.8241,79.0,60.0,59.9977,17.57,0.843645,0.008138,0.005215,0.004102,0.00359,0.003052,0.002871,0.002883,0.002363,0.001464,0.001228,0.009646,0.006182,0.004862,0.004255,0.003403,0.002801,0.001456,0.000158,60.57,12.59,0.0209,6.3e-05,60.0
swell_07_04,swell_sim_07,SWL_0007_3p_heavy_mild,7,train,Swell,6,SCENARIO_CONTROLLER,three-phase,"A,B,C",1.2416,82.2,0.0282,0.1104,141,552,0.601729,0.953422,1.58447,0.8249,79.0,60.0,59.9977,17.57,0.843654,0.008143,0.005215,0.004094,0.003602,0.003042,0.002874,0.002886,0.002357,0.001472,0.001224,0.009652,0.006181,0.004853,0.00427,0.003407,0.002794,0.001451,0.000158,60.57,12.59,0.0209,6.3e-05,60.0
swell_07_05,swell_sim_07,SWL_0007_3p_heavy_mild,7,train,Swell,6,SCENARIO_CONTROLLER,three-phase,"A,B,C",1.2416,82.2,0.0292,0.1114,146,557,0.601736,0.953422,1.584452,0.8231,79.0,60.0,59.9977,17.57,0.843664,0.008155,0.005203,0.004105,0.003593,0.003049,0.00287,0.00289,0.002353,0.001474,0.001225,0.009666,0.006167,0.004866,0.004259,0.003402,0.002789,0.001452,0.000158,60.57,12.58,0.0209,6.2e-05,60.0
swell_07_06,swell_sim_07,SWL_0007_3p_heavy_mild,7,train,Swell,6,SCENARIO_CONTROLLER,three-phase,"A,B,C",1.2416,82.2,0.0302,0.1124,151,562,0.601729,0.953422,1.58447,0.8241,79.0,60.0,59.9977,17.57,0.843653,0.008145,0.005211,0.004099,0.003597,0.003045,0.002872,0.002889,0.00235,0.001479,0.001221,0.009654,0.006177,0.004859,0.004264,0.003404,0.002786,0.001447,0.000158,60.57,12.59,0.0209,6.2e-05,60.0
swell_07_07,swell_sim_07,SWL_0007_3p_heavy_mild,7,train,Swell,6,SCENARIO_CONTROLLER,three-phase,"A,B,C",1.2416,82.2,0.0312,0.1134,156,567,0.601729,0.953422,1.584471,0.8242,79.0,60.0,59.9977,17.57,0.843653,0.008144,0.005212,0.004098,0.003598,0.003046,0.002871,0.002892,0.002347,0.001482,0.001219,0.009653,0.006178,0.004857,0.004265,0.003403,0.002782,0.001445,0.000158,60.57,12.59,0.0209,6.2e-05,60.0
swell_07_08,swell_sim_07,SWL_0007_3p_heavy_mild,7,train,Swell,6,SCENARIO_CONTROLLER,three-phase,"A,B,C",1.2416,82.2,0.0322,0.1144,161,572,0.601732,0.953422,1.584462,0.8241,79.0,60.0,59.9977,17.57,0.843658,0.00814,0.005219,0.004097,0.003591,0.003056,0.002864,0.002889,0.002359,0.001472,0.001221,0.009648,0.006186,0.004856,0.004256,0.003395,0.002796,0.001447,0.000158,60.57,12.59,0.0209,6.2e-05,60.0
swell_07_09,swell_sim_07,SWL_0007_3p_heavy_mild,7,train,Swell,6,SCENARIO_CONTROLLER,three-phase,"A,B,C",1.2416,82.2,0.0332,0.1154,166,577,0.601729,0.953422,1.584472,0.8239,79.0,60.0,59.9977,17.57,0.843653,0.008146,0.005213,0.004095,0.003599,0.00305,0.002862,0.002896,0.002355,0.001467,0.001231,0.009656,0.006179,0.004854,0.004266,0.003392,0.002791,0.001459,0.000158,60.57,12.59,0.0209,6.3e-05,60.0
swell_07_10,swell_sim_07,SWL_0007_3p_heavy_mild,7,train,Swell,6,SCENARIO_CONTROLLER,three-phase,"A,B,C",1.2416,82.2,0.0342,0.1164,171,582,0.60173,0.953422,1.584468,0.8237,79.0,60.0,59.9977,17.57,0.843654,0.008139,0.005209,0.0041,0.003602,0.003046,0.00286,0.0029,0.002358,0.001464,0.001229,0.009647,0.006174,0.00486,0.00427,0.00339,0.002795,0.001457,0.000158,60.57,12.59,0.0209,6.2e-05,60.0
swell_07_11,swell_sim_07,SWL_0007_3p_heavy_mild,7,train,Swell,6,SCENARIO_CONTROLLER,three-phase,"A,B,C",1.2416,82.2,0.0352,0.1174,176,587,0.601729,0.953422,1.584469,0.8238,79.0,60.0,60.0009,17.59,0.843654,0.008141,0.005211,0.004098,0.003599,0.003046,0.002864,0.002904,0.002357,0.001459,0.001227,0.00965,0.006177,0.004857,0.004266,0.003395,0.002794,0.001454,0.000158,60.57,12.59,0.0209,6.3e-05,60.0
swell_07_12,swell_sim_07,SWL_0007_3p_heavy_mild,7,train,Swell,6,SCENARIO_CONTROLLER,three-phase,"A,B,C",1.2416,82.2,0.0362,0.1184,181,592,0.601729,0.953422,1.58447,0.8238,79.0,60.0,60.0009,17.59,0.843653,0.00814,0.005207,0.004094,0.003598,0.003049,0.00287,0.002909,0.002359,0.001455,0.001219,0.009649,0.006172,0.004853,0.004265,0.003402,0.002796,0.001445,0.000158,60.57,12.6,0.0209,6.3e-05,60.0
swell_07_13,swell_sim_07,SWL_0007_3p_heavy_mild,7,train,Swell,6,SCENARIO_CONTROLLER,three-phase,"A,B,C",1.2416,82.2,0.0372,0.1194,186,597,0.601722,0.953422,1.584489,0.8256,79.0,60.0,60.0009,17.59,0.843641,0.008153,0.005221,0.004107,0.003608,0.003056,0.002871,0.002905,0.002354,0.001445,0.001203,0.009664,0.006189,0.004868,0.004277,0.003403,0.00279,0.001426,0.000159,60.57,12.6,0.0209,6.4e-05,60.0
swell_07_14,swell_sim_07,SWL_0007_3p_heavy_mild,7,train,Swell,6,SCENARIO_CONTROLLER,three-phase,"A,B,C",1.2416,82.2,0.0382,0.1204,191,602,0.601729,0.953422,1.584471,0.8235,79.0,60.0,60.0009,17.59,0.843652,0.008141,0.00521,0.004095,0.003597,0.003045,0.002861,0.002896,0.002344,0.001436,0.001196,0.00965,0.006176,0.004854,0.004264,0.003391,0.002778,0.001418,0.000158,60.57,12.6,0.0209,6.4e-05,60.0
swell_07_15,swell_sim_07,SWL_0007_3p_heavy_mild,7,train,Swell,6,SCENARIO_CONTROLLER,three-phase,"A,B,C",1.2416,82.2,0.0392,0.1214,196,607,0.601727,0.953422,1.584476,0.823,79.0,60.0,60.0009,17.59,0.84365,0.008143,0.005209,0.004093,0.003594,0.003041,0.002856,0.002891,0.002341,0.001435,0.001196,0.009652,0.006174,0.004852,0.00426,0.003385,0.002775,0.001418,0.000158,60.57,12.59,0.0209,6.4e-05,60.0
swell_07_16,swell_sim_07,SWL_0007_3p_heavy_mild,7,train,Swell,6,SCENARIO_CONTROLLER,three-phase,"A,B,C",1.2416,82.2,0.0402,0.1224,201,612,0.601729,0.953422,1.58447,0.8233,79.0,60.0,60.0009,17.59,0.843653,0.008142,0.005211,0.004097,0.003597,0.003042,0.002855,0.002888,0.002338,0.001434,0.001197,0.009651,0.006177,0.004856,0.004264,0.003384,0.002771,0.001419,0.000158,60.57,12.59,0.0209,6.3e-05,60.0
swell_07_17,swell_sim_07,SWL_0007_3p_heavy_mild,7,train,Swell,6,SCENARIO_CONTROLLER,three-phase,"A,B,C",1.2416,82.2,0.0412,0.1234,206,617,0.601725,0.953422,1.58448,0.8231,79.0,60.0,60.0009,17.59,0.843647,0.008136,0.005205,0.004099,0.003604,0.003046,0.002852,0.002882,0.002338,0.001439,0.001201,0.009644,0.00617,0.004859,0.004272,0.003381,0.002771,0.001424,0.000158,60.57,12.6,0.0209,6.5e-05,60.0
swell_07_18,swell_sim_07,SWL_0007_3p_heavy_mild,7,train,Swell,6,SCENARIO_CONTROLLER,three-phase,"A,B,C",1.2416,82.2,0.0422,0.1244,211,622,0.601724,0.953422,1.584484,0.8229,79.0,60.0,60.0009,17.59,0.843646,0.008134,0.005203,0.004102,0.003608,0.003045,0.002846,0.002882,0.002344,0.001438,0.001195,0.009641,0.006167,0.004862,0.004277,0.003373,0.002778,0.001416,0.000158,60.57,12.59,0.0209,6.5e-05,60.0
swell_07_19,swell_sim_07,SWL_0007_3p_heavy_mild,7,train,Swell,6,SCENARIO_CONTROLLER,three-phase,"A,B,C",1.2416,82.2,0.0432,0.1254,216,627,0.601724,0.953422,1.584484,0.8226,79.0,60.0,60.0019,17.6,0.843645,0.008137,0.005198,0.004103,0.003612,0.003042,0.002845,0.002885,0.002343,0.001438,0.001194,0.009645,0.006161,0.004863,0.004281,0.003372,0.002777,0.001415,0.000158,60.57,12.59,0.0209,6.5e-05,60.0
swell_07_20,swell_sim_07,SWL_0007_3p_heavy_mild,7,train,Swell,6,SCENARIO_CONTROLLER,three-phase,"A,B,C",1.2416,82.2,0.0442,0.1264,221,632,0.601725,0.953422,1.584481,0.8228,79.0,60.0,60.0019,17.59,0.843647,0.008139,0.005198,0.0041,0.003616,0.003038,0.002845,0.002889,0.002336,0.001443,0.001195,0.009647,0.006161,0.00486,0.004286,0.003372,0.002769,0.001416,0.000158,60.57,12.6,0.0209,6.5e-05,60.0
swell_07_21,swell_sim_07,SWL_0007_3p_heavy_mild,7,train,Swell,6,SCENARIO_CONTROLLER,three-phase,"A,B,C",1.2416,82.2,0.0452,0.1274,226,637,0.601727,0.953422,1.584475,0.823,79.0,60.0,60.0019,17.59,0.843651,0.008142,0.005196,0.004101,0.003618,0.003034,0.00285,0.002885,0.00234,0.001441,0.001194,0.009651,0.006159,0.004861,0.004289,0.003378,0.002774,0.001415,0.000158,60.57,12.59,0.0209,6.5e-05,60.0
swell_07_22,swell_sim_07,SWL_0007_3p_heavy_mild,7,train,Swell,6,SCENARIO_CONTROLLER,three-phase,"A,B,C",1.2416,82.2,0.0462,0.1284,231,642,0.601732,0.953422,1.584464,0.822,79.0,60.0,60.0019,17.59,0.843658,0.008149,0.005189,0.004106,0.003614,0.003037,0.002848,0.002885,0.002341,0.001439,0.001196,0.009659,0.006151,0.004867,0.004284,0.003376,0.002775,0.001418,0.000158,60.57,12.6,0.0209,6.5e-05,60.0
swell_07_23,swell_sim_07,SWL_0007_3p_heavy_mild,7,train,Swell,6,SCENARIO_CONTROLLER,three-phase,"A,B,C",1.2416,82.2,0.0472,0.1294,236,647,0.601741,0.953422,1.584438,0.8219,79.0,60.0,60.0019,17.6,0.843672,0.00816,0.005184,0.004108,0.003615,0.003034,0.002853,0.002878,0.002351,0.001429,0.001206,0.009672,0.006145,0.004869,0.004285,0.003382,0.002787,0.001429,0.000158,60.57,12.59,0.0209,6.5e-05,60.0
swell_07_24,swell_sim_07,SWL_0007_3p_heavy_mild,7,train,Swell,6,SCENARIO_CONTROLLER,three-phase,"A,B,C",1.2416,82.2,0.0482,0.1304,241,652,0.601744,0.953422,1.584431,0.8226,79.0,60.0,60.0019,17.6,0.843677,0.008163,0.005184,0.004104,0.003621,0.003026,0.00286,0.002875,0.002347,0.001437,0.001197,0.009676,0.006145,0.004864,0.004292,0.00339,0.002782,0.001419,0.000158,60.57,12.59,0.0209,6.4e-05,60.0
swell_07_25,swell_sim_07,SWL_0007_3p_heavy_mild,7,train,Swell,6,SCENARIO_CONTROLLER,three-phase,"A,B,C",1.2416,82.2,0.0492,0.1314,246,657,0.601744,0.953422,1.584432,0.8227,79.0,60.0,60.0019,17.6,0.843676,0.008165,0.005183,0.004102,0.003625,0.003024,0.002858,0.002881,0.002343,0.001433,0.001205,0.009678,0.006143,0.004862,0.004297,0.003388,0.002777,0.001428,0.000158,60.57,12.6,0.0209,6.4e-05,60.0
swell_07_26,swell_sim_07,SWL_0007_3p_heavy_mild,7,train,Swell,6,SCENARIO_CONTROLLER,three-phase,"A,B,C",1.2416,82.2,0.0502,0.1324,251,662,0.601743,0.953422,1.584434,0.8226,79.0,60.0,60.0019,17.6,0.843675,0.008166,0.005182,0.004102,0.003628,0.003021,0.002856,0.002886,0.002344,0.001426,0.001209,0.009679,0.006142,0.004862,0.0043,0.003385,0.002778,0.001433,0.000158,60.57,12.59,0.0209,6.4e-05,60.0
swell_07_27,swell_sim_07,SWL_0007_3p_heavy_mild,7,train,Swell,6,SCENARIO_CONTROLLER,three-phase,"A,B,C",1.2416,82.2,0.0512,0.1334,256,667,0.601744,0.953422,1.584431,0.8223,79.0,60.0,59.9992,17.59,0.843676,0.00816,0.005177,0.004108,0.003633,0.003016,0.00285,0.00289,0.002352,0.001426,0.001202,0.009672,0.006136,0.004869,0.004306,0.003378,0.002788,0.001425,0.000158,60.57,12.59,0.0209,6.5e-05,60.0
swell_07_28,swell_sim_07,SWL_0007_3p_heavy_mild,7,train,Swell,6,SCENARIO_CONTROLLER,three-phase,"A,B,C",1.2416,82.2,0.0522,0.1344,261,672,0.601743,0.953422,1.584435,0.8218,79.0,60.0,59.9982,17.58,0.843673,0.008154,0.005165,0.004096,0.003635,0.003029,0.002861,0.002888,0.002341,0.001413,0.001202,0.009665,0.006122,0.004855,0.004309,0.003391,0.002775,0.001425,0.000158,60.57,12.59,0.0209,6.4e-05,60.0
swell_07_29,swell_sim_07,SWL_0007_3p_heavy_mild,7,train,Swell,6,SCENARIO_CONTROLLER,three-phase,"A,B,C",1.2416,82.2,0.0532,0.1354,266,677,0.601744,0.953422,1.584431,0.822,79.0,60.0,59.9982,17.58,0.843676,0.008152,0.005163,0.004097,0.003637,0.003033,0.002865,0.002892,0.002343,0.001412,0.001196,0.009662,0.00612,0.004856,0.004311,0.003396,0.002777,0.001418,0.000158,60.57,12.6,0.0209,6.5e-05,60.0
swell_07_30,swell_sim_07,SWL_0007_3p_heavy_mild,7,train,Swell,6,SCENARIO_CONTROLLER,three-phase,"A,B,C",1.2416,82.2,0.0542,0.1364,271,682,0.601736,0.953422,1.584451,0.8236,79.0,60.0,59.9982,17.58,0.843663,0.008166,0.005176,0.004107,0.003645,0.003037,0.002864,0.002889,0.00234,0.001407,0.001189,0.009679,0.006135,0.004868,0.00432,0.003395,0.002774,0.001409,0.000158,60.57,12.6,0.0209,6.5e-05,60.0
swell_07_31,swell_sim_07,SWL_0007_3p_heavy_mild,7,train,Swell,6,SCENARIO_CONTROLLER,three-phase,"A,B,C",1.2416,82.2,0.0552,0.1374,276,687,0.601733,0.953422,1.58446,0.823,79.0,60.0,59.9982,17.58,0.843658,0.008169,0.005176,0.004105,0.00364,0.003031,0.002857,0.00288,0.002328,0.001394,0.001176,0.009683,0.006135,0.004866,0.004315,0.003386,0.002759,0.001394,0.000158,60.57,12.6,0.0209,6.5e-05,60.0
swell_07_32,swell_sim_07,SWL_0007_3p_heavy_mild,7,train,Swell,6,SCENARIO_CONTROLLER,three-phase,"A,B,C",1.2416,82.2,0.0562,0.1384,281,692,0.601738,0.953422,1.584448,0.824,79.0,60.0,59.9982,17.58,0.843665,0.008166,0.005179,0.004111,0.003648,0.003038,0.002862,0.00288,0.002322,0.001386,0.001168,0.009679,0.006139,0.004873,0.004324,0.003392,0.002752,0.001384,0.000158,60.57,12.6,0.0209,6.5e-05,60.0
swell_08_01,swell_sim_08,SWL_0008_3p_highpf_mild,8,train,Swell,6,SCENARIO_CONTROLLER,three-phase,"A,B,C",1.1983,73.4,0.0254,0.0988,127,494,0.67477,1.05886,1.569216,0.7427,76.4,60.0,59.9984,19.2,0.948607,0.011092,0.004698,0.004297,0.004039,0.003318,0.003356,0.003403,0.002959,0.001778,0.001608,0.011693,0.004953,0.00453,0.004258,0.003538,0.003119,0.001695,0.000228,60.54,13.24,0.0155,6.7e-05,60.0
swell_08_02,swell_sim_08,SWL_0008_3p_highpf_mild,8,train,Swell,6,SCENARIO_CONTROLLER,three-phase,"A,B,C",1.1983,73.4,0.0264,0.0998,132,499,0.674769,1.05886,1.569218,0.7428,76.4,60.0,59.9982,19.2,0.948606,0.011091,0.004696,0.004301,0.004041,0.003311,0.003356,0.003412,0.002952,0.001771,0.001618,0.011692,0.00495,0.004534,0.00426,0.003538,0.003112,0.001706,0.000228,60.54,13.25,0.0155,6.7e-05,60.0
swell_08_03,swell_sim_08,SWL_0008_3p_highpf_mild,8,train,Swell,6,SCENARIO_CONTROLLER,three-phase,"A,B,C",1.1983,73.4,0.0274,0.1008,137,504,0.674768,1.05886,1.569221,0.7428,76.4,60.0,59.9999,19.22,0.948603,0.011096,0.004688,0.004307,0.004043,0.003302,0.003364,0.003412,0.002947,0.001781,0.001613,0.011697,0.004942,0.00454,0.004262,0.003546,0.003107,0.0017,0.000228,60.54,13.25,0.0155,6.7e-05,60.0
swell_08_04,swell_sim_08,SWL_0008_3p_highpf_mild,8,train,Swell,6,SCENARIO_CONTROLLER,three-phase,"A,B,C",1.1983,73.4,0.0284,0.1018,142,509,0.674767,1.05886,1.569222,0.7429,76.4,60.0,59.9999,19.22,0.948603,0.011096,0.004689,0.004306,0.004044,0.003302,0.003363,0.003415,0.002943,0.001785,0.00161,0.011697,0.004943,0.004539,0.004263,0.003545,0.003102,0.001697,0.000228,60.54,13.25,0.0155,6.7e-05,60.0
swell_08_05,swell_sim_08,SWL_0008_3p_highpf_mild,8,train,Swell,6,SCENARIO_CONTROLLER,three-phase,"A,B,C",1.1983,73.4,0.0294,0.1028,147,514,0.674761,1.05886,1.569238,0.7447,76.4,60.0,59.9999,19.22,0.948593,0.011086,0.004701,0.004296,0.004054,0.003293,0.003372,0.003405,0.002954,0.001773,0.001622,0.011687,0.004956,0.004529,0.004274,0.003555,0.003114,0.00171,0.000228,60.54,13.25,0.0155,6.7e-05,60.0
swell_08_06,swell_sim_08,SWL_0008_3p_highpf_mild,8,train,Swell,6,SCENARIO_CONTROLLER,three-phase,"A,B,C",1.1983,73.4,0.0304,0.1038,152,519,0.674745,1.05886,1.569273,0.7473,76.4,60.0,59.9999,19.22,0.948569,0.011063,0.004717,0.004277,0.00407,0.00328,0.003381,0.003398,0.002954,0.001775,0.001619,0.011663,0.004973,0.004509,0.004291,0.003564,0.003114,0.001707,0.000228,60.54,13.25,0.0155,6.7e-05,60.0
swell_08_07,swell_sim_08,SWL_0008_3p_highpf_mild,8,train,Swell,6,SCENARIO_CONTROLLER,three-phase,"A,B,C",1.1983,73.4,0.0314,0.1048,157,524,0.674743,1.05886,1.569279,0.7472,76.4,60.0,59.9999,19.21,0.948566,0.01106,0.004718,0.004276,0.004069,0.003281,0.003379,0.003401,0.00295,0.001778,0.001616,0.01166,0.004974,0.004508,0.00429,0.003562,0.00311,0.001704,0.000228,60.54,13.25,0.0155,6.7e-05,60.0
swell_08_08,swell_sim_08,SWL_0008_3p_highpf_mild,8,train,Swell,6,SCENARIO_CONTROLLER,three-phase,"A,B,C",1.1983,73.4,0.0324,0.1058,162,529,0.674745,1.05886,1.569274,0.7474,76.4,60.0,59.9999,19.22,0.948569,0.01106,0.00472,0.004274,0.00407,0.003282,0.003377,0.003403,0.002951,0.001777,0.001616,0.01166,0.004976,0.004506,0.004291,0.00356,0.003111,0.001704,0.000228,60.54,13.25,0.0155,6.7e-05,60.0
swell_08_09,swell_sim_08,SWL_0008_3p_highpf_mild,8,train,Swell,6,SCENARIO_CONTROLLER,three-phase,"A,B,C",1.1983,73.4,0.0334,0.1068,167,534,0.674746,1.05886,1.569271,0.7474,76.4,60.0,59.9999,19.22,0.94857,0.011059,0.004722,0.004274,0.004067,0.003283,0.00338,0.0034,0.002949,0.00178,0.001616,0.011659,0.004978,0.004506,0.004288,0.003563,0.003109,0.001704,0.000228,60.54,13.25,0.0155,6.7e-05,60.0
swell_08_10,swell_sim_08,SWL_0008_3p_highpf_mild,8,train,Swell,6,SCENARIO_CONTROLLER,three-phase,"A,B,C",1.1983,73.4,0.0344,0.1078,172,539,0.674744,1.05886,1.569276,0.748,76.4,60.0,59.9999,19.22,0.948568,0.011072,0.004731,0.004262,0.00406,0.003293,0.003389,0.003394,0.002938,0.001782,0.001625,0.011672,0.004988,0.004493,0.00428,0.003573,0.003097,0.001713,0.000228,60.54,13.25,0.0155,6.7e-05,60.0
swell_08_11,swell_sim_08,SWL_0008_3p_highpf_mild,8,train,Swell,6,SCENARIO_CONTROLLER,three-phase,"A,B,C",1.1983,73.4,0.0354,0.1088,177,544,0.674744,1.05886,1.569277,0.7481,76.4,60.0,59.9998,19.21,0.948567,0.011072,0.00473,0.004259,0.00406,0.003296,0.003393,0.003392,0.002933,0.001776,0.001627,0.011672,0.004986,0.00449,0.00428,0.003577,0.003092,0.001715,0.000228,60.54,13.25,0.0155,6.7e-05,60.0
swell_08_12,swell_sim_08,SWL_0008_3p_highpf_mild,8,train,Swell,6,SCENARIO_CONTROLLER,three-phase,"A,B,C",1.1983,73.4,0.0364,0.1098,182,549,0.674739,1.05886,1.569287,0.7475,76.4,60.0,59.9998,19.21,0.94856,0.011067,0.004723,0.004245,0.00405,0.003297,0.003402,0.003406,0.002944,0.001779,0.001621,0.011667,0.004979,0.004475,0.00427,0.003586,0.003104,0.001709,0.000228,60.54,13.25,0.0155,6.7e-05,60.0
swell_08_13,swell_sim_08,SWL_0008_3p_highpf_mild,8,train,Swell,6,SCENARIO_CONTROLLER,three-phase,"A,B,C",1.1983,73.4,0.0374,0.1108,187,554,0.674734,1.05886,1.569299,0.7475,76.4,60.0,59.9998,19.21,0.948552,0.011072,0.00473,0.004245,0.004047,0.003291,0.003395,0.003397,0.002936,0.00177,0.001612,0.011673,0.004987,0.004475,0.004267,0.003579,0.003095,0.001699,0.000228,60.54,13.25,0.0155,6.7e-05,60.0
swell_08_14,swell_sim_08,SWL_0008_3p_highpf_mild,8,train,Swell,6,SCENARIO_CONTROLLER,three-phase,"A,B,C",1.1983,73.4,0.0384,0.1118,192,559,0.67473,1.05886,1.56931,0.7485,76.4,60.0,59.9998,19.21,0.948545,0.01108,0.004735,0.004252,0.004053,0.003297,0.003399,0.003401,0.002937,0.001771,0.001612,0.011681,0.004992,0.004483,0.004273,0.003583,0.003096,0.001699,0.000228,60.54,13.25,0.0155,6.8e-05,60.0
swell_08_15,swell_sim_08,SWL_0008_3p_highpf_mild,8,train,Swell,6,SCENARIO_CONTROLLER,three-phase,"A,B,C",1.1983,73.4,0.0394,0.1128,197,564,0.674725,1.05886,1.569321,0.7489,76.4,60.0,59.9998,19.21,0.948538,0.011087,0.00474,0.004257,0.004057,0.003299,0.003398,0.003398,0.002929,0.001762,0.001602,0.011689,0.004997,0.004488,0.004277,0.003582,0.003088,0.001689,0.000228,60.54,13.25,0.0155,6.7e-05,60.0
swell_08_16,swell_sim_08,SWL_0008_3p_highpf_mild,8,train,Swell,6,SCENARIO_CONTROLLER,three-phase,"A,B,C",1.1983,73.4,0.0404,0.1138,202,569,0.674733,1.05886,1.569303,0.7501,76.4,60.0,59.9998,19.21,0.948549,0.011081,0.004749,0.004268,0.004066,0.003304,0.003396,0.003392,0.002924,0.001759,0.001601,0.011682,0.005007,0.0045,0.004287,0.00358,0.003083,0.001688,0.000228,60.54,13.25,0.0155,6.7e-05,60.0
swell_08_17,swell_sim_08,SWL_0008_3p_highpf_mild,8,train,Swell,6,SCENARIO_CONTROLLER,three-phase,"A,B,C",1.1983,73.4,0.0414,0.1148,207,574,0.674735,1.05886,1.569297,0.7502,76.4,60.0,59.9998,19.21,0.948553,0.011086,0.004752,0.004265,0.004058,0.0033,0.003404,0.003401,0.00292,0.001748,0.001596,0.011687,0.00501,0.004496,0.004278,0.003589,0.003078,0.001683,0.000228,60.54,13.25,0.0155,6.8e-05,60.0
swell_08_18,swell_sim_08,SWL_0008_3p_highpf_mild,8,train,Swell,6,SCENARIO_CONTROLLER,three-phase,"A,B,C",1.1983,73.4,0.0424,0.1158,212,579,0.674734,1.05886,1.5693,0.7501,76.4,60.0,59.9998,19.21,0.948551,0.011084,0.00475,0.004267,0.004062,0.0033,0.003398,0.0034,0.002926,0.001749,0.00159,0.011685,0.005008,0.004498,0.004282,0.003582,0.003085,0.001676,0.000228,60.54,13.25,0.0155,6.7e-05,60.0
swell_08_19,swell_sim_08,SWL_0008_3p_highpf_mild,8,train,Swell,6,SCENARIO_CONTROLLER,three-phase,"A,B,C",1.1983,73.4,0.0434,0.1168,217,584,0.674734,1.05886,1.569299,0.7497,76.4,60.0,59.9976,19.2,0.948551,0.01109,0.004744,0.004263,0.004069,0.0033,0.003392,0.003404,0.002927,0.001742,0.001593,0.011692,0.005001,0.004494,0.00429,0.003576,0.003086,0.001679,0.000228,60.54,13.25,0.0155,6.6e-05,60.0
swell_08_20,swell_sim_08,SWL_0008_3p_highpf_mild,8,train,Swell,6,SCENARIO_CONTROLLER,three-phase,"A,B,C",1.1983,73.4,0.0444,0.1178,222,589,0.674732,1.05886,1.569305,0.7493,76.4,60.0,59.9976,19.2,0.948547,0.011094,0.004739,0.004273,0.004064,0.003298,0.003399,0.003397,0.002933,0.001742,0.00159,0.011696,0.004996,0.004505,0.004284,0.003583,0.003092,0.001676,0.000228,60.54,13.24,0.0155,6.6e-05,60.0
swell_08_21,swell_sim_08,SWL_0008_3p_highpf_mild,8,train,Swell,6,SCENARIO_CONTROLLER,three-phase,"A,B,C",1.1983,73.4,0.0454,0.1188,227,594,0.674729,1.05886,1.56931,0.7486,76.4,60.0,59.9976,19.2,0.948543,0.011095,0.004738,0.004279,0.004056,0.003305,0.003394,0.003397,0.002935,0.001735,0.001598,0.011697,0.004995,0.004511,0.004276,0.003578,0.003094,0.001685,0.000228,60.54,13.24,0.0155,6.6e-05,60.0
swell_08_22,swell_sim_08,SWL_0008_3p_highpf_mild,8,train,Swell,6,SCENARIO_CONTROLLER,three-phase,"A,B,C",1.1983,73.4,0.0464,0.1198,232,599,0.674731,1.05886,1.569307,0.7486,76.4,60.0,59.9976,19.2,0.948546,0.011096,0.004736,0.004279,0.004056,0.003304,0.003396,0.003394,0.002938,0.001732,0.001602,0.011698,0.004993,0.004511,0.004276,0.00358,0.003097,0.001689,0.000228,60.54,13.24,0.0155,6.6e-05,60.0
swell_08_23,swell_sim_08,SWL_0008_3p_highpf_mild,8,train,Swell,6,SCENARIO_CONTROLLER,three-phase,"A,B,C",1.1983,73.4,0.0474,0.1208,237,604,0.674731,1.05886,1.569307,0.7496,76.4,60.0,59.9976,19.2,0.948545,0.011095,0.00474,0.004275,0.004062,0.003296,0.003404,0.003386,0.002944,0.001727,0.001604,0.011697,0.004997,0.004507,0.004282,0.003589,0.003104,0.001691,0.000228,60.54,13.25,0.0155,6.7e-05,60.0
swell_08_24,swell_sim_08,SWL_0008_3p_highpf_mild,8,train,Swell,6,SCENARIO_CONTROLLER,three-phase,"A,B,C",1.1983,73.4,0.0484,0.1218,242,609,0.674724,1.05886,1.569322,0.7484,76.4,60.0,59.9976,19.2,0.948536,0.011089,0.004735,0.004282,0.004052,0.003306,0.003399,0.003385,0.002952,0.001717,0.001612,0.011691,0.004992,0.004514,0.004272,0.003583,0.003112,0.001699,0.000228,60.54,13.25,0.0155,6.9e-05,60.0
swell_08_25,swell_sim_08,SWL_0008_3p_highpf_mild,8,train,Swell,6,SCENARIO_CONTROLLER,three-phase,"A,B,C",1.1983,73.4,0.0494,0.1228,247,614,0.674729,1.05886,1.569312,0.7487,76.4,60.0,59.9976,19.2,0.948542,0.011093,0.004743,0.004271,0.004061,0.003308,0.003385,0.003398,0.002958,0.0017,0.001625,0.011695,0.005,0.004503,0.004281,0.003569,0.003118,0.001713,0.000229,60.54,13.24,0.0155,6.8e-05,60.0
swell_08_26,swell_sim_08,SWL_0008_3p_highpf_mild,8,train,Swell,6,SCENARIO_CONTROLLER,three-phase,"A,B,C",1.1983,73.4,0.0504,0.1238,252,619,0.674733,1.05886,1.569301,0.7486,76.4,60.0,59.9976,19.2,0.948549,0.01108,0.004743,0.004283,0.004055,0.003299,0.003389,0.003407,0.002958,0.001692,0.001623,0.011681,0.005,0.004515,0.004275,0.003573,0.003118,0.001711,0.000228,60.54,13.24,0.0155,6.8e-05,60.0
swell_08_27,swell_sim_08,SWL_0008_3p_highpf_mild,8,train,Swell,6,SCENARIO_CONTROLLER,three-phase,"A,B,C",1.1983,73.4,0.0514,0.1248,257,624,0.674735,1.05886,1.569297,0.7479,76.4,60.0,60.0004,19.21,0.948551,0.011065,0.004732,0.004294,0.004065,0.003292,0.003378,0.003408,0.002967,0.001696,0.001618,0.011665,0.004989,0.004527,0.004285,0.003561,0.003128,0.001706,0.000228,60.54,13.24,0.0155,6.8e-05,60.0
swell_08_28,swell_sim_08,SWL_0008_3p_highpf_mild,8,train,Swell,6,SCENARIO_CONTROLLER,three-phase,"A,B,C",1.1983,73.4,0.0524,0.1258,262,629,0.674735,1.05886,1.569297,0.7478,76.4,60.0,60.0029,19.22,0.94855,0.011066,0.004734,0.004294,0.004063,0.003289,0.003377,0.003411,0.002971,0.0017,0.001618,0.011666,0.004991,0.004527,0.004283,0.00356,0.003132,0.001706,0.000228,60.54,13.24,0.0155,6.8e-05,60.0
swell_08_29,swell_sim_08,SWL_0008_3p_highpf_mild,8,train,Swell,6,SCENARIO_CONTROLLER,three-phase,"A,B,C",1.1983,73.4,0.0534,0.1268,267,634,0.674734,1.05886,1.569299,0.7475,76.4,60.0,60.0029,19.22,0.948549,0.011066,0.004734,0.004291,0.004059,0.003286,0.003375,0.003413,0.002976,0.001708,0.001627,0.011666,0.004991,0.004524,0.004279,0.003558,0.003137,0.001715,0.000228,60.54,13.24,0.0155,6.8e-05,60.0
swell_08_30,swell_sim_08,SWL_0008_3p_highpf_mild,8,train,Swell,6,SCENARIO_CONTROLLER,three-phase,"A,B,C",1.1983,73.4,0.0544,0.1278,272,639,0.674729,1.05886,1.569311,0.7476,76.4,60.0,60.0029,19.22,0.948541,0.011071,0.004741,0.004292,0.004057,0.003281,0.003368,0.003403,0.002966,0.001697,0.001616,0.011672,0.004998,0.004525,0.004277,0.003551,0.003127,0.001704,0.000228,60.54,13.23,0.0155,6.7e-05,60.0
swell_08_31,swell_sim_08,SWL_0008_3p_highpf_mild,8,train,Swell,6,SCENARIO_CONTROLLER,three-phase,"A,B,C",1.1983,73.4,0.0554,0.1288,277,644,0.67474,1.05886,1.569286,0.746,76.4,60.0,60.0029,19.22,0.948557,0.011055,0.00473,0.004279,0.004047,0.003273,0.003363,0.0034,0.002969,0.001701,0.001621,0.011655,0.004987,0.004511,0.004266,0.003545,0.00313,0.001709,0.000227,60.54,13.23,0.0155,6.7e-05,60.0
swell_08_32,swell_sim_08,SWL_0008_3p_highpf_mild,8,train,Swell,6,SCENARIO_CONTROLLER,three-phase,"A,B,C",1.1983,73.4,0.0564,0.1298,282,649,0.674725,1.05886,1.569319,0.7435,76.4,60.0,60.0029,19.22,0.948536,0.011072,0.004723,0.004269,0.004028,0.003252,0.003347,0.003392,0.002977,0.001716,0.00164,0.011673,0.004979,0.004501,0.004247,0.003529,0.003139,0.001729,0.000227,60.54,13.23,0.0155,6.6e-05,60.0
swell_09_01,swell_sim_09,SWL_0009_3p_lowpf_med,9,val,Swell,6,SCENARIO_CONTROLLER,three-phase,"A,B,C",1.3295,82.6,0.0252,0.1078,126,539,0.631162,1.04003,1.647802,0.8769,84.6,60.0,60.0025,15.75,0.880903,0.010961,0.006172,0.00471,0.003509,0.003151,0.003045,0.003261,0.002669,0.001758,0.001311,0.012443,0.007006,0.005347,0.003983,0.003457,0.00303,0.001488,0.000235,60.68,13.08,0.0293,7.3e-05,60.0
swell_09_02,swell_sim_09,SWL_0009_3p_lowpf_med,9,val,Swell,6,SCENARIO_CONTROLLER,three-phase,"A,B,C",1.3295,82.6,0.0262,0.1088,131,544,0.631162,1.04003,1.647804,0.8774,84.6,60.0,60.0025,15.75,0.880902,0.010957,0.006178,0.00471,0.003502,0.003152,0.003051,0.003257,0.002666,0.001764,0.001311,0.012438,0.007013,0.005347,0.003975,0.003463,0.003026,0.001488,0.000234,60.68,13.08,0.0293,7.5e-05,60.0
swell_09_03,swell_sim_09,SWL_0009_3p_lowpf_med,9,val,Swell,6,SCENARIO_CONTROLLER,three-phase,"A,B,C",1.3295,82.6,0.0272,0.1098,136,549,0.631162,1.04003,1.647802,0.8778,84.6,60.0,59.999,15.72,0.880904,0.010956,0.006184,0.004704,0.003504,0.003157,0.003047,0.003257,0.002669,0.001762,0.00131,0.012437,0.00702,0.00534,0.003978,0.003459,0.00303,0.001487,0.000234,60.68,13.08,0.0293,7.5e-05,60.0
swell_09_04,swell_sim_09,SWL_0009_3p_lowpf_med,9,val,Swell,6,SCENARIO_CONTROLLER,three-phase,"A,B,C",1.3295,82.6,0.0282,0.1108,141,554,0.631159,1.04003,1.647809,0.8777,84.6,60.0,59.999,15.72,0.880899,0.01095,0.006188,0.004704,0.003499,0.003163,0.003041,0.00326,0.002668,0.001761,0.001313,0.01243,0.007025,0.00534,0.003972,0.003452,0.003029,0.001491,0.000234,60.68,13.08,0.0293,7.5e-05,60.0
swell_09_05,swell_sim_09,SWL_0009_3p_lowpf_med,9,val,Swell,6,SCENARIO_CONTROLLER,three-phase,"A,B,C",1.3295,82.6,0.0292,0.1118,146,559,0.631154,1.04003,1.647824,0.879,84.6,60.0,59.999,15.72,0.880889,0.010938,0.006199,0.004694,0.003506,0.003162,0.003038,0.003266,0.002662,0.001768,0.001304,0.012417,0.007037,0.005329,0.00398,0.003449,0.003022,0.00148,0.000234,60.68,13.08,0.0293,7.5e-05,60.0
swell_09_06,swell_sim_09,SWL_0009_3p_lowpf_med,9,val,Swell,6,SCENARIO_CONTROLLER,three-phase,"A,B,C",1.3295,82.6,0.0302,0.1128,151,564,0.631157,1.04003,1.647815,0.8788,84.6,60.0,59.999,15.72,0.880895,0.010943,0.006197,0.004695,0.003506,0.003162,0.003038,0.003265,0.002661,0.001771,0.0013,0.012423,0.007035,0.00533,0.00398,0.003449,0.003021,0.001476,0.000234,60.68,13.08,0.0293,7.5e-05,60.0
swell_09_07,swell_sim_09,SWL_0009_3p_lowpf_med,9,val,Swell,6,SCENARIO_CONTROLLER,three-phase,"A,B,C",1.3295,82.6,0.0312,0.1138,156,569,0.631148,1.04003,1.64784,0.8771,84.6,60.0,59.999,15.72,0.88088,0.010943,0.006185,0.00471,0.003494,0.00317,0.003039,0.003256,0.002675,0.00176,0.001304,0.012423,0.007021,0.005347,0.003966,0.00345,0.003037,0.00148,0.000234,60.68,13.08,0.0293,7.4e-05,60.0
swell_09_08,swell_sim_09,SWL_0009_3p_lowpf_med,9,val,Swell,6,SCENARIO_CONTROLLER,three-phase,"A,B,C",1.3295,82.6,0.0322,0.1148,161,574,0.631141,1.04003,1.647857,0.8766,84.6,60.0,59.999,15.72,0.88087,0.01095,0.006174,0.004714,0.003499,0.003162,0.003045,0.003256,0.00267,0.001762,0.001306,0.012431,0.007009,0.005352,0.003972,0.003457,0.003031,0.001483,0.000234,60.68,13.08,0.0293,7.4e-05,60.0
swell_09_09,swell_sim_09,SWL_0009_3p_lowpf_med,9,val,Swell,6,SCENARIO_CONTROLLER,three-phase,"A,B,C",1.3295,82.6,0.0332,0.1158,166,579,0.631136,1.04003,1.647871,0.8764,84.6,60.0,59.999,15.72,0.880863,0.010962,0.006171,0.004704,0.003508,0.003163,0.003035,0.003261,0.002678,0.001756,0.001303,0.012445,0.007006,0.00534,0.003982,0.003445,0.00304,0.001479,0.000234,60.68,13.08,0.0293,7.4e-05,60.0
swell_09_10,swell_sim_09,SWL_0009_3p_lowpf_med,9,val,Swell,6,SCENARIO_CONTROLLER,three-phase,"A,B,C",1.3295,82.6,0.0342,0.1168,171,584,0.631137,1.04003,1.647868,0.8762,84.6,60.0,59.999,15.72,0.880864,0.010958,0.006168,0.004708,0.003511,0.003158,0.003032,0.003267,0.002683,0.001751,0.001297,0.01244,0.007002,0.005345,0.003986,0.003442,0.003046,0.001472,0.000234,60.68,13.08,0.0293,7.5e-05,60.0
swell_09_11,swell_sim_09,SWL_0009_3p_lowpf_med,9,val,Swell,6,SCENARIO_CONTROLLER,three-phase,"A,B,C",1.3295,82.6,0.0352,0.1178,176,589,0.631138,1.04003,1.647865,0.8759,84.6,60.0,60.0016,15.74,0.880866,0.010955,0.006166,0.004712,0.003517,0.003157,0.003024,0.003261,0.002685,0.001761,0.001303,0.012437,0.007,0.005349,0.003993,0.003433,0.003048,0.001479,0.000234,60.68,13.08,0.0293,7.3e-05,60.0
swell_09_12,swell_sim_09,SWL_0009_3p_lowpf_med,9,val,Swell,6,SCENARIO_CONTROLLER,three-phase,"A,B,C",1.3295,82.6,0.0362,0.1188,181,594,0.631141,1.04003,1.647858,0.8763,84.6,60.0,60.0016,15.74,0.880871,0.010949,0.006164,0.004715,0.003525,0.003165,0.003029,0.003261,0.002682,0.001754,0.001294,0.01243,0.006998,0.005353,0.004002,0.003439,0.003045,0.001469,0.000234,60.68,13.08,0.0293,7.4e-05,60.0
swell_09_13,swell_sim_09,SWL_0009_3p_lowpf_med,9,val,Swell,6,SCENARIO_CONTROLLER,three-phase,"A,B,C",1.3295,82.6,0.0372,0.1198,186,599,0.631133,1.04003,1.647877,0.8781,84.6,60.0,60.0016,15.74,0.880858,0.010964,0.006178,0.004728,0.003534,0.003169,0.003028,0.003259,0.00268,0.001751,0.001289,0.012447,0.007014,0.005367,0.004012,0.003438,0.003042,0.001463,0.000235,60.68,13.09,0.0293,7.3e-05,60.0
swell_09_14,swell_sim_09,SWL_0009_3p_lowpf_med,9,val,Swell,6,SCENARIO_CONTROLLER,three-phase,"A,B,C",1.3295,82.6,0.0382,0.1208,191,604,0.631135,1.04003,1.647874,0.8782,84.6,60.0,60.0016,15.74,0.88086,0.010963,0.006178,0.004728,0.003535,0.00317,0.003029,0.00326,0.002683,0.001755,0.001293,0.012446,0.007014,0.005367,0.004013,0.003439,0.003046,0.001468,0.000235,60.68,13.08,0.0293,7.3e-05,60.0
swell_09_15,swell_sim_09,SWL_0009_3p_lowpf_med,9,val,Swell,6,SCENARIO_CONTROLLER,three-phase,"A,B,C",1.3295,82.6,0.0392,0.1218,196,609,0.631139,1.04003,1.647863,0.8789,84.6,60.0,60.0016,15.74,0.880867,0.010961,0.00618,0.004732,0.00354,0.003175,0.003034,0.003263,0.002683,0.001752,0.001289,0.012443,0.007016,0.005372,0.004019,0.003444,0.003046,0.001463,0.000235,60.68,13.08,0.0293,7.3e-05,60.0
swell_09_16,swell_sim_09,SWL_0009_3p_lowpf_med,9,val,Swell,6,SCENARIO_CONTROLLER,three-phase,"A,B,C",1.3295,82.6,0.0402,0.1228,201,614,0.631132,1.04003,1.647881,0.8779,84.6,60.0,60.0016,15.74,0.880857,0.010958,0.00617,0.004724,0.003536,0.003175,0.003037,0.003269,0.002687,0.001754,0.00129,0.01244,0.007005,0.005363,0.004014,0.003448,0.00305,0.001464,0.000235,60.68,13.08,0.0293,7.4e-05,60.0
swell_09_17,swell_sim_09,SWL_0009_3p_lowpf_med,9,val,Swell,6,SCENARIO_CONTROLLER,three-phase,"A,B,C",1.3295,82.6,0.0412,0.1238,206,619,0.63113,1.04003,1.647886,0.8777,84.6,60.0,60.0016,15.73,0.880854,0.01095,0.006172,0.004734,0.003543,0.00317,0.003023,0.003263,0.0027,0.001768,0.001289,0.012431,0.007007,0.005374,0.004022,0.003432,0.003065,0.001463,0.000235,60.68,13.08,0.0293,7.4e-05,60.0
swell_09_18,swell_sim_09,SWL_0009_3p_lowpf_med,9,val,Swell,6,SCENARIO_CONTROLLER,three-phase,"A,B,C",1.3295,82.6,0.0422,0.1248,211,624,0.631122,1.04003,1.647907,0.8776,84.6,60.0,60.0016,15.73,0.880843,0.010929,0.006175,0.004755,0.003547,0.003153,0.003008,0.003273,0.002714,0.001759,0.001274,0.012407,0.00701,0.005398,0.004027,0.003415,0.003081,0.001446,0.000235,60.68,13.08,0.0293,7.3e-05,60.0
swell_09_19,swell_sim_09,SWL_0009_3p_lowpf_med,9,val,Swell,6,SCENARIO_CONTROLLER,three-phase,"A,B,C",1.3295,82.6,0.0432,0.1258,216,629,0.631122,1.04003,1.647907,0.8776,84.6,60.0,59.9996,15.73,0.880843,0.010928,0.006175,0.004756,0.003547,0.003153,0.003008,0.003274,0.002714,0.001759,0.001275,0.012406,0.00701,0.005399,0.004027,0.003415,0.003081,0.001447,0.000235,60.68,13.08,0.0293,7.3e-05,60.0
swell_09_20,swell_sim_09,SWL_0009_3p_lowpf_med,9,val,Swell,6,SCENARIO_CONTROLLER,three-phase,"A,B,C",1.3295,82.6,0.0442,0.1268,221,634,0.631122,1.04003,1.647907,0.8776,84.6,60.0,59.9996,15.73,0.880843,0.010929,0.006172,0.004759,0.003546,0.003149,0.003013,0.003271,0.002713,0.001763,0.001268,0.012407,0.007007,0.005403,0.004026,0.003421,0.00308,0.00144,0.000235,60.68,13.08,0.0293,7.3e-05,60.0
swell_09_21,swell_sim_09,SWL_0009_3p_lowpf_med,9,val,Swell,6,SCENARIO_CONTROLLER,three-phase,"A,B,C",1.3295,82.6,0.0452,0.1278,226,639,0.631119,1.04003,1.647915,0.8769,84.6,60.0,59.9996,15.73,0.880837,0.010922,0.006176,0.004762,0.003536,0.003163,0.003002,0.003277,0.002712,0.001758,0.001281,0.0124,0.007012,0.005406,0.004014,0.003408,0.003079,0.001454,0.000234,60.68,13.08,0.0293,7.4e-05,60.0
swell_09_22,swell_sim_09,SWL_0009_3p_lowpf_med,9,val,Swell,6,SCENARIO_CONTROLLER,three-phase,"A,B,C",1.3295,82.6,0.0462,0.1288,231,644,0.631125,1.04003,1.647899,0.875,84.6,60.0,59.9996,15.73,0.880847,0.010934,0.006165,0.004773,0.003526,0.003172,0.002995,0.003283,0.002706,0.001763,0.001277,0.012413,0.006999,0.005419,0.004003,0.0034,0.003072,0.00145,0.000235,60.68,13.08,0.0293,7.3e-05,60.0
swell_09_23,swell_sim_09,SWL_0009_3p_lowpf_med,9,val,Swell,6,SCENARIO_CONTROLLER,three-phase,"A,B,C",1.3295,82.6,0.0472,0.1298,236,649,0.63111,1.04003,1.647938,0.8751,84.6,60.0,59.9996,15.73,0.880823,0.010918,0.00617,0.004773,0.003522,0.003176,0.002989,0.003292,0.002695,0.001773,0.001269,0.012395,0.007005,0.005419,0.003999,0.003393,0.00306,0.001441,0.000234,60.68,13.08,0.0293,7.3e-05,60.0
swell_09_24,swell_sim_09,SWL_0009_3p_lowpf_med,9,val,Swell,6,SCENARIO_CONTROLLER,three-phase,"A,B,C",1.3295,82.6,0.0482,0.1308,241,654,0.63112,1.04003,1.647913,0.8771,84.6,60.0,59.9996,15.73,0.880838,0.010919,0.006181,0.004758,0.003536,0.003164,0.002996,0.003294,0.002686,0.001784,0.00126,0.012396,0.007017,0.005402,0.004014,0.003401,0.003049,0.00143,0.000234,60.68,13.07,0.0293,7.2e-05,60.0
swell_09_25,swell_sim_09,SWL_0009_3p_lowpf_med,9,val,Swell,6,SCENARIO_CONTROLLER,three-phase,"A,B,C",1.3295,82.6,0.0492,0.1318,246,659,0.631118,1.04003,1.647917,0.877,84.6,60.0,59.9996,15.73,0.880836,0.010921,0.006178,0.004759,0.003538,0.003161,0.002998,0.003294,0.002683,0.001786,0.001261,0.012398,0.007014,0.005403,0.004017,0.003404,0.003046,0.001432,0.000234,60.68,13.07,0.0293,7.2e-05,60.0
swell_09_26,swell_sim_09,SWL_0009_3p_lowpf_med,9,val,Swell,6,SCENARIO_CONTROLLER,three-phase,"A,B,C",1.3295,82.6,0.0502,0.1328,251,664,0.631121,1.04003,1.647911,0.8768,84.6,60.0,59.9996,15.73,0.880839,0.010913,0.006173,0.004767,0.003542,0.003152,0.002999,0.003304,0.002684,0.001777,0.001262,0.012389,0.007008,0.005412,0.004021,0.003405,0.003047,0.001433,0.000234,60.68,13.07,0.0293,7.2e-05,60.0
swell_09_27,swell_sim_09,SWL_0009_3p_lowpf_med,9,val,Swell,6,SCENARIO_CONTROLLER,three-phase,"A,B,C",1.3295,82.6,0.0512,0.1338,256,669,0.631121,1.04003,1.647909,0.8763,84.6,60.0,59.9996,15.73,0.880839,0.010909,0.006167,0.004766,0.003547,0.003155,0.002994,0.003298,0.002685,0.001784,0.001264,0.012385,0.007001,0.005411,0.004027,0.003399,0.003048,0.001435,0.000234,60.68,13.07,0.0293,7.2e-05,60.0
swell_09_28,swell_sim_09,SWL_0009_3p_lowpf_med,9,val,Swell,6,SCENARIO_CONTROLLER,three-phase,"A,B,C",1.3295,82.6,0.0522,0.1348,261,674,0.631123,1.04003,1.647904,0.877,84.6,60.0,59.9987,15.73,0.880844,0.010908,0.006177,0.004781,0.003555,0.003147,0.00298,0.003291,0.002687,0.001794,0.001273,0.012384,0.007013,0.005428,0.004036,0.003383,0.00305,0.001445,0.000234,60.68,13.07,0.0293,7.2e-05,60.0
swell_09_29,swell_sim_09,SWL_0009_3p_lowpf_med,9,val,Swell,6,SCENARIO_CONTROLLER,three-phase,"A,B,C",1.3295,82.6,0.0532,0.1358,266,679,0.631121,1.04003,1.64791,0.8767,84.6,60.0,59.9987,15.73,0.88084,0.010913,0.006179,0.004779,0.003549,0.003141,0.002977,0.003291,0.002689,0.001798,0.001277,0.012389,0.007015,0.005426,0.004029,0.00338,0.003053,0.00145,0.000234,60.68,13.07,0.0293,7.2e-05,60.0
swell_09_30,swell_sim_09,SWL_0009_3p_lowpf_med,9,val,Swell,6,SCENARIO_CONTROLLER,three-phase,"A,B,C",1.3295,82.6,0.0542,0.1368,271,684,0.631128,1.04003,1.647892,0.8751,84.6,60.0,59.9987,15.73,0.880851,0.0109,0.006166,0.004767,0.003541,0.003137,0.002978,0.003293,0.002693,0.001803,0.001283,0.012374,0.007,0.005412,0.00402,0.003381,0.003057,0.001457,0.000234,60.68,13.07,0.0293,7.2e-05,60.0
swell_09_31,swell_sim_09,SWL_0009_3p_lowpf_med,9,val,Swell,6,SCENARIO_CONTROLLER,three-phase,"A,B,C",1.3295,82.6,0.0552,0.1378,276,689,0.631135,1.04003,1.647874,0.8745,84.6,60.0,59.9987,15.73,0.880863,0.010891,0.006161,0.004764,0.003539,0.003135,0.002977,0.003294,0.002697,0.001808,0.001289,0.012364,0.006994,0.005408,0.004018,0.00338,0.003062,0.001463,0.000234,60.68,13.07,0.0293,7.2e-05,60.0
swell_09_32,swell_sim_09,SWL_0009_3p_lowpf_med,9,val,Swell,6,SCENARIO_CONTROLLER,three-phase,"A,B,C",1.3295,82.6,0.0562,0.1388,281,694,0.631138,1.04003,1.647865,0.8752,84.6,60.0,59.9987,15.73,0.880868,0.01089,0.006165,0.004769,0.003543,0.003138,0.002978,0.003292,0.002692,0.001804,0.001286,0.012363,0.006999,0.005414,0.004022,0.003381,0.003056,0.00146,0.000234,60.68,13.07,0.0293,7.2e-05,60.0
swell_10_01,swell_sim_10,SWL_0010_3p_bus5load_high,10,train,Swell,6,SCENARIO_CONTROLLER,three-phase,"A,B,C",1.3515,74.4,0.0254,0.0998,127,499,0.637835,1.071276,1.67955,0.8496,77.6,60.0,59.998,14.61,0.886863,0.015638,0.006118,0.005452,0.003427,0.002688,0.002757,0.002893,0.002334,0.001506,0.001108,0.017633,0.006898,0.006148,0.003864,0.003109,0.002632,0.001249,0.000356,60.69,12.47,0.0357,6.3e-05,60.0
swell_10_02,swell_sim_10,SWL_0010_3p_bus5load_high,10,train,Swell,6,SCENARIO_CONTROLLER,three-phase,"A,B,C",1.3515,74.4,0.0264,0.1008,132,504,0.637836,1.071276,1.679548,0.8491,77.6,60.0,59.9981,14.61,0.886864,0.015645,0.006111,0.00545,0.003434,0.00269,0.00275,0.002894,0.002338,0.001502,0.001104,0.017641,0.006891,0.006145,0.003872,0.003101,0.002636,0.001245,0.000356,60.69,12.47,0.0357,6.2e-05,60.0
swell_10_03,swell_sim_10,SWL_0010_3p_bus5load_high,10,train,Swell,6,SCENARIO_CONTROLLER,three-phase,"A,B,C",1.3515,74.4,0.0274,0.1018,137,509,0.637836,1.071276,1.679546,0.8491,77.6,60.0,59.9995,14.62,0.886865,0.015646,0.00611,0.005447,0.003439,0.002688,0.002747,0.002901,0.002332,0.001499,0.001111,0.017642,0.006889,0.006142,0.003878,0.003097,0.002629,0.001253,0.000356,60.69,12.47,0.0357,6.1e-05,60.0
swell_10_04,swell_sim_10,SWL_0010_3p_bus5load_high,10,train,Swell,6,SCENARIO_CONTROLLER,three-phase,"A,B,C",1.3515,74.4,0.0284,0.1028,142,514,0.637832,1.071276,1.679559,0.8489,77.6,60.0,59.9995,14.62,0.886856,0.015641,0.006116,0.005452,0.003431,0.002699,0.002739,0.002902,0.002332,0.001494,0.001116,0.017636,0.006896,0.006148,0.003869,0.003088,0.00263,0.001258,0.000356,60.69,12.48,0.0357,6.2e-05,60.0
swell_10_05,swell_sim_10,SWL_0010_3p_bus5load_high,10,train,Swell,6,SCENARIO_CONTROLLER,three-phase,"A,B,C",1.3515,74.4,0.0294,0.1038,147,519,0.63783,1.071276,1.679562,0.8491,77.6,60.0,59.9995,14.62,0.886854,0.01564,0.00612,0.00545,0.003432,0.002704,0.002734,0.002911,0.002324,0.001506,0.001103,0.017635,0.006901,0.006145,0.00387,0.003083,0.00262,0.001244,0.000356,60.69,12.47,0.0357,6.2e-05,60.0
swell_10_06,swell_sim_10,SWL_0010_3p_bus5load_high,10,train,Swell,6,SCENARIO_CONTROLLER,three-phase,"A,B,C",1.3515,74.4,0.0304,0.1048,152,524,0.63783,1.071276,1.679563,0.8498,77.6,60.0,59.9995,14.62,0.886853,0.015639,0.006123,0.005447,0.003437,0.0027,0.002738,0.002906,0.002329,0.001501,0.001108,0.017634,0.006904,0.006142,0.003876,0.003087,0.002626,0.001249,0.000356,60.69,12.47,0.0357,6.4e-05,60.0
swell_10_07,swell_sim_10,SWL_0010_3p_bus5load_high,10,train,Swell,6,SCENARIO_CONTROLLER,three-phase,"A,B,C",1.3515,74.4,0.0314,0.1058,157,529,0.637831,1.071276,1.67956,0.8501,77.6,60.0,59.9995,14.62,0.886855,0.015639,0.006124,0.005445,0.003439,0.002697,0.00274,0.002906,0.002326,0.001505,0.001104,0.017634,0.006905,0.00614,0.003878,0.00309,0.002623,0.001245,0.000356,60.69,12.47,0.0357,6.3e-05,60.0
swell_10_08,swell_sim_10,SWL_0010_3p_bus5load_high,10,train,Swell,6,SCENARIO_CONTROLLER,three-phase,"A,B,C",1.3515,74.4,0.0324,0.1068,162,534,0.637832,1.071276,1.679559,0.85,77.6,60.0,59.9995,14.62,0.886856,0.015638,0.006125,0.005447,0.003435,0.002701,0.002742,0.0029,0.002329,0.001506,0.001095,0.017633,0.006906,0.006142,0.003873,0.003092,0.002626,0.001235,0.000356,60.69,12.47,0.0357,6.3e-05,60.0
swell_10_09,swell_sim_10,SWL_0010_3p_bus5load_high,10,train,Swell,6,SCENARIO_CONTROLLER,three-phase,"A,B,C",1.3515,74.4,0.0334,0.1078,167,539,0.63783,1.071276,1.679563,0.8499,77.6,60.0,59.9995,14.62,0.886854,0.015638,0.006121,0.005449,0.003441,0.002694,0.00274,0.002908,0.002329,0.001499,0.001101,0.017633,0.006902,0.006144,0.00388,0.00309,0.002626,0.001241,0.000356,60.69,12.47,0.0357,6.3e-05,60.0
swell_10_10,swell_sim_10,SWL_0010_3p_bus5load_high,10,train,Swell,6,SCENARIO_CONTROLLER,three-phase,"A,B,C",1.3515,74.4,0.0344,0.1088,172,544,0.637831,1.071276,1.679561,0.8496,77.6,60.0,59.9995,14.62,0.886855,0.015633,0.006117,0.005452,0.003445,0.002691,0.002736,0.002911,0.002334,0.001497,0.001096,0.017627,0.006897,0.006148,0.003885,0.003085,0.002632,0.001236,0.000355,60.69,12.47,0.0357,6.3e-05,60.0
swell_10_11,swell_sim_10,SWL_0010_3p_bus5load_high,10,train,Swell,6,SCENARIO_CONTROLLER,three-phase,"A,B,C",1.3515,74.4,0.0354,0.1098,177,549,0.63783,1.071276,1.679563,0.8488,77.6,60.0,60.0002,14.62,0.886852,0.015624,0.006104,0.005442,0.003447,0.002704,0.002742,0.002901,0.002322,0.001495,0.001103,0.017617,0.006883,0.006136,0.003887,0.003092,0.002618,0.001244,0.000355,60.69,12.47,0.0357,6.3e-05,60.0
swell_10_12,swell_sim_10,SWL_0010_3p_bus5load_high,10,train,Swell,6,SCENARIO_CONTROLLER,three-phase,"A,B,C",1.3515,74.4,0.0364,0.1108,182,554,0.637829,1.071276,1.679565,0.8485,77.6,60.0,60.0002,14.62,0.88685,0.015621,0.0061,0.005434,0.003441,0.00271,0.002752,0.00291,0.002328,0.001488,0.001091,0.017614,0.006878,0.006127,0.00388,0.003103,0.002625,0.00123,0.000355,60.69,12.47,0.0357,6.3e-05,60.0
swell_10_13,swell_sim_10,SWL_0010_3p_bus5load_high,10,train,Swell,6,SCENARIO_CONTROLLER,three-phase,"A,B,C",1.3515,74.4,0.0374,0.1118,187,559,0.637829,1.071276,1.679566,0.8491,77.6,60.0,60.0002,14.62,0.88685,0.015622,0.0061,0.005437,0.003445,0.002717,0.00276,0.002917,0.002337,0.001492,0.001095,0.017615,0.006878,0.006131,0.003885,0.003112,0.002635,0.001235,0.000355,60.69,12.46,0.0357,6.3e-05,60.0
swell_10_14,swell_sim_10,SWL_0010_3p_bus5load_high,10,train,Swell,6,SCENARIO_CONTROLLER,three-phase,"A,B,C",1.3515,74.4,0.0384,0.1128,192,564,0.637834,1.071276,1.679552,0.8485,77.6,60.0,60.0002,14.62,0.886858,0.015614,0.006097,0.005432,0.003443,0.00271,0.002755,0.002911,0.002337,0.001488,0.001094,0.017606,0.006875,0.006125,0.003882,0.003106,0.002635,0.001234,0.000355,60.69,12.46,0.0357,6.3e-05,60.0
swell_10_15,swell_sim_10,SWL_0010_3p_bus5load_high,10,train,Swell,6,SCENARIO_CONTROLLER,three-phase,"A,B,C",1.3515,74.4,0.0394,0.1138,197,569,0.63784,1.071276,1.679536,0.8491,77.6,60.0,60.0002,14.62,0.886868,0.015606,0.006098,0.005434,0.003449,0.002714,0.002762,0.002918,0.002344,0.001495,0.001099,0.017597,0.006876,0.006127,0.003889,0.003114,0.002643,0.001239,0.000355,60.69,12.46,0.0357,6.3e-05,60.0
swell_10_16,swell_sim_10,SWL_0010_3p_bus5load_high,10,train,Swell,6,SCENARIO_CONTROLLER,three-phase,"A,B,C",1.3515,74.4,0.0404,0.1148,202,574,0.637832,1.071276,1.679558,0.8479,77.6,60.0,60.0002,14.62,0.886855,0.015609,0.006085,0.00542,0.003442,0.002709,0.00277,0.002931,0.002353,0.001499,0.00109,0.0176,0.006861,0.006111,0.003881,0.003123,0.002653,0.001229,0.000354,60.69,12.47,0.0357,6.3e-05,60.0
swell_10_17,swell_sim_10,SWL_0010_3p_bus5load_high,10,train,Swell,6,SCENARIO_CONTROLLER,three-phase,"A,B,C",1.3515,74.4,0.0414,0.1158,207,579,0.637829,1.071276,1.679566,0.8479,77.6,60.0,60.0002,14.62,0.88685,0.015609,0.006078,0.005414,0.003446,0.002716,0.002779,0.002933,0.002341,0.001487,0.001091,0.0176,0.006853,0.006105,0.003886,0.003134,0.00264,0.00123,0.000354,60.69,12.48,0.0357,6.2e-05,60.0
swell_10_18,swell_sim_10,SWL_0010_3p_bus5load_high,10,train,Swell,6,SCENARIO_CONTROLLER,three-phase,"A,B,C",1.3515,74.4,0.0424,0.1168,212,584,0.63783,1.071276,1.679563,0.8477,77.6,60.0,60.0002,14.62,0.886852,0.015613,0.006076,0.005411,0.003447,0.00272,0.002778,0.002931,0.002342,0.001488,0.00109,0.017605,0.006851,0.006101,0.003887,0.003132,0.002641,0.001229,0.000354,60.69,12.48,0.0357,6.2e-05,60.0
swell_10_19,swell_sim_10,SWL_0010_3p_bus5load_high,10,train,Swell,6,SCENARIO_CONTROLLER,three-phase,"A,B,C",1.3515,74.4,0.0434,0.1178,217,589,0.637829,1.071276,1.679565,0.8484,77.6,60.0,60.0019,14.63,0.886851,0.015605,0.006085,0.005411,0.003439,0.002722,0.002786,0.002923,0.002343,0.0015,0.001084,0.017596,0.006861,0.006101,0.003878,0.003141,0.002642,0.001222,0.000354,60.69,12.48,0.0357,6.4e-05,60.0
swell_10_20,swell_sim_10,SWL_0010_3p_bus5load_high,10,train,Swell,6,SCENARIO_CONTROLLER,three-phase,"A,B,C",1.3515,74.4,0.0444,0.1188,222,594,0.637828,1.071276,1.679567,0.8481,77.6,60.0,60.0019,14.63,0.886849,0.01561,0.006078,0.00542,0.003435,0.002712,0.002797,0.002921,0.002339,0.001511,0.001076,0.017602,0.006853,0.006112,0.003873,0.003154,0.002637,0.001213,0.000354,60.69,12.49,0.0357,6.4e-05,60.0
swell_10_21,swell_sim_10,SWL_0010_3p_bus5load_high,10,train,Swell,6,SCENARIO_CONTROLLER,three-phase,"A,B,C",1.3515,74.4,0.0454,0.1198,227,599,0.637829,1.071276,1.679565,0.8477,77.6,60.0,60.0019,14.63,0.886851,0.015612,0.006075,0.005424,0.003431,0.002711,0.0028,0.002915,0.002346,0.001504,0.001082,0.017604,0.00685,0.006116,0.003869,0.003157,0.002645,0.00122,0.000354,60.69,12.49,0.0357,6.4e-05,60.0
swell_10_22,swell_sim_10,SWL_0010_3p_bus5load_high,10,train,Swell,6,SCENARIO_CONTROLLER,three-phase,"A,B,C",1.3515,74.4,0.0464,0.1208,232,604,0.637836,1.071276,1.679549,0.8463,77.6,60.0,60.0019,14.63,0.886861,0.015622,0.006066,0.005433,0.003424,0.002717,0.002795,0.002918,0.002344,0.001505,0.001083,0.017615,0.00684,0.006126,0.003861,0.003152,0.002643,0.001221,0.000355,60.69,12.49,0.0357,6.5e-05,60.0
swell_10_23,swell_sim_10,SWL_0010_3p_bus5load_high,10,train,Swell,6,SCENARIO_CONTROLLER,three-phase,"A,B,C",1.3515,74.4,0.0474,0.1218,237,609,0.637841,1.071276,1.679534,0.8454,77.6,60.0,60.0019,14.63,0.88687,0.015632,0.006061,0.00544,0.00342,0.002725,0.002791,0.002922,0.00235,0.001501,0.001093,0.017626,0.006834,0.006134,0.003856,0.003147,0.00265,0.001232,0.000355,60.69,12.49,0.0357,6.5e-05,60.0
swell_10_24,swell_sim_10,SWL_0010_3p_bus5load_high,10,train,Swell,6,SCENARIO_CONTROLLER,three-phase,"A,B,C",1.3515,74.4,0.0484,0.1228,242,614,0.637844,1.071276,1.679526,0.8456,77.6,60.0,60.0019,14.63,0.886874,0.015633,0.006064,0.005437,0.00342,0.002726,0.002788,0.002923,0.002355,0.001494,0.001098,0.017627,0.006837,0.006131,0.003856,0.003144,0.002655,0.001238,0.000355,60.69,12.49,0.0357,6.5e-05,60.0
swell_10_25,swell_sim_10,SWL_0010_3p_bus5load_high,10,train,Swell,6,SCENARIO_CONTROLLER,three-phase,"A,B,C",1.3515,74.4,0.0494,0.1238,247,619,0.637849,1.071276,1.679514,0.8459,77.6,60.0,60.0019,14.63,0.886881,0.01563,0.006072,0.005434,0.003414,0.002733,0.002784,0.002922,0.002361,0.00149,0.001096,0.017624,0.006846,0.006127,0.003849,0.003139,0.002662,0.001236,0.000355,60.69,12.49,0.0357,6.5e-05,60.0
swell_10_26,swell_sim_10,SWL_0010_3p_bus5load_high,10,train,Swell,6,SCENARIO_CONTROLLER,three-phase,"A,B,C",1.3515,74.4,0.0504,0.1248,252,624,0.637845,1.071276,1.679523,0.8461,77.6,60.0,60.0019,14.63,0.886876,0.015643,0.006078,0.005421,0.003411,0.002745,0.002781,0.002911,0.002361,0.0015,0.001092,0.017638,0.006853,0.006112,0.003846,0.003136,0.002662,0.001231,0.000355,60.69,12.49,0.0357,6.5e-05,60.0
swell_10_27,swell_sim_10,SWL_0010_3p_bus5load_high,10,train,Swell,6,SCENARIO_CONTROLLER,three-phase,"A,B,C",1.3515,74.4,0.0514,0.1258,257,629,0.637843,1.071276,1.679528,0.8469,77.6,60.0,59.9984,14.62,0.886875,0.015654,0.006088,0.005415,0.003401,0.002751,0.002789,0.002908,0.002355,0.001503,0.001097,0.017651,0.006865,0.006106,0.003835,0.003145,0.002655,0.001237,0.000356,60.69,12.49,0.0357,6.6e-05,60.0
swell_10_28,swell_sim_10,SWL_0010_3p_bus5load_high,10,train,Swell,6,SCENARIO_CONTROLLER,three-phase,"A,B,C",1.3515,74.4,0.0524,0.1268,262,634,0.637842,1.071276,1.679531,0.8461,77.6,60.0,59.9966,14.61,0.886871,0.015646,0.006077,0.005404,0.0034,0.002764,0.002797,0.002902,0.002345,0.001498,0.001101,0.017642,0.006852,0.006093,0.003834,0.003154,0.002644,0.001241,0.000355,60.69,12.49,0.0357,6.5e-05,60.0
swell_10_29,swell_sim_10,SWL_0010_3p_bus5load_high,10,train,Swell,6,SCENARIO_CONTROLLER,three-phase,"A,B,C",1.3515,74.4,0.0534,0.1278,267,639,0.637838,1.071276,1.679541,0.8457,77.6,60.0,59.9966,14.61,0.886865,0.015648,0.00608,0.005396,0.003389,0.002755,0.002793,0.002908,0.002352,0.00151,0.001112,0.017644,0.006856,0.006084,0.003821,0.003149,0.002652,0.001254,0.000355,60.69,12.49,0.0357,6.5e-05,60.0
swell_10_30,swell_sim_10,SWL_0010_3p_bus5load_high,10,train,Swell,6,SCENARIO_CONTROLLER,three-phase,"A,B,C",1.3515,74.4,0.0544,0.1288,272,644,0.637837,1.071276,1.679544,0.8456,77.6,60.0,59.9966,14.61,0.886863,0.015649,0.006083,0.005396,0.003388,0.002749,0.002786,0.002899,0.002344,0.001502,0.001104,0.017645,0.006859,0.006084,0.00382,0.003141,0.002643,0.001245,0.000355,60.69,12.49,0.0357,6.5e-05,60.0
swell_10_31,swell_sim_10,SWL_0010_3p_bus5load_high,10,train,Swell,6,SCENARIO_CONTROLLER,three-phase,"A,B,C",1.3515,74.4,0.0554,0.1298,277,649,0.637845,1.071276,1.679523,0.8442,77.6,60.0,59.9966,14.61,0.886876,0.015636,0.006075,0.005386,0.003381,0.002739,0.002778,0.00289,0.00234,0.001495,0.0011,0.01763,0.00685,0.006073,0.003812,0.003132,0.002638,0.00124,0.000354,60.69,12.48,0.0357,6.5e-05,60.0
swell_10_32,swell_sim_10,SWL_0010_3p_bus5load_high,10,train,Swell,6,SCENARIO_CONTROLLER,three-phase,"A,B,C",1.3515,74.4,0.0564,0.1308,282,654,0.637847,1.071276,1.679517,0.8446,77.6,60.0,59.9966,14.61,0.886879,0.015633,0.006076,0.005388,0.003384,0.002741,0.002781,0.002894,0.002342,0.001498,0.0011,0.017627,0.006851,0.006075,0.003816,0.003136,0.002641,0.00124,0.000354,60.69,12.48,0.0357,6.5e-05,60.0
swell_11_01,swell_sim_11,SWL_0011_3p_cond11_med,11,test,Swell,6,SCENARIO_CONTROLLER,three-phase,"A,B,C",1.3698,82.6,0.0254,0.108,127,540,0.695386,1.166899,1.67806,0.8693,83.4,60.0,60.0017,14.52,0.966475,0.012139,0.006632,0.005043,0.003771,0.00351,0.003518,0.003813,0.002995,0.001933,0.001545,0.01256,0.006862,0.005218,0.003902,0.00364,0.003099,0.001599,0.000285,60.77,13.69,0.0363,6.6e-05,60.0
swell_11_02,swell_sim_11,SWL_0011_3p_cond11_med,11,test,Swell,6,SCENARIO_CONTROLLER,three-phase,"A,B,C",1.3698,82.6,0.0264,0.109,132,545,0.695385,1.166899,1.678063,0.87,83.4,60.0,60.0017,14.52,0.966475,0.012134,0.006644,0.005039,0.003762,0.003516,0.003524,0.003803,0.002999,0.001939,0.001537,0.012555,0.006874,0.005214,0.003892,0.003646,0.003103,0.00159,0.000285,60.77,13.69,0.0363,6.6e-05,60.0
swell_11_03,swell_sim_11,SWL_0011_3p_cond11_med,11,test,Swell,6,SCENARIO_CONTROLLER,three-phase,"A,B,C",1.3698,82.6,0.0274,0.11,137,550,0.695386,1.166899,1.678058,0.8708,83.4,60.0,60.0016,14.52,0.96648,0.012135,0.006658,0.00502,0.003766,0.003531,0.00351,0.003805,0.003006,0.001928,0.001541,0.012556,0.006889,0.005194,0.003897,0.003632,0.00311,0.001594,0.000285,60.77,13.69,0.0363,6.7e-05,60.0
swell_11_04,swell_sim_11,SWL_0011_3p_cond11_med,11,test,Swell,6,SCENARIO_CONTROLLER,three-phase,"A,B,C",1.3698,82.6,0.0284,0.111,142,555,0.695388,1.166899,1.678054,0.8708,83.4,60.0,60.0016,14.52,0.966483,0.01214,0.006653,0.005024,0.003766,0.003524,0.00352,0.003796,0.003013,0.001928,0.001532,0.012561,0.006884,0.005198,0.003897,0.003642,0.003117,0.001585,0.000285,60.77,13.7,0.0363,6.7e-05,60.0
swell_11_05,swell_sim_11,SWL_0011_3p_cond11_med,11,test,Swell,6,SCENARIO_CONTROLLER,three-phase,"A,B,C",1.3698,82.6,0.0294,0.112,147,560,0.695384,1.166899,1.678063,0.871,83.4,60.0,60.0016,14.52,0.966476,0.01213,0.006661,0.005018,0.003766,0.003531,0.003508,0.003809,0.002999,0.001943,0.00152,0.012551,0.006892,0.005192,0.003897,0.00363,0.003103,0.001573,0.000285,60.77,13.7,0.0363,6.6e-05,60.0
swell_11_06,swell_sim_11,SWL_0011_3p_cond11_med,11,test,Swell,6,SCENARIO_CONTROLLER,three-phase,"A,B,C",1.3698,82.6,0.0304,0.113,152,565,0.695389,1.166899,1.678052,0.8721,83.4,60.0,60.0016,14.52,0.966483,0.012132,0.006664,0.005013,0.003774,0.003522,0.003519,0.003796,0.003015,0.001927,0.001535,0.012553,0.006895,0.005187,0.003905,0.003641,0.00312,0.001588,0.000285,60.77,13.7,0.0363,6.6e-05,60.0
swell_11_07,swell_sim_11,SWL_0011_3p_cond11_med,11,test,Swell,6,SCENARIO_CONTROLLER,three-phase,"A,B,C",1.3698,82.6,0.0314,0.114,157,570,0.695388,1.166899,1.678055,0.8717,83.4,60.0,60.0016,14.52,0.966482,0.012135,0.006659,0.005017,0.003771,0.003521,0.003523,0.003786,0.003027,0.001917,0.001542,0.012556,0.00689,0.005191,0.003902,0.003645,0.003132,0.001595,0.000285,60.77,13.7,0.0363,6.6e-05,60.0
swell_11_08,swell_sim_11,SWL_0011_3p_cond11_med,11,test,Swell,6,SCENARIO_CONTROLLER,three-phase,"A,B,C",1.3698,82.6,0.0324,0.115,162,575,0.695379,1.166899,1.678076,0.8712,83.4,60.0,60.0016,14.52,0.966468,0.012146,0.006645,0.005022,0.003776,0.003512,0.003531,0.003786,0.003022,0.001918,0.001544,0.012567,0.006876,0.005196,0.003907,0.003654,0.003127,0.001598,0.000285,60.77,13.7,0.0363,6.5e-05,60.0
swell_11_09,swell_sim_11,SWL_0011_3p_cond11_med,11,test,Swell,6,SCENARIO_CONTROLLER,three-phase,"A,B,C",1.3698,82.6,0.0334,0.116,167,580,0.695377,1.166899,1.678081,0.8711,83.4,60.0,60.0016,14.52,0.966465,0.01215,0.006643,0.005021,0.00378,0.003509,0.003531,0.003789,0.003019,0.001918,0.001549,0.012572,0.006874,0.005195,0.003911,0.003654,0.003124,0.001603,0.000286,60.77,13.7,0.0363,6.5e-05,60.0
swell_11_10,swell_sim_11,SWL_0011_3p_cond11_med,11,test,Swell,6,SCENARIO_CONTROLLER,three-phase,"A,B,C",1.3698,82.6,0.0344,0.117,172,585,0.695378,1.166899,1.678078,0.8704,83.4,60.0,60.0016,14.52,0.966467,0.012144,0.006633,0.005022,0.003791,0.003508,0.00352,0.003786,0.003027,0.001925,0.001542,0.012565,0.006863,0.005196,0.003923,0.003642,0.003132,0.001596,0.000285,60.77,13.7,0.0363,6.6e-05,60.0
swell_11_11,swell_sim_11,SWL_0011_3p_cond11_med,11,test,Swell,6,SCENARIO_CONTROLLER,three-phase,"A,B,C",1.3698,82.6,0.0354,0.118,177,590,0.695378,1.166899,1.678078,0.8699,83.4,60.0,60.0002,14.51,0.966465,0.012143,0.006624,0.005015,0.003793,0.003516,0.003524,0.003783,0.003022,0.001922,0.001543,0.012564,0.006854,0.005189,0.003925,0.003646,0.003127,0.001597,0.000285,60.77,13.7,0.0363,6.7e-05,60.0
swell_11_12,swell_sim_11,SWL_0011_3p_cond11_med,11,test,Swell,6,SCENARIO_CONTROLLER,three-phase,"A,B,C",1.3698,82.6,0.0364,0.119,182,595,0.695381,1.166899,1.67807,0.8703,83.4,60.0,60.0002,14.51,0.966472,0.012135,0.006623,0.005022,0.003804,0.003523,0.003523,0.003778,0.003014,0.001915,0.001541,0.012556,0.006853,0.005196,0.003936,0.003645,0.003119,0.001594,0.000285,60.77,13.71,0.0363,6.6e-05,60.0
swell_11_13,swell_sim_11,SWL_0011_3p_cond11_med,11,test,Swell,6,SCENARIO_CONTROLLER,three-phase,"A,B,C",1.3698,82.6,0.0374,0.12,187,600,0.695376,1.166899,1.678082,0.8717,83.4,60.0,60.0002,14.51,0.966463,0.012145,0.006633,0.005032,0.003813,0.00353,0.003526,0.003779,0.003016,0.001914,0.001536,0.012566,0.006863,0.005207,0.003945,0.003648,0.003121,0.001589,0.000286,60.77,13.71,0.0363,6.7e-05,60.0
swell_11_14,swell_sim_11,SWL_0011_3p_cond11_med,11,test,Swell,6,SCENARIO_CONTROLLER,three-phase,"A,B,C",1.3698,82.6,0.0384,0.121,192,605,0.695371,1.166899,1.678096,0.8723,83.4,60.0,60.0002,14.51,0.966454,0.012151,0.006637,0.005035,0.003816,0.003533,0.00353,0.003781,0.003014,0.001911,0.001534,0.012573,0.006867,0.00521,0.003948,0.003653,0.003119,0.001587,0.000286,60.77,13.72,0.0363,6.8e-05,60.0
swell_11_15,swell_sim_11,SWL_0011_3p_cond11_med,11,test,Swell,6,SCENARIO_CONTROLLER,three-phase,"A,B,C",1.3698,82.6,0.0394,0.122,197,610,0.695365,1.166899,1.678111,0.8712,83.4,60.0,60.0002,14.51,0.966444,0.012152,0.006632,0.005027,0.003807,0.003525,0.003523,0.003777,0.003015,0.001915,0.001539,0.012574,0.006862,0.005202,0.003939,0.003645,0.00312,0.001592,0.000286,60.77,13.72,0.0363,6.8e-05,60.0
swell_11_16,swell_sim_11,SWL_0011_3p_cond11_med,11,test,Swell,6,SCENARIO_CONTROLLER,three-phase,"A,B,C",1.3698,82.6,0.0404,0.123,202,615,0.695371,1.166899,1.678096,0.8722,83.4,60.0,60.0002,14.51,0.966454,0.012155,0.006641,0.005037,0.003815,0.003528,0.003521,0.003769,0.003006,0.00191,0.001538,0.012577,0.006872,0.005212,0.003947,0.003643,0.00311,0.001591,0.000286,60.77,13.72,0.0363,6.8e-05,60.0
swell_11_17,swell_sim_11,SWL_0011_3p_cond11_med,11,test,Swell,6,SCENARIO_CONTROLLER,three-phase,"A,B,C",1.3698,82.6,0.0414,0.124,207,620,0.69537,1.166899,1.678098,0.8721,83.4,60.0,60.0002,14.51,0.966453,0.012152,0.006642,0.005042,0.003818,0.003525,0.003513,0.003767,0.003014,0.001916,0.001537,0.012574,0.006873,0.005217,0.003951,0.003635,0.003119,0.00159,0.000286,60.77,13.72,0.0363,6.7e-05,60.0
swell_11_18,swell_sim_11,SWL_0011_3p_cond11_med,11,test,Swell,6,SCENARIO_CONTROLLER,three-phase,"A,B,C",1.3698,82.6,0.0424,0.125,212,625,0.695374,1.166899,1.678088,0.872,83.4,60.0,60.0002,14.51,0.966458,0.012163,0.006639,0.005032,0.003817,0.003532,0.003519,0.003763,0.003008,0.001917,0.001543,0.012585,0.006869,0.005207,0.003949,0.003641,0.003112,0.001597,0.000286,60.77,13.72,0.0363,6.7e-05,60.0
swell_11_19,swell_sim_11,SWL_0011_3p_cond11_med,11,test,Swell,6,SCENARIO_CONTROLLER,three-phase,"A,B,C",1.3698,82.6,0.0434,0.126,217,630,0.695375,1.166899,1.678086,0.8717,83.4,60.0,60.0019,14.52,0.966459,0.012166,0.006636,0.005028,0.003822,0.003537,0.003511,0.003763,0.003017,0.00191,0.001537,0.012588,0.006866,0.005202,0.003955,0.003633,0.003122,0.00159,0.000286,60.77,13.72,0.0363,6.7e-05,60.0
swell_11_20,swell_sim_11,SWL_0011_3p_cond11_med,11,test,Swell,6,SCENARIO_CONTROLLER,three-phase,"A,B,C",1.3698,82.6,0.0444,0.127,222,635,0.695375,1.166899,1.678086,0.8716,83.4,60.0,60.0019,14.52,0.966459,0.012167,0.006631,0.005035,0.003822,0.003528,0.00352,0.00376,0.003012,0.001922,0.001527,0.012589,0.006861,0.00521,0.003955,0.003642,0.003117,0.00158,0.000286,60.77,13.72,0.0363,6.6e-05,60.0
swell_11_21,swell_sim_11,SWL_0011_3p_cond11_med,11,test,Swell,6,SCENARIO_CONTROLLER,three-phase,"A,B,C",1.3698,82.6,0.0454,0.128,227,640,0.695374,1.166899,1.678088,0.8714,83.4,60.0,60.0019,14.52,0.966457,0.012165,0.006631,0.005037,0.003817,0.003532,0.003519,0.003759,0.003015,0.001917,0.001531,0.012587,0.006861,0.005212,0.003949,0.003641,0.00312,0.001584,0.000286,60.77,13.72,0.0363,6.7e-05,60.0
swell_11_22,swell_sim_11,SWL_0011_3p_cond11_med,11,test,Swell,6,SCENARIO_CONTROLLER,three-phase,"A,B,C",1.3698,82.6,0.0464,0.129,232,645,0.695375,1.166899,1.678086,0.8711,83.4,60.0,60.0019,14.52,0.966458,0.012165,0.006631,0.005037,0.003816,0.003535,0.003515,0.003764,0.003011,0.001923,0.001525,0.012587,0.006861,0.005212,0.003948,0.003637,0.003116,0.001578,0.000286,60.77,13.72,0.0363,6.7e-05,60.0
swell_11_23,swell_sim_11,SWL_0011_3p_cond11_med,11,test,Swell,6,SCENARIO_CONTROLLER,three-phase,"A,B,C",1.3698,82.6,0.0474,0.13,237,650,0.695381,1.166899,1.678071,0.8706,83.4,60.0,60.0019,14.52,0.966469,0.012173,0.006627,0.00504,0.003814,0.003537,0.003514,0.00376,0.00302,0.001911,0.001537,0.012595,0.006857,0.005215,0.003946,0.003636,0.003125,0.00159,0.000286,60.77,13.72,0.0363,6.7e-05,60.0
swell_11_24,swell_sim_11,SWL_0011_3p_cond11_med,11,test,Swell,6,SCENARIO_CONTROLLER,three-phase,"A,B,C",1.3698,82.6,0.0484,0.131,242,655,0.695382,1.166899,1.678068,0.8711,83.4,60.0,60.0019,14.52,0.96647,0.012175,0.006625,0.00504,0.003817,0.003531,0.003523,0.003752,0.003023,0.001914,0.00153,0.012597,0.006855,0.005215,0.003949,0.003645,0.003128,0.001583,0.000286,60.77,13.73,0.0363,6.8e-05,60.0
swell_11_25,swell_sim_11,SWL_0011_3p_cond11_med,11,test,Swell,6,SCENARIO_CONTROLLER,three-phase,"A,B,C",1.3698,82.6,0.0494,0.132,247,660,0.695387,1.166899,1.678057,0.8712,83.4,60.0,60.0019,14.52,0.966477,0.012169,0.006633,0.005036,0.003814,0.00354,0.003514,0.003752,0.003032,0.001906,0.001531,0.012591,0.006863,0.005211,0.003946,0.003636,0.003137,0.001584,0.000286,60.77,13.72,0.0363,6.7e-05,60.0
swell_11_26,swell_sim_11,SWL_0011_3p_cond11_med,11,test,Swell,6,SCENARIO_CONTROLLER,three-phase,"A,B,C",1.3698,82.6,0.0504,0.133,252,665,0.695385,1.166899,1.678061,0.871,83.4,60.0,60.0019,14.52,0.966475,0.012173,0.006631,0.005033,0.00382,0.003538,0.003508,0.003757,0.003039,0.001899,0.001528,0.012595,0.006861,0.005208,0.003953,0.00363,0.003144,0.001581,0.000286,60.77,13.72,0.0363,6.7e-05,60.0
swell_11_27,swell_sim_11,SWL_0011_3p_cond11_med,11,test,Swell,6,SCENARIO_CONTROLLER,three-phase,"A,B,C",1.3698,82.6,0.0514,0.134,257,670,0.695382,1.166899,1.678068,0.8724,83.4,60.0,60.0019,14.52,0.966472,0.012186,0.006651,0.005032,0.003801,0.003536,0.003522,0.003764,0.003034,0.001891,0.001527,0.012609,0.006882,0.005207,0.003933,0.003644,0.003139,0.00158,0.000287,60.77,13.72,0.0363,6.5e-05,60.0
swell_11_28,swell_sim_11,SWL_0011_3p_cond11_med,11,test,Swell,6,SCENARIO_CONTROLLER,three-phase,"A,B,C",1.3698,82.6,0.0524,0.135,262,675,0.695382,1.166899,1.678069,0.8725,83.4,60.0,60.0021,14.52,0.966472,0.012186,0.006651,0.00503,0.003799,0.003538,0.003527,0.003767,0.003032,0.001882,0.001521,0.012609,0.006882,0.005204,0.003931,0.003649,0.003137,0.001574,0.000287,60.77,13.72,0.0363,6.3e-05,60.0
swell_11_29,swell_sim_11,SWL_0011_3p_cond11_med,11,test,Swell,6,SCENARIO_CONTROLLER,three-phase,"A,B,C",1.3698,82.6,0.0534,0.136,267,680,0.695379,1.166899,1.678075,0.8723,83.4,60.0,60.0021,14.52,0.966467,0.012192,0.006654,0.005028,0.003793,0.00353,0.003522,0.003766,0.003034,0.001888,0.001529,0.012615,0.006885,0.005202,0.003925,0.003644,0.003139,0.001582,0.000287,60.77,13.72,0.0363,6.5e-05,60.0
swell_11_30,swell_sim_11,SWL_0011_3p_cond11_med,11,test,Swell,6,SCENARIO_CONTROLLER,three-phase,"A,B,C",1.3698,82.6,0.0544,0.137,272,685,0.695378,1.166899,1.678079,0.8731,83.4,60.0,60.0021,14.52,0.966465,0.012195,0.006657,0.005032,0.003799,0.003537,0.00353,0.003774,0.003042,0.001896,0.001533,0.012618,0.006888,0.005207,0.003931,0.003652,0.003148,0.001586,0.000287,60.77,13.73,0.0363,6.6e-05,60.0
swell_11_31,swell_sim_11,SWL_0011_3p_cond11_med,11,test,Swell,6,SCENARIO_CONTROLLER,three-phase,"A,B,C",1.3698,82.6,0.0554,0.138,277,690,0.695369,1.166899,1.6781,0.8737,83.4,60.0,60.0021,14.51,0.96645,0.012204,0.006662,0.005036,0.003801,0.003539,0.00353,0.003772,0.003039,0.001893,0.00153,0.012628,0.006893,0.005211,0.003933,0.003653,0.003144,0.001583,0.000288,60.77,13.73,0.0363,6.6e-05,60.0
swell_11_32,swell_sim_11,SWL_0011_3p_cond11_med,11,test,Swell,6,SCENARIO_CONTROLLER,three-phase,"A,B,C",1.3698,82.6,0.0564,0.139,282,695,0.695367,1.166899,1.678106,0.8732,83.4,60.0,60.0021,14.51,0.966446,0.012206,0.006661,0.005033,0.003797,0.003535,0.003525,0.003767,0.003036,0.001892,0.001532,0.01263,0.006892,0.005208,0.003929,0.003647,0.003141,0.001585,0.000287,60.77,13.73,0.0363,6.6e-05,60.0
swell_12_01,swell_sim_12,SWL_0012_3p_cond12_high,12,train,Swell,6,SCENARIO_CONTROLLER,three-phase,"A,B,C",1.35,74.4,0.0254,0.0998,127,499,0.645241,1.083884,1.679814,0.8467,76.6,60.0,59.9965,14.57,0.897068,0.015849,0.006056,0.005728,0.003412,0.002787,0.003063,0.003053,0.002371,0.001725,0.001253,0.017668,0.006751,0.006385,0.003804,0.003414,0.002643,0.001397,0.000369,60.74,13.13,0.036,6.5e-05,60.0
swell_12_02,swell_sim_12,SWL_0012_3p_cond12_high,12,train,Swell,6,SCENARIO_CONTROLLER,three-phase,"A,B,C",1.35,74.4,0.0264,0.1008,132,504,0.645242,1.083884,1.679812,0.8461,76.6,60.0,59.9951,14.56,0.897068,0.015857,0.006047,0.005726,0.003419,0.002787,0.003056,0.003057,0.002372,0.00172,0.001254,0.017676,0.006741,0.006383,0.003811,0.003407,0.002644,0.001398,0.000369,60.74,13.13,0.036,6.5e-05,60.0
swell_12_03,swell_sim_12,SWL_0012_3p_cond12_high,12,train,Swell,6,SCENARIO_CONTROLLER,three-phase,"A,B,C",1.35,74.4,0.0274,0.1018,137,509,0.645239,1.083884,1.679818,0.845,76.6,60.0,59.9949,14.56,0.897062,0.015869,0.006031,0.005743,0.003415,0.002771,0.003068,0.00306,0.002365,0.001724,0.001256,0.01769,0.006723,0.006402,0.003807,0.00342,0.002636,0.0014,0.000369,60.74,13.13,0.036,6.5e-05,60.0
swell_12_04,swell_sim_12,SWL_0012_3p_cond12_high,12,train,Swell,6,SCENARIO_CONTROLLER,three-phase,"A,B,C",1.35,74.4,0.0284,0.1028,142,514,0.645234,1.083884,1.679831,0.8444,76.6,60.0,59.9949,14.56,0.897053,0.015867,0.006033,0.005755,0.003401,0.002777,0.003068,0.003051,0.002375,0.001717,0.001258,0.017688,0.006725,0.006415,0.003791,0.00342,0.002648,0.001402,0.000369,60.74,13.13,0.036,6.6e-05,60.0
swell_12_05,swell_sim_12,SWL_0012_3p_cond12_high,12,train,Swell,6,SCENARIO_CONTROLLER,three-phase,"A,B,C",1.35,74.4,0.0294,0.1038,147,519,0.645228,1.083884,1.679848,0.8466,76.6,60.0,59.9949,14.56,0.897042,0.015856,0.006046,0.005743,0.003414,0.00277,0.003077,0.003047,0.002382,0.001722,0.001255,0.017676,0.00674,0.006402,0.003806,0.00343,0.002655,0.001399,0.000369,60.74,13.13,0.036,6.6e-05,60.0
swell_12_06,swell_sim_12,SWL_0012_3p_cond12_high,12,train,Swell,6,SCENARIO_CONTROLLER,three-phase,"A,B,C",1.35,74.4,0.0304,0.1048,152,524,0.64522,1.083884,1.679868,0.8468,76.6,60.0,59.9949,14.56,0.89703,0.015844,0.006049,0.005738,0.003413,0.002766,0.003075,0.003049,0.002374,0.001727,0.001246,0.017663,0.006743,0.006397,0.003805,0.003428,0.002647,0.001389,0.000369,60.74,13.14,0.036,6.6e-05,60.0
swell_12_07,swell_sim_12,SWL_0012_3p_cond12_high,12,train,Swell,6,SCENARIO_CONTROLLER,three-phase,"A,B,C",1.35,74.4,0.0314,0.1058,157,529,0.645225,1.083884,1.679856,0.8478,76.6,60.0,59.9949,14.56,0.897037,0.015847,0.006056,0.00573,0.00342,0.002758,0.003075,0.003053,0.002365,0.001737,0.00124,0.017666,0.006751,0.006388,0.003813,0.003428,0.002636,0.001382,0.000369,60.74,13.14,0.036,6.6e-05,60.0
swell_12_08,swell_sim_12,SWL_0012_3p_cond12_high,12,train,Swell,6,SCENARIO_CONTROLLER,three-phase,"A,B,C",1.35,74.4,0.0324,0.1068,162,534,0.645229,1.083884,1.679844,0.848,76.6,60.0,59.9949,14.56,0.897044,0.015846,0.006064,0.005724,0.003417,0.002764,0.003067,0.003057,0.00237,0.001729,0.001244,0.017665,0.00676,0.006381,0.003809,0.003419,0.002642,0.001387,0.000369,60.74,13.14,0.036,6.6e-05,60.0
swell_12_09,swell_sim_12,SWL_0012_3p_cond12_high,12,train,Swell,6,SCENARIO_CONTROLLER,three-phase,"A,B,C",1.35,74.4,0.0334,0.1078,167,539,0.64523,1.083884,1.679841,0.8481,76.6,60.0,59.9949,14.56,0.897046,0.015847,0.006069,0.00572,0.003412,0.002771,0.003066,0.00305,0.002376,0.001731,0.001234,0.017666,0.006766,0.006376,0.003804,0.003418,0.002649,0.001376,0.000369,60.74,13.14,0.036,6.6e-05,60.0
swell_12_10,swell_sim_12,SWL_0012_3p_cond12_high,12,train,Swell,6,SCENARIO_CONTROLLER,three-phase,"A,B,C",1.35,74.4,0.0344,0.1088,172,544,0.645232,1.083884,1.679837,0.8479,76.6,60.0,59.9949,14.57,0.897047,0.015841,0.006066,0.005724,0.003414,0.002769,0.003067,0.00305,0.002372,0.001732,0.001241,0.017659,0.006762,0.006381,0.003806,0.003419,0.002644,0.001383,0.000369,60.74,13.14,0.036,6.7e-05,60.0
swell_12_11,swell_sim_12,SWL_0012_3p_cond12_high,12,train,Swell,6,SCENARIO_CONTROLLER,three-phase,"A,B,C",1.35,74.4,0.0354,0.1098,177,549,0.645232,1.083884,1.679837,0.847,76.6,60.0,59.997,14.58,0.897046,0.01583,0.006052,0.00572,0.003422,0.002778,0.003065,0.003038,0.002364,0.001741,0.001253,0.017647,0.006747,0.006376,0.003815,0.003417,0.002635,0.001397,0.000368,60.74,13.14,0.036,6.6e-05,60.0
swell_12_12,swell_sim_12,SWL_0012_3p_cond12_high,12,train,Swell,6,SCENARIO_CONTROLLER,three-phase,"A,B,C",1.35,74.4,0.0364,0.1108,182,554,0.64523,1.083884,1.679841,0.8468,76.6,60.0,59.997,14.58,0.897044,0.015831,0.006053,0.005717,0.003418,0.002775,0.003064,0.00304,0.002367,0.001745,0.001256,0.017648,0.006748,0.006373,0.00381,0.003416,0.002639,0.0014,0.000368,60.74,13.14,0.036,6.6e-05,60.0
swell_12_13,swell_sim_12,SWL_0012_3p_cond12_high,12,train,Swell,6,SCENARIO_CONTROLLER,three-phase,"A,B,C",1.35,74.4,0.0374,0.1118,187,559,0.645224,1.083884,1.679857,0.8478,76.6,60.0,59.997,14.58,0.897033,0.01584,0.006064,0.005722,0.003421,0.002771,0.003059,0.003035,0.002364,0.001743,0.001256,0.017658,0.00676,0.006379,0.003814,0.00341,0.002635,0.0014,0.000369,60.74,13.14,0.036,6.5e-05,60.0
swell_12_14,swell_sim_12,SWL_0012_3p_cond12_high,12,train,Swell,6,SCENARIO_CONTROLLER,three-phase,"A,B,C",1.35,74.4,0.0384,0.1128,192,564,0.645222,1.083884,1.679862,0.8486,76.6,60.0,59.997,14.58,0.897029,0.015843,0.006068,0.005726,0.003426,0.002773,0.003062,0.003037,0.002368,0.001743,0.001259,0.017662,0.006765,0.006383,0.003819,0.003413,0.00264,0.001404,0.000369,60.74,13.15,0.036,6.6e-05,60.0
swell_12_15,swell_sim_12,SWL_0012_3p_cond12_high,12,train,Swell,6,SCENARIO_CONTROLLER,three-phase,"A,B,C",1.35,74.4,0.0394,0.1138,197,569,0.645224,1.083884,1.679859,0.8484,76.6,60.0,59.997,14.58,0.897032,0.015841,0.006067,0.005724,0.003425,0.002771,0.003061,0.003035,0.00237,0.001745,0.001265,0.017659,0.006763,0.006381,0.003818,0.003412,0.002642,0.00141,0.000369,60.74,13.15,0.036,6.6e-05,60.0
swell_12_16,swell_sim_12,SWL_0012_3p_cond12_high,12,train,Swell,6,SCENARIO_CONTROLLER,three-phase,"A,B,C",1.35,74.4,0.0404,0.1148,202,574,0.645237,1.083884,1.679823,0.8501,76.6,60.0,59.997,14.58,0.897053,0.015837,0.006089,0.005746,0.003433,0.002775,0.003048,0.003019,0.002359,0.00174,0.001273,0.017654,0.006788,0.006405,0.003827,0.003398,0.00263,0.001419,0.000369,60.74,13.15,0.036,6.6e-05,60.0
swell_12_17,swell_sim_12,SWL_0012_3p_cond12_high,12,train,Swell,6,SCENARIO_CONTROLLER,three-phase,"A,B,C",1.35,74.4,0.0414,0.1158,207,579,0.645237,1.083884,1.679823,0.8502,76.6,60.0,59.997,14.58,0.897052,0.015841,0.006086,0.00574,0.003432,0.002779,0.003057,0.003021,0.002349,0.001731,0.001278,0.017659,0.006784,0.006399,0.003826,0.003408,0.002619,0.001425,0.000369,60.74,13.15,0.036,6.6e-05,60.0
swell_12_18,swell_sim_12,SWL_0012_3p_cond12_high,12,train,Swell,6,SCENARIO_CONTROLLER,three-phase,"A,B,C",1.35,74.4,0.0424,0.1168,212,584,0.645235,1.083884,1.67983,0.8501,76.6,60.0,59.997,14.58,0.897049,0.015833,0.006088,0.005747,0.003434,0.002775,0.003051,0.003022,0.002356,0.001733,0.001269,0.01765,0.006787,0.006407,0.003828,0.003401,0.002626,0.001415,0.000369,60.74,13.15,0.036,6.6e-05,60.0
swell_12_19,swell_sim_12,SWL_0012_3p_cond12_high,12,train,Swell,6,SCENARIO_CONTROLLER,three-phase,"A,B,C",1.35,74.4,0.0434,0.1178,217,589,0.645235,1.083884,1.679829,0.8499,76.6,60.0,59.9966,14.58,0.897049,0.015836,0.006084,0.005747,0.003436,0.002775,0.00305,0.003023,0.002356,0.001734,0.001268,0.017653,0.006782,0.006407,0.00383,0.0034,0.002626,0.001414,0.000369,60.74,13.15,0.036,6.8e-05,60.0
swell_12_20,swell_sim_12,SWL_0012_3p_cond12_high,12,train,Swell,6,SCENARIO_CONTROLLER,three-phase,"A,B,C",1.35,74.4,0.0444,0.1188,222,594,0.645237,1.083884,1.679823,0.8502,76.6,60.0,59.9966,14.58,0.897053,0.015836,0.006084,0.005739,0.003446,0.002773,0.003046,0.003033,0.002345,0.001736,0.001271,0.017653,0.006782,0.006398,0.003841,0.003396,0.002614,0.001417,0.000369,60.74,13.15,0.036,6.7e-05,60.0
swell_12_21,swell_sim_12,SWL_0012_3p_cond12_high,12,train,Swell,6,SCENARIO_CONTROLLER,three-phase,"A,B,C",1.35,74.4,0.0454,0.1198,227,599,0.645237,1.083884,1.679825,0.85,76.6,60.0,59.9966,14.58,0.897052,0.015836,0.006084,0.005742,0.003442,0.002775,0.003045,0.00303,0.002349,0.00173,0.001277,0.017653,0.006782,0.006401,0.003837,0.003394,0.002619,0.001424,0.000369,60.74,13.15,0.036,6.7e-05,60.0
swell_12_22,swell_sim_12,SWL_0012_3p_cond12_high,12,train,Swell,6,SCENARIO_CONTROLLER,three-phase,"A,B,C",1.35,74.4,0.0464,0.1208,232,604,0.645236,1.083884,1.679826,0.85,76.6,60.0,59.9966,14.58,0.897051,0.015836,0.006086,0.005742,0.003442,0.002779,0.003041,0.003037,0.002344,0.001739,0.001269,0.017653,0.006784,0.006401,0.003837,0.00339,0.002613,0.001415,0.000369,60.74,13.15,0.036,6.7e-05,60.0
swell_12_23,swell_sim_12,SWL_0012_3p_cond12_high,12,train,Swell,6,SCENARIO_CONTROLLER,three-phase,"A,B,C",1.35,74.4,0.0474,0.1218,237,609,0.645234,1.083884,1.679831,0.8499,76.6,60.0,59.9966,14.58,0.897048,0.015833,0.006086,0.005741,0.003441,0.002779,0.00304,0.003038,0.002341,0.001741,0.001266,0.01765,0.006784,0.0064,0.003836,0.003389,0.00261,0.001411,0.000369,60.74,13.15,0.036,6.7e-05,60.0
swell_12_24,swell_sim_12,SWL_0012_3p_cond12_high,12,train,Swell,6,SCENARIO_CONTROLLER,three-phase,"A,B,C",1.35,74.4,0.0484,0.1228,242,614,0.645239,1.083884,1.679818,0.8505,76.6,60.0,59.9966,14.58,0.897055,0.015835,0.006093,0.005734,0.003445,0.002776,0.003036,0.003044,0.002336,0.001744,0.00127,0.017652,0.006792,0.006392,0.00384,0.003384,0.002604,0.001416,0.000369,60.74,13.15,0.036,6.7e-05,60.0
swell_12_25,swell_sim_12,SWL_0012_3p_cond12_high,12,train,Swell,6,SCENARIO_CONTROLLER,three-phase,"A,B,C",1.35,74.4,0.0494,0.1238,247,619,0.645237,1.083884,1.679824,0.8505,76.6,60.0,59.9966,14.58,0.897053,0.015841,0.006091,0.005729,0.003454,0.002769,0.003029,0.003057,0.002333,0.001739,0.001283,0.017659,0.00679,0.006386,0.00385,0.003377,0.002601,0.00143,0.000369,60.74,13.14,0.036,6.6e-05,60.0
swell_12_26,swell_sim_12,SWL_0012_3p_cond12_high,12,train,Swell,6,SCENARIO_CONTROLLER,three-phase,"A,B,C",1.35,74.4,0.0504,0.1248,252,624,0.645238,1.083884,1.679821,0.8508,76.6,60.0,59.9966,14.58,0.897054,0.015841,0.006095,0.005727,0.003448,0.002776,0.003034,0.003047,0.002329,0.001749,0.001283,0.017659,0.006794,0.006384,0.003844,0.003382,0.002596,0.00143,0.000369,60.74,13.15,0.036,6.6e-05,60.0
swell_12_27,swell_sim_12,SWL_0012_3p_cond12_high,12,train,Swell,6,SCENARIO_CONTROLLER,three-phase,"A,B,C",1.35,74.4,0.0514,0.1258,257,629,0.645238,1.083884,1.679821,0.8506,76.6,60.0,59.9984,14.59,0.897054,0.015839,0.006092,0.005726,0.00345,0.002778,0.003034,0.003045,0.002327,0.00175,0.001286,0.017657,0.006791,0.006383,0.003846,0.003382,0.002594,0.001434,0.000369,60.74,13.15,0.036,6.6e-05,60.0
swell_12_28,swell_sim_12,SWL_0012_3p_cond12_high,12,train,Swell,6,SCENARIO_CONTROLLER,three-phase,"A,B,C",1.35,74.4,0.0524,0.1268,262,634,0.645238,1.083884,1.679822,0.8504,76.6,60.0,59.9997,14.59,0.897053,0.015837,0.006089,0.005724,0.00345,0.002781,0.003036,0.003043,0.002325,0.00175,0.001287,0.017654,0.006788,0.006381,0.003846,0.003384,0.002592,0.001435,0.000369,60.74,13.15,0.036,6.7e-05,60.0
swell_12_29,swell_sim_12,SWL_0012_3p_cond12_high,12,train,Swell,6,SCENARIO_CONTROLLER,three-phase,"A,B,C",1.35,74.4,0.0534,0.1278,267,639,0.645238,1.083884,1.679822,0.8501,76.6,60.0,59.9997,14.59,0.897053,0.015835,0.006086,0.005719,0.003445,0.002783,0.003041,0.003052,0.002334,0.001753,0.001288,0.017652,0.006784,0.006375,0.00384,0.00339,0.002602,0.001436,0.000369,60.74,13.15,0.036,6.7e-05,60.0
swell_12_30,swell_sim_12,SWL_0012_3p_cond12_high,12,train,Swell,6,SCENARIO_CONTROLLER,three-phase,"A,B,C",1.35,74.4,0.0544,0.1288,272,644,0.645232,1.083884,1.679837,0.8519,76.6,60.0,59.9997,14.59,0.897043,0.015845,0.006096,0.005729,0.003455,0.002791,0.003049,0.003059,0.002342,0.001759,0.001295,0.017664,0.006796,0.006387,0.003852,0.003399,0.002611,0.001444,0.00037,60.74,13.14,0.036,6.6e-05,60.0
swell_12_31,swell_sim_12,SWL_0012_3p_cond12_high,12,train,Swell,6,SCENARIO_CONTROLLER,three-phase,"A,B,C",1.35,74.4,0.0554,0.1298,277,649,0.645238,1.083884,1.67982,0.8504,76.6,60.0,59.9997,14.59,0.897054,0.015833,0.006088,0.005719,0.003447,0.00278,0.00304,0.00305,0.002338,0.001753,0.001295,0.01765,0.006787,0.006375,0.003843,0.003389,0.002606,0.001444,0.000369,60.74,13.15,0.036,6.7e-05,60.0
swell_12_32,swell_sim_12,SWL_0012_3p_cond12_high,12,train,Swell,6,SCENARIO_CONTROLLER,three-phase,"A,B,C",1.35,74.4,0.0564,0.1308,282,654,0.645235,1.083884,1.679828,0.8498,76.6,60.0,59.9997,14.59,0.897049,0.015835,0.006083,0.005713,0.003443,0.002776,0.003042,0.003054,0.002346,0.001761,0.001299,0.017652,0.006781,0.006369,0.003838,0.003391,0.002615,0.001448,0.000369,60.74,13.15,0.036,6.7e-05,60.0
swell_13_01,swell_sim_13,SWL_0013_3p_cond13_mild,13,train,Swell,6,SCENARIO_CONTROLLER,three-phase,"A,B,C",1.265,82.4,0.0252,0.1076,126,538,0.630013,1.005301,1.595682,0.8461,82.2,60.0,60.0022,17.14,0.882451,0.009168,0.005665,0.004335,0.00373,0.003186,0.003122,0.003242,0.002549,0.001693,0.00141,0.010389,0.00642,0.004912,0.004227,0.003538,0.002889,0.001598,0.000191,60.63,13.29,0.0228,7e-05,60.0
swell_13_02,swell_sim_13,SWL_0013_3p_cond13_mild,13,train,Swell,6,SCENARIO_CONTROLLER,three-phase,"A,B,C",1.265,82.4,0.0262,0.1086,131,543,0.630012,1.005301,1.595684,0.8467,82.2,60.0,60.0021,17.14,0.88245,0.009161,0.005673,0.004338,0.003721,0.003186,0.00313,0.003238,0.002544,0.0017,0.001411,0.010381,0.006429,0.004916,0.004217,0.003547,0.002883,0.001599,0.000191,60.63,13.29,0.0228,6.9e-05,60.0
swell_13_03,swell_sim_13,SWL_0013_3p_cond13_mild,13,train,Swell,6,SCENARIO_CONTROLLER,three-phase,"A,B,C",1.265,82.4,0.0272,0.1096,136,548,0.630012,1.005301,1.595684,0.8467,82.2,60.0,59.9994,17.12,0.882451,0.009161,0.005673,0.004336,0.003723,0.003186,0.003129,0.003241,0.002542,0.0017,0.001415,0.010381,0.006429,0.004914,0.004219,0.003546,0.002881,0.001603,0.000191,60.63,13.29,0.0228,6.9e-05,60.0
swell_13_04,swell_sim_13,SWL_0013_3p_cond13_mild,13,train,Swell,6,SCENARIO_CONTROLLER,three-phase,"A,B,C",1.265,82.4,0.0282,0.1106,141,553,0.630015,1.005301,1.595678,0.8474,82.2,60.0,59.9994,17.12,0.882455,0.009163,0.005675,0.004328,0.003733,0.00318,0.003125,0.00325,0.00253,0.001712,0.00141,0.010384,0.006431,0.004904,0.00423,0.003541,0.002867,0.001598,0.000191,60.63,13.28,0.0228,6.9e-05,60.0
swell_13_05,swell_sim_13,SWL_0013_3p_cond13_mild,13,train,Swell,6,SCENARIO_CONTROLLER,three-phase,"A,B,C",1.265,82.4,0.0292,0.1116,146,558,0.630015,1.005301,1.595676,0.8476,82.2,60.0,59.9994,17.12,0.882456,0.009165,0.005674,0.004327,0.003736,0.003176,0.00313,0.003245,0.002534,0.001709,0.00141,0.010386,0.00643,0.004903,0.004234,0.003547,0.002872,0.001598,0.000191,60.63,13.28,0.0228,7e-05,60.0
swell_13_06,swell_sim_13,SWL_0013_3p_cond13_mild,13,train,Swell,6,SCENARIO_CONTROLLER,three-phase,"A,B,C",1.265,82.4,0.0302,0.1126,151,563,0.630017,1.005301,1.595673,0.8484,82.2,60.0,59.9994,17.12,0.882458,0.009165,0.005676,0.004324,0.00374,0.00317,0.003137,0.003237,0.002543,0.0017,0.001419,0.010386,0.006432,0.0049,0.004238,0.003555,0.002882,0.001608,0.000191,60.63,13.28,0.0228,7e-05,60.0
swell_13_07,swell_sim_13,SWL_0013_3p_cond13_mild,13,train,Swell,6,SCENARIO_CONTROLLER,three-phase,"A,B,C",1.265,82.4,0.0312,0.1136,156,568,0.630016,1.005301,1.595674,0.8483,82.2,60.0,59.9994,17.12,0.882457,0.009164,0.005676,0.004324,0.003739,0.003171,0.003135,0.003238,0.002544,0.001699,0.00142,0.010385,0.006432,0.0049,0.004237,0.003553,0.002883,0.001609,0.000191,60.63,13.28,0.0228,7e-05,60.0
swell_13_08,swell_sim_13,SWL_0013_3p_cond13_mild,13,train,Swell,6,SCENARIO_CONTROLLER,three-phase,"A,B,C",1.265,82.4,0.0322,0.1146,161,573,0.630017,1.005301,1.595671,0.8487,82.2,60.0,59.9994,17.12,0.882459,0.009166,0.005678,0.004319,0.003746,0.003167,0.003134,0.003247,0.002535,0.001699,0.001427,0.010387,0.006434,0.004894,0.004245,0.003551,0.002873,0.001617,0.000191,60.63,13.28,0.0228,7e-05,60.0
swell_13_09,swell_sim_13,SWL_0013_3p_cond13_mild,13,train,Swell,6,SCENARIO_CONTROLLER,three-phase,"A,B,C",1.265,82.4,0.0332,0.1156,166,578,0.630018,1.005301,1.595669,0.8488,82.2,60.0,59.9994,17.12,0.88246,0.009164,0.005679,0.004321,0.003743,0.003167,0.003138,0.003244,0.002532,0.001704,0.001428,0.010385,0.006435,0.004897,0.004242,0.003556,0.002869,0.001618,0.000191,60.63,13.29,0.0228,7e-05,60.0
swell_13_10,swell_sim_13,SWL_0013_3p_cond13_mild,13,train,Swell,6,SCENARIO_CONTROLLER,three-phase,"A,B,C",1.265,82.4,0.0342,0.1166,171,583,0.630019,1.005301,1.595667,0.8487,82.2,60.0,59.9994,17.12,0.882461,0.009161,0.005677,0.004324,0.003745,0.003164,0.003136,0.003248,0.002536,0.001702,0.001423,0.010381,0.006433,0.0049,0.004244,0.003554,0.002874,0.001613,0.000191,60.63,13.29,0.0228,7e-05,60.0
swell_13_11,swell_sim_13,SWL_0013_3p_cond13_mild,13,train,Swell,6,SCENARIO_CONTROLLER,three-phase,"A,B,C",1.265,82.4,0.0352,0.1176,176,588,0.63002,1.005301,1.595665,0.8491,82.2,60.0,60.0007,17.13,0.882463,0.009165,0.005687,0.004332,0.003743,0.003154,0.00313,0.00325,0.002543,0.001709,0.001423,0.010386,0.006444,0.004909,0.004242,0.003547,0.002882,0.001613,0.000191,60.63,13.29,0.0228,7e-05,60.0
swell_13_12,swell_sim_13,SWL_0013_3p_cond13_mild,13,train,Swell,6,SCENARIO_CONTROLLER,three-phase,"A,B,C",1.265,82.4,0.0362,0.1186,181,593,0.630019,1.005301,1.595666,0.8489,82.2,60.0,60.0007,17.13,0.882462,0.009164,0.005683,0.004326,0.003739,0.003156,0.003138,0.00326,0.002551,0.00171,0.001415,0.010385,0.00644,0.004902,0.004237,0.003556,0.002891,0.001603,0.000191,60.63,13.29,0.0228,7e-05,60.0
swell_13_13,swell_sim_13,SWL_0013_3p_cond13_mild,13,train,Swell,6,SCENARIO_CONTROLLER,three-phase,"A,B,C",1.265,82.4,0.0372,0.1196,186,598,0.630011,1.005301,1.595686,0.8479,82.2,60.0,60.0007,17.12,0.882449,0.009178,0.005693,0.004326,0.003727,0.003135,0.003113,0.003235,0.002528,0.001695,0.001413,0.010401,0.006451,0.004902,0.004223,0.003528,0.002865,0.001601,0.00019,60.63,13.28,0.0228,7.1e-05,60.0
swell_13_14,swell_sim_13,SWL_0013_3p_cond13_mild,13,train,Swell,6,SCENARIO_CONTROLLER,three-phase,"A,B,C",1.265,82.4,0.0382,0.1206,191,603,0.630009,1.005301,1.595692,0.8483,82.2,60.0,60.0007,17.12,0.882446,0.009181,0.005695,0.004327,0.003728,0.003136,0.003114,0.003236,0.002527,0.001693,0.001412,0.010404,0.006454,0.004903,0.004225,0.003529,0.002864,0.0016,0.000191,60.63,13.28,0.0228,7e-05,60.0
swell_13_15,swell_sim_13,SWL_0013_3p_cond13_mild,13,train,Swell,6,SCENARIO_CONTROLLER,three-phase,"A,B,C",1.265,82.4,0.0392,0.1216,196,608,0.630005,1.005301,1.595702,0.8475,82.2,60.0,60.0007,17.12,0.882439,0.009184,0.005694,0.004324,0.003723,0.00313,0.003107,0.003228,0.002523,0.001691,0.001412,0.010408,0.006453,0.0049,0.004219,0.003521,0.002859,0.0016,0.00019,60.63,13.28,0.0228,7e-05,60.0
swell_13_16,swell_sim_13,SWL_0013_3p_cond13_mild,13,train,Swell,6,SCENARIO_CONTROLLER,three-phase,"A,B,C",1.265,82.4,0.0402,0.1226,201,613,0.630004,1.005301,1.595706,0.8475,82.2,60.0,60.0007,17.12,0.882437,0.009183,0.005691,0.004322,0.003723,0.003133,0.003111,0.003231,0.002521,0.001686,0.001406,0.010406,0.006449,0.004898,0.004219,0.003525,0.002857,0.001593,0.00019,60.63,13.28,0.0228,6.9e-05,60.0
swell_13_17,swell_sim_13,SWL_0013_3p_cond13_mild,13,train,Swell,6,SCENARIO_CONTROLLER,three-phase,"A,B,C",1.265,82.4,0.0412,0.1236,206,618,0.63001,1.005301,1.595691,0.8477,82.2,60.0,60.0007,17.12,0.882446,0.009192,0.005701,0.004321,0.003712,0.003122,0.003111,0.003243,0.002527,0.001679,0.001394,0.010417,0.00646,0.004897,0.004206,0.003525,0.002864,0.00158,0.000191,60.63,13.28,0.0228,6.9e-05,60.0
swell_13_18,swell_sim_13,SWL_0013_3p_cond13_mild,13,train,Swell,6,SCENARIO_CONTROLLER,three-phase,"A,B,C",1.265,82.4,0.0422,0.1246,211,623,0.630016,1.005301,1.595674,0.8479,82.2,60.0,60.0007,17.12,0.882455,0.009211,0.005701,0.004302,0.003705,0.003138,0.003125,0.003233,0.002515,0.001688,0.001409,0.010438,0.00646,0.004875,0.004199,0.003541,0.00285,0.001597,0.000191,60.63,13.28,0.0228,7e-05,60.0
swell_13_19,swell_sim_13,SWL_0013_3p_cond13_mild,13,train,Swell,6,SCENARIO_CONTROLLER,three-phase,"A,B,C",1.265,82.4,0.0432,0.1256,216,628,0.630016,1.005301,1.595674,0.8476,82.2,60.0,59.9985,17.11,0.882455,0.009215,0.005696,0.004303,0.003709,0.003135,0.003122,0.003237,0.002513,0.001685,0.001411,0.010442,0.006455,0.004876,0.004203,0.003538,0.002848,0.001599,0.000191,60.63,13.28,0.0228,7e-05,60.0
swell_13_20,swell_sim_13,SWL_0013_3p_cond13_mild,13,train,Swell,6,SCENARIO_CONTROLLER,three-phase,"A,B,C",1.265,82.4,0.0442,0.1266,221,633,0.630016,1.005301,1.595674,0.8476,82.2,60.0,59.9985,17.11,0.882454,0.009216,0.005692,0.004306,0.00371,0.00313,0.003126,0.003236,0.002511,0.00169,0.001408,0.010444,0.00645,0.00488,0.004204,0.003542,0.002845,0.001596,0.000191,60.63,13.28,0.0228,7e-05,60.0
swell_13_21,swell_sim_13,SWL_0013_3p_cond13_mild,13,train,Swell,6,SCENARIO_CONTROLLER,three-phase,"A,B,C",1.265,82.4,0.0452,0.1276,226,638,0.630023,1.005301,1.595656,0.8483,82.2,60.0,59.9985,17.12,0.882466,0.009228,0.005685,0.004303,0.003723,0.003113,0.003141,0.003226,0.002517,0.001692,0.001397,0.010457,0.006442,0.004876,0.004219,0.003559,0.002852,0.001583,0.000191,60.63,13.29,0.0228,6.9e-05,60.0
swell_13_22,swell_sim_13,SWL_0013_3p_cond13_mild,13,train,Swell,6,SCENARIO_CONTROLLER,three-phase,"A,B,C",1.265,82.4,0.0462,0.1286,231,643,0.630023,1.005301,1.595658,0.8482,82.2,60.0,59.9985,17.12,0.882465,0.009227,0.005685,0.004303,0.003722,0.003115,0.003139,0.00323,0.002512,0.001698,0.001392,0.010456,0.006442,0.004876,0.004218,0.003557,0.002847,0.001577,0.000191,60.63,13.28,0.0228,6.9e-05,60.0
swell_13_23,swell_sim_13,SWL_0013_3p_cond13_mild,13,train,Swell,6,SCENARIO_CONTROLLER,three-phase,"A,B,C",1.265,82.4,0.0472,0.1296,236,648,0.630034,1.005301,1.59563,0.8478,82.2,60.0,59.9985,17.12,0.882482,0.00924,0.005679,0.004306,0.003721,0.003112,0.003142,0.003222,0.002524,0.001686,0.001403,0.01047,0.006435,0.004879,0.004217,0.00356,0.00286,0.00159,0.000191,60.63,13.27,0.0228,6.9e-05,60.0
swell_13_24,swell_sim_13,SWL_0013_3p_cond13_mild,13,train,Swell,6,SCENARIO_CONTROLLER,three-phase,"A,B,C",1.265,82.4,0.0482,0.1306,241,653,0.630031,1.005301,1.595635,0.8475,82.2,60.0,59.9985,17.12,0.882479,0.009241,0.005675,0.00431,0.003719,0.003111,0.003147,0.003216,0.002527,0.001686,0.0014,0.010472,0.006431,0.004884,0.004214,0.003566,0.002864,0.001586,0.000191,60.63,13.27,0.0228,6.8e-05,60.0
swell_13_25,swell_sim_13,SWL_0013_3p_cond13_mild,13,train,Swell,6,SCENARIO_CONTROLLER,three-phase,"A,B,C",1.265,82.4,0.0492,0.1316,246,658,0.63004,1.005301,1.595613,0.8478,82.2,60.0,59.9985,17.12,0.882492,0.009231,0.00569,0.004307,0.00371,0.003125,0.003138,0.003211,0.002539,0.00168,0.001397,0.01046,0.006448,0.00488,0.004204,0.003556,0.002877,0.001583,0.000191,60.63,13.28,0.0228,6.9e-05,60.0
swell_13_26,swell_sim_13,SWL_0013_3p_cond13_mild,13,train,Swell,6,SCENARIO_CONTROLLER,three-phase,"A,B,C",1.265,82.4,0.0502,0.1326,251,663,0.63004,1.005301,1.595614,0.8478,82.2,60.0,59.9985,17.12,0.882491,0.009232,0.00569,0.004305,0.003711,0.003126,0.003136,0.00321,0.002541,0.00168,0.001395,0.010461,0.006448,0.004878,0.004205,0.003554,0.002879,0.001581,0.000191,60.63,13.27,0.0228,6.8e-05,60.0
swell_13_27,swell_sim_13,SWL_0013_3p_cond13_mild,13,train,Swell,6,SCENARIO_CONTROLLER,three-phase,"A,B,C",1.265,82.4,0.0512,0.1336,256,668,0.63004,1.005301,1.595613,0.8477,82.2,60.0,60.0003,17.12,0.882492,0.00923,0.005687,0.004306,0.003712,0.003126,0.003136,0.003211,0.00254,0.001678,0.001397,0.010459,0.006444,0.004879,0.004206,0.003554,0.002878,0.001583,0.000191,60.63,13.27,0.0228,6.8e-05,60.0
swell_13_28,swell_sim_13,SWL_0013_3p_cond13_mild,13,train,Swell,6,SCENARIO_CONTROLLER,three-phase,"A,B,C",1.265,82.4,0.0522,0.1346,261,673,0.63004,1.005301,1.595614,0.8474,82.2,60.0,59.9997,17.12,0.882491,0.009228,0.005683,0.004303,0.003714,0.00313,0.003137,0.003208,0.002537,0.001679,0.0014,0.010457,0.00644,0.004876,0.004209,0.003555,0.002875,0.001586,0.000191,60.63,13.27,0.0228,6.8e-05,60.0
swell_13_29,swell_sim_13,SWL_0013_3p_cond13_mild,13,train,Swell,6,SCENARIO_CONTROLLER,three-phase,"A,B,C",1.265,82.4,0.0532,0.1356,266,678,0.63004,1.005301,1.595613,0.8473,82.2,60.0,59.9997,17.12,0.882492,0.009226,0.00568,0.004299,0.003712,0.003132,0.003142,0.003214,0.002543,0.001683,0.001399,0.010454,0.006436,0.004871,0.004206,0.00356,0.002882,0.001585,0.000191,60.63,13.27,0.0228,6.8e-05,60.0
swell_13_30,swell_sim_13,SWL_0013_3p_cond13_mild,13,train,Swell,6,SCENARIO_CONTROLLER,three-phase,"A,B,C",1.265,82.4,0.0542,0.1366,271,683,0.630036,1.005301,1.595624,0.8483,82.2,60.0,59.9997,17.12,0.882484,0.009235,0.005688,0.004306,0.003717,0.003135,0.003142,0.003214,0.002543,0.001681,0.001397,0.010465,0.006445,0.004879,0.004212,0.00356,0.002882,0.001583,0.000191,60.63,13.28,0.0228,6.8e-05,60.0
swell_13_31,swell_sim_13,SWL_0013_3p_cond13_mild,13,train,Swell,6,SCENARIO_CONTROLLER,three-phase,"A,B,C",1.265,82.4,0.0552,0.1376,276,688,0.630028,1.005301,1.595645,0.8493,82.2,60.0,59.9997,17.12,0.882471,0.009246,0.005695,0.004312,0.003722,0.003138,0.003145,0.003214,0.002542,0.00168,0.001396,0.010477,0.006453,0.004886,0.004218,0.003564,0.002881,0.001582,0.000192,60.63,13.27,0.0228,6.8e-05,60.0
swell_13_32,swell_sim_13,SWL_0013_3p_cond13_mild,13,train,Swell,6,SCENARIO_CONTROLLER,three-phase,"A,B,C",1.265,82.4,0.0562,0.1386,281,693,0.630027,1.005301,1.595647,0.8492,82.2,60.0,59.9997,17.12,0.88247,0.009246,0.005694,0.004311,0.003721,0.003137,0.003144,0.003214,0.002542,0.001681,0.001398,0.010477,0.006452,0.004885,0.004217,0.003563,0.002881,0.001584,0.000192,60.63,13.27,0.0228,6.8e-05,60.0
swell_14_01,swell_sim_14,SWL_0014_3p_cond14_med,14,val,Swell,6,SCENARIO_CONTROLLER,three-phase,"A,B,C",1.3429,74.4,0.0254,0.0998,127,499,0.646444,1.082708,1.674867,0.8351,76.0,60.0,60.001,15.03,0.900178,0.015319,0.00609,0.005254,0.003336,0.002569,0.002879,0.00299,0.002605,0.001551,0.001327,0.017018,0.006765,0.005837,0.003706,0.003198,0.002894,0.001474,0.000345,60.69,12.71,0.0333,6.4e-05,60.0
swell_14_02,swell_sim_14,SWL_0014_3p_cond14_med,14,val,Swell,6,SCENARIO_CONTROLLER,three-phase,"A,B,C",1.3429,74.4,0.0264,0.1008,132,504,0.646445,1.082708,1.674864,0.8345,76.0,60.0,60.0036,15.05,0.900179,0.015328,0.006082,0.005251,0.003343,0.002571,0.002873,0.002991,0.002606,0.00155,0.001327,0.017028,0.006756,0.005833,0.003714,0.003192,0.002895,0.001474,0.000345,60.69,12.72,0.0333,6.4e-05,60.0
swell_14_03,swell_sim_14,SWL_0014_3p_cond14_med,14,val,Swell,6,SCENARIO_CONTROLLER,three-phase,"A,B,C",1.3429,74.4,0.0274,0.1018,137,509,0.646447,1.082708,1.674859,0.8349,76.0,60.0,60.0005,15.03,0.900183,0.015323,0.006088,0.005239,0.00335,0.002578,0.002863,0.002995,0.002607,0.001541,0.001333,0.017022,0.006763,0.00582,0.003721,0.00318,0.002896,0.001481,0.000345,60.69,12.72,0.0333,6.5e-05,60.0
swell_14_04,swell_sim_14,SWL_0014_3p_cond14_med,14,val,Swell,6,SCENARIO_CONTROLLER,three-phase,"A,B,C",1.3429,74.4,0.0284,0.1028,142,514,0.646445,1.082708,1.674865,0.8345,76.0,60.0,60.0005,15.03,0.900179,0.015324,0.006088,0.005248,0.003341,0.002582,0.002865,0.002985,0.002618,0.001533,0.001337,0.017023,0.006763,0.00583,0.003711,0.003183,0.002908,0.001485,0.000345,60.69,12.72,0.0333,6.4e-05,60.0
swell_14_05,swell_sim_14,SWL_0014_3p_cond14_med,14,val,Swell,6,SCENARIO_CONTROLLER,three-phase,"A,B,C",1.3429,74.4,0.0294,0.1038,147,519,0.646439,1.082708,1.674882,0.8358,76.0,60.0,60.0005,15.03,0.900168,0.015314,0.0061,0.00524,0.003348,0.002584,0.002861,0.002994,0.002611,0.001542,0.001328,0.017012,0.006777,0.005821,0.003719,0.003178,0.002901,0.001475,0.000345,60.69,12.72,0.0333,6.5e-05,60.0
swell_14_06,swell_sim_14,SWL_0014_3p_cond14_med,14,val,Swell,6,SCENARIO_CONTROLLER,three-phase,"A,B,C",1.3429,74.4,0.0304,0.1048,152,524,0.646435,1.082708,1.674891,0.8361,76.0,60.0,60.0005,15.03,0.900162,0.015308,0.006103,0.005237,0.003348,0.002582,0.002861,0.002994,0.00261,0.001544,0.001327,0.017006,0.00678,0.005818,0.003719,0.003178,0.002899,0.001474,0.000345,60.69,12.72,0.0333,6.5e-05,60.0
swell_14_07,swell_sim_14,SWL_0014_3p_cond14_med,14,val,Swell,6,SCENARIO_CONTROLLER,three-phase,"A,B,C",1.3429,74.4,0.0314,0.1058,157,529,0.64644,1.082708,1.674879,0.8369,76.0,60.0,60.0005,15.03,0.900169,0.015312,0.006108,0.005231,0.003355,0.002576,0.002863,0.002994,0.002605,0.001549,0.001324,0.01701,0.006785,0.005811,0.003727,0.003181,0.002894,0.001471,0.000345,60.69,12.72,0.0333,6.5e-05,60.0
swell_14_08,swell_sim_14,SWL_0014_3p_cond14_med,14,val,Swell,6,SCENARIO_CONTROLLER,three-phase,"A,B,C",1.3429,74.4,0.0324,0.1068,162,534,0.646442,1.082708,1.674873,0.8371,76.0,60.0,60.0005,15.03,0.900173,0.015313,0.006112,0.005227,0.003355,0.002577,0.002859,0.002998,0.002605,0.001547,0.001328,0.017011,0.00679,0.005807,0.003727,0.003176,0.002894,0.001475,0.000345,60.69,12.72,0.0333,6.5e-05,60.0
swell_14_09,swell_sim_14,SWL_0014_3p_cond14_med,14,val,Swell,6,SCENARIO_CONTROLLER,three-phase,"A,B,C",1.3429,74.4,0.0334,0.1078,167,539,0.646441,1.082708,1.674875,0.8371,76.0,60.0,60.0005,15.03,0.900172,0.015315,0.006112,0.005225,0.003357,0.002578,0.002857,0.002999,0.002607,0.001546,0.001326,0.017013,0.00679,0.005804,0.003729,0.003174,0.002896,0.001473,0.000345,60.69,12.72,0.0333,6.5e-05,60.0
swell_14_10,swell_sim_14,SWL_0014_3p_cond14_med,14,val,Swell,6,SCENARIO_CONTROLLER,three-phase,"A,B,C",1.3429,74.4,0.0344,0.1088,172,544,0.64644,1.082708,1.674879,0.8376,76.0,60.0,60.0005,15.03,0.90017,0.015322,0.006118,0.00522,0.00335,0.002583,0.002863,0.002994,0.002601,0.001548,0.001331,0.017021,0.006796,0.005799,0.003722,0.003181,0.002889,0.001479,0.000345,60.69,12.72,0.0333,6.5e-05,60.0
swell_14_11,swell_sim_14,SWL_0014_3p_cond14_med,14,val,Swell,6,SCENARIO_CONTROLLER,three-phase,"A,B,C",1.3429,74.4,0.0354,0.1098,177,549,0.64644,1.082708,1.674879,0.8378,76.0,60.0,59.9971,15.01,0.90017,0.015325,0.006121,0.005221,0.003349,0.00258,0.002862,0.002997,0.002603,0.001548,0.00133,0.017025,0.0068,0.0058,0.00372,0.003179,0.002892,0.001477,0.000346,60.69,12.72,0.0333,6.6e-05,60.0
swell_14_12,swell_sim_14,SWL_0014_3p_cond14_med,14,val,Swell,6,SCENARIO_CONTROLLER,three-phase,"A,B,C",1.3429,74.4,0.0364,0.1108,182,554,0.646444,1.082708,1.674869,0.8382,76.0,60.0,59.9971,15.01,0.900177,0.015323,0.006117,0.005228,0.003359,0.00259,0.002868,0.002994,0.0026,0.001538,0.001321,0.017022,0.006795,0.005808,0.003731,0.003186,0.002888,0.001467,0.000346,60.69,12.72,0.0333,6.6e-05,60.0
swell_14_13,swell_sim_14,SWL_0014_3p_cond14_med,14,val,Swell,6,SCENARIO_CONTROLLER,three-phase,"A,B,C",1.3429,74.4,0.0374,0.1118,187,559,0.646438,1.082708,1.674884,0.8381,76.0,60.0,59.9971,15.01,0.900167,0.015329,0.006127,0.005226,0.003352,0.002574,0.002851,0.002981,0.002586,0.001538,0.001324,0.017029,0.006807,0.005806,0.003724,0.003167,0.002873,0.001471,0.000346,60.69,12.72,0.0333,6.5e-05,60.0
swell_14_14,swell_sim_14,SWL_0014_3p_cond14_med,14,val,Swell,6,SCENARIO_CONTROLLER,three-phase,"A,B,C",1.3429,74.4,0.0384,0.1128,192,564,0.646427,1.082708,1.674913,0.8395,76.0,60.0,59.9971,15.01,0.900149,0.015347,0.006136,0.005238,0.003358,0.002586,0.002859,0.002992,0.002585,0.001544,0.001322,0.017049,0.006817,0.005819,0.00373,0.003176,0.002872,0.001469,0.000347,60.69,12.72,0.0333,6.4e-05,60.0
swell_14_15,swell_sim_14,SWL_0014_3p_cond14_med,14,val,Swell,6,SCENARIO_CONTROLLER,three-phase,"A,B,C",1.3429,74.4,0.0394,0.1138,197,569,0.646415,1.082708,1.674943,0.8379,76.0,60.0,59.9971,15.01,0.900131,0.015361,0.006131,0.005232,0.003345,0.002575,0.002847,0.002982,0.002581,0.001541,0.001323,0.017065,0.006811,0.005812,0.003716,0.003163,0.002867,0.00147,0.000347,60.69,12.72,0.0333,6.5e-05,60.0
swell_14_16,swell_sim_14,SWL_0014_3p_cond14_med,14,val,Swell,6,SCENARIO_CONTROLLER,three-phase,"A,B,C",1.3429,74.4,0.0404,0.1148,202,574,0.646422,1.082708,1.674924,0.8393,76.0,60.0,59.9971,15.01,0.900142,0.015356,0.006141,0.005244,0.003356,0.002585,0.002847,0.002976,0.002568,0.001529,0.00132,0.01706,0.006822,0.005826,0.003728,0.003163,0.002853,0.001466,0.000347,60.69,12.73,0.0333,6.5e-05,60.0
swell_14_17,swell_sim_14,SWL_0014_3p_cond14_med,14,val,Swell,6,SCENARIO_CONTROLLER,three-phase,"A,B,C",1.3429,74.4,0.0414,0.1158,207,579,0.646424,1.082708,1.67492,0.8393,76.0,60.0,59.9971,15.01,0.900145,0.015355,0.006146,0.005249,0.003355,0.002579,0.002839,0.002974,0.002579,0.001539,0.001316,0.017058,0.006828,0.005831,0.003727,0.003154,0.002865,0.001462,0.000347,60.69,12.72,0.0333,6.5e-05,60.0
swell_14_18,swell_sim_14,SWL_0014_3p_cond14_med,14,val,Swell,6,SCENARIO_CONTROLLER,three-phase,"A,B,C",1.3429,74.4,0.0424,0.1168,212,584,0.646422,1.082708,1.674925,0.8395,76.0,60.0,59.9971,15.01,0.900142,0.015348,0.006149,0.005256,0.003352,0.002571,0.002838,0.002982,0.002577,0.00153,0.001316,0.017051,0.006831,0.005839,0.003724,0.003153,0.002863,0.001462,0.000347,60.69,12.72,0.0333,6.5e-05,60.0
swell_14_19,swell_sim_14,SWL_0014_3p_cond14_med,14,val,Swell,6,SCENARIO_CONTROLLER,three-phase,"A,B,C",1.3429,74.4,0.0434,0.1178,217,589,0.646422,1.082708,1.674925,0.8396,76.0,60.0,60.0019,15.03,0.900142,0.015347,0.00615,0.005257,0.003351,0.00257,0.00284,0.002981,0.002576,0.001533,0.001315,0.01705,0.006832,0.00584,0.003723,0.003155,0.002862,0.001461,0.000346,60.69,12.72,0.0333,6.5e-05,60.0
swell_14_20,swell_sim_14,SWL_0014_3p_cond14_med,14,val,Swell,6,SCENARIO_CONTROLLER,three-phase,"A,B,C",1.3429,74.4,0.0444,0.1188,222,594,0.646419,1.082708,1.674932,0.8392,76.0,60.0,60.0019,15.03,0.900138,0.015347,0.00615,0.005265,0.003341,0.002574,0.002843,0.002971,0.002586,0.001531,0.001312,0.01705,0.006832,0.005849,0.003712,0.003158,0.002873,0.001458,0.000347,60.69,12.73,0.0333,6.5e-05,60.0
swell_14_21,swell_sim_14,SWL_0014_3p_cond14_med,14,val,Swell,6,SCENARIO_CONTROLLER,three-phase,"A,B,C",1.3429,74.4,0.0454,0.1198,227,599,0.646415,1.082708,1.674944,0.8396,76.0,60.0,60.0019,15.03,0.900129,0.015342,0.006157,0.005264,0.003339,0.00258,0.002838,0.002974,0.002585,0.00153,0.001313,0.017044,0.00684,0.005848,0.003709,0.003153,0.002872,0.001459,0.000346,60.69,12.72,0.0333,6.5e-05,60.0
swell_14_22,swell_sim_14,SWL_0014_3p_cond14_med,14,val,Swell,6,SCENARIO_CONTROLLER,three-phase,"A,B,C",1.3429,74.4,0.0464,0.1208,232,604,0.646419,1.082708,1.674934,0.8388,76.0,60.0,60.0019,15.03,0.900136,0.015348,0.006152,0.00527,0.003335,0.002583,0.002836,0.002975,0.002586,0.001529,0.001316,0.017051,0.006835,0.005855,0.003705,0.003151,0.002873,0.001462,0.000347,60.69,12.72,0.0333,6.6e-05,60.0
swell_14_23,swell_sim_14,SWL_0014_3p_cond14_med,14,val,Swell,6,SCENARIO_CONTROLLER,three-phase,"A,B,C",1.3429,74.4,0.0474,0.1218,237,609,0.646424,1.082708,1.67492,0.8396,76.0,60.0,60.0019,15.03,0.900144,0.015355,0.006154,0.005268,0.003342,0.002577,0.002844,0.002967,0.002591,0.001524,0.001316,0.017058,0.006837,0.005852,0.003713,0.003159,0.002878,0.001462,0.000347,60.69,12.72,0.0333,6.5e-05,60.0
swell_14_24,swell_sim_14,SWL_0014_3p_cond14_med,14,val,Swell,6,SCENARIO_CONTROLLER,three-phase,"A,B,C",1.3429,74.4,0.0484,0.1228,242,614,0.646427,1.082708,1.674912,0.8399,76.0,60.0,60.0019,15.03,0.900149,0.015355,0.006159,0.005263,0.003342,0.002578,0.00284,0.002972,0.002592,0.001521,0.001321,0.017058,0.006842,0.005847,0.003713,0.003155,0.00288,0.001468,0.000347,60.69,12.72,0.0333,6.5e-05,60.0
swell_14_25,swell_sim_14,SWL_0014_3p_cond14_med,14,val,Swell,6,SCENARIO_CONTROLLER,three-phase,"A,B,C",1.3429,74.4,0.0494,0.1238,247,619,0.646427,1.082708,1.674912,0.8399,76.0,60.0,60.0019,15.03,0.900149,0.015355,0.006158,0.005264,0.003341,0.002578,0.002842,0.002969,0.002591,0.001523,0.001319,0.017058,0.006841,0.005848,0.003712,0.003157,0.002878,0.001465,0.000347,60.69,12.72,0.0333,6.5e-05,60.0
swell_14_26,swell_sim_14,SWL_0014_3p_cond14_med,14,val,Swell,6,SCENARIO_CONTROLLER,three-phase,"A,B,C",1.3429,74.4,0.0504,0.1248,252,624,0.646422,1.082708,1.674925,0.8399,76.0,60.0,60.0019,15.03,0.900142,0.015368,0.006161,0.005251,0.003344,0.002587,0.002832,0.002964,0.0026,0.001525,0.001308,0.017073,0.006844,0.005834,0.003715,0.003146,0.002888,0.001453,0.000347,60.69,12.72,0.0333,6.4e-05,60.0
swell_14_27,swell_sim_14,SWL_0014_3p_cond14_med,14,val,Swell,6,SCENARIO_CONTROLLER,three-phase,"A,B,C",1.3429,74.4,0.0514,0.1258,257,629,0.646423,1.082708,1.674922,0.8397,76.0,60.0,60.0021,15.03,0.900144,0.015363,0.006158,0.005256,0.003347,0.002582,0.00283,0.002971,0.002605,0.001518,0.001303,0.017067,0.006841,0.005839,0.003718,0.003144,0.002894,0.001448,0.000347,60.69,12.71,0.0333,6.4e-05,60.0
swell_14_28,swell_sim_14,SWL_0014_3p_cond14_med,14,val,Swell,6,SCENARIO_CONTROLLER,three-phase,"A,B,C",1.3429,74.4,0.0524,0.1268,262,634,0.646421,1.082708,1.674927,0.8395,76.0,60.0,60.0003,15.03,0.90014,0.015363,0.006157,0.005246,0.003336,0.002582,0.002839,0.002984,0.002616,0.001512,0.001288,0.017067,0.00684,0.005828,0.003706,0.003154,0.002906,0.001431,0.000347,60.69,12.72,0.0333,6.4e-05,60.0
swell_14_29,swell_sim_14,SWL_0014_3p_cond14_med,14,val,Swell,6,SCENARIO_CONTROLLER,three-phase,"A,B,C",1.3429,74.4,0.0534,0.1278,267,639,0.646421,1.082708,1.674926,0.8396,76.0,60.0,60.0003,15.03,0.90014,0.015362,0.006156,0.005246,0.003337,0.002585,0.002842,0.002985,0.002616,0.001508,0.001283,0.017066,0.006839,0.005828,0.003707,0.003157,0.002906,0.001425,0.000347,60.69,12.71,0.0333,6.5e-05,60.0
swell_14_30,swell_sim_14,SWL_0014_3p_cond14_med,14,val,Swell,6,SCENARIO_CONTROLLER,three-phase,"A,B,C",1.3429,74.4,0.0544,0.1288,272,644,0.646415,1.082708,1.674944,0.8415,76.0,60.0,60.0003,15.03,0.900129,0.015373,0.006168,0.005258,0.003348,0.002593,0.00285,0.00299,0.002624,0.001512,0.001288,0.017079,0.006852,0.005841,0.003719,0.003166,0.002915,0.001431,0.000348,60.69,12.71,0.0333,6.5e-05,60.0
swell_14_31,swell_sim_14,SWL_0014_3p_cond14_med,14,val,Swell,6,SCENARIO_CONTROLLER,three-phase,"A,B,C",1.3429,74.4,0.0554,0.1298,277,649,0.646419,1.082708,1.674932,0.8408,76.0,60.0,60.0003,15.03,0.900136,0.015366,0.006164,0.005252,0.003345,0.002587,0.002846,0.002986,0.002625,0.001511,0.001291,0.017071,0.006848,0.005835,0.003716,0.003162,0.002916,0.001434,0.000347,60.69,12.71,0.0333,6.5e-05,60.0
swell_14_32,swell_sim_14,SWL_0014_3p_cond14_med,14,val,Swell,6,SCENARIO_CONTROLLER,three-phase,"A,B,C",1.3429,74.4,0.0564,0.1308,282,654,0.64642,1.082708,1.67493,0.8407,76.0,60.0,60.0003,15.03,0.900138,0.015365,0.006164,0.005252,0.003345,0.002586,0.002845,0.002986,0.002628,0.001515,0.001297,0.01707,0.006848,0.005835,0.003716,0.003161,0.00292,0.001441,0.000347,60.69,12.71,0.0333,6.4e-05,60.0
swell_15_01,swell_sim_15,SWL_0015_3p_cond15_mild,15,train,Swell,6,SCENARIO_CONTROLLER,three-phase,"A,B,C",1.2554,82.2,0.0252,0.1074,126,537,0.654484,1.044647,1.596137,0.8458,82.6,60.0,60.0032,17.61,0.917616,0.009245,0.005554,0.0042,0.004165,0.003554,0.00347,0.003592,0.00307,0.002057,0.00177,0.010075,0.006053,0.004577,0.004539,0.003782,0.003346,0.001929,0.000206,60.63,13.61,0.021,6.7e-05,60.0
swell_15_02,swell_sim_15,SWL_0015_3p_cond15_mild,15,train,Swell,6,SCENARIO_CONTROLLER,three-phase,"A,B,C",1.2554,82.2,0.0262,0.1084,131,542,0.654488,1.044647,1.596127,0.8449,82.6,60.0,59.9998,17.58,0.917621,0.009264,0.005539,0.004187,0.00418,0.003564,0.003458,0.003585,0.00308,0.00206,0.001762,0.010096,0.006036,0.004563,0.004555,0.003768,0.003357,0.00192,0.000206,60.63,13.61,0.021,6.7e-05,60.0
swell_15_03,swell_sim_15,SWL_0015_3p_cond15_mild,15,train,Swell,6,SCENARIO_CONTROLLER,three-phase,"A,B,C",1.2554,82.2,0.0272,0.1094,136,547,0.654489,1.044647,1.596127,0.8451,82.6,60.0,59.9989,17.58,0.917621,0.009262,0.005544,0.004184,0.004177,0.003569,0.003458,0.003582,0.003084,0.002059,0.001759,0.010093,0.006042,0.00456,0.004552,0.003768,0.003361,0.001917,0.000206,60.63,13.61,0.021,6.7e-05,60.0
swell_15_04,swell_sim_15,SWL_0015_3p_cond15_mild,15,train,Swell,6,SCENARIO_CONTROLLER,three-phase,"A,B,C",1.2554,82.2,0.0282,0.1104,141,552,0.654487,1.044647,1.59613,0.8447,82.6,60.0,59.9989,17.58,0.917619,0.00926,0.005544,0.004188,0.004171,0.003574,0.003456,0.003579,0.003089,0.002051,0.001768,0.010091,0.006042,0.004564,0.004545,0.003766,0.003366,0.001927,0.000206,60.63,13.61,0.021,6.7e-05,60.0
swell_15_05,swell_sim_15,SWL_0015_3p_cond15_mild,15,train,Swell,6,SCENARIO_CONTROLLER,three-phase,"A,B,C",1.2554,82.2,0.0292,0.1114,146,557,0.654487,1.044647,1.596129,0.8441,82.6,60.0,59.9989,17.58,0.917619,0.00926,0.005543,0.00419,0.004167,0.003579,0.00345,0.003585,0.003083,0.002056,0.001765,0.010091,0.006041,0.004566,0.004541,0.00376,0.00336,0.001923,0.000206,60.63,13.61,0.021,6.7e-05,60.0
swell_15_06,swell_sim_15,SWL_0015_3p_cond15_mild,15,train,Swell,6,SCENARIO_CONTROLLER,three-phase,"A,B,C",1.2554,82.2,0.0302,0.1124,151,562,0.654482,1.044647,1.596143,0.8445,82.6,60.0,59.9989,17.58,0.917611,0.009253,0.005547,0.004188,0.004169,0.003579,0.003449,0.003588,0.003079,0.00206,0.001762,0.010084,0.006045,0.004564,0.004543,0.003759,0.003355,0.00192,0.000206,60.63,13.61,0.021,6.8e-05,60.0
swell_15_07,swell_sim_15,SWL_0015_3p_cond15_mild,15,train,Swell,6,SCENARIO_CONTROLLER,three-phase,"A,B,C",1.2554,82.2,0.0312,0.1134,156,567,0.654474,1.044647,1.596162,0.8425,82.6,60.0,59.9989,17.58,0.917599,0.009249,0.005543,0.004198,0.004154,0.003595,0.003434,0.003596,0.003087,0.002042,0.001786,0.01008,0.006041,0.004575,0.004527,0.003742,0.003364,0.001946,0.000206,60.63,13.61,0.021,6.7e-05,60.0
swell_15_08,swell_sim_15,SWL_0015_3p_cond15_mild,15,train,Swell,6,SCENARIO_CONTROLLER,three-phase,"A,B,C",1.2554,82.2,0.0322,0.1144,161,572,0.654477,1.044647,1.596155,0.8423,82.6,60.0,59.9989,17.58,0.917603,0.009243,0.005549,0.004199,0.004146,0.003605,0.00343,0.003588,0.0031,0.002039,0.001777,0.010073,0.006047,0.004576,0.004518,0.003738,0.003378,0.001937,0.000206,60.63,13.61,0.021,6.7e-05,60.0
swell_15_09,swell_sim_15,SWL_0015_3p_cond15_mild,15,train,Swell,6,SCENARIO_CONTROLLER,three-phase,"A,B,C",1.2554,82.2,0.0332,0.1154,166,577,0.654475,1.044647,1.59616,0.8423,82.6,60.0,59.9989,17.58,0.9176,0.009247,0.005545,0.004198,0.00415,0.003601,0.00343,0.003593,0.003097,0.002034,0.001783,0.010077,0.006043,0.004575,0.004523,0.003738,0.003375,0.001943,0.000206,60.63,13.61,0.021,6.7e-05,60.0
swell_15_10,swell_sim_15,SWL_0015_3p_cond15_mild,15,train,Swell,6,SCENARIO_CONTROLLER,three-phase,"A,B,C",1.2554,82.2,0.0342,0.1164,171,582,0.654472,1.044647,1.596166,0.8424,82.6,60.0,59.9989,17.58,0.917596,0.009254,0.005546,0.004189,0.00415,0.003612,0.00343,0.003581,0.003092,0.002045,0.001791,0.010085,0.006044,0.004565,0.004523,0.003738,0.00337,0.001952,0.000206,60.63,13.61,0.021,6.7e-05,60.0
swell_15_11,swell_sim_15,SWL_0015_3p_cond15_mild,15,train,Swell,6,SCENARIO_CONTROLLER,three-phase,"A,B,C",1.2554,82.2,0.0352,0.1174,176,587,0.654471,1.044647,1.59617,0.8416,82.6,60.0,60.0002,17.58,0.917593,0.009247,0.005527,0.004174,0.004155,0.00363,0.00344,0.003577,0.003079,0.002032,0.001789,0.010077,0.006023,0.004549,0.004528,0.003749,0.003356,0.00195,0.000205,60.63,13.61,0.021,6.8e-05,60.0
swell_15_12,swell_sim_15,SWL_0015_3p_cond15_mild,15,train,Swell,6,SCENARIO_CONTROLLER,three-phase,"A,B,C",1.2554,82.2,0.0362,0.1184,181,592,0.654473,1.044647,1.596165,0.842,82.6,60.0,60.0002,17.58,0.917596,0.009245,0.005529,0.004179,0.004159,0.003631,0.003438,0.003575,0.003079,0.002034,0.00179,0.010075,0.006026,0.004554,0.004532,0.003747,0.003356,0.001951,0.000205,60.63,13.61,0.021,6.7e-05,60.0
swell_15_13,swell_sim_15,SWL_0015_3p_cond15_mild,15,train,Swell,6,SCENARIO_CONTROLLER,three-phase,"A,B,C",1.2554,82.2,0.0372,0.1194,186,597,0.654473,1.044647,1.596164,0.8418,82.6,60.0,60.0002,17.58,0.917597,0.009244,0.005528,0.004178,0.004158,0.003629,0.003438,0.003575,0.003079,0.002035,0.001792,0.010074,0.006024,0.004553,0.004531,0.003747,0.003356,0.001953,0.000205,60.63,13.61,0.021,6.7e-05,60.0
swell_15_14,swell_sim_15,SWL_0015_3p_cond15_mild,15,train,Swell,6,SCENARIO_CONTROLLER,three-phase,"A,B,C",1.2554,82.2,0.0382,0.1204,191,602,0.654488,1.044647,1.596128,0.8382,82.6,60.0,60.0002,17.59,0.91762,0.009221,0.005507,0.004158,0.004139,0.003611,0.00342,0.00356,0.003068,0.002026,0.001786,0.010049,0.006001,0.004531,0.004511,0.003727,0.003343,0.001946,0.000204,60.63,13.61,0.021,6.8e-05,60.0
swell_15_15,swell_sim_15,SWL_0015_3p_cond15_mild,15,train,Swell,6,SCENARIO_CONTROLLER,three-phase,"A,B,C",1.2554,82.2,0.0392,0.1214,196,607,0.6545,1.044647,1.5961,0.8394,82.6,60.0,60.0002,17.59,0.917638,0.009211,0.005508,0.004164,0.004148,0.003622,0.003432,0.003569,0.003073,0.002027,0.001784,0.010038,0.006002,0.004538,0.00452,0.00374,0.003349,0.001944,0.000204,60.63,13.61,0.021,6.8e-05,60.0
swell_15_16,swell_sim_15,SWL_0015_3p_cond15_mild,15,train,Swell,6,SCENARIO_CONTROLLER,three-phase,"A,B,C",1.2554,82.2,0.0402,0.1224,201,612,0.654495,1.044647,1.59611,0.8386,82.6,60.0,60.0002,17.59,0.917631,0.009212,0.005504,0.004157,0.004141,0.003618,0.003432,0.003575,0.003081,0.002032,0.001784,0.010039,0.005998,0.00453,0.004513,0.00374,0.003358,0.001944,0.000204,60.63,13.61,0.021,6.8e-05,60.0
swell_15_17,swell_sim_15,SWL_0015_3p_cond15_mild,15,train,Swell,6,SCENARIO_CONTROLLER,three-phase,"A,B,C",1.2554,82.2,0.0412,0.1234,206,617,0.654503,1.044647,1.59609,0.8389,82.6,60.0,60.0002,17.59,0.917643,0.009226,0.005516,0.004153,0.004127,0.003609,0.003437,0.003588,0.003082,0.002023,0.001776,0.010054,0.006011,0.004526,0.004497,0.003745,0.003359,0.001935,0.000204,60.63,13.61,0.021,6.9e-05,60.0
swell_15_18,swell_sim_15,SWL_0015_3p_cond15_mild,15,train,Swell,6,SCENARIO_CONTROLLER,three-phase,"A,B,C",1.2554,82.2,0.0422,0.1244,211,622,0.654504,1.044647,1.596089,0.838,82.6,60.0,60.0002,17.59,0.917643,0.009234,0.005503,0.004147,0.004143,0.003617,0.003418,0.003578,0.003107,0.002028,0.00175,0.010063,0.005997,0.004519,0.004515,0.003725,0.003386,0.001907,0.000204,60.63,13.62,0.021,6.9e-05,60.0
swell_15_19,swell_sim_15,SWL_0015_3p_cond15_mild,15,train,Swell,6,SCENARIO_CONTROLLER,three-phase,"A,B,C",1.2554,82.2,0.0432,0.1254,216,627,0.654503,1.044647,1.596092,0.8386,82.6,60.0,60.0037,17.6,0.917642,0.009225,0.005514,0.004148,0.004134,0.003619,0.003424,0.003576,0.003103,0.00203,0.001756,0.010053,0.006009,0.00452,0.004505,0.003731,0.003381,0.001914,0.000204,60.63,13.62,0.021,7e-05,60.0
swell_15_20,swell_sim_15,SWL_0015_3p_cond15_mild,15,train,Swell,6,SCENARIO_CONTROLLER,three-phase,"A,B,C",1.2554,82.2,0.0442,0.1264,221,632,0.654503,1.044647,1.59609,0.8388,82.6,60.0,60.0037,17.6,0.917643,0.009224,0.005517,0.004145,0.004134,0.003621,0.003423,0.003575,0.003104,0.002029,0.001754,0.010052,0.006012,0.004517,0.004505,0.00373,0.003383,0.001911,0.000204,60.63,13.62,0.021,7e-05,60.0
swell_15_21,swell_sim_15,SWL_0015_3p_cond15_mild,15,train,Swell,6,SCENARIO_CONTROLLER,three-phase,"A,B,C",1.2554,82.2,0.0452,0.1274,226,637,0.654506,1.044647,1.596085,0.8389,82.6,60.0,60.0037,17.6,0.917647,0.009229,0.005512,0.004148,0.004135,0.003615,0.003432,0.003565,0.003115,0.002022,0.001755,0.010057,0.006007,0.00452,0.004506,0.00374,0.003395,0.001913,0.000204,60.63,13.62,0.021,7e-05,60.0
swell_15_22,swell_sim_15,SWL_0015_3p_cond15_mild,15,train,Swell,6,SCENARIO_CONTROLLER,three-phase,"A,B,C",1.2554,82.2,0.0462,0.1284,231,642,0.654496,1.044647,1.596108,0.8414,82.6,60.0,60.0037,17.6,0.917632,0.009211,0.005531,0.004131,0.004149,0.003606,0.003436,0.003563,0.003118,0.002023,0.001752,0.010038,0.006027,0.004502,0.004521,0.003744,0.003398,0.001909,0.000204,60.63,13.62,0.021,7.1e-05,60.0
swell_15_23,swell_sim_15,SWL_0015_3p_cond15_mild,15,train,Swell,6,SCENARIO_CONTROLLER,three-phase,"A,B,C",1.2554,82.2,0.0472,0.1294,236,647,0.654505,1.044647,1.596087,0.8407,82.6,60.0,60.0037,17.6,0.917645,0.009222,0.005524,0.004136,0.004146,0.003607,0.003436,0.00356,0.003125,0.002016,0.00176,0.01005,0.00602,0.004507,0.004518,0.003744,0.003405,0.001918,0.000204,60.63,13.62,0.021,7e-05,60.0
swell_15_24,swell_sim_15,SWL_0015_3p_cond15_mild,15,train,Swell,6,SCENARIO_CONTROLLER,three-phase,"A,B,C",1.2554,82.2,0.0482,0.1304,241,652,0.654511,1.044647,1.596073,0.842,82.6,60.0,60.0037,17.6,0.917654,0.009227,0.005526,0.00413,0.004156,0.003594,0.003449,0.003553,0.00312,0.002028,0.001743,0.010055,0.006022,0.004501,0.004529,0.003758,0.0034,0.001899,0.000204,60.63,13.62,0.021,7e-05,60.0
swell_15_25,swell_sim_15,SWL_0015_3p_cond15_mild,15,train,Swell,6,SCENARIO_CONTROLLER,three-phase,"A,B,C",1.2554,82.2,0.0492,0.1314,246,657,0.654509,1.044647,1.596077,0.842,82.6,60.0,60.0037,17.6,0.917651,0.009228,0.005523,0.004132,0.004156,0.003592,0.003452,0.003552,0.003117,0.002031,0.001742,0.010056,0.006019,0.004503,0.004529,0.003762,0.003397,0.001898,0.000204,60.63,13.62,0.021,7e-05,60.0
swell_15_26,swell_sim_15,SWL_0015_3p_cond15_mild,15,train,Swell,6,SCENARIO_CONTROLLER,three-phase,"A,B,C",1.2554,82.2,0.0502,0.1324,251,662,0.654509,1.044647,1.596078,0.8417,82.6,60.0,60.0037,17.6,0.917651,0.009225,0.005518,0.004136,0.004162,0.003584,0.003448,0.003562,0.003123,0.002019,0.00174,0.010053,0.006013,0.004507,0.004535,0.003757,0.003403,0.001896,0.000204,60.63,13.62,0.021,7e-05,60.0
swell_15_27,swell_sim_15,SWL_0015_3p_cond15_mild,15,train,Swell,6,SCENARIO_CONTROLLER,three-phase,"A,B,C",1.2554,82.2,0.0512,0.1334,256,667,0.654507,1.044647,1.596083,0.8423,82.6,60.0,60.0025,17.59,0.917649,0.009236,0.005529,0.004131,0.004152,0.003586,0.003456,0.003563,0.003119,0.002016,0.00174,0.010065,0.006025,0.004502,0.004525,0.003766,0.003399,0.001896,0.000204,60.63,13.62,0.021,6.9e-05,60.0
swell_15_28,swell_sim_15,SWL_0015_3p_cond15_mild,15,train,Swell,6,SCENARIO_CONTROLLER,three-phase,"A,B,C",1.2554,82.2,0.0522,0.1344,261,672,0.654505,1.044647,1.596086,0.8425,82.6,60.0,60.0023,17.59,0.917647,0.009245,0.005541,0.004132,0.004137,0.00357,0.003459,0.003583,0.003142,0.002024,0.001726,0.010075,0.006038,0.004503,0.004508,0.003769,0.003424,0.001881,0.000205,60.63,13.62,0.021,6.9e-05,60.0
swell_15_29,swell_sim_15,SWL_0015_3p_cond15_mild,15,train,Swell,6,SCENARIO_CONTROLLER,three-phase,"A,B,C",1.2554,82.2,0.0532,0.1354,266,677,0.654502,1.044647,1.596094,0.8426,82.6,60.0,60.0023,17.59,0.917642,0.009252,0.00555,0.00414,0.004139,0.003562,0.003442,0.003564,0.003123,0.002013,0.001726,0.010082,0.006048,0.004512,0.00451,0.003751,0.003403,0.001881,0.000205,60.63,13.63,0.021,6.9e-05,60.0
swell_15_30,swell_sim_15,SWL_0015_3p_cond15_mild,15,train,Swell,6,SCENARIO_CONTROLLER,three-phase,"A,B,C",1.2554,82.2,0.0542,0.1364,271,682,0.654495,1.044647,1.596112,0.8436,82.6,60.0,60.0023,17.59,0.91763,0.009266,0.005563,0.004149,0.004144,0.003561,0.003436,0.003555,0.003114,0.002002,0.001715,0.010098,0.006062,0.004521,0.004516,0.003744,0.003394,0.001869,0.000205,60.63,13.63,0.021,7e-05,60.0
swell_15_31,swell_sim_15,SWL_0015_3p_cond15_mild,15,train,Swell,6,SCENARIO_CONTROLLER,three-phase,"A,B,C",1.2554,82.2,0.0552,0.1374,276,687,0.654494,1.044647,1.596113,0.8448,82.6,60.0,60.0023,17.59,0.917629,0.009268,0.005567,0.004155,0.004151,0.003569,0.003445,0.003565,0.003124,0.002011,0.001722,0.0101,0.006067,0.004528,0.004524,0.003754,0.003404,0.001877,0.000205,60.63,13.62,0.021,6.8e-05,60.0
swell_15_32,swell_sim_15,SWL_0015_3p_cond15_mild,15,train,Swell,6,SCENARIO_CONTROLLER,three-phase,"A,B,C",1.2554,82.2,0.0562,0.1384,281,692,0.654502,1.044647,1.596094,0.8459,82.6,60.0,60.0023,17.59,0.917641,0.009264,0.005572,0.004163,0.00416,0.003577,0.00345,0.003567,0.003122,0.002009,0.001722,0.010095,0.006072,0.004537,0.004533,0.00376,0.003402,0.001877,0.000206,60.63,13.62,0.021,6.8e-05,60.0
swell_16_01,swell_sim_16,SWL_0016_3p_cond16_high,16,train,Swell,6,SCENARIO_CONTROLLER,three-phase,"A,B,C",1.3711,74.4,0.0254,0.0998,127,499,0.664697,1.12788,1.696833,0.8544,75.4,60.0,59.9968,14.27,0.922986,0.016351,0.006342,0.005741,0.003621,0.002808,0.002976,0.003152,0.002682,0.001671,0.001448,0.017715,0.006871,0.00622,0.003923,0.003224,0.002906,0.001569,0.000392,60.75,13.2,0.038,7.1e-05,60.0
swell_16_02,swell_sim_16,SWL_0016_3p_cond16_high,16,train,Swell,6,SCENARIO_CONTROLLER,three-phase,"A,B,C",1.3711,74.4,0.0264,0.1008,132,504,0.664698,1.12788,1.696831,0.854,75.4,60.0,59.9984,14.28,0.922988,0.016357,0.006337,0.005737,0.003628,0.002813,0.002969,0.00315,0.002689,0.00167,0.00144,0.017722,0.006866,0.006216,0.003931,0.003217,0.002913,0.00156,0.000393,60.75,13.2,0.038,7e-05,60.0
swell_16_03,swell_sim_16,SWL_0016_3p_cond16_high,16,train,Swell,6,SCENARIO_CONTROLLER,three-phase,"A,B,C",1.3711,74.4,0.0274,0.1018,137,509,0.664697,1.12788,1.696831,0.8542,75.4,60.0,60.0031,14.3,0.922987,0.016353,0.006342,0.005735,0.003624,0.002819,0.002967,0.003143,0.002698,0.001667,0.001436,0.017717,0.006871,0.006214,0.003926,0.003215,0.002923,0.001556,0.000392,60.75,13.2,0.038,6.9e-05,60.0
swell_16_04,swell_sim_16,SWL_0016_3p_cond16_high,16,train,Swell,6,SCENARIO_CONTROLLER,three-phase,"A,B,C",1.3711,74.4,0.0284,0.1028,142,514,0.664697,1.12788,1.696834,0.8539,75.4,60.0,60.0031,14.3,0.922986,0.016355,0.00634,0.005742,0.003617,0.002818,0.002973,0.003133,0.002708,0.001665,0.001433,0.01772,0.006869,0.006221,0.003919,0.003221,0.002934,0.001553,0.000392,60.75,13.2,0.038,6.9e-05,60.0
swell_16_05,swell_sim_16,SWL_0016_3p_cond16_high,16,train,Swell,6,SCENARIO_CONTROLLER,three-phase,"A,B,C",1.3711,74.4,0.0294,0.1038,147,519,0.664689,1.12788,1.696852,0.8552,75.4,60.0,60.0031,14.3,0.922973,0.016343,0.006354,0.005734,0.003624,0.002823,0.002966,0.003145,0.002698,0.001678,0.00142,0.017707,0.006884,0.006213,0.003926,0.003214,0.002923,0.001539,0.000392,60.75,13.19,0.038,7e-05,60.0
swell_16_06,swell_sim_16,SWL_0016_3p_cond16_high,16,train,Swell,6,SCENARIO_CONTROLLER,three-phase,"A,B,C",1.3711,74.4,0.0304,0.1048,152,524,0.664691,1.12788,1.696848,0.8548,75.4,60.0,60.0031,14.3,0.922976,0.016346,0.006352,0.005736,0.003622,0.002825,0.002964,0.003147,0.002693,0.001682,0.001414,0.01771,0.006882,0.006215,0.003924,0.003211,0.002918,0.001532,0.000392,60.75,13.2,0.038,7.1e-05,60.0
swell_16_07,swell_sim_16,SWL_0016_3p_cond16_high,16,train,Swell,6,SCENARIO_CONTROLLER,three-phase,"A,B,C",1.3711,74.4,0.0314,0.1058,157,529,0.664696,1.12788,1.696835,0.8555,75.4,60.0,60.0031,14.3,0.922984,0.01635,0.006357,0.005731,0.003627,0.002822,0.002964,0.00315,0.002692,0.001682,0.001419,0.017714,0.006887,0.006209,0.00393,0.003211,0.002917,0.001537,0.000392,60.75,13.2,0.038,7.1e-05,60.0
swell_16_08,swell_sim_16,SWL_0016_3p_cond16_high,16,train,Swell,6,SCENARIO_CONTROLLER,three-phase,"A,B,C",1.3711,74.4,0.0324,0.1068,162,534,0.664696,1.12788,1.696835,0.8557,75.4,60.0,60.0031,14.3,0.922984,0.016352,0.006358,0.005727,0.003632,0.002818,0.002959,0.003158,0.00269,0.001679,0.001428,0.017716,0.006889,0.006205,0.003935,0.003206,0.002914,0.001547,0.000393,60.75,13.19,0.038,6.9e-05,60.0
swell_16_09,swell_sim_16,SWL_0016_3p_cond16_high,16,train,Swell,6,SCENARIO_CONTROLLER,three-phase,"A,B,C",1.3711,74.4,0.0334,0.1078,167,539,0.664699,1.12788,1.696827,0.8558,75.4,60.0,60.0031,14.3,0.922989,0.01635,0.006365,0.005725,0.003621,0.00283,0.002961,0.003144,0.002693,0.001689,0.001414,0.017714,0.006896,0.006203,0.003923,0.003208,0.002918,0.001532,0.000392,60.75,13.19,0.038,6.7e-05,60.0
swell_16_10,swell_sim_16,SWL_0016_3p_cond16_high,16,train,Swell,6,SCENARIO_CONTROLLER,three-phase,"A,B,C",1.3711,74.4,0.0344,0.1088,172,544,0.6647,1.12788,1.696826,0.8558,75.4,60.0,60.0031,14.3,0.922989,0.016349,0.006364,0.005725,0.003621,0.002832,0.002963,0.003141,0.002687,0.001693,0.001422,0.017713,0.006895,0.006203,0.003923,0.00321,0.002911,0.001541,0.000392,60.75,13.19,0.038,6.9e-05,60.0
swell_16_11,swell_sim_16,SWL_0016_3p_cond16_high,16,train,Swell,6,SCENARIO_CONTROLLER,three-phase,"A,B,C",1.3711,74.4,0.0354,0.1098,177,549,0.664701,1.12788,1.696823,0.8556,75.4,60.0,59.9995,14.29,0.922991,0.016347,0.006362,0.00573,0.003628,0.002829,0.002954,0.003134,0.002686,0.001704,0.001429,0.017711,0.006893,0.006208,0.003931,0.0032,0.00291,0.001548,0.000392,60.75,13.19,0.038,6.9e-05,60.0
swell_16_12,swell_sim_16,SWL_0016_3p_cond16_high,16,train,Swell,6,SCENARIO_CONTROLLER,three-phase,"A,B,C",1.3711,74.4,0.0364,0.1108,182,554,0.664704,1.12788,1.696814,0.856,75.4,60.0,59.9995,14.29,0.922998,0.016347,0.006361,0.005741,0.003639,0.002831,0.002953,0.003129,0.002683,0.001703,0.00143,0.017711,0.006892,0.00622,0.003943,0.003199,0.002907,0.001549,0.000393,60.75,13.19,0.038,6.9e-05,60.0
swell_16_13,swell_sim_16,SWL_0016_3p_cond16_high,16,train,Swell,6,SCENARIO_CONTROLLER,three-phase,"A,B,C",1.3711,74.4,0.0374,0.1118,187,559,0.664704,1.12788,1.696814,0.8561,75.4,60.0,59.9995,14.29,0.922998,0.016347,0.006362,0.005741,0.00364,0.002831,0.002952,0.003128,0.002682,0.001701,0.001427,0.017711,0.006893,0.00622,0.003944,0.003198,0.002906,0.001546,0.000393,60.75,13.18,0.038,6.9e-05,60.0
swell_16_14,swell_sim_16,SWL_0016_3p_cond16_high,16,train,Swell,6,SCENARIO_CONTROLLER,three-phase,"A,B,C",1.3711,74.4,0.0384,0.1128,192,564,0.664703,1.12788,1.696818,0.8564,75.4,60.0,59.9995,14.29,0.922995,0.01635,0.006364,0.005743,0.003642,0.002832,0.002952,0.003127,0.002682,0.001698,0.001425,0.017714,0.006895,0.006222,0.003946,0.003198,0.002906,0.001544,0.000393,60.75,13.19,0.038,6.8e-05,60.0
swell_16_15,swell_sim_16,SWL_0016_3p_cond16_high,16,train,Swell,6,SCENARIO_CONTROLLER,three-phase,"A,B,C",1.3711,74.4,0.0394,0.1138,197,569,0.664722,1.12788,1.696768,0.8598,75.4,60.0,59.9995,14.29,0.923026,0.016328,0.006376,0.005757,0.003668,0.002856,0.002981,0.003153,0.00269,0.001707,0.001419,0.01769,0.006908,0.006237,0.003974,0.00323,0.002914,0.001537,0.000393,60.75,13.19,0.038,6.8e-05,60.0
swell_16_16,swell_sim_16,SWL_0016_3p_cond16_high,16,train,Swell,6,SCENARIO_CONTROLLER,three-phase,"A,B,C",1.3711,74.4,0.0404,0.1148,202,574,0.664724,1.12788,1.696763,0.8596,75.4,60.0,59.9995,14.29,0.923029,0.01633,0.00638,0.005758,0.003662,0.002847,0.002974,0.003152,0.002701,0.001718,0.001424,0.017692,0.006912,0.006238,0.003967,0.003222,0.002926,0.001543,0.000393,60.75,13.19,0.038,6.8e-05,60.0
swell_16_17,swell_sim_16,SWL_0016_3p_cond16_high,16,train,Swell,6,SCENARIO_CONTROLLER,three-phase,"A,B,C",1.3711,74.4,0.0414,0.1158,207,579,0.664725,1.12788,1.696762,0.8596,75.4,60.0,59.9995,14.29,0.92303,0.016332,0.00638,0.005756,0.003659,0.002846,0.002977,0.003156,0.002698,0.001714,0.001421,0.017694,0.006912,0.006236,0.003964,0.003225,0.002923,0.001539,0.000393,60.75,13.18,0.038,6.8e-05,60.0
swell_16_18,swell_sim_16,SWL_0016_3p_cond16_high,16,train,Swell,6,SCENARIO_CONTROLLER,three-phase,"A,B,C",1.3711,74.4,0.0424,0.1168,212,584,0.664719,1.12788,1.696777,0.8605,75.4,60.0,59.9995,14.29,0.923022,0.016309,0.006394,0.005776,0.003648,0.002827,0.002981,0.003172,0.00269,0.001701,0.001426,0.017669,0.006927,0.006258,0.003952,0.00323,0.002914,0.001545,0.000393,60.75,13.18,0.038,6.8e-05,60.0
swell_16_19,swell_sim_16,SWL_0016_3p_cond16_high,16,train,Swell,6,SCENARIO_CONTROLLER,three-phase,"A,B,C",1.3711,74.4,0.0434,0.1178,217,589,0.66472,1.12788,1.696774,0.86,75.4,60.0,59.9959,14.27,0.923023,0.016315,0.006388,0.005773,0.003655,0.002829,0.002974,0.003174,0.002694,0.001694,0.001425,0.017676,0.006921,0.006254,0.00396,0.003222,0.002919,0.001544,0.000393,60.75,13.19,0.038,6.9e-05,60.0
swell_16_20,swell_sim_16,SWL_0016_3p_cond16_high,16,train,Swell,6,SCENARIO_CONTROLLER,three-phase,"A,B,C",1.3711,74.4,0.0444,0.1188,222,594,0.664721,1.12788,1.69677,0.8604,75.4,60.0,59.9959,14.28,0.923027,0.016311,0.006394,0.005762,0.003663,0.002837,0.002964,0.00318,0.002691,0.001687,0.001433,0.017671,0.006927,0.006243,0.003968,0.003211,0.002915,0.001553,0.000393,60.75,13.19,0.0379,6.9e-05,60.0
swell_16_21,swell_sim_16,SWL_0016_3p_cond16_high,16,train,Swell,6,SCENARIO_CONTROLLER,three-phase,"A,B,C",1.3711,74.4,0.0454,0.1198,227,599,0.664718,1.12788,1.696778,0.8605,75.4,60.0,59.9959,14.28,0.923022,0.016308,0.006398,0.005764,0.003659,0.002842,0.002959,0.003181,0.002692,0.001683,0.001437,0.017668,0.006932,0.006245,0.003964,0.003206,0.002917,0.001557,0.000393,60.75,13.19,0.038,6.9e-05,60.0
swell_16_22,swell_sim_16,SWL_0016_3p_cond16_high,16,train,Swell,6,SCENARIO_CONTROLLER,three-phase,"A,B,C",1.3711,74.4,0.0464,0.1208,232,604,0.664727,1.12788,1.696757,0.8587,75.4,60.0,59.9959,14.28,0.923035,0.016322,0.006387,0.005776,0.003649,0.002851,0.002952,0.003187,0.002688,0.001685,0.001437,0.017683,0.00692,0.006258,0.003953,0.003198,0.002912,0.001557,0.000393,60.75,13.19,0.0379,6.9e-05,60.0
swell_16_23,swell_sim_16,SWL_0016_3p_cond16_high,16,train,Swell,6,SCENARIO_CONTROLLER,three-phase,"A,B,C",1.3711,74.4,0.0474,0.1218,237,609,0.664725,1.12788,1.69676,0.8593,75.4,60.0,59.9959,14.28,0.923033,0.016319,0.00639,0.005772,0.003652,0.002846,0.002956,0.003183,0.002687,0.001685,0.001433,0.01768,0.006923,0.006253,0.003957,0.003202,0.002911,0.001552,0.000393,60.75,13.19,0.0379,6.9e-05,60.0
swell_16_24,swell_sim_16,SWL_0016_3p_cond16_high,16,train,Swell,6,SCENARIO_CONTROLLER,three-phase,"A,B,C",1.3711,74.4,0.0484,0.1228,242,614,0.664722,1.12788,1.69677,0.859,75.4,60.0,59.9959,14.28,0.923028,0.01632,0.006382,0.005778,0.003653,0.002843,0.002966,0.003173,0.002688,0.001688,0.001423,0.017681,0.006914,0.00626,0.003958,0.003213,0.002912,0.001542,0.000393,60.75,13.19,0.0379,6.9e-05,60.0
swell_16_25,swell_sim_16,SWL_0016_3p_cond16_high,16,train,Swell,6,SCENARIO_CONTROLLER,three-phase,"A,B,C",1.3711,74.4,0.0494,0.1238,247,619,0.664721,1.12788,1.696771,0.859,75.4,60.0,59.9959,14.28,0.923027,0.016318,0.00638,0.005782,0.003652,0.002842,0.002971,0.003168,0.002683,0.001696,0.001419,0.017679,0.006912,0.006264,0.003957,0.003219,0.002907,0.001537,0.000393,60.75,13.19,0.0379,6.9e-05,60.0
swell_16_26,swell_sim_16,SWL_0016_3p_cond16_high,16,train,Swell,6,SCENARIO_CONTROLLER,three-phase,"A,B,C",1.3711,74.4,0.0504,0.1248,252,624,0.664718,1.12788,1.696779,0.8593,75.4,60.0,59.9959,14.28,0.923022,0.016329,0.006386,0.005771,0.003649,0.002852,0.002971,0.003159,0.002681,0.001705,0.001419,0.017691,0.006919,0.006252,0.003953,0.003219,0.002905,0.001537,0.000393,60.75,13.19,0.0379,7e-05,60.0
swell_16_27,swell_sim_16,SWL_0016_3p_cond16_high,16,train,Swell,6,SCENARIO_CONTROLLER,three-phase,"A,B,C",1.3711,74.4,0.0514,0.1258,257,629,0.664718,1.12788,1.69678,0.8592,75.4,60.0,59.9962,14.28,0.923022,0.016328,0.006384,0.00577,0.00365,0.002853,0.00297,0.003157,0.00268,0.001706,0.00142,0.01769,0.006916,0.006251,0.003954,0.003218,0.002904,0.001538,0.000393,60.75,13.19,0.0379,7e-05,60.0
swell_16_28,swell_sim_16,SWL_0016_3p_cond16_high,16,train,Swell,6,SCENARIO_CONTROLLER,three-phase,"A,B,C",1.3711,74.4,0.0524,0.1268,262,634,0.664716,1.12788,1.696784,0.8589,75.4,60.0,59.9997,14.29,0.923018,0.016325,0.006379,0.005759,0.003642,0.00286,0.002981,0.003164,0.002683,0.001697,0.001409,0.017687,0.006911,0.006239,0.003946,0.00323,0.002907,0.001527,0.000393,60.75,13.19,0.038,6.9e-05,60.0
swell_16_29,swell_sim_16,SWL_0016_3p_cond16_high,16,train,Swell,6,SCENARIO_CONTROLLER,three-phase,"A,B,C",1.3711,74.4,0.0534,0.1278,267,639,0.664718,1.12788,1.696778,0.8588,75.4,60.0,59.9997,14.29,0.923023,0.016322,0.006375,0.005759,0.003644,0.002866,0.002987,0.003169,0.002688,0.001698,0.001408,0.017683,0.006907,0.006239,0.003948,0.003236,0.002912,0.001525,0.000393,60.75,13.19,0.0379,6.8e-05,60.0
swell_16_30,swell_sim_16,SWL_0016_3p_cond16_high,16,train,Swell,6,SCENARIO_CONTROLLER,three-phase,"A,B,C",1.3711,74.4,0.0544,0.1288,272,644,0.664716,1.12788,1.696783,0.8596,75.4,60.0,59.9997,14.29,0.923019,0.016326,0.006378,0.005764,0.003648,0.002872,0.002993,0.003175,0.002695,0.001704,0.001414,0.017688,0.00691,0.006245,0.003952,0.003243,0.00292,0.001532,0.000393,60.75,13.19,0.038,6.8e-05,60.0
swell_16_31,swell_sim_16,SWL_0016_3p_cond16_high,16,train,Swell,6,SCENARIO_CONTROLLER,three-phase,"A,B,C",1.3711,74.4,0.0554,0.1298,277,649,0.664707,1.12788,1.696807,0.8608,75.4,60.0,59.9997,14.29,0.923004,0.016341,0.006386,0.005774,0.003654,0.002881,0.002999,0.003182,0.002698,0.001709,0.001418,0.017704,0.006919,0.006256,0.003959,0.003249,0.002923,0.001536,0.000394,60.75,13.19,0.038,6.8e-05,60.0
swell_16_32,swell_sim_16,SWL_0016_3p_cond16_high,16,train,Swell,6,SCENARIO_CONTROLLER,three-phase,"A,B,C",1.3711,74.4,0.0564,0.1308,282,654,0.664711,1.12788,1.696798,0.8613,75.4,60.0,59.9997,14.29,0.92301,0.016335,0.006386,0.005774,0.003658,0.002884,0.003006,0.003191,0.002706,0.001717,0.001422,0.017698,0.006919,0.006256,0.003963,0.003257,0.002932,0.001541,0.000394,60.75,13.19,0.038,6.9e-05,60.0
swell_17_01,swell_sim_17,SWL_0017_3p_cond17_mild,17,train,Swell,6,SCENARIO_CONTROLLER,three-phase,"A,B,C",1.1769,81.0,0.0252,0.1062,126,531,0.625016,0.968893,1.550189,0.5719,83.2,60.0,60.0007,21.26,0.880614,0.004833,0.003422,0.002726,0.003221,0.002172,0.001811,0.001776,0.001668,0.001419,0.000963,0.005488,0.003886,0.003096,0.003658,0.002057,0.001894,0.001094,7e-05,60.25,9.08,0.0099,3.8e-05,60.0
swell_17_02,swell_sim_17,SWL_0017_3p_cond17_mild,17,train,Swell,6,SCENARIO_CONTROLLER,three-phase,"A,B,C",1.1769,81.0,0.0262,0.1072,131,536,0.625018,0.968893,1.550184,0.5719,83.2,60.0,60.0007,21.26,0.880617,0.004828,0.003424,0.00273,0.003217,0.00217,0.001814,0.001778,0.001664,0.001418,0.000966,0.005483,0.003888,0.0031,0.003653,0.00206,0.00189,0.001097,7e-05,60.25,9.08,0.0099,3.8e-05,60.0
swell_17_03,swell_sim_17,SWL_0017_3p_cond17_mild,17,train,Swell,6,SCENARIO_CONTROLLER,three-phase,"A,B,C",1.1769,81.0,0.0272,0.1082,136,541,0.625021,0.968893,1.550177,0.5721,83.2,60.0,60.0007,21.26,0.880621,0.004826,0.003428,0.002727,0.003218,0.002172,0.001811,0.001779,0.001666,0.001416,0.000967,0.00548,0.003893,0.003097,0.003654,0.002057,0.001892,0.001098,7e-05,60.25,9.08,0.0099,3.9e-05,60.0
swell_17_04,swell_sim_17,SWL_0017_3p_cond17_mild,17,train,Swell,6,SCENARIO_CONTROLLER,three-phase,"A,B,C",1.1769,81.0,0.0282,0.1092,141,546,0.625017,0.968893,1.550187,0.5715,83.2,60.0,60.0007,21.26,0.880615,0.004826,0.003425,0.002733,0.003212,0.002177,0.001811,0.001774,0.001673,0.001408,0.000972,0.00548,0.003889,0.003104,0.003647,0.002057,0.0019,0.001104,7e-05,60.25,9.08,0.0099,3.8e-05,60.0
swell_17_05,swell_sim_17,SWL_0017_3p_cond17_mild,17,train,Swell,6,SCENARIO_CONTROLLER,three-phase,"A,B,C",1.1769,81.0,0.0292,0.1102,146,551,0.625024,0.968893,1.550169,0.5689,83.2,60.0,60.0007,21.26,0.880626,0.004839,0.003412,0.002746,0.003198,0.002191,0.001797,0.001787,0.001659,0.001423,0.000957,0.005495,0.003875,0.003118,0.003632,0.002041,0.001884,0.001087,7e-05,60.25,9.07,0.0099,3.8e-05,60.0
swell_17_06,swell_sim_17,SWL_0017_3p_cond17_mild,17,train,Swell,6,SCENARIO_CONTROLLER,three-phase,"A,B,C",1.1769,81.0,0.0302,0.1112,151,556,0.625019,0.968893,1.550183,0.57,83.2,60.0,60.0007,21.26,0.880618,0.004827,0.003422,0.002736,0.003202,0.002189,0.001798,0.001787,0.001654,0.00143,0.000947,0.005481,0.003886,0.003107,0.003636,0.002042,0.001878,0.001075,7e-05,60.25,9.07,0.0099,3.8e-05,60.0
swell_17_07,swell_sim_17,SWL_0017_3p_cond17_mild,17,train,Swell,6,SCENARIO_CONTROLLER,three-phase,"A,B,C",1.1769,81.0,0.0312,0.1122,156,561,0.625018,0.968893,1.550185,0.57,83.2,60.0,60.0007,21.26,0.880617,0.004825,0.003423,0.002735,0.003202,0.002189,0.001797,0.00179,0.00165,0.001435,0.000943,0.005479,0.003887,0.003106,0.003636,0.002041,0.001874,0.001071,7e-05,60.25,9.08,0.0099,3.8e-05,60.0
swell_17_08,swell_sim_17,SWL_0017_3p_cond17_mild,17,train,Swell,6,SCENARIO_CONTROLLER,three-phase,"A,B,C",1.1769,81.0,0.0322,0.1132,161,566,0.625018,0.968893,1.550186,0.5696,83.2,60.0,59.9984,21.24,0.880617,0.004826,0.003414,0.002743,0.003203,0.002183,0.001803,0.001787,0.001648,0.001437,0.000942,0.00548,0.003877,0.003115,0.003637,0.002047,0.001871,0.00107,7e-05,60.25,9.08,0.0099,3.8e-05,60.0
swell_17_09,swell_sim_17,SWL_0017_3p_cond17_mild,17,train,Swell,6,SCENARIO_CONTROLLER,three-phase,"A,B,C",1.1769,81.0,0.0332,0.1142,166,571,0.625015,0.968893,1.550192,0.5698,83.2,60.0,59.9984,21.24,0.880612,0.004818,0.00342,0.002748,0.003195,0.002182,0.00181,0.001784,0.001644,0.001441,0.000942,0.005471,0.003884,0.003121,0.003628,0.002055,0.001867,0.00107,7e-05,60.25,9.07,0.0099,3.8e-05,60.0
swell_17_10,swell_sim_17,SWL_0017_3p_cond17_mild,17,train,Swell,6,SCENARIO_CONTROLLER,three-phase,"A,B,C",1.1769,81.0,0.0342,0.1152,171,576,0.625013,0.968893,1.550196,0.5698,83.2,60.0,59.9984,21.24,0.880609,0.004813,0.003419,0.002751,0.003197,0.002179,0.001809,0.001786,0.001645,0.00144,0.000942,0.005466,0.003883,0.003124,0.00363,0.002054,0.001868,0.00107,7e-05,60.25,9.07,0.0099,3.8e-05,60.0
swell_17_11,swell_sim_17,SWL_0017_3p_cond17_mild,17,train,Swell,6,SCENARIO_CONTROLLER,three-phase,"A,B,C",1.1769,81.0,0.0352,0.1162,176,581,0.625003,0.968893,1.550222,0.5693,83.2,60.0,59.9984,21.24,0.880594,0.004803,0.003402,0.002745,0.003203,0.002195,0.001816,0.001775,0.00163,0.001435,0.000951,0.005454,0.003863,0.003117,0.003637,0.002062,0.001851,0.00108,6.9e-05,60.25,9.07,0.0099,3.8e-05,60.0
swell_17_12,swell_sim_17,SWL_0017_3p_cond17_mild,17,train,Swell,6,SCENARIO_CONTROLLER,three-phase,"A,B,C",1.1769,81.0,0.0362,0.1172,181,586,0.625004,0.968893,1.55022,0.5692,83.2,60.0,59.9984,21.24,0.880595,0.004805,0.003406,0.002747,0.003202,0.002189,0.001807,0.001772,0.001633,0.001445,0.000963,0.005457,0.003868,0.003119,0.003636,0.002052,0.001854,0.001094,6.9e-05,60.25,9.06,0.0099,3.7e-05,60.0
swell_17_13,swell_sim_17,SWL_0017_3p_cond17_mild,17,train,Swell,6,SCENARIO_CONTROLLER,three-phase,"A,B,C",1.1769,81.0,0.0372,0.1182,186,591,0.625007,0.968893,1.550212,0.5674,83.2,60.0,59.9984,21.24,0.8806,0.004798,0.003397,0.002737,0.003191,0.002178,0.0018,0.00177,0.001634,0.001452,0.000975,0.005449,0.003858,0.003108,0.003624,0.002044,0.001856,0.001107,6.9e-05,60.25,9.07,0.0099,3.7e-05,60.0
swell_17_14,swell_sim_17,SWL_0017_3p_cond17_mild,17,train,Swell,6,SCENARIO_CONTROLLER,three-phase,"A,B,C",1.1769,81.0,0.0382,0.1192,191,596,0.625011,0.968893,1.550202,0.5665,83.2,60.0,59.9984,21.24,0.880605,0.00479,0.003391,0.002731,0.003187,0.002175,0.001797,0.001768,0.001634,0.001453,0.000977,0.005439,0.003851,0.003101,0.003619,0.002041,0.001856,0.001109,6.9e-05,60.25,9.08,0.0099,3.9e-05,60.0
swell_17_15,swell_sim_17,SWL_0017_3p_cond17_mild,17,train,Swell,6,SCENARIO_CONTROLLER,three-phase,"A,B,C",1.1769,81.0,0.0392,0.1202,196,601,0.625015,0.968893,1.550192,0.5669,83.2,60.0,59.9984,21.24,0.880611,0.004781,0.003388,0.002731,0.003193,0.002182,0.001803,0.001772,0.001636,0.001453,0.000977,0.005429,0.003847,0.003101,0.003626,0.002047,0.001858,0.001109,6.9e-05,60.25,9.08,0.0099,3.8e-05,60.0
swell_17_16,swell_sim_17,SWL_0017_3p_cond17_mild,17,train,Swell,6,SCENARIO_CONTROLLER,three-phase,"A,B,C",1.1769,81.0,0.0402,0.1212,201,606,0.625013,0.968893,1.550196,0.5659,83.2,60.0,60.0011,21.26,0.880609,0.004785,0.003381,0.002719,0.003183,0.002179,0.00181,0.001786,0.001651,0.001459,0.000968,0.005434,0.003839,0.003088,0.003615,0.002055,0.001875,0.001099,6.9e-05,60.25,9.08,0.0099,3.9e-05,60.0
swell_17_17,swell_sim_17,SWL_0017_3p_cond17_mild,17,train,Swell,6,SCENARIO_CONTROLLER,three-phase,"A,B,C",1.1769,81.0,0.0412,0.1222,206,611,0.625014,0.968893,1.550194,0.5658,83.2,60.0,59.9999,21.25,0.880611,0.004781,0.003382,0.002725,0.003186,0.002175,0.0018,0.001782,0.001659,0.00147,0.000969,0.005429,0.003841,0.003094,0.003618,0.002044,0.001884,0.0011,6.9e-05,60.25,9.08,0.0099,3.9e-05,60.0
swell_17_18,swell_sim_17,SWL_0017_3p_cond17_mild,17,train,Swell,6,SCENARIO_CONTROLLER,three-phase,"A,B,C",1.1769,81.0,0.0422,0.1232,211,616,0.625016,0.968893,1.550191,0.5658,83.2,60.0,59.9999,21.25,0.880613,0.004778,0.003381,0.002727,0.003187,0.002174,0.0018,0.00178,0.001658,0.001475,0.00097,0.005426,0.003839,0.003097,0.003619,0.002044,0.001883,0.001102,6.9e-05,60.25,9.08,0.0099,3.8e-05,60.0
swell_17_19,swell_sim_17,SWL_0017_3p_cond17_mild,17,train,Swell,6,SCENARIO_CONTROLLER,three-phase,"A,B,C",1.1769,81.0,0.0432,0.1242,216,621,0.625011,0.968893,1.550203,0.5656,83.2,60.0,59.9999,21.25,0.880605,0.004783,0.003373,0.002731,0.003189,0.002164,0.001805,0.001787,0.001647,0.001477,0.000979,0.005431,0.00383,0.003101,0.003621,0.00205,0.00187,0.001112,6.9e-05,60.25,9.09,0.0099,3.8e-05,60.0
swell_17_20,swell_sim_17,SWL_0017_3p_cond17_mild,17,train,Swell,6,SCENARIO_CONTROLLER,three-phase,"A,B,C",1.1769,81.0,0.0442,0.1252,221,626,0.625006,0.968893,1.550215,0.5648,83.2,60.0,59.9999,21.25,0.880598,0.004782,0.00337,0.002739,0.00318,0.00217,0.001807,0.001778,0.001658,0.001471,0.000976,0.00543,0.003827,0.00311,0.003611,0.002052,0.001883,0.001108,6.9e-05,60.25,9.1,0.0099,3.8e-05,60.0
swell_17_21,swell_sim_17,SWL_0017_3p_cond17_mild,17,train,Swell,6,SCENARIO_CONTROLLER,three-phase,"A,B,C",1.1769,81.0,0.0452,0.1262,226,631,0.624999,0.968893,1.550233,0.5648,83.2,60.0,59.9999,21.25,0.880587,0.004775,0.003376,0.002739,0.00318,0.002175,0.001798,0.00179,0.001646,0.001481,0.00097,0.005423,0.003834,0.00311,0.003611,0.002042,0.001869,0.001102,6.9e-05,60.25,9.09,0.0099,3.7e-05,60.0
swell_17_22,swell_sim_17,SWL_0017_3p_cond17_mild,17,train,Swell,6,SCENARIO_CONTROLLER,three-phase,"A,B,C",1.1769,81.0,0.0462,0.1272,231,636,0.624998,0.968893,1.550235,0.566,83.2,60.0,59.9999,21.25,0.880585,0.004771,0.00338,0.002733,0.003185,0.002168,0.001807,0.001778,0.001658,0.001468,0.000983,0.005418,0.003838,0.003104,0.003617,0.002052,0.001883,0.001116,6.9e-05,60.25,9.09,0.0099,3.8e-05,60.0
swell_17_23,swell_sim_17,SWL_0017_3p_cond17_mild,17,train,Swell,6,SCENARIO_CONTROLLER,three-phase,"A,B,C",1.1769,81.0,0.0472,0.1282,236,641,0.624998,0.968893,1.550235,0.5657,83.2,60.0,59.9999,21.25,0.880586,0.004771,0.003379,0.002734,0.003184,0.00217,0.001805,0.001781,0.001656,0.00147,0.000981,0.005418,0.003837,0.003105,0.003616,0.00205,0.001881,0.001114,6.9e-05,60.25,9.09,0.0099,3.8e-05,60.0
swell_17_24,swell_sim_17,SWL_0017_3p_cond17_mild,17,train,Swell,6,SCENARIO_CONTROLLER,three-phase,"A,B,C",1.1769,81.0,0.0482,0.1292,241,646,0.624999,0.968893,1.550233,0.5661,83.2,60.0,59.9999,21.25,0.880587,0.004773,0.00338,0.002731,0.003188,0.002166,0.001807,0.001781,0.001654,0.001474,0.000978,0.00542,0.003838,0.003101,0.00362,0.002052,0.001878,0.001111,6.9e-05,60.25,9.09,0.0099,3.8e-05,60.0
swell_17_25,swell_sim_17,SWL_0017_3p_cond17_mild,17,train,Swell,6,SCENARIO_CONTROLLER,three-phase,"A,B,C",1.1769,81.0,0.0492,0.1302,246,651,0.624999,0.968893,1.550233,0.5661,83.2,60.0,59.998,21.24,0.880587,0.004772,0.00338,0.002733,0.003186,0.002166,0.00181,0.001778,0.001653,0.001477,0.000975,0.005419,0.003838,0.003104,0.003618,0.002055,0.001877,0.001107,6.9e-05,60.25,9.09,0.0099,3.8e-05,60.0
swell_17_26,swell_sim_17,SWL_0017_3p_cond17_mild,17,train,Swell,6,SCENARIO_CONTROLLER,three-phase,"A,B,C",1.1769,81.0,0.0502,0.1312,251,656,0.624996,0.968893,1.55024,0.5661,83.2,60.0,59.998,21.24,0.880582,0.004765,0.00338,0.002739,0.003187,0.002161,0.001808,0.001783,0.001657,0.001472,0.000969,0.005411,0.003838,0.00311,0.003619,0.002053,0.001882,0.0011,6.9e-05,60.25,9.09,0.0099,3.8e-05,60.0
swell_17_27,swell_sim_17,SWL_0017_3p_cond17_mild,17,train,Swell,6,SCENARIO_CONTROLLER,three-phase,"A,B,C",1.1769,81.0,0.0512,0.1322,256,661,0.624996,0.968893,1.55024,0.5661,83.2,60.0,59.998,21.24,0.880583,0.004767,0.003379,0.002734,0.003187,0.002168,0.001811,0.001775,0.00165,0.001477,0.000979,0.005413,0.003837,0.003105,0.003619,0.002057,0.001874,0.001112,6.9e-05,60.25,9.09,0.0099,3.8e-05,60.0
swell_17_28,swell_sim_17,SWL_0017_3p_cond17_mild,17,train,Swell,6,SCENARIO_CONTROLLER,three-phase,"A,B,C",1.1769,81.0,0.0522,0.1332,261,666,0.624994,0.968893,1.550245,0.566,83.2,60.0,59.998,21.24,0.880579,0.004764,0.003374,0.002733,0.003189,0.002173,0.001813,0.001771,0.001644,0.001473,0.00098,0.00541,0.003832,0.003104,0.003621,0.002059,0.001867,0.001113,6.9e-05,60.25,9.09,0.0099,3.8e-05,60.0
swell_17_29,swell_sim_17,SWL_0017_3p_cond17_mild,17,train,Swell,6,SCENARIO_CONTROLLER,three-phase,"A,B,C",1.1769,81.0,0.0532,0.1342,266,671,0.624998,0.968893,1.550234,0.5666,83.2,60.0,59.998,21.24,0.880586,0.004763,0.003375,0.002738,0.003194,0.002178,0.001816,0.001771,0.001643,0.001471,0.000979,0.005409,0.003833,0.003109,0.003627,0.002062,0.001866,0.001112,6.9e-05,60.25,9.1,0.0099,3.9e-05,60.0
swell_17_30,swell_sim_17,SWL_0017_3p_cond17_mild,17,train,Swell,6,SCENARIO_CONTROLLER,three-phase,"A,B,C",1.1769,81.0,0.0542,0.1352,271,676,0.625006,0.968893,1.550213,0.5637,83.2,60.0,59.998,21.24,0.880598,0.004749,0.00336,0.002724,0.003179,0.002163,0.001803,0.001761,0.001633,0.001465,0.000976,0.005393,0.003816,0.003093,0.00361,0.002047,0.001854,0.001108,6.8e-05,60.25,9.1,0.0099,3.9e-05,60.0
swell_17_31,swell_sim_17,SWL_0017_3p_cond17_mild,17,train,Swell,6,SCENARIO_CONTROLLER,three-phase,"A,B,C",1.1769,81.0,0.0552,0.1362,276,681,0.625007,0.968893,1.550213,0.5636,83.2,60.0,59.998,21.24,0.880599,0.004748,0.00336,0.002723,0.003178,0.002162,0.001802,0.001761,0.001633,0.001465,0.000976,0.005392,0.003816,0.003092,0.003609,0.002046,0.001854,0.001108,6.8e-05,60.25,9.1,0.0099,3.8e-05,60.0
swell_17_32,swell_sim_17,SWL_0017_3p_cond17_mild,17,train,Swell,6,SCENARIO_CONTROLLER,three-phase,"A,B,C",1.1769,81.0,0.0562,0.1372,281,686,0.625009,0.968893,1.550208,0.5638,83.2,60.0,59.998,21.24,0.880601,0.004744,0.003358,0.002723,0.00318,0.002165,0.001805,0.001764,0.001637,0.001469,0.00098,0.005387,0.003813,0.003092,0.003611,0.00205,0.001859,0.001113,6.8e-05,60.25,9.1,0.0099,3.8e-05,60.0
swell_18_01,swell_sim_18,SWL_0018_3p_cond18_med,18,train,Swell,6,SCENARIO_CONTROLLER,three-phase,"A,B,C",1.3247,74.2,0.0254,0.0996,127,498,0.666251,1.105733,1.659634,0.8723,74.6,60.0,60.0026,15.57,0.929372,0.015465,0.006349,0.005554,0.003781,0.002671,0.003334,0.003066,0.002747,0.001582,0.001476,0.01664,0.006831,0.005976,0.004068,0.003587,0.002956,0.001588,0.000364,60.69,13.15,0.0304,6.8e-05,60.0
swell_18_02,swell_sim_18,SWL_0018_3p_cond18_med,18,train,Swell,6,SCENARIO_CONTROLLER,three-phase,"A,B,C",1.3247,74.2,0.0264,0.1006,132,503,0.66625,1.105733,1.659637,0.8733,74.6,60.0,59.9986,15.54,0.929371,0.015452,0.006363,0.005556,0.003768,0.002672,0.003345,0.003058,0.002743,0.001593,0.001476,0.016626,0.006847,0.005978,0.004054,0.003599,0.002951,0.001588,0.000364,60.69,13.15,0.0304,6.8e-05,60.0
swell_18_03,swell_sim_18,SWL_0018_3p_cond18_med,18,train,Swell,6,SCENARIO_CONTROLLER,three-phase,"A,B,C",1.3247,74.2,0.0274,0.1016,137,508,0.666249,1.105733,1.659639,0.8736,74.6,60.0,59.9988,15.55,0.92937,0.015447,0.00637,0.005557,0.00376,0.00268,0.003346,0.003047,0.002756,0.001591,0.001467,0.016621,0.006854,0.005979,0.004046,0.0036,0.002965,0.001578,0.000364,60.69,13.15,0.0304,6.7e-05,60.0
swell_18_04,swell_sim_18,SWL_0018_3p_cond18_med,18,train,Swell,6,SCENARIO_CONTROLLER,three-phase,"A,B,C",1.3247,74.2,0.0284,0.1026,142,513,0.666247,1.105733,1.659644,0.8735,74.6,60.0,59.9988,15.55,0.929367,0.015445,0.006372,0.005559,0.003757,0.002684,0.003343,0.003048,0.002755,0.001591,0.001467,0.016619,0.006856,0.005981,0.004043,0.003597,0.002964,0.001578,0.000364,60.69,13.15,0.0304,6.7e-05,60.0
swell_18_05,swell_sim_18,SWL_0018_3p_cond18_med,18,train,Swell,6,SCENARIO_CONTROLLER,three-phase,"A,B,C",1.3247,74.2,0.0294,0.1036,147,518,0.666242,1.105733,1.659656,0.8747,74.6,60.0,59.9988,15.55,0.929359,0.015438,0.006382,0.005552,0.003764,0.002682,0.003345,0.003048,0.002756,0.001594,0.001465,0.016611,0.006867,0.005974,0.00405,0.003599,0.002965,0.001576,0.000364,60.69,13.15,0.0304,6.7e-05,60.0
swell_18_06,swell_sim_18,SWL_0018_3p_cond18_med,18,train,Swell,6,SCENARIO_CONTROLLER,three-phase,"A,B,C",1.3247,74.2,0.0304,0.1046,152,523,0.666241,1.105733,1.659659,0.8747,74.6,60.0,59.9988,15.55,0.929357,0.015436,0.006382,0.005551,0.003764,0.002682,0.003344,0.003049,0.002756,0.001594,0.001466,0.016609,0.006867,0.005973,0.00405,0.003598,0.002965,0.001577,0.000364,60.69,13.14,0.0304,6.7e-05,60.0
swell_18_07,swell_sim_18,SWL_0018_3p_cond18_med,18,train,Swell,6,SCENARIO_CONTROLLER,three-phase,"A,B,C",1.3247,74.2,0.0314,0.1056,157,528,0.666234,1.105733,1.659675,0.8735,74.6,60.0,59.9988,15.55,0.929347,0.01543,0.006376,0.005558,0.003755,0.002691,0.003339,0.003051,0.002762,0.001587,0.001473,0.016603,0.006861,0.005981,0.00404,0.003593,0.002972,0.001585,0.000364,60.69,13.14,0.0304,6.7e-05,60.0
swell_18_08,swell_sim_18,SWL_0018_3p_cond18_med,18,train,Swell,6,SCENARIO_CONTROLLER,three-phase,"A,B,C",1.3247,74.2,0.0324,0.1066,162,533,0.666228,1.105733,1.659691,0.8728,74.6,60.0,59.9988,15.55,0.929337,0.015428,0.006366,0.005568,0.003752,0.002691,0.003346,0.003043,0.002765,0.001587,0.001467,0.016601,0.00685,0.005991,0.004037,0.0036,0.002975,0.001579,0.000364,60.69,13.15,0.0304,6.7e-05,60.0
swell_18_09,swell_sim_18,SWL_0018_3p_cond18_med,18,train,Swell,6,SCENARIO_CONTROLLER,three-phase,"A,B,C",1.3247,74.2,0.0334,0.1076,167,538,0.666236,1.105733,1.65967,0.873,74.6,60.0,59.9988,15.55,0.929349,0.015414,0.006371,0.005578,0.003739,0.002693,0.003356,0.003038,0.00276,0.00159,0.001467,0.016586,0.006855,0.006002,0.004023,0.003611,0.00297,0.001579,0.000363,60.69,13.16,0.0304,6.6e-05,60.0
swell_18_10,swell_sim_18,SWL_0018_3p_cond18_med,18,train,Swell,6,SCENARIO_CONTROLLER,three-phase,"A,B,C",1.3247,74.2,0.0344,0.1086,172,543,0.666236,1.105733,1.659671,0.8728,74.6,60.0,59.9988,15.55,0.929349,0.015413,0.006369,0.005579,0.003742,0.002692,0.003352,0.003039,0.002765,0.001589,0.00146,0.016585,0.006853,0.006003,0.004026,0.003607,0.002975,0.001571,0.000363,60.69,13.16,0.0304,6.5e-05,60.0
swell_18_11,swell_sim_18,SWL_0018_3p_cond18_med,18,train,Swell,6,SCENARIO_CONTROLLER,three-phase,"A,B,C",1.3247,74.2,0.0354,0.1096,177,548,0.666237,1.105733,1.659669,0.8721,74.6,60.0,59.9978,15.54,0.929349,0.015402,0.006356,0.005578,0.003753,0.002699,0.003346,0.003024,0.002755,0.001599,0.001477,0.016573,0.006839,0.006002,0.004038,0.0036,0.002964,0.001589,0.000363,60.69,13.16,0.0304,6.6e-05,60.0
swell_18_12,swell_sim_18,SWL_0018_3p_cond18_med,18,train,Swell,6,SCENARIO_CONTROLLER,three-phase,"A,B,C",1.3247,74.2,0.0364,0.1106,182,553,0.666239,1.105733,1.659664,0.8723,74.6,60.0,59.9978,15.54,0.929353,0.015401,0.006354,0.005582,0.003759,0.002705,0.003349,0.003021,0.00275,0.001593,0.001473,0.016572,0.006837,0.006006,0.004045,0.003604,0.002959,0.001585,0.000363,60.69,13.16,0.0304,6.6e-05,60.0
swell_18_13,swell_sim_18,SWL_0018_3p_cond18_med,18,train,Swell,6,SCENARIO_CONTROLLER,three-phase,"A,B,C",1.3247,74.2,0.0374,0.1116,187,558,0.666238,1.105733,1.659666,0.8727,74.6,60.0,59.9978,15.54,0.929351,0.015403,0.006356,0.005584,0.003761,0.002707,0.003352,0.003024,0.002754,0.001596,0.001477,0.016574,0.006839,0.006008,0.004047,0.003607,0.002963,0.001589,0.000363,60.69,13.16,0.0304,6.6e-05,60.0
swell_18_14,swell_sim_18,SWL_0018_3p_cond18_med,18,train,Swell,6,SCENARIO_CONTROLLER,three-phase,"A,B,C",1.3247,74.2,0.0384,0.1126,192,563,0.666235,1.105733,1.659673,0.8731,74.6,60.0,59.9978,15.54,0.929346,0.015408,0.006358,0.005587,0.003763,0.002711,0.003354,0.003027,0.002754,0.001598,0.001477,0.016579,0.006841,0.006012,0.004049,0.003609,0.002963,0.001589,0.000363,60.69,13.16,0.0304,6.7e-05,60.0
swell_18_15,swell_sim_18,SWL_0018_3p_cond18_med,18,train,Swell,6,SCENARIO_CONTROLLER,three-phase,"A,B,C",1.3247,74.2,0.0394,0.1136,197,568,0.666242,1.105733,1.659656,0.8741,74.6,60.0,59.9978,15.54,0.929357,0.015399,0.00636,0.00559,0.003771,0.002718,0.003364,0.003036,0.002759,0.001602,0.001476,0.01657,0.006843,0.006015,0.004058,0.00362,0.002969,0.001588,0.000363,60.69,13.16,0.0304,6.7e-05,60.0
swell_18_16,swell_sim_18,SWL_0018_3p_cond18_med,18,train,Swell,6,SCENARIO_CONTROLLER,three-phase,"A,B,C",1.3247,74.2,0.0404,0.1146,202,573,0.666241,1.105733,1.659658,0.8746,74.6,60.0,59.9978,15.54,0.929356,0.015395,0.006356,0.005589,0.003779,0.002729,0.003374,0.00304,0.002746,0.001585,0.001464,0.016565,0.006839,0.006014,0.004066,0.00363,0.002955,0.001575,0.000363,60.69,13.16,0.0304,6.7e-05,60.0
swell_18_17,swell_sim_18,SWL_0018_3p_cond18_med,18,train,Swell,6,SCENARIO_CONTROLLER,three-phase,"A,B,C",1.3247,74.2,0.0414,0.1156,207,578,0.66624,1.105733,1.659661,0.8746,74.6,60.0,59.9978,15.54,0.929354,0.015395,0.006355,0.005587,0.003779,0.00273,0.003377,0.003042,0.002744,0.00158,0.00146,0.016565,0.006838,0.006012,0.004066,0.003634,0.002953,0.001571,0.000363,60.69,13.16,0.0304,6.8e-05,60.0
swell_18_18,swell_sim_18,SWL_0018_3p_cond18_med,18,train,Swell,6,SCENARIO_CONTROLLER,three-phase,"A,B,C",1.3247,74.2,0.0424,0.1166,212,583,0.666242,1.105733,1.659657,0.8744,74.6,60.0,59.9978,15.54,0.929357,0.015402,0.006351,0.005581,0.00378,0.002736,0.003377,0.003038,0.002745,0.001584,0.00146,0.016573,0.006834,0.006005,0.004067,0.003634,0.002954,0.001571,0.000363,60.69,13.16,0.0304,6.8e-05,60.0
swell_18_19,swell_sim_18,SWL_0018_3p_cond18_med,18,train,Swell,6,SCENARIO_CONTROLLER,three-phase,"A,B,C",1.3247,74.2,0.0434,0.1176,217,588,0.666242,1.105733,1.659657,0.8747,74.6,60.0,60.0023,15.56,0.929357,0.015398,0.006355,0.005582,0.003777,0.002736,0.00338,0.003035,0.002745,0.001587,0.001458,0.016568,0.006838,0.006006,0.004064,0.003637,0.002954,0.001569,0.000363,60.69,13.16,0.0304,6.8e-05,60.0
swell_18_20,swell_sim_18,SWL_0018_3p_cond18_med,18,train,Swell,6,SCENARIO_CONTROLLER,three-phase,"A,B,C",1.3247,74.2,0.0444,0.1186,222,593,0.666242,1.105733,1.659657,0.8747,74.6,60.0,60.0023,15.56,0.929357,0.015397,0.006357,0.00558,0.003777,0.00274,0.003377,0.003035,0.002748,0.001581,0.001462,0.016567,0.00684,0.006004,0.004064,0.003634,0.002957,0.001573,0.000363,60.69,13.16,0.0304,6.9e-05,60.0
swell_18_21,swell_sim_18,SWL_0018_3p_cond18_med,18,train,Swell,6,SCENARIO_CONTROLLER,three-phase,"A,B,C",1.3247,74.2,0.0454,0.1196,227,598,0.666237,1.105733,1.659669,0.8758,74.6,60.0,60.0023,15.56,0.929349,0.015389,0.006368,0.005571,0.003786,0.002741,0.003372,0.003047,0.002734,0.001601,0.001441,0.016559,0.006852,0.005995,0.004074,0.003628,0.002942,0.001551,0.000363,60.69,13.16,0.0304,6.8e-05,60.0
swell_18_22,swell_sim_18,SWL_0018_3p_cond18_med,18,train,Swell,6,SCENARIO_CONTROLLER,three-phase,"A,B,C",1.3247,74.2,0.0464,0.1206,232,603,0.666241,1.105733,1.65966,0.8747,74.6,60.0,60.0023,15.56,0.929355,0.015395,0.006363,0.005578,0.00378,0.002748,0.003365,0.003055,0.002727,0.001609,0.001433,0.016565,0.006847,0.006002,0.004067,0.003621,0.002934,0.001542,0.000363,60.69,13.16,0.0304,6.9e-05,60.0
swell_18_23,swell_sim_18,SWL_0018_3p_cond18_med,18,train,Swell,6,SCENARIO_CONTROLLER,three-phase,"A,B,C",1.3247,74.2,0.0474,0.1216,237,608,0.666225,1.105733,1.659699,0.8745,74.6,60.0,60.0023,15.56,0.92933,0.015372,0.006367,0.005571,0.003775,0.002749,0.003355,0.003067,0.002709,0.001625,0.001418,0.016541,0.006851,0.005995,0.004062,0.00361,0.002915,0.001526,0.000362,60.69,13.16,0.0304,6.9e-05,60.0
swell_18_24,swell_sim_18,SWL_0018_3p_cond18_med,18,train,Swell,6,SCENARIO_CONTROLLER,three-phase,"A,B,C",1.3247,74.2,0.0484,0.1226,242,613,0.666217,1.105733,1.659718,0.8735,74.6,60.0,60.0023,15.56,0.929318,0.015368,0.006356,0.005583,0.003769,0.002752,0.003361,0.003058,0.002714,0.001625,0.001412,0.016537,0.006839,0.006008,0.004056,0.003617,0.00292,0.001519,0.000362,60.69,13.16,0.0304,6.9e-05,60.0
swell_18_25,swell_sim_18,SWL_0018_3p_cond18_med,18,train,Swell,6,SCENARIO_CONTROLLER,three-phase,"A,B,C",1.3247,74.2,0.0494,0.1236,247,618,0.666219,1.105733,1.659715,0.8737,74.6,60.0,60.0023,15.56,0.929321,0.01537,0.006359,0.005578,0.003773,0.002749,0.003355,0.003068,0.002711,0.001619,0.001426,0.016539,0.006843,0.006002,0.00406,0.00361,0.002917,0.001534,0.000362,60.69,13.16,0.0304,6.8e-05,60.0
swell_18_26,swell_sim_18,SWL_0018_3p_cond18_med,18,train,Swell,6,SCENARIO_CONTROLLER,three-phase,"A,B,C",1.3247,74.2,0.0504,0.1246,252,623,0.666219,1.105733,1.659713,0.8733,74.6,60.0,60.0023,15.56,0.929321,0.015364,0.006352,0.005585,0.003782,0.002737,0.00335,0.003083,0.002718,0.001603,0.001424,0.016533,0.006835,0.00601,0.00407,0.003605,0.002925,0.001532,0.000362,60.69,13.16,0.0304,6.8e-05,60.0
swell_18_27,swell_sim_18,SWL_0018_3p_cond18_med,18,train,Swell,6,SCENARIO_CONTROLLER,three-phase,"A,B,C",1.3247,74.2,0.0514,0.1256,257,628,0.666217,1.105733,1.659718,0.8748,74.6,60.0,60.0002,15.55,0.92932,0.015384,0.006373,0.005581,0.003762,0.002736,0.003366,0.003095,0.002716,0.001586,0.001418,0.016554,0.006858,0.006005,0.004048,0.003622,0.002923,0.001526,0.000363,60.69,13.16,0.0304,6.8e-05,60.0
swell_18_28,swell_sim_18,SWL_0018_3p_cond18_med,18,train,Swell,6,SCENARIO_CONTROLLER,three-phase,"A,B,C",1.3247,74.2,0.0524,0.1266,262,633,0.666218,1.105733,1.659716,0.875,74.6,60.0,59.9996,15.55,0.929321,0.015388,0.006378,0.005587,0.003763,0.002729,0.003359,0.003095,0.002719,0.001593,0.001423,0.016558,0.006863,0.006012,0.004049,0.003614,0.002926,0.001531,0.000363,60.69,13.16,0.0304,6.8e-05,60.0
swell_18_29,swell_sim_18,SWL_0018_3p_cond18_med,18,train,Swell,6,SCENARIO_CONTROLLER,three-phase,"A,B,C",1.3247,74.2,0.0534,0.1276,267,638,0.666219,1.105733,1.659713,0.8753,74.6,60.0,59.9996,15.55,0.929324,0.015388,0.006377,0.005591,0.003768,0.002732,0.003361,0.003093,0.002716,0.001588,0.001418,0.016558,0.006862,0.006016,0.004055,0.003617,0.002923,0.001526,0.000363,60.69,13.16,0.0304,6.9e-05,60.0
swell_18_30,swell_sim_18,SWL_0018_3p_cond18_med,18,train,Swell,6,SCENARIO_CONTROLLER,three-phase,"A,B,C",1.3247,74.2,0.0544,0.1286,272,643,0.66623,1.105733,1.659687,0.8723,74.6,60.0,59.9996,15.55,0.929341,0.01537,0.006358,0.005573,0.00375,0.002722,0.003351,0.003087,0.002707,0.001587,0.001418,0.016539,0.006841,0.005997,0.004035,0.003606,0.002913,0.001526,0.000362,60.69,13.16,0.0304,6.9e-05,60.0
swell_18_31,swell_sim_18,SWL_0018_3p_cond18_med,18,train,Swell,6,SCENARIO_CONTROLLER,three-phase,"A,B,C",1.3247,74.2,0.0554,0.1296,277,648,0.666243,1.105733,1.659654,0.8701,74.6,60.0,59.9996,15.55,0.929362,0.015349,0.006345,0.005557,0.003739,0.002707,0.00334,0.003077,0.002705,0.001583,0.001416,0.016516,0.006827,0.005979,0.004023,0.003594,0.002911,0.001524,0.00036,60.69,13.16,0.0304,6.8e-05,60.0
swell_18_32,swell_sim_18,SWL_0018_3p_cond18_med,18,train,Swell,6,SCENARIO_CONTROLLER,three-phase,"A,B,C",1.3247,74.2,0.0564,0.1306,282,653,0.666247,1.105733,1.659644,0.8709,74.6,60.0,59.9996,15.55,0.929368,0.015348,0.006353,0.005566,0.003745,0.002712,0.003335,0.003067,0.002692,0.001571,0.001414,0.016514,0.006836,0.005989,0.00403,0.003588,0.002897,0.001521,0.000361,60.69,13.15,0.0304,6.8e-05,60.0
swell_19_01,swell_sim_19,SWL_0019_3p_cond19_med,19,train,Swell,6,SCENARIO_CONTROLLER,three-phase,"A,B,C",1.3477,82.6,0.0254,0.108,127,540,0.653086,1.08304,1.658342,0.8429,84.6,60.0,60.0008,14.87,0.90889,0.01098,0.006115,0.004764,0.003464,0.003001,0.003049,0.00318,0.002658,0.001639,0.001404,0.012081,0.006728,0.005242,0.003811,0.003355,0.002924,0.001545,0.000233,60.7,12.98,0.034,6.8e-05,60.0
swell_19_02,swell_sim_19,SWL_0019_3p_cond19_med,19,train,Swell,6,SCENARIO_CONTROLLER,three-phase,"A,B,C",1.3477,82.6,0.0264,0.109,132,545,0.653086,1.08304,1.658342,0.843,84.6,60.0,60.0007,14.87,0.90889,0.010979,0.006116,0.004764,0.003462,0.003001,0.003052,0.003179,0.002656,0.001643,0.001404,0.01208,0.006729,0.005242,0.003809,0.003358,0.002922,0.001545,0.000233,60.7,12.99,0.034,6.8e-05,60.0
swell_19_03,swell_sim_19,SWL_0019_3p_cond19_med,19,train,Swell,6,SCENARIO_CONTROLLER,three-phase,"A,B,C",1.3477,82.6,0.0274,0.11,137,550,0.653085,1.08304,1.658343,0.8431,84.6,60.0,59.9985,14.85,0.90889,0.010978,0.00612,0.004761,0.003459,0.003008,0.00305,0.003173,0.002666,0.001635,0.001401,0.012078,0.006733,0.005238,0.003806,0.003356,0.002933,0.001541,0.000233,60.7,12.99,0.034,6.8e-05,60.0
swell_19_04,swell_sim_19,SWL_0019_3p_cond19_med,19,train,Swell,6,SCENARIO_CONTROLLER,three-phase,"A,B,C",1.3477,82.6,0.0284,0.111,142,555,0.653083,1.08304,1.65835,0.8432,84.6,60.0,59.9985,14.85,0.908885,0.010972,0.006125,0.00476,0.003457,0.003013,0.003044,0.003178,0.002662,0.001638,0.001401,0.012072,0.006739,0.005237,0.003804,0.003349,0.002929,0.001541,0.000233,60.7,12.99,0.034,6.8e-05,60.0
swell_19_05,swell_sim_19,SWL_0019_3p_cond19_med,19,train,Swell,6,SCENARIO_CONTROLLER,three-phase,"A,B,C",1.3477,82.6,0.0294,0.112,147,560,0.653087,1.08304,1.658338,0.8418,84.6,60.0,59.9985,14.86,0.908893,0.01098,0.006116,0.004768,0.003449,0.00302,0.003038,0.003183,0.002656,0.001644,0.001396,0.012081,0.006729,0.005246,0.003795,0.003343,0.002922,0.001536,0.000233,60.7,12.99,0.034,6.8e-05,60.0
swell_19_06,swell_sim_19,SWL_0019_3p_cond19_med,19,train,Swell,6,SCENARIO_CONTROLLER,three-phase,"A,B,C",1.3477,82.6,0.0304,0.113,152,565,0.653087,1.08304,1.658339,0.842,84.6,60.0,59.9985,14.86,0.908892,0.010979,0.006117,0.004767,0.00345,0.003018,0.00304,0.003181,0.002659,0.00164,0.0014,0.01208,0.00673,0.005245,0.003796,0.003345,0.002926,0.00154,0.000233,60.7,12.99,0.034,6.8e-05,60.0
swell_19_07,swell_sim_19,SWL_0019_3p_cond19_med,19,train,Swell,6,SCENARIO_CONTROLLER,three-phase,"A,B,C",1.3477,82.6,0.0314,0.114,157,570,0.653084,1.08304,1.658346,0.8416,84.6,60.0,59.9985,14.85,0.908888,0.01098,0.006114,0.004771,0.003447,0.00302,0.003041,0.003178,0.002662,0.001639,0.001399,0.012081,0.006727,0.005249,0.003793,0.003346,0.002929,0.001539,0.000233,60.7,12.99,0.034,6.8e-05,60.0
swell_19_08,swell_sim_19,SWL_0019_3p_cond19_med,19,train,Swell,6,SCENARIO_CONTROLLER,three-phase,"A,B,C",1.3477,82.6,0.0324,0.115,162,575,0.653082,1.08304,1.658351,0.8419,84.6,60.0,59.9985,14.86,0.908886,0.010986,0.006111,0.004765,0.003458,0.003011,0.003041,0.00319,0.00265,0.001639,0.00141,0.012087,0.006724,0.005243,0.003805,0.003346,0.002916,0.001551,0.000233,60.7,12.99,0.034,6.8e-05,60.0
swell_19_09,swell_sim_19,SWL_0019_3p_cond19_med,19,train,Swell,6,SCENARIO_CONTROLLER,three-phase,"A,B,C",1.3477,82.6,0.0334,0.116,167,580,0.65308,1.08304,1.658358,0.8418,84.6,60.0,59.9985,14.86,0.908882,0.010992,0.006109,0.004761,0.003462,0.003011,0.003038,0.003193,0.00265,0.001637,0.001412,0.012094,0.006721,0.005238,0.003809,0.003343,0.002916,0.001554,0.000233,60.7,12.98,0.034,6.8e-05,60.0
swell_19_10,swell_sim_19,SWL_0019_3p_cond19_med,19,train,Swell,6,SCENARIO_CONTROLLER,three-phase,"A,B,C",1.3477,82.6,0.0344,0.117,172,585,0.653076,1.08304,1.658367,0.8426,84.6,60.0,59.9985,14.86,0.908878,0.011005,0.00612,0.004753,0.003452,0.003018,0.003044,0.003188,0.002645,0.001639,0.001413,0.012108,0.006734,0.00523,0.003798,0.003349,0.00291,0.001555,0.000233,60.7,12.99,0.034,6.9e-05,60.0
swell_19_11,swell_sim_19,SWL_0019_3p_cond19_med,19,train,Swell,6,SCENARIO_CONTROLLER,three-phase,"A,B,C",1.3477,82.6,0.0354,0.118,177,590,0.653077,1.08304,1.658366,0.8423,84.6,60.0,59.999,14.86,0.908878,0.011003,0.006117,0.004752,0.003456,0.003021,0.003041,0.003183,0.002644,0.001643,0.001417,0.012106,0.00673,0.005228,0.003802,0.003346,0.002909,0.001559,0.000233,60.7,12.99,0.034,6.9e-05,60.0
swell_19_12,swell_sim_19,SWL_0019_3p_cond19_med,19,train,Swell,6,SCENARIO_CONTROLLER,three-phase,"A,B,C",1.3477,82.6,0.0364,0.119,182,595,0.653079,1.08304,1.65836,0.8426,84.6,60.0,59.999,14.86,0.908883,0.010999,0.006119,0.00476,0.003464,0.003021,0.003034,0.003177,0.002642,0.001647,0.001424,0.012102,0.006732,0.005237,0.003811,0.003338,0.002907,0.001567,0.000233,60.7,12.98,0.034,6.8e-05,60.0
swell_19_13,swell_sim_19,SWL_0019_3p_cond19_med,19,train,Swell,6,SCENARIO_CONTROLLER,three-phase,"A,B,C",1.3477,82.6,0.0374,0.12,187,600,0.653083,1.08304,1.658349,0.8422,84.6,60.0,59.999,14.86,0.90889,0.01099,0.006111,0.004755,0.003463,0.003026,0.003043,0.003186,0.00265,0.001653,0.001427,0.012092,0.006724,0.005232,0.00381,0.003348,0.002916,0.00157,0.000233,60.7,12.98,0.034,6.8e-05,60.0
swell_19_14,swell_sim_19,SWL_0019_3p_cond19_med,19,train,Swell,6,SCENARIO_CONTROLLER,three-phase,"A,B,C",1.3477,82.6,0.0384,0.121,192,605,0.65309,1.08304,1.65833,0.8406,84.6,60.0,59.999,14.86,0.908902,0.010979,0.006102,0.004747,0.003455,0.003017,0.003034,0.003178,0.002644,0.001648,0.001422,0.012079,0.006714,0.005223,0.003801,0.003338,0.002909,0.001565,0.000232,60.7,12.98,0.034,6.8e-05,60.0
swell_19_15,swell_sim_19,SWL_0019_3p_cond19_med,19,train,Swell,6,SCENARIO_CONTROLLER,three-phase,"A,B,C",1.3477,82.6,0.0394,0.122,197,610,0.653086,1.08304,1.658341,0.8398,84.6,60.0,59.999,14.86,0.908895,0.01098,0.006099,0.004741,0.003449,0.003011,0.003029,0.003176,0.002646,0.001652,0.001427,0.012081,0.00671,0.005216,0.003795,0.003333,0.002911,0.00157,0.000232,60.7,12.99,0.034,6.9e-05,60.0
swell_19_16,swell_sim_19,SWL_0019_3p_cond19_med,19,train,Swell,6,SCENARIO_CONTROLLER,three-phase,"A,B,C",1.3477,82.6,0.0404,0.123,202,615,0.653084,1.08304,1.658346,0.839,84.6,60.0,59.999,14.86,0.908893,0.010983,0.006097,0.004735,0.003439,0.003001,0.003024,0.003183,0.002661,0.001663,0.001429,0.012084,0.006708,0.00521,0.003784,0.003327,0.002928,0.001572,0.000232,60.7,12.99,0.034,6.9e-05,60.0
swell_19_17,swell_sim_19,SWL_0019_3p_cond19_med,19,train,Swell,6,SCENARIO_CONTROLLER,three-phase,"A,B,C",1.3477,82.6,0.0414,0.124,207,620,0.653081,1.08304,1.658355,0.8388,84.6,60.0,59.999,14.86,0.908888,0.010974,0.006095,0.004743,0.003446,0.003,0.003015,0.003177,0.002669,0.001673,0.001428,0.012074,0.006706,0.005218,0.003791,0.003317,0.002937,0.001571,0.000232,60.7,12.99,0.034,6.8e-05,60.0
swell_19_18,swell_sim_19,SWL_0019_3p_cond19_med,19,train,Swell,6,SCENARIO_CONTROLLER,three-phase,"A,B,C",1.3477,82.6,0.0424,0.125,212,625,0.653081,1.08304,1.658354,0.8393,84.6,60.0,59.999,14.86,0.908889,0.010973,0.006101,0.004741,0.003438,0.002999,0.003025,0.00318,0.002657,0.001672,0.00144,0.012073,0.006713,0.005216,0.003783,0.003328,0.002923,0.001584,0.000232,60.7,12.98,0.034,6.9e-05,60.0
swell_19_19,swell_sim_19,SWL_0019_3p_cond19_med,19,train,Swell,6,SCENARIO_CONTROLLER,three-phase,"A,B,C",1.3477,82.6,0.0434,0.126,217,630,0.653082,1.08304,1.658352,0.8386,84.6,60.0,59.9959,14.85,0.908889,0.010978,0.006091,0.004744,0.003445,0.002995,0.003021,0.003183,0.002657,0.001671,0.00144,0.012078,0.006702,0.00522,0.00379,0.003324,0.002923,0.001584,0.000232,60.7,12.98,0.034,6.9e-05,60.0
swell_19_20,swell_sim_19,SWL_0019_3p_cond19_med,19,train,Swell,6,SCENARIO_CONTROLLER,three-phase,"A,B,C",1.3477,82.6,0.0444,0.127,222,635,0.65308,1.08304,1.658357,0.8384,84.6,60.0,59.9959,14.85,0.908886,0.010974,0.006096,0.004743,0.003439,0.003006,0.003014,0.003181,0.002666,0.001656,0.001451,0.012074,0.006707,0.005218,0.003784,0.003316,0.002933,0.001596,0.000232,60.7,12.98,0.034,6.8e-05,60.0
swell_19_21,swell_sim_19,SWL_0019_3p_cond19_med,19,train,Swell,6,SCENARIO_CONTROLLER,three-phase,"A,B,C",1.3477,82.6,0.0454,0.128,227,640,0.653081,1.08304,1.658353,0.8385,84.6,60.0,59.9959,14.85,0.908888,0.010976,0.006093,0.004744,0.00344,0.003002,0.00302,0.003175,0.002671,0.001654,0.001448,0.012076,0.006704,0.00522,0.003785,0.003323,0.002939,0.001593,0.000232,60.7,12.98,0.034,6.8e-05,60.0
swell_19_22,swell_sim_19,SWL_0019_3p_cond19_med,19,train,Swell,6,SCENARIO_CONTROLLER,three-phase,"A,B,C",1.3477,82.6,0.0464,0.129,232,645,0.653078,1.08304,1.658362,0.8396,84.6,60.0,59.9959,14.85,0.908882,0.01097,0.0061,0.004738,0.003446,0.002996,0.003025,0.00317,0.002677,0.001649,0.001452,0.01207,0.006712,0.005213,0.003791,0.003328,0.002945,0.001598,0.000232,60.7,12.98,0.034,6.8e-05,60.0
swell_19_23,swell_sim_19,SWL_0019_3p_cond19_med,19,train,Swell,6,SCENARIO_CONTROLLER,three-phase,"A,B,C",1.3477,82.6,0.0474,0.13,237,650,0.653071,1.08304,1.658379,0.8396,84.6,60.0,59.9959,14.85,0.908871,0.010964,0.006102,0.004738,0.003445,0.002998,0.003023,0.003175,0.002671,0.001655,0.001448,0.012063,0.006714,0.005213,0.00379,0.003326,0.002939,0.001593,0.000232,60.7,12.98,0.034,6.8e-05,60.0
swell_19_24,swell_sim_19,SWL_0019_3p_cond19_med,19,train,Swell,6,SCENARIO_CONTROLLER,three-phase,"A,B,C",1.3477,82.6,0.0484,0.131,242,655,0.653071,1.08304,1.65838,0.8392,84.6,60.0,59.9959,14.85,0.90887,0.010961,0.006104,0.004739,0.00344,0.003005,0.003013,0.003183,0.00267,0.001648,0.00146,0.01206,0.006716,0.005214,0.003785,0.003315,0.002938,0.001606,0.000232,60.7,12.98,0.034,6.8e-05,60.0
swell_19_25,swell_sim_19,SWL_0019_3p_cond19_med,19,train,Swell,6,SCENARIO_CONTROLLER,three-phase,"A,B,C",1.3477,82.6,0.0494,0.132,247,660,0.653072,1.08304,1.658377,0.8392,84.6,60.0,59.9959,14.85,0.908872,0.010958,0.006105,0.00474,0.003438,0.003006,0.003015,0.00318,0.00267,0.001651,0.001458,0.012057,0.006717,0.005215,0.003783,0.003317,0.002938,0.001604,0.000232,60.7,12.98,0.034,6.8e-05,60.0
swell_19_26,swell_sim_19,SWL_0019_3p_cond19_med,19,train,Swell,6,SCENARIO_CONTROLLER,three-phase,"A,B,C",1.3477,82.6,0.0504,0.133,252,665,0.653073,1.08304,1.658375,0.8394,84.6,60.0,59.9959,14.85,0.908873,0.010956,0.006106,0.004743,0.003435,0.003005,0.00302,0.00318,0.002664,0.001651,0.001464,0.012054,0.006718,0.005219,0.003779,0.003323,0.002931,0.001611,0.000232,60.7,12.98,0.034,6.7e-05,60.0
swell_19_27,swell_sim_19,SWL_0019_3p_cond19_med,19,train,Swell,6,SCENARIO_CONTROLLER,three-phase,"A,B,C",1.3477,82.6,0.0514,0.134,257,670,0.653072,1.08304,1.658378,0.8403,84.6,60.0,59.9989,14.86,0.908872,0.010963,0.006118,0.004743,0.003424,0.003002,0.00303,0.003187,0.002659,0.001641,0.001466,0.012062,0.006731,0.005219,0.003767,0.003334,0.002926,0.001613,0.000232,60.7,12.98,0.034,6.7e-05,60.0
swell_19_28,swell_sim_19,SWL_0019_3p_cond19_med,19,train,Swell,6,SCENARIO_CONTROLLER,three-phase,"A,B,C",1.3477,82.6,0.0524,0.135,262,675,0.653072,1.08304,1.658377,0.8402,84.6,60.0,60.0025,14.87,0.908873,0.010962,0.006115,0.004742,0.003426,0.003006,0.00303,0.003184,0.002655,0.001639,0.001468,0.012061,0.006728,0.005217,0.00377,0.003334,0.002921,0.001615,0.000232,60.7,12.98,0.034,6.6e-05,60.0
swell_19_29,swell_sim_19,SWL_0019_3p_cond19_med,19,train,Swell,6,SCENARIO_CONTROLLER,three-phase,"A,B,C",1.3477,82.6,0.0534,0.136,267,680,0.653078,1.08304,1.658362,0.841,84.6,60.0,60.0025,14.87,0.908884,0.010949,0.006112,0.004751,0.003444,0.003022,0.003035,0.003178,0.002643,0.001624,0.001456,0.012047,0.006725,0.005227,0.003789,0.003339,0.002908,0.001602,0.000232,60.7,12.98,0.034,6.6e-05,60.0
swell_19_30,swell_sim_19,SWL_0019_3p_cond19_med,19,train,Swell,6,SCENARIO_CONTROLLER,three-phase,"A,B,C",1.3477,82.6,0.0544,0.137,272,685,0.65308,1.08304,1.658357,0.8408,84.6,60.0,60.0025,14.87,0.908887,0.010945,0.006107,0.004749,0.003444,0.003025,0.003041,0.003185,0.002651,0.001631,0.001462,0.012042,0.006719,0.005225,0.003789,0.003346,0.002917,0.001609,0.000232,60.7,12.98,0.034,6.7e-05,60.0
swell_19_31,swell_sim_19,SWL_0019_3p_cond19_med,19,train,Swell,6,SCENARIO_CONTROLLER,three-phase,"A,B,C",1.3477,82.6,0.0554,0.138,277,690,0.653075,1.08304,1.658369,0.8411,84.6,60.0,60.0025,14.87,0.90888,0.01095,0.00611,0.00475,0.003444,0.003025,0.00304,0.003183,0.002648,0.001629,0.001459,0.012048,0.006723,0.005226,0.003789,0.003345,0.002913,0.001605,0.000232,60.7,12.98,0.034,6.6e-05,60.0
swell_19_32,swell_sim_19,SWL_0019_3p_cond19_med,19,train,Swell,6,SCENARIO_CONTROLLER,three-phase,"A,B,C",1.3477,82.6,0.0564,0.139,282,695,0.653065,1.08304,1.658396,0.8391,84.6,60.0,60.0025,14.87,0.908863,0.01095,0.006099,0.004735,0.003429,0.003013,0.003033,0.003184,0.002657,0.001639,0.001468,0.012048,0.006711,0.00521,0.003773,0.003337,0.002923,0.001615,0.000232,60.7,12.98,0.034,6.6e-05,60.0
swell_20_01,swell_sim_20,SWL_0020_3p_cond20_high,20,train,Swell,6,SCENARIO_CONTROLLER,three-phase,"A,B,C",1.3721,74.4,0.0254,0.0998,127,499,0.665786,1.129488,1.696473,0.8461,75.2,60.0,59.9967,14.27,0.924513,0.016469,0.00629,0.005753,0.00344,0.00275,0.003128,0.003101,0.002732,0.001636,0.001446,0.017814,0.006804,0.006223,0.003721,0.003383,0.002955,0.001564,0.000395,60.75,13.09,0.0379,6.8e-05,60.0
swell_20_02,swell_sim_20,SWL_0020_3p_cond20_high,20,train,Swell,6,SCENARIO_CONTROLLER,three-phase,"A,B,C",1.3721,74.4,0.0264,0.1008,132,504,0.665788,1.129488,1.696468,0.8453,75.2,60.0,59.9952,14.26,0.924515,0.01648,0.006279,0.005747,0.00345,0.002755,0.003121,0.003098,0.002738,0.001636,0.001442,0.017826,0.006792,0.006216,0.003732,0.003376,0.002962,0.00156,0.000395,60.75,13.09,0.0379,6.7e-05,60.0
swell_20_03,swell_sim_20,SWL_0020_3p_cond20_high,20,train,Swell,6,SCENARIO_CONTROLLER,three-phase,"A,B,C",1.3721,74.4,0.0274,0.1018,137,509,0.665788,1.129488,1.696469,0.8449,75.2,60.0,59.9963,14.27,0.924513,0.016485,0.006273,0.005753,0.003449,0.002749,0.003124,0.003101,0.002733,0.001638,0.001444,0.017831,0.006785,0.006223,0.003731,0.003379,0.002956,0.001562,0.000395,60.75,13.09,0.0379,6.7e-05,60.0
swell_20_04,swell_sim_20,SWL_0020_3p_cond20_high,20,train,Swell,6,SCENARIO_CONTROLLER,three-phase,"A,B,C",1.3721,74.4,0.0284,0.1028,142,514,0.665785,1.129488,1.696475,0.8451,75.2,60.0,59.9963,14.27,0.924509,0.016482,0.006278,0.005752,0.00345,0.002754,0.003119,0.003108,0.002727,0.001643,0.00144,0.017828,0.006791,0.006222,0.003732,0.003374,0.00295,0.001558,0.000395,60.75,13.09,0.0379,6.7e-05,60.0
swell_20_05,swell_sim_20,SWL_0020_3p_cond20_high,20,train,Swell,6,SCENARIO_CONTROLLER,three-phase,"A,B,C",1.3721,74.4,0.0294,0.1038,147,519,0.66578,1.129488,1.696488,0.8467,75.2,60.0,59.9963,14.27,0.924501,0.016473,0.006287,0.005742,0.00346,0.002747,0.003127,0.003103,0.002735,0.001641,0.001442,0.017818,0.0068,0.006211,0.003743,0.003382,0.002958,0.00156,0.000395,60.75,13.09,0.0379,6.7e-05,60.0
swell_20_06,swell_sim_20,SWL_0020_3p_cond20_high,20,train,Swell,6,SCENARIO_CONTROLLER,three-phase,"A,B,C",1.3721,74.4,0.0304,0.1048,152,524,0.665781,1.129488,1.696486,0.8463,75.2,60.0,59.9963,14.27,0.924502,0.016474,0.006285,0.005744,0.003458,0.002749,0.003124,0.003106,0.002731,0.001646,0.001437,0.017819,0.006798,0.006213,0.00374,0.003379,0.002954,0.001554,0.000395,60.75,13.09,0.0379,6.8e-05,60.0
swell_20_07,swell_sim_20,SWL_0020_3p_cond20_high,20,train,Swell,6,SCENARIO_CONTROLLER,three-phase,"A,B,C",1.3721,74.4,0.0314,0.1058,157,529,0.665787,1.129488,1.696471,0.8477,75.2,60.0,59.9963,14.27,0.924511,0.016478,0.006293,0.005734,0.003468,0.002739,0.003128,0.003106,0.002719,0.001659,0.001423,0.017823,0.006807,0.006202,0.003751,0.003383,0.002941,0.001539,0.000395,60.75,13.09,0.0379,6.8e-05,60.0
swell_20_08,swell_sim_20,SWL_0020_3p_cond20_high,20,train,Swell,6,SCENARIO_CONTROLLER,three-phase,"A,B,C",1.3721,74.4,0.0324,0.1068,162,534,0.665793,1.129488,1.696456,0.848,75.2,60.0,59.9963,14.27,0.92452,0.016476,0.006303,0.005729,0.003463,0.002745,0.003123,0.003107,0.002723,0.001657,0.001421,0.017821,0.006818,0.006197,0.003746,0.003378,0.002945,0.001537,0.000395,60.75,13.08,0.0379,6.7e-05,60.0
swell_20_09,swell_sim_20,SWL_0020_3p_cond20_high,20,train,Swell,6,SCENARIO_CONTROLLER,three-phase,"A,B,C",1.3721,74.4,0.0334,0.1078,167,539,0.66579,1.129488,1.696462,0.848,75.2,60.0,59.9963,14.27,0.924516,0.016478,0.006299,0.00573,0.003468,0.002738,0.003125,0.003112,0.002716,0.001657,0.001432,0.017823,0.006813,0.006198,0.003751,0.00338,0.002938,0.001549,0.000395,60.75,13.09,0.0379,6.6e-05,60.0
swell_20_10,swell_sim_20,SWL_0020_3p_cond20_high,20,train,Swell,6,SCENARIO_CONTROLLER,three-phase,"A,B,C",1.3721,74.4,0.0344,0.1088,172,544,0.665787,1.129488,1.69647,0.8485,75.2,60.0,59.9963,14.27,0.924512,0.01649,0.006306,0.005719,0.003462,0.00275,0.003128,0.003099,0.002708,0.001669,0.001439,0.017836,0.006821,0.006186,0.003745,0.003383,0.002929,0.001556,0.000396,60.75,13.08,0.0379,6.5e-05,60.0
swell_20_11,swell_sim_20,SWL_0020_3p_cond20_high,20,train,Swell,6,SCENARIO_CONTROLLER,three-phase,"A,B,C",1.3721,74.4,0.0354,0.1098,177,549,0.665788,1.129488,1.696467,0.8487,75.2,60.0,59.9995,14.29,0.924514,0.016493,0.00631,0.005727,0.003466,0.002743,0.00312,0.003097,0.002711,0.001679,0.001445,0.01784,0.006825,0.006195,0.003749,0.003375,0.002932,0.001563,0.000396,60.75,13.08,0.0379,6.6e-05,60.0
swell_20_12,swell_sim_20,SWL_0020_3p_cond20_high,20,train,Swell,6,SCENARIO_CONTROLLER,three-phase,"A,B,C",1.3721,74.4,0.0364,0.1108,182,554,0.66579,1.129488,1.696463,0.8489,75.2,60.0,59.9995,14.29,0.924518,0.016494,0.006311,0.005734,0.003472,0.002742,0.003116,0.003092,0.002707,0.00168,0.001448,0.017841,0.006826,0.006202,0.003755,0.00337,0.002928,0.001566,0.000396,60.75,13.08,0.0379,6.6e-05,60.0
swell_20_13,swell_sim_20,SWL_0020_3p_cond20_high,20,train,Swell,6,SCENARIO_CONTROLLER,three-phase,"A,B,C",1.3721,74.4,0.0374,0.1118,187,559,0.665788,1.129488,1.69647,0.8493,75.2,60.0,59.9995,14.29,0.924513,0.016498,0.006316,0.005736,0.003473,0.002738,0.003112,0.003088,0.002704,0.001678,0.001448,0.017845,0.006832,0.006204,0.003757,0.003366,0.002925,0.001566,0.000396,60.75,13.09,0.0379,6.6e-05,60.0
swell_20_14,swell_sim_20,SWL_0020_3p_cond20_high,20,train,Swell,6,SCENARIO_CONTROLLER,three-phase,"A,B,C",1.3721,74.4,0.0384,0.1128,192,564,0.665791,1.129488,1.696461,0.8478,75.2,60.0,59.9995,14.29,0.924519,0.016491,0.006308,0.005728,0.003464,0.002732,0.003104,0.003081,0.002693,0.00167,0.001438,0.017837,0.006823,0.006196,0.003747,0.003357,0.002913,0.001555,0.000395,60.75,13.09,0.0379,6.7e-05,60.0
swell_20_15,swell_sim_20,SWL_0020_3p_cond20_high,20,train,Swell,6,SCENARIO_CONTROLLER,three-phase,"A,B,C",1.3721,74.4,0.0394,0.1138,197,569,0.665805,1.129488,1.696426,0.8501,75.2,60.0,59.9995,14.29,0.924541,0.016476,0.006318,0.005738,0.003482,0.002748,0.003121,0.003095,0.002694,0.001669,0.00143,0.017821,0.006834,0.006206,0.003766,0.003376,0.002914,0.001547,0.000395,60.75,13.09,0.0379,6.7e-05,60.0
swell_20_16,swell_sim_20,SWL_0020_3p_cond20_high,20,train,Swell,6,SCENARIO_CONTROLLER,three-phase,"A,B,C",1.3721,74.4,0.0404,0.1148,202,574,0.665794,1.129488,1.696453,0.849,75.2,60.0,59.9995,14.29,0.924524,0.016477,0.0063,0.005723,0.00348,0.002749,0.003133,0.003107,0.002694,0.001664,0.001422,0.017822,0.006814,0.00619,0.003764,0.003389,0.002914,0.001538,0.000395,60.75,13.09,0.0379,6.7e-05,60.0
swell_20_17,swell_sim_20,SWL_0020_3p_cond20_high,20,train,Swell,6,SCENARIO_CONTROLLER,three-phase,"A,B,C",1.3721,74.4,0.0414,0.1158,207,579,0.665799,1.129488,1.696441,0.8492,75.2,60.0,59.9995,14.29,0.924532,0.016482,0.006307,0.005723,0.00347,0.002738,0.003132,0.003116,0.002701,0.001663,0.00141,0.017827,0.006822,0.00619,0.003753,0.003388,0.002921,0.001525,0.000395,60.75,13.09,0.0379,6.7e-05,60.0
swell_20_18,swell_sim_20,SWL_0020_3p_cond20_high,20,train,Swell,6,SCENARIO_CONTROLLER,three-phase,"A,B,C",1.3721,74.4,0.0424,0.1168,212,584,0.665796,1.129488,1.696447,0.8492,75.2,60.0,59.9995,14.29,0.924529,0.016476,0.006308,0.005728,0.003472,0.002737,0.003128,0.003113,0.002707,0.001669,0.001405,0.017821,0.006823,0.006196,0.003755,0.003383,0.002928,0.00152,0.000395,60.75,13.09,0.0379,6.6e-05,60.0
swell_20_19,swell_sim_20,SWL_0020_3p_cond20_high,20,train,Swell,6,SCENARIO_CONTROLLER,three-phase,"A,B,C",1.3721,74.4,0.0434,0.1178,217,589,0.665796,1.129488,1.696447,0.8488,75.2,60.0,59.9992,14.29,0.924528,0.01648,0.006303,0.005731,0.003475,0.002733,0.003126,0.00312,0.002702,0.001663,0.001413,0.017825,0.006818,0.006199,0.003759,0.003381,0.002923,0.001528,0.000395,60.75,13.09,0.0379,6.6e-05,60.0
swell_20_20,swell_sim_20,SWL_0020_3p_cond20_high,20,train,Swell,6,SCENARIO_CONTROLLER,three-phase,"A,B,C",1.3721,74.4,0.0444,0.1188,222,594,0.665797,1.129488,1.696447,0.8491,75.2,60.0,59.9992,14.29,0.924529,0.016473,0.006312,0.005722,0.003477,0.002748,0.003112,0.003121,0.002708,0.001644,0.001428,0.017818,0.006827,0.006189,0.003761,0.003366,0.002929,0.001545,0.000395,60.75,13.1,0.0379,6.6e-05,60.0
swell_20_21,swell_sim_20,SWL_0020_3p_cond20_high,20,train,Swell,6,SCENARIO_CONTROLLER,three-phase,"A,B,C",1.3721,74.4,0.0454,0.1198,227,599,0.665794,1.129488,1.696452,0.8482,75.2,60.0,59.9992,14.29,0.924525,0.016473,0.006314,0.005731,0.003465,0.002759,0.003104,0.003119,0.00271,0.001632,0.001442,0.017818,0.006829,0.006199,0.003748,0.003357,0.002931,0.00156,0.000395,60.75,13.1,0.0379,6.7e-05,60.0
swell_20_22,swell_sim_20,SWL_0020_3p_cond20_high,20,train,Swell,6,SCENARIO_CONTROLLER,three-phase,"A,B,C",1.3721,74.4,0.0464,0.1208,232,604,0.665787,1.129488,1.696472,0.8501,75.2,60.0,59.9992,14.29,0.924512,0.01646,0.006326,0.005719,0.003476,0.002752,0.00311,0.003115,0.002713,0.001632,0.001441,0.017804,0.006843,0.006186,0.00376,0.003364,0.002935,0.001559,0.000395,60.75,13.1,0.0379,6.6e-05,60.0
swell_20_23,swell_sim_20,SWL_0020_3p_cond20_high,20,train,Swell,6,SCENARIO_CONTROLLER,three-phase,"A,B,C",1.3721,74.4,0.0474,0.1218,237,609,0.665784,1.129488,1.696478,0.8494,75.2,60.0,59.9992,14.29,0.924508,0.016457,0.006324,0.005722,0.00347,0.002757,0.003104,0.003122,0.00271,0.001635,0.001442,0.017801,0.00684,0.006189,0.003753,0.003357,0.002931,0.00156,0.000395,60.75,13.1,0.0379,6.6e-05,60.0
swell_20_24,swell_sim_20,SWL_0020_3p_cond20_high,20,train,Swell,6,SCENARIO_CONTROLLER,three-phase,"A,B,C",1.3721,74.4,0.0484,0.1228,242,614,0.665793,1.129488,1.696457,0.8508,75.2,60.0,59.9992,14.29,0.924521,0.016462,0.006335,0.005709,0.003479,0.002749,0.003102,0.003127,0.002703,0.00164,0.001441,0.017806,0.006852,0.006175,0.003763,0.003355,0.002924,0.001559,0.000395,60.75,13.1,0.0379,6.6e-05,60.0
swell_20_25,swell_sim_20,SWL_0020_3p_cond20_high,20,train,Swell,6,SCENARIO_CONTROLLER,three-phase,"A,B,C",1.3721,74.4,0.0494,0.1238,247,619,0.665796,1.129488,1.696447,0.8508,75.2,60.0,59.9992,14.29,0.924526,0.016457,0.006339,0.005712,0.00347,0.002757,0.003105,0.003118,0.002706,0.001643,0.001433,0.0178,0.006856,0.006178,0.003753,0.003358,0.002927,0.00155,0.000395,60.75,13.11,0.0379,6.6e-05,60.0
swell_20_26,swell_sim_20,SWL_0020_3p_cond20_high,20,train,Swell,6,SCENARIO_CONTROLLER,three-phase,"A,B,C",1.3721,74.4,0.0504,0.1248,252,624,0.665797,1.129488,1.696446,0.8508,75.2,60.0,59.9992,14.29,0.924527,0.016455,0.006339,0.005713,0.003469,0.002757,0.003107,0.003118,0.002704,0.001644,0.001435,0.017798,0.006856,0.006179,0.003752,0.003361,0.002925,0.001552,0.000395,60.75,13.11,0.0379,6.7e-05,60.0
swell_20_27,swell_sim_20,SWL_0020_3p_cond20_high,20,train,Swell,6,SCENARIO_CONTROLLER,three-phase,"A,B,C",1.3721,74.4,0.0514,0.1258,257,629,0.665796,1.129488,1.696448,0.8517,75.2,60.0,59.998,14.29,0.924527,0.016467,0.006352,0.005713,0.00346,0.002754,0.003113,0.003125,0.002707,0.001638,0.001428,0.017811,0.006871,0.006179,0.003742,0.003367,0.002928,0.001545,0.000395,60.75,13.11,0.0379,6.6e-05,60.0
swell_20_28,swell_sim_20,SWL_0020_3p_cond20_high,20,train,Swell,6,SCENARIO_CONTROLLER,three-phase,"A,B,C",1.3721,74.4,0.0524,0.1268,262,634,0.665798,1.129488,1.696443,0.8518,75.2,60.0,59.998,14.29,0.92453,0.016466,0.006351,0.005722,0.003471,0.002752,0.003104,0.003112,0.002697,0.001646,0.001443,0.01781,0.006869,0.006189,0.003754,0.003357,0.002917,0.001561,0.000395,60.75,13.11,0.0379,6.6e-05,60.0
swell_20_29,swell_sim_20,SWL_0020_3p_cond20_high,20,train,Swell,6,SCENARIO_CONTROLLER,three-phase,"A,B,C",1.3721,74.4,0.0534,0.1278,267,639,0.665805,1.129488,1.696426,0.8519,75.2,60.0,59.998,14.29,0.924543,0.01646,0.006341,0.005728,0.003481,0.002768,0.003116,0.003116,0.0027,0.00164,0.001437,0.017803,0.006859,0.006195,0.003765,0.00337,0.00292,0.001554,0.000395,60.75,13.11,0.0379,6.7e-05,60.0
swell_20_30,swell_sim_20,SWL_0020_3p_cond20_high,20,train,Swell,6,SCENARIO_CONTROLLER,three-phase,"A,B,C",1.3721,74.4,0.0544,0.1288,272,644,0.665812,1.129488,1.696406,0.8502,75.2,60.0,59.998,14.29,0.924556,0.016447,0.006326,0.005717,0.003471,0.002769,0.003118,0.003122,0.002704,0.001648,0.001444,0.017789,0.006842,0.006184,0.003754,0.003372,0.002925,0.001562,0.000395,60.75,13.11,0.0379,6.7e-05,60.0
swell_20_31,swell_sim_20,SWL_0020_3p_cond20_high,20,train,Swell,6,SCENARIO_CONTROLLER,three-phase,"A,B,C",1.3721,74.4,0.0554,0.1298,277,649,0.665808,1.129488,1.696417,0.8516,75.2,60.0,59.998,14.29,0.924549,0.016455,0.006333,0.005725,0.003479,0.002778,0.003127,0.003133,0.002714,0.00166,0.001455,0.017798,0.00685,0.006192,0.003763,0.003382,0.002935,0.001574,0.000395,60.75,13.11,0.0379,6.6e-05,60.0
swell_20_32,swell_sim_20,SWL_0020_3p_cond20_high,20,train,Swell,6,SCENARIO_CONTROLLER,three-phase,"A,B,C",1.3721,74.4,0.0564,0.1308,282,654,0.665819,1.129488,1.696388,0.8537,75.2,60.0,59.998,14.29,0.924567,0.016444,0.006342,0.005736,0.003495,0.002793,0.00314,0.003142,0.002712,0.001657,0.001448,0.017786,0.006859,0.006204,0.00378,0.003396,0.002933,0.001566,0.000395,60.75,13.11,0.0379,6.6e-05,60.0
swell_21_01,swell_sim_21,SWL_0021_3p_cond21_med,21,test,Swell,6,SCENARIO_CONTROLLER,three-phase,"A,B,C",1.3,82.6,0.0252,0.1078,126,539,0.652912,1.059683,1.62301,0.8382,82.4,60.0,60.0016,16.2,0.912461,0.010033,0.005822,0.004682,0.003809,0.003242,0.003178,0.003409,0.002765,0.001737,0.001463,0.010996,0.006381,0.005131,0.004174,0.003483,0.00303,0.001603,0.000216,60.65,13.07,0.0269,7.1e-05,60.0
swell_21_02,swell_sim_21,SWL_0021_3p_cond21_med,21,test,Swell,6,SCENARIO_CONTROLLER,three-phase,"A,B,C",1.3,82.6,0.0262,0.1088,131,544,0.652912,1.059683,1.623009,0.8381,82.4,60.0,60.0016,16.2,0.912462,0.010035,0.00582,0.004682,0.003811,0.003242,0.003175,0.00341,0.002766,0.001735,0.001463,0.010998,0.006378,0.005131,0.004177,0.00348,0.003031,0.001603,0.000216,60.65,13.07,0.0269,7.2e-05,60.0
swell_21_03,swell_sim_21,SWL_0021_3p_cond21_med,21,test,Swell,6,SCENARIO_CONTROLLER,three-phase,"A,B,C",1.3,82.6,0.0272,0.1098,136,549,0.652912,1.059683,1.623009,0.8383,82.4,60.0,59.9997,16.19,0.912462,0.010033,0.005824,0.004679,0.003809,0.003247,0.003174,0.003405,0.002774,0.001731,0.001457,0.010996,0.006383,0.005128,0.004174,0.003479,0.00304,0.001597,0.000216,60.65,13.07,0.0269,7.2e-05,60.0
swell_21_04,swell_sim_21,SWL_0021_3p_cond21_med,21,test,Swell,6,SCENARIO_CONTROLLER,three-phase,"A,B,C",1.3,82.6,0.0282,0.1108,141,554,0.652918,1.059683,1.622995,0.839,82.4,60.0,59.9997,16.19,0.912472,0.010044,0.00582,0.004672,0.003823,0.003232,0.003183,0.003405,0.002768,0.001742,0.001445,0.011007,0.006378,0.00512,0.00419,0.003488,0.003034,0.001584,0.000216,60.65,13.07,0.0269,7.2e-05,60.0
swell_21_05,swell_sim_21,SWL_0021_3p_cond21_med,21,test,Swell,6,SCENARIO_CONTROLLER,three-phase,"A,B,C",1.3,82.6,0.0292,0.1118,146,559,0.652923,1.059683,1.622982,0.8384,82.4,60.0,59.9997,16.19,0.912481,0.010054,0.00581,0.004679,0.00382,0.00323,0.00319,0.003396,0.002778,0.001731,0.001455,0.011018,0.006367,0.005128,0.004186,0.003496,0.003044,0.001595,0.000216,60.65,13.07,0.0269,7.3e-05,60.0
swell_21_06,swell_sim_21,SWL_0021_3p_cond21_med,21,test,Swell,6,SCENARIO_CONTROLLER,three-phase,"A,B,C",1.3,82.6,0.0302,0.1128,151,564,0.652929,1.059683,1.622969,0.8369,82.4,60.0,59.9997,16.19,0.912489,0.010062,0.005803,0.004687,0.003812,0.003238,0.003181,0.003405,0.002769,0.00174,0.001444,0.011027,0.00636,0.005137,0.004178,0.003486,0.003035,0.001582,0.000216,60.65,13.07,0.0269,7.2e-05,60.0
swell_21_07,swell_sim_21,SWL_0021_3p_cond21_med,21,test,Swell,6,SCENARIO_CONTROLLER,three-phase,"A,B,C",1.3,82.6,0.0312,0.1138,156,569,0.652926,1.059683,1.622974,0.8367,82.4,60.0,59.9997,16.19,0.912486,0.010057,0.005807,0.004685,0.00381,0.003244,0.003171,0.003419,0.002757,0.001747,0.001442,0.011022,0.006364,0.005134,0.004175,0.003475,0.003021,0.00158,0.000216,60.65,13.07,0.0269,7.2e-05,60.0
swell_21_08,swell_sim_21,SWL_0021_3p_cond21_med,21,test,Swell,6,SCENARIO_CONTROLLER,three-phase,"A,B,C",1.3,82.6,0.0322,0.1148,161,574,0.652925,1.059683,1.622978,0.8366,82.4,60.0,59.9997,16.19,0.912484,0.010058,0.005805,0.004686,0.00381,0.003243,0.003172,0.003417,0.002757,0.001748,0.00144,0.011023,0.006362,0.005135,0.004175,0.003476,0.003021,0.001578,0.000216,60.65,13.07,0.0269,7.2e-05,60.0
swell_21_09,swell_sim_21,SWL_0021_3p_cond21_med,21,test,Swell,6,SCENARIO_CONTROLLER,three-phase,"A,B,C",1.3,82.6,0.0332,0.1158,166,579,0.652923,1.059683,1.622982,0.8365,82.4,60.0,59.9997,16.19,0.912481,0.010062,0.005803,0.004683,0.003813,0.003243,0.003169,0.003419,0.002759,0.001746,0.001441,0.011027,0.00636,0.005132,0.004179,0.003473,0.003024,0.001579,0.000216,60.65,13.07,0.0269,7.2e-05,60.0
swell_21_10,swell_sim_21,SWL_0021_3p_cond21_med,21,test,Swell,6,SCENARIO_CONTROLLER,three-phase,"A,B,C",1.3,82.6,0.0342,0.1168,171,584,0.652921,1.059683,1.622988,0.8369,82.4,60.0,59.9997,16.19,0.912479,0.010072,0.00581,0.004678,0.003808,0.003247,0.003172,0.003418,0.002759,0.001746,0.001436,0.011038,0.006367,0.005127,0.004173,0.003476,0.003024,0.001574,0.000217,60.65,13.07,0.0269,7.2e-05,60.0
swell_21_11,swell_sim_21,SWL_0021_3p_cond21_med,21,test,Swell,6,SCENARIO_CONTROLLER,three-phase,"A,B,C",1.3,82.6,0.0352,0.1178,176,589,0.652922,1.059683,1.622986,0.837,82.4,60.0,59.9998,16.19,0.91248,0.010072,0.005814,0.004684,0.003809,0.00324,0.003165,0.00342,0.002767,0.001754,0.001434,0.011038,0.006372,0.005133,0.004174,0.003469,0.003032,0.001572,0.000217,60.65,13.07,0.0269,7.2e-05,60.0
swell_21_12,swell_sim_21,SWL_0021_3p_cond21_med,21,test,Swell,6,SCENARIO_CONTROLLER,three-phase,"A,B,C",1.3,82.6,0.0362,0.1188,181,594,0.652918,1.059683,1.622995,0.8364,82.4,60.0,59.9998,16.19,0.912473,0.010078,0.005815,0.004677,0.003797,0.00323,0.003164,0.003426,0.002777,0.001766,0.00144,0.011045,0.006373,0.005126,0.004161,0.003467,0.003043,0.001578,0.000217,60.65,13.07,0.0269,7.2e-05,60.0
swell_21_13,swell_sim_21,SWL_0021_3p_cond21_med,21,test,Swell,6,SCENARIO_CONTROLLER,three-phase,"A,B,C",1.3,82.6,0.0372,0.1198,186,599,0.652919,1.059683,1.622993,0.836,82.4,60.0,59.9998,16.19,0.912475,0.010076,0.005813,0.004674,0.003795,0.003228,0.003162,0.003425,0.002777,0.001766,0.001443,0.011042,0.006371,0.005122,0.004159,0.003465,0.003043,0.001581,0.000217,60.65,13.07,0.0269,7.2e-05,60.0
swell_21_14,swell_sim_21,SWL_0021_3p_cond21_med,21,test,Swell,6,SCENARIO_CONTROLLER,three-phase,"A,B,C",1.3,82.6,0.0382,0.1208,191,604,0.652921,1.059683,1.622989,0.8355,82.4,60.0,59.9998,16.19,0.912478,0.010073,0.005811,0.004671,0.003792,0.003225,0.003159,0.003422,0.002774,0.001763,0.00144,0.011039,0.006368,0.005119,0.004156,0.003462,0.00304,0.001578,0.000216,60.65,13.07,0.0269,7.2e-05,60.0
swell_21_15,swell_sim_21,SWL_0021_3p_cond21_med,21,test,Swell,6,SCENARIO_CONTROLLER,three-phase,"A,B,C",1.3,82.6,0.0392,0.1218,196,609,0.652924,1.059683,1.622981,0.8361,82.4,60.0,59.9998,16.19,0.912483,0.010071,0.005812,0.004675,0.003796,0.00323,0.003165,0.003427,0.002776,0.001763,0.001439,0.011037,0.006369,0.005123,0.00416,0.003469,0.003042,0.001577,0.000217,60.65,13.07,0.0269,7.1e-05,60.0
swell_21_16,swell_sim_21,SWL_0021_3p_cond21_med,21,test,Swell,6,SCENARIO_CONTROLLER,three-phase,"A,B,C",1.3,82.6,0.0402,0.1228,201,614,0.652932,1.059683,1.62296,0.8369,82.4,60.0,59.9998,16.19,0.912496,0.010076,0.005826,0.004686,0.0038,0.003225,0.003153,0.003415,0.002774,0.00177,0.00145,0.011042,0.006385,0.005135,0.004164,0.003455,0.00304,0.001589,0.000217,60.65,13.07,0.0269,7.2e-05,60.0
swell_21_17,swell_sim_21,SWL_0021_3p_cond21_med,21,test,Swell,6,SCENARIO_CONTROLLER,three-phase,"A,B,C",1.3,82.6,0.0412,0.1238,206,619,0.652929,1.059683,1.622967,0.8368,82.4,60.0,59.9998,16.19,0.912491,0.010071,0.005821,0.004687,0.003805,0.003229,0.003153,0.00341,0.002771,0.001773,0.001454,0.011037,0.006379,0.005136,0.00417,0.003455,0.003037,0.001593,0.000217,60.65,13.08,0.0269,7.2e-05,60.0
swell_21_18,swell_sim_21,SWL_0021_3p_cond21_med,21,test,Swell,6,SCENARIO_CONTROLLER,three-phase,"A,B,C",1.3,82.6,0.0422,0.1248,211,624,0.652925,1.059683,1.622977,0.8372,82.4,60.0,59.9998,16.2,0.912486,0.010057,0.005828,0.004699,0.003801,0.003218,0.003154,0.003418,0.002768,0.001769,0.001456,0.011022,0.006387,0.00515,0.004166,0.003456,0.003033,0.001596,0.000217,60.65,13.08,0.0269,7e-05,60.0
swell_21_19,swell_sim_21,SWL_0021_3p_cond21_med,21,test,Swell,6,SCENARIO_CONTROLLER,three-phase,"A,B,C",1.3,82.6,0.0432,0.1258,216,629,0.652926,1.059683,1.622975,0.8362,82.4,60.0,59.9973,16.18,0.912486,0.010067,0.005811,0.004704,0.003813,0.003209,0.003147,0.003429,0.002764,0.001764,0.00146,0.011032,0.006368,0.005155,0.004179,0.003449,0.003029,0.0016,0.000217,60.65,13.08,0.0269,7.1e-05,60.0
swell_21_20,swell_sim_21,SWL_0021_3p_cond21_med,21,test,Swell,6,SCENARIO_CONTROLLER,three-phase,"A,B,C",1.3,82.6,0.0442,0.1268,221,634,0.652927,1.059683,1.622973,0.8363,82.4,60.0,59.9973,16.19,0.912487,0.010068,0.005812,0.004701,0.003816,0.003208,0.003146,0.003432,0.002762,0.001765,0.001462,0.011034,0.006369,0.005152,0.004182,0.003448,0.003027,0.001602,0.000217,60.65,13.08,0.0269,7.1e-05,60.0
swell_21_21,swell_sim_21,SWL_0021_3p_cond21_med,21,test,Swell,6,SCENARIO_CONTROLLER,three-phase,"A,B,C",1.3,82.6,0.0452,0.1278,226,639,0.652926,1.059683,1.622976,0.8366,82.4,60.0,59.9973,16.19,0.912486,0.010066,0.005814,0.004698,0.003819,0.003206,0.003144,0.003436,0.002756,0.001772,0.001455,0.011031,0.006372,0.005149,0.004185,0.003446,0.00302,0.001595,0.000217,60.65,13.08,0.0269,7e-05,60.0
swell_21_22,swell_sim_21,SWL_0021_3p_cond21_med,21,test,Swell,6,SCENARIO_CONTROLLER,three-phase,"A,B,C",1.3,82.6,0.0462,0.1288,231,644,0.652925,1.059683,1.622978,0.8369,82.4,60.0,59.9973,16.19,0.912484,0.010064,0.005816,0.004696,0.003821,0.003205,0.003144,0.003436,0.002757,0.001772,0.001455,0.011029,0.006374,0.005146,0.004187,0.003446,0.003021,0.001595,0.000217,60.65,13.08,0.0269,7.1e-05,60.0
swell_21_23,swell_sim_21,SWL_0021_3p_cond21_med,21,test,Swell,6,SCENARIO_CONTROLLER,three-phase,"A,B,C",1.3,82.6,0.0472,0.1298,236,649,0.652919,1.059683,1.622993,0.8362,82.4,60.0,59.9973,16.19,0.912475,0.010059,0.005816,0.004699,0.003815,0.003212,0.003137,0.003443,0.002752,0.001774,0.001455,0.011024,0.006374,0.00515,0.004181,0.003438,0.003016,0.001595,0.000216,60.65,13.08,0.0269,7e-05,60.0
swell_21_24,swell_sim_21,SWL_0021_3p_cond21_med,21,test,Swell,6,SCENARIO_CONTROLLER,three-phase,"A,B,C",1.3,82.6,0.0482,0.1308,241,654,0.65291,1.059683,1.623015,0.8348,82.4,60.0,59.9973,16.19,0.912461,0.010061,0.005804,0.004713,0.003805,0.003216,0.00314,0.003434,0.002761,0.001769,0.001454,0.011026,0.006361,0.005165,0.00417,0.003441,0.003026,0.001593,0.000216,60.65,13.08,0.0269,7.1e-05,60.0
swell_21_25,swell_sim_21,SWL_0021_3p_cond21_med,21,test,Swell,6,SCENARIO_CONTROLLER,three-phase,"A,B,C",1.3,82.6,0.0492,0.1318,246,659,0.652908,1.059683,1.62302,0.8348,82.4,60.0,59.9973,16.19,0.912458,0.010062,0.005799,0.004718,0.003805,0.00321,0.003148,0.003431,0.002753,0.001779,0.001452,0.011027,0.006355,0.005171,0.00417,0.00345,0.003017,0.001591,0.000216,60.65,13.08,0.0269,7.1e-05,60.0
swell_21_26,swell_sim_21,SWL_0021_3p_cond21_med,21,test,Swell,6,SCENARIO_CONTROLLER,three-phase,"A,B,C",1.3,82.6,0.0502,0.1328,251,664,0.65291,1.059683,1.623016,0.8349,82.4,60.0,59.9973,16.19,0.91246,0.010059,0.0058,0.00472,0.003802,0.003211,0.003151,0.003428,0.002751,0.001783,0.001451,0.011024,0.006356,0.005173,0.004167,0.003453,0.003015,0.00159,0.000216,60.65,13.08,0.0269,7.1e-05,60.0
swell_21_27,swell_sim_21,SWL_0021_3p_cond21_med,21,test,Swell,6,SCENARIO_CONTROLLER,three-phase,"A,B,C",1.3,82.6,0.0512,0.1338,256,669,0.65291,1.059683,1.623016,0.8348,82.4,60.0,59.9978,16.19,0.91246,0.010058,0.005799,0.00472,0.003803,0.003212,0.00315,0.003426,0.002751,0.001786,0.001452,0.011023,0.006355,0.005173,0.004168,0.003452,0.003015,0.001591,0.000216,60.65,13.08,0.0269,7.1e-05,60.0
swell_21_28,swell_sim_21,SWL_0021_3p_cond21_med,21,test,Swell,6,SCENARIO_CONTROLLER,three-phase,"A,B,C",1.3,82.6,0.0522,0.1348,261,674,0.652912,1.059683,1.623011,0.8352,82.4,60.0,60.0004,16.2,0.912464,0.010057,0.005805,0.004731,0.003811,0.003209,0.003139,0.003417,0.002747,0.00179,0.001462,0.011022,0.006362,0.005185,0.004177,0.00344,0.003011,0.001602,0.000216,60.65,13.07,0.0269,7e-05,60.0
swell_21_29,swell_sim_21,SWL_0021_3p_cond21_med,21,test,Swell,6,SCENARIO_CONTROLLER,three-phase,"A,B,C",1.3,82.6,0.0532,0.1358,266,679,0.652912,1.059683,1.623011,0.8349,82.4,60.0,60.0004,16.2,0.912464,0.010056,0.005802,0.004726,0.003806,0.003209,0.003145,0.003426,0.002756,0.001797,0.001461,0.011021,0.006359,0.005179,0.004171,0.003447,0.00302,0.001601,0.000216,60.65,13.07,0.0269,6.9e-05,60.0
swell_21_30,swell_sim_21,SWL_0021_3p_cond21_med,21,test,Swell,6,SCENARIO_CONTROLLER,three-phase,"A,B,C",1.3,82.6,0.0542,0.1368,271,684,0.652915,1.059683,1.623002,0.8343,82.4,60.0,60.0004,16.2,0.91247,0.010049,0.005795,0.00472,0.003803,0.003209,0.003148,0.00343,0.00276,0.001802,0.001467,0.011013,0.006351,0.005173,0.004168,0.00345,0.003025,0.001608,0.000216,60.65,13.07,0.0269,7e-05,60.0
swell_21_31,swell_sim_21,SWL_0021_3p_cond21_med,21,test,Swell,6,SCENARIO_CONTROLLER,three-phase,"A,B,C",1.3,82.6,0.0552,0.1378,276,689,0.652911,1.059683,1.623012,0.8361,82.4,60.0,60.0004,16.2,0.912464,0.010056,0.005803,0.00473,0.003813,0.00322,0.00316,0.003442,0.002772,0.001813,0.001478,0.011021,0.00636,0.005184,0.004179,0.003463,0.003038,0.00162,0.000217,60.65,13.08,0.0269,6.9e-05,60.0
swell_21_32,swell_sim_21,SWL_0021_3p_cond21_med,21,test,Swell,6,SCENARIO_CONTROLLER,three-phase,"A,B,C",1.3,82.6,0.0562,0.1388,281,694,0.652912,1.059683,1.623012,0.8363,82.4,60.0,60.0004,16.2,0.912464,0.010059,0.005807,0.004733,0.003815,0.003219,0.003156,0.003436,0.002764,0.001807,0.001474,0.011024,0.006364,0.005187,0.004181,0.003459,0.003029,0.001615,0.000217,60.65,13.08,0.0269,6.9e-05,60.0
swell_22_01,swell_sim_22,SWL_0022_3p_cond22_high,22,val,Swell,6,SCENARIO_CONTROLLER,three-phase,"A,B,C",1.3491,74.4,0.0254,0.0998,127,499,0.659046,1.10524,1.677031,0.8458,74.4,60.0,59.9486,14.9,0.918255,0.016272,0.006286,0.005654,0.003393,0.003183,0.003049,0.003362,0.002409,0.001951,0.001477,0.017721,0.006846,0.006157,0.003695,0.00332,0.002623,0.001608,0.00039,60.72,13.31,0.0328,7.1e-05,60.0
swell_22_02,swell_sim_22,SWL_0022_3p_cond22_high,22,val,Swell,6,SCENARIO_CONTROLLER,three-phase,"A,B,C",1.3491,74.4,0.0264,0.1008,132,504,0.659092,1.10524,1.676913,0.8128,74.4,60.0,59.9474,14.89,0.918283,0.016747,0.005816,0.005456,0.003846,0.003283,0.002662,0.003434,0.002606,0.001754,0.001392,0.018237,0.006334,0.005942,0.004188,0.002899,0.002838,0.001516,0.0004,60.72,13.34,0.0328,7.5e-05,60.0
swell_22_03,swell_sim_22,SWL_0022_3p_cond22_high,22,val,Swell,6,SCENARIO_CONTROLLER,three-phase,"A,B,C",1.3491,74.4,0.0274,0.1018,137,509,0.659016,1.10524,1.677106,0.7914,74.4,60.0,59.9479,14.89,0.918119,0.016969,0.005467,0.005888,0.003707,0.002892,0.003027,0.003417,0.002467,0.002021,0.001267,0.018482,0.005955,0.006413,0.004038,0.003297,0.002687,0.00138,0.000407,60.72,13.35,0.033,7e-05,60.0
swell_22_04,swell_sim_22,SWL_0022_3p_cond22_high,22,val,Swell,6,SCENARIO_CONTROLLER,three-phase,"A,B,C",1.3491,74.4,0.0284,0.1028,142,514,0.658867,1.10524,1.677485,0.7799,74.4,60.0,59.9479,14.89,0.917855,0.016862,0.005619,0.006085,0.003402,0.003188,0.002847,0.003373,0.002535,0.001824,0.001439,0.018371,0.006122,0.00663,0.003706,0.003102,0.002762,0.001568,0.000406,60.72,13.27,0.0331,7.1e-05,60.0
swell_22_05,swell_sim_22,SWL_0022_3p_cond22_high,22,val,Swell,6,SCENARIO_CONTROLLER,three-phase,"A,B,C",1.3491,74.4,0.0294,0.1038,147,519,0.658713,1.10524,1.677877,0.8152,74.4,60.0,59.9479,14.88,0.917599,0.01662,0.005899,0.005875,0.0036,0.003151,0.002863,0.003437,0.002516,0.001921,0.001347,0.018112,0.006429,0.006403,0.003923,0.00312,0.002742,0.001468,0.0004,60.72,13.19,0.0331,6.5e-05,60.0
swell_22_06,swell_sim_22,SWL_0022_3p_cond22_high,22,val,Swell,6,SCENARIO_CONTROLLER,three-phase,"A,B,C",1.3491,74.4,0.0304,0.1048,152,524,0.65865,1.10524,1.678039,0.8261,74.4,60.0,59.9479,14.88,0.917497,0.016518,0.005959,0.005793,0.003657,0.003069,0.002926,0.00337,0.002543,0.001876,0.001374,0.018003,0.006495,0.006314,0.003986,0.003189,0.002772,0.001498,0.000396,60.72,13.18,0.0332,6.5e-05,60.0
swell_22_07,swell_sim_22,SWL_0022_3p_cond22_high,22,val,Swell,6,SCENARIO_CONTROLLER,three-phase,"A,B,C",1.3491,74.4,0.0314,0.1058,157,529,0.658708,1.10524,1.677891,0.8373,74.4,60.0,59.9479,14.88,0.917586,0.016561,0.00603,0.005715,0.003737,0.002996,0.00295,0.003381,0.002477,0.001941,0.001331,0.018048,0.006572,0.006228,0.004073,0.003215,0.002699,0.001451,0.000398,60.72,13.2,0.0332,6.6e-05,60.0
swell_22_08,swell_sim_22,SWL_0022_3p_cond22_high,22,val,Swell,6,SCENARIO_CONTROLLER,three-phase,"A,B,C",1.3491,74.4,0.0324,0.1068,162,534,0.658861,1.10524,1.677501,0.8468,74.4,60.0,59.9479,14.89,0.917813,0.016516,0.006292,0.005541,0.00364,0.003178,0.00275,0.00346,0.002628,0.001786,0.001384,0.017995,0.006855,0.006037,0.003966,0.002996,0.002863,0.001508,0.000398,60.72,13.24,0.0331,6.8e-05,60.0
swell_22_09,swell_sim_22,SWL_0022_3p_cond22_high,22,val,Swell,6,SCENARIO_CONTROLLER,three-phase,"A,B,C",1.3491,74.4,0.0334,0.1078,167,539,0.659013,1.10524,1.677114,0.8516,74.4,60.0,59.9479,14.89,0.918023,0.016209,0.006362,0.005808,0.003367,0.003196,0.003051,0.003309,0.0024,0.001961,0.001473,0.017656,0.00693,0.006327,0.003668,0.003323,0.002614,0.001605,0.000391,60.72,13.32,0.0331,7.2e-05,60.0
swell_22_10,swell_sim_22,SWL_0022_3p_cond22_high,22,val,Swell,6,SCENARIO_CONTROLLER,three-phase,"A,B,C",1.3491,74.4,0.0344,0.1088,172,544,0.659099,1.10524,1.676895,0.8261,74.4,60.0,59.9479,14.9,0.918115,0.015704,0.005988,0.006167,0.003746,0.002843,0.002764,0.003557,0.002702,0.00185,0.00125,0.017105,0.006522,0.006717,0.00408,0.003011,0.002943,0.001361,0.000375,60.72,13.36,0.0332,7.4e-05,60.0
swell_22_11,swell_sim_22,SWL_0022_3p_cond22_high,22,val,Swell,6,SCENARIO_CONTROLLER,three-phase,"A,B,C",1.3491,74.4,0.0354,0.1098,177,549,0.659065,1.10524,1.676982,0.8004,74.4,60.0,59.9501,14.91,0.918017,0.015354,0.005538,0.005918,0.003874,0.00324,0.002884,0.003271,0.002396,0.001819,0.00142,0.016725,0.006033,0.006447,0.00422,0.003142,0.00261,0.001547,0.000357,60.72,13.34,0.0333,7.2e-05,60.0
swell_22_12,swell_sim_22,SWL_0022_3p_cond22_high,22,val,Swell,6,SCENARIO_CONTROLLER,three-phase,"A,B,C",1.3491,74.4,0.0364,0.1108,182,554,0.658934,1.10524,1.677314,0.7823,74.4,60.0,59.9501,14.9,0.917777,0.01535,0.005533,0.005542,0.003482,0.00313,0.002968,0.003557,0.00267,0.001958,0.001424,0.016725,0.006029,0.006039,0.003794,0.003234,0.002909,0.001552,0.000353,60.72,13.28,0.0334,6.8e-05,60.0
swell_22_13,swell_sim_22,SWL_0022_3p_cond22_high,22,val,Swell,6,SCENARIO_CONTROLLER,three-phase,"A,B,C",1.3491,74.4,0.0374,0.1118,187,559,0.658775,1.10524,1.67772,0.8022,74.4,60.0,59.9501,14.9,0.917506,0.015576,0.005827,0.005656,0.003541,0.002957,0.002772,0.003327,0.002469,0.001794,0.001305,0.016976,0.006351,0.006165,0.003859,0.003021,0.002691,0.001422,0.00036,60.72,13.21,0.0335,6.8e-05,60.0
swell_22_14,swell_sim_22,SWL_0022_3p_cond22_high,22,val,Swell,6,SCENARIO_CONTROLLER,three-phase,"A,B,C",1.3491,74.4,0.0384,0.1128,192,564,0.658679,1.10524,1.677964,0.8247,74.4,60.0,59.9501,14.89,0.91735,0.015735,0.005949,0.0058,0.003667,0.003092,0.002896,0.003442,0.002565,0.001888,0.001387,0.017153,0.006485,0.006323,0.003997,0.003157,0.002796,0.001512,0.000372,60.72,13.18,0.0335,6.7e-05,60.0
swell_22_15,swell_sim_22,SWL_0022_3p_cond22_high,22,val,Swell,6,SCENARIO_CONTROLLER,three-phase,"A,B,C",1.3491,74.4,0.0394,0.1138,197,569,0.658687,1.10524,1.677945,0.8282,74.4,60.0,59.9501,14.89,0.917362,0.015734,0.005969,0.005824,0.003692,0.00312,0.002912,0.00345,0.002539,0.001859,0.001346,0.017151,0.006507,0.006349,0.004025,0.003174,0.002768,0.001467,0.000373,60.72,13.18,0.0335,6.8e-05,60.0
swell_22_16,swell_sim_22,SWL_0022_3p_cond22_high,22,val,Swell,6,SCENARIO_CONTROLLER,three-phase,"A,B,C",1.3491,74.4,0.0404,0.1148,202,574,0.658808,1.10524,1.677636,0.8411,74.4,60.0,59.9501,14.9,0.917544,0.01573,0.006172,0.006004,0.003722,0.003091,0.00276,0.003303,0.002542,0.001918,0.001453,0.017144,0.006727,0.006544,0.004056,0.003008,0.00277,0.001584,0.000376,60.72,13.24,0.0335,6.6e-05,60.0
swell_22_17,swell_sim_22,SWL_0022_3p_cond22_high,22,val,Swell,6,SCENARIO_CONTROLLER,three-phase,"A,B,C",1.3491,74.4,0.0414,0.1158,207,579,0.65897,1.10524,1.677223,0.8469,74.4,60.0,59.9501,14.9,0.917775,0.015974,0.006353,0.005916,0.003398,0.002876,0.002917,0.003556,0.002513,0.001753,0.001337,0.017405,0.006922,0.006446,0.003702,0.003178,0.002738,0.001457,0.000383,60.72,13.28,0.0335,7.2e-05,60.0
swell_22_18,swell_sim_22,SWL_0022_3p_cond22_high,22,val,Swell,6,SCENARIO_CONTROLLER,three-phase,"A,B,C",1.3491,74.4,0.0424,0.1168,212,584,0.659086,1.10524,1.676929,0.8348,74.4,60.0,59.9501,14.91,0.917918,0.016442,0.006129,0.005482,0.003554,0.003262,0.00292,0.003239,0.002592,0.002002,0.00133,0.017912,0.006677,0.005972,0.003872,0.003181,0.002824,0.001449,0.000393,60.72,13.35,0.0335,7.3e-05,60.0
swell_22_19,swell_sim_22,SWL_0022_3p_cond22_high,22,val,Swell,6,SCENARIO_CONTROLLER,three-phase,"A,B,C",1.3491,74.4,0.0434,0.1178,217,589,0.659093,1.10524,1.67691,0.8028,74.4,60.0,59.9511,14.91,0.917884,0.016857,0.005628,0.005525,0.00391,0.003068,0.002708,0.003566,0.002457,0.001758,0.001509,0.018365,0.006131,0.006019,0.00426,0.00295,0.002677,0.001644,0.000403,60.72,13.33,0.0336,7.2e-05,60.0
swell_22_20,swell_sim_22,SWL_0022_3p_cond22_high,22,val,Swell,6,SCENARIO_CONTROLLER,three-phase,"A,B,C",1.3491,74.4,0.0444,0.1188,222,594,0.658988,1.10524,1.677179,0.7834,74.4,60.0,59.9511,14.91,0.917677,0.016956,0.005453,0.00597,0.003576,0.002907,0.003027,0.003282,0.002639,0.001891,0.001304,0.018477,0.005942,0.006506,0.003897,0.003299,0.002876,0.001421,0.000406,60.72,13.31,0.0337,7e-05,60.0
swell_22_21,swell_sim_22,SWL_0022_3p_cond22_high,22,val,Swell,6,SCENARIO_CONTROLLER,three-phase,"A,B,C",1.3491,74.4,0.0454,0.1198,227,599,0.658828,1.10524,1.677585,0.7859,74.4,60.0,59.9511,14.9,0.917401,0.016776,0.005709,0.005997,0.003447,0.003209,0.00274,0.00347,0.002469,0.00188,0.001369,0.018286,0.006223,0.006537,0.003757,0.002987,0.002691,0.001492,0.000403,60.72,13.22,0.0338,6.9e-05,60.0
swell_22_22,swell_sim_22,SWL_0022_3p_cond22_high,22,val,Swell,6,SCENARIO_CONTROLLER,three-phase,"A,B,C",1.3491,74.4,0.0464,0.1208,232,604,0.658699,1.10524,1.677914,0.8205,74.4,60.0,59.9511,14.9,0.917189,0.016563,0.005918,0.005789,0.003649,0.003065,0.00288,0.003377,0.00259,0.001818,0.001422,0.018058,0.006452,0.006312,0.003978,0.00314,0.002824,0.00155,0.000397,60.72,13.19,0.0338,6.6e-05,60.0
swell_22_23,swell_sim_22,SWL_0022_3p_cond22_high,22,val,Swell,6,SCENARIO_CONTROLLER,three-phase,"A,B,C",1.3491,74.4,0.0474,0.1218,237,609,0.658673,1.10524,1.677981,0.824,74.4,60.0,59.9511,14.89,0.917147,0.01652,0.005939,0.005758,0.003666,0.003033,0.002897,0.003359,0.002573,0.001827,0.001395,0.018012,0.006476,0.006278,0.003997,0.003159,0.002805,0.001521,0.000396,60.72,13.17,0.0338,6.7e-05,60.0
swell_22_24,swell_sim_22,SWL_0022_3p_cond22_high,22,val,Swell,6,SCENARIO_CONTROLLER,three-phase,"A,B,C",1.3491,74.4,0.0484,0.1228,242,614,0.65876,1.10524,1.677758,0.8384,74.4,60.0,59.9511,14.9,0.91728,0.016566,0.006066,0.005626,0.003756,0.002967,0.00287,0.003429,0.002493,0.001881,0.001402,0.01806,0.006613,0.006133,0.004095,0.003129,0.002718,0.001528,0.000398,60.72,13.22,0.0338,6.6e-05,60.0
swell_22_25,swell_sim_22,SWL_0022_3p_cond22_high,22,val,Swell,6,SCENARIO_CONTROLLER,three-phase,"A,B,C",1.3491,74.4,0.0494,0.1238,247,619,0.658928,1.10524,1.677332,0.8446,74.4,60.0,59.9511,14.91,0.917525,0.016437,0.006322,0.005554,0.003509,0.003246,0.002788,0.003311,0.002676,0.001826,0.001279,0.017914,0.00689,0.006053,0.003824,0.003039,0.002917,0.001394,0.000395,60.72,13.27,0.0338,6.8e-05,60.0
swell_22_26,swell_sim_22,SWL_0022_3p_cond22_high,22,val,Swell,6,SCENARIO_CONTROLLER,three-phase,"A,B,C",1.3491,74.4,0.0504,0.1248,252,624,0.659068,1.10524,1.676974,0.8438,74.4,60.0,59.9511,14.91,0.917711,0.01604,0.006254,0.00595,0.003409,0.003024,0.003039,0.003424,0.002477,0.001764,0.001472,0.017478,0.006815,0.006484,0.003715,0.003312,0.002699,0.001604,0.000385,60.72,13.32,0.0338,7.4e-05,60.0
swell_22_27,swell_sim_22,SWL_0022_3p_cond22_high,22,val,Swell,6,SCENARIO_CONTROLLER,three-phase,"A,B,C",1.3491,74.4,0.0514,0.1258,257,629,0.659114,1.10524,1.676857,0.8131,74.4,60.0,59.9499,14.91,0.917741,0.01558,0.005816,0.006122,0.003833,0.002921,0.002677,0.003368,0.002663,0.001942,0.001382,0.016976,0.006337,0.006671,0.004177,0.002917,0.002902,0.001506,0.000369,60.72,13.31,0.0338,7.1e-05,60.0
swell_22_28,swell_sim_22,SWL_0022_3p_cond22_high,22,val,Swell,6,SCENARIO_CONTROLLER,three-phase,"A,B,C",1.3491,74.4,0.0524,0.1268,262,634,0.659041,1.10524,1.677042,0.7921,74.4,60.0,59.9508,14.91,0.917582,0.015335,0.005474,0.005712,0.003694,0.003294,0.003037,0.003385,0.002535,0.001677,0.001261,0.016712,0.005966,0.006225,0.004026,0.00331,0.002763,0.001374,0.000354,60.72,13.32,0.0339,7.2e-05,60.0
swell_22_29,swell_sim_22,SWL_0022_3p_cond22_high,22,val,Swell,6,SCENARIO_CONTROLLER,three-phase,"A,B,C",1.3491,74.4,0.0534,0.1278,267,639,0.658885,1.10524,1.677439,0.7803,74.4,60.0,59.9508,14.9,0.917305,0.015446,0.005639,0.005489,0.003374,0.002982,0.002837,0.003421,0.002597,0.001893,0.001458,0.016838,0.006147,0.005984,0.003678,0.003093,0.002831,0.001589,0.000353,60.72,13.24,0.034,7e-05,60.0
swell_22_30,swell_sim_22,SWL_0022_3p_cond22_high,22,val,Swell,6,SCENARIO_CONTROLLER,three-phase,"A,B,C",1.3491,74.4,0.0544,0.1288,272,644,0.65874,1.10524,1.677808,0.8137,74.4,60.0,59.9508,14.9,0.917064,0.015678,0.005904,0.005694,0.003562,0.003012,0.002851,0.003356,0.00258,0.001802,0.001366,0.017096,0.006438,0.006209,0.003884,0.003109,0.002813,0.00149,0.000366,60.72,13.19,0.0341,6.7e-05,60.0
swell_22_31,swell_sim_22,SWL_0022_3p_cond22_high,22,val,Swell,6,SCENARIO_CONTROLLER,three-phase,"A,B,C",1.3491,74.4,0.0554,0.1298,277,649,0.658676,1.10524,1.677972,0.8232,74.4,60.0,59.9508,14.89,0.91696,0.015781,0.00596,0.005767,0.00361,0.003084,0.002903,0.003409,0.002592,0.001828,0.00138,0.01721,0.0065,0.006289,0.003937,0.003166,0.002827,0.001505,0.000372,60.72,13.17,0.0341,6.7e-05,60.0
swell_22_32,swell_sim_22,SWL_0022_3p_cond22_high,22,val,Swell,6,SCENARIO_CONTROLLER,three-phase,"A,B,C",1.3491,74.4,0.0564,0.1308,282,654,0.658721,1.10524,1.677858,0.8323,74.4,60.0,59.9508,14.89,0.917029,0.015753,0.00602,0.005835,0.003674,0.003143,0.002918,0.003394,0.002528,0.001764,0.001335,0.017178,0.006565,0.006363,0.004006,0.003182,0.002757,0.001456,0.000373,60.72,13.19,0.0341,6.9e-05,60.0
swell_23_01,swell_sim_23,SWL_0023_3p_cond23_med,23,train,Swell,6,SCENARIO_CONTROLLER,three-phase,"A,B,C",1.2753,82.2,0.0252,0.1074,126,537,0.648058,1.040501,1.605567,0.8354,82.0,60.0,60.0518,16.94,0.906401,0.009416,0.005603,0.004769,0.004084,0.003201,0.003043,0.003588,0.002855,0.001761,0.001452,0.010388,0.006182,0.005261,0.004506,0.003357,0.00315,0.001602,0.000205,60.63,13.18,0.0251,7.2e-05,60.0
swell_23_02,swell_sim_23,SWL_0023_3p_cond23_med,23,train,Swell,6,SCENARIO_CONTROLLER,three-phase,"A,B,C",1.2753,82.2,0.0262,0.1084,131,542,0.647975,1.040501,1.605773,0.8663,82.0,60.0,60.0518,16.94,0.906307,0.009006,0.006048,0.004899,0.003654,0.003174,0.003423,0.003476,0.002632,0.001972,0.00153,0.009937,0.006673,0.005405,0.004032,0.003777,0.002904,0.001688,0.000202,60.63,13.24,0.025,7.6e-05,60.0
swell_23_03,swell_sim_23,SWL_0023_3p_cond23_med,23,train,Swell,6,SCENARIO_CONTROLLER,three-phase,"A,B,C",1.2753,82.2,0.0272,0.1094,136,547,0.648008,1.040501,1.60569,0.8861,82.0,60.0,60.0503,16.93,0.906395,0.008902,0.006415,0.004492,0.003693,0.003518,0.003117,0.0035,0.002832,0.001717,0.001619,0.009821,0.007077,0.004956,0.004074,0.003439,0.003124,0.001786,0.000202,60.63,13.21,0.0249,7.3e-05,60.0
swell_23_04,swell_sim_23,SWL_0023_3p_cond23_med,23,train,Swell,6,SCENARIO_CONTROLLER,three-phase,"A,B,C",1.2753,82.2,0.0282,0.1104,141,552,0.648152,1.040501,1.605334,0.9051,82.0,60.0,60.0503,16.93,0.906647,0.009166,0.006324,0.004278,0.004068,0.003152,0.003286,0.003511,0.002707,0.001948,0.001407,0.01011,0.006975,0.004718,0.004487,0.003624,0.002986,0.001552,0.000205,60.63,13.15,0.0248,7.4e-05,60.0
swell_23_05,swell_sim_23,SWL_0023_3p_cond23_med,23,train,Swell,6,SCENARIO_CONTROLLER,three-phase,"A,B,C",1.2753,82.2,0.0292,0.1114,146,557,0.648314,1.040501,1.604933,0.8704,82.0,60.0,60.0503,16.94,0.906914,0.009487,0.006019,0.004539,0.00389,0.00323,0.003308,0.003448,0.002769,0.001835,0.001522,0.010461,0.006637,0.005005,0.004289,0.003648,0.003053,0.001678,0.000209,60.62,13.09,0.0248,7e-05,60.0
swell_23_06,swell_sim_23,SWL_0023_3p_cond23_med,23,train,Swell,6,SCENARIO_CONTROLLER,three-phase,"A,B,C",1.2753,82.2,0.0302,0.1124,151,562,0.648413,1.040501,1.604688,0.8515,82.0,60.0,60.0503,16.94,0.907071,0.009629,0.005905,0.004636,0.003796,0.003316,0.003221,0.003508,0.002741,0.001858,0.001515,0.010615,0.00651,0.005111,0.004185,0.003551,0.003022,0.00167,0.00021,60.62,13.04,0.0247,6.6e-05,60.0
swell_23_07,swell_sim_23,SWL_0023_3p_cond23_med,23,train,Swell,6,SCENARIO_CONTROLLER,three-phase,"A,B,C",1.2753,82.2,0.0312,0.1134,156,567,0.648391,1.040501,1.604743,0.8473,82.0,60.0,60.0503,16.94,0.907037,0.009628,0.00588,0.004671,0.003762,0.003338,0.003215,0.003491,0.002777,0.001824,0.001533,0.010615,0.006483,0.00515,0.004148,0.003545,0.003062,0.00169,0.00021,60.62,13.05,0.0247,6.6e-05,60.0
swell_23_08,swell_sim_23,SWL_0023_3p_cond23_med,23,train,Swell,6,SCENARIO_CONTROLLER,three-phase,"A,B,C",1.2753,82.2,0.0322,0.1144,161,572,0.648267,1.040501,1.60505,0.841,82.0,60.0,60.0503,16.94,0.906852,0.009744,0.005675,0.004778,0.00382,0.003179,0.003372,0.003463,0.002661,0.001945,0.001514,0.010745,0.006258,0.005269,0.004212,0.003718,0.002934,0.00167,0.000211,60.62,13.1,0.0248,6.8e-05,60.0
swell_23_09,swell_sim_23,SWL_0023_3p_cond23_med,23,train,Swell,6,SCENARIO_CONTROLLER,three-phase,"A,B,C",1.2753,82.2,0.0332,0.1154,166,577,0.648103,1.040501,1.605454,0.8342,82.0,60.0,60.0503,16.93,0.906617,0.010094,0.005541,0.004533,0.004102,0.003209,0.003111,0.00359,0.002849,0.001786,0.001436,0.011134,0.006112,0.005,0.004525,0.003431,0.003142,0.001584,0.000216,60.63,13.16,0.0248,7.2e-05,60.0
swell_23_10,swell_sim_23,SWL_0023_3p_cond23_med,23,train,Swell,6,SCENARIO_CONTROLLER,three-phase,"A,B,C",1.2753,82.2,0.0342,0.1164,171,582,0.647987,1.040501,1.605743,0.8557,82.0,60.0,60.0503,16.93,0.906468,0.010518,0.005865,0.004201,0.003822,0.003496,0.00334,0.003375,0.002581,0.001895,0.001646,0.011603,0.00647,0.004634,0.004216,0.003685,0.002847,0.001816,0.000225,60.63,13.22,0.0247,7.5e-05,60.0
swell_23_11,swell_sim_23,SWL_0023_3p_cond23_med,23,train,Swell,6,SCENARIO_CONTROLLER,three-phase,"A,B,C",1.2753,82.2,0.0352,0.1174,176,587,0.647982,1.040501,1.605755,0.8815,82.0,60.0,60.0506,16.93,0.906498,0.010717,0.006339,0.004517,0.003585,0.003076,0.00329,0.003654,0.002895,0.001932,0.001473,0.011822,0.006993,0.004983,0.003955,0.003629,0.003194,0.001625,0.000236,60.63,13.2,0.0246,7.4e-05,60.0
swell_23_12,swell_sim_23,SWL_0023_3p_cond23_med,23,train,Swell,6,SCENARIO_CONTROLLER,three-phase,"A,B,C",1.2753,82.2,0.0362,0.1184,181,592,0.648095,1.040501,1.605475,0.9036,82.0,60.0,60.0506,16.93,0.906707,0.01057,0.006418,0.004884,0.004012,0.003266,0.003137,0.003358,0.002596,0.001764,0.001454,0.011658,0.007078,0.005387,0.004425,0.00346,0.002863,0.001604,0.000237,60.63,13.2,0.0246,7.3e-05,60.0
swell_23_13,swell_sim_23,SWL_0023_3p_cond23_med,23,train,Swell,6,SCENARIO_CONTROLLER,three-phase,"A,B,C",1.2753,82.2,0.0372,0.1194,186,597,0.648254,1.040501,1.605083,0.8888,82.0,60.0,60.0506,16.94,0.906971,0.010262,0.006144,0.004724,0.003992,0.003388,0.00336,0.003595,0.002815,0.001946,0.001588,0.011315,0.006774,0.005209,0.004401,0.003705,0.003104,0.001751,0.000231,60.62,13.09,0.0245,7.1e-05,60.0
swell_23_14,swell_sim_23,SWL_0023_3p_cond23_med,23,train,Swell,6,SCENARIO_CONTROLLER,three-phase,"A,B,C",1.2753,82.2,0.0382,0.1204,191,602,0.648389,1.040501,1.604748,0.8525,82.0,60.0,60.0506,16.94,0.907188,0.010034,0.005938,0.004523,0.003796,0.0032,0.003185,0.003436,0.002681,0.001825,0.001489,0.011061,0.006546,0.004986,0.004184,0.003511,0.002955,0.001641,0.000216,60.62,13.05,0.0244,6.5e-05,60.0
swell_23_15,swell_sim_23,SWL_0023_3p_cond23_med,23,train,Swell,6,SCENARIO_CONTROLLER,three-phase,"A,B,C",1.2753,82.2,0.0392,0.1214,196,607,0.648416,1.040501,1.60468,0.8521,82.0,60.0,60.0506,16.95,0.907231,0.009999,0.00592,0.004515,0.003799,0.003212,0.003205,0.003476,0.002734,0.00188,0.001536,0.011021,0.006525,0.004977,0.004187,0.003533,0.003014,0.001693,0.000216,60.62,13.04,0.0244,6.7e-05,60.0
swell_23_16,swell_sim_23,SWL_0023_3p_cond23_med,23,train,Swell,6,SCENARIO_CONTROLLER,three-phase,"A,B,C",1.2753,82.2,0.0402,0.1224,201,612,0.648314,1.040501,1.604934,0.8422,82.0,60.0,60.0506,16.94,0.907077,0.009962,0.005764,0.004379,0.003755,0.003269,0.003322,0.003588,0.002748,0.001823,0.001448,0.010983,0.006354,0.004828,0.00414,0.003662,0.00303,0.001596,0.000213,60.62,13.06,0.0244,6.7e-05,60.0
swell_23_17,swell_sim_23,SWL_0023_3p_cond23_med,23,train,Swell,6,SCENARIO_CONTROLLER,three-phase,"A,B,C",1.2753,82.2,0.0412,0.1234,206,617,0.648146,1.040501,1.605349,0.8362,82.0,60.0,60.0506,16.94,0.906833,0.009699,0.00554,0.004501,0.004051,0.003431,0.003226,0.003353,0.00273,0.001976,0.00157,0.010695,0.006109,0.004963,0.004467,0.003557,0.00301,0.001731,0.000209,60.63,13.13,0.0245,6.9e-05,60.0
swell_23_18,swell_sim_23,SWL_0023_3p_cond23_med,23,train,Swell,6,SCENARIO_CONTROLLER,three-phase,"A,B,C",1.2753,82.2,0.0422,0.1244,211,622,0.648007,1.040501,1.605694,0.8437,82.0,60.0,60.0506,16.93,0.906645,0.009261,0.005704,0.004891,0.003994,0.003065,0.003166,0.00366,0.002715,0.001734,0.001576,0.010215,0.006291,0.005395,0.004405,0.003492,0.002995,0.001738,0.000204,60.63,13.2,0.0244,7e-05,60.0
swell_23_19,swell_sim_23,SWL_0023_3p_cond23_med,23,train,Swell,6,SCENARIO_CONTROLLER,three-phase,"A,B,C",1.2753,82.2,0.0432,0.1254,216,627,0.647962,1.040501,1.605806,0.8752,82.0,60.0,60.0498,16.92,0.906611,0.008919,0.0062,0.004809,0.003579,0.003331,0.003422,0.003323,0.002793,0.00198,0.001383,0.009838,0.006839,0.005304,0.003948,0.003774,0.003081,0.001525,0.000201,60.63,13.24,0.0244,7.5e-05,60.0
swell_23_20,swell_sim_23,SWL_0023_3p_cond23_med,23,train,Swell,6,SCENARIO_CONTROLLER,three-phase,"A,B,C",1.2753,82.2,0.0442,0.1264,221,632,0.64804,1.040501,1.605612,0.8955,82.0,60.0,60.0498,16.93,0.906768,0.008948,0.006443,0.004337,0.003886,0.003432,0.003054,0.00363,0.002662,0.001845,0.001597,0.009868,0.007105,0.004783,0.004286,0.003368,0.002936,0.001761,0.000203,60.63,13.21,0.0243,7.8e-05,60.0
swell_23_21,swell_sim_23,SWL_0023_3p_cond23_med,23,train,Swell,6,SCENARIO_CONTROLLER,three-phase,"A,B,C",1.2753,82.2,0.0452,0.1274,226,637,0.648199,1.040501,1.605218,0.9003,82.0,60.0,60.0498,16.93,0.907038,0.009265,0.00623,0.004343,0.004068,0.00311,0.003367,0.003395,0.002819,0.001831,0.001541,0.010215,0.006869,0.004788,0.004485,0.003712,0.003108,0.001699,0.000206,60.63,13.13,0.0242,6.9e-05,60.0
swell_23_22,swell_sim_23,SWL_0023_3p_cond23_med,23,train,Swell,6,SCENARIO_CONTROLLER,three-phase,"A,B,C",1.2753,82.2,0.0462,0.1284,231,642,0.648344,1.040501,1.604858,0.8594,82.0,60.0,60.0498,16.94,0.907275,0.009535,0.005967,0.004596,0.003841,0.003302,0.003231,0.003512,0.002704,0.001897,0.001482,0.010509,0.006577,0.005066,0.004234,0.003561,0.00298,0.001633,0.000209,60.62,13.05,0.0242,6.6e-05,60.0
swell_23_23,swell_sim_23,SWL_0023_3p_cond23_med,23,train,Swell,6,SCENARIO_CONTROLLER,three-phase,"A,B,C",1.2753,82.2,0.0472,0.1294,236,647,0.648406,1.040501,1.604707,0.8551,82.0,60.0,60.0498,16.94,0.907371,0.009608,0.005924,0.004617,0.003828,0.003303,0.003232,0.003489,0.002747,0.001854,0.00153,0.010589,0.006529,0.005088,0.004219,0.003562,0.003027,0.001686,0.00021,60.62,13.03,0.0242,6.4e-05,60.0
swell_23_24,swell_sim_23,SWL_0023_3p_cond23_med,23,train,Swell,6,SCENARIO_CONTROLLER,three-phase,"A,B,C",1.2753,82.2,0.0482,0.1304,241,652,0.648353,1.040501,1.604836,0.8476,82.0,60.0,60.0498,16.94,0.907292,0.009618,0.005856,0.004695,0.003773,0.003319,0.003256,0.003429,0.0028,0.001831,0.001509,0.010601,0.006454,0.005175,0.004159,0.003589,0.003086,0.001663,0.00021,60.62,13.05,0.0242,6.7e-05,60.0
swell_23_25,swell_sim_23,SWL_0023_3p_cond23_med,23,train,Swell,6,SCENARIO_CONTROLLER,three-phase,"A,B,C",1.2753,82.2,0.0492,0.1314,246,657,0.648201,1.040501,1.605212,0.8426,82.0,60.0,60.0498,16.93,0.907067,0.009816,0.005612,0.004728,0.003961,0.003095,0.003352,0.003552,0.002643,0.001865,0.001613,0.010822,0.006187,0.005212,0.004367,0.003695,0.002914,0.001778,0.000212,60.63,13.11,0.0242,7.2e-05,60.0
swell_23_26,swell_sim_23,SWL_0023_3p_cond23_med,23,train,Swell,6,SCENARIO_CONTROLLER,three-phase,"A,B,C",1.2753,82.2,0.0502,0.1324,251,662,0.648037,1.040501,1.60562,0.8393,82.0,60.0,60.0498,16.93,0.906837,0.010245,0.005613,0.004342,0.004127,0.003369,0.003065,0.003417,0.002877,0.001929,0.00142,0.011298,0.00619,0.004788,0.004551,0.00338,0.003173,0.001566,0.000219,60.63,13.2,0.0242,7.4e-05,60.0
swell_23_27,swell_sim_23,SWL_0023_3p_cond23_med,23,train,Swell,6,SCENARIO_CONTROLLER,three-phase,"A,B,C",1.2753,82.2,0.0512,0.1334,256,667,0.647955,1.040501,1.605823,0.8701,82.0,60.0,60.0498,16.92,0.906745,0.010623,0.006061,0.004201,0.003696,0.003392,0.003444,0.003523,0.002653,0.001727,0.001502,0.011716,0.006684,0.004633,0.004076,0.003798,0.002926,0.001656,0.000229,60.63,13.22,0.0241,7.3e-05,60.0
swell_23_28,swell_sim_23,SWL_0023_3p_cond23_med,23,train,Swell,6,SCENARIO_CONTROLLER,three-phase,"A,B,C",1.2753,82.2,0.0522,0.1344,261,672,0.647994,1.040501,1.605726,0.8897,82.0,60.0,60.0478,16.92,0.906841,0.010698,0.006423,0.004641,0.003755,0.003052,0.003121,0.003468,0.002829,0.001988,0.001622,0.011797,0.007083,0.005118,0.004141,0.003442,0.00312,0.001789,0.000237,60.63,13.21,0.0241,7.6e-05,60.0
swell_23_29,swell_sim_23,SWL_0023_3p_cond23_med,23,train,Swell,6,SCENARIO_CONTROLLER,three-phase,"A,B,C",1.2753,82.2,0.0532,0.1354,266,677,0.648135,1.040501,1.605378,0.9086,82.0,60.0,60.0478,16.93,0.907088,0.010462,0.006339,0.004824,0.004123,0.003414,0.003278,0.00345,0.0027,0.001761,0.001415,0.011534,0.006988,0.005318,0.004545,0.003614,0.002977,0.00156,0.000237,60.63,13.14,0.024,7.2e-05,60.0
swell_23_30,swell_sim_23,SWL_0023_3p_cond23_med,23,train,Swell,6,SCENARIO_CONTROLLER,three-phase,"A,B,C",1.2753,82.2,0.0542,0.1364,271,682,0.648294,1.040501,1.604983,0.8747,82.0,60.0,60.0478,16.93,0.90735,0.010156,0.006041,0.004575,0.003949,0.003331,0.003302,0.003506,0.002762,0.001873,0.001529,0.011193,0.006658,0.005042,0.004352,0.003639,0.003044,0.001685,0.000224,60.62,13.08,0.024,6.7e-05,60.0
swell_23_31,swell_sim_23,SWL_0023_3p_cond23_med,23,train,Swell,6,SCENARIO_CONTROLLER,three-phase,"A,B,C",1.2753,82.2,0.0552,0.1374,276,687,0.648392,1.040501,1.604741,0.855,82.0,60.0,60.0478,16.94,0.907506,0.010007,0.005925,0.004469,0.003849,0.003236,0.003206,0.003434,0.002722,0.001834,0.001509,0.011027,0.006529,0.004924,0.004241,0.003533,0.002999,0.001663,0.000216,60.62,13.03,0.0239,6.6e-05,60.0
swell_23_32,swell_sim_23,SWL_0023_3p_cond23_med,23,train,Swell,6,SCENARIO_CONTROLLER,three-phase,"A,B,C",1.2753,82.2,0.0562,0.1384,281,692,0.648373,1.040501,1.604788,0.8513,82.0,60.0,60.0478,16.94,0.907477,0.010006,0.005898,0.004434,0.00382,0.003222,0.00321,0.003464,0.002765,0.00187,0.00152,0.011026,0.006499,0.004886,0.004209,0.003537,0.003047,0.001675,0.000215,60.62,13.05,0.0239,6.8e-05,60.0
swell_24_01,swell_sim_24,SWL_0024_2p_phAB_cond24,24,train,Swell,6,SCENARIO_CONTROLLER,phase-to-phase,"A,B",1.3506,66.2,0.0252,0.0914,126,457,0.650953,1.103392,1.695042,0.9169,66.2,60.0,59.9652,15.07,0.907237,0.011841,0.00706,0.005212,0.003328,0.003031,0.002877,0.002912,0.002341,0.001814,0.001379,0.013052,0.007782,0.005745,0.003668,0.003171,0.00258,0.00152,0.000265,60.73,12.9,0.0326,6.7e-05,60.0
swell_24_02,swell_sim_24,SWL_0024_2p_phAB_cond24,24,train,Swell,6,SCENARIO_CONTROLLER,phase-to-phase,"A,B",1.3506,66.2,0.0262,0.0924,131,462,0.650986,1.103392,1.694954,0.8945,66.2,60.0,59.9675,15.08,0.907264,0.012056,0.006774,0.005189,0.003602,0.002998,0.002645,0.003015,0.002457,0.00167,0.001335,0.013288,0.007466,0.005719,0.00397,0.002915,0.002708,0.001471,0.000267,60.73,12.93,0.0326,6.8e-05,60.0
swell_24_03,swell_sim_24,SWL_0024_2p_phAB_cond24,24,train,Swell,6,SCENARIO_CONTROLLER,phase-to-phase,"A,B",1.3506,66.2,0.0272,0.0934,136,467,0.650946,1.103392,1.695059,0.8782,66.2,60.0,59.9702,15.1,0.907179,0.012066,0.006559,0.005467,0.003502,0.002815,0.002861,0.002958,0.002367,0.001829,0.00127,0.013301,0.00723,0.006026,0.00386,0.003154,0.002609,0.0014,0.000266,60.73,12.9,0.0327,6.6e-05,60.0
swell_24_04,swell_sim_24,SWL_0024_2p_phAB_cond24,24,train,Swell,6,SCENARIO_CONTROLLER,phase-to-phase,"A,B",1.3506,66.2,0.0282,0.0944,141,472,0.650855,1.103392,1.695297,0.8722,66.2,60.0,59.9702,15.09,0.90702,0.011903,0.006639,0.005526,0.003321,0.003029,0.002734,0.002979,0.002414,0.001709,0.001392,0.013123,0.00732,0.006092,0.003661,0.003014,0.002661,0.001535,0.000264,60.73,12.88,0.0328,6.7e-05,60.0
swell_24_05,swell_sim_24,SWL_0024_2p_phAB_cond24,24,train,Swell,6,SCENARIO_CONTROLLER,phase-to-phase,"A,B",1.3506,66.2,0.0292,0.0954,146,477,0.650763,1.103392,1.695535,0.8942,66.2,60.0,59.9702,15.09,0.90687,0.011732,0.006806,0.005375,0.003448,0.002961,0.00275,0.002988,0.002399,0.001751,0.001335,0.012937,0.007505,0.005927,0.003802,0.003032,0.002645,0.001472,0.000261,60.73,12.86,0.0328,6.5e-05,60.0
swell_24_06,swell_sim_24,SWL_0024_2p_phAB_cond24,24,train,Swell,6,SCENARIO_CONTROLLER,phase-to-phase,"A,B",1.3506,66.2,0.0302,0.0964,151,482,0.650707,1.103392,1.69568,0.9012,66.2,60.0,59.9702,15.09,0.906782,0.011658,0.006854,0.005337,0.003475,0.002927,0.00278,0.002969,0.002398,0.001752,0.001332,0.012856,0.007559,0.005886,0.003832,0.003066,0.002645,0.001469,0.000259,60.73,12.86,0.0328,6.7e-05,60.0
swell_24_07,swell_sim_24,SWL_0024_2p_phAB_cond24,24,train,Swell,6,SCENARIO_CONTROLLER,phase-to-phase,"A,B",1.3506,66.2,0.0312,0.0974,156,487,0.650738,1.103392,1.6956,0.9068,66.2,60.0,59.9702,15.09,0.906829,0.01166,0.00689,0.00529,0.003515,0.002898,0.00279,0.002987,0.002361,0.001789,0.001306,0.012858,0.007598,0.005834,0.003876,0.003077,0.002604,0.00144,0.000259,60.73,12.87,0.0328,6.7e-05,60.0
swell_24_08,swell_sim_24,SWL_0024_2p_phAB_cond24,24,train,Swell,6,SCENARIO_CONTROLLER,phase-to-phase,"A,B",1.3506,66.2,0.0322,0.0984,161,492,0.650817,1.103392,1.695395,0.9124,66.2,60.0,59.9702,15.09,0.906945,0.011577,0.007023,0.005244,0.003449,0.003014,0.002694,0.00299,0.002444,0.001714,0.001325,0.012765,0.007744,0.005782,0.003803,0.00297,0.002695,0.001461,0.000259,60.73,12.88,0.0328,6.5e-05,60.0
swell_24_09,swell_sim_24,SWL_0024_2p_phAB_cond24,24,train,Swell,6,SCENARIO_CONTROLLER,phase-to-phase,"A,B",1.3506,66.2,0.0332,0.0994,166,497,0.650913,1.103392,1.695144,0.9177,66.2,60.0,59.9702,15.1,0.90708,0.011344,0.007081,0.005445,0.003296,0.002958,0.002878,0.002937,0.002307,0.001804,0.001378,0.012506,0.007806,0.006003,0.003634,0.003173,0.002543,0.001519,0.000255,60.73,12.92,0.0328,6.6e-05,60.0
swell_24_10,swell_sim_24,SWL_0024_2p_phAB_cond24,24,train,Swell,6,SCENARIO_CONTROLLER,phase-to-phase,"A,B",1.3506,66.2,0.0342,0.1004,171,502,0.650971,1.103392,1.694993,0.9015,66.2,60.0,59.9702,15.1,0.907147,0.011076,0.006864,0.005602,0.003537,0.002802,0.002696,0.003048,0.002494,0.001765,0.001234,0.01221,0.007567,0.006175,0.003899,0.002972,0.002749,0.00136,0.000249,60.73,12.9,0.0328,6.7e-05,60.0
swell_24_11,swell_sim_24,SWL_0024_2p_phAB_cond24,24,train,Swell,6,SCENARIO_CONTROLLER,phase-to-phase,"A,B",1.3506,66.2,0.0352,0.1014,176,507,0.650955,1.103392,1.695034,0.8822,66.2,60.0,59.9696,15.1,0.907098,0.010986,0.006589,0.005383,0.003591,0.003054,0.002781,0.002914,0.002305,0.001706,0.001339,0.012111,0.007264,0.005934,0.003959,0.003066,0.002541,0.001476,0.000242,60.73,12.9,0.0329,6.7e-05,60.0
swell_24_12,swell_sim_24,SWL_0024_2p_phAB_cond24,24,train,Swell,6,SCENARIO_CONTROLLER,phase-to-phase,"A,B",1.3506,66.2,0.0362,0.1024,181,512,0.650879,1.103392,1.695233,0.8712,66.2,60.0,59.9696,15.09,0.906961,0.011109,0.00658,0.005218,0.00336,0.002907,0.002801,0.003041,0.002461,0.001824,0.001364,0.012249,0.007255,0.005753,0.003705,0.003088,0.002713,0.001504,0.000242,60.73,12.9,0.0329,6.3e-05,60.0
swell_24_13,swell_sim_24,SWL_0024_2p_phAB_cond24,24,train,Swell,6,SCENARIO_CONTROLLER,phase-to-phase,"A,B",1.3506,66.2,0.0372,0.1034,186,517,0.65078,1.103392,1.695491,0.8869,66.2,60.0,59.9696,15.09,0.906796,0.011303,0.006757,0.005349,0.003426,0.002872,0.0027,0.002922,0.002346,0.001718,0.001287,0.012465,0.007452,0.005899,0.003778,0.002978,0.002587,0.001419,0.000248,60.73,12.89,0.033,6.4e-05,60.0
swell_24_14,swell_sim_24,SWL_0024_2p_phAB_cond24,24,train,Swell,6,SCENARIO_CONTROLLER,phase-to-phase,"A,B",1.3506,66.2,0.0382,0.1044,191,522,0.650711,1.103392,1.69567,0.9027,66.2,60.0,59.9696,15.08,0.906687,0.011409,0.006849,0.005436,0.00351,0.002961,0.002787,0.003,0.002413,0.00178,0.001343,0.012583,0.007554,0.005995,0.003871,0.003074,0.002661,0.001481,0.000255,60.73,12.86,0.033,6.5e-05,60.0
swell_24_15,swell_sim_24,SWL_0024_2p_phAB_cond24,24,train,Swell,6,SCENARIO_CONTROLLER,phase-to-phase,"A,B",1.3506,66.2,0.0392,0.1054,196,527,0.650714,1.103392,1.695663,0.9044,66.2,60.0,59.9696,15.08,0.90669,0.011414,0.00686,0.005449,0.003521,0.00297,0.002791,0.002995,0.002395,0.001757,0.001318,0.012589,0.007566,0.00601,0.003883,0.003078,0.002641,0.001454,0.000256,60.73,12.86,0.033,6.6e-05,60.0
swell_24_16,swell_sim_24,SWL_0024_2p_phAB_cond24,24,train,Swell,6,SCENARIO_CONTROLLER,phase-to-phase,"A,B",1.3506,66.2,0.0402,0.1064,201,532,0.650786,1.103392,1.695476,0.9124,66.2,60.0,59.9696,15.09,0.906798,0.011463,0.006976,0.005535,0.00353,0.002922,0.002707,0.002923,0.002391,0.001798,0.001371,0.012641,0.007693,0.006104,0.003893,0.002985,0.002637,0.001512,0.000258,60.73,12.87,0.033,6.6e-05,60.0
swell_24_17,swell_sim_24,SWL_0024_2p_phAB_cond24,24,train,Swell,6,SCENARIO_CONTROLLER,phase-to-phase,"A,B",1.3506,66.2,0.0412,0.1074,206,537,0.650889,1.103392,1.695207,0.9187,66.2,60.0,59.9696,15.09,0.906946,0.011669,0.007101,0.005421,0.003333,0.002845,0.00281,0.003076,0.002382,0.001679,0.001292,0.012866,0.00783,0.005977,0.003675,0.003098,0.002626,0.001425,0.000263,60.73,12.9,0.033,6.9e-05,60.0
swell_24_18,swell_sim_24,SWL_0024_2p_phAB_cond24,24,train,Swell,6,SCENARIO_CONTROLLER,phase-to-phase,"A,B",1.3506,66.2,0.0422,0.1084,211,542,0.650967,1.103392,1.695004,0.9116,66.2,60.0,59.9696,15.1,0.907045,0.011947,0.006973,0.005177,0.003452,0.00308,0.002798,0.002876,0.002423,0.001832,0.001283,0.013171,0.007688,0.005708,0.003806,0.003085,0.002671,0.001414,0.000267,60.73,12.93,0.033,6.8e-05,60.0
swell_24_19,swell_sim_24,SWL_0024_2p_phAB_cond24,24,train,Swell,6,SCENARIO_CONTROLLER,phase-to-phase,"A,B",1.3506,66.2,0.0432,0.1094,216,547,0.650976,1.103392,1.694981,0.8893,66.2,60.0,59.9697,15.1,0.907034,0.012097,0.006673,0.005296,0.003646,0.002886,0.002689,0.003088,0.002343,0.001709,0.001398,0.013337,0.007357,0.005839,0.00402,0.002965,0.002583,0.001541,0.000268,60.73,12.91,0.033,6.6e-05,60.0
swell_24_20,swell_sim_24,SWL_0024_2p_phAB_cond24,24,train,Swell,6,SCENARIO_CONTROLLER,phase-to-phase,"A,B",1.3506,66.2,0.0442,0.1104,221,552,0.650922,1.103392,1.695123,0.8762,66.2,60.0,59.9697,15.1,0.90693,0.012044,0.00656,0.005527,0.003452,0.00287,0.002863,0.002915,0.002429,0.00176,0.001281,0.01328,0.007233,0.006094,0.003806,0.003157,0.002678,0.001412,0.000266,60.73,12.89,0.0331,6.5e-05,60.0
swell_24_21,swell_sim_24,SWL_0024_2p_phAB_cond24,24,train,Swell,6,SCENARIO_CONTROLLER,phase-to-phase,"A,B",1.3506,66.2,0.0452,0.1114,226,557,0.65083,1.103392,1.695361,0.879,66.2,60.0,59.9697,15.09,0.906775,0.011869,0.006692,0.005486,0.003389,0.003026,0.002694,0.003046,0.002343,0.001771,0.001332,0.013089,0.00738,0.00605,0.003737,0.002971,0.002584,0.001469,0.000263,60.73,12.88,0.0331,6.6e-05,60.0
swell_24_22,swell_sim_24,SWL_0024_2p_phAB_cond24,24,train,Swell,6,SCENARIO_CONTROLLER,phase-to-phase,"A,B",1.3506,66.2,0.0462,0.1124,231,562,0.650751,1.103392,1.695566,0.9006,66.2,60.0,59.9697,15.09,0.906647,0.01173,0.006826,0.005355,0.003515,0.002919,0.002778,0.002976,0.002408,0.001726,0.001354,0.012938,0.007529,0.005906,0.003877,0.003064,0.002656,0.001493,0.000261,60.73,12.86,0.0332,6.4e-05,60.0
swell_24_23,swell_sim_24,SWL_0024_2p_phAB_cond24,24,train,Swell,6,SCENARIO_CONTROLLER,phase-to-phase,"A,B",1.3506,66.2,0.0472,0.1134,236,567,0.650731,1.103392,1.69562,0.9022,66.2,60.0,59.9697,15.09,0.906614,0.011704,0.006842,0.005346,0.003518,0.002914,0.00278,0.002982,0.002389,0.001748,0.001329,0.01291,0.007547,0.005897,0.00388,0.003066,0.002635,0.001466,0.00026,60.73,12.86,0.0332,6.5e-05,60.0
swell_24_24,swell_sim_24,SWL_0024_2p_phAB_cond24,24,train,Swell,6,SCENARIO_CONTROLLER,phase-to-phase,"A,B",1.3506,66.2,0.0482,0.1144,241,572,0.650793,1.103392,1.695458,0.9113,66.2,60.0,59.9697,15.09,0.906708,0.011687,0.00693,0.005255,0.003568,0.002907,0.002743,0.003052,0.002334,0.001766,0.00135,0.012889,0.007643,0.005796,0.003935,0.003025,0.002574,0.001489,0.000261,60.73,12.89,0.0332,6.7e-05,60.0
swell_24_25,swell_sim_24,SWL_0024_2p_phAB_cond24,24,train,Swell,6,SCENARIO_CONTROLLER,phase-to-phase,"A,B",1.3506,66.2,0.0492,0.1154,246,577,0.650892,1.103392,1.695199,0.9174,66.2,60.0,59.9697,15.09,0.906854,0.011547,0.007088,0.005266,0.003421,0.003057,0.002694,0.002965,0.002442,0.001745,0.001291,0.012733,0.007816,0.005807,0.003772,0.002971,0.002693,0.001424,0.000259,60.73,12.89,0.0331,6.7e-05,60.0
swell_24_26,swell_sim_24,SWL_0024_2p_phAB_cond24,24,train,Swell,6,SCENARIO_CONTROLLER,phase-to-phase,"A,B",1.3506,66.2,0.0502,0.1164,251,582,0.65098,1.103392,1.69497,0.9185,66.2,60.0,59.9697,15.1,0.906973,0.011287,0.007064,0.005509,0.003382,0.002872,0.00284,0.003074,0.002318,0.001683,0.001407,0.012445,0.007789,0.006074,0.003729,0.003131,0.002556,0.001551,0.000255,60.73,12.91,0.0331,6.8e-05,60.0
swell_24_27,swell_sim_24,SWL_0024_2p_phAB_cond24,24,train,Swell,6,SCENARIO_CONTROLLER,phase-to-phase,"A,B",1.3506,66.2,0.0512,0.1174,256,587,0.651015,1.103392,1.69488,0.8971,66.2,60.0,59.9697,15.1,0.907002,0.011062,0.006787,0.005536,0.003652,0.002903,0.002609,0.002981,0.002441,0.00182,0.001354,0.012196,0.007483,0.006104,0.004026,0.002877,0.002691,0.001493,0.000248,60.73,12.91,0.0332,6.7e-05,60.0
swell_24_28,swell_sim_24,SWL_0024_2p_phAB_cond24,24,train,Swell,6,SCENARIO_CONTROLLER,phase-to-phase,"A,B",1.3506,66.2,0.0522,0.1184,261,592,0.650979,1.103392,1.694973,0.8818,66.2,60.0,59.973,15.11,0.906925,0.011049,0.006589,0.005284,0.003558,0.003059,0.002806,0.003036,0.002361,0.001675,0.001291,0.012183,0.007265,0.005826,0.003923,0.003094,0.002603,0.001423,0.000243,60.73,12.93,0.0332,6.9e-05,60.0
swell_24_29,swell_sim_24,SWL_0024_2p_phAB_cond24,24,train,Swell,6,SCENARIO_CONTROLLER,phase-to-phase,"A,B",1.3506,66.2,0.0532,0.1194,266,597,0.650884,1.103392,1.695219,0.8753,66.2,60.0,59.973,15.1,0.906761,0.011225,0.006667,0.005215,0.003369,0.002839,0.002681,0.00302,0.002416,0.001799,0.00141,0.012379,0.007353,0.005751,0.003715,0.002957,0.002664,0.001555,0.000244,60.73,12.89,0.0333,6.9e-05,60.0
swell_24_30,swell_sim_24,SWL_0024_2p_phAB_cond24,24,train,Swell,6,SCENARIO_CONTROLLER,phase-to-phase,"A,B",1.3506,66.2,0.0542,0.1204,271,602,0.650788,1.103392,1.69547,0.899,66.2,60.0,59.973,15.1,0.906603,0.011405,0.006842,0.005377,0.003506,0.002921,0.002707,0.003019,0.002411,0.001766,0.001363,0.01258,0.007547,0.005931,0.003867,0.002986,0.002659,0.001503,0.000254,60.73,12.86,0.0333,6.7e-05,60.0
swell_24_31,swell_sim_24,SWL_0024_2p_phAB_cond24,24,train,Swell,6,SCENARIO_CONTROLLER,phase-to-phase,"A,B",1.3506,66.2,0.0552,0.1214,276,607,0.650745,1.103392,1.695584,0.9043,66.2,60.0,59.973,15.1,0.906534,0.011461,0.00688,0.005403,0.003525,0.002943,0.002729,0.003031,0.002407,0.00176,0.001354,0.012643,0.007589,0.00596,0.003888,0.00301,0.002655,0.001494,0.000256,60.73,12.86,0.0333,6.6e-05,60.0
swell_24_32,swell_sim_24,SWL_0024_2p_phAB_cond24,24,train,Swell,6,SCENARIO_CONTROLLER,phase-to-phase,"A,B",1.3506,66.2,0.0562,0.1224,281,612,0.650777,1.103392,1.6955,0.91,66.2,60.0,59.973,15.1,0.906583,0.011462,0.006917,0.005452,0.003567,0.002972,0.002739,0.003014,0.002368,0.001722,0.001328,0.012643,0.00763,0.006014,0.003935,0.003021,0.002612,0.001465,0.000257,60.73,12.86,0.0333,6.7e-05,60.0
swell_25_01,swell_sim_25,SWL_0025_3p_cond25_mild,25,train,Swell,6,SCENARIO_CONTROLLER,three-phase,"A,B,C",1.2752,82.2,0.0252,0.1074,126,537,0.648015,1.041368,1.607013,0.8398,82.2,60.0,60.0298,16.93,0.906759,0.009641,0.005559,0.004713,0.004086,0.003358,0.003222,0.003251,0.002799,0.001838,0.0014,0.010632,0.006131,0.005198,0.004506,0.003553,0.003087,0.001544,0.000208,60.63,13.11,0.0244,6.6e-05,60.0
swell_25_02,swell_sim_25,SWL_0025_3p_cond25_mild,25,train,Swell,6,SCENARIO_CONTROLLER,three-phase,"A,B,C",1.2752,82.2,0.0262,0.1084,131,542,0.647968,1.041368,1.607129,0.8573,82.2,60.0,60.0298,16.93,0.906707,0.009398,0.00582,0.004806,0.003827,0.003322,0.003451,0.0032,0.002659,0.001962,0.001468,0.010365,0.006419,0.0053,0.004221,0.003806,0.002933,0.001619,0.000206,60.63,13.14,0.0244,6.6e-05,60.0
swell_25_03,swell_sim_25,SWL_0025_3p_cond25_mild,25,train,Swell,6,SCENARIO_CONTROLLER,three-phase,"A,B,C",1.2752,82.2,0.0272,0.1094,136,547,0.647995,1.041368,1.607061,0.8694,82.2,60.0,60.0309,16.94,0.906772,0.009339,0.006058,0.004542,0.003865,0.003543,0.003242,0.003223,0.002771,0.001797,0.001531,0.010299,0.006681,0.005009,0.004262,0.003575,0.003056,0.001688,0.000206,60.63,13.13,0.0243,6.8e-05,60.0
swell_25_04,swell_sim_25,SWL_0025_3p_cond25_mild,25,train,Swell,6,SCENARIO_CONTROLLER,three-phase,"A,B,C",1.2752,82.2,0.0282,0.1104,141,552,0.648081,1.041368,1.606849,0.882,82.2,60.0,60.0309,16.94,0.906921,0.009488,0.00601,0.004417,0.00408,0.003336,0.003349,0.003233,0.002702,0.001927,0.001408,0.010462,0.006627,0.00487,0.004499,0.003693,0.002979,0.001553,0.000208,60.63,13.1,0.0242,6.5e-05,60.0
swell_25_05,swell_sim_25,SWL_0025_3p_cond25_mild,25,train,Swell,6,SCENARIO_CONTROLLER,three-phase,"A,B,C",1.2752,82.2,0.0292,0.1114,146,557,0.648183,1.041368,1.606597,0.8597,82.2,60.0,60.0309,16.94,0.907088,0.009684,0.005823,0.004575,0.003963,0.003382,0.003347,0.003202,0.002728,0.001873,0.001472,0.010676,0.006419,0.005044,0.004369,0.00369,0.003007,0.001623,0.00021,60.62,13.09,0.0242,6.5e-05,60.0
swell_25_06,swell_sim_25,SWL_0025_3p_cond25_mild,25,train,Swell,6,SCENARIO_CONTROLLER,three-phase,"A,B,C",1.2752,82.2,0.0302,0.1124,151,562,0.64824,1.041368,1.606454,0.8502,82.2,60.0,60.0309,16.95,0.907179,0.009765,0.005761,0.004628,0.003917,0.003428,0.003309,0.003228,0.002724,0.001874,0.001473,0.010764,0.00635,0.005102,0.004318,0.003648,0.003003,0.001624,0.000212,60.62,13.06,0.0242,6.4e-05,60.0
swell_25_07,swell_sim_25,SWL_0025_3p_cond25_mild,25,train,Swell,6,SCENARIO_CONTROLLER,three-phase,"A,B,C",1.2752,82.2,0.0312,0.1134,156,567,0.648219,1.041368,1.606508,0.8464,82.2,60.0,60.0309,16.95,0.907146,0.009759,0.005743,0.004657,0.003887,0.003453,0.003296,0.003226,0.002742,0.001854,0.001488,0.010758,0.006331,0.005134,0.004285,0.003633,0.003023,0.00164,0.000211,60.62,13.06,0.0242,6.4e-05,60.0
swell_25_08,swell_sim_25,SWL_0025_3p_cond25_mild,25,train,Swell,6,SCENARIO_CONTROLLER,three-phase,"A,B,C",1.2752,82.2,0.0322,0.1144,161,572,0.648133,1.041368,1.606719,0.8424,82.2,60.0,60.0309,16.94,0.907019,0.009837,0.005601,0.004734,0.003929,0.003345,0.003403,0.003204,0.002661,0.001936,0.00147,0.010845,0.006175,0.005219,0.004332,0.003752,0.002934,0.001621,0.000212,60.62,13.09,0.0242,6.6e-05,60.0
swell_25_09,swell_sim_25,SWL_0025_3p_cond25_mild,25,train,Swell,6,SCENARIO_CONTROLLER,three-phase,"A,B,C",1.2752,82.2,0.0332,0.1154,166,577,0.648031,1.041368,1.606972,0.8377,82.2,60.0,60.0309,16.94,0.906874,0.010059,0.005514,0.004579,0.004106,0.003356,0.003233,0.003284,0.002784,0.001842,0.001424,0.011092,0.00608,0.005049,0.004528,0.003565,0.00307,0.00157,0.000215,60.63,13.12,0.0242,6.5e-05,60.0
swell_25_10,swell_sim_25,SWL_0025_3p_cond25_mild,25,train,Swell,6,SCENARIO_CONTROLLER,three-phase,"A,B,C",1.2752,82.2,0.0342,0.1164,171,582,0.64797,1.041368,1.607124,0.8491,82.2,60.0,60.0309,16.93,0.906796,0.010298,0.005691,0.004392,0.003939,0.003521,0.003373,0.003167,0.00263,0.001885,0.00154,0.011356,0.006276,0.004843,0.004344,0.00372,0.0029,0.001698,0.00022,60.63,13.14,0.0242,6.6e-05,60.0
swell_25_11,swell_sim_25,SWL_0025_3p_cond25_mild,25,train,Swell,6,SCENARIO_CONTROLLER,three-phase,"A,B,C",1.2752,82.2,0.0352,0.1174,176,587,0.647972,1.041368,1.607118,0.8643,82.2,60.0,60.0293,16.93,0.906823,0.010425,0.005993,0.004582,0.003804,0.00326,0.003324,0.003337,0.002823,0.001927,0.001435,0.011496,0.006609,0.005053,0.004195,0.003666,0.003113,0.001582,0.000227,60.63,13.14,0.0241,6.8e-05,60.0
swell_25_12,swell_sim_25,SWL_0025_3p_cond25_mild,25,train,Swell,6,SCENARIO_CONTROLLER,three-phase,"A,B,C",1.2752,82.2,0.0362,0.1184,181,592,0.648042,1.041368,1.606945,0.8786,82.2,60.0,60.0293,16.93,0.906951,0.010334,0.006038,0.004797,0.004051,0.003368,0.003258,0.003173,0.002653,0.001812,0.001416,0.011394,0.006657,0.005289,0.004467,0.003592,0.002925,0.001561,0.000227,60.63,13.13,0.0241,6.7e-05,60.0
swell_25_13,swell_sim_25,SWL_0025_3p_cond25_mild,25,train,Swell,6,SCENARIO_CONTROLLER,three-phase,"A,B,C",1.2752,82.2,0.0372,0.1194,186,597,0.648144,1.041368,1.606693,0.8687,82.2,60.0,60.0293,16.93,0.907119,0.010139,0.005866,0.004697,0.004027,0.003445,0.003386,0.003316,0.002785,0.001929,0.001502,0.011177,0.006467,0.005178,0.004439,0.003733,0.00307,0.001656,0.000224,60.62,13.09,0.024,6.7e-05,60.0
swell_25_14,swell_sim_25,SWL_0025_3p_cond25_mild,25,train,Swell,6,SCENARIO_CONTROLLER,three-phase,"A,B,C",1.2752,82.2,0.0382,0.1204,191,602,0.648215,1.041368,1.606517,0.8495,82.2,60.0,60.0293,16.94,0.907233,0.01002,0.005758,0.00459,0.003925,0.003345,0.003293,0.003231,0.002712,0.001864,0.001445,0.011045,0.006347,0.005059,0.004326,0.00363,0.002989,0.001593,0.000215,60.62,13.08,0.024,6.3e-05,60.0
swell_25_15,swell_sim_25,SWL_0025_3p_cond25_mild,25,train,Swell,6,SCENARIO_CONTROLLER,three-phase,"A,B,C",1.2752,82.2,0.0392,0.1214,196,607,0.648225,1.041368,1.606491,0.8483,82.2,60.0,60.0293,16.94,0.907249,0.010004,0.005745,0.004579,0.003919,0.003341,0.003296,0.003246,0.00274,0.001896,0.001478,0.011027,0.006332,0.005047,0.00432,0.003633,0.00302,0.001629,0.000215,60.62,13.07,0.024,6.2e-05,60.0
swell_25_16,swell_sim_25,SWL_0025_3p_cond25_mild,25,train,Swell,6,SCENARIO_CONTROLLER,three-phase,"A,B,C",1.2752,82.2,0.0402,0.1224,201,612,0.648152,1.041368,1.606673,0.8408,82.2,60.0,60.0293,16.94,0.907138,0.009979,0.005636,0.004477,0.003879,0.003363,0.003371,0.003327,0.002762,0.001867,0.001424,0.011001,0.006213,0.004935,0.004276,0.003716,0.003045,0.00157,0.000213,60.62,13.1,0.024,6.4e-05,60.0
swell_25_17,swell_sim_25,SWL_0025_3p_cond25_mild,25,train,Swell,6,SCENARIO_CONTROLLER,three-phase,"A,B,C",1.2752,82.2,0.0412,0.1234,206,617,0.648061,1.041368,1.6069,0.8373,82.2,60.0,60.0293,16.93,0.907006,0.009831,0.005509,0.004533,0.004041,0.00346,0.003316,0.0032,0.002751,0.00195,0.001492,0.010839,0.006074,0.004998,0.004455,0.003656,0.003033,0.001645,0.000211,60.63,13.1,0.024,6.5e-05,60.0
swell_25_18,swell_sim_25,SWL_0025_3p_cond25_mild,25,train,Swell,6,SCENARIO_CONTROLLER,three-phase,"A,B,C",1.2752,82.2,0.0422,0.1244,211,622,0.647977,1.041368,1.607106,0.8412,82.2,60.0,60.0293,16.93,0.906895,0.009562,0.005602,0.004778,0.003999,0.003235,0.00329,0.003388,0.002737,0.001802,0.001489,0.010544,0.006177,0.005269,0.00441,0.003628,0.003018,0.001642,0.000207,60.63,13.12,0.024,6.4e-05,60.0
swell_25_19,swell_sim_25,SWL_0025_3p_cond25_mild,25,train,Swell,6,SCENARIO_CONTROLLER,three-phase,"A,B,C",1.2752,82.2,0.0432,0.1254,216,627,0.647956,1.041368,1.607159,0.8582,82.2,60.0,60.0286,16.92,0.906882,0.009372,0.005886,0.004739,0.003765,0.003377,0.003428,0.003196,0.002785,0.001935,0.001386,0.010334,0.00649,0.005226,0.004152,0.00378,0.003071,0.001528,0.000206,60.63,13.14,0.024,6.8e-05,60.0
swell_25_20,swell_sim_25,SWL_0025_3p_cond25_mild,25,train,Swell,6,SCENARIO_CONTROLLER,three-phase,"A,B,C",1.2752,82.2,0.0442,0.1264,221,632,0.648007,1.041368,1.607033,0.8707,82.2,60.0,60.0286,16.93,0.906981,0.009395,0.00603,0.004465,0.003952,0.003437,0.003222,0.003381,0.002693,0.00188,0.001509,0.010359,0.006648,0.004923,0.004357,0.003552,0.002969,0.001664,0.000207,60.63,13.13,0.0239,6.9e-05,60.0
swell_25_21,swell_sim_25,SWL_0025_3p_cond25_mild,25,train,Swell,6,SCENARIO_CONTROLLER,three-phase,"A,B,C",1.2752,82.2,0.0452,0.1274,226,637,0.648109,1.041368,1.606779,0.8751,82.2,60.0,60.0286,16.93,0.907155,0.009591,0.0059,0.004461,0.004065,0.003234,0.003418,0.003237,0.002792,0.001861,0.001468,0.010573,0.006504,0.004918,0.004481,0.003768,0.003078,0.001618,0.000209,60.63,13.11,0.0239,6.7e-05,60.0
swell_25_22,swell_sim_25,SWL_0025_3p_cond25_mild,25,train,Swell,6,SCENARIO_CONTROLLER,three-phase,"A,B,C",1.2752,82.2,0.0462,0.1284,231,642,0.648194,1.041368,1.606569,0.8514,82.2,60.0,60.0286,16.93,0.907292,0.009745,0.005751,0.004604,0.003935,0.00334,0.003335,0.003303,0.002724,0.001906,0.001438,0.010741,0.006339,0.005074,0.004337,0.003676,0.003002,0.001585,0.000211,60.62,13.07,0.0239,6.4e-05,60.0
swell_25_23,swell_sim_25,SWL_0025_3p_cond25_mild,25,train,Swell,6,SCENARIO_CONTROLLER,three-phase,"A,B,C",1.2752,82.2,0.0472,0.1294,236,647,0.648226,1.041368,1.60649,0.8484,82.2,60.0,60.0286,16.94,0.907342,0.009785,0.005724,0.004621,0.003924,0.003349,0.003332,0.003297,0.002747,0.001881,0.001466,0.010784,0.006309,0.005093,0.004325,0.003672,0.003028,0.001616,0.000212,60.62,13.07,0.0239,6.4e-05,60.0
swell_25_24,swell_sim_25,SWL_0025_3p_cond25_mild,25,train,Swell,6,SCENARIO_CONTROLLER,three-phase,"A,B,C",1.2752,82.2,0.0482,0.1304,241,652,0.64819,1.041368,1.606579,0.8438,82.2,60.0,60.0286,16.94,0.907287,0.009794,0.005675,0.004677,0.003888,0.003357,0.003359,0.003249,0.002784,0.001874,0.001442,0.010795,0.006255,0.005155,0.004285,0.003702,0.003068,0.001589,0.000212,60.62,13.08,0.0239,6.5e-05,60.0
swell_25_25,swell_sim_25,SWL_0025_3p_cond25_mild,25,train,Swell,6,SCENARIO_CONTROLLER,three-phase,"A,B,C",1.2752,82.2,0.0492,0.1314,246,657,0.648103,1.041368,1.606794,0.8408,82.2,60.0,60.0286,16.93,0.90716,0.009907,0.005534,0.004699,0.003997,0.003229,0.003403,0.003317,0.002699,0.001881,0.001498,0.010921,0.0061,0.00518,0.004406,0.003751,0.002975,0.001651,0.000213,60.62,13.1,0.0239,6.5e-05,60.0
swell_25_26,swell_sim_25,SWL_0025_3p_cond25_mild,25,train,Swell,6,SCENARIO_CONTROLLER,three-phase,"A,B,C",1.2752,82.2,0.0502,0.1324,251,662,0.648019,1.041368,1.607002,0.8383,82.2,60.0,60.0286,16.93,0.907043,0.010128,0.005524,0.004501,0.004084,0.003357,0.003259,0.003258,0.002818,0.001916,0.001401,0.011166,0.00609,0.004962,0.004503,0.003593,0.003107,0.001545,0.000216,60.63,13.11,0.0239,6.5e-05,60.0
swell_25_27,swell_sim_25,SWL_0025_3p_cond25_mild,25,train,Swell,6,SCENARIO_CONTROLLER,three-phase,"A,B,C",1.2752,82.2,0.0512,0.1334,256,667,0.647973,1.041368,1.607116,0.8559,82.2,60.0,60.0286,16.93,0.906993,0.010361,0.005787,0.004408,0.003821,0.003386,0.003489,0.003318,0.002685,0.001786,0.00146,0.011423,0.00638,0.00486,0.004213,0.003847,0.00296,0.00161,0.000222,60.63,13.14,0.0238,6.9e-05,60.0
swell_25_28,swell_sim_25,SWL_0025_3p_cond25_mild,25,train,Swell,6,SCENARIO_CONTROLLER,three-phase,"A,B,C",1.2752,82.2,0.0522,0.1344,261,672,0.648,1.041368,1.607049,0.8677,82.2,60.0,60.0297,16.93,0.907057,0.01041,0.006019,0.004669,0.00386,0.00317,0.003288,0.003293,0.002791,0.001944,0.00152,0.011477,0.006636,0.005147,0.004256,0.003625,0.003077,0.001676,0.000227,60.63,13.13,0.0238,6.9e-05,60.0
swell_25_29,swell_sim_25,SWL_0025_3p_cond25_mild,25,train,Swell,6,SCENARIO_CONTROLLER,three-phase,"A,B,C",1.2752,82.2,0.0532,0.1354,266,677,0.648078,1.041368,1.606856,0.8799,82.2,60.0,60.0297,16.93,0.907192,0.010283,0.005987,0.004784,0.004063,0.003359,0.003372,0.003266,0.002709,0.001813,0.001406,0.011335,0.006599,0.005273,0.004479,0.003717,0.002986,0.00155,0.000227,60.63,13.1,0.0238,6.6e-05,60.0
swell_25_30,swell_sim_25,SWL_0025_3p_cond25_mild,25,train,Swell,6,SCENARIO_CONTROLLER,three-phase,"A,B,C",1.2752,82.2,0.0542,0.1364,271,682,0.648173,1.041368,1.606621,0.8596,82.2,60.0,60.0297,16.94,0.907348,0.010104,0.005814,0.00464,0.003955,0.003316,0.003374,0.003296,0.002736,0.001864,0.001467,0.011136,0.006408,0.005114,0.004359,0.003719,0.003015,0.001617,0.000219,60.62,13.09,0.0237,6.5e-05,60.0
swell_25_31,swell_sim_25,SWL_0025_3p_cond25_mild,25,train,Swell,6,SCENARIO_CONTROLLER,three-phase,"A,B,C",1.2752,82.2,0.0552,0.1374,276,687,0.648228,1.041368,1.606484,0.8491,82.2,60.0,60.0297,16.94,0.907435,0.010022,0.005749,0.004581,0.003905,0.003264,0.003327,0.003259,0.002719,0.001849,0.001454,0.011044,0.006335,0.005048,0.004303,0.003666,0.002996,0.001602,0.000215,60.62,13.08,0.0237,6.6e-05,60.0
swell_25_32,swell_sim_25,SWL_0025_3p_cond25_mild,25,train,Swell,6,SCENARIO_CONTROLLER,three-phase,"A,B,C",1.2752,82.2,0.0562,0.1384,281,692,0.648223,1.041368,1.606496,0.8476,82.2,60.0,60.0297,16.94,0.907428,0.010014,0.005731,0.004562,0.003892,0.003261,0.003341,0.00329,0.002759,0.001883,0.001473,0.011036,0.006316,0.005027,0.004289,0.003682,0.00304,0.001623,0.000215,60.62,13.08,0.0237,6.6e-05,60.0
swell_26_01,swell_sim_26,SWL_0026_2p_phBC_cond26,26,train,Swell,6,SCENARIO_CONTROLLER,phase-to-phase,"B,C",1.3636,66.2,0.0254,0.0916,127,458,0.652604,1.116438,1.710743,0.9139,67.0,60.0,59.9923,14.82,0.908248,0.011898,0.006826,0.004053,0.003833,0.002994,0.002761,0.002611,0.002281,0.00127,0.001381,0.0131,0.007516,0.004462,0.00422,0.00304,0.002511,0.001521,0.000251,60.7,12.13,0.0347,6e-05,60.0
swell_26_02,swell_sim_26,SWL_0026_2p_phBC_cond26,26,train,Swell,6,SCENARIO_CONTROLLER,phase-to-phase,"B,C",1.3636,66.2,0.0264,0.0926,132,463,0.652618,1.116438,1.710708,0.907,67.0,60.0,59.9906,14.81,0.90826,0.011965,0.006727,0.004056,0.003926,0.002985,0.002683,0.002644,0.002321,0.001228,0.001359,0.013174,0.007406,0.004466,0.004323,0.002954,0.002555,0.001496,0.000252,60.7,12.13,0.0347,6.1e-05,60.0
swell_26_03,swell_sim_26,SWL_0026_2p_phBC_cond26,26,train,Swell,6,SCENARIO_CONTROLLER,phase-to-phase,"B,C",1.3636,66.2,0.0274,0.0936,137,468,0.652607,1.116438,1.710737,0.9025,67.0,60.0,59.988,14.8,0.908235,0.011964,0.006661,0.004151,0.003901,0.00292,0.002755,0.002631,0.002285,0.001279,0.001348,0.013173,0.007334,0.00457,0.004295,0.003033,0.002516,0.001484,0.000252,60.7,12.12,0.0348,5.9e-05,60.0
swell_26_04,swell_sim_26,SWL_0026_2p_phBC_cond26,26,train,Swell,6,SCENARIO_CONTROLLER,phase-to-phase,"B,C",1.3636,66.2,0.0284,0.0946,142,473,0.652577,1.116438,1.710813,0.9013,67.0,60.0,59.988,14.8,0.908184,0.011903,0.006701,0.004155,0.003846,0.002989,0.002705,0.00265,0.002287,0.001244,0.001386,0.013106,0.007378,0.004575,0.004235,0.002978,0.002518,0.001526,0.000251,60.7,12.12,0.0348,6e-05,60.0
swell_26_05,swell_sim_26,SWL_0026_2p_phBC_cond26,26,train,Swell,6,SCENARIO_CONTROLLER,phase-to-phase,"B,C",1.3636,66.2,0.0294,0.0956,147,478,0.652549,1.116438,1.710888,0.9082,67.0,60.0,59.988,14.79,0.908136,0.011847,0.006755,0.004105,0.003882,0.002972,0.002706,0.002659,0.002276,0.001268,0.001361,0.013045,0.007438,0.00452,0.004275,0.00298,0.002506,0.001499,0.00025,60.7,12.12,0.0348,6e-05,60.0
swell_26_06,swell_sim_26,SWL_0026_2p_phBC_cond26,26,train,Swell,6,SCENARIO_CONTROLLER,phase-to-phase,"B,C",1.3636,66.2,0.0304,0.0966,152,483,0.652541,1.116438,1.71091,0.9083,67.0,60.0,59.988,14.79,0.908123,0.011839,0.006758,0.004106,0.003881,0.002974,0.002702,0.002665,0.002266,0.001277,0.001351,0.013037,0.007442,0.004521,0.004274,0.002975,0.002495,0.001488,0.00025,60.7,12.12,0.0348,6e-05,60.0
swell_26_07,swell_sim_26,SWL_0026_2p_phBC_cond26,26,train,Swell,6,SCENARIO_CONTROLLER,phase-to-phase,"B,C",1.3636,66.2,0.0314,0.0976,157,488,0.652547,1.116438,1.710892,0.9094,67.0,60.0,59.988,14.8,0.908133,0.011838,0.006767,0.004096,0.003889,0.002969,0.002701,0.002671,0.002259,0.001283,0.00135,0.013036,0.007452,0.00451,0.004282,0.002974,0.002488,0.001487,0.00025,60.7,12.12,0.0348,6e-05,60.0
swell_26_08,swell_sim_26,SWL_0026_2p_phBC_cond26,26,train,Swell,6,SCENARIO_CONTROLLER,phase-to-phase,"B,C",1.3636,66.2,0.0324,0.0986,162,493,0.652573,1.116438,1.710825,0.9109,67.0,60.0,59.988,14.8,0.908171,0.011806,0.006807,0.004089,0.003865,0.003007,0.002675,0.002665,0.002288,0.00126,0.001349,0.013,0.007495,0.004502,0.004256,0.002945,0.002519,0.001485,0.000249,60.7,12.13,0.0348,6e-05,60.0
swell_26_09,swell_sim_26,SWL_0026_2p_phBC_cond26,26,train,Swell,6,SCENARIO_CONTROLLER,phase-to-phase,"B,C",1.3636,66.2,0.0334,0.0996,167,498,0.6526,1.116438,1.710754,0.9112,67.0,60.0,59.988,14.8,0.908209,0.011742,0.006816,0.004146,0.00382,0.002994,0.002727,0.002647,0.002247,0.001294,0.001361,0.012929,0.007505,0.004565,0.004206,0.003003,0.002474,0.001499,0.000248,60.7,12.13,0.0348,5.9e-05,60.0
swell_26_10,swell_sim_26,SWL_0026_2p_phBC_cond26,26,train,Swell,6,SCENARIO_CONTROLLER,phase-to-phase,"B,C",1.3636,66.2,0.0344,0.1006,172,503,0.652618,1.116438,1.710707,0.9059,67.0,60.0,59.988,14.8,0.90823,0.011668,0.006741,0.00418,0.003891,0.002954,0.002667,0.002671,0.002303,0.001285,0.001321,0.012847,0.007422,0.004602,0.004284,0.002936,0.002536,0.001454,0.000246,60.7,12.14,0.0348,6e-05,60.0
swell_26_11,swell_sim_26,SWL_0026_2p_phBC_cond26,26,train,Swell,6,SCENARIO_CONTROLLER,phase-to-phase,"B,C",1.3636,66.2,0.0354,0.1016,177,508,0.652615,1.116438,1.710715,0.9006,67.0,60.0,59.9883,14.8,0.908216,0.011645,0.006654,0.004101,0.003918,0.003038,0.002695,0.002624,0.002242,0.001279,0.001357,0.012822,0.007326,0.004515,0.004314,0.002967,0.002469,0.001494,0.000244,60.7,12.13,0.0348,5.9e-05,60.0
swell_26_12,swell_sim_26,SWL_0026_2p_phBC_cond26,26,train,Swell,6,SCENARIO_CONTROLLER,phase-to-phase,"B,C",1.3636,66.2,0.0364,0.1026,182,513,0.652591,1.116438,1.710776,0.8976,67.0,60.0,59.9883,14.8,0.908174,0.01169,0.006663,0.004057,0.003844,0.002991,0.002697,0.002664,0.002291,0.001313,0.001365,0.012872,0.007337,0.004467,0.004233,0.00297,0.002523,0.001503,0.000244,60.7,12.12,0.0348,5.9e-05,60.0
swell_26_13,swell_sim_26,SWL_0026_2p_phBC_cond26,26,train,Swell,6,SCENARIO_CONTROLLER,phase-to-phase,"B,C",1.3636,66.2,0.0374,0.1036,187,518,0.652569,1.116438,1.710836,0.9014,67.0,60.0,59.9883,14.8,0.908136,0.011737,0.006708,0.004091,0.003856,0.002981,0.002674,0.002635,0.002263,0.001289,0.001348,0.012924,0.007387,0.004505,0.004246,0.002944,0.002492,0.001484,0.000246,60.7,12.13,0.0348,6e-05,60.0
swell_26_14,swell_sim_26,SWL_0026_2p_phBC_cond26,26,train,Swell,6,SCENARIO_CONTROLLER,phase-to-phase,"B,C",1.3636,66.2,0.0384,0.1046,192,523,0.652543,1.116438,1.710903,0.9065,67.0,60.0,59.9883,14.8,0.908094,0.011775,0.006737,0.004117,0.003885,0.00301,0.002701,0.002659,0.00228,0.001306,0.001362,0.012967,0.007419,0.004534,0.004278,0.002974,0.002511,0.0015,0.000248,60.7,12.14,0.0348,6.1e-05,60.0
swell_26_15,swell_sim_26,SWL_0026_2p_phBC_cond26,26,train,Swell,6,SCENARIO_CONTROLLER,phase-to-phase,"B,C",1.3636,66.2,0.0394,0.1056,197,528,0.652554,1.116438,1.710876,0.9093,67.0,60.0,59.9883,14.8,0.908111,0.011776,0.006751,0.004136,0.003905,0.003028,0.002713,0.00266,0.002266,0.001287,0.001337,0.012968,0.007434,0.004555,0.0043,0.002988,0.002495,0.001472,0.000249,60.7,12.14,0.0348,6.1e-05,60.0
swell_26_16,swell_sim_26,SWL_0026_2p_phBC_cond26,26,train,Swell,6,SCENARIO_CONTROLLER,phase-to-phase,"B,C",1.3636,66.2,0.0404,0.1066,202,533,0.652571,1.116438,1.71083,0.911,67.0,60.0,59.9883,14.8,0.908137,0.01179,0.006779,0.004154,0.003906,0.003014,0.00269,0.002643,0.002268,0.001298,0.001352,0.012983,0.007465,0.004574,0.004301,0.002962,0.002497,0.001489,0.000249,60.7,12.14,0.0348,6e-05,60.0
swell_26_17,swell_sim_26,SWL_0026_2p_phBC_cond26,26,train,Swell,6,SCENARIO_CONTROLLER,phase-to-phase,"B,C",1.3636,66.2,0.0414,0.1076,207,538,0.652607,1.116438,1.710736,0.912,67.0,60.0,59.9883,14.8,0.908188,0.011861,0.006814,0.004109,0.00384,0.002986,0.002724,0.002692,0.002265,0.001266,0.001327,0.01306,0.007503,0.004524,0.004228,0.002999,0.002494,0.001461,0.000251,60.7,12.14,0.0348,6.2e-05,60.0
swell_26_18,swell_sim_26,SWL_0026_2p_phBC_cond26,26,train,Swell,6,SCENARIO_CONTROLLER,phase-to-phase,"B,C",1.3636,66.2,0.0424,0.1086,212,543,0.65263,1.116438,1.710674,0.9087,67.0,60.0,59.9883,14.8,0.908219,0.01194,0.006765,0.004044,0.003872,0.003055,0.002713,0.002633,0.002283,0.001312,0.001321,0.013147,0.007449,0.004453,0.004263,0.002987,0.002514,0.001454,0.000252,60.7,12.15,0.0348,6e-05,60.0
swell_26_19,swell_sim_26,SWL_0026_2p_phBC_cond26,26,train,Swell,6,SCENARIO_CONTROLLER,phase-to-phase,"B,C",1.3636,66.2,0.0434,0.1096,217,548,0.652634,1.116438,1.710663,0.9023,67.0,60.0,59.9857,14.79,0.908216,0.011984,0.006665,0.004099,0.003941,0.002984,0.002686,0.002708,0.002245,0.001266,0.001368,0.013195,0.007339,0.004513,0.004339,0.002957,0.002472,0.001506,0.000252,60.7,12.14,0.0349,5.9e-05,60.0
swell_26_20,swell_sim_26,SWL_0026_2p_phBC_cond26,26,train,Swell,6,SCENARIO_CONTROLLER,phase-to-phase,"B,C",1.3636,66.2,0.0444,0.1106,222,553,0.652614,1.116438,1.710717,0.8982,67.0,60.0,59.9857,14.79,0.908176,0.011953,0.006638,0.004183,0.003865,0.002984,0.002746,0.002641,0.002286,0.001285,0.00133,0.013162,0.007309,0.004606,0.004256,0.003024,0.002517,0.001464,0.000251,60.7,12.15,0.0349,6.1e-05,60.0
swell_26_21,swell_sim_26,SWL_0026_2p_phBC_cond26,26,train,Swell,6,SCENARIO_CONTROLLER,phase-to-phase,"B,C",1.3636,66.2,0.0454,0.1116,227,558,0.652577,1.116438,1.710815,0.9007,67.0,60.0,59.9857,14.79,0.908112,0.011874,0.006705,0.00415,0.003844,0.003042,0.002678,0.0027,0.00224,0.001296,0.001337,0.013075,0.007383,0.00457,0.004233,0.002949,0.002467,0.001472,0.00025,60.7,12.14,0.0349,6.1e-05,60.0
swell_26_22,swell_sim_26,SWL_0026_2p_phBC_cond26,26,train,Swell,6,SCENARIO_CONTROLLER,phase-to-phase,"B,C",1.3636,66.2,0.0464,0.1126,232,563,0.652555,1.116438,1.710873,0.9065,67.0,60.0,59.9857,14.79,0.908076,0.011837,0.006738,0.004117,0.003878,0.003011,0.002706,0.002675,0.002263,0.001277,0.001353,0.013035,0.00742,0.004534,0.004271,0.00298,0.002492,0.00149,0.00025,60.7,12.14,0.0349,6e-05,60.0
swell_26_23,swell_sim_26,SWL_0026_2p_phBC_cond26,26,train,Swell,6,SCENARIO_CONTROLLER,phase-to-phase,"B,C",1.3636,66.2,0.0474,0.1136,237,568,0.652555,1.116438,1.710872,0.9067,67.0,60.0,59.9857,14.79,0.908077,0.011837,0.006739,0.004116,0.003879,0.003009,0.002708,0.002673,0.002264,0.001276,0.001353,0.013035,0.007421,0.004533,0.004272,0.002982,0.002493,0.00149,0.00025,60.7,12.14,0.0349,6e-05,60.0
swell_26_24,swell_sim_26,SWL_0026_2p_phBC_cond26,26,train,Swell,6,SCENARIO_CONTROLLER,phase-to-phase,"B,C",1.3636,66.2,0.0484,0.1146,242,573,0.652577,1.116438,1.710814,0.9099,67.0,60.0,59.9857,14.79,0.90811,0.011825,0.006775,0.004085,0.003895,0.003013,0.002684,0.002706,0.002243,0.001284,0.001368,0.013022,0.007461,0.004498,0.004289,0.002956,0.00247,0.001506,0.00025,60.7,12.15,0.0349,5.9e-05,60.0
swell_26_25,swell_sim_26,SWL_0026_2p_phBC_cond26,26,train,Swell,6,SCENARIO_CONTROLLER,phase-to-phase,"B,C",1.3636,66.2,0.0494,0.1156,247,578,0.652616,1.116438,1.710712,0.9115,67.0,60.0,59.9857,14.8,0.908167,0.011766,0.006828,0.004098,0.003841,0.003066,0.002673,0.002672,0.002276,0.001278,0.001347,0.012956,0.007518,0.004512,0.004229,0.002943,0.002506,0.001483,0.000249,60.7,12.14,0.0349,5.9e-05,60.0
swell_26_26,swell_sim_26,SWL_0026_2p_phBC_cond26,26,train,Swell,6,SCENARIO_CONTROLLER,phase-to-phase,"B,C",1.3636,66.2,0.0504,0.1166,252,583,0.652646,1.116438,1.710633,0.9106,67.0,60.0,59.9857,14.8,0.908208,0.011681,0.006811,0.004177,0.003819,0.00301,0.002722,0.002702,0.002232,0.001273,0.001385,0.012862,0.007499,0.004599,0.004205,0.002997,0.002458,0.001525,0.000247,60.7,12.14,0.0349,5.9e-05,60.0
swell_26_27,swell_sim_26,SWL_0026_2p_phBC_cond26,26,train,Swell,6,SCENARIO_CONTROLLER,phase-to-phase,"B,C",1.3636,66.2,0.0514,0.1176,257,588,0.652658,1.116438,1.710601,0.9035,67.0,60.0,59.9887,14.81,0.908218,0.011615,0.006709,0.004166,0.003911,0.003032,0.00265,0.002656,0.002258,0.001324,0.001383,0.012789,0.007387,0.004587,0.004306,0.002918,0.002486,0.001523,0.000245,60.7,12.15,0.0349,5.9e-05,60.0
swell_26_28,swell_sim_26,SWL_0026_2p_phBC_cond26,26,train,Swell,6,SCENARIO_CONTROLLER,phase-to-phase,"B,C",1.3636,66.2,0.0524,0.1186,262,593,0.652648,1.116438,1.710629,0.8993,67.0,60.0,59.9903,14.81,0.908194,0.011616,0.006648,0.004076,0.003888,0.003094,0.002719,0.002669,0.002224,0.001273,0.001368,0.01279,0.00732,0.004488,0.004281,0.002994,0.002449,0.001506,0.000243,60.7,12.14,0.0349,5.9e-05,60.0
swell_26_29,swell_sim_26,SWL_0026_2p_phBC_cond26,26,train,Swell,6,SCENARIO_CONTROLLER,phase-to-phase,"B,C",1.3636,66.2,0.0534,0.1196,267,598,0.652618,1.116438,1.710706,0.8975,67.0,60.0,59.9903,14.81,0.908142,0.011677,0.006683,0.004059,0.003821,0.003022,0.002678,0.002669,0.002247,0.00132,0.001407,0.012858,0.007359,0.00447,0.004207,0.002949,0.002474,0.001549,0.000244,60.7,12.14,0.0349,6e-05,60.0
swell_26_30,swell_sim_26,SWL_0026_2p_phBC_cond26,26,train,Swell,6,SCENARIO_CONTROLLER,phase-to-phase,"B,C",1.3636,66.2,0.0544,0.1206,272,603,0.652587,1.116438,1.710787,0.9058,67.0,60.0,59.9903,14.81,0.908091,0.011736,0.00674,0.004114,0.003866,0.003053,0.002696,0.002677,0.002254,0.001311,0.001397,0.012924,0.007422,0.00453,0.004257,0.002969,0.002482,0.001538,0.000248,60.7,12.14,0.0349,6e-05,60.0
swell_26_31,swell_sim_26,SWL_0026_2p_phBC_cond26,26,train,Swell,6,SCENARIO_CONTROLLER,phase-to-phase,"B,C",1.3636,66.2,0.0554,0.1216,277,608,0.652572,1.116438,1.710828,0.9078,67.0,60.0,59.9903,14.81,0.908066,0.011756,0.006752,0.004123,0.003877,0.003064,0.002706,0.002685,0.002256,0.001316,0.001399,0.012946,0.007436,0.00454,0.00427,0.00298,0.002484,0.001541,0.000249,60.7,12.15,0.0349,6e-05,60.0
swell_26_32,swell_sim_26,SWL_0026_2p_phBC_cond26,26,train,Swell,6,SCENARIO_CONTROLLER,phase-to-phase,"B,C",1.3636,66.2,0.0564,0.1226,282,613,0.652594,1.116438,1.710769,0.9119,67.0,60.0,59.9903,14.81,0.9081,0.01176,0.006781,0.004157,0.003906,0.003082,0.002707,0.002669,0.00223,0.001292,0.001387,0.01295,0.007467,0.004578,0.004301,0.002981,0.002456,0.001527,0.000249,60.7,12.14,0.0349,6e-05,60.0
swell_27_01,swell_sim_27,SWL_0027_2p_phAB_cond27,27,train,Swell,6,SCENARIO_CONTROLLER,phase-to-phase,"A,B",1.1991,67.4,0.0254,0.0928,127,464,0.623101,0.991856,1.591807,0.5096,67.0,60.0,60.0105,20.25,0.876949,0.005621,0.00299,0.002608,0.002882,0.002035,0.001651,0.001975,0.001841,0.001423,0.000986,0.00641,0.00341,0.002974,0.003286,0.001883,0.002099,0.001124,7.3e-05,60.28,9.64,0.0124,4.4e-05,60.0
swell_27_02,swell_sim_27,SWL_0027_2p_phAB_cond27,27,train,Swell,6,SCENARIO_CONTROLLER,phase-to-phase,"A,B",1.1991,67.4,0.0264,0.0938,132,469,0.623141,0.991856,1.591705,0.5124,67.0,60.0,60.0105,20.25,0.877012,0.005553,0.003055,0.002648,0.002816,0.002029,0.001713,0.001973,0.001796,0.001452,0.001009,0.006332,0.003483,0.003019,0.003211,0.001953,0.002048,0.00115,7.2e-05,60.28,9.64,0.0124,4.5e-05,60.0
swell_27_03,swell_sim_27,SWL_0027_2p_phAB_cond27,27,train,Swell,6,SCENARIO_CONTROLLER,phase-to-phase,"A,B",1.1991,67.4,0.0274,0.0948,137,474,0.623166,0.991856,1.591641,0.5135,67.0,60.0,60.0105,20.25,0.87705,0.00554,0.003093,0.002621,0.002802,0.002066,0.001692,0.001955,0.00183,0.001427,0.001004,0.006317,0.003527,0.002988,0.003195,0.001929,0.002087,0.001145,7.2e-05,60.28,9.63,0.0124,4.5e-05,60.0
swell_27_04,swell_sim_27,SWL_0027_2p_phAB_cond27,27,train,Swell,6,SCENARIO_CONTROLLER,phase-to-phase,"A,B",1.1991,67.4,0.0284,0.0958,142,479,0.623164,0.991856,1.591646,0.5133,67.0,60.0,60.0105,20.25,0.877046,0.005535,0.003098,0.002618,0.002801,0.002072,0.001682,0.001965,0.001821,0.00143,0.001009,0.006311,0.003532,0.002985,0.003194,0.001918,0.002076,0.00115,7.2e-05,60.28,9.63,0.0124,4.5e-05,60.0
swell_27_05,swell_sim_27,SWL_0027_2p_phAB_cond27,27,train,Swell,6,SCENARIO_CONTROLLER,phase-to-phase,"A,B",1.1991,67.4,0.0294,0.0968,147,484,0.623144,0.991856,1.591697,0.5176,67.0,60.0,60.0105,20.25,0.877017,0.005503,0.003129,0.002593,0.002822,0.002053,0.00169,0.001963,0.001825,0.001429,0.001007,0.006275,0.003568,0.002957,0.003218,0.001927,0.002081,0.001148,7.2e-05,60.28,9.65,0.0124,4.4e-05,60.0
swell_27_06,swell_sim_27,SWL_0027_2p_phAB_cond27,27,train,Swell,6,SCENARIO_CONTROLLER,phase-to-phase,"A,B",1.1991,67.4,0.0304,0.0978,152,489,0.623108,0.991856,1.591788,0.5254,67.0,60.0,60.0105,20.25,0.876966,0.005438,0.003178,0.002544,0.002861,0.00203,0.001716,0.001945,0.001823,0.001439,0.000994,0.006201,0.003624,0.002901,0.003262,0.001957,0.002079,0.001133,7.2e-05,60.28,9.64,0.0124,4.5e-05,60.0
swell_27_07,swell_sim_27,SWL_0027_2p_phAB_cond27,27,train,Swell,6,SCENARIO_CONTROLLER,phase-to-phase,"A,B",1.1991,67.4,0.0314,0.0988,157,494,0.623086,0.991856,1.591845,0.5157,67.0,60.0,60.0105,20.25,0.876936,0.005416,0.003145,0.002603,0.002788,0.002093,0.001669,0.001962,0.00185,0.001395,0.001034,0.006176,0.003586,0.002968,0.003179,0.001903,0.00211,0.001179,7.1e-05,60.29,9.67,0.0124,4.6e-05,60.0
swell_27_08,swell_sim_27,SWL_0027_2p_phAB_cond27,27,train,Swell,6,SCENARIO_CONTROLLER,phase-to-phase,"A,B",1.1991,67.4,0.0324,0.0998,162,499,0.623082,0.991856,1.591855,0.5109,67.0,60.0,60.0112,20.25,0.876934,0.005458,0.003048,0.002678,0.002782,0.002029,0.001743,0.001917,0.001827,0.001444,0.001001,0.006224,0.003476,0.003054,0.003172,0.001988,0.002083,0.001141,7.1e-05,60.29,9.66,0.0124,4.5e-05,60.0
swell_27_09,swell_sim_27,SWL_0027_2p_phAB_cond27,27,train,Swell,6,SCENARIO_CONTROLLER,phase-to-phase,"A,B",1.1991,67.4,0.0334,0.1008,167,504,0.623104,0.991856,1.591798,0.5101,67.0,60.0,60.0112,20.25,0.876972,0.005554,0.002996,0.002626,0.002868,0.002035,0.001676,0.001966,0.001866,0.001401,0.000994,0.006333,0.003416,0.002994,0.00327,0.001911,0.002128,0.001133,7.2e-05,60.28,9.65,0.0124,4.5e-05,60.0
swell_27_10,swell_sim_27,SWL_0027_2p_phAB_cond27,27,train,Swell,6,SCENARIO_CONTROLLER,phase-to-phase,"A,B",1.1991,67.4,0.0344,0.1018,172,509,0.623137,0.991856,1.591715,0.5119,67.0,60.0,60.0112,20.25,0.877023,0.005624,0.003036,0.002565,0.002834,0.002079,0.001705,0.001925,0.001833,0.001418,0.001019,0.006413,0.003462,0.002925,0.003231,0.001944,0.00209,0.001162,7.3e-05,60.28,9.64,0.0123,4.5e-05,60.0
swell_27_11,swell_sim_27,SWL_0027_2p_phAB_cond27,27,train,Swell,6,SCENARIO_CONTROLLER,phase-to-phase,"A,B",1.1991,67.4,0.0354,0.1028,177,514,0.623174,0.991856,1.59162,0.5138,67.0,60.0,60.0112,20.25,0.87708,0.005649,0.003095,0.002592,0.002802,0.002028,0.001697,0.00196,0.001868,0.001427,0.000999,0.006441,0.003529,0.002955,0.003195,0.001935,0.00213,0.001139,7.3e-05,60.28,9.64,0.0123,4.5e-05,60.0
swell_27_12,swell_sim_27,SWL_0027_2p_phAB_cond27,27,train,Swell,6,SCENARIO_CONTROLLER,phase-to-phase,"A,B",1.1991,67.4,0.0364,0.1038,182,519,0.623192,0.991856,1.591575,0.5153,67.0,60.0,60.0112,20.26,0.877106,0.005643,0.003105,0.002616,0.00282,0.002034,0.001684,0.001944,0.001858,0.001427,0.001008,0.006434,0.00354,0.002983,0.003215,0.00192,0.002118,0.001149,7.4e-05,60.28,9.64,0.0123,4.5e-05,60.0
swell_27_13,swell_sim_27,SWL_0027_2p_phAB_cond27,27,train,Swell,6,SCENARIO_CONTROLLER,phase-to-phase,"A,B",1.1991,67.4,0.0374,0.1048,187,524,0.623162,0.991856,1.591651,0.5183,67.0,60.0,60.0112,20.25,0.877063,0.005685,0.003143,0.002638,0.00283,0.002035,0.001667,0.001919,0.001835,0.001404,0.000985,0.006482,0.003584,0.003008,0.003227,0.001901,0.002092,0.001123,7.4e-05,60.28,9.64,0.0123,4.4e-05,60.0
swell_27_14,swell_sim_27,SWL_0027_2p_phAB_cond27,27,train,Swell,6,SCENARIO_CONTROLLER,phase-to-phase,"A,B",1.1991,67.4,0.0384,0.1058,192,529,0.623132,0.991856,1.591727,0.5272,67.0,60.0,60.0112,20.25,0.877019,0.005738,0.003191,0.002687,0.002877,0.002077,0.001708,0.001957,0.001866,0.00143,0.001007,0.006543,0.003638,0.003064,0.00328,0.001948,0.002128,0.001148,7.6e-05,60.28,9.64,0.0123,4.4e-05,60.0
swell_27_15,swell_sim_27,SWL_0027_2p_phAB_cond27,27,train,Swell,6,SCENARIO_CONTROLLER,phase-to-phase,"A,B",1.1991,67.4,0.0394,0.1068,197,534,0.623101,0.991856,1.591807,0.5219,67.0,60.0,60.0112,20.25,0.876976,0.005786,0.003195,0.002671,0.002834,0.002014,0.001645,0.001897,0.001823,0.001409,0.001003,0.006598,0.003643,0.003046,0.003232,0.001876,0.002079,0.001144,7.6e-05,60.28,9.64,0.0123,4.5e-05,60.0
swell_27_16,swell_sim_27,SWL_0027_2p_phAB_cond27,27,train,Swell,6,SCENARIO_CONTROLLER,phase-to-phase,"A,B",1.1991,67.4,0.0404,0.1078,202,539,0.62309,0.991856,1.591835,0.514,67.0,60.0,60.0095,20.24,0.876963,0.00577,0.003114,0.002585,0.002785,0.002031,0.001693,0.001957,0.001854,0.001399,0.000974,0.00658,0.003551,0.002948,0.003176,0.001931,0.002114,0.001111,7.5e-05,60.28,9.66,0.0123,4.4e-05,60.0
swell_27_17,swell_sim_27,SWL_0027_2p_phAB_cond27,27,train,Swell,6,SCENARIO_CONTROLLER,phase-to-phase,"A,B",1.1991,67.4,0.0414,0.1088,207,544,0.623101,0.991856,1.591805,0.5132,67.0,60.0,60.0092,20.24,0.876985,0.005697,0.003038,0.002587,0.002862,0.002085,0.001684,0.001896,0.001822,0.001428,0.001016,0.006496,0.003464,0.00295,0.003263,0.00192,0.002078,0.001159,7.4e-05,60.28,9.65,0.0123,4.3e-05,60.0
swell_27_18,swell_sim_27,SWL_0027_2p_phAB_cond27,27,train,Swell,6,SCENARIO_CONTROLLER,phase-to-phase,"A,B",1.1991,67.4,0.0424,0.1098,212,549,0.623131,0.991856,1.591729,0.5138,67.0,60.0,60.0092,20.24,0.877032,0.005615,0.003053,0.002664,0.002867,0.002016,0.001663,0.00195,0.001836,0.00138,0.001003,0.006402,0.003481,0.003038,0.003269,0.001896,0.002093,0.001144,7.3e-05,60.28,9.64,0.0123,4.4e-05,60.0
swell_27_19,swell_sim_27,SWL_0027_2p_phAB_cond27,27,train,Swell,6,SCENARIO_CONTROLLER,phase-to-phase,"A,B",1.1991,67.4,0.0434,0.1108,217,554,0.623164,0.991856,1.591645,0.5159,67.0,60.0,60.0092,20.24,0.877083,0.005576,0.00311,0.002666,0.002816,0.002048,0.001695,0.001914,0.001837,0.00141,0.000984,0.006357,0.003546,0.00304,0.003211,0.001933,0.002094,0.001122,7.3e-05,60.28,9.65,0.0123,4.5e-05,60.0
swell_27_20,swell_sim_27,SWL_0027_2p_phAB_cond27,27,train,Swell,6,SCENARIO_CONTROLLER,phase-to-phase,"A,B",1.1991,67.4,0.0444,0.1118,222,559,0.623179,0.991856,1.591607,0.5169,67.0,60.0,60.0092,20.24,0.877105,0.005575,0.003125,0.002645,0.002823,0.002056,0.001678,0.001922,0.001839,0.0014,0.000994,0.006356,0.003563,0.003016,0.003219,0.001913,0.002097,0.001133,7.3e-05,60.28,9.64,0.0123,4.5e-05,60.0
swell_27_21,swell_sim_27,SWL_0027_2p_phAB_cond27,27,train,Swell,6,SCENARIO_CONTROLLER,phase-to-phase,"A,B",1.1991,67.4,0.0454,0.1128,227,564,0.623168,0.991856,1.591635,0.517,67.0,60.0,60.0092,20.24,0.877089,0.005561,0.003137,0.002641,0.002821,0.002063,0.001663,0.001939,0.001823,0.001414,0.000984,0.00634,0.003577,0.003011,0.003216,0.001896,0.002078,0.001122,7.3e-05,60.28,9.65,0.0123,4.5e-05,60.0
swell_27_22,swell_sim_27,SWL_0027_2p_phAB_cond27,27,train,Swell,6,SCENARIO_CONTROLLER,phase-to-phase,"A,B",1.1991,67.4,0.0464,0.1138,232,569,0.62314,0.991856,1.591706,0.5249,67.0,60.0,60.0092,20.24,0.877049,0.005513,0.003183,0.002597,0.002862,0.002025,0.001695,0.001912,0.001849,0.001391,0.001004,0.006286,0.003629,0.002961,0.003263,0.001933,0.002108,0.001145,7.2e-05,60.28,9.64,0.0123,4.4e-05,60.0
swell_27_23,swell_sim_27,SWL_0027_2p_phAB_cond27,27,train,Swell,6,SCENARIO_CONTROLLER,phase-to-phase,"A,B",1.1991,67.4,0.0474,0.1148,237,574,0.623109,0.991856,1.591786,0.5237,67.0,60.0,60.0092,20.24,0.877004,0.00546,0.003203,0.00259,0.002847,0.002065,0.001654,0.00196,0.001797,0.001433,0.000976,0.006226,0.003652,0.002953,0.003246,0.001886,0.002049,0.001113,7.2e-05,60.28,9.65,0.0123,4.5e-05,60.0
swell_27_24,swell_sim_27,SWL_0027_2p_phAB_cond27,27,train,Swell,6,SCENARIO_CONTROLLER,phase-to-phase,"A,B",1.1991,67.4,0.0484,0.1158,242,579,0.62309,0.991856,1.591835,0.5125,67.0,60.0,60.0092,20.24,0.87698,0.005455,0.003138,0.00268,0.002763,0.002103,0.001649,0.001924,0.001863,0.001383,0.000994,0.00622,0.003578,0.003056,0.003151,0.00188,0.002124,0.001133,7.2e-05,60.28,9.66,0.0123,4.6e-05,60.0
swell_27_25,swell_sim_27,SWL_0027_2p_phAB_cond27,27,train,Swell,6,SCENARIO_CONTROLLER,phase-to-phase,"A,B",1.1991,67.4,0.0494,0.1168,247,584,0.623093,0.991856,1.591825,0.5109,67.0,60.0,60.0083,20.23,0.876988,0.005505,0.003062,0.002712,0.002801,0.002036,0.00169,0.001937,0.00181,0.001409,0.001009,0.006277,0.003491,0.003092,0.003194,0.001927,0.002064,0.001151,7.2e-05,60.28,9.66,0.0123,4.5e-05,60.0
swell_27_26,swell_sim_27,SWL_0027_2p_phAB_cond27,27,train,Swell,6,SCENARIO_CONTROLLER,phase-to-phase,"A,B",1.1991,67.4,0.0504,0.1178,252,589,0.623124,0.991856,1.591749,0.5106,67.0,60.0,60.0083,20.23,0.877037,0.005605,0.003048,0.002628,0.002852,0.002101,0.001623,0.001919,0.001868,0.001426,0.000963,0.006391,0.003475,0.002996,0.003252,0.001851,0.00213,0.001098,7.3e-05,60.28,9.66,0.0123,4.5e-05,60.0
swell_27_27,swell_sim_27,SWL_0027_2p_phAB_cond27,27,train,Swell,6,SCENARIO_CONTROLLER,phase-to-phase,"A,B",1.1991,67.4,0.0514,0.1188,257,594,0.623162,0.991856,1.59165,0.5133,67.0,60.0,60.0083,20.24,0.877097,0.005664,0.003112,0.002597,0.002787,0.002094,0.00168,0.001933,0.001836,0.001389,0.000968,0.006458,0.003548,0.002961,0.003178,0.001915,0.002093,0.001104,7.3e-05,60.28,9.67,0.0123,4.6e-05,60.0
swell_27_28,swell_sim_27,SWL_0027_2p_phAB_cond27,27,train,Swell,6,SCENARIO_CONTROLLER,phase-to-phase,"A,B",1.1991,67.4,0.0524,0.1198,262,599,0.623188,0.991856,1.591583,0.5147,67.0,60.0,60.0083,20.24,0.877137,0.005675,0.003149,0.002626,0.002777,0.002061,0.001658,0.001946,0.001863,0.00141,0.000965,0.00647,0.00359,0.002994,0.003166,0.00189,0.002124,0.0011,7.4e-05,60.28,9.66,0.0123,4.5e-05,60.0
swell_27_29,swell_sim_27,SWL_0027_2p_phAB_cond27,27,train,Swell,6,SCENARIO_CONTROLLER,phase-to-phase,"A,B",1.1991,67.4,0.0534,0.1208,267,604,0.623189,0.991856,1.591582,0.5152,67.0,60.0,60.0083,20.24,0.877138,0.00568,0.003159,0.002637,0.002783,0.002058,0.001641,0.001923,0.00184,0.001395,0.000966,0.006476,0.003601,0.003006,0.003173,0.001871,0.002098,0.001101,7.4e-05,60.28,9.66,0.0123,4.5e-05,60.0
swell_27_30,swell_sim_27,SWL_0027_2p_phAB_cond27,27,train,Swell,6,SCENARIO_CONTROLLER,phase-to-phase,"A,B",1.1991,67.4,0.0544,0.1218,272,609,0.623163,0.991856,1.591647,0.5187,67.0,60.0,60.0083,20.24,0.8771,0.005718,0.003195,0.002662,0.002798,0.002066,0.001632,0.001905,0.001823,0.001376,0.000944,0.006519,0.003643,0.003035,0.00319,0.001861,0.002078,0.001076,7.4e-05,60.28,9.66,0.0123,4.5e-05,60.0
swell_27_31,swell_sim_27,SWL_0027_2p_phAB_cond27,27,train,Swell,6,SCENARIO_CONTROLLER,phase-to-phase,"A,B",1.1991,67.4,0.0554,0.1228,277,614,0.623134,0.991856,1.591722,0.5243,67.0,60.0,60.0083,20.24,0.877058,0.005771,0.003233,0.002697,0.002825,0.002079,0.001646,0.001914,0.001813,0.001357,0.000923,0.00658,0.003686,0.003075,0.003221,0.001877,0.002067,0.001052,7.6e-05,60.28,9.67,0.0123,4.5e-05,60.0
swell_27_32,swell_sim_27,SWL_0027_2p_phAB_cond27,27,train,Swell,6,SCENARIO_CONTROLLER,phase-to-phase,"A,B",1.1991,67.4,0.0564,0.1238,282,619,0.623109,0.991856,1.591786,0.5139,67.0,60.0,60.0083,20.23,0.877024,0.005798,0.0032,0.002637,0.002746,0.002007,0.001591,0.001887,0.001835,0.001401,0.000967,0.006611,0.003649,0.003007,0.003131,0.001814,0.002092,0.001103,7.5e-05,60.28,9.66,0.0123,4.4e-05,60.0
swell_28_01,swell_sim_28,SWL_0028_2p_phBC_cond28,28,val,Swell,6,SCENARIO_CONTROLLER,phase-to-phase,"B,C",1.3089,66.0,0.0254,0.0914,127,457,0.617615,1.026823,1.662564,0.8981,68.8,60.0,59.9688,15.94,0.863043,0.010542,0.006463,0.003683,0.00344,0.002783,0.002542,0.002414,0.001816,0.001223,0.001289,0.012215,0.007489,0.004267,0.003986,0.002945,0.002104,0.001494,0.000205,60.63,11.99,0.0277,6.3e-05,60.0
swell_28_02,swell_sim_28,SWL_0028_2p_phBC_cond28,28,val,Swell,6,SCENARIO_CONTROLLER,phase-to-phase,"B,C",1.3089,66.0,0.0264,0.0924,132,462,0.617639,1.026823,1.662498,0.8786,68.8,60.0,59.9635,15.91,0.863059,0.01075,0.006198,0.003675,0.003692,0.002744,0.002335,0.002518,0.001899,0.001102,0.001249,0.012456,0.007181,0.004258,0.004278,0.002705,0.0022,0.001447,0.000207,60.63,11.99,0.0278,6.4e-05,60.0
swell_28_03,swell_sim_28,SWL_0028_2p_phBC_cond28,28,val,Swell,6,SCENARIO_CONTROLLER,phase-to-phase,"B,C",1.3089,66.0,0.0274,0.0934,137,467,0.617593,1.026823,1.662622,0.8646,68.8,60.0,59.9632,15.91,0.862968,0.010777,0.006004,0.003944,0.003625,0.002578,0.002546,0.002447,0.001842,0.001252,0.001183,0.012488,0.006957,0.00457,0.004201,0.00295,0.002134,0.001371,0.000206,60.63,11.98,0.0278,6.7e-05,60.0
swell_28_04,swell_sim_28,SWL_0028_2p_phBC_cond28,28,val,Swell,6,SCENARIO_CONTROLLER,phase-to-phase,"B,C",1.3089,66.0,0.0284,0.0944,142,472,0.617497,1.026823,1.662879,0.858,68.8,60.0,59.9632,15.9,0.862807,0.010631,0.006096,0.00399,0.003433,0.002784,0.00242,0.002476,0.001866,0.001135,0.00129,0.012321,0.007065,0.004624,0.003979,0.002805,0.002163,0.001495,0.000204,60.63,11.92,0.0279,6.3e-05,60.0
swell_28_05,swell_sim_28,SWL_0028_2p_phBC_cond28,28,val,Swell,6,SCENARIO_CONTROLLER,phase-to-phase,"B,C",1.3089,66.0,0.0294,0.0954,147,477,0.617409,1.026823,1.663116,0.8795,68.8,60.0,59.9632,15.9,0.862666,0.010474,0.006253,0.003847,0.003538,0.002717,0.002437,0.002483,0.001861,0.001194,0.001223,0.012141,0.007248,0.004459,0.004101,0.002825,0.002157,0.001418,0.000202,60.63,11.91,0.0279,6.2e-05,60.0
swell_28_06,swell_sim_28,SWL_0028_2p_phBC_cond28,28,val,Swell,6,SCENARIO_CONTROLLER,phase-to-phase,"B,C",1.3089,66.0,0.0304,0.0964,152,482,0.617373,1.026823,1.663215,0.8859,68.8,60.0,59.9632,15.9,0.862608,0.010421,0.006288,0.003816,0.003572,0.002685,0.002468,0.002457,0.00187,0.001174,0.001236,0.012081,0.00729,0.004424,0.004141,0.002861,0.002168,0.001433,0.000201,60.63,11.9,0.0279,6.2e-05,60.0
swell_28_07,swell_sim_28,SWL_0028_2p_phBC_cond28,28,val,Swell,6,SCENARIO_CONTROLLER,phase-to-phase,"B,C",1.3089,66.0,0.0314,0.0974,157,487,0.617419,1.026823,1.66309,0.895,68.8,60.0,59.9632,15.9,0.862678,0.010433,0.00634,0.003748,0.003636,0.00264,0.002487,0.002475,0.001822,0.001221,0.001201,0.012094,0.007349,0.004345,0.004215,0.002883,0.002112,0.001392,0.000202,60.63,11.91,0.0279,6.2e-05,60.0
swell_28_08,swell_sim_28,SWL_0028_2p_phBC_cond28,28,val,Swell,6,SCENARIO_CONTROLLER,phase-to-phase,"B,C",1.3089,66.0,0.0324,0.0984,162,492,0.61751,1.026823,1.662845,0.9026,68.8,60.0,59.9632,15.9,0.862811,0.010349,0.006492,0.003698,0.003581,0.00277,0.002381,0.002478,0.001915,0.001138,0.001222,0.011995,0.007524,0.004286,0.00415,0.00276,0.002219,0.001416,0.000202,60.63,11.93,0.0279,6.2e-05,60.0
swell_28_09,swell_sim_28,SWL_0028_2p_phBC_cond28,28,val,Swell,6,SCENARIO_CONTROLLER,phase-to-phase,"B,C",1.3089,66.0,0.0334,0.0994,167,497,0.617599,1.026823,1.662605,0.9043,68.8,60.0,59.9632,15.91,0.862935,0.010129,0.006533,0.003895,0.003419,0.002708,0.002556,0.002438,0.001778,0.001231,0.001272,0.011738,0.007571,0.004514,0.003962,0.002962,0.00206,0.001474,0.000198,60.63,11.94,0.0279,6.2e-05,60.0
swell_28_10,swell_sim_28,SWL_0028_2p_phBC_cond28,28,val,Swell,6,SCENARIO_CONTROLLER,phase-to-phase,"B,C",1.3089,66.0,0.0344,0.1004,172,502,0.617645,1.026823,1.662481,0.8885,68.8,60.0,59.9632,15.91,0.862987,0.009879,0.006327,0.004025,0.003615,0.002578,0.002388,0.002525,0.001946,0.001183,0.00115,0.011447,0.007332,0.004664,0.004189,0.002767,0.002255,0.001333,0.000192,60.63,11.98,0.0279,6.6e-05,60.0
swell_28_11,swell_sim_28,SWL_0028_2p_phBC_cond28,28,val,Swell,6,SCENARIO_CONTROLLER,phase-to-phase,"B,C",1.3089,66.0,0.0354,0.1014,177,507,0.617623,1.026823,1.662541,0.8722,68.8,60.0,59.9714,15.96,0.862932,0.009768,0.006065,0.003809,0.003706,0.00282,0.002475,0.002401,0.001769,0.001153,0.001251,0.01132,0.007028,0.004414,0.004295,0.002868,0.00205,0.00145,0.000186,60.63,11.96,0.028,6.6e-05,60.0
swell_28_12,swell_sim_28,SWL_0028_2p_phBC_cond28,28,val,Swell,6,SCENARIO_CONTROLLER,phase-to-phase,"B,C",1.3089,66.0,0.0364,0.1024,182,512,0.617544,1.026823,1.662752,0.8611,68.8,60.0,59.9714,15.96,0.862795,0.009864,0.006068,0.003651,0.003485,0.002684,0.002496,0.002521,0.001909,0.001241,0.00126,0.011433,0.007033,0.004232,0.004039,0.002893,0.002213,0.00146,0.000186,60.63,11.93,0.028,6.4e-05,60.0
swell_28_13,swell_sim_28,SWL_0028_2p_phBC_cond28,28,val,Swell,6,SCENARIO_CONTROLLER,phase-to-phase,"B,C",1.3089,66.0,0.0374,0.1034,187,517,0.617449,1.026823,1.66301,0.8756,68.8,60.0,59.9714,15.95,0.862639,0.010039,0.006238,0.003777,0.003519,0.00265,0.002399,0.002404,0.001798,0.001135,0.001182,0.011638,0.007231,0.004378,0.004079,0.002781,0.002084,0.00137,0.000191,60.63,11.91,0.0281,6.3e-05,60.0
swell_28_14,swell_sim_28,SWL_0028_2p_phBC_cond28,28,val,Swell,6,SCENARIO_CONTROLLER,phase-to-phase,"B,C",1.3089,66.0,0.0384,0.1044,192,522,0.61739,1.026823,1.66317,0.8894,68.8,60.0,59.9714,15.95,0.862546,0.01013,0.006311,0.003847,0.003595,0.002722,0.002468,0.002466,0.001848,0.001183,0.001222,0.011744,0.007317,0.00446,0.004168,0.002861,0.002142,0.001417,0.000196,60.63,11.9,0.0281,6.3e-05,60.0
swell_28_15,swell_sim_28,SWL_0028_2p_phBC_cond28,28,val,Swell,6,SCENARIO_CONTROLLER,phase-to-phase,"B,C",1.3089,66.0,0.0394,0.1054,197,527,0.617402,1.026823,1.663135,0.8919,68.8,60.0,59.9714,15.95,0.862566,0.010125,0.006322,0.003864,0.003613,0.002739,0.002481,0.002471,0.001841,0.001175,0.001209,0.011738,0.007329,0.00448,0.004189,0.002876,0.002134,0.001402,0.000196,60.63,11.91,0.0281,6.2e-05,60.0
swell_28_16,swell_sim_28,SWL_0028_2p_phBC_cond28,28,val,Swell,6,SCENARIO_CONTROLLER,phase-to-phase,"B,C",1.3089,66.0,0.0404,0.1064,202,532,0.617487,1.026823,1.662906,0.9031,68.8,60.0,59.9714,15.95,0.862691,0.010171,0.00646,0.003965,0.003646,0.002684,0.002382,0.002386,0.001842,0.001209,0.001269,0.01179,0.007488,0.004596,0.004226,0.002761,0.002135,0.001471,0.000199,60.63,11.94,0.0281,6.7e-05,60.0
swell_28_17,swell_sim_28,SWL_0028_2p_phBC_cond28,28,val,Swell,6,SCENARIO_CONTROLLER,phase-to-phase,"B,C",1.3089,66.0,0.0414,0.1074,207,537,0.617586,1.026823,1.66264,0.9072,68.8,60.0,59.9714,15.96,0.862831,0.010367,0.00657,0.003847,0.003449,0.002614,0.002492,0.002535,0.001809,0.001095,0.001191,0.012015,0.007614,0.004459,0.003997,0.002888,0.002097,0.00138,0.000203,60.63,11.95,0.0281,6.5e-05,60.0
swell_28_18,swell_sim_28,SWL_0028_2p_phBC_cond28,28,val,Swell,6,SCENARIO_CONTROLLER,phase-to-phase,"B,C",1.3089,66.0,0.0424,0.1084,212,542,0.617654,1.026823,1.662458,0.8975,68.8,60.0,59.9714,15.96,0.862917,0.010631,0.006438,0.003623,0.003522,0.002831,0.002476,0.002351,0.001864,0.001236,0.001191,0.01232,0.007461,0.004199,0.004082,0.002869,0.00216,0.00138,0.000206,60.63,11.96,0.0281,6.4e-05,60.0
swell_28_19,swell_sim_28,SWL_0028_2p_phBC_cond28,28,val,Swell,6,SCENARIO_CONTROLLER,phase-to-phase,"B,C",1.3089,66.0,0.0434,0.1094,217,547,0.617657,1.026823,1.66245,0.8775,68.8,60.0,59.968,15.94,0.862898,0.010801,0.006138,0.00375,0.003746,0.002636,0.002371,0.002564,0.001767,0.001096,0.0013,0.012517,0.007113,0.004346,0.004341,0.002748,0.002048,0.001507,0.000208,60.63,11.95,0.0281,6.4e-05,60.0
swell_28_20,swell_sim_28,SWL_0028_2p_phBC_cond28,28,val,Swell,6,SCENARIO_CONTROLLER,phase-to-phase,"B,C",1.3089,66.0,0.0444,0.1104,222,552,0.617596,1.026823,1.662614,0.8651,68.8,60.0,59.968,15.94,0.862787,0.010764,0.006046,0.003973,0.00357,0.002634,0.002533,0.002388,0.001877,0.001153,0.00119,0.012476,0.007008,0.004605,0.004138,0.002936,0.002176,0.001379,0.000206,60.63,11.94,0.0282,6.5e-05,60.0
swell_28_21,swell_sim_28,SWL_0028_2p_phBC_cond28,28,val,Swell,6,SCENARIO_CONTROLLER,phase-to-phase,"B,C",1.3089,66.0,0.0454,0.1114,227,557,0.617504,1.026823,1.66286,0.868,68.8,60.0,59.968,15.94,0.862635,0.010607,0.006184,0.003922,0.003491,0.002773,0.002375,0.002517,0.001778,0.001158,0.001227,0.012296,0.007169,0.004547,0.004047,0.002753,0.002061,0.001422,0.000204,60.63,11.91,0.0282,6.2e-05,60.0
swell_28_22,swell_sim_28,SWL_0028_2p_phBC_cond28,28,val,Swell,6,SCENARIO_CONTROLLER,phase-to-phase,"B,C",1.3089,66.0,0.0464,0.1124,232,562,0.61743,1.026823,1.66306,0.8882,68.8,60.0,59.968,15.94,0.862517,0.010482,0.0063,0.003807,0.0036,0.002675,0.002456,0.002448,0.001844,0.001119,0.001253,0.012153,0.007304,0.004414,0.004174,0.002847,0.002138,0.001453,0.000202,60.63,11.9,0.0283,6.3e-05,60.0
swell_28_23,swell_sim_28,SWL_0028_2p_phBC_cond28,28,val,Swell,6,SCENARIO_CONTROLLER,phase-to-phase,"B,C",1.3089,66.0,0.0474,0.1134,237,567,0.617417,1.026823,1.663096,0.8911,68.8,60.0,59.968,15.93,0.862496,0.01046,0.006316,0.003792,0.003617,0.002661,0.002469,0.002443,0.001831,0.001129,0.001234,0.012128,0.007323,0.004397,0.004194,0.002863,0.002123,0.001431,0.000202,60.63,11.89,0.0283,6.3e-05,60.0
swell_28_24,swell_sim_28,SWL_0028_2p_phBC_cond28,28,val,Swell,6,SCENARIO_CONTROLLER,phase-to-phase,"B,C",1.3089,66.0,0.0484,0.1144,242,572,0.617457,1.026823,1.662989,0.8979,68.8,60.0,59.968,15.94,0.862556,0.010456,0.006373,0.003734,0.003658,0.002654,0.002447,0.002487,0.001797,0.001148,0.001243,0.012122,0.007389,0.004329,0.004241,0.002837,0.002083,0.001441,0.000203,60.63,11.9,0.0283,6.2e-05,60.0
swell_28_25,swell_sim_28,SWL_0028_2p_phBC_cond28,28,val,Swell,6,SCENARIO_CONTROLLER,phase-to-phase,"B,C",1.3089,66.0,0.0494,0.1154,247,577,0.617562,1.026823,1.662705,0.904,68.8,60.0,59.968,15.94,0.862708,0.010313,0.006534,0.003761,0.003509,0.002812,0.002413,0.002376,0.001904,0.001129,0.001168,0.011954,0.007574,0.00436,0.004067,0.002797,0.002207,0.001354,0.000201,60.63,11.93,0.0283,6.3e-05,60.0
swell_28_26,swell_sim_28,SWL_0028_2p_phBC_cond28,28,val,Swell,6,SCENARIO_CONTROLLER,phase-to-phase,"B,C",1.3089,66.0,0.0504,0.1164,252,582,0.617643,1.026823,1.662488,0.9009,68.8,60.0,59.968,15.95,0.862816,0.01006,0.00649,0.003995,0.003446,0.00263,0.002535,0.002493,0.001809,0.001069,0.001268,0.011659,0.007522,0.00463,0.003994,0.002938,0.002097,0.00147,0.000197,60.63,11.99,0.0283,6.3e-05,60.0
swell_28_27,swell_sim_28,SWL_0028_2p_phBC_cond28,28,val,Swell,6,SCENARIO_CONTROLLER,phase-to-phase,"B,C",1.3089,66.0,0.0514,0.1174,257,587,0.617669,1.026823,1.662417,0.8809,68.8,60.0,59.9667,15.94,0.862834,0.009832,0.006216,0.004004,0.003708,0.002671,0.002318,0.002387,0.001906,0.0012,0.001219,0.011395,0.007204,0.004641,0.004297,0.002686,0.002209,0.001413,0.00019,60.63,11.97,0.0283,6.5e-05,60.0
swell_28_28,swell_sim_28,SWL_0028_2p_phBC_cond28,28,val,Swell,6,SCENARIO_CONTROLLER,phase-to-phase,"B,C",1.3089,66.0,0.0524,0.1184,262,592,0.617626,1.026823,1.662532,0.8673,68.8,60.0,59.9671,15.94,0.862749,0.009795,0.006023,0.003745,0.003651,0.002835,0.002525,0.002447,0.001831,0.001049,0.001165,0.011353,0.006981,0.004341,0.004232,0.002927,0.002122,0.00135,0.000186,60.63,11.96,0.0283,6.4e-05,60.0
swell_28_29,swell_sim_28,SWL_0028_2p_phBC_cond28,28,val,Swell,6,SCENARIO_CONTROLLER,phase-to-phase,"B,C",1.3089,66.0,0.0534,0.1194,267,597,0.617531,1.026823,1.662789,0.8606,68.8,60.0,59.9671,15.94,0.862587,0.009948,0.006116,0.003693,0.003459,0.002629,0.002395,0.002416,0.00186,0.001164,0.001271,0.011533,0.00709,0.004281,0.00401,0.002777,0.002156,0.001473,0.000187,60.63,11.94,0.0284,6.5e-05,60.0
swell_28_30,swell_sim_28,SWL_0028_2p_phBC_cond28,28,val,Swell,6,SCENARIO_CONTROLLER,phase-to-phase,"B,C",1.3089,66.0,0.0544,0.1204,272,602,0.617439,1.026823,1.663036,0.8825,68.8,60.0,59.9671,15.94,0.86244,0.010113,0.006279,0.003842,0.003563,0.002693,0.002409,0.002402,0.001845,0.001106,0.001205,0.011726,0.007281,0.004455,0.004131,0.002793,0.002139,0.001397,0.000194,60.63,11.89,0.0284,6.3e-05,60.0
swell_28_31,swell_sim_28,SWL_0028_2p_phBC_cond28,28,val,Swell,6,SCENARIO_CONTROLLER,phase-to-phase,"B,C",1.3089,66.0,0.0554,0.1214,277,607,0.617405,1.026823,1.663128,0.8888,68.8,60.0,59.9671,15.93,0.862386,0.010162,0.006313,0.003871,0.003597,0.002724,0.00244,0.002427,0.001856,0.001124,0.001221,0.011784,0.00732,0.004489,0.004171,0.002829,0.002152,0.001416,0.000197,60.63,11.88,0.0284,6.1e-05,60.0
swell_28_32,swell_sim_28,SWL_0028_2p_phBC_cond28,28,val,Swell,6,SCENARIO_CONTROLLER,phase-to-phase,"B,C",1.3089,66.0,0.0564,0.1224,282,612,0.617441,1.026823,1.66303,0.8957,68.8,60.0,59.9671,15.94,0.862441,0.010155,0.006353,0.003923,0.003646,0.002759,0.002455,0.002417,0.001825,0.001093,0.001198,0.011775,0.007366,0.004549,0.004228,0.002847,0.002116,0.001389,0.000198,60.63,11.89,0.0284,6.2e-05,60.0
swell_29_01,swell_sim_29,SWL_0029_2p_phAB_cond29,29,train,Swell,6,SCENARIO_CONTROLLER,phase-to-phase,"A,B",1.381,74.4,0.0252,0.0996,126,498,0.692513,1.178657,1.702,0.8744,75.4,60.0,60.0296,14.5,0.961708,0.017779,0.006581,0.005944,0.004073,0.002834,0.003289,0.003045,0.002789,0.001728,0.001515,0.018487,0.006843,0.006181,0.004235,0.00342,0.0029,0.001575,0.000453,60.77,13.19,0.0378,7e-05,60.0
swell_29_02,swell_sim_29,SWL_0029_2p_phAB_cond29,29,train,Swell,6,SCENARIO_CONTROLLER,phase-to-phase,"A,B",1.381,74.4,0.0262,0.1006,131,503,0.692459,1.178657,1.702133,0.8945,75.4,60.0,60.0296,14.5,0.96165,0.017481,0.006868,0.006042,0.003804,0.002771,0.003515,0.002998,0.002664,0.001851,0.001561,0.018178,0.007142,0.006283,0.003956,0.003655,0.00277,0.001623,0.000446,60.77,13.23,0.0378,7.2e-05,60.0
swell_29_03,swell_sim_29,SWL_0029_2p_phAB_cond29,29,train,Swell,6,SCENARIO_CONTROLLER,phase-to-phase,"A,B",1.381,74.4,0.0272,0.1016,136,508,0.692478,1.178657,1.702087,0.9078,75.4,60.0,60.029,14.49,0.961708,0.01732,0.007073,0.005785,0.003916,0.003001,0.003295,0.003012,0.002762,0.00169,0.001636,0.01801,0.007355,0.006015,0.004072,0.003426,0.002872,0.001701,0.000441,60.77,13.21,0.0377,7.2e-05,60.0
swell_29_04,swell_sim_29,SWL_0029_2p_phAB_cond29,29,train,Swell,6,SCENARIO_CONTROLLER,phase-to-phase,"A,B",1.381,74.4,0.0282,0.1026,141,513,0.692561,1.178657,1.701881,0.9149,75.4,60.0,60.029,14.5,0.961864,0.01738,0.006983,0.005646,0.004109,0.002794,0.003435,0.003036,0.002697,0.001827,0.001508,0.018069,0.00726,0.00587,0.004272,0.003571,0.002804,0.001568,0.000441,60.77,13.2,0.0376,7.3e-05,60.0
swell_29_05,swell_sim_29,SWL_0029_2p_phAB_cond29,29,train,Swell,6,SCENARIO_CONTROLLER,phase-to-phase,"A,B",1.381,74.4,0.0292,0.1036,146,518,0.692661,1.178657,1.701636,0.8901,75.4,60.0,60.029,14.5,0.962035,0.017552,0.006781,0.005807,0.003957,0.002812,0.00342,0.002983,0.00273,0.001757,0.001584,0.018245,0.007049,0.006036,0.004113,0.003555,0.002838,0.001647,0.000445,60.77,13.17,0.0376,7.2e-05,60.0
swell_29_06,swell_sim_29,SWL_0029_2p_phAB_cond29,29,train,Swell,6,SCENARIO_CONTROLLER,phase-to-phase,"A,B",1.381,74.4,0.0302,0.1046,151,523,0.692733,1.178657,1.701458,0.8801,75.4,60.0,60.029,14.51,0.962153,0.017673,0.006709,0.005883,0.003916,0.002889,0.003371,0.003033,0.002717,0.00177,0.001581,0.018368,0.006973,0.006114,0.00407,0.003504,0.002824,0.001643,0.000449,60.77,13.16,0.0376,7.1e-05,60.0
swell_29_07,swell_sim_29,SWL_0029_2p_phAB_cond29,29,train,Swell,6,SCENARIO_CONTROLLER,phase-to-phase,"A,B",1.381,74.4,0.0312,0.1056,156,528,0.692724,1.178657,1.701482,0.8785,75.4,60.0,60.029,14.51,0.962138,0.017671,0.00669,0.005905,0.003904,0.002901,0.003383,0.003011,0.002749,0.001743,0.001591,0.018366,0.006953,0.006137,0.004058,0.003516,0.002857,0.001654,0.000449,60.77,13.16,0.0376,7e-05,60.0
swell_29_08,swell_sim_29,SWL_0029_2p_phAB_cond29,29,train,Swell,6,SCENARIO_CONTROLLER,phase-to-phase,"A,B",1.381,74.4,0.0322,0.1066,161,533,0.692649,1.178657,1.701664,0.8754,75.4,60.0,60.029,14.5,0.962026,0.017695,0.006569,0.005973,0.003972,0.002813,0.003464,0.002994,0.002674,0.001808,0.001589,0.018393,0.006828,0.006209,0.004129,0.003601,0.00278,0.001652,0.00045,60.77,13.18,0.0376,7.2e-05,60.0
swell_29_09,swell_sim_29,SWL_0029_2p_phAB_cond29,29,train,Swell,6,SCENARIO_CONTROLLER,phase-to-phase,"A,B",1.381,74.4,0.0332,0.1076,166,538,0.692555,1.178657,1.701896,0.8714,75.4,60.0,60.029,14.5,0.961891,0.017861,0.00652,0.005832,0.004102,0.002801,0.003303,0.003074,0.002791,0.001722,0.00154,0.018569,0.006778,0.006063,0.004265,0.003434,0.002902,0.001601,0.000454,60.77,13.2,0.0376,7.2e-05,60.0
swell_29_10,swell_sim_29,SWL_0029_2p_phAB_cond29,29,train,Swell,6,SCENARIO_CONTROLLER,phase-to-phase,"A,B",1.381,74.4,0.0342,0.1086,171,543,0.69248,1.178657,1.702081,0.8872,75.4,60.0,60.029,14.5,0.961797,0.018168,0.006758,0.005618,0.00386,0.003008,0.003497,0.002936,0.002605,0.001764,0.001681,0.01889,0.007026,0.005841,0.004013,0.003636,0.002708,0.001748,0.000465,60.77,13.24,0.0375,7.3e-05,60.0
swell_29_11,swell_sim_29,SWL_0029_2p_phAB_cond29,29,train,Swell,6,SCENARIO_CONTROLLER,phase-to-phase,"A,B",1.381,74.4,0.0352,0.1096,176,548,0.692474,1.178657,1.702096,0.9045,75.4,60.0,60.0294,14.5,0.961817,0.018393,0.007043,0.005802,0.003798,0.002759,0.003413,0.003117,0.002802,0.001798,0.001576,0.019123,0.007323,0.006032,0.003949,0.003548,0.002913,0.001639,0.000479,60.77,13.23,0.0375,7.2e-05,60.0
swell_29_12,swell_sim_29,SWL_0029_2p_phAB_cond29,29,train,Swell,6,SCENARIO_CONTROLLER,phase-to-phase,"A,B",1.381,74.4,0.0362,0.1106,181,553,0.692537,1.178657,1.701941,0.9155,75.4,60.0,60.0294,14.5,0.961941,0.018402,0.007054,0.006028,0.004053,0.002832,0.003373,0.002939,0.002626,0.001688,0.001558,0.01913,0.007333,0.006266,0.004213,0.003506,0.00273,0.00162,0.000481,60.77,13.2,0.0374,7.1e-05,60.0
swell_29_13,swell_sim_29,SWL_0029_2p_phAB_cond29,29,train,Swell,6,SCENARIO_CONTROLLER,phase-to-phase,"A,B",1.381,74.4,0.0372,0.1116,186,558,0.692643,1.178657,1.701681,0.8985,75.4,60.0,60.0294,14.5,0.962127,0.018238,0.00684,0.005917,0.003967,0.002944,0.003495,0.003106,0.002775,0.001826,0.001667,0.018956,0.007109,0.00615,0.004123,0.003633,0.002884,0.001733,0.000475,60.77,13.2,0.0374,7.1e-05,60.0
swell_29_14,swell_sim_29,SWL_0029_2p_phAB_cond29,29,train,Swell,6,SCENARIO_CONTROLLER,phase-to-phase,"A,B",1.381,74.4,0.0382,0.1126,191,563,0.692734,1.178657,1.701457,0.8761,75.4,60.0,60.0294,14.51,0.962278,0.018078,0.006705,0.005772,0.003844,0.002806,0.003369,0.002988,0.002675,0.001732,0.001585,0.018787,0.006968,0.005998,0.003995,0.003501,0.00278,0.001647,0.000461,60.77,13.16,0.0373,7.1e-05,60.0
swell_29_15,swell_sim_29,SWL_0029_2p_phAB_cond29,29,train,Swell,6,SCENARIO_CONTROLLER,phase-to-phase,"A,B",1.381,74.4,0.0392,0.1136,196,568,0.692752,1.178657,1.701413,0.8773,75.4,60.0,60.0294,14.51,0.962307,0.018051,0.006701,0.00577,0.003858,0.002812,0.003388,0.003009,0.002702,0.001758,0.001606,0.018758,0.006963,0.005996,0.004009,0.003521,0.002808,0.001669,0.00046,60.77,13.15,0.0373,7.1e-05,60.0
swell_29_16,swell_sim_29,SWL_0029_2p_phAB_cond29,29,train,Swell,6,SCENARIO_CONTROLLER,phase-to-phase,"A,B",1.381,74.4,0.0402,0.1146,201,573,0.6927,1.178657,1.70154,0.8727,75.4,60.0,60.0294,14.51,0.962227,0.018063,0.006621,0.005698,0.00385,0.002817,0.003444,0.003064,0.002712,0.00174,0.001575,0.018772,0.006881,0.005922,0.004001,0.003579,0.002818,0.001637,0.000459,60.77,13.17,0.0373,7.1e-05,60.0
swell_29_17,swell_sim_29,SWL_0029_2p_phAB_cond29,29,train,Swell,6,SCENARIO_CONTROLLER,phase-to-phase,"A,B",1.381,74.4,0.0412,0.1156,206,578,0.692595,1.178657,1.701797,0.8685,75.4,60.0,60.0294,14.5,0.962073,0.017944,0.006501,0.00576,0.004034,0.002948,0.003358,0.002917,0.002709,0.001837,0.001651,0.018651,0.006757,0.005987,0.004193,0.00349,0.002816,0.001716,0.000456,60.77,13.19,0.0374,7.3e-05,60.0
swell_29_18,swell_sim_29,SWL_0029_2p_phAB_cond29,29,train,Swell,6,SCENARIO_CONTROLLER,phase-to-phase,"A,B",1.381,74.4,0.0422,0.1166,211,583,0.692506,1.178657,1.702016,0.8752,75.4,60.0,60.0294,14.5,0.961954,0.017668,0.006642,0.006014,0.00392,0.002718,0.003376,0.003111,0.002669,0.001686,0.00167,0.018367,0.006905,0.006252,0.004075,0.00351,0.002775,0.001736,0.000449,60.77,13.23,0.0373,7.3e-05,60.0
swell_29_19,swell_sim_29,SWL_0029_2p_phAB_cond29,29,train,Swell,6,SCENARIO_CONTROLLER,phase-to-phase,"A,B",1.381,74.4,0.0432,0.1176,216,588,0.692476,1.178657,1.70209,0.8954,75.4,60.0,60.0282,14.49,0.961935,0.017399,0.006941,0.005977,0.003712,0.002832,0.003495,0.002912,0.002731,0.001831,0.001554,0.018088,0.007216,0.006214,0.003859,0.003633,0.002839,0.001615,0.000442,60.77,13.22,0.0373,7.1e-05,60.0
swell_29_20,swell_sim_29,SWL_0029_2p_phAB_cond29,29,train,Swell,6,SCENARIO_CONTROLLER,phase-to-phase,"A,B",1.381,74.4,0.0442,0.1186,221,593,0.692517,1.178657,1.701989,0.9066,75.4,60.0,60.0282,14.5,0.962025,0.017314,0.007049,0.005707,0.003935,0.002932,0.003301,0.003086,0.002634,0.001767,0.00168,0.017997,0.007327,0.005932,0.00409,0.003431,0.002738,0.001746,0.000439,60.77,13.21,0.0373,7.4e-05,60.0
swell_29_21,swell_sim_29,SWL_0029_2p_phAB_cond29,29,train,Swell,6,SCENARIO_CONTROLLER,phase-to-phase,"A,B",1.381,74.4,0.0452,0.1196,226,598,0.692613,1.178657,1.701754,0.9033,75.4,60.0,60.0282,14.5,0.962196,0.017433,0.006882,0.005704,0.003987,0.002717,0.003505,0.00294,0.002753,0.001738,0.001654,0.018118,0.007152,0.005928,0.004144,0.003643,0.002861,0.001719,0.000441,60.77,13.19,0.0372,7.4e-05,60.0
swell_29_22,swell_sim_29,SWL_0029_2p_phAB_cond29,29,train,Swell,6,SCENARIO_CONTROLLER,phase-to-phase,"A,B",1.381,74.4,0.0462,0.1206,231,603,0.692717,1.178657,1.701498,0.874,75.4,60.0,60.0282,14.51,0.962372,0.017619,0.006694,0.005888,0.003812,0.002843,0.003379,0.003026,0.002654,0.001803,0.001603,0.018308,0.006956,0.006118,0.003961,0.003511,0.002758,0.001666,0.000446,60.77,13.16,0.0372,6.9e-05,60.0
swell_29_23,swell_sim_29,SWL_0029_2p_phAB_cond29,29,train,Swell,6,SCENARIO_CONTROLLER,phase-to-phase,"A,B",1.381,74.4,0.0472,0.1216,236,608,0.692762,1.178657,1.701387,0.8747,75.4,60.0,60.0282,14.51,0.962445,0.017686,0.006679,0.005899,0.003832,0.002843,0.003403,0.003001,0.002694,0.001767,0.001634,0.018376,0.00694,0.006129,0.003982,0.003536,0.002799,0.001698,0.000449,60.77,13.15,0.0372,7.1e-05,60.0
swell_29_24,swell_sim_29,SWL_0029_2p_phAB_cond29,29,train,Swell,6,SCENARIO_CONTROLLER,phase-to-phase,"A,B",1.381,74.4,0.0482,0.1226,241,613,0.692726,1.178657,1.701477,0.8701,75.4,60.0,60.0282,14.51,0.962388,0.01767,0.006626,0.005956,0.003803,0.002867,0.003428,0.002959,0.002733,0.00175,0.001622,0.018361,0.006885,0.006189,0.003952,0.003562,0.00284,0.001685,0.000448,60.77,13.16,0.0372,7.1e-05,60.0
swell_29_25,swell_sim_29,SWL_0029_2p_phAB_cond29,29,train,Swell,6,SCENARIO_CONTROLLER,phase-to-phase,"A,B",1.381,74.4,0.0492,0.1236,246,618,0.69264,1.178657,1.701687,0.8672,75.4,60.0,60.0282,14.5,0.96226,0.017733,0.006499,0.005978,0.003933,0.002735,0.003454,0.003029,0.002649,0.001755,0.001688,0.018428,0.006754,0.006212,0.004087,0.003589,0.002753,0.001754,0.000449,60.77,13.18,0.0372,6.9e-05,60.0
swell_29_26,swell_sim_29,SWL_0029_2p_phAB_cond29,29,train,Swell,6,SCENARIO_CONTROLLER,phase-to-phase,"A,B",1.381,74.4,0.0502,0.1246,251,623,0.692533,1.178657,1.701951,0.866,75.4,60.0,60.0282,14.5,0.96211,0.017988,0.00654,0.005727,0.003975,0.00288,0.003295,0.002953,0.002791,0.001811,0.001561,0.018696,0.006798,0.005953,0.004132,0.003425,0.002901,0.001622,0.000456,60.77,13.2,0.0372,7.1e-05,60.0
swell_29_27,swell_sim_29,SWL_0029_2p_phAB_cond29,29,train,Swell,6,SCENARIO_CONTROLLER,phase-to-phase,"A,B",1.381,74.4,0.0512,0.1256,256,628,0.69248,1.178657,1.702081,0.8872,75.4,60.0,60.0282,14.5,0.962054,0.018286,0.006836,0.005632,0.003698,0.002935,0.003529,0.003017,0.002669,0.001661,0.001603,0.019007,0.007106,0.005854,0.003844,0.003668,0.002774,0.001666,0.000469,60.77,13.2,0.0371,7.1e-05,60.0
swell_29_28,swell_sim_29,SWL_0029_2p_phAB_cond29,29,train,Swell,6,SCENARIO_CONTROLLER,phase-to-phase,"A,B",1.381,74.4,0.0522,0.1266,261,633,0.692501,1.178657,1.702029,0.9008,75.4,60.0,60.0315,14.51,0.962117,0.018446,0.007049,0.005911,0.003815,0.002686,0.003297,0.003004,0.002772,0.001833,0.001676,0.019172,0.007327,0.006144,0.003965,0.003427,0.002881,0.001742,0.00048,60.77,13.22,0.0371,7.3e-05,60.0
swell_29_29,swell_sim_29,SWL_0029_2p_phAB_cond29,29,train,Swell,6,SCENARIO_CONTROLLER,phase-to-phase,"A,B",1.381,74.4,0.0532,0.1276,266,638,0.692589,1.178657,1.701813,0.9079,75.4,60.0,60.0315,14.51,0.96228,0.018383,0.006953,0.006044,0.004015,0.002906,0.003444,0.00298,0.00271,0.001694,0.001541,0.019104,0.007226,0.006281,0.004172,0.003579,0.002816,0.001601,0.000481,60.77,13.18,0.037,7e-05,60.0
swell_29_30,swell_sim_29,SWL_0029_2p_phAB_cond29,29,train,Swell,6,SCENARIO_CONTROLLER,phase-to-phase,"A,B",1.381,74.4,0.0542,0.1286,271,643,0.692685,1.178657,1.701578,0.8843,75.4,60.0,60.0315,14.51,0.962444,0.018221,0.00676,0.005893,0.003871,0.002887,0.003428,0.003027,0.002736,0.001754,0.001611,0.018932,0.007024,0.006123,0.004022,0.003562,0.002843,0.001674,0.00047,60.77,13.16,0.037,7e-05,60.0
swell_29_31,swell_sim_29,SWL_0029_2p_phAB_cond29,29,train,Swell,6,SCENARIO_CONTROLLER,phase-to-phase,"A,B",1.381,74.4,0.0552,0.1296,276,648,0.692751,1.178657,1.701416,0.8751,75.4,60.0,60.0315,14.52,0.962552,0.018111,0.006695,0.005821,0.003832,0.002814,0.003383,0.002979,0.002725,0.001742,0.001606,0.018816,0.006955,0.006047,0.003981,0.003515,0.002831,0.001668,0.000463,60.77,13.14,0.037,6.9e-05,60.0
swell_29_32,swell_sim_29,SWL_0029_2p_phAB_cond29,29,train,Swell,6,SCENARIO_CONTROLLER,phase-to-phase,"A,B",1.381,74.4,0.0562,0.1306,281,653,0.692731,1.178657,1.701465,0.8717,75.4,60.0,60.0315,14.52,0.962521,0.018125,0.00667,0.00579,0.003806,0.002788,0.003381,0.002989,0.002754,0.00177,0.001623,0.018831,0.00693,0.006015,0.003954,0.003513,0.002861,0.001686,0.000463,60.77,13.15,0.037,6.9e-05,60.0
swell_30_01,swell_sim_30,SWL_0030_2p_phBC_cond30,30,test,Swell,6,SCENARIO_CONTROLLER,phase-to-phase,"B,C",1.272,66.0,0.0252,0.0912,126,456,0.618011,1.007137,1.629643,0.8727,65.8,60.0,59.9813,17.2,0.866048,0.00969,0.006256,0.003978,0.003338,0.00288,0.002616,0.00233,0.001991,0.001103,0.001266,0.011189,0.007224,0.004593,0.003854,0.003021,0.002299,0.001462,0.000187,60.57,11.77,0.0223,6.1e-05,60.0
swell_30_02,swell_sim_30,SWL_0030_2p_phBC_cond30,30,test,Swell,6,SCENARIO_CONTROLLER,phase-to-phase,"B,C",1.272,66.0,0.0262,0.0922,131,461,0.618031,1.007137,1.629592,0.86,65.8,60.0,59.9788,17.18,0.866067,0.009844,0.006089,0.003972,0.003506,0.002868,0.002471,0.002393,0.002073,0.001017,0.001222,0.011366,0.007031,0.004586,0.004048,0.002853,0.002394,0.001411,0.000189,60.57,11.78,0.0223,6.1e-05,60.0
swell_30_03,swell_sim_30,SWL_0030_2p_phBC_cond30,30,test,Swell,6,SCENARIO_CONTROLLER,phase-to-phase,"B,C",1.272,66.0,0.0272,0.0932,136,466,0.618002,1.007137,1.629666,0.8499,65.8,60.0,59.9794,17.19,0.866012,0.009893,0.005937,0.004157,0.003477,0.00274,0.002613,0.002358,0.002002,0.001123,0.001192,0.011424,0.006856,0.0048,0.004015,0.003017,0.002312,0.001376,0.000189,60.57,11.79,0.0224,6.1e-05,60.0
swell_30_04,swell_sim_30,SWL_0030_2p_phBC_cond30,30,test,Swell,6,SCENARIO_CONTROLLER,phase-to-phase,"B,C",1.272,66.0,0.0282,0.0942,141,471,0.617942,1.007137,1.629825,0.8439,65.8,60.0,59.9794,17.18,0.865913,0.009815,0.005978,0.004184,0.003352,0.002871,0.002535,0.002376,0.002031,0.001053,0.001258,0.011335,0.006904,0.004832,0.003871,0.002928,0.002346,0.001453,0.000188,60.57,11.79,0.0224,6.3e-05,60.0
swell_30_05,swell_sim_30,SWL_0030_2p_phBC_cond30,30,test,Swell,6,SCENARIO_CONTROLLER,phase-to-phase,"B,C",1.272,66.0,0.0292,0.0952,146,476,0.617882,1.007137,1.629984,0.8576,65.8,60.0,59.9794,17.18,0.865818,0.009711,0.006084,0.004086,0.003417,0.002833,0.002538,0.002387,0.00201,0.001094,0.001208,0.011216,0.007027,0.004719,0.003947,0.002931,0.002322,0.001395,0.000187,60.57,11.76,0.0224,6.2e-05,60.0
swell_30_06,swell_sim_30,SWL_0030_2p_phBC_cond30,30,test,Swell,6,SCENARIO_CONTROLLER,phase-to-phase,"B,C",1.272,66.0,0.0302,0.0962,151,481,0.617865,1.007137,1.630029,0.8609,65.8,60.0,59.9794,17.18,0.865791,0.009686,0.006102,0.004072,0.003434,0.002818,0.002553,0.002376,0.002016,0.001087,0.001214,0.011187,0.007048,0.004703,0.003966,0.002949,0.002329,0.001402,0.000186,60.57,11.76,0.0224,6.1e-05,60.0
swell_30_07,swell_sim_30,SWL_0030_2p_phBC_cond30,30,test,Swell,6,SCENARIO_CONTROLLER,phase-to-phase,"B,C",1.272,66.0,0.0312,0.0972,156,486,0.617885,1.007137,1.629974,0.8643,65.8,60.0,59.9794,17.18,0.865823,0.009696,0.00612,0.004045,0.00346,0.002797,0.002565,0.002376,0.002006,0.001098,0.001205,0.011199,0.007068,0.004672,0.003996,0.002962,0.002317,0.001392,0.000187,60.57,11.77,0.0224,6.2e-05,60.0
swell_30_08,swell_sim_30,SWL_0030_2p_phBC_cond30,30,test,Swell,6,SCENARIO_CONTROLLER,phase-to-phase,"B,C",1.272,66.0,0.0322,0.0982,161,491,0.617944,1.007137,1.629819,0.8696,65.8,60.0,59.9794,17.18,0.865909,0.009657,0.006218,0.00401,0.003436,0.002873,0.002495,0.002388,0.002054,0.001047,0.001229,0.011152,0.007181,0.004631,0.003968,0.002881,0.002372,0.001419,0.000187,60.57,11.78,0.0224,6.2e-05,60.0
swell_30_09,swell_sim_30,SWL_0030_2p_phBC_cond30,30,test,Swell,6,SCENARIO_CONTROLLER,phase-to-phase,"B,C",1.272,66.0,0.0332,0.0992,166,496,0.618009,1.007137,1.629649,0.8727,65.8,60.0,59.9794,17.19,0.865999,0.009514,0.006267,0.004143,0.003317,0.002846,0.002614,0.002349,0.00197,0.001113,0.001249,0.010986,0.007237,0.004784,0.00383,0.003018,0.002275,0.001442,0.000185,60.57,11.8,0.0224,6.4e-05,60.0
swell_30_10,swell_sim_30,SWL_0030_2p_phBC_cond30,30,test,Swell,6,SCENARIO_CONTROLLER,phase-to-phase,"B,C",1.272,66.0,0.0342,0.1002,171,501,0.618046,1.007137,1.629552,0.8628,65.8,60.0,59.9794,17.19,0.866044,0.009328,0.006139,0.004239,0.003443,0.002739,0.002507,0.002422,0.002077,0.001075,0.001174,0.010771,0.007089,0.004895,0.003976,0.002895,0.002398,0.001356,0.000181,60.57,11.81,0.0224,6.3e-05,60.0
swell_30_11,swell_sim_30,SWL_0030_2p_phBC_cond30,30,test,Swell,6,SCENARIO_CONTROLLER,phase-to-phase,"B,C",1.272,66.0,0.0352,0.1012,176,506,0.618033,1.007137,1.629586,0.85,65.8,60.0,59.9827,17.21,0.866012,0.009217,0.005933,0.004076,0.003526,0.002922,0.002561,0.002321,0.001945,0.001053,0.001256,0.010643,0.006851,0.004707,0.004072,0.002957,0.002246,0.00145,0.000176,60.57,11.79,0.0225,6.4e-05,60.0
swell_30_12,swell_sim_30,SWL_0030_2p_phBC_cond30,30,test,Swell,6,SCENARIO_CONTROLLER,phase-to-phase,"B,C",1.272,66.0,0.0362,0.1022,181,511,0.617975,1.007137,1.629739,0.8398,65.8,60.0,59.9827,17.2,0.865914,0.009265,0.005908,0.003953,0.003356,0.00283,0.002591,0.002426,0.002065,0.001123,0.001248,0.0107,0.006823,0.004565,0.003876,0.002992,0.002385,0.001441,0.000175,60.57,11.79,0.0225,6.3e-05,60.0
swell_30_13,swell_sim_30,SWL_0030_2p_phBC_cond30,30,test,Swell,6,SCENARIO_CONTROLLER,phase-to-phase,"B,C",1.272,66.0,0.0372,0.1032,186,516,0.6179,1.007137,1.629937,0.8488,65.8,60.0,59.9827,17.2,0.865793,0.009393,0.006032,0.004051,0.003369,0.002785,0.002504,0.002327,0.001968,0.001041,0.001196,0.010849,0.006967,0.004679,0.003891,0.002892,0.002273,0.001381,0.000178,60.57,11.78,0.0225,6.4e-05,60.0
swell_30_14,swell_sim_30,SWL_0030_2p_phBC_cond30,30,test,Swell,6,SCENARIO_CONTROLLER,phase-to-phase,"B,C",1.272,66.0,0.0382,0.1042,191,521,0.617851,1.007137,1.630064,0.8606,65.8,60.0,59.9827,17.2,0.865719,0.009469,0.006097,0.004107,0.003431,0.002846,0.002562,0.002378,0.002012,0.001081,0.001232,0.010938,0.007043,0.004744,0.003963,0.002959,0.002324,0.001423,0.000183,60.57,11.77,0.0225,6.3e-05,60.0
swell_30_15,swell_sim_30,SWL_0030_2p_phBC_cond30,30,test,Swell,6,SCENARIO_CONTROLLER,phase-to-phase,"B,C",1.272,66.0,0.0392,0.1052,196,526,0.617847,1.007137,1.630076,0.8614,65.8,60.0,59.9827,17.2,0.865712,0.009478,0.006105,0.004112,0.003436,0.002846,0.002556,0.002363,0.00199,0.001057,0.001208,0.010948,0.007052,0.00475,0.003969,0.002952,0.002299,0.001395,0.000183,60.57,11.77,0.0225,6.3e-05,60.0
swell_30_16,swell_sim_30,SWL_0030_2p_phBC_cond30,30,test,Swell,6,SCENARIO_CONTROLLER,phase-to-phase,"B,C",1.272,66.0,0.0402,0.1062,201,531,0.617895,1.007137,1.62995,0.867,65.8,60.0,59.9827,17.2,0.865782,0.009498,0.006182,0.004164,0.003451,0.002809,0.002492,0.002313,0.001992,0.001092,0.001256,0.01097,0.00714,0.00481,0.003986,0.002878,0.002301,0.001451,0.000184,60.57,11.76,0.0225,6.2e-05,60.0
swell_30_17,swell_sim_30,SWL_0030_2p_phBC_cond30,30,test,Swell,6,SCENARIO_CONTROLLER,phase-to-phase,"B,C",1.272,66.0,0.0412,0.1072,206,536,0.617951,1.007137,1.629802,0.8703,65.8,60.0,59.9827,17.2,0.865862,0.009598,0.006253,0.004094,0.003343,0.002768,0.002552,0.002392,0.00198,0.00103,0.001217,0.011085,0.007222,0.004728,0.003861,0.002947,0.002287,0.001406,0.000186,60.57,11.77,0.0225,6.3e-05,60.0
swell_30_18,swell_sim_30,SWL_0030_2p_phBC_cond30,30,test,Swell,6,SCENARIO_CONTROLLER,phase-to-phase,"B,C",1.272,66.0,0.0422,0.1082,211,541,0.617997,1.007137,1.629681,0.8661,65.8,60.0,59.9827,17.2,0.865922,0.009767,0.006191,0.003953,0.003373,0.002909,0.002558,0.002271,0.001989,0.001125,0.001238,0.011279,0.00715,0.004565,0.003895,0.002954,0.002297,0.00143,0.000188,60.57,11.78,0.0225,6.1e-05,60.0
swell_30_19,swell_sim_30,SWL_0030_2p_phBC_cond30,30,test,Swell,6,SCENARIO_CONTROLLER,phase-to-phase,"B,C",1.272,66.0,0.0432,0.1092,216,546,0.618002,1.007137,1.629668,0.8529,65.8,60.0,59.9805,17.19,0.865919,0.009899,0.005998,0.004032,0.003526,0.002797,0.002478,0.002405,0.00195,0.001036,0.001297,0.011432,0.006927,0.004656,0.004072,0.002862,0.002252,0.001498,0.000189,60.57,11.79,0.0226,6.1e-05,60.0
swell_30_20,swell_sim_30,SWL_0030_2p_phBC_cond30,30,test,Swell,6,SCENARIO_CONTROLLER,phase-to-phase,"B,C",1.272,66.0,0.0442,0.1102,221,551,0.617961,1.007137,1.629775,0.8435,65.8,60.0,59.9805,17.19,0.865847,0.009897,0.005912,0.004191,0.003409,0.002779,0.0026,0.002284,0.00201,0.001077,0.001216,0.01143,0.006828,0.00484,0.003937,0.003003,0.002321,0.001404,0.000188,60.57,11.77,0.0226,6.3e-05,60.0
swell_30_21,swell_sim_30,SWL_0030_2p_phBC_cond30,30,test,Swell,6,SCENARIO_CONTROLLER,phase-to-phase,"B,C",1.272,66.0,0.0452,0.1112,226,556,0.617899,1.007137,1.629938,0.843,65.8,60.0,59.9805,17.19,0.865746,0.009802,0.005993,0.004159,0.003342,0.002887,0.002486,0.002374,0.001951,0.001078,0.00126,0.011322,0.006922,0.004804,0.00386,0.002872,0.002254,0.001455,0.000187,60.57,11.76,0.0226,6.3e-05,60.0
swell_30_22,swell_sim_30,SWL_0030_2p_phBC_cond30,30,test,Swell,6,SCENARIO_CONTROLLER,phase-to-phase,"B,C",1.272,66.0,0.0462,0.1122,231,561,0.617844,1.007137,1.630084,0.8582,65.8,60.0,59.9805,17.18,0.86566,0.009709,0.006083,0.004071,0.003423,0.002817,0.002542,0.002326,0.001994,0.00105,0.001271,0.011216,0.007027,0.004703,0.003954,0.002936,0.002303,0.001468,0.000186,60.57,11.76,0.0226,6.2e-05,60.0
swell_30_23,swell_sim_30,SWL_0030_2p_phBC_cond30,30,test,Swell,6,SCENARIO_CONTROLLER,phase-to-phase,"B,C",1.272,66.0,0.0472,0.1132,236,566,0.61783,1.007137,1.630121,0.8599,65.8,60.0,59.9805,17.18,0.865638,0.009688,0.006095,0.004065,0.003431,0.002811,0.002546,0.002328,0.001984,0.001061,0.001258,0.011192,0.007041,0.004696,0.003964,0.002941,0.002292,0.001453,0.000186,60.57,11.76,0.0226,6.2e-05,60.0
swell_30_24,swell_sim_30,SWL_0030_2p_phBC_cond30,30,test,Swell,6,SCENARIO_CONTROLLER,phase-to-phase,"B,C",1.272,66.0,0.0482,0.1142,241,571,0.617859,1.007137,1.630043,0.8647,65.8,60.0,59.9805,17.18,0.865682,0.009689,0.006137,0.004022,0.003462,0.002806,0.002527,0.002365,0.001953,0.001076,0.001264,0.011192,0.007089,0.004646,0.003999,0.002919,0.002256,0.00146,0.000186,60.57,11.76,0.0226,6.2e-05,60.0
swell_30_25,swell_sim_30,SWL_0030_2p_phBC_cond30,30,test,Swell,6,SCENARIO_CONTROLLER,phase-to-phase,"B,C",1.272,66.0,0.0492,0.1152,246,576,0.61792,1.007137,1.629884,0.8687,65.8,60.0,59.9805,17.19,0.865769,0.00962,0.006233,0.004037,0.003384,0.002894,0.002503,0.002309,0.002012,0.001068,0.00123,0.011112,0.007199,0.004663,0.003909,0.002891,0.002324,0.001421,0.000186,60.57,11.78,0.0226,6.2e-05,60.0
swell_30_26,swell_sim_30,SWL_0030_2p_phBC_cond30,30,test,Swell,6,SCENARIO_CONTROLLER,phase-to-phase,"B,C",1.272,66.0,0.0502,0.1162,251,581,0.617974,1.007137,1.629741,0.8693,65.8,60.0,59.9805,17.19,0.865844,0.009468,0.006234,0.004183,0.00332,0.002796,0.002604,0.00236,0.001922,0.001056,0.001305,0.010935,0.0072,0.004831,0.003834,0.003007,0.00222,0.001507,0.000184,60.57,11.78,0.0226,6.3e-05,60.0
swell_30_27,swell_sim_30,SWL_0030_2p_phBC_cond30,30,test,Swell,6,SCENARIO_CONTROLLER,phase-to-phase,"B,C",1.272,66.0,0.0512,0.1172,256,586,0.617996,1.007137,1.629682,0.8553,65.8,60.0,59.9777,17.18,0.865865,0.00929,0.006048,0.004193,0.003505,0.002806,0.002446,0.002295,0.002011,0.001145,0.00126,0.010729,0.006985,0.004843,0.004048,0.002825,0.002323,0.001455,0.000179,60.57,11.79,0.0226,6.3e-05,60.0
swell_30_28,swell_sim_30,SWL_0030_2p_phBC_cond30,30,test,Swell,6,SCENARIO_CONTROLLER,phase-to-phase,"B,C",1.272,66.0,0.0522,0.1182,261,591,0.617968,1.007137,1.629757,0.8449,65.8,60.0,59.9759,17.17,0.86581,0.009235,0.005891,0.004003,0.003477,0.002938,0.002592,0.00233,0.001938,0.001036,0.001228,0.010666,0.006804,0.004623,0.004016,0.002994,0.002238,0.001418,0.000175,60.57,11.79,0.0227,6.3e-05,60.0
swell_30_29,swell_sim_30,SWL_0030_2p_phBC_cond30,30,test,Swell,6,SCENARIO_CONTROLLER,phase-to-phase,"B,C",1.272,66.0,0.0532,0.1192,266,596,0.617908,1.007137,1.629914,0.8384,65.8,60.0,59.9759,17.17,0.865712,0.009313,0.00593,0.003966,0.003345,0.002805,0.002516,0.002318,0.001976,0.001117,0.001303,0.010758,0.00685,0.004581,0.003864,0.002906,0.002283,0.001505,0.000175,60.57,11.77,0.0227,6.2e-05,60.0
swell_30_30,swell_sim_30,SWL_0030_2p_phBC_cond30,30,test,Swell,6,SCENARIO_CONTROLLER,phase-to-phase,"B,C",1.272,66.0,0.0542,0.1202,271,601,0.617842,1.007137,1.63009,0.8534,65.8,60.0,59.9759,17.17,0.865606,0.009429,0.006046,0.004073,0.003415,0.002843,0.00252,0.002305,0.001954,0.001076,0.001255,0.010893,0.006985,0.004705,0.003945,0.002911,0.002257,0.00145,0.00018,60.57,11.78,0.0227,6.2e-05,60.0
swell_30_31,swell_sim_30,SWL_0030_2p_phBC_cond30,30,test,Swell,6,SCENARIO_CONTROLLER,phase-to-phase,"B,C",1.272,66.0,0.0552,0.1212,276,606,0.617805,1.007137,1.630185,0.8598,65.8,60.0,59.9759,17.17,0.865551,0.009482,0.006083,0.0041,0.003448,0.002873,0.002548,0.002325,0.001965,0.001087,0.001265,0.010955,0.007028,0.004737,0.003984,0.002944,0.00227,0.001461,0.000182,60.57,11.76,0.0227,6.2e-05,60.0
swell_30_32,swell_sim_30,SWL_0030_2p_phBC_cond30,30,test,Swell,6,SCENARIO_CONTROLLER,phase-to-phase,"B,C",1.272,66.0,0.0562,0.1222,281,611,0.617823,1.007137,1.630139,0.8632,65.8,60.0,59.9759,17.17,0.865577,0.00948,0.006106,0.004128,0.003472,0.002886,0.002545,0.002305,0.001936,0.001061,0.00125,0.010952,0.007054,0.004769,0.004011,0.00294,0.002237,0.001444,0.000183,60.57,11.76,0.0227,6.2e-05,60.0
swell_31_01,swell_sim_31,SWL_0031_3p_cond31_high,31,train,Swell,6,SCENARIO_CONTROLLER,three-phase,"A,B,C",1.376,82.6,0.0254,0.108,127,540,0.661515,1.110812,1.679194,0.8552,84.6,60.0,60.0187,14.37,0.918436,0.011921,0.00627,0.005253,0.003541,0.003145,0.003138,0.003276,0.0028,0.00171,0.001264,0.01298,0.006827,0.00572,0.003855,0.003417,0.003049,0.001376,0.000264,60.74,12.97,0.0377,6.8e-05,60.0
swell_31_02,swell_sim_31,SWL_0031_3p_cond31_high,31,train,Swell,6,SCENARIO_CONTROLLER,three-phase,"A,B,C",1.376,82.6,0.0264,0.109,132,545,0.661483,1.110812,1.679276,0.8708,84.6,60.0,60.0187,14.37,0.918405,0.011791,0.006469,0.005261,0.003353,0.003156,0.003298,0.003221,0.002714,0.001809,0.001309,0.012839,0.007044,0.005728,0.003651,0.003591,0.002955,0.001425,0.000263,60.74,12.95,0.0377,6.9e-05,60.0
swell_31_03,swell_sim_31,SWL_0031_3p_cond31_high,31,train,Swell,6,SCENARIO_CONTROLLER,three-phase,"A,B,C",1.376,82.6,0.0274,0.11,137,550,0.6615,1.110812,1.679234,0.8786,84.6,60.0,60.0215,14.38,0.918452,0.011813,0.006594,0.005074,0.003419,0.003275,0.003152,0.003258,0.002768,0.001704,0.001356,0.012862,0.007179,0.005525,0.003723,0.003432,0.003014,0.001476,0.000264,60.74,12.96,0.0376,6.8e-05,60.0
swell_31_04,swell_sim_31,SWL_0031_3p_cond31_high,31,train,Swell,6,SCENARIO_CONTROLLER,three-phase,"A,B,C",1.376,82.6,0.0284,0.111,142,555,0.661549,1.110812,1.679109,0.8817,84.6,60.0,60.0215,14.38,0.918545,0.011935,0.006534,0.005044,0.003531,0.003145,0.00323,0.003249,0.002741,0.00177,0.001285,0.012993,0.007113,0.005491,0.003844,0.003516,0.002984,0.001399,0.000266,60.74,12.94,0.0376,7e-05,60.0
swell_31_05,swell_sim_31,SWL_0031_3p_cond31_high,31,train,Swell,6,SCENARIO_CONTROLLER,three-phase,"A,B,C",1.376,82.6,0.0294,0.112,147,560,0.661606,1.110812,1.678962,0.8672,84.6,60.0,60.0215,14.39,0.918646,0.012055,0.006417,0.005152,0.003448,0.003187,0.003224,0.003232,0.002756,0.001738,0.001333,0.013123,0.006985,0.005608,0.003753,0.00351,0.003,0.001451,0.000268,60.74,12.94,0.0376,6.9e-05,60.0
swell_31_06,swell_sim_31,SWL_0031_3p_cond31_high,31,train,Swell,6,SCENARIO_CONTROLLER,three-phase,"A,B,C",1.376,82.6,0.0304,0.113,152,565,0.661649,1.110812,1.678855,0.8615,84.6,60.0,60.0215,14.39,0.918716,0.012107,0.006381,0.005178,0.003422,0.003215,0.003198,0.003251,0.002755,0.001736,0.001332,0.013178,0.006946,0.005636,0.003725,0.003481,0.002999,0.00145,0.000269,60.74,12.93,0.0375,7e-05,60.0
swell_31_07,swell_sim_31,SWL_0031_3p_cond31_high,31,train,Swell,6,SCENARIO_CONTROLLER,three-phase,"A,B,C",1.376,82.6,0.0314,0.114,157,570,0.661643,1.110812,1.678869,0.8606,84.6,60.0,60.0215,14.39,0.918707,0.012107,0.006375,0.005186,0.003415,0.003221,0.003194,0.003251,0.002758,0.001732,0.001335,0.013178,0.006939,0.005645,0.003717,0.003477,0.003002,0.001453,0.000269,60.74,12.93,0.0376,7e-05,60.0
swell_31_08,swell_sim_31,SWL_0031_3p_cond31_high,31,train,Swell,6,SCENARIO_CONTROLLER,three-phase,"A,B,C",1.376,82.6,0.0324,0.115,162,575,0.6616,1.110812,1.678978,0.8583,84.6,60.0,60.0215,14.39,0.918642,0.012162,0.006305,0.005208,0.003448,0.003162,0.003245,0.003245,0.002717,0.001769,0.001326,0.013239,0.006863,0.005669,0.003753,0.003532,0.002958,0.001443,0.00027,60.74,12.94,0.0376,7e-05,60.0
swell_31_09,swell_sim_31,SWL_0031_3p_cond31_high,31,train,Swell,6,SCENARIO_CONTROLLER,three-phase,"A,B,C",1.376,82.6,0.0334,0.116,167,580,0.661538,1.110812,1.679136,0.8558,84.6,60.0,60.0215,14.38,0.918554,0.012309,0.006281,0.005082,0.003544,0.003197,0.003128,0.003285,0.002807,0.001714,0.001291,0.0134,0.006838,0.005533,0.003858,0.003405,0.003056,0.001405,0.000273,60.74,12.96,0.0376,7.2e-05,60.0
swell_31_10,swell_sim_31,SWL_0031_3p_cond31_high,31,train,Swell,6,SCENARIO_CONTROLLER,three-phase,"A,B,C",1.376,82.6,0.0344,0.117,172,585,0.661494,1.110812,1.679248,0.8677,84.6,60.0,60.0215,14.38,0.918502,0.012458,0.006437,0.004991,0.003399,0.003292,0.003246,0.003215,0.002691,0.001725,0.001377,0.013563,0.007008,0.005434,0.003701,0.003534,0.00293,0.001499,0.000277,60.74,12.97,0.0375,7.1e-05,60.0
swell_31_11,swell_sim_31,SWL_0031_3p_cond31_high,31,train,Swell,6,SCENARIO_CONTROLLER,three-phase,"A,B,C",1.376,82.6,0.0354,0.118,177,590,0.661495,1.110812,1.679245,0.8775,84.6,60.0,60.0163,14.36,0.918523,0.012484,0.006595,0.005138,0.003357,0.003138,0.003193,0.003298,0.002804,0.001769,0.001321,0.013591,0.00718,0.005594,0.003655,0.003476,0.003053,0.001438,0.000281,60.74,12.97,0.0375,7.2e-05,60.0
swell_31_12,swell_sim_31,SWL_0031_3p_cond31_high,31,train,Swell,6,SCENARIO_CONTROLLER,three-phase,"A,B,C",1.376,82.6,0.0364,0.119,182,595,0.661536,1.110812,1.679141,0.8832,84.6,60.0,60.0163,14.36,0.918606,0.012387,0.006594,0.005247,0.003515,0.003224,0.00316,0.003195,0.002695,0.001696,0.001324,0.013485,0.007178,0.005712,0.003826,0.00344,0.002934,0.001441,0.000279,60.74,12.94,0.0375,7e-05,60.0
swell_31_13,swell_sim_31,SWL_0031_3p_cond31_high,31,train,Swell,6,SCENARIO_CONTROLLER,three-phase,"A,B,C",1.376,82.6,0.0374,0.12,187,600,0.661603,1.110812,1.678972,0.8728,84.6,60.0,60.0163,14.36,0.918724,0.012237,0.006458,0.005145,0.003476,0.003258,0.003242,0.003294,0.002788,0.001782,0.001383,0.01332,0.007029,0.0056,0.003784,0.003529,0.003035,0.001505,0.000275,60.74,12.94,0.0374,7e-05,60.0
swell_31_14,swell_sim_31,SWL_0031_3p_cond31_high,31,train,Swell,6,SCENARIO_CONTROLLER,three-phase,"A,B,C",1.376,82.6,0.0384,0.121,192,605,0.661656,1.110812,1.678838,0.8616,84.6,60.0,60.0163,14.37,0.918813,0.012159,0.006394,0.005087,0.003416,0.003195,0.003182,0.003241,0.002752,0.001752,0.001356,0.013233,0.006959,0.005536,0.003718,0.003463,0.002995,0.001476,0.00027,60.74,12.93,0.0374,6.9e-05,60.0
swell_31_15,swell_sim_31,SWL_0031_3p_cond31_high,31,train,Swell,6,SCENARIO_CONTROLLER,three-phase,"A,B,C",1.376,82.6,0.0394,0.122,197,610,0.661657,1.110812,1.678834,0.8613,84.6,60.0,60.0163,14.37,0.918815,0.012156,0.006391,0.005085,0.003414,0.003194,0.003182,0.003244,0.002758,0.001758,0.001362,0.01323,0.006956,0.005534,0.003716,0.003463,0.003002,0.001482,0.00027,60.74,12.93,0.0374,6.9e-05,60.0
swell_31_16,swell_sim_31,SWL_0031_3p_cond31_high,31,train,Swell,6,SCENARIO_CONTROLLER,three-phase,"A,B,C",1.376,82.6,0.0404,0.123,202,615,0.661621,1.110812,1.678926,0.8578,84.6,60.0,60.0163,14.37,0.918759,0.012126,0.006331,0.005042,0.003407,0.003219,0.003227,0.003284,0.002761,0.001735,0.001332,0.013198,0.006891,0.005488,0.003708,0.003512,0.003005,0.00145,0.000268,60.74,12.93,0.0374,6.8e-05,60.0
swell_31_17,swell_sim_31,SWL_0031_3p_cond31_high,31,train,Swell,6,SCENARIO_CONTROLLER,three-phase,"A,B,C",1.376,82.6,0.0414,0.124,207,620,0.66157,1.110812,1.679054,0.8556,84.6,60.0,60.0163,14.36,0.918686,0.012026,0.006278,0.005104,0.003501,0.003258,0.003179,0.00321,0.002768,0.001793,0.001371,0.01309,0.006834,0.005556,0.003811,0.00346,0.003013,0.001492,0.000266,60.74,12.94,0.0374,6.8e-05,60.0
swell_31_18,swell_sim_31,SWL_0031_3p_cond31_high,31,train,Swell,6,SCENARIO_CONTROLLER,three-phase,"A,B,C",1.376,82.6,0.0424,0.125,212,625,0.661518,1.110812,1.679187,0.8612,84.6,60.0,60.0163,14.36,0.918618,0.011865,0.006372,0.005243,0.003443,0.003114,0.003184,0.003332,0.002744,0.0017,0.001372,0.012916,0.006937,0.005707,0.003748,0.003466,0.002987,0.001494,0.000264,60.74,12.96,0.0374,6.7e-05,60.0
swell_31_19,swell_sim_31,SWL_0031_3p_cond31_high,31,train,Swell,6,SCENARIO_CONTROLLER,three-phase,"A,B,C",1.376,82.6,0.0434,0.126,217,630,0.661502,1.110812,1.679229,0.8759,84.6,60.0,60.0197,14.37,0.918613,0.011779,0.006573,0.005165,0.003293,0.003237,0.00327,0.00319,0.002788,0.001792,0.001299,0.012823,0.007155,0.005623,0.003585,0.00356,0.003035,0.001414,0.000263,60.74,12.94,0.0374,6.7e-05,60.0
swell_31_20,swell_sim_31,SWL_0031_3p_cond31_high,31,train,Swell,6,SCENARIO_CONTROLLER,three-phase,"A,B,C",1.376,82.6,0.0444,0.127,222,635,0.661532,1.110812,1.67915,0.8822,84.6,60.0,60.0197,14.37,0.918681,0.011847,0.006634,0.004996,0.003436,0.003248,0.003141,0.003319,0.002714,0.001767,0.001386,0.012896,0.007221,0.005438,0.00374,0.003419,0.002954,0.001509,0.000265,60.74,12.95,0.0373,6.7e-05,60.0
swell_31_21,swell_sim_31,SWL_0031_3p_cond31_high,31,train,Swell,6,SCENARIO_CONTROLLER,three-phase,"A,B,C",1.376,82.6,0.0454,0.128,227,640,0.66159,1.110812,1.679003,0.881,84.6,60.0,60.0197,14.38,0.918787,0.011988,0.006533,0.005028,0.003491,0.003127,0.003263,0.003231,0.002774,0.00176,0.001341,0.013048,0.00711,0.005472,0.0038,0.003551,0.003019,0.00146,0.000267,60.74,12.93,0.0373,6.6e-05,60.0
swell_31_22,swell_sim_31,SWL_0031_3p_cond31_high,31,train,Swell,6,SCENARIO_CONTROLLER,three-phase,"A,B,C",1.376,82.6,0.0464,0.129,232,645,0.661651,1.110812,1.678849,0.8637,84.6,60.0,60.0197,14.38,0.918891,0.012098,0.006427,0.005132,0.003391,0.003216,0.003191,0.00329,0.002716,0.001804,0.001316,0.013166,0.006994,0.005585,0.00369,0.003473,0.002956,0.001432,0.000269,60.74,12.93,0.0373,6.7e-05,60.0
swell_31_23,swell_sim_31,SWL_0031_3p_cond31_high,31,train,Swell,6,SCENARIO_CONTROLLER,three-phase,"A,B,C",1.376,82.6,0.0474,0.13,237,650,0.66167,1.110812,1.6788,0.8632,84.6,60.0,60.0197,14.38,0.918923,0.012116,0.006419,0.005133,0.003392,0.003214,0.003195,0.003281,0.002734,0.001784,0.001335,0.013185,0.006985,0.005586,0.003691,0.003477,0.002975,0.001453,0.00027,60.74,12.92,0.0373,6.6e-05,60.0
swell_31_24,swell_sim_31,SWL_0031_3p_cond31_high,31,train,Swell,6,SCENARIO_CONTROLLER,three-phase,"A,B,C",1.376,82.6,0.0484,0.131,242,655,0.661649,1.110812,1.678853,0.8599,84.6,60.0,60.0197,14.38,0.91889,0.012127,0.006388,0.005166,0.00337,0.003222,0.003206,0.003256,0.002761,0.00177,0.001336,0.013197,0.006952,0.005622,0.003667,0.003489,0.003005,0.001454,0.00027,60.74,12.92,0.0373,6.7e-05,60.0
swell_31_25,swell_sim_31,SWL_0031_3p_cond31_high,31,train,Swell,6,SCENARIO_CONTROLLER,three-phase,"A,B,C",1.376,82.6,0.0494,0.132,247,660,0.661589,1.110812,1.679008,0.8576,84.6,60.0,60.0197,14.38,0.918799,0.012227,0.006298,0.005149,0.003464,0.003129,0.003228,0.003317,0.002695,0.00177,0.001384,0.013308,0.006855,0.005604,0.00377,0.003513,0.002933,0.001506,0.000271,60.74,12.94,0.0373,6.8e-05,60.0
swell_31_26,swell_sim_31,SWL_0031_3p_cond31_high,31,train,Swell,6,SCENARIO_CONTROLLER,three-phase,"A,B,C",1.376,82.6,0.0504,0.133,252,665,0.661531,1.110812,1.679153,0.8575,84.6,60.0,60.0197,14.38,0.91872,0.01238,0.006323,0.005004,0.003503,0.003235,0.003133,0.003268,0.002776,0.001802,0.001311,0.013475,0.006882,0.005447,0.003813,0.00341,0.003022,0.001427,0.000274,60.74,12.95,0.0373,6.8e-05,60.0
swell_31_27,swell_sim_31,SWL_0031_3p_cond31_high,31,train,Swell,6,SCENARIO_CONTROLLER,three-phase,"A,B,C",1.376,82.6,0.0514,0.134,257,670,0.6615,1.110812,1.679233,0.8724,84.6,60.0,60.0197,14.37,0.91869,0.012502,0.006512,0.00499,0.003326,0.003229,0.003283,0.003311,0.002693,0.001716,0.001358,0.013609,0.007088,0.005432,0.00362,0.003574,0.002931,0.001478,0.000279,60.74,12.96,0.0373,7e-05,60.0
swell_31_28,swell_sim_31,SWL_0031_3p_cond31_high,31,train,Swell,6,SCENARIO_CONTROLLER,three-phase,"A,B,C",1.376,82.6,0.0524,0.135,262,675,0.661515,1.110812,1.679193,0.8798,84.6,60.0,60.02,14.37,0.918735,0.012483,0.006632,0.005167,0.003382,0.003112,0.003147,0.003283,0.002748,0.001816,0.001396,0.013587,0.007219,0.005624,0.003681,0.003425,0.002991,0.001519,0.000281,60.74,12.95,0.0372,6.8e-05,60.0
swell_31_29,swell_sim_31,SWL_0031_3p_cond31_high,31,train,Swell,6,SCENARIO_CONTROLLER,three-phase,"A,B,C",1.376,82.6,0.0534,0.136,267,680,0.661567,1.110812,1.679063,0.8833,84.6,60.0,60.02,14.38,0.918832,0.012359,0.006572,0.005202,0.003504,0.00325,0.003226,0.003284,0.002713,0.001739,0.001319,0.013451,0.007153,0.005662,0.003814,0.003511,0.002953,0.001436,0.000279,60.74,12.94,0.0372,6.7e-05,60.0
swell_31_30,swell_sim_31,SWL_0031_3p_cond31_high,31,train,Swell,6,SCENARIO_CONTROLLER,three-phase,"A,B,C",1.376,82.6,0.0544,0.137,272,685,0.661631,1.110812,1.678901,0.8663,84.6,60.0,60.02,14.38,0.918943,0.012228,0.006444,0.005083,0.003407,0.003189,0.0032,0.003282,0.002706,0.001752,0.001353,0.013307,0.007012,0.005531,0.003708,0.003482,0.002945,0.001472,0.000272,60.74,12.93,0.0372,6.9e-05,60.0
swell_31_31,swell_sim_31,SWL_0031_3p_cond31_high,31,train,Swell,6,SCENARIO_CONTROLLER,three-phase,"A,B,C",1.376,82.6,0.0554,0.138,277,690,0.661656,1.110812,1.678838,0.8624,84.6,60.0,60.02,14.38,0.918984,0.012196,0.006421,0.005063,0.003388,0.003168,0.003179,0.003265,0.002702,0.001749,0.001349,0.013271,0.006987,0.005509,0.003687,0.003459,0.00294,0.001468,0.00027,60.74,12.93,0.0372,6.9e-05,60.0
swell_31_32,swell_sim_31,SWL_0031_3p_cond31_high,31,train,Swell,6,SCENARIO_CONTROLLER,three-phase,"A,B,C",1.376,82.6,0.0564,0.139,282,695,0.661646,1.110812,1.678863,0.8603,84.6,60.0,60.02,14.38,0.918968,0.01219,0.006404,0.005044,0.003373,0.00316,0.003182,0.00328,0.002726,0.001771,0.001364,0.013265,0.006969,0.005489,0.00367,0.003463,0.002966,0.001484,0.00027,60.74,12.93,0.0372,6.9e-05,60.0
swell_32_01,swell_sim_32,SWL_0032_3p_cond32_mild,32,train,Swell,6,SCENARIO_CONTROLLER,three-phase,"A,B,C",1.1525,68.2,0.0252,0.0934,126,467,0.616832,0.94944,1.539221,0.5453,71.0,60.0,59.9605,22.56,0.87013,0.006676,0.003298,0.001653,0.002913,0.00178,0.001776,0.00194,0.001349,0.001466,0.001063,0.007672,0.00379,0.0019,0.003348,0.002041,0.00155,0.001222,8.2e-05,60.22,8.93,0.0073,4e-05,60.0
swell_32_02,swell_sim_32,SWL_0032_3p_cond32_mild,32,train,Swell,6,SCENARIO_CONTROLLER,three-phase,"A,B,C",1.1525,68.2,0.0262,0.0944,131,472,0.616695,0.94944,1.539562,0.5404,71.0,60.0,59.9605,22.55,0.869922,0.006818,0.003139,0.00149,0.003122,0.001832,0.001581,0.001926,0.001503,0.001374,0.000985,0.007837,0.003608,0.001713,0.003589,0.001817,0.001728,0.001132,8.3e-05,60.21,8.84,0.0073,4e-05,60.0
swell_32_03,swell_sim_32,SWL_0032_3p_cond32_mild,32,train,Swell,6,SCENARIO_CONTROLLER,three-phase,"A,B,C",1.1525,68.2,0.0272,0.0954,136,477,0.616614,0.94944,1.539763,0.5359,71.0,60.0,59.9605,22.54,0.869801,0.006804,0.003019,0.001574,0.003143,0.001731,0.001653,0.001954,0.001425,0.001443,0.000977,0.007822,0.003471,0.00181,0.003613,0.0019,0.001638,0.001123,8.2e-05,60.21,8.81,0.0074,3.8e-05,60.0
swell_32_04,swell_sim_32,SWL_0032_3p_cond32_mild,32,train,Swell,6,SCENARIO_CONTROLLER,three-phase,"A,B,C",1.1525,68.2,0.0282,0.0964,141,482,0.616625,0.94944,1.539737,0.5369,71.0,60.0,59.9605,22.54,0.869817,0.006822,0.003009,0.001578,0.003151,0.00171,0.001683,0.001926,0.001446,0.001429,0.000971,0.007843,0.003459,0.001814,0.003623,0.001935,0.001662,0.001116,8.3e-05,60.21,8.81,0.0074,3.8e-05,60.0
swell_32_05,swell_sim_32,SWL_0032_3p_cond32_mild,32,train,Swell,6,SCENARIO_CONTROLLER,three-phase,"A,B,C",1.1525,68.2,0.0292,0.0974,146,487,0.616734,0.94944,1.539464,0.5154,71.0,60.0,59.9605,22.55,0.869975,0.006999,0.002857,0.001721,0.003041,0.001796,0.001642,0.001933,0.001446,0.001446,0.000977,0.008045,0.003284,0.001978,0.003496,0.001887,0.001662,0.001123,8.4e-05,60.22,8.89,0.0074,4e-05,60.0
swell_32_06,swell_sim_32,SWL_0032_3p_cond32_mild,32,train,Swell,6,SCENARIO_CONTROLLER,three-phase,"A,B,C",1.1525,68.2,0.0302,0.0984,151,492,0.616873,0.94944,1.539118,0.4807,71.0,60.0,59.9605,22.55,0.870173,0.007196,0.002605,0.001917,0.002882,0.001912,0.001552,0.002003,0.001441,0.001381,0.001047,0.00827,0.002994,0.002203,0.003312,0.001784,0.001656,0.001203,8.6e-05,60.22,8.93,0.0073,4e-05,60.0
swell_32_07,swell_sim_32,SWL_0032_3p_cond32_mild,32,train,Swell,6,SCENARIO_CONTROLLER,three-phase,"A,B,C",1.1525,68.2,0.0312,0.0994,156,497,0.616967,0.94944,1.538883,0.5221,71.0,60.0,59.9605,22.56,0.870301,0.0072,0.002674,0.001714,0.003211,0.001595,0.001786,0.00188,0.001399,0.001555,0.000872,0.008273,0.003073,0.001969,0.00369,0.002052,0.001607,0.001002,8.7e-05,60.22,8.95,0.0074,4.2e-05,60.0
swell_32_08,swell_sim_32,SWL_0032_3p_cond32_mild,32,train,Swell,6,SCENARIO_CONTROLLER,three-phase,"A,B,C",1.1525,68.2,0.0322,0.1004,161,502,0.616965,0.94944,1.53889,0.5381,71.0,60.0,59.9611,22.57,0.870284,0.006947,0.003056,0.001383,0.003225,0.001851,0.001479,0.002048,0.001489,0.001337,0.000995,0.007982,0.003511,0.001589,0.003706,0.001699,0.001711,0.001143,8.5e-05,60.22,8.94,0.0074,4e-05,60.0
swell_32_09,swell_sim_32,SWL_0032_3p_cond32_mild,32,train,Swell,6,SCENARIO_CONTROLLER,three-phase,"A,B,C",1.1525,68.2,0.0332,0.1014,166,507,0.616868,0.94944,1.53913,0.5418,71.0,60.0,59.9611,22.56,0.870129,0.006575,0.003284,0.001571,0.002898,0.001866,0.001743,0.001858,0.001358,0.001506,0.001036,0.007556,0.003774,0.001805,0.003331,0.002003,0.001561,0.001191,8e-05,60.22,8.88,0.0074,4e-05,60.0
swell_32_10,swell_sim_32,SWL_0032_3p_cond32_mild,32,train,Swell,6,SCENARIO_CONTROLLER,three-phase,"A,B,C",1.1525,68.2,0.0342,0.1024,171,512,0.616728,0.94944,1.539479,0.5386,71.0,60.0,59.9611,22.56,0.869915,0.006328,0.003182,0.001809,0.003038,0.001657,0.001613,0.002029,0.001489,0.001441,0.000905,0.007274,0.003658,0.00208,0.003492,0.001854,0.001712,0.00104,7.7e-05,60.21,8.85,0.0075,3.9e-05,60.0
swell_32_11,swell_sim_32,SWL_0032_3p_cond32_mild,32,train,Swell,6,SCENARIO_CONTROLLER,three-phase,"A,B,C",1.1525,68.2,0.0352,0.1034,176,517,0.61662,0.94944,1.539749,0.5339,71.0,60.0,59.9611,22.55,0.869752,0.006287,0.003014,0.001757,0.003146,0.001795,0.001608,0.001911,0.001404,0.001439,0.000984,0.007228,0.003465,0.00202,0.003617,0.001849,0.001614,0.001131,7.6e-05,60.21,8.8,0.0075,3.8e-05,60.0
swell_32_12,swell_sim_32,SWL_0032_3p_cond32_mild,32,train,Swell,6,SCENARIO_CONTROLLER,three-phase,"A,B,C",1.1525,68.2,0.0362,0.1044,181,522,0.616608,0.94944,1.53978,0.5331,71.0,60.0,59.9611,22.55,0.869734,0.00629,0.002994,0.001736,0.003139,0.00181,0.001637,0.001932,0.001405,0.001424,0.000952,0.007232,0.003442,0.001996,0.003609,0.001882,0.001615,0.001095,7.6e-05,60.21,8.79,0.0075,3.8e-05,60.0
swell_32_13,swell_sim_32,SWL_0032_3p_cond32_mild,32,train,Swell,6,SCENARIO_CONTROLLER,three-phase,"A,B,C",1.1525,68.2,0.0372,0.1054,186,527,0.616698,0.94944,1.539555,0.5274,71.0,60.0,59.9611,22.55,0.869865,0.006151,0.002906,0.001687,0.00312,0.001828,0.001692,0.002011,0.001485,0.001494,0.001021,0.007071,0.003341,0.001939,0.003587,0.001945,0.001707,0.001174,7.5e-05,60.21,8.85,0.0075,3.8e-05,60.0
swell_32_14,swell_sim_32,SWL_0032_3p_cond32_mild,32,train,Swell,6,SCENARIO_CONTROLLER,three-phase,"A,B,C",1.1525,68.2,0.0382,0.1064,191,532,0.616825,0.94944,1.539238,0.4867,71.0,60.0,59.9611,22.56,0.870048,0.005943,0.002672,0.001463,0.002914,0.001638,0.001515,0.001849,0.00135,0.001404,0.000947,0.006831,0.003071,0.001682,0.003349,0.001741,0.001552,0.001088,6.6e-05,60.22,8.9,0.0075,4.1e-05,60.0
swell_32_15,swell_sim_32,SWL_0032_3p_cond32_mild,32,train,Swell,6,SCENARIO_CONTROLLER,three-phase,"A,B,C",1.1525,68.2,0.0392,0.1074,196,537,0.61694,0.94944,1.538952,0.5073,71.0,60.0,59.9611,22.56,0.870207,0.00586,0.002591,0.00153,0.003101,0.00189,0.001778,0.002092,0.001529,0.001453,0.00093,0.006734,0.002977,0.001758,0.003564,0.002043,0.001757,0.001069,6.9e-05,60.22,8.96,0.0075,4.1e-05,60.0
swell_32_16,swell_sim_32,SWL_0032_3p_cond32_mild,32,train,Swell,6,SCENARIO_CONTROLLER,three-phase,"A,B,C",1.1525,68.2,0.0402,0.1084,201,542,0.616972,0.94944,1.538871,0.5383,71.0,60.0,59.9558,22.51,0.870242,0.006077,0.002918,0.001898,0.003314,0.00186,0.001565,0.001816,0.001362,0.001519,0.001082,0.006983,0.003353,0.002181,0.003808,0.001798,0.001565,0.001243,7.5e-05,60.22,8.98,0.0075,4.3e-05,60.0
swell_32_17,swell_sim_32,SWL_0032_3p_cond32_mild,32,train,Swell,6,SCENARIO_CONTROLLER,three-phase,"A,B,C",1.1525,68.2,0.0412,0.1094,206,547,0.616906,0.94944,1.539036,0.5415,71.0,60.0,59.9558,22.51,0.870131,0.006454,0.003244,0.0019,0.003003,0.001614,0.001631,0.002074,0.001495,0.001361,0.00092,0.007417,0.003728,0.002184,0.003451,0.001874,0.001718,0.001057,7.9e-05,60.22,8.9,0.0076,4e-05,60.0
swell_32_18,swell_sim_32,SWL_0032_3p_cond32_mild,32,train,Swell,6,SCENARIO_CONTROLLER,three-phase,"A,B,C",1.1525,68.2,0.0422,0.1104,211,552,0.61678,0.94944,1.539349,0.5419,71.0,60.0,59.9558,22.51,0.869936,0.006728,0.003244,0.001613,0.00297,0.001871,0.001699,0.001877,0.001421,0.001529,0.000958,0.007734,0.003729,0.001854,0.003414,0.001953,0.001633,0.001101,8.2e-05,60.21,8.85,0.0076,3.8e-05,60.0
swell_32_19,swell_sim_32,SWL_0032_3p_cond32_mild,32,train,Swell,6,SCENARIO_CONTROLLER,three-phase,"A,B,C",1.1525,68.2,0.0432,0.1114,216,557,0.61666,0.94944,1.53965,0.5371,71.0,60.0,59.9558,22.51,0.869754,0.006796,0.003066,0.00157,0.003151,0.001785,0.001579,0.002,0.001438,0.001427,0.00102,0.007814,0.003525,0.001805,0.003623,0.001815,0.001653,0.001173,8.3e-05,60.21,8.81,0.0076,3.8e-05,60.0
swell_32_20,swell_sim_32,SWL_0032_3p_cond32_mild,32,train,Swell,6,SCENARIO_CONTROLLER,three-phase,"A,B,C",1.1525,68.2,0.0442,0.1124,221,562,0.616619,0.94944,1.539753,0.5338,71.0,60.0,59.9558,22.51,0.869692,0.006777,0.003012,0.001624,0.003134,0.001751,0.00163,0.001979,0.001421,0.001463,0.000986,0.007792,0.003463,0.001867,0.003604,0.001874,0.001634,0.001134,8.2e-05,60.21,8.8,0.0076,3.7e-05,60.0
swell_32_21,swell_sim_32,SWL_0032_3p_cond32_mild,32,train,Swell,6,SCENARIO_CONTROLLER,three-phase,"A,B,C",1.1525,68.2,0.0452,0.1134,226,567,0.616677,0.94944,1.539606,0.5369,71.0,60.0,59.9558,22.51,0.869779,0.006862,0.002981,0.001627,0.003167,0.001694,0.0017,0.001913,0.001475,0.001417,0.001011,0.007889,0.003427,0.001871,0.003641,0.001955,0.001696,0.001162,8.3e-05,60.21,8.82,0.0076,3.9e-05,60.0
swell_32_22,swell_sim_32,SWL_0032_3p_cond32_mild,32,train,Swell,6,SCENARIO_CONTROLLER,three-phase,"A,B,C",1.1525,68.2,0.0462,0.1144,231,572,0.616792,0.94944,1.539319,0.5042,71.0,60.0,59.9558,22.51,0.869945,0.007049,0.00279,0.001812,0.002998,0.001851,0.001571,0.00202,0.001378,0.001515,0.000932,0.008103,0.003207,0.002083,0.003446,0.001806,0.001584,0.001071,8.5e-05,60.22,8.88,0.0076,4e-05,60.0
swell_32_23,swell_sim_32,SWL_0032_3p_cond32_mild,32,train,Swell,6,SCENARIO_CONTROLLER,three-phase,"A,B,C",1.1525,68.2,0.0472,0.1154,236,577,0.616925,0.94944,1.538989,0.4956,71.0,60.0,59.9558,22.52,0.870132,0.007201,0.002597,0.001912,0.002998,0.001786,0.001692,0.001879,0.001558,0.001339,0.001075,0.008276,0.002985,0.002197,0.003445,0.001945,0.001791,0.001235,8.6e-05,60.22,8.96,0.0076,4e-05,60.0
swell_32_24,swell_sim_32,SWL_0032_3p_cond32_mild,32,train,Swell,6,SCENARIO_CONTROLLER,three-phase,"A,B,C",1.1525,68.2,0.0482,0.1164,241,582,0.616994,0.94944,1.538817,0.54,71.0,60.0,59.9594,22.55,0.870221,0.007112,0.002819,0.001584,0.003344,0.00157,0.001719,0.00201,0.00132,0.001515,0.001019,0.008173,0.003239,0.00182,0.003843,0.001975,0.001517,0.001171,8.7e-05,60.22,9.03,0.0076,4.2e-05,60.0
swell_32_25,swell_sim_32,SWL_0032_3p_cond32_mild,32,train,Swell,6,SCENARIO_CONTROLLER,three-phase,"A,B,C",1.1525,68.2,0.0492,0.1174,246,587,0.616956,0.94944,1.53891,0.5472,71.0,60.0,59.9581,22.54,0.870151,0.006774,0.003223,0.001369,0.003151,0.001917,0.001533,0.001917,0.001573,0.001444,0.000905,0.007785,0.003704,0.001573,0.003621,0.001762,0.001808,0.00104,8.3e-05,60.22,9.0,0.0077,4.3e-05,60.0
swell_32_26,swell_sim_32,SWL_0032_3p_cond32_mild,32,train,Swell,6,SCENARIO_CONTROLLER,three-phase,"A,B,C",1.1525,68.2,0.0502,0.1184,251,592,0.616842,0.94944,1.539195,0.5501,71.0,60.0,59.9581,22.54,0.869972,0.006427,0.003335,0.001655,0.002937,0.001746,0.001774,0.001947,0.001359,0.001408,0.001063,0.007388,0.003833,0.001902,0.003376,0.002039,0.001562,0.001222,7.9e-05,60.22,8.88,0.0077,3.9e-05,60.0
swell_32_27,swell_sim_32,SWL_0032_3p_cond32_mild,32,train,Swell,6,SCENARIO_CONTROLLER,three-phase,"A,B,C",1.1525,68.2,0.0512,0.1194,256,597,0.616716,0.94944,1.53951,0.5451,71.0,60.0,59.9581,22.54,0.86978,0.006266,0.003184,0.001778,0.003131,0.001692,0.001594,0.00195,0.0015,0.001493,0.000995,0.007204,0.003661,0.002044,0.0036,0.001833,0.001725,0.001144,7.7e-05,60.21,8.85,0.0078,3.9e-05,60.0
swell_32_28,swell_sim_32,SWL_0032_3p_cond32_mild,32,train,Swell,6,SCENARIO_CONTROLLER,three-phase,"A,B,C",1.1525,68.2,0.0522,0.1204,261,602,0.616626,0.94944,1.539735,0.5399,71.0,60.0,59.9581,22.53,0.869645,0.00627,0.003052,0.001683,0.003149,0.001798,0.001677,0.001927,0.001421,0.001419,0.000981,0.00721,0.003509,0.001935,0.003621,0.001928,0.001634,0.001128,7.6e-05,60.21,8.82,0.0078,3.8e-05,60.0
swell_32_29,swell_sim_32,SWL_0032_3p_cond32_mild,32,train,Swell,6,SCENARIO_CONTROLLER,three-phase,"A,B,C",1.1525,68.2,0.0532,0.1214,266,607,0.61665,0.94944,1.539676,0.5424,71.0,60.0,59.9581,22.53,0.86968,0.006235,0.003038,0.001688,0.003171,0.001836,0.001722,0.001966,0.001447,0.001436,0.000971,0.007169,0.003493,0.001941,0.003646,0.00198,0.001664,0.001117,7.6e-05,60.21,8.83,0.0078,3.8e-05,60.0
swell_32_30,swell_sim_32,SWL_0032_3p_cond32_mild,32,train,Swell,6,SCENARIO_CONTROLLER,three-phase,"A,B,C",1.1525,68.2,0.0542,0.1224,271,612,0.616762,0.94944,1.539394,0.5233,71.0,60.0,59.9581,22.54,0.869844,0.006052,0.002889,0.001572,0.003078,0.001779,0.001704,0.001984,0.001472,0.001447,0.000999,0.006958,0.003321,0.001807,0.003539,0.001959,0.001692,0.001148,7.2e-05,60.21,8.87,0.0078,4.1e-05,60.0
swell_32_31,swell_sim_32,SWL_0032_3p_cond32_mild,32,train,Swell,6,SCENARIO_CONTROLLER,three-phase,"A,B,C",1.1525,68.2,0.0552,0.1234,276,617,0.616904,0.94944,1.53904,0.4878,71.0,60.0,59.9581,22.54,0.870046,0.00584,0.002635,0.001349,0.00291,0.001653,0.001612,0.001917,0.001462,0.001507,0.001061,0.006712,0.003029,0.00155,0.003345,0.001853,0.00168,0.001219,6.6e-05,60.22,8.93,0.0077,4.2e-05,60.0
swell_32_32,swell_sim_32,SWL_0032_3p_cond32_mild,32,train,Swell,6,SCENARIO_CONTROLLER,three-phase,"A,B,C",1.1525,68.2,0.0562,0.1244,281,622,0.616994,0.94944,1.538815,0.5268,71.0,60.0,59.9581,22.55,0.870168,0.005852,0.002703,0.001582,0.003217,0.001949,0.001831,0.002031,0.001421,0.001337,0.000894,0.006725,0.003106,0.001818,0.003697,0.002104,0.001633,0.001027,7e-05,60.22,8.95,0.0078,3.9e-05,60.0
swell_33_01,swell_sim_33,SWL_0033_2p_phAB_cond1,1,train,Swell,6,SCENARIO_CONTROLLER,phase-to-phase,"A,B",1.2977,74.2,0.0252,0.0994,126,497,0.642088,1.063001,1.655538,0.5678,69.4,60.0,60.0,16.8,0.89871,0.00642,0.003986,0.003578,0.0028,0.001984,0.001522,0.002105,0.001643,0.001469,0.001185,0.007144,0.004435,0.003981,0.003116,0.001694,0.001828,0.001319,9.5e-05,60.36,9.56,0.0231,4.6e-05,60.0
swell_33_02,swell_sim_33,SWL_0033_2p_phAB_cond1,1,train,Swell,6,SCENARIO_CONTROLLER,phase-to-phase,"A,B",1.2977,74.2,0.0262,0.1004,131,502,0.642083,1.063001,1.65555,0.5673,69.4,60.0,60.0,16.8,0.898702,0.006425,0.003977,0.003578,0.002808,0.001979,0.001514,0.002111,0.001647,0.001459,0.001186,0.007149,0.004425,0.003981,0.003125,0.001685,0.001833,0.00132,9.5e-05,60.36,9.56,0.0231,4.6e-05,60.0
swell_33_03,swell_sim_33,SWL_0033_2p_phAB_cond1,1,train,Swell,6,SCENARIO_CONTROLLER,phase-to-phase,"A,B",1.2977,74.2,0.0272,0.1014,136,507,0.642085,1.063001,1.655547,0.5675,69.4,60.0,60.0,16.8,0.898705,0.006428,0.003976,0.003574,0.002815,0.001973,0.00151,0.002121,0.001639,0.001458,0.001195,0.007153,0.004424,0.003977,0.003132,0.00168,0.001824,0.00133,9.5e-05,60.36,9.55,0.0231,4.6e-05,60.0
swell_33_04,swell_sim_33,SWL_0033_2p_phAB_cond1,1,train,Swell,6,SCENARIO_CONTROLLER,phase-to-phase,"A,B",1.2977,74.2,0.0282,0.1024,141,512,0.642082,1.063001,1.655553,0.5668,69.4,60.0,60.0,16.8,0.898701,0.006428,0.003971,0.003582,0.002807,0.001976,0.001517,0.002109,0.00165,0.001451,0.001195,0.007153,0.004419,0.003986,0.003123,0.001688,0.001836,0.00133,9.5e-05,60.36,9.55,0.0231,4.6e-05,60.0
swell_33_05,swell_sim_33,SWL_0033_2p_phAB_cond1,1,train,Swell,6,SCENARIO_CONTROLLER,phase-to-phase,"A,B",1.2977,74.2,0.0292,0.1034,146,517,0.642077,1.063001,1.655567,0.5679,69.4,60.0,60.0,16.8,0.898692,0.006419,0.003979,0.003575,0.002813,0.001972,0.001517,0.002111,0.001649,0.001453,0.001193,0.007143,0.004428,0.003978,0.00313,0.001688,0.001835,0.001327,9.5e-05,60.36,9.55,0.0231,4.6e-05,60.0
swell_33_06,swell_sim_33,SWL_0033_2p_phAB_cond1,1,train,Swell,6,SCENARIO_CONTROLLER,phase-to-phase,"A,B",1.2977,74.2,0.0302,0.1044,151,522,0.642077,1.063001,1.655566,0.5677,69.4,60.0,60.0,16.8,0.898693,0.00642,0.003978,0.003577,0.002812,0.001974,0.001515,0.002113,0.001649,0.001452,0.001195,0.007144,0.004426,0.00398,0.003129,0.001686,0.001835,0.00133,9.5e-05,60.36,9.55,0.0231,4.7e-05,60.0
swell_33_07,swell_sim_33,SWL_0033_2p_phAB_cond1,1,train,Swell,6,SCENARIO_CONTROLLER,phase-to-phase,"A,B",1.2977,74.2,0.0312,0.1054,156,527,0.642076,1.063001,1.65557,0.567,69.4,60.0,60.0,16.8,0.898691,0.00642,0.003974,0.003582,0.002807,0.001976,0.001515,0.002111,0.001652,0.00145,0.001194,0.007144,0.004422,0.003986,0.003123,0.001686,0.001838,0.001329,9.5e-05,60.36,9.55,0.0231,4.7e-05,60.0
swell_33_08,swell_sim_33,SWL_0033_2p_phAB_cond1,1,train,Swell,6,SCENARIO_CONTROLLER,phase-to-phase,"A,B",1.2977,74.2,0.0322,0.1064,161,532,0.642074,1.063001,1.655573,0.5663,69.4,60.0,59.9992,16.79,0.89869,0.006426,0.003961,0.003595,0.002806,0.001968,0.001529,0.002097,0.001655,0.001459,0.001179,0.00715,0.004408,0.004,0.003122,0.001701,0.001842,0.001312,9.5e-05,60.36,9.56,0.0231,4.7e-05,60.0
swell_33_09,swell_sim_33,SWL_0033_2p_phAB_cond1,1,train,Swell,6,SCENARIO_CONTROLLER,phase-to-phase,"A,B",1.2977,74.2,0.0332,0.1074,166,537,0.642074,1.063001,1.655575,0.5663,69.4,60.0,59.9992,16.79,0.898689,0.006426,0.003958,0.003598,0.00281,0.001962,0.001531,0.002102,0.001648,0.001456,0.001188,0.00715,0.004404,0.004004,0.003127,0.001704,0.001834,0.001322,9.5e-05,60.36,9.55,0.0231,4.6e-05,60.0
swell_33_10,swell_sim_33,SWL_0033_2p_phAB_cond1,1,train,Swell,6,SCENARIO_CONTROLLER,phase-to-phase,"A,B",1.2977,74.2,0.0342,0.1084,171,542,0.642071,1.063001,1.655582,0.566,69.4,60.0,59.9992,16.79,0.898685,0.006423,0.003952,0.003599,0.002816,0.001963,0.001524,0.002101,0.001654,0.001461,0.001184,0.007147,0.004398,0.004005,0.003133,0.001696,0.00184,0.001317,9.5e-05,60.36,9.55,0.0231,4.6e-05,60.0
swell_33_11,swell_sim_33,SWL_0033_2p_phAB_cond1,1,train,Swell,6,SCENARIO_CONTROLLER,phase-to-phase,"A,B",1.2977,74.2,0.0352,0.1094,176,547,0.64207,1.063001,1.655584,0.5659,69.4,60.0,59.9992,16.79,0.898684,0.006426,0.003953,0.003594,0.002808,0.001961,0.001533,0.002109,0.001655,0.00145,0.001173,0.00715,0.004399,0.003999,0.003125,0.001706,0.001842,0.001305,9.5e-05,60.36,9.56,0.0231,4.6e-05,60.0
swell_33_12,swell_sim_33,SWL_0033_2p_phAB_cond1,1,train,Swell,6,SCENARIO_CONTROLLER,phase-to-phase,"A,B",1.2977,74.2,0.0362,0.1104,181,552,0.642069,1.063001,1.655588,0.5658,69.4,60.0,59.9992,16.79,0.898681,0.006428,0.003955,0.003594,0.002807,0.001957,0.001529,0.002109,0.001657,0.001455,0.001177,0.007153,0.004401,0.003999,0.003123,0.001701,0.001844,0.00131,9.5e-05,60.36,9.56,0.0231,4.6e-05,60.0
swell_33_13,swell_sim_33,SWL_0033_2p_phAB_cond1,1,train,Swell,6,SCENARIO_CONTROLLER,phase-to-phase,"A,B",1.2977,74.2,0.0372,0.1114,186,557,0.642077,1.063001,1.655566,0.565,69.4,60.0,59.9992,16.8,0.898694,0.006416,0.003945,0.003588,0.002803,0.00196,0.001537,0.002118,0.001665,0.001462,0.001182,0.007139,0.00439,0.003992,0.003119,0.00171,0.001853,0.001315,9.4e-05,60.36,9.56,0.0231,4.6e-05,60.0
swell_33_14,swell_sim_33,SWL_0033_2p_phAB_cond1,1,train,Swell,6,SCENARIO_CONTROLLER,phase-to-phase,"A,B",1.2977,74.2,0.0382,0.1124,191,562,0.642083,1.063001,1.655551,0.5635,69.4,60.0,59.9992,16.8,0.898702,0.006406,0.003936,0.00358,0.002796,0.001952,0.001529,0.002111,0.00166,0.001457,0.001179,0.007128,0.00438,0.003984,0.003111,0.001701,0.001847,0.001312,9.4e-05,60.36,9.56,0.0231,4.6e-05,60.0
swell_33_15,swell_sim_33,SWL_0033_2p_phAB_cond1,1,train,Swell,6,SCENARIO_CONTROLLER,phase-to-phase,"A,B",1.2977,74.2,0.0392,0.1134,196,567,0.642086,1.063001,1.655542,0.5644,69.4,60.0,59.9992,16.8,0.898707,0.006403,0.003938,0.003586,0.002804,0.00196,0.001535,0.002115,0.00166,0.001455,0.001177,0.007125,0.004382,0.00399,0.00312,0.001708,0.001847,0.00131,9.4e-05,60.36,9.55,0.0231,4.7e-05,60.0
swell_33_16,swell_sim_33,SWL_0033_2p_phAB_cond1,1,train,Swell,6,SCENARIO_CONTROLLER,phase-to-phase,"A,B",1.2977,74.2,0.0402,0.1144,201,572,0.642087,1.063001,1.65554,0.5651,69.4,60.0,60.0001,16.8,0.898708,0.006412,0.003952,0.003597,0.002802,0.001949,0.001522,0.002104,0.001661,0.001465,0.001188,0.007135,0.004397,0.004002,0.003118,0.001694,0.001848,0.001322,9.4e-05,60.36,9.55,0.0231,4.6e-05,60.0
swell_33_17,swell_sim_33,SWL_0033_2p_phAB_cond1,1,train,Swell,6,SCENARIO_CONTROLLER,phase-to-phase,"A,B",1.2977,74.2,0.0412,0.1154,206,577,0.642088,1.063001,1.655539,0.565,69.4,60.0,59.9992,16.8,0.898708,0.006407,0.003946,0.003595,0.002807,0.001955,0.001526,0.002104,0.001655,0.001459,0.001189,0.007129,0.004391,0.004,0.003123,0.001698,0.001842,0.001323,9.4e-05,60.36,9.55,0.0231,4.6e-05,60.0
swell_33_18,swell_sim_33,SWL_0033_2p_phAB_cond1,1,train,Swell,6,SCENARIO_CONTROLLER,phase-to-phase,"A,B",1.2977,74.2,0.0422,0.1164,211,582,0.642088,1.063001,1.655539,0.5649,69.4,60.0,59.9992,16.8,0.898709,0.006405,0.003945,0.003597,0.002809,0.001954,0.001522,0.002103,0.001659,0.00146,0.001185,0.007127,0.00439,0.004002,0.003126,0.001694,0.001846,0.001319,9.4e-05,60.36,9.55,0.0231,4.5e-05,60.0
swell_33_19,swell_sim_33,SWL_0033_2p_phAB_cond1,1,train,Swell,6,SCENARIO_CONTROLLER,phase-to-phase,"A,B",1.2977,74.2,0.0432,0.1174,216,587,0.642088,1.063001,1.655538,0.5649,69.4,60.0,59.9992,16.8,0.898709,0.006407,0.003945,0.003594,0.002811,0.001957,0.001518,0.0021,0.001666,0.001458,0.001178,0.007129,0.00439,0.003999,0.003128,0.001689,0.001854,0.001311,9.4e-05,60.36,9.54,0.0231,4.5e-05,60.0
swell_33_20,swell_sim_33,SWL_0033_2p_phAB_cond1,1,train,Swell,6,SCENARIO_CONTROLLER,phase-to-phase,"A,B",1.2977,74.2,0.0442,0.1184,221,592,0.642078,1.063001,1.655563,0.5638,69.4,60.0,59.9992,16.8,0.898694,0.006401,0.003939,0.003606,0.002799,0.001961,0.001525,0.002091,0.001672,0.001457,0.001177,0.007123,0.004383,0.004012,0.003115,0.001697,0.00186,0.00131,9.4e-05,60.36,9.55,0.0231,4.5e-05,60.0
swell_33_21,swell_sim_33,SWL_0033_2p_phAB_cond1,1,train,Swell,6,SCENARIO_CONTROLLER,phase-to-phase,"A,B",1.2977,74.2,0.0452,0.1194,226,597,0.642082,1.063001,1.655553,0.5641,69.4,60.0,59.9992,16.8,0.8987,0.006406,0.003937,0.003605,0.002803,0.001954,0.001532,0.002086,0.001676,0.001457,0.001173,0.007128,0.004381,0.004011,0.003119,0.001705,0.001865,0.001305,9.4e-05,60.36,9.54,0.0231,4.5e-05,60.0
swell_33_22,swell_sim_33,SWL_0033_2p_phAB_cond1,1,train,Swell,6,SCENARIO_CONTROLLER,phase-to-phase,"A,B",1.2977,74.2,0.0462,0.1204,231,602,0.642087,1.063001,1.65554,0.5627,69.4,60.0,59.9992,16.8,0.898708,0.006415,0.003928,0.003613,0.002796,0.00196,0.001527,0.00209,0.001672,0.00146,0.001171,0.007138,0.004371,0.00402,0.003111,0.001699,0.00186,0.001303,9.4e-05,60.36,9.55,0.0231,4.6e-05,60.0
swell_33_23,swell_sim_33,SWL_0033_2p_phAB_cond1,1,train,Swell,6,SCENARIO_CONTROLLER,phase-to-phase,"A,B",1.2977,74.2,0.0472,0.1214,236,607,0.642088,1.063001,1.655538,0.5628,69.4,60.0,59.9992,16.8,0.898709,0.006416,0.003927,0.003613,0.002796,0.001959,0.001528,0.002089,0.001674,0.001458,0.001173,0.007139,0.00437,0.00402,0.003111,0.0017,0.001863,0.001305,9.4e-05,60.36,9.55,0.0231,4.5e-05,60.0
swell_33_24,swell_sim_33,SWL_0033_2p_phAB_cond1,1,train,Swell,6,SCENARIO_CONTROLLER,phase-to-phase,"A,B",1.2977,74.2,0.0482,0.1224,241,612,0.642087,1.063001,1.655542,0.562,69.4,60.0,59.9992,16.8,0.898707,0.006417,0.003922,0.003621,0.002791,0.001962,0.001529,0.002086,0.001679,0.001454,0.001174,0.00714,0.004364,0.004029,0.003106,0.001701,0.001868,0.001306,9.4e-05,60.36,9.55,0.0231,4.5e-05,60.0
swell_33_25,swell_sim_33,SWL_0033_2p_phAB_cond1,1,train,Swell,6,SCENARIO_CONTROLLER,phase-to-phase,"A,B",1.2977,74.2,0.0492,0.1234,246,617,0.642087,1.063001,1.655542,0.562,69.4,60.0,60.0007,16.8,0.898707,0.006416,0.003923,0.00362,0.00279,0.001963,0.001527,0.002086,0.00168,0.001453,0.001174,0.007139,0.004365,0.004028,0.003104,0.001699,0.001869,0.001306,9.4e-05,60.36,9.55,0.0231,4.5e-05,60.0
swell_33_26,swell_sim_33,SWL_0033_2p_phAB_cond1,1,train,Swell,6,SCENARIO_CONTROLLER,phase-to-phase,"A,B",1.2977,74.2,0.0502,0.1244,251,622,0.642084,1.063001,1.655547,0.5622,69.4,60.0,60.0007,16.8,0.898703,0.006409,0.003925,0.003627,0.002788,0.001959,0.001532,0.002086,0.001676,0.001455,0.001176,0.007131,0.004367,0.004036,0.003102,0.001705,0.001865,0.001309,9.4e-05,60.36,9.55,0.0231,4.5e-05,60.0
swell_33_27,swell_sim_33,SWL_0033_2p_phAB_cond1,1,train,Swell,6,SCENARIO_CONTROLLER,phase-to-phase,"A,B",1.2977,74.2,0.0512,0.1254,256,627,0.642091,1.063001,1.65553,0.5628,69.4,60.0,60.0007,16.8,0.898714,0.006418,0.003936,0.003623,0.002775,0.001957,0.001544,0.002088,0.001668,0.001447,0.00118,0.007141,0.00438,0.004031,0.003088,0.001718,0.001856,0.001313,9.4e-05,60.36,9.54,0.0231,4.5e-05,60.0
swell_33_28,swell_sim_33,SWL_0033_2p_phAB_cond1,1,train,Swell,6,SCENARIO_CONTROLLER,phase-to-phase,"A,B",1.2977,74.2,0.0522,0.1264,261,632,0.64209,1.063001,1.655532,0.5627,69.4,60.0,60.0007,16.8,0.898713,0.006417,0.003934,0.003623,0.002778,0.001959,0.001542,0.002084,0.001665,0.001451,0.001187,0.00714,0.004377,0.004031,0.003091,0.001716,0.001853,0.001321,9.4e-05,60.36,9.54,0.0231,4.5e-05,60.0
swell_33_29,swell_sim_33,SWL_0033_2p_phAB_cond1,1,train,Swell,6,SCENARIO_CONTROLLER,phase-to-phase,"A,B",1.2977,74.2,0.0532,0.1274,266,637,0.642091,1.063001,1.655531,0.563,69.4,60.0,60.0007,16.8,0.898713,0.006418,0.003937,0.003627,0.002781,0.001959,0.001537,0.002077,0.001658,0.001447,0.001187,0.007141,0.004381,0.004036,0.003094,0.00171,0.001845,0.001321,9.4e-05,60.36,9.55,0.0231,4.5e-05,60.0
swell_33_30,swell_sim_33,SWL_0033_2p_phAB_cond1,1,train,Swell,6,SCENARIO_CONTROLLER,phase-to-phase,"A,B",1.2977,74.2,0.0542,0.1284,271,642,0.642099,1.063001,1.65551,0.5616,69.4,60.0,60.0007,16.8,0.898725,0.006405,0.003926,0.003617,0.002773,0.001956,0.00154,0.002084,0.001666,0.001457,0.001197,0.007127,0.004368,0.004025,0.003085,0.001714,0.001854,0.001332,9.4e-05,60.36,9.55,0.0231,4.6e-05,60.0
swell_33_31,swell_sim_33,SWL_0033_2p_phAB_cond1,1,train,Swell,6,SCENARIO_CONTROLLER,phase-to-phase,"A,B",1.2977,74.2,0.0552,0.1294,276,647,0.642095,1.063001,1.655519,0.562,69.4,60.0,60.0007,16.8,0.898721,0.00641,0.00393,0.00362,0.002773,0.001956,0.001541,0.002084,0.001664,0.001455,0.001195,0.007132,0.004373,0.004028,0.003085,0.001715,0.001852,0.00133,9.4e-05,60.36,9.55,0.0231,4.6e-05,60.0
swell_33_32,swell_sim_33,SWL_0033_2p_phAB_cond1,1,train,Swell,6,SCENARIO_CONTROLLER,phase-to-phase,"A,B",1.2977,74.2,0.0562,0.1304,281,652,0.642099,1.063001,1.655509,0.5639,69.4,60.0,60.0007,16.8,0.898726,0.006412,0.003942,0.003638,0.002788,0.001964,0.001542,0.002077,0.00165,0.001442,0.00119,0.007135,0.004386,0.004048,0.003102,0.001716,0.001836,0.001324,9.4e-05,60.36,9.55,0.0231,4.6e-05,60.0
swell_34_01,swell_sim_34,SWL_0034_2p_phBC_cond5,5,train,Swell,6,SCENARIO_CONTROLLER,phase-to-phase,"B,C",1.3236,66.0,0.0254,0.0914,127,457,0.628936,1.057068,1.680724,0.9021,68.0,60.0,59.9989,15.7,0.877737,0.010974,0.006482,0.00413,0.003645,0.002981,0.002718,0.002492,0.002196,0.001302,0.001305,0.012503,0.007385,0.004705,0.004153,0.003097,0.002502,0.001487,0.000223,60.65,11.99,0.0299,6e-05,60.0
swell_34_02,swell_sim_34,SWL_0034_2p_phBC_cond5,5,train,Swell,6,SCENARIO_CONTROLLER,phase-to-phase,"B,C",1.3236,66.0,0.0264,0.0924,132,462,0.628934,1.057068,1.68073,0.9032,68.0,60.0,59.9997,15.71,0.877735,0.010962,0.006497,0.00413,0.003632,0.002983,0.002728,0.002488,0.002192,0.001305,0.001307,0.012489,0.007402,0.004705,0.004138,0.003108,0.002497,0.001489,0.000223,60.65,11.99,0.0299,6e-05,60.0
swell_34_03,swell_sim_34,SWL_0034_2p_phBC_cond5,5,train,Swell,6,SCENARIO_CONTROLLER,phase-to-phase,"B,C",1.3236,66.0,0.0274,0.0934,137,467,0.628934,1.057068,1.680729,0.9029,68.0,60.0,60.0017,15.72,0.877736,0.010965,0.006491,0.004135,0.003636,0.002974,0.002731,0.002495,0.002181,0.001309,0.001312,0.012492,0.007395,0.004711,0.004142,0.003111,0.002485,0.001495,0.000223,60.65,11.99,0.0299,6e-05,60.0
swell_34_04,swell_sim_34,SWL_0034_2p_phBC_cond5,5,train,Swell,6,SCENARIO_CONTROLLER,phase-to-phase,"B,C",1.3236,66.0,0.0284,0.0944,142,472,0.628928,1.057068,1.680745,0.9027,68.0,60.0,60.0017,15.72,0.877725,0.010954,0.006498,0.004136,0.003626,0.002987,0.00272,0.0025,0.00218,0.001305,0.001319,0.01248,0.007403,0.004712,0.004131,0.003099,0.002484,0.001503,0.000223,60.65,11.99,0.0299,6.1e-05,60.0
swell_34_05,swell_sim_34,SWL_0034_2p_phBC_cond5,5,train,Swell,6,SCENARIO_CONTROLLER,phase-to-phase,"B,C",1.3236,66.0,0.0294,0.0954,147,477,0.628927,1.057068,1.680749,0.9034,68.0,60.0,60.0017,15.72,0.877723,0.010951,0.006501,0.004132,0.00363,0.002982,0.002726,0.002495,0.002185,0.001302,0.001319,0.012477,0.007407,0.004708,0.004136,0.003106,0.002489,0.001503,0.000223,60.65,11.99,0.0299,6.1e-05,60.0
swell_34_06,swell_sim_34,SWL_0034_2p_phBC_cond5,5,train,Swell,6,SCENARIO_CONTROLLER,phase-to-phase,"B,C",1.3236,66.0,0.0304,0.0964,152,482,0.628921,1.057068,1.680765,0.9037,68.0,60.0,60.0017,15.72,0.877714,0.010944,0.006504,0.004131,0.003632,0.002982,0.002725,0.002497,0.00218,0.001307,0.001314,0.012469,0.00741,0.004707,0.004138,0.003105,0.002484,0.001497,0.000223,60.65,11.99,0.0299,6.1e-05,60.0
swell_34_07,swell_sim_34,SWL_0034_2p_phBC_cond5,5,train,Swell,6,SCENARIO_CONTROLLER,phase-to-phase,"B,C",1.3236,66.0,0.0314,0.0974,157,487,0.628926,1.057068,1.680751,0.9049,68.0,60.0,60.0017,15.72,0.877722,0.010944,0.006511,0.004122,0.00364,0.002976,0.002727,0.0025,0.002171,0.001317,0.001304,0.012469,0.007418,0.004696,0.004147,0.003107,0.002473,0.001486,0.000223,60.65,11.99,0.0299,6.1e-05,60.0
swell_34_08,swell_sim_34,SWL_0034_2p_phBC_cond5,5,train,Swell,6,SCENARIO_CONTROLLER,phase-to-phase,"B,C",1.3236,66.0,0.0324,0.0984,162,492,0.628926,1.057068,1.680749,0.905,68.0,60.0,60.0017,15.72,0.877722,0.010945,0.006513,0.004119,0.003643,0.002977,0.002722,0.002506,0.002171,0.001311,0.001313,0.01247,0.00742,0.004693,0.004151,0.003101,0.002473,0.001496,0.000223,60.65,11.99,0.0299,6e-05,60.0
swell_34_09,swell_sim_34,SWL_0034_2p_phBC_cond5,5,train,Swell,6,SCENARIO_CONTROLLER,phase-to-phase,"B,C",1.3236,66.0,0.0334,0.0994,167,497,0.62892,1.057068,1.680767,0.9049,68.0,60.0,60.0017,15.72,0.877713,0.01096,0.00651,0.004106,0.003653,0.002981,0.002712,0.002508,0.002178,0.001309,0.00131,0.012487,0.007417,0.004678,0.004162,0.00309,0.002481,0.001493,0.000223,60.65,11.99,0.0299,6.1e-05,60.0
swell_34_10,swell_sim_34,SWL_0034_2p_phBC_cond5,5,train,Swell,6,SCENARIO_CONTROLLER,phase-to-phase,"B,C",1.3236,66.0,0.0344,0.1004,172,502,0.628918,1.057068,1.680771,0.905,68.0,60.0,60.0017,15.72,0.877711,0.010965,0.006512,0.0041,0.003653,0.002988,0.002711,0.002501,0.002177,0.001316,0.00131,0.012493,0.007419,0.004671,0.004162,0.003089,0.00248,0.001493,0.000224,60.65,11.99,0.0299,6e-05,60.0
swell_34_11,swell_sim_34,SWL_0034_2p_phBC_cond5,5,train,Swell,6,SCENARIO_CONTROLLER,phase-to-phase,"B,C",1.3236,66.0,0.0354,0.1014,177,507,0.628918,1.057068,1.680771,0.9058,68.0,60.0,60.0002,15.71,0.877712,0.010971,0.006523,0.004106,0.003645,0.002981,0.002715,0.002508,0.002177,0.001307,0.001309,0.0125,0.007432,0.004678,0.004153,0.003093,0.00248,0.001491,0.000224,60.65,11.99,0.0299,5.9e-05,60.0
swell_34_12,swell_sim_34,SWL_0034_2p_phBC_cond5,5,train,Swell,6,SCENARIO_CONTROLLER,phase-to-phase,"B,C",1.3236,66.0,0.0364,0.1024,182,512,0.628918,1.057068,1.680771,0.9058,68.0,60.0,60.0002,15.71,0.877712,0.010971,0.006524,0.004107,0.003645,0.002979,0.002712,0.002507,0.002177,0.001312,0.001314,0.0125,0.007433,0.004679,0.004153,0.00309,0.00248,0.001497,0.000224,60.65,11.98,0.0299,5.9e-05,60.0
swell_34_13,swell_sim_34,SWL_0034_2p_phBC_cond5,5,train,Swell,6,SCENARIO_CONTROLLER,phase-to-phase,"B,C",1.3236,66.0,0.0374,0.1034,187,517,0.628913,1.057068,1.680784,0.9063,68.0,60.0,60.0002,15.71,0.877704,0.010981,0.006533,0.004113,0.003644,0.002975,0.002705,0.002498,0.00217,0.001306,0.001311,0.012511,0.007443,0.004686,0.004152,0.003082,0.002472,0.001494,0.000224,60.65,11.98,0.0299,5.9e-05,60.0
swell_34_14,swell_sim_34,SWL_0034_2p_phBC_cond5,5,train,Swell,6,SCENARIO_CONTROLLER,phase-to-phase,"B,C",1.3236,66.0,0.0384,0.1044,192,522,0.628915,1.057068,1.680779,0.9053,68.0,60.0,60.0002,15.71,0.877707,0.010977,0.006528,0.004107,0.003638,0.002968,0.002699,0.002491,0.002161,0.001299,0.001304,0.012506,0.007438,0.004679,0.004145,0.003075,0.002462,0.001486,0.000224,60.65,11.98,0.0299,5.9e-05,60.0
swell_34_15,swell_sim_34,SWL_0034_2p_phBC_cond5,5,train,Swell,6,SCENARIO_CONTROLLER,phase-to-phase,"B,C",1.3236,66.0,0.0394,0.1054,197,527,0.628914,1.057068,1.680782,0.9047,68.0,60.0,60.0002,15.71,0.877706,0.010974,0.006524,0.004103,0.003634,0.002966,0.0027,0.002496,0.002171,0.001309,0.001314,0.012503,0.007433,0.004675,0.00414,0.003076,0.002473,0.001497,0.000224,60.65,11.98,0.0299,5.9e-05,60.0
swell_34_16,swell_sim_34,SWL_0034_2p_phBC_cond5,5,train,Swell,6,SCENARIO_CONTROLLER,phase-to-phase,"B,C",1.3236,66.0,0.0404,0.1064,202,532,0.628911,1.057068,1.68079,0.9045,68.0,60.0,60.0002,15.71,0.877701,0.010972,0.006518,0.0041,0.003635,0.002971,0.002705,0.002499,0.002168,0.001304,0.001309,0.012501,0.007426,0.004671,0.004142,0.003082,0.00247,0.001491,0.000223,60.65,11.98,0.0299,5.9e-05,60.0
swell_34_17,swell_sim_34,SWL_0034_2p_phBC_cond5,5,train,Swell,6,SCENARIO_CONTROLLER,phase-to-phase,"B,C",1.3236,66.0,0.0414,0.1074,207,537,0.628922,1.057068,1.680762,0.9049,68.0,60.0,60.0002,15.71,0.877716,0.01099,0.006531,0.00409,0.003617,0.002962,0.002713,0.002514,0.002171,0.001298,0.001301,0.012521,0.007441,0.00466,0.004121,0.003091,0.002473,0.001482,0.000224,60.65,11.97,0.0299,5.9e-05,60.0
swell_34_18,swell_sim_34,SWL_0034_2p_phBC_cond5,5,train,Swell,6,SCENARIO_CONTROLLER,phase-to-phase,"B,C",1.3236,66.0,0.0424,0.1084,212,542,0.628922,1.057068,1.680762,0.9047,68.0,60.0,60.0002,15.71,0.877716,0.010991,0.006528,0.004091,0.003621,0.002962,0.002707,0.002513,0.002177,0.001298,0.001294,0.012522,0.007437,0.004661,0.004125,0.003084,0.00248,0.001474,0.000224,60.65,11.98,0.0299,5.9e-05,60.0
swell_34_19,swell_sim_34,SWL_0034_2p_phBC_cond5,5,train,Swell,6,SCENARIO_CONTROLLER,phase-to-phase,"B,C",1.3236,66.0,0.0434,0.1094,217,547,0.628923,1.057068,1.680759,0.904,68.0,60.0,59.9984,15.7,0.877717,0.010998,0.006519,0.004089,0.00363,0.002961,0.002698,0.002517,0.002183,0.001291,0.00129,0.01253,0.007427,0.004659,0.004136,0.003074,0.002487,0.00147,0.000224,60.65,11.97,0.0299,5.9e-05,60.0
swell_34_20,swell_sim_34,SWL_0034_2p_phBC_cond5,5,train,Swell,6,SCENARIO_CONTROLLER,phase-to-phase,"B,C",1.3236,66.0,0.0444,0.1104,222,552,0.628922,1.057068,1.680762,0.9038,68.0,60.0,59.9984,15.7,0.877715,0.010996,0.006518,0.004095,0.003624,0.002963,0.002702,0.00251,0.002189,0.001293,0.001282,0.012528,0.007426,0.004666,0.004129,0.003078,0.002494,0.001461,0.000224,60.65,11.97,0.0299,5.9e-05,60.0
swell_34_21,swell_sim_34,SWL_0034_2p_phBC_cond5,5,train,Swell,6,SCENARIO_CONTROLLER,phase-to-phase,"B,C",1.3236,66.0,0.0454,0.1114,227,557,0.628923,1.057068,1.680758,0.9027,68.0,60.0,59.9984,15.7,0.877717,0.011,0.006513,0.004103,0.003615,0.00297,0.002701,0.002504,0.002199,0.001276,0.001299,0.012533,0.00742,0.004675,0.004119,0.003077,0.002505,0.00148,0.000224,60.65,11.97,0.0299,5.9e-05,60.0
swell_34_22,swell_sim_34,SWL_0034_2p_phBC_cond5,5,train,Swell,6,SCENARIO_CONTROLLER,phase-to-phase,"B,C",1.3236,66.0,0.0464,0.1124,232,562,0.628925,1.057068,1.680753,0.902,68.0,60.0,59.9984,15.7,0.87772,0.011003,0.00651,0.004106,0.003611,0.002975,0.002695,0.002511,0.002191,0.001285,0.00129,0.012536,0.007417,0.004678,0.004114,0.00307,0.002496,0.00147,0.000224,60.65,11.98,0.0299,5.9e-05,60.0
swell_34_23,swell_sim_34,SWL_0034_2p_phBC_cond5,5,train,Swell,6,SCENARIO_CONTROLLER,phase-to-phase,"B,C",1.3236,66.0,0.0474,0.1134,237,567,0.62893,1.057068,1.680739,0.9016,68.0,60.0,59.9984,15.7,0.877728,0.011009,0.006507,0.004108,0.003609,0.002976,0.002694,0.002512,0.002193,0.001284,0.001291,0.012543,0.007413,0.00468,0.004112,0.003069,0.002498,0.001471,0.000224,60.65,11.98,0.0299,5.9e-05,60.0
swell_34_24,swell_sim_34,SWL_0034_2p_phBC_cond5,5,train,Swell,6,SCENARIO_CONTROLLER,phase-to-phase,"B,C",1.3236,66.0,0.0484,0.1144,242,572,0.628938,1.057068,1.680718,0.9032,68.0,60.0,59.9984,15.7,0.87774,0.01101,0.006517,0.004095,0.003621,0.002968,0.002696,0.002517,0.002181,0.001296,0.001282,0.012544,0.007425,0.004665,0.004125,0.003072,0.002485,0.001461,0.000224,60.65,11.98,0.0299,5.8e-05,60.0
swell_34_25,swell_sim_34,SWL_0034_2p_phBC_cond5,5,train,Swell,6,SCENARIO_CONTROLLER,phase-to-phase,"B,C",1.3236,66.0,0.0494,0.1154,247,577,0.628945,1.057068,1.680699,0.9035,68.0,60.0,59.9984,15.7,0.87775,0.010999,0.006527,0.004099,0.003608,0.00298,0.002696,0.002503,0.002193,0.001296,0.001268,0.012531,0.007436,0.00467,0.004111,0.003071,0.002498,0.001445,0.000224,60.65,11.98,0.0299,5.7e-05,60.0
swell_34_26,swell_sim_34,SWL_0034_2p_phBC_cond5,5,train,Swell,6,SCENARIO_CONTROLLER,phase-to-phase,"B,C",1.3236,66.0,0.0504,0.1164,252,582,0.628945,1.057068,1.680701,0.9036,68.0,60.0,59.9984,15.7,0.87775,0.011002,0.00653,0.004096,0.003605,0.002985,0.002698,0.002497,0.002191,0.001303,0.001266,0.012534,0.007439,0.004666,0.004107,0.003074,0.002496,0.001442,0.000224,60.65,11.98,0.0299,5.7e-05,60.0
swell_34_27,swell_sim_34,SWL_0034_2p_phBC_cond5,5,train,Swell,6,SCENARIO_CONTROLLER,phase-to-phase,"B,C",1.3236,66.0,0.0514,0.1174,257,587,0.628945,1.057068,1.680699,0.9029,68.0,60.0,59.9988,15.7,0.87775,0.010995,0.006519,0.004093,0.003616,0.002992,0.00269,0.002486,0.002192,0.001317,0.001271,0.012526,0.007427,0.004663,0.00412,0.003065,0.002497,0.001448,0.000224,60.65,11.97,0.0299,5.7e-05,60.0
swell_34_28,swell_sim_34,SWL_0034_2p_phBC_cond5,5,train,Swell,6,SCENARIO_CONTROLLER,phase-to-phase,"B,C",1.3236,66.0,0.0524,0.1184,262,592,0.628943,1.057068,1.680705,0.9025,68.0,60.0,60.0021,15.71,0.877746,0.010997,0.006515,0.004083,0.003607,0.002993,0.002701,0.002497,0.002195,0.001308,0.00126,0.012529,0.007422,0.004652,0.004109,0.003077,0.002501,0.001435,0.000224,60.65,11.97,0.0299,5.7e-05,60.0
swell_34_29,swell_sim_34,SWL_0034_2p_phBC_cond5,5,train,Swell,6,SCENARIO_CONTROLLER,phase-to-phase,"B,C",1.3236,66.0,0.0534,0.1194,267,597,0.628945,1.057068,1.680699,0.9022,68.0,60.0,60.0021,15.71,0.87775,0.010993,0.00651,0.004078,0.003606,0.002995,0.002707,0.002506,0.002204,0.001313,0.001261,0.012524,0.007417,0.004646,0.004108,0.003084,0.002511,0.001437,0.000224,60.65,11.97,0.0299,5.6e-05,60.0
swell_34_30,swell_sim_34,SWL_0034_2p_phBC_cond5,5,train,Swell,6,SCENARIO_CONTROLLER,phase-to-phase,"B,C",1.3236,66.0,0.0544,0.1204,272,602,0.628943,1.057068,1.680705,0.9028,68.0,60.0,60.0021,15.71,0.877746,0.010997,0.006514,0.004082,0.003609,0.002997,0.002709,0.002506,0.002205,0.001313,0.00126,0.012529,0.007421,0.004651,0.004112,0.003086,0.002512,0.001435,0.000224,60.65,11.97,0.0299,5.7e-05,60.0
swell_34_31,swell_sim_34,SWL_0034_2p_phBC_cond5,5,train,Swell,6,SCENARIO_CONTROLLER,phase-to-phase,"B,C",1.3236,66.0,0.0554,0.1214,277,607,0.628949,1.057068,1.680688,0.9026,68.0,60.0,60.0021,15.71,0.877756,0.01099,0.006512,0.004082,0.003608,0.002998,0.00271,0.002508,0.002208,0.001315,0.001261,0.012521,0.007419,0.00465,0.00411,0.003087,0.002516,0.001437,0.000224,60.65,11.97,0.0299,5.7e-05,60.0
swell_34_32,swell_sim_34,SWL_0034_2p_phBC_cond5,5,train,Swell,6,SCENARIO_CONTROLLER,phase-to-phase,"B,C",1.3236,66.0,0.0564,0.1224,282,612,0.628956,1.057068,1.680671,0.9035,68.0,60.0,60.0021,15.71,0.877766,0.010984,0.006513,0.004087,0.003615,0.003007,0.002721,0.002521,0.002219,0.001325,0.001267,0.012514,0.00742,0.004656,0.004118,0.0031,0.002528,0.001443,0.000224,60.65,11.97,0.0299,5.7e-05,60.0
swell_35_01,swell_sim_35,SWL_0035_3p_light_phABC,2,train,Swell,6,SCENARIO_CONTROLLER,three-phase,"A,B,C",1.292,73.8,0.0252,0.099,126,495,0.691452,1.130799,1.635396,0.8309,76.4,60.0,60.0013,17.06,0.968349,0.014142,0.005878,0.004915,0.004011,0.002888,0.003755,0.003574,0.00339,0.00187,0.001798,0.014604,0.00607,0.005076,0.004142,0.003878,0.003501,0.001857,0.000328,60.66,13.88,0.0233,6.8e-05,60.0
swell_35_02,swell_sim_35,SWL_0035_3p_light_phABC,2,train,Swell,6,SCENARIO_CONTROLLER,three-phase,"A,B,C",1.292,73.8,0.0262,0.1,131,500,0.691452,1.130799,1.635396,0.8311,76.4,60.0,60.0013,17.06,0.96835,0.01414,0.005882,0.004915,0.004008,0.002891,0.003756,0.00357,0.003392,0.001874,0.001794,0.014602,0.006074,0.005076,0.004139,0.003879,0.003503,0.001853,0.000328,60.66,13.88,0.0233,6.9e-05,60.0
swell_35_03,swell_sim_35,SWL_0035_3p_light_phABC,2,train,Swell,6,SCENARIO_CONTROLLER,three-phase,"A,B,C",1.292,73.8,0.0272,0.101,136,505,0.691453,1.130799,1.635395,0.8312,76.4,60.0,59.998,17.03,0.968351,0.014137,0.005885,0.00491,0.00401,0.002894,0.003752,0.003572,0.003391,0.001871,0.001797,0.014599,0.006077,0.00507,0.004141,0.003875,0.003502,0.001856,0.000328,60.66,13.87,0.0233,6.8e-05,60.0
swell_35_04,swell_sim_35,SWL_0035_3p_light_phABC,2,train,Swell,6,SCENARIO_CONTROLLER,three-phase,"A,B,C",1.292,73.8,0.0282,0.102,141,510,0.691454,1.130799,1.635392,0.8313,76.4,60.0,59.998,17.03,0.968353,0.014137,0.005884,0.004908,0.004012,0.002893,0.003752,0.003572,0.003392,0.00187,0.001799,0.014599,0.006076,0.005068,0.004143,0.003875,0.003503,0.001858,0.000328,60.66,13.88,0.0233,6.8e-05,60.0
swell_35_05,swell_sim_35,SWL_0035_3p_light_phABC,2,train,Swell,6,SCENARIO_CONTROLLER,three-phase,"A,B,C",1.292,73.8,0.0292,0.103,146,515,0.691459,1.130799,1.63538,0.8301,76.4,60.0,59.998,17.03,0.968361,0.014145,0.005875,0.004915,0.004005,0.002897,0.00375,0.003573,0.003389,0.001871,0.001798,0.014607,0.006067,0.005076,0.004136,0.003873,0.0035,0.001857,0.000328,60.66,13.88,0.0233,6.8e-05,60.0
swell_35_06,swell_sim_35,SWL_0035_3p_light_phABC,2,train,Swell,6,SCENARIO_CONTROLLER,three-phase,"A,B,C",1.292,73.8,0.0302,0.104,151,520,0.691465,1.130799,1.635367,0.8293,76.4,60.0,59.998,17.03,0.96837,0.014154,0.00587,0.004922,0.004,0.002902,0.003746,0.003576,0.00339,0.00187,0.0018,0.014616,0.006062,0.005083,0.004131,0.003868,0.003501,0.001859,0.000328,60.66,13.88,0.0233,6.7e-05,60.0
swell_35_07,swell_sim_35,SWL_0035_3p_light_phABC,2,train,Swell,6,SCENARIO_CONTROLLER,three-phase,"A,B,C",1.292,73.8,0.0312,0.105,156,525,0.691468,1.130799,1.63536,0.8295,76.4,60.0,59.998,17.04,0.968374,0.014157,0.005872,0.00492,0.004002,0.002901,0.003746,0.003577,0.00339,0.001867,0.001806,0.014619,0.006064,0.005081,0.004133,0.003868,0.003501,0.001865,0.000329,60.66,13.88,0.0233,6.8e-05,60.0
swell_35_08,swell_sim_35,SWL_0035_3p_light_phABC,2,train,Swell,6,SCENARIO_CONTROLLER,three-phase,"A,B,C",1.292,73.8,0.0322,0.106,161,530,0.691468,1.130799,1.63536,0.8293,76.4,60.0,59.998,17.04,0.968374,0.014156,0.005872,0.00492,0.004,0.002904,0.003741,0.003579,0.003394,0.00186,0.001812,0.014618,0.006064,0.005081,0.004131,0.003863,0.003505,0.001871,0.000329,60.66,13.88,0.0233,6.7e-05,60.0
swell_35_09,swell_sim_35,SWL_0035_3p_light_phABC,2,train,Swell,6,SCENARIO_CONTROLLER,three-phase,"A,B,C",1.292,73.8,0.0332,0.107,166,535,0.691473,1.130799,1.635348,0.8295,76.4,60.0,59.998,17.04,0.968381,0.014151,0.005879,0.00492,0.00399,0.002912,0.003747,0.003568,0.003392,0.00187,0.001808,0.014613,0.006071,0.005081,0.00412,0.003869,0.003503,0.001867,0.000328,60.66,13.88,0.0233,7e-05,60.0
swell_35_10,swell_sim_35,SWL_0035_3p_light_phABC,2,train,Swell,6,SCENARIO_CONTROLLER,three-phase,"A,B,C",1.292,73.8,0.0342,0.108,171,540,0.69147,1.130799,1.635354,0.8292,76.4,60.0,59.998,17.04,0.968378,0.014155,0.005877,0.004913,0.003996,0.002922,0.003738,0.003554,0.003396,0.001889,0.001809,0.014617,0.006069,0.005073,0.004126,0.00386,0.003507,0.001868,0.000329,60.66,13.88,0.0233,7e-05,60.0
swell_35_11,swell_sim_35,SWL_0035_3p_light_phABC,2,train,Swell,6,SCENARIO_CONTROLLER,three-phase,"A,B,C",1.292,73.8,0.0352,0.109,176,545,0.691469,1.130799,1.635357,0.8293,76.4,60.0,60.0006,17.05,0.968376,0.014153,0.005874,0.004905,0.003991,0.002928,0.00375,0.003561,0.003393,0.001876,0.001796,0.014615,0.006066,0.005065,0.004121,0.003872,0.003504,0.001855,0.000328,60.66,13.88,0.0233,7e-05,60.0
swell_35_12,swell_sim_35,SWL_0035_3p_light_phABC,2,train,Swell,6,SCENARIO_CONTROLLER,three-phase,"A,B,C",1.292,73.8,0.0362,0.11,181,550,0.691469,1.130799,1.635357,0.8293,76.4,60.0,60.0006,17.05,0.968376,0.014154,0.005875,0.004904,0.003989,0.002926,0.00375,0.003563,0.003398,0.001881,0.001799,0.014616,0.006067,0.005064,0.004119,0.003872,0.003509,0.001858,0.000328,60.66,13.88,0.0233,7e-05,60.0
swell_35_13,swell_sim_35,SWL_0035_3p_light_phABC,2,train,Swell,6,SCENARIO_CONTROLLER,three-phase,"A,B,C",1.292,73.8,0.0372,0.111,186,555,0.69147,1.130799,1.635354,0.8297,76.4,60.0,60.0006,17.05,0.968378,0.014153,0.005872,0.004907,0.003993,0.002933,0.003758,0.003571,0.003406,0.001888,0.001804,0.014615,0.006064,0.005067,0.004123,0.003881,0.003517,0.001863,0.000329,60.66,13.88,0.0233,7e-05,60.0
swell_35_14,swell_sim_35,SWL_0035_3p_light_phABC,2,train,Swell,6,SCENARIO_CONTROLLER,three-phase,"A,B,C",1.292,73.8,0.0382,0.112,191,560,0.691478,1.130799,1.635336,0.8279,76.4,60.0,60.0006,17.05,0.96839,0.01414,0.005862,0.004895,0.003983,0.002923,0.003748,0.003562,0.003399,0.001882,0.0018,0.014602,0.006053,0.005055,0.004113,0.00387,0.00351,0.001859,0.000328,60.66,13.88,0.0233,6.9e-05,60.0
swell_35_15,swell_sim_35,SWL_0035_3p_light_phABC,2,train,Swell,6,SCENARIO_CONTROLLER,three-phase,"A,B,C",1.292,73.8,0.0392,0.113,196,565,0.691475,1.130799,1.635343,0.8275,76.4,60.0,60.0006,17.05,0.968385,0.014144,0.005861,0.004894,0.00398,0.00292,0.003746,0.003562,0.003402,0.001885,0.001802,0.014606,0.006052,0.005054,0.00411,0.003868,0.003513,0.001861,0.000328,60.66,13.88,0.0233,6.9e-05,60.0
swell_35_16,swell_sim_35,SWL_0035_3p_light_phABC,2,train,Swell,6,SCENARIO_CONTROLLER,three-phase,"A,B,C",1.292,73.8,0.0402,0.114,201,570,0.691472,1.130799,1.63535,0.8272,76.4,60.0,60.0006,17.05,0.96838,0.014145,0.005856,0.004888,0.003976,0.002919,0.003751,0.003569,0.003406,0.001884,0.001794,0.014607,0.006047,0.005048,0.004106,0.003873,0.003517,0.001853,0.000328,60.66,13.88,0.0233,6.9e-05,60.0
swell_35_17,swell_sim_35,SWL_0035_3p_light_phABC,2,train,Swell,6,SCENARIO_CONTROLLER,three-phase,"A,B,C",1.292,73.8,0.0412,0.115,206,575,0.691475,1.130799,1.635344,0.8273,76.4,60.0,60.0006,17.05,0.968385,0.014148,0.00586,0.004889,0.00397,0.002913,0.003752,0.003578,0.00341,0.001876,0.001784,0.01461,0.006051,0.005049,0.0041,0.003874,0.003521,0.001842,0.000328,60.66,13.89,0.0233,6.9e-05,60.0
swell_35_18,swell_sim_35,SWL_0035_3p_light_phABC,2,train,Swell,6,SCENARIO_CONTROLLER,three-phase,"A,B,C",1.292,73.8,0.0422,0.116,211,580,0.69148,1.130799,1.635331,0.8277,76.4,60.0,60.0006,17.05,0.968392,0.014157,0.005864,0.004881,0.003957,0.002916,0.003769,0.00358,0.003392,0.001875,0.001802,0.014619,0.006055,0.00504,0.004086,0.003892,0.003503,0.001861,0.000328,60.66,13.89,0.0233,7e-05,60.0
swell_35_19,swell_sim_35,SWL_0035_3p_light_phABC,2,train,Swell,6,SCENARIO_CONTROLLER,three-phase,"A,B,C",1.292,73.8,0.0432,0.117,216,585,0.691478,1.130799,1.635335,0.8284,76.4,60.0,60.003,17.06,0.968391,0.014147,0.005873,0.004887,0.003947,0.002914,0.003781,0.003574,0.003386,0.001888,0.001799,0.014609,0.006065,0.005047,0.004076,0.003904,0.003497,0.001858,0.000328,60.66,13.89,0.0233,7.1e-05,60.0
swell_35_20,swell_sim_35,SWL_0035_3p_light_phABC,2,train,Swell,6,SCENARIO_CONTROLLER,three-phase,"A,B,C",1.292,73.8,0.0442,0.118,221,590,0.691478,1.130799,1.635335,0.8285,76.4,60.0,60.003,17.06,0.96839,0.014151,0.005868,0.004893,0.003945,0.002906,0.003791,0.003568,0.003387,0.001898,0.001784,0.014613,0.00606,0.005053,0.004074,0.003915,0.003498,0.001842,0.000328,60.66,13.89,0.0233,7.1e-05,60.0
swell_35_21,swell_sim_35,SWL_0035_3p_light_phABC,2,train,Swell,6,SCENARIO_CONTROLLER,three-phase,"A,B,C",1.292,73.8,0.0452,0.119,226,595,0.691477,1.130799,1.635338,0.8284,76.4,60.0,60.003,17.06,0.968388,0.01415,0.005869,0.004894,0.003943,0.002909,0.003789,0.003569,0.003386,0.001897,0.001785,0.014612,0.006061,0.005054,0.004072,0.003913,0.003497,0.001843,0.000328,60.66,13.89,0.0233,7.1e-05,60.0
swell_35_22,swell_sim_35,SWL_0035_3p_light_phABC,2,train,Swell,6,SCENARIO_CONTROLLER,three-phase,"A,B,C",1.292,73.8,0.0462,0.12,231,600,0.691473,1.130799,1.635348,0.8299,76.4,60.0,60.003,17.06,0.968381,0.014143,0.005875,0.004885,0.003952,0.002897,0.003801,0.003555,0.003399,0.001884,0.001799,0.014605,0.006067,0.005045,0.004081,0.003925,0.00351,0.001858,0.000328,60.66,13.89,0.0233,7e-05,60.0
swell_35_23,swell_sim_35,SWL_0035_3p_light_phABC,2,train,Swell,6,SCENARIO_CONTROLLER,three-phase,"A,B,C",1.292,73.8,0.0472,0.121,236,605,0.691478,1.130799,1.635335,0.8293,76.4,60.0,60.003,17.06,0.96839,0.014151,0.005871,0.004891,0.003949,0.002901,0.0038,0.003556,0.003403,0.001878,0.001806,0.014613,0.006063,0.005051,0.004078,0.003924,0.003514,0.001865,0.000328,60.66,13.88,0.0233,7e-05,60.0
swell_35_24,swell_sim_35,SWL_0035_3p_light_phABC,2,train,Swell,6,SCENARIO_CONTROLLER,three-phase,"A,B,C",1.292,73.8,0.0482,0.122,241,610,0.691489,1.130799,1.63531,0.8309,76.4,60.0,60.003,17.06,0.968406,0.014159,0.005884,0.004876,0.003963,0.002892,0.003797,0.003566,0.003389,0.001886,0.001809,0.014621,0.006076,0.005035,0.004092,0.003921,0.0035,0.001868,0.000328,60.66,13.88,0.0233,7e-05,60.0
swell_35_25,swell_sim_35,SWL_0035_3p_light_phABC,2,train,Swell,6,SCENARIO_CONTROLLER,three-phase,"A,B,C",1.292,73.8,0.0492,0.123,246,615,0.69149,1.130799,1.635308,0.831,76.4,60.0,60.003,17.06,0.968407,0.014161,0.005887,0.004871,0.003968,0.002892,0.00379,0.003575,0.003393,0.001875,0.001816,0.014623,0.006079,0.00503,0.004097,0.003914,0.003504,0.001875,0.000328,60.66,13.88,0.0233,6.9e-05,60.0
swell_35_26,swell_sim_35,SWL_0035_3p_light_phABC,2,train,Swell,6,SCENARIO_CONTROLLER,three-phase,"A,B,C",1.292,73.8,0.0502,0.124,251,620,0.691487,1.130799,1.635315,0.8306,76.4,60.0,60.003,17.06,0.968403,0.014164,0.005883,0.004869,0.003977,0.002889,0.00378,0.003582,0.003403,0.001867,0.001807,0.014626,0.006075,0.005028,0.004107,0.003903,0.003514,0.001866,0.000329,60.66,13.89,0.0233,7e-05,60.0
swell_35_27,swell_sim_35,SWL_0035_3p_light_phABC,2,train,Swell,6,SCENARIO_CONTROLLER,three-phase,"A,B,C",1.292,73.8,0.0512,0.125,256,625,0.691487,1.130799,1.635314,0.8304,76.4,60.0,60.003,17.06,0.968404,0.014162,0.00588,0.004871,0.00398,0.002888,0.003776,0.003582,0.003406,0.001871,0.001806,0.014624,0.006072,0.00503,0.00411,0.003899,0.003517,0.001865,0.000328,60.66,13.89,0.0233,6.9e-05,60.0
swell_35_28,swell_sim_35,SWL_0035_3p_light_phABC,2,train,Swell,6,SCENARIO_CONTROLLER,three-phase,"A,B,C",1.292,73.8,0.0522,0.126,261,630,0.691487,1.130799,1.635314,0.831,76.4,60.0,60.0017,17.05,0.968404,0.014173,0.005893,0.004874,0.003971,0.002876,0.003776,0.003594,0.00342,0.001873,0.001794,0.014635,0.006085,0.005033,0.004101,0.003899,0.003532,0.001853,0.000329,60.66,13.89,0.0233,6.9e-05,60.0
swell_35_29,swell_sim_35,SWL_0035_3p_light_phABC,2,train,Swell,6,SCENARIO_CONTROLLER,three-phase,"A,B,C",1.292,73.8,0.0532,0.127,266,635,0.691484,1.130799,1.635322,0.8302,76.4,60.0,60.0017,17.05,0.968398,0.014169,0.005889,0.004857,0.003955,0.002872,0.003784,0.003612,0.003439,0.001889,0.001802,0.014631,0.006081,0.005015,0.004084,0.003907,0.003551,0.001861,0.000329,60.66,13.88,0.0233,6.8e-05,60.0
swell_35_30,swell_sim_35,SWL_0035_3p_light_phABC,2,train,Swell,6,SCENARIO_CONTROLLER,three-phase,"A,B,C",1.292,73.8,0.0542,0.128,271,640,0.691488,1.130799,1.635311,0.8286,76.4,60.0,60.0017,17.05,0.968405,0.014161,0.005881,0.004848,0.003944,0.002862,0.003774,0.003603,0.003428,0.00188,0.001795,0.014623,0.006073,0.005006,0.004073,0.003897,0.00354,0.001854,0.000328,60.66,13.88,0.0233,6.8e-05,60.0
swell_35_31,swell_sim_35,SWL_0035_3p_light_phABC,2,train,Swell,6,SCENARIO_CONTROLLER,three-phase,"A,B,C",1.292,73.8,0.0552,0.129,276,645,0.691495,1.130799,1.635296,0.8273,76.4,60.0,60.0017,17.05,0.968416,0.014151,0.005874,0.004838,0.003937,0.002854,0.003767,0.003597,0.003425,0.001878,0.001793,0.014613,0.006066,0.004996,0.004065,0.00389,0.003537,0.001851,0.000327,60.66,13.88,0.0233,6.8e-05,60.0
swell_35_32,swell_sim_35,SWL_0035_3p_light_phABC,2,train,Swell,6,SCENARIO_CONTROLLER,three-phase,"A,B,C",1.292,73.8,0.0562,0.13,281,650,0.691503,1.130799,1.635276,0.8282,76.4,60.0,60.0017,17.05,0.968429,0.01414,0.005875,0.004839,0.003943,0.002861,0.003776,0.003606,0.003434,0.001886,0.001798,0.014601,0.006067,0.004997,0.004072,0.003899,0.003546,0.001857,0.000327,60.66,13.88,0.0233,6.7e-05,60.0
swell_36_01,swell_sim_36,SWL_0036_3p_highpf_mild2,8,train,Swell,6,SCENARIO_CONTROLLER,three-phase,"A,B,C",1.1985,73.4,0.0254,0.0988,127,494,0.674805,1.060131,1.571019,0.7545,76.4,60.0,59.9999,19.21,0.948647,0.011217,0.004678,0.004314,0.004135,0.003371,0.003501,0.003307,0.002941,0.001712,0.001677,0.011824,0.004931,0.004548,0.004359,0.003691,0.0031,0.001768,0.000232,60.54,13.19,0.0155,6.7e-05,60.0
swell_36_02,swell_sim_36,SWL_0036_3p_highpf_mild2,8,train,Swell,6,SCENARIO_CONTROLLER,three-phase,"A,B,C",1.1985,73.4,0.0264,0.0998,132,499,0.674805,1.060131,1.571018,0.7545,76.4,60.0,59.9967,19.18,0.948648,0.011217,0.00468,0.004311,0.004133,0.003377,0.0035,0.003299,0.002948,0.001717,0.001667,0.011824,0.004933,0.004544,0.004357,0.003689,0.003108,0.001757,0.000232,60.54,13.19,0.0155,6.8e-05,60.0
swell_36_03,swell_sim_36,SWL_0036_3p_highpf_mild2,8,train,Swell,6,SCENARIO_CONTROLLER,three-phase,"A,B,C",1.1985,73.4,0.0274,0.1008,137,504,0.674806,1.060131,1.571015,0.7546,76.4,60.0,59.9975,19.19,0.94865,0.011218,0.00468,0.004307,0.004137,0.003377,0.003496,0.003306,0.002943,0.001715,0.001675,0.011825,0.004933,0.00454,0.004361,0.003685,0.003102,0.001766,0.000232,60.54,13.19,0.0155,6.7e-05,60.0
swell_36_04,swell_sim_36,SWL_0036_3p_highpf_mild2,8,train,Swell,6,SCENARIO_CONTROLLER,three-phase,"A,B,C",1.1985,73.4,0.0284,0.1018,142,509,0.674805,1.060131,1.571018,0.7543,76.4,60.0,59.9975,19.19,0.948648,0.011218,0.00468,0.004309,0.004134,0.003379,0.003494,0.003306,0.002944,0.001712,0.001678,0.011825,0.004933,0.004542,0.004358,0.003683,0.003103,0.001769,0.000232,60.54,13.2,0.0155,6.7e-05,60.0
swell_36_05,swell_sim_36,SWL_0036_3p_highpf_mild2,8,train,Swell,6,SCENARIO_CONTROLLER,three-phase,"A,B,C",1.1985,73.4,0.0294,0.1028,147,514,0.674811,1.060131,1.571005,0.7527,76.4,60.0,59.9975,19.19,0.948657,0.011226,0.004671,0.004318,0.004125,0.003388,0.003485,0.003314,0.002933,0.001721,0.001668,0.011834,0.004924,0.004552,0.004348,0.003674,0.003092,0.001758,0.000232,60.54,13.2,0.0155,6.7e-05,60.0
swell_36_06,swell_sim_36,SWL_0036_3p_highpf_mild2,8,train,Swell,6,SCENARIO_CONTROLLER,three-phase,"A,B,C",1.1985,73.4,0.0304,0.1038,152,519,0.674817,1.060131,1.57099,0.7514,76.4,60.0,59.9975,19.19,0.948667,0.011236,0.004663,0.004327,0.004118,0.003395,0.00348,0.003319,0.002932,0.001723,0.001667,0.011844,0.004915,0.004561,0.004341,0.003668,0.003091,0.001757,0.000233,60.54,13.19,0.0155,6.7e-05,60.0
swell_36_07,swell_sim_36,SWL_0036_3p_highpf_mild2,8,train,Swell,6,SCENARIO_CONTROLLER,three-phase,"A,B,C",1.1985,73.4,0.0314,0.1048,157,524,0.674802,1.060131,1.571026,0.7495,76.4,60.0,59.9975,19.19,0.948643,0.011216,0.004662,0.004331,0.004104,0.003412,0.003461,0.003336,0.002924,0.001728,0.00167,0.011823,0.004914,0.004565,0.004326,0.003648,0.003082,0.00176,0.000232,60.54,13.19,0.0155,6.7e-05,60.0
swell_36_08,swell_sim_36,SWL_0036_3p_highpf_mild2,8,train,Swell,6,SCENARIO_CONTROLLER,three-phase,"A,B,C",1.1985,73.4,0.0324,0.1058,162,529,0.674803,1.060131,1.571024,0.7497,76.4,60.0,59.9975,19.19,0.948645,0.011216,0.004663,0.00433,0.004104,0.003412,0.003463,0.003332,0.002924,0.001732,0.001663,0.011823,0.004915,0.004564,0.004326,0.00365,0.003082,0.001753,0.000232,60.54,13.2,0.0155,6.8e-05,60.0
swell_36_09,swell_sim_36,SWL_0036_3p_highpf_mild2,8,train,Swell,6,SCENARIO_CONTROLLER,three-phase,"A,B,C",1.1985,73.4,0.0334,0.1068,167,534,0.674802,1.060131,1.571026,0.7497,76.4,60.0,59.9975,19.19,0.948643,0.011207,0.004654,0.004347,0.004105,0.00339,0.003474,0.003353,0.002907,0.001715,0.001693,0.011814,0.004906,0.004582,0.004327,0.003662,0.003064,0.001785,0.000232,60.54,13.2,0.0155,6.7e-05,60.0
swell_36_10,swell_sim_36,SWL_0036_3p_highpf_mild2,8,train,Swell,6,SCENARIO_CONTROLLER,three-phase,"A,B,C",1.1985,73.4,0.0344,0.1078,172,539,0.674802,1.060131,1.571027,0.7491,76.4,60.0,59.9975,19.19,0.948642,0.011201,0.004646,0.004349,0.004115,0.00339,0.003462,0.003349,0.002916,0.001725,0.001685,0.011807,0.004898,0.004584,0.004338,0.003649,0.003074,0.001776,0.000232,60.54,13.2,0.0155,6.7e-05,60.0
swell_36_11,swell_sim_36,SWL_0036_3p_highpf_mild2,8,train,Swell,6,SCENARIO_CONTROLLER,three-phase,"A,B,C",1.1985,73.4,0.0354,0.1088,177,544,0.674803,1.060131,1.571024,0.7491,76.4,60.0,59.9998,19.21,0.948645,0.011206,0.004653,0.004355,0.004114,0.003381,0.003453,0.003351,0.002926,0.001736,0.001686,0.011813,0.004905,0.004591,0.004337,0.00364,0.003084,0.001777,0.000232,60.54,13.2,0.0155,6.7e-05,60.0
swell_36_12,swell_sim_36,SWL_0036_3p_highpf_mild2,8,train,Swell,6,SCENARIO_CONTROLLER,three-phase,"A,B,C",1.1985,73.4,0.0364,0.1098,182,549,0.674801,1.060131,1.571028,0.7487,76.4,60.0,59.9998,19.21,0.948642,0.011206,0.004653,0.004351,0.004109,0.003377,0.003452,0.003354,0.002929,0.00174,0.001688,0.011813,0.004905,0.004587,0.004331,0.003639,0.003088,0.001779,0.000232,60.54,13.21,0.0155,6.7e-05,60.0
swell_36_13,swell_sim_36,SWL_0036_3p_highpf_mild2,8,train,Swell,6,SCENARIO_CONTROLLER,three-phase,"A,B,C",1.1985,73.4,0.0374,0.1108,187,554,0.674795,1.060131,1.571043,0.7497,76.4,60.0,59.9998,19.21,0.948632,0.011214,0.004664,0.004358,0.004114,0.003378,0.003449,0.003346,0.002922,0.001726,0.001672,0.011821,0.004917,0.004594,0.004337,0.003636,0.00308,0.001763,0.000232,60.54,13.21,0.0155,6.7e-05,60.0
swell_36_14,swell_sim_36,SWL_0036_3p_highpf_mild2,8,train,Swell,6,SCENARIO_CONTROLLER,three-phase,"A,B,C",1.1985,73.4,0.0384,0.1118,192,559,0.674792,1.060131,1.571049,0.7501,76.4,60.0,59.9998,19.21,0.948628,0.011218,0.004667,0.004361,0.004117,0.00338,0.003451,0.003347,0.002921,0.001725,0.00167,0.011825,0.00492,0.004597,0.00434,0.003638,0.003079,0.00176,0.000232,60.54,13.21,0.0155,6.7e-05,60.0
swell_36_15,swell_sim_36,SWL_0036_3p_highpf_mild2,8,train,Swell,6,SCENARIO_CONTROLLER,three-phase,"A,B,C",1.1985,73.4,0.0394,0.1128,197,564,0.674777,1.060131,1.571085,0.7506,76.4,60.0,59.9998,19.21,0.948605,0.011241,0.004677,0.004372,0.00412,0.003379,0.003442,0.003334,0.0029,0.001705,0.001651,0.01185,0.00493,0.004609,0.004343,0.003628,0.003057,0.00174,0.000233,60.54,13.2,0.0155,6.7e-05,60.0
swell_36_16,swell_sim_36,SWL_0036_3p_highpf_mild2,8,train,Swell,6,SCENARIO_CONTROLLER,three-phase,"A,B,C",1.1985,73.4,0.0404,0.1138,202,569,0.674783,1.060131,1.57107,0.7516,76.4,60.0,59.9998,19.21,0.948614,0.011235,0.004683,0.004381,0.004129,0.003386,0.003443,0.00333,0.002891,0.001696,0.001647,0.011844,0.004937,0.004618,0.004353,0.00363,0.003048,0.001736,0.000233,60.54,13.2,0.0155,6.8e-05,60.0
swell_36_17,swell_sim_36,SWL_0036_3p_highpf_mild2,8,train,Swell,6,SCENARIO_CONTROLLER,three-phase,"A,B,C",1.1985,73.4,0.0414,0.1148,207,574,0.674778,1.060131,1.571081,0.7514,76.4,60.0,59.9998,19.21,0.948607,0.011229,0.004676,0.004383,0.00414,0.00339,0.003435,0.003322,0.002897,0.001705,0.001647,0.011837,0.004929,0.00462,0.004364,0.003621,0.003054,0.001736,0.000233,60.54,13.2,0.0155,6.7e-05,60.0
swell_36_18,swell_sim_36,SWL_0036_3p_highpf_mild2,8,train,Swell,6,SCENARIO_CONTROLLER,three-phase,"A,B,C",1.1985,73.4,0.0424,0.1158,212,579,0.674776,1.060131,1.571087,0.7518,76.4,60.0,59.9998,19.21,0.948604,0.011215,0.004682,0.004396,0.004135,0.003377,0.003441,0.003334,0.002887,0.001696,0.001657,0.011823,0.004936,0.004634,0.004359,0.003627,0.003043,0.001747,0.000232,60.54,13.2,0.0155,6.7e-05,60.0
swell_36_19,swell_sim_36,SWL_0036_3p_highpf_mild2,8,train,Swell,6,SCENARIO_CONTROLLER,three-phase,"A,B,C",1.1985,73.4,0.0434,0.1168,217,584,0.674776,1.060131,1.571086,0.7519,76.4,60.0,60.0002,19.21,0.948605,0.011213,0.004686,0.004395,0.004133,0.003381,0.00344,0.003332,0.002889,0.001695,0.001656,0.011821,0.00494,0.004633,0.004357,0.003626,0.003046,0.001746,0.000232,60.54,13.2,0.0155,6.6e-05,60.0
swell_36_20,swell_sim_36,SWL_0036_3p_highpf_mild2,8,train,Swell,6,SCENARIO_CONTROLLER,three-phase,"A,B,C",1.1985,73.4,0.0444,0.1178,222,589,0.674769,1.060131,1.571101,0.7511,76.4,60.0,60.0002,19.21,0.948594,0.011224,0.00467,0.004419,0.00412,0.003372,0.003461,0.003312,0.002903,0.001702,0.00164,0.011832,0.004923,0.004658,0.004343,0.003649,0.00306,0.001729,0.000233,60.54,13.21,0.0155,6.7e-05,60.0
swell_36_21,swell_sim_36,SWL_0036_3p_highpf_mild2,8,train,Swell,6,SCENARIO_CONTROLLER,three-phase,"A,B,C",1.1985,73.4,0.0454,0.1188,227,594,0.674772,1.060131,1.571096,0.7511,76.4,60.0,60.0002,19.21,0.948597,0.011227,0.004666,0.004421,0.004121,0.003368,0.003466,0.003306,0.002909,0.001697,0.001643,0.011835,0.004919,0.004661,0.004344,0.003654,0.003067,0.001732,0.000233,60.54,13.2,0.0155,6.6e-05,60.0
swell_36_22,swell_sim_36,SWL_0036_3p_highpf_mild2,8,train,Swell,6,SCENARIO_CONTROLLER,three-phase,"A,B,C",1.1985,73.4,0.0464,0.1198,232,599,0.674772,1.060131,1.571095,0.7516,76.4,60.0,60.0002,19.21,0.948598,0.011226,0.004665,0.004418,0.004125,0.003362,0.003473,0.003296,0.002917,0.001687,0.001653,0.011834,0.004918,0.004657,0.004349,0.003661,0.003075,0.001743,0.000233,60.54,13.2,0.0155,6.6e-05,60.0
swell_36_23,swell_sim_36,SWL_0036_3p_highpf_mild2,8,train,Swell,6,SCENARIO_CONTROLLER,three-phase,"A,B,C",1.1985,73.4,0.0474,0.1208,237,604,0.674767,1.060131,1.571106,0.7521,76.4,60.0,60.0002,19.21,0.948591,0.011219,0.004669,0.004413,0.004128,0.00336,0.003473,0.003299,0.00291,0.001694,0.001645,0.011827,0.004922,0.004652,0.004352,0.003661,0.003068,0.001734,0.000232,60.54,13.2,0.0155,6.7e-05,60.0
swell_36_24,swell_sim_36,SWL_0036_3p_highpf_mild2,8,train,Swell,6,SCENARIO_CONTROLLER,three-phase,"A,B,C",1.1985,73.4,0.0484,0.1218,242,609,0.674762,1.060131,1.571118,0.7512,76.4,60.0,60.0002,19.21,0.948583,0.011214,0.004665,0.004419,0.00412,0.003367,0.00347,0.003297,0.002916,0.001688,0.001648,0.011822,0.004918,0.004659,0.004343,0.003658,0.003074,0.001737,0.000232,60.54,13.2,0.0155,6.7e-05,60.0
swell_36_25,swell_sim_36,SWL_0036_3p_highpf_mild2,8,train,Swell,6,SCENARIO_CONTROLLER,three-phase,"A,B,C",1.1985,73.4,0.0494,0.1228,247,614,0.674768,1.060131,1.571104,0.7514,76.4,60.0,60.0002,19.21,0.948592,0.011211,0.004677,0.004413,0.004112,0.003379,0.003466,0.00329,0.002926,0.001687,0.001638,0.011819,0.00493,0.004652,0.004335,0.003654,0.003085,0.001727,0.000232,60.54,13.19,0.0155,6.6e-05,60.0
swell_36_26,swell_sim_36,SWL_0036_3p_highpf_mild2,8,train,Swell,6,SCENARIO_CONTROLLER,three-phase,"A,B,C",1.1985,73.4,0.0504,0.1238,252,619,0.674766,1.060131,1.571109,0.7513,76.4,60.0,60.0002,19.21,0.948589,0.011219,0.004677,0.004404,0.004116,0.003388,0.00346,0.003282,0.002932,0.001694,0.001629,0.011827,0.00493,0.004643,0.004339,0.003648,0.003091,0.001717,0.000232,60.54,13.19,0.0155,6.6e-05,60.0
swell_36_27,swell_sim_36,SWL_0036_3p_highpf_mild2,8,train,Swell,6,SCENARIO_CONTROLLER,three-phase,"A,B,C",1.1985,73.4,0.0514,0.1248,257,624,0.674765,1.060131,1.571112,0.7516,76.4,60.0,59.9983,19.2,0.948588,0.011228,0.004684,0.004398,0.004111,0.003391,0.003464,0.003281,0.002931,0.001696,0.001629,0.011837,0.004938,0.004636,0.004334,0.003652,0.00309,0.001717,0.000233,60.54,13.19,0.0155,6.6e-05,60.0
swell_36_28,swell_sim_36,SWL_0036_3p_highpf_mild2,8,train,Swell,6,SCENARIO_CONTROLLER,three-phase,"A,B,C",1.1985,73.4,0.0524,0.1258,262,629,0.674765,1.060131,1.571113,0.7515,76.4,60.0,60.0008,19.21,0.948587,0.011224,0.004679,0.004398,0.004114,0.003394,0.003463,0.003277,0.002928,0.001699,0.001633,0.011832,0.004933,0.004636,0.004337,0.003651,0.003087,0.001722,0.000233,60.54,13.19,0.0155,6.6e-05,60.0
swell_36_29,swell_sim_36,SWL_0036_3p_highpf_mild2,8,train,Swell,6,SCENARIO_CONTROLLER,three-phase,"A,B,C",1.1985,73.4,0.0534,0.1268,267,634,0.674761,1.060131,1.571121,0.7508,76.4,60.0,60.0008,19.21,0.948581,0.011224,0.00468,0.004391,0.004106,0.003387,0.003458,0.003277,0.002928,0.001703,0.001639,0.011832,0.004934,0.004629,0.004329,0.003645,0.003087,0.001728,0.000232,60.54,13.19,0.0155,6.6e-05,60.0
swell_36_30,swell_sim_36,SWL_0036_3p_highpf_mild2,8,train,Swell,6,SCENARIO_CONTROLLER,three-phase,"A,B,C",1.1985,73.4,0.0544,0.1278,272,639,0.674752,1.060131,1.571143,0.7513,76.4,60.0,60.0008,19.21,0.948566,0.011235,0.004694,0.004396,0.004106,0.00338,0.003449,0.003262,0.002916,0.001687,0.001623,0.011844,0.004949,0.004634,0.004329,0.003636,0.003074,0.001711,0.000232,60.54,13.19,0.0155,6.6e-05,60.0
swell_36_31,swell_sim_36,SWL_0036_3p_highpf_mild2,8,train,Swell,6,SCENARIO_CONTROLLER,three-phase,"A,B,C",1.1985,73.4,0.0554,0.1288,277,644,0.674751,1.060131,1.571143,0.751,76.4,60.0,60.0008,19.21,0.948566,0.011235,0.004693,0.004395,0.004105,0.003378,0.003446,0.003259,0.002913,0.001684,0.001621,0.011844,0.004947,0.004633,0.004328,0.003633,0.003071,0.001709,0.000232,60.54,13.19,0.0155,6.6e-05,60.0
swell_36_32,swell_sim_36,SWL_0036_3p_highpf_mild2,8,train,Swell,6,SCENARIO_CONTROLLER,three-phase,"A,B,C",1.1985,73.4,0.0564,0.1298,282,649,0.674755,1.060131,1.571135,0.7514,76.4,60.0,60.0008,19.21,0.948572,0.01123,0.004692,0.004394,0.004107,0.003383,0.003454,0.003268,0.002918,0.001686,0.001617,0.011839,0.004946,0.004632,0.00433,0.003641,0.003076,0.001705,0.000232,60.54,13.19,0.0155,6.6e-05,60.0
