frame_id,scenario_id,simulation_id,operating_condition_id,phase_configuration,primary_channel,split,class,label_idx,label_source,modulation_freq_target_hz,modulation_depth_target,envelope_depth_measured,modulation_freq_measured_hz,rms_voltage,peak_voltage,crest_factor,thd,duration,dominant_freq,system_freq,snr,h1,h2,h3,h4,h5,h6,h7,h8,h9,h10,h11,h2_ratio,h3_ratio,h4_ratio,h5_ratio,h7_ratio,h9_ratio,h11_ratio,harmonic_energy,spectral_centroid,spectral_bandwidth,spectral_entropy,spectral_flatness,true_dominant_freq
flk_01_01,FLK_0001_3p_fm10hz_m05_cond01,flk_sim_01,1,ABC,B,train,Flicker,0,SCENARIO_CONTROLLER,10.0,0.05,0.0409,10.0,0.597403,0.87146,1.458747,0.0144,0.0,60.0,60.0023,16.74,0.836033,0.000103,6.3e-05,0.000102,5.6e-05,0.000108,8.6e-05,3.2e-05,7.7e-05,7e-06,8.2e-05,0.000123,7.5e-05,0.000122,6.7e-05,0.000103,9.2e-05,9.8e-05,0.0,60.07,3.69,0.0184,3e-06,60.0
flk_01_02,FLK_0001_3p_fm10hz_m05_cond01,flk_sim_01,1,ABC,B,train,Flicker,0,SCENARIO_CONTROLLER,10.0,0.05,0.0409,10.0,0.597405,0.87146,1.458743,0.0143,0.0,60.0,60.0504,16.85,0.836031,8.3e-05,5.3e-05,0.000106,5.2e-05,0.000105,9.4e-05,2.8e-05,5.5e-05,1.8e-05,7.6e-05,9.9e-05,6.3e-05,0.000127,6.2e-05,0.000112,6.6e-05,9.1e-05,0.0,60.07,3.69,0.0184,3e-06,60.0
flk_01_03,FLK_0001_3p_fm10hz_m05_cond01,flk_sim_01,1,ABC,B,train,Flicker,0,SCENARIO_CONTROLLER,10.0,0.05,0.0409,10.0,0.597397,0.87146,1.458762,0.0123,0.0,60.0,60.0504,16.92,0.83602,7.2e-05,5.6e-05,0.000117,3.4e-05,9.2e-05,7.9e-05,1e-05,3.8e-05,2.2e-05,8.6e-05,8.6e-05,6.7e-05,0.00014,4.1e-05,9.4e-05,4.5e-05,0.000103,0.0,60.07,3.7,0.0184,3e-06,60.0
flk_01_04,FLK_0001_3p_fm10hz_m05_cond01,flk_sim_01,1,ABC,B,train,Flicker,0,SCENARIO_CONTROLLER,10.0,0.05,0.0409,10.0,0.597382,0.87146,1.458797,0.012,0.0,60.0,60.0504,16.94,0.835997,6.3e-05,6.3e-05,0.000115,2.9e-05,9.1e-05,7.2e-05,1.7e-05,4.4e-05,2.3e-05,8.4e-05,7.5e-05,7.5e-05,0.000138,3.5e-05,8.6e-05,5.3e-05,0.0001,0.0,60.07,3.71,0.0184,3e-06,60.0
flk_01_05,FLK_0001_3p_fm10hz_m05_cond01,flk_sim_01,1,ABC,B,train,Flicker,0,SCENARIO_CONTROLLER,10.0,0.05,0.0408,10.5,0.597381,0.87146,1.458801,0.0111,0.0,60.0,60.087,17.18,0.835997,4.9e-05,6.7e-05,0.000117,3.8e-05,7.5e-05,5.2e-05,3.6e-05,5.4e-05,2.2e-05,7.5e-05,5.9e-05,8e-05,0.00014,4.5e-05,6.2e-05,6.5e-05,9e-05,0.0,60.07,3.74,0.0184,3e-06,60.0
flk_01_06,FLK_0001_3p_fm10hz_m05_cond01,flk_sim_01,1,ABC,B,train,Flicker,0,SCENARIO_CONTROLLER,10.0,0.05,0.0408,10.5,0.59739,0.87146,1.458777,0.0097,0.0,60.0,60.087,17.23,0.836012,3.5e-05,4.5e-05,0.000109,4.8e-05,8.4e-05,4.8e-05,4.1e-05,3.2e-05,3.3e-05,9e-05,4.2e-05,5.4e-05,0.00013,5.7e-05,5.7e-05,3.8e-05,0.000108,0.0,60.07,3.71,0.0184,3e-06,60.0
flk_01_07,FLK_0001_3p_fm10hz_m05_cond01,flk_sim_01,1,ABC,B,train,Flicker,0,SCENARIO_CONTROLLER,10.0,0.05,0.0408,10.5,0.597398,0.87146,1.458758,0.01,0.0,60.0,60.087,17.26,0.836024,3.7e-05,2.1e-05,8.8e-05,3.7e-05,5.7e-05,7.2e-05,4.9e-05,3.4e-05,3.6e-05,9.4e-05,4.4e-05,2.5e-05,0.000105,4.4e-05,8.6e-05,4.1e-05,0.000112,0.0,60.07,3.71,0.0184,3e-06,60.0
flk_01_08,FLK_0001_3p_fm10hz_m05_cond01,flk_sim_01,1,ABC,B,train,Flicker,0,SCENARIO_CONTROLLER,10.0,0.05,0.0408,10.0,0.597404,0.87146,1.458744,0.0094,0.0,60.0,60.0928,17.32,0.836032,5.1e-05,2.7e-05,9.2e-05,3.3e-05,5.8e-05,6.6e-05,4.1e-05,4e-05,5.2e-05,7.5e-05,6.1e-05,3.2e-05,0.00011,3.9e-05,7.9e-05,4.8e-05,9e-05,0.0,60.07,3.74,0.0184,3e-06,60.0
flk_01_09,FLK_0001_3p_fm10hz_m05_cond01,flk_sim_01,1,ABC,B,train,Flicker,0,SCENARIO_CONTROLLER,10.0,0.05,0.0408,10.0,0.597419,0.87146,1.458707,0.0084,0.0,60.0,60.0928,17.32,0.836054,6.4e-05,3.1e-05,8.9e-05,2.8e-05,4.9e-05,5.6e-05,3.3e-05,4.2e-05,4.6e-05,9.6e-05,7.7e-05,3.7e-05,0.000106,3.3e-05,6.7e-05,5e-05,0.000115,0.0,60.07,3.77,0.0184,3e-06,60.0
flk_01_10,FLK_0001_3p_fm10hz_m05_cond01,flk_sim_01,1,ABC,B,train,Flicker,0,SCENARIO_CONTROLLER,10.0,0.05,0.0408,10.0,0.597418,0.87146,1.458711,0.009,0.0,60.0,60.0928,17.26,0.836051,6.5e-05,4.6e-05,8.6e-05,2.3e-05,5.3e-05,5.5e-05,3.1e-05,4e-05,3.5e-05,8.2e-05,7.8e-05,5.5e-05,0.000103,2.8e-05,6.6e-05,4.8e-05,9.8e-05,0.0,60.07,3.76,0.0184,3e-06,60.0
flk_01_11,FLK_0001_3p_fm10hz_m05_cond01,flk_sim_01,1,ABC,B,train,Flicker,0,SCENARIO_CONTROLLER,10.0,0.05,0.0409,9.5,0.597419,0.87146,1.458708,0.0094,0.0,60.0,60.0689,17.1,0.836053,6.5e-05,5.4e-05,9.4e-05,2e-05,5.2e-05,5.4e-05,1.8e-05,4.5e-05,3.7e-05,9.5e-05,7.8e-05,6.5e-05,0.000112,2.4e-05,6.5e-05,5.4e-05,0.000114,0.0,60.07,3.74,0.0184,3e-06,60.0
flk_01_12,FLK_0001_3p_fm10hz_m05_cond01,flk_sim_01,1,ABC,B,train,Flicker,0,SCENARIO_CONTROLLER,10.0,0.05,0.0409,9.5,0.597422,0.87146,1.458699,0.0136,0.0,60.0,60.0689,17.09,0.836059,4.9e-05,7.6e-05,0.000107,4.7e-05,7.8e-05,7e-05,3e-05,4.5e-05,2.8e-05,8.5e-05,5.9e-05,9.1e-05,0.000128,5.6e-05,8.4e-05,5.4e-05,0.000102,0.0,60.07,3.74,0.0184,3e-06,60.0
flk_01_13,FLK_0001_3p_fm10hz_m05_cond01,flk_sim_01,1,ABC,B,train,Flicker,0,SCENARIO_CONTROLLER,10.0,0.05,0.0409,9.5,0.597429,0.87146,1.458684,0.0143,0.0,60.0,60.1034,16.95,0.836067,5.6e-05,7.7e-05,0.000107,4.5e-05,8e-05,8e-05,3.2e-05,4.6e-05,2.9e-05,8.3e-05,6.7e-05,9.2e-05,0.000128,5.4e-05,9.6e-05,5.5e-05,9.9e-05,0.0,60.07,3.72,0.0184,3e-06,60.0
flk_01_14,FLK_0001_3p_fm10hz_m05_cond01,flk_sim_01,1,ABC,B,train,Flicker,0,SCENARIO_CONTROLLER,10.0,0.05,0.0409,9.5,0.597423,0.87146,1.458698,0.0139,0.0,60.0,60.0307,16.82,0.836056,4.1e-05,7e-05,0.000108,5.3e-05,8.2e-05,7.5e-05,3.7e-05,5e-05,3.4e-05,7.6e-05,4.9e-05,8.4e-05,0.000129,6.3e-05,9e-05,6e-05,9.1e-05,0.0,60.07,3.74,0.0184,4e-06,60.0
flk_01_15,FLK_0001_3p_fm10hz_m05_cond01,flk_sim_01,1,ABC,B,train,Flicker,0,SCENARIO_CONTROLLER,10.0,0.05,0.0409,9.5,0.597433,0.87146,1.458673,0.012,0.0,60.0,60.0307,16.8,0.836069,2.2e-05,5e-05,0.000118,4.3e-05,9.2e-05,7.5e-05,3.4e-05,5.4e-05,3.4e-05,8.7e-05,2.6e-05,6e-05,0.000141,5.1e-05,9e-05,6.5e-05,0.000104,0.0,60.07,3.75,0.0184,3e-06,60.0
flk_01_16,FLK_0001_3p_fm10hz_m05_cond01,flk_sim_01,1,ABC,B,train,Flicker,0,SCENARIO_CONTROLLER,10.0,0.05,0.041,9.5,0.59743,0.87146,1.458681,0.0127,0.0,60.0,59.9863,16.72,0.836067,2.5e-05,4.1e-05,0.00012,4.1e-05,9.8e-05,8.9e-05,2.7e-05,6.1e-05,3.2e-05,8.4e-05,3e-05,4.9e-05,0.000144,4.9e-05,0.000106,7.3e-05,0.0001,0.0,60.07,3.76,0.0184,3e-06,60.0
flk_01_17,FLK_0001_3p_fm10hz_m05_cond01,flk_sim_01,1,ABC,B,train,Flicker,0,SCENARIO_CONTROLLER,10.0,0.05,0.041,10.0,0.597428,0.87146,1.458687,0.0121,0.0,60.0,59.9863,16.74,0.836064,2.9e-05,3.4e-05,0.000109,2.7e-05,0.000104,9.1e-05,3.7e-05,6.7e-05,2.5e-05,8.4e-05,3.5e-05,4.1e-05,0.00013,3.2e-05,0.000109,8e-05,0.0001,0.0,60.07,3.77,0.0184,3e-06,60.0
flk_01_18,FLK_0001_3p_fm10hz_m05_cond01,flk_sim_01,1,ABC,B,train,Flicker,0,SCENARIO_CONTROLLER,10.0,0.05,0.041,10.0,0.597416,0.87146,1.458716,0.0125,0.0,60.0,59.9863,16.75,0.83605,1.7e-05,3.5e-05,9.3e-05,1.7e-05,7.4e-05,9.7e-05,5.6e-05,6.4e-05,1.8e-05,9.3e-05,2e-05,4.2e-05,0.000111,2e-05,0.000116,7.7e-05,0.000111,0.0,60.07,3.8,0.0184,4e-06,60.0
flk_01_19,FLK_0001_3p_fm10hz_m05_cond01,flk_sim_01,1,ABC,B,train,Flicker,0,SCENARIO_CONTROLLER,10.0,0.05,0.041,10.0,0.597417,0.87146,1.458714,0.0129,0.0,60.0,59.951,16.89,0.836051,1.9e-05,3.8e-05,8.8e-05,2.3e-05,7.8e-05,9.9e-05,4.2e-05,5.6e-05,3.1e-05,9e-05,2.3e-05,4.5e-05,0.000105,2.8e-05,0.000118,6.7e-05,0.000108,0.0,60.07,3.8,0.0184,3e-06,60.0
flk_01_20,FLK_0001_3p_fm10hz_m05_cond01,flk_sim_01,1,ABC,B,train,Flicker,0,SCENARIO_CONTROLLER,10.0,0.05,0.041,10.5,0.597434,0.872834,1.460973,0.013,0.0,60.0,59.951,16.9,0.836075,3.9e-05,4.9e-05,9e-05,1.3e-05,7.4e-05,9.6e-05,4.8e-05,5.7e-05,3.2e-05,8.5e-05,4.7e-05,5.9e-05,0.000108,1.6e-05,0.000115,6.8e-05,0.000102,0.0,60.07,3.81,0.0184,4e-06,60.0
flk_01_21,FLK_0001_3p_fm10hz_m05_cond01,flk_sim_01,1,ABC,B,train,Flicker,0,SCENARIO_CONTROLLER,10.0,0.05,0.041,10.5,0.597437,0.872834,1.460964,0.0134,0.0,60.0,59.951,16.98,0.836079,2.9e-05,4.7e-05,8.1e-05,1.4e-05,6.7e-05,0.000101,5.4e-05,5.8e-05,4.8e-05,7.1e-05,3.5e-05,5.6e-05,9.7e-05,1.7e-05,0.000121,6.9e-05,8.5e-05,0.0,60.07,3.83,0.0184,4e-06,60.0
flk_01_22,FLK_0001_3p_fm10hz_m05_cond01,flk_sim_01,1,ABC,B,train,Flicker,0,SCENARIO_CONTROLLER,10.0,0.05,0.041,10.5,0.597431,0.872834,1.460979,0.0127,0.0,60.0,59.9282,17.16,0.836072,4.9e-05,2.3e-05,6e-05,3.2e-05,8.5e-05,9.9e-05,4.5e-05,6.6e-05,5e-05,6.1e-05,5.9e-05,2.8e-05,7.2e-05,3.8e-05,0.000118,7.9e-05,7.3e-05,0.0,60.07,3.8,0.0184,4e-06,60.0
flk_01_23,FLK_0001_3p_fm10hz_m05_cond01,flk_sim_01,1,ABC,B,train,Flicker,0,SCENARIO_CONTROLLER,10.0,0.05,0.041,10.5,0.597407,0.872834,1.461039,0.0139,0.0,60.0,59.9282,17.16,0.836038,7.8e-05,1.6e-05,6.2e-05,3.3e-05,9.1e-05,0.00011,5.2e-05,8e-05,7e-05,8e-05,9.3e-05,1.9e-05,7.4e-05,3.9e-05,0.000132,9.6e-05,9.6e-05,0.0,60.07,3.81,0.0184,4e-06,60.0
flk_01_24,FLK_0001_3p_fm10hz_m05_cond01,flk_sim_01,1,ABC,B,train,Flicker,0,SCENARIO_CONTROLLER,10.0,0.05,0.041,10.5,0.597402,0.872834,1.461051,0.0126,0.0,60.0,59.8378,17.45,0.836031,7.3e-05,1.7e-05,6e-05,3.3e-05,8.8e-05,9.8e-05,5e-05,6.6e-05,7.5e-05,9.6e-05,8.7e-05,2e-05,7.2e-05,3.9e-05,0.000117,7.9e-05,0.000115,0.0,60.07,3.79,0.0184,4e-06,60.0
flk_01_25,FLK_0001_3p_fm10hz_m05_cond01,flk_sim_01,1,ABC,B,train,Flicker,0,SCENARIO_CONTROLLER,10.0,0.05,0.041,10.5,0.597405,0.872834,1.461042,0.0128,0.0,60.0,59.9165,17.27,0.836036,7.6e-05,2.2e-05,5.6e-05,3.2e-05,8.9e-05,9.9e-05,4.7e-05,6e-05,8.3e-05,9e-05,9.1e-05,2.6e-05,6.7e-05,3.8e-05,0.000118,7.2e-05,0.000108,0.0,60.07,3.79,0.0184,4e-06,60.0
flk_01_26,FLK_0001_3p_fm10hz_m05_cond01,flk_sim_01,1,ABC,B,train,Flicker,0,SCENARIO_CONTROLLER,10.0,0.05,0.041,10.5,0.597402,0.872834,1.46105,0.0099,0.0,60.0,59.9165,17.27,0.836032,7.1e-05,1.3e-05,7.1e-05,1.2e-05,0.000111,8e-05,5.2e-05,3.9e-05,8.9e-05,9.5e-05,8.5e-05,1.6e-05,8.5e-05,1.4e-05,9.6e-05,4.7e-05,0.000114,0.0,60.07,3.81,0.0184,4e-06,60.0
flk_01_27,FLK_0001_3p_fm10hz_m05_cond01,flk_sim_01,1,ABC,B,train,Flicker,0,SCENARIO_CONTROLLER,10.0,0.05,0.041,10.5,0.597405,0.872834,1.461043,0.0092,0.0,60.0,59.9304,17.16,0.836037,5.9e-05,2.6e-05,5.6e-05,2.4e-05,0.000117,6.8e-05,5.2e-05,4.1e-05,7.4e-05,9.8e-05,7.1e-05,3.1e-05,6.7e-05,2.9e-05,8.1e-05,4.9e-05,0.000117,0.0,60.07,3.81,0.0184,4e-06,60.0
flk_01_28,FLK_0001_3p_fm10hz_m05_cond01,flk_sim_01,1,ABC,B,train,Flicker,0,SCENARIO_CONTROLLER,10.0,0.05,0.041,10.0,0.597396,0.872834,1.461065,0.0099,0.0,60.0,59.9304,17.08,0.836025,6.7e-05,1.7e-05,4.8e-05,3.1e-05,0.000124,7.5e-05,5.3e-05,3.5e-05,6.9e-05,9.7e-05,8e-05,2e-05,5.7e-05,3.7e-05,9e-05,4.2e-05,0.000116,0.0,60.07,3.79,0.0184,4e-06,60.0
flk_01_29,FLK_0001_3p_fm10hz_m05_cond01,flk_sim_01,1,ABC,B,train,Flicker,0,SCENARIO_CONTROLLER,10.0,0.05,0.041,10.0,0.597413,0.872834,1.461023,0.0092,0.0,60.0,59.9304,17.07,0.83605,5.5e-05,7e-06,4.1e-05,3.8e-05,0.000125,6.6e-05,4.4e-05,3.2e-05,6.7e-05,0.0001,6.6e-05,8e-06,4.9e-05,4.5e-05,7.9e-05,3.8e-05,0.00012,0.0,60.07,3.75,0.0184,4e-06,60.0
flk_01_30,FLK_0001_3p_fm10hz_m05_cond01,flk_sim_01,1,ABC,B,train,Flicker,0,SCENARIO_CONTROLLER,10.0,0.05,0.041,10.0,0.597421,0.872834,1.461003,0.0117,0.0,60.0,59.9615,16.86,0.836056,4.8e-05,3.7e-05,6.3e-05,6.1e-05,0.000113,6.6e-05,5.5e-05,3.7e-05,6.2e-05,9.8e-05,5.7e-05,4.4e-05,7.5e-05,7.3e-05,7.9e-05,4.4e-05,0.000117,0.0,60.07,3.76,0.0184,4e-06,60.0
flk_01_31,FLK_0001_3p_fm10hz_m05_cond01,flk_sim_01,1,ABC,B,train,Flicker,0,SCENARIO_CONTROLLER,10.0,0.05,0.041,10.0,0.597423,0.872834,1.460999,0.0133,0.0,60.0,59.9615,16.82,0.836059,5.2e-05,2.8e-05,5.4e-05,6.8e-05,0.000105,8.3e-05,5.3e-05,2.6e-05,7.1e-05,9.2e-05,6.2e-05,3.3e-05,6.5e-05,8.1e-05,9.9e-05,3.1e-05,0.00011,0.0,60.07,3.74,0.0184,4e-06,60.0
flk_01_32,FLK_0001_3p_fm10hz_m05_cond01,flk_sim_01,1,ABC,B,train,Flicker,0,SCENARIO_CONTROLLER,10.0,0.05,0.0409,10.0,0.59742,0.872834,1.461006,0.0136,0.0,60.0,59.9615,16.78,0.836055,5e-05,3e-05,4.3e-05,7.9e-05,9.2e-05,7.7e-05,6e-05,2e-05,8.5e-05,8.1e-05,6e-05,3.6e-05,5.1e-05,9.4e-05,9.2e-05,2.4e-05,9.7e-05,0.0,60.07,3.75,0.0184,4e-06,60.0
flk_02_01,FLK_0002_3p_fm8p8hz_m06_cond02,flk_sim_02,2,ABC,A,test,Flicker,0,SCENARIO_CONTROLLER,8.8,0.06,0.051,9.0,0.640358,0.938283,1.465247,0.0741,97.4,60.0,59.8176,15.41,0.892833,0.001795,0.000553,0.000371,0.000239,0.000153,0.000273,0.000118,0.000173,9.3e-05,0.000116,0.00201,0.000619,0.000416,0.000268,0.000306,0.000194,0.00013,4e-06,60.08,4.18,0.0264,1e-05,60.0
flk_02_02,FLK_0002_3p_fm8p8hz_m06_cond02,flk_sim_02,2,ABC,C,test,Flicker,0,SCENARIO_CONTROLLER,8.8,0.06,0.0518,9.0,0.636882,0.934678,1.467584,0.0857,94.0,60.0,59.8542,15.18,0.887382,0.001654,0.000707,0.000366,0.000176,0.000227,0.000219,3.5e-05,6.6e-05,0.000121,8.8e-05,0.001864,0.000797,0.000412,0.000198,0.000247,7.4e-05,9.9e-05,4e-06,60.09,4.05,0.0273,8e-06,60.0
flk_02_03,FLK_0002_3p_fm8p8hz_m06_cond02,flk_sim_02,2,ABC,C,test,Flicker,0,SCENARIO_CONTROLLER,8.8,0.06,0.0493,9.0,0.638093,0.934678,1.464799,0.1446,97.0,60.0,59.8542,15.22,0.889297,0.002028,0.00105,0.000736,0.000531,0.000553,0.000519,0.000342,0.000308,0.000369,0.000246,0.00228,0.001181,0.000828,0.000597,0.000584,0.000346,0.000277,7e-06,60.12,5.67,0.0268,2.8e-05,60.0
flk_02_04,FLK_0002_3p_fm8p8hz_m06_cond02,flk_sim_02,2,ABC,C,test,Flicker,0,SCENARIO_CONTROLLER,8.8,0.06,0.0483,9.0,0.63817,0.934678,1.464623,0.0373,100.0,60.0,60.0015,15.39,0.889757,0.001048,0.000228,0.000204,0.000147,0.000182,0.00019,0.000145,8.1e-05,8.1e-05,4e-05,0.001178,0.000256,0.000229,0.000165,0.000214,9.1e-05,4.5e-05,1e-06,60.1,3.88,0.0261,7e-06,60.0
flk_02_05,FLK_0002_3p_fm8p8hz_m06_cond02,flk_sim_02,2,ABC,C,test,Flicker,0,SCENARIO_CONTROLLER,8.8,0.06,0.0487,9.0,0.638794,0.934678,1.463192,0.0859,103.0,60.0,60.0015,15.38,0.890589,0.001339,0.000657,0.000354,0.000244,0.000178,0.000307,0.00024,0.000196,0.000183,0.000108,0.001503,0.000738,0.000397,0.000274,0.000345,0.00022,0.000121,3e-06,60.1,4.32,0.0262,1.1e-05,60.0
flk_02_06,FLK_0002_3p_fm8p8hz_m06_cond02,flk_sim_02,2,ABC,C,test,Flicker,0,SCENARIO_CONTROLLER,8.8,0.06,0.0492,9.0,0.639064,0.934678,1.462574,0.0904,106.0,60.0,60.0015,15.39,0.890969,0.001346,0.000702,0.000478,0.000305,0.000209,0.000252,0.000233,0.00016,5.8e-05,0.00013,0.001511,0.000788,0.000536,0.000342,0.000283,0.00018,0.000146,3e-06,60.1,4.32,0.0262,1.1e-05,60.0
flk_02_07,FLK_0002_3p_fm8p8hz_m06_cond02,flk_sim_02,2,ABC,A,test,Flicker,0,SCENARIO_CONTROLLER,8.8,0.06,0.0488,9.0,0.64418,0.938283,1.456554,0.0607,115.4,60.0,60.1078,15.68,0.898789,0.001501,0.000443,0.000328,0.000159,0.000138,0.000276,0.000168,0.000124,0.000247,0.000157,0.00167,0.000493,0.000365,0.000177,0.000307,0.000138,0.000175,3e-06,60.09,4.07,0.0252,9e-06,60.0
flk_02_08,FLK_0002_3p_fm8p8hz_m06_cond02,flk_sim_02,2,ABC,C,test,Flicker,0,SCENARIO_CONTROLLER,8.8,0.06,0.0522,9.0,0.641072,0.934678,1.457994,0.073,112.0,60.0,60.1633,15.27,0.893214,0.001804,0.000587,0.000427,0.00017,0.000223,0.000227,6.7e-05,0.000121,7.2e-05,5.4e-05,0.00202,0.000657,0.000478,0.00019,0.000254,0.000135,6e-05,4e-06,60.09,4.0,0.0274,8e-06,60.0
flk_02_09,FLK_0002_3p_fm8p8hz_m06_cond02,flk_sim_02,2,ABC,B,test,Flicker,0,SCENARIO_CONTROLLER,8.8,0.06,0.049,9.0,0.6479,0.944594,1.457931,0.0916,126.2,60.0,60.2048,15.48,0.903324,0.002124,0.000727,0.00054,0.000325,0.000254,0.000224,0.000276,0.000224,0.000131,0.000103,0.002351,0.000805,0.000598,0.00036,0.000248,0.000248,0.000114,6e-06,60.09,4.6,0.0265,1.4e-05,60.0
flk_02_10,FLK_0002_3p_fm8p8hz_m06_cond02,flk_sim_02,2,ABC,A,test,Flicker,0,SCENARIO_CONTROLLER,8.8,0.06,0.0502,8.5,0.64595,0.938283,1.452564,0.1484,122.8,60.0,60.2453,15.36,0.900212,0.002611,0.001108,0.000661,0.000533,0.000423,0.000523,0.000199,0.000186,0.000103,0.000346,0.0029,0.001231,0.000734,0.000592,0.000581,0.000207,0.000384,9e-06,60.09,5.68,0.0273,2.8e-05,60.0
flk_02_11,FLK_0002_3p_fm8p8hz_m06_cond02,flk_sim_02,2,ABC,C,test,Flicker,0,SCENARIO_CONTROLLER,8.8,0.06,0.0515,8.5,0.642588,0.934678,1.454553,0.1916,116.8,60.0,60.292,14.89,0.894075,0.003102,0.001428,0.000882,0.000707,0.000585,0.000629,0.000409,0.000357,0.000276,0.000362,0.00347,0.001597,0.000986,0.000791,0.000704,0.000399,0.000405,1.4e-05,60.11,6.78,0.0298,4.6e-05,60.0
flk_02_12,FLK_0002_3p_fm8p8hz_m06_cond02,flk_sim_02,2,ABC,A,test,Flicker,0,SCENARIO_CONTROLLER,8.8,0.06,0.0482,8.5,0.647073,0.938283,1.450043,0.1898,126.4,60.0,60.334,15.0,0.900811,0.00324,0.001511,0.000939,0.000729,0.000548,0.000333,0.000447,0.000318,0.000504,0.000363,0.003597,0.001677,0.001042,0.000809,0.00037,0.000353,0.000403,1.5e-05,60.1,6.64,0.029,4e-05,60.0
flk_02_13,FLK_0002_3p_fm8p8hz_m06_cond02,flk_sim_02,2,ABC,C,test,Flicker,0,SCENARIO_CONTROLLER,8.8,0.06,0.0517,8.0,0.643708,0.934678,1.452023,0.1634,116.8,60.0,60.3586,14.63,0.894865,0.003312,0.001266,0.000972,0.000678,0.000555,0.000279,0.000426,0.000298,0.000408,0.00032,0.003701,0.001415,0.001086,0.000758,0.000312,0.000333,0.000358,1.5e-05,60.09,5.98,0.0311,3.3e-05,60.0
flk_02_14,FLK_0002_3p_fm8p8hz_m06_cond02,flk_sim_02,2,ABC,B,test,Flicker,0,SCENARIO_CONTROLLER,8.8,0.06,0.0511,8.0,0.649868,0.944594,1.453517,0.1323,131.0,60.0,60.3507,14.93,0.904481,0.002943,0.001047,0.000646,0.000495,0.000397,0.000302,0.000194,0.000155,0.000196,0.000213,0.003254,0.001158,0.000714,0.000547,0.000334,0.000171,0.000235,1.1e-05,60.07,5.03,0.0294,1.7e-05,60.0
flk_02_15,FLK_0002_3p_fm8p8hz_m06_cond02,flk_sim_02,2,ABC,A,test,Flicker,0,SCENARIO_CONTROLLER,8.8,0.06,0.0524,8.5,0.647393,0.938283,1.449325,0.1262,125.4,60.0,60.3411,14.99,0.901111,0.002861,0.001058,0.000562,0.000394,0.000246,0.000133,0.000232,0.000221,0.000255,0.000177,0.003175,0.001174,0.000624,0.000437,0.000148,0.000245,0.000196,1e-05,60.06,4.52,0.0292,1.3e-05,60.0
flk_02_16,FLK_0002_3p_fm8p8hz_m06_cond02,flk_sim_02,2,ABC,C,test,Flicker,0,SCENARIO_CONTROLLER,8.8,0.06,0.0579,8.5,0.643415,0.934678,1.452684,0.1023,115.2,60.0,60.3388,14.72,0.894656,0.002782,0.000841,0.00045,0.000356,0.000183,6.4e-05,0.000169,0.000126,0.000148,7.3e-05,0.00311,0.00094,0.000503,0.000398,7.2e-05,0.000141,8.2e-05,9e-06,60.06,4.26,0.0307,1e-05,60.0
flk_02_17,FLK_0002_3p_fm8p8hz_m06_cond02,flk_sim_02,2,ABC,B,test,Flicker,0,SCENARIO_CONTROLLER,8.8,0.06,0.058,8.5,0.648797,0.944594,1.455916,0.1097,125.2,60.0,60.3044,15.13,0.903484,0.002685,0.000877,0.000608,0.000417,0.000227,0.000199,0.000236,6.3e-05,8e-05,0.000148,0.002972,0.000971,0.000673,0.000462,0.00022,7e-05,0.000164,9e-06,60.07,4.51,0.0285,1.3e-05,60.0
flk_02_18,FLK_0002_3p_fm8p8hz_m06_cond02,flk_sim_02,2,ABC,A,test,Flicker,0,SCENARIO_CONTROLLER,8.8,0.06,0.0577,9.0,0.645779,0.938283,1.452949,0.1288,119.2,60.0,60.2738,15.25,0.899616,0.002531,0.001046,0.000631,0.000447,0.000388,0.000221,0.000157,0.00029,6.3e-05,0.000173,0.002813,0.001163,0.000701,0.000497,0.000246,0.000322,0.000192,8e-06,60.08,5.03,0.0279,1.8e-05,60.0
flk_02_19,FLK_0002_3p_fm8p8hz_m06_cond02,flk_sim_02,2,ABC,C,test,Flicker,0,SCENARIO_CONTROLLER,8.8,0.06,0.0584,9.0,0.641256,0.934678,1.457574,0.1196,108.6,60.0,60.2429,15.06,0.89266,0.002548,0.000909,0.000769,0.000517,0.000475,0.000219,0.000228,0.000267,9.6e-05,0.000165,0.002854,0.001018,0.000861,0.000579,0.000245,0.000299,0.000185,9e-06,60.1,5.36,0.029,2.2e-05,60.0
flk_02_20,FLK_0002_3p_fm8p8hz_m06_cond02,flk_sim_02,2,ABC,A,test,Flicker,0,SCENARIO_CONTROLLER,8.8,0.06,0.0601,9.0,0.643329,0.938283,1.458482,0.1447,113.2,60.0,60.144,15.6,0.897219,0.002223,0.001095,0.00078,0.000517,0.000466,0.000468,0.000346,0.000362,0.000382,0.000277,0.002478,0.00122,0.000869,0.000576,0.000522,0.000403,0.000309,8e-06,60.1,5.36,0.0259,2.3e-05,60.0
flk_02_21,FLK_0002_3p_fm8p8hz_m06_cond02,flk_sim_02,2,ABC,C,test,Flicker,0,SCENARIO_CONTROLLER,8.8,0.06,0.058,9.0,0.638937,0.934678,1.462864,0.0858,102.6,60.0,60.0994,15.34,0.890466,0.001742,0.000601,0.000552,0.000306,0.000336,0.000358,0.000201,0.000163,0.000254,8.1e-05,0.001956,0.000675,0.00062,0.000344,0.000402,0.000183,9.1e-05,4e-06,60.1,4.51,0.0269,1.3e-05,60.0
flk_02_22,FLK_0002_3p_fm8p8hz_m06_cond02,flk_sim_02,2,ABC,B,test,Flicker,0,SCENARIO_CONTROLLER,8.8,0.06,0.0527,9.0,0.644325,0.944594,1.466022,0.0526,110.2,60.0,60.0435,15.7,0.89912,0.001293,0.000443,0.00025,0.000141,9.8e-05,8.7e-05,9.3e-05,6e-05,0.00011,2.6e-05,0.001438,0.000493,0.000278,0.000157,9.7e-05,6.7e-05,2.9e-05,2e-06,60.09,4.01,0.0248,8e-06,60.0
flk_02_23,FLK_0002_3p_fm8p8hz_m06_cond02,flk_sim_02,2,ABC,A,test,Flicker,0,SCENARIO_CONTROLLER,8.8,0.06,0.0481,9.0,0.641473,0.938102,1.462417,0.0642,104.2,60.0,59.993,15.7,0.895224,0.001222,0.000497,0.000238,0.000197,0.000199,0.000213,7.1e-05,0.000171,4.3e-05,0.000171,0.001365,0.000555,0.000266,0.00022,0.000238,0.000191,0.000191,2e-06,60.1,4.23,0.0246,1e-05,60.0
flk_02_24,FLK_0002_3p_fm8p8hz_m06_cond02,flk_sim_02,2,ABC,C,test,Flicker,0,SCENARIO_CONTROLLER,8.8,0.06,0.0478,9.0,0.63707,0.934678,1.467151,0.0988,93.6,60.0,59.9419,15.33,0.888104,0.001324,0.000738,0.000321,0.000339,0.000198,0.000331,0.000109,0.000166,5.4e-05,8.3e-05,0.001491,0.000831,0.000361,0.000382,0.000373,0.000187,9.3e-05,3e-06,60.11,4.48,0.0263,1.3e-05,60.0
flk_02_25,FLK_0002_3p_fm8p8hz_m06_cond02,flk_sim_02,2,ABC,C,test,Flicker,0,SCENARIO_CONTROLLER,8.8,0.06,0.0479,9.0,0.636371,0.934678,1.468764,0.0419,90.6,60.0,59.9419,15.34,0.887097,0.001131,0.000311,0.000282,0.000108,0.000189,0.000171,3.8e-05,2.5e-05,0.000135,6.1e-05,0.001275,0.000351,0.000318,0.000122,0.000193,2.8e-05,6.9e-05,2e-06,60.1,3.9,0.0264,7e-06,60.0
flk_02_26,FLK_0002_3p_fm8p8hz_m06_cond02,flk_sim_02,2,ABC,B,test,Flicker,0,SCENARIO_CONTROLLER,8.8,0.06,0.0482,9.0,0.642179,0.944594,1.470919,0.0886,98.2,60.0,59.8946,15.61,0.895893,0.001615,0.000708,0.000417,0.000319,0.000317,0.000165,0.000314,0.000218,0.000221,0.000136,0.001803,0.00079,0.000465,0.000356,0.000184,0.000243,0.000152,4e-06,60.1,4.67,0.0253,1.4e-05,60.0
flk_02_27,FLK_0002_3p_fm8p8hz_m06_cond02,flk_sim_02,2,ABC,C,test,Flicker,0,SCENARIO_CONTROLLER,8.8,0.06,0.0488,9.0,0.635568,0.934678,1.470619,0.1368,84.6,60.0,59.8043,15.05,0.885094,0.002292,0.00103,0.000694,0.000472,0.000495,0.000426,0.000282,0.000161,0.000182,0.000247,0.00259,0.001164,0.000784,0.000533,0.000481,0.000182,0.000279,8e-06,60.1,5.01,0.0282,2.1e-05,60.0
flk_02_28,FLK_0002_3p_fm8p8hz_m06_cond02,flk_sim_02,2,ABC,C,test,Flicker,0,SCENARIO_CONTROLLER,8.8,0.06,0.0482,9.0,0.636173,0.934678,1.469221,0.2068,81.6,60.0,59.8043,15.13,0.885793,0.003133,0.001487,0.001064,0.000787,0.000633,0.000725,0.000518,0.000416,0.000367,0.000295,0.003537,0.001679,0.001201,0.000888,0.000818,0.00047,0.000333,1.5e-05,60.14,7.29,0.0285,5.7e-05,60.0
flk_02_29,FLK_0002_3p_fm8p8hz_m06_cond02,flk_sim_02,2,ABC,A,test,Flicker,0,SCENARIO_CONTROLLER,8.8,0.06,0.0502,9.0,0.638897,0.937125,1.466785,0.1117,92.0,60.0,59.7448,15.18,0.889889,0.002417,0.000926,0.000367,0.000319,0.000165,0.000168,0.000168,3.8e-05,0.000191,0.000211,0.002716,0.001041,0.000412,0.000358,0.000189,4.3e-05,0.000237,7e-06,60.07,4.49,0.0281,1.2e-05,60.0
flk_02_30,FLK_0002_3p_fm8p8hz_m06_cond02,flk_sim_02,2,ABC,C,test,Flicker,0,SCENARIO_CONTROLLER,8.8,0.06,0.052,9.0,0.634948,0.934678,1.472054,0.1271,81.8,60.0,59.7116,14.77,0.882936,0.002455,0.001038,0.000409,0.000349,0.000118,0.000246,0.0002,7.7e-05,0.000149,0.000119,0.00278,0.001176,0.000463,0.000395,0.000279,8.7e-05,0.000135,8e-06,60.07,4.19,0.0306,1e-05,60.0
flk_02_31,FLK_0002_3p_fm8p8hz_m06_cond02,flk_sim_02,2,ABC,B,test,Flicker,0,SCENARIO_CONTROLLER,8.8,0.06,0.051,9.0,0.64111,0.944594,1.473373,0.1368,96.2,60.0,59.7021,15.03,0.892255,0.002751,0.001133,0.000511,0.000374,0.000241,0.000257,0.000119,0.000178,0.000218,0.000122,0.003083,0.00127,0.000573,0.000419,0.000288,0.000199,0.000137,9e-06,60.07,4.52,0.0294,1.3e-05,60.0
flk_02_32,FLK_0002_3p_fm8p8hz_m06_cond02,flk_sim_02,2,ABC,A,test,Flicker,0,SCENARIO_CONTROLLER,8.8,0.06,0.0525,9.5,0.639017,0.939963,1.470953,0.1581,92.0,60.0,59.6896,14.98,0.889122,0.002859,0.001273,0.000813,0.00053,0.000456,0.000272,0.000246,0.000145,0.000207,0.000356,0.003216,0.001432,0.000914,0.000596,0.000306,0.000163,0.0004,1.1e-05,60.07,5.3,0.0298,2.2e-05,60.0
flk_03_01,FLK_0003_3p_fm6hz_m055_cond03,flk_sim_03,3,ABC,B,val,Flicker,0,SCENARIO_CONTROLLER,6.0,0.055,0.0357,6.0,0.628801,0.914467,1.454303,0.1075,6.0,60.0,60.0735,15.45,0.877766,0.001479,0.000747,0.000573,0.00043,0.000396,0.000384,0.000163,0.000265,0.000241,0.000226,0.001685,0.000851,0.000653,0.00049,0.000437,0.000302,0.000257,4e-06,60.05,4.84,0.0231,1.7e-05,60.0
flk_03_02,FLK_0003_3p_fm6hz_m055_cond03,flk_sim_03,3,ABC,C,val,Flicker,0,SCENARIO_CONTROLLER,6.0,0.055,0.0357,6.0,0.622117,0.900334,1.447211,0.0274,0.0,60.0,60.0449,15.28,0.867354,0.000909,0.000229,8.5e-05,1.4e-05,4.1e-05,6.1e-05,0.000169,3.6e-05,8.2e-05,0.000112,0.001048,0.000264,9.8e-05,1.6e-05,7e-05,4.2e-05,0.000129,1e-06,60.04,3.81,0.0246,7e-06,60.0
flk_03_03,FLK_0003_3p_fm6hz_m055_cond03,flk_sim_03,3,ABC,C,val,Flicker,0,SCENARIO_CONTROLLER,6.0,0.055,0.0357,6.0,0.621556,0.900334,1.448516,0.0573,0.0,60.0,60.0449,15.26,0.86649,0.000961,0.000409,0.000335,0.000205,0.000134,0.000193,0.0001,0.000174,5e-05,0.000166,0.001109,0.000472,0.000387,0.000237,0.000223,0.000201,0.000192,1e-06,60.04,4.05,0.0247,1e-05,60.0
flk_03_04,FLK_0003_3p_fm6hz_m055_cond03,flk_sim_03,3,ABC,C,val,Flicker,0,SCENARIO_CONTROLLER,6.0,0.055,0.0357,6.0,0.621489,0.900334,1.448673,0.0378,0.0,60.0,59.9914,15.33,0.866321,0.000583,0.000287,4.3e-05,0.000145,9.4e-05,6.4e-05,8.3e-05,8.5e-05,6.4e-05,8.2e-05,0.000673,0.000331,5e-05,0.000167,7.4e-05,9.8e-05,9.5e-05,0.0,60.04,3.8,0.0247,6e-06,60.0
flk_03_05,FLK_0003_3p_fm6hz_m055_cond03,flk_sim_03,3,ABC,C,val,Flicker,0,SCENARIO_CONTROLLER,6.0,0.055,0.0357,6.0,0.621049,0.900334,1.449699,0.0408,0.0,60.0,59.9914,15.33,0.865734,0.000618,0.00031,0.000249,7.9e-05,0.000159,0.000148,0.000123,5.2e-05,1.6e-05,8.2e-05,0.000714,0.000358,0.000288,9.1e-05,0.000171,6e-05,9.5e-05,1e-06,60.04,3.77,0.0247,7e-06,60.0
flk_03_06,FLK_0003_3p_fm6hz_m055_cond03,flk_sim_03,3,ABC,C,val,Flicker,0,SCENARIO_CONTROLLER,6.0,0.055,0.0357,6.0,0.621028,0.900334,1.449747,0.0551,0.0,60.0,59.9914,15.34,0.865736,0.000767,0.000326,0.000236,0.000314,0.000203,0.000152,0.000165,0.00014,0.000137,0.000168,0.000886,0.000377,0.000273,0.000363,0.000176,0.000162,0.000194,1e-06,60.04,4.08,0.0247,1e-05,60.0
flk_03_07,FLK_0003_3p_fm6hz_m055_cond03,flk_sim_03,3,ABC,C,val,Flicker,0,SCENARIO_CONTROLLER,6.0,0.055,0.0358,6.0,0.620585,0.900334,1.450782,0.1154,0.0,60.0,59.9384,15.18,0.865346,0.001386,0.000813,0.000558,0.00047,0.000359,0.000338,0.000285,0.000172,0.000159,0.000213,0.001602,0.00094,0.000645,0.000543,0.000391,0.000199,0.000246,4e-06,60.05,4.83,0.0246,1.8e-05,60.0
flk_03_08,FLK_0003_3p_fm6hz_m055_cond03,flk_sim_03,3,ABC,B,val,Flicker,0,SCENARIO_CONTROLLER,6.0,0.055,0.0365,6.0,0.627043,0.914467,1.458381,0.1245,6.0,60.0,59.9178,15.38,0.875426,0.001658,0.00089,0.000576,0.000454,0.00045,0.000436,0.000388,0.000246,0.000244,0.000155,0.001894,0.001017,0.000658,0.000519,0.000498,0.000281,0.000177,5e-06,60.05,5.22,0.0231,2.3e-05,60.0
flk_03_09,FLK_0003_3p_fm6hz_m055_cond03,flk_sim_03,3,ABC,B,val,Flicker,0,SCENARIO_CONTROLLER,6.0,0.055,0.0418,6.0,0.626393,0.914467,1.459894,0.0791,6.0,60.0,59.9178,15.37,0.874547,0.001304,0.000589,0.000383,0.000245,0.000122,0.000269,0.000218,0.000131,0.000108,0.000139,0.001491,0.000673,0.000438,0.00028,0.000308,0.00015,0.000159,2e-06,60.03,3.98,0.0231,9e-06,60.0
flk_03_10,FLK_0003_3p_fm6hz_m055_cond03,flk_sim_03,3,ABC,A,val,Flicker,0,SCENARIO_CONTROLLER,6.0,0.055,0.0422,6.0,0.623834,0.906458,1.453043,0.0942,0.0,60.0,59.9031,15.27,0.871191,0.001464,0.000639,0.00028,0.000453,0.000335,0.000248,0.000273,0.000207,0.000253,0.000144,0.00168,0.000733,0.000321,0.00052,0.000285,0.000238,0.000165,3e-06,60.03,4.16,0.0229,1.3e-05,60.0
flk_03_11,FLK_0003_3p_fm6hz_m055_cond03,flk_sim_03,3,ABC,C,val,Flicker,0,SCENARIO_CONTROLLER,6.0,0.055,0.0452,6.0,0.618754,0.900334,1.455075,0.1253,0.0,60.0,59.8844,14.82,0.863466,0.00193,0.000959,0.000638,0.000367,0.000414,0.00034,0.000348,0.000304,0.000237,0.000199,0.002235,0.001111,0.000739,0.000425,0.000394,0.000352,0.00023,6e-06,60.04,4.92,0.0242,1.9e-05,60.0
flk_03_12,FLK_0003_3p_fm6hz_m055_cond03,flk_sim_03,3,ABC,B,val,Flicker,0,SCENARIO_CONTROLLER,6.0,0.055,0.0469,6.0,0.625644,0.914467,1.461641,0.1595,6.0,60.0,59.8741,15.03,0.874173,0.00221,0.001198,0.000722,0.00055,0.000468,0.000454,0.000447,0.000306,0.000325,0.000244,0.002528,0.00137,0.000826,0.000629,0.000519,0.00035,0.000279,8e-06,60.05,5.91,0.0226,3.2e-05,60.0
flk_03_13,FLK_0003_3p_fm6hz_m055_cond03,flk_sim_03,3,ABC,A,val,Flicker,0,SCENARIO_CONTROLLER,6.0,0.055,0.0468,6.0,0.623226,0.906458,1.454462,0.1855,0.0,60.0,59.8588,14.89,0.871037,0.002655,0.001272,0.001047,0.000864,0.00062,0.000498,0.00041,0.000416,0.000377,0.000307,0.003048,0.00146,0.001202,0.000992,0.000572,0.000478,0.000352,1.2e-05,60.06,6.49,0.0225,4.4e-05,60.0
flk_03_14,FLK_0003_3p_fm6hz_m055_cond03,flk_sim_03,3,ABC,C,val,Flicker,0,SCENARIO_CONTROLLER,6.0,0.055,0.0482,6.0,0.618309,0.900334,1.456122,0.2185,0.0,60.0,59.8467,14.5,0.863583,0.002969,0.001618,0.001049,0.00081,0.000745,0.000535,0.000576,0.000418,0.000423,0.000411,0.003438,0.001874,0.001215,0.000938,0.00062,0.000484,0.000476,1.5e-05,60.08,7.78,0.0237,6.4e-05,60.0
flk_03_15,FLK_0003_3p_fm6hz_m055_cond03,flk_sim_03,3,ABC,B,val,Flicker,0,SCENARIO_CONTROLLER,6.0,0.055,0.0471,5.5,0.62549,0.914467,1.462001,0.2405,6.0,60.0,59.8396,14.71,0.874614,0.003333,0.001795,0.001231,0.000951,0.000801,0.000546,0.000535,0.000474,0.000468,0.00042,0.003811,0.002052,0.001407,0.001087,0.000624,0.000542,0.00048,1.9e-05,60.1,8.45,0.0221,8.1e-05,60.0
flk_03_16,FLK_0003_3p_fm6hz_m055_cond03,flk_sim_03,3,ABC,C,val,Flicker,0,SCENARIO_CONTROLLER,6.0,0.055,0.0456,5.5,0.616943,0.900334,1.459348,0.111,0.0,60.0,59.8227,14.21,0.862051,0.00219,0.000904,0.000474,0.000268,0.000267,0.000165,6.1e-05,5e-05,0.000118,0.000188,0.00254,0.001049,0.00055,0.000311,0.000191,5.8e-05,0.000218,6e-06,60.02,3.96,0.0233,1e-05,60.0
flk_03_17,FLK_0003_3p_fm6hz_m055_cond03,flk_sim_03,3,ABC,B,val,Flicker,0,SCENARIO_CONTROLLER,6.0,0.055,0.0462,5.5,0.624114,0.914467,1.465224,0.1012,6.0,60.0,59.8272,14.53,0.872914,0.002126,0.000832,0.000413,0.00026,0.000207,0.000147,0.000153,4.3e-05,0.000101,7e-05,0.002436,0.000953,0.000473,0.000298,0.000168,4.9e-05,8e-05,6e-06,60.02,4.05,0.0218,1e-05,60.0
flk_03_18,FLK_0003_3p_fm6hz_m055_cond03,flk_sim_03,3,ABC,C,val,Flicker,0,SCENARIO_CONTROLLER,6.0,0.055,0.0468,5.5,0.618436,0.900334,1.455825,0.2717,0.0,60.0,59.8218,14.26,0.864308,0.003561,0.001935,0.001435,0.001081,0.000833,0.000775,0.000715,0.000577,0.000508,0.000417,0.00412,0.002239,0.00166,0.001251,0.000897,0.000668,0.000482,2.2e-05,60.12,9.25,0.0233,0.000103,60.0
flk_03_19,FLK_0003_3p_fm6hz_m055_cond03,flk_sim_03,3,ABC,B,val,Flicker,0,SCENARIO_CONTROLLER,6.0,0.055,0.0509,5.5,0.625605,0.914467,1.461733,0.2453,6.0,60.0,59.8324,14.64,0.875026,0.003251,0.001754,0.001248,0.000956,0.000791,0.000786,0.00066,0.000475,0.000406,0.000478,0.003715,0.002005,0.001426,0.001093,0.000898,0.000543,0.000546,1.8e-05,60.09,8.33,0.0219,7.9e-05,60.0
flk_03_20,FLK_0003_3p_fm6hz_m055_cond03,flk_sim_03,3,ABC,A,val,Flicker,0,SCENARIO_CONTROLLER,6.0,0.055,0.0481,5.5,0.623307,0.906458,1.454271,0.2224,0.0,60.0,59.8376,14.69,0.871702,0.00303,0.001618,0.001258,0.00079,0.000657,0.000719,0.000584,0.000429,0.000368,0.000417,0.003476,0.001856,0.001443,0.000906,0.000825,0.000492,0.000478,1.6e-05,60.08,7.29,0.022,6.2e-05,60.0
flk_03_21,FLK_0003_3p_fm6hz_m055_cond03,flk_sim_03,3,ABC,C,val,Flicker,0,SCENARIO_CONTROLLER,6.0,0.055,0.0507,5.5,0.618612,0.900334,1.45541,0.2067,0.0,60.0,59.838,14.42,0.864215,0.003038,0.001477,0.001015,0.000821,0.000625,0.000579,0.000531,0.00037,0.00036,0.00045,0.003515,0.001709,0.001174,0.00095,0.00067,0.000428,0.000521,1.5e-05,60.07,7.22,0.0235,5.8e-05,60.0
flk_03_22,FLK_0003_3p_fm6hz_m055_cond03,flk_sim_03,3,ABC,B,val,Flicker,0,SCENARIO_CONTROLLER,6.0,0.055,0.0483,5.5,0.626054,0.914467,1.460684,0.1625,6.0,60.0,59.8573,14.9,0.875208,0.002539,0.001209,0.000815,0.000598,0.00051,0.000451,0.000356,0.000347,0.000249,0.000209,0.002901,0.001381,0.000931,0.000683,0.000515,0.000396,0.000239,1e-05,60.05,5.92,0.0222,3.4e-05,60.0
flk_03_23,FLK_0003_3p_fm6hz_m055_cond03,flk_sim_03,3,ABC,A,val,Flicker,0,SCENARIO_CONTROLLER,6.0,0.055,0.0468,5.5,0.623922,0.906458,1.452838,0.1255,0.0,60.0,59.8663,14.98,0.872018,0.002209,0.000972,0.000682,0.000331,0.000464,0.00038,0.000244,0.000269,0.000304,0.000201,0.002533,0.001115,0.000782,0.00038,0.000436,0.000308,0.00023,7e-06,60.04,5.1,0.0224,2.3e-05,60.0
flk_03_24,FLK_0003_3p_fm6hz_m055_cond03,flk_sim_03,3,ABC,C,val,Flicker,0,SCENARIO_CONTROLLER,6.0,0.055,0.0473,5.5,0.619481,0.900334,1.453368,0.1232,0.0,60.0,59.8753,14.77,0.864775,0.001847,0.000909,0.000519,0.000513,0.000342,0.000217,0.000229,0.00025,0.000206,6.9e-05,0.002136,0.001051,0.0006,0.000593,0.000251,0.000289,8e-05,5e-06,60.04,4.77,0.024,1.9e-05,60.0
flk_03_25,FLK_0003_3p_fm6hz_m055_cond03,flk_sim_03,3,ABC,B,val,Flicker,0,SCENARIO_CONTROLLER,6.0,0.055,0.0433,5.0,0.627157,0.914467,1.458115,0.0783,6.0,60.0,59.8928,15.22,0.876103,0.001533,0.000639,0.000343,0.000243,0.000207,5.1e-05,5.6e-05,0.000126,0.000144,0.000187,0.00175,0.000729,0.000392,0.000277,5.8e-05,0.000144,0.000213,3e-06,60.03,4.31,0.0227,1.2e-05,60.0
flk_03_26,FLK_0003_3p_fm6hz_m055_cond03,flk_sim_03,3,ABC,A,val,Flicker,0,SCENARIO_CONTROLLER,6.0,0.055,0.0381,5.0,0.62514,0.906458,1.450009,0.0538,0.0,60.0,59.9075,15.33,0.873065,0.001317,0.000459,0.000302,8.4e-05,7.7e-05,5.3e-05,0.000125,0.000155,0.000195,3.3e-05,0.001508,0.000526,0.000346,9.6e-05,6.1e-05,0.000178,3.8e-05,2e-06,60.03,3.6,0.0228,8e-06,60.0
flk_03_27,FLK_0003_3p_fm6hz_m055_cond03,flk_sim_03,3,ABC,C,val,Flicker,0,SCENARIO_CONTROLLER,6.0,0.055,0.0356,5.0,0.620845,0.900334,1.450176,0.0595,0.0,60.0,59.9183,15.09,0.866009,0.001325,0.000452,0.000277,0.000241,0.000149,5.5e-05,1.9e-05,0.000142,7.1e-05,0.000119,0.00153,0.000522,0.00032,0.000278,6.4e-05,0.000164,0.000137,2e-06,60.03,3.69,0.0244,7e-06,60.0
flk_03_28,FLK_0003_3p_fm6hz_m055_cond03,flk_sim_03,3,ABC,B,val,Flicker,0,SCENARIO_CONTROLLER,6.0,0.055,0.0359,5.0,0.628665,0.914467,1.454618,0.0422,7.2,60.0,59.9422,15.55,0.87764,0.001126,0.000356,0.000249,9.1e-05,0.000107,4.1e-05,0.000174,2.8e-05,9.6e-05,0.000138,0.001283,0.000406,0.000284,0.000104,4.7e-05,3.2e-05,0.000157,2e-06,60.03,3.79,0.023,7e-06,60.0
flk_03_29,FLK_0003_3p_fm6hz_m055_cond03,flk_sim_03,3,ABC,A,val,Flicker,0,SCENARIO_CONTROLLER,6.0,0.055,0.0356,5.0,0.626639,0.906458,1.446538,0.042,0.0,60.0,59.9591,15.62,0.874671,0.000911,0.000357,0.00026,6.3e-05,0.000184,6.4e-05,0.000224,0.000173,4.1e-05,3.5e-05,0.001042,0.000408,0.000297,7.2e-05,7.3e-05,0.000198,4e-05,1e-06,60.03,3.61,0.0231,8e-06,60.0
flk_03_30,FLK_0003_3p_fm6hz_m055_cond03,flk_sim_03,3,ABC,B,val,Flicker,0,SCENARIO_CONTROLLER,6.0,0.055,0.0357,5.0,0.62998,0.914467,1.45158,0.044,9.8,60.0,59.9909,15.69,0.879188,0.000638,0.000265,0.000238,0.000192,0.000134,0.000206,0.000139,6.9e-05,0.000113,0.000142,0.000726,0.000301,0.000271,0.000218,0.000234,7.8e-05,0.000162,1e-06,60.04,3.86,0.0231,8e-06,60.0
flk_03_31,FLK_0003_3p_fm6hz_m055_cond03,flk_sim_03,3,ABC,B,val,Flicker,0,SCENARIO_CONTROLLER,6.0,0.055,0.0356,5.5,0.630131,0.914467,1.451232,0.0372,10.4,60.0,59.9909,15.69,0.879396,0.000659,0.000279,0.000143,0.000105,9.7e-05,0.000135,0.000145,8.1e-05,4.7e-05,6.8e-05,0.000749,0.000317,0.000163,0.000119,0.000154,9.2e-05,7.7e-05,1e-06,60.04,3.91,0.0231,8e-06,60.0
flk_03_32,FLK_0003_3p_fm6hz_m055_cond03,flk_sim_03,3,ABC,B,val,Flicker,0,SCENARIO_CONTROLLER,6.0,0.055,0.036,5.5,0.630507,0.914467,1.450367,0.0296,10.4,60.0,59.9909,15.69,0.879887,0.000509,0.000194,0.000154,8.5e-05,4e-06,0.000152,0.000145,3.2e-05,0.000113,0.000117,0.000578,0.00022,0.000175,9.7e-05,0.000173,3.6e-05,0.000133,0.0,60.03,3.78,0.0231,6e-06,60.0
flk_04_01,FLK_0004_3p_fm12p5hz_m04_cond04,flk_sim_04,4,ABC,B,train,Flicker,0,SCENARIO_CONTROLLER,12.5,0.04,0.0491,12.5,0.613259,0.889178,1.449922,0.1926,0.0,60.0,60.1775,17.65,0.86154,0.003152,0.001403,0.001089,0.000718,0.000638,0.000518,0.000417,0.000332,0.000378,0.000332,0.003659,0.001628,0.001264,0.000833,0.000601,0.000385,0.000385,1.5e-05,60.11,6.95,0.0156,5.1e-05,60.0
flk_04_02,FLK_0004_3p_fm12p5hz_m04_cond04,flk_sim_04,4,ABC,C,train,Flicker,0,SCENARIO_CONTROLLER,12.5,0.04,0.0517,12.0,0.606176,0.87709,1.446923,0.1841,0.0,60.0,60.241,16.7,0.851136,0.002916,0.001324,0.00074,0.000773,0.000455,0.000325,0.000309,0.00025,0.000292,0.00024,0.003426,0.001556,0.000869,0.000908,0.000382,0.000294,0.000282,1.2e-05,60.07,5.54,0.0167,2.5e-05,60.0
flk_04_03,FLK_0004_3p_fm12p5hz_m04_cond04,flk_sim_04,4,ABC,B,train,Flicker,0,SCENARIO_CONTROLLER,12.5,0.04,0.0538,12.0,0.614549,0.889178,1.44688,0.1377,0.0,60.0,60.2438,16.86,0.863302,0.002734,0.001107,0.000585,0.0004,0.000313,0.000166,0.000215,0.000138,0.000129,0.000138,0.003167,0.001282,0.000678,0.000463,0.000192,0.00016,0.00016,9e-06,60.05,4.51,0.0158,1.4e-05,60.0
flk_04_04,FLK_0004_3p_fm12p5hz_m04_cond04,flk_sim_04,4,ABC,A,train,Flicker,0,SCENARIO_CONTROLLER,12.5,0.04,0.0559,12.0,0.612082,0.885735,1.447085,0.1146,0.0,60.0,60.2436,16.88,0.859853,0.002873,0.000885,0.000497,0.00039,0.000209,0.000185,0.000144,8e-05,2.3e-05,0.000122,0.003341,0.001029,0.000578,0.000454,0.000215,9.3e-05,0.000142,1e-05,60.05,4.27,0.0157,1.1e-05,60.0
flk_04_05,FLK_0004_3p_fm12p5hz_m04_cond04,flk_sim_04,4,ABC,C,train,Flicker,0,SCENARIO_CONTROLLER,12.5,0.04,0.0574,12.5,0.606212,0.87709,1.446837,0.1479,0.0,60.0,60.2486,16.61,0.851171,0.002899,0.001116,0.00057,0.000561,0.000195,0.000161,0.000125,0.000113,6.9e-05,0.000112,0.003406,0.001311,0.00067,0.000659,0.000189,0.000133,0.000132,1e-05,60.05,4.47,0.0168,1.2e-05,60.0
flk_04_06,FLK_0004_3p_fm12p5hz_m04_cond04,flk_sim_04,4,ABC,A,train,Flicker,0,SCENARIO_CONTROLLER,12.5,0.04,0.0528,12.5,0.610006,0.885735,1.452012,0.2482,0.0,60.0,60.1866,17.53,0.856946,0.00356,0.001791,0.001253,0.000927,0.000782,0.000675,0.000559,0.000522,0.000543,0.000542,0.004154,0.00209,0.001462,0.001082,0.000788,0.000609,0.000632,2.1e-05,60.14,8.68,0.0157,8.7e-05,60.0
flk_04_07,FLK_0004_3p_fm12p5hz_m04_cond04,flk_sim_04,4,ABC,C,train,Flicker,0,SCENARIO_CONTROLLER,12.5,0.04,0.0533,12.5,0.60408,0.87709,1.451943,0.1921,0.0,60.0,60.1546,17.63,0.848223,0.002977,0.001452,0.000937,0.000558,0.000567,0.000486,0.000473,0.000401,0.000419,0.000376,0.00351,0.001712,0.001105,0.000658,0.000573,0.000473,0.000443,1.3e-05,60.12,7.23,0.0165,5.3e-05,60.0
flk_04_08,FLK_0004_3p_fm12p5hz_m04_cond04,flk_sim_04,4,ABC,B,train,Flicker,0,SCENARIO_CONTROLLER,12.5,0.04,0.0484,12.5,0.611733,0.889178,1.453539,0.1265,0.0,60.0,60.1044,18.35,0.859419,0.002,0.000942,0.000624,0.000437,0.000325,0.000323,0.000203,0.000237,0.000212,0.000171,0.002327,0.001096,0.000726,0.000508,0.000376,0.000276,0.000199,6e-06,60.08,4.72,0.0152,1.7e-05,60.0
flk_04_09,FLK_0004_3p_fm12p5hz_m04_cond04,flk_sim_04,4,ABC,A,train,Flicker,0,SCENARIO_CONTROLLER,12.5,0.04,0.0441,13.0,0.608837,0.885735,1.454798,0.0615,0.0,60.0,60.0546,18.67,0.855388,0.001626,0.000491,0.000273,0.000173,0.000145,7.6e-05,0.000164,6.3e-05,5.1e-05,9.3e-05,0.001901,0.000574,0.000319,0.000202,8.9e-05,7.4e-05,0.000109,3e-06,60.07,4.06,0.015,8e-06,60.0
flk_04_10,FLK_0004_3p_fm12p5hz_m04_cond04,flk_sim_04,4,ABC,C,train,Flicker,0,SCENARIO_CONTROLLER,12.5,0.04,0.0407,13.0,0.602532,0.87709,1.455675,0.0583,0.0,60.0,59.9949,18.46,0.846094,0.001505,0.000478,0.000282,0.000101,0.00018,7.2e-05,9.7e-05,8.7e-05,0.000108,0.000127,0.001779,0.000565,0.000333,0.000119,8.5e-05,0.000103,0.00015,3e-06,60.08,4.27,0.0159,1e-05,60.0
flk_04_11,FLK_0004_3p_fm12p5hz_m04_cond04,flk_sim_04,4,ABC,C,train,Flicker,0,SCENARIO_CONTROLLER,12.5,0.04,0.0421,13.0,0.601529,0.87709,1.4581,0.0889,0.0,60.0,59.9949,18.44,0.844666,0.001612,0.000635,0.000359,0.000369,0.000143,0.000158,0.000133,0.000128,0.000184,0.00013,0.001908,0.000752,0.000425,0.000437,0.000187,0.000152,0.000154,3e-06,60.08,4.24,0.0159,1e-05,60.0
flk_04_12,FLK_0004_3p_fm12p5hz_m04_cond04,flk_sim_04,4,ABC,B,train,Flicker,0,SCENARIO_CONTROLLER,12.5,0.04,0.0479,12.5,0.608884,0.888982,1.46002,0.0729,0.0,60.0,59.9422,18.6,0.855384,0.001656,0.000584,0.000242,0.000217,0.000168,3.8e-05,0.000161,0.000119,0.000135,4.7e-05,0.001936,0.000683,0.000283,0.000254,4.4e-05,0.000139,5.5e-05,3e-06,60.07,3.81,0.0151,8e-06,60.0
flk_04_13,FLK_0004_3p_fm12p5hz_m04_cond04,flk_sim_04,4,ABC,A,train,Flicker,0,SCENARIO_CONTROLLER,12.5,0.04,0.0498,12.5,0.606106,0.885735,1.461353,0.1216,0.0,60.0,59.8867,18.25,0.851472,0.002131,0.00086,0.000553,0.000503,0.000377,0.000283,0.000168,0.00017,0.000167,0.000258,0.002503,0.00101,0.000649,0.000591,0.000332,0.0002,0.000303,6e-06,60.08,4.95,0.0153,1.9e-05,60.0
flk_04_14,FLK_0004_3p_fm12p5hz_m04_cond04,flk_sim_04,4,ABC,C,train,Flicker,0,SCENARIO_CONTROLLER,12.5,0.04,0.0509,12.5,0.600134,0.87709,1.461491,0.2065,0.0,60.0,59.8354,17.49,0.842597,0.003013,0.001412,0.000852,0.000928,0.000654,0.000416,0.000443,0.000382,0.000264,0.000321,0.003576,0.001676,0.001011,0.001101,0.000494,0.000453,0.000381,1.4e-05,60.11,6.78,0.0167,4.6e-05,60.0
flk_04_15,FLK_0004_3p_fm12p5hz_m04_cond04,flk_sim_04,4,ABC,B,train,Flicker,0,SCENARIO_CONTROLLER,12.5,0.04,0.0488,12.0,0.608168,0.888982,1.461737,0.2612,0.0,60.0,59.8031,17.39,0.854258,0.003767,0.001887,0.001338,0.000983,0.000787,0.000672,0.000548,0.000558,0.000555,0.000398,0.00441,0.002209,0.001566,0.001151,0.000787,0.000653,0.000466,2.3e-05,60.14,8.74,0.016,9.1e-05,60.0
flk_04_16,FLK_0004_3p_fm12p5hz_m04_cond04,flk_sim_04,4,ABC,C,train,Flicker,0,SCENARIO_CONTROLLER,12.5,0.04,0.047,12.0,0.598634,0.87709,1.465153,0.1296,0.0,60.0,59.7423,16.37,0.840377,0.002808,0.001008,0.000555,0.000266,0.000387,0.000313,0.000257,0.00016,0.00019,0.000115,0.003341,0.001199,0.00066,0.000317,0.000372,0.00019,0.000137,1e-05,60.06,4.85,0.0171,1.6e-05,60.0
flk_04_17,FLK_0004_3p_fm12p5hz_m04_cond04,flk_sim_04,4,ABC,B,train,Flicker,0,SCENARIO_CONTROLLER,12.5,0.04,0.0453,12.0,0.606702,0.888982,1.46527,0.1234,0.0,60.0,59.7422,16.56,0.852128,0.002715,0.000971,0.000537,0.000335,0.000201,0.000222,0.000171,0.000152,7.6e-05,9.7e-05,0.003186,0.00114,0.00063,0.000393,0.000261,0.000178,0.000114,9e-06,60.05,4.17,0.0161,1e-05,60.0
flk_04_18,FLK_0004_3p_fm12p5hz_m04_cond04,flk_sim_04,4,ABC,C,train,Flicker,0,SCENARIO_CONTROLLER,12.5,0.04,0.0475,12.0,0.600518,0.87709,1.460557,0.345,0.0,60.0,59.7575,16.63,0.843054,0.004525,0.002319,0.001618,0.001484,0.001041,0.000937,0.000683,0.000706,0.000639,0.000561,0.005367,0.002751,0.001919,0.00176,0.001111,0.000837,0.000665,3.4e-05,60.2,11.09,0.0173,0.000151,60.0
flk_04_19,FLK_0004_3p_fm12p5hz_m04_cond04,flk_sim_04,4,ABC,B,train,Flicker,0,SCENARIO_CONTROLLER,12.5,0.04,0.0513,12.5,0.608702,0.888982,1.460455,0.2572,0.0,60.0,59.7995,17.35,0.855011,0.003796,0.001816,0.001237,0.000986,0.000835,0.000752,0.000626,0.000561,0.000489,0.000458,0.00444,0.002124,0.001447,0.001153,0.00088,0.000656,0.000536,2.3e-05,60.14,8.69,0.016,8.7e-05,60.0
flk_04_20,FLK_0004_3p_fm12p5hz_m04_cond04,flk_sim_04,4,ABC,A,train,Flicker,0,SCENARIO_CONTROLLER,12.5,0.04,0.0519,12.5,0.606485,0.885735,1.460442,0.2065,0.0,60.0,59.8376,17.79,0.851961,0.003027,0.00149,0.00092,0.000744,0.000619,0.000566,0.000434,0.000398,0.00039,0.000329,0.003553,0.001749,0.00108,0.000873,0.000664,0.000467,0.000386,1.4e-05,60.11,7.07,0.0157,5.1e-05,60.0
flk_04_21,FLK_0004_3p_fm12p5hz_m04_cond04,flk_sim_04,4,ABC,C,train,Flicker,0,SCENARIO_CONTROLLER,12.5,0.04,0.0523,12.5,0.601069,0.87709,1.459217,0.1378,0.0,60.0,59.8804,17.92,0.843965,0.0024,0.000952,0.000627,0.000615,0.000285,0.00026,0.000325,0.000209,0.000295,0.00023,0.002844,0.001128,0.000743,0.000729,0.000308,0.000248,0.000273,8e-06,60.09,5.7,0.0164,2.8e-05,60.0
flk_04_22,FLK_0004_3p_fm12p5hz_m04_cond04,flk_sim_04,4,ABC,B,train,Flicker,0,SCENARIO_CONTROLLER,12.5,0.04,0.0473,13.0,0.609835,0.888982,1.457742,0.0675,0.0,60.0,59.9333,18.57,0.856736,0.001668,0.000531,0.000364,0.000202,0.000164,0.000108,3.8e-05,2.6e-05,4.5e-05,3.8e-05,0.001947,0.00062,0.000425,0.000236,0.000126,3e-05,4.4e-05,3e-06,60.07,3.87,0.0151,9e-06,60.0
flk_04_23,FLK_0004_3p_fm12p5hz_m04_cond04,flk_sim_04,4,ABC,A,train,Flicker,0,SCENARIO_CONTROLLER,12.5,0.04,0.0408,13.0,0.608025,0.885735,1.456742,0.067,0.0,60.0,59.9893,18.77,0.854236,0.001498,0.000486,0.000289,0.000251,9.1e-05,0.000166,8.2e-05,0.000107,3.5e-05,0.000137,0.001754,0.000569,0.000338,0.000294,0.000194,0.000125,0.00016,3e-06,60.07,4.16,0.0149,9e-06,60.0
flk_04_24,FLK_0004_3p_fm12p5hz_m04_cond04,flk_sim_04,4,ABC,A,train,Flicker,0,SCENARIO_CONTROLLER,12.5,0.04,0.0415,12.5,0.60901,0.885735,1.454386,0.0948,0.0,60.0,59.9893,18.79,0.855638,0.001541,0.000719,0.00034,0.000288,0.000132,0.000242,0.000242,0.000125,0.00014,6.5e-05,0.001801,0.00084,0.000397,0.000337,0.000283,0.000146,7.6e-05,3e-06,60.08,4.42,0.0149,1.2e-05,60.0
flk_04_25,FLK_0004_3p_fm12p5hz_m04_cond04,flk_sim_04,4,ABC,C,train,Flicker,0,SCENARIO_CONTROLLER,12.5,0.04,0.0442,12.5,0.603896,0.87709,1.452387,0.0514,0.0,60.0,60.0474,18.4,0.848037,0.001507,0.000415,0.000286,0.000112,9e-05,7.6e-05,0.000131,9e-05,8.9e-05,5.6e-05,0.001777,0.000489,0.000337,0.000132,9e-05,0.000106,6.6e-05,3e-06,60.08,3.87,0.0159,8e-06,60.0
flk_04_26,FLK_0004_3p_fm12p5hz_m04_cond04,flk_sim_04,4,ABC,B,train,Flicker,0,SCENARIO_CONTROLLER,12.5,0.04,0.0474,12.5,0.612571,0.888982,1.451231,0.1089,0.0,60.0,60.0994,18.4,0.86062,0.001985,0.000787,0.000469,0.000343,0.000327,0.000376,0.000233,0.000184,0.000117,0.000248,0.002306,0.000914,0.000545,0.000399,0.000437,0.000214,0.000288,5e-06,60.08,4.71,0.0151,1.7e-05,60.0
flk_04_27,FLK_0004_3p_fm12p5hz_m04_cond04,flk_sim_04,4,ABC,A,train,Flicker,0,SCENARIO_CONTROLLER,12.5,0.04,0.0499,12.5,0.610354,0.885735,1.451182,0.186,0.0,60.0,60.1452,18.0,0.85749,0.002783,0.0014,0.000865,0.000616,0.00061,0.000452,0.000326,0.00036,0.000333,0.000218,0.003246,0.001633,0.001009,0.000718,0.000527,0.00042,0.000254,1.2e-05,60.1,6.58,0.0154,4.3e-05,60.0
flk_04_28,FLK_0004_3p_fm12p5hz_m04_cond04,flk_sim_04,4,ABC,C,train,Flicker,0,SCENARIO_CONTROLLER,12.5,0.04,0.0481,12.5,0.604775,0.87709,1.450276,0.2383,0.0,60.0,60.1904,17.26,0.849183,0.00366,0.001735,0.001188,0.000843,0.000902,0.000613,0.000491,0.000614,0.000446,0.000398,0.00431,0.002043,0.001399,0.000993,0.000722,0.000723,0.000469,2.1e-05,60.14,8.71,0.0167,8.5e-05,60.0
flk_04_29,FLK_0004_3p_fm12p5hz_m04_cond04,flk_sim_04,4,ABC,A,train,Flicker,0,SCENARIO_CONTROLLER,12.5,0.04,0.0502,12.0,0.611977,0.885735,1.447335,0.1172,0.0,60.0,60.2354,16.99,0.859715,0.002753,0.000904,0.000504,0.00037,0.000297,0.000245,0.000218,0.000128,0.000155,5.3e-05,0.003202,0.001052,0.000586,0.00043,0.000285,0.000149,6.2e-05,9e-06,60.05,4.44,0.0157,1.2e-05,60.0
flk_04_30,FLK_0004_3p_fm12p5hz_m04_cond04,flk_sim_04,4,ABC,C,train,Flicker,0,SCENARIO_CONTROLLER,12.5,0.04,0.0543,12.0,0.606417,0.87709,1.446348,0.1397,0.0,60.0,60.2531,16.56,0.851461,0.002824,0.00109,0.000575,0.000453,0.000363,0.000148,0.000207,0.000143,7e-05,0.000136,0.003317,0.00128,0.000675,0.000532,0.000174,0.000168,0.00016,1e-05,60.05,4.19,0.0167,1e-05,60.0
flk_04_31,FLK_0004_3p_fm12p5hz_m04_cond04,flk_sim_04,4,ABC,B,train,Flicker,0,SCENARIO_CONTROLLER,12.5,0.04,0.0548,12.5,0.614276,0.888982,1.447204,0.1396,0.0,60.0,60.2461,16.84,0.862911,0.002854,0.001124,0.000627,0.00042,0.000275,0.000107,0.000265,0.000218,6.6e-05,0.000191,0.003307,0.001303,0.000727,0.000487,0.000124,0.000253,0.000221,1e-05,60.05,4.52,0.0158,1.5e-05,60.0
flk_04_32,FLK_0004_3p_fm12p5hz_m04_cond04,flk_sim_04,4,ABC,A,train,Flicker,0,SCENARIO_CONTROLLER,12.5,0.04,0.0552,12.5,0.611478,0.885735,1.448516,0.1506,0.0,60.0,60.2358,16.98,0.859005,0.00289,0.001096,0.000757,0.000573,0.000364,0.00038,0.000233,0.000268,0.000212,0.000158,0.003364,0.001276,0.000881,0.000667,0.000442,0.000312,0.000184,1.1e-05,60.07,5.39,0.0157,2.5e-05,60.0
flk_05_01,FLK_0005_3p_fm7hz_m06_cond05,flk_sim_05,5,ABC,B,train,Flicker,0,SCENARIO_CONTROLLER,7.0,0.06,0.0424,7.5,0.583771,0.854338,1.463483,0.075,0.0,60.0,60.0385,15.25,0.813598,0.001101,0.000524,0.000249,0.000255,0.00029,0.000183,0.000217,9.9e-05,0.000118,0.000104,0.001353,0.000644,0.000306,0.000313,0.000225,0.000122,0.000128,2e-06,60.05,4.1,0.027,1e-05,60.0
flk_05_02,FLK_0005_3p_fm7hz_m06_cond05,flk_sim_05,5,ABC,A,train,Flicker,0,SCENARIO_CONTROLLER,7.0,0.06,0.0432,7.5,0.581257,0.849911,1.462196,0.0423,0.0,60.0,59.9987,15.28,0.810092,0.001079,0.000298,0.000211,0.000126,0.000134,0.000113,0.000128,0.000131,0.000118,0.000116,0.001332,0.000368,0.00026,0.000156,0.000139,0.000162,0.000143,1e-06,60.05,3.98,0.0269,8e-06,60.0
flk_05_03,FLK_0005_3p_fm7hz_m06_cond05,flk_sim_05,5,ABC,B,train,Flicker,0,SCENARIO_CONTROLLER,7.0,0.06,0.0483,7.0,0.582572,0.854338,1.466495,0.0982,0.0,60.0,59.9085,15.07,0.811914,0.001645,0.000637,0.000394,0.000414,0.000341,0.000243,0.000211,0.00028,0.00011,0.000117,0.002026,0.000785,0.000485,0.00051,0.000299,0.000345,0.000144,4e-06,60.05,4.58,0.0274,1.5e-05,60.0
flk_05_04,FLK_0005_3p_fm7hz_m06_cond05,flk_sim_05,5,ABC,B,train,Flicker,0,SCENARIO_CONTROLLER,7.0,0.06,0.0511,7.0,0.582758,0.854338,1.466027,0.1549,0.0,60.0,59.9085,15.1,0.812193,0.002223,0.001066,0.000769,0.000501,0.00034,0.000443,0.000372,0.000322,0.00027,0.000265,0.002737,0.001312,0.000947,0.000617,0.000545,0.000396,0.000326,8e-06,60.08,6.2,0.0275,3.7e-05,60.0
flk_05_05,FLK_0005_3p_fm7hz_m06_cond05,flk_sim_05,5,ABC,C,train,Flicker,0,SCENARIO_CONTROLLER,7.0,0.06,0.0558,7.0,0.572709,0.840501,1.467588,0.1095,0.0,60.0,59.8179,14.29,0.797325,0.002023,0.000785,0.000497,0.000325,0.000276,0.000201,0.000137,0.000175,0.000131,0.000138,0.002537,0.000985,0.000623,0.000408,0.000252,0.000219,0.000173,5e-06,60.04,4.23,0.0299,1.3e-05,60.0
flk_05_06,FLK_0005_3p_fm7hz_m06_cond05,flk_sim_05,5,ABC,B,train,Flicker,0,SCENARIO_CONTROLLER,7.0,0.06,0.0561,7.0,0.580739,0.854338,1.471122,0.1043,0.0,60.0,59.7903,14.37,0.809426,0.002292,0.000756,0.000499,0.000334,0.000141,0.000174,0.000155,0.000138,0.000122,6.2e-05,0.002832,0.000934,0.000616,0.000413,0.000215,0.00017,7.7e-05,6e-06,60.03,4.13,0.0285,1.1e-05,60.0
flk_05_07,FLK_0005_3p_fm7hz_m06_cond05,flk_sim_05,5,ABC,A,train,Flicker,0,SCENARIO_CONTROLLER,7.0,0.06,0.0592,6.5,0.578162,0.849911,1.470024,0.1249,0.0,60.0,59.7529,14.07,0.805883,0.002557,0.000923,0.000485,0.000391,0.000169,9.3e-05,0.00011,0.000208,0.000182,9.7e-05,0.003173,0.001145,0.000602,0.000485,0.000115,0.000258,0.00012,8e-06,60.03,4.47,0.0289,1.4e-05,60.0
flk_05_08,FLK_0005_3p_fm7hz_m06_cond05,flk_sim_05,5,ABC,C,train,Flicker,0,SCENARIO_CONTROLLER,7.0,0.06,0.0603,6.5,0.571276,0.840501,1.471269,0.1597,0.0,60.0,59.7156,13.51,0.795449,0.00299,0.001145,0.000604,0.00045,0.000307,0.000314,0.000277,0.00021,0.000185,0.000161,0.003759,0.001439,0.000759,0.000566,0.000395,0.000264,0.000202,1.1e-05,60.03,4.99,0.0311,2e-05,60.0
flk_05_09,FLK_0005_3p_fm7hz_m06_cond05,flk_sim_05,5,ABC,B,train,Flicker,0,SCENARIO_CONTROLLER,7.0,0.06,0.0588,6.5,0.579866,0.854338,1.473337,0.1984,0.0,60.0,59.692,13.54,0.808351,0.003326,0.001394,0.000827,0.000679,0.000579,0.000408,0.000278,0.000181,0.000294,0.0003,0.004115,0.001724,0.001023,0.00084,0.000505,0.000224,0.000371,1.5e-05,60.04,6.34,0.0296,3.9e-05,60.0
flk_05_10,FLK_0005_3p_fm7hz_m06_cond05,flk_sim_05,5,ABC,A,train,Flicker,0,SCENARIO_CONTROLLER,7.0,0.06,0.0588,6.5,0.577677,0.849911,1.471257,0.2511,0.0,60.0,59.677,13.42,0.805366,0.00382,0.001751,0.001216,0.000841,0.000725,0.000561,0.000524,0.000532,0.000339,0.000406,0.004743,0.002174,0.00151,0.001044,0.000697,0.000661,0.000504,2.2e-05,60.07,7.96,0.0298,7e-05,60.0
flk_05_11,FLK_0005_3p_fm7hz_m06_cond05,flk_sim_05,5,ABC,C,train,Flicker,0,SCENARIO_CONTROLLER,7.0,0.06,0.0564,6.5,0.571182,0.840501,1.471512,0.3053,0.0,60.0,59.6501,12.96,0.795479,0.004339,0.002051,0.001403,0.001107,0.000921,0.000682,0.000534,0.000446,0.000495,0.000403,0.005455,0.002578,0.001764,0.001392,0.000857,0.000561,0.000507,2.8e-05,60.1,9.5,0.0319,0.000109,60.0
flk_05_12,FLK_0005_3p_fm7hz_m06_cond05,flk_sim_05,5,ABC,A,train,Flicker,0,SCENARIO_CONTROLLER,7.0,0.06,0.0554,6.5,0.57771,0.849911,1.471173,0.2909,0.0,60.0,59.6437,13.11,0.805498,0.004254,0.001951,0.00127,0.001115,0.000812,0.000663,0.000606,0.000502,0.000497,0.000464,0.005281,0.002422,0.001577,0.001384,0.000823,0.000623,0.000576,2.7e-05,60.08,8.86,0.0301,9e-05,60.0
flk_05_13,FLK_0005_3p_fm7hz_m06_cond05,flk_sim_05,5,ABC,C,train,Flicker,0,SCENARIO_CONTROLLER,7.0,0.06,0.0584,6.5,0.571088,0.840501,1.471754,0.2678,0.0,60.0,59.6284,12.75,0.795391,0.004135,0.001897,0.001151,0.000772,0.000763,0.000586,0.000446,0.000433,0.000364,0.000318,0.005199,0.002385,0.001447,0.000971,0.000737,0.000544,0.0004,2.4e-05,60.06,8.09,0.032,7.4e-05,60.0
flk_05_14,FLK_0005_3p_fm7hz_m06_cond05,flk_sim_05,5,ABC,B,train,Flicker,0,SCENARIO_CONTROLLER,7.0,0.06,0.0627,6.5,0.58008,0.854338,1.472795,0.21,0.0,60.0,59.6512,13.16,0.808791,0.00359,0.001447,0.000906,0.000759,0.000408,0.000462,0.000395,0.000434,0.000335,0.000202,0.004439,0.001789,0.00112,0.000938,0.000571,0.000537,0.00025,1.7e-05,60.02,6.22,0.03,3.7e-05,60.0
flk_05_15,FLK_0005_3p_fm7hz_m06_cond05,flk_sim_05,5,ABC,A,train,Flicker,0,SCENARIO_CONTROLLER,7.0,0.06,0.0623,6.5,0.57806,0.849911,1.470281,0.1883,0.0,60.0,59.6597,13.24,0.805968,0.003444,0.001347,0.000796,0.00065,0.000395,0.000259,0.000229,9.7e-05,0.000278,0.000106,0.004273,0.001671,0.000988,0.000806,0.000321,0.00012,0.000132,1.5e-05,60.01,5.34,0.0298,2.2e-05,60.0
flk_05_16,FLK_0005_3p_fm7hz_m06_cond05,flk_sim_05,5,ABC,C,train,Flicker,0,SCENARIO_CONTROLLER,7.0,0.06,0.0673,7.0,0.571836,0.840501,1.469828,0.1669,0.0,60.0,59.6625,13.05,0.796376,0.003397,0.001265,0.000722,0.000313,0.000269,0.00026,0.00026,0.000237,0.00011,0.000142,0.004266,0.001588,0.000907,0.000393,0.000326,0.000298,0.000178,1.4e-05,60.0,4.56,0.0316,1.4e-05,60.0
flk_05_17,FLK_0005_3p_fm7hz_m06_cond05,flk_sim_05,5,ABC,B,train,Flicker,0,SCENARIO_CONTROLLER,7.0,0.06,0.0663,7.0,0.581418,0.854338,1.469404,0.1509,0.0,60.0,59.6965,13.59,0.810605,0.003214,0.001092,0.000612,0.000499,0.000299,0.000231,0.000151,0.00027,0.000102,4.3e-05,0.003965,0.001347,0.000755,0.000616,0.000285,0.000333,5.3e-05,1.2e-05,60.01,4.5,0.0294,1.3e-05,60.0
flk_05_18,FLK_0005_3p_fm7hz_m06_cond05,flk_sim_05,5,ABC,A,train,Flicker,0,SCENARIO_CONTROLLER,7.0,0.06,0.0655,7.0,0.579765,0.849911,1.465958,0.1637,0.0,60.0,59.7237,13.84,0.808271,0.002949,0.001153,0.000627,0.00061,0.0003,0.000218,0.000219,0.000126,6.9e-05,7.1e-05,0.003649,0.001427,0.000776,0.000755,0.00027,0.000156,8.8e-05,1.1e-05,60.02,4.87,0.0292,1.8e-05,60.0
flk_05_19,FLK_0005_3p_fm7hz_m06_cond05,flk_sim_05,5,ABC,C,train,Flicker,0,SCENARIO_CONTROLLER,7.0,0.06,0.0691,7.0,0.573859,0.840501,1.464647,0.1614,0.0,60.0,59.745,13.77,0.799107,0.002818,0.001181,0.000623,0.000371,0.000385,0.000362,0.000221,0.000346,0.000228,0.000237,0.003526,0.001478,0.00078,0.000464,0.000453,0.000433,0.000297,1e-05,60.04,5.29,0.0307,2.3e-05,60.0
flk_05_20,FLK_0005_3p_fm7hz_m06_cond05,flk_sim_05,5,ABC,A,train,Flicker,0,SCENARIO_CONTROLLER,7.0,0.06,0.0608,7.5,0.582454,0.851966,1.462719,0.2176,0.0,60.0,59.8241,14.69,0.811965,0.003057,0.001484,0.000982,0.000766,0.000635,0.000577,0.00051,0.00043,0.000486,0.000293,0.003765,0.001828,0.001209,0.000943,0.000711,0.00053,0.000361,1.5e-05,60.09,7.69,0.0282,6.6e-05,60.0
flk_05_21,FLK_0005_3p_fm7hz_m06_cond05,flk_sim_05,5,ABC,C,train,Flicker,0,SCENARIO_CONTROLLER,7.0,0.06,0.06,7.5,0.576286,0.841639,1.460452,0.1808,0.0,60.0,59.8595,14.6,0.802426,0.002534,0.001235,0.000784,0.000663,0.000489,0.000372,0.000269,0.000391,0.000271,0.000344,0.003158,0.001539,0.000977,0.000826,0.000464,0.000487,0.000429,1e-05,60.08,6.4,0.0294,4.1e-05,60.0
flk_05_22,FLK_0005_3p_fm7hz_m06_cond05,flk_sim_05,5,ABC,B,train,Flicker,0,SCENARIO_CONTROLLER,7.0,0.06,0.0549,7.5,0.58589,0.855698,1.46051,0.1057,0.0,60.0,59.905,15.12,0.816698,0.001852,0.000781,0.000406,0.000332,0.000281,0.000155,0.000214,0.000109,0.000257,0.000128,0.002268,0.000956,0.000497,0.000407,0.00019,0.000133,0.000157,5e-06,60.05,4.75,0.0272,1.6e-05,60.0
flk_05_23,FLK_0005_3p_fm7hz_m06_cond05,flk_sim_05,5,ABC,B,train,Flicker,0,SCENARIO_CONTROLLER,7.0,0.06,0.0452,7.0,0.586479,0.855698,1.459044,0.1269,0.0,60.0,59.905,15.12,0.817535,0.002083,0.00087,0.000653,0.000458,0.000315,0.00033,0.000318,0.000187,0.000217,0.00022,0.002548,0.001064,0.000799,0.00056,0.000404,0.000229,0.000269,6e-06,60.07,5.47,0.0272,2.7e-05,60.0
flk_05_24,FLK_0005_3p_fm7hz_m06_cond05,flk_sim_05,5,ABC,B,train,Flicker,0,SCENARIO_CONTROLLER,7.0,0.06,0.0423,7.0,0.587436,0.855698,1.456666,0.0748,0.0,60.0,59.905,15.16,0.818869,0.001307,0.000534,0.000297,0.000276,0.000126,0.000118,0.000126,0.000208,0.000251,0.000153,0.001596,0.000652,0.000363,0.000337,0.000144,0.000254,0.000187,2e-06,60.05,4.34,0.0267,1.2e-05,60.0
flk_05_25,FLK_0005_3p_fm7hz_m06_cond05,flk_sim_05,5,ABC,B,train,Flicker,0,SCENARIO_CONTROLLER,7.0,0.06,0.0424,7.0,0.587644,0.855698,1.456151,0.0835,0.0,60.0,60.0354,15.32,0.819167,0.001254,0.000624,0.000373,0.000234,0.000247,0.000154,0.000139,0.000152,7.4e-05,0.000125,0.001531,0.000762,0.000455,0.000286,0.000188,0.000186,0.000153,2e-06,60.05,4.29,0.0267,1.1e-05,60.0
flk_05_26,FLK_0005_3p_fm7hz_m06_cond05,flk_sim_05,5,ABC,B,train,Flicker,0,SCENARIO_CONTROLLER,7.0,0.06,0.0431,6.5,0.588232,0.855698,1.454694,0.0518,0.0,60.0,60.0354,15.32,0.82001,0.000987,0.000404,0.000163,0.000108,0.000159,7.5e-05,6.7e-05,5.2e-05,0.00015,8e-05,0.001204,0.000493,0.000199,0.000132,9.1e-05,6.3e-05,9.8e-05,1e-06,60.05,3.86,0.0266,7e-06,60.0
flk_05_27,FLK_0005_3p_fm7hz_m06_cond05,flk_sim_05,5,ABC,C,train,Flicker,0,SCENARIO_CONTROLLER,7.0,0.06,0.0429,6.5,0.579578,0.841639,1.452158,0.1205,0.0,60.0,60.116,14.77,0.807102,0.001855,0.000812,0.000481,0.000507,0.000271,0.000173,0.000179,0.000169,0.000259,0.000148,0.002298,0.001006,0.000596,0.000628,0.000214,0.000209,0.000183,5e-06,60.06,4.83,0.0287,1.9e-05,60.0
flk_05_28,FLK_0005_3p_fm7hz_m06_cond05,flk_sim_05,5,ABC,B,train,Flicker,0,SCENARIO_CONTROLLER,7.0,0.06,0.0444,6.5,0.589251,0.855698,1.45218,0.1231,0.0,60.0,60.1543,14.89,0.821554,0.001945,0.00091,0.000468,0.0004,0.000339,0.000186,0.000153,0.000109,0.000195,0.000177,0.002367,0.001108,0.00057,0.000487,0.000226,0.000133,0.000215,5e-06,60.05,4.83,0.0273,1.8e-05,60.0
flk_05_29,FLK_0005_3p_fm7hz_m06_cond05,flk_sim_05,5,ABC,A,train,Flicker,0,SCENARIO_CONTROLLER,7.0,0.06,0.0465,6.5,0.587148,0.851966,1.451024,0.1157,0.0,60.0,60.1903,14.66,0.818687,0.002097,0.0008,0.000505,0.000448,0.00034,0.000239,0.000217,0.000197,0.000174,0.000202,0.002561,0.000977,0.000617,0.000547,0.000292,0.000241,0.000247,6e-06,60.04,4.46,0.0276,1.4e-05,60.0
flk_05_30,FLK_0005_3p_fm7hz_m06_cond05,flk_sim_05,5,ABC,C,train,Flicker,0,SCENARIO_CONTROLLER,7.0,0.06,0.0505,6.5,0.580835,0.841639,1.449016,0.1244,0.0,60.0,60.2297,14.11,0.809057,0.002424,0.000896,0.000524,0.000434,0.000332,0.000151,0.000106,8.4e-05,0.00011,7.6e-05,0.002996,0.001107,0.000648,0.000536,0.000187,0.000104,9.4e-05,7e-06,60.03,4.24,0.0297,1.2e-05,60.0
flk_05_31,FLK_0005_3p_fm7hz_m06_cond05,flk_sim_05,5,ABC,B,train,Flicker,0,SCENARIO_CONTROLLER,7.0,0.06,0.0526,6.5,0.590156,0.855698,1.449951,0.129,0.0,60.0,60.2513,14.2,0.82302,0.002641,0.001002,0.000531,0.000336,0.000201,9.6e-05,0.000152,9.5e-05,0.000212,4.6e-05,0.003209,0.001217,0.000645,0.000408,0.000117,0.000115,5.6e-05,9e-06,60.02,4.25,0.0282,1.1e-05,60.0
flk_05_32,FLK_0005_3p_fm7hz_m06_cond05,flk_sim_05,5,ABC,A,train,Flicker,0,SCENARIO_CONTROLLER,7.0,0.06,0.0577,6.5,0.5877,0.851966,1.449661,0.1434,0.0,60.0,60.2768,13.98,0.81965,0.00293,0.001043,0.000616,0.000457,0.000213,0.000292,0.000139,0.000164,9.8e-05,0.000127,0.003575,0.001272,0.000752,0.000558,0.000356,0.0002,0.000155,1e-05,60.02,4.53,0.0285,1.5e-05,60.0
flk_06_01,FLK_0006_3p_fm15hz_m035_cond06,flk_sim_06,6,ABC,B,test,Flicker,0,SCENARIO_CONTROLLER,15.0,0.035,0.0378,15.5,0.570925,0.833556,1.460009,0.0161,0.0,60.0,59.9318,20.03,0.803248,4.9e-05,0.000104,6.7e-05,6.4e-05,7.2e-05,4.1e-05,2.4e-05,0.000154,5.7e-05,0.000113,6.1e-05,0.000129,8.3e-05,8e-05,5.1e-05,0.000192,0.000141,0.0,60.08,3.93,0.0102,4e-06,60.0
flk_06_02,FLK_0006_3p_fm15hz_m035_cond06,flk_sim_06,6,ABC,B,test,Flicker,0,SCENARIO_CONTROLLER,15.0,0.035,0.0378,15.5,0.570936,0.833556,1.459981,0.016,0.0,60.0,59.9152,20.13,0.803262,6.9e-05,0.000112,4.7e-05,4.9e-05,6.2e-05,3.8e-05,2.2e-05,0.000154,5.2e-05,0.000115,8.6e-05,0.000139,5.9e-05,6.1e-05,4.7e-05,0.000192,0.000143,0.0,60.08,3.92,0.0102,4e-06,60.0
flk_06_03,FLK_0006_3p_fm15hz_m035_cond06,flk_sim_06,6,ABC,B,test,Flicker,0,SCENARIO_CONTROLLER,15.0,0.035,0.0377,15.5,0.570939,0.833556,1.459974,0.0146,0.0,60.0,59.9152,20.08,0.803266,6.6e-05,0.000102,5.1e-05,3.5e-05,5.3e-05,4.5e-05,2.3e-05,0.00015,4.6e-05,0.00012,8.2e-05,0.000127,6.3e-05,4.4e-05,5.6e-05,0.000187,0.000149,0.0,60.08,3.89,0.0102,4e-06,60.0
flk_06_04,FLK_0006_3p_fm15hz_m035_cond06,flk_sim_06,6,ABC,B,test,Flicker,0,SCENARIO_CONTROLLER,15.0,0.035,0.0378,15.0,0.570917,0.833556,1.46003,0.0132,0.0,60.0,59.9152,20.09,0.803235,9.2e-05,8.1e-05,5.4e-05,3.3e-05,4.8e-05,5.9e-05,1.8e-05,0.000139,4.4e-05,0.000125,0.000115,0.000101,6.7e-05,4.1e-05,7.3e-05,0.000173,0.000156,0.0,60.08,3.88,0.0102,4e-06,60.0
flk_06_05,FLK_0006_3p_fm15hz_m035_cond06,flk_sim_06,6,ABC,B,test,Flicker,0,SCENARIO_CONTROLLER,15.0,0.035,0.0378,15.0,0.570912,0.833556,1.460042,0.0137,0.0,60.0,59.9473,19.98,0.803227,0.000102,9.3e-05,5.7e-05,2.4e-05,4.5e-05,5.3e-05,1.7e-05,0.000144,5.5e-05,0.000135,0.000127,0.000116,7.1e-05,3e-05,6.6e-05,0.000179,0.000168,0.0,60.08,3.87,0.0102,4e-06,60.0
flk_06_06,FLK_0006_3p_fm15hz_m035_cond06,flk_sim_06,6,ABC,B,test,Flicker,0,SCENARIO_CONTROLLER,15.0,0.035,0.0378,15.0,0.570914,0.833556,1.460038,0.0144,0.0,60.0,59.9473,19.91,0.80323,0.000102,9.9e-05,6e-05,3.8e-05,2.9e-05,4.7e-05,2.4e-05,0.000151,6.6e-05,0.000111,0.000127,0.000123,7.5e-05,4.7e-05,5.9e-05,0.000188,0.000138,0.0,60.08,3.88,0.0102,4e-06,60.0
flk_06_07,FLK_0006_3p_fm15hz_m035_cond06,flk_sim_06,6,ABC,B,test,Flicker,0,SCENARIO_CONTROLLER,15.0,0.035,0.0378,15.0,0.570913,0.833556,1.46004,0.0134,0.0,60.0,59.9473,19.85,0.80323,0.000109,9.5e-05,4.6e-05,2.5e-05,3.1e-05,4.3e-05,2.6e-05,0.000155,5.9e-05,0.000123,0.000136,0.000118,5.7e-05,3.1e-05,5.4e-05,0.000193,0.000153,0.0,60.08,3.9,0.0102,4e-06,60.0
flk_06_08,FLK_0006_3p_fm15hz_m035_cond06,flk_sim_06,6,ABC,B,test,Flicker,0,SCENARIO_CONTROLLER,15.0,0.035,0.0378,15.0,0.570911,0.833556,1.460045,0.0136,0.0,60.0,60.0089,19.84,0.803229,0.000108,8.9e-05,4.8e-05,3.3e-05,2.9e-05,5.4e-05,1.9e-05,0.000159,6e-05,0.000118,0.000134,0.000111,6e-05,4.1e-05,6.7e-05,0.000198,0.000147,0.0,60.08,3.9,0.0102,4e-06,60.0
flk_06_09,FLK_0006_3p_fm15hz_m035_cond06,flk_sim_06,6,ABC,B,test,Flicker,0,SCENARIO_CONTROLLER,15.0,0.035,0.0377,15.0,0.570909,0.833556,1.460051,0.0134,0.0,60.0,60.0089,19.84,0.803225,0.000118,8.5e-05,6.7e-05,4.2e-05,3.3e-05,5.2e-05,9e-06,0.000151,4.6e-05,0.000118,0.000147,0.000106,8.3e-05,5.2e-05,6.5e-05,0.000188,0.000147,0.0,60.08,3.89,0.0102,4e-06,60.0
flk_06_10,FLK_0006_3p_fm15hz_m035_cond06,flk_sim_06,6,ABC,B,test,Flicker,0,SCENARIO_CONTROLLER,15.0,0.035,0.0377,15.0,0.570915,0.833556,1.460034,0.0143,0.0,60.0,60.0885,19.72,0.803235,0.000104,0.000103,8.7e-05,4e-05,1.6e-05,3.4e-05,3.5e-05,0.000153,2.5e-05,0.000105,0.000129,0.000128,0.000108,5e-05,4.2e-05,0.00019,0.000131,0.0,60.08,3.91,0.0102,4e-06,60.0
flk_06_11,FLK_0006_3p_fm15hz_m035_cond06,flk_sim_06,6,ABC,B,test,Flicker,0,SCENARIO_CONTROLLER,15.0,0.035,0.0377,15.0,0.570916,0.833556,1.460033,0.014,0.0,60.0,60.0742,20.0,0.803236,0.000104,9.7e-05,8.3e-05,4.2e-05,1.6e-05,3.8e-05,3.9e-05,0.000158,3.3e-05,0.000113,0.000129,0.000121,0.000103,5.2e-05,4.7e-05,0.000197,0.000141,0.0,60.08,3.9,0.0102,4e-06,60.0
flk_06_12,FLK_0006_3p_fm15hz_m035_cond06,flk_sim_06,6,ABC,B,test,Flicker,0,SCENARIO_CONTROLLER,15.0,0.035,0.0377,15.0,0.57093,0.833556,1.459997,0.0167,0.0,60.0,60.0742,20.02,0.803257,0.000114,0.000107,7.8e-05,5.9e-05,3.5e-05,5.6e-05,4.8e-05,0.000148,4.4e-05,0.000112,0.000142,0.000133,9.7e-05,7.3e-05,7e-05,0.000184,0.000139,0.0,60.08,3.9,0.0102,4e-06,60.0
flk_06_13,FLK_0006_3p_fm15hz_m035_cond06,flk_sim_06,6,ABC,B,test,Flicker,0,SCENARIO_CONTROLLER,15.0,0.035,0.0376,15.0,0.570938,0.833556,1.459977,0.0161,0.0,60.0,60.0946,20.08,0.80327,0.000133,0.000113,6.7e-05,3.6e-05,1.4e-05,5.2e-05,6.5e-05,0.000145,4.8e-05,0.000106,0.000166,0.000141,8.3e-05,4.5e-05,6.5e-05,0.000181,0.000132,0.0,60.08,3.89,0.0102,4e-06,60.0
flk_06_14,FLK_0006_3p_fm15hz_m035_cond06,flk_sim_06,6,ABC,B,test,Flicker,0,SCENARIO_CONTROLLER,15.0,0.035,0.0376,15.0,0.570946,0.833556,1.459955,0.0143,0.0,60.0,60.0946,20.09,0.803282,0.000145,9.5e-05,7.9e-05,5e-05,1.1e-05,4.2e-05,7.5e-05,0.000138,7e-05,9.2e-05,0.000181,0.000118,9.8e-05,6.2e-05,5.2e-05,0.000172,0.000115,0.0,60.08,3.89,0.0102,4e-06,60.0
flk_06_15,FLK_0006_3p_fm15hz_m035_cond06,flk_sim_06,6,ABC,B,test,Flicker,0,SCENARIO_CONTROLLER,15.0,0.035,0.0377,15.0,0.570959,0.833556,1.459922,0.0149,0.0,60.0,60.0946,20.08,0.803301,0.000132,0.000105,8.7e-05,5.1e-05,1.9e-05,2.5e-05,9e-05,0.00015,7.9e-05,8.3e-05,0.000164,0.000131,0.000108,6.3e-05,3.1e-05,0.000187,0.000103,0.0,60.08,3.91,0.0102,4e-06,60.0
flk_06_16,FLK_0006_3p_fm15hz_m035_cond06,flk_sim_06,6,ABC,B,test,Flicker,0,SCENARIO_CONTROLLER,15.0,0.035,0.0377,15.0,0.570958,0.833556,1.459926,0.015,0.0,60.0,60.0476,20.0,0.803298,0.000136,0.000102,9e-05,4.9e-05,3.1e-05,4.1e-05,7.1e-05,0.00013,6.5e-05,7.5e-05,0.000169,0.000127,0.000112,6.1e-05,5.1e-05,0.000162,9.3e-05,0.0,60.08,3.88,0.0102,4e-06,60.0
flk_06_17,FLK_0006_3p_fm15hz_m035_cond06,flk_sim_06,6,ABC,B,test,Flicker,0,SCENARIO_CONTROLLER,15.0,0.035,0.0377,15.0,0.570957,0.833556,1.459928,0.0154,0.0,60.0,60.0476,19.94,0.803297,0.000135,0.000107,8.6e-05,4.9e-05,2.7e-05,3.7e-05,6.3e-05,0.000126,6.5e-05,7.3e-05,0.000168,0.000133,0.000107,6.1e-05,4.6e-05,0.000157,9.1e-05,0.0,60.08,3.88,0.0102,4e-06,60.0
flk_06_18,FLK_0006_3p_fm15hz_m035_cond06,flk_sim_06,6,ABC,B,test,Flicker,0,SCENARIO_CONTROLLER,15.0,0.035,0.0377,15.0,0.570967,0.833556,1.459902,0.0181,0.0,60.0,60.0476,19.88,0.80331,0.000154,0.000128,6.6e-05,6.6e-05,3.1e-05,2e-05,4.8e-05,0.000134,5.8e-05,7.3e-05,0.000192,0.000159,8.2e-05,8.2e-05,2.5e-05,0.000167,9.1e-05,0.0,60.08,3.93,0.0102,4e-06,60.0
flk_06_19,FLK_0006_3p_fm15hz_m035_cond06,flk_sim_06,6,ABC,B,test,Flicker,0,SCENARIO_CONTROLLER,15.0,0.035,0.0377,15.0,0.570968,0.833556,1.459898,0.0187,0.0,60.0,59.9812,19.83,0.803313,0.00016,0.000137,6.2e-05,6e-05,3.3e-05,1.7e-05,4.7e-05,0.000141,5.5e-05,6.7e-05,0.000199,0.000171,7.7e-05,7.5e-05,2.1e-05,0.000176,8.3e-05,0.0,60.08,3.92,0.0102,4e-06,60.0
flk_06_20,FLK_0006_3p_fm15hz_m035_cond06,flk_sim_06,6,ABC,B,test,Flicker,0,SCENARIO_CONTROLLER,15.0,0.035,0.0377,15.0,0.570968,0.833556,1.4599,0.0185,0.0,60.0,59.9812,19.84,0.803312,0.000155,0.000134,5.6e-05,5.7e-05,2.9e-05,2.6e-05,3.2e-05,0.000162,7.3e-05,5.4e-05,0.000193,0.000167,7e-05,7.1e-05,3.2e-05,0.000202,6.7e-05,0.0,60.08,3.92,0.0102,4e-06,60.0
flk_06_21,FLK_0006_3p_fm15hz_m035_cond06,flk_sim_06,6,ABC,B,test,Flicker,0,SCENARIO_CONTROLLER,15.0,0.035,0.0377,15.0,0.570953,0.833556,1.459939,0.0156,0.0,60.0,59.9812,19.89,0.803293,0.00018,0.000109,3e-05,4.6e-05,2.3e-05,4e-05,3.9e-05,0.000156,7.7e-05,6.2e-05,0.000224,0.000136,3.7e-05,5.7e-05,5e-05,0.000194,7.7e-05,0.0,60.08,3.92,0.0102,4e-06,60.0
flk_06_22,FLK_0006_3p_fm15hz_m035_cond06,flk_sim_06,6,ABC,B,test,Flicker,0,SCENARIO_CONTROLLER,15.0,0.035,0.0377,15.0,0.57096,0.833556,1.45992,0.0155,0.0,60.0,59.9303,20.0,0.803304,0.000162,0.000108,2.2e-05,5.7e-05,1e-06,2.4e-05,2.4e-05,0.000148,6.6e-05,7.4e-05,0.000202,0.000134,2.7e-05,7.1e-05,3e-05,0.000184,9.2e-05,0.0,60.08,3.89,0.0102,4e-06,60.0
flk_06_23,FLK_0006_3p_fm15hz_m035_cond06,flk_sim_06,6,ABC,B,test,Flicker,0,SCENARIO_CONTROLLER,15.0,0.035,0.0378,15.5,0.570942,0.830904,1.45532,0.0168,0.0,60.0,59.9303,20.01,0.80328,0.000151,0.000112,1.6e-05,6.7e-05,1.6e-05,3.3e-05,3.2e-05,0.000156,6.1e-05,7.5e-05,0.000188,0.000139,2e-05,8.3e-05,4.1e-05,0.000194,9.3e-05,0.0,60.08,3.9,0.0102,4e-06,60.0
flk_06_24,FLK_0006_3p_fm15hz_m035_cond06,flk_sim_06,6,ABC,B,test,Flicker,0,SCENARIO_CONTROLLER,15.0,0.035,0.0378,15.5,0.570952,0.830904,1.455295,0.0179,0.0,60.0,59.9303,20.13,0.803292,0.000169,0.000119,1.4e-05,6.9e-05,2.5e-05,4.1e-05,2.1e-05,0.000152,6e-05,7.6e-05,0.00021,0.000148,1.7e-05,8.6e-05,5.1e-05,0.000189,9.5e-05,0.0,60.08,3.93,0.0102,4e-06,60.0
flk_06_25,FLK_0006_3p_fm15hz_m035_cond06,flk_sim_06,6,ABC,B,test,Flicker,0,SCENARIO_CONTROLLER,15.0,0.035,0.0378,15.5,0.570954,0.830904,1.455291,0.0183,0.0,60.0,59.9181,20.11,0.803295,0.000171,0.000119,2e-05,6.9e-05,8e-06,5.2e-05,2.3e-05,0.00014,4.6e-05,9e-05,0.000213,0.000148,2.5e-05,8.6e-05,6.5e-05,0.000174,0.000112,0.0,60.08,3.95,0.0102,4e-06,60.0
flk_06_26,FLK_0006_3p_fm15hz_m035_cond06,flk_sim_06,6,ABC,B,test,Flicker,0,SCENARIO_CONTROLLER,15.0,0.035,0.0378,15.0,0.570949,0.830904,1.455301,0.0154,0.0,60.0,59.9181,20.11,0.803289,0.000183,0.000106,3.7e-05,5e-05,2.5e-05,3.9e-05,3.4e-05,0.00015,5.4e-05,9.7e-05,0.000228,0.000132,4.6e-05,6.2e-05,4.9e-05,0.000187,0.000121,0.0,60.08,3.95,0.0102,5e-06,60.0
flk_06_27,FLK_0006_3p_fm15hz_m035_cond06,flk_sim_06,6,ABC,B,test,Flicker,0,SCENARIO_CONTROLLER,15.0,0.035,0.0377,15.0,0.570949,0.830904,1.455303,0.0155,0.0,60.0,59.9468,20.03,0.803288,0.000185,0.000108,3.8e-05,4.6e-05,2.7e-05,4.4e-05,3e-05,0.000148,5e-05,8.9e-05,0.00023,0.000134,4.7e-05,5.7e-05,5.5e-05,0.000184,0.000111,0.0,60.08,3.95,0.0102,4e-06,60.0
flk_06_28,FLK_0006_3p_fm15hz_m035_cond06,flk_sim_06,6,ABC,B,test,Flicker,0,SCENARIO_CONTROLLER,15.0,0.035,0.0377,15.0,0.57094,0.830904,1.455326,0.0157,0.0,60.0,59.9468,19.92,0.803276,0.000199,0.000116,4e-05,2.9e-05,2.3e-05,4.1e-05,5.6e-05,0.000158,1.8e-05,0.000104,0.000248,0.000144,5e-05,3.6e-05,5.1e-05,0.000197,0.000129,0.0,60.08,3.96,0.0102,4e-06,60.0
flk_06_29,FLK_0006_3p_fm15hz_m035_cond06,flk_sim_06,6,ABC,B,test,Flicker,0,SCENARIO_CONTROLLER,15.0,0.035,0.0377,15.0,0.570945,0.830904,1.455312,0.0144,0.0,60.0,59.9468,19.89,0.803283,0.000193,0.000105,4.4e-05,3e-05,1.3e-05,3.7e-05,4.6e-05,0.000166,2.7e-05,0.00012,0.00024,0.000131,5.5e-05,3.7e-05,4.6e-05,0.000207,0.000149,0.0,60.08,3.96,0.0102,4e-06,60.0
flk_06_30,FLK_0006_3p_fm15hz_m035_cond06,flk_sim_06,6,ABC,B,test,Flicker,0,SCENARIO_CONTROLLER,15.0,0.035,0.0377,15.0,0.570942,0.830904,1.455322,0.0153,0.0,60.0,60.0105,19.83,0.803274,0.000177,0.000112,5.9e-05,2.8e-05,9e-06,4.4e-05,4.9e-05,0.000166,2.8e-05,0.000116,0.00022,0.000139,7.3e-05,3.5e-05,5.5e-05,0.000207,0.000144,0.0,60.08,3.95,0.0102,4e-06,60.0
flk_06_31,FLK_0006_3p_fm15hz_m035_cond06,flk_sim_06,6,ABC,B,test,Flicker,0,SCENARIO_CONTROLLER,15.0,0.035,0.0376,15.0,0.570943,0.830904,1.455319,0.0153,0.0,60.0,60.0105,19.85,0.803277,0.00016,0.000117,7.2e-05,2e-05,3.8e-05,3.1e-05,4.6e-05,0.000161,3e-05,0.000127,0.000199,0.000146,9e-05,2.5e-05,3.9e-05,0.0002,0.000158,0.0,60.08,3.96,0.0102,4e-06,60.0
flk_06_32,FLK_0006_3p_fm15hz_m035_cond06,flk_sim_06,6,ABC,A,test,Flicker,0,SCENARIO_CONTROLLER,15.0,0.035,0.0376,15.0,0.568704,0.82973,1.458983,0.0111,0.0,60.0,60.0324,19.9,0.80014,0.000101,2.2e-05,5.3e-05,6.4e-05,0.000156,5.7e-05,8.1e-05,4.7e-05,8.3e-05,0.000186,0.000126,2.7e-05,6.6e-05,8e-05,7.1e-05,5.9e-05,0.000232,0.0,60.07,3.87,0.0102,4e-06,60.0
flk_07_01,FLK_0007_3p_fm8p8hz_m065_cond07,flk_sim_07,7,ABC,B,train,Flicker,0,SCENARIO_CONTROLLER,8.8,0.065,0.0524,9.0,0.5637,0.830464,1.473236,0.1365,12.0,60.0,59.8357,14.86,0.784616,0.002035,0.000856,0.000678,0.00051,0.000359,0.000392,0.000405,0.000219,0.000216,0.000121,0.002594,0.001091,0.000864,0.00065,0.0005,0.000279,0.000154,6e-06,60.12,6.09,0.0289,3.4e-05,60.0
flk_07_02,FLK_0007_3p_fm8p8hz_m065_cond07,flk_sim_07,7,ABC,B,train,Flicker,0,SCENARIO_CONTROLLER,8.8,0.065,0.0512,9.0,0.564056,0.830464,1.472307,0.0936,12.0,60.0,59.9928,15.08,0.785568,0.001219,0.000677,0.000288,0.000268,0.000161,0.000103,0.000105,0.0002,0.000109,5.2e-05,0.001552,0.000862,0.000367,0.000341,0.000131,0.000255,6.6e-05,2e-06,60.1,4.22,0.0278,1e-05,60.0
flk_07_03,FLK_0007_3p_fm8p8hz_m065_cond07,flk_sim_07,7,ABC,B,train,Flicker,0,SCENARIO_CONTROLLER,8.8,0.065,0.0511,9.0,0.564248,0.830464,1.471806,0.0828,11.6,60.0,59.9928,15.07,0.785852,0.001203,0.000591,0.000275,0.00019,0.000166,0.000193,9.6e-05,0.000144,8.8e-05,0.000235,0.001531,0.000752,0.00035,0.000242,0.000246,0.000183,0.000299,2e-06,60.1,4.34,0.0277,1e-05,60.0
flk_07_04,FLK_0007_3p_fm8p8hz_m065_cond07,flk_sim_07,7,ABC,B,train,Flicker,0,SCENARIO_CONTROLLER,8.8,0.065,0.0515,9.0,0.56468,0.830464,1.47068,0.0365,9.8,60.0,59.9928,15.09,0.786501,0.001033,0.000204,0.000226,0.000137,0.00017,0.000149,3.7e-05,6e-06,0.000138,8.5e-05,0.001313,0.000259,0.000287,0.000174,0.000189,8e-06,0.000108,1e-06,60.09,3.97,0.0276,7e-06,60.0
flk_07_05,FLK_0007_3p_fm8p8hz_m065_cond07,flk_sim_07,7,ABC,C,train,Flicker,0,SCENARIO_CONTROLLER,8.8,0.065,0.0517,9.0,0.555788,0.81315,1.46306,0.0878,20.2,60.0,60.11,14.74,0.772976,0.001426,0.000593,0.000353,0.000238,0.000238,0.000229,0.000154,5.5e-05,0.000178,5.9e-05,0.001845,0.000767,0.000457,0.000308,0.000296,7.1e-05,7.6e-05,3e-06,60.1,4.26,0.0299,1.1e-05,60.0
flk_07_06,FLK_0007_3p_fm8p8hz_m065_cond07,flk_sim_07,7,ABC,B,train,Flicker,0,SCENARIO_CONTROLLER,8.8,0.065,0.0516,9.0,0.566231,0.830464,1.466651,0.0946,8.2,60.0,60.1586,14.99,0.788149,0.001512,0.00072,0.000348,0.000176,0.000192,8e-05,0.000158,3.6e-05,1.5e-05,0.000125,0.001918,0.000914,0.000442,0.000223,0.000102,4.6e-05,0.000159,3e-06,60.08,4.13,0.0289,9e-06,60.0
flk_07_07,FLK_0007_3p_fm8p8hz_m065_cond07,flk_sim_07,7,ABC,C,train,Flicker,0,SCENARIO_CONTROLLER,8.8,0.065,0.0513,9.0,0.556236,0.81315,1.461881,0.2519,17.4,60.0,60.2649,14.35,0.772653,0.003161,0.001625,0.001131,0.000816,0.000714,0.000695,0.000526,0.000499,0.000539,0.000413,0.004091,0.002103,0.001464,0.001056,0.000899,0.000646,0.000535,1.7e-05,60.17,8.77,0.0322,8.7e-05,60.0
flk_07_08,FLK_0007_3p_fm8p8hz_m065_cond07,flk_sim_07,7,ABC,C,train,Flicker,0,SCENARIO_CONTROLLER,8.8,0.065,0.0518,8.5,0.557686,0.81315,1.458079,0.1124,14.8,60.0,60.2649,14.44,0.774568,0.002094,0.000797,0.000368,0.000273,0.000126,0.000219,0.000111,3.2e-05,0.000141,5.2e-05,0.002703,0.001029,0.000475,0.000352,0.000283,4.1e-05,6.7e-05,5e-06,60.07,4.25,0.0323,1.1e-05,60.0
flk_07_09,FLK_0007_3p_fm8p8hz_m065_cond07,flk_sim_07,7,ABC,B,train,Flicker,0,SCENARIO_CONTROLLER,8.8,0.065,0.051,8.5,0.567694,0.830464,1.462871,0.1585,5.6,60.0,60.3005,14.6,0.789044,0.002427,0.001153,0.000523,0.000419,0.000291,0.000242,0.000158,0.000146,0.000246,0.000115,0.003076,0.001461,0.000663,0.000531,0.000307,0.000185,0.000146,8e-06,60.08,5.29,0.0313,2.2e-05,60.0
flk_07_10,FLK_0007_3p_fm8p8hz_m065_cond07,flk_sim_07,7,ABC,C,train,Flicker,0,SCENARIO_CONTROLLER,8.8,0.065,0.0523,8.0,0.557871,0.81315,1.457595,0.2973,13.2,60.0,60.3671,14.02,0.773677,0.003608,0.001898,0.00129,0.001024,0.000746,0.0008,0.000561,0.000432,0.000506,0.000396,0.004663,0.002453,0.001667,0.001324,0.001034,0.000558,0.000512,2.1e-05,60.16,9.35,0.0347,0.000104,60.0
flk_07_11,FLK_0007_3p_fm8p8hz_m065_cond07,flk_sim_07,7,ABC,B,train,Flicker,0,SCENARIO_CONTROLLER,8.8,0.065,0.0534,8.0,0.567811,0.830464,1.46257,0.2689,5.6,60.0,60.3685,14.29,0.788304,0.003482,0.001826,0.001192,0.000899,0.000646,0.000592,0.000507,0.000486,0.000331,0.000361,0.004417,0.002316,0.001512,0.00114,0.000751,0.000617,0.000458,1.9e-05,60.13,8.34,0.0332,7.6e-05,60.0
flk_07_12,FLK_0007_3p_fm8p8hz_m065_cond07,flk_sim_07,7,ABC,A,train,Flicker,0,SCENARIO_CONTROLLER,8.8,0.065,0.0542,8.0,0.56564,0.824947,1.458431,0.2339,7.4,60.0,60.3742,14.28,0.785201,0.003378,0.001551,0.000984,0.000748,0.000636,0.000639,0.000609,0.000324,0.000392,0.000266,0.004302,0.001975,0.001253,0.000953,0.000814,0.000413,0.000339,1.7e-05,60.11,7.34,0.0333,5.7e-05,60.0
flk_07_13,FLK_0007_3p_fm8p8hz_m065_cond07,flk_sim_07,7,ABC,C,train,Flicker,0,SCENARIO_CONTROLLER,8.8,0.065,0.0572,8.0,0.558377,0.81315,1.456275,0.2205,13.0,60.0,60.3838,13.99,0.774093,0.003225,0.001507,0.000839,0.000728,0.000552,0.000334,0.000429,0.000431,0.000226,0.0003,0.004166,0.001947,0.001084,0.00094,0.000431,0.000557,0.000388,1.5e-05,60.09,6.77,0.0352,4.5e-05,60.0
flk_07_14,FLK_0007_3p_fm8p8hz_m065_cond07,flk_sim_07,7,ABC,B,train,Flicker,0,SCENARIO_CONTROLLER,8.8,0.065,0.0622,8.5,0.567643,0.830464,1.463004,0.1811,5.6,60.0,60.3515,14.39,0.788181,0.002746,0.001291,0.000577,0.000507,0.000473,0.000336,0.000341,0.000266,0.000212,0.000125,0.003484,0.001638,0.000732,0.000643,0.000426,0.000337,0.000159,1e-05,60.07,5.5,0.0329,2.2e-05,60.0
flk_07_15,FLK_0007_3p_fm8p8hz_m065_cond07,flk_sim_07,7,ABC,A,train,Flicker,0,SCENARIO_CONTROLLER,8.8,0.065,0.0628,8.5,0.564992,0.824947,1.460102,0.1346,8.2,60.0,60.3312,14.47,0.78476,0.002446,0.00097,0.000528,0.00032,0.000345,0.000268,0.000175,0.000115,0.000118,0.000211,0.003117,0.001236,0.000673,0.000408,0.000342,0.000147,0.000269,8e-06,60.06,4.59,0.0324,1.4e-05,60.0
flk_07_16,FLK_0007_3p_fm8p8hz_m065_cond07,flk_sim_07,7,ABC,C,train,Flicker,0,SCENARIO_CONTROLLER,8.8,0.065,0.0676,8.5,0.557207,0.81315,1.459332,0.1327,17.0,60.0,60.3052,14.3,0.773267,0.002257,0.000973,0.00054,0.000315,0.000196,9e-05,0.000161,0.000141,8e-05,5e-05,0.002919,0.001258,0.000698,0.000407,0.000116,0.000182,6.5e-05,7e-06,60.07,4.35,0.0336,1e-05,60.0
flk_07_17,FLK_0007_3p_fm8p8hz_m065_cond07,flk_sim_07,7,ABC,B,train,Flicker,0,SCENARIO_CONTROLLER,8.8,0.065,0.0662,9.0,0.565883,0.830464,1.467554,0.1259,8.0,60.0,60.2578,14.71,0.786696,0.002136,0.000924,0.000496,0.000306,9.6e-05,0.000184,4.9e-05,0.000122,0.00011,0.000108,0.002715,0.001175,0.00063,0.000389,0.000234,0.000155,0.000137,6e-06,60.07,4.3,0.031,1e-05,60.0
flk_07_18,FLK_0007_3p_fm8p8hz_m065_cond07,flk_sim_07,7,ABC,A,train,Flicker,0,SCENARIO_CONTROLLER,8.8,0.065,0.0656,9.0,0.562892,0.824947,1.465549,0.1034,12.0,60.0,60.2132,14.84,0.782924,0.001996,0.000729,0.00045,0.000238,0.000183,0.000259,0.000271,0.000119,0.00013,0.000171,0.002549,0.000931,0.000575,0.000304,0.000331,0.000152,0.000218,5e-06,60.08,4.52,0.0301,1.2e-05,60.0
flk_07_19,FLK_0007_3p_fm8p8hz_m065_cond07,flk_sim_07,7,ABC,C,train,Flicker,0,SCENARIO_CONTROLLER,8.8,0.065,0.0646,9.0,0.5548,0.81315,1.465664,0.118,22.4,60.0,60.1704,14.62,0.771098,0.001883,0.000834,0.000384,0.000356,0.000269,7.6e-05,0.000146,0.00017,0.000223,0.000138,0.002442,0.001082,0.000498,0.000462,9.9e-05,0.00022,0.000179,5e-06,60.09,4.62,0.0311,1.4e-05,60.0
flk_07_20,FLK_0007_3p_fm8p8hz_m065_cond07,flk_sim_07,7,ABC,B,train,Flicker,0,SCENARIO_CONTROLLER,8.8,0.065,0.0581,9.0,0.563299,0.830464,1.474287,0.1263,11.4,60.0,60.1103,15.0,0.784127,0.001623,0.000855,0.000391,0.000416,0.000335,0.000278,0.000223,0.00011,9.9e-05,0.000205,0.00207,0.00109,0.000499,0.000531,0.000355,0.00014,0.000261,4e-06,60.1,4.85,0.0287,1.6e-05,60.0
flk_07_21,FLK_0007_3p_fm8p8hz_m065_cond07,flk_sim_07,7,ABC,C,train,Flicker,0,SCENARIO_CONTROLLER,8.8,0.065,0.051,9.0,0.552945,0.81315,1.47058,0.0453,24.2,60.0,60.0038,14.74,0.769177,0.000979,0.000257,9.3e-05,9.4e-05,0.000114,0.000216,0.000142,6.8e-05,5.6e-05,2e-05,0.001273,0.000334,0.000121,0.000122,0.000281,8.8e-05,2.6e-05,1e-06,60.1,3.94,0.0295,7e-06,60.0
flk_07_22,FLK_0007_3p_fm8p8hz_m065_cond07,flk_sim_07,7,ABC,C,train,Flicker,0,SCENARIO_CONTROLLER,8.8,0.065,0.0504,9.0,0.552431,0.81315,1.471948,0.0837,26.6,60.0,60.0038,14.73,0.768429,0.001114,0.000555,0.000379,0.000226,0.000178,0.000234,0.000203,7.5e-05,0.000155,0.000112,0.00145,0.000722,0.000493,0.000294,0.000305,9.8e-05,0.000146,2e-06,60.1,4.36,0.0296,1.1e-05,60.0
flk_07_23,FLK_0007_3p_fm8p8hz_m065_cond07,flk_sim_07,7,ABC,B,train,Flicker,0,SCENARIO_CONTROLLER,8.8,0.065,0.0508,9.0,0.561294,0.828553,1.476149,0.0671,11.8,60.0,59.9494,15.02,0.781608,0.001018,0.000474,0.000244,0.000189,0.000155,0.000118,0.000134,7.5e-05,5.2e-05,6.6e-05,0.001302,0.000606,0.000312,0.000242,0.000151,9.6e-05,8.4e-05,1e-06,60.09,3.99,0.028,7e-06,60.0
flk_07_24,FLK_0007_3p_fm8p8hz_m065_cond07,flk_sim_07,7,ABC,C,train,Flicker,0,SCENARIO_CONTROLLER,8.8,0.065,0.0516,9.0,0.551855,0.81315,1.473486,0.1184,26.8,60.0,59.8459,14.57,0.767209,0.001779,0.00075,0.000642,0.000383,0.000351,0.00034,0.000155,0.0002,0.000283,0.000147,0.002319,0.000978,0.000837,0.000499,0.000443,0.000261,0.000192,5e-06,60.11,5.47,0.0306,2.5e-05,60.0
flk_07_25,FLK_0007_3p_fm8p8hz_m065_cond07,flk_sim_07,7,ABC,C,train,Flicker,0,SCENARIO_CONTROLLER,8.8,0.065,0.052,9.0,0.551424,0.81315,1.474637,0.0976,26.8,60.0,59.8459,14.58,0.766528,0.001622,0.000639,0.000422,0.00037,0.000287,0.000121,8.2e-05,9.8e-05,0.000154,0.000171,0.002116,0.000834,0.000551,0.000483,0.000158,0.000128,0.000223,4e-06,60.1,4.73,0.0307,1.6e-05,60.0
flk_07_26,FLK_0007_3p_fm8p8hz_m065_cond07,flk_sim_07,7,ABC,C,train,Flicker,0,SCENARIO_CONTROLLER,8.8,0.065,0.0508,9.0,0.552685,0.81315,1.471273,0.2968,26.8,60.0,59.7398,14.37,0.767657,0.003382,0.001879,0.001319,0.001047,0.000855,0.000752,0.000681,0.000572,0.000553,0.000486,0.004406,0.002448,0.001718,0.001364,0.00098,0.000745,0.000633,2e-05,60.2,9.74,0.0323,0.000109,60.0
flk_07_27,FLK_0007_3p_fm8p8hz_m065_cond07,flk_sim_07,7,ABC,C,train,Flicker,0,SCENARIO_CONTROLLER,8.8,0.065,0.052,9.0,0.551265,0.81315,1.475062,0.158,26.8,60.0,59.7242,14.26,0.765083,0.002523,0.000992,0.000626,0.000506,0.000442,0.000469,0.000262,0.000237,0.000248,0.000253,0.003298,0.001297,0.000818,0.000661,0.000613,0.00031,0.000331,9e-06,60.1,5.73,0.0335,3e-05,60.0
flk_07_28,FLK_0007_3p_fm8p8hz_m065_cond07,flk_sim_07,7,ABC,B,train,Flicker,0,SCENARIO_CONTROLLER,8.8,0.065,0.0521,9.0,0.56063,0.828553,1.477897,0.1205,11.8,60.0,59.7052,14.47,0.778669,0.002476,0.000837,0.000517,0.000376,0.000398,0.000196,0.000233,0.000217,0.000195,0.000175,0.00318,0.001075,0.000664,0.000483,0.000252,0.000279,0.000225,8e-06,60.07,4.98,0.0324,1.9e-05,60.0
flk_07_29,FLK_0007_3p_fm8p8hz_m065_cond07,flk_sim_07,7,ABC,A,train,Flicker,0,SCENARIO_CONTROLLER,8.8,0.065,0.0557,9.5,0.558455,0.824298,1.476034,0.1388,15.4,60.0,59.6832,14.39,0.775304,0.002438,0.000967,0.000487,0.000381,0.000316,0.000277,0.000249,0.000156,0.000232,0.0001,0.003145,0.001247,0.000628,0.000491,0.000357,0.000201,0.000129,8e-06,60.06,4.58,0.0331,1.4e-05,60.0
flk_07_30,FLK_0007_3p_fm8p8hz_m065_cond07,flk_sim_07,7,ABC,C,train,Flicker,0,SCENARIO_CONTROLLER,8.8,0.065,0.0614,9.5,0.551322,0.81315,1.474909,0.1257,26.8,60.0,59.6623,14.05,0.76409,0.002607,0.000855,0.000618,0.000347,0.000184,0.000265,0.000207,0.000155,7e-06,8.8e-05,0.003412,0.001119,0.000809,0.000454,0.000347,0.000203,0.000115,8e-06,60.06,4.48,0.0355,1.1e-05,60.0
flk_07_31,FLK_0007_3p_fm8p8hz_m065_cond07,flk_sim_07,7,ABC,B,train,Flicker,0,SCENARIO_CONTROLLER,8.8,0.065,0.0634,9.5,0.561007,0.829522,1.47863,0.1181,11.8,60.0,59.6608,14.31,0.77845,0.002689,0.000829,0.000585,0.00036,0.000271,0.000171,0.00019,0.000171,0.000152,0.000146,0.003454,0.001065,0.000751,0.000462,0.00022,0.00022,0.000188,9e-06,60.05,4.6,0.0338,1.3e-05,60.0
flk_07_32,FLK_0007_3p_fm8p8hz_m065_cond07,flk_sim_07,7,ABC,A,train,Flicker,0,SCENARIO_CONTROLLER,8.8,0.065,0.0621,9.5,0.558998,0.826777,1.479034,0.1577,15.4,60.0,59.6607,14.3,0.775654,0.002811,0.001095,0.000673,0.000435,0.000305,0.000328,0.00019,0.000222,9.3e-05,0.00015,0.003624,0.001412,0.000868,0.000561,0.000423,0.000286,0.000193,1e-05,60.06,5.09,0.0338,1.9e-05,60.0
flk_08_01,FLK_0008_3p_fm11hz_m055_cond08,flk_sim_08,8,ABC,A,train,Flicker,0,SCENARIO_CONTROLLER,11.0,0.055,0.0635,11.0,0.637371,0.936122,1.468724,0.1344,91.2,60.0,59.883,15.38,0.890851,0.002446,0.001058,0.000608,0.000439,0.000376,0.000349,0.000267,0.000314,0.000112,0.000199,0.002746,0.001188,0.000682,0.000493,0.000392,0.000352,0.000223,8e-06,60.09,4.85,0.0225,1.8e-05,60.0
flk_08_02,FLK_0008_3p_fm11hz_m055_cond08,flk_sim_08,8,ABC,C,train,Flicker,0,SCENARIO_CONTROLLER,11.0,0.055,0.0606,11.0,0.631116,0.926721,1.468384,0.0906,55.6,60.0,59.8902,15.13,0.881132,0.002175,0.000688,0.000502,0.000353,0.000224,0.000196,0.000123,0.000204,6.6e-05,0.000102,0.002468,0.000781,0.00057,0.000401,0.000222,0.000232,0.000116,6e-06,60.09,4.45,0.0241,1.2e-05,60.0
flk_08_03,FLK_0008_3p_fm11hz_m055_cond08,flk_sim_08,8,ABC,B,train,Flicker,0,SCENARIO_CONTROLLER,11.0,0.055,0.0541,10.5,0.641147,0.942552,1.470103,0.078,96.8,60.0,59.9157,15.59,0.895714,0.001871,0.000643,0.000352,0.000231,0.000151,0.000147,0.000161,8.4e-05,6.9e-05,0.000108,0.002089,0.000718,0.000393,0.000258,0.000164,9.4e-05,0.000121,4e-06,60.08,3.89,0.0229,9e-06,60.0
flk_08_04,FLK_0008_3p_fm11hz_m055_cond08,flk_sim_08,8,ABC,A,train,Flicker,0,SCENARIO_CONTROLLER,11.0,0.055,0.0494,10.5,0.638977,0.936122,1.465032,0.0739,92.6,60.0,59.9345,15.69,0.892492,0.001607,0.000615,0.000356,0.000177,0.000114,0.000158,7.5e-05,0.000197,0.000172,9.8e-05,0.001801,0.000689,0.000399,0.000198,0.000177,0.000221,0.00011,3e-06,60.09,3.95,0.0231,9e-06,60.0
flk_08_05,FLK_0008_3p_fm11hz_m055_cond08,flk_sim_08,8,ABC,C,train,Flicker,0,SCENARIO_CONTROLLER,11.0,0.055,0.0481,10.5,0.633125,0.926721,1.463726,0.0665,56.0,60.0,59.9528,15.44,0.883276,0.001456,0.000514,0.000289,0.000246,0.000287,0.000141,0.000172,0.000203,0.000177,0.000107,0.001648,0.000582,0.000327,0.000279,0.00016,0.00023,0.000121,3e-06,60.1,4.23,0.0247,1e-05,60.0
flk_08_06,FLK_0008_3p_fm11hz_m055_cond08,flk_sim_08,8,ABC,C,train,Flicker,0,SCENARIO_CONTROLLER,11.0,0.055,0.0468,10.5,0.634406,0.926721,1.46077,0.1039,57.0,60.0,59.9528,15.44,0.884959,0.001714,0.00079,0.00056,0.000369,0.000456,0.000291,0.00027,0.000158,0.000165,0.000195,0.001937,0.000893,0.000633,0.000417,0.000329,0.000179,0.00022,4e-06,60.11,5.08,0.0247,1.9e-05,60.0
flk_08_07,FLK_0008_3p_fm11hz_m055_cond08,flk_sim_08,8,ABC,C,train,Flicker,0,SCENARIO_CONTROLLER,11.0,0.055,0.0465,10.5,0.634671,0.926721,1.46016,0.0543,60.0,60.0,60.0221,15.49,0.885179,0.001082,0.00045,0.000166,0.000165,0.000131,4.2e-05,6.2e-05,0.000116,0.000118,1.8e-05,0.001222,0.000508,0.000188,0.000186,4.7e-05,0.000131,2e-05,1e-06,60.1,3.93,0.0248,7e-06,60.0
flk_08_08,FLK_0008_3p_fm11hz_m055_cond08,flk_sim_08,8,ABC,C,train,Flicker,0,SCENARIO_CONTROLLER,11.0,0.055,0.0483,11.0,0.635296,0.926721,1.458724,0.0629,63.0,60.0,60.0221,15.51,0.886121,0.001278,0.000486,0.000413,0.000252,0.000125,0.000107,9e-05,0.000118,0.000113,8.7e-05,0.001442,0.000548,0.000466,0.000284,0.000121,0.000133,9.8e-05,2e-06,60.1,4.13,0.0248,9e-06,60.0
flk_08_09,FLK_0008_3p_fm11hz_m055_cond08,flk_sim_08,8,ABC,B,train,Flicker,0,SCENARIO_CONTROLLER,11.0,0.055,0.0506,11.0,0.645242,0.942552,1.460771,0.0564,105.8,60.0,60.0405,15.79,0.900979,0.00127,0.000477,0.000234,0.000165,0.000109,6e-05,0.000145,0.000111,0.00015,0.000151,0.00141,0.000529,0.00026,0.000183,6.7e-05,0.000123,0.000168,2e-06,60.09,3.73,0.0232,7e-06,60.0
flk_08_10,FLK_0008_3p_fm11hz_m055_cond08,flk_sim_08,8,ABC,A,train,Flicker,0,SCENARIO_CONTROLLER,11.0,0.055,0.0532,11.0,0.642601,0.936122,1.456771,0.0613,101.6,60.0,60.0596,15.75,0.89749,0.00136,0.000524,0.000265,0.00011,8.8e-05,0.000129,6e-05,0.000245,8.7e-05,9.9e-05,0.001515,0.000584,0.000295,0.000123,0.000144,0.000273,0.00011,2e-06,60.09,3.99,0.0231,9e-06,60.0
flk_08_11,FLK_0008_3p_fm11hz_m055_cond08,flk_sim_08,8,ABC,C,train,Flicker,0,SCENARIO_CONTROLLER,11.0,0.055,0.0567,11.0,0.636148,0.926721,1.45677,0.1043,65.0,60.0,60.0769,15.38,0.887874,0.001865,0.000869,0.00032,0.000281,0.000354,0.000155,0.00025,0.000191,0.000182,0.000148,0.002101,0.000979,0.00036,0.000316,0.000175,0.000215,0.000167,5e-06,60.1,4.5,0.0243,1.3e-05,60.0
flk_08_12,FLK_0008_3p_fm11hz_m055_cond08,flk_sim_08,8,ABC,A,train,Flicker,0,SCENARIO_CONTROLLER,11.0,0.055,0.0591,11.5,0.642477,0.936122,1.457051,0.1642,101.6,60.0,60.1016,15.57,0.897994,0.002667,0.001241,0.000839,0.000698,0.000448,0.000384,0.000428,0.000451,0.000328,0.000323,0.00297,0.001382,0.000934,0.000777,0.000428,0.000502,0.00036,1.1e-05,60.11,6.03,0.0224,3.5e-05,60.0
flk_08_13,FLK_0008_3p_fm11hz_m055_cond08,flk_sim_08,8,ABC,C,train,Flicker,0,SCENARIO_CONTROLLER,11.0,0.055,0.0623,11.5,0.636003,0.926721,1.457102,0.1723,63.0,60.0,60.1121,15.21,0.888337,0.002662,0.001312,0.000774,0.000627,0.000603,0.000478,0.000389,0.00027,0.000263,0.000287,0.002997,0.001477,0.000871,0.000706,0.000538,0.000304,0.000323,1.1e-05,60.11,5.89,0.0236,3.3e-05,60.0
flk_08_14,FLK_0008_3p_fm11hz_m055_cond08,flk_sim_08,8,ABC,B,train,Flicker,0,SCENARIO_CONTROLLER,11.0,0.055,0.059,11.5,0.645585,0.942273,1.459566,0.1372,105.8,60.0,60.1148,15.49,0.902607,0.002503,0.001088,0.000651,0.000469,0.000404,0.000361,0.000165,0.000316,0.00032,0.000281,0.002773,0.001205,0.000721,0.00052,0.0004,0.00035,0.000311,9e-06,60.09,4.86,0.0221,1.9e-05,60.0
flk_08_15,FLK_0008_3p_fm11hz_m055_cond08,flk_sim_08,8,ABC,A,train,Flicker,0,SCENARIO_CONTROLLER,11.0,0.055,0.06,11.5,0.642709,0.936122,1.456525,0.1172,101.6,60.0,60.113,15.52,0.898617,0.002342,0.000955,0.000493,0.000356,0.000276,0.000265,0.000204,8e-06,0.000138,6.5e-05,0.002606,0.001063,0.000549,0.000396,0.000295,9e-06,7.2e-05,7e-06,60.08,4.62,0.022,1.4e-05,60.0
flk_08_16,FLK_0008_3p_fm11hz_m055_cond08,flk_sim_08,8,ABC,C,train,Flicker,0,SCENARIO_CONTROLLER,11.0,0.055,0.0587,11.5,0.636086,0.926015,1.455801,0.1103,61.0,60.0,60.1128,15.22,0.888483,0.002388,0.000888,0.0005,0.000336,0.000127,0.000242,6.5e-05,8.7e-05,1e-05,5.8e-05,0.002688,0.000999,0.000563,0.000378,0.000272,9.8e-05,6.5e-05,7e-06,60.09,4.21,0.0235,1.1e-05,60.0
flk_08_17,FLK_0008_3p_fm11hz_m055_cond08,flk_sim_08,8,ABC,B,train,Flicker,0,SCENARIO_CONTROLLER,11.0,0.055,0.0556,11.0,0.64527,0.940702,1.457843,0.0864,105.8,60.0,60.1046,15.56,0.901925,0.002158,0.000719,0.000407,0.000233,0.000155,0.00019,0.000165,0.000116,0.000117,0.000168,0.002393,0.000797,0.000451,0.000258,0.000211,0.000129,0.000186,6e-06,60.08,3.87,0.0223,9e-06,60.0
flk_08_18,FLK_0008_3p_fm11hz_m055_cond08,flk_sim_08,8,ABC,A,train,Flicker,0,SCENARIO_CONTROLLER,11.0,0.055,0.052,11.0,0.642181,0.936122,1.457723,0.0931,101.6,60.0,60.0919,15.63,0.897411,0.001976,0.000748,0.00044,0.000301,0.000214,0.000218,0.000126,4.8e-05,0.000137,3.5e-05,0.002202,0.000834,0.00049,0.000335,0.000243,5.3e-05,3.9e-05,5e-06,60.08,4.13,0.0226,1e-05,60.0
flk_08_19,FLK_0008_3p_fm11hz_m055_cond08,flk_sim_08,8,ABC,C,train,Flicker,0,SCENARIO_CONTROLLER,11.0,0.055,0.0481,11.0,0.635348,0.926015,1.457492,0.0954,57.6,60.0,60.0835,15.34,0.886778,0.001765,0.000737,0.000415,0.000319,0.000373,0.000265,0.000236,0.000155,0.00022,6.3e-05,0.00199,0.000831,0.000468,0.00036,0.000299,0.000175,7.1e-05,4e-06,60.09,4.44,0.0243,1.2e-05,60.0
flk_08_20,FLK_0008_3p_fm11hz_m055_cond08,flk_sim_08,8,ABC,C,train,Flicker,0,SCENARIO_CONTROLLER,11.0,0.055,0.0468,11.0,0.633981,0.926015,1.460636,0.1768,55.8,60.0,60.0835,15.27,0.884585,0.002424,0.001323,0.000836,0.000693,0.00068,0.000462,0.000382,0.000364,0.000391,0.000256,0.00274,0.001496,0.000945,0.000783,0.000522,0.000411,0.000289,1e-05,60.13,6.48,0.0246,4e-05,60.0
flk_08_21,FLK_0008_3p_fm11hz_m055_cond08,flk_sim_08,8,ABC,C,train,Flicker,0,SCENARIO_CONTROLLER,11.0,0.055,0.0471,11.0,0.634316,0.926015,1.459863,0.0384,55.8,60.0,60.0241,15.48,0.88473,0.001291,0.000304,0.000332,0.00015,0.000234,3.1e-05,9e-05,0.000105,6.8e-05,6.1e-05,0.001459,0.000344,0.000375,0.00017,3.5e-05,0.000119,6.9e-05,2e-06,60.1,4.03,0.0248,8e-06,60.0
flk_08_22,FLK_0008_3p_fm11hz_m055_cond08,flk_sim_08,8,ABC,C,train,Flicker,0,SCENARIO_CONTROLLER,11.0,0.055,0.0468,10.5,0.633832,0.926015,1.460979,0.072,55.8,60.0,60.0241,15.48,0.884032,0.001472,0.000549,0.000396,0.000286,0.000161,0.000151,0.000146,0.000189,0.000225,0.000126,0.001665,0.000621,0.000448,0.000324,0.000171,0.000214,0.000143,3e-06,60.1,4.37,0.0249,1.1e-05,60.0
flk_08_23,FLK_0008_3p_fm11hz_m055_cond08,flk_sim_08,8,ABC,C,train,Flicker,0,SCENARIO_CONTROLLER,11.0,0.055,0.0466,11.0,0.633521,0.926015,1.461696,0.061,55.8,60.0,59.998,15.49,0.883537,0.001254,0.000497,0.000139,0.000152,0.00014,0.000143,9.5e-05,0.000109,8.7e-05,6.7e-05,0.001419,0.000563,0.000157,0.000172,0.000162,0.000123,7.6e-05,2e-06,60.1,4.04,0.0249,7e-06,60.0
flk_08_24,FLK_0008_3p_fm11hz_m055_cond08,flk_sim_08,8,ABC,C,train,Flicker,0,SCENARIO_CONTROLLER,11.0,0.055,0.0475,11.0,0.632771,0.926015,1.463427,0.1054,55.8,60.0,59.9536,15.42,0.882688,0.00181,0.000804,0.000635,0.000407,0.000341,0.000233,0.000351,0.000212,0.000294,0.000203,0.002051,0.000911,0.000719,0.000461,0.000264,0.00024,0.00023,5e-06,60.11,5.07,0.0248,1.9e-05,60.0
flk_08_25,FLK_0008_3p_fm11hz_m055_cond08,flk_sim_08,8,ABC,C,train,Flicker,0,SCENARIO_CONTROLLER,11.0,0.055,0.048,11.0,0.632181,0.926015,1.464794,0.0683,55.8,60.0,59.9536,15.42,0.881879,0.001504,0.0005,0.000234,0.000275,0.000324,0.000193,0.000239,0.000135,4.7e-05,0.000109,0.001705,0.000567,0.000265,0.000312,0.000219,0.000153,0.000124,3e-06,60.1,4.26,0.0248,1e-05,60.0
flk_08_26,FLK_0008_3p_fm11hz_m055_cond08,flk_sim_08,8,ABC,B,train,Flicker,0,SCENARIO_CONTROLLER,11.0,0.055,0.0527,11.0,0.641106,0.940702,1.46731,0.1188,94.4,60.0,59.934,15.67,0.895417,0.002047,0.00085,0.000701,0.000469,0.000444,0.000435,0.00037,0.000247,0.000211,0.000169,0.002286,0.000949,0.000783,0.000524,0.000486,0.000276,0.000189,6e-06,60.1,5.18,0.0232,2.3e-05,60.0
flk_08_27,FLK_0008_3p_fm11hz_m055_cond08,flk_sim_08,8,ABC,A,train,Flicker,0,SCENARIO_CONTROLLER,11.0,0.055,0.0567,11.0,0.638086,0.936122,1.467078,0.1713,92.0,60.0,59.9091,15.56,0.891479,0.002766,0.001267,0.000923,0.000678,0.000507,0.000519,0.000477,0.000426,0.000319,0.000271,0.003103,0.001421,0.001035,0.000761,0.000582,0.000478,0.000304,1.2e-05,60.12,6.24,0.023,3.7e-05,60.0
flk_08_28,FLK_0008_3p_fm11hz_m055_cond08,flk_sim_08,8,ABC,B,train,Flicker,0,SCENARIO_CONTROLLER,11.0,0.055,0.0595,11.0,0.639667,0.940702,1.470611,0.1025,94.4,60.0,59.8791,15.32,0.893991,0.002219,0.000809,0.000491,0.000405,0.000336,0.000145,0.000228,0.000184,0.000237,0.000127,0.002482,0.000905,0.000549,0.000453,0.000162,0.000206,0.000142,6e-06,60.09,4.45,0.0226,1.4e-05,60.0
flk_08_29,FLK_0008_3p_fm11hz_m055_cond08,flk_sim_08,8,ABC,B,train,Flicker,0,SCENARIO_CONTROLLER,11.0,0.055,0.0599,11.0,0.640784,0.940702,1.468048,0.2454,94.4,60.0,59.8791,15.37,0.895686,0.003586,0.001831,0.001307,0.000987,0.000888,0.000711,0.000654,0.00058,0.000362,0.000459,0.004004,0.002044,0.001459,0.001102,0.000794,0.000648,0.000512,2.1e-05,60.16,9.0,0.0226,9.2e-05,60.0
flk_08_30,FLK_0008_3p_fm11hz_m055_cond08,flk_sim_08,8,ABC,C,train,Flicker,0,SCENARIO_CONTROLLER,11.0,0.055,0.0613,11.0,0.630038,0.926015,1.469776,0.0874,55.8,60.0,59.8605,14.89,0.879924,0.002441,0.000717,0.000475,0.000222,7.6e-05,0.000168,1.6e-05,0.000109,0.000118,0.000109,0.002774,0.000815,0.00054,0.000252,0.000191,0.000124,0.000124,7e-06,60.08,4.14,0.0237,1e-05,60.0
flk_08_31,FLK_0008_3p_fm11hz_m055_cond08,flk_sim_08,8,ABC,B,train,Flicker,0,SCENARIO_CONTROLLER,11.0,0.055,0.0582,11.0,0.639704,0.940702,1.470527,0.0963,94.4,60.0,59.8743,15.3,0.894168,0.002335,0.000766,0.000522,0.00038,0.000181,0.000105,0.000141,0.000133,0.000144,8.8e-05,0.002611,0.000857,0.000584,0.000425,0.000117,0.000149,9.8e-05,7e-06,60.08,4.04,0.0224,1e-05,60.0
flk_08_32,FLK_0008_3p_fm11hz_m055_cond08,flk_sim_08,8,ABC,C,train,Flicker,0,SCENARIO_CONTROLLER,11.0,0.055,0.0576,11.0,0.632031,0.926015,1.465141,0.2429,55.8,60.0,59.8963,15.21,0.882485,0.003186,0.00175,0.001111,0.000966,0.000663,0.000773,0.000676,0.000507,0.000542,0.000342,0.00361,0.001983,0.001259,0.001095,0.000876,0.000575,0.000388,1.8e-05,60.15,8.23,0.0241,7.5e-05,60.0
flk_09_01,FLK_0009_3p_fm6hz_m05_cond09,flk_sim_09,9,ABC,A,val,Flicker,0,SCENARIO_CONTROLLER,6.0,0.05,0.037,6.5,0.571404,0.827849,1.448799,0.0967,0.0,60.0,60.1348,15.66,0.800377,0.001839,0.000682,0.000415,0.000289,0.000191,0.000224,0.000123,0.000181,5.7e-05,7.6e-05,0.002298,0.000852,0.000519,0.000361,0.00028,0.000226,9.5e-05,4e-06,60.02,4.1,0.0191,1.2e-05,60.0
flk_09_02,FLK_0009_3p_fm6hz_m05_cond09,flk_sim_09,9,ABC,C,val,Flicker,0,SCENARIO_CONTROLLER,6.0,0.05,0.0371,6.5,0.565224,0.81741,1.446171,0.0976,0.0,60.0,60.1302,15.43,0.790989,0.001678,0.000679,0.000333,0.000352,0.000218,0.000104,0.000189,0.000253,0.000128,0.000113,0.002121,0.000858,0.000421,0.000445,0.000131,0.00032,0.000143,4e-06,60.02,3.82,0.0204,1e-05,60.0
flk_09_03,FLK_0009_3p_fm6hz_m05_cond09,flk_sim_09,9,ABC,B,val,Flicker,0,SCENARIO_CONTROLLER,6.0,0.05,0.0354,6.5,0.573185,0.830723,1.449311,0.0569,0.0,60.0,60.1203,15.8,0.802544,0.001422,0.000418,0.000274,0.000153,0.000134,0.000104,0.000157,3.6e-05,7.2e-05,0.000116,0.001772,0.000521,0.000341,0.000191,0.00013,4.5e-05,0.000145,2e-06,60.02,3.71,0.0194,8e-06,60.0
flk_09_04,FLK_0009_3p_fm6hz_m05_cond09,flk_sim_09,9,ABC,C,val,Flicker,0,SCENARIO_CONTROLLER,6.0,0.05,0.0336,6.5,0.56412,0.81741,1.449001,0.1803,0.0,60.0,60.1005,15.66,0.788974,0.002168,0.001255,0.000819,0.000504,0.000558,0.000441,0.000326,0.000376,0.000399,0.000257,0.002748,0.001591,0.001038,0.000639,0.000559,0.000477,0.000326,8e-06,60.07,6.81,0.021,5e-05,60.0
flk_09_05,FLK_0009_3p_fm6hz_m05_cond09,flk_sim_09,9,ABC,C,val,Flicker,0,SCENARIO_CONTROLLER,6.0,0.05,0.0338,6.5,0.56493,0.81741,1.446924,0.0823,0.0,60.0,60.1005,15.69,0.790018,0.001157,0.000551,0.000286,0.000332,8.5e-05,9.3e-05,2.2e-05,0.000257,0.00011,0.000117,0.001465,0.000697,0.000362,0.00042,0.000118,0.000325,0.000148,2e-06,60.03,3.7,0.021,8e-06,60.0
flk_09_06,FLK_0009_3p_fm6hz_m05_cond09,flk_sim_09,9,ABC,C,val,Flicker,0,SCENARIO_CONTROLLER,6.0,0.05,0.0335,6.0,0.563899,0.81741,1.449569,0.1615,0.0,60.0,60.1005,15.64,0.788394,0.001879,0.000975,0.000718,0.00071,0.000425,0.000407,0.000398,0.000133,0.000364,0.000303,0.002383,0.001237,0.000911,0.000901,0.000516,0.000169,0.000384,6e-06,60.06,6.22,0.0212,3.8e-05,60.0
flk_09_07,FLK_0009_3p_fm6hz_m05_cond09,flk_sim_09,9,ABC,C,val,Flicker,0,SCENARIO_CONTROLLER,6.0,0.05,0.0332,6.5,0.564292,0.81741,1.44856,0.097,0.0,60.0,60.055,15.96,0.788655,0.001196,0.00065,0.000447,0.000335,0.000204,0.000226,0.000203,0.000346,0.000191,0.000197,0.001517,0.000824,0.000567,0.000425,0.000287,0.000439,0.00025,2e-06,60.04,4.42,0.0214,1.5e-05,60.0
flk_09_08,FLK_0009_3p_fm6hz_m05_cond09,flk_sim_09,9,ABC,C,val,Flicker,0,SCENARIO_CONTROLLER,6.0,0.05,0.0332,6.0,0.56434,0.81741,1.448437,0.0828,0.0,60.0,60.055,15.97,0.788688,0.001063,0.000556,0.000305,0.000308,0.000204,0.000151,0.000142,0.000215,0.000169,9.4e-05,0.001348,0.000705,0.000387,0.000391,0.000191,0.000273,0.000119,2e-06,60.03,4.02,0.0214,1.1e-05,60.0
flk_09_09,FLK_0009_3p_fm6hz_m05_cond09,flk_sim_09,9,ABC,C,val,Flicker,0,SCENARIO_CONTROLLER,6.0,0.05,0.0333,6.0,0.563797,0.81741,1.449832,0.0775,0.0,60.0,60.0278,16.04,0.787765,0.001059,0.000384,0.000379,0.000435,0.000232,0.000189,0.000123,0.00026,0.000195,0.00011,0.001344,0.000487,0.000481,0.000552,0.00024,0.00033,0.00014,2e-06,60.04,3.98,0.0215,1.1e-05,60.0
flk_09_10,FLK_0009_3p_fm6hz_m05_cond09,flk_sim_09,9,ABC,C,val,Flicker,0,SCENARIO_CONTROLLER,6.0,0.05,0.0334,6.0,0.563946,0.81741,1.449448,0.0294,0.0,60.0,60.0157,16.07,0.787892,0.000567,0.000172,7.9e-05,0.000152,9.2e-05,2.7e-05,6.2e-05,0.000174,7.9e-05,6.1e-05,0.00072,0.000218,0.0001,0.000193,3.4e-05,0.000221,7.7e-05,0.0,60.03,3.48,0.0216,5e-06,60.0
flk_09_11,FLK_0009_3p_fm6hz_m05_cond09,flk_sim_09,9,ABC,C,val,Flicker,0,SCENARIO_CONTROLLER,6.0,0.05,0.0334,6.0,0.563607,0.81741,1.450319,0.0466,0.0,60.0,60.0157,16.07,0.787403,0.000536,0.000329,0.000173,0.000145,0.000134,7.4e-05,0.00014,0.0001,0.000127,8.3e-05,0.000681,0.000418,0.00022,0.000184,9.4e-05,0.000127,0.000105,1e-06,60.03,3.6,0.0216,6e-06,60.0
flk_09_12,FLK_0009_3p_fm6hz_m05_cond09,flk_sim_09,9,ABC,C,val,Flicker,0,SCENARIO_CONTROLLER,6.0,0.05,0.0334,6.0,0.563536,0.81741,1.450501,0.0539,0.0,60.0,59.9646,16.02,0.787313,0.000563,0.000325,0.000229,0.000266,3.7e-05,6e-05,0.000134,0.000166,6.2e-05,7.2e-05,0.000715,0.000413,0.000291,0.000338,7.6e-05,0.000211,9.1e-05,1e-06,60.03,3.76,0.0216,7e-06,60.0
flk_09_13,FLK_0009_3p_fm6hz_m05_cond09,flk_sim_09,9,ABC,C,val,Flicker,0,SCENARIO_CONTROLLER,6.0,0.05,0.0334,6.0,0.563022,0.81741,1.451826,0.0485,0.0,60.0,59.9646,16.01,0.786681,0.000745,0.000318,0.000249,0.000163,5.6e-05,0.000136,0.000125,0.000205,0.000148,5.6e-05,0.000947,0.000404,0.000317,0.000207,0.000173,0.000261,7.1e-05,1e-06,60.03,3.83,0.0216,9e-06,60.0
flk_09_14,FLK_0009_3p_fm6hz_m05_cond09,flk_sim_09,9,ABC,C,val,Flicker,0,SCENARIO_CONTROLLER,6.0,0.05,0.0337,6.0,0.56291,0.81741,1.452116,0.0696,0.0,60.0,59.9646,16.01,0.78654,0.000799,0.000419,0.000298,0.000339,0.00023,9.9e-05,0.000145,0.000103,3.5e-05,0.000141,0.001016,0.000533,0.000379,0.000431,0.000126,0.000131,0.000179,1e-06,60.03,3.89,0.0215,9e-06,60.0
flk_09_15,FLK_0009_3p_fm6hz_m05_cond09,flk_sim_09,9,ABC,C,val,Flicker,0,SCENARIO_CONTROLLER,6.0,0.05,0.0335,6.0,0.562922,0.81741,1.452083,0.1486,0.0,60.0,59.9112,15.73,0.786803,0.001686,0.000913,0.000614,0.000649,0.000437,0.000334,0.000235,0.00043,0.000246,0.000266,0.002143,0.00116,0.00078,0.000825,0.000425,0.000547,0.000338,5e-06,60.05,5.65,0.0214,2.8e-05,60.0
flk_09_16,FLK_0009_3p_fm6hz_m05_cond09,flk_sim_09,9,ABC,C,val,Flicker,0,SCENARIO_CONTROLLER,6.0,0.05,0.037,6.0,0.561869,0.81741,1.454805,0.0611,0.0,60.0,59.9112,15.7,0.785441,0.001223,0.000375,0.000259,0.000265,0.000214,0.000138,0.00015,0.000108,0.000108,0.000111,0.001557,0.000477,0.00033,0.000337,0.000176,0.000138,0.000141,2e-06,60.03,3.87,0.0213,9e-06,60.0
flk_09_17,FLK_0009_3p_fm6hz_m05_cond09,flk_sim_09,9,ABC,B,val,Flicker,0,SCENARIO_CONTROLLER,6.0,0.05,0.0398,6.0,0.569558,0.830723,1.45854,0.0604,0.0,60.0,59.903,15.93,0.797004,0.001245,0.000454,0.00033,0.000133,8.8e-05,9e-05,0.000105,6.2e-05,6.8e-05,0.000162,0.001562,0.00057,0.000414,0.000167,0.000113,7.8e-05,0.000203,2e-06,60.02,3.76,0.02,8e-06,60.0
flk_09_18,FLK_0009_3p_fm6hz_m05_cond09,flk_sim_09,9,ABC,A,val,Flicker,0,SCENARIO_CONTROLLER,6.0,0.05,0.0409,6.0,0.567405,0.827849,1.459008,0.0651,0.0,60.0,59.8916,15.83,0.79416,0.001168,0.000465,0.000338,0.000147,0.000124,0.000171,3.3e-05,5.8e-05,0.000145,5.2e-05,0.001471,0.000586,0.000426,0.000185,0.000215,7.3e-05,6.5e-05,2e-06,60.02,3.62,0.0198,8e-06,60.0
flk_09_19,FLK_0009_3p_fm6hz_m05_cond09,flk_sim_09,9,ABC,C,val,Flicker,0,SCENARIO_CONTROLLER,6.0,0.05,0.0452,6.0,0.560941,0.81741,1.457214,0.0741,0.0,60.0,59.8755,15.39,0.784663,0.001334,0.000502,0.000299,0.000279,0.000139,9.3e-05,5.7e-05,0.000108,4.6e-05,0.000114,0.0017,0.00064,0.000381,0.000356,0.000119,0.000138,0.000145,2e-06,60.02,3.77,0.0209,9e-06,60.0
flk_09_20,FLK_0009_3p_fm6hz_m05_cond09,flk_sim_09,9,ABC,B,val,Flicker,0,SCENARIO_CONTROLLER,6.0,0.05,0.0457,6.0,0.568853,0.830723,1.460348,0.0939,0.0,60.0,59.8664,15.57,0.796518,0.00152,0.000682,0.000276,0.000249,0.000236,0.000178,0.000159,6.8e-05,0.000145,0.00016,0.001908,0.000856,0.000347,0.000313,0.000223,8.5e-05,0.000201,3e-06,60.03,4.3,0.0195,1.3e-05,60.0
flk_09_21,FLK_0009_3p_fm6hz_m05_cond09,flk_sim_09,9,ABC,A,val,Flicker,0,SCENARIO_CONTROLLER,6.0,0.05,0.0443,6.0,0.566863,0.827849,1.460404,0.1119,0.0,60.0,59.8613,15.52,0.793889,0.001931,0.000763,0.000437,0.000351,0.000265,0.00029,0.000237,0.000208,0.000291,0.000215,0.002432,0.000961,0.00055,0.000442,0.000365,0.000262,0.000271,5e-06,60.03,4.45,0.0193,1.6e-05,60.0
flk_09_22,FLK_0009_3p_fm6hz_m05_cond09,flk_sim_09,9,ABC,C,val,Flicker,0,SCENARIO_CONTROLLER,6.0,0.05,0.0474,5.5,0.560574,0.81741,1.458167,0.1395,0.0,60.0,59.8435,15.05,0.784627,0.002132,0.000877,0.000603,0.00058,0.000328,0.000305,0.000216,0.00036,0.000222,0.000139,0.002717,0.001118,0.000769,0.000739,0.000389,0.000459,0.000177,6e-06,60.04,5.28,0.0204,2.4e-05,60.0
flk_09_23,FLK_0009_3p_fm6hz_m05_cond09,flk_sim_09,9,ABC,B,val,Flicker,0,SCENARIO_CONTROLLER,6.0,0.05,0.0442,5.5,0.568806,0.830723,1.460467,0.1661,0.0,60.0,59.8465,15.36,0.796853,0.002324,0.001113,0.00083,0.000527,0.000447,0.000484,0.000257,0.000308,0.000233,0.00017,0.002916,0.001397,0.001042,0.000661,0.000607,0.000387,0.000213,8e-06,60.05,6.03,0.0191,3.5e-05,60.0
flk_09_24,FLK_0009_3p_fm6hz_m05_cond09,flk_sim_09,9,ABC,C,val,Flicker,0,SCENARIO_CONTROLLER,6.0,0.05,0.0448,5.5,0.56056,0.81741,1.458203,0.1393,0.0,60.0,59.836,14.97,0.784834,0.00214,0.00097,0.000693,0.000342,0.000394,0.000371,0.00036,0.000436,0.000235,0.000192,0.002727,0.001236,0.000883,0.000436,0.000473,0.000556,0.000245,7e-06,60.04,5.76,0.0202,3.2e-05,60.0
flk_09_25,FLK_0009_3p_fm6hz_m05_cond09,flk_sim_09,9,ABC,B,val,Flicker,0,SCENARIO_CONTROLLER,6.0,0.05,0.0485,5.5,0.568724,0.830723,1.460678,0.1263,0.0,60.0,59.8375,15.24,0.796836,0.001956,0.00089,0.000541,0.000425,0.000319,0.000199,0.000248,0.000241,0.000206,3.1e-05,0.002455,0.001117,0.000679,0.000533,0.00025,0.000302,3.9e-05,5e-06,60.03,4.8,0.019,1.9e-05,60.0
flk_09_26,FLK_0009_3p_fm6hz_m05_cond09,flk_sim_09,9,ABC,A,val,Flicker,0,SCENARIO_CONTROLLER,6.0,0.05,0.0458,5.5,0.566835,0.827849,1.460476,0.1187,0.0,60.0,59.8438,15.32,0.794158,0.002028,0.00082,0.000389,0.000321,0.000211,0.000336,0.000163,0.000154,1.6e-05,0.000181,0.002554,0.001033,0.00049,0.000404,0.000423,0.000194,0.000228,5e-06,60.02,4.34,0.019,1.5e-05,60.0
flk_09_27,FLK_0009_3p_fm6hz_m05_cond09,flk_sim_09,9,ABC,C,val,Flicker,0,SCENARIO_CONTROLLER,6.0,0.05,0.0493,5.5,0.560712,0.81741,1.457807,0.0883,0.0,60.0,59.8421,15.04,0.784935,0.001937,0.000624,0.000416,0.000252,0.000223,0.000164,0.000195,0.000121,8.5e-05,0.000125,0.002468,0.000795,0.00053,0.000321,0.000209,0.000154,0.000159,5e-06,60.02,4.06,0.0203,1.2e-05,60.0
flk_09_28,FLK_0009_3p_fm6hz_m05_cond09,flk_sim_09,9,ABC,B,val,Flicker,0,SCENARIO_CONTROLLER,6.0,0.05,0.0458,5.5,0.569229,0.830723,1.459383,0.0824,0.0,60.0,59.8522,15.42,0.797341,0.00172,0.000625,0.00035,0.0002,0.00015,3.3e-05,0.000169,6.6e-05,0.000142,0.000147,0.002157,0.000784,0.000439,0.000251,4.1e-05,8.3e-05,0.000184,4e-06,60.02,3.78,0.0192,9e-06,60.0
flk_09_29,FLK_0009_3p_fm6hz_m05_cond09,flk_sim_09,9,ABC,A,val,Flicker,0,SCENARIO_CONTROLLER,6.0,0.05,0.0414,5.5,0.567522,0.827849,1.458708,0.0916,0.0,60.0,59.8645,15.57,0.794833,0.001425,0.000648,0.000387,0.000225,0.000189,0.000244,5.7e-05,6.1e-05,0.000174,7.2e-05,0.001793,0.000815,0.000487,0.000283,0.000307,7.7e-05,9.1e-05,3e-06,60.02,3.72,0.0193,8e-06,60.0
flk_09_30,FLK_0009_3p_fm6hz_m05_cond09,flk_sim_09,9,ABC,C,val,Flicker,0,SCENARIO_CONTROLLER,6.0,0.05,0.0422,5.5,0.561627,0.81741,1.455433,0.0728,0.0,60.0,59.864,15.28,0.785828,0.001478,0.000517,0.000331,0.000214,0.000168,0.00012,7.7e-05,9.7e-05,0.000104,0.000122,0.001881,0.000658,0.000421,0.000272,0.000153,0.000123,0.000155,3e-06,60.02,3.89,0.0207,1e-05,60.0
flk_09_31,FLK_0009_3p_fm6hz_m05_cond09,flk_sim_09,9,ABC,B,val,Flicker,0,SCENARIO_CONTROLLER,6.0,0.05,0.0389,5.0,0.570388,0.830723,1.456418,0.0875,0.0,60.0,59.8829,15.77,0.798545,0.001472,0.000644,0.000357,0.000252,0.000231,9.4e-05,5.5e-05,9.1e-05,9.2e-05,0.000169,0.001843,0.000806,0.000447,0.000316,0.000118,0.000114,0.000212,3e-06,60.03,4.2,0.0196,1.2e-05,60.0
flk_09_32,FLK_0009_3p_fm6hz_m05_cond09,flk_sim_09,9,ABC,C,val,Flicker,0,SCENARIO_CONTROLLER,6.0,0.05,0.0386,5.0,0.563287,0.81741,1.451145,0.1461,0.0,60.0,59.9046,15.7,0.787701,0.001942,0.000941,0.000699,0.00056,0.000414,0.000351,0.000351,0.000131,0.000204,0.000263,0.002465,0.001195,0.000887,0.000711,0.000446,0.000166,0.000334,6e-06,60.05,5.72,0.0211,3.1e-05,60.0
flk_10_01,FLK_0010_3p_fm13hz_m045_cond10,flk_sim_10,10,ABC,A,train,Flicker,0,SCENARIO_CONTROLLER,13.0,0.045,0.0583,12.5,0.577136,0.836465,1.449339,0.2003,0.0,60.0,60.2964,15.91,0.809145,0.003212,0.001414,0.000798,0.000593,0.000474,0.000527,0.000413,0.000363,0.000241,0.000186,0.00397,0.001748,0.000986,0.000733,0.000651,0.000449,0.00023,1.4e-05,60.09,5.98,0.0193,3.2e-05,60.0
flk_10_02,FLK_0010_3p_fm13hz_m045_cond10,flk_sim_10,10,ABC,C,train,Flicker,0,SCENARIO_CONTROLLER,13.0,0.045,0.0619,12.5,0.570131,0.828628,1.453398,0.1705,3.8,60.0,60.302,15.64,0.798807,0.003087,0.001214,0.00062,0.000514,0.000356,0.000343,0.000255,0.000136,0.000226,0.000183,0.003865,0.00152,0.000776,0.000643,0.000429,0.00017,0.000229,1.2e-05,60.08,5.31,0.0205,2.2e-05,60.0
flk_10_03,FLK_0010_3p_fm13hz_m045_cond10,flk_sim_10,10,ABC,B,train,Flicker,0,SCENARIO_CONTROLLER,13.0,0.045,0.063,13.0,0.579066,0.841155,1.452607,0.1206,0.0,60.0,60.2722,16.17,0.811927,0.002693,0.00089,0.000501,0.000343,0.000163,0.000221,0.000203,0.000172,0.000147,7.3e-05,0.003317,0.001096,0.000617,0.000422,0.000272,0.000212,9e-05,9e-06,60.07,4.23,0.0191,1.1e-05,60.0
flk_10_04,FLK_0010_3p_fm13hz_m045_cond10,flk_sim_10,10,ABC,A,train,Flicker,0,SCENARIO_CONTROLLER,13.0,0.045,0.0572,13.0,0.576179,0.836465,1.451745,0.1323,0.0,60.0,60.234,16.58,0.808009,0.002407,0.000969,0.000483,0.000317,0.000188,0.00032,3.1e-05,0.000198,8.6e-05,1.6e-05,0.002979,0.001199,0.000598,0.000392,0.000396,0.000245,2e-05,7e-06,60.07,4.21,0.0187,1.1e-05,60.0
flk_10_05,FLK_0010_3p_fm13hz_m045_cond10,flk_sim_10,10,ABC,C,train,Flicker,0,SCENARIO_CONTROLLER,13.0,0.045,0.0574,13.0,0.568498,0.828628,1.457575,0.1286,3.8,60.0,60.196,16.67,0.796829,0.002308,0.000904,0.000569,0.000386,0.000254,0.00029,0.00017,6.7e-05,0.000115,8.1e-05,0.002896,0.001134,0.000714,0.000484,0.000364,8.4e-05,0.000102,7e-06,60.09,4.66,0.0196,1.5e-05,60.0
flk_10_06,FLK_0010_3p_fm13hz_m045_cond10,flk_sim_10,10,ABC,B,train,Flicker,0,SCENARIO_CONTROLLER,13.0,0.045,0.0507,13.5,0.576704,0.841155,1.458557,0.1175,0.0,60.0,60.128,17.46,0.808934,0.002132,0.000761,0.000539,0.000441,0.000428,0.00036,0.000174,0.000266,0.000271,0.000151,0.002636,0.000941,0.000666,0.000545,0.000445,0.000329,0.000187,6e-06,60.1,4.94,0.0181,1.8e-05,60.0
flk_10_07,FLK_0010_3p_fm13hz_m045_cond10,flk_sim_10,10,ABC,C,train,Flicker,0,SCENARIO_CONTROLLER,13.0,0.045,0.047,13.5,0.566369,0.828628,1.463052,0.0609,3.8,60.0,60.0011,17.59,0.794073,0.001477,0.000464,0.000308,0.000118,5.2e-05,6.9e-05,5.9e-05,8.1e-05,5.2e-05,7.6e-05,0.00186,0.000584,0.000388,0.000149,8.7e-05,0.000102,9.6e-05,3e-06,60.1,3.95,0.0187,8e-06,60.0
flk_10_08,FLK_0010_3p_fm13hz_m045_cond10,flk_sim_10,10,ABC,C,train,Flicker,0,SCENARIO_CONTROLLER,13.0,0.045,0.0445,13.5,0.565598,0.825587,1.459672,0.1068,5.6,60.0,60.0011,17.56,0.792958,0.001746,0.000747,0.000378,0.00035,0.000242,0.00019,0.000184,0.000269,0.000208,0.00017,0.002202,0.000942,0.000477,0.000441,0.00024,0.000339,0.000214,4e-06,60.11,4.64,0.0188,1.5e-05,60.0
flk_10_09,FLK_0010_3p_fm13hz_m045_cond10,flk_sim_10,10,ABC,B,train,Flicker,0,SCENARIO_CONTROLLER,13.0,0.045,0.0472,13.0,0.573965,0.841155,1.465516,0.0628,0.0,60.0,59.9274,17.71,0.805131,0.001624,0.000391,0.000335,0.000237,1.7e-05,0.000216,0.000231,0.000199,9.2e-05,8.1e-05,0.002017,0.000486,0.000416,0.000294,0.000268,0.000247,0.000101,3e-06,60.1,4.11,0.0179,9e-06,60.0
flk_10_10,FLK_0010_3p_fm13hz_m045_cond10,flk_sim_10,10,ABC,A,train,Flicker,0,SCENARIO_CONTROLLER,13.0,0.045,0.0498,13.0,0.571167,0.836465,1.464484,0.0897,0.0,60.0,59.8658,17.36,0.801129,0.001816,0.000594,0.000357,0.000287,0.000163,0.000286,4.3e-05,0.000104,7.9e-05,0.000138,0.002267,0.000741,0.000446,0.000358,0.000357,0.00013,0.000172,4e-06,60.09,4.07,0.0182,9e-06,60.0
flk_10_11,FLK_0010_3p_fm13hz_m045_cond10,flk_sim_10,10,ABC,C,train,Flicker,0,SCENARIO_CONTROLLER,13.0,0.045,0.0515,13.0,0.563758,0.825587,1.464434,0.1383,5.8,60.0,59.8022,16.57,0.79008,0.002458,0.000965,0.000543,0.000417,0.000269,0.000296,0.000243,0.000261,0.000111,0.000205,0.003111,0.001221,0.000687,0.000528,0.000375,0.00033,0.000259,8e-06,60.1,5.04,0.0199,2.1e-05,60.0
flk_10_12,FLK_0010_3p_fm13hz_m045_cond10,flk_sim_10,10,ABC,A,train,Flicker,0,SCENARIO_CONTROLLER,13.0,0.045,0.0482,13.0,0.570639,0.836465,1.46584,0.2017,0.0,60.0,59.7308,16.1,0.799988,0.003307,0.001388,0.001023,0.000703,0.000633,0.000428,0.000448,0.000392,0.000344,0.000236,0.004134,0.001735,0.001279,0.000879,0.000535,0.00049,0.000295,1.6e-05,60.12,7.56,0.0195,6.2e-05,60.0
flk_10_13,FLK_0010_3p_fm13hz_m045_cond10,flk_sim_10,10,ABC,C,train,Flicker,0,SCENARIO_CONTROLLER,13.0,0.045,0.049,12.5,0.563312,0.825587,1.465594,0.2165,5.8,60.0,59.6991,15.53,0.789073,0.003363,0.0015,0.000995,0.000711,0.000545,0.000404,0.000371,0.000468,0.000378,0.0003,0.004262,0.001901,0.001261,0.000901,0.000512,0.000593,0.00038,1.6e-05,60.11,7.17,0.021,5.2e-05,60.0
flk_10_14,FLK_0010_3p_fm13hz_m045_cond10,flk_sim_10,10,ABC,B,train,Flicker,0,SCENARIO_CONTROLLER,13.0,0.045,0.0485,12.5,0.572365,0.841155,1.469613,0.1798,0.0,60.0,59.7013,15.75,0.802259,0.003091,0.001313,0.000752,0.000537,0.000552,0.000259,0.000275,0.000325,0.000131,0.000171,0.003853,0.001637,0.000937,0.000669,0.000323,0.000405,0.000213,1.3e-05,60.08,5.66,0.0197,2.6e-05,60.0
flk_10_15,FLK_0010_3p_fm13hz_m045_cond10,flk_sim_10,10,ABC,A,train,Flicker,0,SCENARIO_CONTROLLER,13.0,0.045,0.0501,13.0,0.57019,0.836465,1.466993,0.1227,0.0,60.0,59.7136,15.89,0.799274,0.0029,0.000909,0.000606,0.000362,0.000265,6.7e-05,0.000286,0.000137,0.000138,0.000274,0.003628,0.001137,0.000758,0.000453,8.4e-05,0.000171,0.000343,1e-05,60.07,4.71,0.0196,1.4e-05,60.0
flk_10_16,FLK_0010_3p_fm13hz_m045_cond10,flk_sim_10,10,ABC,C,train,Flicker,0,SCENARIO_CONTROLLER,13.0,0.045,0.0525,13.0,0.563441,0.825587,1.465259,0.1252,5.8,60.0,59.7253,15.79,0.789359,0.002721,0.000942,0.000469,0.000286,0.000252,9.1e-05,0.000161,0.000208,0.000132,0.00017,0.003447,0.001193,0.000594,0.000362,0.000115,0.000264,0.000215,9e-06,60.07,4.34,0.0206,1.1e-05,60.0
flk_10_17,FLK_0010_3p_fm13hz_m045_cond10,flk_sim_10,10,ABC,B,train,Flicker,0,SCENARIO_CONTROLLER,13.0,0.045,0.052,13.0,0.573295,0.841155,1.46723,0.1337,0.0,60.0,59.7735,16.51,0.803833,0.00247,0.001028,0.000523,0.000281,0.00015,0.000142,0.000191,0.00014,0.000212,0.000125,0.003073,0.001279,0.000651,0.00035,0.000177,0.000174,0.000156,8e-06,60.08,4.46,0.019,1.2e-05,60.0
flk_10_18,FLK_0010_3p_fm13hz_m045_cond10,flk_sim_10,10,ABC,A,train,Flicker,0,SCENARIO_CONTROLLER,13.0,0.045,0.0539,13.0,0.571698,0.836465,1.463125,0.1044,0.0,60.0,59.8234,17.0,0.801766,0.002257,0.000763,0.000526,0.000342,0.000285,3.8e-05,0.000103,0.000147,0.000153,0.000312,0.002815,0.000952,0.000656,0.000427,4.7e-05,0.000183,0.000389,6e-06,60.09,4.92,0.0186,1.9e-05,60.0
flk_10_19,FLK_0010_3p_fm13hz_m045_cond10,flk_sim_10,10,ABC,C,train,Flicker,0,SCENARIO_CONTROLLER,13.0,0.045,0.0523,13.5,0.565438,0.826305,1.461354,0.1219,5.2,60.0,59.8743,17.12,0.792609,0.002189,0.000852,0.000556,0.000402,0.000305,0.000217,0.000227,0.000245,0.000139,0.000225,0.002762,0.001075,0.000701,0.000507,0.000274,0.000309,0.000284,6e-06,60.11,5.16,0.0193,2e-05,60.0
flk_10_20,FLK_0010_3p_fm13hz_m045_cond10,flk_sim_10,10,ABC,A,train,Flicker,0,SCENARIO_CONTROLLER,13.0,0.045,0.0469,13.5,0.573433,0.839023,1.463157,0.0828,0.0,60.0,60.0143,17.91,0.804486,0.001479,0.000605,0.000232,0.00022,0.000163,0.000171,0.000148,1.6e-05,0.000113,0.000133,0.001838,0.000752,0.000288,0.000273,0.000213,2e-05,0.000165,3e-06,60.09,3.93,0.0176,8e-06,60.0
flk_10_21,FLK_0010_3p_fm13hz_m045_cond10,flk_sim_10,10,ABC,A,train,Flicker,0,SCENARIO_CONTROLLER,13.0,0.045,0.0434,13.0,0.574309,0.839023,1.460925,0.083,0.0,60.0,60.0143,17.92,0.805719,0.00173,0.000577,0.0004,0.000246,0.000298,0.000233,0.000219,0.00017,6.3e-05,0.000138,0.002147,0.000716,0.000496,0.000305,0.000289,0.000211,0.000171,4e-06,60.1,4.31,0.0176,1.2e-05,60.0
flk_10_22,FLK_0010_3p_fm13hz_m045_cond10,flk_sim_10,10,ABC,C,train,Flicker,0,SCENARIO_CONTROLLER,13.0,0.045,0.0488,13.0,0.568046,0.826305,1.454644,0.0761,3.6,60.0,60.0807,17.44,0.796409,0.001613,0.000569,0.000292,0.000166,0.000158,0.000126,7.9e-05,9.2e-05,8.6e-05,3.4e-05,0.002025,0.000714,0.000367,0.000208,0.000158,0.000116,4.3e-05,3e-06,60.1,4.03,0.0189,8e-06,60.0
flk_10_23,FLK_0010_3p_fm13hz_m045_cond10,flk_sim_10,10,ABC,B,train,Flicker,0,SCENARIO_CONTROLLER,13.0,0.045,0.0515,13.0,0.578074,0.841286,1.455325,0.1071,0.0,60.0,60.1463,17.35,0.810882,0.001864,0.000846,0.000403,0.000183,8.2e-05,6.8e-05,0.000167,4.9e-05,7.4e-05,0.000108,0.002299,0.001043,0.000497,0.000226,8.4e-05,6e-05,0.000133,4e-06,60.09,4.21,0.018,1e-05,60.0
flk_10_24,FLK_0010_3p_fm13hz_m045_cond10,flk_sim_10,10,ABC,A,train,Flicker,0,SCENARIO_CONTROLLER,13.0,0.045,0.0527,12.5,0.576182,0.839023,1.456177,0.1565,0.0,60.0,60.1977,16.92,0.808125,0.002531,0.001173,0.000658,0.000439,0.000389,0.000171,0.000212,0.000272,0.000327,0.000202,0.003132,0.001452,0.000814,0.000543,0.000212,0.000337,0.00025,9e-06,60.1,5.42,0.0184,2.5e-05,60.0
flk_10_25,FLK_0010_3p_fm13hz_m045_cond10,flk_sim_10,10,ABC,C,train,Flicker,0,SCENARIO_CONTROLLER,13.0,0.045,0.055,12.5,0.569449,0.826305,1.451059,0.2155,3.6,60.0,60.2549,16.11,0.798013,0.003273,0.001489,0.000916,0.000712,0.000551,0.000485,0.000455,0.000225,0.000361,0.000231,0.004101,0.001866,0.001148,0.000892,0.000608,0.000282,0.000289,1.5e-05,60.13,7.28,0.0202,5.6e-05,60.0
flk_10_26,FLK_0010_3p_fm13hz_m045_cond10,flk_sim_10,10,ABC,A,train,Flicker,0,SCENARIO_CONTROLLER,13.0,0.045,0.0547,12.5,0.577081,0.839023,1.453907,0.2124,0.0,60.0,60.2961,15.91,0.809088,0.003172,0.001472,0.000872,0.000686,0.000469,0.000564,0.000274,0.000304,0.000196,0.000387,0.00392,0.001819,0.001078,0.000848,0.000697,0.000376,0.000478,1.4e-05,60.09,6.23,0.0193,3.6e-05,60.0
flk_10_27,FLK_0010_3p_fm13hz_m045_cond10,flk_sim_10,10,ABC,C,train,Flicker,0,SCENARIO_CONTROLLER,13.0,0.045,0.0597,12.5,0.570238,0.826305,1.449051,0.1798,3.6,60.0,60.3109,15.54,0.79894,0.003131,0.001271,0.0008,0.00054,0.000377,0.000396,0.00023,0.000196,0.000194,0.000144,0.003919,0.001591,0.001001,0.000676,0.000496,0.000245,0.00018,1.3e-05,60.08,5.53,0.0205,2.5e-05,60.0
flk_10_28,FLK_0010_3p_fm13hz_m045_cond10,flk_sim_10,10,ABC,B,train,Flicker,0,SCENARIO_CONTROLLER,13.0,0.045,0.0625,12.5,0.579323,0.841286,1.452187,0.1365,0.0,60.0,60.2858,16.02,0.812239,0.002736,0.001004,0.000495,0.000381,0.000372,0.000277,9.6e-05,0.000238,0.000124,7e-06,0.003368,0.001236,0.000609,0.000469,0.000341,0.000293,9e-06,9e-06,60.07,4.44,0.0192,1.1e-05,60.0
flk_10_29,FLK_0010_3p_fm13hz_m045_cond10,flk_sim_10,10,ABC,A,train,Flicker,0,SCENARIO_CONTROLLER,13.0,0.045,0.0592,13.0,0.57657,0.839023,1.455195,0.1409,0.0,60.0,60.2594,16.31,0.808483,0.00261,0.00103,0.000457,0.000371,0.000241,0.000315,0.000184,6.9e-05,0.000139,0.000187,0.003228,0.001274,0.000565,0.000459,0.00039,8.5e-05,0.000231,8e-06,60.07,4.15,0.0189,1e-05,60.0
flk_10_30,FLK_0010_3p_fm13hz_m045_cond10,flk_sim_10,10,ABC,C,train,Flicker,0,SCENARIO_CONTROLLER,13.0,0.045,0.0587,13.0,0.569014,0.826305,1.452168,0.133,3.6,60.0,60.2302,16.36,0.797475,0.002416,0.000969,0.000482,0.000338,0.000245,0.000267,0.000239,0.000131,0.000149,5.3e-05,0.00303,0.001215,0.000604,0.000424,0.000335,0.000164,6.6e-05,7e-06,60.08,4.53,0.0199,1.2e-05,60.0
flk_10_31,FLK_0010_3p_fm13hz_m045_cond10,flk_sim_10,10,ABC,B,train,Flicker,0,SCENARIO_CONTROLLER,13.0,0.045,0.055,13.0,0.577289,0.841286,1.457305,0.134,0.0,60.0,60.1713,17.13,0.809689,0.002316,0.000893,0.000639,0.000479,0.000228,0.000388,0.000305,0.000312,0.000169,0.000108,0.00286,0.001103,0.000789,0.000592,0.000479,0.000385,0.000133,7e-06,60.1,5.03,0.0183,2e-05,60.0
flk_10_32,FLK_0010_3p_fm13hz_m045_cond10,flk_sim_10,10,ABC,A,train,Flicker,0,SCENARIO_CONTROLLER,13.0,0.045,0.0488,13.5,0.574066,0.839023,1.461543,0.1447,0.0,60.0,60.1112,17.57,0.805285,0.002106,0.000971,0.000571,0.000489,0.000326,0.000419,0.00019,0.000237,0.000272,0.000159,0.002615,0.001206,0.000709,0.000607,0.00052,0.000294,0.000197,6e-06,60.1,5.08,0.018,2.2e-05,60.0
flk_11_01,FLK_0011_3p_fm9p5hz_m06_cond11,flk_sim_11,11,ABC,B,train,Flicker,0,SCENARIO_CONTROLLER,9.5,0.06,0.0505,9.5,0.622376,0.913563,1.467865,0.0347,2.6,60.0,60.0585,15.43,0.867545,0.000782,0.000278,0.000194,0.000105,9.4e-05,4.5e-05,0.000117,0.000222,0.000141,0.000164,0.000901,0.00032,0.000224,0.000121,5.2e-05,0.000256,0.000189,1e-06,60.1,4.13,0.0245,9e-06,60.0
flk_11_02,FLK_0011_3p_fm9p5hz_m06_cond11,flk_sim_11,11,ABC,B,train,Flicker,0,SCENARIO_CONTROLLER,9.5,0.06,0.05,9.5,0.622392,0.913563,1.467825,0.1117,2.6,60.0,60.1617,15.46,0.867225,0.001466,0.00083,0.00057,0.000433,0.000274,0.00025,0.00026,8.5e-05,0.000246,0.000241,0.00169,0.000957,0.000657,0.000499,0.000288,9.8e-05,0.000278,4e-06,60.12,5.13,0.0251,1.9e-05,60.0
flk_11_03,FLK_0011_3p_fm9p5hz_m06_cond11,flk_sim_11,11,ABC,B,train,Flicker,0,SCENARIO_CONTROLLER,9.5,0.06,0.0504,9.5,0.623345,0.913563,1.465582,0.0584,2.6,60.0,60.1617,15.58,0.868405,0.00101,0.000406,0.000257,0.000265,9.8e-05,0.000148,6.8e-05,0.000224,3.3e-05,0.000135,0.001163,0.000468,0.000296,0.000305,0.00017,0.000258,0.000155,1e-06,60.1,4.12,0.0254,9e-06,60.0
flk_11_04,FLK_0011_3p_fm9p5hz_m06_cond11,flk_sim_11,11,ABC,B,train,Flicker,0,SCENARIO_CONTROLLER,9.5,0.06,0.0501,9.5,0.622908,0.913563,1.46661,0.118,2.6,60.0,60.1617,15.58,0.86765,0.001698,0.000872,0.000651,0.000434,0.000529,0.000318,0.000285,0.000274,0.000337,0.000321,0.001957,0.001005,0.00075,0.0005,0.000367,0.000316,0.00037,5e-06,60.12,5.58,0.0256,2.5e-05,60.0
flk_11_05,FLK_0011_3p_fm9p5hz_m06_cond11,flk_sim_11,11,ABC,C,train,Flicker,0,SCENARIO_CONTROLLER,9.5,0.06,0.0495,9.5,0.616404,0.901367,1.462299,0.0583,0.0,60.0,60.2145,15.38,0.857429,0.001221,0.000429,0.00025,0.000158,5.1e-05,0.000203,8e-05,9.8e-05,9.8e-05,0.000139,0.001424,0.0005,0.000292,0.000184,0.000237,0.000114,0.000162,2e-06,60.1,3.91,0.0275,6e-06,60.0
flk_11_06,FLK_0011_3p_fm9p5hz_m06_cond11,flk_sim_11,11,ABC,B,train,Flicker,0,SCENARIO_CONTROLLER,9.5,0.06,0.0499,9.5,0.623963,0.913563,1.464131,0.0628,2.6,60.0,60.2264,15.7,0.868772,0.001286,0.000455,0.000275,0.000271,0.000226,0.000133,9.6e-05,0.000187,0.00016,0.000177,0.00148,0.000524,0.000317,0.000312,0.000153,0.000215,0.000204,2e-06,60.09,4.12,0.0262,8e-06,60.0
flk_11_07,FLK_0011_3p_fm9p5hz_m06_cond11,flk_sim_11,11,ABC,B,train,Flicker,0,SCENARIO_CONTROLLER,9.5,0.06,0.0495,9.5,0.622941,0.913563,1.466533,0.1758,2.6,60.0,60.2264,15.66,0.867197,0.002331,0.001231,0.000858,0.000719,0.00061,0.000539,0.00039,0.000321,0.00037,0.000256,0.002688,0.00142,0.000989,0.000829,0.000622,0.00037,0.000295,9e-06,60.14,6.88,0.0265,4.5e-05,60.0
flk_11_08,FLK_0011_3p_fm9p5hz_m06_cond11,flk_sim_11,11,ABC,B,train,Flicker,0,SCENARIO_CONTROLLER,9.5,0.06,0.0503,9.5,0.623375,0.913563,1.465512,0.1272,2.6,60.0,60.2212,15.68,0.867871,0.001738,0.000957,0.000646,0.000408,0.000454,0.000368,0.000332,0.000297,0.000132,0.000149,0.002003,0.001103,0.000744,0.00047,0.000424,0.000342,0.000172,5e-06,60.12,5.59,0.0264,2.5e-05,60.0
flk_11_09,FLK_0011_3p_fm9p5hz_m06_cond11,flk_sim_11,11,ABC,B,train,Flicker,0,SCENARIO_CONTROLLER,9.5,0.06,0.0506,9.5,0.623585,0.913563,1.465018,0.1027,2.6,60.0,60.2212,15.69,0.868208,0.001455,0.000727,0.000428,0.000437,0.00015,0.000276,0.000257,0.000111,0.000279,0.000306,0.001676,0.000837,0.000493,0.000503,0.000318,0.000128,0.000352,3e-06,60.1,4.8,0.0263,1.5e-05,60.0
flk_11_10,FLK_0011_3p_fm9p5hz_m06_cond11,flk_sim_11,11,ABC,C,train,Flicker,0,SCENARIO_CONTROLLER,9.5,0.06,0.0504,9.0,0.615662,0.901367,1.464062,0.0929,0.0,60.0,60.1909,15.32,0.856483,0.001423,0.000746,0.00044,0.000265,0.000312,7.9e-05,0.000204,0.000164,0.000253,0.000163,0.001661,0.000871,0.000514,0.000309,9.2e-05,0.000191,0.00019,3e-06,60.11,4.76,0.0273,1.5e-05,60.0
flk_11_11,FLK_0011_3p_fm9p5hz_m06_cond11,flk_sim_11,11,ABC,B,train,Flicker,0,SCENARIO_CONTROLLER,9.5,0.06,0.0529,9.0,0.622809,0.913563,1.466844,0.0689,2.6,60.0,60.1543,15.57,0.867586,0.001219,0.00053,0.000324,0.00024,3.8e-05,0.000137,0.000133,3e-05,4.2e-05,0.000283,0.001405,0.000611,0.000373,0.000277,0.000158,3.5e-05,0.000326,2e-06,60.1,4.32,0.0255,9e-06,60.0
flk_11_12,FLK_0011_3p_fm9p5hz_m06_cond11,flk_sim_11,11,ABC,A,train,Flicker,0,SCENARIO_CONTROLLER,9.5,0.06,0.0527,9.0,0.620293,0.907522,1.463055,0.0452,0.0,60.0,60.1219,15.53,0.864331,0.000911,0.000278,0.000357,0.000219,5.4e-05,0.000164,0.000114,3e-05,8.6e-05,7e-05,0.001054,0.000322,0.000413,0.000253,0.00019,3.5e-05,8.1e-05,1e-06,60.1,3.94,0.0251,8e-06,60.0
flk_11_13,FLK_0011_3p_fm9p5hz_m06_cond11,flk_sim_11,11,ABC,C,train,Flicker,0,SCENARIO_CONTROLLER,9.5,0.06,0.0523,9.0,0.614724,0.901367,1.466295,0.0421,0.0,60.0,60.092,15.15,0.855808,0.000826,0.000329,0.000171,2.5e-05,6.9e-05,0.000144,2.1e-05,3.1e-05,0.000104,5.1e-05,0.000965,0.000384,0.0002,2.9e-05,0.000168,3.6e-05,6e-05,1e-06,60.1,3.87,0.0262,6e-06,60.0
flk_11_14,FLK_0011_3p_fm9p5hz_m06_cond11,flk_sim_11,11,ABC,B,train,Flicker,0,SCENARIO_CONTROLLER,9.5,0.06,0.0526,9.0,0.621718,0.913563,1.469417,0.0347,2.6,60.0,60.0566,15.41,0.866603,0.000555,0.000268,0.000104,0.000133,0.000175,3e-05,9.7e-05,8.4e-05,0.000151,0.000234,0.00064,0.000309,0.00012,0.000153,3.5e-05,9.7e-05,0.00027,1e-06,60.1,4.05,0.0245,7e-06,60.0
flk_11_15,FLK_0011_3p_fm9p5hz_m06_cond11,flk_sim_11,11,ABC,B,train,Flicker,0,SCENARIO_CONTROLLER,9.5,0.06,0.0503,9.5,0.621168,0.913563,1.470718,0.0461,2.6,60.0,60.0566,15.39,0.865884,0.000729,0.000376,0.000253,8.3e-05,0.000255,0.000107,5.2e-05,0.000235,0.000122,0.000322,0.000842,0.000434,0.000292,9.6e-05,0.000124,0.000271,0.000372,1e-06,60.1,4.21,0.0245,9e-06,60.0
flk_11_16,FLK_0011_3p_fm9p5hz_m06_cond11,flk_sim_11,11,ABC,B,train,Flicker,0,SCENARIO_CONTROLLER,9.5,0.06,0.0503,9.5,0.620974,0.913563,1.471178,0.0234,2.6,60.0,59.9523,15.35,0.865709,0.000506,0.00011,7.7e-05,0.00017,7.9e-05,1.5e-05,6.2e-05,0.000125,0.000132,0.000216,0.000584,0.000127,8.9e-05,0.000196,1.7e-05,0.000144,0.00025,0.0,60.1,4.04,0.0243,6e-06,60.0
flk_11_17,FLK_0011_3p_fm9p5hz_m06_cond11,flk_sim_11,11,ABC,B,train,Flicker,0,SCENARIO_CONTROLLER,9.5,0.06,0.0503,9.5,0.620663,0.913563,1.471914,0.0427,2.4,60.0,59.9523,15.35,0.8652,0.00074,0.000312,0.000188,0.000188,4.5e-05,6.1e-05,0.000152,0.000115,0.00012,0.000192,0.000855,0.000361,0.000217,0.000217,7.1e-05,0.000133,0.000222,1e-06,60.1,4.08,0.0244,7e-06,60.0
flk_11_18,FLK_0011_3p_fm9p5hz_m06_cond11,flk_sim_11,11,ABC,B,train,Flicker,0,SCENARIO_CONTROLLER,9.5,0.06,0.0504,9.5,0.620686,0.913563,1.47186,0.055,1.4,60.0,59.9523,15.4,0.865193,0.0009,0.000425,0.000204,0.000192,0.000205,9.7e-05,0.00019,0.000191,0.000187,0.000336,0.00104,0.000491,0.000236,0.000222,0.000112,0.000221,0.000388,1e-06,60.1,4.29,0.0245,8e-06,60.0
flk_11_19,FLK_0011_3p_fm9p5hz_m06_cond11,flk_sim_11,11,ABC,B,train,Flicker,0,SCENARIO_CONTROLLER,9.5,0.06,0.0506,9.5,0.620736,0.913563,1.471742,0.086,1.4,60.0,59.8706,15.46,0.864941,0.001365,0.000582,0.000463,0.000416,0.000302,0.000202,0.000167,7.1e-05,0.000229,0.000397,0.001578,0.000673,0.000535,0.000481,0.000234,8.2e-05,0.000459,3e-06,60.11,4.88,0.0251,1.5e-05,60.0
flk_11_20,FLK_0011_3p_fm9p5hz_m06_cond11,flk_sim_11,11,ABC,B,train,Flicker,0,SCENARIO_CONTROLLER,9.5,0.06,0.0509,10.0,0.620197,0.913563,1.473022,0.0421,1.4,60.0,59.8706,15.45,0.864092,0.000895,0.000321,0.000161,0.000167,0.000216,3.4e-05,5.9e-05,0.000107,0.000108,0.000217,0.001036,0.000371,0.000186,0.000193,3.9e-05,0.000124,0.000251,1e-06,60.1,4.08,0.0252,7e-06,60.0
flk_11_21,FLK_0011_3p_fm9p5hz_m06_cond11,flk_sim_11,11,ABC,B,train,Flicker,0,SCENARIO_CONTROLLER,9.5,0.06,0.0504,10.0,0.621053,0.913563,1.470991,0.1395,1.4,60.0,59.8706,15.56,0.865059,0.001732,0.001061,0.000711,0.000442,0.000593,0.000369,0.000349,0.00035,0.000388,0.000111,0.002002,0.001227,0.000822,0.000511,0.000427,0.000405,0.000128,6e-06,60.13,5.84,0.0256,2.7e-05,60.0
flk_11_22,FLK_0011_3p_fm9p5hz_m06_cond11,flk_sim_11,11,ABC,B,train,Flicker,0,SCENARIO_CONTROLLER,9.5,0.06,0.0508,10.0,0.620636,0.913563,1.471978,0.0996,1.4,60.0,59.8149,15.61,0.864135,0.001522,0.000722,0.000595,0.000371,0.000492,0.000285,0.000299,0.000287,0.000249,0.000171,0.001761,0.000836,0.000689,0.000429,0.00033,0.000332,0.000198,4e-06,60.11,5.11,0.0262,2e-05,60.0
flk_11_23,FLK_0011_3p_fm9p5hz_m06_cond11,flk_sim_11,11,ABC,A,train,Flicker,0,SCENARIO_CONTROLLER,9.5,0.06,0.0516,10.0,0.618397,0.907712,1.467846,0.1174,0.0,60.0,59.8047,15.66,0.860912,0.001583,0.000863,0.000355,0.000375,0.000488,0.000369,0.000366,0.000243,0.000248,0.000249,0.001839,0.001002,0.000412,0.000436,0.000429,0.000282,0.000289,4e-06,60.11,4.97,0.0264,1.8e-05,60.0
flk_11_24,FLK_0011_3p_fm9p5hz_m06_cond11,flk_sim_11,11,ABC,C,train,Flicker,0,SCENARIO_CONTROLLER,9.5,0.06,0.0529,10.0,0.613148,0.899724,1.467386,0.1077,0.0,60.0,59.7938,15.35,0.852507,0.001616,0.000729,0.000409,0.000412,0.000289,0.000375,0.000256,0.000201,0.000282,0.000198,0.001896,0.000855,0.00048,0.000483,0.00044,0.000236,0.000232,4e-06,60.11,5.02,0.0281,1.7e-05,60.0
flk_11_25,FLK_0011_3p_fm9p5hz_m06_cond11,flk_sim_11,11,ABC,B,train,Flicker,0,SCENARIO_CONTROLLER,9.5,0.06,0.0541,10.0,0.620541,0.913563,1.472205,0.0707,1.4,60.0,59.7973,15.65,0.863778,0.001504,0.000541,0.000301,0.000187,0.000227,0.000215,0.000226,0.000243,0.000132,0.000249,0.001741,0.000626,0.000348,0.000216,0.000249,0.000281,0.000288,3e-06,60.1,4.62,0.0266,1.3e-05,60.0
flk_11_26,FLK_0011_3p_fm9p5hz_m06_cond11,flk_sim_11,11,ABC,A,train,Flicker,0,SCENARIO_CONTROLLER,9.5,0.06,0.0539,10.0,0.618315,0.907712,1.468041,0.0783,0.0,60.0,59.805,15.64,0.860791,0.001343,0.000613,0.000444,0.000252,9.1e-05,0.000122,0.000137,0.000155,0.000102,0.000181,0.00156,0.000712,0.000516,0.000293,0.000142,0.00018,0.00021,3e-06,60.09,4.09,0.0264,9e-06,60.0
flk_11_27,FLK_0011_3p_fm9p5hz_m06_cond11,flk_sim_11,11,ABC,C,train,Flicker,0,SCENARIO_CONTROLLER,9.5,0.06,0.0538,10.0,0.613098,0.899724,1.467505,0.0629,0.0,60.0,59.8049,15.28,0.852646,0.001274,0.000464,0.000331,0.000225,0.000164,0.000147,7.8e-05,9.2e-05,9.2e-05,3.7e-05,0.001494,0.000544,0.000388,0.000264,0.000172,0.000108,4.3e-05,2e-06,60.1,4.19,0.0278,8e-06,60.0
flk_11_28,FLK_0011_3p_fm9p5hz_m06_cond11,flk_sim_11,11,ABC,C,train,Flicker,0,SCENARIO_CONTROLLER,9.5,0.06,0.0515,10.0,0.61387,0.899724,1.465659,0.1494,0.0,60.0,59.8049,15.31,0.853813,0.001921,0.00108,0.000602,0.000511,0.000462,0.000449,0.000336,0.000265,0.000271,0.000267,0.00225,0.001265,0.000705,0.000598,0.000526,0.00031,0.000313,6e-06,60.13,6.0,0.0276,3e-05,60.0
flk_11_29,FLK_0011_3p_fm9p5hz_m06_cond11,flk_sim_11,11,ABC,A,train,Flicker,0,SCENARIO_CONTROLLER,9.5,0.06,0.0504,9.5,0.618508,0.907712,1.467582,0.0561,0.0,60.0,59.8475,15.5,0.861572,0.000989,0.000455,7.4e-05,0.000152,0.00022,5.8e-05,0.000251,0.000127,0.000129,9.9e-05,0.001148,0.000528,8.6e-05,0.000176,6.7e-05,0.000147,0.000115,1e-06,60.09,3.96,0.0255,8e-06,60.0
flk_11_30,FLK_0011_3p_fm9p5hz_m06_cond11,flk_sim_11,11,ABC,B,train,Flicker,0,SCENARIO_CONTROLLER,9.5,0.06,0.0509,9.5,0.621318,0.913563,1.470364,0.0852,2.2,60.0,59.8925,15.47,0.8658,0.001294,0.000568,0.000487,0.000411,0.000402,0.000229,0.000191,0.00022,0.000144,0.000234,0.001495,0.000656,0.000562,0.000475,0.000264,0.000254,0.00027,3e-06,60.11,4.67,0.025,1.4e-05,60.0
flk_11_31,FLK_0011_3p_fm9p5hz_m06_cond11,flk_sim_11,11,ABC,B,train,Flicker,0,SCENARIO_CONTROLLER,9.5,0.06,0.0511,9.5,0.621125,0.913563,1.470819,0.0413,2.2,60.0,59.8925,15.4,0.865602,0.000979,0.000317,0.000136,0.0001,0.000199,0.00013,0.000101,7.1e-05,0.000151,0.000168,0.001131,0.000366,0.000157,0.000116,0.00015,8.2e-05,0.000194,1e-06,60.1,4.17,0.0249,9e-06,60.0
flk_11_32,FLK_0011_3p_fm9p5hz_m06_cond11,flk_sim_11,11,ABC,B,train,Flicker,0,SCENARIO_CONTROLLER,9.5,0.06,0.0505,9.5,0.621652,0.913563,1.469574,0.0664,2.2,60.0,59.8925,15.38,0.866539,0.000906,0.000509,0.000406,0.000231,0.000268,0.000138,0.000177,0.000286,0.00016,0.000226,0.001046,0.000587,0.000469,0.000267,0.000159,0.00033,0.000261,2e-06,60.11,4.44,0.0245,1.2e-05,60.0
flk_12_01,FLK_0012_3p_fm8p8hz_m065_cond12,flk_sim_12,12,ABC,B,train,Flicker,0,SCENARIO_CONTROLLER,8.8,0.065,0.06,9.0,0.586691,0.864003,1.472672,0.303,0.0,60.0,59.6706,14.34,0.814329,0.004096,0.002021,0.001509,0.001205,0.001051,0.000743,0.000733,0.000655,0.000557,0.000408,0.00503,0.002482,0.001853,0.00148,0.000912,0.000804,0.000501,2.8e-05,60.19,10.19,0.0335,0.000125,60.0
flk_12_02,FLK_0012_3p_fm8p8hz_m065_cond12,flk_sim_12,12,ABC,C,train,Flicker,0,SCENARIO_CONTROLLER,8.8,0.065,0.0593,9.0,0.57415,0.846698,1.474697,0.1278,0.8,60.0,59.7061,14.15,0.796516,0.002512,0.00097,0.000436,0.000256,0.000383,0.000172,0.000158,0.000144,0.000187,0.000108,0.003154,0.001218,0.000547,0.000321,0.000216,0.000181,0.000136,8e-06,60.08,4.59,0.034,1.4e-05,60.0
flk_12_03,FLK_0012_3p_fm8p8hz_m065_cond12,flk_sim_12,12,ABC,B,train,Flicker,0,SCENARIO_CONTROLLER,8.8,0.065,0.0587,9.0,0.585988,0.864003,1.474437,0.102,0.0,60.0,59.7465,14.54,0.814447,0.002106,0.000793,0.000399,0.000185,0.000245,0.000164,5.2e-05,0.000106,3.5e-05,0.000103,0.002586,0.000974,0.00049,0.000227,0.000201,0.00013,0.000126,5e-06,60.08,4.24,0.0313,9e-06,60.0
flk_12_04,FLK_0012_3p_fm8p8hz_m065_cond12,flk_sim_12,12,ABC,A,train,Flicker,0,SCENARIO_CONTROLLER,8.8,0.065,0.0562,9.0,0.583978,0.859436,1.471693,0.0933,0.0,60.0,59.7875,14.67,0.812108,0.001855,0.000651,0.000362,0.000292,0.000201,0.000255,9.8e-05,0.000109,0.000106,0.000191,0.002284,0.000802,0.000446,0.00036,0.000314,0.000134,0.000235,4e-06,60.08,4.29,0.0303,1.1e-05,60.0
flk_12_05,FLK_0012_3p_fm8p8hz_m065_cond12,flk_sim_12,12,ABC,C,train,Flicker,0,SCENARIO_CONTROLLER,8.8,0.065,0.0559,9.0,0.575,0.846698,1.472518,0.0932,0.8,60.0,59.8242,14.47,0.799081,0.001617,0.000695,0.000464,0.000217,0.000155,0.000155,0.000178,0.000144,7.7e-05,0.000118,0.002024,0.00087,0.000581,0.000272,0.000194,0.00018,0.000148,3e-06,60.1,4.29,0.0312,1.2e-05,60.0
flk_12_06,FLK_0012_3p_fm8p8hz_m065_cond12,flk_sim_12,12,ABC,B,train,Flicker,0,SCENARIO_CONTROLLER,8.8,0.065,0.0537,9.0,0.587263,0.864003,1.471238,0.0942,0.0,60.0,59.8836,14.89,0.817437,0.001557,0.0007,0.00042,0.000202,0.000195,0.00025,0.000312,0.000195,0.00015,3.1e-05,0.001905,0.000856,0.000514,0.000247,0.000306,0.000239,3.8e-05,3e-06,60.1,4.7,0.0287,1.4e-05,60.0
flk_12_07,FLK_0012_3p_fm8p8hz_m065_cond12,flk_sim_12,12,ABC,B,train,Flicker,0,SCENARIO_CONTROLLER,8.8,0.065,0.0518,9.0,0.588171,0.864003,1.468967,0.0872,0.0,60.0,59.8836,14.92,0.818995,0.001442,0.000554,0.000368,0.000369,0.000189,0.000258,6.5e-05,0.000127,0.0002,2.6e-05,0.001761,0.000676,0.000449,0.000451,0.000315,0.000155,3.2e-05,3e-06,60.1,4.64,0.028,1.3e-05,60.0
flk_12_08,FLK_0012_3p_fm8p8hz_m065_cond12,flk_sim_12,12,ABC,C,train,Flicker,0,SCENARIO_CONTROLLER,8.8,0.065,0.0521,9.0,0.576663,0.846698,1.468271,0.0672,0.8,60.0,59.9822,14.71,0.802119,0.001365,0.000487,0.00023,0.000194,0.000276,0.000126,0.000166,4.2e-05,5.2e-05,0.000108,0.001702,0.000607,0.000287,0.000242,0.000157,5.2e-05,0.000135,2e-06,60.11,4.25,0.0296,1e-05,60.0
flk_12_09,FLK_0012_3p_fm8p8hz_m065_cond12,flk_sim_12,12,ABC,B,train,Flicker,0,SCENARIO_CONTROLLER,8.8,0.065,0.0527,9.0,0.589053,0.864003,1.466767,0.0549,0.0,60.0,60.0389,15.05,0.820267,0.001185,0.000428,0.000257,5e-05,0.000202,0.000131,0.000172,8.9e-05,0.000121,0.000158,0.001445,0.000522,0.000313,6.1e-05,0.00016,0.000109,0.000193,2e-06,60.1,4.09,0.028,8e-06,60.0
flk_12_10,FLK_0012_3p_fm8p8hz_m065_cond12,flk_sim_12,12,ABC,A,train,Flicker,0,SCENARIO_CONTROLLER,8.8,0.065,0.0515,9.0,0.587269,0.859436,1.463447,0.0537,0.0,60.0,60.1003,15.01,0.817606,0.001504,0.00038,0.000192,0.000199,0.000117,9.6e-05,1e-05,4.6e-05,5.7e-05,7.3e-05,0.00184,0.000465,0.000235,0.000243,0.000117,5.6e-05,8.9e-05,3e-06,60.09,4.09,0.0284,8e-06,60.0
flk_12_11,FLK_0012_3p_fm8p8hz_m065_cond12,flk_sim_12,12,ABC,C,train,Flicker,0,SCENARIO_CONTROLLER,8.8,0.065,0.0513,9.0,0.578478,0.846698,1.463664,0.0861,0.2,60.0,60.1577,14.64,0.804152,0.001641,0.000625,0.000412,0.000252,0.000161,0.000157,0.000149,5.4e-05,0.000189,0.000102,0.002041,0.000777,0.000512,0.000313,0.000195,6.7e-05,0.000127,3e-06,60.1,4.41,0.0307,1.2e-05,60.0
flk_12_12,FLK_0012_3p_fm8p8hz_m065_cond12,flk_sim_12,12,ABC,B,train,Flicker,0,SCENARIO_CONTROLLER,8.8,0.065,0.051,9.0,0.59064,0.864003,1.462826,0.144,0.0,60.0,60.2044,14.84,0.821631,0.002232,0.001025,0.000592,0.000435,0.000342,0.000401,0.000341,0.000298,0.000199,0.000323,0.002717,0.001248,0.000721,0.000529,0.000488,0.000363,0.000393,7e-06,60.11,5.74,0.0299,2.9e-05,60.0
flk_12_13,FLK_0012_3p_fm8p8hz_m065_cond12,flk_sim_12,12,ABC,C,train,Flicker,0,SCENARIO_CONTROLLER,8.8,0.065,0.0526,8.5,0.57995,0.846698,1.459949,0.1862,0.2,60.0,60.3032,14.27,0.804974,0.002834,0.001259,0.000963,0.000668,0.000411,0.000465,0.00044,0.000261,0.000244,0.000262,0.003521,0.001564,0.001196,0.00083,0.000578,0.000324,0.000325,1.2e-05,60.11,6.62,0.0333,4.2e-05,60.0
flk_12_14,FLK_0012_3p_fm8p8hz_m065_cond12,flk_sim_12,12,ABC,C,train,Flicker,0,SCENARIO_CONTROLLER,8.8,0.065,0.0523,8.5,0.579606,0.846698,1.460816,0.253,0.2,60.0,60.3032,14.25,0.804347,0.003505,0.001726,0.001169,0.000895,0.000855,0.000602,0.000612,0.000489,0.000414,0.000384,0.004358,0.002146,0.001453,0.001113,0.000748,0.000608,0.000477,1.9e-05,60.16,8.66,0.0337,8.5e-05,60.0
flk_12_15,FLK_0012_3p_fm8p8hz_m065_cond12,flk_sim_12,12,ABC,A,train,Flicker,0,SCENARIO_CONTROLLER,8.8,0.065,0.0521,8.0,0.590245,0.859436,1.456067,0.1483,0.0,60.0,60.3543,14.35,0.819598,0.002984,0.001073,0.000647,0.000438,0.000314,0.000365,0.000321,0.000262,0.000181,0.000225,0.003641,0.001309,0.000789,0.000534,0.000445,0.00032,0.000275,1.1e-05,60.07,5.29,0.0328,2e-05,60.0
flk_12_16,FLK_0012_3p_fm8p8hz_m065_cond12,flk_sim_12,12,ABC,C,train,Flicker,0,SCENARIO_CONTROLLER,8.8,0.065,0.0549,8.0,0.581284,0.846698,1.456599,0.144,0.2,60.0,60.3824,13.99,0.805863,0.002874,0.001047,0.000459,0.000406,0.000403,0.000294,0.000251,0.000196,0.000189,0.000111,0.003566,0.001299,0.00057,0.000504,0.000365,0.000243,0.000138,1e-05,60.06,4.78,0.0351,1.7e-05,60.0
flk_12_17,FLK_0012_3p_fm8p8hz_m065_cond12,flk_sim_12,12,ABC,B,train,Flicker,0,SCENARIO_CONTROLLER,8.8,0.065,0.0556,8.5,0.592809,0.864003,1.457474,0.1409,0.0,60.0,60.3757,14.27,0.822833,0.002732,0.001047,0.000469,0.00047,0.000269,0.000165,0.000196,0.000119,9.4e-05,0.000151,0.00332,0.001272,0.00057,0.000571,0.000201,0.000145,0.000184,9e-06,60.06,4.44,0.0333,1e-05,60.0
flk_12_18,FLK_0012_3p_fm8p8hz_m065_cond12,flk_sim_12,12,ABC,A,train,Flicker,0,SCENARIO_CONTROLLER,8.8,0.065,0.057,8.5,0.59027,0.859436,1.456005,0.1319,0.0,60.0,60.3736,14.27,0.819311,0.002639,0.000991,0.000596,0.000321,0.000307,0.000289,6.1e-05,0.000197,0.000133,0.000202,0.003221,0.00121,0.000727,0.000392,0.000353,0.00024,0.000247,9e-06,60.06,4.59,0.0333,1.2e-05,60.0
flk_12_19,FLK_0012_3p_fm8p8hz_m065_cond12,flk_sim_12,12,ABC,C,train,Flicker,0,SCENARIO_CONTROLLER,8.8,0.065,0.0609,8.5,0.580699,0.846698,1.458068,0.1544,0.2,60.0,60.3702,14.04,0.805089,0.002818,0.001116,0.000753,0.000453,0.000226,0.000307,0.000157,0.000223,0.000159,0.000132,0.0035,0.001386,0.000935,0.000563,0.000381,0.000277,0.000164,1e-05,60.07,4.9,0.035,1.6e-05,60.0
flk_12_20,FLK_0012_3p_fm8p8hz_m065_cond12,flk_sim_12,12,ABC,A,train,Flicker,0,SCENARIO_CONTROLLER,8.8,0.065,0.0612,8.5,0.587915,0.859436,1.461839,0.2788,0.0,60.0,60.3056,14.48,0.816572,0.003794,0.0019,0.001305,0.001046,0.00089,0.000693,0.000635,0.000622,0.00049,0.000411,0.004646,0.002327,0.001598,0.001281,0.000849,0.000762,0.000503,2.3e-05,60.17,9.36,0.0325,0.000102,60.0
flk_12_21,FLK_0012_3p_fm8p8hz_m065_cond12,flk_sim_12,12,ABC,C,train,Flicker,0,SCENARIO_CONTROLLER,8.8,0.065,0.0648,8.5,0.578269,0.846698,1.464194,0.245,0.2,60.0,60.2752,14.32,0.802585,0.003352,0.001695,0.001137,0.000823,0.000589,0.000563,0.000558,0.000511,0.00044,0.000358,0.004177,0.002112,0.001417,0.001025,0.000701,0.000637,0.000446,1.8e-05,60.15,8.15,0.0335,7.3e-05,60.0
flk_12_22,FLK_0012_3p_fm8p8hz_m065_cond12,flk_sim_12,12,ABC,B,train,Flicker,0,SCENARIO_CONTROLLER,8.8,0.065,0.0669,9.0,0.58916,0.864003,1.466501,0.174,0.0,60.0,60.2208,14.76,0.819188,0.002478,0.001209,0.000853,0.000628,0.000464,0.000422,0.000465,0.000254,0.000301,0.000311,0.003025,0.001476,0.001041,0.000767,0.000515,0.00031,0.00038,1e-05,60.11,6.13,0.0307,3.5e-05,60.0
flk_12_23,FLK_0012_3p_fm8p8hz_m065_cond12,flk_sim_12,12,ABC,A,train,Flicker,0,SCENARIO_CONTROLLER,8.8,0.065,0.0656,9.0,0.586297,0.859436,1.465873,0.1149,0.0,60.0,60.1714,14.87,0.815642,0.001938,0.000833,0.000556,0.000405,0.000254,0.000143,0.000295,9.4e-05,0.000233,0.000233,0.002376,0.001021,0.000682,0.000497,0.000175,0.000115,0.000286,5e-06,60.1,4.94,0.0297,1.8e-05,60.0
flk_12_24,FLK_0012_3p_fm8p8hz_m065_cond12,flk_sim_12,12,ABC,C,train,Flicker,0,SCENARIO_CONTROLLER,8.8,0.065,0.0635,9.0,0.576475,0.846698,1.468751,0.0846,0.2,60.0,60.1237,14.65,0.801399,0.001491,0.000645,0.000408,0.000177,0.000241,0.000109,0.0002,0.000101,0.000129,9.2e-05,0.00186,0.000805,0.000509,0.000221,0.000136,0.000126,0.000115,3e-06,60.1,4.24,0.0306,1.1e-05,60.0
flk_12_25,FLK_0012_3p_fm8p8hz_m065_cond12,flk_sim_12,12,ABC,B,train,Flicker,0,SCENARIO_CONTROLLER,8.8,0.065,0.0592,9.0,0.58711,0.864003,1.471622,0.0664,0.0,60.0,60.0634,14.99,0.817346,0.001269,0.000497,0.000146,0.000183,9.8e-05,0.000117,0.000149,6.5e-05,3.5e-05,0.000103,0.001553,0.000608,0.000179,0.000224,0.000143,8e-05,0.000126,2e-06,60.1,4.01,0.0284,7e-06,60.0
flk_12_26,FLK_0012_3p_fm8p8hz_m065_cond12,flk_sim_12,12,ABC,A,train,Flicker,0,SCENARIO_CONTROLLER,8.8,0.065,0.0514,9.0,0.584241,0.859436,1.471031,0.0659,0.0,60.0,60.0113,15.0,0.813468,0.00109,0.000482,0.000231,0.000223,0.000205,7.8e-05,2.3e-05,6.1e-05,5.1e-05,0.000156,0.00134,0.000593,0.000284,0.000274,9.6e-05,7.5e-05,0.000192,2e-06,60.1,4.08,0.0281,9e-06,60.0
flk_12_27,FLK_0012_3p_fm8p8hz_m065_cond12,flk_sim_12,12,ABC,C,train,Flicker,0,SCENARIO_CONTROLLER,8.8,0.065,0.0509,9.0,0.574494,0.846698,1.473814,0.077,0.2,60.0,59.9564,14.67,0.798991,0.001379,0.000555,0.000442,0.00024,7.2e-05,0.000115,8.8e-05,0.000135,0.000103,0.000112,0.001726,0.000695,0.000553,0.0003,0.000144,0.000169,0.00014,3e-06,60.11,4.5,0.0298,1.3e-05,60.0
flk_12_28,FLK_0012_3p_fm8p8hz_m065_cond12,flk_sim_12,12,ABC,B,train,Flicker,0,SCENARIO_CONTROLLER,8.8,0.065,0.0522,9.0,0.585219,0.861641,1.47234,0.0933,0.0,60.0,59.905,14.91,0.814642,0.001515,0.000678,0.000453,0.000252,0.000217,0.000232,0.000151,0.0002,0.000128,5e-05,0.00186,0.000832,0.000556,0.000309,0.000285,0.000246,6.1e-05,3e-06,60.1,4.55,0.0285,1.3e-05,60.0
flk_12_29,FLK_0012_3p_fm8p8hz_m065_cond12,flk_sim_12,12,ABC,B,train,Flicker,0,SCENARIO_CONTROLLER,8.8,0.065,0.0522,9.0,0.585217,0.861641,1.472343,0.1247,0.0,60.0,59.905,14.95,0.81457,0.001711,0.000839,0.000547,0.000499,0.000353,0.000279,0.000197,0.000299,0.000167,0.000265,0.0021,0.00103,0.000672,0.000613,0.000343,0.000367,0.000325,5e-06,60.11,5.08,0.0287,2e-05,60.0
flk_12_30,FLK_0012_3p_fm8p8hz_m065_cond12,flk_sim_12,12,ABC,A,train,Flicker,0,SCENARIO_CONTROLLER,8.8,0.065,0.0514,9.0,0.583164,0.859436,1.473746,0.1719,0.0,60.0,59.8574,14.9,0.811372,0.002498,0.001212,0.000837,0.000601,0.000519,0.000341,0.000408,0.000431,0.000329,0.000379,0.003079,0.001494,0.001032,0.000741,0.00042,0.000531,0.000467,1e-05,60.13,6.73,0.0295,4.5e-05,60.0
flk_12_31,FLK_0012_3p_fm8p8hz_m065_cond12,flk_sim_12,12,ABC,B,train,Flicker,0,SCENARIO_CONTROLLER,8.8,0.065,0.0508,9.0,0.584273,0.861641,1.474723,0.0953,0.0,60.0,59.7711,14.62,0.812271,0.001892,0.000739,0.000318,0.000197,0.000151,0.000122,0.000242,0.000156,0.000113,9.6e-05,0.002329,0.00091,0.000391,0.000243,0.00015,0.000192,0.000118,4e-06,60.08,4.16,0.0308,9e-06,60.0
flk_12_32,FLK_0012_3p_fm8p8hz_m065_cond12,flk_sim_12,12,ABC,C,train,Flicker,0,SCENARIO_CONTROLLER,8.8,0.065,0.0518,9.0,0.574424,0.846698,1.473995,0.3019,0.2,60.0,59.6993,14.2,0.796906,0.003807,0.001993,0.00133,0.001098,0.000993,0.000782,0.000653,0.0005,0.000554,0.000421,0.004777,0.002501,0.001669,0.001378,0.000981,0.000627,0.000528,2.4e-05,60.2,9.82,0.0341,0.000116,60.0
flk_13_01,FLK_0013_3p_fm6p5hz_m05_cond13,flk_sim_13,13,ABC,B,train,Flicker,0,SCENARIO_CONTROLLER,6.5,0.05,0.0345,7.0,0.581565,0.846246,1.455117,0.0651,0.0,60.0,60.0343,16.54,0.81357,0.000869,0.000391,0.000282,0.000313,0.00017,0.000173,7e-05,7.9e-05,0.00014,0.00016,0.001068,0.000481,0.000347,0.000385,0.000213,9.7e-05,0.000197,1e-06,60.03,4.1,0.0204,9e-06,60.0
flk_13_02,FLK_0013_3p_fm6p5hz_m05_cond13,flk_sim_13,13,ABC,B,train,Flicker,0,SCENARIO_CONTROLLER,6.5,0.05,0.0345,7.0,0.581443,0.846246,1.455423,0.047,0.0,60.0,59.9547,16.51,0.813395,0.000858,0.000349,0.000148,0.000126,9.4e-05,9.1e-05,8.1e-05,0.000163,9.2e-05,0.000166,0.001055,0.000429,0.000182,0.000155,0.000112,0.0002,0.000204,1e-06,60.03,3.95,0.0204,8e-06,60.0
flk_13_03,FLK_0013_3p_fm6p5hz_m05_cond13,flk_sim_13,13,ABC,B,train,Flicker,0,SCENARIO_CONTROLLER,6.5,0.05,0.0346,6.5,0.580796,0.846246,1.457044,0.0685,0.0,60.0,59.9547,16.49,0.812525,0.001025,0.000423,0.000342,0.000306,0.000127,0.000194,0.00014,0.000125,0.00015,0.000195,0.001261,0.000521,0.000421,0.000377,0.000239,0.000154,0.00024,2e-06,60.03,4.03,0.0204,1e-05,60.0
flk_13_04,FLK_0013_3p_fm6p5hz_m05_cond13,flk_sim_13,13,ABC,A,train,Flicker,0,SCENARIO_CONTROLLER,6.5,0.05,0.0363,6.5,0.578296,0.842753,1.457305,0.0742,0.0,60.0,59.9283,16.37,0.809084,0.001201,0.00055,0.000282,0.000181,0.000121,0.000159,0.000125,3.1e-05,0.000138,8.5e-05,0.001484,0.00068,0.000349,0.000224,0.000197,3.8e-05,0.000105,2e-06,60.03,4.07,0.0205,1e-05,60.0
flk_13_05,FLK_0013_3p_fm6p5hz_m05_cond13,flk_sim_13,13,ABC,C,train,Flicker,0,SCENARIO_CONTROLLER,6.5,0.05,0.0416,6.5,0.57337,0.836212,1.458418,0.0672,0.0,60.0,59.8972,15.87,0.80161,0.001343,0.000494,0.000313,0.0002,0.000122,8e-05,0.000107,0.000136,0.000172,0.000176,0.001675,0.000616,0.00039,0.000249,0.0001,0.00017,0.00022,2e-06,60.03,3.96,0.0219,1e-05,60.0
flk_13_06,FLK_0013_3p_fm6p5hz_m05_cond13,flk_sim_13,13,ABC,B,train,Flicker,0,SCENARIO_CONTROLLER,6.5,0.05,0.0445,6.5,0.579431,0.846246,1.460479,0.0735,0.0,60.0,59.8772,16.02,0.810874,0.001418,0.000507,0.000255,0.000255,0.000149,0.000182,7.3e-05,6.3e-05,4.3e-05,0.000144,0.001749,0.000625,0.000314,0.000314,0.000224,7.8e-05,0.000178,2e-06,60.02,3.8,0.0206,8e-06,60.0
flk_13_07,FLK_0013_3p_fm6p5hz_m05_cond13,flk_sim_13,13,ABC,A,train,Flicker,0,SCENARIO_CONTROLLER,6.5,0.05,0.0447,6.5,0.577043,0.842753,1.460468,0.0861,0.0,60.0,59.8532,15.81,0.807662,0.001579,0.000658,0.000347,0.000182,0.000271,0.000131,8.1e-05,2.6e-05,8e-06,7.9e-05,0.001955,0.000815,0.00043,0.000225,0.000162,3.2e-05,9.8e-05,3e-06,60.02,3.92,0.0207,9e-06,60.0
flk_13_08,FLK_0013_3p_fm6p5hz_m05_cond13,flk_sim_13,13,ABC,C,train,Flicker,0,SCENARIO_CONTROLLER,6.5,0.05,0.0493,6.0,0.572178,0.836212,1.461454,0.0994,0.0,60.0,59.825,15.26,0.800344,0.001919,0.00072,0.000478,0.000292,0.000303,0.000168,0.000156,0.00014,0.000103,0.000218,0.002398,0.0009,0.000597,0.000365,0.00021,0.000175,0.000272,5e-06,60.02,4.25,0.022,1.3e-05,60.0
flk_13_09,FLK_0013_3p_fm6p5hz_m05_cond13,flk_sim_13,13,ABC,B,train,Flicker,0,SCENARIO_CONTROLLER,6.5,0.05,0.0492,6.0,0.578618,0.846246,1.462531,0.132,0.0,60.0,59.8131,15.41,0.810147,0.002225,0.0009,0.000598,0.000452,0.000296,0.00036,0.000285,0.000169,0.000172,0.000182,0.002746,0.001111,0.000738,0.000558,0.000444,0.000209,0.000225,7e-06,60.03,5.31,0.0207,2.3e-05,60.0
flk_13_10,FLK_0013_3p_fm6p5hz_m05_cond13,flk_sim_13,13,ABC,A,train,Flicker,0,SCENARIO_CONTROLLER,6.5,0.05,0.0476,6.0,0.576467,0.842753,1.461928,0.1727,0.0,60.0,59.7958,15.23,0.807279,0.002607,0.001237,0.000715,0.000551,0.000438,0.000333,0.000415,0.000343,0.000218,0.000223,0.003229,0.001532,0.000886,0.000683,0.000412,0.000425,0.000276,1e-05,60.04,5.94,0.0207,3.3e-05,60.0
flk_13_11,FLK_0013_3p_fm6p5hz_m05_cond13,flk_sim_13,13,ABC,C,train,Flicker,0,SCENARIO_CONTROLLER,6.5,0.05,0.0504,6.0,0.57184,0.836212,1.462319,0.1995,0.0,60.0,59.7738,14.74,0.800308,0.002958,0.001383,0.000968,0.000666,0.000555,0.000439,0.000386,0.000418,0.000391,0.000223,0.003696,0.001728,0.00121,0.000832,0.000549,0.000522,0.000279,1.3e-05,60.05,6.87,0.022,5e-05,60.0
flk_13_12,FLK_0013_3p_fm6p5hz_m05_cond13,flk_sim_13,13,ABC,B,train,Flicker,0,SCENARIO_CONTROLLER,6.5,0.05,0.0488,6.0,0.578703,0.846246,1.462316,0.229,0.0,60.0,59.772,14.97,0.810651,0.003286,0.001626,0.001151,0.000692,0.000695,0.000568,0.000438,0.000594,0.00039,0.000533,0.004054,0.002006,0.00142,0.000854,0.000701,0.000733,0.000657,1.7e-05,60.08,7.98,0.0206,7.3e-05,60.0
flk_13_13,FLK_0013_3p_fm6p5hz_m05_cond13,flk_sim_13,13,ABC,C,train,Flicker,0,SCENARIO_CONTROLLER,6.5,0.05,0.0504,6.0,0.571533,0.836212,1.463104,0.1928,0.0,60.0,59.7492,14.46,0.800108,0.002925,0.001296,0.000924,0.000705,0.000517,0.000451,0.000357,0.000346,0.000279,0.000262,0.003656,0.00162,0.001155,0.000881,0.000564,0.000432,0.000327,1.2e-05,60.04,6.5,0.0219,4.1e-05,60.0
flk_13_14,FLK_0013_3p_fm6p5hz_m05_cond13,flk_sim_13,13,ABC,B,train,Flicker,0,SCENARIO_CONTROLLER,6.5,0.05,0.0505,6.0,0.578274,0.846246,1.463401,0.1565,0.0,60.0,59.7625,14.84,0.810163,0.0027,0.001043,0.000638,0.000669,0.000343,0.000268,0.000167,0.000351,0.000193,0.000335,0.003333,0.001287,0.000787,0.000826,0.000331,0.000433,0.000413,1e-05,60.02,5.19,0.0204,2.4e-05,60.0
flk_13_15,FLK_0013_3p_fm6p5hz_m05_cond13,flk_sim_13,13,ABC,A,train,Flicker,0,SCENARIO_CONTROLLER,6.5,0.05,0.0508,6.0,0.57623,0.842753,1.46253,0.1306,0.0,60.0,59.7641,14.86,0.807294,0.002596,0.000956,0.000475,0.000389,0.000178,0.000217,0.000138,0.000146,0.00016,0.000123,0.003216,0.001184,0.000588,0.000482,0.000269,0.000181,0.000152,8e-06,60.01,4.52,0.0204,1.6e-05,60.0
flk_13_16,FLK_0013_3p_fm6p5hz_m05_cond13,flk_sim_13,13,ABC,C,train,Flicker,0,SCENARIO_CONTROLLER,6.5,0.05,0.0546,6.0,0.571827,0.836212,1.462353,0.1243,0.0,60.0,59.7602,14.58,0.800471,0.002548,0.000894,0.000476,0.000399,0.000188,0.000178,0.0001,6.8e-05,5.2e-05,0.000108,0.003183,0.001117,0.000595,0.000498,0.000222,8.5e-05,0.000135,8e-06,60.01,4.23,0.0218,1.2e-05,60.0
flk_13_17,FLK_0013_3p_fm6p5hz_m05_cond13,flk_sim_13,13,ABC,B,train,Flicker,0,SCENARIO_CONTROLLER,6.5,0.05,0.0544,6.0,0.579024,0.846246,1.461504,0.1181,0.0,60.0,59.7735,14.97,0.811083,0.00232,0.000806,0.000492,0.000477,0.000223,0.0002,0.000206,0.000173,8.7e-05,0.000164,0.00286,0.000994,0.000607,0.000588,0.000247,0.000213,0.000202,7e-06,60.01,4.01,0.0205,1.1e-05,60.0
flk_13_18,FLK_0013_3p_fm6p5hz_m05_cond13,flk_sim_13,13,ABC,A,train,Flicker,0,SCENARIO_CONTROLLER,6.5,0.05,0.0485,6.0,0.577239,0.842753,1.459974,0.1118,0.0,60.0,59.7871,15.14,0.808498,0.002204,0.000822,0.00055,0.000324,0.000319,0.000191,0.000201,7.2e-05,9e-05,8.2e-05,0.002726,0.001017,0.00068,0.000401,0.000236,8.9e-05,0.000101,6e-06,60.01,4.29,0.0205,1.2e-05,60.0
flk_13_19,FLK_0013_3p_fm6p5hz_m05_cond13,flk_sim_13,13,ABC,B,train,Flicker,0,SCENARIO_CONTROLLER,6.5,0.05,0.0477,6.5,0.581369,0.846246,1.45561,0.2489,0.0,60.0,59.8215,15.57,0.814112,0.003276,0.001697,0.001224,0.00082,0.000751,0.000744,0.000562,0.000506,0.000405,0.00051,0.004024,0.002084,0.001503,0.001007,0.000914,0.000622,0.000626,1.8e-05,60.1,8.52,0.0206,8.5e-05,60.0
flk_13_20,FLK_0013_3p_fm6p5hz_m05_cond13,flk_sim_13,13,ABC,A,train,Flicker,0,SCENARIO_CONTROLLER,6.5,0.05,0.0457,6.5,0.579381,0.842753,1.454576,0.2052,0.0,60.0,59.8421,15.77,0.811187,0.002851,0.001385,0.000998,0.00075,0.000681,0.000537,0.000535,0.000321,0.000439,0.000306,0.003515,0.001707,0.00123,0.000925,0.000662,0.000396,0.000377,1.3e-05,60.07,7.28,0.0206,5.9e-05,60.0
flk_13_21,FLK_0013_3p_fm6p5hz_m05_cond13,flk_sim_13,13,ABC,C,train,Flicker,0,SCENARIO_CONTROLLER,6.5,0.05,0.0454,6.5,0.575203,0.836212,1.45377,0.1767,0.0,60.0,59.8591,15.64,0.804536,0.002519,0.001217,0.000814,0.000604,0.000543,0.000417,0.000437,0.000353,0.000253,0.000273,0.003131,0.001513,0.001012,0.000751,0.000518,0.000439,0.000339,1e-05,60.06,6.56,0.0219,4.5e-05,60.0
flk_13_22,FLK_0013_3p_fm6p5hz_m05_cond13,flk_sim_13,13,ABC,B,train,Flicker,0,SCENARIO_CONTROLLER,6.5,0.05,0.0433,6.5,0.582419,0.846246,1.452985,0.1203,0.0,60.0,59.888,16.16,0.815147,0.001802,0.000796,0.00058,0.000516,0.000299,0.000249,0.000151,0.000177,0.000207,0.000146,0.002211,0.000977,0.000712,0.000633,0.000305,0.000217,0.000179,5e-06,60.04,5.12,0.0205,2.2e-05,60.0
flk_13_23,FLK_0013_3p_fm6p5hz_m05_cond13,flk_sim_13,13,ABC,A,train,Flicker,0,SCENARIO_CONTROLLER,6.5,0.05,0.0399,6.5,0.58052,0.842753,1.45172,0.0828,0.0,60.0,59.913,16.34,0.81238,0.001322,0.00056,0.000472,0.000332,0.000114,0.00017,0.000148,0.000151,0.000183,0.000117,0.001627,0.000689,0.000581,0.000409,0.000209,0.000186,0.000144,3e-06,60.03,4.4,0.0204,1.3e-05,60.0
flk_13_24,FLK_0013_3p_fm6p5hz_m05_cond13,flk_sim_13,13,ABC,C,train,Flicker,0,SCENARIO_CONTROLLER,6.5,0.05,0.0363,6.5,0.576442,0.837083,1.452155,0.0626,0.0,60.0,59.9319,16.12,0.805897,0.001014,0.00044,0.000265,0.000197,4.3e-05,0.000149,9.2e-05,8.5e-05,8e-05,0.000128,0.001258,0.000546,0.000329,0.000244,0.000185,0.000105,0.000159,1e-06,60.03,3.82,0.0217,8e-06,60.0
flk_13_25,FLK_0013_3p_fm6p5hz_m05_cond13,flk_sim_13,13,ABC,B,train,Flicker,0,SCENARIO_CONTROLLER,6.5,0.05,0.0351,6.0,0.583746,0.846246,1.449683,0.0416,0.0,60.0,59.9627,16.56,0.816735,0.000903,0.000249,0.000134,0.000222,0.000128,6.4e-05,0.000139,0.000192,7.8e-05,9.9e-05,0.001106,0.000305,0.000164,0.000272,7.8e-05,0.000235,0.000121,1e-06,60.03,3.58,0.0203,7e-06,60.0
flk_13_26,FLK_0013_3p_fm6p5hz_m05_cond13,flk_sim_13,13,ABC,B,train,Flicker,0,SCENARIO_CONTROLLER,6.5,0.05,0.0338,6.0,0.584397,0.846246,1.448066,0.0584,0.0,60.0,59.9627,16.57,0.817645,0.001086,0.000459,0.000353,9.7e-05,0.000219,9.1e-05,0.000149,0.000251,7.1e-05,0.000156,0.001328,0.000561,0.000432,0.000119,0.000111,0.000307,0.000191,2e-06,60.04,4.1,0.0202,1.1e-05,60.0
flk_13_27,FLK_0013_3p_fm6p5hz_m05_cond13,flk_sim_13,13,ABC,B,train,Flicker,0,SCENARIO_CONTROLLER,6.5,0.05,0.0336,6.0,0.584675,0.846246,1.447378,0.0499,0.0,60.0,60.0377,16.57,0.817997,0.000708,0.000301,0.0001,0.000257,9e-06,9.9e-05,8.9e-05,0.000144,8.6e-05,0.000118,0.000866,0.000368,0.000122,0.000314,0.000121,0.000176,0.000144,1e-06,60.03,3.61,0.0202,6e-06,60.0
flk_13_28,FLK_0013_3p_fm6p5hz_m05_cond13,flk_sim_13,13,ABC,C,train,Flicker,0,SCENARIO_CONTROLLER,6.5,0.05,0.0344,6.0,0.578196,0.837083,1.44775,0.0339,0.0,60.0,60.0166,16.28,0.808262,0.000886,0.000235,0.000113,0.000125,6.4e-05,6.3e-05,3.8e-05,6e-06,9.1e-05,8.3e-05,0.001096,0.000291,0.00014,0.000155,7.8e-05,7e-06,0.000103,1e-06,60.03,3.57,0.0214,6e-06,60.0
flk_13_29,FLK_0013_3p_fm6p5hz_m05_cond13,flk_sim_13,13,ABC,C,train,Flicker,0,SCENARIO_CONTROLLER,6.5,0.05,0.0339,6.0,0.578072,0.837083,1.448061,0.1112,0.0,60.0,60.0903,16.01,0.808185,0.001552,0.000712,0.000543,0.000464,0.000211,0.000292,0.000206,0.000247,0.000301,0.000112,0.00192,0.000881,0.000672,0.000574,0.000361,0.000306,0.000139,4e-06,60.05,4.9,0.0215,2e-05,60.0
flk_13_30,FLK_0013_3p_fm6p5hz_m05_cond13,flk_sim_13,13,ABC,C,train,Flicker,0,SCENARIO_CONTROLLER,6.5,0.05,0.0355,6.0,0.578927,0.837083,1.445921,0.0721,0.0,60.0,60.0903,16.05,0.809486,0.001121,0.000533,0.000271,0.000191,4.5e-05,0.000139,0.000156,6.4e-05,0.000145,1.9e-05,0.001385,0.000658,0.000335,0.000236,0.000172,7.9e-05,2.3e-05,2e-06,60.03,3.83,0.0215,1e-05,60.0
flk_13_31,FLK_0013_3p_fm6p5hz_m05_cond13,flk_sim_13,13,ABC,B,train,Flicker,0,SCENARIO_CONTROLLER,6.5,0.05,0.0366,6.0,0.585938,0.846246,1.444257,0.0709,0.0,60.0,60.1127,16.21,0.820085,0.001314,0.00051,0.000241,0.000269,0.000143,7.4e-05,0.000105,0.000211,6.5e-05,0.000141,0.001602,0.000622,0.000294,0.000328,9e-05,0.000257,0.000172,2e-06,60.03,3.68,0.0202,8e-06,60.0
flk_13_32,FLK_0013_3p_fm6p5hz_m05_cond13,flk_sim_13,13,ABC,C,train,Flicker,0,SCENARIO_CONTROLLER,6.5,0.05,0.0395,6.0,0.578273,0.837083,1.447557,0.2103,0.0,60.0,60.1579,15.5,0.808894,0.002648,0.001407,0.000984,0.000779,0.000665,0.000555,0.000429,0.000408,0.000465,0.000435,0.003274,0.001739,0.001216,0.000963,0.000686,0.000504,0.000538,1.2e-05,60.08,7.28,0.0217,6e-05,60.0
flk_14_01,FLK_0014_3p_fm14hz_m038_cond14,flk_sim_14,14,ABC,C,train,Flicker,0,SCENARIO_CONTROLLER,14.0,0.038,0.0404,14.0,0.577376,0.842459,1.459116,0.0601,0.0,60.0,60.0125,19.0,0.811457,0.000788,0.000373,0.000119,0.000306,0.000138,7.7e-05,8.8e-05,1.2e-05,9.7e-05,5.8e-05,0.000971,0.00046,0.000147,0.000377,9.5e-05,1.5e-05,7.1e-05,1e-06,60.09,3.84,0.013,6e-06,60.0
flk_14_02,FLK_0014_3p_fm14hz_m038_cond14,flk_sim_14,14,ABC,C,train,Flicker,0,SCENARIO_CONTROLLER,14.0,0.038,0.04,14.0,0.576959,0.842459,1.460171,0.0627,0.0,60.0,59.9266,18.84,0.810791,0.001148,0.000464,0.000355,0.000165,0.000143,0.000128,9.6e-05,0.00016,0.000181,6.8e-05,0.001416,0.000572,0.000438,0.000204,0.000158,0.000197,8.4e-05,2e-06,60.09,4.41,0.0132,1.1e-05,60.0
flk_14_03,FLK_0014_3p_fm14hz_m038_cond14,flk_sim_14,14,ABC,B,train,Flicker,0,SCENARIO_CONTROLLER,14.0,0.038,0.0404,14.0,0.583412,0.851861,1.460136,0.061,0.0,60.0,59.8845,18.94,0.820126,0.001302,0.000442,0.000237,0.000167,0.000242,0.000163,0.000191,9.8e-05,0.000131,0.000163,0.001588,0.000539,0.000289,0.000204,0.000199,0.000119,0.000199,2e-06,60.09,4.28,0.0127,1.1e-05,60.0
flk_14_04,FLK_0014_3p_fm14hz_m038_cond14,flk_sim_14,14,ABC,A,train,Flicker,0,SCENARIO_CONTROLLER,14.0,0.038,0.0416,14.0,0.580955,0.850202,1.463455,0.077,0.0,60.0,59.8488,18.72,0.816554,0.001329,0.000515,0.000306,0.000338,0.000106,0.000126,7.6e-05,8.4e-05,0.000254,4.1e-05,0.001628,0.000631,0.000375,0.000414,0.000154,0.000103,5e-05,2e-06,60.08,4.33,0.013,1e-05,60.0
flk_14_05,FLK_0014_3p_fm14hz_m038_cond14,flk_sim_14,14,ABC,C,train,Flicker,0,SCENARIO_CONTROLLER,14.0,0.038,0.0421,14.0,0.575951,0.841683,1.46138,0.0682,0.0,60.0,59.8157,18.2,0.809003,0.001543,0.000485,0.000272,0.000203,0.000178,0.000166,9.3e-05,0.000104,8.9e-05,7.9e-05,0.001907,0.0006,0.000336,0.000251,0.000205,0.000129,9.8e-05,3e-06,60.08,4.02,0.0141,8e-06,60.0
flk_14_06,FLK_0014_3p_fm14hz_m038_cond14,flk_sim_14,14,ABC,C,train,Flicker,0,SCENARIO_CONTROLLER,14.0,0.038,0.0407,14.0,0.576917,0.841683,1.458934,0.1908,0.0,60.0,59.8157,18.29,0.81028,0.002581,0.001257,0.000933,0.000755,0.000678,0.000491,0.000354,0.00033,0.000451,0.000321,0.003185,0.001551,0.001151,0.000932,0.000606,0.000407,0.000396,1.1e-05,60.14,7.25,0.0143,5.3e-05,60.0
flk_14_07,FLK_0014_3p_fm14hz_m038_cond14,flk_sim_14,14,ABC,C,train,Flicker,0,SCENARIO_CONTROLLER,14.0,0.038,0.0405,14.0,0.576735,0.841683,1.459393,0.2049,0.0,60.0,59.7927,18.08,0.809951,0.002363,0.001326,0.000834,0.000834,0.000627,0.000548,0.000467,0.000416,0.000371,0.000276,0.002917,0.001637,0.00103,0.00103,0.000677,0.000514,0.000341,1e-05,60.13,7.04,0.0145,4.8e-05,60.0
flk_14_08,FLK_0014_3p_fm14hz_m038_cond14,flk_sim_14,14,ABC,B,train,Flicker,0,SCENARIO_CONTROLLER,14.0,0.038,0.0425,14.0,0.583605,0.852875,1.461389,0.1596,0.0,60.0,59.8143,18.51,0.820076,0.002203,0.001107,0.000767,0.000628,0.000403,0.000305,0.000367,0.00026,0.000272,0.000336,0.002686,0.00135,0.000935,0.000766,0.000372,0.000317,0.00041,8e-06,60.1,5.9,0.0134,3e-05,60.0
flk_14_09,FLK_0014_3p_fm14hz_m038_cond14,flk_sim_14,14,ABC,B,train,Flicker,0,SCENARIO_CONTROLLER,14.0,0.038,0.0436,14.0,0.583375,0.852875,1.461967,0.1008,0.0,60.0,59.8143,18.45,0.819779,0.001857,0.000745,0.000408,0.000284,0.000296,0.000218,0.000257,0.000168,0.000116,5.5e-05,0.002265,0.000909,0.000498,0.000346,0.000266,0.000205,6.7e-05,4e-06,60.09,5.13,0.0134,1.9e-05,60.0
flk_14_10,FLK_0014_3p_fm14hz_m038_cond14,flk_sim_14,14,ABC,A,train,Flicker,0,SCENARIO_CONTROLLER,14.0,0.038,0.0426,14.0,0.58152,0.850202,1.462033,0.1233,0.0,60.0,59.8382,18.64,0.817304,0.001771,0.000814,0.000536,0.000496,0.000278,0.000327,0.000294,0.000262,5.2e-05,0.000182,0.002167,0.000996,0.000656,0.000607,0.0004,0.000321,0.000223,5e-06,60.09,5.33,0.0131,2.1e-05,60.0
flk_14_11,FLK_0014_3p_fm14hz_m038_cond14,flk_sim_14,14,ABC,B,train,Flicker,0,SCENARIO_CONTROLLER,14.0,0.038,0.0421,14.0,0.583968,0.852875,1.460481,0.0617,0.0,60.0,59.9183,19.14,0.820975,0.000971,0.000454,0.000105,0.000213,9.8e-05,7.3e-05,7.9e-05,8.2e-05,0.000144,0.000103,0.001183,0.000553,0.000128,0.000259,8.9e-05,0.0001,0.000125,1e-06,60.08,3.95,0.0125,7e-06,60.0
flk_14_12,FLK_0014_3p_fm14hz_m038_cond14,flk_sim_14,14,ABC,B,train,Flicker,0,SCENARIO_CONTROLLER,14.0,0.038,0.0408,14.0,0.584539,0.852875,1.459056,0.0663,0.0,60.0,59.9183,19.13,0.821804,0.00118,0.000495,0.00048,0.000174,0.000236,0.000149,0.000204,0.000214,3.7e-05,0.000212,0.001436,0.000602,0.000584,0.000212,0.000181,0.00026,0.000258,2e-06,60.09,4.58,0.0124,1.2e-05,60.0
flk_14_13,FLK_0014_3p_fm14hz_m038_cond14,flk_sim_14,14,ABC,B,train,Flicker,0,SCENARIO_CONTROLLER,14.0,0.038,0.0404,14.0,0.584814,0.852875,1.458369,0.034,0.0,60.0,60.0657,19.14,0.82228,0.000791,0.000183,6.2e-05,0.000211,7e-05,1.6e-05,8.3e-05,7.7e-05,0.000118,8.7e-05,0.000962,0.000223,7.5e-05,0.000257,1.9e-05,9.4e-05,0.000106,1e-06,60.08,3.94,0.0122,6e-06,60.0
flk_14_14,FLK_0014_3p_fm14hz_m038_cond14,flk_sim_14,14,ABC,B,train,Flicker,0,SCENARIO_CONTROLLER,14.0,0.038,0.0405,14.0,0.585334,0.852875,1.457074,0.0846,0.0,60.0,60.0657,19.23,0.822942,0.001163,0.000625,0.000406,0.000285,0.0002,0.00011,0.00014,0.000167,3.7e-05,9.7e-05,0.001413,0.000759,0.000493,0.000346,0.000134,0.000203,0.000118,2e-06,60.09,4.43,0.0124,1.2e-05,60.0
flk_14_15,FLK_0014_3p_fm14hz_m038_cond14,flk_sim_14,14,ABC,B,train,Flicker,0,SCENARIO_CONTROLLER,14.0,0.038,0.0407,14.0,0.58555,0.852875,1.456535,0.0772,0.0,60.0,60.0657,19.25,0.823238,0.001174,0.000575,0.000283,0.000245,0.000171,0.000112,0.00013,0.000201,0.000182,0.000171,0.001426,0.000698,0.000344,0.000298,0.000136,0.000244,0.000208,2e-06,60.09,4.36,0.0124,1.1e-05,60.0
flk_14_16,FLK_0014_3p_fm14hz_m038_cond14,flk_sim_14,14,ABC,C,train,Flicker,0,SCENARIO_CONTROLLER,14.0,0.038,0.0406,14.0,0.579327,0.844046,1.456943,0.0878,0.0,60.0,60.1634,18.43,0.813916,0.00135,0.000585,0.000354,0.000342,0.000231,0.000228,0.000161,8.2e-05,0.000157,6e-05,0.001659,0.000719,0.000435,0.00042,0.00028,0.000101,7.4e-05,3e-06,60.09,4.26,0.0137,1.1e-05,60.0
flk_14_17,FLK_0014_3p_fm14hz_m038_cond14,flk_sim_14,14,ABC,C,train,Flicker,0,SCENARIO_CONTROLLER,14.0,0.038,0.0397,14.0,0.578862,0.844046,1.458114,0.1653,0.0,60.0,60.1634,18.43,0.813176,0.00215,0.001142,0.000736,0.000514,0.000364,0.000487,0.000377,0.000356,0.000284,0.00028,0.002644,0.001404,0.000905,0.000632,0.000599,0.000438,0.000344,8e-06,60.12,6.34,0.0139,3.9e-05,60.0
flk_14_18,FLK_0014_3p_fm14hz_m038_cond14,flk_sim_14,14,ABC,C,train,Flicker,0,SCENARIO_CONTROLLER,14.0,0.038,0.0411,13.5,0.578941,0.844046,1.457915,0.1852,0.0,60.0,60.2284,17.85,0.813096,0.002747,0.001273,0.000956,0.000564,0.000485,0.000572,0.000493,0.000324,0.000409,0.000342,0.003378,0.001566,0.001176,0.000694,0.000703,0.000398,0.000421,1.2e-05,60.13,7.21,0.0144,5.4e-05,60.0
flk_14_19,FLK_0014_3p_fm14hz_m038_cond14,flk_sim_14,14,ABC,C,train,Flicker,0,SCENARIO_CONTROLLER,14.0,0.038,0.0428,14.0,0.579919,0.844046,1.455454,0.0859,0.0,60.0,60.2284,17.91,0.814506,0.001734,0.000582,0.000289,0.000335,0.000159,0.000197,0.000125,8.3e-05,2.2e-05,3.4e-05,0.002129,0.000715,0.000355,0.000411,0.000242,0.000102,4.2e-05,4e-06,60.08,4.05,0.0142,9e-06,60.0
flk_14_20,FLK_0014_3p_fm14hz_m038_cond14,flk_sim_14,14,ABC,B,train,Flicker,0,SCENARIO_CONTROLLER,14.0,0.038,0.0424,14.0,0.586643,0.852875,1.453823,0.1,0.0,60.0,60.2132,18.28,0.824373,0.001636,0.000729,0.000486,0.000349,0.00024,0.000163,0.000192,0.000186,0.000197,0.000136,0.001985,0.000884,0.00059,0.000423,0.000198,0.000226,0.000165,4e-06,60.08,4.54,0.0134,1.3e-05,60.0
flk_14_21,FLK_0014_3p_fm14hz_m038_cond14,flk_sim_14,14,ABC,A,train,Flicker,0,SCENARIO_CONTROLLER,14.0,0.038,0.0419,14.0,0.584025,0.850202,1.455762,0.09,0.0,60.0,60.1908,18.48,0.820765,0.001597,0.000671,0.000445,0.000226,0.00033,0.000212,0.000256,0.000186,0.000243,0.000196,0.001946,0.000818,0.000542,0.000275,0.000258,0.000227,0.000239,4e-06,60.08,4.75,0.0132,1.6e-05,60.0
flk_14_22,FLK_0014_3p_fm14hz_m038_cond14,flk_sim_14,14,ABC,B,train,Flicker,0,SCENARIO_CONTROLLER,14.0,0.038,0.0423,14.0,0.585544,0.852875,1.456552,0.0678,0.0,60.0,60.1171,19.0,0.823119,0.001349,0.000492,0.000372,0.000161,0.000233,0.000208,0.000136,0.000179,8.6e-05,6.4e-05,0.001639,0.000598,0.000452,0.000196,0.000253,0.000217,7.8e-05,2e-06,60.08,4.33,0.0127,1.1e-05,60.0
flk_14_23,FLK_0014_3p_fm14hz_m038_cond14,flk_sim_14,14,ABC,A,train,Flicker,0,SCENARIO_CONTROLLER,14.0,0.038,0.0425,14.0,0.582946,0.850202,1.458458,0.0463,0.0,60.0,60.0641,19.24,0.819576,0.001167,0.000258,0.000248,0.00025,0.000134,0.000122,0.000145,4.4e-05,0.000171,9.5e-05,0.001424,0.000315,0.000303,0.000305,0.000149,5.4e-05,0.000116,2e-06,60.08,3.95,0.0124,7e-06,60.0
flk_14_24,FLK_0014_3p_fm14hz_m038_cond14,flk_sim_14,14,ABC,C,train,Flicker,0,SCENARIO_CONTROLLER,14.0,0.038,0.0424,14.0,0.577761,0.844046,1.460891,0.0378,0.0,60.0,60.0144,19.0,0.81198,0.001037,0.000275,0.000227,0.000108,9.1e-05,8.6e-05,4.3e-05,7.7e-05,6e-06,2.5e-05,0.001277,0.000339,0.00028,0.000133,0.000106,9.5e-05,3.1e-05,1e-06,60.09,3.89,0.013,7e-06,60.0
flk_14_25,FLK_0014_3p_fm14hz_m038_cond14,flk_sim_14,14,ABC,C,train,Flicker,0,SCENARIO_CONTROLLER,14.0,0.038,0.0398,14.0,0.577167,0.844046,1.462394,0.0474,0.0,60.0,60.0144,19.0,0.811145,0.001161,0.000319,0.000158,0.000198,5.3e-05,7.9e-05,9.2e-05,0.000123,7.7e-05,4.8e-05,0.001431,0.000393,0.000195,0.000244,9.7e-05,0.000152,5.9e-05,2e-06,60.09,4.05,0.013,8e-06,60.0
flk_14_26,FLK_0014_3p_fm14hz_m038_cond14,flk_sim_14,14,ABC,C,train,Flicker,0,SCENARIO_CONTROLLER,14.0,0.038,0.0399,14.0,0.577139,0.844046,1.462467,0.0889,0.0,60.0,59.9246,18.88,0.81106,0.001403,0.000579,0.000409,0.000373,0.000268,0.000213,0.000162,8.7e-05,0.00011,0.000169,0.00173,0.000714,0.000504,0.00046,0.000263,0.000107,0.000208,3e-06,60.1,4.48,0.0132,1.2e-05,60.0
flk_14_27,FLK_0014_3p_fm14hz_m038_cond14,flk_sim_14,14,ABC,C,train,Flicker,0,SCENARIO_CONTROLLER,14.0,0.038,0.0409,14.0,0.576435,0.844046,1.464251,0.0834,0.0,60.0,59.8679,18.55,0.809916,0.001452,0.00063,0.000338,0.00019,0.000272,0.000152,0.000208,0.000224,9.5e-05,0.000156,0.001793,0.000778,0.000417,0.000235,0.000188,0.000277,0.000193,3e-06,60.09,4.61,0.0136,1.4e-05,60.0
flk_14_28,FLK_0014_3p_fm14hz_m038_cond14,flk_sim_14,14,ABC,B,train,Flicker,0,SCENARIO_CONTROLLER,14.0,0.038,0.043,14.0,0.583105,0.852875,1.462643,0.0743,0.0,60.0,59.8407,18.67,0.819541,0.001347,0.000512,0.000411,0.000267,0.000197,0.000196,0.00018,9.4e-05,8.9e-05,0.000192,0.001644,0.000625,0.000502,0.000326,0.000239,0.000115,0.000234,2e-06,60.08,4.4,0.013,1.1e-05,60.0
flk_14_29,FLK_0014_3p_fm14hz_m038_cond14,flk_sim_14,14,ABC,B,train,Flicker,0,SCENARIO_CONTROLLER,14.0,0.038,0.042,14.0,0.583666,0.852875,1.461238,0.1538,0.0,60.0,59.8407,18.74,0.820267,0.002067,0.000963,0.000674,0.000668,0.00052,0.000466,0.000385,0.00026,0.00038,0.000203,0.00252,0.001174,0.000822,0.000814,0.000568,0.000317,0.000247,7e-06,60.11,6.31,0.0132,3.7e-05,60.0
flk_14_30,FLK_0014_3p_fm14hz_m038_cond14,flk_sim_14,14,ABC,C,train,Flicker,0,SCENARIO_CONTROLLER,14.0,0.038,0.0403,14.0,0.575825,0.844046,1.465804,0.0769,0.0,60.0,59.7929,18.02,0.808706,0.001436,0.000594,0.0003,0.000177,0.000165,5e-05,6.4e-05,9.4e-05,7.9e-05,9.1e-05,0.001776,0.000735,0.000371,0.000219,6.2e-05,0.000116,0.000113,3e-06,60.08,4.06,0.0143,8e-06,60.0
flk_14_31,FLK_0014_3p_fm14hz_m038_cond14,flk_sim_14,14,ABC,A,train,Flicker,0,SCENARIO_CONTROLLER,14.0,0.038,0.0402,14.0,0.581545,0.847374,1.457106,0.1882,0.0,60.0,59.8013,18.42,0.817127,0.002539,0.001306,0.000868,0.000574,0.000605,0.000574,0.000293,0.000249,0.000278,0.000289,0.003107,0.001598,0.001062,0.000702,0.000702,0.000305,0.000354,1e-05,60.12,6.92,0.0136,4.7e-05,60.0
flk_14_32,FLK_0014_3p_fm14hz_m038_cond14,flk_sim_14,14,ABC,C,train,Flicker,0,SCENARIO_CONTROLLER,14.0,0.038,0.0425,14.0,0.576752,0.844046,1.463447,0.1775,0.0,60.0,59.8139,18.25,0.810068,0.002376,0.001164,0.000771,0.000728,0.00041,0.000426,0.000369,0.000378,0.000252,0.000241,0.002933,0.001437,0.000952,0.000899,0.000526,0.000467,0.000298,9e-06,60.12,6.46,0.0142,4e-05,60.0
flk_15_01,FLK_0015_3p_fm7p5hz_m06_cond15,flk_sim_15,15,ABC,A,train,Flicker,0,SCENARIO_CONTROLLER,7.5,0.06,0.049,7.0,0.602645,0.889011,1.475182,0.2408,0.0,60.0,59.6125,13.35,0.839475,0.00421,0.001792,0.001023,0.000747,0.000647,0.000564,0.000368,0.000358,0.000471,0.000435,0.005015,0.002135,0.001219,0.00089,0.000672,0.000426,0.000518,2.4e-05,60.04,6.98,0.0316,4.9e-05,60.0
flk_15_02,FLK_0015_3p_fm7p5hz_m06_cond15,flk_sim_15,15,ABC,C,train,Flicker,0,SCENARIO_CONTROLLER,7.5,0.06,0.0521,7.0,0.594689,0.876306,1.473555,0.2154,0.0,60.0,59.5951,12.99,0.827404,0.004233,0.001658,0.001049,0.000608,0.000621,0.000242,0.000302,0.000365,0.000317,0.000245,0.005116,0.002004,0.001268,0.000735,0.000292,0.000441,0.000296,2.3e-05,60.02,6.38,0.0337,3.7e-05,60.0
flk_15_03,FLK_0015_3p_fm7p5hz_m06_cond15,flk_sim_15,15,ABC,B,train,Flicker,0,SCENARIO_CONTROLLER,7.5,0.06,0.0569,7.0,0.604918,0.891881,1.474382,0.1855,0.0,60.0,59.6105,13.32,0.842592,0.004,0.001508,0.000824,0.000362,0.000315,0.00019,0.000128,0.000227,0.00013,0.00025,0.004747,0.00179,0.000978,0.00043,0.000225,0.000269,0.000297,1.9e-05,60.0,4.9,0.0317,1.6e-05,60.0
flk_15_04,FLK_0015_3p_fm7p5hz_m06_cond15,flk_sim_15,15,ABC,A,train,Flicker,0,SCENARIO_CONTROLLER,7.5,0.06,0.0595,7.5,0.602965,0.889011,1.4744,0.1791,0.0,60.0,59.6179,13.38,0.83994,0.003749,0.001416,0.000821,0.00045,0.000301,0.000233,0.000267,5.9e-05,0.000102,0.00012,0.004463,0.001686,0.000977,0.000536,0.000277,7e-05,0.000143,1.7e-05,60.0,4.71,0.0315,1.3e-05,60.0
flk_15_05,FLK_0015_3p_fm7p5hz_m06_cond15,flk_sim_15,15,ABC,C,train,Flicker,0,SCENARIO_CONTROLLER,7.5,0.06,0.0628,7.5,0.595387,0.876306,1.471826,0.1725,0.0,60.0,59.6153,13.16,0.82852,0.003739,0.001369,0.000711,0.000407,0.000256,5.4e-05,0.00026,0.000177,0.000145,5.9e-05,0.004513,0.001652,0.000858,0.000491,6.5e-05,0.000214,7.1e-05,1.7e-05,60.01,4.84,0.0332,1.4e-05,60.0
flk_15_06,FLK_0015_3p_fm7p5hz_m06_cond15,flk_sim_15,15,ABC,B,train,Flicker,0,SCENARIO_CONTROLLER,7.5,0.06,0.0662,7.5,0.606306,0.891881,1.471008,0.1949,0.0,60.0,59.6501,13.67,0.844794,0.003606,0.001547,0.000834,0.000485,0.000552,0.000286,0.000412,0.000308,0.000258,0.000347,0.004268,0.001831,0.000987,0.000574,0.000339,0.000365,0.000411,1.7e-05,60.03,5.71,0.0309,2.9e-05,60.0
flk_15_07,FLK_0015_3p_fm7p5hz_m06_cond15,flk_sim_15,15,ABC,C,train,Flicker,0,SCENARIO_CONTROLLER,7.5,0.06,0.0658,7.5,0.598328,0.877356,1.466348,0.3605,0.0,60.0,59.6975,13.92,0.833072,0.004973,0.002411,0.001722,0.001468,0.001033,0.001024,0.000816,0.00074,0.000697,0.000609,0.005969,0.002894,0.002067,0.001762,0.001229,0.000888,0.000731,4e-05,60.2,11.78,0.032,0.000177,60.0
flk_15_08,FLK_0015_3p_fm7p5hz_m06_cond15,flk_sim_15,15,ABC,B,train,Flicker,0,SCENARIO_CONTROLLER,7.5,0.06,0.068,8.0,0.608844,0.895063,1.470102,0.2774,0.0,60.0,59.7503,14.55,0.848811,0.003987,0.00196,0.001325,0.001024,0.000919,0.000809,0.000739,0.000562,0.000474,0.000551,0.004697,0.002309,0.001561,0.001206,0.000953,0.000662,0.000649,2.5e-05,60.13,9.17,0.0293,0.000102,60.0
flk_15_09,FLK_0015_3p_fm7p5hz_m06_cond15,flk_sim_15,15,ABC,A,train,Flicker,0,SCENARIO_CONTROLLER,7.5,0.06,0.0661,8.0,0.606822,0.889011,1.465027,0.2079,0.0,60.0,59.7874,14.81,0.846173,0.003089,0.001517,0.001101,0.000725,0.000627,0.000518,0.000338,0.000379,0.00043,0.000222,0.003651,0.001793,0.001301,0.000857,0.000612,0.000448,0.000262,1.5e-05,60.08,6.98,0.0285,5e-05,60.0
flk_15_10,FLK_0015_3p_fm7p5hz_m06_cond15,flk_sim_15,15,ABC,C,train,Flicker,0,SCENARIO_CONTROLLER,7.5,0.06,0.0675,8.0,0.59932,0.877356,1.463919,0.1518,0.0,60.0,59.8263,14.77,0.834986,0.002411,0.000972,0.000735,0.0006,0.000484,0.00055,0.000261,0.000248,0.000189,0.000184,0.002887,0.001164,0.00088,0.000719,0.000659,0.000297,0.00022,8e-06,60.07,5.42,0.0294,2.7e-05,60.0
flk_15_11,FLK_0015_3p_fm7p5hz_m06_cond15,flk_sim_15,15,ABC,B,train,Flicker,0,SCENARIO_CONTROLLER,7.5,0.06,0.0597,8.0,0.610246,0.895063,1.466725,0.0882,0.0,60.0,59.881,15.32,0.851221,0.001776,0.000673,0.000371,0.000225,9.8e-05,0.000247,0.000133,5.7e-05,0.000149,0.00017,0.002086,0.000791,0.000436,0.000264,0.00029,6.7e-05,0.0002,4e-06,60.05,3.99,0.027,1e-05,60.0
flk_15_12,FLK_0015_3p_fm7p5hz_m06_cond15,flk_sim_15,15,ABC,A,train,Flicker,0,SCENARIO_CONTROLLER,7.5,0.06,0.0523,8.0,0.608514,0.889011,1.460954,0.0682,0.0,60.0,59.9332,15.51,0.848917,0.00152,0.00054,0.000209,0.000185,8.7e-05,9.9e-05,0.000171,7.9e-05,0.000102,8.1e-05,0.001791,0.000636,0.000246,0.000218,0.000117,9.3e-05,9.5e-05,3e-06,60.06,3.92,0.0265,8e-06,60.0
flk_15_13,FLK_0015_3p_fm7p5hz_m06_cond15,flk_sim_15,15,ABC,C,train,Flicker,0,SCENARIO_CONTROLLER,7.5,0.06,0.0471,8.0,0.601216,0.877356,1.459302,0.0744,0.0,60.0,59.9792,15.28,0.837947,0.00152,0.00042,0.00025,0.000336,9.2e-05,0.000315,0.000166,0.000109,0.000192,8.8e-05,0.001814,0.000501,0.000298,0.000401,0.000376,0.00013,0.000105,3e-06,60.07,4.08,0.0278,1.1e-05,60.0
flk_15_14,FLK_0015_3p_fm7p5hz_m06_cond15,flk_sim_15,15,ABC,C,train,Flicker,0,SCENARIO_CONTROLLER,7.5,0.06,0.0441,8.0,0.602124,0.877356,1.457103,0.0752,0.0,60.0,59.9792,15.3,0.839264,0.001465,0.000509,0.000345,0.000207,7.8e-05,0.00031,0.00015,9.4e-05,0.000145,3.6e-05,0.001746,0.000606,0.000411,0.000247,0.000369,0.000112,4.3e-05,3e-06,60.06,3.91,0.0277,9e-06,60.0
flk_15_15,FLK_0015_3p_fm7p5hz_m06_cond15,flk_sim_15,15,ABC,C,train,Flicker,0,SCENARIO_CONTROLLER,7.5,0.06,0.0436,7.5,0.602183,0.877356,1.456959,0.1555,0.0,60.0,60.1379,14.97,0.8393,0.002112,0.00109,0.000599,0.000521,0.000474,0.000494,0.000323,0.000271,0.000289,0.000301,0.002516,0.001299,0.000714,0.000621,0.000589,0.000323,0.000359,7e-06,60.08,5.38,0.028,2.6e-05,60.0
flk_15_16,FLK_0015_3p_fm7p5hz_m06_cond15,flk_sim_15,15,ABC,C,train,Flicker,0,SCENARIO_CONTROLLER,7.5,0.06,0.0442,7.5,0.603551,0.877356,1.453657,0.1172,0.0,60.0,60.1379,15.03,0.841182,0.002016,0.000735,0.00059,0.000498,0.000378,0.000429,0.000171,0.000183,0.000242,0.000238,0.002397,0.000874,0.000701,0.000592,0.00051,0.000218,0.000283,6e-06,60.07,4.76,0.0284,1.7e-05,60.0
flk_15_17,FLK_0015_3p_fm7p5hz_m06_cond15,flk_sim_15,15,ABC,B,train,Flicker,0,SCENARIO_CONTROLLER,7.5,0.06,0.045,7.0,0.614668,0.895063,1.456173,0.0962,0.0,60.0,60.1789,15.11,0.857467,0.002226,0.000703,0.000466,0.000345,0.000205,0.00026,0.000245,0.00019,8.9e-05,0.000133,0.002596,0.00082,0.000543,0.000402,0.000303,0.000222,0.000155,6e-06,60.05,4.14,0.0272,1.2e-05,60.0
flk_15_18,FLK_0015_3p_fm7p5hz_m06_cond15,flk_sim_15,15,ABC,A,train,Flicker,0,SCENARIO_CONTROLLER,7.5,0.06,0.0497,7.0,0.61282,0.889011,1.450688,0.1066,0.0,60.0,60.2235,14.84,0.854801,0.002374,0.000826,0.000382,0.000338,0.000171,0.000184,8e-05,0.00017,0.000178,0.000102,0.002777,0.000966,0.000447,0.000395,0.000215,0.000199,0.000119,7e-06,60.04,4.15,0.0278,1e-05,60.0
flk_15_19,FLK_0015_3p_fm7p5hz_m06_cond15,flk_sim_15,15,ABC,C,train,Flicker,0,SCENARIO_CONTROLLER,7.5,0.06,0.0548,7.0,0.605357,0.877356,1.44932,0.1267,0.0,60.0,60.2717,14.25,0.8434,0.002697,0.000912,0.000482,0.000455,0.0002,0.000321,0.000193,6.8e-05,5.3e-05,0.000139,0.003198,0.001081,0.000571,0.000539,0.000381,8.1e-05,0.000165,9e-06,60.03,4.13,0.0301,1e-05,60.0
flk_15_20,FLK_0015_3p_fm7p5hz_m06_cond15,flk_sim_15,15,ABC,B,train,Flicker,0,SCENARIO_CONTROLLER,7.5,0.06,0.0551,6.5,0.615937,0.895063,1.453173,0.1412,0.0,60.0,60.2989,14.27,0.858886,0.003098,0.001055,0.000702,0.000496,0.000392,0.000337,0.000229,0.000237,0.000249,0.00019,0.003607,0.001228,0.000817,0.000577,0.000392,0.000276,0.000221,1.2e-05,60.03,4.86,0.029,1.9e-05,60.0
flk_15_21,FLK_0015_3p_fm7p5hz_m06_cond15,flk_sim_15,15,ABC,A,train,Flicker,0,SCENARIO_CONTROLLER,7.5,0.06,0.0598,6.5,0.613645,0.889011,1.448738,0.2006,0.0,60.0,60.3285,14.03,0.855563,0.003669,0.001499,0.001,0.000706,0.000538,0.000446,0.000448,0.000392,0.000149,0.00017,0.004288,0.001752,0.001169,0.000825,0.000521,0.000458,0.000199,1.8e-05,60.04,6.16,0.0296,3.6e-05,60.0
flk_15_22,FLK_0015_3p_fm7p5hz_m06_cond15,flk_sim_15,15,ABC,B,train,Flicker,0,SCENARIO_CONTROLLER,7.5,0.06,0.0635,7.0,0.61522,0.895063,1.454866,0.3535,0.0,60.0,60.3673,13.64,0.857495,0.005176,0.002555,0.001798,0.001384,0.001156,0.000862,0.000882,0.000648,0.000581,0.000518,0.006036,0.00298,0.002097,0.001614,0.001005,0.000756,0.000604,4.2e-05,60.16,11.03,0.0307,0.000157,60.0
flk_15_23,FLK_0015_3p_fm7p5hz_m06_cond15,flk_sim_15,15,ABC,A,train,Flicker,0,SCENARIO_CONTROLLER,7.5,0.06,0.0667,7.0,0.613141,0.889011,1.449929,0.3271,0.0,60.0,60.3812,13.53,0.854551,0.004944,0.002389,0.001639,0.001208,0.001025,0.000803,0.000701,0.000596,0.000749,0.000527,0.005785,0.002796,0.001918,0.001414,0.00094,0.000697,0.000617,3.8e-05,60.13,10.49,0.0308,0.000137,60.0
flk_15_24,FLK_0015_3p_fm7p5hz_m06_cond15,flk_sim_15,15,ABC,C,train,Flicker,0,SCENARIO_CONTROLLER,7.5,0.06,0.0716,7.0,0.605404,0.877356,1.449208,0.3191,0.0,60.0,60.4044,13.14,0.842808,0.004781,0.002335,0.001512,0.001118,0.000926,0.000727,0.000604,0.000585,0.000572,0.00042,0.005673,0.002771,0.001794,0.001327,0.000863,0.000694,0.000498,3.4e-05,60.11,9.87,0.0328,0.00012,60.0
flk_15_25,FLK_0015_3p_fm7p5hz_m06_cond15,flk_sim_15,15,ABC,B,train,Flicker,0,SCENARIO_CONTROLLER,7.5,0.06,0.0737,7.0,0.615663,0.895063,1.453821,0.2565,0.0,60.0,60.3838,13.53,0.858017,0.004387,0.001862,0.001195,0.000994,0.000627,0.000621,0.000621,0.00044,0.000401,0.000478,0.005113,0.00217,0.001393,0.001158,0.000724,0.000513,0.000557,2.7e-05,60.06,7.65,0.0308,6.4e-05,60.0
flk_15_26,FLK_0015_3p_fm7p5hz_m06_cond15,flk_sim_15,15,ABC,A,train,Flicker,0,SCENARIO_CONTROLLER,7.5,0.06,0.0735,7.0,0.613287,0.889011,1.449583,0.2159,0.0,60.0,60.3821,13.56,0.854757,0.00417,0.001635,0.001044,0.000719,0.000638,0.000464,0.000295,0.000289,0.000401,0.000242,0.004879,0.001913,0.001221,0.000841,0.000543,0.000338,0.000283,2.3e-05,60.03,6.71,0.0307,4.2e-05,60.0
flk_15_27,FLK_0015_3p_fm7p5hz_m06_cond15,flk_sim_15,15,ABC,C,train,Flicker,0,SCENARIO_CONTROLLER,7.5,0.06,0.0736,7.0,0.605224,0.877356,1.449638,0.2009,0.0,60.0,60.3812,13.37,0.84267,0.004066,0.001501,0.00094,0.000637,0.000523,0.000456,0.000298,0.000334,0.000256,0.000227,0.004825,0.001781,0.001116,0.000756,0.000541,0.000396,0.000269,2.1e-05,60.02,5.45,0.0323,2.4e-05,60.0
flk_15_28,FLK_0015_3p_fm7p5hz_m06_cond15,flk_sim_15,15,ABC,B,train,Flicker,0,SCENARIO_CONTROLLER,7.5,0.06,0.0675,7.5,0.614863,0.895063,1.455712,0.1594,0.0,60.0,60.3482,13.85,0.857071,0.003583,0.001218,0.000718,0.000519,0.000383,0.00034,0.000112,0.000228,0.000159,0.000119,0.004181,0.001421,0.000838,0.000606,0.000397,0.000266,0.000139,1.5e-05,60.01,4.35,0.0301,1.2e-05,60.0
flk_15_29,FLK_0015_3p_fm7p5hz_m06_cond15,flk_sim_15,15,ABC,A,train,Flicker,0,SCENARIO_CONTROLLER,7.5,0.06,0.0654,7.5,0.61207,0.888748,1.452036,0.1515,0.0,60.0,60.3243,14.06,0.853307,0.003241,0.001191,0.00062,0.000421,0.000175,0.000277,0.000265,0.00017,7.7e-05,0.000167,0.003798,0.001396,0.000727,0.000493,0.000325,0.000199,0.000196,1.3e-05,60.02,4.56,0.0297,1.3e-05,60.0
flk_15_30,FLK_0015_3p_fm7p5hz_m06_cond15,flk_sim_15,15,ABC,C,train,Flicker,0,SCENARIO_CONTROLLER,7.5,0.06,0.0629,8.0,0.603715,0.877356,1.453262,0.158,0.0,60.0,60.3086,13.96,0.840888,0.002999,0.001184,0.000607,0.00049,0.000294,0.000351,0.000172,0.000235,0.00014,0.000155,0.003566,0.001408,0.000722,0.000583,0.000417,0.000279,0.000184,1.1e-05,60.03,4.82,0.031,1.7e-05,60.0
flk_15_31,FLK_0015_3p_fm7p5hz_m06_cond15,flk_sim_15,15,ABC,B,train,Flicker,0,SCENARIO_CONTROLLER,7.5,0.06,0.0551,8.0,0.612785,0.895063,1.460648,0.1692,0.0,60.0,60.2581,14.56,0.854492,0.002937,0.001214,0.000721,0.000604,0.000382,0.000503,0.000306,0.000367,0.000209,0.000142,0.003437,0.001421,0.000844,0.000707,0.000589,0.000429,0.000166,1.2e-05,60.05,5.45,0.0287,2.6e-05,60.0
flk_15_32,FLK_0015_3p_fm7p5hz_m06_cond15,flk_sim_15,15,ABC,C,train,Flicker,0,SCENARIO_CONTROLLER,7.5,0.06,0.0498,8.0,0.601106,0.877356,1.45957,0.2218,0.0,60.0,60.1851,14.73,0.837532,0.00327,0.001617,0.001031,0.000733,0.000662,0.000546,0.00044,0.000464,0.000418,0.000365,0.003904,0.001931,0.001231,0.000875,0.000652,0.000554,0.000436,1.6e-05,60.11,7.52,0.0294,6.3e-05,60.0
flk_16_01,FLK_0016_3p_fm10p5hz_m055_cond16,flk_sim_16,16,ABC,C,train,Flicker,0,SCENARIO_CONTROLLER,10.5,0.055,0.0472,10.5,0.589619,0.86219,1.462284,0.1258,0.0,60.0,59.9862,15.53,0.822594,0.001646,0.000852,0.000576,0.000488,0.000294,0.000326,0.000324,0.000248,0.000282,0.00035,0.002001,0.001036,0.0007,0.000593,0.000396,0.000301,0.000425,5e-06,60.11,5.55,0.0235,2.5e-05,60.0
flk_16_02,FLK_0016_3p_fm10p5hz_m055_cond16,flk_sim_16,16,ABC,C,train,Flicker,0,SCENARIO_CONTROLLER,10.5,0.055,0.0502,10.5,0.588657,0.86219,1.464674,0.0632,0.0,60.0,59.9862,15.57,0.82139,0.00117,0.000482,0.000302,0.00019,0.000106,1.8e-05,0.000169,0.000144,0.00019,0.000207,0.001424,0.000587,0.000368,0.000231,2.2e-05,0.000175,0.000252,2e-06,60.1,4.25,0.0232,1e-05,60.0
flk_16_03,FLK_0016_3p_fm10p5hz_m055_cond16,flk_sim_16,16,ABC,B,train,Flicker,0,SCENARIO_CONTROLLER,10.5,0.055,0.0529,10.5,0.596938,0.876592,1.468481,0.0468,0.0,60.0,59.9869,15.92,0.833817,0.001103,0.000324,0.00031,0.000178,0.000142,0.000125,4.7e-05,9.5e-05,0.00015,1.9e-05,0.001323,0.000389,0.000372,0.000213,0.00015,0.000114,2.3e-05,2e-06,60.09,4.15,0.0218,8e-06,60.0
flk_16_04,FLK_0016_3p_fm10p5hz_m055_cond16,flk_sim_16,16,ABC,A,train,Flicker,0,SCENARIO_CONTROLLER,10.5,0.055,0.0533,10.5,0.59454,0.872836,1.468085,0.0543,0.0,60.0,59.9847,15.94,0.830565,0.001066,0.000374,0.000212,0.000247,7.4e-05,4.9e-05,5.5e-05,0.000117,0.000128,0.000131,0.001283,0.00045,0.000255,0.000297,5.9e-05,0.000141,0.000158,1e-06,60.09,4.03,0.0216,8e-06,60.0
flk_16_05,FLK_0016_3p_fm10p5hz_m055_cond16,flk_sim_16,16,ABC,C,train,Flicker,0,SCENARIO_CONTROLLER,10.5,0.055,0.0543,10.5,0.588275,0.86219,1.465626,0.0527,0.0,60.0,59.9817,15.62,0.821095,0.001119,0.000409,0.000215,0.000128,0.000213,6.2e-05,0.000105,7.9e-05,4.9e-05,0.000178,0.001363,0.000498,0.000262,0.000156,7.6e-05,9.6e-05,0.000217,2e-06,60.1,3.93,0.0229,7e-06,60.0
flk_16_06,FLK_0016_3p_fm10p5hz_m055_cond16,flk_sim_16,16,ABC,B,train,Flicker,0,SCENARIO_CONTROLLER,10.5,0.055,0.0518,10.5,0.596952,0.876592,1.468447,0.0495,0.0,60.0,59.9837,15.93,0.833931,0.001169,0.000337,0.000211,0.000197,0.000118,0.000134,0.000163,6.5e-05,0.000121,3.7e-05,0.001402,0.000404,0.000253,0.000236,0.000161,7.8e-05,4.4e-05,2e-06,60.09,4.14,0.0216,8e-06,60.0
flk_16_07,FLK_0016_3p_fm10p5hz_m055_cond16,flk_sim_16,16,ABC,A,train,Flicker,0,SCENARIO_CONTROLLER,10.5,0.055,0.049,10.5,0.594875,0.872836,1.467259,0.0672,0.0,60.0,59.9822,15.91,0.830982,0.001209,0.000439,0.000314,0.000325,0.000237,0.000115,0.000146,4.9e-05,0.000119,4.4e-05,0.001455,0.000528,0.000378,0.000391,0.000138,5.9e-05,5.3e-05,2e-06,60.09,4.27,0.0217,1e-05,60.0
flk_16_08,FLK_0016_3p_fm10p5hz_m055_cond16,flk_sim_16,16,ABC,B,train,Flicker,0,SCENARIO_CONTROLLER,10.5,0.055,0.0481,10.0,0.597935,0.876592,1.466033,0.0887,0.0,60.0,59.9882,15.87,0.835041,0.001321,0.0006,0.000516,0.000317,0.000261,0.000297,0.00021,0.000164,0.00018,0.00011,0.001582,0.000719,0.000618,0.00038,0.000356,0.000196,0.000132,3e-06,60.1,4.77,0.022,1.5e-05,60.0
flk_16_09,FLK_0016_3p_fm10p5hz_m055_cond16,flk_sim_16,16,ABC,B,train,Flicker,0,SCENARIO_CONTROLLER,10.5,0.055,0.0483,10.0,0.597919,0.876592,1.466073,0.067,0.0,60.0,59.9882,15.86,0.834977,0.001145,0.000402,0.000402,0.000291,0.000212,0.000257,0.000151,0.000121,8.6e-05,0.00015,0.001371,0.000481,0.000481,0.000349,0.000308,0.000145,0.00018,2e-06,60.1,4.63,0.0221,1.3e-05,60.0
flk_16_10,FLK_0016_3p_fm10p5hz_m055_cond16,flk_sim_16,16,ABC,A,train,Flicker,0,SCENARIO_CONTROLLER,10.5,0.055,0.0474,10.0,0.596021,0.872836,1.464439,0.0779,0.0,60.0,59.9908,15.83,0.832202,0.001034,0.000517,0.000352,0.000363,0.000112,0.000146,0.000202,0.000165,8.9e-05,0.0002,0.001242,0.000621,0.000423,0.000436,0.000175,0.000198,0.00024,2e-06,60.09,4.37,0.0223,1.1e-05,60.0
flk_16_11,FLK_0016_3p_fm10p5hz_m055_cond16,flk_sim_16,16,ABC,C,train,Flicker,0,SCENARIO_CONTROLLER,10.5,0.055,0.0471,10.0,0.590182,0.86219,1.460889,0.0672,0.0,60.0,59.9936,15.48,0.823126,0.000909,0.000437,0.000369,0.000224,0.000134,0.000256,0.000103,0.000103,0.000136,0.000151,0.001104,0.000531,0.000448,0.000272,0.000311,0.000125,0.000183,1e-06,60.1,4.34,0.0238,1e-05,60.0
flk_16_12,FLK_0016_3p_fm10p5hz_m055_cond16,flk_sim_16,16,ABC,C,train,Flicker,0,SCENARIO_CONTROLLER,10.5,0.055,0.0472,10.0,0.590699,0.86219,1.459611,0.0417,0.0,60.0,59.9936,15.44,0.823695,0.000705,0.000251,0.0001,0.0001,8.4e-05,0.000212,0.000102,7.9e-05,0.000131,0.000127,0.000856,0.000305,0.000121,0.000121,0.000257,9.6e-05,0.000154,1e-06,60.1,3.95,0.0239,7e-06,60.0
flk_16_13,FLK_0016_3p_fm10p5hz_m055_cond16,flk_sim_16,16,ABC,C,train,Flicker,0,SCENARIO_CONTROLLER,10.5,0.055,0.0472,10.0,0.590781,0.86219,1.459407,0.0414,0.0,60.0,59.9989,15.44,0.823804,0.000677,0.000252,0.000223,0.00015,0.00018,0.000174,7.1e-05,1e-05,1.5e-05,0.000182,0.000822,0.000306,0.000271,0.000182,0.000211,1.2e-05,0.000221,1e-06,60.1,3.92,0.0239,6e-06,60.0
flk_16_14,FLK_0016_3p_fm10p5hz_m055_cond16,flk_sim_16,16,ABC,C,train,Flicker,0,SCENARIO_CONTROLLER,10.5,0.055,0.0471,10.5,0.591078,0.86323,1.460433,0.0281,0.0,60.0,59.9989,15.44,0.824224,0.000595,0.000197,9.5e-05,6.2e-05,0.000101,0.000106,6.5e-05,4.5e-05,6.2e-05,0.000129,0.000722,0.000239,0.000115,7.5e-05,0.000129,5.5e-05,0.000157,0.0,60.1,3.81,0.0239,5e-06,60.0
flk_16_15,FLK_0016_3p_fm10p5hz_m055_cond16,flk_sim_16,16,ABC,A,train,Flicker,0,SCENARIO_CONTROLLER,10.5,0.055,0.0477,10.5,0.597501,0.872836,1.46081,0.0444,0.0,60.0,60.0061,15.81,0.834154,0.000814,0.000338,0.000168,6.8e-05,0.000193,0.000135,0.000146,0.000125,3e-05,9.4e-05,0.000976,0.000405,0.000201,8.2e-05,0.000162,0.00015,0.000113,1e-06,60.09,4.17,0.0224,7e-06,60.0
flk_16_16,FLK_0016_3p_fm10p5hz_m055_cond16,flk_sim_16,16,ABC,C,train,Flicker,0,SCENARIO_CONTROLLER,10.5,0.055,0.0514,10.5,0.591439,0.86323,1.459541,0.0515,0.0,60.0,60.0094,15.53,0.825041,0.00082,0.00036,0.000153,0.00017,0.000134,0.000149,2.2e-05,0.000113,6.9e-05,7.7e-05,0.000994,0.000436,0.000185,0.000206,0.000181,0.000137,9.3e-05,1e-06,60.1,4.03,0.0235,8e-06,60.0
flk_16_17,FLK_0016_3p_fm10p5hz_m055_cond16,flk_sim_16,16,ABC,C,train,Flicker,0,SCENARIO_CONTROLLER,10.5,0.055,0.0516,11.0,0.591093,0.863371,1.460635,0.1054,0.0,60.0,60.0094,15.55,0.824625,0.001249,0.000713,0.000491,0.00036,0.000261,0.000342,0.000159,0.000259,0.000147,0.000283,0.001515,0.000865,0.000595,0.000437,0.000415,0.000314,0.000343,3e-06,60.11,4.96,0.0235,1.7e-05,60.0
flk_16_18,FLK_0016_3p_fm10p5hz_m055_cond16,flk_sim_16,16,ABC,A,train,Flicker,0,SCENARIO_CONTROLLER,10.5,0.055,0.0523,11.0,0.597792,0.872836,1.460099,0.0479,0.0,60.0,60.01,15.95,0.834998,0.000954,0.000389,0.000255,4.8e-05,0.000121,7.7e-05,6e-05,8.8e-05,4.4e-05,4.4e-05,0.001143,0.000466,0.000305,5.7e-05,9.2e-05,0.000105,5.3e-05,1e-06,60.09,4.03,0.0218,7e-06,60.0
flk_16_19,FLK_0016_3p_fm10p5hz_m055_cond16,flk_sim_16,16,ABC,C,train,Flicker,0,SCENARIO_CONTROLLER,10.5,0.055,0.0521,11.0,0.591591,0.863371,1.459404,0.0488,0.0,60.0,60.0119,15.67,0.82571,0.001108,0.000363,0.000271,0.00015,9.9e-05,9.1e-05,0.00013,9.6e-05,3.6e-05,0.000112,0.001342,0.00044,0.000328,0.000182,0.00011,0.000116,0.000136,2e-06,60.09,3.9,0.0229,7e-06,60.0
flk_16_20,FLK_0016_3p_fm10p5hz_m055_cond16,flk_sim_16,16,ABC,B,train,Flicker,0,SCENARIO_CONTROLLER,10.5,0.055,0.051,11.0,0.599987,0.876985,1.461673,0.0808,0.0,60.0,60.0092,16.03,0.838258,0.001136,0.000654,0.000279,0.000137,0.000129,0.000107,9.5e-05,6.3e-05,0.000151,4.4e-05,0.001355,0.00078,0.000333,0.000163,0.000128,7.5e-05,5.2e-05,2e-06,60.09,4.28,0.0215,1e-05,60.0
flk_16_21,FLK_0016_3p_fm10p5hz_m055_cond16,flk_sim_16,16,ABC,C,train,Flicker,0,SCENARIO_CONTROLLER,10.5,0.055,0.0505,11.0,0.591013,0.863371,1.460833,0.1181,0.0,60.0,60.0143,15.7,0.82503,0.001707,0.000823,0.000645,0.000464,0.000371,0.000239,0.000245,0.000265,0.000201,0.000104,0.002069,0.000998,0.000782,0.000562,0.00029,0.000321,0.000126,5e-06,60.11,5.25,0.0227,2.3e-05,60.0
flk_16_22,FLK_0016_3p_fm10p5hz_m055_cond16,flk_sim_16,16,ABC,C,train,Flicker,0,SCENARIO_CONTROLLER,10.5,0.055,0.0506,11.0,0.591288,0.863371,1.460153,0.0791,0.0,60.0,60.0143,15.7,0.825404,0.001383,0.000574,0.000352,0.00029,0.000324,0.000111,0.000149,0.000133,0.000162,0.000235,0.001676,0.000695,0.000426,0.000351,0.000134,0.000161,0.000285,3e-06,60.1,4.41,0.0227,1.3e-05,60.0
flk_16_23,FLK_0016_3p_fm10p5hz_m055_cond16,flk_sim_16,16,ABC,B,train,Flicker,0,SCENARIO_CONTROLLER,10.5,0.055,0.0479,11.0,0.599557,0.876985,1.462723,0.1083,0.0,60.0,60.0138,15.97,0.837599,0.001461,0.000838,0.00044,0.000308,0.000218,0.000161,0.000141,0.000152,0.000188,0.000192,0.001744,0.001,0.000525,0.000368,0.000192,0.000181,0.000229,3e-06,60.1,4.96,0.0216,1.6e-05,60.0
flk_16_24,FLK_0016_3p_fm10p5hz_m055_cond16,flk_sim_16,16,ABC,C,train,Flicker,0,SCENARIO_CONTROLLER,10.5,0.055,0.0471,11.0,0.591128,0.863371,1.460548,0.067,0.0,60.0,60.0083,15.61,0.824843,0.001056,0.000421,0.000297,0.00028,0.00026,0.000224,6.8e-05,7.6e-05,6.8e-05,0.000159,0.00128,0.00051,0.00036,0.000339,0.000272,9.2e-05,0.000193,2e-06,60.1,4.14,0.0232,1e-05,60.0
flk_16_25,FLK_0016_3p_fm10p5hz_m055_cond16,flk_sim_16,16,ABC,C,train,Flicker,0,SCENARIO_CONTROLLER,10.5,0.055,0.047,10.5,0.590803,0.863371,1.461352,0.0906,0.0,60.0,60.0083,15.6,0.824345,0.001302,0.000645,0.000514,0.000294,0.000256,0.000236,0.000151,0.000167,0.00017,0.000124,0.001579,0.000782,0.000624,0.000357,0.000286,0.000203,0.00015,3e-06,60.1,4.87,0.0233,1.6e-05,60.0
flk_16_26,FLK_0016_3p_fm10p5hz_m055_cond16,flk_sim_16,16,ABC,C,train,Flicker,0,SCENARIO_CONTROLLER,10.5,0.055,0.0472,10.5,0.590471,0.863371,1.462173,0.0927,0.0,60.0,60.0022,15.51,0.823581,0.001196,0.000638,0.000416,0.000283,0.000255,0.000311,0.000231,0.00017,0.000124,0.000133,0.001452,0.000775,0.000505,0.000344,0.000378,0.000206,0.000161,2e-06,60.1,4.81,0.0237,1.5e-05,60.0
flk_16_27,FLK_0016_3p_fm10p5hz_m055_cond16,flk_sim_16,16,ABC,C,train,Flicker,0,SCENARIO_CONTROLLER,10.5,0.055,0.0475,10.5,0.590802,0.863371,1.461353,0.0304,0.0,60.0,60.0022,15.47,0.823932,0.000667,0.000177,0.000168,0.000129,4.2e-05,0.000121,0.000114,3.5e-05,8.8e-05,8.6e-05,0.00081,0.000215,0.000204,0.000157,0.000147,4.2e-05,0.000104,1e-06,60.1,3.86,0.0238,6e-06,60.0
flk_16_28,FLK_0016_3p_fm10p5hz_m055_cond16,flk_sim_16,16,ABC,C,train,Flicker,0,SCENARIO_CONTROLLER,10.5,0.055,0.0473,10.0,0.590397,0.863371,1.462356,0.049,0.0,60.0,60.0022,15.45,0.823299,0.00072,0.000316,0.00021,0.000164,0.00011,0.00019,0.000144,6.9e-05,9.9e-05,0.000109,0.000875,0.000384,0.000255,0.000199,0.000231,8.4e-05,0.000132,1e-06,60.1,4.06,0.0239,8e-06,60.0
flk_16_29,FLK_0016_3p_fm10p5hz_m055_cond16,flk_sim_16,16,ABC,C,train,Flicker,0,SCENARIO_CONTROLLER,10.5,0.055,0.0471,10.0,0.590329,0.863371,1.462525,0.0372,0.0,60.0,59.9946,15.43,0.823149,0.000542,0.000271,0.000193,0.000111,0.000175,9e-05,0.000122,1.7e-05,8.7e-05,6.9e-05,0.000658,0.000329,0.000234,0.000135,0.000109,2.1e-05,8.4e-05,0.0,60.1,3.91,0.024,6e-06,60.0
flk_16_30,FLK_0016_3p_fm10p5hz_m055_cond16,flk_sim_16,16,ABC,C,train,Flicker,0,SCENARIO_CONTROLLER,10.5,0.055,0.0474,10.0,0.589918,0.863371,1.463544,0.04,0.0,60.0,59.9946,15.44,0.822619,0.00062,0.000247,0.000128,0.000176,0.000204,0.000129,7.9e-05,9.2e-05,0.000127,0.000102,0.000754,0.0003,0.000156,0.000214,0.000157,0.000112,0.000124,1e-06,60.1,3.96,0.0239,7e-06,60.0
flk_16_31,FLK_0016_3p_fm10p5hz_m055_cond16,flk_sim_16,16,ABC,C,train,Flicker,0,SCENARIO_CONTROLLER,10.5,0.055,0.0473,10.5,0.589924,0.863371,1.463529,0.0489,0.0,60.0,59.9946,15.45,0.822672,0.000806,0.000321,0.000364,0.000162,0.000168,0.00018,9.9e-05,0.000164,0.000157,0.000127,0.00098,0.00039,0.000442,0.000197,0.000219,0.000199,0.000154,1e-06,60.1,4.23,0.0239,1e-05,60.0
flk_16_32,FLK_0016_3p_fm10p5hz_m055_cond16,flk_sim_16,16,ABC,A,train,Flicker,0,SCENARIO_CONTROLLER,10.5,0.055,0.0476,10.5,0.5954,0.871826,1.464271,0.0425,0.0,60.0,59.9913,15.8,0.831251,0.000717,0.000256,0.000185,0.000239,5.1e-05,4.6e-05,8.1e-05,3.5e-05,6.1e-05,2.7e-05,0.000863,0.000308,0.000223,0.000288,5.5e-05,4.2e-05,3.2e-05,1e-06,60.09,4.1,0.0224,7e-06,60.0
flk_17_01,FLK_0017_3p_fm8p8hz_m045_cond17,flk_sim_17,17,ABC,C,train,Flicker,0,SCENARIO_CONTROLLER,8.8,0.045,0.0344,9.0,0.587778,0.851511,1.448694,0.0357,0.0,60.0,60.0254,17.87,0.824599,0.000717,0.000287,0.000242,3.9e-05,0.000184,5.2e-05,7.9e-05,3e-06,1.5e-05,0.000152,0.00087,0.000348,0.000293,4.7e-05,6.3e-05,4e-06,0.000184,1e-06,60.06,3.73,0.0163,6e-06,60.0
flk_17_02,FLK_0017_3p_fm8p8hz_m045_cond17,flk_sim_17,17,ABC,A,train,Flicker,0,SCENARIO_CONTROLLER,8.8,0.045,0.0352,9.0,0.594412,0.861047,1.44857,0.0391,0.0,60.0,59.9868,18.23,0.834397,0.000641,0.000281,0.000158,0.000165,8.9e-05,2.2e-05,5e-05,6.4e-05,0.000105,8.1e-05,0.000768,0.000337,0.000189,0.000198,2.6e-05,7.7e-05,9.7e-05,1e-06,60.05,3.62,0.0153,6e-06,60.0
flk_17_03,FLK_0017_3p_fm8p8hz_m045_cond17,flk_sim_17,17,ABC,B,train,Flicker,0,SCENARIO_CONTROLLER,8.8,0.045,0.0344,9.0,0.597297,0.865932,1.449751,0.0692,0.0,60.0,60.0607,18.2,0.838326,0.001084,0.000418,0.000204,0.000368,0.000131,0.000163,0.000144,0.000202,3.7e-05,0.0001,0.001293,0.000499,0.000243,0.000439,0.000194,0.000241,0.000119,2e-06,60.05,4.18,0.0156,1e-05,60.0
flk_17_04,FLK_0017_3p_fm8p8hz_m045_cond17,flk_sim_17,17,ABC,C,train,Flicker,0,SCENARIO_CONTROLLER,8.8,0.045,0.0341,9.0,0.588493,0.851511,1.446935,0.1257,0.0,60.0,60.1402,17.64,0.825311,0.001893,0.000881,0.000725,0.000428,0.000511,0.00034,0.00028,0.000215,0.000292,0.000292,0.002294,0.001067,0.000878,0.000519,0.000412,0.000261,0.000354,6e-06,60.08,5.42,0.0171,2.5e-05,60.0
flk_17_05,FLK_0017_3p_fm8p8hz_m045_cond17,flk_sim_17,17,ABC,C,train,Flicker,0,SCENARIO_CONTROLLER,8.8,0.045,0.0348,9.0,0.589647,0.851511,1.444101,0.0728,0.0,60.0,60.1402,17.72,0.826807,0.001396,0.00054,0.000297,0.000234,0.000279,0.000126,9.1e-05,0.000134,0.000107,0.000126,0.001688,0.000653,0.000359,0.000283,0.000152,0.000162,0.000152,3e-06,60.05,3.87,0.0173,8e-06,60.0
flk_17_06,FLK_0017_3p_fm8p8hz_m045_cond17,flk_sim_17,17,ABC,B,train,Flicker,0,SCENARIO_CONTROLLER,8.8,0.045,0.0343,9.0,0.598696,0.865932,1.446364,0.0652,0.0,60.0,60.1675,17.92,0.839803,0.001427,0.000452,0.000388,0.000291,0.000151,0.000103,2.4e-05,0.000122,0.000145,6.7e-05,0.001699,0.000538,0.000462,0.000347,0.000123,0.000145,8e-05,3e-06,60.04,3.88,0.0168,8e-06,60.0
flk_17_07,FLK_0017_3p_fm8p8hz_m045_cond17,flk_sim_17,17,ABC,C,train,Flicker,0,SCENARIO_CONTROLLER,8.8,0.045,0.0347,8.5,0.589611,0.851511,1.44419,0.2057,0.0,60.0,60.23,17.28,0.826151,0.002678,0.00143,0.001023,0.000719,0.000755,0.000572,0.000506,0.000439,0.000435,0.000347,0.003242,0.001731,0.001238,0.00087,0.000692,0.000531,0.00042,1.2e-05,60.1,7.45,0.0188,6.1e-05,60.0
flk_17_08,FLK_0017_3p_fm8p8hz_m045_cond17,flk_sim_17,17,ABC,C,train,Flicker,0,SCENARIO_CONTROLLER,8.8,0.045,0.0354,8.5,0.590685,0.851511,1.441565,0.102,0.0,60.0,60.23,17.35,0.827621,0.001786,0.000744,0.000523,0.000345,0.000101,0.000199,0.000172,0.00018,0.000124,0.000169,0.002158,0.000899,0.000632,0.000417,0.00024,0.000217,0.000204,4e-06,60.04,4.24,0.0188,1.2e-05,60.0
flk_17_09,FLK_0017_3p_fm8p8hz_m045_cond17,flk_sim_17,17,ABC,B,train,Flicker,0,SCENARIO_CONTROLLER,8.8,0.045,0.0348,8.5,0.599307,0.865932,1.444889,0.1274,0.0,60.0,60.2425,17.54,0.840071,0.002091,0.000864,0.000478,0.000554,0.000349,0.000302,0.000255,0.000211,0.000244,0.000158,0.002489,0.001028,0.000569,0.000659,0.000359,0.000251,0.000188,6e-06,60.05,5.1,0.0181,2e-05,60.0
flk_17_10,FLK_0017_3p_fm8p8hz_m045_cond17,flk_sim_17,17,ABC,C,train,Flicker,0,SCENARIO_CONTROLLER,8.8,0.045,0.0369,8.5,0.590446,0.851511,1.442148,0.1987,0.0,60.0,60.2723,17.07,0.826881,0.002867,0.001388,0.000853,0.000726,0.000447,0.000495,0.000483,0.000441,0.000337,0.000284,0.003467,0.001679,0.001032,0.000878,0.000599,0.000533,0.000343,1.2e-05,60.08,6.95,0.0197,5.1e-05,60.0
flk_17_11,FLK_0017_3p_fm8p8hz_m045_cond17,flk_sim_17,17,ABC,C,train,Flicker,0,SCENARIO_CONTROLLER,8.8,0.045,0.0371,8.5,0.590614,0.851511,1.441738,0.1833,0.0,60.0,60.2723,17.08,0.827117,0.002689,0.001285,0.00081,0.000646,0.000563,0.000479,0.00044,0.000332,0.000324,0.000321,0.003251,0.001554,0.000979,0.000781,0.000579,0.000401,0.000388,1.1e-05,60.07,6.42,0.0197,4e-05,60.0
flk_17_12,FLK_0017_3p_fm8p8hz_m045_cond17,flk_sim_17,17,ABC,A,train,Flicker,0,SCENARIO_CONTROLLER,8.8,0.045,0.0384,8.5,0.596715,0.861047,1.442978,0.146,0.0,60.0,60.2522,17.48,0.836317,0.0023,0.001021,0.000734,0.000573,0.000316,0.000346,0.000235,0.000251,0.00023,0.00019,0.00275,0.001221,0.000878,0.000685,0.000414,0.0003,0.000227,8e-06,60.05,5.43,0.0184,2.5e-05,60.0
flk_17_13,FLK_0017_3p_fm8p8hz_m045_cond17,flk_sim_17,17,ABC,C,train,Flicker,0,SCENARIO_CONTROLLER,8.8,0.045,0.0421,8.5,0.590346,0.851511,1.442392,0.1256,0.0,60.0,60.2475,17.23,0.82694,0.002078,0.000922,0.000698,0.000433,0.000342,0.000205,0.000248,0.000126,0.000125,0.000253,0.002513,0.001115,0.000844,0.000524,0.000248,0.000152,0.000306,6e-06,60.05,4.88,0.0193,1.9e-05,60.0
flk_17_14,FLK_0017_3p_fm8p8hz_m045_cond17,flk_sim_17,17,ABC,B,train,Flicker,0,SCENARIO_CONTROLLER,8.8,0.045,0.0443,8.5,0.5985,0.865932,1.446837,0.086,0.0,60.0,60.2175,17.67,0.839097,0.001809,0.000618,0.000394,0.000318,0.000181,0.000194,0.000133,0.000144,0.000207,6.8e-05,0.002156,0.000737,0.00047,0.000379,0.000231,0.000172,8.1e-05,4e-06,60.04,4.09,0.0177,1.1e-05,60.0
flk_17_15,FLK_0017_3p_fm8p8hz_m045_cond17,flk_sim_17,17,ABC,A,train,Flicker,0,SCENARIO_CONTROLLER,8.8,0.045,0.0446,9.0,0.595848,0.861047,1.445078,0.0737,0.0,60.0,60.1931,17.79,0.835586,0.001578,0.000552,0.000232,0.000254,0.000179,9.9e-05,0.00013,0.000115,0.00015,0.000102,0.001888,0.000661,0.000278,0.000304,0.000118,0.000138,0.000122,3e-06,60.04,3.94,0.0173,8e-06,60.0
flk_17_16,FLK_0017_3p_fm8p8hz_m045_cond17,flk_sim_17,17,ABC,C,train,Flicker,0,SCENARIO_CONTROLLER,8.8,0.045,0.046,9.0,0.589161,0.851511,1.445293,0.0713,0.0,60.0,60.1666,17.6,0.825878,0.001486,0.000544,0.000168,0.000226,0.000223,1.5e-05,3.5e-05,2.4e-05,9e-05,7.6e-05,0.001799,0.000659,0.000203,0.000274,1.8e-05,2.9e-05,9.2e-05,3e-06,60.04,3.85,0.0179,8e-06,60.0
flk_17_17,FLK_0017_3p_fm8p8hz_m045_cond17,flk_sim_17,17,ABC,B,train,Flicker,0,SCENARIO_CONTROLLER,8.8,0.045,0.0454,9.0,0.596986,0.865932,1.450508,0.065,0.0,60.0,60.1297,18.02,0.83756,0.001352,0.000453,0.00026,0.000229,0.0002,0.000197,8.8e-05,0.000129,0.000146,6.2e-05,0.001614,0.000541,0.00031,0.000273,0.000235,0.000154,7.4e-05,2e-06,60.05,4.04,0.0164,1e-05,60.0
flk_17_18,FLK_0017_3p_fm8p8hz_m045_cond17,flk_sim_17,17,ABC,A,train,Flicker,0,SCENARIO_CONTROLLER,8.8,0.045,0.0409,9.0,0.594195,0.861047,1.449099,0.064,0.0,60.0,60.0931,18.13,0.833831,0.001257,0.000433,0.000386,0.000272,0.000184,0.000155,0.000122,0.000187,6.3e-05,0.000154,0.001507,0.000519,0.000463,0.000326,0.000186,0.000224,0.000185,2e-06,60.05,4.02,0.016,1e-05,60.0
flk_17_19,FLK_0017_3p_fm8p8hz_m045_cond17,flk_sim_17,17,ABC,C,train,Flicker,0,SCENARIO_CONTROLLER,8.8,0.045,0.0384,9.0,0.587373,0.851511,1.449692,0.0719,0.0,60.0,60.0582,17.86,0.823893,0.001105,0.000488,0.000415,0.000295,0.000131,0.00016,0.000183,0.000141,0.00018,5e-05,0.001341,0.000592,0.000504,0.000358,0.000194,0.000171,6.1e-05,2e-06,60.06,4.09,0.0166,1.1e-05,60.0
flk_17_20,FLK_0017_3p_fm8p8hz_m045_cond17,flk_sim_17,17,ABC,B,train,Flicker,0,SCENARIO_CONTROLLER,8.8,0.045,0.0346,9.0,0.595226,0.865932,1.454797,0.0576,0.0,60.0,60.0132,18.19,0.835456,0.000949,0.000344,0.000298,0.000293,7.8e-05,0.000167,0.000171,0.000174,3.1e-05,8.7e-05,0.001136,0.000412,0.000357,0.000351,0.0002,0.000208,0.000104,1e-06,60.06,4.13,0.0155,1e-05,60.0
flk_17_21,FLK_0017_3p_fm8p8hz_m045_cond17,flk_sim_17,17,ABC,C,train,Flicker,0,SCENARIO_CONTROLLER,8.8,0.045,0.0346,9.0,0.586505,0.851511,1.451838,0.057,0.0,60.0,59.9416,17.84,0.822745,0.000995,0.00039,0.000324,0.000204,0.000277,0.000161,7.3e-05,5.8e-05,0.000166,0.000138,0.001209,0.000474,0.000394,0.000248,0.000196,7e-05,0.000168,1e-06,60.06,4.17,0.0164,1e-05,60.0
flk_17_22,FLK_0017_3p_fm8p8hz_m045_cond17,flk_sim_17,17,ABC,C,train,Flicker,0,SCENARIO_CONTROLLER,8.8,0.045,0.0355,9.0,0.585937,0.851511,1.453247,0.0385,0.0,60.0,59.9416,17.82,0.821902,0.000872,0.000244,0.000118,0.00017,0.000186,0.000108,7.3e-05,7.5e-05,8.5e-05,5.6e-05,0.001061,0.000297,0.000144,0.000207,0.000131,9.1e-05,6.8e-05,1e-06,60.05,3.78,0.0166,7e-06,60.0
flk_17_23,FLK_0017_3p_fm8p8hz_m045_cond17,flk_sim_17,17,ABC,B,train,Flicker,0,SCENARIO_CONTROLLER,8.8,0.045,0.035,9.0,0.594105,0.865932,1.457541,0.0479,0.0,60.0,59.9062,18.07,0.833711,0.000976,0.000331,0.000108,0.000183,0.000156,0.000127,1.5e-05,0.000127,0.00014,4.1e-05,0.001171,0.000397,0.00013,0.00022,0.000152,0.000152,4.9e-05,1e-06,60.05,3.99,0.0159,8e-06,60.0
flk_17_24,FLK_0017_3p_fm8p8hz_m045_cond17,flk_sim_17,17,ABC,B,train,Flicker,0,SCENARIO_CONTROLLER,8.8,0.045,0.0344,9.0,0.594878,0.865932,1.455647,0.1653,0.0,60.0,59.8344,17.85,0.834538,0.002221,0.001184,0.000915,0.000481,0.000533,0.000521,0.000474,0.000309,0.000337,0.000241,0.002661,0.001419,0.001096,0.000576,0.000624,0.00037,0.000289,8e-06,60.09,6.7,0.0166,4.3e-05,60.0
flk_17_25,FLK_0017_3p_fm8p8hz_m045_cond17,flk_sim_17,17,ABC,B,train,Flicker,0,SCENARIO_CONTROLLER,8.8,0.045,0.0356,9.0,0.593905,0.865932,1.458033,0.1244,0.0,60.0,59.8185,17.75,0.832853,0.001928,0.000905,0.000619,0.000396,0.000375,0.000311,0.000229,0.00028,0.000144,0.000126,0.002315,0.001087,0.000743,0.000475,0.000373,0.000336,0.000151,5e-06,60.06,5.24,0.0173,2.3e-05,60.0
flk_17_26,FLK_0017_3p_fm8p8hz_m045_cond17,flk_sim_17,17,ABC,B,train,Flicker,0,SCENARIO_CONTROLLER,8.8,0.045,0.0355,9.0,0.594134,0.865932,1.45747,0.162,0.0,60.0,59.8185,17.79,0.83312,0.002275,0.001092,0.000835,0.00065,0.00036,0.000454,0.000316,0.000333,0.000316,0.000299,0.002731,0.001311,0.001002,0.00078,0.000545,0.0004,0.000359,8e-06,60.08,6.27,0.0174,3.7e-05,60.0
flk_17_27,FLK_0017_3p_fm8p8hz_m045_cond17,flk_sim_17,17,ABC,C,train,Flicker,0,SCENARIO_CONTROLLER,8.8,0.045,0.0373,9.0,0.58522,0.851511,1.455028,0.1038,0.0,60.0,59.7707,17.24,0.819711,0.002069,0.00073,0.000575,0.000359,0.000246,0.000251,0.00022,0.000183,0.000185,0.000135,0.002524,0.000891,0.000701,0.000438,0.000306,0.000223,0.000165,6e-06,60.05,4.65,0.0193,1.6e-05,60.0
flk_17_28,FLK_0017_3p_fm8p8hz_m045_cond17,flk_sim_17,17,ABC,B,train,Flicker,0,SCENARIO_CONTROLLER,8.8,0.045,0.0378,9.0,0.593603,0.865932,1.458774,0.0975,0.0,60.0,59.7675,17.5,0.831864,0.001928,0.000781,0.000353,0.000166,8.4e-05,0.000143,0.000218,0.000104,0.000112,0.00012,0.002318,0.000939,0.000424,0.0002,0.000172,0.000125,0.000144,5e-06,60.04,4.37,0.0185,1.2e-05,60.0
flk_17_29,FLK_0017_3p_fm8p8hz_m045_cond17,flk_sim_17,17,ABC,A,train,Flicker,0,SCENARIO_CONTROLLER,8.8,0.045,0.0388,9.0,0.591449,0.860919,1.45561,0.0931,0.0,60.0,59.763,17.49,0.828773,0.001925,0.0007,0.000388,0.000317,0.000166,7.3e-05,5.1e-05,0.000142,0.000159,9.1e-05,0.002323,0.000845,0.000468,0.000382,8.8e-05,0.000171,0.00011,5e-06,60.03,4.06,0.0187,9e-06,60.0
flk_17_30,FLK_0017_3p_fm8p8hz_m045_cond17,flk_sim_17,17,ABC,C,train,Flicker,0,SCENARIO_CONTROLLER,8.8,0.045,0.0426,9.0,0.585248,0.851511,1.454958,0.0834,0.0,60.0,59.7452,17.1,0.819454,0.001966,0.00063,0.000329,0.000232,0.000243,0.000126,9e-05,2.7e-05,3.8e-05,8.6e-05,0.002399,0.000769,0.000401,0.000283,0.000154,3.3e-05,0.000105,5e-06,60.03,4.03,0.0199,1e-05,60.0
flk_17_31,FLK_0017_3p_fm8p8hz_m045_cond17,flk_sim_17,17,ABC,B,train,Flicker,0,SCENARIO_CONTROLLER,8.8,0.045,0.0433,9.0,0.593931,0.865932,1.457968,0.1019,0.0,60.0,59.7621,17.46,0.832236,0.002062,0.000811,0.000503,0.000189,0.000366,0.000159,9.1e-05,0.000129,9e-05,9.1e-05,0.002478,0.000974,0.000604,0.000227,0.000191,0.000155,0.000109,5e-06,60.04,4.44,0.0187,1.2e-05,60.0
flk_17_32,FLK_0017_3p_fm8p8hz_m045_cond17,flk_sim_17,17,ABC,A,train,Flicker,0,SCENARIO_CONTROLLER,8.8,0.045,0.0413,9.0,0.591906,0.860919,1.454487,0.1123,0.0,60.0,59.7696,17.51,0.829524,0.002142,0.000818,0.000529,0.000415,0.000313,0.000161,0.000216,0.000265,0.0002,0.000221,0.002582,0.000986,0.000638,0.0005,0.000194,0.000319,0.000266,6e-06,60.04,4.67,0.0184,1.6e-05,60.0
flk_18_01,FLK_0018_3p_fm12hz_m06_cond18,flk_sim_18,18,ABC,C,test,Flicker,0,SCENARIO_CONTROLLER,12.0,0.06,0.0553,12.0,0.603968,0.887974,1.470234,0.1183,0.0,60.0,60.0557,14.91,0.840844,0.002199,0.000908,0.000495,0.000352,0.000221,0.000201,0.00027,0.000273,0.000252,9.1e-05,0.002615,0.00108,0.000589,0.000419,0.000239,0.000325,0.000108,6e-06,60.14,4.7,0.0302,1.3e-05,60.0
flk_18_02,FLK_0018_3p_fm12hz_m06_cond18,flk_sim_18,18,ABC,A,test,Flicker,0,SCENARIO_CONTROLLER,12.0,0.06,0.0554,12.0,0.61095,0.89591,1.46642,0.0945,0.0,60.0,59.9874,15.3,0.85154,0.001929,0.000699,0.000417,0.000316,0.000151,0.000242,0.000204,0.000199,0.000233,0.000141,0.002265,0.000821,0.00049,0.000371,0.000284,0.000234,0.000166,5e-06,60.13,4.27,0.0283,1e-05,60.0
flk_18_03,FLK_0018_3p_fm12hz_m06_cond18,flk_sim_18,18,ABC,C,test,Flicker,0,SCENARIO_CONTROLLER,12.0,0.06,0.0607,12.0,0.605348,0.887974,1.466883,0.0816,0.0,60.0,60.0557,14.92,0.842837,0.002069,0.000613,0.000357,0.00028,0.000242,0.00014,0.000222,5.8e-05,0.000119,2.9e-05,0.002455,0.000727,0.000424,0.000332,0.000166,6.9e-05,3.4e-05,5e-06,60.14,4.41,0.0301,1.2e-05,60.0
flk_18_04,FLK_0018_3p_fm12hz_m06_cond18,flk_sim_18,18,ABC,B,test,Flicker,0,SCENARIO_CONTROLLER,12.0,0.06,0.0633,12.0,0.614337,0.901824,1.467962,0.203,0.0,60.0,60.1138,15.03,0.856365,0.003208,0.001451,0.001026,0.00079,0.000531,0.000543,0.000621,0.000286,0.000462,0.000244,0.003746,0.001694,0.001198,0.000923,0.000634,0.000334,0.000285,1.5e-05,60.17,6.92,0.0286,4.9e-05,60.0
flk_18_05,FLK_0018_3p_fm12hz_m06_cond18,flk_sim_18,18,ABC,C,test,Flicker,0,SCENARIO_CONTROLLER,12.0,0.06,0.0691,12.0,0.607394,0.887974,1.461941,0.1546,0.0,60.0,60.222,14.14,0.846022,0.003065,0.001187,0.000609,0.000496,0.000338,0.000235,0.000241,7.6e-05,0.000263,0.000137,0.003623,0.001403,0.00072,0.000586,0.000278,9e-05,0.000162,1.2e-05,60.12,4.94,0.0305,1.7e-05,60.0
flk_18_06,FLK_0018_3p_fm12hz_m06_cond18,flk_sim_18,18,ABC,B,test,Flicker,0,SCENARIO_CONTROLLER,12.0,0.06,0.0715,12.0,0.616528,0.901824,1.462747,0.1462,0.0,60.0,60.2506,14.17,0.859774,0.00323,0.001183,0.000651,0.000313,0.000215,0.000285,6.5e-05,2.3e-05,0.000114,0.000143,0.003757,0.001376,0.000757,0.000364,0.000331,2.7e-05,0.000166,1.3e-05,60.1,4.45,0.0288,1.1e-05,60.0
flk_18_07,FLK_0018_3p_fm12hz_m06_cond18,flk_sim_18,18,ABC,C,test,Flicker,0,SCENARIO_CONTROLLER,12.0,0.06,0.0746,12.0,0.606104,0.887974,1.465054,0.4527,0.0,60.0,60.3017,13.43,0.844441,0.006187,0.003213,0.00214,0.001689,0.001339,0.001199,0.001047,0.000883,0.000763,0.000839,0.007327,0.003805,0.002534,0.002,0.00142,0.001046,0.000994,6.2e-05,60.34,14.15,0.0312,0.000258,60.0
flk_18_08,FLK_0018_3p_fm12hz_m06_cond18,flk_sim_18,18,ABC,C,test,Flicker,0,SCENARIO_CONTROLLER,12.0,0.06,0.0789,12.0,0.608101,0.887974,1.460242,0.2235,0.0,60.0,60.3017,13.5,0.847321,0.004252,0.001722,0.001044,0.000701,0.000527,0.000361,0.000367,0.000197,0.000286,0.000166,0.005018,0.002032,0.001232,0.000827,0.000426,0.000232,0.000196,2.3e-05,60.11,6.3,0.0307,3.5e-05,60.0
flk_18_09,FLK_0018_3p_fm12hz_m06_cond18,flk_sim_18,18,ABC,A,test,Flicker,0,SCENARIO_CONTROLLER,12.0,0.06,0.0784,12.0,0.612829,0.89591,1.461924,0.3672,0.0,60.0,60.2962,13.73,0.854764,0.005261,0.002616,0.001679,0.00143,0.001119,0.000982,0.000727,0.000759,0.000781,0.000605,0.006155,0.00306,0.001964,0.001673,0.001149,0.000888,0.000708,4.4e-05,60.23,11.22,0.0292,0.000158,60.0
flk_18_10,FLK_0018_3p_fm12hz_m06_cond18,flk_sim_18,18,ABC,C,test,Flicker,0,SCENARIO_CONTROLLER,12.0,0.06,0.0812,12.0,0.606702,0.887974,1.463608,0.3286,0.0,60.0,60.2892,13.57,0.845255,0.004795,0.002378,0.001488,0.001117,0.00095,0.0009,0.000802,0.000556,0.000544,0.000478,0.005673,0.002813,0.00176,0.001321,0.001065,0.000658,0.000566,3.5e-05,60.21,10.2,0.031,0.000127,60.0
flk_18_11,FLK_0018_3p_fm12hz_m06_cond18,flk_sim_18,18,ABC,B,test,Flicker,0,SCENARIO_CONTROLLER,12.0,0.06,0.0803,12.0,0.615115,0.901824,1.466106,0.2213,0.0,60.0,60.252,14.13,0.857748,0.003929,0.001665,0.001165,0.000798,0.000736,0.000441,0.00062,0.000409,0.000185,0.000332,0.004581,0.001941,0.001358,0.00093,0.000514,0.000477,0.000387,2.2e-05,60.14,7.18,0.0291,5.3e-05,60.0
flk_18_12,FLK_0018_3p_fm12hz_m06_cond18,flk_sim_18,18,ABC,A,test,Flicker,0,SCENARIO_CONTROLLER,12.0,0.06,0.0731,12.0,0.612306,0.89591,1.463172,0.1587,0.0,60.0,60.2122,14.45,0.853736,0.003238,0.001229,0.000841,0.000535,0.000292,0.000197,0.000308,0.000335,0.000268,0.000192,0.003793,0.00144,0.000985,0.000627,0.000231,0.000392,0.000225,1.3e-05,60.12,5.21,0.0288,2.2e-05,60.0
flk_18_13,FLK_0018_3p_fm12hz_m06_cond18,flk_sim_18,18,ABC,C,test,Flicker,0,SCENARIO_CONTROLLER,12.0,0.06,0.0693,12.0,0.605577,0.887974,1.466326,0.1265,0.0,60.0,60.1707,14.45,0.843298,0.002737,0.000995,0.000531,0.000273,0.000239,0.000272,0.0001,0.000157,0.000193,8.6e-05,0.003246,0.00118,0.00063,0.000324,0.000323,0.000186,0.000102,9e-06,60.12,4.36,0.0305,1.1e-05,60.0
flk_18_14,FLK_0018_3p_fm12hz_m06_cond18,flk_sim_18,18,ABC,B,test,Flicker,0,SCENARIO_CONTROLLER,12.0,0.06,0.0578,12.0,0.613064,0.901824,1.47101,0.1034,0.0,60.0,60.11,15.05,0.854509,0.002218,0.000816,0.000386,0.000324,0.000125,0.000105,0.000151,0.000165,0.000267,0.000111,0.002596,0.000955,0.000452,0.000379,0.000123,0.000193,0.00013,6e-06,60.13,4.46,0.0286,1.3e-05,60.0
flk_18_15,FLK_0018_3p_fm12hz_m06_cond18,flk_sim_18,18,ABC,C,test,Flicker,0,SCENARIO_CONTROLLER,12.0,0.06,0.0551,12.0,0.603207,0.887974,1.472089,0.083,0.0,60.0,59.9811,14.95,0.839735,0.002069,0.000577,0.000456,0.000309,0.000147,0.00024,0.000158,0.000103,0.000153,0.000128,0.002464,0.000687,0.000543,0.000368,0.000286,0.000123,0.000152,5e-06,60.14,4.36,0.0302,1.1e-05,60.0
flk_18_16,FLK_0018_3p_fm12hz_m06_cond18,flk_sim_18,18,ABC,C,test,Flicker,0,SCENARIO_CONTROLLER,12.0,0.06,0.0548,12.0,0.602415,0.887974,1.474023,0.1457,0.0,60.0,59.9811,14.93,0.838619,0.00242,0.001055,0.000652,0.000421,0.000398,0.000448,0.00029,0.000316,0.000146,0.000218,0.002886,0.001258,0.000777,0.000502,0.000534,0.000377,0.00026,8e-06,60.15,5.49,0.0304,2.6e-05,60.0
flk_18_17,FLK_0018_3p_fm12hz_m06_cond18,flk_sim_18,18,ABC,B,test,Flicker,0,SCENARIO_CONTROLLER,12.0,0.06,0.0612,12.0,0.609563,0.901824,1.479459,0.1407,0.0,60.0,59.9113,15.06,0.849485,0.002628,0.001048,0.000694,0.00048,0.00046,0.000318,0.000409,0.000352,0.00027,0.000154,0.003094,0.001234,0.000817,0.000565,0.000374,0.000414,0.000181,9e-06,60.14,5.08,0.0289,2e-05,60.0
flk_18_18,FLK_0018_3p_fm12hz_m06_cond18,flk_sim_18,18,ABC,A,test,Flicker,0,SCENARIO_CONTROLLER,12.0,0.06,0.0679,12.0,0.606174,0.89591,1.477975,0.1278,0.0,60.0,59.8463,14.74,0.844826,0.00271,0.000989,0.000578,0.000428,0.000228,8e-05,7.3e-05,0.000195,0.000319,0.000167,0.003208,0.001171,0.000684,0.000507,9.5e-05,0.000231,0.000198,9e-06,60.12,4.69,0.0291,1.5e-05,60.0
flk_18_19,FLK_0018_3p_fm12hz_m06_cond18,flk_sim_18,18,ABC,C,test,Flicker,0,SCENARIO_CONTROLLER,12.0,0.06,0.0756,12.0,0.599067,0.887974,1.482263,0.1382,0.0,60.0,59.7791,13.99,0.834056,0.002953,0.001083,0.000538,0.000297,0.000243,0.000259,0.000208,0.000151,9.7e-05,0.000154,0.003541,0.001298,0.000645,0.000356,0.000311,0.000181,0.000185,1e-05,60.12,4.47,0.0312,1.2e-05,60.0
flk_18_20,FLK_0018_3p_fm12hz_m06_cond18,flk_sim_18,18,ABC,B,test,Flicker,0,SCENARIO_CONTROLLER,12.0,0.06,0.0771,12.0,0.606889,0.901824,1.485978,0.164,0.0,60.0,59.7358,13.9,0.845942,0.003316,0.001277,0.000686,0.000486,0.000223,0.00024,8.1e-05,0.000299,0.000127,8.8e-05,0.00392,0.00151,0.000811,0.000575,0.000284,0.000353,0.000104,1.4e-05,60.11,4.9,0.0296,1.6e-05,60.0
flk_18_21,FLK_0018_3p_fm12hz_m06_cond18,flk_sim_18,18,ABC,A,test,Flicker,0,SCENARIO_CONTROLLER,12.0,0.06,0.0721,11.5,0.60431,0.89591,1.482533,0.2037,0.0,60.0,59.6944,13.54,0.842463,0.003938,0.001517,0.000974,0.000747,0.000611,0.000291,0.000497,0.000341,0.000123,0.000287,0.004674,0.001801,0.001156,0.000887,0.000345,0.000405,0.000341,2e-05,60.12,6.29,0.0297,3.7e-05,60.0
flk_18_22,FLK_0018_3p_fm12hz_m06_cond18,flk_sim_18,18,ABC,C,test,Flicker,0,SCENARIO_CONTROLLER,12.0,0.06,0.072,11.5,0.597991,0.887974,1.484929,0.2624,0.0,60.0,59.6636,13.04,0.832802,0.004552,0.001911,0.001219,0.000846,0.000661,0.000639,0.000479,0.000503,0.000469,0.000358,0.005466,0.002295,0.001464,0.001016,0.000767,0.000604,0.00043,2.8e-05,60.15,8.06,0.0316,7e-05,60.0
flk_18_23,FLK_0018_3p_fm12hz_m06_cond18,flk_sim_18,18,ABC,A,test,Flicker,0,SCENARIO_CONTROLLER,12.0,0.06,0.0748,11.5,0.60501,0.89591,1.480817,0.3072,0.0,60.0,59.678,13.42,0.843549,0.004761,0.002197,0.001422,0.001068,0.000989,0.000864,0.000599,0.000509,0.000699,0.00051,0.005644,0.002604,0.001686,0.001266,0.001024,0.000603,0.000605,3.4e-05,60.19,9.86,0.0298,0.000118,60.0
flk_18_24,FLK_0018_3p_fm12hz_m06_cond18,flk_sim_18,18,ABC,C,test,Flicker,0,SCENARIO_CONTROLLER,12.0,0.06,0.0799,12.0,0.598953,0.887974,1.482543,0.257,0.0,60.0,59.6937,13.33,0.834118,0.004405,0.001836,0.001215,0.000933,0.000686,0.000595,0.000455,0.000448,0.00038,0.000443,0.005281,0.002201,0.001457,0.001119,0.000713,0.000537,0.000531,2.7e-05,60.17,8.55,0.0316,8.4e-05,60.0
flk_18_25,FLK_0018_3p_fm12hz_m06_cond18,flk_sim_18,18,ABC,B,test,Flicker,0,SCENARIO_CONTROLLER,12.0,0.06,0.0797,12.0,0.608104,0.901824,1.483009,0.1859,0.0,60.0,59.7477,14.02,0.84769,0.003562,0.001392,0.000932,0.000626,0.000514,0.000391,0.000484,0.000159,0.00023,0.000206,0.004202,0.001642,0.001099,0.000738,0.000461,0.000188,0.000243,1.7e-05,60.12,5.93,0.0296,2.9e-05,60.0
flk_18_26,FLK_0018_3p_fm12hz_m06_cond18,flk_sim_18,18,ABC,A,test,Flicker,0,SCENARIO_CONTROLLER,12.0,0.06,0.0758,12.0,0.606504,0.89591,1.477172,0.1359,0.0,60.0,59.8001,14.44,0.845417,0.003094,0.001024,0.000657,0.000361,0.00023,0.000376,0.000132,0.000102,0.000225,0.000128,0.00366,0.001211,0.000777,0.000427,0.000445,0.000121,0.000151,1.1e-05,60.11,4.57,0.0293,1.2e-05,60.0
flk_18_27,FLK_0018_3p_fm12hz_m06_cond18,flk_sim_18,18,ABC,C,test,Flicker,0,SCENARIO_CONTROLLER,12.0,0.06,0.0724,12.0,0.601233,0.887974,1.476921,0.0962,0.0,60.0,59.8527,14.5,0.837049,0.002691,0.000749,0.00053,0.000291,0.000249,5.3e-05,0.000235,4.8e-05,0.000114,0.000115,0.003215,0.000895,0.000633,0.000348,6.3e-05,5.7e-05,0.000137,8e-06,60.12,4.27,0.0309,1e-05,60.0
flk_18_28,FLK_0018_3p_fm12hz_m06_cond18,flk_sim_18,18,ABC,B,test,Flicker,0,SCENARIO_CONTROLLER,12.0,0.06,0.0603,12.0,0.611172,0.901824,1.475563,0.116,0.0,60.0,59.9235,15.13,0.851795,0.002382,0.000877,0.000461,0.000372,0.000228,0.000263,7.4e-05,9.3e-05,0.000232,0.000104,0.002796,0.00103,0.000541,0.000437,0.000309,0.000109,0.000122,7e-06,60.13,4.89,0.0288,1.8e-05,60.0
flk_18_29,FLK_0018_3p_fm12hz_m06_cond18,flk_sim_18,18,ABC,C,test,Flicker,0,SCENARIO_CONTROLLER,12.0,0.06,0.0555,12.0,0.603946,0.887974,1.470289,0.0846,0.0,60.0,60.0552,14.9,0.840784,0.001999,0.000677,0.000377,0.000171,0.000171,0.000137,5e-05,8.5e-05,4.5e-05,0.000148,0.002378,0.000805,0.000448,0.000203,0.000163,0.000101,0.000176,5e-06,60.14,4.04,0.0302,8e-06,60.0
flk_18_30,FLK_0018_3p_fm12hz_m06_cond18,flk_sim_18,18,ABC,C,test,Flicker,0,SCENARIO_CONTROLLER,12.0,0.06,0.0564,12.0,0.604872,0.887974,1.468035,0.1207,0.0,60.0,60.0552,14.92,0.842141,0.002383,0.000867,0.00056,0.000452,0.000336,0.000279,0.000182,0.000168,0.000223,0.000102,0.00283,0.00103,0.000665,0.000537,0.000331,0.000199,0.000121,7e-06,60.15,5.37,0.0302,2.3e-05,60.0
flk_18_31,FLK_0018_3p_fm12hz_m06_cond18,flk_sim_18,18,ABC,B,test,Flicker,0,SCENARIO_CONTROLLER,12.0,0.06,0.0616,12.0,0.614721,0.901824,1.467046,0.113,0.0,60.0,60.1128,15.06,0.856882,0.002498,0.000855,0.000613,0.000381,0.000315,0.000248,0.000198,0.000229,0.00025,0.000196,0.002915,0.000998,0.000715,0.000445,0.000289,0.000267,0.000229,8e-06,60.13,4.79,0.0285,1.7e-05,60.0
flk_18_32,FLK_0018_3p_fm12hz_m06_cond18,flk_sim_18,18,ABC,A,test,Flicker,0,SCENARIO_CONTROLLER,12.0,0.06,0.067,12.0,0.613093,0.897242,1.463468,0.1082,0.0,60.0,60.1648,14.8,0.854765,0.002545,0.000833,0.000493,0.000272,0.000171,0.000297,2.9e-05,0.000139,0.000225,7.8e-05,0.002977,0.000975,0.000577,0.000318,0.000347,0.000163,9.1e-05,8e-06,60.12,4.26,0.0285,1e-05,60.0
flk_19_01,FLK_0019_3p_fm6p5hz_m055_cond19,flk_sim_19,19,ABC,B,val,Flicker,0,SCENARIO_CONTROLLER,6.5,0.055,0.0388,7.0,0.585681,0.854996,1.459831,0.0522,0.0,60.0,59.9722,15.58,0.81715,0.000865,0.000305,0.000144,0.000255,0.000121,0.000155,1.1e-05,8.3e-05,0.000112,2.9e-05,0.001059,0.000373,0.000176,0.000312,0.00019,0.000102,3.5e-05,1e-06,60.04,3.92,0.0244,8e-06,60.0
flk_19_02,FLK_0019_3p_fm6p5hz_m055_cond19,flk_sim_19,19,ABC,A,val,Flicker,0,SCENARIO_CONTROLLER,6.5,0.055,0.0414,6.5,0.58331,0.849346,1.456081,0.0916,0.0,60.0,59.944,15.52,0.813944,0.00132,0.000628,0.000492,0.00035,0.000218,0.000196,0.000276,0.000104,0.000238,0.000175,0.001622,0.000772,0.000604,0.00043,0.000241,0.000128,0.000215,3e-06,60.05,4.56,0.0244,1.6e-05,60.0
flk_19_03,FLK_0019_3p_fm6p5hz_m055_cond19,flk_sim_19,19,ABC,B,val,Flicker,0,SCENARIO_CONTROLLER,6.5,0.055,0.0451,6.5,0.584362,0.854996,1.463128,0.0815,0.0,60.0,59.8835,15.19,0.815563,0.001574,0.000592,0.000344,0.000213,0.000144,0.000216,0.000183,0.0001,0.00029,9.5e-05,0.00193,0.000726,0.000422,0.000261,0.000265,0.000123,0.000116,3e-06,60.04,4.32,0.0247,1.3e-05,60.0
flk_19_04,FLK_0019_3p_fm6p5hz_m055_cond19,flk_sim_19,19,ABC,A,val,Flicker,0,SCENARIO_CONTROLLER,6.5,0.055,0.0493,6.5,0.581745,0.849346,1.459997,0.0931,0.0,60.0,59.857,15.02,0.812081,0.001769,0.000707,0.000458,0.000178,0.000171,0.000201,0.000144,2.9e-05,1.7e-05,8.9e-05,0.002178,0.000871,0.000564,0.000219,0.000248,3.6e-05,0.00011,4e-06,60.03,4.14,0.0247,1.2e-05,60.0
flk_19_05,FLK_0019_3p_fm6p5hz_m055_cond19,flk_sim_19,19,ABC,C,val,Flicker,0,SCENARIO_CONTROLLER,6.5,0.055,0.0523,6.5,0.575159,0.844504,1.468296,0.0988,0.0,60.0,59.8237,14.46,0.802227,0.002089,0.000731,0.000339,0.000256,0.000209,0.000166,0.000114,0.000177,5.1e-05,0.000135,0.002604,0.000911,0.000423,0.000319,0.000207,0.000221,0.000168,5e-06,60.03,4.12,0.0263,1.2e-05,60.0
flk_19_06,FLK_0019_3p_fm6p5hz_m055_cond19,flk_sim_19,19,ABC,B,val,Flicker,0,SCENARIO_CONTROLLER,6.5,0.055,0.0527,6.0,0.582899,0.854996,1.466799,0.0914,0.0,60.0,59.8065,14.57,0.813992,0.002193,0.000702,0.0005,0.000205,0.000315,0.000138,0.000166,2.1e-05,0.000159,1.1e-05,0.002694,0.000862,0.000614,0.000252,0.00017,2.6e-05,1.4e-05,6e-06,60.02,4.07,0.0248,1e-05,60.0
flk_19_07,FLK_0019_3p_fm6p5hz_m055_cond19,flk_sim_19,19,ABC,A,val,Flicker,0,SCENARIO_CONTROLLER,6.5,0.055,0.0556,6.0,0.580477,0.849346,1.463186,0.1231,0.0,60.0,59.7841,14.37,0.810806,0.002295,0.00094,0.000428,0.000252,0.000306,0.000222,0.000171,7.9e-05,0.000186,9.5e-05,0.002831,0.001159,0.000528,0.000311,0.000274,9.7e-05,0.000117,7e-06,60.02,4.26,0.0248,1.3e-05,60.0
flk_19_08,FLK_0019_3p_fm6p5hz_m055_cond19,flk_sim_19,19,ABC,C,val,Flicker,0,SCENARIO_CONTROLLER,6.5,0.055,0.0579,6.0,0.574047,0.844504,1.471141,0.1508,0.0,60.0,59.76,13.88,0.801211,0.002543,0.001088,0.000671,0.000445,0.000392,0.000279,0.000214,0.000293,0.0002,0.000254,0.003174,0.001358,0.000837,0.000555,0.000348,0.000366,0.000317,9e-06,60.02,4.87,0.0264,2e-05,60.0
flk_19_09,FLK_0019_3p_fm6p5hz_m055_cond19,flk_sim_19,19,ABC,B,val,Flicker,0,SCENARIO_CONTROLLER,6.5,0.055,0.0551,6.0,0.58233,0.854996,1.468233,0.1758,0.0,60.0,59.7506,14.02,0.813684,0.00288,0.001264,0.000739,0.000578,0.000353,0.000335,0.000291,0.000305,0.000147,0.000291,0.003539,0.001553,0.000908,0.00071,0.000412,0.000375,0.000358,1.1e-05,60.04,6.22,0.0248,3.7e-05,60.0
flk_19_10,FLK_0019_3p_fm6p5hz_m055_cond19,flk_sim_19,19,ABC,A,val,Flicker,0,SCENARIO_CONTROLLER,6.5,0.055,0.0521,6.0,0.580239,0.849346,1.463788,0.2194,0.0,60.0,59.7408,13.94,0.810917,0.003303,0.001574,0.001053,0.000654,0.000666,0.000511,0.000545,0.000478,0.000457,0.000396,0.004073,0.001941,0.001299,0.000806,0.00063,0.000589,0.000488,1.7e-05,60.06,7.3,0.0247,5.7e-05,60.0
flk_19_11,FLK_0019_3p_fm6p5hz_m055_cond19,flk_sim_19,19,ABC,B,val,Flicker,0,SCENARIO_CONTROLLER,6.5,0.055,0.0526,6.0,0.582559,0.854996,1.467655,0.2444,0.0,60.0,59.7327,13.85,0.81427,0.003692,0.001707,0.00119,0.000792,0.000579,0.000647,0.000462,0.000492,0.000557,0.000413,0.004534,0.002096,0.001461,0.000973,0.000795,0.000604,0.000507,2e-05,60.07,8.1,0.0247,7.4e-05,60.0
flk_19_12,FLK_0019_3p_fm6p5hz_m055_cond19,flk_sim_19,19,ABC,A,val,Flicker,0,SCENARIO_CONTROLLER,6.5,0.055,0.0555,6.0,0.580301,0.849346,1.463631,0.2236,0.0,60.0,59.7315,13.85,0.811142,0.003308,0.001558,0.000931,0.000777,0.000684,0.000508,0.000485,0.000462,0.000248,0.000443,0.004078,0.001921,0.001148,0.000958,0.000626,0.00057,0.000546,1.6e-05,60.05,7.16,0.0246,5.4e-05,60.0
flk_19_13,FLK_0019_3p_fm6p5hz_m055_cond19,flk_sim_19,19,ABC,C,val,Flicker,0,SCENARIO_CONTROLLER,6.5,0.055,0.0571,6.0,0.574131,0.844504,1.470926,0.2034,0.0,60.0,59.7264,13.56,0.801748,0.00308,0.001475,0.000906,0.000564,0.0004,0.000408,0.000421,0.00026,0.000299,0.000352,0.003842,0.00184,0.00113,0.000703,0.000509,0.000324,0.000439,1.4e-05,60.04,6.21,0.0262,3.7e-05,60.0
flk_19_14,FLK_0019_3p_fm6p5hz_m055_cond19,flk_sim_19,19,ABC,B,val,Flicker,0,SCENARIO_CONTROLLER,6.5,0.055,0.0598,6.0,0.582778,0.854996,1.467104,0.1528,0.0,60.0,59.741,13.93,0.814477,0.002744,0.001141,0.000574,0.00032,0.000364,0.000382,0.000308,0.000228,0.000302,0.000203,0.003369,0.001401,0.000705,0.000393,0.000469,0.00028,0.000249,1e-05,60.02,5.19,0.0246,2.2e-05,60.0
flk_19_15,FLK_0019_3p_fm6p5hz_m055_cond19,flk_sim_19,19,ABC,A,val,Flicker,0,SCENARIO_CONTROLLER,6.5,0.055,0.0586,6.0,0.580848,0.849346,1.462252,0.1386,0.0,60.0,59.7508,14.04,0.811703,0.002661,0.001037,0.000634,0.000352,0.000178,0.000257,0.000107,0.000103,7.9e-05,9.1e-05,0.003278,0.001278,0.000781,0.000434,0.000317,0.000127,0.000112,9e-06,60.01,4.34,0.0246,1.4e-05,60.0
flk_19_16,FLK_0019_3p_fm6p5hz_m055_cond19,flk_sim_19,19,ABC,C,val,Flicker,0,SCENARIO_CONTROLLER,6.5,0.055,0.0588,6.0,0.575056,0.844504,1.468559,0.1281,0.0,60.0,59.759,13.88,0.802721,0.002703,0.000991,0.000504,0.00023,0.000297,0.000147,9.7e-05,9.6e-05,5.2e-05,6.4e-05,0.003367,0.001235,0.000628,0.000287,0.000183,0.00012,8e-05,9e-06,60.01,4.16,0.0262,1e-05,60.0
flk_19_17,FLK_0019_3p_fm6p5hz_m055_cond19,flk_sim_19,19,ABC,B,val,Flicker,0,SCENARIO_CONTROLLER,6.5,0.055,0.054,6.0,0.584179,0.854996,1.463585,0.1113,0.0,60.0,59.7889,14.43,0.816064,0.002492,0.000866,0.00058,0.000152,0.000242,0.000227,0.000101,8.8e-05,0.000113,0.000105,0.003054,0.001061,0.000711,0.000186,0.000278,0.000108,0.000129,7e-06,60.02,4.18,0.0247,1.2e-05,60.0
flk_19_18,FLK_0019_3p_fm6p5hz_m055_cond19,flk_sim_19,19,ABC,A,val,Flicker,0,SCENARIO_CONTROLLER,6.5,0.055,0.0512,6.0,0.582482,0.849346,1.45815,0.1195,0.0,60.0,59.8075,14.62,0.813561,0.002208,0.000883,0.000406,0.000324,0.000385,0.000246,0.000223,6.7e-05,0.000173,5.2e-05,0.002714,0.001085,0.000499,0.000398,0.000302,8.2e-05,6.4e-05,6e-06,60.03,4.39,0.0247,1.4e-05,60.0
flk_19_19,FLK_0019_3p_fm6p5hz_m055_cond19,flk_sim_19,19,ABC,C,val,Flicker,0,SCENARIO_CONTROLLER,6.5,0.055,0.0527,6.5,0.576983,0.844504,1.463655,0.1284,0.0,60.0,59.8259,14.51,0.804928,0.002008,0.000946,0.000565,0.00034,0.000254,0.000241,0.000246,0.000188,0.000133,0.000146,0.002495,0.001175,0.000702,0.000422,0.000299,0.000234,0.000181,6e-06,60.03,4.83,0.0262,1.9e-05,60.0
flk_19_20,FLK_0019_3p_fm6p5hz_m055_cond19,flk_sim_19,19,ABC,A,val,Flicker,0,SCENARIO_CONTROLLER,6.5,0.055,0.0478,6.5,0.584736,0.849346,1.45253,0.1558,0.0,60.0,59.8843,15.27,0.816295,0.002264,0.001054,0.000717,0.000614,0.000585,0.000361,0.000414,0.000193,0.000249,0.0002,0.002774,0.001291,0.000878,0.000752,0.000442,0.000236,0.000245,8e-06,60.06,6.12,0.0245,3.7e-05,60.0
flk_19_21,FLK_0019_3p_fm6p5hz_m055_cond19,flk_sim_19,19,ABC,C,val,Flicker,0,SCENARIO_CONTROLLER,6.5,0.055,0.0446,6.5,0.579027,0.844504,1.458487,0.1356,0.0,60.0,59.9093,15.1,0.807359,0.001919,0.000958,0.00065,0.000426,0.000334,0.000316,0.000299,0.00022,0.000256,6.1e-05,0.002377,0.001187,0.000805,0.000528,0.000391,0.000272,7.6e-05,6e-06,60.05,5.06,0.026,2.1e-05,60.0
flk_19_22,FLK_0019_3p_fm6p5hz_m055_cond19,flk_sim_19,19,ABC,B,val,Flicker,0,SCENARIO_CONTROLLER,6.5,0.055,0.0403,6.5,0.588014,0.855671,1.455189,0.079,0.0,60.0,59.9393,15.53,0.820585,0.001469,0.000557,0.000295,0.000305,0.000152,0.000133,0.000198,8.6e-05,0.000188,8.1e-05,0.00179,0.000679,0.000359,0.000372,0.000162,0.000105,9.9e-05,3e-06,60.04,4.1,0.0243,1.1e-05,60.0
flk_19_23,FLK_0019_3p_fm6p5hz_m055_cond19,flk_sim_19,19,ABC,B,val,Flicker,0,SCENARIO_CONTROLLER,6.5,0.055,0.0393,6.0,0.588486,0.855671,1.454022,0.0912,0.0,60.0,59.9393,15.54,0.821243,0.001607,0.000654,0.000559,0.000325,0.000289,0.000163,0.000254,0.000152,0.000323,0.000162,0.001957,0.000796,0.000681,0.000396,0.000198,0.000185,0.000197,4e-06,60.05,4.81,0.0243,1.8e-05,60.0
flk_19_24,FLK_0019_3p_fm6p5hz_m055_cond19,flk_sim_19,19,ABC,B,val,Flicker,0,SCENARIO_CONTROLLER,6.5,0.055,0.0383,6.0,0.589237,0.855671,1.452168,0.0506,0.0,60.0,59.9393,15.56,0.822204,0.00087,0.000391,0.000236,5.8e-05,0.000151,0.000128,4.9e-05,0.00013,0.000203,7.1e-05,0.001058,0.000476,0.000287,7.1e-05,0.000156,0.000158,8.6e-05,1e-06,60.04,3.9,0.0241,8e-06,60.0
flk_19_25,FLK_0019_3p_fm6p5hz_m055_cond19,flk_sim_19,19,ABC,B,val,Flicker,0,SCENARIO_CONTROLLER,6.5,0.055,0.0382,6.0,0.589388,0.855671,1.451795,0.0663,0.0,60.0,60.0266,15.64,0.822421,0.000792,0.000449,0.000337,0.000304,0.00018,5.3e-05,4.1e-05,5.7e-05,0.00018,8.3e-05,0.000963,0.000546,0.00041,0.00037,6.4e-05,6.9e-05,0.000101,1e-06,60.04,3.93,0.0241,9e-06,60.0
flk_19_26,FLK_0019_3p_fm6p5hz_m055_cond19,flk_sim_19,19,ABC,B,val,Flicker,0,SCENARIO_CONTROLLER,6.5,0.055,0.0379,6.0,0.589844,0.855671,1.450674,0.0372,0.0,60.0,60.0266,15.64,0.823073,0.000566,0.000301,7e-05,4.7e-05,5e-05,3.8e-05,4.3e-05,5.7e-05,0.0001,2.4e-05,0.000688,0.000366,8.5e-05,5.7e-05,4.6e-05,6.9e-05,2.9e-05,0.0,60.04,3.7,0.0241,6e-06,60.0
flk_19_27,FLK_0019_3p_fm6p5hz_m055_cond19,flk_sim_19,19,ABC,B,val,Flicker,0,SCENARIO_CONTROLLER,6.5,0.055,0.0388,6.0,0.589578,0.855671,1.451329,0.116,0.0,60.0,60.1074,15.31,0.82281,0.001497,0.000805,0.000653,0.00044,0.000355,0.000262,0.000346,0.000299,0.000226,0.000199,0.001819,0.000978,0.000794,0.000535,0.000318,0.000363,0.000242,4e-06,60.06,5.39,0.0242,2.5e-05,60.0
flk_19_28,FLK_0019_3p_fm6p5hz_m055_cond19,flk_sim_19,19,ABC,B,val,Flicker,0,SCENARIO_CONTROLLER,6.5,0.055,0.0403,6.0,0.590526,0.855671,1.448999,0.0946,0.0,60.0,60.1074,15.35,0.824289,0.001571,0.000666,0.000347,0.000352,0.000188,0.0002,0.00016,0.000147,0.000248,0.000104,0.001906,0.000808,0.000421,0.000427,0.000243,0.000178,0.000126,3e-06,60.04,4.18,0.0242,1.2e-05,60.0
flk_19_29,FLK_0019_3p_fm6p5hz_m055_cond19,flk_sim_19,19,ABC,A,val,Flicker,0,SCENARIO_CONTROLLER,6.5,0.055,0.0413,6.0,0.588326,0.849824,1.444477,0.0858,0.0,60.0,60.1294,15.23,0.8214,0.00163,0.00061,0.000417,0.00031,0.000202,0.000165,0.000106,0.000225,8.4e-05,0.000208,0.001984,0.000743,0.000508,0.000377,0.000201,0.000274,0.000253,3e-06,60.03,3.97,0.0242,1.1e-05,60.0
flk_19_30,FLK_0019_3p_fm6p5hz_m055_cond19,flk_sim_19,19,ABC,C,val,Flicker,0,SCENARIO_CONTROLLER,6.5,0.055,0.0459,6.0,0.58245,0.844504,1.449916,0.0967,0.0,60.0,60.1583,14.73,0.812563,0.00192,0.000739,0.000319,0.000247,0.00021,0.000103,9.3e-05,8.7e-05,0.000167,0.000161,0.002363,0.000909,0.000393,0.000304,0.000127,0.000107,0.000198,5e-06,60.03,3.93,0.0258,1e-05,60.0
flk_19_31,FLK_0019_3p_fm6p5hz_m055_cond19,flk_sim_19,19,ABC,B,val,Flicker,0,SCENARIO_CONTROLLER,6.5,0.055,0.0506,6.0,0.591034,0.855671,1.447752,0.1033,0.0,60.0,60.1769,14.85,0.825501,0.001915,0.000766,0.000385,0.000304,0.000157,0.000217,0.000143,0.000138,0.00012,3.7e-05,0.00232,0.000928,0.000466,0.000368,0.000263,0.000167,4.5e-05,5e-06,60.02,3.89,0.0243,9e-06,60.0
flk_19_32,FLK_0019_3p_fm6p5hz_m055_cond19,flk_sim_19,19,ABC,A,val,Flicker,0,SCENARIO_CONTROLLER,6.5,0.055,0.0488,6.5,0.588576,0.849824,1.443865,0.1093,0.0,60.0,60.1915,14.73,0.822275,0.002122,0.000816,0.000428,0.000334,0.000259,0.000172,0.000191,0.000224,0.000135,0.000174,0.002581,0.000992,0.000521,0.000406,0.000209,0.000272,0.000212,6e-06,60.02,4.22,0.0242,1.3e-05,60.0
flk_20_01,FLK_0020_3p_fm15hz_m05_cond20,flk_sim_20,20,ABC,A,train,Flicker,0,SCENARIO_CONTROLLER,15.0,0.05,0.0548,15.0,0.596218,0.877787,1.472259,0.0165,0.0,60.0,60.0363,16.7,0.834225,7.2e-05,8.5e-05,0.000117,0.000103,0.000111,3.4e-05,3.4e-05,0.000103,0.00011,7.8e-05,8.6e-05,0.000102,0.00014,0.000123,4.1e-05,0.000123,9.3e-05,0.0,60.15,4.3,0.0185,4e-06,60.0
flk_20_02,FLK_0020_3p_fm15hz_m05_cond20,flk_sim_20,20,ABC,A,train,Flicker,0,SCENARIO_CONTROLLER,15.0,0.05,0.0549,15.0,0.596226,0.877787,1.47224,0.0157,0.0,60.0,60.0363,16.68,0.834235,6.5e-05,7.7e-05,0.000105,9.7e-05,0.000113,4.5e-05,4e-05,8.6e-05,9.4e-05,6.5e-05,7.8e-05,9.2e-05,0.000126,0.000116,5.4e-05,0.000103,7.8e-05,0.0,60.15,4.31,0.0185,4e-06,60.0
flk_20_03,FLK_0020_3p_fm15hz_m05_cond20,flk_sim_20,20,ABC,A,train,Flicker,0,SCENARIO_CONTROLLER,15.0,0.05,0.0549,15.0,0.596222,0.877787,1.472248,0.0159,0.0,60.0,59.943,16.64,0.834229,7.1e-05,9.2e-05,8.9e-05,8.7e-05,9.7e-05,3.9e-05,3e-05,8.4e-05,9.2e-05,6.4e-05,8.5e-05,0.00011,0.000107,0.000104,4.7e-05,0.000101,7.7e-05,0.0,60.15,4.29,0.0185,4e-06,60.0
flk_20_04,FLK_0020_3p_fm15hz_m05_cond20,flk_sim_20,20,ABC,A,train,Flicker,0,SCENARIO_CONTROLLER,15.0,0.05,0.0549,15.0,0.596207,0.877787,1.472285,0.0159,0.0,60.0,59.943,16.68,0.834205,9.7e-05,8.7e-05,9.7e-05,8.9e-05,9.9e-05,4.5e-05,3.7e-05,9.1e-05,7.7e-05,6.6e-05,0.000116,0.000104,0.000116,0.000107,5.4e-05,0.000109,7.9e-05,0.0,60.15,4.29,0.0185,4e-06,60.0
flk_20_05,FLK_0020_3p_fm15hz_m05_cond20,flk_sim_20,20,ABC,A,train,Flicker,0,SCENARIO_CONTROLLER,15.0,0.05,0.055,15.0,0.596217,0.877787,1.472261,0.0145,0.0,60.0,59.943,16.74,0.834217,0.000112,7.4e-05,0.000102,7.9e-05,0.000105,5.3e-05,3.1e-05,7.9e-05,9.1e-05,7.6e-05,0.000134,8.9e-05,0.000122,9.5e-05,6.4e-05,9.5e-05,9.1e-05,0.0,60.15,4.29,0.0185,4e-06,60.0
flk_20_06,FLK_0020_3p_fm15hz_m05_cond20,flk_sim_20,20,ABC,A,train,Flicker,0,SCENARIO_CONTROLLER,15.0,0.05,0.055,15.0,0.59621,0.877787,1.472279,0.0141,0.0,60.0,59.8888,16.88,0.834208,9.4e-05,9.6e-05,0.000128,5.7e-05,0.000124,3.6e-05,3.8e-05,7.8e-05,8.5e-05,6.9e-05,0.000113,0.000115,0.000153,6.8e-05,4.3e-05,9.4e-05,8.3e-05,0.0,60.15,4.29,0.0185,4e-06,60.0
flk_20_07,FLK_0020_3p_fm15hz_m05_cond20,flk_sim_20,20,ABC,A,train,Flicker,0,SCENARIO_CONTROLLER,15.0,0.05,0.055,15.5,0.596203,0.877787,1.472297,0.014,0.0,60.0,59.8888,16.87,0.834198,8.5e-05,9.2e-05,0.000124,5.9e-05,0.000122,3.9e-05,4.7e-05,6.9e-05,7.1e-05,7.7e-05,0.000102,0.00011,0.000149,7.1e-05,4.7e-05,8.3e-05,9.2e-05,0.0,60.15,4.29,0.0185,4e-06,60.0
flk_20_08,FLK_0020_3p_fm15hz_m05_cond20,flk_sim_20,20,ABC,B,train,Flicker,0,SCENARIO_CONTROLLER,15.0,0.05,0.0553,15.5,0.5984,0.882825,1.475309,0.0197,0.0,60.0,59.883,16.94,0.83726,5e-05,3.3e-05,7.6e-05,0.000114,5.8e-05,0.000115,0.00015,6.6e-05,4.4e-05,3.6e-05,6e-05,3.9e-05,9.1e-05,0.000136,0.000137,7.9e-05,4.3e-05,0.0,60.15,4.19,0.0185,4e-06,60.0
flk_20_09,FLK_0020_3p_fm15hz_m05_cond20,flk_sim_20,20,ABC,B,train,Flicker,0,SCENARIO_CONTROLLER,15.0,0.05,0.0553,15.5,0.598418,0.882825,1.475265,0.0199,0.0,60.0,59.883,16.91,0.837284,7.3e-05,4.8e-05,9.1e-05,0.000105,5.8e-05,0.00012,0.000147,8.2e-05,6.1e-05,6.4e-05,8.7e-05,5.7e-05,0.000109,0.000125,0.000143,9.8e-05,7.6e-05,0.0,60.15,4.19,0.0185,4e-06,60.0
flk_20_10,FLK_0020_3p_fm15hz_m05_cond20,flk_sim_20,20,ABC,B,train,Flicker,0,SCENARIO_CONTROLLER,15.0,0.05,0.0554,15.0,0.598439,0.882825,1.475214,0.0221,0.0,60.0,59.799,16.58,0.837316,5.7e-05,2.3e-05,8.9e-05,0.000115,7.5e-05,0.000143,0.000145,0.000101,5.4e-05,5.2e-05,6.8e-05,2.7e-05,0.000106,0.000137,0.000171,0.000121,6.2e-05,0.0,60.15,4.21,0.0185,4e-06,60.0
flk_20_11,FLK_0020_3p_fm15hz_m05_cond20,flk_sim_20,20,ABC,B,train,Flicker,0,SCENARIO_CONTROLLER,15.0,0.05,0.0554,15.0,0.598436,0.882825,1.475219,0.023,0.0,60.0,59.9201,16.75,0.837314,4.4e-05,2.8e-05,8.9e-05,0.000119,8.1e-05,0.000148,0.000145,0.000107,5.2e-05,6e-05,5.3e-05,3.3e-05,0.000106,0.000142,0.000177,0.000128,7.2e-05,0.0,60.15,4.21,0.0185,4e-06,60.0
flk_20_12,FLK_0020_3p_fm15hz_m05_cond20,flk_sim_20,20,ABC,B,train,Flicker,0,SCENARIO_CONTROLLER,15.0,0.05,0.0553,15.0,0.598453,0.882825,1.475177,0.0227,0.0,60.0,59.9201,16.73,0.837339,2.2e-05,4.4e-05,0.000101,0.000119,8.8e-05,0.000141,0.000142,9.6e-05,6.4e-05,6.9e-05,2.6e-05,5.3e-05,0.000121,0.000142,0.000168,0.000115,8.2e-05,0.0,60.15,4.21,0.0185,4e-06,60.0
flk_20_13,FLK_0020_3p_fm15hz_m05_cond20,flk_sim_20,20,ABC,B,train,Flicker,0,SCENARIO_CONTROLLER,15.0,0.05,0.0553,15.0,0.598457,0.882825,1.475169,0.0225,0.0,60.0,60.0087,16.64,0.837337,1.3e-05,6.1e-05,0.000118,0.000122,9.6e-05,0.00013,0.000142,9.7e-05,6.7e-05,8.1e-05,1.6e-05,7.3e-05,0.000141,0.000146,0.000155,0.000116,9.7e-05,0.0,60.15,4.22,0.0185,4e-06,60.0
flk_20_14,FLK_0020_3p_fm15hz_m05_cond20,flk_sim_20,20,ABC,B,train,Flicker,0,SCENARIO_CONTROLLER,15.0,0.05,0.0553,15.0,0.598445,0.882825,1.475198,0.0221,0.0,60.0,60.0087,16.65,0.837321,3e-05,7.7e-05,0.00011,0.000103,9e-05,0.000133,0.000138,0.000113,7.2e-05,0.000108,3.6e-05,9.2e-05,0.000131,0.000123,0.000159,0.000135,0.000129,0.0,60.15,4.19,0.0185,4e-06,60.0
flk_20_15,FLK_0020_3p_fm15hz_m05_cond20,flk_sim_20,20,ABC,B,train,Flicker,0,SCENARIO_CONTROLLER,15.0,0.05,0.0552,15.0,0.598446,0.882825,1.475195,0.0224,0.0,60.0,60.0087,16.66,0.837324,3.3e-05,8.3e-05,0.000102,0.000107,8.9e-05,0.00013,0.000136,0.000119,8.3e-05,0.0001,3.9e-05,9.9e-05,0.000122,0.000128,0.000155,0.000142,0.000119,0.0,60.15,4.19,0.0185,4e-06,60.0
flk_20_16,FLK_0020_3p_fm15hz_m05_cond20,flk_sim_20,20,ABC,B,train,Flicker,0,SCENARIO_CONTROLLER,15.0,0.05,0.0552,15.0,0.598445,0.882825,1.475198,0.0224,0.0,60.0,60.1036,16.74,0.837329,6.6e-05,6.3e-05,0.000107,0.000122,0.000104,0.000128,0.000105,8.9e-05,7.1e-05,0.000118,7.9e-05,7.5e-05,0.000128,0.000146,0.000153,0.000106,0.000141,0.0,60.15,4.17,0.0185,4e-06,60.0
flk_20_17,FLK_0020_3p_fm15hz_m05_cond20,flk_sim_20,20,ABC,B,train,Flicker,0,SCENARIO_CONTROLLER,15.0,0.05,0.0552,15.0,0.598443,0.882825,1.475202,0.0225,0.0,60.0,60.1036,16.83,0.837329,7.3e-05,7.9e-05,9e-05,0.000112,0.000101,0.000129,0.000108,9.7e-05,7.1e-05,0.000122,8.7e-05,9.4e-05,0.000107,0.000134,0.000154,0.000116,0.000146,0.0,60.15,4.16,0.0185,4e-06,60.0
flk_20_18,FLK_0020_3p_fm15hz_m05_cond20,flk_sim_20,20,ABC,B,train,Flicker,0,SCENARIO_CONTROLLER,15.0,0.05,0.0551,15.0,0.598449,0.882825,1.475188,0.0196,0.0,60.0,60.1036,16.88,0.837338,8e-05,8.7e-05,8.4e-05,0.0001,0.000128,9.6e-05,0.000109,6.9e-05,8.6e-05,0.000135,9.6e-05,0.000104,0.0001,0.000119,0.000115,8.2e-05,0.000161,0.0,60.15,4.16,0.0185,4e-06,60.0
flk_20_19,FLK_0020_3p_fm15hz_m05_cond20,flk_sim_20,20,ABC,B,train,Flicker,0,SCENARIO_CONTROLLER,15.0,0.05,0.0551,15.0,0.598451,0.882825,1.475183,0.0204,0.0,60.0,60.1406,16.9,0.83734,8.4e-05,8.6e-05,8.5e-05,0.000112,0.000113,9.7e-05,0.000129,5.6e-05,6.8e-05,0.000114,0.0001,0.000103,0.000102,0.000134,0.000116,6.7e-05,0.000136,0.0,60.15,4.16,0.0185,4e-06,60.0
flk_20_20,FLK_0020_3p_fm15hz_m05_cond20,flk_sim_20,20,ABC,B,train,Flicker,0,SCENARIO_CONTROLLER,15.0,0.05,0.0551,15.0,0.598453,0.882825,1.475179,0.0203,0.0,60.0,60.1406,16.9,0.837343,8.4e-05,8.7e-05,7.6e-05,0.000115,9.6e-05,9e-05,0.000118,7.1e-05,7.9e-05,0.000118,0.0001,0.000104,9.1e-05,0.000137,0.000107,8.5e-05,0.000141,0.0,60.15,4.15,0.0185,4e-06,60.0
flk_20_21,FLK_0020_3p_fm15hz_m05_cond20,flk_sim_20,20,ABC,A,train,Flicker,0,SCENARIO_CONTROLLER,15.0,0.05,0.0561,15.0,0.596209,0.877787,1.472282,0.0089,0.0,60.0,60.1193,16.89,0.834207,4.6e-05,2.8e-05,9.9e-05,5.6e-05,8.8e-05,4e-05,5.5e-05,4.2e-05,8.5e-05,9.7e-05,5.5e-05,3.4e-05,0.000119,6.7e-05,4.8e-05,5e-05,0.000116,0.0,60.15,4.28,0.0185,4e-06,60.0
flk_20_22,FLK_0020_3p_fm15hz_m05_cond20,flk_sim_20,20,ABC,A,train,Flicker,0,SCENARIO_CONTROLLER,15.0,0.05,0.0561,15.0,0.596211,0.877787,1.472277,0.0088,0.0,60.0,60.1193,16.75,0.834209,5.6e-05,1.6e-05,9e-05,6.2e-05,8.8e-05,3.7e-05,6.3e-05,4.7e-05,7.4e-05,8.4e-05,6.7e-05,1.9e-05,0.000108,7.4e-05,4.4e-05,5.6e-05,0.000101,0.0,60.15,4.28,0.0185,4e-06,60.0
flk_20_23,FLK_0020_3p_fm15hz_m05_cond20,flk_sim_20,20,ABC,A,train,Flicker,0,SCENARIO_CONTROLLER,15.0,0.05,0.0562,15.0,0.596209,0.877787,1.472281,0.01,0.0,60.0,60.0363,16.7,0.834208,4.7e-05,2.5e-05,0.000101,5.7e-05,8.8e-05,5.6e-05,4.9e-05,3.4e-05,6.8e-05,8e-05,5.6e-05,3e-05,0.000121,6.8e-05,6.7e-05,4.1e-05,9.6e-05,0.0,60.15,4.27,0.0185,4e-06,60.0
flk_20_24,FLK_0020_3p_fm15hz_m05_cond20,flk_sim_20,20,ABC,A,train,Flicker,0,SCENARIO_CONTROLLER,15.0,0.05,0.0563,15.0,0.596205,0.877787,1.472291,0.012,0.0,60.0,60.0363,16.69,0.834203,4.4e-05,2.5e-05,9.6e-05,5.5e-05,0.000106,8e-05,7.6e-05,6.5e-05,7.9e-05,5.6e-05,5.3e-05,3e-05,0.000115,6.6e-05,9.6e-05,7.8e-05,6.7e-05,0.0,60.15,4.29,0.0185,4e-06,60.0
flk_20_25,FLK_0020_3p_fm15hz_m05_cond20,flk_sim_20,20,ABC,A,train,Flicker,0,SCENARIO_CONTROLLER,15.0,0.05,0.0563,15.0,0.596192,0.877787,1.472323,0.0141,0.0,60.0,60.0363,16.6,0.83419,6.8e-05,3.8e-05,9.5e-05,6.2e-05,0.000123,9.3e-05,7.8e-05,5e-05,8e-05,5.8e-05,8.2e-05,4.6e-05,0.000114,7.4e-05,0.000111,6e-05,7e-05,0.0,60.15,4.3,0.0185,4e-06,60.0
flk_20_26,FLK_0020_3p_fm15hz_m05_cond20,flk_sim_20,20,ABC,A,train,Flicker,0,SCENARIO_CONTROLLER,15.0,0.05,0.0564,15.0,0.596204,0.877787,1.472294,0.0137,0.0,60.0,59.9419,16.68,0.834207,4.4e-05,2.6e-05,0.000102,3.3e-05,0.000101,0.000106,9.1e-05,4.2e-05,8.3e-05,5.1e-05,5.3e-05,3.1e-05,0.000122,4e-05,0.000127,5e-05,6.1e-05,0.0,60.15,4.32,0.0185,4e-06,60.0
flk_20_27,FLK_0020_3p_fm15hz_m05_cond20,flk_sim_20,20,ABC,A,train,Flicker,0,SCENARIO_CONTROLLER,15.0,0.05,0.0555,15.0,0.596206,0.877787,1.472287,0.0157,0.0,60.0,59.9419,16.72,0.834213,2.7e-05,5.4e-05,6.7e-05,6.4e-05,0.000109,0.000101,0.000103,4.1e-05,8.9e-05,5.1e-05,3.2e-05,6.5e-05,8e-05,7.7e-05,0.000121,4.9e-05,6.1e-05,0.0,60.15,4.31,0.0185,4e-06,60.0
flk_20_28,FLK_0020_3p_fm15hz_m05_cond20,flk_sim_20,20,ABC,A,train,Flicker,0,SCENARIO_CONTROLLER,15.0,0.05,0.0554,15.0,0.596208,0.877787,1.472284,0.0163,0.0,60.0,59.8899,16.86,0.834213,4.6e-05,6.8e-05,4.6e-05,7.2e-05,9.8e-05,9.4e-05,0.000108,3e-05,8.4e-05,4.8e-05,5.5e-05,8.2e-05,5.5e-05,8.6e-05,0.000113,3.6e-05,5.8e-05,0.0,60.15,4.3,0.0185,4e-06,60.0
flk_20_29,FLK_0020_3p_fm15hz_m05_cond20,flk_sim_20,20,ABC,A,train,Flicker,0,SCENARIO_CONTROLLER,15.0,0.05,0.0555,15.5,0.596209,0.877787,1.472282,0.0166,0.0,60.0,59.8899,16.88,0.834213,5.5e-05,7.6e-05,6.8e-05,9.4e-05,7.8e-05,6.8e-05,0.000107,3.1e-05,7.6e-05,4.1e-05,6.6e-05,9.1e-05,8.2e-05,0.000113,8.2e-05,3.7e-05,4.9e-05,0.0,60.15,4.29,0.0185,4e-06,60.0
flk_20_30,FLK_0020_3p_fm15hz_m05_cond20,flk_sim_20,20,ABC,A,train,Flicker,0,SCENARIO_CONTROLLER,15.0,0.05,0.0554,15.5,0.596196,0.877345,1.471572,0.0156,0.0,60.0,59.8899,16.95,0.834196,4.3e-05,7.5e-05,6.4e-05,8.6e-05,7.3e-05,6.3e-05,0.000115,3.4e-05,6.4e-05,4.6e-05,5.2e-05,9e-05,7.7e-05,0.000103,7.6e-05,4.1e-05,5.5e-05,0.0,60.15,4.29,0.0185,4e-06,60.0
flk_20_31,FLK_0020_3p_fm15hz_m05_cond20,flk_sim_20,20,ABC,A,train,Flicker,0,SCENARIO_CONTROLLER,15.0,0.05,0.0558,15.5,0.596192,0.877345,1.471582,0.0172,0.0,60.0,59.8894,16.94,0.834191,5.1e-05,7.6e-05,4.3e-05,8.5e-05,8.1e-05,8.7e-05,0.000134,3.2e-05,6.8e-05,4.4e-05,6.1e-05,9.1e-05,5.2e-05,0.000102,0.000104,3.8e-05,5.3e-05,0.0,60.15,4.3,0.0185,4e-06,60.0
flk_20_32,FLK_0020_3p_fm15hz_m05_cond20,flk_sim_20,20,ABC,A,train,Flicker,0,SCENARIO_CONTROLLER,15.0,0.05,0.0558,15.0,0.596193,0.877345,1.471579,0.0159,0.0,60.0,59.8894,16.87,0.834192,5.7e-05,7e-05,5.4e-05,7.8e-05,7.6e-05,8.1e-05,0.000145,4.4e-05,9.2e-05,4.4e-05,6.8e-05,8.4e-05,6.5e-05,9.4e-05,9.7e-05,5.3e-05,5.3e-05,0.0,60.15,4.32,0.0185,4e-06,60.0
flk_21_01,FLK_0021_3p_fm8hz_m065_cond21,flk_sim_21,21,ABC,A,train,Flicker,0,SCENARIO_CONTROLLER,8.0,0.065,0.0617,8.5,0.596873,0.87534,1.466544,0.0981,0.0,60.0,59.8217,14.64,0.830809,0.002017,0.000768,0.00052,0.000223,0.000167,0.000157,6.2e-05,0.000127,9.6e-05,4.5e-05,0.002428,0.000924,0.000626,0.000268,0.000189,0.000153,5.4e-05,5e-06,60.07,4.0,0.0307,9e-06,60.0
flk_21_02,FLK_0021_3p_fm8hz_m065_cond21,flk_sim_21,21,ABC,C,train,Flicker,0,SCENARIO_CONTROLLER,8.0,0.065,0.059,8.5,0.591171,0.867921,1.46814,0.0861,0.0,60.0,59.8728,14.53,0.822152,0.001818,0.0006,0.000312,0.000363,0.000127,9.8e-05,0.000167,0.0002,6.5e-05,0.000146,0.002211,0.00073,0.000379,0.000442,0.000119,0.000243,0.000178,4e-06,60.08,4.1,0.0318,9e-06,60.0
flk_21_03,FLK_0021_3p_fm8hz_m065_cond21,flk_sim_21,21,ABC,B,train,Flicker,0,SCENARIO_CONTROLLER,8.0,0.065,0.0549,8.5,0.600737,0.882457,1.468959,0.0837,0.0,60.0,59.9405,15.02,0.836634,0.001687,0.000608,0.000364,0.00029,0.000191,0.000193,7.9e-05,9.1e-05,0.000142,0.000226,0.002016,0.000727,0.000435,0.000347,0.000231,0.000109,0.00027,4e-06,60.08,4.35,0.0294,1.3e-05,60.0
flk_21_04,FLK_0021_3p_fm8hz_m065_cond21,flk_sim_21,21,ABC,C,train,Flicker,0,SCENARIO_CONTROLLER,8.0,0.065,0.0501,8.5,0.5928,0.867921,1.464105,0.0654,0.0,60.0,60.0665,14.71,0.824754,0.001482,0.000502,0.000192,0.00018,0.000226,8.5e-05,0.000208,0.00021,4e-05,8.1e-05,0.001797,0.000609,0.000233,0.000218,0.000103,0.000255,9.8e-05,3e-06,60.09,3.91,0.0308,8e-06,60.0
flk_21_05,FLK_0021_3p_fm8hz_m065_cond21,flk_sim_21,21,ABC,B,train,Flicker,0,SCENARIO_CONTROLLER,8.0,0.065,0.0491,8.5,0.601969,0.882457,1.465953,0.1319,0.0,60.0,60.1225,14.9,0.838385,0.001976,0.000948,0.00058,0.00048,0.000452,0.000306,0.000332,0.000222,0.000215,0.000133,0.002357,0.001131,0.000692,0.000573,0.000365,0.000265,0.000159,6e-06,60.1,5.25,0.0293,2.3e-05,60.0
flk_21_06,FLK_0021_3p_fm8hz_m065_cond21,flk_sim_21,21,ABC,B,train,Flicker,0,SCENARIO_CONTROLLER,8.0,0.065,0.0501,8.0,0.603319,0.882457,1.462673,0.0801,0.0,60.0,60.1225,14.95,0.840202,0.001806,0.000613,0.000411,0.00026,0.00027,9.7e-05,0.000201,0.000182,0.00015,4.7e-05,0.002149,0.00073,0.000489,0.000309,0.000115,0.000217,5.6e-05,4e-06,60.08,4.03,0.0296,1.1e-05,60.0
flk_21_07,FLK_0021_3p_fm8hz_m065_cond21,flk_sim_21,21,ABC,C,train,Flicker,0,SCENARIO_CONTROLLER,8.0,0.065,0.05,8.0,0.594453,0.867921,1.460032,0.2644,0.0,60.0,60.2401,14.13,0.826448,0.003471,0.00184,0.001305,0.000923,0.000719,0.000734,0.000671,0.000578,0.000465,0.000533,0.0042,0.002226,0.001579,0.001117,0.000888,0.000699,0.000645,2e-05,60.16,8.95,0.0329,9.4e-05,60.0
flk_21_08,FLK_0021_3p_fm8hz_m065_cond21,flk_sim_21,21,ABC,C,train,Flicker,0,SCENARIO_CONTROLLER,8.0,0.065,0.0563,8.0,0.596173,0.867921,1.455821,0.1155,0.0,60.0,60.2401,14.2,0.828788,0.002408,0.000836,0.00045,0.000417,0.000183,0.00021,0.000252,4.4e-05,8.3e-05,5.8e-05,0.002905,0.001009,0.000543,0.000503,0.000253,5.3e-05,7e-05,7e-06,60.06,4.2,0.033,1.1e-05,60.0
flk_21_09,FLK_0021_3p_fm8hz_m065_cond21,flk_sim_21,21,ABC,B,train,Flicker,0,SCENARIO_CONTROLLER,8.0,0.065,0.0588,7.5,0.60527,0.882457,1.457958,0.1555,0.0,60.0,60.2847,14.22,0.842113,0.002956,0.001178,0.000688,0.000498,0.000297,0.00028,0.000175,0.000288,0.000184,8.8e-05,0.00351,0.001399,0.000817,0.000591,0.000332,0.000342,0.000104,1.1e-05,60.06,5.09,0.0321,2.1e-05,60.0
flk_21_10,FLK_0021_3p_fm8hz_m065_cond21,flk_sim_21,21,ABC,A,train,Flicker,0,SCENARIO_CONTROLLER,8.0,0.065,0.0606,7.0,0.603254,0.87534,1.451031,0.2194,0.0,60.0,60.3279,13.95,0.838953,0.003576,0.001634,0.000937,0.000701,0.000577,0.000476,0.000491,0.000432,0.000391,0.000307,0.004262,0.001948,0.001117,0.000836,0.000567,0.000515,0.000366,1.8e-05,60.08,6.81,0.0331,4.7e-05,60.0
flk_21_11,FLK_0021_3p_fm8hz_m065_cond21,flk_sim_21,21,ABC,C,train,Flicker,0,SCENARIO_CONTROLLER,8.0,0.065,0.0662,7.0,0.597359,0.867921,1.452932,0.2813,0.0,60.0,60.3741,13.4,0.829319,0.004313,0.001902,0.001374,0.00112,0.000871,0.000756,0.000516,0.000518,0.00038,0.000493,0.005201,0.002293,0.001657,0.001351,0.000912,0.000625,0.000594,2.8e-05,60.11,8.59,0.0361,8.8e-05,60.0
flk_21_12,FLK_0021_3p_fm8hz_m065_cond21,flk_sim_21,21,ABC,A,train,Flicker,0,SCENARIO_CONTROLLER,8.0,0.065,0.0631,7.0,0.603932,0.87534,1.449403,0.2926,0.0,60.0,60.4139,13.33,0.83902,0.00461,0.002116,0.001373,0.00102,0.000846,0.000712,0.000748,0.00057,0.000467,0.000431,0.005495,0.002522,0.001636,0.001216,0.000849,0.000679,0.000514,3.1e-05,60.11,9.21,0.0352,0.000101,60.0
flk_21_13,FLK_0021_3p_fm8hz_m065_cond21,flk_sim_21,21,ABC,C,train,Flicker,0,SCENARIO_CONTROLLER,8.0,0.065,0.0711,7.0,0.598118,0.867921,1.451087,0.2763,0.0,60.0,60.444,12.91,0.829656,0.004594,0.001996,0.001384,0.000984,0.000875,0.000547,0.000421,0.00058,0.000523,0.000449,0.005537,0.002406,0.001668,0.001186,0.000659,0.000699,0.000541,3e-05,60.09,8.48,0.0377,8.1e-05,60.0
flk_21_14,FLK_0021_3p_fm8hz_m065_cond21,flk_sim_21,21,ABC,B,train,Flicker,0,SCENARIO_CONTROLLER,8.0,0.065,0.0728,7.0,0.606636,0.882457,1.454673,0.2395,0.0,60.0,60.4315,13.22,0.842527,0.004198,0.001803,0.001069,0.000756,0.000628,0.0005,0.000459,0.000311,0.000367,0.000378,0.004983,0.00214,0.001269,0.000897,0.000593,0.000369,0.000449,2.4e-05,60.04,6.52,0.0356,4.1e-05,60.0
flk_21_15,FLK_0021_3p_fm8hz_m065_cond21,flk_sim_21,21,ABC,A,train,Flicker,0,SCENARIO_CONTROLLER,8.0,0.065,0.0757,7.0,0.604286,0.87534,1.448552,0.2011,0.0,60.0,60.4308,13.24,0.839308,0.00404,0.001553,0.000875,0.000537,0.000396,0.000386,0.00027,0.000133,0.000135,0.000202,0.004813,0.00185,0.001043,0.00064,0.00046,0.000158,0.000241,2e-05,60.02,5.41,0.0355,2.2e-05,60.0
flk_21_16,FLK_0021_3p_fm8hz_m065_cond21,flk_sim_21,21,ABC,C,train,Flicker,0,SCENARIO_CONTROLLER,8.0,0.065,0.0795,7.5,0.597933,0.867921,1.451537,0.185,0.0,60.0,60.4329,13.01,0.829473,0.003974,0.001402,0.000732,0.000588,0.000271,0.000207,0.000285,0.000243,0.000159,0.000215,0.004791,0.00169,0.000882,0.000709,0.00025,0.000293,0.000259,1.9e-05,60.02,4.84,0.0374,1.5e-05,60.0
flk_21_17,FLK_0021_3p_fm8hz_m065_cond21,flk_sim_21,21,ABC,B,train,Flicker,0,SCENARIO_CONTROLLER,8.0,0.065,0.0758,8.0,0.605614,0.882457,1.45713,0.184,0.0,60.0,60.4007,13.45,0.841415,0.003745,0.001448,0.000721,0.000476,0.000318,0.000272,0.000149,8e-05,6.5e-05,0.000233,0.004451,0.001721,0.000857,0.000566,0.000323,9.5e-05,0.000277,1.7e-05,60.02,4.65,0.0349,1.3e-05,60.0
flk_21_18,FLK_0021_3p_fm8hz_m065_cond21,flk_sim_21,21,ABC,A,train,Flicker,0,SCENARIO_CONTROLLER,8.0,0.065,0.0709,8.0,0.602727,0.87534,1.452299,0.1789,0.0,60.0,60.3711,13.66,0.837682,0.003556,0.001376,0.000774,0.000481,0.000453,0.000349,0.000304,0.000117,0.000262,0.000199,0.004245,0.001643,0.000924,0.000574,0.000417,0.00014,0.000238,1.6e-05,60.04,5.25,0.0343,2.2e-05,60.0
flk_21_19,FLK_0021_3p_fm8hz_m065_cond21,flk_sim_21,21,ABC,C,train,Flicker,0,SCENARIO_CONTROLLER,8.0,0.065,0.0707,8.0,0.595854,0.867921,1.456601,0.1935,0.0,60.0,60.3539,13.53,0.827364,0.003492,0.001395,0.00092,0.000704,0.000533,0.000348,0.000338,0.000341,0.000202,0.000247,0.004221,0.001686,0.001112,0.000851,0.000421,0.000412,0.000299,1.6e-05,60.06,5.92,0.0357,3.1e-05,60.0
flk_21_20,FLK_0021_3p_fm8hz_m065_cond21,flk_sim_21,21,ABC,A,train,Flicker,0,SCENARIO_CONTROLLER,8.0,0.065,0.0622,8.5,0.599633,0.87534,1.459793,0.2558,0.0,60.0,60.2523,14.34,0.834198,0.003785,0.001753,0.00133,0.001024,0.000869,0.000658,0.000711,0.000491,0.000428,0.000449,0.004537,0.002101,0.001594,0.001228,0.000789,0.000589,0.000538,2.3e-05,60.14,8.86,0.0323,9.3e-05,60.0
flk_21_21,FLK_0021_3p_fm8hz_m065_cond21,flk_sim_21,21,ABC,C,train,Flicker,0,SCENARIO_CONTROLLER,8.0,0.065,0.0607,8.5,0.592965,0.866691,1.461623,0.2033,0.0,60.0,60.207,14.29,0.824278,0.003061,0.001442,0.00088,0.000607,0.000688,0.000602,0.000286,0.000385,0.000375,0.000356,0.003714,0.001749,0.001068,0.000736,0.00073,0.000467,0.000432,1.4e-05,60.11,7.02,0.0331,5.2e-05,60.0
flk_21_22,FLK_0021_3p_fm8hz_m065_cond21,flk_sim_21,21,ABC,B,train,Flicker,0,SCENARIO_CONTROLLER,8.0,0.065,0.0553,8.5,0.600467,0.880713,1.466713,0.1244,0.0,60.0,60.1394,14.84,0.835965,0.002142,0.000931,0.000556,0.000408,0.000276,0.00022,0.00029,0.000218,0.000306,0.000234,0.002562,0.001114,0.000665,0.000488,0.000263,0.000261,0.00028,6e-06,60.08,4.85,0.0303,1.7e-05,60.0
flk_21_23,FLK_0021_3p_fm8hz_m065_cond21,flk_sim_21,21,ABC,A,train,Flicker,0,SCENARIO_CONTROLLER,8.0,0.065,0.0499,8.5,0.597765,0.87534,1.464356,0.0591,0.0,60.0,60.0838,15.0,0.832406,0.001568,0.000429,0.000221,0.000235,7.5e-05,5.8e-05,0.000119,0.000159,3.7e-05,3.5e-05,0.001884,0.000515,0.000265,0.000282,7e-05,0.000191,4.2e-05,3e-06,60.08,4.04,0.0296,8e-06,60.0
flk_21_24,FLK_0021_3p_fm8hz_m065_cond21,flk_sim_21,21,ABC,C,train,Flicker,0,SCENARIO_CONTROLLER,8.0,0.065,0.0497,8.5,0.590923,0.866691,1.466674,0.0732,0.0,60.0,60.0227,14.75,0.822023,0.001514,0.000549,0.000282,9.9e-05,3.3e-05,0.000226,0.000243,0.000147,8.6e-05,0.000103,0.001842,0.000668,0.000343,0.00012,0.000275,0.000179,0.000125,3e-06,60.09,3.97,0.0311,9e-06,60.0
flk_21_25,FLK_0021_3p_fm8hz_m065_cond21,flk_sim_21,21,ABC,C,train,Flicker,0,SCENARIO_CONTROLLER,8.0,0.065,0.0499,8.5,0.589952,0.866691,1.469087,0.0837,0.0,60.0,60.0227,14.73,0.820648,0.001511,0.00053,0.000367,0.000329,7.2e-05,0.000287,0.00025,9.9e-05,0.000164,0.000135,0.001841,0.000646,0.000447,0.000401,0.00035,0.000121,0.000165,3e-06,60.09,4.24,0.0311,1.2e-05,60.0
flk_21_26,FLK_0021_3p_fm8hz_m065_cond21,flk_sim_21,21,ABC,B,train,Flicker,0,SCENARIO_CONTROLLER,8.0,0.065,0.0507,8.0,0.597459,0.880713,1.474098,0.063,0.0,60.0,59.9624,15.03,0.831983,0.001455,0.000477,0.00023,0.000198,3.5e-05,8.8e-05,2.6e-05,0.000199,0.000159,0.000146,0.001749,0.000573,0.000276,0.000238,0.000106,0.000239,0.000175,3e-06,60.08,3.77,0.0294,7e-06,60.0
flk_21_27,FLK_0021_3p_fm8hz_m065_cond21,flk_sim_21,21,ABC,A,train,Flicker,0,SCENARIO_CONTROLLER,8.0,0.065,0.0512,8.0,0.595129,0.87534,1.470841,0.0993,0.0,60.0,59.902,14.93,0.828603,0.001896,0.000691,0.000536,0.00034,0.000266,0.000291,0.000369,0.000246,0.000209,0.000159,0.002288,0.000834,0.000647,0.00041,0.000351,0.000297,0.000192,5e-06,60.09,4.86,0.0299,1.8e-05,60.0
flk_21_28,FLK_0021_3p_fm8hz_m065_cond21,flk_sim_21,21,ABC,B,train,Flicker,0,SCENARIO_CONTROLLER,8.0,0.065,0.052,8.0,0.596127,0.880713,1.477391,0.1418,0.0,60.0,59.7878,14.44,0.829485,0.002448,0.001065,0.00066,0.000429,0.000274,0.000255,0.000261,0.000346,0.000188,0.000154,0.002951,0.001284,0.000796,0.000517,0.000307,0.000417,0.000186,8e-06,60.08,5.19,0.0314,2.2e-05,60.0
flk_21_29,FLK_0021_3p_fm8hz_m065_cond21,flk_sim_21,21,ABC,A,train,Flicker,0,SCENARIO_CONTROLLER,8.0,0.065,0.053,8.0,0.593631,0.87534,1.474553,0.1306,0.0,60.0,59.7416,14.19,0.825674,0.002723,0.000949,0.000551,0.000469,0.000275,0.000203,0.00031,0.000149,0.000192,0.000166,0.003298,0.001149,0.000667,0.000568,0.000246,0.00018,0.000201,9e-06,60.07,4.83,0.0324,1.7e-05,60.0
flk_21_30,FLK_0021_3p_fm8hz_m065_cond21,flk_sim_21,21,ABC,C,train,Flicker,0,SCENARIO_CONTROLLER,8.0,0.065,0.0555,8.0,0.587084,0.866691,1.476266,0.1477,0.0,60.0,59.6869,13.61,0.815145,0.003116,0.001154,0.000596,0.000273,0.000346,0.000208,0.000164,0.000156,0.00016,0.000129,0.003823,0.001416,0.000731,0.000335,0.000255,0.000191,0.000158,1.2e-05,60.05,4.64,0.0354,1.4e-05,60.0
flk_21_31,FLK_0021_3p_fm8hz_m065_cond21,flk_sim_21,21,ABC,B,train,Flicker,0,SCENARIO_CONTROLLER,8.0,0.065,0.0526,8.0,0.595029,0.880713,1.480117,0.1519,0.0,60.0,59.6634,13.7,0.826836,0.003238,0.001188,0.000582,0.000382,0.000406,0.000136,0.000189,0.000238,0.000184,0.000141,0.003916,0.001437,0.000704,0.000462,0.000164,0.000288,0.000171,1.3e-05,60.04,4.36,0.0344,1.2e-05,60.0
flk_21_32,FLK_0021_3p_fm8hz_m065_cond21,flk_sim_21,21,ABC,A,train,Flicker,0,SCENARIO_CONTROLLER,8.0,0.065,0.0508,8.0,0.592963,0.87534,1.476214,0.1739,0.0,60.0,59.6321,13.49,0.823636,0.003454,0.001293,0.000841,0.000569,0.000367,0.000239,0.000178,0.000173,0.000177,0.000137,0.004194,0.00157,0.001021,0.000691,0.00029,0.00021,0.000166,1.5e-05,60.04,5.19,0.0352,1.8e-05,60.0
flk_22_01,FLK_0022_3p_fm11p5hz_m04_cond22,flk_sim_22,22,ABC,A,train,Flicker,0,SCENARIO_CONTROLLER,11.5,0.04,0.0369,11.5,0.592743,0.861809,1.453933,0.0447,0.0,60.0,59.9404,18.49,0.832314,0.001214,0.00034,0.000166,0.000141,0.000218,5.3e-05,0.000124,1.2e-05,4e-05,0.000115,0.001459,0.000408,0.000199,0.000169,6.4e-05,1.4e-05,0.000138,2e-06,60.06,3.85,0.0152,7e-06,60.0
flk_22_02,FLK_0022_3p_fm11p5hz_m04_cond22,flk_sim_22,22,ABC,C,train,Flicker,0,SCENARIO_CONTROLLER,11.5,0.04,0.0372,11.5,0.586932,0.852447,1.452378,0.0575,0.0,60.0,59.9712,18.16,0.823666,0.001146,0.000424,0.000195,0.000199,0.000101,7.3e-05,0.000119,0.000146,0.000242,5.7e-05,0.001391,0.000515,0.000237,0.000242,8.9e-05,0.000177,6.9e-05,2e-06,60.06,3.89,0.0161,8e-06,60.0
flk_22_03,FLK_0022_3p_fm11p5hz_m04_cond22,flk_sim_22,22,ABC,A,train,Flicker,0,SCENARIO_CONTROLLER,11.5,0.04,0.0369,11.5,0.593927,0.861863,1.451126,0.0463,0.0,60.0,60.0242,18.23,0.833908,0.000957,0.000345,3.6e-05,0.000173,9e-05,1.5e-05,0.000109,5.7e-05,2.8e-05,9.6e-05,0.001148,0.000414,4.3e-05,0.000207,1.8e-05,6.8e-05,0.000115,1e-06,60.06,3.82,0.0152,7e-06,60.0
flk_22_04,FLK_0022_3p_fm11p5hz_m04_cond22,flk_sim_22,22,ABC,B,train,Flicker,0,SCENARIO_CONTROLLER,11.5,0.04,0.0383,11.5,0.596603,0.865071,1.449994,0.0432,0.0,60.0,59.9986,18.4,0.837675,0.000959,0.000342,0.00022,0.000107,0.000156,5.3e-05,0.000139,0.000142,9.6e-05,3.8e-05,0.001145,0.000408,0.000263,0.000128,6.3e-05,0.00017,4.5e-05,1e-06,60.06,3.82,0.0151,7e-06,60.0
flk_22_05,FLK_0022_3p_fm11p5hz_m04_cond22,flk_sim_22,22,ABC,C,train,Flicker,0,SCENARIO_CONTROLLER,11.5,0.04,0.0418,11.5,0.588439,0.852447,1.44866,0.0712,0.0,60.0,60.0563,17.7,0.825875,0.001231,0.000501,0.000284,0.000279,0.000191,0.000129,5e-05,5.5e-05,0.000225,0.000133,0.001491,0.000607,0.000344,0.000338,0.000156,6.7e-05,0.000161,2e-06,60.06,3.99,0.016,9e-06,60.0
flk_22_06,FLK_0022_3p_fm11p5hz_m04_cond22,flk_sim_22,22,ABC,B,train,Flicker,0,SCENARIO_CONTROLLER,11.5,0.04,0.0427,11.5,0.597458,0.865071,1.44792,0.0471,0.0,60.0,60.074,17.81,0.83904,0.001339,0.000342,0.000248,0.000174,0.000169,9.6e-05,5.2e-05,0.000122,7e-05,5.7e-05,0.001596,0.000408,0.000296,0.000207,0.000114,0.000145,6.8e-05,2e-06,60.06,3.93,0.0151,8e-06,60.0
flk_22_07,FLK_0022_3p_fm11p5hz_m04_cond22,flk_sim_22,22,ABC,A,train,Flicker,0,SCENARIO_CONTROLLER,11.5,0.04,0.0463,11.5,0.59525,0.861863,1.4479,0.0682,0.0,60.0,60.0859,17.68,0.836011,0.001452,0.000556,0.000166,0.000114,0.000189,5.7e-05,0.000213,2.7e-05,7.5e-05,0.000109,0.001737,0.000665,0.000199,0.000136,6.8e-05,3.2e-05,0.00013,3e-06,60.06,4.01,0.015,9e-06,60.0
flk_22_08,FLK_0022_3p_fm11p5hz_m04_cond22,flk_sim_22,22,ABC,C,train,Flicker,0,SCENARIO_CONTROLLER,11.5,0.04,0.0453,11.5,0.58896,0.852447,1.447377,0.0857,0.0,60.0,60.1027,17.23,0.82683,0.001722,0.000628,0.000374,0.000304,0.000158,0.000126,0.000183,5.4e-05,8.8e-05,0.000149,0.002083,0.00076,0.000452,0.000368,0.000152,6.5e-05,0.00018,4e-06,60.06,4.05,0.0159,1e-05,60.0
flk_22_09,FLK_0022_3p_fm11p5hz_m04_cond22,flk_sim_22,22,ABC,A,train,Flicker,0,SCENARIO_CONTROLLER,11.5,0.04,0.0458,11.5,0.594563,0.861863,1.449573,0.1835,0.0,60.0,60.1031,17.46,0.835137,0.002461,0.001287,0.000697,0.000651,0.000491,0.000518,0.000341,0.000304,0.000322,0.000378,0.002947,0.001541,0.000835,0.00078,0.00062,0.000364,0.000453,1e-05,60.09,6.61,0.0151,4.2e-05,60.0
flk_22_10,FLK_0022_3p_fm11p5hz_m04_cond22,flk_sim_22,22,ABC,C,train,Flicker,0,SCENARIO_CONTROLLER,11.5,0.04,0.0487,11.5,0.588223,0.852447,1.44919,0.1493,0.0,60.0,60.1041,17.2,0.825802,0.002344,0.00106,0.000691,0.000496,0.000476,0.000388,0.000331,0.000237,0.000372,0.000216,0.002838,0.001284,0.000837,0.000601,0.00047,0.000287,0.000262,8e-06,60.08,5.88,0.016,3.5e-05,60.0
flk_22_11,FLK_0022_3p_fm11p5hz_m04_cond22,flk_sim_22,22,ABC,B,train,Flicker,0,SCENARIO_CONTROLLER,11.5,0.04,0.0483,11.5,0.596845,0.865071,1.449407,0.1221,0.0,60.0,60.0857,17.68,0.838256,0.001818,0.000857,0.000554,0.000445,0.000282,0.000339,0.000299,0.000148,0.000161,0.000129,0.002169,0.001022,0.000661,0.000531,0.000404,0.000177,0.000154,5e-06,60.07,4.86,0.0151,1.9e-05,60.0
flk_22_12,FLK_0022_3p_fm11p5hz_m04_cond22,flk_sim_22,22,ABC,A,train,Flicker,0,SCENARIO_CONTROLLER,11.5,0.04,0.0457,11.5,0.594411,0.861863,1.449944,0.0909,0.0,60.0,60.0697,17.85,0.834754,0.001455,0.000687,0.000444,0.000229,0.000134,0.000228,1.5e-05,0.000179,0.000141,2.2e-05,0.001743,0.000823,0.000532,0.000274,0.000273,0.000214,2.6e-05,3e-06,60.06,4.32,0.0151,1.3e-05,60.0
flk_22_13,FLK_0022_3p_fm11p5hz_m04_cond22,flk_sim_22,22,ABC,C,train,Flicker,0,SCENARIO_CONTROLLER,11.5,0.04,0.041,11.5,0.587794,0.852447,1.450248,0.0502,0.0,60.0,60.0509,17.75,0.824968,0.001175,0.000394,0.000263,0.000102,0.000105,7.7e-05,2.4e-05,0.000153,8.6e-05,0.000133,0.001424,0.000478,0.000319,0.000124,9.3e-05,0.000185,0.000161,2e-06,60.06,3.86,0.0161,8e-06,60.0
flk_22_14,FLK_0022_3p_fm11p5hz_m04_cond22,flk_sim_22,22,ABC,A,train,Flicker,0,SCENARIO_CONTROLLER,11.5,0.04,0.0367,11.5,0.593219,0.861863,1.452859,0.074,0.0,60.0,59.9937,18.43,0.832927,0.001384,0.000489,0.000458,0.000303,0.000376,0.000221,0.000295,0.000124,0.000127,0.000201,0.001662,0.000587,0.00055,0.000364,0.000265,0.000149,0.000241,3e-06,60.07,4.47,0.0152,1.3e-05,60.0
flk_22_15,FLK_0022_3p_fm11p5hz_m04_cond22,flk_sim_22,22,ABC,A,train,Flicker,0,SCENARIO_CONTROLLER,11.5,0.04,0.0367,11.5,0.593151,0.861863,1.453024,0.0639,0.0,60.0,59.9937,18.41,0.832817,0.001216,0.00045,0.000164,0.000196,0.00023,0.000206,0.000228,0.000122,8.4e-05,3.2e-05,0.00146,0.00054,0.000197,0.000235,0.000247,0.000146,3.8e-05,2e-06,60.06,4.27,0.0152,1e-05,60.0
flk_22_16,FLK_0022_3p_fm11p5hz_m04_cond22,flk_sim_22,22,ABC,A,train,Flicker,0,SCENARIO_CONTROLLER,11.5,0.04,0.0371,11.5,0.592616,0.861863,1.454338,0.0517,0.0,60.0,59.9937,18.39,0.832044,0.001043,0.000386,0.000266,0.000145,9.2e-05,0.000122,0.000152,6.1e-05,2.7e-05,8.5e-05,0.001254,0.000464,0.00032,0.000174,0.000147,7.3e-05,0.000102,1e-06,60.06,3.88,0.0152,7e-06,60.0
flk_22_17,FLK_0022_3p_fm11p5hz_m04_cond22,flk_sim_22,22,ABC,A,train,Flicker,0,SCENARIO_CONTROLLER,11.5,0.04,0.0363,11.5,0.592502,0.861863,1.454617,0.1304,0.0,60.0,59.9019,18.38,0.831989,0.001882,0.00091,0.000562,0.00044,0.000286,0.000394,0.000308,0.000236,0.000263,0.000278,0.002262,0.001094,0.000675,0.000529,0.000474,0.000284,0.000334,5e-06,60.08,5.56,0.0152,2.7e-05,60.0
flk_22_18,FLK_0022_3p_fm11p5hz_m04_cond22,flk_sim_22,22,ABC,A,train,Flicker,0,SCENARIO_CONTROLLER,11.5,0.04,0.0409,11.5,0.591201,0.861863,1.457817,0.079,0.0,60.0,59.9019,18.35,0.830225,0.001526,0.000587,0.000491,0.000238,0.000127,0.00017,9.8e-05,0.000147,7.3e-05,0.000131,0.001838,0.000707,0.000591,0.000287,0.000205,0.000177,0.000158,3e-06,60.06,4.28,0.0153,1.2e-05,60.0
flk_22_19,FLK_0022_3p_fm11p5hz_m04_cond22,flk_sim_22,22,ABC,C,train,Flicker,0,SCENARIO_CONTROLLER,11.5,0.04,0.0475,11.5,0.584302,0.852447,1.458916,0.0819,0.0,60.0,59.8689,17.84,0.820242,0.00185,0.000624,0.000372,0.00018,0.000165,0.00017,5.2e-05,0.000203,9.7e-05,4.1e-05,0.002255,0.000761,0.000454,0.000219,0.000207,0.000247,5e-05,4e-06,60.05,4.03,0.0161,9e-06,60.0
flk_22_20,FLK_0022_3p_fm11p5hz_m04_cond22,flk_sim_22,22,ABC,B,train,Flicker,0,SCENARIO_CONTROLLER,11.5,0.04,0.0521,11.5,0.592362,0.865071,1.460375,0.1157,0.0,60.0,59.8383,17.85,0.832127,0.002088,0.000899,0.000383,0.000297,0.000237,0.000173,0.000102,9.3e-05,5.2e-05,8.8e-05,0.002509,0.00108,0.00046,0.000357,0.000208,0.000112,0.000106,6e-06,60.05,4.04,0.0151,1e-05,60.0
flk_22_21,FLK_0022_3p_fm11p5hz_m04_cond22,flk_sim_22,22,ABC,A,train,Flicker,0,SCENARIO_CONTROLLER,11.5,0.04,0.0541,11.5,0.589729,0.861863,1.461457,0.1101,0.0,60.0,59.8162,17.61,0.828559,0.002421,0.00082,0.000409,0.000324,0.000341,0.000233,0.000249,0.000155,0.000148,0.000175,0.002922,0.00099,0.000494,0.000391,0.000281,0.000187,0.000211,7e-06,60.05,4.46,0.0149,1.3e-05,60.0
flk_22_22,FLK_0022_3p_fm11p5hz_m04_cond22,flk_sim_22,22,ABC,C,train,Flicker,0,SCENARIO_CONTROLLER,11.5,0.04,0.0554,11.5,0.583202,0.852447,1.461667,0.1473,0.0,60.0,59.79,17.05,0.819128,0.002699,0.001082,0.000683,0.000413,0.000357,0.00034,0.000316,0.000312,0.000243,5.9e-05,0.003295,0.001321,0.000834,0.000504,0.000415,0.000381,7.2e-05,1e-05,60.05,5.24,0.0157,2.3e-05,60.0
flk_22_23,FLK_0022_3p_fm11p5hz_m04_cond22,flk_sim_22,22,ABC,B,train,Flicker,0,SCENARIO_CONTROLLER,11.5,0.04,0.0539,11.5,0.591912,0.865071,1.461486,0.2038,0.0,60.0,59.7836,17.22,0.831846,0.003071,0.001491,0.000884,0.00072,0.000447,0.000362,0.000374,0.000398,0.000343,0.000278,0.003692,0.001792,0.001063,0.000866,0.000435,0.000478,0.000334,1.4e-05,60.07,6.41,0.0147,4.2e-05,60.0
flk_22_24,FLK_0022_3p_fm11p5hz_m04_cond22,flk_sim_22,22,ABC,C,train,Flicker,0,SCENARIO_CONTROLLER,11.5,0.04,0.0559,11.5,0.583703,0.852447,1.460414,0.245,0.0,60.0,59.7788,16.94,0.819964,0.003506,0.00171,0.001059,0.000899,0.000693,0.000552,0.000526,0.000417,0.000353,0.000285,0.004276,0.002085,0.001292,0.001096,0.000673,0.000509,0.000348,1.9e-05,60.1,7.82,0.0156,6.9e-05,60.0
flk_22_25,FLK_0022_3p_fm11p5hz_m04_cond22,flk_sim_22,22,ABC,B,train,Flicker,0,SCENARIO_CONTROLLER,11.5,0.04,0.0592,11.5,0.592439,0.865071,1.460185,0.1877,0.0,60.0,59.8002,17.45,0.832547,0.002935,0.001386,0.00093,0.000516,0.000474,0.000504,0.000464,0.000383,0.000253,0.000266,0.003525,0.001665,0.001117,0.00062,0.000605,0.00046,0.00032,1.3e-05,60.07,6.42,0.0147,4e-05,60.0
flk_22_26,FLK_0022_3p_fm11p5hz_m04_cond22,flk_sim_22,22,ABC,A,train,Flicker,0,SCENARIO_CONTROLLER,11.5,0.04,0.0549,11.5,0.590328,0.861863,1.459973,0.1458,0.0,60.0,59.8178,17.65,0.829456,0.002565,0.001027,0.000708,0.000545,0.000244,0.000333,0.000241,0.000186,0.000191,0.000257,0.003092,0.001238,0.000854,0.000657,0.000401,0.000224,0.00031,9e-06,60.06,5.29,0.0149,2.5e-05,60.0
flk_22_27,FLK_0022_3p_fm11p5hz_m04_cond22,flk_sim_22,22,ABC,C,train,Flicker,0,SCENARIO_CONTROLLER,11.5,0.04,0.0537,11.5,0.584401,0.852447,1.458669,0.1224,0.0,60.0,59.8373,17.59,0.820591,0.002279,0.000895,0.000565,0.000395,0.000236,0.00023,0.00013,0.000114,0.000158,0.000184,0.002777,0.001091,0.000689,0.000481,0.00028,0.000139,0.000224,7e-06,60.05,4.52,0.0159,1.4e-05,60.0
flk_22_28,FLK_0022_3p_fm11p5hz_m04_cond22,flk_sim_22,22,ABC,B,train,Flicker,0,SCENARIO_CONTROLLER,11.5,0.04,0.0476,11.5,0.593702,0.865071,1.457081,0.0865,0.0,60.0,59.8693,18.16,0.833921,0.001939,0.000681,0.000272,0.000113,0.0002,0.000209,0.000132,6.7e-05,8.4e-05,3.8e-05,0.002325,0.000817,0.000326,0.000136,0.000251,8e-05,4.6e-05,4e-06,60.05,3.99,0.0151,9e-06,60.0
flk_22_29,FLK_0022_3p_fm11p5hz_m04_cond22,flk_sim_22,22,ABC,A,train,Flicker,0,SCENARIO_CONTROLLER,11.5,0.04,0.0406,11.5,0.591932,0.861863,1.456018,0.072,0.0,60.0,59.8966,18.34,0.831298,0.00165,0.000541,0.000275,0.000236,0.00025,0.0001,0.000133,8.4e-05,5e-05,9.1e-05,0.001985,0.000651,0.000331,0.000284,0.00012,0.000101,0.000109,3e-06,60.05,3.94,0.0152,9e-06,60.0
flk_22_30,FLK_0022_3p_fm11p5hz_m04_cond22,flk_sim_22,22,ABC,C,train,Flicker,0,SCENARIO_CONTROLLER,11.5,0.04,0.0378,11.5,0.58625,0.852447,1.454068,0.0775,0.0,60.0,59.9299,18.16,0.822799,0.001398,0.000582,0.000261,0.000235,0.00022,0.00011,0.000166,8.4e-05,0.000124,0.000149,0.001699,0.000707,0.000317,0.000286,0.000134,0.000102,0.000181,3e-06,60.06,4.08,0.0161,9e-06,60.0
flk_22_31,FLK_0022_3p_fm11p5hz_m04_cond22,flk_sim_22,22,ABC,B,train,Flicker,0,SCENARIO_CONTROLLER,11.5,0.04,0.0369,11.5,0.595702,0.865071,1.452187,0.0606,0.0,60.0,59.9612,18.5,0.836438,0.001115,0.000423,0.000363,9.8e-05,0.000155,0.000262,0.00015,6.5e-05,0.000192,8.7e-05,0.001333,0.000506,0.000434,0.000117,0.000313,7.8e-05,0.000104,2e-06,60.06,4.11,0.0152,1e-05,60.0
flk_22_32,FLK_0022_3p_fm11p5hz_m04_cond22,flk_sim_22,22,ABC,A,train,Flicker,0,SCENARIO_CONTROLLER,11.5,0.04,0.0363,11.5,0.593911,0.861863,1.451166,0.0629,0.0,60.0,59.9884,18.44,0.833894,0.001024,0.000415,0.00036,0.000281,3.4e-05,0.000156,0.000192,0.000207,0.000137,8.4e-05,0.001228,0.000498,0.000432,0.000337,0.000187,0.000248,0.000101,2e-06,60.06,4.04,0.0152,9e-06,60.0
flk_23_01,FLK_0023_3p_fm9hz_m06_cond23,flk_sim_23,23,ABC,C,train,Flicker,0,SCENARIO_CONTROLLER,9.0,0.06,0.0488,9.0,0.591267,0.866185,1.464963,0.06,0.0,60.0,59.977,15.31,0.8241,0.000953,0.000462,0.000284,0.000145,0.000207,9.8e-05,0.000183,0.000177,9.9e-05,0.000256,0.001156,0.000561,0.000345,0.000176,0.000119,0.000215,0.000311,1e-06,60.1,4.12,0.026,9e-06,60.0
flk_23_02,FLK_0023_3p_fm9hz_m06_cond23,flk_sim_23,23,ABC,C,train,Flicker,0,SCENARIO_CONTROLLER,9.0,0.06,0.0488,9.0,0.59137,0.866185,1.464709,0.059,0.0,60.0,59.977,15.28,0.824262,0.000895,0.000403,0.000181,0.000269,5.9e-05,4.4e-05,0.000156,0.000133,0.00012,0.000105,0.001086,0.000489,0.00022,0.000326,5.3e-05,0.000161,0.000127,1e-06,60.1,3.91,0.026,8e-06,60.0
flk_23_03,FLK_0023_3p_fm9hz_m06_cond23,flk_sim_23,23,ABC,C,train,Flicker,0,SCENARIO_CONTROLLER,9.0,0.06,0.0486,9.0,0.591661,0.866185,1.463989,0.0354,0.0,60.0,59.977,15.28,0.824687,0.000828,0.000252,0.000184,0.000116,0.000217,9.1e-05,0.000116,6.2e-05,0.000158,0.000208,0.001004,0.000306,0.000223,0.000141,0.00011,7.5e-05,0.000252,1e-06,60.1,3.85,0.026,7e-06,60.0
flk_23_04,FLK_0023_3p_fm9hz_m06_cond23,flk_sim_23,23,ABC,A,train,Flicker,0,SCENARIO_CONTROLLER,9.0,0.06,0.0496,9.0,0.598657,0.87716,1.465214,0.0599,0.0,60.0,60.0768,15.67,0.835062,0.001159,0.000445,0.000312,0.000122,0.000105,0.000193,0.000185,7.7e-05,0.000205,8.2e-05,0.001388,0.000533,0.000374,0.000146,0.000231,9.2e-05,9.8e-05,2e-06,60.09,3.97,0.025,9e-06,60.0
flk_23_05,FLK_0023_3p_fm9hz_m06_cond23,flk_sim_23,23,ABC,C,train,Flicker,0,SCENARIO_CONTROLLER,9.0,0.06,0.0519,9.0,0.593077,0.866185,1.460494,0.0755,0.0,60.0,60.129,15.35,0.826144,0.001364,0.000574,0.000323,0.000235,0.000257,6.5e-05,4.3e-05,3e-06,3.5e-05,0.000235,0.001651,0.000695,0.000391,0.000284,7.9e-05,4e-06,0.000284,2e-06,60.09,3.92,0.0271,8e-06,60.0
flk_23_06,FLK_0023_3p_fm9hz_m06_cond23,flk_sim_23,23,ABC,B,train,Flicker,0,SCENARIO_CONTROLLER,9.0,0.06,0.0502,9.0,0.602229,0.880267,1.461681,0.086,0.0,60.0,60.1717,15.65,0.839404,0.001419,0.000651,0.000444,0.000283,8.3e-05,0.000131,0.000241,7.9e-05,7.1e-05,0.0001,0.00169,0.000776,0.000529,0.000337,0.000156,9.4e-05,0.000119,3e-06,60.08,3.92,0.0263,8e-06,60.0
flk_23_07,FLK_0023_3p_fm9hz_m06_cond23,flk_sim_23,23,ABC,A,train,Flicker,0,SCENARIO_CONTROLLER,9.0,0.06,0.0501,9.0,0.600335,0.87716,1.461118,0.0966,0.0,60.0,60.2207,15.59,0.836363,0.001838,0.000719,0.000405,0.000253,0.00024,0.000267,0.000215,0.00012,5.2e-05,0.000109,0.002198,0.00086,0.000484,0.000303,0.000319,0.000143,0.00013,4e-06,60.08,4.18,0.0271,1e-05,60.0
flk_23_08,FLK_0023_3p_fm9hz_m06_cond23,flk_sim_23,23,ABC,C,train,Flicker,0,SCENARIO_CONTROLLER,9.0,0.06,0.0514,9.0,0.594706,0.866185,1.456492,0.1339,0.0,60.0,60.2671,15.2,0.827129,0.002267,0.001003,0.000492,0.000432,0.000219,0.000187,0.000318,0.000139,0.000207,0.000345,0.002741,0.001213,0.000595,0.000522,0.000226,0.000168,0.000417,7e-06,60.09,4.8,0.0296,1.7e-05,60.0
flk_23_09,FLK_0023_3p_fm9hz_m06_cond23,flk_sim_23,23,ABC,B,train,Flicker,0,SCENARIO_CONTROLLER,9.0,0.06,0.0492,9.0,0.603475,0.880267,1.458663,0.1768,0.0,60.0,60.2968,15.44,0.839794,0.002892,0.001292,0.000652,0.00066,0.000481,0.000315,0.000211,0.000361,0.000252,0.000175,0.003444,0.001538,0.000776,0.000786,0.000375,0.00043,0.000208,1.1e-05,60.1,5.86,0.0289,3.3e-05,60.0
flk_23_10,FLK_0023_3p_fm9hz_m06_cond23,flk_sim_23,23,ABC,C,train,Flicker,0,SCENARIO_CONTROLLER,9.0,0.06,0.0494,8.5,0.595237,0.866185,1.455193,0.2523,0.0,60.0,60.3675,14.91,0.826628,0.003516,0.001748,0.001132,0.000901,0.000633,0.000697,0.000557,0.000402,0.000409,0.000566,0.004253,0.002115,0.001369,0.00109,0.000843,0.000486,0.000685,1.9e-05,60.14,8.11,0.0319,7.3e-05,60.0
flk_23_11,FLK_0023_3p_fm9hz_m06_cond23,flk_sim_23,23,ABC,C,train,Flicker,0,SCENARIO_CONTROLLER,9.0,0.06,0.0494,8.5,0.595317,0.866185,1.454999,0.254,0.0,60.0,60.3675,14.93,0.826678,0.003545,0.001795,0.00122,0.000875,0.000735,0.00065,0.000555,0.000473,0.000489,0.000231,0.004288,0.002171,0.001476,0.001058,0.000786,0.000572,0.000279,2e-05,60.14,8.3,0.032,7.7e-05,60.0
flk_23_12,FLK_0023_3p_fm9hz_m06_cond23,flk_sim_23,23,ABC,A,train,Flicker,0,SCENARIO_CONTROLLER,9.0,0.06,0.0496,8.5,0.601812,0.87716,1.457532,0.1889,0.0,60.0,60.3716,15.22,0.836469,0.003014,0.001334,0.000959,0.000683,0.00049,0.0005,0.000367,0.000338,0.000381,0.000219,0.003603,0.001595,0.001146,0.000817,0.000598,0.000404,0.000262,1.3e-05,60.09,6.34,0.0306,3.9e-05,60.0
flk_23_13,FLK_0023_3p_fm9hz_m06_cond23,flk_sim_23,23,ABC,C,train,Flicker,0,SCENARIO_CONTROLLER,9.0,0.06,0.0529,8.5,0.595814,0.866185,1.453785,0.1854,0.0,60.0,60.378,14.93,0.82714,0.003019,0.00133,0.000769,0.000617,0.000441,0.000447,0.000247,0.000294,0.000185,0.000276,0.00365,0.001608,0.00093,0.000746,0.00054,0.000355,0.000334,1.3e-05,60.08,5.78,0.0323,2.8e-05,60.0
flk_23_14,FLK_0023_3p_fm9hz_m06_cond23,flk_sim_23,23,ABC,B,train,Flicker,0,SCENARIO_CONTROLLER,9.0,0.06,0.0546,8.5,0.603931,0.880267,1.457564,0.1503,0.0,60.0,60.3548,15.28,0.839601,0.002909,0.001129,0.000547,0.000426,0.000285,0.00037,0.000321,0.000151,0.000114,0.000146,0.003465,0.001345,0.000651,0.000507,0.000441,0.00018,0.000174,1.1e-05,60.06,4.72,0.0303,1.5e-05,60.0
flk_23_15,FLK_0023_3p_fm9hz_m06_cond23,flk_sim_23,23,ABC,A,train,Flicker,0,SCENARIO_CONTROLLER,9.0,0.06,0.0572,9.0,0.601245,0.87716,1.458908,0.1213,0.0,60.0,60.3311,15.36,0.836156,0.002636,0.000914,0.000426,0.000301,0.000215,0.000318,0.000312,0.000134,7e-05,6e-05,0.003153,0.001093,0.000509,0.00036,0.00038,0.00016,7.2e-05,8e-06,60.06,4.15,0.0298,1e-05,60.0
flk_23_16,FLK_0023_3p_fm9hz_m06_cond23,flk_sim_23,23,ABC,C,train,Flicker,0,SCENARIO_CONTROLLER,9.0,0.06,0.063,9.0,0.594727,0.866185,1.456442,0.1219,0.0,60.0,60.313,15.1,0.826454,0.002413,0.000924,0.000456,0.000351,0.00022,0.000194,0.000188,0.000106,8.1e-05,0.000165,0.00292,0.001118,0.000552,0.000425,0.000235,0.000128,0.0002,7e-06,60.07,4.15,0.0309,9e-06,60.0
flk_23_17,FLK_0023_3p_fm9hz_m06_cond23,flk_sim_23,23,ABC,B,train,Flicker,0,SCENARIO_CONTROLLER,9.0,0.06,0.0622,9.0,0.602327,0.880267,1.461444,0.1238,0.0,60.0,60.2646,15.49,0.838407,0.002063,0.000922,0.000548,0.00036,0.000268,0.000312,9.4e-05,7.9e-05,0.00012,0.000132,0.002461,0.0011,0.000654,0.000429,0.000372,9.4e-05,0.000157,6e-06,60.07,4.35,0.0285,1.2e-05,60.0
flk_23_18,FLK_0023_3p_fm9hz_m06_cond23,flk_sim_23,23,ABC,A,train,Flicker,0,SCENARIO_CONTROLLER,9.0,0.06,0.0623,9.0,0.599342,0.87716,1.46354,0.1178,0.0,60.0,60.224,15.57,0.834711,0.001953,0.000839,0.000595,0.000361,0.000294,0.000363,6.9e-05,0.000208,0.000233,0.000115,0.00234,0.001005,0.000713,0.000432,0.000435,0.000249,0.000138,5e-06,60.08,4.4,0.0277,1.3e-05,60.0
flk_23_19,FLK_0023_3p_fm9hz_m06_cond23,flk_sim_23,23,ABC,C,train,Flicker,0,SCENARIO_CONTROLLER,9.0,0.06,0.0626,9.0,0.592552,0.866185,1.461787,0.1234,0.0,60.0,60.1866,15.29,0.824772,0.001889,0.000879,0.000491,0.000452,0.000243,0.000243,0.000159,0.000207,0.00025,0.000258,0.00229,0.001066,0.000595,0.000548,0.000295,0.000251,0.000313,5e-06,60.09,4.72,0.0284,1.6e-05,60.0
flk_23_20,FLK_0023_3p_fm9hz_m06_cond23,flk_sim_23,23,ABC,B,train,Flicker,0,SCENARIO_CONTROLLER,9.0,0.06,0.0574,9.0,0.600029,0.879484,1.465736,0.1156,0.0,60.0,60.1354,15.62,0.836465,0.001845,0.000797,0.000417,0.000469,0.000268,0.000285,0.000169,0.000227,0.000183,0.000229,0.002206,0.000953,0.000499,0.000561,0.000341,0.000271,0.000274,5e-06,60.09,4.81,0.0261,1.7e-05,60.0
flk_23_21,FLK_0023_3p_fm9hz_m06_cond23,flk_sim_23,23,ABC,C,train,Flicker,0,SCENARIO_CONTROLLER,9.0,0.06,0.0526,9.0,0.590759,0.866185,1.466223,0.0611,0.0,60.0,60.0435,15.31,0.823222,0.001174,0.000445,0.000232,0.000168,0.000135,0.000164,6.5e-05,0.000154,6.3e-05,0.000146,0.001426,0.000541,0.000282,0.000204,0.000199,0.000187,0.000177,2e-06,60.1,4.22,0.0264,1e-05,60.0
flk_23_22,FLK_0023_3p_fm9hz_m06_cond23,flk_sim_23,23,ABC,C,train,Flicker,0,SCENARIO_CONTROLLER,9.0,0.06,0.0495,9.0,0.590478,0.866185,1.466923,0.0748,0.0,60.0,60.0435,15.31,0.822859,0.001144,0.000531,0.00038,0.000306,0.000221,6.1e-05,9.4e-05,0.000146,0.000214,0.000279,0.00139,0.000645,0.000462,0.000372,7.4e-05,0.000177,0.000339,2e-06,60.1,4.24,0.0264,1e-05,60.0
flk_23_23,FLK_0023_3p_fm9hz_m06_cond23,flk_sim_23,23,ABC,C,train,Flicker,0,SCENARIO_CONTROLLER,9.0,0.06,0.0496,9.0,0.59,0.866185,1.46811,0.0379,0.0,60.0,60.0435,15.27,0.822328,0.000713,0.00027,9e-05,0.00012,7.4e-05,9.9e-05,4.5e-05,3.9e-05,8.7e-05,0.000209,0.000867,0.000328,0.000109,0.000146,0.00012,4.7e-05,0.000254,1e-06,60.09,3.84,0.026,6e-06,60.0
flk_23_24,FLK_0023_3p_fm9hz_m06_cond23,flk_sim_23,23,ABC,C,train,Flicker,0,SCENARIO_CONTROLLER,9.0,0.06,0.0496,9.0,0.589761,0.866185,1.468705,0.0503,0.0,60.0,59.9081,15.19,0.821885,0.000949,0.000384,0.000295,0.000148,0.000178,3.5e-05,0.000128,0.000138,0.000173,0.000155,0.001155,0.000467,0.000359,0.00018,4.3e-05,0.000168,0.000189,1e-06,60.1,4.15,0.0263,9e-06,60.0
flk_23_25,FLK_0023_3p_fm9hz_m06_cond23,flk_sim_23,23,ABC,C,train,Flicker,0,SCENARIO_CONTROLLER,9.0,0.06,0.0496,9.0,0.589607,0.866185,1.46909,0.0601,0.0,60.0,59.9081,15.21,0.821634,0.000972,0.000388,0.000336,0.00028,0.000148,0.00012,0.000119,0.000118,2.7e-05,0.000278,0.001183,0.000472,0.000409,0.000341,0.000146,0.000144,0.000338,1e-06,60.1,4.13,0.0264,1e-05,60.0
flk_23_26,FLK_0023_3p_fm9hz_m06_cond23,flk_sim_23,23,ABC,C,train,Flicker,0,SCENARIO_CONTROLLER,9.0,0.06,0.0496,9.0,0.590223,0.866185,1.467557,0.1618,0.0,60.0,59.8067,15.03,0.822101,0.002076,0.00115,0.00075,0.000592,0.000467,0.000308,0.000395,0.000334,0.000324,0.000464,0.002525,0.001399,0.000912,0.00072,0.000375,0.000406,0.000564,7e-06,60.12,6.13,0.0272,3.4e-05,60.0
flk_23_27,FLK_0023_3p_fm9hz_m06_cond23,flk_sim_23,23,ABC,C,train,Flicker,0,SCENARIO_CONTROLLER,9.0,0.06,0.0498,9.5,0.589263,0.866185,1.469946,0.0719,0.0,60.0,59.8087,15.03,0.820481,0.001546,0.000536,0.00034,0.000171,0.000167,0.00018,8.4e-05,8.4e-05,0.000178,0.000287,0.001884,0.000653,0.000414,0.000208,0.000219,0.000102,0.00035,3e-06,60.09,4.38,0.0278,1.1e-05,60.0
flk_23_28,FLK_0023_3p_fm9hz_m06_cond23,flk_sim_23,23,ABC,C,train,Flicker,0,SCENARIO_CONTROLLER,9.0,0.06,0.0496,9.5,0.590116,0.866185,1.467822,0.1869,0.0,60.0,59.8087,15.1,0.821555,0.002503,0.001264,0.000871,0.000772,0.0006,0.000406,0.000389,0.000364,0.00033,0.000116,0.003047,0.001539,0.00106,0.00094,0.000494,0.000443,0.000141,1e-05,60.14,7.0,0.0281,4.9e-05,60.0
flk_23_29,FLK_0023_3p_fm9hz_m06_cond23,flk_sim_23,23,ABC,C,train,Flicker,0,SCENARIO_CONTROLLER,9.0,0.06,0.0496,9.5,0.590555,0.866185,1.466731,0.244,0.0,60.0,59.7542,14.97,0.821737,0.002983,0.001657,0.00109,0.000903,0.000714,0.000677,0.000584,0.000496,0.000516,0.000192,0.00363,0.002016,0.001326,0.001099,0.000824,0.000604,0.000234,1.6e-05,60.16,8.42,0.029,7.8e-05,60.0
flk_23_30,FLK_0023_3p_fm9hz_m06_cond23,flk_sim_23,23,ABC,C,train,Flicker,0,SCENARIO_CONTROLLER,9.0,0.06,0.0533,9.5,0.58937,0.866185,1.469679,0.0811,0.0,60.0,59.7542,14.91,0.819999,0.001811,0.000618,0.000354,0.000164,0.000137,0.000184,0.00016,5.4e-05,3.7e-05,0.000245,0.002209,0.000754,0.000432,0.0002,0.000224,6.6e-05,0.000299,4e-06,60.08,4.12,0.0291,9e-06,60.0
flk_23_31,FLK_0023_3p_fm9hz_m06_cond23,flk_sim_23,23,ABC,B,train,Flicker,0,SCENARIO_CONTROLLER,9.0,0.06,0.0533,9.5,0.597992,0.87937,1.470538,0.101,0.0,60.0,59.7607,15.22,0.832911,0.001801,0.000767,0.000537,0.000266,0.000302,0.000219,0.000165,0.000136,0.000149,0.000102,0.002162,0.000921,0.000645,0.000319,0.000263,0.000163,0.000122,4e-06,60.08,4.45,0.0275,1.3e-05,60.0
flk_23_32,FLK_0023_3p_fm9hz_m06_cond23,flk_sim_23,23,ABC,A,train,Flicker,0,SCENARIO_CONTROLLER,9.0,0.06,0.054,9.5,0.595872,0.873321,1.465618,0.1264,0.0,60.0,59.763,15.23,0.830006,0.001955,0.000918,0.000627,0.000452,0.000355,0.00023,0.00021,0.00017,0.000206,0.000208,0.002355,0.001106,0.000755,0.000545,0.000277,0.000205,0.000251,6e-06,60.08,4.9,0.0274,1.8e-05,60.0
flk_24_01,FLK_0024_3p_fm8p8hz_m055_cond24,flk_sim_24,24,ABC,A,test,Flicker,0,SCENARIO_CONTROLLER,8.8,0.055,0.0527,9.0,0.593938,0.869418,1.463819,0.1518,0.0,60.0,59.7059,15.83,0.82837,0.00264,0.001114,0.000724,0.000444,0.000407,0.000378,0.000271,0.000169,0.000213,0.000246,0.003187,0.001345,0.000874,0.000536,0.000456,0.000204,0.000297,9e-06,60.06,5.41,0.0263,2.4e-05,60.0
flk_24_02,FLK_0024_3p_fm8p8hz_m055_cond24,flk_sim_24,24,ABC,C,test,Flicker,0,SCENARIO_CONTROLLER,8.8,0.055,0.0516,9.0,0.587933,0.860981,1.464421,0.1361,0.0,60.0,59.7185,15.58,0.819528,0.002321,0.001035,0.00061,0.000359,0.000316,0.00021,0.00018,0.000174,0.000102,2.7e-05,0.002832,0.001263,0.000744,0.000438,0.000256,0.000212,3.3e-05,7e-06,60.06,4.63,0.0272,1.4e-05,60.0
flk_24_03,FLK_0024_3p_fm8p8hz_m055_cond24,flk_sim_24,24,ABC,B,test,Flicker,0,SCENARIO_CONTROLLER,8.8,0.055,0.0502,9.0,0.596499,0.87422,1.465584,0.1035,0.0,60.0,59.7591,16.02,0.832695,0.002022,0.000816,0.00037,0.000274,0.000161,4.5e-05,0.000194,0.000149,3.1e-05,3e-05,0.002428,0.00098,0.000444,0.000329,5.4e-05,0.000179,3.6e-05,5e-06,60.05,4.14,0.0248,9e-06,60.0
flk_24_04,FLK_0024_3p_fm8p8hz_m055_cond24,flk_sim_24,24,ABC,A,test,Flicker,0,SCENARIO_CONTROLLER,8.8,0.055,0.0478,9.0,0.59454,0.869418,1.462339,0.0915,0.0,60.0,59.7871,16.1,0.830334,0.001923,0.000701,0.000315,0.000213,0.000139,0.000203,5.5e-05,3.2e-05,0.000126,0.000175,0.002316,0.000844,0.000379,0.000257,0.000244,3.9e-05,0.000211,4e-06,60.06,4.15,0.024,1e-05,60.0
flk_24_05,FLK_0024_3p_fm8p8hz_m055_cond24,flk_sim_24,24,ABC,C,test,Flicker,0,SCENARIO_CONTROLLER,8.8,0.055,0.0466,9.0,0.588755,0.860981,1.462376,0.0961,0.0,60.0,59.8205,15.9,0.821887,0.001777,0.000738,0.000296,0.000236,0.000148,0.000151,0.000154,0.000161,0.00018,2.3e-05,0.002162,0.000898,0.00036,0.000287,0.000184,0.000196,2.8e-05,4e-06,60.07,4.26,0.0246,1.1e-05,60.0
flk_24_06,FLK_0024_3p_fm8p8hz_m055_cond24,flk_sim_24,24,ABC,B,test,Flicker,0,SCENARIO_CONTROLLER,8.8,0.055,0.0458,9.0,0.597711,0.87422,1.462614,0.0966,0.0,60.0,59.8684,16.33,0.835471,0.001667,0.000736,0.000452,0.000303,0.000237,0.000136,0.000127,0.000238,0.000153,8.8e-05,0.001995,0.000881,0.000541,0.000363,0.000163,0.000285,0.000105,4e-06,60.08,4.47,0.0225,1.3e-05,60.0
flk_24_07,FLK_0024_3p_fm8p8hz_m055_cond24,flk_sim_24,24,ABC,C,test,Flicker,0,SCENARIO_CONTROLLER,8.8,0.055,0.043,9.0,0.589913,0.860981,1.459506,0.0658,0.0,60.0,59.9564,16.17,0.824261,0.001185,0.000491,0.000151,0.00019,0.0001,0.000129,7.1e-05,0.000128,9.8e-05,8.1e-05,0.001438,0.000596,0.000183,0.000231,0.000157,0.000155,9.8e-05,2e-06,60.08,4.1,0.0229,9e-06,60.0
flk_24_08,FLK_0024_3p_fm8p8hz_m055_cond24,flk_sim_24,24,ABC,B,test,Flicker,0,SCENARIO_CONTROLLER,8.8,0.055,0.0429,9.0,0.598746,0.87422,1.460085,0.0464,0.0,60.0,60.0084,16.48,0.837399,0.001019,0.00033,0.000181,0.000201,0.000113,3.7e-05,0.000128,0.000109,4.1e-05,0.000104,0.001217,0.000394,0.000216,0.00024,4.4e-05,0.00013,0.000124,1e-06,60.07,3.85,0.0214,7e-06,60.0
flk_24_09,FLK_0024_3p_fm8p8hz_m055_cond24,flk_sim_24,24,ABC,B,test,Flicker,0,SCENARIO_CONTROLLER,8.8,0.055,0.0427,9.0,0.599387,0.87422,1.458522,0.0637,0.0,60.0,60.0084,16.48,0.838292,0.00105,0.000448,0.00025,0.000254,0.000188,0.000141,7e-05,0.000137,0.000128,0.00016,0.001253,0.000534,0.000298,0.000303,0.000168,0.000163,0.000191,2e-06,60.08,4.11,0.0214,1e-05,60.0
flk_24_10,FLK_0024_3p_fm8p8hz_m055_cond24,flk_sim_24,24,ABC,C,test,Flicker,0,SCENARIO_CONTROLLER,8.8,0.055,0.0427,9.0,0.591219,0.860981,1.456282,0.1068,0.0,60.0,60.1019,16.04,0.826004,0.001522,0.000736,0.000585,0.000408,0.000323,0.000267,0.000261,0.000278,0.000311,0.000164,0.001843,0.000891,0.000708,0.000494,0.000323,0.000337,0.000199,4e-06,60.09,4.91,0.0231,1.8e-05,60.0
flk_24_11,FLK_0024_3p_fm8p8hz_m055_cond24,flk_sim_24,24,ABC,C,test,Flicker,0,SCENARIO_CONTROLLER,8.8,0.055,0.0431,9.0,0.591963,0.860981,1.454451,0.0641,0.0,60.0,60.1019,16.07,0.827025,0.001182,0.000492,0.000207,0.000167,8.7e-05,0.000106,0.000115,0.000118,0.000108,0.000141,0.001429,0.000595,0.00025,0.000202,0.000128,0.000143,0.00017,2e-06,60.07,3.88,0.0232,8e-06,60.0
flk_24_12,FLK_0024_3p_fm8p8hz_m055_cond24,flk_sim_24,24,ABC,C,test,Flicker,0,SCENARIO_CONTROLLER,8.8,0.055,0.0423,9.0,0.591499,0.860981,1.455592,0.1997,0.0,60.0,60.228,15.52,0.825993,0.002614,0.001379,0.001054,0.000707,0.000614,0.000564,0.00046,0.000422,0.000454,0.000363,0.003165,0.00167,0.001276,0.000856,0.000683,0.000511,0.000439,1.2e-05,60.13,7.47,0.0241,5.8e-05,60.0
flk_24_13,FLK_0024_3p_fm8p8hz_m055_cond24,flk_sim_24,24,ABC,C,test,Flicker,0,SCENARIO_CONTROLLER,8.8,0.055,0.0438,8.5,0.593052,0.860981,1.451781,0.1448,0.0,60.0,60.228,15.69,0.827808,0.002314,0.001043,0.000593,0.000487,0.000401,0.000336,0.0003,0.000256,0.000439,0.000232,0.002795,0.00126,0.000716,0.000588,0.000406,0.000309,0.00028,8e-06,60.09,5.89,0.0249,3.1e-05,60.0
flk_24_14,FLK_0024_3p_fm8p8hz_m055_cond24,flk_sim_24,24,ABC,C,test,Flicker,0,SCENARIO_CONTROLLER,8.8,0.055,0.0436,8.5,0.592984,0.860981,1.451946,0.187,0.0,60.0,60.228,15.68,0.82764,0.002582,0.001297,0.000928,0.000706,0.000543,0.000463,0.000378,0.000289,0.000277,0.000286,0.00312,0.001567,0.001121,0.000853,0.000559,0.000349,0.000346,1.1e-05,60.1,6.59,0.0251,4.3e-05,60.0
flk_24_15,FLK_0024_3p_fm8p8hz_m055_cond24,flk_sim_24,24,ABC,C,test,Flicker,0,SCENARIO_CONTROLLER,8.8,0.055,0.0429,8.0,0.592325,0.860981,1.453562,0.2995,0.0,60.0,60.2901,15.32,0.826234,0.003823,0.002051,0.001353,0.001141,0.000957,0.000784,0.000764,0.000694,0.000744,0.000541,0.004627,0.002482,0.001638,0.001381,0.000949,0.00084,0.000655,2.5e-05,60.19,10.26,0.0261,0.000125,60.0
flk_24_16,FLK_0024_3p_fm8p8hz_m055_cond24,flk_sim_24,24,ABC,C,test,Flicker,0,SCENARIO_CONTROLLER,8.8,0.055,0.0449,8.0,0.594216,0.860981,1.448937,0.1108,0.0,60.0,60.2901,15.44,0.828826,0.002201,0.000862,0.000598,0.00025,0.000271,0.000193,0.000124,0.0001,0.000283,0.000185,0.002656,0.00104,0.000722,0.000302,0.000233,0.000121,0.000223,6e-06,60.06,4.47,0.0261,1.3e-05,60.0
flk_24_17,FLK_0024_3p_fm8p8hz_m055_cond24,flk_sim_24,24,ABC,B,test,Flicker,0,SCENARIO_CONTROLLER,8.8,0.055,0.046,8.5,0.602557,0.87422,1.450849,0.1004,0.0,60.0,60.2878,15.71,0.841225,0.002069,0.000793,0.000327,0.000214,0.00021,0.000198,0.000117,1.4e-05,8.9e-05,7.9e-05,0.00246,0.000943,0.000389,0.000254,0.000235,1.7e-05,9.4e-05,5e-06,60.05,4.01,0.0247,9e-06,60.0
flk_24_18,FLK_0024_3p_fm8p8hz_m055_cond24,flk_sim_24,24,ABC,A,test,Flicker,0,SCENARIO_CONTROLLER,8.8,0.055,0.0448,8.5,0.600041,0.869418,1.448932,0.1064,0.0,60.0,60.2858,15.71,0.837702,0.002211,0.000824,0.000353,0.000294,0.000231,0.000172,0.000133,0.00015,0.000194,7.2e-05,0.002639,0.000984,0.000421,0.000351,0.000205,0.000179,8.6e-05,6e-06,60.05,4.21,0.0247,1.1e-05,60.0
flk_24_19,FLK_0024_3p_fm8p8hz_m055_cond24,flk_sim_24,24,ABC,C,test,Flicker,0,SCENARIO_CONTROLLER,8.8,0.055,0.0492,8.5,0.593791,0.860981,1.449974,0.1031,0.0,60.0,60.2849,15.46,0.828262,0.002306,0.000786,0.000393,0.000256,0.000217,0.000214,0.000207,8.9e-05,0.000132,0.000127,0.002784,0.000949,0.000474,0.000309,0.000258,0.000107,0.000153,6e-06,60.06,4.46,0.026,1.3e-05,60.0
flk_24_20,FLK_0024_3p_fm8p8hz_m055_cond24,flk_sim_24,24,ABC,B,test,Flicker,0,SCENARIO_CONTROLLER,8.8,0.055,0.0484,8.5,0.601493,0.87422,1.453416,0.1261,0.0,60.0,60.2563,15.84,0.839978,0.002335,0.000948,0.000646,0.000348,0.000296,0.00032,0.00027,0.000174,0.000113,8.2e-05,0.00278,0.001129,0.000769,0.000414,0.000381,0.000207,9.8e-05,7e-06,60.06,4.97,0.0242,1.9e-05,60.0
flk_24_21,FLK_0024_3p_fm8p8hz_m055_cond24,flk_sim_24,24,ABC,C,test,Flicker,0,SCENARIO_CONTROLLER,8.8,0.055,0.0518,8.5,0.591847,0.860981,1.454738,0.1747,0.0,60.0,60.2059,15.75,0.82611,0.002426,0.001187,0.00093,0.000701,0.000483,0.000426,0.000375,0.00034,0.000518,0.000352,0.002937,0.001437,0.001126,0.000849,0.000516,0.000412,0.000426,1e-05,60.1,6.53,0.0249,4.3e-05,60.0
flk_24_22,FLK_0024_3p_fm8p8hz_m055_cond24,flk_sim_24,24,ABC,B,test,Flicker,0,SCENARIO_CONTROLLER,8.8,0.055,0.0538,9.0,0.599707,0.87422,1.457745,0.1246,0.0,60.0,60.1591,16.2,0.838142,0.001723,0.000889,0.00057,0.000508,0.000269,0.000204,0.000193,0.000186,0.000243,0.000111,0.002056,0.001061,0.00068,0.000606,0.000243,0.000222,0.000132,5e-06,60.08,4.99,0.0228,2e-05,60.0
flk_24_23,FLK_0024_3p_fm8p8hz_m055_cond24,flk_sim_24,24,ABC,A,test,Flicker,0,SCENARIO_CONTROLLER,8.8,0.055,0.051,9.0,0.596932,0.869418,1.456477,0.0784,0.0,60.0,60.1159,16.31,0.834494,0.001391,0.000589,0.00044,0.000255,0.000201,0.000124,0.000119,5.8e-05,8.2e-05,0.000178,0.001667,0.000706,0.000527,0.000306,0.000149,7e-05,0.000213,3e-06,60.07,4.2,0.0223,1.1e-05,60.0
flk_24_24,FLK_0024_3p_fm8p8hz_m055_cond24,flk_sim_24,24,ABC,C,test,Flicker,0,SCENARIO_CONTROLLER,8.8,0.055,0.0505,9.0,0.590344,0.860981,1.45844,0.0545,0.0,60.0,60.0757,16.08,0.824775,0.00122,0.000398,0.000118,0.000198,0.000102,6.9e-05,6.2e-05,0.000125,0.000238,7.4e-05,0.001479,0.000483,0.000143,0.00024,8.4e-05,0.000152,9e-05,2e-06,60.07,3.87,0.0231,7e-06,60.0
flk_24_25,FLK_0024_3p_fm8p8hz_m055_cond24,flk_sim_24,24,ABC,B,test,Flicker,0,SCENARIO_CONTROLLER,8.8,0.055,0.0457,9.0,0.59798,0.87422,1.461955,0.0571,0.0,60.0,60.0252,16.44,0.836244,0.001184,0.000388,0.000176,0.000271,8.8e-05,5.8e-05,0.000172,3.9e-05,4.2e-05,1e-05,0.001416,0.000464,0.00021,0.000324,6.9e-05,4.7e-05,1.2e-05,2e-06,60.07,3.95,0.0216,8e-06,60.0
flk_24_26,FLK_0024_3p_fm8p8hz_m055_cond24,flk_sim_24,24,ABC,C,test,Flicker,0,SCENARIO_CONTROLLER,8.8,0.055,0.0425,9.0,0.589034,0.859863,1.459785,0.0415,0.0,60.0,60.0757,15.97,0.823102,0.001052,0.000318,0.000194,0.000108,6e-05,6.4e-05,5.7e-05,7.5e-05,0.000239,6.7e-05,0.001278,0.000386,0.000236,0.000131,7.8e-05,9.1e-05,8.1e-05,1e-06,60.08,3.79,0.0227,6e-06,60.0
flk_24_27,FLK_0024_3p_fm8p8hz_m055_cond24,flk_sim_24,24,ABC,C,test,Flicker,0,SCENARIO_CONTROLLER,8.8,0.055,0.0426,9.0,0.588572,0.859863,1.460931,0.0993,0.0,60.0,59.9305,16.1,0.822303,0.00142,0.000662,0.000464,0.000416,0.000216,0.000236,0.000236,0.000234,0.000307,0.000102,0.001727,0.000805,0.000564,0.000506,0.000287,0.000285,0.000124,3e-06,60.09,4.34,0.0231,1.3e-05,60.0
flk_24_28,FLK_0024_3p_fm8p8hz_m055_cond24,flk_sim_24,24,ABC,B,test,Flicker,0,SCENARIO_CONTROLLER,8.8,0.055,0.0437,9.0,0.596281,0.873561,1.465016,0.0985,0.0,60.0,59.8896,16.36,0.833563,0.001549,0.00064,0.000517,0.000433,0.000261,0.000277,0.000248,0.000214,0.000184,0.000191,0.001858,0.000768,0.00062,0.000519,0.000332,0.000257,0.000229,4e-06,60.08,4.41,0.0223,1.4e-05,60.0
flk_24_29,FLK_0024_3p_fm8p8hz_m055_cond24,flk_sim_24,24,ABC,B,test,Flicker,0,SCENARIO_CONTROLLER,8.8,0.055,0.0436,9.0,0.596321,0.873561,1.464917,0.1203,0.0,60.0,59.8896,16.41,0.833549,0.001753,0.000906,0.000534,0.000364,0.00038,0.000227,0.000292,0.00026,0.000153,0.000145,0.002103,0.001087,0.000641,0.000437,0.000272,0.000312,0.000174,5e-06,60.09,5.25,0.0224,2.3e-05,60.0
flk_24_30,FLK_0024_3p_fm8p8hz_m055_cond24,flk_sim_24,24,ABC,C,test,Flicker,0,SCENARIO_CONTROLLER,8.8,0.055,0.0438,9.0,0.587245,0.859863,1.464233,0.1081,0.0,60.0,59.8049,15.86,0.819588,0.001845,0.000764,0.000417,0.000404,0.000256,0.000195,0.000198,0.000209,0.00038,0.000105,0.002251,0.000932,0.000509,0.000493,0.000238,0.000255,0.000128,5e-06,60.07,4.52,0.025,1.3e-05,60.0
flk_24_31,FLK_0024_3p_fm8p8hz_m055_cond24,flk_sim_24,24,ABC,B,test,Flicker,0,SCENARIO_CONTROLLER,8.8,0.055,0.0436,9.0,0.595273,0.873561,1.467497,0.0963,0.0,60.0,59.7742,16.07,0.831153,0.001998,0.000675,0.00033,0.000345,0.00021,0.000255,5.8e-05,0.000111,0.000151,8.7e-05,0.002404,0.000812,0.000397,0.000415,0.000307,0.000134,0.000105,5e-06,60.06,4.07,0.0245,1e-05,60.0
flk_24_32,FLK_0024_3p_fm8p8hz_m055_cond24,flk_sim_24,24,ABC,C,test,Flicker,0,SCENARIO_CONTROLLER,8.8,0.055,0.0433,9.0,0.58847,0.859863,1.461184,0.2969,0.0,60.0,59.7127,15.64,0.820303,0.003988,0.00206,0.00138,0.001042,0.000969,0.000776,0.000686,0.000712,0.000653,0.00054,0.004862,0.002511,0.001682,0.00127,0.000946,0.000868,0.000658,2.6e-05,60.18,10.09,0.0272,0.000124,60.0
flk_25_01,FLK_0025_1p_phA_fm10hz_m065_cond25,flk_sim_25,25,A,A,val,Flicker,0,SCENARIO_CONTROLLER,10.0,0.065,0.0565,10.0,0.600883,0.886655,1.475587,0.0271,0.0,60.0,60.0544,14.02,0.833058,0.000292,0.000148,0.000204,0.000103,5e-05,0.000135,0.000153,1.1e-05,3.6e-05,0.000106,0.000351,0.000178,0.000245,0.000124,0.000162,1.3e-05,0.000127,0.0,60.12,4.05,0.0307,5e-06,60.0
flk_25_02,FLK_0025_1p_phA_fm10hz_m065_cond25,flk_sim_25,25,A,A,val,Flicker,0,SCENARIO_CONTROLLER,10.0,0.065,0.0569,10.0,0.600646,0.886655,1.476168,0.0572,0.0,60.0,60.0544,14.02,0.832654,0.000417,0.000393,9.2e-05,0.000185,0.000179,0.000194,0.000149,9.9e-05,0.000114,0.000106,0.000501,0.000472,0.00011,0.000222,0.000233,0.000119,0.000127,0.0,60.13,4.27,0.0308,7e-06,60.0
flk_25_03,FLK_0025_1p_phA_fm10hz_m065_cond25,flk_sim_25,25,A,A,val,Flicker,0,SCENARIO_CONTROLLER,10.0,0.065,0.0577,10.0,0.600681,0.886655,1.476082,0.023,0.0,60.0,60.1124,14.19,0.832496,0.000433,0.000146,0.000304,0.000118,0.000168,3.8e-05,0.000164,8.4e-05,0.000131,8e-05,0.00052,0.000175,0.000365,0.000142,4.6e-05,0.000101,9.6e-05,0.0,60.13,4.17,0.0311,6e-06,60.0
flk_25_04,FLK_0025_1p_phA_fm10hz_m065_cond25,flk_sim_25,25,A,A,val,Flicker,0,SCENARIO_CONTROLLER,10.0,0.065,0.0581,10.0,0.60086,0.886655,1.475642,0.0289,0.0,60.0,60.1124,14.28,0.832707,0.000324,0.000167,6.9e-05,0.000117,7.1e-05,0.000128,0.000113,4.2e-05,8.3e-05,7.1e-05,0.000389,0.000201,8.3e-05,0.000141,0.000154,5e-05,8.5e-05,0.0,60.13,4.05,0.0311,5e-06,60.0
flk_25_05,FLK_0025_1p_phA_fm10hz_m065_cond25,flk_sim_25,25,A,A,val,Flicker,0,SCENARIO_CONTROLLER,10.0,0.065,0.0571,10.5,0.600613,0.886655,1.476251,0.0521,0.0,60.0,60.1124,14.29,0.832276,0.000612,0.000351,0.000316,0.000253,0.000164,2.8e-05,0.000184,0.000131,0.000147,8.8e-05,0.000735,0.000422,0.00038,0.000304,3.4e-05,0.000157,0.000106,1e-06,60.13,4.33,0.0313,8e-06,60.0
flk_25_06,FLK_0025_1p_phA_fm10hz_m065_cond25,flk_sim_25,25,A,A,val,Flicker,0,SCENARIO_CONTROLLER,10.0,0.065,0.0564,10.5,0.600711,0.886655,1.476009,0.0336,0.0,60.0,60.1617,14.54,0.832313,0.000426,0.00018,0.000191,0.000176,0.000141,0.000122,4e-05,1e-05,0.000119,6.8e-05,0.000512,0.000216,0.000229,0.000211,0.000147,1.2e-05,8.2e-05,0.0,60.13,4.2,0.0314,6e-06,60.0
flk_25_07,FLK_0025_1p_phA_fm10hz_m065_cond25,flk_sim_25,25,A,A,val,Flicker,0,SCENARIO_CONTROLLER,10.0,0.065,0.0564,10.5,0.600838,0.886655,1.475696,0.0268,0.0,60.0,60.1617,14.58,0.83249,0.000226,0.000197,0.000171,6.7e-05,2.4e-05,8.1e-05,7.5e-05,5.4e-05,7e-05,6.9e-05,0.000271,0.000237,0.000205,8e-05,9.7e-05,6.5e-05,8.3e-05,0.0,60.13,4.09,0.0314,5e-06,60.0
flk_25_08,FLK_0025_1p_phA_fm10hz_m065_cond25,flk_sim_25,25,A,A,val,Flicker,0,SCENARIO_CONTROLLER,10.0,0.065,0.0564,10.0,0.600597,0.886655,1.47629,0.0478,0.0,60.0,60.1617,14.57,0.832114,0.0004,0.000292,0.000225,0.000228,9.6e-05,0.000145,0.000184,9.1e-05,0.000152,0.000114,0.000481,0.000351,0.00027,0.000274,0.000174,0.000109,0.000137,0.0,60.13,4.25,0.0315,7e-06,60.0
flk_25_09,FLK_0025_1p_phA_fm10hz_m065_cond25,flk_sim_25,25,A,A,val,Flicker,0,SCENARIO_CONTROLLER,10.0,0.065,0.0564,10.0,0.600737,0.886655,1.475944,0.0421,0.0,60.0,60.1521,14.54,0.832339,0.000471,0.000231,9.5e-05,0.000194,5.4e-05,0.000179,7.5e-05,9.8e-05,8e-05,7.3e-05,0.000566,0.000278,0.000114,0.000233,0.000215,0.000118,8.8e-05,0.0,60.13,4.13,0.0314,6e-06,60.0
flk_25_10,FLK_0025_1p_phA_fm10hz_m065_cond25,flk_sim_25,25,A,A,val,Flicker,0,SCENARIO_CONTROLLER,10.0,0.065,0.0565,9.5,0.600808,0.886655,1.47577,0.0321,0.0,60.0,60.1521,14.54,0.832453,0.000437,0.000239,0.000148,7e-06,8e-05,0.000119,6.8e-05,7.4e-05,9.6e-05,5.6e-05,0.000525,0.000287,0.000178,8e-06,0.000143,8.9e-05,6.7e-05,0.0,60.13,4.03,0.0314,5e-06,60.0
flk_25_11,FLK_0025_1p_phA_fm10hz_m065_cond25,flk_sim_25,25,A,A,val,Flicker,0,SCENARIO_CONTROLLER,10.0,0.065,0.0565,9.5,0.600547,0.886655,1.476412,0.0428,0.0,60.0,60.1521,14.41,0.832143,0.000641,0.000243,0.000159,0.00015,0.00015,0.000213,0.000124,5.2e-05,0.000111,8.4e-05,0.00077,0.000292,0.000191,0.00018,0.000256,6.2e-05,0.000101,1e-06,60.13,4.25,0.0313,8e-06,60.0
flk_25_12,FLK_0025_1p_phA_fm10hz_m065_cond25,flk_sim_25,25,A,A,val,Flicker,0,SCENARIO_CONTROLLER,10.0,0.065,0.0566,9.5,0.600738,0.886655,1.475942,0.0396,0.0,60.0,60.1066,14.25,0.832534,0.000261,0.000256,0.000251,0.000165,9.7e-05,0.000126,0.000126,9.7e-05,1.8e-05,8.1e-05,0.000314,0.000307,0.000301,0.000198,0.000151,0.000117,9.7e-05,0.0,60.13,4.05,0.0312,6e-06,60.0
flk_25_13,FLK_0025_1p_phA_fm10hz_m065_cond25,flk_sim_25,25,A,A,val,Flicker,0,SCENARIO_CONTROLLER,10.0,0.065,0.0568,9.5,0.60076,0.886655,1.475889,0.039,0.0,60.0,60.1066,14.22,0.832584,0.000192,0.000269,9.5e-05,8.8e-05,0.000141,0.000158,0.000121,5.4e-05,9.4e-05,5.9e-05,0.000231,0.000323,0.000114,0.000106,0.00019,6.5e-05,7.1e-05,0.0,60.12,4.14,0.0311,6e-06,60.0
flk_25_14,FLK_0025_1p_phA_fm10hz_m065_cond25,flk_sim_25,25,A,A,val,Flicker,0,SCENARIO_CONTROLLER,10.0,0.065,0.0566,9.5,0.600519,0.886655,1.476482,0.0338,0.0,60.0,60.0481,14.01,0.832409,0.000544,0.000215,0.000335,8.1e-05,0.00023,0.000162,5e-05,0.000138,7.4e-05,7.2e-05,0.000654,0.000258,0.000402,9.7e-05,0.000195,0.000166,8.6e-05,1e-06,60.13,4.33,0.0309,8e-06,60.0
flk_25_15,FLK_0025_1p_phA_fm10hz_m065_cond25,flk_sim_25,25,A,A,val,Flicker,0,SCENARIO_CONTROLLER,10.0,0.065,0.0568,9.5,0.600764,0.886655,1.475878,0.0346,0.0,60.0,60.0481,14.01,0.832898,0.000514,0.000266,8.5e-05,9.3e-05,0.000148,5.9e-05,9e-05,1.9e-05,3.8e-05,4e-05,0.000617,0.000319,0.000102,0.000112,7.1e-05,2.3e-05,4.8e-05,0.0,60.12,4.08,0.0307,5e-06,60.0
flk_25_16,FLK_0025_1p_phA_fm10hz_m065_cond25,flk_sim_25,25,A,A,val,Flicker,0,SCENARIO_CONTROLLER,10.0,0.065,0.0567,9.5,0.600687,0.886655,1.476067,0.0448,0.0,60.0,60.0481,13.98,0.832822,0.00059,0.000285,0.000222,0.000202,0.000105,0.000131,0.000144,5.8e-05,8.7e-05,0.00011,0.000708,0.000342,0.000267,0.000243,0.000157,7e-05,0.000132,1e-06,60.12,4.21,0.0306,6e-06,60.0
flk_25_17,FLK_0025_1p_phA_fm10hz_m065_cond25,flk_sim_25,25,A,A,val,Flicker,0,SCENARIO_CONTROLLER,10.0,0.065,0.0574,10.0,0.600518,0.886655,1.476483,0.039,0.0,60.0,59.9924,13.99,0.832817,0.000544,0.000276,0.000191,0.000164,0.000167,4.6e-05,6.8e-05,0.000106,7.1e-05,0.00015,0.000653,0.000331,0.000229,0.000197,5.5e-05,0.000127,0.00018,1e-06,60.12,4.25,0.0303,8e-06,60.0
flk_25_18,FLK_0025_1p_phA_fm10hz_m065_cond25,flk_sim_25,25,A,A,val,Flicker,0,SCENARIO_CONTROLLER,10.0,0.065,0.058,10.0,0.600811,0.886655,1.475763,0.0316,0.0,60.0,59.9924,14.02,0.833323,0.000159,0.000235,0.000114,9.3e-05,0.000108,7.6e-05,7.2e-05,3.4e-05,4e-05,8.4e-05,0.000191,0.000282,0.000137,0.000112,9.1e-05,4.1e-05,0.000101,0.0,60.12,4.08,0.0302,5e-06,60.0
flk_25_19,FLK_0025_1p_phA_fm10hz_m065_cond25,flk_sim_25,25,A,A,val,Flicker,0,SCENARIO_CONTROLLER,10.0,0.065,0.0567,10.0,0.600593,0.887582,1.477843,0.048,0.0,60.0,59.9924,14.05,0.83309,0.000413,0.000281,0.000144,0.000283,7.4e-05,2.9e-05,0.000141,0.000108,8.7e-05,5.7e-05,0.000496,0.000337,0.000173,0.00034,3.5e-05,0.00013,6.8e-05,0.0,60.12,4.37,0.0301,8e-06,60.0
flk_25_20,FLK_0025_1p_phA_fm10hz_m065_cond25,flk_sim_25,25,A,A,val,Flicker,0,SCENARIO_CONTROLLER,10.0,0.065,0.0567,10.5,0.600584,0.887582,1.477865,0.0531,0.0,60.0,59.9488,14.24,0.833279,0.000654,0.000329,0.000217,0.000254,4.8e-05,0.000151,0.00014,6.9e-05,2.3e-05,3e-05,0.000785,0.000395,0.00026,0.000305,0.000181,8.3e-05,3.6e-05,1e-06,60.12,4.34,0.0298,8e-06,60.0
flk_25_21,FLK_0025_1p_phA_fm10hz_m065_cond25,flk_sim_25,25,A,A,val,Flicker,0,SCENARIO_CONTROLLER,10.0,0.065,0.0582,10.5,0.600797,0.887582,1.477342,0.0334,0.0,60.0,59.9488,14.25,0.833609,0.000488,0.000239,8e-05,9.1e-05,0.000104,0.000111,6e-05,6.2e-05,0.000103,0.000118,0.000585,0.000287,9.6e-05,0.000109,0.000133,7.4e-05,0.000142,0.0,60.12,4.09,0.0297,6e-06,60.0
flk_25_22,FLK_0025_1p_phA_fm10hz_m065_cond25,flk_sim_25,25,A,A,val,Flicker,0,SCENARIO_CONTROLLER,10.0,0.065,0.0573,10.5,0.600512,0.887582,1.478042,0.0497,0.0,60.0,59.9488,14.34,0.833294,0.000695,0.000237,0.000268,0.000259,0.000221,0.000218,6.6e-05,6.9e-05,6.8e-05,0.000187,0.000834,0.000284,0.000322,0.000311,0.000262,8.3e-05,0.000224,1e-06,60.12,4.39,0.0296,8e-06,60.0
flk_25_23,FLK_0025_1p_phA_fm10hz_m065_cond25,flk_sim_25,25,A,A,val,Flicker,0,SCENARIO_CONTROLLER,10.0,0.065,0.0566,10.5,0.600695,0.887582,1.477593,0.0512,0.0,60.0,59.9224,14.48,0.833633,0.000337,0.000317,0.00022,0.000241,0.000146,0.000155,9.1e-05,0.0001,3.2e-05,0.000161,0.000404,0.00038,0.000264,0.000289,0.000186,0.00012,0.000193,0.0,60.12,4.25,0.0295,6e-06,60.0
flk_25_24,FLK_0025_1p_phA_fm10hz_m065_cond25,flk_sim_25,25,A,A,val,Flicker,0,SCENARIO_CONTROLLER,10.0,0.065,0.0566,10.5,0.600716,0.887582,1.477541,0.0422,0.0,60.0,59.9224,14.49,0.833669,0.000274,0.000308,0.000164,6.4e-05,0.000169,0.000158,8.2e-05,9.2e-05,0.000101,6.7e-05,0.000329,0.000369,0.000197,7.7e-05,0.00019,0.00011,8e-05,0.0,60.12,4.24,0.0295,6e-06,60.0
flk_25_25,FLK_0025_1p_phA_fm10hz_m065_cond25,flk_sim_25,25,A,A,val,Flicker,0,SCENARIO_CONTROLLER,10.0,0.065,0.0568,10.5,0.600511,0.887582,1.478045,0.0335,0.0,60.0,59.9218,14.52,0.833392,0.000548,0.000189,0.000268,7.1e-05,0.000246,0.000193,0.000129,8.4e-05,2.4e-05,2.5e-05,0.000658,0.000227,0.000322,8.5e-05,0.000232,0.000101,3e-05,1e-06,60.12,4.43,0.0295,8e-06,60.0
flk_25_26,FLK_0025_1p_phA_fm10hz_m065_cond25,flk_sim_25,25,A,A,val,Flicker,0,SCENARIO_CONTROLLER,10.0,0.065,0.0572,10.5,0.600794,0.887582,1.477348,0.0377,0.0,60.0,59.9218,14.47,0.833769,0.000437,0.000268,4.3e-05,0.00014,0.000149,8.5e-05,7e-06,4.6e-05,7.3e-05,8.1e-05,0.000524,0.000321,5.2e-05,0.000168,0.000102,5.5e-05,9.7e-05,0.0,60.12,4.18,0.0295,5e-06,60.0
flk_25_27,FLK_0025_1p_phA_fm10hz_m065_cond25,flk_sim_25,25,A,A,val,Flicker,0,SCENARIO_CONTROLLER,10.0,0.065,0.057,10.5,0.600618,0.887582,1.477782,0.0548,0.0,60.0,59.9218,14.47,0.833507,0.000649,0.000386,0.000206,0.000188,5.5e-05,0.000154,5.3e-05,5.1e-05,6.6e-05,0.000156,0.000779,0.000463,0.000247,0.000226,0.000185,6.1e-05,0.000187,1e-06,60.13,4.31,0.0295,7e-06,60.0
flk_25_28,FLK_0025_1p_phA_fm10hz_m065_cond25,flk_sim_25,25,A,A,val,Flicker,0,SCENARIO_CONTROLLER,10.0,0.065,0.0566,10.0,0.600602,0.887582,1.47782,0.028,0.0,60.0,59.9483,14.3,0.83337,0.000559,0.0002,0.00016,0.000106,8.5e-05,5.4e-05,0.000128,0.000108,1.9e-05,0.000162,0.000671,0.00024,0.000192,0.000127,6.5e-05,0.00013,0.000194,0.0,60.13,4.42,0.0297,8e-06,60.0
flk_25_29,FLK_0025_1p_phA_fm10hz_m065_cond25,flk_sim_25,25,A,A,val,Flicker,0,SCENARIO_CONTROLLER,10.0,0.065,0.0565,10.0,0.600808,0.887582,1.477315,0.0392,0.0,60.0,59.9483,14.24,0.833612,0.000273,0.000273,0.000113,0.000148,0.000122,0.0001,4.6e-05,2.9e-05,7.8e-05,9e-05,0.000327,0.000327,0.000136,0.000178,0.00012,3.5e-05,0.000108,0.0,60.12,4.21,0.0297,6e-06,60.0
flk_25_30,FLK_0025_1p_phA_fm10hz_m065_cond25,flk_sim_25,25,A,A,val,Flicker,0,SCENARIO_CONTROLLER,10.0,0.065,0.0567,10.0,0.600527,0.887582,1.478006,0.0558,0.0,60.0,59.9483,14.2,0.833133,0.000454,0.000352,0.000176,0.0003,0.000179,4.8e-05,9.9e-05,0.000101,1.6e-05,7.1e-05,0.000545,0.000423,0.000211,0.00036,5.8e-05,0.000121,8.5e-05,1e-06,60.13,4.43,0.0299,8e-06,60.0
flk_25_31,FLK_0025_1p_phA_fm10hz_m065_cond25,flk_sim_25,25,A,A,val,Flicker,0,SCENARIO_CONTROLLER,10.0,0.065,0.0571,10.0,0.600694,0.887582,1.477595,0.0386,0.0,60.0,59.9933,14.03,0.833171,0.000458,0.000251,0.000182,0.00018,0.000124,9e-05,7.4e-05,5.9e-05,8.5e-05,0.0001,0.00055,0.000301,0.000218,0.000216,0.000108,7.1e-05,0.00012,0.0,60.13,4.37,0.0301,7e-06,60.0
flk_25_32,FLK_0025_1p_phA_fm10hz_m065_cond25,flk_sim_25,25,A,A,val,Flicker,0,SCENARIO_CONTROLLER,10.0,0.065,0.0571,10.0,0.60073,0.887582,1.477507,0.0451,0.0,60.0,59.9933,14.02,0.833193,0.000468,0.000341,6.6e-05,0.000147,0.0002,5.4e-05,4.9e-05,3.8e-05,7.6e-05,0.000154,0.000562,0.000409,7.9e-05,0.000176,6.5e-05,4.6e-05,0.000185,0.0,60.12,4.27,0.0302,6e-06,60.0
flk_26_01,FLK_0026_1p_phB_fm8p8hz_m06_cond26,flk_sim_26,26,B,B,train,Flicker,0,SCENARIO_CONTROLLER,8.8,0.06,0.0527,9.0,0.600801,0.885274,1.47349,0.1791,0.0,60.0,59.8348,15.08,0.836792,0.002211,0.001206,0.000693,0.000714,0.000543,0.00053,0.000355,0.000284,0.000188,0.0004,0.002642,0.001441,0.000828,0.000853,0.000633,0.000339,0.000478,8e-06,60.12,6.02,0.0279,3.1e-05,60.0
flk_26_02,FLK_0026_1p_phB_fm8p8hz_m06_cond26,flk_sim_26,26,B,B,train,Flicker,0,SCENARIO_CONTROLLER,8.8,0.06,0.0499,9.0,0.601139,0.885274,1.472662,0.0647,0.0,60.0,59.9868,15.28,0.837757,0.001296,0.00041,0.000398,0.000272,0.000267,0.000228,0.000209,0.000169,0.000192,0.000256,0.001547,0.000489,0.000475,0.000325,0.000272,0.000202,0.000306,2e-06,60.1,4.36,0.0268,1.2e-05,60.0
flk_26_03,FLK_0026_1p_phB_fm8p8hz_m06_cond26,flk_sim_26,26,B,B,train,Flicker,0,SCENARIO_CONTROLLER,8.8,0.06,0.0501,9.0,0.601328,0.885274,1.472198,0.0828,0.0,60.0,59.9868,15.27,0.83805,0.00123,0.000515,0.000289,0.000352,0.000235,0.000304,0.000211,0.000158,3.5e-05,3.2e-05,0.001468,0.000615,0.000345,0.00042,0.000363,0.000189,3.8e-05,2e-06,60.09,4.2,0.0267,1e-05,60.0
flk_26_04,FLK_0026_1p_phB_fm8p8hz_m06_cond26,flk_sim_26,26,B,B,train,Flicker,0,SCENARIO_CONTROLLER,8.8,0.06,0.0513,9.0,0.601833,0.885274,1.470963,0.0709,0.0,60.0,59.9868,15.29,0.838818,0.001046,0.000528,0.000239,0.000177,3.1e-05,0.000208,0.00012,4.2e-05,0.000124,0.000147,0.001247,0.000629,0.000285,0.000211,0.000248,5e-05,0.000175,2e-06,60.09,3.8,0.0266,7e-06,60.0
flk_26_05,FLK_0026_1p_phB_fm8p8hz_m06_cond26,flk_sim_26,26,B,B,train,Flicker,0,SCENARIO_CONTROLLER,8.8,0.06,0.049,9.0,0.602133,0.885274,1.470231,0.1369,0.0,60.0,60.1452,15.11,0.838907,0.002011,0.000957,0.000616,0.000389,0.00038,0.000503,0.00022,0.000294,0.000196,0.000342,0.002397,0.001141,0.000734,0.000464,0.0006,0.00035,0.000408,6e-06,60.11,5.67,0.0274,2.8e-05,60.0
flk_26_06,FLK_0026_1p_phB_fm8p8hz_m06_cond26,flk_sim_26,26,B,B,train,Flicker,0,SCENARIO_CONTROLLER,8.8,0.06,0.0488,9.0,0.603408,0.885274,1.467124,0.0675,0.0,60.0,60.1452,15.18,0.840549,0.001594,0.000454,0.00035,0.000265,0.000114,0.000213,0.000162,8.9e-05,0.000111,0.00014,0.001896,0.00054,0.000416,0.000315,0.000253,0.000106,0.000167,3e-06,60.08,3.96,0.0277,9e-06,60.0
flk_26_07,FLK_0026_1p_phB_fm8p8hz_m06_cond26,flk_sim_26,26,B,B,train,Flicker,0,SCENARIO_CONTROLLER,8.8,0.06,0.049,9.0,0.602708,0.885274,1.468827,0.2411,0.0,60.0,60.1452,15.15,0.839239,0.002943,0.001697,0.001032,0.000862,0.0007,0.000689,0.000578,0.000407,0.000422,0.000299,0.003507,0.002022,0.00123,0.001027,0.000821,0.000485,0.000356,1.5e-05,60.15,7.69,0.0284,6.4e-05,60.0
flk_26_08,FLK_0026_1p_phB_fm8p8hz_m06_cond26,flk_sim_26,26,B,B,train,Flicker,0,SCENARIO_CONTROLLER,8.8,0.06,0.0505,8.5,0.603865,0.885274,1.466013,0.2274,0.0,60.0,60.2815,14.74,0.840138,0.003252,0.001606,0.001251,0.00086,0.000756,0.000573,0.000561,0.000526,0.000318,0.000345,0.003871,0.001912,0.001489,0.001024,0.000682,0.000626,0.000411,1.7e-05,60.15,8.37,0.0299,8.2e-05,60.0
flk_26_09,FLK_0026_1p_phB_fm8p8hz_m06_cond26,flk_sim_26,26,B,B,train,Flicker,0,SCENARIO_CONTROLLER,8.8,0.06,0.0512,8.5,0.604923,0.885274,1.46345,0.1311,0.0,60.0,60.2815,14.81,0.841563,0.00244,0.000913,0.000579,0.000504,0.000395,0.00036,0.000257,0.000193,0.000285,0.000232,0.002899,0.001085,0.000688,0.000599,0.000428,0.000229,0.000276,8e-06,60.08,5.07,0.03,2e-05,60.0
flk_26_10,FLK_0026_1p_phB_fm8p8hz_m06_cond26,flk_sim_26,26,B,B,train,Flicker,0,SCENARIO_CONTROLLER,8.8,0.06,0.0491,8.0,0.603244,0.885274,1.467524,0.3883,0.0,60.0,60.2571,14.84,0.838623,0.00476,0.002738,0.001915,0.001526,0.001199,0.000884,0.000813,0.000839,0.000644,0.000688,0.005676,0.003265,0.002284,0.00182,0.001054,0.001,0.00082,4.1e-05,60.27,12.46,0.0312,0.000188,60.0
flk_26_11,FLK_0026_1p_phB_fm8p8hz_m06_cond26,flk_sim_26,26,B,B,train,Flicker,0,SCENARIO_CONTROLLER,8.8,0.06,0.0517,8.0,0.605167,0.885274,1.46286,0.2146,0.0,60.0,60.3507,14.49,0.841043,0.00347,0.001497,0.001056,0.000891,0.000688,0.000472,0.000607,0.000344,0.000283,0.000387,0.004126,0.00178,0.001256,0.001059,0.000561,0.000409,0.00046,1.8e-05,60.11,7.35,0.0316,6e-05,60.0
flk_26_12,FLK_0026_1p_phB_fm8p8hz_m06_cond26,flk_sim_26,26,B,B,train,Flicker,0,SCENARIO_CONTROLLER,8.8,0.06,0.0512,8.5,0.604914,0.885274,1.46347,0.2463,0.0,60.0,60.3507,14.49,0.84064,0.003766,0.001784,0.001345,0.000907,0.00077,0.000528,0.000703,0.000472,0.00051,0.000396,0.00448,0.002122,0.0016,0.001079,0.000628,0.000561,0.000471,2.2e-05,60.14,8.61,0.0318,8.7e-05,60.0
flk_26_13,FLK_0026_1p_phB_fm8p8hz_m06_cond26,flk_sim_26,26,B,B,train,Flicker,0,SCENARIO_CONTROLLER,8.8,0.06,0.0508,8.5,0.603055,0.885274,1.467982,0.4145,0.0,60.0,60.2846,14.73,0.837907,0.005058,0.002885,0.001952,0.001606,0.001312,0.001077,0.000844,0.000848,0.000641,0.000681,0.006036,0.003443,0.00233,0.001917,0.001285,0.001012,0.000813,4.5e-05,60.3,13.16,0.0321,0.000218,60.0
flk_26_14,FLK_0026_1p_phB_fm8p8hz_m06_cond26,flk_sim_26,26,B,B,train,Flicker,0,SCENARIO_CONTROLLER,8.8,0.06,0.0586,8.5,0.604955,0.885274,1.463371,0.1352,0.0,60.0,60.3389,14.56,0.840871,0.002699,0.000967,0.000604,0.000492,0.000344,0.000337,0.000261,0.000259,0.000176,0.000193,0.00321,0.00115,0.000718,0.000585,0.000401,0.000308,0.00023,9e-06,60.06,4.81,0.0313,1.7e-05,60.0
flk_26_15,FLK_0026_1p_phB_fm8p8hz_m06_cond26,flk_sim_26,26,B,B,train,Flicker,0,SCENARIO_CONTROLLER,8.8,0.06,0.0521,8.5,0.603291,0.885274,1.46741,0.3124,0.0,60.0,60.3389,14.49,0.83853,0.004179,0.002207,0.001513,0.001142,0.000952,0.000829,0.000769,0.000786,0.000538,0.000522,0.004984,0.002632,0.001804,0.001362,0.000989,0.000937,0.000623,2.9e-05,60.2,10.42,0.0315,0.000134,60.0
flk_26_16,FLK_0026_1p_phB_fm8p8hz_m06_cond26,flk_sim_26,26,B,B,train,Flicker,0,SCENARIO_CONTROLLER,8.8,0.06,0.0565,8.5,0.60202,0.885274,1.470506,0.3051,0.0,60.0,60.2389,14.88,0.83737,0.003914,0.002109,0.001387,0.001136,0.00091,0.000889,0.000757,0.000516,0.000475,0.0005,0.004674,0.002519,0.001656,0.001357,0.001062,0.000616,0.000597,2.6e-05,60.2,10.03,0.0304,0.000123,60.0
flk_26_17,FLK_0026_1p_phB_fm8p8hz_m06_cond26,flk_sim_26,26,B,B,train,Flicker,0,SCENARIO_CONTROLLER,8.8,0.06,0.0646,9.0,0.603058,0.885274,1.467975,0.0972,0.0,60.0,60.2389,14.92,0.839157,0.002186,0.000709,0.000482,0.000325,0.000215,0.000239,0.000201,0.000225,0.000167,0.000111,0.002605,0.000845,0.000574,0.000387,0.000285,0.000268,0.000132,6e-06,60.07,4.18,0.0296,1.1e-05,60.0
flk_26_18,FLK_0026_1p_phB_fm8p8hz_m06_cond26,flk_sim_26,26,B,B,train,Flicker,0,SCENARIO_CONTROLLER,8.8,0.06,0.0487,9.0,0.600942,0.885274,1.473143,0.2557,0.0,60.0,60.2389,14.82,0.836421,0.003262,0.00178,0.001163,0.000913,0.000788,0.000759,0.000467,0.000443,0.000424,0.000483,0.0039,0.002128,0.00139,0.001092,0.000907,0.00053,0.000577,1.8e-05,60.16,8.45,0.0292,8.2e-05,60.0
flk_26_19,FLK_0026_1p_phB_fm8p8hz_m06_cond26,flk_sim_26,26,B,B,train,Flicker,0,SCENARIO_CONTROLLER,8.8,0.06,0.0603,9.0,0.600511,0.885274,1.474202,0.1191,0.0,60.0,60.0966,15.2,0.836511,0.001814,0.000857,0.000663,0.000387,0.000351,0.000328,0.000386,0.00034,0.000166,0.000285,0.002169,0.001024,0.000793,0.000463,0.000392,0.000406,0.000341,5e-06,60.1,5.19,0.0277,2.2e-05,60.0
flk_26_20,FLK_0026_1p_phB_fm8p8hz_m06_cond26,flk_sim_26,26,B,B,train,Flicker,0,SCENARIO_CONTROLLER,8.8,0.06,0.0548,9.0,0.600346,0.885274,1.474607,0.1004,0.0,60.0,60.0966,15.19,0.836345,0.001632,0.000634,0.000451,0.000426,0.000341,0.000349,0.000349,0.000299,0.000191,0.000121,0.001951,0.000758,0.000539,0.000509,0.000417,0.000358,0.000145,4e-06,60.1,4.72,0.0275,1.7e-05,60.0
flk_26_21,FLK_0026_1p_phB_fm8p8hz_m06_cond26,flk_sim_26,26,B,B,train,Flicker,0,SCENARIO_CONTROLLER,8.8,0.06,0.049,9.0,0.599187,0.882676,1.473123,0.0876,0.0,60.0,60.0966,15.14,0.834963,0.001285,0.000633,0.000439,0.00029,0.00028,0.000223,0.000122,0.000139,9.2e-05,8.7e-05,0.001539,0.000758,0.000526,0.000347,0.000267,0.000166,0.000104,3e-06,60.1,4.3,0.0269,1.1e-05,60.0
flk_26_22,FLK_0026_1p_phB_fm8p8hz_m06_cond26,flk_sim_26,26,B,B,train,Flicker,0,SCENARIO_CONTROLLER,8.8,0.06,0.0491,9.0,0.599009,0.882676,1.47356,0.0898,0.0,60.0,59.9386,15.22,0.834719,0.00126,0.000642,0.000347,0.000264,0.00016,0.000282,0.000133,0.00022,0.000165,0.000177,0.001509,0.000769,0.000416,0.000316,0.000338,0.000264,0.000212,2e-06,60.1,4.14,0.0269,1e-05,60.0
flk_26_23,FLK_0026_1p_phB_fm8p8hz_m06_cond26,flk_sim_26,26,B,B,train,Flicker,0,SCENARIO_CONTROLLER,8.8,0.06,0.0499,9.0,0.598291,0.882676,1.475329,0.0515,0.0,60.0,59.9386,15.21,0.833655,0.001179,0.000335,0.000224,0.000207,3.5e-05,0.000173,0.000111,0.000122,3.7e-05,0.000128,0.001414,0.000402,0.000269,0.000248,0.000208,0.000146,0.000154,2e-06,60.09,3.74,0.0271,6e-06,60.0
flk_26_24,FLK_0026_1p_phB_fm8p8hz_m06_cond26,flk_sim_26,26,B,B,train,Flicker,0,SCENARIO_CONTROLLER,8.8,0.06,0.0489,9.0,0.598845,0.882676,1.473963,0.1587,0.0,60.0,59.9386,15.22,0.834132,0.002284,0.001055,0.000838,0.000561,0.000543,0.000571,0.000387,0.000237,0.000354,0.000201,0.002738,0.001265,0.001005,0.000673,0.000685,0.000284,0.000241,8e-06,60.12,6.37,0.0278,3.9e-05,60.0
flk_26_25,FLK_0026_1p_phB_fm8p8hz_m06_cond26,flk_sim_26,26,B,B,train,Flicker,0,SCENARIO_CONTROLLER,8.8,0.06,0.0489,9.0,0.597929,0.882676,1.476221,0.1575,0.0,60.0,59.7989,14.97,0.832284,0.002346,0.001176,0.000719,0.000451,0.000457,0.000366,0.000422,0.000349,0.000268,0.000114,0.002819,0.001413,0.000864,0.000542,0.00044,0.000419,0.000137,8e-06,60.1,5.61,0.029,2.8e-05,60.0
flk_26_26,FLK_0026_1p_phB_fm8p8hz_m06_cond26,flk_sim_26,26,B,B,train,Flicker,0,SCENARIO_CONTROLLER,8.8,0.06,0.0489,9.0,0.597955,0.882676,1.476157,0.1812,0.0,60.0,59.7989,15.0,0.832221,0.002523,0.001199,0.000864,0.000718,0.000548,0.000567,0.000485,0.000276,0.000317,0.000389,0.003032,0.001441,0.001038,0.000863,0.000681,0.000332,0.000467,1e-05,60.11,6.21,0.0292,3.9e-05,60.0
flk_26_27,FLK_0026_1p_phB_fm8p8hz_m06_cond26,flk_sim_26,26,B,B,train,Flicker,0,SCENARIO_CONTROLLER,8.8,0.06,0.0493,9.0,0.599402,0.882676,1.472594,0.329,0.0,60.0,59.6992,14.73,0.83344,0.004182,0.00229,0.001601,0.001263,0.00107,0.000824,0.000651,0.000838,0.000672,0.000693,0.005018,0.002748,0.001921,0.001515,0.000989,0.001005,0.000831,3.1e-05,60.23,11.12,0.0309,0.000152,60.0
flk_26_28,FLK_0026_1p_phB_fm8p8hz_m06_cond26,flk_sim_26,26,B,B,train,Flicker,0,SCENARIO_CONTROLLER,8.8,0.06,0.0518,9.0,0.597488,0.882676,1.477312,0.1395,0.0,60.0,59.7013,14.66,0.830306,0.002622,0.001103,0.000605,0.000328,0.000354,0.000133,0.000359,3.1e-05,0.000155,0.000257,0.003158,0.001328,0.000729,0.000395,0.00016,3.7e-05,0.00031,9e-06,60.07,4.82,0.0317,1.7e-05,60.0
flk_26_29,FLK_0026_1p_phB_fm8p8hz_m06_cond26,flk_sim_26,26,B,B,train,Flicker,0,SCENARIO_CONTROLLER,8.8,0.06,0.0504,9.0,0.599161,0.882676,1.473187,0.3385,0.0,60.0,59.7013,14.76,0.832477,0.004405,0.002303,0.001653,0.001393,0.001009,0.000837,0.000944,0.000661,0.000673,0.000467,0.005291,0.002766,0.001986,0.001673,0.001005,0.000794,0.000561,3.3e-05,60.22,11.2,0.0321,0.000157,60.0
flk_26_30,FLK_0026_1p_phB_fm8p8hz_m06_cond26,flk_sim_26,26,B,B,train,Flicker,0,SCENARIO_CONTROLLER,8.8,0.06,0.0526,9.0,0.599773,0.882676,1.471684,0.3872,0.0,60.0,59.6588,14.61,0.832818,0.004982,0.002697,0.00181,0.001521,0.001123,0.000899,0.00075,0.000768,0.000752,0.000551,0.005982,0.003238,0.002173,0.001826,0.001079,0.000922,0.000662,4.2e-05,60.26,12.3,0.0331,0.000192,60.0
flk_26_31,FLK_0026_1p_phB_fm8p8hz_m06_cond26,flk_sim_26,26,B,B,train,Flicker,0,SCENARIO_CONTROLLER,8.8,0.06,0.0606,9.5,0.59785,0.882676,1.476418,0.1375,0.0,60.0,59.6588,14.5,0.830043,0.002975,0.001101,0.000594,0.000283,0.00026,0.000101,4.8e-05,3.8e-05,0.000131,0.000216,0.003584,0.001326,0.000716,0.000341,0.000122,4.6e-05,0.00026,1.1e-05,60.05,4.62,0.033,1.3e-05,60.0
flk_26_32,FLK_0026_1p_phB_fm8p8hz_m06_cond26,flk_sim_26,26,B,B,train,Flicker,0,SCENARIO_CONTROLLER,8.8,0.06,0.0511,9.0,0.600574,0.882676,1.469719,0.4164,0.0,60.0,59.6588,14.63,0.833887,0.005375,0.002887,0.002069,0.001602,0.001326,0.001076,0.001064,0.000994,0.000849,0.000832,0.006446,0.003462,0.002481,0.001921,0.00129,0.001192,0.000998,5.1e-05,60.31,13.7,0.0331,0.000238,60.0
flk_27_01,FLK_0027_1p_phC_fm7p5hz_m065_cond27,flk_sim_27,27,C,C,train,Flicker,0,SCENARIO_CONTROLLER,7.5,0.065,0.0536,7.0,0.592479,0.874089,1.475307,0.6619,0.0,60.0,59.5522,12.02,0.820637,0.008308,0.004411,0.003267,0.002581,0.002098,0.001839,0.00149,0.001407,0.001254,0.001121,0.010124,0.005375,0.003981,0.003145,0.002241,0.001715,0.001366,0.000121,60.63,21.46,0.0418,0.000603,60.0
flk_27_02,FLK_0027_1p_phC_fm7p5hz_m065_cond27,flk_sim_27,27,C,C,train,Flicker,0,SCENARIO_CONTROLLER,7.5,0.065,0.073,7.5,0.588977,0.874089,1.48408,0.2521,0.0,60.0,59.5594,11.91,0.815677,0.004455,0.001871,0.000943,0.000704,0.00055,0.000485,0.000361,0.000282,0.000336,0.000211,0.005462,0.002294,0.001156,0.000863,0.000595,0.000346,0.000259,2.6e-05,60.02,6.29,0.0412,3.3e-05,60.0
flk_27_03,FLK_0027_1p_phC_fm7p5hz_m065_cond27,flk_sim_27,27,C,C,train,Flicker,0,SCENARIO_CONTROLLER,7.5,0.065,0.0559,7.5,0.591813,0.875678,1.479653,0.5612,0.0,60.0,59.5594,12.0,0.819775,0.007042,0.003843,0.002673,0.002021,0.001782,0.001521,0.001292,0.001189,0.000959,0.00092,0.00859,0.004688,0.003261,0.002465,0.001855,0.00145,0.001122,8.6e-05,60.41,17.46,0.0415,0.000406,60.0
flk_27_04,FLK_0027_1p_phC_fm7p5hz_m065_cond27,flk_sim_27,27,C,C,train,Flicker,0,SCENARIO_CONTROLLER,7.5,0.065,0.0648,7.5,0.59295,0.875678,1.476817,0.5272,0.0,60.0,59.6325,12.58,0.821676,0.006689,0.003569,0.002506,0.002001,0.001732,0.001423,0.001196,0.001007,0.001051,0.000895,0.008141,0.004344,0.00305,0.002435,0.001732,0.001226,0.001089,7.7e-05,60.41,17.07,0.0403,0.000383,60.0
flk_27_05,FLK_0027_1p_phC_fm7p5hz_m065_cond27,flk_sim_27,27,C,C,train,Flicker,0,SCENARIO_CONTROLLER,7.5,0.065,0.0775,8.0,0.590599,0.875678,1.482694,0.2008,0.0,60.0,59.6325,12.45,0.818419,0.003703,0.001512,0.000812,0.000539,0.000364,0.000354,0.000207,0.000262,0.000102,0.000165,0.004525,0.001847,0.000992,0.000659,0.000433,0.00032,0.000202,1.7e-05,60.03,5.14,0.0396,1.8e-05,60.0
flk_27_06,FLK_0027_1p_phC_fm7p5hz_m065_cond27,flk_sim_27,27,C,C,train,Flicker,0,SCENARIO_CONTROLLER,7.5,0.065,0.0572,8.0,0.594053,0.875678,1.474074,0.4866,0.0,60.0,59.6325,12.58,0.823521,0.00618,0.003349,0.002329,0.001775,0.001455,0.0013,0.001125,0.000941,0.000911,0.000841,0.007504,0.004067,0.002828,0.002155,0.001579,0.001143,0.001021,6.5e-05,60.37,15.93,0.0391,0.000328,60.0
flk_27_07,FLK_0027_1p_phC_fm7p5hz_m065_cond27,flk_sim_27,27,C,C,train,Flicker,0,SCENARIO_CONTROLLER,7.5,0.065,0.0756,8.0,0.593677,0.875678,1.475008,0.2869,0.0,60.0,59.7636,13.4,0.823348,0.004057,0.002009,0.001466,0.001041,0.000846,0.000679,0.000682,0.00069,0.000584,0.000474,0.004927,0.00244,0.001781,0.001264,0.000825,0.000838,0.000576,2.6e-05,60.16,9.62,0.0373,0.000112,60.0
flk_27_08,FLK_0027_1p_phC_fm7p5hz_m065_cond27,flk_sim_27,27,C,C,train,Flicker,0,SCENARIO_CONTROLLER,7.5,0.065,0.0698,8.0,0.593289,0.875678,1.475972,0.2153,0.0,60.0,59.7636,13.34,0.822845,0.00321,0.001548,0.000908,0.000739,0.000511,0.000444,0.00042,0.00042,0.000255,0.000289,0.003901,0.001881,0.001103,0.000898,0.00054,0.00051,0.000351,1.5e-05,60.09,6.83,0.0369,4.7e-05,60.0
flk_27_09,FLK_0027_1p_phC_fm7p5hz_m065_cond27,flk_sim_27,27,C,C,train,Flicker,0,SCENARIO_CONTROLLER,7.5,0.065,0.0553,8.0,0.595634,0.875678,1.470161,0.2653,0.0,60.0,59.7636,13.44,0.826427,0.003584,0.001838,0.001387,0.001004,0.000774,0.000648,0.000619,0.000568,0.000521,0.000443,0.004337,0.002224,0.001678,0.001215,0.000784,0.000687,0.000536,2.1e-05,60.17,9.44,0.0357,0.000103,60.0
flk_27_10,FLK_0027_1p_phC_fm7p5hz_m065_cond27,flk_sim_27,27,C,C,train,Flicker,0,SCENARIO_CONTROLLER,7.5,0.065,0.06,8.0,0.595171,0.875678,1.471304,0.0627,0.0,60.0,59.9323,14.07,0.825939,0.001651,0.000488,0.000232,0.000139,0.000137,0.000104,0.000106,0.000117,0.000122,2.3e-05,0.001999,0.000591,0.000281,0.000168,0.000126,0.000142,2.8e-05,3e-06,60.07,4.11,0.0346,1e-05,60.0
flk_27_11,FLK_0027_1p_phC_fm7p5hz_m065_cond27,flk_sim_27,27,C,C,train,Flicker,0,SCENARIO_CONTROLLER,7.5,0.065,0.0521,8.0,0.596062,0.875678,1.469105,0.1347,0.0,60.0,59.9323,14.08,0.827235,0.00192,0.000969,0.000641,0.000507,0.000442,0.000212,0.000251,0.000124,0.000192,0.000232,0.002321,0.001171,0.000775,0.000613,0.000256,0.00015,0.00028,6e-06,60.09,5.41,0.0344,2.4e-05,60.0
flk_27_12,FLK_0027_1p_phC_fm7p5hz_m065_cond27,flk_sim_27,27,C,C,train,Flicker,0,SCENARIO_CONTROLLER,7.5,0.065,0.0518,7.5,0.596563,0.875678,1.467872,0.0749,0.0,60.0,60.1142,14.0,0.828003,0.001422,0.00061,0.000266,0.000103,0.000168,3.9e-05,9.1e-05,0.000141,6.7e-05,3.1e-05,0.001717,0.000737,0.000321,0.000124,4.7e-05,0.00017,3.7e-05,3e-06,60.08,4.03,0.0341,8e-06,60.0
flk_27_13,FLK_0027_1p_phC_fm7p5hz_m065_cond27,flk_sim_27,27,C,C,train,Flicker,0,SCENARIO_CONTROLLER,7.5,0.065,0.0522,7.5,0.597429,0.875678,1.465743,0.1189,0.0,60.0,60.1142,14.06,0.829167,0.00211,0.000831,0.000705,0.00048,0.000353,0.000225,0.000276,0.000235,0.000203,0.000158,0.002545,0.001002,0.00085,0.000579,0.000271,0.000283,0.000191,6e-06,60.09,5.36,0.0345,2.4e-05,60.0
flk_27_14,FLK_0027_1p_phC_fm7p5hz_m065_cond27,flk_sim_27,27,C,C,train,Flicker,0,SCENARIO_CONTROLLER,7.5,0.065,0.0523,7.0,0.597822,0.875678,1.464781,0.1164,0.0,60.0,60.1142,14.06,0.829717,0.002109,0.000835,0.000595,0.000434,0.000308,0.000215,0.000255,0.00013,0.000204,0.000222,0.002542,0.001006,0.000717,0.000523,0.000259,0.000157,0.000268,6e-06,60.09,5.09,0.0346,2.2e-05,60.0
flk_27_15,FLK_0027_1p_phC_fm7p5hz_m065_cond27,flk_sim_27,27,C,C,train,Flicker,0,SCENARIO_CONTROLLER,7.5,0.065,0.0525,7.0,0.597286,0.875678,1.466096,0.328,0.0,60.0,60.2742,13.28,0.828683,0.004235,0.002343,0.001658,0.001138,0.000966,0.000776,0.000739,0.000748,0.000578,0.000582,0.005111,0.002827,0.002001,0.001373,0.000936,0.000903,0.000702,3.1e-05,60.2,10.57,0.0362,0.00014,60.0
flk_27_16,FLK_0027_1p_phC_fm7p5hz_m065_cond27,flk_sim_27,27,C,C,train,Flicker,0,SCENARIO_CONTROLLER,7.5,0.065,0.0555,7.0,0.59965,0.875678,1.460316,0.1477,0.0,60.0,60.2742,13.39,0.831937,0.003063,0.001104,0.000586,0.000434,0.000335,0.00032,0.000248,0.000159,0.000184,0.000194,0.003682,0.001327,0.000704,0.000522,0.000385,0.000191,0.000233,1.2e-05,60.06,5.26,0.0366,2.1e-05,60.0
flk_27_17,FLK_0027_1p_phC_fm7p5hz_m065_cond27,flk_sim_27,27,C,C,train,Flicker,0,SCENARIO_CONTROLLER,7.5,0.065,0.0541,7.0,0.598122,0.875678,1.464047,0.3857,0.0,60.0,60.2742,13.32,0.829619,0.005105,0.002629,0.001943,0.00155,0.001299,0.000962,0.000898,0.000838,0.000724,0.000651,0.006153,0.003169,0.002342,0.001868,0.00116,0.00101,0.000785,4.4e-05,60.25,12.71,0.0376,0.000207,60.0
flk_27_18,FLK_0027_1p_phC_fm7p5hz_m065_cond27,flk_sim_27,27,C,C,train,Flicker,0,SCENARIO_CONTROLLER,7.5,0.065,0.0574,6.5,0.598181,0.875678,1.463901,0.4976,0.0,60.0,60.3956,12.47,0.829307,0.006199,0.003452,0.002237,0.001816,0.001586,0.001347,0.001137,0.000918,0.00086,0.000815,0.007475,0.004163,0.002697,0.00219,0.001624,0.001107,0.000983,6.7e-05,60.34,15.46,0.0394,0.000315,60.0
flk_27_19,FLK_0027_1p_phC_fm7p5hz_m065_cond27,flk_sim_27,27,C,C,train,Flicker,0,SCENARIO_CONTROLLER,7.5,0.065,0.0679,6.5,0.600825,0.875678,1.45746,0.1801,0.0,60.0,60.3956,12.6,0.833053,0.003837,0.001386,0.00089,0.000479,0.000417,0.000317,0.000226,0.000143,0.000185,0.000152,0.004606,0.001664,0.001068,0.000575,0.000381,0.000172,0.000182,1.8e-05,60.02,5.1,0.0389,1.8e-05,60.0
flk_27_20,FLK_0027_1p_phC_fm7p5hz_m065_cond27,flk_sim_27,27,C,C,train,Flicker,0,SCENARIO_CONTROLLER,7.5,0.065,0.0523,6.5,0.597363,0.875678,1.465907,0.6299,0.0,60.0,60.3956,12.45,0.827851,0.007745,0.004243,0.002917,0.002462,0.001965,0.001766,0.001438,0.001373,0.00113,0.00104,0.009356,0.005125,0.003524,0.002974,0.002133,0.001659,0.001256,0.000106,60.55,19.83,0.0407,0.000517,60.0
flk_27_21,FLK_0027_1p_phC_fm7p5hz_m065_cond27,flk_sim_27,27,C,C,train,Flicker,0,SCENARIO_CONTROLLER,7.5,0.065,0.0773,7.0,0.599115,0.875678,1.46162,0.4958,0.0,60.0,60.4577,12.04,0.830174,0.006655,0.003421,0.002415,0.001875,0.00151,0.001312,0.001083,0.000962,0.000872,0.000777,0.008016,0.004121,0.002909,0.002259,0.00158,0.001159,0.000936,7.3e-05,60.29,15.16,0.041,0.000304,60.0
flk_27_22,FLK_0027_1p_phC_fm7p5hz_m065_cond27,flk_sim_27,27,C,C,train,Flicker,0,SCENARIO_CONTROLLER,7.5,0.065,0.076,7.0,0.600288,0.875678,1.458763,0.3313,0.0,60.0,60.4577,12.11,0.831865,0.005419,0.002349,0.00148,0.001105,0.000859,0.000924,0.000694,0.000737,0.000524,0.000506,0.006514,0.002824,0.001779,0.001328,0.001111,0.000886,0.000608,4.1e-05,60.1,10.12,0.0406,0.000124,60.0
flk_27_23,FLK_0027_1p_phC_fm7p5hz_m065_cond27,flk_sim_27,27,C,C,train,Flicker,0,SCENARIO_CONTROLLER,7.5,0.065,0.058,7.0,0.596295,0.875678,1.46853,0.7217,0.0,60.0,60.459,11.94,0.826002,0.008745,0.00493,0.003565,0.002736,0.002149,0.001936,0.001652,0.001339,0.001348,0.001255,0.010587,0.005969,0.004316,0.003312,0.002344,0.001621,0.001519,0.000137,60.71,22.8,0.0419,0.000672,60.0
flk_27_24,FLK_0027_1p_phC_fm7p5hz_m065_cond27,flk_sim_27,27,C,C,train,Flicker,0,SCENARIO_CONTROLLER,7.5,0.065,0.0874,7.0,0.599431,0.875678,1.460849,0.3544,0.0,60.0,60.4554,12.11,0.830626,0.005365,0.00252,0.001621,0.001334,0.000921,0.00073,0.000734,0.000744,0.000558,0.00054,0.006459,0.003034,0.001952,0.001606,0.000879,0.000896,0.00065,4.3e-05,60.12,10.6,0.0407,0.000141,60.0
flk_27_25,FLK_0027_1p_phC_fm7p5hz_m065_cond27,flk_sim_27,27,C,C,train,Flicker,0,SCENARIO_CONTROLLER,7.5,0.065,0.065,7.0,0.59828,0.875678,1.463659,0.4605,0.0,60.0,60.4554,12.08,0.828969,0.006458,0.003212,0.002401,0.001657,0.00146,0.001229,0.001084,0.000914,0.000875,0.000761,0.00779,0.003875,0.002896,0.001999,0.001483,0.001103,0.000918,6.8e-05,60.28,14.87,0.0411,0.000291,60.0
flk_27_26,FLK_0027_1p_phC_fm7p5hz_m065_cond27,flk_sim_27,27,C,C,train,Flicker,0,SCENARIO_CONTROLLER,7.5,0.065,0.0607,7.5,0.59544,0.875678,1.470639,0.6306,0.0,60.0,60.4262,12.19,0.825072,0.007867,0.004384,0.003039,0.002337,0.001981,0.001546,0.00141,0.001383,0.001168,0.001071,0.009535,0.005313,0.003683,0.002832,0.001874,0.001676,0.001298,0.000109,60.56,20.04,0.0409,0.000527,60.0
flk_27_27,FLK_0027_1p_phC_fm7p5hz_m065_cond27,flk_sim_27,27,C,C,train,Flicker,0,SCENARIO_CONTROLLER,7.5,0.065,0.0802,8.0,0.598448,0.875678,1.463249,0.1961,0.0,60.0,60.3919,12.6,0.829633,0.003991,0.001488,0.000794,0.000629,0.000465,0.000196,0.000257,0.000158,0.00013,0.000145,0.004811,0.001794,0.000957,0.000758,0.000236,0.00019,0.000175,2e-05,60.02,5.29,0.0392,2e-05,60.0
flk_27_28,FLK_0027_1p_phC_fm7p5hz_m065_cond27,flk_sim_27,27,C,C,train,Flicker,0,SCENARIO_CONTROLLER,7.5,0.065,0.0525,8.0,0.595683,0.875678,1.470041,0.465,0.0,60.0,60.3919,12.5,0.825706,0.006232,0.003218,0.002321,0.001762,0.001573,0.001133,0.001122,0.00087,0.00091,0.000809,0.007547,0.003897,0.002811,0.002134,0.001372,0.001054,0.00098,6.5e-05,60.33,15.41,0.0397,0.000311,60.0
flk_27_29,FLK_0027_1p_phC_fm7p5hz_m065_cond27,flk_sim_27,27,C,C,train,Flicker,0,SCENARIO_CONTROLLER,7.5,0.065,0.0579,8.0,0.594707,0.875678,1.472452,0.4053,0.0,60.0,60.2654,13.32,0.824696,0.005076,0.002846,0.001824,0.001433,0.001338,0.001009,0.00092,0.000878,0.000707,0.00069,0.006155,0.003451,0.002212,0.001738,0.001223,0.001065,0.000837,4.5e-05,60.26,13.0,0.0379,0.000216,60.0
flk_27_30,FLK_0027_1p_phC_fm7p5hz_m065_cond27,flk_sim_27,27,C,C,train,Flicker,0,SCENARIO_CONTROLLER,7.5,0.065,0.0618,8.0,0.596138,0.875678,1.468919,0.1556,0.0,60.0,60.2654,13.4,0.826883,0.002893,0.001166,0.000708,0.000521,0.000303,0.000155,0.000223,0.000122,0.000212,0.000147,0.003499,0.00141,0.000856,0.00063,0.000187,0.000148,0.000178,1.1e-05,60.06,4.89,0.0369,1.9e-05,60.0
flk_27_31,FLK_0027_1p_phC_fm7p5hz_m065_cond27,flk_sim_27,27,C,C,train,Flicker,0,SCENARIO_CONTROLLER,7.5,0.065,0.052,8.5,0.593523,0.875678,1.475391,0.3196,0.0,60.0,60.2654,13.3,0.823258,0.00415,0.002157,0.001489,0.001262,0.00093,0.000824,0.000707,0.00078,0.000574,0.000499,0.005041,0.00262,0.001809,0.001533,0.001001,0.000947,0.000606,2.9e-05,60.2,10.66,0.0366,0.000139,60.0
flk_27_32,FLK_0027_1p_phC_fm7p5hz_m065_cond27,flk_sim_27,27,C,C,train,Flicker,0,SCENARIO_CONTROLLER,7.5,0.065,0.0519,8.0,0.593625,0.875678,1.475138,0.1438,0.0,60.0,60.1039,14.02,0.823668,0.002181,0.001018,0.000711,0.000442,0.000307,0.000414,0.000309,0.000115,0.000176,0.000137,0.002648,0.001236,0.000863,0.000537,0.000503,0.00014,0.000166,7e-06,60.09,5.16,0.035,2.3e-05,60.0
flk_28_01,FLK_0028_1p_phA_fm12hz_m055_cond28,flk_sim_28,28,A,A,train,Flicker,0,SCENARIO_CONTROLLER,12.0,0.055,0.0546,12.0,0.57439,0.844565,1.470368,0.1018,4.0,60.0,59.9676,15.43,0.800883,0.001872,0.00073,0.000315,0.000327,0.000113,0.000155,0.000105,0.000198,0.000139,6.1e-05,0.002337,0.000911,0.000393,0.000408,0.000194,0.000247,7.6e-05,4e-06,60.11,4.16,0.0279,9e-06,60.0
flk_28_02,FLK_0028_1p_phA_fm12hz_m055_cond28,flk_sim_28,28,A,A,train,Flicker,0,SCENARIO_CONTROLLER,12.0,0.055,0.0522,12.0,0.575532,0.844565,1.467452,0.0849,4.0,60.0,59.9676,15.44,0.802503,0.00177,0.000603,0.000438,0.000237,0.000214,0.000212,0.00022,7e-05,0.000131,0.000127,0.002206,0.000751,0.000546,0.000295,0.000264,8.7e-05,0.000158,4e-06,60.12,4.49,0.0277,1.3e-05,60.0
flk_28_03,FLK_0028_1p_phA_fm12hz_m055_cond28,flk_sim_28,28,A,A,train,Flicker,0,SCENARIO_CONTROLLER,12.0,0.055,0.0523,12.0,0.575631,0.844565,1.467199,0.1449,4.0,60.0,60.1389,14.83,0.802675,0.002241,0.000932,0.000665,0.000597,0.000577,0.000356,0.000355,0.00018,0.000302,0.000231,0.002792,0.001161,0.000828,0.000744,0.000444,0.000224,0.000288,7e-06,60.14,6.01,0.0278,3.2e-05,60.0
flk_28_04,FLK_0028_1p_phA_fm12hz_m055_cond28,flk_sim_28,28,A,A,train,Flicker,0,SCENARIO_CONTROLLER,12.0,0.055,0.0579,12.0,0.57701,0.844565,1.463693,0.1477,4.0,60.0,60.1389,14.89,0.804715,0.002289,0.001041,0.00061,0.000505,0.000466,0.000271,0.000194,0.000289,0.000197,0.000152,0.002844,0.001294,0.000758,0.000628,0.000337,0.000359,0.000189,7e-06,60.12,5.25,0.0279,2.1e-05,60.0
flk_28_05,FLK_0028_1p_phA_fm12hz_m055_cond28,flk_sim_28,28,A,A,train,Flicker,0,SCENARIO_CONTROLLER,12.0,0.055,0.0589,12.0,0.576314,0.844565,1.465461,0.2616,4.0,60.0,60.1389,14.85,0.80376,0.003439,0.001815,0.001183,0.000841,0.000697,0.000646,0.000534,0.000461,0.000508,0.000432,0.004279,0.002258,0.001472,0.001046,0.000804,0.000574,0.000537,1.9e-05,60.19,8.89,0.0281,9e-05,60.0
flk_28_06,FLK_0028_1p_phA_fm12hz_m055_cond28,flk_sim_28,28,A,A,train,Flicker,0,SCENARIO_CONTROLLER,12.0,0.055,0.0644,12.0,0.576108,0.844565,1.465983,0.3585,4.0,60.0,60.248,13.96,0.803643,0.004873,0.002387,0.001762,0.001312,0.001062,0.000938,0.00081,0.000801,0.000686,0.000616,0.006064,0.00297,0.002193,0.001633,0.001167,0.000997,0.000767,3.8e-05,60.26,11.93,0.0286,0.00018,60.0
flk_28_07,FLK_0028_1p_phA_fm12hz_m055_cond28,flk_sim_28,28,A,A,train,Flicker,0,SCENARIO_CONTROLLER,12.0,0.055,0.0716,12.0,0.578045,0.844565,1.461072,0.1618,4.0,60.0,60.248,14.04,0.80644,0.003191,0.001186,0.000572,0.000488,0.000178,0.000242,0.000184,0.000209,0.000132,0.000121,0.003957,0.001471,0.000709,0.000605,0.0003,0.000259,0.00015,1.2e-05,60.09,4.75,0.0282,1.4e-05,60.0
flk_28_08,FLK_0028_1p_phA_fm12hz_m055_cond28,flk_sim_28,28,A,A,train,Flicker,0,SCENARIO_CONTROLLER,12.0,0.055,0.0535,12.0,0.575316,0.844565,1.468003,0.4754,4.0,60.0,60.248,13.95,0.802597,0.005915,0.003195,0.002261,0.001669,0.00138,0.001252,0.00108,0.000893,0.000903,0.00074,0.00737,0.003981,0.002817,0.002079,0.00156,0.001113,0.000922,6e-05,60.39,15.56,0.0289,0.00031,60.0
flk_28_09,FLK_0028_1p_phA_fm12hz_m055_cond28,flk_sim_28,28,A,A,train,Flicker,0,SCENARIO_CONTROLLER,12.0,0.055,0.0749,12.0,0.576396,0.844565,1.465252,0.3235,4.0,60.0,60.2604,13.87,0.804141,0.004568,0.002234,0.001525,0.001064,0.000913,0.000805,0.000698,0.000657,0.000567,0.000475,0.005681,0.002778,0.001896,0.001323,0.001001,0.000817,0.000591,3.2e-05,60.22,10.87,0.0286,0.000146,60.0
flk_28_10,FLK_0028_1p_phA_fm12hz_m055_cond28,flk_sim_28,28,A,A,train,Flicker,0,SCENARIO_CONTROLLER,12.0,0.055,0.0651,12.0,0.576912,0.844565,1.463942,0.2682,4.0,60.0,60.2604,13.91,0.804867,0.003862,0.001815,0.001194,0.001005,0.000767,0.000598,0.000474,0.000368,0.000447,0.000414,0.004798,0.002255,0.001483,0.001249,0.000743,0.000457,0.000514,2.2e-05,60.14,8.02,0.0284,7.5e-05,60.0
flk_28_11,FLK_0028_1p_phA_fm12hz_m055_cond28,flk_sim_28,28,A,A,train,Flicker,0,SCENARIO_CONTROLLER,12.0,0.055,0.0522,12.0,0.574235,0.844565,1.470766,0.4297,4.0,60.0,60.264,13.78,0.800946,0.005275,0.002837,0.001974,0.001646,0.001337,0.001043,0.00099,0.000957,0.000796,0.00075,0.006586,0.003542,0.002465,0.002055,0.001302,0.001195,0.000936,4.8e-05,60.33,13.91,0.0288,0.000239,60.0
flk_28_12,FLK_0028_1p_phA_fm12hz_m055_cond28,flk_sim_28,28,A,A,train,Flicker,0,SCENARIO_CONTROLLER,12.0,0.055,0.0671,12.0,0.575715,0.844565,1.466985,0.1336,4.0,60.0,60.1734,14.62,0.802926,0.002718,0.000969,0.000622,0.000391,0.00041,0.000244,0.000223,0.000116,0.00017,0.000246,0.003385,0.001207,0.000775,0.000487,0.000304,0.000144,0.000306,9e-06,60.11,5.06,0.0282,1.8e-05,60.0
flk_28_13,FLK_0028_1p_phA_fm12hz_m055_cond28,flk_sim_28,28,A,A,train,Flicker,0,SCENARIO_CONTROLLER,12.0,0.055,0.0539,12.0,0.57454,0.844565,1.469986,0.2458,4.0,60.0,60.1734,14.6,0.801223,0.00342,0.001665,0.001091,0.000902,0.000728,0.00054,0.000486,0.00046,0.000433,0.000289,0.004268,0.002078,0.001362,0.001126,0.000674,0.000574,0.000361,1.8e-05,60.17,8.1,0.0283,7.3e-05,60.0
flk_28_14,FLK_0028_1p_phA_fm12hz_m055_cond28,flk_sim_28,28,A,A,train,Flicker,0,SCENARIO_CONTROLLER,12.0,0.055,0.0522,12.0,0.573512,0.844565,1.47262,0.1436,4.0,60.0,60.0049,15.39,0.79962,0.002252,0.00092,0.000623,0.00062,0.000442,0.000296,0.000277,0.000229,0.000253,0.000116,0.002816,0.001151,0.000779,0.000775,0.00037,0.000286,0.000145,7e-06,60.13,5.41,0.0279,2.4e-05,60.0
flk_28_15,FLK_0028_1p_phA_fm12hz_m055_cond28,flk_sim_28,28,A,A,train,Flicker,0,SCENARIO_CONTROLLER,12.0,0.055,0.0523,12.0,0.573325,0.844565,1.473101,0.094,4.0,60.0,60.0049,15.39,0.799341,0.00201,0.0007,0.000503,0.000207,0.000184,0.000178,0.000181,6.9e-05,0.000147,0.000234,0.002515,0.000876,0.000629,0.000259,0.000223,8.6e-05,0.000293,5e-06,60.12,4.89,0.0279,1.6e-05,60.0
flk_28_16,FLK_0028_1p_phA_fm12hz_m055_cond28,flk_sim_28,28,A,A,train,Flicker,0,SCENARIO_CONTROLLER,12.0,0.055,0.0526,12.0,0.5725,0.844565,1.475222,0.0751,4.0,60.0,60.0049,15.37,0.798149,0.001682,0.000498,0.000236,0.000322,0.000177,8.5e-05,9.2e-05,0.000109,4.4e-05,6.6e-05,0.002107,0.000624,0.000296,0.000403,0.000106,0.000137,8.3e-05,3e-06,60.12,4.09,0.0279,8e-06,60.0
flk_28_17,FLK_0028_1p_phA_fm12hz_m055_cond28,flk_sim_28,28,A,A,train,Flicker,0,SCENARIO_CONTROLLER,12.0,0.055,0.0524,12.0,0.572387,0.844565,1.475514,0.2553,4.0,60.0,59.8088,14.87,0.798101,0.003251,0.001763,0.001192,0.000869,0.000779,0.000537,0.000561,0.000501,0.000429,0.000315,0.004073,0.002209,0.001494,0.001089,0.000673,0.000628,0.000395,1.8e-05,60.18,8.66,0.0284,8.5e-05,60.0
flk_28_18,FLK_0028_1p_phA_fm12hz_m055_cond28,flk_sim_28,28,A,A,train,Flicker,0,SCENARIO_CONTROLLER,12.0,0.055,0.0685,12.0,0.570307,0.844565,1.480897,0.1243,5.2,60.0,59.8088,14.8,0.795193,0.002634,0.000938,0.000553,0.000251,0.000358,0.000182,0.000186,0.000148,0.000109,7.8e-05,0.003312,0.00118,0.000695,0.000316,0.000229,0.000186,9.8e-05,8e-06,60.1,4.9,0.0287,1.6e-05,60.0
flk_28_19,FLK_0028_1p_phA_fm12hz_m055_cond28,flk_sim_28,28,A,A,train,Flicker,0,SCENARIO_CONTROLLER,12.0,0.055,0.0664,12.0,0.571626,0.844565,1.477479,0.3674,6.0,60.0,59.8088,14.87,0.79717,0.004743,0.00239,0.001768,0.001459,0.001126,0.000859,0.00079,0.00076,0.000674,0.000675,0.00595,0.002998,0.002218,0.00183,0.001078,0.000953,0.000847,3.8e-05,60.27,12.15,0.0289,0.000185,60.0
flk_28_20,FLK_0028_1p_phA_fm12hz_m055_cond28,flk_sim_28,28,A,A,train,Flicker,0,SCENARIO_CONTROLLER,12.0,0.055,0.059,11.5,0.570802,0.844565,1.479612,0.4434,6.0,60.0,59.6693,13.75,0.796202,0.005618,0.002945,0.002006,0.00163,0.0013,0.001065,0.000954,0.000793,0.000721,0.000743,0.007056,0.003699,0.002519,0.002047,0.001338,0.000996,0.000933,5.2e-05,60.31,13.84,0.0293,0.000247,60.0
flk_28_21,FLK_0028_1p_phA_fm12hz_m055_cond28,flk_sim_28,28,A,A,train,Flicker,0,SCENARIO_CONTROLLER,12.0,0.055,0.0721,11.5,0.568865,0.844565,1.48465,0.2059,6.0,60.0,59.6693,13.67,0.793441,0.003888,0.001521,0.000923,0.000519,0.000378,0.000296,0.000337,0.000238,0.000271,0.000154,0.0049,0.001917,0.001163,0.000654,0.000373,0.0003,0.000194,1.9e-05,60.09,6.16,0.0291,3.4e-05,60.0
flk_28_22,FLK_0028_1p_phA_fm12hz_m055_cond28,flk_sim_28,28,A,A,train,Flicker,0,SCENARIO_CONTROLLER,12.0,0.055,0.053,11.5,0.572029,0.844565,1.476438,0.5734,6.0,60.0,59.7156,14.21,0.798065,0.007078,0.003755,0.002696,0.002156,0.001653,0.001482,0.001319,0.001174,0.00101,0.000893,0.008869,0.004705,0.003378,0.002702,0.001857,0.001471,0.001119,8.6e-05,60.53,18.96,0.0293,0.000457,60.0
flk_28_23,FLK_0028_1p_phA_fm12hz_m055_cond28,flk_sim_28,28,A,A,train,Flicker,0,SCENARIO_CONTROLLER,12.0,0.055,0.0777,12.0,0.570157,0.844565,1.481287,0.3772,6.0,60.0,59.6562,13.6,0.795355,0.004947,0.002505,0.001571,0.001349,0.000926,0.000952,0.000703,0.000664,0.000553,0.000496,0.00622,0.00315,0.001975,0.001696,0.001197,0.000835,0.000624,3.8e-05,60.21,11.44,0.0292,0.000162,60.0
flk_28_24,FLK_0028_1p_phA_fm12hz_m055_cond28,flk_sim_28,28,A,A,train,Flicker,0,SCENARIO_CONTROLLER,12.0,0.055,0.0618,12.0,0.570212,0.844565,1.481143,0.3445,6.0,60.0,59.6562,13.58,0.795422,0.004818,0.002361,0.001561,0.001095,0.001019,0.000855,0.000669,0.000661,0.000553,0.00055,0.006057,0.002968,0.001962,0.001377,0.001075,0.000831,0.000691,3.6e-05,60.2,10.92,0.0292,0.000149,60.0
flk_28_25,FLK_0028_1p_phA_fm12hz_m055_cond28,flk_sim_28,28,A,A,train,Flicker,0,SCENARIO_CONTROLLER,12.0,0.055,0.0605,12.0,0.573278,0.844565,1.473221,0.4955,6.0,60.0,59.769,14.64,0.799695,0.006172,0.00326,0.002267,0.001767,0.00156,0.001396,0.001171,0.000969,0.000854,0.000837,0.007718,0.004077,0.002835,0.00221,0.001746,0.001212,0.001047,6.5e-05,60.42,16.37,0.0291,0.000339,60.0
flk_28_26,FLK_0028_1p_phA_fm12hz_m055_cond28,flk_sim_28,28,A,A,train,Flicker,0,SCENARIO_CONTROLLER,12.0,0.055,0.0799,12.0,0.571585,0.844565,1.477585,0.1716,6.0,60.0,59.7809,14.64,0.79711,0.003114,0.001237,0.000741,0.000482,0.000401,0.000329,0.000211,0.000223,0.000196,0.000151,0.003907,0.001552,0.00093,0.000605,0.000413,0.00028,0.000189,1.2e-05,60.1,5.03,0.0287,1.9e-05,60.0
flk_28_27,FLK_0028_1p_phA_fm12hz_m055_cond28,flk_sim_28,28,A,A,train,Flicker,0,SCENARIO_CONTROLLER,12.0,0.055,0.0542,12.0,0.5733,0.846473,1.476492,0.3087,4.0,60.0,59.7809,14.67,0.799539,0.004171,0.002042,0.001334,0.001091,0.00094,0.000855,0.000619,0.000567,0.000467,0.000463,0.005217,0.002554,0.001668,0.001365,0.001069,0.000709,0.000579,2.7e-05,60.21,9.83,0.0287,0.000117,60.0
flk_28_28,FLK_0028_1p_phA_fm12hz_m055_cond28,flk_sim_28,28,A,A,train,Flicker,0,SCENARIO_CONTROLLER,12.0,0.055,0.0526,12.0,0.574683,0.846473,1.472938,0.1839,4.0,60.0,59.9674,15.44,0.801334,0.002717,0.001257,0.000965,0.000629,0.000618,0.00044,0.000391,0.000371,0.000283,0.000281,0.003391,0.001569,0.001204,0.000785,0.000549,0.000463,0.000351,1.1e-05,60.15,6.95,0.028,4.9e-05,60.0
flk_28_29,FLK_0028_1p_phA_fm12hz_m055_cond28,flk_sim_28,28,A,A,train,Flicker,0,SCENARIO_CONTROLLER,12.0,0.055,0.0545,12.0,0.57459,0.846473,1.473178,0.1198,4.0,60.0,59.9674,15.43,0.801165,0.001941,0.000809,0.000384,0.000379,0.000225,0.000349,0.000201,0.000212,0.000158,0.000169,0.002423,0.00101,0.000479,0.000473,0.000436,0.000265,0.000211,5e-06,60.12,4.67,0.0279,1.5e-05,60.0
flk_28_30,FLK_0028_1p_phA_fm12hz_m055_cond28,flk_sim_28,28,A,A,train,Flicker,0,SCENARIO_CONTROLLER,12.0,0.055,0.052,12.0,0.57565,0.846473,1.470465,0.0799,4.0,60.0,59.9674,15.44,0.802659,0.001563,0.000583,0.000374,0.000188,5.5e-05,0.000188,0.000127,4.1e-05,4.2e-05,8e-05,0.001947,0.000726,0.000466,0.000234,0.000234,5.1e-05,0.0001,3e-06,60.12,4.11,0.0277,8e-06,60.0
flk_28_31,FLK_0028_1p_phA_fm12hz_m055_cond28,flk_sim_28,28,A,A,train,Flicker,0,SCENARIO_CONTROLLER,12.0,0.055,0.0537,12.0,0.57579,0.846473,1.470108,0.1739,4.0,60.0,60.1441,14.8,0.80292,0.002475,0.001136,0.000778,0.000615,0.000506,0.00053,0.000395,0.000351,0.000327,0.000266,0.003082,0.001415,0.000969,0.000766,0.00066,0.000437,0.000331,9e-06,60.15,6.54,0.0279,4e-05,60.0
flk_28_32,FLK_0028_1p_phA_fm12hz_m055_cond28,flk_sim_28,28,A,A,train,Flicker,0,SCENARIO_CONTROLLER,12.0,0.055,0.0609,12.0,0.577228,0.846473,1.466445,0.103,4.0,60.0,60.1441,14.85,0.805022,0.002139,0.00076,0.000456,0.000277,0.000213,0.00018,0.000117,0.000114,3.5e-05,8e-05,0.002657,0.000944,0.000566,0.000344,0.000224,0.000142,9.9e-05,6e-06,60.11,4.28,0.0279,1.1e-05,60.0
flk_29_01,FLK_0029_1p_phB_fm9hz_m06_cond29,flk_sim_29,29,B,B,train,Flicker,0,SCENARIO_CONTROLLER,9.0,0.06,0.053,9.5,0.625569,0.92053,1.471508,0.2067,36.0,60.0,59.7635,14.84,0.870129,0.002925,0.001457,0.001101,0.000836,0.000736,0.000642,0.000484,0.000453,0.000306,0.000365,0.003362,0.001674,0.001265,0.000961,0.000738,0.000521,0.000419,1.4e-05,60.15,7.55,0.0294,5.8e-05,60.0
flk_29_02,FLK_0029_1p_phB_fm9hz_m06_cond29,flk_sim_29,29,B,B,train,Flicker,0,SCENARIO_CONTROLLER,9.0,0.06,0.0511,9.0,0.625878,0.92053,1.470782,0.1888,36.0,60.0,59.8572,15.06,0.871236,0.002362,0.001358,0.001033,0.000764,0.000624,0.000529,0.000374,0.0004,0.000231,0.000304,0.002711,0.001559,0.001186,0.000877,0.000607,0.000459,0.000349,1e-05,60.14,6.7,0.0281,4.3e-05,60.0
flk_29_03,FLK_0029_1p_phB_fm9hz_m06_cond29,flk_sim_29,29,B,B,train,Flicker,0,SCENARIO_CONTROLLER,9.0,0.06,0.0521,9.0,0.625158,0.92053,1.472477,0.0595,36.0,60.0,59.8572,14.97,0.870429,0.001329,0.000451,0.000332,0.000145,0.000217,0.000209,0.000114,0.000157,0.000178,8.6e-05,0.001527,0.000518,0.000381,0.000167,0.00024,0.00018,9.9e-05,2e-06,60.1,4.07,0.0277,9e-06,60.0
flk_29_04,FLK_0029_1p_phB_fm9hz_m06_cond29,flk_sim_29,29,B,B,train,Flicker,0,SCENARIO_CONTROLLER,9.0,0.06,0.0506,9.0,0.626121,0.92053,1.470211,0.1058,36.0,60.0,59.8572,14.99,0.872003,0.001634,0.000786,0.000676,0.000367,0.000392,0.000314,0.000348,0.000152,6.4e-05,0.000224,0.001874,0.000901,0.000775,0.000421,0.00036,0.000174,0.000257,4e-06,60.11,5.16,0.0272,2e-05,60.0
flk_29_05,FLK_0029_1p_phB_fm9hz_m06_cond29,flk_sim_29,29,B,B,train,Flicker,0,SCENARIO_CONTROLLER,9.0,0.06,0.0505,9.0,0.626082,0.92053,1.470303,0.0514,36.0,60.0,59.9939,15.16,0.872211,0.00091,0.000392,0.000175,0.000178,8.1e-05,0.000124,0.000129,9.6e-05,0.000163,5.9e-05,0.001043,0.000449,0.000201,0.000204,0.000142,0.00011,6.8e-05,1e-06,60.1,3.86,0.0267,7e-06,60.0
flk_29_06,FLK_0029_1p_phB_fm9hz_m06_cond29,flk_sim_29,29,B,B,train,Flicker,0,SCENARIO_CONTROLLER,9.0,0.06,0.0505,9.0,0.626577,0.92053,1.469142,0.051,36.0,60.0,59.9939,15.14,0.87288,0.001055,0.000392,0.000323,0.000133,6.2e-05,0.000165,5.2e-05,9e-05,0.000121,6.6e-05,0.001209,0.000449,0.00037,0.000152,0.000189,0.000103,7.6e-05,1e-06,60.1,4.09,0.0267,8e-06,60.0
flk_29_07,FLK_0029_1p_phB_fm9hz_m06_cond29,flk_sim_29,29,B,B,train,Flicker,0,SCENARIO_CONTROLLER,9.0,0.06,0.0504,9.0,0.626622,0.92053,1.469036,0.0781,36.0,60.0,59.9939,15.11,0.872873,0.001316,0.000481,0.000557,0.000383,0.00029,0.000294,0.000109,0.000115,0.000275,0.000139,0.001508,0.000551,0.000638,0.000439,0.000337,0.000132,0.000159,3e-06,60.11,4.49,0.0269,1.3e-05,60.0
flk_29_08,FLK_0029_1p_phB_fm9hz_m06_cond29,flk_sim_29,29,B,B,train,Flicker,0,SCENARIO_CONTROLLER,9.0,0.06,0.0505,9.0,0.627492,0.92053,1.467,0.1533,36.0,60.0,60.1481,15.13,0.873599,0.002045,0.001134,0.000697,0.000608,0.000441,0.000371,0.000375,0.000326,0.00029,0.000225,0.002341,0.001298,0.000798,0.000696,0.000425,0.000373,0.000258,7e-06,60.12,5.82,0.0279,2.8e-05,60.0
flk_29_09,FLK_0029_1p_phB_fm9hz_m06_cond29,flk_sim_29,29,B,B,train,Flicker,0,SCENARIO_CONTROLLER,9.0,0.06,0.052,9.0,0.628273,0.92053,1.465175,0.0958,36.0,60.0,60.1481,15.16,0.874627,0.001665,0.000771,0.000546,0.000226,0.000301,0.000237,0.000217,0.000124,0.000227,0.000132,0.001904,0.000882,0.000624,0.000258,0.000271,0.000142,0.000151,4e-06,60.1,4.29,0.028,1.1e-05,60.0
flk_29_10,FLK_0029_1p_phB_fm9hz_m06_cond29,flk_sim_29,29,B,B,train,Flicker,0,SCENARIO_CONTROLLER,9.0,0.06,0.0506,9.0,0.627547,0.92053,1.46687,0.2493,36.0,60.0,60.2844,14.74,0.872906,0.00355,0.001774,0.001301,0.001052,0.000942,0.000695,0.000682,0.000606,0.000606,0.000498,0.004067,0.002032,0.00149,0.001205,0.000796,0.000694,0.000571,2.1e-05,60.19,9.14,0.0294,9.7e-05,60.0
flk_29_11,FLK_0029_1p_phB_fm9hz_m06_cond29,flk_sim_29,29,B,B,train,Flicker,0,SCENARIO_CONTROLLER,9.0,0.06,0.0521,9.0,0.62961,0.92053,1.462065,0.1919,36.0,60.0,60.2844,14.95,0.875173,0.002866,0.001469,0.000809,0.00072,0.000612,0.000382,0.000342,0.000323,0.000256,0.000314,0.003275,0.001679,0.000924,0.000823,0.000436,0.000369,0.000359,1.2e-05,60.12,6.45,0.0304,4.1e-05,60.0
flk_29_12,FLK_0029_1p_phB_fm9hz_m06_cond29,flk_sim_29,29,B,B,train,Flicker,0,SCENARIO_CONTROLLER,9.0,0.06,0.0519,9.0,0.629436,0.92053,1.462469,0.2262,36.0,60.0,60.2844,14.94,0.874798,0.003279,0.001739,0.001053,0.000796,0.00065,0.000508,0.000461,0.000442,0.000534,0.000361,0.003748,0.001988,0.001204,0.00091,0.000581,0.000505,0.000413,1.7e-05,60.14,7.59,0.0307,6.2e-05,60.0
flk_29_13,FLK_0029_1p_phB_fm9hz_m06_cond29,flk_sim_29,29,B,B,train,Flicker,0,SCENARIO_CONTROLLER,9.0,0.06,0.0491,8.5,0.628588,0.92053,1.464442,0.353,36.0,60.0,60.3625,14.6,0.872794,0.004825,0.002535,0.001831,0.00144,0.001198,0.000996,0.001001,0.000812,0.000749,0.000654,0.005528,0.002904,0.002098,0.00165,0.001141,0.00093,0.000749,4e-05,60.28,12.37,0.0321,0.000188,60.0
flk_29_14,FLK_0029_1p_phB_fm9hz_m06_cond29,flk_sim_29,29,B,B,train,Flicker,0,SCENARIO_CONTROLLER,9.0,0.06,0.0519,8.5,0.631011,0.92053,1.458817,0.1604,36.0,60.0,60.3625,14.77,0.876069,0.002801,0.001287,0.000751,0.000445,0.000314,0.000345,0.000183,0.000235,7.5e-05,0.000153,0.003197,0.001469,0.000857,0.000508,0.000394,0.000268,0.000175,1.1e-05,60.08,5.0,0.0321,1.7e-05,60.0
flk_29_15,FLK_0029_1p_phB_fm9hz_m06_cond29,flk_sim_29,29,B,B,train,Flicker,0,SCENARIO_CONTROLLER,9.0,0.06,0.0502,8.5,0.629409,0.92053,1.462532,0.3424,36.0,60.0,60.3625,14.7,0.87361,0.004625,0.002502,0.001695,0.001354,0.00103,0.000922,0.000779,0.000773,0.000722,0.000613,0.005294,0.002864,0.00194,0.00155,0.001055,0.000885,0.000702,3.6e-05,60.23,11.18,0.0327,0.000155,60.0
flk_29_16,FLK_0029_1p_phB_fm9hz_m06_cond29,flk_sim_29,29,B,B,train,Flicker,0,SCENARIO_CONTROLLER,9.0,0.06,0.0533,8.5,0.628947,0.92053,1.463605,0.3602,36.0,60.0,60.3594,14.69,0.872919,0.004884,0.002572,0.00197,0.001422,0.001088,0.001116,0.000899,0.000778,0.000663,0.00067,0.005595,0.002946,0.002257,0.001629,0.001278,0.000891,0.000768,4.1e-05,60.26,11.8,0.0327,0.00017,60.0
flk_29_17,FLK_0029_1p_phB_fm9hz_m06_cond29,flk_sim_29,29,B,B,train,Flicker,0,SCENARIO_CONTROLLER,9.0,0.06,0.0561,8.5,0.630686,0.92053,1.45957,0.1479,36.0,60.0,60.3594,14.78,0.875598,0.0028,0.001202,0.000455,0.000373,0.000329,0.000306,0.000213,0.000195,0.000183,4.7e-05,0.003198,0.001373,0.00052,0.000426,0.000349,0.000223,5.4e-05,1e-05,60.07,4.55,0.0321,1.3e-05,60.0
flk_29_18,FLK_0029_1p_phB_fm9hz_m06_cond29,flk_sim_29,29,B,B,train,Flicker,0,SCENARIO_CONTROLLER,9.0,0.06,0.0519,9.0,0.628121,0.92053,1.465531,0.3635,36.0,60.0,60.3594,14.63,0.872064,0.004831,0.002563,0.002017,0.001484,0.001291,0.00113,0.000864,0.000725,0.000761,0.000622,0.00554,0.002939,0.002313,0.001702,0.001296,0.000831,0.000713,4.1e-05,60.27,12.4,0.0323,0.000188,60.0
flk_29_19,FLK_0029_1p_phB_fm9hz_m06_cond29,flk_sim_29,29,B,B,train,Flicker,0,SCENARIO_CONTROLLER,9.0,0.06,0.0599,9.0,0.628211,0.92053,1.46532,0.2519,35.8,60.0,60.2745,14.94,0.872991,0.00349,0.001871,0.001118,0.000947,0.000832,0.000663,0.000595,0.000563,0.000383,0.000396,0.003998,0.002143,0.001281,0.001085,0.000759,0.000645,0.000454,2e-05,60.16,8.49,0.0309,8.2e-05,60.0
flk_29_20,FLK_0029_1p_phB_fm9hz_m06_cond29,flk_sim_29,29,B,B,train,Flicker,0,SCENARIO_CONTROLLER,9.0,0.06,0.0615,9.0,0.628646,0.92053,1.464306,0.1787,35.8,60.0,60.2745,14.96,0.873772,0.002713,0.001366,0.000933,0.000602,0.000516,0.000459,0.000353,0.000264,0.000368,0.000286,0.003105,0.001563,0.001068,0.000689,0.000525,0.000302,0.000327,1.1e-05,60.1,5.78,0.0305,2.9e-05,60.0
flk_29_21,FLK_0029_1p_phB_fm9hz_m06_cond29,flk_sim_29,29,B,B,train,Flicker,0,SCENARIO_CONTROLLER,9.0,0.06,0.0517,9.0,0.626234,0.92053,1.469946,0.2576,34.4,60.0,60.2745,14.78,0.870929,0.003601,0.001791,0.001248,0.001125,0.000969,0.000748,0.000719,0.000668,0.000514,0.00052,0.004135,0.002056,0.001433,0.001292,0.000859,0.000767,0.000597,2.2e-05,60.2,9.58,0.0297,0.000104,60.0
flk_29_22,FLK_0029_1p_phB_fm9hz_m06_cond29,flk_sim_29,29,B,B,train,Flicker,0,SCENARIO_CONTROLLER,9.0,0.06,0.0645,9.0,0.626608,0.92053,1.469068,0.1107,31.4,60.0,60.1385,15.13,0.872216,0.001774,0.000896,0.000535,0.000324,0.000349,0.000153,0.000117,8.8e-05,5.3e-05,0.000151,0.002034,0.001027,0.000613,0.000371,0.000175,0.000101,0.000173,5e-06,60.1,4.6,0.0282,1.4e-05,60.0
flk_29_23,FLK_0029_1p_phB_fm9hz_m06_cond29,flk_sim_29,29,B,B,train,Flicker,0,SCENARIO_CONTROLLER,9.0,0.06,0.0556,9.0,0.626,0.918757,1.467663,0.1452,28.4,60.0,60.1385,15.12,0.871426,0.002027,0.001097,0.000495,0.000529,0.000334,0.000343,0.000258,0.000267,0.000311,0.000222,0.002326,0.001259,0.000568,0.000607,0.000394,0.000306,0.000255,6e-06,60.12,5.53,0.028,2.6e-05,60.0
flk_29_24,FLK_0029_1p_phB_fm9hz_m06_cond29,flk_sim_29,29,B,B,train,Flicker,0,SCENARIO_CONTROLLER,9.0,0.06,0.0494,9.0,0.624857,0.918757,1.470347,0.0803,25.4,60.0,60.1385,14.98,0.870299,0.001405,0.000522,0.000529,0.000411,0.000255,0.000217,0.000277,0.000188,0.00012,0.000193,0.001614,0.0006,0.000608,0.000472,0.000249,0.000216,0.000222,3e-06,60.11,4.71,0.0271,1.5e-05,60.0
flk_29_25,FLK_0029_1p_phB_fm9hz_m06_cond29,flk_sim_29,29,B,B,train,Flicker,0,SCENARIO_CONTROLLER,9.0,0.06,0.05,9.0,0.62485,0.918757,1.470365,0.0505,23.2,60.0,59.9886,15.12,0.870413,0.000936,0.000417,8.6e-05,0.000116,0.00012,7.7e-05,0.000131,1.7e-05,0.000181,0.000118,0.001075,0.000479,9.9e-05,0.000133,8.8e-05,2e-05,0.000136,1e-06,60.1,4.03,0.0268,7e-06,60.0
flk_29_26,FLK_0029_1p_phB_fm9hz_m06_cond29,flk_sim_29,29,B,B,train,Flicker,0,SCENARIO_CONTROLLER,9.0,0.06,0.0495,9.0,0.624347,0.918375,1.470936,0.0534,20.2,60.0,59.9886,15.13,0.869729,0.000813,0.000449,0.000283,0.000119,0.000111,4e-06,6.4e-05,8.8e-05,0.000111,8.9e-05,0.000935,0.000516,0.000325,0.000137,5e-06,0.000101,0.000102,1e-06,60.1,3.92,0.0268,6e-06,60.0
flk_29_27,FLK_0029_1p_phB_fm9hz_m06_cond29,flk_sim_29,29,B,B,train,Flicker,0,SCENARIO_CONTROLLER,9.0,0.06,0.0494,9.0,0.624486,0.918375,1.470609,0.0927,20.2,60.0,59.8584,14.98,0.869705,0.001471,0.000688,0.00035,0.000356,0.000379,0.000225,0.000228,0.000224,0.000318,0.000194,0.001691,0.000791,0.000402,0.000409,0.000259,0.000258,0.000223,3e-06,60.11,4.87,0.0272,1.8e-05,60.0
flk_29_28,FLK_0029_1p_phB_fm9hz_m06_cond29,flk_sim_29,29,B,B,train,Flicker,0,SCENARIO_CONTROLLER,9.0,0.06,0.0491,9.0,0.623686,0.918375,1.472495,0.0602,19.6,60.0,59.8584,14.97,0.868345,0.001347,0.000487,0.000443,0.000152,0.000199,0.000112,0.000119,0.000137,0.000163,0.000154,0.001551,0.000561,0.00051,0.000175,0.000129,0.000158,0.000177,2e-06,60.1,4.14,0.0277,1e-05,60.0
flk_29_29,FLK_0029_1p_phB_fm9hz_m06_cond29,flk_sim_29,29,B,B,train,Flicker,0,SCENARIO_CONTROLLER,9.0,0.06,0.0493,9.0,0.624409,0.918375,1.470791,0.1811,18.6,60.0,59.8584,15.05,0.869187,0.002294,0.001341,0.000685,0.000724,0.000489,0.000394,0.000414,0.000422,0.000405,0.000286,0.002639,0.001543,0.000788,0.000833,0.000453,0.000486,0.000329,9e-06,60.13,6.4,0.0281,3.8e-05,60.0
flk_29_30,FLK_0029_1p_phB_fm9hz_m06_cond29,flk_sim_29,29,B,B,train,Flicker,0,SCENARIO_CONTROLLER,9.0,0.06,0.0501,9.5,0.624644,0.918375,1.470238,0.1997,21.0,60.0,59.7649,14.86,0.868847,0.002971,0.001406,0.00116,0.00084,0.000637,0.000575,0.000506,0.000394,0.000522,0.000335,0.003419,0.001618,0.001335,0.000967,0.000662,0.000453,0.000386,1.4e-05,60.15,7.6,0.0294,6.1e-05,60.0
flk_29_31,FLK_0029_1p_phB_fm9hz_m06_cond29,flk_sim_29,29,B,B,train,Flicker,0,SCENARIO_CONTROLLER,9.0,0.06,0.051,9.5,0.623556,0.918375,1.472801,0.0745,21.4,60.0,59.7649,14.81,0.867175,0.001964,0.000592,0.000261,0.000225,0.000175,0.00013,0.000122,0.000171,0.000115,0.000128,0.002265,0.000683,0.000301,0.000259,0.00015,0.000197,0.000148,4e-06,60.08,4.31,0.0296,1.1e-05,60.0
flk_29_32,FLK_0029_1p_phB_fm9hz_m06_cond29,flk_sim_29,29,B,B,train,Flicker,0,SCENARIO_CONTROLLER,9.0,0.06,0.0497,9.5,0.62548,0.920205,1.471198,0.3091,24.0,60.0,59.7649,14.93,0.869582,0.00377,0.002261,0.001581,0.001194,0.000916,0.000829,0.00069,0.000582,0.000689,0.000571,0.004335,0.0026,0.001818,0.001373,0.000953,0.000669,0.000657,2.6e-05,60.21,9.87,0.0302,0.000114,60.0
flk_30_01,FLK_0030_1p_phC_fm8p8hz_m065_cond30,flk_sim_30,30,C,C,train,Flicker,0,SCENARIO_CONTROLLER,8.8,0.065,0.055,9.0,0.578274,0.850378,1.470546,0.1822,1.8,60.0,60.2191,13.92,0.802612,0.002433,0.001163,0.000784,0.000775,0.000598,0.000431,0.000416,0.000426,0.000256,0.000325,0.003031,0.001449,0.000977,0.000966,0.000537,0.000531,0.000405,1e-05,60.15,6.91,0.033,4.7e-05,60.0
flk_30_02,FLK_0030_1p_phC_fm8p8hz_m065_cond30,flk_sim_30,30,C,C,train,Flicker,0,SCENARIO_CONTROLLER,8.8,0.065,0.056,9.0,0.579981,0.850378,1.466218,0.1523,1.8,60.0,60.2191,14.07,0.804564,0.00224,0.00106,0.000705,0.000525,0.000413,0.00032,0.000291,0.000287,0.000201,0.000204,0.002784,0.001317,0.000876,0.000653,0.000398,0.000357,0.000254,7e-06,60.11,5.47,0.0339,2.4e-05,60.0
flk_30_03,FLK_0030_1p_phC_fm8p8hz_m065_cond30,flk_sim_30,30,C,C,train,Flicker,0,SCENARIO_CONTROLLER,8.8,0.065,0.0556,8.5,0.579716,0.850378,1.466888,0.2151,1.0,60.0,60.2191,14.06,0.804032,0.002865,0.001487,0.000895,0.000719,0.000639,0.000512,0.000494,0.000544,0.000338,0.000333,0.003563,0.001849,0.001113,0.000894,0.000637,0.000677,0.000414,1.3e-05,60.15,7.57,0.0343,6.1e-05,60.0
flk_30_04,FLK_0030_1p_phC_fm8p8hz_m065_cond30,flk_sim_30,30,C,C,train,Flicker,0,SCENARIO_CONTROLLER,8.8,0.065,0.0532,8.5,0.579671,0.850378,1.467001,0.341,1.0,60.0,60.3466,13.55,0.803051,0.004254,0.002237,0.001686,0.001288,0.001069,0.000916,0.000731,0.000556,0.000556,0.000566,0.005297,0.002786,0.002099,0.001604,0.001141,0.000692,0.000705,3.1e-05,60.24,11.13,0.0362,0.000154,60.0
flk_30_05,FLK_0030_1p_phC_fm8p8hz_m065_cond30,flk_sim_30,30,C,C,train,Flicker,0,SCENARIO_CONTROLLER,8.8,0.065,0.0545,8.0,0.581903,0.850378,1.461376,0.136,1.0,60.0,60.3466,13.7,0.805993,0.002536,0.000992,0.000467,0.000412,0.000257,0.000221,0.000161,0.00025,0.000177,0.000153,0.003146,0.001231,0.000579,0.000511,0.000274,0.00031,0.00019,8e-06,60.07,4.32,0.0363,1.1e-05,60.0
flk_30_06,FLK_0030_1p_phC_fm8p8hz_m065_cond30,flk_sim_30,30,C,C,train,Flicker,0,SCENARIO_CONTROLLER,8.8,0.065,0.0534,8.0,0.580176,0.850378,1.465725,0.3797,1.0,60.0,60.3466,13.62,0.803214,0.004666,0.002559,0.001876,0.001296,0.001094,0.001036,0.000897,0.000742,0.000596,0.000623,0.005809,0.003186,0.002336,0.001614,0.00129,0.000924,0.000776,3.8e-05,60.28,12.55,0.0373,0.000199,60.0
flk_30_07,FLK_0030_1p_phC_fm8p8hz_m065_cond30,flk_sim_30,30,C,C,train,Flicker,0,SCENARIO_CONTROLLER,8.8,0.065,0.0587,8.0,0.580671,0.850378,1.464475,0.3544,1.0,60.0,60.3926,13.42,0.803546,0.00462,0.002393,0.001691,0.001221,0.001031,0.000945,0.00078,0.00082,0.000611,0.000545,0.00575,0.002978,0.002104,0.00152,0.001176,0.00102,0.000678,3.5e-05,60.24,11.68,0.0379,0.000172,60.0
flk_30_08,FLK_0030_1p_phC_fm8p8hz_m065_cond30,flk_sim_30,30,C,C,train,Flicker,0,SCENARIO_CONTROLLER,8.8,0.065,0.0607,8.0,0.582068,0.850378,1.460961,0.1829,1.0,60.0,60.3926,13.51,0.805595,0.003105,0.001276,0.000827,0.000631,0.000366,0.000379,0.000254,0.000371,0.000221,0.000263,0.003854,0.001584,0.001027,0.000783,0.00047,0.000461,0.000326,1.3e-05,60.08,5.63,0.0375,2.6e-05,60.0
flk_30_09,FLK_0030_1p_phC_fm8p8hz_m065_cond30,flk_sim_30,30,C,C,train,Flicker,0,SCENARIO_CONTROLLER,8.8,0.065,0.0545,8.5,0.579377,0.850378,1.467747,0.4355,1.0,60.0,60.3926,13.36,0.801747,0.005309,0.002874,0.002038,0.001619,0.001293,0.001146,0.000982,0.000779,0.000684,0.000813,0.006622,0.003585,0.002542,0.002019,0.001429,0.000972,0.001014,4.9e-05,60.35,14.39,0.0379,0.000259,60.0
flk_30_10,FLK_0030_1p_phC_fm8p8hz_m065_cond30,flk_sim_30,30,C,C,train,Flicker,0,SCENARIO_CONTROLLER,8.8,0.065,0.065,8.5,0.580298,0.850378,1.465417,0.2428,1.0,60.0,60.3362,13.69,0.803575,0.003447,0.001697,0.001045,0.000786,0.000673,0.000556,0.000539,0.000507,0.000426,0.000492,0.00429,0.002112,0.0013,0.000978,0.000692,0.000631,0.000612,1.8e-05,60.15,8.33,0.0368,7.9e-05,60.0
flk_30_11,FLK_0030_1p_phC_fm8p8hz_m065_cond30,flk_sim_30,30,C,C,train,Flicker,0,SCENARIO_CONTROLLER,8.8,0.065,0.0605,8.5,0.580163,0.850378,1.465757,0.2482,1.0,60.0,60.3362,13.7,0.803464,0.003334,0.001665,0.001086,0.000929,0.000749,0.000584,0.000527,0.00036,0.00032,0.000235,0.00415,0.002072,0.001352,0.001156,0.000727,0.000448,0.000292,1.7e-05,60.14,7.74,0.0366,6.4e-05,60.0
flk_30_12,FLK_0030_1p_phC_fm8p8hz_m065_cond30,flk_sim_30,30,C,C,train,Flicker,0,SCENARIO_CONTROLLER,8.8,0.065,0.0581,8.5,0.577681,0.850378,1.472055,0.3363,1.0,60.0,60.3362,13.51,0.800554,0.004055,0.002175,0.001483,0.001365,0.00109,0.000808,0.000696,0.000794,0.000566,0.000436,0.005065,0.002717,0.001852,0.001705,0.001009,0.000992,0.000545,2.9e-05,60.25,11.19,0.0356,0.00015,60.0
flk_30_13,FLK_0030_1p_phC_fm8p8hz_m065_cond30,flk_sim_30,30,C,C,train,Flicker,0,SCENARIO_CONTROLLER,8.8,0.065,0.0703,9.0,0.578474,0.850378,1.470036,0.1059,1.0,60.0,60.2059,14.07,0.802344,0.00196,0.000778,0.000552,0.000321,0.0003,0.000118,0.000192,5e-06,0.000192,8.7e-05,0.002443,0.00097,0.000688,0.0004,0.000147,6e-06,0.000108,5e-06,60.09,4.39,0.0341,1.3e-05,60.0
flk_30_14,FLK_0030_1p_phC_fm8p8hz_m065_cond30,flk_sim_30,30,C,C,train,Flicker,0,SCENARIO_CONTROLLER,8.8,0.065,0.0568,9.0,0.577276,0.850378,1.473087,0.2065,2.0,60.0,60.2059,14.03,0.800743,0.002697,0.001423,0.000884,0.000723,0.000596,0.00043,0.000476,0.000371,0.000276,0.000422,0.003368,0.001777,0.001104,0.000903,0.000537,0.000463,0.000527,1.2e-05,60.15,7.08,0.034,5.3e-05,60.0
flk_30_15,FLK_0030_1p_phC_fm8p8hz_m065_cond30,flk_sim_30,30,C,C,train,Flicker,0,SCENARIO_CONTROLLER,8.8,0.065,0.0561,9.0,0.576022,0.850378,1.476294,0.1273,2.0,60.0,60.0333,14.25,0.799633,0.001885,0.000805,0.00069,0.000567,0.00038,0.000258,0.000254,0.000227,0.000255,0.000315,0.002357,0.001007,0.000863,0.000709,0.000323,0.000284,0.000394,5e-06,60.13,5.52,0.0326,2.6e-05,60.0
flk_30_16,FLK_0030_1p_phC_fm8p8hz_m065_cond30,flk_sim_30,30,C,C,train,Flicker,0,SCENARIO_CONTROLLER,8.8,0.065,0.0558,9.0,0.575994,0.850378,1.476366,0.0693,2.0,60.0,60.0333,14.27,0.79972,0.001434,0.000524,0.000338,0.000171,0.000154,5.7e-05,0.000107,3.1e-05,6.9e-05,7.2e-05,0.001793,0.000655,0.000423,0.000214,7.1e-05,3.9e-05,9e-05,3e-06,60.11,4.37,0.0323,1.1e-05,60.0
flk_30_17,FLK_0030_1p_phC_fm8p8hz_m065_cond30,flk_sim_30,30,C,C,train,Flicker,0,SCENARIO_CONTROLLER,8.8,0.065,0.053,9.0,0.575109,0.850378,1.478638,0.0623,2.0,60.0,60.0333,14.26,0.798555,0.001226,0.000477,0.000272,0.000115,0.000107,7.8e-05,0.0001,0.000166,6.8e-05,0.000111,0.001535,0.000597,0.000341,0.000144,9.8e-05,0.000208,0.000139,2e-06,60.11,4.03,0.0321,8e-06,60.0
flk_30_18,FLK_0030_1p_phC_fm8p8hz_m065_cond30,flk_sim_30,30,C,C,train,Flicker,0,SCENARIO_CONTROLLER,8.8,0.065,0.0535,9.0,0.575078,0.850378,1.478717,0.1231,2.0,60.0,59.8597,14.18,0.798309,0.001753,0.000811,0.00061,0.000524,0.000412,0.000187,0.000257,0.000225,0.00017,0.000275,0.002196,0.001016,0.000764,0.000656,0.000234,0.000282,0.000344,5e-06,60.12,5.34,0.0326,2.3e-05,60.0
flk_30_19,FLK_0030_1p_phC_fm8p8hz_m065_cond30,flk_sim_30,30,C,C,train,Flicker,0,SCENARIO_CONTROLLER,8.8,0.065,0.0557,9.0,0.574051,0.850378,1.481363,0.0778,2.0,60.0,59.8597,14.14,0.796604,0.001558,0.000571,0.000331,0.000207,0.000237,0.000123,0.000159,0.000207,9.6e-05,0.000134,0.001956,0.000717,0.000416,0.00026,0.000154,0.00026,0.000168,3e-06,60.11,4.23,0.0332,1.1e-05,60.0
flk_30_20,FLK_0030_1p_phC_fm8p8hz_m065_cond30,flk_sim_30,30,C,C,train,Flicker,0,SCENARIO_CONTROLLER,8.8,0.065,0.0546,9.0,0.574839,0.850378,1.479332,0.2125,2.0,60.0,59.8597,14.23,0.797447,0.002664,0.001431,0.001043,0.000816,0.0006,0.000396,0.000486,0.000507,0.000347,0.000322,0.003341,0.001794,0.001308,0.001023,0.000497,0.000636,0.000404,1.2e-05,60.16,7.64,0.0338,6.1e-05,60.0
flk_30_21,FLK_0030_1p_phC_fm8p8hz_m065_cond30,flk_sim_30,30,C,C,train,Flicker,0,SCENARIO_CONTROLLER,8.8,0.065,0.0541,9.0,0.574756,0.850378,1.479546,0.2712,2.0,60.0,59.7221,13.92,0.796338,0.003432,0.001762,0.001221,0.001072,0.000764,0.000642,0.000549,0.000459,0.000367,0.000419,0.00431,0.002213,0.001533,0.001346,0.000806,0.000576,0.000526,1.9e-05,60.18,8.73,0.0359,9e-05,60.0
flk_30_22,FLK_0030_1p_phC_fm8p8hz_m065_cond30,flk_sim_30,30,C,C,train,Flicker,0,SCENARIO_CONTROLLER,8.8,0.065,0.0546,9.0,0.573562,0.850378,1.482626,0.1257,2.0,60.0,59.7221,13.88,0.794451,0.002478,0.000939,0.000636,0.00031,0.000275,0.000141,0.000174,0.000274,0.000252,0.00021,0.003119,0.001182,0.000801,0.00039,0.000177,0.000345,0.000264,8e-06,60.09,4.99,0.0362,1.8e-05,60.0
flk_30_23,FLK_0030_1p_phC_fm8p8hz_m065_cond30,flk_sim_30,30,C,C,train,Flicker,0,SCENARIO_CONTROLLER,8.8,0.065,0.0532,9.0,0.576011,0.850378,1.476323,0.4195,2.0,60.0,59.7221,14.01,0.79722,0.00508,0.002814,0.001917,0.001438,0.001231,0.001095,0.000986,0.000755,0.000672,0.00072,0.006372,0.00353,0.002405,0.001804,0.001374,0.000947,0.000903,4.5e-05,60.33,13.71,0.0376,0.000233,60.0
flk_30_24,FLK_0030_1p_phC_fm8p8hz_m065_cond30,flk_sim_30,30,C,C,train,Flicker,0,SCENARIO_CONTROLLER,8.8,0.065,0.0612,9.0,0.57457,0.850378,1.480025,0.2879,2.0,60.0,59.6311,13.64,0.794379,0.00402,0.001884,0.001278,0.001002,0.000766,0.000823,0.000559,0.000632,0.000405,0.00045,0.005061,0.002372,0.001609,0.001261,0.001036,0.000796,0.000566,2.5e-05,60.16,9.11,0.0391,9.7e-05,60.0
flk_30_25,FLK_0030_1p_phC_fm8p8hz_m065_cond30,flk_sim_30,30,C,C,train,Flicker,0,SCENARIO_CONTROLLER,8.8,0.065,0.0617,9.5,0.574597,0.850378,1.479955,0.2903,2.0,60.0,59.6311,13.64,0.794333,0.004066,0.001933,0.001285,0.001013,0.000857,0.000743,0.000545,0.000583,0.000458,0.000409,0.005119,0.002433,0.001618,0.001275,0.000935,0.000734,0.000515,2.5e-05,60.16,9.54,0.0392,0.000106,60.0
flk_30_26,FLK_0030_1p_phC_fm8p8hz_m065_cond30,flk_sim_30,30,C,C,train,Flicker,0,SCENARIO_CONTROLLER,8.8,0.065,0.0542,9.0,0.577034,0.850378,1.473705,0.508,2.0,60.0,59.5417,13.34,0.797418,0.005973,0.003363,0.002338,0.001752,0.001554,0.001426,0.001156,0.001,0.000761,0.000791,0.00749,0.004217,0.002932,0.002197,0.001788,0.001254,0.000992,6.4e-05,60.43,16.32,0.0399,0.000338,60.0
flk_30_27,FLK_0030_1p_phC_fm8p8hz_m065_cond30,flk_sim_30,30,C,C,train,Flicker,0,SCENARIO_CONTROLLER,8.8,0.065,0.0699,9.5,0.574438,0.850378,1.480366,0.1967,2.0,60.0,59.6082,13.53,0.793706,0.003414,0.001406,0.000925,0.000524,0.000505,0.00043,0.000362,0.000282,0.000329,0.000234,0.004301,0.001771,0.001165,0.00066,0.000542,0.000355,0.000295,1.6e-05,60.08,6.15,0.0398,3.2e-05,60.0
flk_30_28,FLK_0030_1p_phC_fm8p8hz_m065_cond30,flk_sim_30,30,C,C,train,Flicker,0,SCENARIO_CONTROLLER,8.8,0.065,0.0647,9.5,0.576093,0.850378,1.476113,0.4078,2.0,60.0,59.6082,13.59,0.796098,0.005055,0.002626,0.00181,0.001546,0.001222,0.001118,0.000883,0.000697,0.00056,0.000663,0.00635,0.003299,0.002274,0.001942,0.001404,0.000876,0.000833,4.3e-05,60.27,12.87,0.0398,0.00021,60.0
flk_30_29,FLK_0030_1p_phC_fm8p8hz_m065_cond30,flk_sim_30,30,C,C,train,Flicker,0,SCENARIO_CONTROLLER,8.8,0.065,0.0555,9.0,0.576914,0.850378,1.474013,0.4337,2.0,60.0,59.655,13.82,0.797849,0.005309,0.002891,0.002084,0.001589,0.001343,0.001043,0.00092,0.000925,0.000681,0.000721,0.006654,0.003623,0.002612,0.001992,0.001307,0.001159,0.000904,4.9e-05,60.33,14.16,0.0388,0.000253,60.0
flk_30_30,FLK_0030_1p_phC_fm8p8hz_m065_cond30,flk_sim_30,30,C,C,train,Flicker,0,SCENARIO_CONTROLLER,8.8,0.065,0.0649,9.0,0.574739,0.850378,1.479591,0.1356,2.0,60.0,59.655,13.66,0.795092,0.002848,0.001029,0.00048,0.000261,0.000226,0.000191,0.000167,8.1e-05,0.000213,4e-05,0.003582,0.001294,0.000604,0.000328,0.00024,0.000102,5e-05,1e-05,60.07,4.55,0.0381,1.2e-05,60.0
flk_30_31,FLK_0030_1p_phC_fm8p8hz_m065_cond30,flk_sim_30,30,C,C,train,Flicker,0,SCENARIO_CONTROLLER,8.8,0.065,0.0569,9.0,0.577027,0.850378,1.473724,0.3791,2.0,60.0,59.655,13.75,0.798732,0.004677,0.002485,0.001836,0.001489,0.001085,0.00088,0.000931,0.000795,0.000526,0.000608,0.005856,0.003111,0.002299,0.001864,0.001102,0.000995,0.000761,3.8e-05,60.28,12.48,0.0374,0.000195,60.0
flk_30_32,FLK_0030_1p_phC_fm8p8hz_m065_cond30,flk_sim_30,30,C,C,train,Flicker,0,SCENARIO_CONTROLLER,8.8,0.065,0.0586,9.0,0.576338,0.850378,1.475486,0.2539,2.0,60.0,59.7687,14.07,0.798854,0.003173,0.001687,0.001107,0.001,0.000676,0.000516,0.000463,0.000427,0.000496,0.000427,0.003972,0.002112,0.001386,0.001252,0.000646,0.000535,0.000535,1.7e-05,60.17,8.45,0.0352,8e-05,60.0
flk_31_01,FLK_0031_2p_phAB_fm10hz_m06_cond31,flk_sim_31,31,AB,B,test,Flicker,0,SCENARIO_CONTROLLER,10.0,0.06,0.0554,10.0,0.590538,0.87308,1.478449,0.0182,0.0,60.0,60.0229,15.06,0.822329,0.000247,3.5e-05,0.00021,0.000107,7.2e-05,9.9e-05,0.000106,8.4e-05,0.000198,0.000132,0.0003,4.3e-05,0.000255,0.00013,0.00012,0.000102,0.000161,0.0,60.1,3.88,0.0252,6e-06,60.0
flk_31_02,FLK_0031_2p_phAB_fm10hz_m06_cond31,flk_sim_31,31,AB,B,test,Flicker,0,SCENARIO_CONTROLLER,10.0,0.06,0.0552,10.0,0.590524,0.87308,1.478483,0.0416,0.0,60.0,60.0791,15.17,0.822184,0.00034,0.000321,1.4e-05,9.9e-05,5.7e-05,6.4e-05,5.5e-05,3e-05,0.000131,0.000116,0.000414,0.00039,1.7e-05,0.00012,7.8e-05,3.6e-05,0.000141,0.0,60.1,3.88,0.0254,5e-06,60.0
flk_31_03,FLK_0031_2p_phAB_fm10hz_m06_cond31,flk_sim_31,31,AB,B,test,Flicker,0,SCENARIO_CONTROLLER,10.0,0.06,0.0553,10.5,0.590663,0.87308,1.478135,0.0193,0.0,60.0,60.0791,15.25,0.822344,0.00023,0.000155,0.000145,2.9e-05,6e-05,1.4e-05,3.9e-05,7e-05,0.000163,6.2e-05,0.00028,0.000188,0.000176,3.5e-05,1.7e-05,8.5e-05,7.5e-05,0.0,60.1,3.85,0.0254,5e-06,60.0
flk_31_04,FLK_0031_2p_phAB_fm10hz_m06_cond31,flk_sim_31,31,AB,B,test,Flicker,0,SCENARIO_CONTROLLER,10.0,0.06,0.0552,10.5,0.590505,0.87308,1.478531,0.0208,0.0,60.0,60.0791,15.27,0.822073,0.000384,0.000118,2.9e-05,9.9e-05,0.000148,7.5e-05,9.2e-05,0.00011,0.000145,6.2e-05,0.000467,0.000144,3.5e-05,0.00012,9.1e-05,0.000134,7.5e-05,0.0,60.1,3.95,0.0255,5e-06,60.0
flk_31_05,FLK_0031_2p_phAB_fm10hz_m06_cond31,flk_sim_31,31,AB,B,test,Flicker,0,SCENARIO_CONTROLLER,10.0,0.06,0.0554,10.5,0.590554,0.87308,1.478408,0.0359,0.0,60.0,60.1224,15.51,0.822063,0.000241,0.000277,0.000184,8.8e-05,0.000142,5e-05,5.5e-05,0.000115,0.000119,6.3e-05,0.000293,0.000337,0.000224,0.000107,6.1e-05,0.00014,7.7e-05,0.0,60.1,3.87,0.0256,5e-06,60.0
flk_31_06,FLK_0031_2p_phAB_fm10hz_m06_cond31,flk_sim_31,31,AB,B,test,Flicker,0,SCENARIO_CONTROLLER,10.0,0.06,0.0555,10.5,0.590663,0.87308,1.478136,0.0157,0.0,60.0,60.1224,15.56,0.82221,8.7e-05,0.000125,7e-05,1.6e-05,8.1e-05,2.9e-05,5.4e-05,8.6e-05,0.000148,6.3e-05,0.000106,0.000152,8.5e-05,1.9e-05,3.5e-05,0.000105,7.7e-05,0.0,60.1,3.84,0.0256,5e-06,60.0
flk_31_07,FLK_0031_2p_phAB_fm10hz_m06_cond31,flk_sim_31,31,AB,B,test,Flicker,0,SCENARIO_CONTROLLER,10.0,0.06,0.0553,10.0,0.590499,0.87308,1.478548,0.0332,0.0,60.0,60.1224,15.58,0.821945,0.000292,0.000238,0.000222,0.000111,0.000145,7.4e-05,0.000101,6.9e-05,8.9e-05,8.6e-05,0.000355,0.00029,0.00027,0.000135,9e-05,8.4e-05,0.000105,0.0,60.1,3.89,0.0257,6e-06,60.0
flk_31_08,FLK_0031_2p_phAB_fm10hz_m06_cond31,flk_sim_31,31,AB,B,test,Flicker,0,SCENARIO_CONTROLLER,10.0,0.06,0.055,10.0,0.590589,0.87308,1.478321,0.0303,0.0,60.0,60.1377,15.67,0.822064,0.000353,0.000227,0.00016,8e-05,0.000144,6.4e-05,8.7e-05,6.1e-05,7.9e-05,8.3e-05,0.000429,0.000276,0.000195,9.7e-05,7.8e-05,7.4e-05,0.000101,0.0,60.1,3.92,0.0257,5e-06,60.0
flk_31_09,FLK_0031_2p_phAB_fm10hz_m06_cond31,flk_sim_31,31,AB,B,test,Flicker,0,SCENARIO_CONTROLLER,10.0,0.06,0.055,10.0,0.590663,0.87308,1.478137,0.013,0.0,60.0,60.1377,15.67,0.822174,0.000278,9.6e-05,0.000129,1.9e-05,8.4e-05,4.4e-05,7.1e-05,1.8e-05,9.1e-05,4.8e-05,0.000338,0.000117,0.000157,2.3e-05,5.4e-05,2.2e-05,5.8e-05,0.0,60.1,3.89,0.0257,5e-06,60.0
flk_31_10,FLK_0031_2p_phAB_fm10hz_m06_cond31,flk_sim_31,31,AB,B,test,Flicker,0,SCENARIO_CONTROLLER,10.0,0.06,0.0552,9.5,0.590495,0.87308,1.478558,0.0431,0.0,60.0,60.1377,15.59,0.82195,0.000373,0.000326,0.000179,9e-05,4.3e-05,0.000106,1.2e-05,8.7e-05,3.1e-05,6.5e-05,0.000454,0.000397,0.000218,0.000109,0.000129,0.000106,7.9e-05,0.0,60.1,3.95,0.0257,6e-06,60.0
flk_31_11,FLK_0031_2p_phAB_fm10hz_m06_cond31,flk_sim_31,31,AB,B,test,Flicker,0,SCENARIO_CONTROLLER,10.0,0.06,0.0557,9.5,0.590604,0.87308,1.478284,0.0237,0.0,60.0,60.104,15.43,0.822156,0.000161,0.000162,3.1e-05,7.6e-05,8e-05,7.5e-05,8.3e-05,1.1e-05,8.5e-05,5.4e-05,0.000196,0.000197,3.8e-05,9.2e-05,9.1e-05,1.3e-05,6.6e-05,0.0,60.1,3.86,0.0256,5e-06,60.0
flk_31_12,FLK_0031_2p_phAB_fm10hz_m06_cond31,flk_sim_31,31,AB,B,test,Flicker,0,SCENARIO_CONTROLLER,10.0,0.06,0.0557,9.5,0.590642,0.87308,1.478189,0.0165,0.0,60.0,60.104,15.42,0.82222,0.000112,8.4e-05,0.000138,7.5e-05,0.000149,7.5e-05,6.7e-05,3.1e-05,8.2e-05,6e-05,0.000136,0.000102,0.000168,9.1e-05,9.1e-05,3.8e-05,7.3e-05,0.0,60.1,3.88,0.0256,5e-06,60.0
flk_31_13,FLK_0031_2p_phAB_fm10hz_m06_cond31,flk_sim_31,31,AB,B,test,Flicker,0,SCENARIO_CONTROLLER,10.0,0.06,0.0553,9.5,0.590486,0.87308,1.478578,0.0496,0.0,60.0,60.1431,15.26,0.822079,0.000381,0.000387,5.7e-05,9.8e-05,0.00015,8.6e-05,5.5e-05,0.0001,4.1e-05,8.5e-05,0.000463,0.000471,6.9e-05,0.000119,0.000105,0.000122,0.000103,0.0,60.1,3.99,0.0255,6e-06,60.0
flk_31_14,FLK_0031_2p_phAB_fm10hz_m06_cond31,flk_sim_31,31,AB,B,test,Flicker,0,SCENARIO_CONTROLLER,10.0,0.06,0.0548,9.5,0.590644,0.87308,1.478182,0.0128,0.0,60.0,60.0556,15.15,0.82238,0.000343,0.000104,0.000153,8e-06,0.000112,1.4e-05,4.2e-05,5.6e-05,7.6e-05,7.6e-05,0.000417,0.000126,0.000186,1e-05,1.7e-05,6.8e-05,9.2e-05,0.0,60.1,3.88,0.0253,5e-06,60.0
flk_31_15,FLK_0031_2p_phAB_fm10hz_m06_cond31,flk_sim_31,31,AB,B,test,Flicker,0,SCENARIO_CONTROLLER,10.0,0.06,0.0549,9.5,0.590604,0.87308,1.478283,0.0251,0.0,60.0,60.0556,15.12,0.822343,0.000379,0.000146,3.3e-05,0.00014,0.000178,4.3e-05,5.4e-05,0.000101,2.2e-05,7.1e-05,0.000461,0.000178,4e-05,0.00017,5.2e-05,0.000123,8.6e-05,0.0,60.1,3.91,0.0253,6e-06,60.0
flk_31_16,FLK_0031_2p_phAB_fm10hz_m06_cond31,flk_sim_31,31,AB,B,test,Flicker,0,SCENARIO_CONTROLLER,10.0,0.06,0.0561,9.5,0.590482,0.87308,1.478589,0.0535,0.0,60.0,60.0038,15.05,0.822304,0.000351,0.000386,0.000223,0.000195,0.000237,8.4e-05,0.000113,3.3e-05,7e-05,0.000109,0.000427,0.000469,0.000271,0.000237,0.000102,4e-05,0.000133,0.0,60.1,3.95,0.0251,6e-06,60.0
flk_31_17,FLK_0031_2p_phAB_fm10hz_m06_cond31,flk_sim_31,31,AB,B,test,Flicker,0,SCENARIO_CONTROLLER,10.0,0.06,0.0565,10.0,0.590685,0.87308,1.47808,0.0147,0.0,60.0,60.0038,15.07,0.822654,0.000125,8.6e-05,6.6e-05,7.6e-05,0.000164,3.6e-05,2.3e-05,7.9e-05,7.3e-05,9.2e-05,0.000152,0.000105,8e-05,9.2e-05,4.4e-05,9.6e-05,0.000112,0.0,60.09,3.83,0.025,5e-06,60.0
flk_31_18,FLK_0031_2p_phAB_fm10hz_m06_cond31,flk_sim_31,31,AB,B,test,Flicker,0,SCENARIO_CONTROLLER,10.0,0.06,0.0548,10.0,0.590549,0.87308,1.47842,0.0313,0.0,60.0,60.0038,15.08,0.822503,0.000296,0.000211,0.000177,0.000126,0.000141,7.8e-05,2.3e-05,9.7e-05,3.2e-05,9e-05,0.00036,0.000257,0.000215,0.000153,9.5e-05,0.000118,0.000109,0.0,60.1,3.97,0.0249,6e-06,60.0
flk_31_19,FLK_0031_2p_phAB_fm10hz_m06_cond31,flk_sim_31,31,AB,B,test,Flicker,0,SCENARIO_CONTROLLER,10.0,0.06,0.0549,10.5,0.590516,0.87308,1.478504,0.0448,0.0,60.0,59.9607,15.22,0.822582,0.000428,0.000303,0.000163,0.000189,0.000145,9.2e-05,8.1e-05,8.8e-05,8.8e-05,7.9e-05,0.00052,0.000368,0.000198,0.00023,0.000112,0.000107,9.6e-05,0.0,60.1,3.92,0.0247,6e-06,60.0
flk_31_20,FLK_0031_2p_phAB_fm10hz_m06_cond31,flk_sim_31,31,AB,B,test,Flicker,0,SCENARIO_CONTROLLER,10.0,0.06,0.0567,10.5,0.590689,0.874581,1.480612,0.0176,0.0,60.0,59.9607,15.24,0.82285,0.000265,9.4e-05,5.7e-05,0.000102,0.000105,4.1e-05,2.9e-05,7.4e-05,5.5e-05,0.000106,0.000322,0.000114,6.9e-05,0.000124,5e-05,9e-05,0.000129,0.0,60.1,3.8,0.0247,5e-06,60.0
flk_31_21,FLK_0031_2p_phAB_fm10hz_m06_cond31,flk_sim_31,31,AB,B,test,Flicker,0,SCENARIO_CONTROLLER,10.0,0.06,0.0557,10.5,0.590489,0.874581,1.481113,0.0407,0.0,60.0,59.9607,15.31,0.822626,0.000424,0.000321,0.000156,4.4e-05,6.6e-05,8.5e-05,6.1e-05,6e-06,6.1e-05,0.000142,0.000515,0.00039,0.00019,5.3e-05,0.000103,7e-06,0.000173,0.0,60.1,3.94,0.0246,6e-06,60.0
flk_31_22,FLK_0031_2p_phAB_fm10hz_m06_cond31,flk_sim_31,31,AB,B,test,Flicker,0,SCENARIO_CONTROLLER,10.0,0.06,0.0547,10.5,0.590579,0.874581,1.480887,0.0268,0.0,60.0,59.9316,15.49,0.822821,0.000233,0.000174,9e-05,0.000128,6.5e-05,4.4e-05,4.6e-05,9.2e-05,9.1e-05,0.000133,0.000283,0.000211,0.000109,0.000156,5.3e-05,0.000112,0.000162,0.0,60.1,3.86,0.0245,6e-06,60.0
flk_31_23,FLK_0031_2p_phAB_fm10hz_m06_cond31,flk_sim_31,31,AB,B,test,Flicker,0,SCENARIO_CONTROLLER,10.0,0.06,0.0547,10.5,0.590635,0.874581,1.480745,0.0199,0.0,60.0,59.9316,15.5,0.822907,0.000164,3.7e-05,0.00011,0.000147,0.000182,6.4e-05,2.7e-05,5.8e-05,3.8e-05,8.3e-05,0.000199,4.5e-05,0.000134,0.000179,7.8e-05,7e-05,0.000101,0.0,60.1,3.85,0.0245,5e-06,60.0
flk_31_24,FLK_0031_2p_phAB_fm10hz_m06_cond31,flk_sim_31,31,AB,B,test,Flicker,0,SCENARIO_CONTROLLER,10.0,0.06,0.0551,10.5,0.59046,0.874581,1.481185,0.0469,0.0,60.0,59.924,15.6,0.82269,0.00041,0.000366,0.000116,0.000105,0.000224,6.2e-05,7.9e-05,0.000118,8.6e-05,5.9e-05,0.000498,0.000445,0.000141,0.000128,7.5e-05,0.000143,7.2e-05,0.0,60.1,3.89,0.0245,6e-06,60.0
flk_31_25,FLK_0031_2p_phAB_fm10hz_m06_cond31,flk_sim_31,31,AB,B,test,Flicker,0,SCENARIO_CONTROLLER,10.0,0.06,0.0557,10.5,0.590627,0.874581,1.480767,0.0147,0.0,60.0,59.924,15.58,0.822927,0.000309,9.7e-05,8.5e-05,7e-05,0.000176,1.9e-05,9e-06,4.5e-05,0.000101,5.6e-05,0.000375,0.000118,0.000103,8.5e-05,2.3e-05,5.5e-05,6.8e-05,0.0,60.1,3.79,0.0244,5e-06,60.0
flk_31_26,FLK_0031_2p_phAB_fm10hz_m06_cond31,flk_sim_31,31,AB,B,test,Flicker,0,SCENARIO_CONTROLLER,10.0,0.06,0.0555,10.0,0.590539,0.874581,1.480987,0.0301,0.0,60.0,59.924,15.58,0.822801,0.000389,0.000118,9.1e-05,0.000211,0.000202,5.1e-05,3.6e-05,6.4e-05,7.6e-05,9.8e-05,0.000473,0.000143,0.000111,0.000256,6.2e-05,7.8e-05,0.000119,0.0,60.1,3.83,0.0244,6e-06,60.0
flk_31_27,FLK_0031_2p_phAB_fm10hz_m06_cond31,flk_sim_31,31,AB,B,test,Flicker,0,SCENARIO_CONTROLLER,10.0,0.06,0.0548,10.0,0.590481,0.874581,1.481132,0.0498,0.0,60.0,59.9363,15.48,0.822677,0.000327,0.000346,0.000161,0.000215,0.000239,4.4e-05,7.5e-05,7e-05,0.000119,0.0001,0.000397,0.000421,0.000196,0.000261,5.3e-05,8.5e-05,0.000122,0.0,60.1,3.92,0.0245,6e-06,60.0
flk_31_28,FLK_0031_2p_phAB_fm10hz_m06_cond31,flk_sim_31,31,AB,B,test,Flicker,0,SCENARIO_CONTROLLER,10.0,0.06,0.0545,10.0,0.590647,0.874581,1.480716,0.021,0.0,60.0,59.9363,15.41,0.822884,0.000124,0.000118,1.2e-05,0.000121,0.000166,3.3e-05,1.1e-05,7.5e-05,6.7e-05,4.6e-05,0.000151,0.000143,1.5e-05,0.000147,4e-05,9.1e-05,5.6e-05,0.0,60.1,3.8,0.0245,5e-06,60.0
flk_31_29,FLK_0031_2p_phAB_fm10hz_m06_cond31,flk_sim_31,31,AB,B,test,Flicker,0,SCENARIO_CONTROLLER,10.0,0.06,0.0549,10.0,0.590481,0.874581,1.481132,0.0399,0.0,60.0,59.9363,15.38,0.822617,0.00032,0.000224,0.000182,0.000234,8e-05,5.5e-05,8.1e-05,0.00014,0.000103,3.6e-05,0.000389,0.000272,0.000221,0.000284,6.7e-05,0.00017,4.4e-05,0.0,60.1,3.87,0.0246,6e-06,60.0
flk_31_30,FLK_0031_2p_phAB_fm10hz_m06_cond31,flk_sim_31,31,AB,B,test,Flicker,0,SCENARIO_CONTROLLER,10.0,0.06,0.0554,10.0,0.590551,0.874581,1.480956,0.0467,0.0,60.0,59.9727,15.18,0.822609,0.000386,0.000289,9.5e-05,0.00024,0.000112,8.1e-05,4.3e-05,9.4e-05,0.000137,5.1e-05,0.000469,0.000351,0.000115,0.000292,9.8e-05,0.000114,6.2e-05,0.0,60.1,3.86,0.0248,6e-06,60.0
flk_31_31,FLK_0031_2p_phAB_fm10hz_m06_cond31,flk_sim_31,31,AB,B,test,Flicker,0,SCENARIO_CONTROLLER,10.0,0.06,0.0555,10.0,0.590625,0.874581,1.480772,0.0179,0.0,60.0,59.9727,15.15,0.82269,0.000332,0.000115,0.000122,9e-05,0.000166,1.8e-05,9e-06,0.000105,8e-05,7e-05,0.000404,0.00014,0.000148,0.000109,2.2e-05,0.000128,8.5e-05,0.0,60.1,3.8,0.0248,5e-06,60.0
flk_31_32,FLK_0031_2p_phAB_fm10hz_m06_cond31,flk_sim_31,31,AB,B,test,Flicker,0,SCENARIO_CONTROLLER,10.0,0.06,0.055,10.0,0.590456,0.874581,1.481195,0.0399,0.0,60.0,59.9727,15.1,0.822368,0.000434,0.000287,0.000112,0.000134,0.000168,8.6e-05,9e-05,1.4e-05,0.000146,8.9e-05,0.000528,0.000349,0.000136,0.000163,0.000105,1.7e-05,0.000108,0.0,60.1,4.01,0.0249,6e-06,60.0
flk_32_01,FLK_0032_2p_phBC_fm8p8hz_m065_cond32,flk_sim_32,32,BC,C,val,Flicker,0,SCENARIO_CONTROLLER,8.8,0.065,0.0566,9.0,0.594266,0.881841,1.483917,0.198,0.0,60.0,59.8966,14.62,0.825656,0.002641,0.001443,0.001053,0.000602,0.000566,0.000478,0.000392,0.000437,0.000274,0.000466,0.003199,0.001748,0.001275,0.000729,0.000579,0.000529,0.000564,1.2e-05,60.15,7.67,0.0317,5.8e-05,60.0
flk_32_02,FLK_0032_2p_phBC_fm8p8hz_m065_cond32,flk_sim_32,32,BC,C,val,Flicker,0,SCENARIO_CONTROLLER,8.8,0.065,0.0593,9.0,0.593576,0.881841,1.485641,0.0668,0.0,60.0,59.8966,14.56,0.825005,0.001432,0.000416,0.000212,0.000344,0.000218,0.000108,5e-05,4.5e-05,0.000153,8.9e-05,0.001736,0.000504,0.000257,0.000417,0.000131,5.5e-05,0.000108,2e-06,60.1,4.39,0.0309,9e-06,60.0
flk_32_03,FLK_0032_2p_phBC_fm8p8hz_m065_cond32,flk_sim_32,32,BC,C,val,Flicker,0,SCENARIO_CONTROLLER,8.8,0.065,0.0569,9.0,0.594589,0.881841,1.48311,0.1108,0.0,60.0,59.8966,14.6,0.826617,0.001688,0.000777,0.000576,0.000437,0.000398,0.000212,0.000304,0.000253,0.000118,0.00012,0.002042,0.00094,0.000697,0.000529,0.000256,0.000306,0.000145,4e-06,60.11,5.18,0.0305,1.9e-05,60.0
flk_32_04,FLK_0032_2p_phBC_fm8p8hz_m065_cond32,flk_sim_32,32,BC,C,val,Flicker,0,SCENARIO_CONTROLLER,8.8,0.065,0.0582,9.0,0.594759,0.881841,1.482687,0.0695,0.0,60.0,60.075,14.54,0.827019,0.001256,0.000522,0.00021,0.000214,0.000117,0.000113,0.000149,0.000105,0.000135,0.000188,0.001519,0.000631,0.000254,0.000259,0.000137,0.000127,0.000227,2e-06,60.1,4.33,0.0301,8e-06,60.0
flk_32_05,FLK_0032_2p_phBC_fm8p8hz_m065_cond32,flk_sim_32,32,BC,C,val,Flicker,0,SCENARIO_CONTROLLER,8.8,0.065,0.0565,9.0,0.595597,0.881841,1.480599,0.0805,0.0,60.0,60.075,14.59,0.828086,0.001483,0.000512,0.000425,0.000418,0.000155,8.9e-05,0.000125,0.00016,0.000118,0.000198,0.001791,0.000618,0.000513,0.000505,0.000107,0.000193,0.000239,3e-06,60.1,4.72,0.0304,1.2e-05,60.0
flk_32_06,FLK_0032_2p_phBC_fm8p8hz_m065_cond32,flk_sim_32,32,BC,C,val,Flicker,0,SCENARIO_CONTROLLER,8.8,0.065,0.0564,9.0,0.595556,0.881841,1.480702,0.1063,0.0,60.0,60.075,14.58,0.827921,0.001872,0.000755,0.000597,0.000322,0.000387,0.000318,0.000267,0.000314,0.000277,0.000171,0.002261,0.000912,0.000721,0.000389,0.000384,0.000379,0.000207,5e-06,60.11,5.56,0.0306,2.4e-05,60.0
flk_32_07,FLK_0032_2p_phBC_fm8p8hz_m065_cond32,flk_sim_32,32,BC,C,val,Flicker,0,SCENARIO_CONTROLLER,8.8,0.065,0.0565,9.0,0.596188,0.881841,1.479132,0.2059,0.0,60.0,60.2328,14.2,0.828167,0.002722,0.001526,0.001024,0.00062,0.000616,0.000441,0.000444,0.000356,0.000422,0.000327,0.003287,0.001843,0.001236,0.000749,0.000533,0.00043,0.000395,1.2e-05,60.14,7.53,0.032,6e-05,60.0
flk_32_08,FLK_0032_2p_phBC_fm8p8hz_m065_cond32,flk_sim_32,32,BC,C,val,Flicker,0,SCENARIO_CONTROLLER,8.8,0.065,0.0566,8.5,0.597459,0.881841,1.475986,0.0984,0.0,60.0,60.2328,14.28,0.829848,0.001841,0.000705,0.000369,0.000407,0.000252,6.7e-05,0.000141,0.00017,9.7e-05,0.000214,0.002218,0.00085,0.000445,0.00049,8.1e-05,0.000205,0.000258,4e-06,60.08,4.44,0.0322,1.1e-05,60.0
flk_32_09,FLK_0032_2p_phBC_fm8p8hz_m065_cond32,flk_sim_32,32,BC,C,val,Flicker,0,SCENARIO_CONTROLLER,8.8,0.065,0.0562,8.5,0.596129,0.881841,1.479279,0.3016,0.0,60.0,60.2328,14.22,0.827447,0.003906,0.002073,0.001553,0.001184,0.001031,0.000728,0.000776,0.000578,0.000623,0.000575,0.004721,0.002505,0.001877,0.001431,0.00088,0.000699,0.000695,2.7e-05,60.22,10.69,0.0334,0.000133,60.0
flk_32_10,FLK_0032_2p_phBC_fm8p8hz_m065_cond32,flk_sim_32,32,BC,C,val,Flicker,0,SCENARIO_CONTROLLER,8.8,0.065,0.0582,8.5,0.597582,0.881841,1.475683,0.2431,0.0,60.0,60.3324,13.88,0.828949,0.003448,0.001757,0.001094,0.000769,0.000778,0.000618,0.000465,0.000564,0.00039,0.000384,0.004159,0.00212,0.00132,0.000928,0.000746,0.00068,0.000463,1.9e-05,60.14,8.36,0.0344,7.7e-05,60.0
flk_32_11,FLK_0032_2p_phBC_fm8p8hz_m065_cond32,flk_sim_32,32,BC,C,val,Flicker,0,SCENARIO_CONTROLLER,8.8,0.065,0.0585,8.5,0.597929,0.881841,1.474826,0.2129,0.0,60.0,60.3324,13.91,0.829396,0.003186,0.001478,0.00104,0.000875,0.000577,0.000411,0.000355,0.000432,0.000384,0.000356,0.003841,0.001782,0.001254,0.001055,0.000496,0.000521,0.000429,1.5e-05,60.11,7.2,0.0344,5.3e-05,60.0
flk_32_12,FLK_0032_2p_phBC_fm8p8hz_m065_cond32,flk_sim_32,32,BC,C,val,Flicker,0,SCENARIO_CONTROLLER,8.8,0.065,0.0567,8.5,0.595935,0.881841,1.479761,0.4057,0.0,60.0,60.274,14.08,0.826222,0.005006,0.002709,0.001872,0.001662,0.00123,0.001066,0.000974,0.000826,0.000728,0.000737,0.006059,0.003279,0.002266,0.002012,0.00129,0.001,0.000892,4.4e-05,60.3,13.19,0.0353,0.00021,60.0
flk_32_13,FLK_0032_2p_phBC_fm8p8hz_m065_cond32,flk_sim_32,32,BC,C,val,Flicker,0,SCENARIO_CONTROLLER,8.8,0.065,0.0618,8.5,0.597721,0.881841,1.475339,0.1829,0.0,60.0,60.3483,13.84,0.828845,0.002899,0.001308,0.000832,0.00062,0.000442,0.000449,0.000327,0.000275,0.000251,0.000383,0.003498,0.001578,0.001004,0.000748,0.000542,0.000332,0.000462,1.2e-05,60.08,5.99,0.0348,3.1e-05,60.0
flk_32_14,FLK_0032_2p_phBC_fm8p8hz_m065_cond32,flk_sim_32,32,BC,C,val,Flicker,0,SCENARIO_CONTROLLER,8.8,0.065,0.0587,8.5,0.596563,0.881841,1.478203,0.2985,0.0,60.0,60.3483,13.8,0.827182,0.003957,0.002069,0.001376,0.001087,0.000903,0.000796,0.000679,0.00055,0.000537,0.000424,0.004784,0.002501,0.001663,0.001314,0.000962,0.000665,0.000513,2.6e-05,60.18,9.8,0.0351,0.000115,60.0
flk_32_15,FLK_0032_2p_phBC_fm8p8hz_m065_cond32,flk_sim_32,32,BC,C,val,Flicker,0,SCENARIO_CONTROLLER,8.8,0.065,0.061,8.5,0.594809,0.881841,1.482563,0.3493,0.0,60.0,60.2718,14.07,0.825105,0.004299,0.002327,0.001686,0.001396,0.001046,0.000972,0.000744,0.000731,0.000613,0.00045,0.00521,0.00282,0.002043,0.001692,0.001178,0.000886,0.000545,3.2e-05,60.24,11.45,0.0344,0.000156,60.0
flk_32_16,FLK_0032_2p_phBC_fm8p8hz_m065_cond32,flk_sim_32,32,BC,C,val,Flicker,0,SCENARIO_CONTROLLER,8.8,0.065,0.0705,9.0,0.596015,0.881841,1.479562,0.1133,0.0,60.0,60.2718,14.12,0.827173,0.002304,0.000855,0.000356,0.000325,0.000197,0.000202,0.000107,3.1e-05,6.4e-05,0.000164,0.002785,0.001034,0.00043,0.000393,0.000244,3.7e-05,0.000198,6e-06,60.07,4.4,0.0335,1e-05,60.0
flk_32_17,FLK_0032_2p_phBC_fm8p8hz_m065_cond32,flk_sim_32,32,BC,B,val,Flicker,0,SCENARIO_CONTROLLER,8.8,0.065,0.0588,9.0,0.605313,0.878757,1.451741,0.1033,0.0,60.0,60.231,14.33,0.840832,0.001962,0.000792,0.000449,0.000331,0.000242,0.000133,5.1e-05,0.00012,0.000208,0.000176,0.002333,0.000942,0.000534,0.000394,0.000158,0.000143,0.000209,5e-06,60.09,4.03,0.032,9e-06,60.0
flk_32_18,FLK_0032_2p_phBC_fm8p8hz_m065_cond32,flk_sim_32,32,BC,C,val,Flicker,0,SCENARIO_CONTROLLER,8.8,0.065,0.0666,9.0,0.593006,0.881841,1.487069,0.1674,0.0,60.0,60.1269,14.45,0.823852,0.002339,0.001188,0.000752,0.000567,0.000531,0.00041,0.000344,0.000298,0.000335,0.000445,0.002839,0.001442,0.000913,0.000688,0.000498,0.000362,0.00054,9e-06,60.13,6.54,0.0317,3.8e-05,60.0
flk_32_19,FLK_0032_2p_phBC_fm8p8hz_m065_cond32,flk_sim_32,32,BC,C,val,Flicker,0,SCENARIO_CONTROLLER,8.8,0.065,0.0669,9.0,0.59305,0.881841,1.486958,0.123,0.0,60.0,60.1269,14.45,0.824039,0.001823,0.000851,0.000621,0.000462,0.000276,0.000302,0.000197,0.00018,0.000134,0.000104,0.002212,0.001033,0.000754,0.000561,0.000366,0.000218,0.000126,5e-06,60.1,5.1,0.0314,1.7e-05,60.0
flk_32_20,FLK_0032_2p_phBC_fm8p8hz_m065_cond32,flk_sim_32,32,BC,C,val,Flicker,0,SCENARIO_CONTROLLER,8.8,0.065,0.0577,9.0,0.591461,0.881841,1.490955,0.1121,0.0,60.0,60.1269,14.4,0.822083,0.00173,0.000804,0.000513,0.000368,0.000319,0.00026,0.000268,0.000248,0.000252,3.3e-05,0.002104,0.000978,0.000624,0.000448,0.000316,0.000302,4e-05,4e-06,60.12,5.52,0.0308,2.3e-05,60.0
flk_32_21,FLK_0032_2p_phBC_fm8p8hz_m065_cond32,flk_sim_32,32,BC,C,val,Flicker,0,SCENARIO_CONTROLLER,8.8,0.065,0.057,9.0,0.591244,0.881841,1.491501,0.0639,0.0,60.0,59.9597,14.58,0.82194,0.001211,0.000421,0.00035,0.000279,0.000154,0.000143,0.000104,7.4e-05,8e-06,0.000248,0.001473,0.000512,0.000426,0.000339,0.000174,9e-05,0.000302,2e-06,60.1,4.27,0.0304,9e-06,60.0
flk_32_22,FLK_0032_2p_phBC_fm8p8hz_m065_cond32,flk_sim_32,32,BC,C,val,Flicker,0,SCENARIO_CONTROLLER,8.8,0.065,0.0583,9.0,0.590362,0.881841,1.49373,0.0842,0.0,60.0,59.9597,14.55,0.820621,0.001333,0.000568,0.000281,0.000381,0.000207,0.0001,0.000175,0.000147,0.000142,0.000281,0.001624,0.000692,0.000342,0.000464,0.000122,0.000179,0.000342,3e-06,60.1,4.47,0.0306,1.1e-05,60.0
flk_32_23,FLK_0032_2p_phBC_fm8p8hz_m065_cond32,flk_sim_32,32,BC,C,val,Flicker,0,SCENARIO_CONTROLLER,8.8,0.065,0.0579,8.5,0.590575,0.881841,1.493189,0.1376,0.0,60.0,59.9597,14.57,0.820757,0.001937,0.001009,0.00071,0.00035,0.000443,0.000367,0.000349,0.0003,0.000163,2.6e-05,0.00236,0.001229,0.000865,0.000426,0.000447,0.000366,3.2e-05,6e-06,60.12,5.8,0.031,2.5e-05,60.0
flk_32_24,FLK_0032_2p_phBC_fm8p8hz_m065_cond32,flk_sim_32,32,BC,C,val,Flicker,0,SCENARIO_CONTROLLER,8.8,0.065,0.0577,9.0,0.589981,0.881841,1.494695,0.1658,0.0,60.0,59.8008,14.4,0.819252,0.002632,0.001162,0.000774,0.000597,0.000553,0.000372,0.000346,0.000349,0.000302,0.000103,0.003213,0.001418,0.000945,0.000729,0.000454,0.000426,0.000126,1e-05,60.13,6.52,0.0325,4.1e-05,60.0
flk_32_25,FLK_0032_2p_phBC_fm8p8hz_m065_cond32,flk_sim_32,32,BC,C,val,Flicker,0,SCENARIO_CONTROLLER,8.8,0.065,0.0585,8.5,0.589462,0.881841,1.496009,0.1375,0.0,60.0,59.8008,14.41,0.818414,0.002361,0.000943,0.00069,0.000541,0.000306,0.000292,0.000229,0.000269,0.000149,0.000378,0.002885,0.001152,0.000843,0.000661,0.000357,0.000329,0.000462,8e-06,60.11,5.37,0.0327,2.3e-05,60.0
flk_32_26,FLK_0032_2p_phBC_fm8p8hz_m065_cond32,flk_sim_32,32,BC,C,val,Flicker,0,SCENARIO_CONTROLLER,8.8,0.065,0.0579,9.0,0.591278,0.881841,1.491416,0.3487,0.0,60.0,59.6929,14.21,0.820075,0.004402,0.002444,0.001642,0.001231,0.001014,0.00083,0.00082,0.000686,0.000598,0.000764,0.005368,0.00298,0.002002,0.001501,0.001012,0.000837,0.000932,3.3e-05,60.25,11.61,0.0346,0.000161,60.0
flk_32_27,FLK_0032_2p_phBC_fm8p8hz_m065_cond32,flk_sim_32,32,BC,C,val,Flicker,0,SCENARIO_CONTROLLER,8.8,0.065,0.0603,9.0,0.589507,0.881841,1.495896,0.1783,0.0,60.0,59.6824,14.1,0.81682,0.003029,0.00131,0.000878,0.000505,0.00042,0.000387,0.000367,0.000344,0.000366,0.000431,0.003708,0.001604,0.001075,0.000618,0.000474,0.000421,0.000528,1.3e-05,60.1,6.51,0.036,3.9e-05,60.0
flk_32_28,FLK_0032_2p_phBC_fm8p8hz_m065_cond32,flk_sim_32,32,BC,C,val,Flicker,0,SCENARIO_CONTROLLER,8.8,0.065,0.0597,9.0,0.590615,0.881841,1.493089,0.3318,0.0,60.0,59.6824,14.17,0.818198,0.004237,0.002235,0.00152,0.001356,0.001058,0.000734,0.000735,0.000653,0.000521,0.000401,0.005178,0.002732,0.001858,0.001657,0.000897,0.000798,0.00049,3e-05,60.22,11.14,0.0364,0.000149,60.0
flk_32_29,FLK_0032_2p_phBC_fm8p8hz_m065_cond32,flk_sim_32,32,BC,C,val,Flicker,0,SCENARIO_CONTROLLER,8.8,0.065,0.058,9.0,0.592262,0.881841,1.488938,0.4663,0.0,60.0,59.6116,13.99,0.81961,0.00575,0.003174,0.002206,0.001764,0.001439,0.00119,0.001043,0.000939,0.000847,0.000654,0.007016,0.003873,0.002692,0.002152,0.001452,0.001146,0.000798,5.8e-05,60.35,14.91,0.038,0.000279,60.0
flk_32_30,FLK_0032_2p_phBC_fm8p8hz_m065_cond32,flk_sim_32,32,BC,C,val,Flicker,0,SCENARIO_CONTROLLER,8.8,0.065,0.0702,9.0,0.589842,0.881841,1.495046,0.144,0.0,60.0,59.6116,13.86,0.815922,0.003389,0.001116,0.000638,0.000277,0.000362,0.000244,0.000149,0.00011,0.000164,0.000234,0.004154,0.001368,0.000782,0.000339,0.000299,0.000135,0.000287,1.4e-05,60.05,4.86,0.0383,1.3e-05,60.0
flk_32_31,FLK_0032_2p_phBC_fm8p8hz_m065_cond32,flk_sim_32,32,BC,B,val,Flicker,0,SCENARIO_CONTROLLER,8.8,0.065,0.0619,9.5,0.598738,0.878217,1.466781,0.1567,0.0,60.0,59.6074,13.91,0.828341,0.003323,0.001225,0.000598,0.000384,0.000338,0.000188,0.000144,0.000118,8.3e-05,0.000129,0.004012,0.001479,0.000722,0.000464,0.000227,0.000142,0.000156,1.3e-05,60.05,4.61,0.038,1.2e-05,60.0
flk_32_32,FLK_0032_2p_phBC_fm8p8hz_m065_cond32,flk_sim_32,32,BC,C,val,Flicker,0,SCENARIO_CONTROLLER,8.8,0.065,0.0664,9.0,0.592548,0.881841,1.488219,0.4298,0.0,60.0,59.6065,13.95,0.819623,0.005348,0.002879,0.002052,0.001657,0.00135,0.001173,0.000937,0.000842,0.000831,0.000715,0.006525,0.003513,0.002504,0.002022,0.001431,0.001027,0.000872,5e-05,60.28,13.34,0.0386,0.000226,60.0
flk_33_01,FLK_0033_2p_phCA_fm7hz_m06_cond01,flk_sim_33,1,CA,A,train,Flicker,0,SCENARIO_CONTROLLER,7.0,0.06,0.0552,6.5,0.591945,0.884323,1.493927,0.2007,0.0,60.0,59.6783,13.3,0.824772,0.003418,0.001463,0.000946,0.000658,0.000511,0.00041,0.000307,0.000391,0.000337,0.000246,0.004144,0.001774,0.001147,0.000798,0.000497,0.000474,0.000298,1.6e-05,60.03,6.11,0.0306,3.7e-05,60.0
flk_33_02,FLK_0033_2p_phCA_fm7hz_m06_cond01,flk_sim_33,1,CA,A,train,Flicker,0,SCENARIO_CONTROLLER,7.0,0.06,0.0541,6.5,0.593582,0.884323,1.489806,0.4229,0.0,60.0,59.6783,13.37,0.827137,0.005208,0.002915,0.001954,0.001597,0.001277,0.001089,0.000867,0.000936,0.000803,0.000714,0.006296,0.003524,0.002362,0.001931,0.001317,0.001132,0.000863,4.8e-05,60.24,13.54,0.0309,0.000237,60.0
flk_33_03,FLK_0033_2p_phCA_fm7hz_m06_cond01,flk_sim_33,1,CA,C,train,Flicker,0,SCENARIO_CONTROLLER,7.0,0.06,0.0545,6.5,0.588443,0.860106,1.461663,0.4542,0.0,60.0,59.6406,12.72,0.818616,0.005856,0.003117,0.002104,0.001606,0.00135,0.001237,0.001007,0.000993,0.000712,0.000676,0.007154,0.003808,0.00257,0.001962,0.001511,0.001213,0.000826,5.7e-05,60.27,14.67,0.0341,0.000279,60.0
flk_33_04,FLK_0033_2p_phCA_fm7hz_m06_cond01,flk_sim_33,1,CA,A,train,Flicker,0,SCENARIO_CONTROLLER,7.0,0.06,0.0616,6.5,0.592038,0.884323,1.493693,0.1645,0.0,60.0,59.6384,12.93,0.825015,0.003727,0.00128,0.00071,0.000413,0.000309,0.000183,0.000234,0.000193,3.8e-05,6.8e-05,0.004517,0.001551,0.000861,0.000501,0.000222,0.000234,8.2e-05,1.6e-05,59.99,4.41,0.0309,1.3e-05,60.0
flk_33_05,FLK_0033_2p_phCA_fm7hz_m06_cond01,flk_sim_33,1,CA,A,train,Flicker,0,SCENARIO_CONTROLLER,7.0,0.06,0.0509,6.5,0.595286,0.884323,1.485544,0.5438,0.0,60.0,59.6384,13.04,0.829676,0.006807,0.003728,0.00258,0.00216,0.001662,0.00134,0.001198,0.001055,0.001054,0.0009,0.008204,0.004493,0.00311,0.002603,0.001615,0.001272,0.001085,8.1e-05,60.39,17.33,0.0312,0.000393,60.0
flk_33_06,FLK_0033_2p_phCA_fm7hz_m06_cond01,flk_sim_33,1,CA,A,train,Flicker,0,SCENARIO_CONTROLLER,7.0,0.06,0.0675,7.0,0.595167,0.884323,1.485841,0.4396,0.0,60.0,59.651,13.15,0.829495,0.005749,0.002997,0.002179,0.001744,0.001357,0.001129,0.001022,0.000957,0.000858,0.000734,0.006931,0.003613,0.002627,0.002102,0.001361,0.001154,0.000885,5.6e-05,60.26,14.19,0.0311,0.000264,60.0
flk_33_07,FLK_0033_2p_phCA_fm7hz_m06_cond01,flk_sim_33,1,CA,A,train,Flicker,0,SCENARIO_CONTROLLER,7.0,0.06,0.0629,7.0,0.59368,0.884323,1.48956,0.2202,0.0,60.0,59.651,13.05,0.827359,0.003866,0.00165,0.001034,0.000664,0.000598,0.000394,0.000425,0.000379,0.000332,0.000301,0.004673,0.001994,0.00125,0.000803,0.000476,0.000458,0.000364,2e-05,60.03,6.71,0.0308,4.6e-05,60.0
flk_33_08,FLK_0033_2p_phCA_fm7hz_m06_cond01,flk_sim_33,1,CA,C,train,Flicker,0,SCENARIO_CONTROLLER,7.0,0.06,0.0519,6.5,0.587026,0.860106,1.465192,0.2303,0.0,60.0,59.639,12.62,0.816555,0.003915,0.00167,0.001053,0.000792,0.000559,0.000349,0.000518,0.00048,0.000215,0.000317,0.004795,0.002045,0.00129,0.00097,0.000427,0.000588,0.000388,2.1e-05,60.04,6.96,0.0338,4.8e-05,60.0
flk_33_09,FLK_0033_2p_phCA_fm7hz_m06_cond01,flk_sim_33,1,CA,A,train,Flicker,0,SCENARIO_CONTROLLER,7.0,0.06,0.0801,7.5,0.596294,0.884323,1.483031,0.2917,0.0,60.0,59.7142,13.69,0.830977,0.004201,0.001954,0.001313,0.001189,0.000809,0.000802,0.000588,0.00052,0.000511,0.000456,0.005055,0.002351,0.00158,0.001431,0.000965,0.000626,0.000549,2.7e-05,60.1,9.15,0.0302,0.000104,60.0
flk_33_10,FLK_0033_2p_phCA_fm7hz_m06_cond01,flk_sim_33,1,CA,C,train,Flicker,0,SCENARIO_CONTROLLER,7.0,0.06,0.0684,7.0,0.589085,0.860106,1.46007,0.2791,0.0,60.0,59.7204,13.36,0.819338,0.004034,0.001945,0.001347,0.000913,0.000798,0.000782,0.0006,0.000566,0.000572,0.000514,0.004923,0.002374,0.001644,0.001114,0.000954,0.000691,0.000627,2.5e-05,60.12,9.25,0.033,0.000102,60.0
flk_33_11,FLK_0033_2p_phCA_fm7hz_m06_cond01,flk_sim_33,1,CA,A,train,Flicker,0,SCENARIO_CONTROLLER,7.0,0.06,0.0537,7.5,0.599469,0.884323,1.475176,0.4008,0.0,60.0,59.7784,14.28,0.835418,0.005085,0.0028,0.001913,0.001424,0.001252,0.001161,0.000978,0.00088,0.000805,0.000661,0.006087,0.003352,0.00229,0.001705,0.00139,0.001053,0.000791,4.5e-05,60.25,13.22,0.0296,0.00022,60.0
flk_33_12,FLK_0033_2p_phCA_fm7hz_m06_cond01,flk_sim_33,1,CA,A,train,Flicker,0,SCENARIO_CONTROLLER,7.0,0.06,0.0722,7.5,0.598193,0.884323,1.478322,0.1284,0.0,60.0,59.8083,14.43,0.833512,0.00237,0.000895,0.0006,0.000496,0.000273,0.000312,0.000176,0.00017,0.000147,0.000138,0.002843,0.001074,0.00072,0.000595,0.000374,0.000204,0.000166,7e-06,60.04,4.49,0.0289,1.4e-05,60.0
flk_33_13,FLK_0033_2p_phCA_fm7hz_m06_cond01,flk_sim_33,1,CA,C,train,Flicker,0,SCENARIO_CONTROLLER,7.0,0.06,0.0616,7.5,0.590551,0.860363,1.456883,0.1116,0.0,60.0,59.8371,14.15,0.821235,0.00212,0.000815,0.000451,0.00025,0.000225,0.000337,4.1e-05,2.8e-05,0.000229,2e-05,0.002581,0.000992,0.000549,0.000304,0.00041,3.4e-05,2.4e-05,6e-06,60.05,4.44,0.0314,1.4e-05,60.0
flk_33_14,FLK_0033_2p_phCA_fm7hz_m06_cond01,flk_sim_33,1,CA,A,train,Flicker,0,SCENARIO_CONTROLLER,7.0,0.06,0.0473,7.0,0.600998,0.884323,1.471423,0.185,0.0,60.0,59.9306,15.1,0.837423,0.002523,0.001335,0.000947,0.000575,0.000665,0.000536,0.000427,0.000324,0.000405,0.00033,0.003013,0.001594,0.001131,0.000687,0.00064,0.000387,0.000394,1.1e-05,60.09,6.94,0.028,5.1e-05,60.0
flk_33_15,FLK_0033_2p_phCA_fm7hz_m06_cond01,flk_sim_33,1,CA,A,train,Flicker,0,SCENARIO_CONTROLLER,7.0,0.06,0.051,7.0,0.600593,0.884323,1.472415,0.0789,0.0,60.0,59.9306,15.08,0.836815,0.001461,0.000477,0.000291,0.000396,0.000205,0.000227,9.7e-05,0.000127,0.000111,6.7e-05,0.001746,0.00057,0.000348,0.000473,0.000271,0.000152,8e-05,3e-06,60.05,3.76,0.0277,9e-06,60.0
flk_33_16,FLK_0033_2p_phCA_fm7hz_m06_cond01,flk_sim_33,1,CA,A,train,Flicker,0,SCENARIO_CONTROLLER,7.0,0.06,0.0474,6.5,0.601742,0.884323,1.469605,0.1161,0.0,60.0,59.9306,15.1,0.838442,0.001635,0.000757,0.00049,0.000546,0.000342,0.000277,0.000233,0.000165,0.000235,0.000158,0.00195,0.000903,0.000584,0.000651,0.00033,0.000197,0.000188,4e-06,60.06,4.57,0.0275,1.6e-05,60.0
flk_33_17,FLK_0033_2p_phCA_fm7hz_m06_cond01,flk_sim_33,1,CA,A,train,Flicker,0,SCENARIO_CONTROLLER,7.0,0.06,0.047,6.5,0.601982,0.884323,1.469018,0.0638,0.0,60.0,60.0578,15.13,0.838773,0.001216,0.000468,0.000207,0.00014,6.1e-05,0.000219,0.000111,1.1e-05,8.3e-05,7.2e-05,0.00145,0.000558,0.000247,0.000167,0.000261,1.3e-05,8.6e-05,2e-06,60.05,3.66,0.0273,7e-06,60.0
flk_33_18,FLK_0033_2p_phCA_fm7hz_m06_cond01,flk_sim_33,1,CA,A,train,Flicker,0,SCENARIO_CONTROLLER,7.0,0.06,0.0478,6.5,0.602692,0.884323,1.467288,0.0741,0.0,60.0,60.0578,15.15,0.839803,0.001367,0.00046,0.000325,0.000376,8.5e-05,0.000185,0.000105,0.000176,0.000152,8.1e-05,0.001628,0.000548,0.000387,0.000448,0.00022,0.00021,9.6e-05,2e-06,60.05,3.96,0.0273,1e-05,60.0
flk_33_19,FLK_0033_2p_phCA_fm7hz_m06_cond01,flk_sim_33,1,CA,A,train,Flicker,0,SCENARIO_CONTROLLER,7.0,0.06,0.0472,6.5,0.602396,0.884323,1.468008,0.1325,0.0,60.0,60.0578,15.14,0.839395,0.002,0.000918,0.000636,0.000436,0.000467,0.000451,0.000291,0.000293,0.000221,0.000234,0.002383,0.001094,0.000758,0.000519,0.000537,0.000349,0.000279,6e-06,60.07,5.39,0.0275,2.7e-05,60.0
flk_33_20,FLK_0033_2p_phCA_fm7hz_m06_cond01,flk_sim_33,1,CA,A,train,Flicker,0,SCENARIO_CONTROLLER,7.0,0.06,0.0489,6.5,0.602715,0.884323,1.467233,0.1938,0.0,60.0,60.175,14.6,0.839927,0.002747,0.001453,0.000984,0.000539,0.000636,0.000499,0.000469,0.000434,0.000399,0.000335,0.003271,0.00173,0.001172,0.000642,0.000594,0.000517,0.000399,1.2e-05,60.09,6.91,0.0282,5.2e-05,60.0
flk_33_21,FLK_0033_2p_phCA_fm7hz_m06_cond01,flk_sim_33,1,CA,A,train,Flicker,0,SCENARIO_CONTROLLER,7.0,0.06,0.0503,6.5,0.603676,0.884323,1.464897,0.1201,0.0,60.0,60.175,14.64,0.841323,0.002028,0.000807,0.000452,0.000541,0.00034,0.00028,0.000183,0.000196,5.8e-05,0.000123,0.00241,0.000959,0.000537,0.000643,0.000333,0.000233,0.000146,6e-06,60.04,4.14,0.0281,1.3e-05,60.0
flk_33_22,FLK_0033_2p_phCA_fm7hz_m06_cond01,flk_sim_33,1,CA,C,train,Flicker,0,SCENARIO_CONTROLLER,7.0,0.06,0.0536,6.5,0.596197,0.860363,1.443085,0.1361,0.0,60.0,60.2245,13.87,0.829438,0.002553,0.001013,0.000605,0.000391,0.00033,0.000308,0.000313,0.000248,0.000253,0.000189,0.003078,0.001221,0.000729,0.000471,0.000371,0.000299,0.000228,9e-06,60.04,4.7,0.0315,1.8e-05,60.0
flk_33_23,FLK_0033_2p_phCA_fm7hz_m06_cond01,flk_sim_33,1,CA,A,train,Flicker,0,SCENARIO_CONTROLLER,7.0,0.06,0.0614,6.5,0.603221,0.884323,1.466001,0.25,0.0,60.0,60.2697,13.9,0.840849,0.00369,0.001857,0.00121,0.000819,0.000817,0.000545,0.000556,0.000493,0.000538,0.000376,0.004388,0.002208,0.001439,0.000974,0.000648,0.000586,0.000447,2.1e-05,60.09,8.31,0.0293,8.1e-05,60.0
flk_33_24,FLK_0033_2p_phCA_fm7hz_m06_cond01,flk_sim_33,1,CA,C,train,Flicker,0,SCENARIO_CONTROLLER,7.0,0.06,0.0585,6.5,0.596135,0.860363,1.443236,0.3023,0.0,60.0,60.3141,13.16,0.829544,0.004411,0.002118,0.001463,0.00115,0.000931,0.000692,0.000706,0.000687,0.000517,0.000499,0.005317,0.002553,0.001764,0.001386,0.000834,0.000828,0.000602,3e-05,60.12,9.56,0.0327,0.000113,60.0
flk_33_25,FLK_0033_2p_phCA_fm7hz_m06_cond01,flk_sim_33,1,CA,C,train,Flicker,0,SCENARIO_CONTROLLER,7.0,0.06,0.0608,6.5,0.596269,0.860363,1.442911,0.298,0.0,60.0,60.3141,13.16,0.829751,0.004421,0.002112,0.001456,0.001051,0.000939,0.000741,0.000711,0.000689,0.000411,0.000436,0.005328,0.002545,0.001755,0.001267,0.000893,0.00083,0.000525,3e-05,60.12,9.64,0.0327,0.000114,60.0
flk_33_26,FLK_0033_2p_phCA_fm7hz_m06_cond01,flk_sim_33,1,CA,A,train,Flicker,0,SCENARIO_CONTROLLER,7.0,0.06,0.0742,7.0,0.603288,0.884323,1.465837,0.2208,0.0,60.0,60.3276,13.41,0.841111,0.003796,0.001593,0.000963,0.000805,0.000495,0.000512,0.000367,0.000304,0.000347,0.000259,0.004513,0.001894,0.001145,0.000957,0.000609,0.000361,0.000308,1.9e-05,60.03,6.16,0.0299,3.9e-05,60.0
flk_33_27,FLK_0033_2p_phCA_fm7hz_m06_cond01,flk_sim_33,1,CA,C,train,Flicker,0,SCENARIO_CONTROLLER,7.0,0.06,0.0718,6.5,0.597187,0.860363,1.440692,0.2343,0.0,60.0,60.3642,12.76,0.831208,0.004118,0.001697,0.001051,0.000804,0.000687,0.000515,0.000403,0.000396,0.000476,0.000288,0.004954,0.002042,0.001264,0.000967,0.00062,0.000476,0.000346,2.3e-05,60.04,7.01,0.0329,5e-05,60.0
flk_33_28,FLK_0033_2p_phCA_fm7hz_m06_cond01,flk_sim_33,1,CA,A,train,Flicker,0,SCENARIO_CONTROLLER,7.0,0.06,0.0618,7.0,0.599841,0.882822,1.47176,0.5255,0.0,60.0,60.3506,13.08,0.836217,0.006481,0.003597,0.002526,0.002058,0.001593,0.001462,0.001204,0.001137,0.001065,0.000877,0.00775,0.004302,0.003021,0.002461,0.001748,0.00136,0.001049,7.5e-05,60.37,16.67,0.0308,0.000365,60.0
flk_33_29,FLK_0033_2p_phCA_fm7hz_m06_cond01,flk_sim_33,1,CA,A,train,Flicker,0,SCENARIO_CONTROLLER,7.0,0.06,0.0744,7.0,0.602475,0.882822,1.465327,0.1811,0.0,60.0,60.3506,13.21,0.840006,0.003589,0.001358,0.000733,0.000609,0.000342,0.000318,0.000223,0.000131,3.5e-05,6.8e-05,0.004273,0.001617,0.000873,0.000725,0.000379,0.000156,8.1e-05,1.6e-05,59.99,4.34,0.03,1.2e-05,60.0
flk_33_30,FLK_0033_2p_phCA_fm7hz_m06_cond01,flk_sim_33,1,CA,C,train,Flicker,0,SCENARIO_CONTROLLER,7.0,0.06,0.0685,7.0,0.597381,0.860363,1.440226,0.1737,0.0,60.0,60.3645,12.77,0.831501,0.003774,0.001316,0.000747,0.000503,0.000235,0.000317,0.000154,7.3e-05,0.00025,4e-05,0.004539,0.001583,0.000898,0.000605,0.000381,8.8e-05,4.8e-05,1.7e-05,60.0,4.51,0.0328,1.2e-05,60.0
flk_33_31,FLK_0033_2p_phCA_fm7hz_m06_cond01,flk_sim_33,1,CA,A,train,Flicker,0,SCENARIO_CONTROLLER,7.0,0.06,0.0652,7.5,0.59936,0.880582,1.469204,0.4102,0.0,60.0,60.3253,13.35,0.835477,0.005637,0.002919,0.00204,0.00141,0.001341,0.001111,0.000938,0.000855,0.000842,0.00072,0.006747,0.003494,0.002442,0.001688,0.00133,0.001023,0.000862,5.2e-05,60.23,13.59,0.0306,0.000238,60.0
flk_33_32,FLK_0033_2p_phCA_fm7hz_m06_cond01,flk_sim_33,1,CA,A,train,Flicker,0,SCENARIO_CONTROLLER,7.0,0.06,0.0629,7.5,0.60076,0.880582,1.46578,0.2359,0.0,60.0,60.3253,13.43,0.837474,0.003857,0.001643,0.001006,0.000946,0.000574,0.000555,0.000391,0.000287,0.000295,0.000274,0.004606,0.001962,0.001201,0.00113,0.000663,0.000343,0.000327,2.1e-05,60.04,6.55,0.0301,4.5e-05,60.0
flk_34_01,FLK_0034_2p_phAB_fm12p5hz_m05_cond02,flk_sim_34,2,AB,A,train,Flicker,0,SCENARIO_CONTROLLER,12.5,0.05,0.0598,12.5,0.642169,0.940546,1.464638,0.1886,100.8,60.0,60.1544,15.93,0.898037,0.003153,0.001411,0.000962,0.000783,0.000588,0.000515,0.000427,0.000418,0.000413,0.000377,0.003511,0.001571,0.001071,0.000872,0.000573,0.000465,0.00042,1.5e-05,60.15,6.6,0.0238,4.1e-05,60.0
flk_34_02,FLK_0034_2p_phAB_fm12p5hz_m05_cond02,flk_sim_34,2,AB,A,train,Flicker,0,SCENARIO_CONTROLLER,12.5,0.05,0.068,12.5,0.642514,0.940546,1.463853,0.1883,103.8,60.0,60.1544,15.92,0.898517,0.003335,0.001452,0.000962,0.000678,0.000501,0.000543,0.000457,0.000352,0.000278,0.000247,0.003712,0.001616,0.001071,0.000755,0.000604,0.000392,0.000275,1.6e-05,60.16,6.83,0.0239,4.4e-05,60.0
flk_34_03,FLK_0034_2p_phAB_fm12p5hz_m05_cond02,flk_sim_34,2,AB,B,train,Flicker,0,SCENARIO_CONTROLLER,12.5,0.05,0.0593,12.0,0.646975,0.945648,1.461644,0.1548,110.6,60.0,60.2485,15.41,0.905336,0.003289,0.001256,0.000691,0.000345,0.000407,0.000516,0.000252,0.000178,0.000211,0.000146,0.003633,0.001387,0.000763,0.000381,0.00057,0.000197,0.000161,1.4e-05,60.09,4.74,0.0231,1.6e-05,60.0
flk_34_04,FLK_0034_2p_phAB_fm12p5hz_m05_cond02,flk_sim_34,2,AB,A,train,Flicker,0,SCENARIO_CONTROLLER,12.5,0.05,0.0704,12.5,0.645176,0.940546,1.457812,0.1658,109.8,60.0,60.2902,14.82,0.902166,0.003727,0.001348,0.000751,0.000574,0.00028,0.000305,0.000283,8.2e-05,0.000225,0.000175,0.004131,0.001494,0.000832,0.000636,0.000338,9.1e-05,0.000194,1.7e-05,60.1,5.06,0.0245,1.7e-05,60.0
flk_34_05,FLK_0034_2p_phAB_fm12p5hz_m05_cond02,flk_sim_34,2,AB,B,train,Flicker,0,SCENARIO_CONTROLLER,12.5,0.05,0.0666,12.0,0.645237,0.945648,1.465583,0.4201,112.4,60.0,60.3113,14.69,0.902724,0.006021,0.003096,0.002162,0.001715,0.001376,0.001362,0.001007,0.000937,0.000857,0.00076,0.00667,0.00343,0.002395,0.0019,0.001509,0.001038,0.000842,6e-05,60.29,13.31,0.024,0.000225,60.0
flk_34_06,FLK_0034_2p_phAB_fm12p5hz_m05_cond02,flk_sim_34,2,AB,B,train,Flicker,0,SCENARIO_CONTROLLER,12.5,0.05,0.0702,12.5,0.647121,0.945648,1.461314,0.1992,111.2,60.0,60.3113,14.78,0.905432,0.00396,0.001599,0.000921,0.000559,0.000392,0.000621,0.00032,0.000295,0.000162,0.000263,0.004374,0.001766,0.001017,0.000617,0.000686,0.000326,0.00029,2e-05,60.08,5.68,0.0235,2.7e-05,60.0
flk_34_07,FLK_0034_2p_phAB_fm12p5hz_m05_cond02,flk_sim_34,2,AB,A,train,Flicker,0,SCENARIO_CONTROLLER,12.5,0.05,0.071,12.0,0.645437,0.940546,1.457223,0.206,111.4,60.0,60.3097,14.63,0.902498,0.003982,0.001626,0.000967,0.000777,0.000622,0.000458,0.000294,0.000172,0.00026,0.000253,0.004412,0.001802,0.001071,0.000861,0.000507,0.000191,0.00028,2.1e-05,60.11,6.5,0.0247,3.9e-05,60.0
flk_34_08,FLK_0034_2p_phAB_fm12p5hz_m05_cond02,flk_sim_34,2,AB,B,train,Flicker,0,SCENARIO_CONTROLLER,12.5,0.05,0.0732,12.5,0.644848,0.945648,1.466467,0.2678,105.2,60.0,60.2544,15.3,0.902263,0.004234,0.002045,0.001313,0.001122,0.00074,0.000632,0.000623,0.000483,0.000585,0.000375,0.004693,0.002267,0.001455,0.001244,0.0007,0.000535,0.000416,2.7e-05,60.15,8.29,0.0235,8.1e-05,60.0
flk_34_09,FLK_0034_2p_phAB_fm12p5hz_m05_cond02,flk_sim_34,2,AB,A,train,Flicker,0,SCENARIO_CONTROLLER,12.5,0.05,0.0703,12.5,0.643618,0.940546,1.461343,0.1988,108.0,60.0,60.2145,15.48,0.900036,0.003727,0.001571,0.00104,0.000697,0.000732,0.000498,0.000443,0.000342,0.000413,0.000375,0.004141,0.001745,0.001156,0.000774,0.000553,0.00038,0.000417,1.9e-05,60.15,7.01,0.0242,5.2e-05,60.0
flk_34_10,FLK_0034_2p_phAB_fm12p5hz_m05_cond02,flk_sim_34,2,AB,A,train,Flicker,0,SCENARIO_CONTROLLER,12.5,0.05,0.0566,12.5,0.642937,0.940546,1.46289,0.2435,105.0,60.0,60.2145,15.48,0.899073,0.003997,0.001855,0.001241,0.001004,0.000609,0.000587,0.000543,0.000582,0.000469,0.000375,0.004446,0.002063,0.00138,0.001117,0.000653,0.000647,0.000417,2.4e-05,60.17,8.0,0.0242,6.8e-05,60.0
flk_34_11,FLK_0034_2p_phAB_fm12p5hz_m05_cond02,flk_sim_34,2,AB,B,train,Flicker,0,SCENARIO_CONTROLLER,12.5,0.05,0.0558,13.0,0.642641,0.945648,1.471502,0.0925,96.2,60.0,60.0964,16.49,0.899285,0.002291,0.000729,0.000392,0.000334,0.000267,0.000223,8.1e-05,3.4e-05,4.4e-05,9.9e-05,0.002548,0.000811,0.000436,0.000371,0.000248,3.8e-05,0.00011,6e-06,60.1,4.04,0.0224,9e-06,60.0
flk_34_12,FLK_0034_2p_phAB_fm12p5hz_m05_cond02,flk_sim_34,2,AB,A,train,Flicker,0,SCENARIO_CONTROLLER,12.5,0.05,0.0558,12.5,0.641163,0.940546,1.466937,0.1013,99.0,60.0,60.0272,16.44,0.896656,0.002326,0.000825,0.000532,0.000307,0.000355,0.000222,0.000232,5.7e-05,9.4e-05,0.000218,0.002594,0.00092,0.000593,0.000342,0.000248,6.4e-05,0.000243,7e-06,60.14,4.98,0.0234,1.8e-05,60.0
flk_34_13,FLK_0034_2p_phAB_fm12p5hz_m05_cond02,flk_sim_34,2,AB,A,train,Flicker,0,SCENARIO_CONTROLLER,12.5,0.05,0.0521,13.0,0.639728,0.940546,1.470227,0.0934,96.0,60.0,60.0272,16.42,0.894612,0.00211,0.000746,0.00041,0.000318,0.000323,0.000204,0.000183,0.00027,0.000181,0.000164,0.002359,0.000834,0.000458,0.000355,0.000228,0.000302,0.000183,6e-06,60.13,4.61,0.0234,1.2e-05,60.0
flk_34_14,FLK_0034_2p_phAB_fm12p5hz_m05_cond02,flk_sim_34,2,AB,B,train,Flicker,0,SCENARIO_CONTROLLER,12.5,0.05,0.0557,12.5,0.639338,0.945648,1.479104,0.1395,87.2,60.0,59.8826,16.32,0.894555,0.002612,0.001061,0.000724,0.000607,0.0003,0.000253,0.00027,0.000236,0.000232,0.000289,0.00292,0.001186,0.000809,0.000679,0.000283,0.000264,0.000323,9e-06,60.12,5.52,0.0227,2.6e-05,60.0
flk_34_15,FLK_0034_2p_phAB_fm12p5hz_m05_cond02,flk_sim_34,2,AB,A,train,Flicker,0,SCENARIO_CONTROLLER,12.5,0.05,0.063,12.5,0.63744,0.940546,1.475506,0.1709,90.0,60.0,59.8184,15.64,0.891237,0.003152,0.001333,0.000854,0.000571,0.000601,0.000466,0.00035,0.000444,0.000287,0.000206,0.003537,0.001496,0.000958,0.000641,0.000523,0.000498,0.000231,1.4e-05,60.14,6.23,0.0243,3.7e-05,60.0
flk_34_16,FLK_0034_2p_phAB_fm12p5hz_m05_cond02,flk_sim_34,2,AB,A,train,Flicker,0,SCENARIO_CONTROLLER,12.5,0.05,0.0653,12.5,0.637897,0.940546,1.474448,0.2771,87.0,60.0,59.8184,15.69,0.891862,0.004172,0.002065,0.001443,0.001153,0.000733,0.000716,0.000642,0.000746,0.000483,0.000551,0.004678,0.002315,0.001618,0.001293,0.000803,0.000836,0.000618,2.8e-05,60.21,9.04,0.0246,9.6e-05,60.0
flk_34_17,FLK_0034_2p_phAB_fm12p5hz_m05_cond02,flk_sim_34,2,AB,B,train,Flicker,0,SCENARIO_CONTROLLER,12.5,0.05,0.0576,12.0,0.637137,0.945648,1.484214,0.1283,80.2,60.0,59.7181,14.94,0.891244,0.003366,0.001047,0.000599,0.00045,0.000379,9.2e-05,0.000198,0.000138,0.000185,0.00013,0.003777,0.001175,0.000672,0.000505,0.000103,0.000155,0.000146,1.3e-05,60.08,4.4,0.0238,1.1e-05,60.0
flk_34_18,FLK_0034_2p_phAB_fm12p5hz_m05_cond02,flk_sim_34,2,AB,A,train,Flicker,0,SCENARIO_CONTROLLER,12.5,0.05,0.0619,12.0,0.634987,0.940546,1.481205,0.1555,82.2,60.0,59.6853,14.42,0.887562,0.003809,0.001294,0.000689,0.000387,0.000243,0.000286,0.0002,0.000291,0.000152,8.5e-05,0.004292,0.001458,0.000776,0.000436,0.000322,0.000328,9.6e-05,1.7e-05,60.09,4.76,0.0253,1.3e-05,60.0
flk_34_19,FLK_0034_2p_phAB_fm12p5hz_m05_cond02,flk_sim_34,2,AB,B,train,Flicker,0,SCENARIO_CONTROLLER,12.5,0.05,0.0605,12.0,0.6389,0.945648,1.480118,0.3703,83.2,60.0,59.6782,14.6,0.893668,0.005646,0.002819,0.001979,0.001456,0.00137,0.000939,0.000879,0.000809,0.000725,0.000703,0.006318,0.003154,0.002214,0.001629,0.001051,0.000905,0.000787,5.1e-05,60.25,12.19,0.0244,0.000189,60.0
flk_34_20,FLK_0034_2p_phAB_fm12p5hz_m05_cond02,flk_sim_34,2,AB,B,train,Flicker,0,SCENARIO_CONTROLLER,12.5,0.05,0.0584,12.5,0.637793,0.945648,1.482687,0.2219,84.0,60.0,59.6782,14.53,0.892101,0.004344,0.001745,0.001218,0.000882,0.000533,0.000306,0.000454,0.00049,0.000337,0.000336,0.004869,0.001956,0.001365,0.000989,0.000343,0.000549,0.000377,2.5e-05,60.12,7.41,0.0242,5.7e-05,60.0
flk_34_21,FLK_0034_2p_phAB_fm12p5hz_m05_cond02,flk_sim_34,2,AB,A,train,Flicker,0,SCENARIO_CONTROLLER,12.5,0.05,0.0572,12.0,0.635557,0.940546,1.479877,0.2509,82.2,60.0,59.6864,14.44,0.888379,0.00429,0.001926,0.001236,0.000884,0.000878,0.000689,0.00056,0.000575,0.00038,0.000442,0.004829,0.002168,0.001391,0.000995,0.000776,0.000647,0.000498,2.7e-05,60.15,7.71,0.0253,6.4e-05,60.0
flk_34_22,FLK_0034_2p_phAB_fm12p5hz_m05_cond02,flk_sim_34,2,AB,B,train,Flicker,0,SCENARIO_CONTROLLER,12.5,0.05,0.0725,12.5,0.639715,0.945648,1.478232,0.202,90.0,60.0,59.7735,15.51,0.894968,0.003459,0.001503,0.00084,0.000716,0.000431,0.000705,0.000308,0.000428,0.000395,0.000346,0.003865,0.001679,0.000939,0.0008,0.000788,0.000478,0.000387,1.7e-05,60.12,6.55,0.0235,4.1e-05,60.0
flk_34_23,FLK_0034_2p_phAB_fm12p5hz_m05_cond02,flk_sim_34,2,AB,A,train,Flicker,0,SCENARIO_CONTROLLER,12.5,0.05,0.0683,12.5,0.637108,0.940546,1.476274,0.1405,88.0,60.0,59.8237,15.69,0.890763,0.002986,0.001126,0.000703,0.000476,0.000496,0.000268,0.000195,0.000246,0.00021,0.000232,0.003352,0.001264,0.000789,0.000534,0.000301,0.000276,0.00026,1.1e-05,60.13,5.24,0.0243,2e-05,60.0
flk_34_24,FLK_0034_2p_phAB_fm12p5hz_m05_cond02,flk_sim_34,2,AB,B,train,Flicker,0,SCENARIO_CONTROLLER,12.5,0.05,0.054,13.0,0.64273,0.945648,1.471298,0.2428,96.0,60.0,59.8869,16.42,0.899391,0.00347,0.001771,0.001041,0.000924,0.000664,0.000881,0.000628,0.00047,0.000404,0.000316,0.003858,0.001969,0.001157,0.001027,0.00098,0.000523,0.000351,1.9e-05,60.17,7.89,0.0226,6.7e-05,60.0
flk_34_25,FLK_0034_2p_phAB_fm12p5hz_m05_cond02,flk_sim_34,2,AB,B,train,Flicker,0,SCENARIO_CONTROLLER,12.5,0.05,0.055,12.5,0.642447,0.945648,1.471947,0.1112,99.0,60.0,59.9628,16.68,0.899023,0.002303,0.000894,0.000478,0.000275,0.000427,0.000353,0.000241,0.000169,0.000128,0.0002,0.002562,0.000994,0.000532,0.000306,0.000393,0.000188,0.000222,7e-06,60.11,4.37,0.0223,1.3e-05,60.0
flk_34_26,FLK_0034_2p_phAB_fm12p5hz_m05_cond02,flk_sim_34,2,AB,A,train,Flicker,0,SCENARIO_CONTROLLER,12.5,0.05,0.052,13.0,0.640177,0.940546,1.469197,0.1344,97.0,60.0,60.0347,16.41,0.895236,0.002595,0.000998,0.000662,0.000546,0.000386,0.000389,0.000297,0.000314,0.000253,0.000255,0.002899,0.001115,0.000739,0.00061,0.000435,0.000351,0.000285,9e-06,60.15,5.57,0.0235,2.4e-05,60.0
flk_34_27,FLK_0034_2p_phAB_fm12p5hz_m05_cond02,flk_sim_34,2,AB,A,train,Flicker,0,SCENARIO_CONTROLLER,12.5,0.05,0.0582,12.5,0.641297,0.940546,1.46663,0.0817,100.0,60.0,60.0347,16.43,0.896844,0.002119,0.000677,0.000335,0.000223,0.000264,0.000169,9.2e-05,0.000115,4.7e-05,1.8e-05,0.002363,0.000755,0.000374,0.000249,0.000188,0.000128,2e-05,5e-06,60.13,4.25,0.0233,1e-05,60.0
flk_34_28,FLK_0034_2p_phAB_fm12p5hz_m05_cond02,flk_sim_34,2,AB,B,train,Flicker,0,SCENARIO_CONTROLLER,12.5,0.05,0.0545,12.5,0.645756,0.945648,1.464403,0.15,108.0,60.0,60.1631,16.13,0.903701,0.002674,0.001181,0.00067,0.000428,0.000303,0.000508,0.000202,0.000265,8.7e-05,3.4e-05,0.002959,0.001307,0.000741,0.000474,0.000562,0.000293,3.8e-05,1e-05,60.11,5.04,0.0225,2.1e-05,60.0
flk_34_29,FLK_0034_2p_phAB_fm12p5hz_m05_cond02,flk_sim_34,2,AB,A,train,Flicker,0,SCENARIO_CONTROLLER,12.5,0.05,0.0677,12.5,0.643852,0.940546,1.46081,0.1482,106.0,60.0,60.2215,15.44,0.900369,0.003123,0.001201,0.000724,0.000512,0.000492,0.000277,0.000278,0.000112,0.000238,0.000215,0.003469,0.001334,0.000804,0.000569,0.000308,0.000124,0.000239,1.2e-05,60.12,5.46,0.0241,2.4e-05,60.0
flk_34_30,FLK_0034_2p_phAB_fm12p5hz_m05_cond02,flk_sim_34,2,AB,A,train,Flicker,0,SCENARIO_CONTROLLER,12.5,0.05,0.0645,12.5,0.642617,0.940546,1.463618,0.3481,109.0,60.0,60.2215,15.37,0.898555,0.005061,0.002587,0.001867,0.001445,0.00112,0.001,0.000881,0.000806,0.000695,0.000634,0.005632,0.002879,0.002078,0.001608,0.001113,0.000897,0.000706,4.2e-05,60.27,11.82,0.0246,0.000173,60.0
flk_34_31,FLK_0034_2p_phAB_fm12p5hz_m05_cond02,flk_sim_34,2,AB,B,train,Flicker,0,SCENARIO_CONTROLLER,12.5,0.05,0.0641,12.0,0.647292,0.945648,1.460929,0.1713,111.2,60.0,60.2858,15.04,0.905732,0.00348,0.001421,0.000668,0.000427,0.000446,0.000453,0.000323,0.000224,0.000313,7.7e-05,0.003842,0.001569,0.000738,0.000471,0.0005,0.000247,8.5e-05,1.5e-05,60.08,4.92,0.0233,1.7e-05,60.0
flk_34_32,FLK_0034_2p_phAB_fm12p5hz_m05_cond02,flk_sim_34,2,AB,A,train,Flicker,0,SCENARIO_CONTROLLER,12.5,0.05,0.0764,12.0,0.64558,0.940546,1.4569,0.1793,113.2,60.0,60.318,14.54,0.902696,0.004091,0.00145,0.00087,0.000642,0.000364,0.000323,0.000284,0.000104,0.000193,0.000232,0.004532,0.001606,0.000964,0.000711,0.000358,0.000115,0.000257,2e-05,60.1,5.5,0.0246,2.4e-05,60.0
flk_35_01,FLK_0035_2p_phBC_fm9p5hz_m06_cond03,flk_sim_35,3,BC,C,train,Flicker,0,SCENARIO_CONTROLLER,9.5,0.06,0.0537,9.5,0.623251,0.920232,1.476503,0.0537,31.8,60.0,59.9582,15.02,0.867638,0.000755,0.000388,0.0004,0.000218,0.000174,0.000138,0.000192,0.000221,0.000152,0.000177,0.00087,0.000447,0.000461,0.000251,0.000159,0.000255,0.000204,1e-06,60.11,4.38,0.0263,1.1e-05,60.0
flk_35_02,FLK_0035_2p_phBC_fm9p5hz_m06_cond03,flk_sim_35,3,BC,C,train,Flicker,0,SCENARIO_CONTROLLER,9.5,0.06,0.0535,9.5,0.623138,0.920232,1.476771,0.0286,31.8,60.0,59.9582,14.98,0.867555,0.000512,0.000204,6.6e-05,0.000131,0.00012,5.4e-05,0.000107,0.000115,8.6e-05,0.000108,0.00059,0.000235,7.6e-05,0.000151,6.2e-05,0.000133,0.000124,0.0,60.1,4.01,0.0261,7e-06,60.0
flk_35_03,FLK_0035_2p_phBC_fm9p5hz_m06_cond03,flk_sim_35,3,BC,C,train,Flicker,0,SCENARIO_CONTROLLER,9.5,0.06,0.0537,9.5,0.623476,0.920232,1.47597,0.0303,31.8,60.0,59.9582,14.98,0.868095,0.000563,0.000243,0.000211,0.000101,0.000102,1.5e-05,4.1e-05,0.000115,8.8e-05,0.000102,0.000649,0.00028,0.000243,0.000116,1.7e-05,0.000132,0.000117,0.0,60.1,3.95,0.026,6e-06,60.0
flk_35_04,FLK_0035_2p_phBC_fm9p5hz_m06_cond03,flk_sim_35,3,BC,C,train,Flicker,0,SCENARIO_CONTROLLER,9.5,0.06,0.0536,9.5,0.62359,0.920232,1.475702,0.0504,31.8,60.0,60.069,15.01,0.868174,0.000845,0.000385,0.000216,0.000172,0.000139,0.000116,7.8e-05,0.000185,9.7e-05,0.000158,0.000973,0.000443,0.000249,0.000198,0.000134,0.000213,0.000182,1e-06,60.1,4.06,0.0262,8e-06,60.0
flk_35_05,FLK_0035_2p_phBC_fm9p5hz_m06_cond03,flk_sim_35,3,BC,C,train,Flicker,0,SCENARIO_CONTROLLER,9.5,0.06,0.054,9.5,0.624129,0.920232,1.474427,0.0269,31.8,60.0,60.069,15.06,0.868853,0.00085,0.000188,0.000225,0.000133,8.7e-05,3.9e-05,8.3e-05,4.8e-05,8.7e-05,0.000134,0.000978,0.000216,0.000259,0.000153,4.5e-05,5.5e-05,0.000154,1e-06,60.1,3.97,0.0263,7e-06,60.0
flk_35_06,FLK_0035_2p_phBC_fm9p5hz_m06_cond03,flk_sim_35,3,BC,C,train,Flicker,0,SCENARIO_CONTROLLER,9.5,0.06,0.0534,9.5,0.623923,0.920232,1.474912,0.0871,31.8,60.0,60.069,15.06,0.868424,0.001346,0.000635,0.000474,0.000333,0.000261,0.000241,0.000232,0.000153,0.000147,9.6e-05,0.00155,0.000731,0.000546,0.000383,0.000278,0.000176,0.000111,3e-06,60.11,4.72,0.0265,1.4e-05,60.0
flk_35_07,FLK_0035_2p_phBC_fm9p5hz_m06_cond03,flk_sim_35,3,BC,C,train,Flicker,0,SCENARIO_CONTROLLER,9.5,0.06,0.0538,10.0,0.624449,0.920232,1.473672,0.1091,31.8,60.0,60.1775,15.16,0.868749,0.001493,0.000811,0.000609,0.000417,0.00032,0.000258,0.000268,0.000246,0.00026,0.00013,0.001719,0.000934,0.000701,0.00048,0.000297,0.000283,0.00015,4e-06,60.11,5.18,0.0273,2.1e-05,60.0
flk_35_08,FLK_0035_2p_phBC_fm9p5hz_m06_cond03,flk_sim_35,3,BC,C,train,Flicker,0,SCENARIO_CONTROLLER,9.5,0.06,0.054,10.0,0.62503,0.920232,1.472301,0.0514,31.8,60.0,60.1775,15.22,0.86952,0.001008,0.000389,0.00031,0.000202,0.000168,8.6e-05,9.8e-05,3.3e-05,3e-05,0.000129,0.001159,0.000447,0.000357,0.000232,9.9e-05,3.8e-05,0.000148,1e-06,60.1,4.13,0.0273,9e-06,60.0
flk_35_09,FLK_0035_2p_phBC_fm9p5hz_m06_cond03,flk_sim_35,3,BC,C,train,Flicker,0,SCENARIO_CONTROLLER,9.5,0.06,0.0536,10.0,0.624292,0.920232,1.474042,0.1709,31.8,60.0,60.1775,15.23,0.868151,0.002126,0.001252,0.000894,0.000685,0.000563,0.000406,0.000374,0.000424,0.00036,0.00038,0.002449,0.001442,0.00103,0.000789,0.000468,0.000488,0.000438,8e-06,60.14,6.54,0.0279,3.9e-05,60.0
flk_35_10,FLK_0035_2p_phBC_fm9p5hz_m06_cond03,flk_sim_35,3,BC,C,train,Flicker,0,SCENARIO_CONTROLLER,9.5,0.06,0.053,9.5,0.625189,0.920232,1.471927,0.1088,31.8,60.0,60.2367,15.31,0.869193,0.001772,0.000792,0.000456,0.000426,0.000338,0.000294,0.000295,0.000153,0.000234,0.000265,0.002039,0.000911,0.000525,0.00049,0.000338,0.000176,0.000305,5e-06,60.11,5.08,0.0282,1.9e-05,60.0
flk_35_11,FLK_0035_2p_phBC_fm9p5hz_m06_cond03,flk_sim_35,3,BC,C,train,Flicker,0,SCENARIO_CONTROLLER,9.5,0.06,0.053,9.5,0.625173,0.920232,1.471964,0.1052,31.8,60.0,60.2367,15.31,0.869146,0.001845,0.000779,0.000595,0.000416,0.000384,0.000236,0.000305,0.000228,0.000224,9.5e-05,0.002123,0.000896,0.000685,0.000479,0.000272,0.000262,0.000109,5e-06,60.11,5.11,0.0283,1.9e-05,60.0
flk_35_12,FLK_0035_2p_phBC_fm9p5hz_m06_cond03,flk_sim_35,3,BC,C,train,Flicker,0,SCENARIO_CONTROLLER,9.5,0.06,0.0535,9.5,0.624225,0.920232,1.474201,0.1998,31.8,60.0,60.2254,15.28,0.867711,0.002528,0.001438,0.000923,0.000796,0.000676,0.000553,0.000412,0.000387,0.000438,0.000267,0.002913,0.001657,0.001064,0.000917,0.000637,0.000446,0.000308,1.1e-05,60.15,7.1,0.0285,4.9e-05,60.0
flk_35_13,FLK_0035_2p_phBC_fm9p5hz_m06_cond03,flk_sim_35,3,BC,C,train,Flicker,0,SCENARIO_CONTROLLER,9.5,0.06,0.0548,9.5,0.625096,0.920232,1.472145,0.0734,31.8,60.0,60.2254,15.31,0.869086,0.00132,0.000545,0.000374,0.000273,0.000229,0.000188,0.000145,0.000161,0.000111,0.0001,0.001519,0.000627,0.00043,0.000314,0.000216,0.000185,0.000115,2e-06,60.09,4.23,0.0282,9e-06,60.0
flk_35_14,FLK_0035_2p_phBC_fm9p5hz_m06_cond03,flk_sim_35,3,BC,C,train,Flicker,0,SCENARIO_CONTROLLER,9.5,0.06,0.0538,9.0,0.624329,0.920232,1.473954,0.1385,31.8,60.0,60.2254,15.26,0.868007,0.001963,0.00098,0.000708,0.000541,0.000481,0.000438,0.000382,0.000382,0.00034,0.000331,0.002262,0.001129,0.000816,0.000623,0.000505,0.00044,0.000381,7e-06,60.12,6.04,0.0282,3.3e-05,60.0
flk_35_15,FLK_0035_2p_phBC_fm9p5hz_m06_cond03,flk_sim_35,3,BC,C,train,Flicker,0,SCENARIO_CONTROLLER,9.5,0.06,0.0548,9.0,0.623552,0.920232,1.475791,0.15,31.8,60.0,60.1481,15.17,0.86726,0.001892,0.00109,0.000745,0.000563,0.000497,0.000435,0.000349,0.000275,0.000338,0.000315,0.002182,0.001257,0.000859,0.000649,0.000502,0.000317,0.000363,6e-06,60.13,6.02,0.0277,3e-05,60.0
flk_35_16,FLK_0035_2p_phBC_fm9p5hz_m06_cond03,flk_sim_35,3,BC,C,train,Flicker,0,SCENARIO_CONTROLLER,9.5,0.06,0.0571,9.0,0.624031,0.920232,1.474658,0.051,31.8,60.0,60.1481,15.17,0.868132,0.001045,0.000403,0.000196,0.000144,3.9e-05,0.000111,5.3e-05,0.000129,7.8e-05,7.3e-05,0.001204,0.000464,0.000226,0.000166,0.000128,0.000149,8.4e-05,1e-06,60.09,4.01,0.0273,7e-06,60.0
flk_35_17,FLK_0035_2p_phBC_fm9p5hz_m06_cond03,flk_sim_35,3,BC,C,train,Flicker,0,SCENARIO_CONTROLLER,9.5,0.06,0.0551,9.0,0.62301,0.920232,1.477074,0.1067,31.8,60.0,60.1481,15.09,0.866824,0.001605,0.000746,0.000576,0.000435,0.000301,0.000332,0.000252,0.000175,0.000296,0.000199,0.001852,0.000861,0.000664,0.000502,0.000383,0.000202,0.00023,4e-06,60.12,5.24,0.0271,2e-05,60.0
flk_35_18,FLK_0035_2p_phBC_fm9p5hz_m06_cond03,flk_sim_35,3,BC,C,train,Flicker,0,SCENARIO_CONTROLLER,9.5,0.06,0.0558,9.0,0.622671,0.920232,1.477879,0.0622,29.2,60.0,60.0437,15.0,0.866742,0.000898,0.000492,0.000274,0.000193,9.9e-05,0.000108,0.000172,0.000192,0.000132,0.000137,0.001036,0.000568,0.000316,0.000223,0.000125,0.000222,0.000158,1e-06,60.1,4.27,0.0264,1e-05,60.0
flk_35_19,FLK_0035_2p_phBC_fm9p5hz_m06_cond03,flk_sim_35,3,BC,C,train,Flicker,0,SCENARIO_CONTROLLER,9.5,0.06,0.0546,9.0,0.622601,0.920232,1.478044,0.0516,26.2,60.0,60.0437,15.0,0.866683,0.000772,0.000384,0.000196,0.000178,0.000186,0.000143,0.000161,0.000161,0.000157,0.000108,0.000891,0.000443,0.000226,0.000205,0.000165,0.000186,0.000125,1e-06,60.1,4.11,0.0264,8e-06,60.0
flk_35_20,FLK_0035_2p_phBC_fm9p5hz_m06_cond03,flk_sim_35,3,BC,C,train,Flicker,0,SCENARIO_CONTROLLER,9.5,0.06,0.0539,9.5,0.622063,0.920232,1.479323,0.0215,23.2,60.0,60.0437,14.97,0.866048,0.000544,0.000158,0.000156,8.2e-05,0.000139,5.4e-05,1.7e-05,0.000103,0.000125,7.6e-05,0.000628,0.000182,0.00018,9.5e-05,6.2e-05,0.000119,8.8e-05,0.0,60.1,3.97,0.0261,6e-06,60.0
flk_35_21,FLK_0035_2p_phBC_fm9p5hz_m06_cond03,flk_sim_35,3,BC,C,train,Flicker,0,SCENARIO_CONTROLLER,9.5,0.06,0.054,9.5,0.621976,0.920232,1.479531,0.0412,20.2,60.0,59.9435,14.97,0.865889,0.000631,0.000301,0.00016,0.000158,0.000125,0.000108,2.5e-05,0.000184,0.000132,0.000148,0.000729,0.000348,0.000185,0.000182,0.000125,0.000212,0.000171,1e-06,60.1,4.1,0.0262,8e-06,60.0
flk_35_22,FLK_0035_2p_phBC_fm9p5hz_m06_cond03,flk_sim_35,3,BC,C,train,Flicker,0,SCENARIO_CONTROLLER,9.5,0.06,0.054,9.5,0.621637,0.920232,1.480338,0.0324,17.2,60.0,59.9435,14.97,0.865378,0.000561,0.000259,0.000127,8.7e-05,2.9e-05,6.2e-05,4.3e-05,0.000141,7.1e-05,9.5e-05,0.000648,0.000299,0.000147,0.000101,7.2e-05,0.000163,0.00011,0.0,60.1,3.95,0.0263,6e-06,60.0
flk_35_23,FLK_0035_2p_phBC_fm9p5hz_m06_cond03,flk_sim_35,3,BC,C,train,Flicker,0,SCENARIO_CONTROLLER,9.5,0.06,0.0541,9.5,0.622022,0.920232,1.47942,0.0804,16.8,60.0,59.9435,15.02,0.86573,0.001173,0.000564,0.000397,0.000302,0.000249,0.000274,0.000226,9.6e-05,0.000144,9.8e-05,0.001355,0.000651,0.000459,0.000349,0.000316,0.000111,0.000113,2e-06,60.11,4.83,0.0266,1.4e-05,60.0
flk_35_24,FLK_0035_2p_phBC_fm9p5hz_m06_cond03,flk_sim_35,3,BC,C,train,Flicker,0,SCENARIO_CONTROLLER,9.5,0.06,0.0549,10.0,0.621649,0.920232,1.480308,0.0716,19.2,60.0,59.8594,15.08,0.864888,0.001189,0.00056,0.000374,0.000231,0.000171,0.000127,0.000131,0.000251,0.000203,4.6e-05,0.001375,0.000647,0.000432,0.000267,0.000147,0.00029,5.3e-05,2e-06,60.1,4.49,0.0272,1.2e-05,60.0
flk_35_25,FLK_0035_2p_phBC_fm9p5hz_m06_cond03,flk_sim_35,3,BC,C,train,Flicker,0,SCENARIO_CONTROLLER,9.5,0.06,0.0549,10.0,0.621678,0.920232,1.480239,0.0886,18.2,60.0,59.8594,15.11,0.864878,0.001266,0.000642,0.00035,0.00034,0.000308,0.000242,0.000177,0.000168,9e-05,0.000238,0.001464,0.000742,0.000405,0.000393,0.00028,0.000194,0.000275,3e-06,60.11,4.73,0.0273,1.5e-05,60.0
flk_35_26,FLK_0035_2p_phBC_fm9p5hz_m06_cond03,flk_sim_35,3,BC,C,train,Flicker,0,SCENARIO_CONTROLLER,9.5,0.06,0.0539,10.0,0.622535,0.920232,1.478201,0.1536,21.2,60.0,59.7513,15.14,0.865674,0.002083,0.001128,0.000834,0.000583,0.00056,0.000393,0.000404,0.000471,0.000345,0.000381,0.002406,0.001303,0.000963,0.000673,0.000454,0.000544,0.00044,8e-06,60.14,6.44,0.0279,3.7e-05,60.0
flk_35_27,FLK_0035_2p_phBC_fm9p5hz_m06_cond03,flk_sim_35,3,BC,C,train,Flicker,0,SCENARIO_CONTROLLER,9.5,0.06,0.0579,10.0,0.621662,0.920232,1.480277,0.064,24.2,60.0,59.8034,15.21,0.864251,0.001311,0.000518,0.000333,0.000169,0.000208,9.3e-05,0.000103,8.5e-05,0.000135,0.000137,0.001517,0.000599,0.000385,0.000196,0.000108,9.8e-05,0.000159,2e-06,60.09,4.25,0.0283,1e-05,60.0
flk_35_28,FLK_0035_2p_phBC_fm9p5hz_m06_cond03,flk_sim_35,3,BC,C,train,Flicker,0,SCENARIO_CONTROLLER,9.5,0.06,0.0562,10.0,0.622498,0.920232,1.478291,0.1606,27.2,60.0,59.8034,15.27,0.865353,0.00215,0.001144,0.000807,0.000666,0.000516,0.000424,0.000394,0.000279,0.000285,0.000206,0.002485,0.001322,0.000933,0.00077,0.00049,0.000322,0.000238,8e-06,60.13,6.15,0.0284,3.4e-05,60.0
flk_35_29,FLK_0035_2p_phBC_fm9p5hz_m06_cond03,flk_sim_35,3,BC,C,train,Flicker,0,SCENARIO_CONTROLLER,9.5,0.06,0.0559,10.0,0.622856,0.920232,1.477439,0.1631,27.4,60.0,59.7927,15.32,0.865735,0.002261,0.00117,0.000873,0.000639,0.000568,0.000466,0.000386,0.000399,0.000405,0.000237,0.002612,0.001351,0.001008,0.000738,0.000538,0.000461,0.000274,9e-06,60.14,6.86,0.0286,4.2e-05,60.0
flk_35_30,FLK_0035_2p_phBC_fm9p5hz_m06_cond03,flk_sim_35,3,BC,C,train,Flicker,0,SCENARIO_CONTROLLER,9.5,0.06,0.0587,10.0,0.621989,0.920232,1.479499,0.0618,29.4,60.0,59.7927,15.24,0.864535,0.00128,0.000493,0.000282,0.000186,4e-05,8.9e-05,8.9e-05,6.3e-05,3.7e-05,0.000129,0.001481,0.00057,0.000326,0.000215,0.000103,7.3e-05,0.000149,2e-06,60.09,4.21,0.0285,9e-06,60.0
flk_35_31,FLK_0035_2p_phBC_fm9p5hz_m06_cond03,flk_sim_35,3,BC,C,train,Flicker,0,SCENARIO_CONTROLLER,9.5,0.06,0.0554,10.0,0.623201,0.920232,1.476621,0.1848,30.2,60.0,59.7927,15.3,0.866322,0.0023,0.001311,0.000894,0.000772,0.000479,0.000496,0.000463,0.000495,0.000364,0.000367,0.002655,0.001513,0.001032,0.000891,0.000573,0.000571,0.000424,1e-05,60.14,6.7,0.0284,4.2e-05,60.0
flk_35_32,FLK_0035_2p_phBC_fm9p5hz_m06_cond03,flk_sim_35,3,BC,C,train,Flicker,0,SCENARIO_CONTROLLER,9.5,0.06,0.0543,9.5,0.622757,0.920232,1.477675,0.117,30.2,60.0,59.8186,15.2,0.866012,0.001666,0.000788,0.000563,0.000525,0.000293,0.000359,0.000243,0.000141,0.000291,0.000225,0.001924,0.00091,0.00065,0.000606,0.000415,0.000163,0.00026,4e-06,60.11,5.46,0.0279,2.1e-05,60.0
flk_36_01,FLK_0036_2p_phCA_fm8p8hz_m06_cond04,flk_sim_36,4,CA,A,train,Flicker,0,SCENARIO_CONTROLLER,8.8,0.06,0.0515,9.0,0.616299,0.905591,1.469402,0.0978,0.0,60.0,60.1554,15.48,0.859339,0.001937,0.000697,0.000508,0.000351,0.000365,0.000313,0.000335,0.000176,0.000324,0.000254,0.002254,0.000811,0.000591,0.000408,0.000364,0.000205,0.000296,5e-06,60.09,4.99,0.0263,1.9e-05,60.0
flk_36_02,FLK_0036_2p_phCA_fm8p8hz_m06_cond04,flk_sim_36,4,CA,C,train,Flicker,0,SCENARIO_CONTROLLER,8.8,0.06,0.0542,9.0,0.610713,0.886678,1.451875,0.1594,0.0,60.0,60.2131,14.84,0.849551,0.002358,0.001195,0.000658,0.000536,0.00047,0.000345,0.000308,0.000226,0.00017,0.000212,0.002776,0.001407,0.000775,0.000631,0.000406,0.000266,0.00025,8e-06,60.11,5.44,0.0299,2.4e-05,60.0
flk_36_03,FLK_0036_2p_phCA_fm8p8hz_m06_cond04,flk_sim_36,4,CA,C,train,Flicker,0,SCENARIO_CONTROLLER,8.8,0.06,0.0552,8.5,0.61042,0.886678,1.452571,0.2327,0.0,60.0,60.2131,14.83,0.848977,0.003075,0.001743,0.001123,0.000775,0.000597,0.000515,0.000503,0.00048,0.000444,0.000369,0.003622,0.002053,0.001323,0.000913,0.000607,0.000565,0.000435,1.6e-05,60.15,7.58,0.0303,6.1e-05,60.0
flk_36_04,FLK_0036_2p_phCA_fm8p8hz_m06_cond04,flk_sim_36,4,CA,A,train,Flicker,0,SCENARIO_CONTROLLER,8.8,0.06,0.0527,8.5,0.618016,0.905591,1.465321,0.0996,0.0,60.0,60.284,15.12,0.860635,0.002199,0.000774,0.000446,0.000189,0.000135,0.000315,3.7e-05,0.000252,0.00018,4.8e-05,0.002555,0.000899,0.000518,0.00022,0.000366,0.000293,5.6e-05,6e-06,60.06,4.39,0.0285,1e-05,60.0
flk_36_05,FLK_0036_2p_phCA_fm8p8hz_m06_cond04,flk_sim_36,4,CA,C,train,Flicker,0,SCENARIO_CONTROLLER,8.8,0.06,0.0553,8.5,0.612956,0.886678,1.44656,0.1396,0.0,60.0,60.3294,14.49,0.851504,0.002625,0.001102,0.000529,0.000355,0.000162,0.00027,0.000137,0.000175,0.000122,7.8e-05,0.003083,0.001294,0.000621,0.000417,0.000317,0.000206,9.2e-05,9e-06,60.07,4.27,0.0321,1.1e-05,60.0
flk_36_06,FLK_0036_2p_phCA_fm8p8hz_m06_cond04,flk_sim_36,4,CA,A,train,Flicker,0,SCENARIO_CONTROLLER,8.8,0.06,0.0539,8.5,0.616973,0.905591,1.467798,0.3241,0.0,60.0,60.3487,14.74,0.858278,0.004328,0.00223,0.001504,0.00131,0.00099,0.001024,0.00087,0.000689,0.000704,0.000629,0.005043,0.002598,0.001752,0.001526,0.001193,0.000803,0.000733,3.2e-05,60.19,10.74,0.0303,0.000136,60.0
flk_36_07,FLK_0036_2p_phCA_fm8p8hz_m06_cond04,flk_sim_36,4,CA,A,train,Flicker,0,SCENARIO_CONTROLLER,8.8,0.06,0.0557,8.5,0.618258,0.905591,1.464746,0.156,0.0,60.0,60.3487,14.83,0.860105,0.003011,0.001156,0.000754,0.000438,0.000507,0.000523,0.000426,0.000417,0.000153,0.000127,0.003501,0.001344,0.000877,0.000509,0.000608,0.000485,0.000148,1.2e-05,60.07,5.76,0.0301,2.5e-05,60.0
flk_36_08,FLK_0036_2p_phCA_fm8p8hz_m06_cond04,flk_sim_36,4,CA,A,train,Flicker,0,SCENARIO_CONTROLLER,8.8,0.06,0.0506,8.5,0.615661,0.905591,1.470925,0.4205,0.0,60.0,60.3487,14.71,0.856234,0.0053,0.002948,0.001983,0.001611,0.001427,0.001295,0.000834,0.000712,0.000881,0.000634,0.00619,0.003443,0.002316,0.001881,0.001512,0.000832,0.00074,4.9e-05,60.3,13.5,0.0307,0.000221,60.0
flk_36_09,FLK_0036_2p_phCA_fm8p8hz_m06_cond04,flk_sim_36,4,CA,A,train,Flicker,0,SCENARIO_CONTROLLER,8.8,0.06,0.0607,8.5,0.616787,0.905591,1.468241,0.2375,0.0,60.0,60.3303,14.87,0.85806,0.003551,0.00171,0.001275,0.000975,0.000826,0.000526,0.000618,0.000581,0.000532,0.000314,0.004138,0.001993,0.001486,0.001136,0.000613,0.000677,0.000366,2e-05,60.12,8.24,0.0302,7.3e-05,60.0
flk_36_10,FLK_0036_2p_phCA_fm8p8hz_m06_cond04,flk_sim_36,4,CA,C,train,Flicker,0,SCENARIO_CONTROLLER,8.8,0.06,0.0566,8.5,0.612256,0.886678,1.448214,0.2318,0.0,60.0,60.33,14.46,0.850403,0.003614,0.001658,0.001249,0.000888,0.00081,0.000591,0.000498,0.000511,0.00038,0.000387,0.00425,0.00195,0.001469,0.001044,0.000695,0.000601,0.000455,2e-05,60.14,8.12,0.0324,7.4e-05,60.0
flk_36_11,FLK_0036_2p_phCA_fm8p8hz_m06_cond04,flk_sim_36,4,CA,A,train,Flicker,0,SCENARIO_CONTROLLER,8.8,0.06,0.0551,9.0,0.614097,0.905591,1.474671,0.3481,0.0,60.0,60.2321,15.21,0.854717,0.004543,0.002563,0.001856,0.001291,0.001138,0.000786,0.000846,0.000858,0.000811,0.000692,0.005315,0.002999,0.002171,0.00151,0.00092,0.001004,0.00081,3.7e-05,60.25,12.2,0.0295,0.000175,60.0
flk_36_12,FLK_0036_2p_phCA_fm8p8hz_m06_cond04,flk_sim_36,4,CA,A,train,Flicker,0,SCENARIO_CONTROLLER,8.8,0.06,0.0714,9.0,0.615212,0.905591,1.471999,0.11,0.0,60.0,60.2428,15.21,0.856857,0.002325,0.000855,0.00049,0.000379,0.000296,0.000116,0.000154,9.2e-05,0.000176,0.000194,0.002713,0.000998,0.000572,0.000442,0.000135,0.000107,0.000226,7e-06,60.07,5.02,0.0282,1.6e-05,60.0
flk_36_13,FLK_0036_2p_phCA_fm8p8hz_m06_cond04,flk_sim_36,4,CA,C,train,Flicker,0,SCENARIO_CONTROLLER,8.8,0.06,0.0592,9.0,0.610876,0.886678,1.451487,0.097,0.0,60.0,60.2123,14.85,0.84976,0.002076,0.000742,0.000391,0.000327,0.000255,0.000149,0.00015,8.6e-05,0.000166,0.000107,0.002443,0.000873,0.00046,0.000385,0.000175,0.000101,0.000126,5e-06,60.09,4.4,0.0299,1.2e-05,60.0
flk_36_14,FLK_0036_2p_phCA_fm8p8hz_m06_cond04,flk_sim_36,4,CA,A,train,Flicker,0,SCENARIO_CONTROLLER,8.8,0.06,0.0563,9.0,0.612397,0.905591,1.478764,0.1919,0.0,60.0,60.0985,15.49,0.85369,0.00259,0.001414,0.000939,0.000706,0.000514,0.000431,0.000545,0.000464,0.000478,0.000308,0.003034,0.001656,0.0011,0.000827,0.000505,0.000544,0.000361,1.1e-05,60.13,7.2,0.0267,5e-05,60.0
flk_36_15,FLK_0036_2p_phCA_fm8p8hz_m06_cond04,flk_sim_36,4,CA,A,train,Flicker,0,SCENARIO_CONTROLLER,8.8,0.06,0.0628,9.0,0.612789,0.905591,1.477818,0.0688,0.0,60.0,60.0985,15.51,0.854495,0.001453,0.000525,0.000365,0.000217,0.000205,0.000154,0.000183,7e-05,0.000155,0.000135,0.0017,0.000614,0.000427,0.000254,0.00018,8.2e-05,0.000158,3e-06,60.08,4.39,0.0261,1e-05,60.0
flk_36_16,FLK_0036_2p_phCA_fm8p8hz_m06_cond04,flk_sim_36,4,CA,A,train,Flicker,0,SCENARIO_CONTROLLER,8.8,0.06,0.0521,9.0,0.611507,0.905591,1.480916,0.1132,0.0,60.0,60.0985,15.49,0.852838,0.001642,0.000758,0.000543,0.000503,0.000406,0.000324,0.000181,0.000335,0.000325,0.000208,0.001925,0.000889,0.000637,0.00059,0.00038,0.000393,0.000244,4e-06,60.1,5.41,0.0258,2.1e-05,60.0
flk_36_17,FLK_0036_2p_phCA_fm8p8hz_m06_cond04,flk_sim_36,4,CA,A,train,Flicker,0,SCENARIO_CONTROLLER,8.8,0.06,0.0513,9.0,0.611161,0.905591,1.481755,0.055,0.0,60.0,59.9463,15.52,0.852554,0.00098,0.000417,0.000267,7.6e-05,0.000165,0.0002,3.6e-05,0.000141,9.8e-05,9.4e-05,0.001149,0.000489,0.000313,8.9e-05,0.000235,0.000165,0.00011,1e-06,60.09,4.2,0.0253,7e-06,60.0
flk_36_18,FLK_0036_2p_phCA_fm8p8hz_m06_cond04,flk_sim_36,4,CA,A,train,Flicker,0,SCENARIO_CONTROLLER,8.8,0.06,0.0518,9.0,0.610578,0.905591,1.483171,0.0705,0.0,60.0,59.9463,15.51,0.851652,0.001186,0.000514,0.000243,0.000216,0.000237,0.000223,0.000139,0.000112,0.000204,0.000156,0.001393,0.000604,0.000285,0.000254,0.000262,0.000132,0.000183,2e-06,60.09,4.39,0.0255,1e-05,60.0
flk_36_19,FLK_0036_2p_phCA_fm8p8hz_m06_cond04,flk_sim_36,4,CA,A,train,Flicker,0,SCENARIO_CONTROLLER,8.8,0.06,0.0517,8.5,0.610701,0.905591,1.482871,0.0941,0.0,60.0,59.9463,15.54,0.851739,0.001582,0.000694,0.000618,0.000399,0.000228,4.4e-05,0.000228,0.000271,9.8e-05,0.000164,0.001857,0.000815,0.000726,0.000468,5.2e-05,0.000318,0.000193,4e-06,60.1,5.1,0.0257,1.7e-05,60.0
flk_36_20,FLK_0036_2p_phCA_fm8p8hz_m06_cond04,flk_sim_36,4,CA,A,train,Flicker,0,SCENARIO_CONTROLLER,8.8,0.06,0.0519,9.0,0.610563,0.905591,1.483206,0.1663,0.0,60.0,59.8161,15.3,0.851005,0.002425,0.001209,0.000736,0.00059,0.000414,0.000441,0.000403,0.000244,0.00036,0.000226,0.00285,0.001421,0.000865,0.000693,0.000518,0.000287,0.000266,9e-06,60.11,6.45,0.0269,3.7e-05,60.0
flk_36_21,FLK_0036_2p_phCA_fm8p8hz_m06_cond04,flk_sim_36,4,CA,A,train,Flicker,0,SCENARIO_CONTROLLER,8.8,0.06,0.0521,9.0,0.609754,0.905591,1.485174,0.1006,0.0,60.0,59.8161,15.28,0.849744,0.001869,0.000787,0.000519,0.000313,0.000262,0.000116,0.000159,0.000106,6.3e-05,0.000175,0.002199,0.000926,0.000611,0.000368,0.000137,0.000125,0.000206,5e-06,60.08,4.58,0.0272,1.3e-05,60.0
flk_36_22,FLK_0036_2p_phCA_fm8p8hz_m06_cond04,flk_sim_36,4,CA,A,train,Flicker,0,SCENARIO_CONTROLLER,8.8,0.06,0.0512,9.0,0.611506,0.905591,1.480919,0.2834,0.0,60.0,59.8161,15.37,0.851694,0.003747,0.001953,0.001359,0.001176,0.000969,0.000794,0.000635,0.000651,0.000509,0.000601,0.004399,0.002293,0.001596,0.001381,0.000932,0.000764,0.000706,2.4e-05,60.19,10.06,0.0283,0.000113,60.0
flk_36_23,FLK_0036_2p_phCA_fm8p8hz_m06_cond04,flk_sim_36,4,CA,A,train,Flicker,0,SCENARIO_CONTROLLER,8.8,0.06,0.0532,9.0,0.610414,0.905591,1.483568,0.2207,0.0,60.0,59.7234,15.02,0.849518,0.002996,0.001557,0.000995,0.000764,0.000613,0.000711,0.000498,0.000445,0.000451,0.000436,0.003527,0.001833,0.001171,0.000899,0.000837,0.000524,0.000513,1.5e-05,60.11,7.28,0.0295,5.3e-05,60.0
flk_36_24,FLK_0036_2p_phCA_fm8p8hz_m06_cond04,flk_sim_36,4,CA,C,train,Flicker,0,SCENARIO_CONTROLLER,8.8,0.06,0.0545,9.0,0.605955,0.886207,1.462497,0.2492,0.0,60.0,59.6818,14.4,0.841217,0.003596,0.001791,0.001159,0.000914,0.00079,0.000595,0.000517,0.000493,0.000332,0.00035,0.004275,0.002129,0.001378,0.001087,0.000707,0.000586,0.000416,2e-05,60.14,7.89,0.0332,6.9e-05,60.0
flk_36_25,FLK_0036_2p_phCA_fm8p8hz_m06_cond04,flk_sim_36,4,CA,C,train,Flicker,0,SCENARIO_CONTROLLER,8.8,0.06,0.0542,9.0,0.606004,0.886207,1.462377,0.2359,0.0,60.0,59.6818,14.42,0.841219,0.003709,0.001657,0.001126,0.00087,0.000775,0.000658,0.000555,0.000527,0.000501,0.000438,0.004409,0.00197,0.001339,0.001034,0.000782,0.000626,0.000521,2.1e-05,60.15,8.4,0.0333,8.2e-05,60.0
flk_36_26,FLK_0036_2p_phCA_fm8p8hz_m06_cond04,flk_sim_36,4,CA,A,train,Flicker,0,SCENARIO_CONTROLLER,8.8,0.06,0.0627,9.0,0.610644,0.905591,1.483009,0.1688,0.0,60.0,59.6775,14.82,0.849106,0.003016,0.001261,0.000787,0.000521,0.000469,0.00044,0.000244,0.000335,0.000275,7.5e-05,0.003552,0.001485,0.000927,0.000614,0.000518,0.000395,8.8e-05,1.2e-05,60.06,5.4,0.0308,2.1e-05,60.0
flk_36_27,FLK_0036_2p_phCA_fm8p8hz_m06_cond04,flk_sim_36,4,CA,A,train,Flicker,0,SCENARIO_CONTROLLER,8.8,0.06,0.0582,9.0,0.612313,0.905591,1.478967,0.35,0.0,60.0,59.6775,14.87,0.851441,0.004587,0.002456,0.001685,0.001274,0.001002,0.001108,0.000784,0.000647,0.000593,0.000675,0.005387,0.002885,0.001979,0.001496,0.001301,0.00076,0.000793,3.6e-05,60.21,11.19,0.0309,0.000153,60.0
flk_36_28,FLK_0036_2p_phCA_fm8p8hz_m06_cond04,flk_sim_36,4,CA,A,train,Flicker,0,SCENARIO_CONTROLLER,8.8,0.06,0.0547,9.0,0.61321,0.905591,1.476804,0.3503,0.0,60.0,59.6956,15.0,0.852907,0.004626,0.002466,0.001897,0.001359,0.001119,0.000998,0.000914,0.000902,0.000754,0.00074,0.005424,0.002891,0.002224,0.001593,0.00117,0.001058,0.000868,3.8e-05,60.24,11.97,0.0305,0.000177,60.0
flk_36_29,FLK_0036_2p_phCA_fm8p8hz_m06_cond04,flk_sim_36,4,CA,A,train,Flicker,0,SCENARIO_CONTROLLER,8.8,0.06,0.0629,9.0,0.611397,0.905591,1.481183,0.135,0.0,60.0,59.6956,14.86,0.850507,0.002497,0.001042,0.000466,0.000358,0.00014,0.000323,0.000196,0.000239,2.4e-05,6.2e-05,0.002936,0.001225,0.000548,0.000421,0.00038,0.000281,7.3e-05,8e-06,60.05,4.62,0.0301,1.2e-05,60.0
flk_36_30,FLK_0036_2p_phCA_fm8p8hz_m06_cond04,flk_sim_36,4,CA,A,train,Flicker,0,SCENARIO_CONTROLLER,8.8,0.06,0.0563,9.0,0.613707,0.905591,1.475608,0.3424,0.0,60.0,59.6956,14.95,0.854028,0.004398,0.002417,0.001782,0.001343,0.001031,0.00095,0.000747,0.000657,0.000674,0.000478,0.00515,0.00283,0.002087,0.001573,0.001112,0.000769,0.00056,3.4e-05,60.23,11.43,0.0297,0.000156,60.0
flk_36_31,FLK_0036_2p_phCA_fm8p8hz_m06_cond04,flk_sim_36,4,CA,A,train,Flicker,0,SCENARIO_CONTROLLER,8.8,0.06,0.0539,9.0,0.613181,0.905591,1.476874,0.2132,0.0,60.0,59.7746,15.23,0.854033,0.003222,0.001578,0.000979,0.000818,0.000616,0.000395,0.000565,0.000488,0.000517,0.000289,0.003773,0.001848,0.001146,0.000958,0.000463,0.000571,0.000338,1.6e-05,60.13,7.76,0.0283,6.5e-05,60.0
flk_36_32,FLK_0036_2p_phCA_fm8p8hz_m06_cond04,flk_sim_36,4,CA,A,train,Flicker,0,SCENARIO_CONTROLLER,8.8,0.06,0.0556,9.0,0.612672,0.905591,1.4781,0.1469,0.0,60.0,59.7746,15.14,0.853443,0.002467,0.001109,0.000722,0.000505,0.000445,0.000293,0.000354,0.000151,0.000184,0.000325,0.002891,0.001299,0.000846,0.000592,0.000343,0.000177,0.000381,9e-06,60.09,5.54,0.028,2.5e-05,60.0
